date,actual,predicted,lower_90,upper_90,residual,fold,category
2018-05-31,2.70805020110221,3.0345299026186487,2.4492906815952438,3.5902989612329104,-0.3264797015164387,1,bed_bath_table
2018-06-01,2.9444389791664403,2.9486745083996055,2.3591854738837315,3.574905085475592,-0.0042355292331652805,1,bed_bath_table
2018-06-02,2.9444389791664403,2.8082233829935124,2.2324877034457224,3.395375606175051,0.1362155961729279,1,bed_bath_table
2018-06-03,3.044522437723423,2.802885602540894,2.2038616779374203,3.412443451908357,0.2416368351825291,1,bed_bath_table
2018-06-04,3.4011973816621555,2.988655562570512,2.3947077067990317,3.548022851494369,0.41254181909164345,1,bed_bath_table
2018-06-05,3.4965075614664802,2.969338132480281,2.394230739986159,3.544097998797026,0.5271694289861992,1,bed_bath_table
2018-06-06,3.3322045101752042,2.8910136296502267,2.3276965898142237,3.4896927625848937,0.44119088052497757,1,bed_bath_table
2018-06-07,3.526360524616161,2.8306586833268548,2.2385799970541553,3.4022240706818994,0.6957018412893063,1,bed_bath_table
2018-06-08,2.8903717578961645,2.736843272799723,2.2004351531753557,3.3652349912352895,0.15352848509644135,1,bed_bath_table
2018-06-09,3.367295829986474,2.591299961166279,1.9747639896207565,3.152310556789307,0.7759958688201953,1,bed_bath_table
2018-06-10,3.4965075614664802,2.5840151977335717,1.9513852106945555,3.1682861553715806,0.9124923637329085,1,bed_bath_table
2018-06-11,3.526360524616161,2.7711910570243634,2.2135598650028054,3.3450083874321934,0.7551694675917977,1,bed_bath_table
2018-06-12,3.295836866004329,2.7567626181217406,2.1934291933117454,3.3587360067160112,0.5390742478825885,1,bed_bath_table
2018-06-13,3.3322045101752042,2.6868571985661003,2.10170167182815,3.2659552223307236,0.645347311609104,1,bed_bath_table
2018-06-14,3.5553480614894135,2.638411710096843,2.032421958020443,3.223172146758048,0.9169363513925703,1,bed_bath_table
2018-06-15,2.8903717578961645,2.559868554573364,1.9677553761595745,3.087890268899233,0.3305032033228006,1,bed_bath_table
2018-06-16,3.2188758248682006,2.4327461473381717,1.8356747096253858,3.002981329188744,0.7861296775300288,1,bed_bath_table
2018-06-17,3.091042453358316,2.4467339367107312,1.889485963765357,3.009817229592614,0.6443085166475848,1,bed_bath_table
2018-06-18,3.6109179126442243,2.657660212429599,2.1168285724413187,3.275091161211176,0.9532577002146252,1,bed_bath_table
2018-06-19,3.4011973816621555,2.669017762510208,2.0830029042719485,3.271581105819545,0.7321796191519474,1,bed_bath_table
2018-06-20,3.663561646129646,2.626433383053099,2.0487102292773676,3.233192554031535,1.0371282630765468,1,bed_bath_table
2018-06-21,3.295836866004329,2.6062972388962384,1.9799926455591412,3.163322113907603,0.6895396271080907,1,bed_bath_table
2018-06-22,2.833213344056216,2.5564721717653427,1.9622029257457343,3.167480242134499,0.27674117229087347,1,bed_bath_table
2018-06-23,2.9444389791664403,2.4578786783182043,1.8511784303255168,3.0369301419836585,0.486560300848236,1,bed_bath_table
2018-06-24,3.4339872044851463,2.499605029070291,1.946801275296184,3.095595735306208,0.9343821754148554,1,bed_bath_table
2018-06-25,2.833213344056216,2.73689040191552,2.1457986631020267,3.345879989722221,0.09632294214069637,1,bed_bath_table
2018-06-26,3.713572066704308,2.7726656612713256,2.201621364184544,3.3378894011158797,0.9409064054329823,1,bed_bath_table
2018-06-27,2.833213344056216,2.7520373621033607,2.1292449475178934,3.3432990256327324,0.08117598195285547,1,bed_bath_table
2018-06-28,3.465735902799727,2.750930566921124,2.1418679708440616,3.328781715714908,0.7148053358786028,1,bed_bath_table
2018-06-29,2.9957322735539904,2.7168101901785926,2.1412719031466256,3.3029188925873405,0.2789220833753978,1,bed_bath_table
2018-06-30,2.6390573296152584,3.0969885837536193,2.4994020907907863,3.670098379471331,-0.4579312541383609,2,bed_bath_table
2018-07-01,2.9957322735539904,3.1455849090222694,2.55268688792942,3.71706299424334,-0.14985263546827898,2,bed_bath_table
2018-07-02,2.9957322735539904,3.3731044597085793,2.783759674055352,3.989907900467612,-0.3773721861545889,2,bed_bath_table
2018-07-03,3.2188758248682006,3.4090944161469254,2.8353775055555412,4.026337679077903,-0.19021859127872487,2,bed_bath_table
2018-07-04,3.6375861597263857,3.3737546137888033,2.7718361235313353,3.9366182808665497,0.2638315459375824,2,bed_bath_table
2018-07-05,3.091042453358316,3.366977277438101,2.7997519800549213,3.9421112462050196,-0.27593482407978476,2,bed_bath_table
2018-07-06,2.0794415416798357,3.2985129529407176,2.69325285896131,3.868730361687732,-1.2190714112608818,2,bed_bath_table
2018-07-07,2.1972245773362196,3.216087009333141,2.6590196742393926,3.7984455864516966,-1.0188624319969213,2,bed_bath_table
2018-07-08,2.302585092994046,3.2558045771058395,2.670249375379823,3.8481185854928275,-0.9532194841117936,2,bed_bath_table
2018-07-09,2.4849066497880004,3.472546362980898,2.932237536016959,4.038468946198716,-0.9876397131928978,2,bed_bath_table
2018-07-10,2.302585092994046,3.4961298398798104,2.910608661930589,4.028792318462484,-1.1935447468857645,2,bed_bath_table
2018-07-11,2.302585092994046,3.447061350513158,2.8582756207104856,4.02009859380836,-1.1444762575191123,2,bed_bath_table
2018-07-12,2.0794415416798357,3.4255665610369497,2.8171017111030987,4.026511363697803,-1.346125019357114,2,bed_bath_table
2018-07-13,2.1972245773362196,3.3417463879809888,2.7167213732155093,3.9287281899201143,-1.1445218106447692,2,bed_bath_table
2018-07-14,2.9957322735539904,3.243683079624308,2.6886071907306883,3.8305011981866133,-0.2479508060703175,2,bed_bath_table
2018-07-15,2.833213344056216,3.2678346380265677,2.6656379714992178,3.835544472071461,-0.43462129397035154,2,bed_bath_table
2018-07-16,2.9957322735539904,3.4694203451992367,2.9002825386463913,4.0637932194320845,-0.4736880716452463,2,bed_bath_table
2018-07-17,3.2188758248682006,3.478572207755448,2.8919108606186112,4.078775602509616,-0.2596963828872476,2,bed_bath_table
2018-07-18,3.784189633918261,3.4160781569945105,2.82320177979703,4.022741347756572,0.36811147692375057,2,bed_bath_table
2018-07-19,3.526360524616161,3.3824047130098145,2.8142794454968962,3.9946089506792966,0.14395581160634663,2,bed_bath_table
2018-07-20,2.8903717578961645,3.2878464733755566,2.7022651234887096,3.870119640598692,-0.39747471547939206,2,bed_bath_table
2018-07-21,2.6390573296152584,3.18062730276034,2.5948389757595804,3.7378505370473856,-0.5415699731450814,2,bed_bath_table
2018-07-22,3.526360524616161,3.1972915565832563,2.6298595444995643,3.770231750969695,0.32906896803290486,2,bed_bath_table
2018-07-23,3.295836866004329,3.393088196225324,2.8297452980896973,3.9698262527963553,-0.09725133022099497,2,bed_bath_table
2018-07-24,3.1780538303479458,3.398122648264313,2.793294412419138,3.9607704718900703,-0.22006881791636745,2,bed_bath_table
2018-07-25,3.044522437723423,3.333102225665919,2.7685858875829554,3.91470514017254,-0.28857978794249606,2,bed_bath_table
2018-07-26,3.091042453358316,3.298362743786542,2.726312578103793,3.833869859749185,-0.20732029042822608,2,bed_bath_table
2018-07-27,3.2188758248682006,3.2040235615510113,2.6459124465673103,3.7639852182089997,0.014852263317189252,2,bed_bath_table
2018-07-28,2.8903717578961645,3.098095743396118,2.50843907523229,3.6973620100012465,-0.2077239854999533,2,bed_bath_table
2018-07-29,2.9957322735539904,3.116881449282387,2.5130831693749243,3.6967410350449845,-0.12114917572839667,2,bed_bath_table
2018-07-30,3.4965075614664802,3.1159133528994607,2.5599249377328808,3.736799443236341,0.38059420856701953,3,bed_bath_table
2018-07-31,3.4339872044851463,3.127298407134492,2.548603756153546,3.733740219224215,0.30668879735065424,3,bed_bath_table
2018-08-01,3.1354942159291497,3.077023739190288,2.4665413187909975,3.6694076485473777,0.05847047673886152,3,bed_bath_table
2018-08-02,3.295836866004329,3.03272306663877,2.4192481017255894,3.5952336881677276,0.26311379936555923,3,bed_bath_table
2018-08-03,3.2188758248682006,2.924228125514654,2.3011408823368114,3.537307655734206,0.2946476993535465,3,bed_bath_table
2018-08-04,3.465735902799727,2.8159048115986267,2.2529814567657285,3.421906835697396,0.6498310912011003,3,bed_bath_table
2018-08-05,3.4965075614664802,2.839555459905984,2.2246097249062693,3.4508387453676255,0.6569521015604964,3,bed_bath_table
2018-08-06,3.3322045101752042,3.018738068608828,2.4056683481687027,3.6296592083776913,0.3134664415663764,3,bed_bath_table
2018-08-07,3.526360524616161,3.0148043833326703,2.362167642102837,3.595922814096834,0.5115561412834908,3,bed_bath_table
2018-08-08,3.6888794541139363,2.9493102249408234,2.37070536614891,3.543975364740467,0.7395692291731129,3,bed_bath_table
2018-08-09,3.6375861597263857,2.8901562354159394,2.294417459184367,3.4852847849358017,0.7474299243104463,3,bed_bath_table
2018-08-10,3.091042453358316,2.7674537590613184,2.216766410669431,3.352329812495994,0.32358869429699766,3,bed_bath_table
2018-08-11,3.2188758248682006,2.6458550655494277,2.0560205843257324,3.244257897167015,0.5730207593187728,3,bed_bath_table
2018-08-12,2.5649493574615367,2.6574490975492226,2.066705345473752,3.225618928841039,-0.09249974008768591,3,bed_bath_table
2018-08-13,3.6888794541139363,2.826073704356536,2.2491188693250455,3.4430868496095655,0.8628057497574004,3,bed_bath_table
2018-08-14,3.465735902799727,2.8133464545975384,2.2099845229489494,3.4011075032638978,0.6523894482021886,3,bed_bath_table
2018-08-15,3.4339872044851463,2.741067605617535,2.148021694158153,3.3013039531936954,0.6929195988676113,3,bed_bath_table
2018-08-16,3.6375861597263857,2.6773536107120974,2.1051660684665183,3.248581449773544,0.9602325490142882,3,bed_bath_table
2018-08-17,3.2188758248682006,2.552496094225375,1.973132630063048,3.1488760847482324,0.6663797306428254,3,bed_bath_table
2018-08-18,3.3322045101752042,2.431285713854735,1.8420394300165424,3.0252827704500116,0.9009187963204695,3,bed_bath_table
2018-08-19,3.1780538303479458,2.4459022993088224,1.8687071155783994,3.084583506385899,0.7321515310391233,3,bed_bath_table
2018-08-20,3.258096538021482,2.6202224223103485,2.0261997297845546,3.231696649804162,0.6378741157111336,3,bed_bath_table
2018-08-21,3.367295829986474,2.6158466655138795,2.041057707236741,3.2082276854858245,0.7514491644725947,3,bed_bath_table
2018-08-22,3.044522437723423,2.554500317480471,1.9962259390342376,3.1463832439446597,0.4900221202429522,3,bed_bath_table
2018-08-23,2.5649493574615367,2.504165994148373,1.9513108520457103,3.0959867839726463,0.06078336331316381,3,bed_bath_table
2018-08-24,2.0794415416798357,2.3949432012938985,1.8270823756279302,3.0401684409496093,-0.31550165961406273,3,bed_bath_table
2018-08-25,2.1972245773362196,2.2913743033093175,1.7514494589513507,2.8912152735397276,-0.0941497259730979,3,bed_bath_table
2018-08-26,1.6094379124341003,2.325338292333131,1.7511974849525616,2.964539375319697,-0.7159003798990307,3,bed_bath_table
2018-08-27,2.0794415416798357,2.520363475014929,1.923270158001735,3.1046938023380313,-0.4409219333350931,3,bed_bath_table
2018-08-28,1.791759469228055,2.537661263892072,1.9528025140382106,3.1628699103408677,-0.7459017946640172,3,bed_bath_table
2018-06-01,2.772588722239781,2.6824899746188264,2.07174392533254,3.29096114253437,0.09009874762095471,1,health_beauty
2018-06-02,2.8903717578961645,2.4395650515300358,1.869053681722363,3.026790769422958,0.45080670636612874,1,health_beauty
2018-06-03,3.295836866004329,2.5466872527462185,1.9288809998964462,3.149946595589177,0.7491496132581106,1,health_beauty
2018-06-04,3.091042453358316,2.7614824065722834,2.164024530944573,3.353577083282039,0.3295600467860327,1,health_beauty
2018-06-05,3.367295829986474,2.7070879008811404,2.0969257288165455,3.3088597642509927,0.6602079291053338,1,health_beauty
2018-06-06,3.367295829986474,2.7196352338411454,2.1567547102398987,3.277224283990969,0.6476605961453288,1,health_beauty
2018-06-07,3.4339872044851463,2.690689843765419,2.1056266892607725,3.3223467671616644,0.7432973607197271,1,health_beauty
2018-06-08,3.6375861597263857,2.606327152238091,1.9899772611893587,3.2353858956549075,1.0312590074882948,1,health_beauty
2018-06-09,2.9957322735539904,2.370568721996268,1.7079202403180216,2.93547396853231,0.6251635515577223,1,health_beauty
2018-06-10,3.4011973816621555,2.4844396689492068,1.9166939357249428,3.130197549525626,0.9167577127129487,1,health_beauty
2018-06-11,3.5553480614894135,2.7055839901660588,2.0973425527401575,3.2964713670348633,0.8497640713233547,1,health_beauty
2018-06-12,3.6375861597263857,2.6571664081904127,2.104033266929272,3.25477418242335,0.9804197515359729,1,health_beauty
2018-06-13,3.8918202981106265,2.6753521671737395,2.0838507892530638,3.2968130117672434,1.216468130936887,1,health_beauty
2018-06-14,3.663561646129646,2.651744097951104,2.0474623476374534,3.2116378092307376,1.0118175481785419,1,health_beauty
2018-06-15,3.526360524616161,2.5724559816547004,1.9843471637200731,3.1781805575798763,0.9539045429614608,1,health_beauty
2018-06-16,2.772588722239781,2.341546201941909,1.711267340699328,2.924422114234766,0.43104252029787204,1,health_beauty
2018-06-17,2.9444389791664403,2.4600729043518235,1.8475526302789331,3.0461045515185976,0.4843660748146168,1,health_beauty
2018-06-18,3.663561646129646,2.68570739208657,2.116139491487918,3.293294873056258,0.9778542540430757,1,health_beauty
2018-06-19,3.4011973816621555,2.6416344125500917,2.036677177195081,3.2332555985542077,0.7595629691120638,1,health_beauty
2018-06-20,3.58351893845611,2.6640308093509613,2.079398391495144,3.2687055677862835,0.9194881291051487,1,health_beauty
2018-06-21,3.6888794541139363,2.6445018805100986,2.062969508614558,3.2408878920943236,1.0443775736038377,1,health_beauty
2018-06-22,3.044522437723423,2.569154480237805,2.025567826190591,3.160149191677595,0.4753679574856182,1,health_beauty
2018-06-23,3.258096538021482,2.3420308465238575,1.780324338472246,2.9342992711397664,0.9160656914976246,1,health_beauty
2018-06-24,3.663561646129646,2.4641643503535695,1.8747924936096685,3.0170658153722596,1.1993972957760763,1,health_beauty
2018-06-25,3.465735902799727,2.6931938595217386,2.063728705253704,3.241675721270246,0.7725420432779884,1,health_beauty
2018-06-26,3.4011973816621555,2.65226532301033,2.0372262242107357,3.2898813453220854,0.7489320586518255,1,health_beauty
2018-06-27,3.6109179126442243,2.677511992311769,2.1113196941952417,3.281187928860803,0.9334059203324552,1,health_beauty
2018-06-28,3.8501476017100584,2.660492554289603,2.074842602926323,3.2463646829010546,1.1896550474204552,1,health_beauty
2018-06-29,3.091042453358316,2.5872661415800473,1.980366104452556,3.1514655278621957,0.5037763117782688,1,health_beauty
2018-06-30,2.772588722239781,2.361828128688202,1.7323295601112774,3.0020881220920494,0.41076059355157923,1,health_beauty
2018-07-01,2.3978952727983707,3.0993391369711194,2.509657637311459,3.6893411058408945,-0.7014438641727487,2,health_beauty
2018-07-02,3.1780538303479458,3.317776383695486,2.6987035909777592,3.9541119570524765,-0.13972255334754013,2,health_beauty
2018-07-03,3.6375861597263857,3.268735053502551,2.6829271089295257,3.876247672108365,0.3688511062238349,2,health_beauty
2018-07-04,3.5553480614894135,3.2923458022648466,2.7191945345332105,3.881651109178835,0.2630022592245669,2,health_beauty
2018-07-05,3.465735902799727,3.2715474180731094,2.6774068670064026,3.901298550022482,0.19418848472661754,2,health_beauty
2018-07-06,2.772588722239781,3.1804877745445745,2.5995837621828772,3.7898473812156888,-0.4078990523047934,2,health_beauty
2018-07-07,2.9957322735539904,2.9436510974731958,2.3695984927822034,3.5491506072901364,0.052081176080794656,2,health_beauty
2018-07-08,3.1354942159291497,3.077058918177863,2.4663524579333322,3.6769036509189013,0.05843529775128653,2,health_beauty
2018-07-09,3.1780538303479458,3.3022866483833644,2.7222156553528682,3.8968299140327485,-0.12423281803541864,2,health_beauty
2018-07-10,2.8903717578961645,3.2600243850043626,2.655113108309058,3.871990504762688,-0.36965262710819813,2,health_beauty
2018-07-11,2.4849066497880004,3.2901924841088865,2.71271192828755,3.9016684778840096,-0.8052858343208862,2,health_beauty
2018-07-12,2.5649493574615367,3.2755333142519953,2.6548643182117595,3.8715612614260944,-0.7105839567904586,2,health_beauty
2018-07-13,3.367295829986474,3.190016651984327,2.593052295340148,3.752582778566753,0.1772791780021472,2,health_beauty
2018-07-14,3.044522437723423,2.957970781866118,2.3356271524776084,3.5614440477898395,0.08655165585730495,2,health_beauty
2018-07-15,3.4339872044851463,3.095286605227312,2.5033328869639067,3.724433737925875,0.33870059925783425,2,health_beauty
2018-07-16,3.6888794541139363,3.3234366430158286,2.7404398287510894,3.8786877208446673,0.3654428110981076,2,health_beauty
2018-07-17,3.761200115693562,3.2830375115751305,2.6428986317582113,3.8840998570503578,0.4781626041184315,2,health_beauty
2018-07-18,3.761200115693562,3.3139664009397958,2.7309248429181534,3.893203594161693,0.44723371475376617,2,health_beauty
2018-07-19,3.465735902799727,3.2989529752627225,2.6960127782952115,3.938978034991104,0.16678292753700452,2,health_beauty
2018-07-20,3.044522437723423,3.211984185595338,2.6025189650380987,3.8060822270198327,-0.16746174787191492,2,health_beauty
2018-07-21,3.367295829986474,2.9774341011610903,2.3543372588089033,3.556588823997702,0.38986172882538384,2,health_beauty
2018-07-22,2.6390573296152584,3.111266121638377,2.4899055907402112,3.739909230523806,-0.4722087920231184,2,health_beauty
2018-07-23,3.663561646129646,3.335049526345988,2.7027552691738714,3.910574636866756,0.328512119783658,2,health_beauty
2018-07-24,3.367295829986474,3.289519019520858,2.685381205902532,3.90760860854536,0.07777681046561602,2,health_beauty
2018-07-25,3.5553480614894135,3.314687888953052,2.759248066094911,3.920470149199404,0.2406601725363613,2,health_beauty
2018-07-26,3.3322045101752042,3.2934362899362974,2.676077266915719,3.8365289987710405,0.0387682202389068,2,health_beauty
2018-07-27,2.772588722239781,3.199912239233273,2.5780402680942927,3.8135409915382095,-0.4273235169934919,2,health_beauty
2018-07-28,2.70805020110221,2.9586575193314317,2.36660745292199,3.5316979756459457,-0.25060731822922167,2,health_beauty
2018-07-29,2.4849066497880004,3.0858059470097308,2.4878300772144857,3.695429194044816,-0.6008992972217304,2,health_beauty
2018-07-30,3.367295829986474,3.3030960488732264,2.7075919025104036,3.9037762354981687,0.06419978111324776,2,health_beauty
2018-07-31,3.367295829986474,3.245621268002133,2.653873510429925,3.8598621265391984,0.12167456198434135,3,health_beauty
2018-08-01,3.806662489770319,3.257836357274381,2.662980750865253,3.8614394213026517,0.5488261324959383,3,health_beauty
2018-08-02,3.4339872044851463,3.2237085380835904,2.613477908951707,3.8434671267161353,0.2102786664015559,3,health_beauty
2018-08-03,3.784189633918261,3.1175603079783403,2.5583550551695433,3.690764548622615,0.6666293259399207,3,health_beauty
2018-08-04,3.258096538021482,2.8836991947213444,2.2832566353808574,3.4608874543568304,0.37439734330013774,3,health_beauty
2018-08-05,3.6888794541139363,2.9880364859282116,2.394227468827424,3.5730577821378007,0.7008429681857247,3,health_beauty
2018-08-06,3.8918202981106265,3.2234162847306718,2.579274570618545,3.8597521670788626,0.6684040133799547,3,health_beauty
2018-08-07,3.970291913552122,3.1714198308597354,2.565714959021536,3.7895204041294246,0.7988720826923865,3,health_beauty
2018-08-08,3.6888794541139363,3.186775561677707,2.566185512499541,3.7920732530169845,0.5021038924362293,3,health_beauty
2018-08-09,3.5553480614894135,3.1572486693911266,2.5189570268299923,3.772835829430127,0.39809939209828693,3,health_beauty
2018-08-10,3.367295829986474,3.0570838292659577,2.412406052096081,3.6621844157871175,0.31021200072051647,3,health_beauty
2018-08-11,3.091042453358316,2.8304826119875632,2.213251348646341,3.3863789590182245,0.26055984137075283,3,health_beauty
2018-08-12,3.465735902799727,2.943224816406523,2.3585961358236487,3.5576554070946522,0.5225110863932039,3,health_beauty
2018-08-13,3.58351893845611,3.188000566098692,2.618658797880962,3.781949597118004,0.3955183723574178,3,health_beauty
2018-08-14,3.6109179126442243,3.1462180271813867,2.527807810386821,3.7599079924661,0.4646998854628377,3,health_beauty
2018-08-15,3.367295829986474,3.172417137080662,2.5730008808638205,3.804624340169931,0.19487869290581195,3,health_beauty
2018-08-16,3.737669618283368,3.154163014954014,2.5569010180420464,3.7631480969933153,0.5835066033293539,3,health_beauty
2018-08-17,3.737669618283368,3.0654926445547583,2.4598345979617604,3.6889543272624894,0.6721769737286096,3,health_beauty
2018-08-18,3.044522437723423,2.8503962619603116,2.2356771112333695,3.4487872479833888,0.19412617576311142,3,health_beauty
2018-08-19,3.5553480614894135,2.9744426086856612,2.3939514674401514,3.5713675193732355,0.5809054528037523,3,health_beauty
2018-08-20,3.5553480614894135,3.2301148242033233,2.5969363640547605,3.852787143106041,0.3252332372860902,3,health_beauty
2018-08-21,3.4965075614664802,3.1986217733160767,2.649402867725212,3.824118425238403,0.29788578815040356,3,health_beauty
2018-08-22,2.9957322735539904,3.234315144163877,2.629537739297374,3.827025876243976,-0.23858287060988648,3,health_beauty
2018-08-23,3.091042453358316,3.224585942213374,2.62812512808333,3.8832195680191246,-0.13354348885505773,3,health_beauty
2018-08-24,2.5649493574615367,3.1433139343088214,2.5170805108111742,3.7344786168197275,-0.5783645768472847,3,health_beauty
2018-08-25,2.6390573296152584,2.934351447008945,2.3405697485315096,3.5077358521226767,-0.2952941173936865,3,health_beauty
2018-08-26,2.772588722239781,3.0631506596431834,2.4607839006870895,3.6726121000995287,-0.2905619374034023,3,health_beauty
2018-08-27,1.9459101490553132,3.32210115355565,2.754072141862407,3.913746505266168,-1.3761910045003367,3,health_beauty
2018-08-28,2.0794415416798357,3.2923425071960106,2.699465061085039,3.9088601205688813,-1.2129009655161749,3,health_beauty
2018-08-29,2.0794415416798357,3.3281822729686916,2.7246362913314086,3.9242160269614508,-1.2487407312888559,3,health_beauty
2018-06-01,2.5649493574615367,2.26397369580957,1.6635315671286903,2.8753166055347226,0.30097566165196676,1,sports_leisure
2018-06-02,2.1972245773362196,2.0377253576259546,1.4127604776480684,2.6287817576073573,0.15949921971026493,1,sports_leisure
2018-06-03,2.833213344056216,2.1743606106508757,1.6287468494118247,2.800646655836906,0.6588527334053405,1,sports_leisure
2018-06-04,2.70805020110221,2.3951762058341246,1.8204696125031128,3.0019978153256233,0.31287399526808546,1,sports_leisure
2018-06-05,2.4849066497880004,2.414615550819699,1.8606243251567982,3.0187996011400884,0.07029109896830121,1,sports_leisure
2018-06-06,2.9444389791664403,2.392819650726183,1.812310232953053,2.9590933973228046,0.5516193284402573,1,sports_leisure
2018-06-07,2.772588722239781,2.2897248779836588,1.6769211638970292,2.8482939362083126,0.4828638442561224,1,sports_leisure
2018-06-08,1.9459101490553132,2.1765489292396603,1.6288545096923157,2.8005802802374276,-0.23063878018434703,1,sports_leisure
2018-06-09,1.9459101490553132,1.9599364278163136,1.3596964200726052,2.5707135263652545,-0.014026278761000377,1,sports_leisure
2018-06-10,2.0794415416798357,2.1053304118841067,1.5100379698022321,2.7249700766834932,-0.025888870204270997,1,sports_leisure
2018-06-11,2.9444389791664403,2.3339864809736075,1.7528128250356554,2.9207573853337236,0.6104524981928328,1,sports_leisure
2018-06-12,2.9957322735539904,2.360335372420706,1.7692652784187812,2.941043118957527,0.6353969011332845,1,sports_leisure
2018-06-13,3.1780538303479458,2.344531886118188,1.7628153763811805,2.9488073747635,0.8335219442297577,1,sports_leisure
2018-06-14,2.772588722239781,2.2465499654635246,1.7069703171963648,2.820364158006096,0.5260387567762566,1,sports_leisure
2018-06-15,2.4849066497880004,2.137665404345696,1.544038929515615,2.732056507471313,0.34724124544230417,1,sports_leisure
2018-06-16,2.5649493574615367,1.9245977638902623,1.3544650755282739,2.4731707077900067,0.6403515935712745,1,sports_leisure
2018-06-17,2.4849066497880004,2.072877873542193,1.4963443039219617,2.6009597789085013,0.41202877624580747,1,sports_leisure
2018-06-18,2.8903717578961645,2.3038578283055577,1.7201530948908317,2.8649756180970827,0.5865139295906068,1,sports_leisure
2018-06-19,2.772588722239781,2.332069393226382,1.7666401943643464,2.9243248440675416,0.4405193290133993,1,sports_leisure
2018-06-20,2.70805020110221,2.3177688689225566,1.733320276444799,2.903122424421792,0.39028133217965344,1,sports_leisure
2018-06-21,2.772588722239781,2.221028353229709,1.6227370018837906,2.8155481887094735,0.5515603690100721,1,sports_leisure
2018-06-22,3.258096538021482,2.1132149839215555,1.5221686206643565,2.7215081117384528,1.1448815540999266,1,sports_leisure
2018-06-23,2.302585092994046,1.901129845918626,1.3285956186396137,2.4940574811315246,0.4014552470754198,1,sports_leisure
2018-06-24,2.5649493574615367,2.0503729990145314,1.4551723529738732,2.629095989008199,0.5145763584470053,1,sports_leisure
2018-06-25,3.295836866004329,2.2823515989986234,1.720097317676408,2.858096920558474,1.0134852670057057,1,sports_leisure
2018-06-26,2.70805020110221,2.3116370624060547,1.7201329796036475,2.915726311958814,0.39641313869615535,1,sports_leisure
2018-06-27,2.3978952727983707,2.2985093452834717,1.697499139414854,2.87176163320291,0.09938592751489894,1,sports_leisure
2018-06-28,2.8903717578961645,2.2030482649265926,1.6293608735392693,2.814500803675058,0.687323492969572,1,sports_leisure
2018-06-29,2.4849066497880004,2.096613421615343,1.4851067274709802,2.699483398148797,0.3882932281726572,1,sports_leisure
2018-06-30,2.5649493574615367,1.885984355341011,1.3057483751957986,2.4525411839502445,0.6789650021205258,1,sports_leisure
2018-07-01,2.302585092994046,2.393954219311974,1.8096717797757709,3.0588752399313845,-0.09136912631792793,2,sports_leisure
2018-07-02,2.6390573296152584,2.6301295034389307,2.0659639699723256,3.20655828689921,0.008927826176327702,2,sports_leisure
2018-07-03,3.1354942159291497,2.6408536501434248,2.024486379640269,3.252620822358082,0.4946405657857249,2,sports_leisure
2018-07-04,2.9444389791664403,2.6244819483596826,2.006117029423473,3.244753731337773,0.31995703080675764,2,sports_leisure
2018-07-05,2.70805020110221,2.5272863028334296,1.9313088317447453,3.1175181903593767,0.18076389826878048,2,sports_leisure
2018-07-06,2.9444389791664403,2.4102584628057993,1.8318182372009193,2.9734434907790654,0.534180516360641,2,sports_leisure
2018-07-07,2.3978952727983707,2.19217229989316,1.619978005077655,2.758326113256115,0.2057229729052108,2,sports_leisure
2018-07-08,2.9444389791664403,2.336478972554558,1.7325894578207517,2.903331743347162,0.6079600066118824,2,sports_leisure
2018-07-09,2.772588722239781,2.5757409554385213,1.9998219285506864,3.170041953492939,0.19684776680125982,2,sports_leisure
2018-07-10,2.302585092994046,2.59003911256054,2.0320560138275585,3.1855235018898367,-0.2874540195664941,2,sports_leisure
2018-07-11,1.791759469228055,2.577599839759447,1.9732275708797902,3.1654708434705876,-0.7858403705313921,2,sports_leisure
2018-07-12,2.0794415416798357,2.484566551754074,1.8851256477396725,3.077353878858339,-0.4051250100742383,2,sports_leisure
2018-07-13,2.302585092994046,2.371806212731402,1.7511087345027954,2.9491861233380843,-0.06922111973735623,2,sports_leisure
2018-07-14,2.302585092994046,2.1579745360372953,1.4878289954977932,2.7408544400249766,0.14461055695675062,2,sports_leisure
2018-07-15,1.791759469228055,2.3064136264546633,1.6968724499430388,2.918589210473513,-0.5146541572266083,2,sports_leisure
2018-07-16,2.3978952727983707,2.5495879978572686,1.9686860883797201,3.1615744199115867,-0.15169272505889797,2,sports_leisure
2018-07-17,2.772588722239781,2.567493118792249,1.9484764243941077,3.1919964716372626,0.20509560344753197,2,sports_leisure
2018-07-18,2.9957322735539904,2.5582835042240797,1.9230909952862103,3.1955081784225716,0.4374487693299107,2,sports_leisure
2018-07-19,2.833213344056216,2.468044640093162,1.9246268548539316,3.0400327790391732,0.36516870396305423,2,sports_leisure
2018-07-20,2.833213344056216,2.3575994683134636,1.8109844010660114,2.9756022973057346,0.4756138757427526,2,sports_leisure
2018-07-21,2.70805020110221,2.145573102060587,1.5772326623712345,2.7553136231383086,0.5624770990416232,2,sports_leisure
2018-07-22,2.70805020110221,2.2952896024366694,1.6898804404622645,2.8655002790418314,0.4127605986655407,2,sports_leisure
2018-07-23,3.295836866004329,2.5392068176021265,1.947348190970002,3.1210914225156765,0.7566300484022026,2,sports_leisure
2018-07-24,2.9957322735539904,2.5573235129277583,1.9777049680561665,3.1287347006399044,0.43840876062623213,2,sports_leisure
2018-07-25,3.044522437723423,2.547805891020354,1.949914881350123,3.1282067560685056,0.4967165467030692,2,sports_leisure
2018-07-26,3.295836866004329,2.4567578702449446,1.8449637615345214,3.0045254179673084,0.8390789957593845,2,sports_leisure
2018-07-27,2.9444389791664403,2.3450259295224627,1.7488768356903157,2.9329598413786506,0.5994130496439776,2,sports_leisure
2018-07-28,2.5649493574615367,2.1312622645510637,1.5454964060134835,2.7010465638221777,0.433687092910473,2,sports_leisure
2018-07-29,2.302585092994046,2.278820154178768,1.6706918204281305,2.871743824483412,0.02376493881527786,2,sports_leisure
2018-07-30,3.091042453358316,2.5201875955436375,1.9249143084966478,3.0662250171973757,0.5708548578146786,2,sports_leisure
2018-07-31,3.2188758248682006,2.8346230401356998,2.2599629285468374,3.4725062361937513,0.3842527847325008,3,sports_leisure
2018-08-01,3.1354942159291497,2.8165393931847325,2.2012899674802973,3.4024959475487977,0.3189548227444172,3,sports_leisure
2018-08-02,3.091042453358316,2.7254285854682676,2.1650584977664997,3.318277405266476,0.36561386789004846,3,sports_leisure
2018-08-03,3.295836866004329,2.612702420253247,2.0257541093037967,3.227400217708382,0.6831344457510822,3,sports_leisure
2018-08-04,2.9444389791664403,2.3884817788373462,1.7979980793553627,2.9827444762704056,0.555957200329094,3,sports_leisure
2018-08-05,2.70805020110221,2.5162995341484558,1.9659080876161494,3.099818806668349,0.1917506669537543,3,sports_leisure
2018-08-06,2.9444389791664403,2.7579775974292517,2.165882900085151,3.3155511441850143,0.18646138173718851,3,sports_leisure
2018-08-07,2.9444389791664403,2.7597992832013123,2.1336145081371223,3.347712112713627,0.18463969596512797,3,sports_leisure
2018-08-08,2.833213344056216,2.731327802537495,2.1511710330277576,3.3188019930119066,0.1018855415187212,3,sports_leisure
2018-08-09,3.295836866004329,2.630637453073139,2.0429284430463053,3.210009583692336,0.66519941293119,3,sports_leisure
2018-08-10,3.091042453358316,2.50925410210942,1.9192547261855415,3.105183089838022,0.5817883512488962,3,sports_leisure
2018-08-11,2.6390573296152584,2.277395943046491,1.6730712850288458,2.8503128779954454,0.36166138656876745,3,sports_leisure
2018-08-12,2.70805020110221,2.39867599979524,1.8155808300722225,2.995184536354433,0.30937420130697024,3,sports_leisure
2018-08-13,3.258096538021482,2.634979091668285,2.060060450909132,3.26497637167756,0.6231174463531972,3,sports_leisure
2018-08-14,3.2188758248682006,2.6326344019589145,2.0215538375806132,3.204572714448038,0.586241422909286,3,sports_leisure
2018-08-15,3.091042453358316,2.6012344141827772,2.0270991684288346,3.1718477801460563,0.48980803917553883,3,sports_leisure
2018-08-16,3.58351893845611,2.4988667364003176,1.9399539322600248,3.1245363182905033,1.0846522020557923,3,sports_leisure
2018-08-17,2.9444389791664403,2.3770553622190134,1.8246899542336723,2.9614274957086546,0.5673836169474269,3,sports_leisure
2018-08-18,2.772588722239781,2.1460023031470414,1.5996719271039106,2.743469201058404,0.6265864190927397,3,sports_leisure
2018-08-19,2.4849066497880004,2.2692910254001073,1.6908174917012835,2.862873577756535,0.21561562438789306,3,sports_leisure
2018-08-20,2.70805020110221,2.508764367622845,1.9360187490725473,3.120212603443064,0.19928583347936524,3,sports_leisure
2018-08-21,3.3322045101752042,2.510698053452455,1.8998455780034105,3.090380419161363,0.8215064567227492,3,sports_leisure
2018-08-22,2.3978952727983707,2.484620541166224,1.8939152217965727,3.0913123288339914,-0.08672526836785321,3,sports_leisure
2018-08-23,2.70805020110221,2.388545717164274,1.7476503070949454,2.9619773822587407,0.3195044839379362,3,sports_leisure
2018-08-24,1.9459101490553132,2.273914976337974,1.6819680136875628,2.837576992820778,-0.3280048272826608,3,sports_leisure
2018-08-25,1.0986122886681098,2.0508396262627366,1.4499929474377806,2.6507658540074535,-0.9522273375946269,3,sports_leisure
2018-08-26,1.9459101490553132,2.18280505773792,1.5820308756858672,2.756610998607298,-0.23689490868260665,3,sports_leisure
2018-08-27,2.5649493574615367,2.431549373708087,1.8572895287258449,3.068096173277106,0.13339998375344964,3,sports_leisure
2018-08-28,1.3862943611198906,2.443237610943967,1.805368322012131,3.042627716579386,-1.0569432498240763,3,sports_leisure
2018-08-29,0.6931471805599453,2.4272823205314764,1.8268772980663028,3.019695701981159,-1.734135139971531,3,sports_leisure
2018-05-29,2.9957322735539904,2.7360768697232793,2.016285065215375,3.371057071089768,0.25965540383071106,1,furniture_decor
2018-05-30,1.791759469228055,2.5675844348249517,1.8964555298383252,3.2646279982374136,-0.7758249655968967,1,furniture_decor
2018-05-31,2.1972245773362196,2.589963812387654,1.8216119869655067,3.2882768388819463,-0.3927392350514345,1,furniture_decor
2018-06-01,2.6390573296152584,2.5287133008820257,1.819446950730026,3.231022841066383,0.11034402873323268,1,furniture_decor
2018-06-02,2.6390573296152584,2.293384295365193,1.5843799744389635,2.992897462020203,0.34567303425006557,1,furniture_decor
2018-06-03,2.8903717578961645,2.4141471924543496,1.6986500731167848,3.137343676538275,0.4762245654418149,1,furniture_decor
2018-06-04,2.1972245773362196,2.5920269381434604,1.8970948512478254,3.280531428329588,-0.39480236080724085,1,furniture_decor
2018-06-05,2.8903717578961645,2.5622101970817694,1.876150720743191,3.2904623933881436,0.32816156081439507,1,furniture_decor
2018-06-06,2.302585092994046,2.411965812591217,1.720817148657825,3.05056373004346,-0.109380719597171,1,furniture_decor
2018-06-07,2.3978952727983707,2.4545466106995315,1.7513951911266217,3.116036451017944,-0.056651337901160836,1,furniture_decor
2018-06-08,2.1972245773362196,2.415125453580575,1.7141810977856684,3.1027372440402425,-0.2179008762443555,1,furniture_decor
2018-06-09,2.6390573296152584,2.2028976707709944,1.4535472736958082,2.8819926269104896,0.436159658844264,1,furniture_decor
2018-06-10,1.3862943611198906,2.347654002677392,1.5993153347191746,3.040184445752731,-0.9613596415575014,1,furniture_decor
2018-06-11,3.091042453358316,2.5500237277008546,1.8867524634201123,3.253476183025742,0.5410187256574615,1,furniture_decor
2018-06-12,2.772588722239781,2.544789786716801,1.8836448026227797,3.2505825671834243,0.22779893552298036,1,furniture_decor
2018-06-13,2.772588722239781,2.4188173997003006,1.7262168478431708,3.13416842335768,0.3537713225394805,1,furniture_decor
2018-06-14,2.5649493574615367,2.484964047730304,1.822799042963279,3.1574053676064193,0.07998530973123286,1,furniture_decor
2018-06-15,2.8903717578961645,2.468023544274394,1.7471152188932662,3.161389896772657,0.42234821362177044,1,furniture_decor
2018-06-16,2.302585092994046,2.2768361454115933,1.614105545219124,2.9618903226963122,0.025748947582452608,1,furniture_decor
2018-06-17,2.3978952727983707,2.4408686617318103,1.7406242948758366,3.13766695455294,-0.042973388933439605,1,furniture_decor
2018-06-18,2.9957322735539904,2.6604640824547294,1.9822198477959183,3.3934386815824875,0.335268191099261,1,furniture_decor
2018-06-19,2.6390573296152584,2.6701623794928313,1.9883023205543573,3.3462649578315613,-0.0311050498775729,1,furniture_decor
2018-06-20,2.3978952727983707,2.556633858481468,1.8879682583482065,3.298476048730441,-0.15873858568309718,1,furniture_decor
2018-06-21,2.6390573296152584,2.632592823578593,1.9672154498140821,3.38560607976417,0.006464506036665263,1,furniture_decor
2018-06-22,2.3978952727983707,2.6227441973637498,1.9353244265755696,3.303036528789887,-0.22484892456537908,1,furniture_decor
2018-06-23,2.4849066497880004,2.4358949888625503,1.7661749813222252,3.0755578373255195,0.04901166092545006,1,furniture_decor
2018-06-24,2.4849066497880004,2.6015345431046173,1.9177655778425917,3.3077177885308737,-0.11662789331661694,1,furniture_decor
2018-06-25,2.833213344056216,2.820083081554457,2.161384425151447,3.4862294371151297,0.013130262501759304,1,furniture_decor
2018-06-26,3.1354942159291497,2.8262102281047428,2.0676942278133055,3.5091635556737257,0.3092839878244069,1,furniture_decor
2018-06-27,3.2188758248682006,2.706764942323845,2.0088784155137094,3.4344790712208506,0.5121108825443557,1,furniture_decor
2018-06-28,3.091042453358316,2.819613534834414,2.0842406717699133,3.4991480190424817,0.27142891852390205,2,furniture_decor
2018-06-29,2.6390573296152584,2.8034386597452534,2.125241908926264,3.5266702727858132,-0.164381330129995,2,furniture_decor
2018-06-30,2.302585092994046,2.612107236824099,1.8739855856859253,3.337862847659344,-0.30952214383005305,2,furniture_decor
2018-07-01,2.6390573296152584,2.7452717670857334,2.0734155659407625,3.424509152259418,-0.10621443747047499,2,furniture_decor
2018-07-02,3.1780538303479458,2.961635687999598,2.2522777469983883,3.6536861295956578,0.21641814234834778,2,furniture_decor
2018-07-03,2.0794415416798357,2.9583066676578365,2.287722255876111,3.617827542097879,-0.8788651259780007,2,furniture_decor
2018-07-04,2.9957322735539904,2.8075939174618,2.1274160845970433,3.5208017356084493,0.18813835609219032,2,furniture_decor
2018-07-05,2.9444389791664403,2.8582566790508754,2.209870419668838,3.533194331276699,0.08618230011556482,2,furniture_decor
2018-07-06,2.772588722239781,2.8284438411110746,2.1813006837313047,3.486617144664914,-0.05585511887129346,2,furniture_decor
2018-07-07,1.0986122886681098,2.6245053595116876,1.9316418485815716,3.308422680091259,-1.5258930708435778,2,furniture_decor
2018-07-08,1.791759469228055,2.7463608814679894,2.0329683691477647,3.395038672864879,-0.9546014122399344,2,furniture_decor
2018-07-09,1.791759469228055,2.952943962049592,2.222485077075463,3.672030738702986,-1.161184492821537,2,furniture_decor
2018-07-10,1.9459101490553132,2.941550842017456,2.3071627306231877,3.6258714121087148,-0.9956406929621429,2,furniture_decor
2018-07-11,1.6094379124341003,2.784634267991131,2.091063948493012,3.4774365874935578,-1.1751963555570308,2,furniture_decor
2018-07-12,2.0794415416798357,2.831049582046912,2.1390639457238683,3.4864585845072864,-0.7516080403670764,2,furniture_decor
2018-07-13,2.302585092994046,2.7989930811226267,2.1115613041214423,3.5114249598528975,-0.4964079881285808,2,furniture_decor
2018-07-14,1.9459101490553132,2.594813336816954,1.9325038947215236,3.3029322450945893,-0.6489031877616409,2,furniture_decor
2018-07-15,1.9459101490553132,2.718380865492482,1.9997055215460717,3.3963794988972302,-0.7724707164371687,2,furniture_decor
2018-07-16,2.6390573296152584,2.9285344986875788,2.239381729402341,3.599462514571992,-0.28947716907232035,2,furniture_decor
2018-07-17,2.302585092994046,2.922433357985734,2.2181877340131733,3.659738510383098,-0.6198482649916879,2,furniture_decor
2018-07-18,2.9957322735539904,2.7723548257433293,2.0189205199833586,3.471575197484651,0.22337744781066116,2,furniture_decor
2018-07-19,3.258096538021482,2.8269456266596324,2.136170912645521,3.5415676512587653,0.4311509113618497,2,furniture_decor
2018-07-20,3.4339872044851463,2.8041658888365064,2.104373478035123,3.5073154064683987,0.6298213156486399,2,furniture_decor
2018-07-21,2.5649493574615367,2.6101067268923046,1.8968341768643986,3.273046362020903,-0.04515736943076787,2,furniture_decor
2018-07-22,2.1972245773362196,2.7443665764605547,2.1061753818245097,3.470282104520932,-0.5471419991243351,2,furniture_decor
2018-07-23,3.2188758248682006,2.9655044610088153,2.2565184491287438,3.6810236806160304,0.2533713638593853,2,furniture_decor
2018-07-24,3.367295829986474,2.970398921790576,2.2860325901394343,3.6400908382247867,0.39689690819589796,2,furniture_decor
2018-07-25,2.70805020110221,2.831052829098657,2.161792953345265,3.518766619634574,-0.1230026279964469,2,furniture_decor
2018-07-26,2.833213344056216,2.8958510210085024,2.2407459290715206,3.583806734559567,-0.06263767695228628,2,furniture_decor
2018-07-27,2.70805020110221,2.8825104781217945,2.1944380647296424,3.590196594748089,-0.17446027701958444,2,furniture_decor
2018-07-28,2.9957322735539904,2.5947178088627365,1.8638859061855724,3.2978496894283733,0.4010144646912539,3,furniture_decor
2018-07-29,2.772588722239781,2.744815010786906,2.063784529998825,3.4595256635262657,0.027773711452875105,3,furniture_decor
2018-07-30,2.772588722239781,2.9931955468891918,2.2593963884894603,3.6830242264224986,-0.22060682464941062,3,furniture_decor
2018-07-31,3.4339872044851463,2.993746335028024,2.2981401308606966,3.7636807353428066,0.4402408694571225,3,furniture_decor
2018-08-01,3.5553480614894135,2.8716875350812368,2.1965775700605983,3.5316427017287197,0.6836605264081768,3,furniture_decor
2018-08-02,2.70805020110221,2.9456083417988808,2.280746049322495,3.6541248385416716,-0.2375581406966707,3,furniture_decor
2018-08-03,3.091042453358316,2.9263485467192516,2.2753177391709385,3.6411223114855185,0.16469390663906447,3,furniture_decor
2018-08-04,2.8903717578961645,2.7068058653638842,2.0240017944727913,3.405480414936639,0.18356589253228028,3,furniture_decor
2018-08-05,2.772588722239781,2.8388474847972676,2.1453486985693733,3.5414020871686316,-0.06625876255748642,3,furniture_decor
2018-08-06,3.3322045101752042,3.0684573258436347,2.3902800150004166,3.735900216701436,0.2637471843315695,3,furniture_decor
2018-08-07,2.9957322735539904,3.049952749215693,2.315282792123582,3.7805909174516343,-0.054220475661702405,3,furniture_decor
2018-08-08,3.091042453358316,2.908979841684735,2.2267753400123165,3.5881989055238233,0.1820626116735813,3,furniture_decor
2018-08-09,3.091042453358316,2.964538168022325,2.262252946347956,3.6812151190866653,0.126504285335991,3,furniture_decor
2018-08-10,2.8903717578961645,2.9278518290542292,2.230883291772683,3.685600229273663,-0.03748007115806473,3,furniture_decor
2018-08-11,2.70805020110221,2.692167094472589,1.9721564361623993,3.3769388756572205,0.015883106629621224,3,furniture_decor
2018-08-12,3.2188758248682006,2.809655314743277,2.1165777037657048,3.505794950587997,0.40922051012492355,3,furniture_decor
2018-08-13,2.8903717578961645,3.02655282614834,2.3518011293456302,3.780974336714283,-0.13618106825217557,3,furniture_decor
2018-08-14,3.295836866004329,2.997371762804323,2.279736673640175,3.7015490103903335,0.2984651032000061,3,furniture_decor
2018-08-15,2.70805020110221,2.8478910566609357,2.1346071941233244,3.572528330749416,-0.1398408555587256,3,furniture_decor
2018-08-16,3.295836866004329,2.897178612710138,2.146004709001909,3.651322828525587,0.39865825329419113,3,furniture_decor
2018-08-17,2.8903717578961645,2.856461555545049,2.158448823549412,3.530619576150595,0.033910202351115526,3,furniture_decor
2018-08-18,2.5649493574615367,2.6189248247548598,1.8755311644694728,3.332718664538863,-0.05397546729332303,3,furniture_decor
2018-08-19,2.5649493574615367,2.73661678543317,2.0521059395328245,3.4410509205965254,-0.17166742797163348,3,furniture_decor
2018-08-20,3.044522437723423,2.955593484132651,2.2886094064055102,3.7053175616786986,0.0889289535907718,3,furniture_decor
2018-08-21,2.833213344056216,2.9301353372246353,2.2266064319121748,3.668652637966821,-0.0969219931684191,3,furniture_decor
2018-08-22,2.302585092994046,2.785745366139057,2.065917260096914,3.4845703802167582,-0.4831602731450113,3,furniture_decor
2018-08-23,1.9459101490553132,2.8411797651618924,2.1620914430978266,3.5321696486233556,-0.8952696161065792,3,furniture_decor
2018-08-24,1.6094379124341003,2.807327466813128,2.0986806393209174,3.4668302644320663,-1.1978895543790278,3,furniture_decor
2018-08-25,1.0986122886681098,2.577018727812817,1.869522721106466,3.2806918929056534,-1.4784064391447072,3,furniture_decor
2018-08-26,1.3862943611198906,2.701941130916703,2.0030119802835316,3.422818223094739,-1.3156467697968124,3,furniture_decor
2018-06-01,2.0794415416798357,2.4957898526270026,1.7628603932017022,3.1569816598884377,-0.41634831094716684,1,computers_accessories
2018-06-02,1.0986122886681098,2.231126406225635,1.5328666440163055,2.922966132749488,-1.1325141175575253,1,computers_accessories
2018-06-03,2.0794415416798357,2.24965374423283,1.5731802597967774,2.9301436216748113,-0.17021220255299419,1,computers_accessories
2018-06-04,2.9957322735539904,2.720100494764401,2.021906824281357,3.406979906371627,0.27563177878958944,1,computers_accessories
2018-06-05,2.9444389791664403,2.7456310090021563,2.067098860207562,3.455910806755616,0.19880797016428398,1,computers_accessories
2018-06-06,3.1780538303479458,2.6637153990374705,1.9710075981162034,3.3495521140004096,0.5143384313104753,1,computers_accessories
2018-06-07,3.091042453358316,2.5924468171043387,1.9350923813184315,3.302343544393585,0.4985956362539774,1,computers_accessories
2018-06-08,2.70805020110221,2.5388036325249987,1.8896499722101894,3.2281116978537505,0.16924656857721132,1,computers_accessories
2018-06-09,2.302585092994046,2.2747377293043285,1.6260973198792672,2.9894903220923172,0.027847363689717408,1,computers_accessories
2018-06-10,2.0794415416798357,2.2900091655867048,1.6198153221207556,2.9531222403635096,-0.210567623906869,1,computers_accessories
2018-06-11,2.9444389791664403,2.753443999923847,2.0611479017887055,3.3938972291039646,0.19099497924259312,1,computers_accessories
2018-06-12,2.8903717578961645,2.7684111300585545,2.069621337109798,3.4563808109237386,0.12196062783760997,1,computers_accessories
2018-06-13,2.302585092994046,2.67268643460505,2.000790850859735,3.3767219162092235,-0.37010134161100394,1,computers_accessories
2018-06-14,2.6390573296152584,2.5847614357108863,1.907850854856918,3.255097295476389,0.05429589390437206,1,computers_accessories
2018-06-15,2.0794415416798357,2.512094381976262,1.8310124074637395,3.1899590919000524,-0.43265284029642626,1,computers_accessories
2018-06-16,2.3978952727983707,2.2271852835519743,1.5036593607783002,2.9121716554814965,0.17070998924639635,1,computers_accessories
2018-06-17,1.791759469228055,2.2203955069881536,1.5355717553391808,2.905232314617749,-0.4286360377600986,1,computers_accessories
2018-06-18,2.6390573296152584,2.661189148237845,1.9896868430579404,3.3309304188768194,-0.022131818622586508,1,computers_accessories
2018-06-19,2.6390573296152584,2.6535924786234766,1.9764306068086428,3.30975129989689,-0.014535149008218173,1,computers_accessories
2018-06-20,3.258096538021482,2.5360402265003774,1.8996301941671885,3.2244515130679097,0.7220563115211047,1,computers_accessories
2018-06-21,3.2188758248682006,2.4276663953616624,1.7223994553481312,3.1675575419938276,0.7912094295065382,1,computers_accessories
2018-06-22,2.6390573296152584,2.336537997410329,1.6108309418883704,2.958172798972369,0.30251933220492955,1,computers_accessories
2018-06-23,2.302585092994046,2.0357136984018673,1.3302957918033145,2.7137098117050633,0.26687139459217857,1,computers_accessories
2018-06-24,2.0794415416798357,2.0160484167659374,1.322130407878838,2.6834320650262877,0.06339312491389837,1,computers_accessories
2018-06-25,3.3322045101752042,2.4474214907991008,1.7845979846287672,3.0826764286493833,0.8847830193761035,1,computers_accessories
2018-06-26,2.5649493574615367,2.4341850535179232,1.7520051786133362,3.1858066730761765,0.1307643039436135,1,computers_accessories
2018-06-27,2.5649493574615367,2.315001663143103,1.648435961961205,3.081902928914082,0.24994769431843356,1,computers_accessories
2018-06-28,3.091042453358316,2.2091291081344298,1.505272734881068,2.8938472686879524,0.8819133452238863,1,computers_accessories
2018-06-29,2.6390573296152584,2.1246509116095575,1.4348458555502204,2.817748099243313,0.5144064180057009,1,computers_accessories
2018-06-30,1.9459101490553132,1.834534600812959,1.1553775876606447,2.4619321996398154,0.11137554824235418,1,computers_accessories
2018-07-01,2.5649493574615367,2.013541224893136,1.3030539895686866,2.7129428388794143,0.5514081325684006,2,computers_accessories
2018-07-02,2.70805020110221,2.484134994552887,1.7999718689811521,3.1476170883092416,0.22391520654932284,2,computers_accessories
2018-07-03,2.4849066497880004,2.476113493949997,1.801588202749762,3.1122438135906756,0.00879315583800322,2,computers_accessories
2018-07-04,2.8903717578961645,2.3826760683691606,1.6767184412288414,3.1377151114181907,0.507695689527004,2,computers_accessories
2018-07-05,2.70805020110221,2.3092089658028616,1.5973235668638759,3.00884832287602,0.39884123529934845,2,computers_accessories
2018-07-06,2.1972245773362196,2.2208243912483656,1.523957117947978,2.9093137068373816,-0.02359981391214605,2,computers_accessories
2018-07-07,2.0794415416798357,1.94329116887223,1.1784992368855784,2.6811661635810164,0.13615037280760567,2,computers_accessories
2018-07-08,2.0794415416798357,1.9591493864222047,1.300585117616229,2.634309820834532,0.12029215525763104,2,computers_accessories
2018-07-09,2.0794415416798357,2.454337284639727,1.769026229015955,3.156511361281552,-0.37489574295989136,2,computers_accessories
2018-07-10,2.4849066497880004,2.470908897809439,1.800533774165156,3.1138423428899564,0.013997751978561457,2,computers_accessories
2018-07-11,2.0794415416798357,2.4014636574997947,1.7216026491826284,3.0708280191613158,-0.322022115819959,2,computers_accessories
2018-07-12,2.1972245773362196,2.3508069069848,1.6528982867852957,3.0315568944460742,-0.15358232964858054,2,computers_accessories
2018-07-13,2.9444389791664403,2.2835035684773537,1.590865096956087,2.946054879296113,0.6609354106890866,2,computers_accessories
2018-07-14,2.0794415416798357,2.024822354293016,1.3368489875090637,2.7349470266833285,0.05461918738681959,2,computers_accessories
2018-07-15,2.0794415416798357,2.0568625525932447,1.340008524293064,2.71836805478438,0.02257898908659106,2,computers_accessories
2018-07-16,2.9444389791664403,2.5651913489129132,1.8339510386881974,3.2736006675667775,0.37924763025352703,2,computers_accessories
2018-07-17,2.3978952727983707,2.5915699378548065,1.9218830827566813,3.2847888394505667,-0.19367466505643582,2,computers_accessories
2018-07-18,3.044522437723423,2.528389441179617,1.831949570995179,3.2194032748845083,0.516132996543806,2,computers_accessories
2018-07-19,2.4849066497880004,2.4803354444128507,1.7711010435864472,3.1615449790818797,0.004571205375149656,2,computers_accessories
2018-07-20,3.044522437723423,2.4119433220225424,1.7103827310054975,3.0919165489450267,0.6325791157008807,2,computers_accessories
2018-07-21,2.6390573296152584,2.1485417345640148,1.4559173674728811,2.819880461161969,0.49051559505124365,2,computers_accessories
2018-07-22,2.4849066497880004,2.1723763843533916,1.466673056881668,2.895284456908915,0.3125302654346087,2,computers_accessories
2018-07-23,3.1354942159291497,2.6692421080355024,2.0265588876085583,3.35457798430158,0.46625210789364724,2,computers_accessories
2018-07-24,2.4849066497880004,2.6812017346519275,1.9734344512722672,3.367520435854111,-0.1962950848639271,2,computers_accessories
2018-07-25,2.9957322735539904,2.6010129513134013,1.9643183734867353,3.3194262915335933,0.39471932224058914,2,computers_accessories
2018-07-26,3.044522437723423,2.5337822590553047,1.8402789021369552,3.1876097225674385,0.5107401786681183,2,computers_accessories
2018-07-27,3.091042453358316,2.4445084960610832,1.7255542208155406,3.135380978809671,0.6465339572972328,2,computers_accessories
2018-07-28,2.4849066497880004,2.1590136464758523,1.5192720638359467,2.872574601907945,0.3258930033121481,2,computers_accessories
2018-07-29,2.302585092994046,2.160053374411285,1.4883925423872462,2.8828315687975388,0.1425317185827608,2,computers_accessories
2018-07-30,3.091042453358316,2.633935722820337,1.907999379806793,3.266575293112748,0.457106730537979,2,computers_accessories
2018-07-31,3.295836866004329,2.8274921535630266,2.120027435677798,3.4973610087878795,0.4683447124413025,3,computers_accessories
2018-08-01,2.9957322735539904,2.7400932541726704,2.042072453322453,3.392366739984343,0.25563901938132005,3,computers_accessories
2018-08-02,3.6375861597263857,2.64569437389888,1.940936143409051,3.300261334507516,0.9918917858275056,3,computers_accessories
2018-08-03,3.044522437723423,2.547655528154983,1.8945039792102474,3.244511451864868,0.49686690956843993,3,computers_accessories
2018-08-04,2.3978952727983707,2.230855301810729,1.5414619748256773,2.859502817752561,0.16703997098764178,3,computers_accessories
2018-08-05,2.70805020110221,2.215047713032749,1.4672858982861146,2.9260300557886314,0.493002488069461,3,computers_accessories
2018-08-06,3.3322045101752042,2.6725176824462054,2.0192506772983694,3.352246084856266,0.6596868277289989,3,computers_accessories
2018-08-07,3.367295829986474,2.6326633916930913,1.9325435713340804,3.2929296891442945,0.7346324382933829,3,computers_accessories
2018-08-08,2.772588722239781,2.536164715617163,1.8311243227319243,3.2655877523366255,0.23642400662261798,3,computers_accessories
2018-08-09,3.2188758248682006,2.4359695251918017,1.7096244546460386,3.082617385165956,0.7829062996763989,3,computers_accessories
2018-08-10,2.8903717578961645,2.335389282067801,1.6363719404378705,3.023985794881291,0.5549824758283637,3,computers_accessories
2018-08-11,2.4849066497880004,2.019174391437277,1.3010995526115579,2.691292386222563,0.4657322583507235,3,computers_accessories
2018-08-12,1.9459101490553132,2.006876500755176,1.3349714887037325,2.733464015822477,-0.060966351699862864,3,computers_accessories
2018-08-13,2.70805020110221,2.4705112151944193,1.7949513989657884,3.1751605976334365,0.23753898590779077,3,computers_accessories
2018-08-14,2.8903717578961645,2.4391492851202736,1.7739658692297156,3.1542650535118266,0.4512224727758909,3,computers_accessories
2018-08-15,2.70805020110221,2.3530951834936147,1.5963912210906237,3.0904339755224854,0.3549550176085954,3,computers_accessories
2018-08-16,3.367295829986474,2.264884574277958,1.5552594942523863,2.9529917758438256,1.1024112557085162,3,computers_accessories
2018-08-17,3.1354942159291497,2.1773917756564063,1.4774899480889347,2.8661972962726083,0.9581024402727434,3,computers_accessories
2018-08-18,2.5649493574615367,1.8749173555390581,1.2467571909684991,2.613347833481214,0.6900320019224786,3,computers_accessories
2018-08-19,2.833213344056216,1.876562714731206,1.1832147291997508,2.5902678181274386,0.9566506293250101,3,computers_accessories
2018-08-20,2.3978952727983707,2.3539048024926226,1.6276932059181666,3.0304668339091085,0.0439904703057481,3,computers_accessories
2018-08-21,2.1972245773362196,2.335598708399004,1.6642351943638076,3.0660258672482277,-0.1383741310627844,3,computers_accessories
2018-08-22,2.302585092994046,2.2615667598263283,1.59676127045545,2.9578110374968944,0.041018333167717635,3,computers_accessories
2018-08-23,2.4849066497880004,2.1840053676977624,1.4921612254324637,2.896905152541529,0.3009012820902379,3,computers_accessories
2018-08-24,2.0794415416798357,2.105500502309896,1.4029495418244782,2.798255596834458,-0.0260589606300603,3,computers_accessories
2018-08-25,1.9459101490553132,1.8101217563472893,1.1457794724827814,2.5063286510249516,0.1357883927080239,3,computers_accessories
2018-08-26,2.0794415416798357,1.8168017156365206,1.1004251817333424,2.5197259028570445,0.26263982604331515,3,computers_accessories
2018-08-27,1.0986122886681098,2.2970136957218523,1.6165894812351291,2.945930854745131,-1.1984014070537425,3,computers_accessories
2018-08-28,1.3862943611198906,2.2793755508388167,1.5987471002564448,2.9442852661006502,-0.8930811897189261,3,computers_accessories
2018-08-29,0.6931471805599453,2.2038381964694924,1.5460224688994635,2.911096296485707,-1.510691015909547,3,computers_accessories
2018-05-31,2.70805020110221,2.775062343125529,2.0534708761360854,3.443390519286175,-0.06701214202331895,1,housewares
2018-06-01,3.258096538021482,2.6758176306105916,1.96146153150739,3.356471534823061,0.5822789074108905,1,housewares
2018-06-02,2.5649493574615367,2.5124888340265885,1.8128834716716193,3.2505875708617933,0.052460523434948225,1,housewares
2018-06-03,3.1780538303479458,2.6078151162403644,1.9010166990671782,3.3666169502444157,0.5702387141075813,1,housewares
2018-06-04,3.3322045101752042,2.788208509618899,2.0807708479818503,3.5318178409118937,0.5439960005563051,1,housewares
2018-06-05,2.9444389791664403,2.873430097152631,2.142895788365541,3.568234709194806,0.07100888201380906,1,housewares
2018-06-06,3.1780538303479458,2.75038722804131,2.078262695445793,3.4021074764684647,0.42766660230663556,1,housewares
2018-06-07,2.9444389791664403,2.8272442766459833,2.127059909597726,3.566714180202209,0.11719470252045694,1,housewares
2018-06-08,3.4339872044851463,2.7448311611696488,2.0198088150347706,3.4240859045271352,0.6891560433154975,1,housewares
2018-06-09,2.833213344056216,2.5957710342278326,1.9030245698888095,3.2784252940336898,0.23744230982838355,1,housewares
2018-06-10,3.526360524616161,2.7024449210845853,2.0087379440261013,3.437135886064145,0.8239156035315758,1,housewares
2018-06-11,3.367295829986474,2.8909702775322703,2.125743215162923,3.5834177146625765,0.4763255524542038,1,housewares
2018-06-12,2.9957322735539904,2.980884193011291,2.28398036093019,3.731328158830809,0.014848080542699371,1,housewares
2018-06-13,3.4011973816621555,2.8589460942771705,2.1131818182469324,3.551224542736576,0.542251287384985,1,housewares
2018-06-14,2.772588722239781,2.93325231903627,2.2590142313626775,3.599376472655189,-0.16066359679648867,1,housewares
2018-06-15,2.70805020110221,2.844646673848589,2.141164554451388,3.560032514756244,-0.13659647274637887,1,housewares
2018-06-16,2.6390573296152584,2.6858483265941393,1.9952916986180835,3.407271554387247,-0.046790996978880894,1,housewares
2018-06-17,2.3978952727983707,2.779414789472498,2.0629059428411654,3.5349324647690206,-0.3815195166741274,1,housewares
2018-06-18,2.6390573296152584,2.951716987655382,2.2250364818453385,3.664104180905854,-0.31265965804012374,1,housewares
2018-06-19,2.772588722239781,3.022617205133821,2.289994665575204,3.7057162799800993,-0.2500284828940398,1,housewares
2018-06-20,2.70805020110221,2.8792648706282664,2.1749085563829142,3.5602522639713308,-0.17121466952605635,1,housewares
2018-06-21,3.1354942159291497,2.9302027000623525,2.2374346802934046,3.6203412989936066,0.20529151586679717,1,housewares
2018-06-22,2.772588722239781,2.816767493278551,2.1017669199836533,3.5584559513540976,-0.04417877103876977,1,housewares
2018-06-23,2.70805020110221,2.6322071510351854,1.9348923985745077,3.3419464391074416,0.07584305006702463,1,housewares
2018-06-24,2.9957322735539904,2.6996319114652603,2.003254686858505,3.364032718808704,0.29610036208873014,1,housewares
2018-06-25,2.8903717578961645,2.845977066321768,2.1283104857626904,3.593790550129633,0.04439469157439646,1,housewares
2018-06-26,2.9957322735539904,2.891668229601061,2.1565525542672006,3.585362438818601,0.10406404395292945,1,housewares
2018-06-27,2.9957322735539904,2.7244044118505197,2.035692752809784,3.455530212643557,0.2713278617034707,1,housewares
2018-06-28,3.2188758248682006,2.753251709611163,2.0616930171524475,3.4859443924864832,0.46562411525703773,1,housewares
2018-06-29,3.044522437723423,2.620032196313692,1.9240176442702308,3.3778847489598247,0.4244902414097309,1,housewares
2018-06-30,2.6390573296152584,2.48372157924059,1.8031146034129213,3.148754970995088,0.15533575037466862,2,housewares
2018-07-01,3.1780538303479458,2.5508173507583436,1.8143515956816805,3.291434291378179,0.6272364795896022,2,housewares
2018-07-02,2.8903717578961645,2.683252749246997,1.9580436654014326,3.361036339038682,0.20711900864916766,2,housewares
2018-07-03,3.258096538021482,2.714928435944189,2.0488294658420627,3.4477269000000548,0.5431681020772929,2,housewares
2018-07-04,3.4011973816621555,2.56309666666601,1.8976239953862737,3.2570365748777967,0.8381007149961452,2,housewares
2018-07-05,2.833213344056216,2.5897892658467767,1.8813123766149533,3.307250100596638,0.24342407820943945,2,housewares
2018-07-06,2.4849066497880004,2.476012657296983,1.8489638616058164,3.204912576978508,0.00889399249101741,2,housewares
2018-07-07,1.791759469228055,2.2716811627273605,1.5565276532140657,2.944749935965247,-0.4799216934993056,2,housewares
2018-07-08,1.9459101490553132,2.3514830945069463,1.6764805722617002,3.0587382058575354,-0.405572945451633,2,housewares
2018-07-09,2.4849066497880004,2.4992242049832125,1.8382261960561035,3.1842600306760893,-0.014317555195212162,2,housewares
2018-07-10,2.5649493574615367,2.5484892959983796,1.8953011646773161,3.255448530681059,0.01646006146315715,2,housewares
2018-07-11,1.9459101490553132,2.4161676563599923,1.639666797908306,3.115161284291075,-0.4702575073046791,2,housewares
2018-07-12,2.1972245773362196,2.4638887841474304,1.7254511389454312,3.1822567451492545,-0.26666420681121084,2,housewares
2018-07-13,2.833213344056216,2.3722260249640805,1.6886812374378397,3.102898886190211,0.46098731909213564,2,housewares
2018-07-14,2.0794415416798357,2.190639149900617,1.471770628154202,2.9274114113625576,-0.11119760822078106,2,housewares
2018-07-15,2.1972245773362196,2.2933501970614105,1.5913938336399336,3.0054850157356814,-0.09612561972519096,2,housewares
2018-07-16,3.044522437723423,2.463696925506442,1.7160313015459612,3.198025505092618,0.5808255122169812,2,housewares
2018-07-17,2.9444389791664403,2.5348044655764945,1.8278612785463078,3.2838498958906777,0.40963451358994574,2,housewares
2018-07-18,2.9444389791664403,2.42312061242758,1.7597782729009859,3.111366038186809,0.5213183667388601,2,housewares
2018-07-19,3.2188758248682006,2.4898610023305565,1.8181219161601396,3.2177958677586407,0.729014822537644,2,housewares
2018-07-20,2.8903717578961645,2.415221594016335,1.6942918187480673,3.0994813710428573,0.47515016387982945,2,housewares
2018-07-21,2.4849066497880004,2.248329283187892,1.5322980488114537,2.9528844328455675,0.23657736660010853,2,housewares
2018-07-22,3.091042453358316,2.3631247959936723,1.7065001439536538,3.1063742098106006,0.7279176573646438,2,housewares
2018-07-23,3.4339872044851463,2.5427220539010067,1.8594020836713459,3.214679221005451,0.8912651505841396,2,housewares
2018-07-24,3.3322045101752042,2.6200844627275117,1.9322633561563778,3.3110091039919993,0.7121200474476925,2,housewares
2018-07-25,3.6375861597263857,2.511563469656683,1.8495267126205517,3.2390833814797255,1.1260226900697026,2,housewares
2018-07-26,3.044522437723423,2.5783455554124677,1.8478957159212392,3.282104018182106,0.46617688231095533,2,housewares
2018-07-27,2.302585092994046,2.500665043807632,1.7921616699592422,3.2114047159269137,-0.19807995081358598,2,housewares
2018-07-28,2.833213344056216,2.327753550019831,1.584206992245416,2.968435731175697,0.5054597940363852,2,housewares
2018-07-29,3.295836866004329,2.433720240170632,1.7608736648779408,3.1439199364625208,0.8621166258336972,2,housewares
2018-07-30,3.3322045101752042,2.9440277397028334,2.212035818543766,3.656407334460163,0.38817677047237087,3,housewares
2018-07-31,3.784189633918261,3.0026138799526407,2.311856100519513,3.7242133327426137,0.7815757539656203,3,housewares
2018-08-01,3.4965075614664802,2.877311523250094,2.173827842308251,3.5974923608828164,0.6191960382163861,3,housewares
2018-08-02,3.1780538303479458,2.909089842159099,2.19162498803905,3.601438670040723,0.2689639881888466,3,housewares
2018-08-03,2.9957322735539904,2.8003439597472943,2.071907361297246,3.516351097487883,0.19538831380669608,3,housewares
2018-08-04,3.2188758248682006,2.594121208877558,1.8401962355237063,3.285997405767045,0.6247546159906427,3,housewares
2018-08-05,3.295836866004329,2.6865850441638544,2.005748776577112,3.4157626442083995,0.6092518218404748,3,housewares
2018-08-06,3.3322045101752042,2.8296167682298963,2.1519135991805145,3.5284615700308803,0.502587741945308,3,housewares
2018-08-07,3.737669618283368,2.8638377633593404,2.219829812848102,3.5977790181780094,0.8738318549240276,3,housewares
2018-08-08,3.4011973816621555,2.716385216116981,2.031622440112784,3.440072493040339,0.6848121655451744,3,housewares
2018-08-09,3.367295829986474,2.7286780000310684,2.0117762933845795,3.4760266593297686,0.6386178299554057,3,housewares
2018-08-10,2.8903717578961645,2.603497631673168,1.8695201000539219,3.3331124306243303,0.2868741262229966,3,housewares
2018-08-11,2.833213344056216,2.384206173231694,1.6493376056095552,3.04542885540456,0.449007170824522,3,housewares
2018-08-12,2.6390573296152584,2.4672034925445767,1.7392348337978822,3.194275202316274,0.1718538370706817,3,housewares
2018-08-13,3.367295829986474,2.6045241892101076,1.8783850001064226,3.2617766569521005,0.7627716407763665,3,housewares
2018-08-14,3.526360524616161,2.63685698038622,1.9262044038739905,3.308896521999679,0.889503544229941,3,housewares
2018-08-15,3.295836866004329,2.491319589732536,1.7712085047429795,3.152844751209788,0.8045172762717931,3,housewares
2018-08-16,3.4011973816621555,2.509225812611424,1.7869968635742353,3.22055316819125,0.8919715690507313,3,housewares
2018-08-17,3.2188758248682006,2.3931696331462433,1.7135364190920972,3.0988168182490567,0.8257061917219572,3,housewares
2018-08-18,2.833213344056216,2.1862481798741658,1.4335191811578611,2.8803661954500512,0.6469651641820504,3,housewares
2018-08-19,3.6109179126442243,2.2845258002839994,1.5798293261668899,2.983364019417334,1.326392112360225,3,housewares
2018-08-20,2.9444389791664403,2.4396393912071574,1.7849071956329432,3.1254800570741796,0.5047995879592828,3,housewares
2018-08-21,3.1354942159291497,2.491827570387028,1.7918405357084852,3.159556204992098,0.6436666455421216,3,housewares
2018-08-22,3.4011973816621555,2.3677164929052297,1.665182234591745,3.0547022077422095,1.0334808887569258,3,housewares
2018-08-23,2.0794415416798357,2.4080987202546664,1.733795695425775,3.135266956169603,-0.3286571785748307,3,housewares
2018-08-24,2.9444389791664403,2.31502973326829,1.589248575968986,3.0844024034415916,0.6294092458981502,3,housewares
2018-08-25,1.791759469228055,2.131063579085195,1.406833387399368,2.805733285399773,-0.3393041098571401,3,housewares
2018-08-26,2.302585092994046,2.2517296309443227,1.547375043761795,2.9573863524788244,0.05085546204972324,3,housewares
2018-08-27,2.6390573296152584,2.4281502984874264,1.7207732435454102,3.1117691367442926,0.21090703112783205,3,housewares
2018-08-28,2.1972245773362196,2.500081984095166,1.825815727215863,3.196135066492433,-0.30285740675894646,3,housewares
2018-06-01,2.9444389791664403,2.558819342298123,1.9374500658231364,3.1747902061432467,0.38561963686831735,1,watches_gifts
2018-06-02,2.9957322735539904,2.385156157312553,1.7480493025800563,3.0101010459445288,0.6105761162414374,1,watches_gifts
2018-06-03,2.302585092994046,2.522362941414946,1.9101258364081712,3.070684766419638,-0.2197778484209003,1,watches_gifts
2018-06-04,2.3978952727983707,2.7044910566936746,2.115291699362023,3.36818510188209,-0.30659578389530395,1,watches_gifts
2018-06-05,1.3862943611198906,2.6731005437888955,2.0133211609018056,3.2545576974504904,-1.286806182669005,1,watches_gifts
2018-06-06,3.044522437723423,2.6829090419687947,2.027237188794606,3.255178257494644,0.36161339575462836,1,watches_gifts
2018-06-07,2.833213344056216,2.691975775600919,2.0778674865560602,3.334991784555163,0.14123756845529734,1,watches_gifts
2018-06-08,2.9444389791664403,2.715020344521297,2.083809553130121,3.288408320967764,0.22941863464514345,1,watches_gifts
2018-06-09,2.4849066497880004,2.5433743874134485,1.9055207806080465,3.1854398873014764,-0.0584677376254481,1,watches_gifts
2018-06-10,2.5649493574615367,2.6774900455458415,2.0070303998093864,3.3350779050247517,-0.11254068808430473,1,watches_gifts
2018-06-11,3.367295829986474,2.8515374256816512,2.250982473187816,3.4568215919521714,0.5157584043048229,1,watches_gifts
2018-06-12,3.1354942159291497,2.8073176659846415,2.1480644334390577,3.408970879138787,0.3281765499445082,1,watches_gifts
2018-06-13,3.044522437723423,2.7999062397257344,2.1650724922538482,3.4375363553009137,0.24461619799768863,1,watches_gifts
2018-06-14,2.8903717578961645,2.7878284109187077,2.1507394004584497,3.427863277380556,0.10254334697745682,1,watches_gifts
2018-06-15,2.6390573296152584,2.7863667800129805,2.1571167556577198,3.431894001872262,-0.14730945039772214,1,watches_gifts
2018-06-16,2.772588722239781,2.5874992598259756,1.9272251719045397,3.200166980794409,0.18508946241380553,1,watches_gifts
2018-06-17,3.044522437723423,2.6923917438441904,2.07923279689279,3.3038164235884264,0.35213069387923257,1,watches_gifts
2018-06-18,3.295836866004329,2.8359780558158887,2.1606138170792475,3.4391212553855595,0.45985881018844044,1,watches_gifts
2018-06-19,3.1354942159291497,2.7608542199532238,2.090062773376259,3.39572873465436,0.3746399959759259,1,watches_gifts
2018-06-20,2.772588722239781,2.7229021563334137,2.1001047753700903,3.3338882215417316,0.04968656590636744,1,watches_gifts
2018-06-21,3.091042453358316,2.68144520757864,2.1034436241367596,3.3140877783809275,0.40959724577967593,1,watches_gifts
2018-06-22,2.70805020110221,2.652535936391975,2.0368660238406004,3.2535994477663626,0.05551426471023513,1,watches_gifts
2018-06-23,2.302585092994046,2.428875032090202,1.803269842833178,3.057546532338692,-0.12628993909615627,1,watches_gifts
2018-06-24,2.3978952727983707,2.512286069787676,1.9019968026482215,3.0936012370676833,-0.11439079698930543,1,watches_gifts
2018-06-25,3.091042453358316,2.6382791637629586,2.0304958323082882,3.277268862767703,0.4527632895953575,1,watches_gifts
2018-06-26,3.091042453358316,2.549930966193636,1.931164159372763,3.163413783968283,0.54111148716468,1,watches_gifts
2018-06-27,2.9957322735539904,2.5034964763295,1.8629849986288052,3.1329458703850017,0.4922357972244904,1,watches_gifts
2018-06-28,2.6390573296152584,2.458555365794441,1.8081929094259088,3.087457531907347,0.1805019638208174,1,watches_gifts
2018-06-29,2.4849066497880004,2.4312934906458996,1.8252482233953473,3.0669120896308124,0.05361315914210074,1,watches_gifts
2018-06-30,1.6094379124341003,2.214418584765851,1.603054759574938,2.7792036009988235,-0.6049806723317508,1,watches_gifts
2018-07-01,2.833213344056216,2.395187870184741,1.775038936919227,2.999176110921805,0.43802547387147506,2,watches_gifts
2018-07-02,2.772588722239781,2.548821048994194,1.9551471620959144,3.185762091265156,0.22376767324558733,2,watches_gifts
2018-07-03,2.833213344056216,2.458093941810349,1.8292117876054435,3.1071884436950863,0.37511940224586704,2,watches_gifts
2018-07-04,2.9444389791664403,2.4491243036265793,1.7847678187312914,3.066034911911327,0.49531467553986097,2,watches_gifts
2018-07-05,2.772588722239781,2.421419580859091,1.773168887586717,3.0949264154980174,0.35116914138069033,2,watches_gifts
2018-07-06,2.302585092994046,2.417623870561607,1.8151355082665401,3.025441746741696,-0.1150387775675612,2,watches_gifts
2018-07-07,1.9459101490553132,2.218212312829707,1.6145285091902204,2.8034602086203195,-0.27230216377439365,2,watches_gifts
2018-07-08,1.9459101490553132,2.346042546261014,1.7327281981851805,2.9756300738663497,-0.4001323972057007,2,watches_gifts
2018-07-09,2.6390573296152584,2.537197495746504,1.9300046414230596,3.1457518049158275,0.10185983386875419,2,watches_gifts
2018-07-10,2.70805020110221,2.4842366216612177,1.850722129643784,3.162268734469866,0.22381357944099234,2,watches_gifts
2018-07-11,2.772588722239781,2.5123987010246442,1.8904984731067922,3.1739000044856946,0.2601900212151369,2,watches_gifts
2018-07-12,3.1354942159291497,2.5203320594028567,1.8594216592844972,3.144054589072213,0.615162156526293,2,watches_gifts
2018-07-13,3.044522437723423,2.549862475725931,1.9276643496787365,3.1467230659401273,0.49465996199749185,2,watches_gifts
2018-07-14,2.8903717578961645,2.380707369343176,1.7552182619270706,3.014077489069484,0.5096643885529883,2,watches_gifts
2018-07-15,2.9957322735539904,2.5350454058336345,1.889415243474194,3.158662904479285,0.46068686772035594,2,watches_gifts
2018-07-16,2.9957322735539904,2.7483753426618542,2.0861477617953392,3.372827217474236,0.24735693089213617,2,watches_gifts
2018-07-17,3.091042453358316,2.7127808521058134,2.1657550965976764,3.378057069496084,0.37826160125250263,2,watches_gifts
2018-07-18,3.044522437723423,2.753144066805276,2.1228251664702236,3.3874396918393406,0.2913783709181472,2,watches_gifts
2018-07-19,2.772588722239781,2.7678835159071964,2.086445919894381,3.4000066450096162,0.004705206332584755,2,watches_gifts
2018-07-20,3.465735902799727,2.7987265036741844,2.17149580366967,3.421060732318449,0.6670093991255426,2,watches_gifts
2018-07-21,2.70805020110221,2.625424453910004,1.9788993855777766,3.2417267887887737,0.08262574719220606,2,watches_gifts
2018-07-22,3.1780538303479458,2.7703203567020616,2.184576187533673,3.378097250703121,0.4077334736458842,2,watches_gifts
2018-07-23,2.9444389791664403,2.9692022238739186,2.3673507277327963,3.550638441427951,-0.02476324470747837,2,watches_gifts
2018-07-24,2.3978952727983707,2.9145594582210337,2.303085131461816,3.5421015363458346,-0.516664185422663,2,watches_gifts
2018-07-25,3.044522437723423,2.9317851268845834,2.2997914904800485,3.529983678675584,0.11273731083883964,2,watches_gifts
2018-07-26,3.367295829986474,2.919900122068733,2.2693419166821847,3.5083389944413548,0.4473957079177411,2,watches_gifts
2018-07-27,2.5649493574615367,2.9213096375839935,2.313118661320023,3.507412780233867,-0.3563602801224568,2,watches_gifts
2018-07-28,2.5649493574615367,2.7165009121447397,2.0960231854035802,3.3582545414500826,-0.15155155468320292,2,watches_gifts
2018-07-29,2.6390573296152584,2.8285918427911434,2.2050287920836853,3.4399698963632854,-0.189534513175885,2,watches_gifts
2018-07-30,2.8903717578961645,2.994164868359248,2.4217063383873025,3.6162754189951065,-0.1037931104630836,2,watches_gifts
2018-07-31,3.3322045101752042,2.9393152634040467,2.2731463982160793,3.561981165145775,0.39288924677115755,3,watches_gifts
2018-08-01,3.3322045101752042,2.9303741705475774,2.2994552408824696,3.536198627950869,0.4018303396276268,3,watches_gifts
2018-08-02,2.8903717578961645,2.88673178569495,2.298176587303881,3.4727137262378247,0.00363997220121437,3,watches_gifts
2018-08-03,3.295836866004329,2.8513889832701995,2.2296671913190567,3.5006841718361477,0.4444478827341296,3,watches_gifts
2018-08-04,2.8903717578961645,2.611390269583416,2.024816709810748,3.273466828142426,0.2789814883127484,3,watches_gifts
2018-08-05,3.295836866004329,2.711035516314,2.080607309077624,3.3037310520320955,0.5848013496903293,3,watches_gifts
2018-08-06,3.258096538021482,2.85610855820134,2.233810274050132,3.444015312541482,0.401987979820142,3,watches_gifts
2018-08-07,3.044522437723423,2.759235384136809,2.0875818777219495,3.3623341595571716,0.2852870535866141,3,watches_gifts
2018-08-08,3.1354942159291497,2.749884886597919,2.1259048486048253,3.3452026137756716,0.3856093293312308,3,watches_gifts
2018-08-09,2.70805020110221,2.710209528996174,2.059631227136795,3.2821662129250604,-0.0021593278939637806,3,watches_gifts
2018-08-10,2.772588722239781,2.6830384590092784,2.0959445486372794,3.2657236379185552,0.08955026323050275,3,watches_gifts
2018-08-11,2.8903717578961645,2.455145148337862,1.8229893696878048,3.074392633818117,0.4352266095583026,3,watches_gifts
2018-08-12,2.1972245773362196,2.5704676748285253,1.957254709302364,3.172596095905549,-0.3732430974923058,3,watches_gifts
2018-08-13,2.9444389791664403,2.7343480282600767,2.16141501927977,3.3114953227341712,0.21009095090636354,3,watches_gifts
2018-08-14,3.2188758248682006,2.658902853636032,2.0505256061030424,3.3106402336579857,0.5599729712321686,3,watches_gifts
2018-08-15,3.091042453358316,2.6730382381350184,2.0935370562198203,3.311825798368945,0.41800421522329767,3,watches_gifts
2018-08-16,3.2188758248682006,2.6583055092950514,1.9819275354031167,3.2844355318102054,0.5605703155731492,3,watches_gifts
2018-08-17,2.0794415416798357,2.656910158438475,2.002787011574399,3.2669476895071856,-0.5774686167586394,3,watches_gifts
2018-08-18,2.70805020110221,2.4549955450554473,1.841568092704867,3.0865916680345036,0.2530546560467628,3,watches_gifts
2018-08-19,1.6094379124341003,2.595879074359831,1.9507800864138791,3.198775930487565,-0.9864411619257305,3,watches_gifts
2018-08-20,2.5649493574615367,2.7843068179376593,2.138918868863182,3.349367802821548,-0.2193574604761226,3,watches_gifts
2018-08-21,2.4849066497880004,2.731838603219956,2.084257800219616,3.329911281774336,-0.24693195343195562,3,watches_gifts
2018-08-22,2.5649493574615367,2.7668758230985913,2.1609583393115264,3.4274181774975934,-0.20192646563705452,3,watches_gifts
2018-08-23,2.302585092994046,2.7705286207412367,2.204208821768676,3.3432923911393777,-0.46794352774719083,3,watches_gifts
2018-08-24,2.4849066497880004,2.7846343010487327,2.1335860340855293,3.4301100039046335,-0.2997276512607323,3,watches_gifts
2018-08-25,1.3862943611198906,2.595048418048825,1.978222275234808,3.2160544706995875,-1.2087540569289346,3,watches_gifts
2018-08-26,1.0986122886681098,2.7448860846726246,2.1595367724487704,3.389668786872763,-1.6462737960045148,3,watches_gifts
2018-08-27,1.0986122886681098,2.9387793925036725,2.3290941586555904,3.5408366293078783,-1.8401671038355627,3,watches_gifts
2018-08-28,0.6931471805599453,2.888262949299234,2.221813267342315,3.5060827379372324,-2.1951157687392886,3,watches_gifts
2018-08-29,1.0986122886681098,2.9217998312447144,2.324274247050901,3.533036631482168,-1.8231875425766046,3,watches_gifts
2018-05-31,1.9459101490553132,1.9409082308357586,1.3113269163297712,2.5042879653370806,0.005001918219554646,1,telephony
2018-06-01,2.0794415416798357,1.9167666243286425,1.2908759085163979,2.5286499289700926,0.16267491735119322,1,telephony
2018-06-02,1.3862943611198906,1.7420279349867254,1.1662064981953186,2.340228293226057,-0.3557335738668348,1,telephony
2018-06-03,1.9459101490553132,1.728471399919702,1.1088865792426934,2.3125705365055906,0.21743874913561134,1,telephony
2018-06-04,2.1972245773362196,1.9861042045800594,1.38634980407417,2.5484939950875627,0.21112037275616014,1,telephony
2018-06-05,1.791759469228055,1.963098412436706,1.4067819766511451,2.4960480032545633,-0.17133894320865095,1,telephony
2018-06-06,1.9459101490553132,1.962007888156164,1.3810361835790514,2.5604346697560803,-0.016097739100850772,1,telephony
2018-06-07,1.791759469228055,1.9273035587833642,1.3253208743138174,2.530805348660767,-0.13554408955530928,1,telephony
2018-06-08,1.9459101490553132,1.8989568516158273,1.2715303100711406,2.500382566555734,0.04695329743948595,1,telephony
2018-06-09,2.1972245773362196,1.7166444338790352,1.1116997316307953,2.259668824205126,0.48058014345718436,1,telephony
2018-06-10,2.0794415416798357,1.6922363702987453,1.0639420625895524,2.2751919811591024,0.38720517138109045,1,telephony
2018-06-11,2.1972245773362196,1.935921185561979,1.3384027635899616,2.5741742463749677,0.26130339177424067,1,telephony
2018-06-12,2.8903717578961645,1.8961391846672524,1.2998172030359731,2.4789140446067823,0.9942325732289121,1,telephony
2018-06-13,2.302585092994046,1.8757935462438111,1.2898501670977938,2.4597320037305686,0.4267915467502348,1,telephony
2018-06-14,1.6094379124341003,1.8197776651416073,1.2504937749681697,2.4612565310860295,-0.21033975270750704,1,telephony
2018-06-15,1.9459101490553132,1.7685487672278581,1.1663182334994817,2.3732597398527906,0.1773613818274551,1,telephony
2018-06-16,2.1972245773362196,1.5623211538100499,0.9726483271436932,2.136620694008788,0.6349034235261697,1,telephony
2018-06-17,2.302585092994046,1.5135414665937212,0.9307452487004706,2.1292224273468494,0.7890436264003247,1,telephony
2018-06-18,2.5649493574615367,1.7329997708192557,1.132727320139504,2.3091158859565257,0.831949586642281,1,telephony
2018-06-19,2.1972245773362196,1.6697481485176622,1.0310960030814444,2.3026426385452075,0.5274764288185574,1,telephony
2018-06-20,2.302585092994046,1.6272966759378948,1.0189658929146517,2.1895511791428874,0.6752884170561511,1,telephony
2018-06-21,2.4849066497880004,1.5511256316506927,0.9627828678280709,2.1634754498736575,0.9337810181373076,1,telephony
2018-06-22,2.302585092994046,1.4822443306187802,0.8722363267625572,2.098118163193613,0.8203407623752657,1,telephony
2018-06-23,1.9459101490553132,1.261370307020186,0.6807025877279083,1.8181409689405825,0.6845398420351272,1,telephony
2018-06-24,1.3862943611198906,1.201391586077058,0.586030031602126,1.8064028079870402,0.18490277504283248,1,telephony
2018-06-25,1.6094379124341003,1.4134661672613755,0.8044433634130375,2.0161303256971936,0.19597174517272475,1,telephony
2018-06-26,2.6390573296152584,1.3469307028539048,0.7693497911016492,1.953294201784217,1.2921266267613536,1,telephony
2018-06-27,0.6931471805599453,1.3054884980568096,0.6398688385773268,1.853154986933772,-0.6123413174968643,1,telephony
2018-06-28,1.9459101490553132,1.2347158850622248,0.6869876654941477,1.8650500588030856,0.7111942639930884,1,telephony
2018-06-29,2.0794415416798357,1.1756175209389723,0.6010081813983209,1.771192926017341,0.9038240207408634,1,telephony
2018-06-30,1.791759469228055,1.3460618886066689,0.7889721303527103,1.9698328329681078,0.4456975806213861,2,telephony
2018-07-01,0.6931471805599453,1.294666572994625,0.7678387407058117,1.9107884000602287,-0.6015193924346797,2,telephony
2018-07-02,1.3862943611198906,1.5151097381763685,0.9389017275703969,2.1428698896633813,-0.12881537705647794,2,telephony
2018-07-03,2.302585092994046,1.4764647136719935,0.9072590531562814,2.0615396693402226,0.8261203793220524,2,telephony
2018-07-04,2.0794415416798357,1.4285727396802095,0.8296997969046745,2.079103693570759,0.6508688019996263,2,telephony
2018-07-05,2.302585092994046,1.3843898759267437,0.7899509307430416,1.995202621138866,0.9181952170673022,2,telephony
2018-07-06,0.6931471805599453,1.3544330346023021,0.7563899344867009,2.001462153418312,-0.6612858540423568,2,telephony
2018-07-07,1.0986122886681098,1.166844050775952,0.5754191120745699,1.7497589085711436,-0.06823176210784232,2,telephony
2018-07-08,1.6094379124341003,1.1504143487925411,0.5235082833101653,1.7282347763985204,0.45902356364155916,2,telephony
2018-07-09,1.3862943611198906,1.407113606960047,0.7860989715323985,1.9907675388563748,-0.020819245840156375,2,telephony
2018-07-10,2.5649493574615367,1.4051993233361915,0.7859216768622772,2.0221827519362776,1.1597500341253453,2,telephony
2018-07-11,1.0986122886681098,1.3936837746065125,0.7707794999645133,2.036948968604813,-0.2950714859384027,2,telephony
2018-07-12,0.6931471805599453,1.3847006006587819,0.824949303257932,2.008095354044354,-0.6915534200988366,2,telephony
2018-07-13,1.0986122886681098,1.3879704059602682,0.757972156377958,1.99642058209885,-0.28935811729215843,2,telephony
2018-07-14,1.9459101490553132,1.2308838156349804,0.6389080405844374,1.8741649828387,0.7150263334203328,2,telephony
2018-07-15,1.791759469228055,1.241544082785969,0.6264397251556693,1.8231891228127073,0.550215386442086,2,telephony
2018-07-16,2.1972245773362196,1.5213122123252512,0.9152381372734368,2.1120617430863886,0.6759123650109684,2,telephony
2018-07-17,2.0794415416798357,1.537931102797338,0.9451556072921801,2.1308767394710144,0.5415104388824978,2,telephony
2018-07-18,2.302585092994046,1.5400048424973567,0.9687126317861675,2.1547350035728625,0.7625802504966892,2,telephony
2018-07-19,2.3978952727983707,1.5393750912104847,0.962168004054925,2.157263492603155,0.858520181587886,2,telephony
2018-07-20,2.4849066497880004,1.5455936992525037,0.9522652297725496,2.178659946088953,0.9393129505354967,2,telephony
2018-07-21,2.0794415416798357,1.3860098300393457,0.733105385300008,1.99967741211576,0.69343171164049,2,telephony
2018-07-22,2.302585092994046,1.388813583032009,0.7626022678755892,1.9908309417971943,0.9137715099620369,2,telephony
2018-07-23,2.3978952727983707,1.6555790570631481,1.0270805980325115,2.2015038032163616,0.7423162157352226,2,telephony
2018-07-24,2.1972245773362196,1.654383405240305,1.0965661383964862,2.2968392513397573,0.5428411720959145,2,telephony
2018-07-25,2.0794415416798357,1.6342781412472136,0.9924234544357733,2.218845616502626,0.44516340043262215,2,telephony
2018-07-26,1.791759469228055,1.6076548225116978,0.9996192640825227,2.2081357581457968,0.18410464671635718,2,telephony
2018-07-27,2.5649493574615367,1.5847045219274438,0.9650130520920508,2.1740931848498755,0.9802448355340929,2,telephony
2018-07-28,2.6390573296152584,1.3934896737391729,0.8003972415617057,1.9976023615308487,1.2455676558760855,2,telephony
2018-07-29,1.9459101490553132,1.3629706613155537,0.7462956327949558,1.9501736614812686,0.5829394877397596,2,telephony
2018-07-30,2.9444389791664403,2.123922206508251,1.520703797888296,2.7541162612418963,0.8205167726581895,3,telephony
2018-07-31,2.70805020110221,2.106658095853532,1.5030696852421392,2.7355266740649564,0.6013921052486779,3,telephony
2018-08-01,2.833213344056216,2.02500972428797,1.409576438816705,2.6705697717165293,0.8082036197682463,3,telephony
2018-08-02,2.6390573296152584,1.9580206659341808,1.3346730168950702,2.576589067098364,0.6810366636810776,3,telephony
2018-08-03,2.8903717578961645,1.9002119661408288,1.3125911028255692,2.5400836648788934,0.9901597917553357,3,telephony
2018-08-04,2.4849066497880004,1.6954505019768833,1.0542868013025255,2.29316455405808,0.7894561478111171,3,telephony
2018-08-05,2.302585092994046,1.61900855418446,1.0003510120763748,2.2387734202620067,0.6835765388095858,3,telephony
2018-08-06,3.1354942159291497,1.8237910957955685,1.2375144174598443,2.408331056729527,1.3117031201335811,3,telephony
2018-08-07,3.091042453358316,1.7897293345360028,1.161209784218248,2.3961941815965377,1.3013131188223133,3,telephony
2018-08-08,2.9957322735539904,1.6977684265746587,1.0690855014747858,2.2655189086215533,1.2979638469793318,3,telephony
2018-08-09,2.3978952727983707,1.6271489449065508,0.9682122777642094,2.2190078856895856,0.7707463278918198,3,telephony
2018-08-10,2.5649493574615367,1.5724355977962468,0.9582659355105503,2.188732978009174,0.99251375966529,3,telephony
2018-08-11,2.5649493574615367,1.3773852948475218,0.7620507131318517,1.9947240470001475,1.187564062614015,3,telephony
2018-08-12,2.302585092994046,1.3170100543661034,0.7095328645430345,1.925738813528397,0.9855750386279425,3,telephony
2018-08-13,2.302585092994046,1.5438111609681466,0.9245678216068,2.114953683379313,0.7587739320258993,3,telephony
2018-08-14,2.5649493574615367,1.5371829291890164,0.8653107301394721,2.1472357352875164,1.0277664282725203,3,telephony
2018-08-15,2.0794415416798357,1.4774137290707308,0.9014892707529615,2.1304325941355016,0.602027812609105,3,telephony
2018-08-16,2.4849066497880004,1.442983522009311,0.8026991203556301,2.0415984381814227,1.0419231277786893,3,telephony
2018-08-17,2.302585092994046,1.4276110025271391,0.8447748628264857,2.042225009830878,0.8749740904669068,3,telephony
2018-08-18,1.791759469228055,1.2741419891343706,0.6467351156089693,1.8762941018591501,0.5176174800936844,3,telephony
2018-08-19,2.302585092994046,1.2566340603726935,0.6187597946928031,1.8909920812013605,1.0459510326213524,3,telephony
2018-08-20,1.791759469228055,1.5266133166699316,0.9323677472491458,2.1457986504183078,0.26514615255812335,3,telephony
2018-08-21,2.70805020110221,1.5625010778240864,0.9480677862477653,2.1937240787822847,1.1455491232781236,3,telephony
2018-08-22,1.791759469228055,1.5436376219626706,0.9633027437642796,2.150328193423517,0.24812184726538433,3,telephony
2018-08-23,1.3862943611198906,1.5476016734176787,0.9374285066021468,2.1586088062919613,-0.16130731229778816,3,telephony
2018-08-24,1.3862943611198906,1.567278216756004,0.9131370338620128,2.2121443983867026,-0.1809838556361134,3,telephony
2018-08-25,1.0986122886681098,1.4447657965729537,0.8115388112166616,2.098635078054664,-0.3461535079048439,3,telephony
2018-08-26,1.3862943611198906,1.453477861982619,0.8105410681913915,2.0533844435044326,-0.0671835008627284,3,telephony
2018-08-27,0.6931471805599453,1.7444136559531644,1.1264201275116574,2.353155773127032,-1.051266475393219,3,telephony
2018-08-28,1.0986122886681098,1.795596144260847,1.1578194461517057,2.384578642817286,-0.6969838555927372,3,telephony
2018-05-17,2.5649493574615367,2.13375980362803,1.3722301239189396,2.860700611453862,0.4311895538335069,1,garden_tools
2018-05-18,2.70805020110221,1.9509735573744922,1.1167203816392712,2.7489674179943857,0.7570766437277179,1,garden_tools
2018-05-19,2.833213344056216,1.7277995780198443,0.9610739960013707,2.456820416538918,1.1054137660363719,1,garden_tools
2018-05-20,2.1972245773362196,1.7561599284501161,0.9987548468965067,2.540733183687428,0.4410646488861034,1,garden_tools
2018-05-21,1.791759469228055,2.0100620193115484,1.2508000116179454,2.76025436119535,-0.21830255008349342,1,garden_tools
2018-05-22,1.3862943611198906,1.9399927112947764,1.1765784630206642,2.6756045830673654,-0.5536983501748858,1,garden_tools
2018-05-23,1.3862943611198906,1.9579996105088022,1.146583402592616,2.711639696228246,-0.5717052493889117,1,garden_tools
2018-05-24,2.4849066497880004,1.9991681391707832,1.2450402780403877,2.7922340701096857,0.4857385106172172,1,garden_tools
2018-05-25,2.1972245773362196,1.832997721815859,1.1175430734269758,2.6015846961803817,0.3642268555203605,1,garden_tools
2018-05-26,1.9459101490553132,1.626432912223495,0.8787172476189372,2.3966449896338458,0.31947723683181817,1,garden_tools
2018-05-27,2.302585092994046,1.6708971882876182,0.8545403132682479,2.4238388072043264,0.6316879047064277,1,garden_tools
2018-05-28,1.9459101490553132,1.939916743386808,1.2026159292112437,2.6939622174339197,0.005993405668505147,1,garden_tools
2018-05-29,2.302585092994046,1.8835274591233353,1.1380636823611014,2.6640330157697636,0.4190576338707106,1,garden_tools
2018-05-30,0.6931471805599453,1.9133683502321968,1.1645838337839585,2.6759882699890625,-1.2202211696722514,1,garden_tools
2018-05-31,1.791759469228055,1.9641697437966084,1.2224902193215477,2.7048030499686404,-0.1724102745685534,1,garden_tools
2018-06-01,1.0986122886681098,1.8051392379446343,1.0054006295374749,2.582961888534281,-0.7065269492765245,1,garden_tools
2018-06-02,1.0986122886681098,1.6030010031533,0.8181320207342072,2.3880771771947487,-0.5043887144851902,1,garden_tools
2018-06-03,1.3862943611198906,1.6490359313181202,0.8843790811244889,2.381567339480336,-0.26274157019822963,1,garden_tools
2018-06-04,1.9459101490553132,1.916709785096685,1.1590275553325733,2.701224614390956,0.02920036395862824,1,garden_tools
2018-06-05,2.4849066497880004,1.8560824072038147,0.9961928564805923,2.560900304722692,0.6288242425841857,1,garden_tools
2018-06-06,2.3978952727983707,1.8789012096990898,1.1691202510110983,2.65453195951305,0.5189940630992809,1,garden_tools
2018-06-07,2.1972245773362196,1.9200871911303155,1.1687611520836576,2.7201242226928106,0.2771373862059041,1,garden_tools
2018-06-08,1.791759469228055,1.7491165696106272,0.9992328570990365,2.513596477522096,0.04264289961742773,1,garden_tools
2018-06-09,1.791759469228055,1.5330536941540518,0.6950735199379715,2.3010747442138073,0.25870577507400316,1,garden_tools
2018-06-10,1.0986122886681098,1.5635828925731523,0.7983709258795962,2.3633100853881537,-0.4649706039050425,1,garden_tools
2018-06-11,2.3978952727983707,1.8146266117711791,1.072670009219785,2.567469825900831,0.5832686610271915,1,garden_tools
2018-06-12,2.3978952727983707,1.736743158543104,1.0004772079243194,2.5131698022480005,0.6611521142552668,1,garden_tools
2018-06-13,2.1972245773362196,1.7422075481157564,0.9655316594161796,2.4820595654713467,0.45501702922046317,1,garden_tools
2018-06-14,1.3862943611198906,1.7664840269608464,1.0155079938319838,2.521682682385552,-0.3801896658409558,1,garden_tools
2018-06-15,1.3862943611198906,1.5795936998982825,0.8348166401864512,2.265405150436919,-0.1932993387783919,1,garden_tools
2018-06-16,1.6094379124341003,1.437097162593032,0.6765948552663575,2.2753426213432566,0.17234074984106829,2,garden_tools
2018-06-17,1.3862943611198906,1.4454576326562958,0.6675569888142097,2.254609776798484,-0.059163271536405215,2,garden_tools
2018-06-18,1.0986122886681098,1.690134187873343,0.8712337900540981,2.4932577680958623,-0.5915218992052331,2,garden_tools
2018-06-19,2.1972245773362196,1.6172623490339557,0.8491987789305362,2.367479566931768,0.5799622283022638,2,garden_tools
2018-06-20,2.302585092994046,1.597085939197319,0.8588815411521157,2.351022208694295,0.705499153796727,2,garden_tools
2018-06-21,1.0986122886681098,1.6406528202189472,0.915863932714104,2.4440682099358924,-0.5420405315508374,2,garden_tools
2018-06-22,1.791759469228055,1.4531738173814794,0.749347461902484,2.229379575175053,0.3385856518465755,2,garden_tools
2018-06-23,1.0986122886681098,1.244122712690154,0.4793159817755519,2.0184819694759857,-0.14551042402204417,2,garden_tools
2018-06-24,1.0986122886681098,1.2604527340786351,0.5501283212891296,2.061069441309727,-0.16184044541052534,2,garden_tools
2018-06-25,2.6390573296152584,1.5166602598009633,0.771665422155248,2.2772224357678406,1.122397069814295,2,garden_tools
2018-06-26,2.6390573296152584,1.4588034040975675,0.6834319135822494,2.2037979453773033,1.180253925517691,2,garden_tools
2018-06-27,3.044522437723423,1.4569621256699503,0.705433211471739,2.205646199630674,1.5875603120534727,2,garden_tools
2018-06-28,1.6094379124341003,1.5219366864127415,0.7692561104454244,2.2816297751729078,0.08750122602135879,2,garden_tools
2018-06-29,1.3862943611198906,1.3586114025964218,0.5652084776736666,2.1597644920618655,0.027682958523468804,2,garden_tools
2018-06-30,1.9459101490553132,1.1760614567776195,0.3753893325898052,1.9028600295005262,0.7698486922776937,2,garden_tools
2018-07-01,2.5649493574615367,1.220778034483111,0.4560532272070802,2.0243180165119856,1.3441713229784258,2,garden_tools
2018-07-02,2.302585092994046,1.5067422949692835,0.7144869106721784,2.2842977852966917,0.7958427980247624,2,garden_tools
2018-07-03,1.3862943611198906,1.4794555907968672,0.6890336584938405,2.235264195111643,-0.0931612296769766,2,garden_tools
2018-07-04,1.6094379124341003,1.5084122914785747,0.7148757037085757,2.3333342253174028,0.10102562095552559,2,garden_tools
2018-07-05,2.4849066497880004,1.6038117248110242,0.7925015719390055,2.4336570362930616,0.8810949249769762,2,garden_tools
2018-07-06,1.0986122886681098,1.4699358447682138,0.7424251310793091,2.2458779405374893,-0.37132355610010404,2,garden_tools
2018-07-07,1.6094379124341003,1.3152700499836745,0.5710697642625604,2.0816040902326267,0.2941678624504258,2,garden_tools
2018-07-08,1.3862943611198906,1.3857420705480208,0.677424093328683,2.1285506236182785,0.0005522905718697846,2,garden_tools
2018-07-09,0.6931471805599453,1.6948090928913901,0.9447342917335387,2.4851095049156187,-1.001661912331445,2,garden_tools
2018-07-10,1.791759469228055,1.6875002134325496,0.8908853872576058,2.4324924823184637,0.10425925579550532,2,garden_tools
2018-07-13,1.9459101490553132,1.7329002759077214,1.0166065802315707,2.494702427983554,0.2130098731475918,2,garden_tools
2018-07-14,1.3862943611198906,1.8408713370033112,1.0423483226627128,2.601493180796387,-0.4545769758834206,2,garden_tools
2018-07-15,1.0986122886681098,1.715438138260344,0.9468946430924692,2.469357976210138,-0.6168258495922343,2,garden_tools
2018-07-16,2.0794415416798357,1.5649148212817627,0.765686345890112,2.3580037652172465,0.514526720398073,2,garden_tools
2018-07-17,2.1972245773362196,1.6351476654077377,0.8940407540229448,2.420404227950334,0.5620769119284819,2,garden_tools
2018-07-19,1.3862943611198906,1.9780742649140182,1.26196273316643,2.8056651434775457,-0.5917799037941276,3,garden_tools
2018-07-20,1.791759469228055,2.039767371126168,1.2560285009320207,2.8352506479016193,-0.24800790189811295,3,garden_tools
2018-07-21,2.0794415416798357,1.88793129646295,1.1131201360415834,2.698978745304003,0.19151024521688575,3,garden_tools
2018-07-22,1.6094379124341003,1.7246257341700408,0.9805742741903108,2.5288111636477457,-0.11518782173594055,3,garden_tools
2018-07-23,2.302585092994046,1.7637001657578684,0.9745862868591177,2.577339638475156,0.5388849272361775,3,garden_tools
2018-07-24,2.1972245773362196,2.0406915857692938,1.2849353219343096,2.8776943696934456,0.1565329915669258,3,garden_tools
2018-07-26,2.302585092994046,2.023186809468106,1.253379688043807,2.74239749732454,0.2793982835259401,3,garden_tools
2018-07-27,1.0986122886681098,2.0386825276203266,1.2823198007577772,2.8117697154888,-0.9400702389522169,3,garden_tools
2018-07-28,2.302585092994046,2.084454038475356,1.3057865328673521,2.8149439341447957,0.21813105451869008,3,garden_tools
2018-07-29,2.0794415416798357,1.915986476537284,1.1419017675470482,2.652648030225672,0.1634550651425517,3,garden_tools
2018-08-01,1.9459101490553132,1.7356446379356882,0.8698477116782194,2.5046081092653356,0.210265511119625,3,garden_tools
2018-08-02,1.9459101490553132,1.7575885130111815,0.9703926337297634,2.4670010867849306,0.18832163604413177,3,garden_tools
2018-08-03,1.9459101490553132,2.0176642818981545,1.2497023045624804,2.7636783786228114,-0.07175413284284127,3,garden_tools
2018-08-04,1.3862943611198906,1.983759982960325,1.205864805270379,2.71860242073138,-0.5974656218404344,3,garden_tools
2018-08-05,1.0986122886681098,1.9836591724590116,1.1744278453691006,2.744934540900651,-0.8850468837909018,3,garden_tools
2018-08-07,1.9459101490553132,2.0149036524488486,1.1351714494698146,2.7671779182038994,-0.06899350339353538,3,garden_tools
2018-08-08,2.3978952727983707,1.833219222511425,1.0777728128908102,2.620793486296451,0.5646760502869457,3,garden_tools
2018-08-09,2.0794415416798357,1.641180677123416,0.8257181785781121,2.378090909311198,0.43826086455641966,3,garden_tools
2018-08-11,1.3862943611198906,1.653123264364055,0.8366479940353277,2.4241871614125854,-0.2668289032441644,3,garden_tools
2018-08-12,1.9459101490553132,1.9050304476093163,1.0195248114050879,2.6833331903802016,0.04087970144599695,3,garden_tools
2018-08-14,2.1972245773362196,1.864887244803104,1.1376295517077746,2.670235301255485,0.3323373325331156,3,garden_tools
2018-08-15,1.9459101490553132,1.86053250596537,1.146169998109704,2.6218024743166466,0.08537764308994333,3,garden_tools
2018-08-16,1.6094379124341003,1.8895212250273394,1.0749542185664058,2.572984013815527,-0.28008331259323915,3,garden_tools
2018-08-17,2.1972245773362196,1.7075508372965151,0.9313653948982777,2.5427614673722196,0.48967374003970443,3,garden_tools
2018-08-18,1.791759469228055,1.5171276970831657,0.6829487367772081,2.299388249375065,0.2746317721448892,3,garden_tools
2018-08-19,1.0986122886681098,1.5324809019248857,0.6982031779107534,2.3357147771854474,-0.43386861325677595,3,garden_tools
2018-08-20,1.6094379124341003,1.7894532352919346,1.0590483056848,2.5820115221566904,-0.18001532285783428,3,garden_tools
2018-08-21,1.3862943611198906,1.7558584140847635,0.9563263384038128,2.5591482679611426,-0.36956405296487294,3,garden_tools
2018-08-22,1.9459101490553132,1.7593378972458016,0.9592023308000933,2.53315534611832,0.18657225180951165,3,garden_tools
2018-08-23,0.6931471805599453,1.7972282339189625,1.0396973937593792,2.555774794385621,-1.104081053359017,3,garden_tools
2018-05-31,1.6094379124341003,2.215930250338668,1.5578691416080472,2.8545681316385623,-0.6064923379045679,1,auto
2018-06-01,2.0794415416798357,2.17209016415532,1.5336483925043425,2.8020372089334873,-0.09264862247548411,1,auto
2018-06-02,2.4849066497880004,2.04394494132678,1.4109577487437701,2.718190915584504,0.4409617084612205,1,auto
2018-06-03,1.9459101490553132,2.0055379294432853,1.399395469089686,2.6518957112397716,-0.05962778038797212,1,auto
2018-06-04,2.3978952727983707,2.2765938927901237,1.6830815509107668,2.937437314880005,0.12130138000824697,1,auto
2018-06-05,2.3978952727983707,2.3150632167377747,1.6877188713064113,2.9111163620588156,0.08283205606059596,1,auto
2018-06-06,3.091042453358316,2.3191862692048315,1.6688504368566823,2.938416396780841,0.7718561841534846,1,auto
2018-06-07,2.0794415416798357,2.2886817322057738,1.6512590640762999,2.899487151772788,-0.209240190525938,1,auto
2018-06-08,2.302585092994046,2.248824311404243,1.594523618542595,2.8854289846780743,0.053760781589802686,1,auto
2018-06-09,2.0794415416798357,2.1213226643496035,1.5529588959864102,2.8300448360121084,-0.041881122669767734,1,auto
2018-06-10,2.772588722239781,2.0802237662888956,1.3810716418737465,2.701045190489178,0.6923649559508855,1,auto
2018-06-11,2.5649493574615367,2.3453524401783516,1.691269145662063,2.9683576071550304,0.2195969172831851,1,auto
2018-06-12,2.3978952727983707,2.3748519803786774,1.731323201358657,3.0280253954356082,0.023043292419693273,1,auto
2018-06-13,2.302585092994046,2.3672422590359843,1.735297904945637,3.0259126300110966,-0.06465716604193839,1,auto
2018-06-14,2.0794415416798357,2.322599327520059,1.7002456742691994,2.966372881845864,-0.24315778584022318,1,auto
2018-06-15,1.791759469228055,2.2666221915532736,1.6019268537723608,2.900620414057657,-0.47486272232521864,1,auto
2018-06-16,2.302585092994046,2.121497934472082,1.4652348858488742,2.7553177813912226,0.18108715852196378,1,auto
2018-06-17,1.3862943611198906,2.0617917942518997,1.3996611739233222,2.735920021449949,-0.6754974331320092,1,auto
2018-06-18,2.5649493574615367,2.307871348975118,1.662209352092466,2.9773257544952347,0.2570780084864186,1,auto
2018-06-19,2.70805020110221,2.318431196829796,1.6298533072311319,2.9813719560281444,0.38961900427241414,1,auto
2018-06-20,1.791759469228055,2.292534991206404,1.6894448833414784,2.922754219862151,-0.500775521978349,1,auto
2018-06-21,2.833213344056216,2.2307793158420344,1.535113156851937,2.858152953400401,0.6024340282141818,1,auto
2018-06-22,2.6390573296152584,2.159345538287085,1.5621972151190266,2.8146150752891663,0.4797117913281732,1,auto
2018-06-23,1.791759469228055,2.000851249377174,1.3397017792268067,2.639550731224994,-0.209091780149119,1,auto
2018-06-24,2.1972245773362196,1.930228288501663,1.293814352593529,2.561610172323907,0.2669962888345565,1,auto
2018-06-25,2.6390573296152584,2.1681368530017586,1.5321818353643086,2.8111547386548335,0.4709204766134998,1,auto
2018-06-26,2.833213344056216,2.1734823610030696,1.5498072510842928,2.8427719371680196,0.6597309830531466,1,auto
2018-06-27,2.5649493574615367,2.1454521429904245,1.4814427955724228,2.8134710111007903,0.4194972144711122,1,auto
2018-06-28,2.5649493574615367,2.0846765872544797,1.5001883238909652,2.759933030472349,0.48027277020705705,1,auto
2018-06-29,1.9459101490553132,2.017280939384307,1.3530691109740127,2.6916414228138725,-0.07137079032899396,1,auto
2018-06-30,1.791759469228055,2.00519877366682,1.3661567645978552,2.6551513378758544,-0.21343930443876502,2,auto
2018-07-01,1.791759469228055,1.9431548703971038,1.279996888451293,2.5788426855365727,-0.15139540116904882,2,auto
2018-07-02,2.302585092994046,2.203639684177363,1.5544338036434824,2.8306616702203637,0.09894540881668279,2,auto
2018-07-03,1.9459101490553132,2.2206764017149,1.5752924060110856,2.859920395743475,-0.2747662526595869,2,auto
2018-07-04,2.9444389791664403,2.200013335294482,1.5203149833954017,2.859597136648785,0.7444256438719581,2,auto
2018-07-05,2.3978952727983707,2.145043057314426,1.5210492105061852,2.7993804466471297,0.25285221548394476,2,auto
2018-07-06,1.9459101490553132,2.0889831312324594,1.4599524312878072,2.742791540259517,-0.14307298217714615,2,auto
2018-07-07,1.9459101490553132,1.959884882753266,1.3603726716221363,2.604954704257938,-0.013974733697952768,2,auto
2018-07-08,1.6094379124341003,1.9116035652719523,1.2726212707087692,2.6031834148099406,-0.302165652837852,2,auto
2018-07-09,2.1972245773362196,2.1854156640059457,1.5595429673095302,2.8397031683706446,0.011808913330273896,2,auto
2018-07-10,2.0794415416798357,2.2149552288650454,1.5932149656185124,2.864304385354218,-0.13551368718520962,2,auto
2018-07-11,2.3978952727983707,2.205618082516797,1.5771600277229636,2.8238414892722554,0.19227719028157386,2,auto
2018-07-12,1.9459101490553132,2.160491403182013,1.5021456538633056,2.8059293320602845,-0.21458125412669982,2,auto
2018-07-13,2.4849066497880004,2.1125432946187113,1.4794007319074085,2.790538980451825,0.3723633551692891,2,auto
2018-07-14,2.0794415416798357,1.9896385258545872,1.335867456381462,2.6126026499559107,0.08980301582524852,2,auto
2018-07-15,1.9459101490553132,1.945513592417313,1.2931095670088304,2.6216462170276014,0.0003965566380002006,2,auto
2018-07-16,2.8903717578961645,2.221396706122708,1.5905764040875718,2.8665394868438594,0.6689750517734567,2,auto
2018-07-17,2.5649493574615367,2.250944534944554,1.6017767916041818,2.9030974470555493,0.3140048225169827,2,auto
2018-07-18,3.044522437723423,2.23964454155486,1.566213296674771,2.908713483308995,0.8048778961685632,2,auto
2018-07-19,2.70805020110221,2.1907404925653733,1.5372240301215654,2.796697664713494,0.5173097085368368,2,auto
2018-07-20,2.302585092994046,2.1374158913364907,1.5012380120050475,2.8015835344338305,0.16516920165755522,2,auto
2018-07-21,2.1972245773362196,2.0078017207531804,1.3508656831190025,2.648530586087585,0.18942285658303915,2,auto
2018-07-22,2.6390573296152584,1.955941908579172,1.2942319939880593,2.6285846607485293,0.6831154210360864,2,auto
2018-07-23,2.9957322735539904,2.2234024322469046,1.57146189550694,2.876052434188867,0.7723298413070858,2,auto
2018-07-24,2.70805020110221,2.244196233685948,1.564946815103577,2.888337722841488,0.46385396741626206,2,auto
2018-07-25,2.9444389791664403,2.2241731704948626,1.572197563042574,2.867832128639451,0.7202658086715776,2,auto
2018-07-26,2.4849066497880004,2.166932970115088,1.4713330792684993,2.7969153426799465,0.31797367967291246,2,auto
2018-07-27,2.302585092994046,2.105996339391253,1.4489907317408999,2.764889649158013,0.19658875360279282,2,auto
2018-07-28,2.772588722239781,1.9698010080344994,1.3104202422829112,2.5985668410840446,0.8027877142052817,2,auto
2018-07-29,2.4849066497880004,1.9126564913377164,1.2474852549483908,2.5082119104393095,0.5722501584502839,2,auto
2018-07-30,2.6390573296152584,2.472375410502526,1.8322696625866237,3.135115384328331,0.16668191911273222,3,auto
2018-07-31,2.9957322735539904,2.4686214687384678,1.8356004560673103,3.135889146706241,0.5271108048155226,3,auto
2018-08-01,1.9459101490553132,2.4621263172584458,1.817582506066273,3.1298291183863007,-0.5162161682031325,3,auto
2018-08-02,2.833213344056216,2.3753682832778273,1.7253522624303468,3.0312122117029054,0.4578450607783888,3,auto
2018-08-03,2.833213344056216,2.3000803730151773,1.6661587317942492,2.9693304240107667,0.5331329710410389,3,auto
2018-08-04,2.833213344056216,2.1650319138955845,1.5311187985517987,2.771441149427285,0.6681814301606317,3,auto
2018-08-05,2.6390573296152584,2.096793503913152,1.440604444811605,2.776283496066648,0.5422638257021064,3,auto
2018-08-06,3.2188758248682006,2.364810045164225,1.6970867741687912,2.9535248918515906,0.8540657797039755,3,auto
2018-08-07,3.3322045101752042,2.3652122639790885,1.6812827898006526,2.9992419523657263,0.9669922461961158,3,auto
2018-08-08,3.258096538021482,2.3651464974634835,1.7527867374262491,3.0151856099724066,0.8929500405579986,3,auto
2018-08-09,2.9957322735539904,2.2867269365620326,1.6090966612656186,2.9441979102940548,0.7090053369919578,3,auto
2018-08-10,2.9444389791664403,2.221264359569491,1.568599179586126,2.8501807701998123,0.7231746195969491,3,auto
2018-08-11,2.5649493574615367,2.097061601097691,1.429274967223522,2.7821959995600283,0.46788775636384594,3,auto
2018-08-12,2.3978952727983707,2.0401936429530507,1.354064252352946,2.708293297245212,0.35770162984531995,3,auto
2018-08-13,3.1354942159291497,2.319596645311242,1.6487433192529746,2.94680016654883,0.8158975706179077,3,auto
2018-08-14,3.2188758248682006,2.330895837600012,1.6986565119164379,2.9564406075825524,0.8879799872681886,3,auto
2018-08-15,2.4849066497880004,2.3407515558302783,1.6645525030502075,2.9774079664419615,0.14415509395772208,3,auto
2018-08-16,3.091042453358316,2.270827127926256,1.6469042993848142,2.94636551564527,0.8202153254320601,3,auto
2018-08-17,2.3978952727983707,2.2120321713943976,1.5932400263386215,2.8945687411280447,0.1858631014039731,3,auto
2018-08-18,2.3978952727983707,2.0923311115188596,1.4523016610370125,2.7687814663674013,0.305564161279511,3,auto
2018-08-19,1.791759469228055,2.037534415331269,1.3917730708209008,2.6667907754589906,-0.24577494610321393,3,auto
2018-08-20,2.9444389791664403,2.316396525571033,1.6426527722504811,2.940974944824635,0.6280424535954072,3,auto
2018-08-21,2.4849066497880004,2.324450146691865,1.6290541920704316,2.9310726121233177,0.16045650309613535,3,auto
2018-08-22,2.4849066497880004,2.3283559768187,1.6705520847323394,2.9678254142038245,0.15655067296930048,3,auto
2018-08-23,2.1972245773362196,2.249871474463371,1.6038594113353397,2.859710574924222,-0.052646897127151426,3,auto
2018-08-24,1.3862943611198906,2.180092194842191,1.5413992793106266,2.813105339856875,-0.7937978337223004,3,auto
2018-08-25,1.6094379124341003,2.0472555584467056,1.4034074920481707,2.668204312808792,-0.4378176460126053,3,auto
2018-08-26,1.6094379124341003,1.9775246837680915,1.318095958734123,2.5889217457049645,-0.36808677133399126,3,auto
2018-08-27,1.6094379124341003,2.2400764831207627,1.5642222828486683,2.8981142180908566,-0.6306385706866624,3,auto
2018-08-28,1.0986122886681098,2.2309239598916943,1.5880121242532812,2.9088926172246663,-1.1323116712235846,3,auto
