tree
version=v4
num_class=1
num_tree_per_iteration=1
label_index=0
max_feature_idx=20
objective=quantile
feature_names=units_sold lag_1 lag_7 lag_14 lag_30 rolling_mean_7 rolling_mean_30 rolling_std_7 rolling_std_30 seasonality_index month_sin month_cos dow_sin dow_cos is_weekend is_holiday days_to_holiday trend_strength acceleration category anchor
feature_infos=[0:0.77253560138447708] [0:1] [0:1] [0:1] [0:1] [0:1] [0:1] [0:1] [0:1] [0:1] [-1:1] [-1:1] [-0.97492791218182362:0.97492791218182362] [-0.90096886790241903:1] [0:1] [0:1] [1:30] [0.0099565994383455925:1] [0:1] -1:3:7:5:1:2:6:8:4:0:9 [0:0.77253560138447708]
tree_sizes=1445 1815 1902 1729 1717 1916 1739 1900 1819 2009 2298 1812 2018 2093 1951 1739 2108 1832 1936 2301 1927 1939 1925 1948 2137 1824 2112 1853 1760 1835 1752 1666 1851 1762 1929 2042 2217 2013 1852 2413 2313 2302 2058 2310 2198 2207 2352 2304 1978 2562 2584 2304 2221 2297 2322 2164 2321 2510 2326 2426 2663 2617 2219 2695 2688 2786 2601 2680 2787 2991 2681 2767 2689 2705 2957 2959 2939 2934 2945 2976 2857 2966 2944 2982 2970 2959 2982 2985 2977 2986 2967 2981 2967 2967 2950 2951 2959 2944 2932 2977 2956 2949 2961 2936 2932 2947 2946 2959 2947 2932 2922 2938 2928 2961 2933 2925 2946 2952 2919 2936 2946 2957 2961 2954 2945 2940 2930 2968 2941 2956 2944 2946 2940 2968 2946 2949 2939 2939 2911 2959 2930 2947 2941 2948 2948 2949 2929 2961

Tree=0
num_leaves=16
num_cat=0
split_feature=5 16 17 5 16 17 5 2 6 5 0 10 16 2 0
split_gain=46.4249 5.40708 3.31029 2.65732 1.07358 0.733039 0.408021 0.328564 0.239886 0.123804 0.0524431 0.329646 0.859327 0.0247282 0.0249988
threshold=0.38843813387423937 25.500000000000004 0.4564717896349248 0.36815415821501019 29.500000000000004 0.39080606492770981 0.347870182555781 0.096354166666666671 0.5986175115207375 0.35395537525354975 0.54802186383041918 -0.5 27.500000000000004 0.14322916666666669 0.52260523305345885
decision_type=2 2 2 2 2 2 2 2 2 2 2 2 2 2 2
left_child=3 -2 5 6 -5 -3 10 -8 -4 -9 13 12 -12 -1 -15
right_child=1 2 8 4 -6 -7 7 9 -10 -11 11 -13 -14 14 -16
leaf_value=0.62993553036349936 0.63334858391513704 0.63432174319377732 0.63466370259317184 0.63269177980878111 0.63321893895973036 0.634447456825601 0.63296755216530587 0.63297345921968173 0.63637211360794055 0.63237471716680682 0.63183005331099373 0.63231410244279773 0.63483850519863427 0.63082817057774132 0.6307547651309432
leaf_weight=3639 25 33 20 33 28 27 23 21 23 39 44 346 20 20 20
leaf_count=3639 25 33 20 33 28 27 23 21 23 39 44 346 20 20 20
internal_value=0.632473 0.650273 0.653311 0.631935 0.638151 0.648757 0.631844 0.633926 0.659664 0.632757 0.631801 0.632123 0.634101 0.631765 0.632507
internal_weight=4361 128 103 4233 61 60 4172 83 43 60 4089 410 64 3679 40
internal_count=4361 128 103 4233 61 60 4172 83 43 60 4089 410 64 3679 40
is_linear=0
shrinkage=1


Tree=1
num_leaves=19
num_cat=0
split_feature=5 16 5 17 8 7 5 8 6 1 0 11 8 8 7 7 2 0
split_gain=44.5847 3.86599 3.68016 2.27036 1.40642 0.436337 0.408021 0.477283 0.406598 0.399874 0.0524431 0.0852368 0.228628 0.0466435 0.0385047 0.031817 0.0247282 0.0249988
threshold=0.39858012170385398 26.500000000000004 0.36815415821501019 0.46476895583354622 0.23942336319236415 0.10370144050200945 0.347870182555781 0.2538063739792234 0.71751152073732738 0.12760416666666669 0.54802186383041918 0.6830127018922193 0.20249421316166533 0.27719287970000966 0.14842600721355023 0.099590664592236089 0.14322916666666669 0.52260523305345885
decision_type=2 2 2 2 2 2 2 2 2 2 2 2 2 2 2 2 2 2
left_child=2 -2 6 8 5 -4 10 15 -3 -6 16 13 -13 -12 -14 -8 -1 -18
right_child=1 3 4 -5 9 -7 7 -9 -10 -11 11 12 14 -15 -16 -17 17 -19
leaf_value=-0.0024946400395931133 0.001250011868827535 0.0012528503470312946 0.0002113294583289449 0.0035197141976211553 0.00075946266558904018 -8.4178699272821253e-05 -4.0940287920303435e-05 0.00063431709990987087 0.0025982166236685617 0.00072857479332436134 -0.00033897977510191635 0.001780514447169148 -0.00050499362210521535 -8.1164642673156037e-05 0.00081018596093938692 -0.00010975297523074015 -0.00162877903177845 -0.00169998231517264
leaf_weight=3639 23 23 20 38 20 24 20 28 21 20 278 25 67 20 20 35 20 20
leaf_count=3639 23 23 20 38 20 24 20 28 21 20 278 25 67 20 20 35 20 20
internal_value=-6.20837e-05 0.0192498 -0.000538533 0.0222985 0.0056785 0.00197723 -0.00066371 0.00141866 0.0176587 0.00974976 -0.000705979 -0.000384145 0.000321426 -0.000649326 -0.000405167 -0.000204541 -0.000741845 7.15238e-10
internal_weight=4361 105 4256 82 84 44 4172 83 44 40 4089 410 112 298 87 55 3679 40
internal_count=4361 105 4256 82 84 44 4172 83 44 40 4089 410 112 298 87 55 3679 40
is_linear=0
shrinkage=0.03


Tree=2
num_leaves=20
num_cat=0
split_feature=5 18 5 8 9 5 5 8 18 7 0 10 16 4 7 2 0 18 8
split_gain=40.3619 5.9996 3.45539 1.78769 0.899849 0.594454 0.405208 0.477283 0.365154 0.232906 0.0500793 0.191913 0.54997 0.0471091 0.031817 0.0241875 0.0249988 0.00834561 0.0413783
threshold=0.40060851926977692 0.48676470588235299 0.36815415821501019 0.23942336319236415 0.67177242888402644 0.44523326572008121 0.347870182555781 0.2538063739792234 0.47794117647058826 0.10298321911602835 0.54802186383041918 -0.5 27.500000000000004 0.16927083333333334 0.099590664592236089 0.14322916666666669 0.52260523305345885 0.50735294117647067 0.1237024423506968
decision_type=2 2 2 2 2 2 2 2 2 2 2 2 2 2 2 2 2 2 2
left_child=2 4 6 9 -2 -3 10 14 -5 -4 15 12 -12 -13 -8 17 -17 -1 -19
right_child=1 5 3 8 -6 -7 7 -9 -10 -11 11 13 -14 -15 -16 16 -18 18 -20
leaf_value=-0.002630042100473714 0.00077032226780896049 0.0010664820399670549 0.00020249668719455769 0.00028414675027150957 0.0013567002659857674 0.0033988473376996074 -3.9712079282693131e-05 0.00061528758691257361 0.00094947589159193122 -8.2787737129610164e-05 -0.00064892081041694415 -0.00019220351271795945 0.0022216572848148515 -0.00020251366549100646 -0.00010646038597381771 -0.0015799156608250953 -0.0016489828457174605 -0.0009029296723495272 -0.00087460629774939284
leaf_weight=3523 20 21 21 20 20 39 20 28 23 25 44 326 20 20 35 20 20 20 96
leaf_count=3523 20 21 21 20 20 39 20 28 23 25 44 326 20 20 35 20 20 20 96
internal_value=-8.96003e-05 0.0187498 -0.000531741 0.00531736 0.00974976 0.0247496 -0.000656519 0.00141866 0.00971489 0.0012065 -0.000698642 -0.000384145 0.00112498 -0.000663292 -0.000204541 -0.00073369 7.15238e-10 -0.000741755 -0.000491374
internal_weight=4361 100 4261 89 40 60 4172 83 43 46 4089 410 64 346 55 3679 40 3639 116
internal_count=4361 100 4261 89 40 60 4172 83 43 46 4089 410 64 346 55 3679 40 3639 116
is_linear=0
shrinkage=0.03


Tree=3
num_leaves=18
num_cat=0
split_feature=5 18 5 1 8 6 9 5 8 7 1 11 10 16 7 7 8
split_gain=35.4944 5.6567 3.06861 1.82889 1.50654 0.673515 0.435254 0.402405 0.477283 0.232906 0.0703695 0.172331 0.305233 0.60742 0.0420625 0.031817 0.0284946
threshold=0.40060851926977692 0.50147058823529422 0.36815415821501019 0.15364583333333334 0.23942336319236415 0.60875576036866375 0.65134938001458809 0.347870182555781 0.2538063739792234 0.10298321911602835 0.080729166666666671 0.6830127018922193 -0.24999999999999994 29.500000000000004 0.11742592553505851 0.099590664592236089 0.27719287970000966
decision_type=2 2 2 2 2 2 2 2 2 2 2 2 2 2 2 2 2
left_child=2 3 7 -2 9 -3 -6 10 15 -4 -1 16 13 -13 -14 -9 -12
right_child=1 5 4 -5 6 -7 -8 8 -10 -11 11 12 14 -15 -16 -17 -18
leaf_value=-0.0024060233460651377 0.0010578011963332334 0.001884130177129598 0.00019642178657872211 0.0018123131986781821 0.00020265113130400937 0.0034190853895119141 0.00094347064169218492 -3.8520716904213298e-05 0.00059682895930519744 -8.0304105015720263e-05 -0.00038081566448997851 -0.00081509207921534653 -0.0008299266351119971 0.0020333065840993556 -0.00019259851606016342 -0.00010326657439460254 -0.00012867245338696177
leaf_weight=3345 29 20 21 20 22 31 21 20 28 25 520 34 106 31 20 35 33
leaf_count=3345 29 20 21 20 22 31 21 20 28 25 520 34 106 31 20 35 33
internal_value=-0.000117117 0.0175498 -0.000531741 0.0102702 0.00498028 0.0245436 0.00901723 -0.000649328 0.00141866 0.0012065 -0.000691305 -0.000427418 0.000349475 0.0020192 -0.0005119 -0.000204541 -0.000695748
internal_weight=4361 100 4261 49 89 51 43 4172 83 46 4089 744 191 65 126 55 553
internal_count=4361 100 4261 49 89 51 43 4172 83 46 4089 744 191 65 126 55 553
is_linear=0
shrinkage=0.03


Tree=4
num_leaves=18
num_cat=0
split_feature=5 1 5 12 8 8 5 8 5 10 16 4 3 5 0 8 2
split_gain=27.9075 4.83757 2.71201 1.30563 1.06669 0.614481 0.402405 0.477283 0.0937542 0.136962 0.539655 0.0642635 0.114888 0.04821 0.0445881 0.031817 0.0282967
threshold=0.41075050709939154 0.14322916666666669 0.36815415821501019 1.0000000180025095e-35 0.23942336319236415 0.26948736383125999 0.347870182555781 0.2538063739792234 0.24847870182555784 -0.5 29.500000000000004 0.15364583333333334 0.11197916666666667 0.37829614604462486 0.54665645269236129 0.1813468332704895 0.14322916666666669
decision_type=2 2 2 2 2 2 2 2 2 2 2 2 2 2 2 2 2
left_child=2 -2 6 -3 13 -6 8 15 16 10 -10 14 -13 -4 -11 -8 -1
right_child=1 3 4 -5 5 -7 7 -9 9 11 -12 12 -14 -15 -16 -17 -18
leaf_value=-0.002512288213637573 0.001002014802341441 0.0032706865258478202 0.0001054895035376549 0.0022470172171261565 0.000456675440948682 0.0008252504150493776 -3.7365095397085961e-05 0.00057892409052604031 -0.00062616296341482425 -0.0002008953194078921 0.0020829446430955111 1.9738067027306445e-05 -0.00030262028486308324 6.7972772075214341e-05 -0.00026928187975723235 -0.00010016857716276353 -0.0015561868506158401
leaf_weight=3605 25 34 20 30 23 29 20 28 51 21 21 20 27 28 309 35 35
leaf_count=3605 25 34 20 30 23 29 20 28 51 21 21 20 27 28 309 35 35
internal_value=-0.000185908 0.0164408 -0.000532303 0.0208122 0.00434996 0.00732678 -0.000649328 0.00141866 -0.000691305 -0.000282293 0.000916655 -0.000511271 0.000526585 0.00112498 -0.000659088 -0.000204541 -0.000741757
internal_weight=4361 89 4272 64 100 52 4172 83 4089 449 72 377 47 48 330 55 3640
internal_count=4361 89 4272 64 100 52 4172 83 4089 449 72 377 47 48 330 55 3640
is_linear=0
shrinkage=0.03


Tree=5
num_leaves=20
num_cat=0
split_feature=5 5 18 9 5 5 7 7 9 7 7 3 0 17 18 2 10 0 0
split_gain=23.4641 4.77531 1.87627 1.86192 0.921429 0.674303 0.404669 1.43582 0.249451 0.160387 0.205179 0.0997694 0.0357132 0.0349432 0.115008 0.0166795 0.147971 0.00395115 0.0433989
threshold=0.44523326572008121 0.38235294117647062 0.51911764705882357 0.72611232676878201 0.34381338742393514 0.40466531440162273 0.10220618182554275 0.086724821097632201 0.57330415754923425 0.15643284819623146 0.17708840336715329 0.10677083333333334 0.61433241398902261 0.38435026806229261 0.49852941176470594 0.11718750000000001 -0.5 0.53121608501887896 0.53546325041373666
decision_type=2 2 2 2 2 2 2 2 2 2 2 2 2 2 2 2 2 2 2
left_child=1 4 11 5 9 -3 7 -6 -8 13 -11 -2 -10 15 -15 17 -17 -1 -19
right_child=2 3 -4 -5 6 -7 8 -9 12 10 -12 -13 -14 14 -16 16 -18 18 -20
leaf_value=-0.0028187741982841014 0.0015834298222059237 0.00038488347544408924 0.003624768370259962 0.0011218082563699825 -0.00012235046527166269 -4.9239212040683352e-05 0.00057075448628845561 0.00044260934100859094 -0.00015402679027887118 0.00086153384788494318 -0.00069944280509833326 0.0020805621843792504 1.275585182163778e-05 -0.00064470484386672461 0.00045435757209715818 0.0010306591783573146 -0.00036809206093909805 -0.00061479671140896388 -0.00039943445986478563
leaf_weight=3497 20 36 22 29 28 22 22 24 50 24 29 20 20 77 26 24 190 21 216
leaf_count=3497 20 36 22 29 28 22 22 24 50 24 29 20 20 77 26 24 190 21 216
internal_value=-0.000204173 -0.000466262 0.0181207 0.00649131 -0.000608756 0.00338787 0.00174999 0.00386531 0.000554343 -0.00069152 0.000948096 0.0142496 -0.000321423 -0.000712971 -0.000167473 -0.000727203 -0.000469623 -0.000741965 -0.000623414
internal_weight=4397 4335 62 87 4248 58 144 52 92 4104 53 40 70 4051 103 3948 214 3734 237
internal_count=4397 4335 62 87 4248 58 144 52 92 4104 53 40 70 4051 103 3948 214 3734 237
is_linear=0
shrinkage=0.03


Tree=6
num_leaves=18
num_cat=0
split_feature=5 5 1 8 8 4 5 7 7 13 4 1 17 10 3 10 10
split_gain=21.4629 4.29943 1.71039 1.16192 1.41127 1.02665 0.617832 0.487713 0.149924 0.230579 0.136502 0.0427841 0.0345666 0.104393 0.0109523 0.044829 0.191931
threshold=0.44726166328600409 0.372210953346856 0.16406250000000003 0.23288439984612844 0.30935014610256384 0.10156250000000001 0.347870182555781 0.10220618182554275 0.15643284819623146 -0.22252093395631442 0.065104166666666671 0.16406250000000003 0.38435026806229261 -0.24999999999999994 0.080729166666666671 -0.5 -0.6830127018922193
decision_type=2 2 2 2 2 2 2 2 2 2 2 2 2 2 2 2 2
left_child=1 6 -2 -3 5 -5 8 -8 11 -10 -9 12 14 -14 -1 16 -16
right_child=2 3 -4 4 -6 -7 7 10 9 -11 -12 -13 13 -15 15 -17 -18
leaf_value=-0.0020847497531599466 0.0015383053941122758 0.00013448569973615844 0.0034764924569971076 0.0010881540086788829 0.00017217651812291842 0.00062443827730661436 0.00028977267789320667 0.00055669789119253588 0.0008764551159628043 -0.00049248649788906102 -0.00011042603303952792 -7.9392572063655928e-05 0.00039447532382520301 -0.00032414530170969046 -0.0019732453618317106 -0.00045993294811666789 0.00043864284239641634
leaf_weight=3263 23 37 38 29 21 28 33 20 23 33 43 22 28 76 119 525 36
leaf_count=3263 23 37 38 29 21 28 33 20 23 33 43 22 28 76 119 525 36
internal_value=-0.000224641 -0.000473246 0.0174464 0.00524996 0.00732683 0.00977614 -0.000629175 0.00174998 -0.000684545 0.000857128 0.000202378 -0.000705762 -0.000712935 -0.000173075 -0.000727174 -0.000617645 -0.000169353
internal_weight=4397 4336 61 115 78 57 4221 96 4125 56 63 4069 4047 104 3943 680 155
internal_count=4397 4336 61 115 78 57 4221 96 4125 56 63 4069 4047 104 3943 680 155
is_linear=0
shrinkage=0.03


Tree=7
num_leaves=20
num_cat=0
split_feature=5 5 16 7 9 5 5 11 7 7 6 7 13 6 0 10 16 18 1
split_gain=20.2848 4.28904 2.96811 1.59939 1.24953 0.714072 0.536116 0.615635 0.432367 0.692521 0.948817 0.167016 0.232608 0.0336054 0.0289507 0.211294 0.553816 0.0056028 0.0441168
threshold=0.44726166328600409 0.372210953346856 27.500000000000004 0.21079428208555034 0.72611232676878201 0.33975659229208927 0.40466531440162273 0.25000000000000017 0.11596544270602603 0.086724821097632201 0.61244239631336417 0.15643284819623146 -0.22252093395631442 0.5202764976958526 0.53121608501887896 -0.5 27.500000000000004 0.4485294117647059 0.054687500000000007
decision_type=2 2 2 2 2 2 2 2 2 2 2 2 2 2 2 2 2 2 2
left_child=1 5 -2 -4 6 11 7 -3 9 -7 -11 14 -13 -10 17 16 -16 18 -1
right_child=2 4 3 -5 -6 8 -8 -9 13 10 -12 12 -14 -15 15 -17 -18 -19 -20
leaf_value=-0.0027640644353675468 0.00088160414789731671 0.00015609432138574461 0.00202180016104606 0.0034166721532116326 0.0010089378744292255 -0.00017039035582789723 -3.0542552533028479e-05 0.00040452260936499454 0.00014030296340902985 -2.2422737268984914e-05 0.00061635856558949354 0.00089092874599832857 -0.00067566598776431478 -0.00010626396885681092 -0.00066782083220430066 -0.00033566559010789746 0.0016321100959218772 -0.0026618626749199559 -0.0011969753394736249
leaf_weight=150 21 27 20 20 37 25 23 28 20 20 23 22 29 41 45 394 20 3412 20
leaf_count=150 21 27 20 20 37 25 23 28 20 20 23 22 29 41 45 394 20 3412 20
internal_value=-0.000224641 -0.000466328 0.0169546 0.0217495 0.00524996 -0.000622067 0.00309611 0.00470446 0.00157557 0.00322054 0.00552894 -0.000691348 0.00101469 -0.000258192 -0.00071288 -0.00048856 0.00109614 -0.000741624 -0.000573525
internal_weight=4397 4336 61 40 115 4221 78 55 129 68 43 4092 51 61 4041 459 65 3582 170
internal_count=4397 4336 61 40 115 4221 78 55 129 68 43 4092 51 61 4041 459 65 3582 170
is_linear=0
shrinkage=0.03


Tree=8
num_leaves=19
num_cat=0
split_feature=5 5 16 8 16 3 7 9 7 6 7 13 17 10 2 10 5 8
split_gain=18.1046 3.94788 3.2644 1.47476 1.87045 1.35318 1.22445 0.830983 0.337497 0.250194 0.151342 0.230579 0.0324929 0.0969674 0.0162586 0.148398 0.00352004 0.0416661
threshold=0.44726166328600409 0.347870182555781 27.500000000000004 0.23288439984612844 28.500000000000004 0.14843750000000003 0.21079428208555034 0.72611232676878201 0.10220618182554275 0.66635944700460847 0.15643284819623146 -0.22252093395631442 0.38435026806229261 -0.24999999999999994 0.11718750000000001 -0.5 0.22616632860040572 0.14577832249560671
decision_type=2 2 2 2 2 2 2 2 2 2 2 2 2 2 2 2 2 2
left_child=1 10 -2 8 -5 7 -4 -6 9 -3 12 -12 14 -14 16 -16 -1 -18
right_child=2 3 6 4 5 -7 -8 -9 -10 -11 11 -13 13 -15 15 -17 17 -19
leaf_value=-0.0027078815571570528 0.00085515602346039816 0.00014749421712335618 0.0019611461562146792 -0.00036253761464962494 0.0005230013451000136 0.00026624167032334063 0.0033141719886152841 0.0010601698876776067 -8.795123145102947e-05 3.3290253057474845e-05 0.00082343360010397231 -0.00046085834846548273 0.00028742624012374816 -0.00032735248900848973 0.00098641849207666888 -0.00030623264767729459 -0.00023621732542679789 -0.00026379831260793643
leaf_weight=3476 21 20 20 29 39 23 20 23 55 22 23 33 30 80 24 195 22 242
leaf_count=3476 21 20 20 29 39 23 20 23 55 22 23 33 30 80 24 195 22 242
internal_value=-0.000258755 -0.000487084 0.0159711 0.00351539 0.0058289 0.00807344 0.0209995 0.0103789 0.000796384 0.00282136 -0.000691817 0.000857128 -0.000713135 -0.000204543 -0.000727266 -0.000476025 -0.000741978 -0.000636361
internal_weight=4397 4336 61 211 114 85 40 62 97 42 4125 56 4069 110 3959 219 3740 264
internal_count=4397 4336 61 211 114 85 40 62 97 42 4125 56 4069 110 3959 219 3740 264
is_linear=0
shrinkage=0.03


Tree=9
num_leaves=21
num_cat=0
split_feature=5 0 16 8 8 8 9 14 0 5 9 7 2 8 17 7 2 11 13 9
split_gain=17.7838 3.98595 3.05727 2.29912 1.96959 1.2601 1.7013 0.320609 0.307531 0.134045 0.261537 0.0716996 0.112039 0.0348473 0.0347561 0.0780414 0.0180381 0.072018 0.269514 0.436337
threshold=0.44523326572008121 0.60947546798558971 27.500000000000004 0.36060968689366818 0.23288439984612844 0.30935014610256384 0.72611232676878201 1.0000000180025095e-35 0.62953366514144282 0.33975659229208927 0.58825674690007312 0.15643284819623146 0.091145833333333343 0.17662210150131016 0.38435026806229261 0.078820572627737201 0.075520833333333343 0.6830127018922193 -0.56174490092936669 0.35922684172137131
decision_type=2 2 2 2 2 2 2 2 2 2 2 2 2 2 2 2 2 2 2 2
left_child=1 9 -2 -4 7 6 8 13 -6 11 -11 14 -13 -3 16 -16 -1 -18 19 -19
right_child=2 4 3 -5 5 -7 -8 -9 -10 10 -12 12 -14 -15 15 -17 17 18 -20 -21
leaf_value=-0.0021709503178011617 0.00082950134275658544 9.1507926508850763e-05 0.0019004403873057237 0.003214746828956826 0.00032688713312676248 -9.4419616799500288e-05 0.001022543351798616 8.1124706687759341e-05 0.0001440364937373645 0.00050953391712494701 -9.821257683761103e-05 -0.00033333065067738123 0.0008802651591296697 -8.1357703870721623e-05 0.00018630041070195059 -0.00037957587979446612 -0.00052706935752036121 -0.00091219928364265801 -0.00053616036773291285 0.0011744842771399876
leaf_weight=3216 21 20 21 20 20 21 24 28 23 22 39 30 21 46 34 67 554 24 126 20
leaf_count=3216 21 20 21 20 20 21 24 28 23 22 39 30 21 46 34 67 554 24 126 20
internal_value=-0.000251932 -0.000480103 0.0157014 0.020469 0.00386536 0.00709083 0.00910061 0.000845736 0.00552894 -0.000670538 0.000725399 -0.000691348 0.000426463 -0.000295449 -0.000705456 -0.000155938 -0.000719542 -0.000584253 -4.41167e-05 0.00197723
internal_weight=4397 4335 62 41 182 88 67 94 43 4153 61 4092 51 66 4041 101 3940 724 170 44
internal_count=4397 4335 62 41 182 88 67 94 43 4153 61 4092 51 66 4041 101 3940 724 170 44
is_linear=0
shrinkage=0.03


Tree=10
num_leaves=24
num_cat=1
split_feature=5 5 16 6 5 8 8 2 11 12 0 11 19 16 9 18 11 3 6 2 0 17 2
split_gain=22.6946 4.74459 3.52441 3.96137 1.02282 0.815457 1.40065 0.674917 0.408771 0.251557 0.18874 0.11768 0.11191 0.231523 0.350455 0.0653604 0.186272 0.0424901 0.038371 0.0191845 0.0299988 0.00487738 0.0348449
threshold=0.38235294117647062 0.57505070993914809 26.500000000000004 0.57880184331797246 0.347870182555781 0.2538063739792234 0.29888286581140178 0.13281250000000003 0.25000000000000017 -0.60785761079279388 0.55882118566514938 -0.9330127018922193 0 29.500000000000004 0.59992706053975209 0.50735294117647067 0.6830127018922193 0.054687500000000007 0.68525345622119838 0.14322916666666669 0.51552759237848311 0.35703344396221609 0.091145833333333343
decision_type=2 2 2 2 2 2 2 2 2 2 2 2 1 2 2 2 2 2 2 2 2 2 2
left_child=4 2 -2 -4 10 9 -7 -5 -9 -6 15 -12 13 18 -15 19 -17 -14 -13 21 -21 -1 -23
right_child=1 -3 3 7 5 6 -8 8 -10 -11 11 12 17 14 -16 16 -18 -19 -20 20 -22 22 -24
leaf_value=-0.0021377447355156115 1.1442728565878995e-05 0.0027847155858749749 0.0013294102939931034 0.00085219438876290394 5.4502743036886848e-05 0.00056844390904634738 0.00039449036059949118 0.00071899217322341532 0.001702868067763195 -5.7803822406563615e-05 0.00012900679010285242 -0.00020509687431554251 -0.00015626221804345965 0.0018868987726829017 -6.9542854148039562e-05 -0.0012213562516788213 9.94812861756214e-05 -0.00030318552588096809 -0.00014428771647419358 -0.0014122516084646242 -0.0017717078978879397 -0.00077080990971934858 -0.00075618288386941667
leaf_weight=3418 30 23 21 23 25 20 24 24 23 58 20 66 21 20 32 92 35 174 20 20 30 169 25
leaf_count=3418 30 23 21 23 25 20 24 24 23 58 20 66 21 20 32 92 35 174 20 20 30 169 25
internal_value=-0.000172161 0.0115416 0.00916728 0.012107 -0.000567287 0.00208463 0.00538624 0.00867845 0.0107391 0.000334334 -0.000648599 1.48732e-05 -0.000119368 0.000516889 0.00213458 -0.000710411 -4.13375e-05 -0.00056707 -0.000401157 -0.000733615 -0.000149996 -0.000741693 -0.000595357
internal_weight=4413 144 121 91 4269 127 44 70 47 83 4142 353 333 138 52 3789 127 195 86 3662 50 3612 194
internal_count=4413 144 121 91 4269 127 44 70 47 83 4142 353 333 138 52 3789 127 195 86 3662 50 3612 194
cat_boundaries=0 1
cat_threshold=10
is_linear=0
shrinkage=0.03


Tree=11
num_leaves=19
num_cat=0
split_feature=5 5 16 6 7 5 7 7 5 16 10 7 4 7 8 2 20 6
split_gain=20.3873 5.23134 3.27893 4.50839 0.972326 0.843792 0.642737 1.00503 0.232224 0.26708 1.15732 0.399949 0.275704 0.172285 0.16558 0.0451579 0.0379068 0.0346271
threshold=0.38235294117647062 0.57505070993914809 27.500000000000004 0.58571428571428585 0.15643284819623146 0.347870182555781 0.10220618182554275 0.086724821097632201 0.20385395537525358 29.500000000000004 -0.5 0.081225236952003121 0.15364583333333334 0.14507291196543173 0.2538063739792234 0.13802083333333334 0.60199702478080097 0.69631336405529975
decision_type=2 2 2 2 2 2 2 2 2 2 2 2 2 2 2 2 2 2
left_child=5 2 -2 -4 -5 8 7 -7 15 17 11 -11 13 16 -8 -1 -12 -10
right_child=1 -3 3 4 -6 6 14 -9 9 10 12 -13 -14 -15 -16 -17 -18 -19
leaf_value=-0.0027686685577674426 2.6300480012585733e-05 0.0027011741182987247 0.0012895279851733092 0.0010725736563931504 0.0016095919271499326 3.3174561607663982e-06 -7.7718759682296904e-05 0.00039742841025431974 -0.00045739454104978925 0.00093823853950824113 -0.00032014832426616174 0.0018302918095024149 0.00011885372087282924 4.6898571973541884e-05 0.00056176578301169334 -0.001525123216838054 -3.2749159421561809e-05 -0.0002312743352191671
leaf_weight=3354 32 23 21 36 32 23 51 20 388 20 242 20 25 20 33 22 24 27
leaf_count=3354 32 23 21 36 32 23 51 20 388 20 242 20 25 20 33 22 24 27
internal_value=-0.000185757 0.0109166 0.00842348 0.0113847 0.00763224 -0.000560259 0.00184841 0.00483128 -0.000634113 -0.000162532 0.000446581 0.00524987 -0.000171221 -0.000435312 0.000321425 -0.000741113 -0.000637215 -0.000677708
internal_weight=4413 144 121 89 68 4269 127 43 4142 766 351 40 311 286 84 3376 266 415
internal_count=4413 144 121 89 68 4269 127 43 4142 766 351 40 311 286 84 3376 266 415
is_linear=0
shrinkage=0.03


Tree=12
num_leaves=21
num_cat=0
split_feature=5 5 1 9 7 0 8 12 7 16 0 9 0 12 1 7 8 1 11 17
split_gain=19.9297 3.87841 2.925 1.72896 0.531832 0.414735 0.352927 0.226054 0.138831 0.256536 0.131274 0.230474 0.0780896 0.156285 0.0569796 0.0998347 0.0277765 0.0210416 0.0876731 0.235034
threshold=0.44523326572008121 0.36815415821501019 0.17447916666666669 0.80598103574033564 0.14507291196543173 0.60199702478080097 0.2538063739792234 -0.60785761079279388 0.15643284819623146 29.500000000000004 0.60785668035134688 0.58825674690007312 0.55882118566514938 0.87837969732492682 0.085937500000000014 0.11146912280415879 0.20622435817705217 0.085937500000000014 0.6830127018922193 0.33660965024253259
decision_type=2 2 2 2 2 2 2 2 2 2 2 2 2 2 2 2 2 2 2 2
left_child=1 5 -2 4 7 8 10 -3 12 -10 11 -7 17 14 15 -14 -9 -1 -19 -20
right_child=2 3 -4 -5 -6 6 -8 16 9 -11 -12 -13 13 -15 -16 -17 -18 18 19 -21
leaf_value=-0.0023239188788109835 0.0011460212003298158 0.00013175976794298092 0.0024664833334511137 0.001040456459716723 0.00050887327619101739 1.7879278785544356e-05 0.00046199569832669951 8.3328586904169794e-05 -0.00063778853779427323 0.00076918742962625401 -6.3732426022892466e-05 -3.5844724240848701e-05 -0.00058921269089456463 0.00086396308072739941 -0.00027592719652308039 0.00093371738816796265 -3.1905100774018538e-05 -0.0011688678233130853 -0.0004634502275255479 0.00024934551050295164
leaf_weight=3373 27 20 35 35 26 20 34 20 37 22 61 21 31 39 180 23 25 303 55 26
leaf_count=3373 27 20 35 35 26 20 34 20 37 22 61 21 31 39 180 23 25 303 55 26
internal_value=-0.000219748 -0.000460411 0.0166691 0.00472615 0.00254668 -0.000615088 0.0010147 0.00109614 -0.000669295 0.000775411 0.000132352 0.00144509 -0.000690446 -0.000200548 -0.000493587 0.000361105 -8.33308e-05 -0.000726044 -0.000515623 0.000361107
internal_weight=4413 4351 62 126 91 4225 136 65 4089 59 102 41 4030 273 234 54 45 3757 384 81
internal_count=4413 4351 62 126 91 4225 136 65 4089 59 102 41 4030 273 234 54 45 3757 384 81
is_linear=0
shrinkage=0.03


Tree=13
num_leaves=22
num_cat=0
split_feature=5 5 1 6 20 8 1 9 20 9 7 16 4 10 16 4 5 2 2 17 17
split_gain=18.8353 3.32124 2.5559 1.41891 0.46763 0.490574 0.304474 0.21759 0.139863 0.230474 0.137424 0.256536 0.087312 0.198464 0.896314 0.04217 0.0406688 0.0152933 0.0338698 0.00438733 0.0429454
threshold=0.44523326572008121 0.372210953346856 0.17447916666666669 0.58571428571428585 0.60199702478080097 0.2538063739792234 0.15364583333333334 0.65134938001458809 0.60785668035134688 0.58825674690007312 0.15643284819623146 29.500000000000004 0.096354166666666671 -0.5 29.500000000000004 0.23177083333333334 0.32555780933062889 0.14322916666666669 0.15364583333333334 0.36060320618347969 0.36282018551612638
decision_type=2 2 2 2 2 2 2 2 2 2 2 2 2 2 2 2 2 2 2 2 2
left_child=1 4 -2 -3 10 8 7 -5 9 -6 12 -12 17 14 -14 16 -15 19 -19 -1 -21
right_child=2 3 -4 6 5 -7 -8 -9 -10 -11 11 -13 13 15 -16 -17 -18 18 -20 20 -22
leaf_value=-0.0019103640566209531 0.0011116405643199216 0.00086281040889253202 0.00239248883344758 0.00028963577500431317 1.7342900421979562e-05 0.00042667004571628149 0.001009062726879122 -5.8383488944687099e-05 -4.4042988745743106e-05 -3.4769382513621803e-05 -0.0006186548816604448 0.0007461118067374655 -0.00059707210049724868 -0.00064878156615831182 0.0014373179458539343 -0.00015415052384053462 -9.1244015088903538e-05 3.0243640693576773e-05 -0.00043434475195029091 -0.00045867344064103949 -0.00030070713908047169
leaf_weight=3293 27 26 35 22 20 38 38 25 72 21 37 22 64 333 21 20 23 20 42 21 193
leaf_count=3293 27 26 35 22 20 38 38 25 72 21 37 22 64 333 21 20 23 20 42 21 193
internal_value=-0.000233344 -0.000467306 0.0161852 0.00465536 -0.000601414 0.00103807 0.00277938 0.00116487 4.64605e-05 0.00144509 -0.000661958 0.000775411 -0.000683002 -0.000294467 0.00101469 -0.000590423 -0.000665728 -0.000733188 -0.000266124 -0.000741445 -0.00060981
internal_weight=4413 4351 62 111 4240 151 85 47 113 41 4089 59 4030 461 85 376 356 3569 62 3507 214
internal_count=4413 4351 62 111 4240 151 85 47 113 41 4089 59 4030 461 85 376 356 3569 62 3507 214
is_linear=0
shrinkage=0.03


Tree=14
num_leaves=20
num_cat=1
split_feature=5 5 5 6 20 8 12 3 20 9 5 19 11 4 5 9 5 18 8
split_gain=17.8172 2.81922 2.6894 1.68006 0.475737 0.490574 0.369857 0.32263 0.139863 0.230474 0.117951 0.137296 0.424051 0.0454947 0.0391294 0.0192646 0.126755 0.00864677 0.0410704
threshold=0.44523326572008121 0.57505070993914809 0.372210953346856 0.58571428571428585 0.60199702478080097 0.2538063739792234 0.6078576107927941 0.10677083333333334 0.60785668035134688 0.58825674690007312 0.2626774847870183 0 0.6830127018922193 0.16406250000000003 0.31947261663286008 0.88366156090444947 0.18154158215010144 0.50735294117647067 0.11901411644934903
decision_type=2 2 2 2 2 2 2 2 2 2 2 1 2 2 2 2 2 2 2
left_child=2 -2 4 -4 10 8 7 -5 9 -6 15 12 14 -13 -12 17 -17 -1 -19
right_child=1 -3 3 6 5 -7 -8 -9 -10 -11 11 13 -14 -15 -16 16 -18 18 -20
leaf_value=-0.001918579953812167 0.0015425439162949771 0.0024743697297428023 0.0008369260966257547 0.00046242877468128242 1.6822613409319845e-05 0.00041386994434479304 -1.4758124263874749e-05 0.00059883897798522566 -4.2721699083371561e-05 -3.3726301038214805e-05 -0.0004360473501951691 -0.00028943607628294715 0.0015608518062693341 -0.00014952600812531989 -2.8106558612583201e-05 -0.0030548101490290606 5.4802426620671287e-05 -0.00036605494087751906 -0.00026052595321817047
leaf_weight=3440 39 23 26 22 20 38 28 35 72 21 72 202 36 20 20 160 27 20 92
leaf_count=3440 39 23 26 22 20 38 28 35 72 21 72 202 36 20 20 160 27 20 92
internal_value=-0.000267334 0.0157014 -0.000494885 0.00411483 -0.000615565 0.00103807 0.00207351 0.00346047 4.64605e-05 0.00144509 -0.000676632 -0.000149999 0.000608692 -0.000588359 -0.000423908 -0.000725928 -0.000429141 -0.000741553 -0.000482138
internal_weight=4413 62 4351 111 4240 151 85 57 113 41 4089 350 128 222 92 3739 187 3552 112
internal_count=4413 62 4351 111 4240 151 85 57 113 41 4089 350 128 222 92 3739 187 3552 112
cat_boundaries=0 1
cat_threshold=10
is_linear=0
shrinkage=0.03


Tree=15
num_leaves=18
num_cat=0
split_feature=0 18 7 17 6 8 12 0 11 8 0 11 10 12 2 1 18
split_gain=12.5697 6.07327 1.50323 1.48423 2.49287 1.47266 0.617907 0.34661 0.384337 0.0914667 0.0905138 0.255488 0.84497 1.10603 0.656961 0.037414 0.0264227
threshold=0.62126974362323695 0.53088235294117658 0.24899844287090053 0.37286188409497073 0.71751152073732738 0.28621043842988975 -1.0000000180025095e-35 0.60199702478080097 -0.5 0.17733378743684181 0.48396969785105232 0.6830127018922193 -0.24999999999999994 1.0000000180025095e-35 0.075520833333333343 0.15364583333333334 0.51617647058823535
decision_type=2 2 2 2 2 2 2 2 2 2 2 2 2 2 2 2 2
left_child=2 3 7 6 5 -5 -2 10 -9 -10 -1 16 13 -13 -15 -11 -12
right_child=1 -3 -4 4 -6 -7 -8 8 9 15 11 12 -14 14 -16 -17 -18
leaf_value=-0.0029269711917547523 0.00096340509028451247 0.0027238442605249003 0.00068274733783719066 0.00060768381966269051 0.0014956046618265601 -2.0217909761805596e-05 -3.6865444567311871e-05 0.00016115845747927251 6.1918489280877223e-06 -5.7524272387653692e-05 -0.00051960675023656182 -0.0005813134466820997 -0.00046716209214453503 0.00022921729493019801 0.0016404467156415936 0.00018975695450506534 -0.0001028287789408041
leaf_weight=3044 24 24 23 36 20 30 35 35 26 77 702 39 185 20 23 21 36
leaf_count=3044 24 24 23 36 20 30 35 35 26 77 702 39 185 20 23 21 36
internal_value=-0.000252272 0.00777066 -0.000572736 0.00545686 0.00797084 0.00515901 0.00179234 -0.000614543 0.00075943 -2.41926e-05 -0.000668498 -0.000421641 0.000373595 0.0029085 0.0062266 -0.000443872 -0.000709348
internal_weight=4400 169 4231 145 86 66 59 4208 159 124 4049 1005 267 82 43 98 738
internal_count=4400 169 4231 145 86 66 59 4208 159 124 4049 1005 267 82 43 98 738
is_linear=0
shrinkage=0.03


Tree=16
num_leaves=22
num_cat=0
split_feature=0 18 17 6 7 18 12 0 18 10 9 16 16 3 7 12 2 0 0 11 6
split_gain=12.0614 6.2285 1.73859 2.49287 1.50602 1.33822 0.395461 0.369645 0.322031 0.214604 0.132667 0.0903226 0.142784 0.0361364 0.0338887 0.0252622 0.020426 0.0282596 0.0123035 0.0491217 0.137494
threshold=0.62126974362323695 0.53088235294117658 0.37286188409497073 0.71751152073732738 0.24899844287090053 0.48676470588235299 -1.0000000180025095e-35 0.57040581497477094 0.51617647058823535 -0.5 0.89824945295404834 12.500000000000002 7.5000000000000009 0.21093750000000003 0.15643284819623146 0.87837969732492682 0.14322916666666669 0.51155345578130385 0.52080508158020811 0.6830127018922193 0.39861751152073738
decision_type=2 2 2 2 2 2 2 2 2 2 2 2 2 2 2 2 2 2 2 2 2
left_child=4 2 6 5 7 -4 -2 13 9 -9 11 12 -11 14 16 -13 18 -18 -1 -20 -21
right_child=1 -3 3 -5 -6 -7 -8 8 -10 10 -12 15 -14 -15 -16 -17 17 -19 19 20 -22
leaf_value=-0.0023011613788369617 0.00093450293757597826 0.0026421289327091544 4.4186606555381971e-05 0.0014507365219717644 0.00066226491770207338 0.00060367554563877312 -3.5759481230293808e-05 0.0015523347099999348 0.00017715456482289834 -9.2301826882389257e-05 8.702889706028545e-05 -0.00011571794268510213 3.6731305248739108e-06 -0.00056968637459034444 -0.00035164100494804721 8.2355118302183771e-06 -0.001315925797397944 -0.0015983222599290571 -0.00069280841509969393 0.00034934077544292229 -0.00071385674191993458
leaf_weight=3425 24 24 34 20 23 32 35 27 30 33 21 207 32 26 28 34 20 26 235 20 44
leaf_count=3425 24 24 34 20 23 32 35 27 30 33 21 207 32 26 28 34 20 26 235 20 44
internal_value=-0.000265908 0.00759315 0.00524996 0.00797084 -0.000579827 0.00515901 0.00128388 -0.000621672 0.000265625 1.27125e-05 -0.00019954 -0.000357841 0.000634606 -0.000710773 -0.000718404 -0.000625515 -0.000726126 -9.78232e-05 -0.000733887 -0.000549329 0.000187498
internal_weight=4400 169 145 86 4231 66 59 4208 384 354 327 306 65 3824 3798 241 3770 46 3724 299 64
internal_count=4400 169 145 86 4231 66 59 4208 384 354 327 306 65 3824 3798 241 3770 46 3724 299 64
is_linear=0
shrinkage=0.03


Tree=17
num_leaves=19
num_cat=0
split_feature=5 5 18 12 5 18 4 6 4 9 5 11 8 13 3 2 6 9
split_gain=13.1848 4.84222 1.7531 2.08312 1.01052 0.683397 0.3463 0.310346 0.178955 0.142526 0.0890645 0.247676 0.49325 0.675654 1.04282 0.078895 0.0309175 0.0266712
threshold=0.40060851926977692 0.57505070993914809 0.48676470588235299 1.0000000180025095e-35 0.347870182555781 0.51617647058823535 0.091145833333333343 0.53041474654377896 0.23177083333333334 0.65134938001458809 0.18154158215010144 0.6830127018922193 0.20249421316166533 1.0000000180025095e-35 0.075520833333333343 0.12239583333333334 0.69631336405529975 0.5948212983223925
decision_type=2 2 2 2 2 2 2 2 2 2 2 2 2 2 2 2 2 2
left_child=4 2 6 -4 8 7 -2 -6 10 15 -1 16 13 14 -13 -9 -12 -14
right_child=1 -3 3 -5 5 -7 -8 9 -10 -11 11 12 17 -15 -16 -17 -18 -19
leaf_value=-0.0027630568542958132 -0.00011988129228586803 0.0025628650647278781 0.001373367384631547 0.00087921697191566269 0.00019273904529389793 0.00090392428012377049 0.00072782380908406467 0.00022070329580610774 8.5293994788753229e-05 -3.7125207274882894e-05 -0.00034920560616443332 6.4920938800358058e-05 -0.00067834805112454162 -0.00029828100588137006 0.0013071789914034185 7.1963970438026435e-05 -9.2305338364867475e-05 0.0002488008159015259
leaf_weight=3073 20 24 24 24 26 26 22 28 21 62 715 33 148 42 20 30 31 31
leaf_count=3073 20 24 24 24 26 26 22 28 21 62 715 33 148 42 20 30 31 31
internal_value=-0.000293181 0.00977623 0.00658326 0.0104998 -0.000561012 0.00169185 0.00210709 0.00089383 -0.000655201 0.000249999 -0.000669374 -0.000426469 0.00034489 0.00209208 0.00434426 0.00131894 -0.000709784 -0.000582398
internal_weight=4400 114 90 48 4286 172 42 146 4114 120 4093 1020 274 95 53 58 746 179
internal_count=4400 114 90 48 4286 172 42 146 4114 120 4093 1020 274 95 53 58 746 179
is_linear=0
shrinkage=0.03


Tree=18
num_leaves=20
num_cat=1
split_feature=0 18 9 12 7 0 18 18 9 10 0 19 1 8 3 0 11 10 7
split_gain=10.615 4.62453 1.75256 2.02026 0.99751 0.341282 0.337488 0.399964 0.224471 0.206908 0.126092 0.0455528 0.117972 0.0614964 0.109085 0.0368505 0.146241 0.307483 0.472957
threshold=0.62715923987447197 0.53088235294117658 0.72611232676878201 1.0000000180025095e-35 0.22769620777782279 0.57040581497477094 0.47500000000000003 0.49852941176470594 0.80598103574033564 -0.5 0.62126974362323695 0 0.15364583333333334 0.17733378743684181 0.12239583333333334 0.48396969785105232 0.6830127018922193 -0.24999999999999994 0.066733341775971358
decision_type=2 2 2 2 2 2 2 2 2 2 2 1 2 2 2 2 2 2 2
left_child=4 2 6 -4 5 15 -2 -8 9 -7 11 12 13 14 -11 -1 -17 18 -18
right_child=1 -3 3 -5 -6 8 7 -9 -10 10 -12 -13 -14 -15 -16 16 17 -19 -20
leaf_value=-0.0026899811221561833 -2.9965310707047766e-05 0.0024884499166707317 0.0013320455940976411 0.00052860647611863469 0.0004843356817802674 0.0014782567855293463 0.00011834400297561366 0.00013810305091113703 0.00011102147493435792 -1.2116859655988502e-05 0.0001518850680986059 -0.00024045062820619121 0.00019378831845275944 -6.7955210894352934e-05 1.4585775185701726e-05 -0.0009073227496725762 -0.00025930008970944491 -0.0004878466955536552 0.00041398893982792534
leaf_weight=3043 24 23 29 24 34 28 20 20 38 24 22 160 21 92 20 591 35 115 37
leaf_count=3043 24 23 29 24 34 28 20 20 38 24 22 160 21 92 20 591 35 115 37
internal_value=-0.000306817 0.00782137 0.0054038 0.0094385 -0.000573943 -0.00061512 0.00206247 0.00374991 0.000212963 -1.43044e-05 -0.000219025 -0.000371449 1.34736e-05 -0.000308821 0.000613623 -0.000702891 -0.000518636 0.000212566 0.00174998
internal_weight=4400 140 117 53 4260 4226 64 40 405 367 339 317 157 136 44 3821 778 187 72
internal_count=4400 140 117 53 4260 4226 64 40 405 367 339 317 157 136 44 3821 778 187 72
cat_boundaries=0 1
cat_threshold=34
is_linear=0
shrinkage=0.03


Tree=19
num_leaves=24
num_cat=1
split_feature=5 5 12 17 1 5 9 6 9 10 16 19 17 7 17 17 5 2 3 16 2 20 17
split_gain=13.044 4.86096 1.54348 2.03151 0.457956 0.429207 0.475704 0.674006 0.360008 0.201488 0.887632 0.140781 0.281667 0.036841 0.0349605 0.164003 0.24544 0.0218728 0.0272715 0.0190475 0.0277765 0.00932545 0.0403836
threshold=0.57505070993914809 0.38640973630831649 1.0000000180025095e-35 0.4564717896349248 0.13802083333333334 0.2626774847870183 0.80598103574033564 0.65115207373271911 0.61670313639679086 -0.5 29.500000000000004 0 0.32988681814313686 0.076340200555275337 0.35703344396221609 0.36171389668964354 0.18154158215010144 0.14322916666666669 0.10156250000000001 8.5000000000000018 0.11197916666666667 0.53121608501887896 0.34265168921793898
decision_type=2 2 2 2 2 2 2 2 2 2 2 1 2 2 2 2 2 2 2 2 2 2 2
left_child=1 5 3 4 -3 14 9 -8 -4 10 -7 12 13 -11 17 16 -16 21 -19 20 -13 -1 -23
right_child=-2 2 8 -5 -6 6 7 -9 -10 11 -12 19 -14 -15 15 -17 -18 18 -20 -21 -22 22 -24
leaf_value=-0.0020181910341106357 0.0024113256152859183 0.00029381800468599855 -2.9691833676696901e-05 0.00091654793896280169 0.0011091321108211494 -0.00051509696768733287 0.00041321276286570749 -2.0235499123202084e-05 0.00064735655960999677 -4.8175542080525581e-05 0.0015053560273113656 -0.00024120746469617269 0.00018650985044644042 -6.6560488555747385e-05 -0.0028616519890170499 -0.0006118988632906712 0.00021569729492808366 -0.00091188037768147995 -0.0015044245740768174 -0.00023584532621507371 -0.00017124739744100122 -0.000727134945480412 -0.00061016944415108053
leaf_weight=3348 24 22 25 21 20 49 25 22 31 20 20 25 32 56 24 178 20 20 24 270 20 84 20
leaf_count=3348 24 22 25 21 20 49 25 22 31 20 20 25 32 56 24 178 20 20 24 270 20 84 20
internal_value=-0.000306817 -0.000427787 0.00555248 0.00877367 0.00496417 -0.00059496 0.000196197 0.00307972 0.00192854 -7.92674e-05 0.00142389 -0.000324467 0.000584741 -0.000355258 -0.000709655 -0.000344592 0.00129543 -0.000732837 -6.81796e-05 -0.000634613 -8.33308e-05 -0.000741308 -0.000461533
internal_weight=4400 4376 119 63 42 4257 539 47 56 492 69 423 108 76 3718 222 44 3496 44 315 45 3452 104
internal_count=4400 4376 119 63 42 4257 539 47 56 492 69 423 108 76 3718 222 44 3496 44 315 45 3452 104
cat_boundaries=0 1
cat_threshold=2
is_linear=0
shrinkage=0.03


Tree=20
num_leaves=20
num_cat=0
split_feature=5 5 5 18 5 18 18 2 9 1 9 7 18 4 10 4 5 9 8
split_gain=13.8319 2.50926 2.1269 1.22982 0.730747 0.451587 0.356548 0.640994 0.130172 0.097581 0.186637 0.158829 0.070964 0.113883 0.0529319 0.249421 0.00938597 0.0422507 0.0275251
threshold=0.45334685598377283 0.56085192697768771 0.40060851926977692 0.48676470588235299 0.31947261663286008 0.51911764705882357 0.45147058823529412 0.16927083333333334 0.73668854850474119 0.085937500000000014 0.80598103574033564 0.1418343327749155 0.48970588235294121 0.10156250000000001 -0.5 0.096354166666666671 0.19168356997971606 0.8231218088986143 0.12224515550543266
decision_type=2 2 2 2 2 2 2 2 2 2 2 2 2 2 2 2 2 2 2
left_child=2 -2 4 -4 9 6 7 -6 12 16 11 14 -8 -14 15 -11 -1 18 -18
right_child=1 -3 3 -5 5 -7 8 -9 -10 10 -12 -13 13 -15 -16 -17 17 -19 -20
leaf_value=-0.0024856215167512953 0.0013166523418103272 0.001986797819383468 0.00028164766946499852 0.00050535093287077803 0.00050592208271029284 0.0004939940417541624 -8.0597344332700063e-05 -5.3540605768259704e-05 9.5223741121135049e-05 -0.00057967433802762029 4.9309931684478141e-05 3.6375777759932328e-05 5.7468087155446447e-05 -2.1332388221306714e-05 -0.00057673924640124603 0.00058136413684641193 -0.00043285590944573411 -0.00016011384510324924 -0.00075272773110173624
leaf_weight=3129 32 26 29 24 27 29 119 25 20 97 35 21 39 38 347 28 33 20 327
leaf_count=3129 32 26 29 24 27 29 119 25 20 97 35 21 39 38 347 28 33 20 327
internal_value=-0.000304555 0.0142498 -0.000496979 0.00547631 -0.000570027 0.000866159 0.000481342 0.00271149 -5.55546e-05 -0.000675687 -0.000295453 -0.000445739 -0.000290814 0.000418826 -0.00055932 -2.9999e-05 -0.0007329 -0.000592103 -0.000666664
internal_weight=4445 58 4387 53 4334 297 268 52 216 4037 528 493 196 77 472 125 3509 380 360
internal_count=4445 58 4387 53 4334 297 268 52 216 4037 528 493 196 77 472 125 3509 380 360
is_linear=0
shrinkage=0.03


Tree=21
num_leaves=20
num_cat=0
split_feature=5 5 2 17 5 9 16 3 6 6 1 11 8 4 8 7 17 2 10
split_gain=13.4293 4.40063 1.96073 1.07729 0.466093 0.394327 0.164772 0.207673 0.194967 0.386826 0.124576 0.217088 0.442977 0.391325 0.18979 0.0424233 0.0108357 0.0495621 0.120275
threshold=0.56085192697768771 0.40060851926977692 0.16406250000000003 0.44413241426261602 0.31947261663286008 0.88366156090444947 28.500000000000004 0.070312500000000014 0.63271889400921666 0.68801843317972355 0.085937500000000014 0.6830127018922193 0.20345608835639697 0.059895833333333336 0.29024861203486146 0.07280125748492898 0.34572589566845385 0.070312500000000014 -0.24999999999999994
decision_type=2 2 2 2 2 2 2 2 2 2 2 2 2 2 2 2 2 2 2
left_child=1 4 3 -3 10 6 15 -8 -9 -10 16 14 13 -13 -12 -6 -1 -18 -19
right_child=-2 2 -4 -5 5 -7 7 8 9 -11 11 12 -14 -15 -16 -17 17 18 -20
leaf_value=-0.001838623534880849 0.0019271938848019635 0.0012766084635847132 -0.00015238148550098465 0.00076991285907398717 -0.00010001774840335193 0.00041160132020383577 0.00055924064520183751 -0.00014234326891289476 0.00030251245644798375 -2.6870179166113977e-05 -0.00053723691299414184 -0.00013147932979766996 -0.00056571262262727288 0.00054947065328559363 2.4939385143290581e-05 -2.5664882335112464e-05 -0.0013004808661952691 0.00013937602138409323 -0.0014953184801250758
leaf_weight=3175 26 33 25 27 20 24 31 63 22 25 372 30 75 31 20 112 269 22 43
leaf_count=3175 26 33 25 27 20 24 31 63 22 25 372 30 75 31 20 112 269 22 43
internal_value=-0.000324802 -0.000451289 0.00630875 0.00924985 -0.000583871 0.00056313 0.000239011 0.000952122 0.000340907 0.00180315 -0.000668255 -0.000238635 0.000794113 0.00269258 -0.000596937 -0.000522723 -0.0007329 -0.000570357 0.000173075
internal_weight=4445 4419 85 60 4334 297 273 141 110 47 4037 528 136 61 392 132 3509 334 65
internal_count=4445 4419 85 60 4334 297 273 141 110 47 4037 528 136 61 392 132 3509 334 65
is_linear=0
shrinkage=0.03


Tree=22
num_leaves=20
num_cat=0
split_feature=0 7 6 0 9 7 10 16 6 4 9 8 18 18 2 8 0 11 8
split_gain=10.6408 2.96072 2.88061 0.489423 0.577976 0.808051 0.120963 0.209047 0.0802248 0.165162 0.339359 0.747654 0.045282 0.0387872 0.0194608 0.0287222 0.0128512 0.0534478 0.181294
threshold=0.65204532230327683 0.22769620777782279 0.78755760368663608 0.55882118566514938 0.80598103574033564 0.12201822244818451 -0.5 20.500000000000004 0.58571428571428585 0.10156250000000001 0.58825674690007312 0.26495406874879129 0.52794117647058836 0.45147058823529412 0.14322916666666669 0.22299969864982574 0.48861774361418392 0.6830127018922193 0.15242185369161029
decision_type=2 2 2 2 2 2 2 2 2 2 2 2 2 2 2 2 2 2 2
left_child=1 3 -2 12 6 -6 7 -5 -8 10 11 -10 14 -11 16 -16 -1 -18 -19
right_child=2 -3 -4 4 5 -7 8 -9 9 13 -12 -13 -14 -15 15 -17 17 18 -20
leaf_value=-0.0023950309687448277 0.0011042806845201647 0.00086608257622783542 0.0016483581363811587 -0.0010179150041804553 0.0005763101593906487 -0.00011166933869063317 -0.00023861487837285067 0.00095910227888093926 0.00015401676784519244 1.3579570660572424e-05 -6.0982007269094804e-05 -0.00068705365287715541 -8.9776830595793034e-05 -2.1532921997183499e-05 -0.00073887086179298309 -0.0013647034653857929 -0.00092438523369663421 7.0954355602146577e-05 -0.000576542720037307
leaf_weight=3156 32 39 24 20 36 30 177 21 25 22 50 27 21 128 20 27 459 36 95
leaf_count=3156 32 39 24 20 36 30 177 21 25 22 50 27 21 128 20 27 459 36 95
internal_value=-0.000351799 -0.0005176 0.0126426 -0.000591378 0.000257463 0.00288632 -0.000111701 0.00144509 -0.000260488 8.33337e-05 0.0010147 0.00271149 -0.00071067 -0.000549996 -0.000718362 -0.000111699 -0.000725973 -0.000597456 -6.29759e-05
internal_weight=4445 4389 56 4350 536 66 470 41 429 252 102 52 3814 150 3793 47 3746 590 131
internal_count=4445 4389 56 4350 536 66 470 41 429 252 102 52 3814 150 3793 47 3746 590 131
is_linear=0
shrinkage=0.03


Tree=23
num_leaves=20
num_cat=0
split_feature=5 5 2 9 5 18 3 5 9 18 3 5 5 2 7 12 17 11 2
split_gain=11.2133 3.143 1.45616 1.27412 0.336716 0.352725 0.26206 0.112667 0.0929218 0.0448092 0.0393524 0.0374995 0.0783682 0.0741742 0.122463 0.0367662 0.0205047 0.0929554 0.367192
threshold=0.57505070993914809 0.40060851926977692 0.16406250000000003 0.72611232676878201 0.27890466531440167 0.51617647058823535 0.065104166666666671 0.28498985801217042 0.89824945295404834 0.52794117647058836 0.21093750000000003 0.31947261663286008 0.33975659229208927 0.13802083333333334 0.10036056523027932 0.87837969732492682 0.33660965024253259 0.6830127018922193 0.070312500000000014
decision_type=2 2 2 2 2 2 2 2 2 2 2 2 2 2 2 2 2 2 2
left_child=1 4 3 -3 9 7 -7 -6 11 10 16 -9 13 14 -13 -14 -1 -18 -19
right_child=-2 2 -4 -5 5 6 -8 8 -10 -11 -12 12 15 -15 -16 -17 17 18 -20
leaf_value=-0.0015116517870672071 0.0018464156415065906 0.00023142799463806389 -0.00011397312334853777 0.0011921253134135606 0.00022563386084656185 0.00055324744522770365 8.6155845211172133e-05 -0.00035208411378000957 6.052791227201467e-05 -8.7083525677920687e-05 -0.0004166498988928955 -2.2528259608563957e-05 -1.7940254725938765e-05 -0.00016929537745308639 0.00049722572654059896 0.00013544212075751423 -0.00139261621937591 -0.00051097253291233465 0.00015086687692822225
leaf_weight=3174 25 33 26 27 22 20 23 135 27 21 24 38 126 27 26 23 512 103 33
leaf_count=3174 25 33 26 27 22 20 23 135 27 21 24 38 126 27 26 23 512 103 33
internal_value=-0.000385545 -0.000498868 0.00518017 0.00774987 -0.000611559 0.000149358 0.00273831 -0.000113207 -0.000227611 -0.000703451 -0.000710998 -0.000349998 -0.000124999 0.000568676 0.00112498 -0.000548653 -0.000718602 -0.000564813 0.000132353
internal_weight=4445 4420 86 60 4334 467 43 424 402 3867 3846 375 240 91 64 149 3822 648 136
internal_count=4445 4420 86 60 4334 467 43 424 402 3867 3846 375 240 91 64 149 3822 648 136
is_linear=0
shrinkage=0.03


Tree=24
num_leaves=22
num_cat=1
split_feature=5 5 18 5 9 1 2 1 19 11 18 18 18 1 2 0 2 2 17 2 10
split_gain=9.9103 2.98479 1.46158 0.41301 0.388817 0.458314 0.2357 0.12727 0.0829569 0.107051 0.294842 0.0686863 0.0476422 0.0324549 0.0323266 0.147362 0.0219758 0.0261892 0.0207166 0.0879744 0.280182
threshold=0.57505070993914809 0.40466531440162273 0.49264705882352944 0.2626774847870183 0.80598103574033564 0.10677083333333334 0.16406250000000003 0.19010416666666669 0 0.6830127018922193 0.48382352941176471 0.4485294117647059 0.52794117647058836 0.085937500000000014 0.096354166666666671 0.6006938435474457 0.14322916666666669 0.15364583333333334 0.34572589566845385 0.070312500000000014 -0.24999999999999994
decision_type=2 2 2 2 2 2 2 2 1 2 2 2 2 2 2 2 2 2 2 2 2
left_child=1 3 6 12 7 -6 -3 8 9 11 13 -5 16 -11 15 -13 18 -18 -1 -20 -21
right_child=-2 2 -4 4 5 -7 -8 -9 -10 10 -12 14 -14 -15 -16 -17 17 -19 19 20 -22
leaf_value=-0.0015916083666397318 0.0017910231722613938 0.0005380146449494831 0.0011503741663268119 1.02985888192348e-05 -0.00016455898968321221 0.00022745107715120262 -0.0001086601525654151 0.00024150156670140255 -0.00022395269425180212 0.00021331330388001883 0.00051815928801181039 -0.00031309116229014843 -7.8095951573810109e-05 -1.1264458712912472e-05 -5.6891784251816918e-05 1.0411752270557637e-05 -0.00060261427742868009 -0.0018036273199856052 -0.0011474183615518038 0.00012395150482805723 -0.0013583533861528346
leaf_weight=3331 25 20 38 34 22 32 22 20 168 20 28 56 20 37 121 20 20 22 308 23 58
leaf_count=3331 25 20 38 34 22 32 22 20 168 20 28 56 20 37 121 20 20 22 308 23 58
internal_value=-0.000385545 -0.000492081 0.00524994 -0.000597925 0.000163979 0.00258329 0.00139282 -9.52372e-05 -0.000192148 0.000101227 0.00101469 -0.000230518 -0.000710338 -0.00022368 -0.000445428 3.94739e-05 -0.000718101 -3.57127e-05 -0.000725806 -0.000518635 0.000361107
internal_weight=4445 4420 80 4340 558 54 42 504 484 316 85 231 3782 57 197 76 3762 42 3720 389 81
internal_count=4445 4420 80 4340 558 54 42 504 484 316 85 231 3782 57 197 76 3762 42 3720 389 81
cat_boundaries=0 1
cat_threshold=42
is_linear=0
shrinkage=0.03


Tree=25
num_leaves=19
num_cat=0
split_feature=5 5 18 9 5 9 1 20 18 1 18 9 5 10 16 10 1 6
split_gain=10.3919 2.58102 1.08839 1.00582 0.369599 0.417686 0.229301 0.160689 0.16852 0.129013 0.0788453 0.196421 0.0604684 0.183515 0.681005 0.619778 0.11756 0.0282596
threshold=0.57707910750507108 0.38235294117647062 0.48676470588235299 0.72611232676878201 0.31947261663286008 0.8231218088986143 0.11718750000000001 0.59743234789882671 0.47205882352941181 0.14843750000000003 0.48970588235294121 0.58825674690007312 0.18154158215010144 -0.5 29.500000000000004 -0.6830127018922193 0.085937500000000014 0.73963133640553014
decision_type=2 2 2 2 2 2 2 2 2 2 2 2 2 2 2 2 2 2
left_child=1 4 6 -4 9 7 -3 8 -6 12 -9 -12 -1 14 -14 -16 -17 -8
right_child=-2 2 3 -5 5 -7 17 10 -10 -11 11 -13 13 -15 15 16 -18 -19
leaf_value=-0.0022659755779554183 0.002070404598851374 0.00043654308115696929 0.00028333844537029804 0.00090256404235533388 0.00065032885596429146 0.00064873004485742662 -2.9128061264814276e-05 -4.8097086729777654e-05 -0.0001683152176397054 7.6708507355071961e-05 0.00011714478700797553 -2.280991404325583e-05 -0.0008619047969676577 -0.00045489905954376573 -0.00085473523842452212 0.00095209798302289914 0.00042939408556260316 0.00035917756221433414
leaf_weight=3121 21 20 36 25 20 24 26 123 31 29 28 44 178 589 27 21 20 20
leaf_count=3121 21 20 36 25 20 24 26 123 31 29 28 44 178 589 27 21 20 20
internal_value=-0.000375255 -0.000476152 0.00373816 0.00662694 -0.000601938 0.000472221 0.00106817 0.000103659 0.00160291 -0.000674717 -0.000288459 0.000499994 -0.000689332 -0.000462574 0.00022561 0.00277937 0.00510353 -9.78232e-05
internal_weight=4403 4382 127 61 4255 270 66 246 51 3985 195 72 3956 835 246 68 41 46
internal_count=4403 4382 127 61 4255 270 66 246 51 3985 195 72 3956 835 246 68 41 46
is_linear=0
shrinkage=0.03


Tree=26
num_leaves=22
num_cat=0
split_feature=5 5 18 12 5 9 20 16 3 7 17 4 8 8 5 8 9 9 2 8 4
split_gain=9.03578 2.58102 1.08839 1.57546 0.304302 0.473972 0.1913 0.44188 0.167827 0.140889 0.0461608 0.104054 0.0496459 0.109393 0.0432246 0.170654 0.219257 0.125503 0.035293 0.0233633 0.0249988
threshold=0.57707910750507108 0.38235294117647062 0.48676470588235299 1.0000000180025095e-35 0.27890466531440167 0.88366156090444947 0.57229813476139524 21.500000000000004 0.13281250000000003 0.14842600721355023 0.30277834021462596 0.15364583333333334 0.24281010727125305 0.27719287970000966 0.18154158215010144 0.11649458497201322 0.65864332603938747 0.88366156090444947 0.11197916666666667 0.12224515550543266 0.049479166666666671
decision_type=2 2 2 2 2 2 2 2 2 2 2 2 2 2 2 2 2 2 2 2 2
left_child=1 4 8 -4 9 6 7 -6 -3 14 11 18 -12 -14 -1 16 -16 19 -8 20 -17
right_child=-2 2 3 -5 5 -7 10 -9 -10 -11 12 -13 13 -15 15 17 -18 -19 -20 -21 -22
leaf_value=-0.0021978227219743075 0.0020082924608858343 0.00053193588325271325 0.0010593826080322096 0.00019351875687535845 -0.0010058532064139319 0.00062926814351170349 -5.5199059564558158e-05 0.0010376465694506157 -1.9241896471017253e-05 7.9629782539086054e-05 -1.8730272741272033e-05 2.1791532325224226e-05 0.00070455539933672118 -5.8639118067907575e-05 0.00027419503605106347 -0.0013762249564300412 -0.0016643515553455479 4.5921855975672304e-05 -0.00049411037043979318 -0.00057855433731411729 -0.0001017845373151178
leaf_weight=3113 21 39 33 28 29 24 20 21 27 27 207 21 23 39 21 20 22 29 48 571 20
leaf_count=3113 21 39 33 28 29 24 20 21 27 27 207 21 23 39 21 20 22 29 48 571 20
internal_value=-0.000382068 -0.000476152 0.00373816 0.00662694 -0.000601938 0.000152778 -8.82344e-05 0.00164997 0.00106817 -0.000687221 -0.000331004 0.000261234 -0.000526949 0.000217739 -0.000702581 -0.000486455 0.00134299 -0.000609373 -0.000308818 -0.000700898 7.15238e-10
internal_weight=4403 4382 127 61 4255 432 408 50 66 3823 358 89 269 62 3796 683 43 640 68 611 40
internal_count=4403 4382 127 61 4255 432 408 50 66 3823 358 89 269 62 3796 683 43 640 68 611 40
is_linear=0
shrinkage=0.03


Tree=27
num_leaves=19
num_cat=0
split_feature=5 5 6 5 5 9 13 11 10 16 12 9 7 0 3 17 10 5
split_gain=7.77442 2.29979 1.15991 0.335337 0.313436 0.48909 0.601015 0.284881 0.484888 0.858115 0.914221 0.21621 0.109116 0.0506196 0.130625 0.0692803 0.101582 0.044252
threshold=0.57707910750507108 0.38235294117647062 0.58571428571428585 0.39452332657200817 0.18154158215010144 0.88366156090444947 -0.56174490092936669 0.6830127018922193 -0.24999999999999994 29.500000000000004 1.0000000180025095e-35 0.72611232676878201 0.14842600721355023 0.57943289321425384 0.065104166666666671 0.28979778683545648 0.93301270189221952 0.34381338742393514
decision_type=2 2 2 2 2 2 2 2 2 2 2 2 2 2 2 2 2 2
left_child=1 4 -3 -4 -1 7 -7 13 9 -9 -11 -5 17 -6 -15 16 -16 -10
right_child=-2 2 3 11 5 6 -8 8 12 10 -12 -13 -14 14 15 -17 -18 -19
leaf_value=-0.0021321120800576582 0.0019480436870592587 0.0006103256268409434 0.00048985296966925021 -2.4493023749718552e-05 -0.00058785184013692858 0.00063211854611550252 -4.2793598089328546e-05 -0.00053461186510681566 -0.00055455192162314577 -3.5214226629875726e-05 0.0013511360738206932 0.00071074841600452605 7.7240889062914285e-05 4.4853086068432079e-06 2.3786997894473067e-05 -1.8423031094099775e-05 -0.00029635834261654054 0.00015384292892530143
leaf_weight=3122 21 33 20 37 567 20 33 41 154 21 24 37 27 22 21 159 24 20
leaf_count=3122 21 33 20 37 567 20 33 41 154 21 24 37 27 22 21 159 24 20
internal_value=-0.000388882 -0.000476152 0.00350194 0.00180317 -0.000594888 -0.000167475 0.00264618 -0.000305555 0.000504354 0.00238951 0.00524988 0.000871611 -0.000302237 -0.000598674 -0.000219025 -0.000455879 0.000583321 -0.000577582
internal_weight=4403 4382 127 94 4255 1133 53 1080 287 86 45 74 201 793 226 204 45 174
internal_count=4403 4382 127 94 4255 1133 53 1080 287 86 45 74 201 793 226 204 45 174
is_linear=0
shrinkage=0.03


Tree=28
num_leaves=18
num_cat=0
split_feature=5 5 9 2 5 11 10 16 12 0 7 5 17 6 13 4 5
split_gain=6.62932 1.81399 0.781006 0.915689 0.259038 0.363249 0.715672 1.12491 0.712371 0.231783 0.109116 0.104934 0.241189 0.0678398 0.104756 0.048509 0.044252
threshold=0.57707910750507108 0.38235294117647062 0.72611232676878201 0.14843750000000003 0.18154158215010144 0.6830127018922193 -0.24999999999999994 29.500000000000004 1.0000000180025095e-35 0.63632896856031052 0.14842600721355023 0.32758620689655177 0.28979778683545648 0.59032258064516141 -0.22252093395631442 0.17968750000000003 0.34381338742393514
decision_type=2 2 2 2 2 2 2 2 2 2 2 2 2 2 2 2 2
left_child=1 4 9 -4 -1 11 7 -7 -9 -3 16 15 -13 14 -14 -6 -8
right_child=-2 2 3 -5 5 6 10 8 -10 -11 -12 12 13 -15 -16 -17 -18
leaf_value=-0.002068148717655927 0.001889602376447481 0.00035437110585958415 0.00078309058792611693 0.00034313895870675379 -0.00041453260834829449 -0.00051857350915361048 -0.00053791536397445195 0.00046358107809876006 0.0012750997274484513 -4.9252799014941235e-05 7.4923662391026904e-05 0.00021901593745306562 1.4668949252540269e-06 -1.6811698462670753e-05 -0.00012428036909893492 -0.00034515430527614884 0.00014922764105754289
leaf_weight=3122 21 35 30 26 651 41 154 22 27 36 27 25 20 104 22 20 20
leaf_count=3122 21 35 30 26 651 41 154 22 27 36 27 25 20 104 22 20 20
internal_value=-0.000422949 -0.000503536 0.0030295 0.00567847 -0.000608989 -0.000220432 0.000693297 0.00291663 0.00598457 0.000940128 -0.000302237 -0.000536222 0.000127193 -0.000339038 0.000678556 -0.000705289 -0.000577582
internal_weight=4403 4382 127 56 4255 1133 291 90 49 71 201 842 171 146 42 671 174
internal_count=4403 4382 127 56 4255 1133 291 90 49 71 201 842 171 146 42 671 174
is_linear=0
shrinkage=0.03


Tree=29
num_leaves=19
num_cat=0
split_feature=1 0 9 7 7 7 18 0 12 18 17 1 6 8 12 3 17 10
split_gain=4.13541 1.64841 1.45989 1.64149 0.272435 0.20462 0.505368 0.0971401 0.112869 0.232906 0.0564259 0.112383 0.0371784 0.0371784 0.0358534 0.0213107 0.150305 0.357497
threshold=0.22656250000000003 0.61912653167645637 0.80598103574033564 0.13361070511376938 0.16947311116436589 0.14842600721355023 0.50735294117647067 0.57040581497477094 0.87837969732492682 0.49264705882352944 0.31729214534933203 0.085937500000000014 0.69262672811059922 0.1813468332704895 1.0000000180025095e-35 0.075520833333333343 0.33208765798362 -0.5
decision_type=2 2 2 2 2 2 2 2 2 2 2 2 2 2 2 2 2 2
left_child=1 5 4 -4 13 7 14 15 10 -10 11 -9 -13 -3 -7 -1 -17 -18
right_child=-2 2 3 -5 -6 6 -8 8 9 -11 -12 12 -14 -15 -16 16 17 -19
leaf_value=-0.0014818026178168987 0.0018156186779612182 1.0994255468854191e-05 0.00065203401608479995 0.00049741912163358117 0.00044564725002269268 -9.1445131932803227e-05 0.00040746632450900858 0.00078513491087491677 -0.0001908811631694415 0.00030176970774973167 -1.4963985765499426e-05 -0.00020962117778410174 -3.9677732307000601e-06 -1.7932132495986622e-05 0.00049451739854521558 -0.00080416100206722352 0.00017403840803136388 -0.00076162262685460728
leaf_weight=3176 28 20 22 25 33 64 22 21 25 21 162 58 20 58 21 536 30 61
leaf_count=3176 28 20 22 25 33 64 22 21 25 21 162 58 20 58 21 536 30 61
internal_value=-0.000457017 -0.000530571 0.00247783 0.00690943 0.000601347 -0.000643288 0.000651864 -0.000677006 -0.00016368 0.0012065 -0.00040517 0.00015909 -0.000365379 -0.000365379 -0.000397053 -0.000718445 -0.000558611 0.000568676
internal_weight=4403 4375 158 47 111 4217 107 4110 307 46 261 99 78 78 85 3803 627 91
internal_count=4403 4375 158 47 111 4217 107 4110 307 46 261 99 78 78 85 3803 627 91
is_linear=0
shrinkage=0.03


Tree=30
num_leaves=18
num_cat=0
split_feature=5 1 17 5 20 8 7 17 5 11 8 3 7 8 17 8 8
split_gain=4.67066 1.6092 1.22031 0.239545 0.273665 0.167734 0.324254 0.12942 0.0882029 0.274075 0.626778 0.81438 0.123071 0.0563209 0.106971 0.0440467 0.0439704
threshold=0.38640973630831649 0.22656250000000003 0.4564717896349248 0.31947261663286008 0.5896914389629998 0.29024861203486146 0.12106829783344576 0.28979778683545648 0.18154158215010144 0.6830127018922193 0.20249421316166533 0.075520833333333343 0.079237953319248058 0.2538063739792234 0.38822227895498268 0.16822606371660098 0.32168781531003504
decision_type=2 2 2 2 2 2 2 2 2 2 2 2 2 2 2 2 2
left_child=3 2 5 8 -5 6 -2 -6 -1 16 11 12 -11 15 -15 -9 -10
right_child=1 -3 -4 4 7 -7 -8 13 9 10 -12 -13 -14 14 -16 -17 -18
leaf_value=-0.0020063071587942535 0.0001929216824385035 0.0017735041370458371 0.00042881416688776448 0.00087328378455514392 3.0667881262511217e-05 -7.8325780467697719e-05 0.00077562879724808092 3.4664116923991179e-05 -0.00046218987999141177 -0.00037211022946769982 -0.00053029734902366045 0.00070997615101748017 1.9756026909261591e-05 0.00016084979623141375 -0.00010034252350193562 -3.2176606919814242e-05 -0.00012886849119901365
leaf_weight=3129 29 23 38 21 39 24 20 20 652 32 130 28 20 20 23 148 22
leaf_count=3129 29 23 38 21 39 24 20 20 652 32 130 28 20 20 23 148 22
internal_value=-0.000444431 0.00507086 0.00357429 -0.000616946 0.00024631 0.00130478 0.00231118 -2.99992e-05 -0.000675242 -0.000410632 0.000535712 0.00262497 0.000403839 -0.000323457 0.000645335 -0.000571424 -0.000705488
internal_weight=4418 134 111 4284 271 73 49 250 4013 884 210 80 52 211 43 168 674
internal_count=4418 134 111 4284 271 73 49 250 4013 884 210 80 52 211 43 168 674
is_linear=0
shrinkage=0.03


Tree=31
num_leaves=17
num_cat=0
split_feature=0 16 7 0 0 9 6 6 1 0 11 10 12 7 6 10
split_gain=4.16785 1.83934 1.02282 0.470223 0.43467 0.534172 0.0910921 0.233259 0.0855518 0.075971 0.180327 0.533655 1.01841 0.0452145 0.0370045 0.0833313
threshold=0.64473107689836062 27.500000000000004 0.22769620777782279 0.66731703608882975 0.60199702478080097 0.80598103574033564 0.63271889400921666 0.65483870967741953 0.12239583333333334 0.47474271117275768 0.6830127018922193 -0.24999999999999994 1.0000000180025095e-35 0.13980411543182011 0.60875576036866375 0.68301270189221941
decision_type=2 2 2 2 2 2 2 2 2 2 2 2 2 2 2 2
left_child=2 -2 4 -3 9 6 -6 -8 -9 -1 14 12 -12 -13 -11 -16
right_child=1 3 -4 -5 5 -7 7 8 -10 10 11 13 -14 -15 15 -17
leaf_value=-0.0022399858467942245 0.00014804809214421629 0.00056266889429070226 0.00078811606622953558 0.001727711424588536 -1.7173293828714374e-05 0.00060006249839965223 0.00016852125378894375 5.3040214888512726e-05 -2.6924520482971919e-05 -0.000450799891722414 -0.00053002057110214515 -0.00053609526046389806 0.0011005670981610878 8.1784945994743293e-06 2.8060031016121762e-05 -0.000250667168961151
leaf_weight=2940 24 21 33 20 81 39 22 31 61 762 44 189 35 20 32 64
leaf_count=2940 24 21 33 20 81 39 22 31 61 762 44 189 35 20 32 64
internal_value=-0.000444431 0.00709605 -0.000557029 0.0109571 -0.000597221 0.000660254 1.92314e-05 0.000565785 -9.78243e-05 -0.000669236 -0.000462041 0.0001875 0.00228795 -0.000606456 -0.000680068 -0.000124998
internal_weight=4418 65 4353 41 4320 234 195 114 92 4086 1146 288 79 209 858 96
internal_count=4418 65 4353 41 4320 234 195 114 92 4086 1146 288 79 209 858 96
is_linear=0
shrinkage=0.03


Tree=32
num_leaves=19
num_cat=0
split_feature=5 1 17 5 0 8 7 17 8 8 17 0 8 11 8 1 2 8
split_gain=4.68217 1.6092 1.22031 0.309321 0.255554 0.167734 0.324254 0.110596 0.0996355 0.0714007 0.106971 0.0583584 0.160722 0.0458415 0.233415 0.0426277 0.0413805 0.0406609
threshold=0.38640973630831649 0.22656250000000003 0.4564717896349248 0.31947261663286008 0.5896914389629998 0.29024861203486146 0.12106829783344576 0.28979778683545648 0.17145492021784528 0.2538063739792234 0.38822227895498268 0.52080508158020811 0.12808689612673749 0.6830127018922193 0.20249421316166533 0.12760416666666669 0.14322916666666669 0.29888286581140178
decision_type=2 2 2 2 2 2 2 2 2 2 2 2 2 2 2 2 2 2
left_child=3 2 5 11 -5 6 -2 -6 -9 -10 -11 15 -13 17 -15 16 -1 -14
right_child=1 -3 -4 4 7 -7 -8 8 9 10 -12 12 13 14 -16 -17 -18 -19
leaf_value=-0.0016343221590705023 0.00018229887185312494 0.0016684676701968081 0.00038151239794400113 0.00081875501908298411 2.7336090084803394e-05 -0.00010416775141121456 0.00071659757246658382 3.0034592569847863e-05 -4.3957269385333125e-05 0.00014481920785968473 -0.00011533412274886744 0.00016645782277717388 -0.00028418085401259521 0.00061328924244780146 -0.00049660712296444335 -0.0006395337356218646 -0.0012360834212818588 -0.00012962729136937985
leaf_weight=3474 29 23 38 21 39 24 20 26 142 20 23 20 332 29 88 23 24 23
leaf_count=3474 29 23 38 21 39 24 20 26 142 20 23 20 332 29 88 23 24 23
internal_value=-0.000451221 0.00507086 0.00357429 -0.000623949 0.00035701 0.00130478 0.00231118 9.00004e-05 -0.000181278 -0.000425673 0.000645335 -0.000690193 -0.000384145 -0.000495761 1.92313e-05 -0.000732958 -0.000741423 -0.00066549
internal_weight=4418 134 111 4284 271 73 49 250 211 185 43 4013 492 472 117 3521 3498 355
internal_count=4418 134 111 4284 271 73 49 250 211 185 43 4013 492 472 117 3521 3498 355
is_linear=0
shrinkage=0.03


Tree=33
num_leaves=18
num_cat=0
split_feature=5 2 9 4 5 4 6 5 11 8 7 13 4 8 10 8 6
split_gain=4.6223 1.67553 1.97983 0.752284 0.351395 0.304675 0.293512 0.122551 0.239036 0.568157 0.493475 0.595206 0.043724 0.0381842 0.0376297 0.0331379 0.0462542
threshold=0.40466531440162273 0.15885416666666669 0.53610503282275734 0.10156250000000001 0.34989858012170388 0.065104166666666671 0.72995391705069135 0.18154158215010144 0.6830127018922193 0.20345608835639697 0.065317751259371823 1.0000000180025095e-35 0.023437500000000003 0.17662210150131016 -0.24999999999999994 0.32168781531003504 0.69262672811059922
decision_type=2 2 2 2 2 2 2 2 2 2 2 2 2 2 2 2 2
left_child=4 2 -2 -4 7 -6 13 -1 12 10 -10 -12 -9 -7 -11 16 -14
right_child=1 -3 3 -5 5 6 -8 8 9 14 11 -13 15 -15 -16 -17 -18
leaf_value=-0.0018440009648280778 8.8045461426338736e-05 -5.7255162817443562e-05 0.0016184136400909043 0.00096306546237150169 0.00039060787282766882 -2.2514118910062073e-05 0.0005303374810819697 -0.00053559461871485823 -0.00032498414134999367 0.00016719065693675774 0.00052750142995775396 -0.0002765158922807711 -0.00024748336819553586 -1.6642771223783106e-05 -0.00041258423623688131 -6.0959997181503363e-05 -0.0001068001212265552
leaf_weight=3129 24 31 23 20 27 21 22 20 29 23 32 24 712 85 148 27 21
leaf_count=3129 24 31 23 20 27 21 22 20 29 23 32 24 712 85 148 27 21
internal_value=-0.000458012 0.00598463 0.00865286 0.0125055 -0.000604166 0.000798383 0.000187499 -0.000656362 -0.000373551 0.000421874 0.00242644 0.00407136 -0.000634614 -0.000466976 -0.000574557 -0.000671051 -0.000709071
internal_weight=4418 98 67 43 4320 155 128 4165 1036 256 85 56 780 106 171 760 733
internal_count=4418 98 67 43 4320 155 128 4165 1036 256 85 56 780 106 171 760 733
is_linear=0
shrinkage=0.03


Tree=34
num_leaves=20
num_cat=0
split_feature=5 2 9 1 5 9 18 7 8 2 1 11 8 3 7 7 3 18 8
split_gain=4.15645 1.50237 1.73132 1.06275 0.606569 0.291822 0.265175 0.543448 0.120915 0.100354 0.0865304 0.297798 0.311412 0.592179 0.358147 0.224966 0.0465195 0.106112 0.0463606
threshold=0.40466531440162273 0.15885416666666669 0.53610503282275734 0.17447916666666669 0.31947261663286008 0.88366156090444947 0.45147058823529412 0.10698939372466877 0.16822606371660098 0.075520833333333343 0.065104166666666671 0.6830127018922193 0.21743680224164993 0.075520833333333343 0.090933578475972623 0.073925378384792365 0.12760416666666669 0.48970588235294121 0.30935014610256384
decision_type=2 2 2 2 2 2 2 2 2 2 2 2 2 2 2 2 2 2 2
left_child=4 2 -2 -4 10 6 7 -6 -8 -10 -1 18 13 14 -13 -15 -11 -18 -12
right_child=1 -3 3 -5 5 -7 8 -9 9 16 11 12 -14 15 -16 -17 17 -19 -20
leaf_value=-0.0017061038201469558 8.5404097583547387e-05 -5.5537507932921425e-05 0.00033687690727296542 0.0015698612308881787 -7.5357811262011728e-05 0.00060122865815465305 3.4194895117814571e-05 0.00051995725595730834 3.3561370755402642e-05 -0.00017706801114560419 -0.00050025653444639559 -0.0004200969045710099 -0.00049233940998730827 0.00022962060608783827 3.1378961316510699e-05 0.00076866712420245453 -3.2265374105460101e-05 0.00011992168751087277 -0.00010125949158019513
leaf_weight=2976 24 31 20 23 23 27 20 23 26 129 774 78 104 20 20 20 36 23 21
leaf_count=2976 24 31 20 23 23 27 20 23 26 129 774 78 104 20 20 20 36 23 21
internal_value=-0.00043085 0.00567851 0.0082051 0.0118079 -0.000569444 0.000715796 0.000428571 0.00251082 1.92314e-05 -0.000189251 -0.000667766 -0.000431773 0.000489668 0.0014239 0.000168366 0.00449989 -0.000430848 0.000266945 -0.000712263
internal_weight=4418 98 67 43 4320 307 280 46 234 214 4013 1037 242 138 98 40 188 59 795
internal_count=4418 98 67 43 4320 307 280 46 234 214 4013 1037 242 138 98 40 188 59 795
is_linear=0
shrinkage=0.03


Tree=35
num_leaves=21
num_cat=0
split_feature=5 1 17 6 1 11 6 17 6 2 7 7 6 7 3 0 4 2 0 0
split_gain=3.69542 0.963198 0.830131 0.899939 0.332652 0.244799 0.474032 0.178444 0.173977 0.330516 0.452704 0.773185 0.121464 0.108758 0.0395823 0.0311649 0.00749362 0.0333327 0.00615817 0.0435475
threshold=0.45334685598377283 0.22135416666666669 0.46476895583354622 0.39493087557603695 0.085937500000000014 0.6830127018922193 0.37465437788018441 0.40471732902164365 0.57281105990783432 0.10156250000000001 0.10150446750004584 0.084085449125830131 0.72995391705069135 0.10811401452739054 0.13802083333333334 0.58757867942685726 0.12760416666666669 0.039062500000000007 0.53121608501887896 0.53840388049425569
decision_type=2 2 2 2 2 2 2 2 2 2 2 2 2 2 2 2 2 2 2 2
left_child=2 -2 4 -4 7 8 -7 16 -6 10 11 -10 -11 14 -8 -15 18 -18 -1 -20
right_child=1 -3 3 -5 5 6 13 -9 9 12 -12 -13 -14 15 -16 -17 17 -19 19 -21
leaf_value=-0.0016047319666149728 0.00031341331987351891 0.0012520946566486179 -0.00069679762937383352 0.0004041732710551407 -0.00032678665071658259 5.0395834183259579e-05 -0.00020167838148483431 0.00050716126549159974 -0.00010969659766127641 -4.2647111734428594e-05 -2.4411498684662419e-05 9.7810639538022001e-05 0.00022951361732598383 6.1935867806733939e-05 0.00025791351067455665 6.3629591868883138e-05 -0.00048196546793552041 -0.00041966280328963902 -0.00050883161338947263 -0.00027417275083663808
leaf_weight=3257 30 20 20 20 359 39 76 22 26 159 34 20 28 20 20 22 24 96 20 135
leaf_count=3257 30 20 20 20 359 39 76 22 26 159 34 20 28 20 20 22 24 96 20 135
internal_value=-0.000459916 0.00764985 -0.000552137 0.00374991 -0.000591633 -4.01611e-05 0.000944911 -0.000716234 -0.000318689 0.000261236 0.00187498 0.00381514 -0.000429141 0.000119565 -0.000437495 0.00139282 -0.000733012 -0.000499995 -0.000741207 -0.000556447
internal_weight=4447 50 4397 40 4357 803 177 3554 626 267 80 46 187 138 96 42 3532 120 3412 155
internal_count=4447 50 4397 40 4357 803 177 3554 626 267 80 46 187 138 96 42 3532 120 3412 155
is_linear=0
shrinkage=0.03


Tree=36
num_leaves=23
num_cat=0
split_feature=17 6 12 0 16 10 12 7 18 11 17 3 7 7 2 0 6 7 4 7 0 0
split_gain=3.40461 1.96333 0.459547 0.329737 0.248951 0.284536 0.554935 0.282784 0.409894 0.224796 0.22407 0.311094 0.0549695 0.119042 0.0479716 0.0476296 0.0425917 0.0420179 0.00975974 0.0393607 0.00645236 0.0302798
threshold=0.46476895583354622 0.52764976958525367 -1.0000000180025095e-35 0.50628773408195216 29.500000000000004 -0.5 1.0000000180025095e-35 0.086724821097632201 0.49558823529411766 0.25000000000000017 0.31027880239099248 0.13802083333333334 0.060647555628343786 0.05468897878109228 0.13802083333333334 0.62715923987447197 0.43456221198156691 0.14507291196543173 0.12760416666666669 0.092848179558897223 0.49403747443035323 0.49630345877563281
decision_type=2 2 2 2 2 2 2 2 2 2 2 2 2 2 2 2 2 2 2 2 2 2
left_child=3 2 -2 14 12 6 -6 -7 10 -10 11 -9 13 -5 17 -14 -12 18 20 -20 -1 -22
right_child=1 -3 -4 4 5 7 -8 8 9 -11 16 -13 15 -15 -16 -17 -18 -19 19 -21 21 -23
leaf_value=-0.0016683252549950472 0.00036525057169133909 0.0010716710760219801 -0.00020072365404846655 -0.0004388723663647083 -0.001064155562316606 -0.00017629375480600619 0.00070342376694293137 0.00025073877799709917 1.3466768990104097e-05 0.00071673565102359975 -0.00013594643893567756 -0.00014636659882705306 -0.00016915269559959891 6.7581411896597226e-06 -0.00094627511401596974 3.0518851312541506e-05 -3.3313280027178093e-05 -0.0011956379735442904 -0.00048327150822851734 -0.0003776121786882944 -0.0008792739028049357 -0.00060692329577960002
leaf_weight=3141 20 32 27 35 21 174 22 24 33 34 20 21 402 21 20 20 115 23 74 20 27 121
leaf_count=3141 20 32 27 35 21 174 22 24 33 34 20 21 402 21 20 20 115 23 74 20 27 121
internal_value=-0.000466662 0.00570562 0.00180315 -0.000578296 -8.12094e-05 0.000413793 0.00273831 0.000176366 0.000828945 0.00283205 8.33336e-05 0.00191662 -0.000561714 0.000321424 -0.000714973 -0.000678908 -0.000527773 -0.000723575 -0.000732263 -0.000430846 -0.000740878 -0.000547293
internal_weight=4447 79 47 4368 942 464 43 421 247 67 180 45 478 56 3426 422 135 3406 3383 94 3289 148
internal_count=4447 79 47 4368 942 464 43 421 247 67 180 45 478 56 3426 422 135 3406 3383 94 3289 148
is_linear=0
shrinkage=0.03


Tree=37
num_leaves=21
num_cat=0
split_feature=17 6 12 1 9 11 6 2 6 17 7 8 20 1 3 3 20 10 4 7
split_gain=3.40461 1.96333 0.459547 0.355951 0.358489 0.261233 0.50878 0.23939 0.611564 0.169425 0.10942 0.219257 0.0787597 0.206339 0.219598 0.0402902 0.0189148 0.145499 0.0113286 0.038371
threshold=0.46476895583354622 0.52764976958525367 -1.0000000180025095e-35 0.085937500000000014 0.80598103574033564 0.6830127018922193 0.34147465437788027 0.15364583333333334 0.57281105990783432 0.40471732902164365 0.10811401452739054 0.26495406874879129 0.60199702478080097 0.12239583333333334 0.10677083333333334 0.13802083333333334 0.53121608501887896 -0.5 0.12760416666666669 0.084085449125830131
decision_type=2 2 2 2 2 2 2 2 2 2 2 2 2 2 2 2 2 2 2 2
left_child=3 2 -2 9 5 12 -7 8 -6 16 15 -12 -5 14 -14 -8 18 -18 -1 -20
right_child=1 -3 -4 4 7 6 10 -9 -10 -11 11 -13 13 -15 -16 -17 17 -19 19 -21
leaf_value=-0.0015334517943894975 0.00035429305454059875 0.0010395209437413196 -0.00019470194442701332 -0.00031298097521165332 -0.000119121953518219 0.00011024750638756349 -0.00016743060700575668 -1.9618187775647866e-05 0.00069677785989038653 0.00044944408532805779 0.00014717447372668762 -0.00044980963906361818 -3.1791284370361929e-05 -1.1886521686373374e-05 7.6549413791573504e-05 0.0002395718852532063 1.377222747114019e-05 -0.00025796742111368332 -0.0010205662033587579 -0.00036628381332764668
leaf_weight=3257 20 32 27 410 32 29 83 22 25 23 21 22 21 98 30 20 24 165 66 20
leaf_count=3257 20 32 27 410 32 29 83 22 25 23 21 22 21 98 30 20 24 165 66 20
internal_value=-0.000466662 0.00570562 0.00180315 -0.000578296 -1.19919e-05 -0.000218664 0.000792853 0.0019082 0.00293416 -0.000707805 7.1918e-05 0.00134299 -0.000535329 5.53695e-05 0.00160291 -0.000458733 -0.000724518 -0.000432537 -0.000741025 -0.000401157
internal_weight=4447 79 47 4368 813 734 175 79 57 3555 146 43 559 149 51 103 3532 189 3343 86
internal_count=4447 79 47 4368 813 734 175 79 57 3555 146 43 559 149 51 103 3532 189 3343 86
is_linear=0
shrinkage=0.03


Tree=38
num_leaves=19
num_cat=0
split_feature=5 2 17 1 11 8 8 17 6 2 13 6 7 0 10 4 4 7
split_gain=3.17454 1.12316 0.802649 0.277759 0.350368 0.802728 0.218308 0.194397 0.120726 0.176457 0.429122 0.120127 0.069505 0.0428955 0.125531 0.0394658 0.0113288 0.038371
threshold=0.45334685598377283 0.15364583333333334 0.4759594928091227 0.085937500000000014 0.6830127018922193 0.14266440600799832 0.20249421316166533 0.40894391966641147 0.59032258064516141 0.10156250000000001 -0.22252093395631442 0.72995391705069135 0.10811401452739054 0.53121608501887896 -0.5 0.14843750000000003 0.12760416666666669 0.084085449125830131
decision_type=2 2 2 2 2 2 2 2 2 2 2 2 2 2 2 2 2 2
left_child=2 -2 3 7 8 -6 -7 13 -5 10 -10 -11 -8 16 -15 -16 -1 -18
right_child=1 -3 -4 4 5 6 12 -9 9 11 -12 -13 -14 14 15 -17 17 -19
leaf_value=-0.0014877867822948843 0.0010559555624048075 0.00031859990434930722 0.00025507369697868123 -0.00020341242121725482 0.00014056355889673449 7.9562392855945876e-05 -0.00016098687926108718 0.00049953066441677657 -1.2919371595280358e-05 -3.8665904325347574e-05 6.5478773525815868e-05 0.00020676232372528717 4.1640085844924378e-05 1.3359060647006575e-05 -0.00022513862838596205 -0.00018803768000869299 -0.00098994921725799475 -0.00035529529892781885
leaf_weight=3260 28 22 29 384 20 39 82 20 39 148 32 28 39 24 145 22 66 20
leaf_count=3260 28 22 29 384 20 39 82 20 39 148 32 28 39 24 145 22 66 20
internal_value=-0.000466662 0.00704986 -0.000552137 -0.000585164 -8.41545e-05 0.00108333 0.000374998 -0.000699395 -0.000417194 0.000100203 0.00136266 -0.000409088 -0.000254129 -0.000716072 -0.000278794 -0.000570355 -0.000741033 -0.000401157
internal_weight=4447 50 4397 4368 811 180 160 3557 631 247 71 176 121 3537 191 167 3346 86
internal_count=4447 50 4397 4368 811 180 160 3557 631 247 71 176 121 3537 191 167 3346 86
is_linear=0
shrinkage=0.03


Tree=39
num_leaves=25
num_cat=0
split_feature=5 2 17 5 11 6 10 5 9 9 6 10 18 4 7 2 18 13 3 0 4 7 0 18
split_gain=2.69321 0.873178 0.503531 0.263543 0.375017 0.461446 0.314579 0.250194 0.131312 0.173602 0.0981152 0.117188 0.136119 0.0502898 0.140091 0.047354 0.0368541 0.084594 0.0291654 0.0249963 0.0114295 0.0376532 0.00885819 0.0362794
threshold=0.45334685598377283 0.15364583333333334 0.4759594928091227 0.19776876267748481 0.6830127018922193 0.34792626728110604 -0.24999999999999994 0.26673427991886417 0.47191830780452232 0.51677607585703877 0.59032258064516141 0.25000000000000011 0.43088235294117649 0.11197916666666667 0.10036056523027932 0.13802083333333334 0.50441176470588245 -0.56174490092936669 0.085937500000000014 0.60600593573569095 0.12760416666666669 0.083692218058272358 0.49403747443035323 0.48970588235294121
decision_type=2 2 2 2 2 2 2 2 2 2 2 2 2 2 2 2 2 2 2 2 2 2 2 2
left_child=2 -2 3 15 10 -6 7 -7 -8 -10 -5 -12 -13 14 19 16 20 -18 -11 -14 22 -22 -1 -24
right_child=1 -3 -4 4 5 6 8 -9 9 18 11 12 13 -15 -16 -17 17 -19 -20 -21 21 -23 23 -25
leaf_value=-0.0015520879389613132 0.0010242768955326638 0.00030904190721882678 0.00024742148606932216 -0.00018341567032317181 0.00013456395693963331 0.00025329339467848112 -0.00066584120714601575 0.00016344291265302214 0.00012834088486219722 -0.00013016193293066857 6.6441878700077987e-05 6.2560106981119815e-05 -9.0005311077843839e-05 -1.2200963706136907e-05 -0.00014975916482791736 -0.00088861397955627974 3.8373743510670789e-05 -0.0012842867494318626 -0.00017926116354922931 0.00022415033253476052 -0.00099256580612268786 -0.00010475943928291555 -0.000840356974855345 -0.00054751739778733776
leaf_weight=3057 28 22 29 462 20 20 104 22 24 20 21 21 20 154 66 20 32 67 28 20 61 20 87 22
leaf_count=3057 28 22 29 462 20 20 104 22 24 20 21 21 20 154 66 20 32 67 28 20 61 20 87 22
internal_value=-0.000473408 0.00644987 -0.000552137 -0.000578296 -0.000151197 0.000888652 0.000488531 0.00282136 -6.81807e-05 0.000916655 -0.00047513 -5.46349e-05 -0.000216191 -0.000403844 9.90564e-05 -0.000705436 -0.000714135 -0.000143937 -0.000124997 0.00149996 -0.00073152 -0.000379624 -0.000740523 -0.000474766
internal_weight=4447 50 4397 4368 1002 238 218 42 176 72 764 302 281 260 106 3366 3346 99 48 40 3247 81 3166 109
internal_count=4447 50 4397 4368 1002 238 218 42 176 72 764 302 281 260 106 3366 3346 99 48 40 3247 81 3166 109
is_linear=0
shrinkage=0.03


Tree=40
num_leaves=24
num_cat=0
split_feature=1 9 17 9 12 12 1 11 8 3 13 8 8 7 7 4 0 2 7 1 8 0 8
split_gain=3.05409 1.10951 0.646781 0.507934 0.603636 0.989246 0.21883 0.266426 0.512646 0.603637 0.110788 0.248364 0.120795 0.0677442 0.194629 0.164921 0.0373407 0.0371784 0.0233368 0.0108884 0.0382342 0.00931302 0.0403836
threshold=0.25260416666666669 0.97957695113056176 0.4150285082120671 0.53610503282275734 1.0000000180025095e-35 -0.60785761079279388 0.091145833333333343 0.6830127018922193 0.19814297748565238 0.065104166666666671 0.81174490092936691 0.17796410352255287 0.29888286581140178 0.10585281245293768 0.11470218836877218 0.085937500000000014 0.60315093627196148 0.13281250000000003 0.060647555628343786 0.085937500000000014 0.12558172954289096 0.53121608501887896 0.16407443063010999
decision_type=2 2 2 2 2 2 2 2 2 2 2 2 2 2 2 2 2 2 2 2 2 2 2
left_child=1 2 6 17 5 -5 13 10 9 -9 12 -12 18 19 15 -15 -10 -4 -8 21 -21 -1 -23
right_child=-2 -3 3 4 -6 -7 7 8 16 -11 11 -13 -14 14 -16 -17 -18 -19 -20 20 -22 22 -24
leaf_value=-0.0014203638830610228 0.0013668722315851244 0.00063847513833815929 -0.00017877015008835293 0.0001380683920535284 0.00011286082859241034 0.0007616159139260286 -0.00018391405609277273 1.4141666654257047e-05 -0.00043633001292378684 0.0003161402193156735 4.1918677579272124e-05 -7.1980212264475296e-05 5.3043004632996969e-05 -0.00026192053688356263 -0.00036517339332164212 0.00070551294735408466 0.00010529722293139789 -0.00011389283525618678 -8.9233042024097748e-05 -0.00055128927358707753 -0.00012755725823791289 -1.3944832415944489e-05 -0.00024608380790794792
leaf_weight=3206 20 30 58 21 35 23 39 26 59 23 22 34 29 37 150 22 20 20 395 20 65 20 84
leaf_count=3206 20 30 58 21 35 23 39 26 59 23 22 34 29 37 150 22 20 20 395 20 65 20 84
internal_value=-0.000447173 -0.000499887 -0.000539019 0.0013519 0.00304743 0.00538624 -0.000608856 -0.000100849 0.00112499 0.00353564 -0.000403178 0.000857128 -0.000555614 -0.000700055 -0.000175836 0.00128388 -0.000370248 -0.000365379 -0.000680873 -0.000732326 -0.000397053 -0.000740936 -0.000461533
internal_weight=4458 4438 4408 157 79 44 4251 647 128 49 519 56 463 3604 209 59 79 78 434 3395 85 3310 104
internal_count=4458 4438 4408 157 79 44 4251 647 128 49 519 56 463 3604 209 59 79 78 434 3395 85 3310 104
is_linear=0
shrinkage=0.03


Tree=41
num_leaves=24
num_cat=1
split_feature=1 1 16 10 10 6 3 19 17 4 17 3 13 16 0 0 0 10 0 4 17 17 2
split_gain=2.3149 0.867362 0.409033 1.00195 1.1784 0.552551 0.269766 0.171142 0.220793 0.305098 0.147118 0.146515 0.126392 0.187491 0.0642349 0.142531 0.043811 0.325266 0.0430934 0.0116074 0.0374989 0.00744431 0.0422471
threshold=0.25260416666666669 0.085937500000000014 28.500000000000004 -0.5 -0.6830127018922193 0.72995391705069135 0.028645833333333336 0 0.33161080935151527 0.10677083333333334 0.4150285082120671 0.065104166666666671 0.81174490092936691 11.500000000000002 0.60199702478080097 0.61229581972090841 0.53121608501887896 -0.5 0.61912653167645637 0.12760416666666669 0.2675707716731372 0.35826738149944698 0.065104166666666671
decision_type=2 2 2 2 2 2 2 1 2 2 2 2 2 2 2 2 2 2 2 2 2 2 2
left_child=1 10 12 4 -4 6 -5 8 9 -8 16 -10 14 -14 -3 -16 19 -18 -9 21 -21 -1 -23
right_child=-2 2 3 5 -6 -7 7 18 11 -11 -12 -13 13 -15 15 -17 17 -19 -20 20 -22 22 -24
leaf_value=-0.0013595721746656145 0.0013258660646375696 -0.0004047599859171818 -0.00061849119661720969 0.00023734697344588452 0.00062197693248494613 0.0006022295243408017 0.00015781690551727246 -0.00019898100564134472 2.1723715236070862e-06 -2.8626165511936682e-05 0.00033749316260365679 -2.1507658442245533e-05 4.0114164586763247e-05 -0.00011152644749623408 2.1280664403925856e-06 -7.269849970303618e-05 0.00059117870862022493 -0.00022287616864970466 1.3193982721642965e-06 -0.00082204357723646366 -0.00048331268136008105 -0.0015412554832824224 -0.00064943557615115442
leaf_weight=3125 20 273 21 22 33 39 20 200 21 27 26 70 24 24 39 63 24 157 21 60 20 109 20
leaf_count=3125 20 273 21 22 33 39 20 200 21 27 26 70 24 24 39 63 24 157 21 60 20 109 20
internal_value=-0.000433714 -0.000479607 0.000353679 0.000958859 0.00480547 0.000464285 0.000116142 -8.14754e-05 0.00071959 0.00244144 -0.000690694 -9.06576e-05 -0.000324467 0.00112498 -0.000509998 0.000132352 -0.000707325 -0.00025276 -0.000587659 -0.000732003 -0.000374995 -0.00074078 -0.000517437
internal_weight=4458 4438 897 474 54 420 381 359 138 47 3541 91 423 48 375 102 3515 181 221 3334 80 3254 129
internal_count=4458 4438 897 474 54 420 381 359 138 47 3541 91 423 48 375 102 3515 181 221 3334 80 3254 129
cat_boundaries=0 1
cat_threshold=34
is_linear=0
shrinkage=0.03


Tree=42
num_leaves=21
num_cat=1
split_feature=7 9 1 19 11 8 9 18 0 8 2 0 17 17 17 0 1 7 7 18
split_gain=2.73896 1.34603 0.425757 0.247488 0.411369 0.731401 0.320272 0.24428 0.129255 0.471058 0.113443 0.0999644 0.06613 0.125361 0.0485434 0.0380942 0.0370119 0.0210448 0.0628834 0.114888
threshold=0.38780974986680611 0.97957695113056176 0.080729166666666671 0 0.6830127018922193 0.19814297748565238 0.80598103574033564 0.45147058823529412 0.59102031964221136 0.17145492021784528 0.096354166666666671 0.54247262211610925 0.36533061016083745 0.38128669900434015 0.40894391966641147 0.61912653167645637 0.15364583333333334 0.10585281245293768 0.11470218836877218 0.47205882352941181
decision_type=2 2 2 1 2 2 2 2 2 2 2 2 2 2 2 2 2 2 2 2
left_child=1 2 14 4 6 11 8 -7 -4 -10 -11 -6 -5 -14 17 -15 -9 -1 19 -19
right_child=-2 -3 3 12 5 7 -8 16 9 10 -12 -13 13 15 -16 -17 -18 18 -20 -21
leaf_value=-0.0012347081275246345 0.0012663236516209141 0.0005936578385256977 -0.00026779530630555978 -0.00027718818156808082 0.0001262467273887164 0.0003934709104552382 0.00026214374588008984 -7.9258426345434779e-05 3.891073964916185e-05 3.7231305194245692e-06 -2.7605972049799631e-05 0.00091205181588068418 2.314756733871075e-05 -0.00013975604443218842 -0.00047090041000578286 2.4719524356963176e-06 1.2459842224306375e-05 -0.0002539734600819188 -0.00038856593783518804 0.00018264655052335367
leaf_weight=3218 28 34 216 337 20 23 21 57 24 28 108 20 20 64 20 20 20 27 133 20
leaf_count=3218 28 34 216 337 20 23 21 57 24 28 108 20 20 64 20 20 20 27 133 20
internal_value=-0.000460632 -0.000519751 -0.000565741 -1.3803e-05 0.000415448 0.00182142 -6.98984e-05 0.000449996 -0.000271275 0.000374998 -0.000308821 0.00524987 -0.000533812 0.000115384 -0.000723668 -0.000392852 -0.000360384 -0.000732342 -0.000416664 0.000526585
internal_weight=4458 4430 4396 978 537 140 397 100 376 160 136 40 441 104 3418 84 77 3398 180 47
internal_count=4458 4430 4396 978 537 140 397 100 376 160 136 40 441 104 3418 84 77 3398 180 47
cat_boundaries=0 1
cat_threshold=58
is_linear=0
shrinkage=0.03


Tree=43
num_leaves=24
num_cat=1
split_feature=5 9 5 8 19 9 8 10 3 1 8 7 12 1 17 3 5 18 9 7 7 1 6
split_gain=3.05409 1.19512 0.468092 0.309115 0.212592 0.390273 0.263939 0.192145 0.457114 0.12467 0.076721 0.225217 0.40973 0.0613822 0.129514 0.192848 0.0444638 0.0428242 0.110325 0.0401951 0.0372337 0.135447 0.0321417
threshold=0.59736308316430031 0.97957695113056176 0.21399594320486817 0.12764341896183354 0 0.80598103574033564 0.15376901510591112 -0.5 0.11197916666666667 0.085937500000000014 0.19010694606400499 0.098703409235773101 1.0000000180025095e-35 0.085937500000000014 0.33208765798362 0.059895833333333336 0.22210953346855986 0.49558823529411766 0.57148067104303446 0.063178407437470135 0.10585281245293768 0.059895833333333336 0.29815668202764983
decision_type=2 2 2 2 1 2 2 2 2 2 2 2 2 2 2 2 2 2 2 2 2 2 2
left_child=1 2 13 -4 16 6 -6 8 9 -8 11 19 -13 20 -15 22 -5 -12 -19 -9 -1 -22 -16
right_child=-2 -3 3 4 5 -7 7 10 -10 -11 17 12 -14 14 15 -17 -18 18 -20 -21 21 -23 -24
leaf_value=-0.0013316634644577963 0.001248100373149814 0.00058724234326806846 0.0001066443663352023 -0.00027588349837355389 1.5693145815009874e-05 0.00043258641094408269 0.0010790395755447019 -8.7720599696774438e-05 0.00043706079497967234 -0.00014605088229576916 -4.6992930576388401e-05 3.978175064815925e-05 -0.00010064591326961057 -0.00076319277529051646 -0.0019743681467853662 4.9057423507844287e-05 -0.00017126495049864441 9.061119700862414e-05 -7.4670893469295783e-05 -0.00011171848628222514 -0.0013624391595042826 0.0001623374422974459 1.6397923430179611e-05
leaf_weight=3154 20 28 20 21 22 37 22 20 20 48 225 20 21 147 36 24 296 24 47 82 81 23 20
leaf_count=3154 20 28 20 21 22 37 22 20 20 48 225 20 21 147 36 24 296 24 47 82 81 23 20
internal_value=-0.000447173 -0.000499887 -0.000539115 6.08115e-05 -2.07175e-05 0.000316054 0.000121144 -1.27592e-05 0.00124999 0.000107142 -0.000271639 0.00029895 0.00217678 -0.000698349 -0.000221364 0.000749991 -0.000635318 -0.000547295 9.50698e-05 -0.000455877 -0.000731583 -0.000173075 -0.000214281
internal_weight=4458 4438 4410 925 905 588 551 529 90 70 439 143 41 3485 227 80 317 296 71 102 3258 104 56
internal_count=4458 4438 4410 925 905 588 551 529 90 70 439 143 41 3485 227 80 317 296 71 102 3258 104 56
cat_boundaries=0 1
cat_threshold=196
is_linear=0
shrinkage=0.03


Tree=44
num_leaves=23
num_cat=0
split_feature=1 9 0 8 9 3 10 16 1 6 18 8 16 2 17 17 10 12 6 18 11 16
split_gain=2.32716 1.11212 0.392425 0.586268 0.205054 0.327254 0.172369 0.679971 0.14704 0.143954 0.129865 0.0567063 0.169639 0.0474354 0.0411495 0.0253512 0.0924334 0.0134351 0.0346142 0.00676102 0.0345849 0.0824448
threshold=0.25260416666666669 0.97957695113056176 0.51769651683048701 0.12598499132066779 0.80598103574033564 0.075520833333333343 -0.5 29.500000000000004 0.12760416666666669 0.35898617511520742 0.48676470588235299 0.17733378743684181 11.500000000000002 0.14322916666666669 0.31661135222534265 0.35826738149944698 -0.5 0.87837969732492682 0.65115207373271911 0.48970588235294121 0.6830127018922193 29.500000000000004
decision_type=2 2 2 2 2 2 2 2 2 2 2 2 2 2 2 2 2 2 2 2 2 2
left_child=1 2 8 -4 6 -6 7 14 13 -8 -7 12 -11 15 -5 19 -17 -13 -19 -1 -21 -22
right_child=-2 -3 3 4 5 10 9 -9 -10 11 -12 17 -14 -15 -16 16 -18 18 -20 20 21 -23
leaf_value=-0.0012687451819397254 0.0012106573619553196 0.00056582699300397978 0.00010003885913045527 -0.00024802120115234951 0.00042871014755942064 -3.5992418018782604e-05 2.8155244319651001e-05 0.00095043186524576301 3.5534869366505823e-05 3.3268248949465447e-05 3.8932901743480626e-05 -5.5544259768923923e-05 -9.935170088719768e-06 -0.0010116842046669241 -0.00022612635162043041 6.110475909183689e-05 -0.0016712483686997103 -8.9848348515236768e-05 2.336676727194278e-06 -0.0012149284130113115 -0.0013297798728020298 6.7286554054444054e-05
leaf_weight=2813 20 30 21 20 24 45 23 36 26 36 21 448 76 20 93 33 106 45 20 408 62 32
leaf_count=2813 20 30 21 20 24 45 23 36 26 36 21 448 76 20 93 33 106 45 20 408 62 32
internal_value=-0.000460632 -0.000506646 -0.000545825 9.9126e-06 -0.000107384 0.00124999 -0.000260664 0.000659392 -0.000689999 -0.000472221 0.000159089 -0.000557998 5.35717e-05 -0.000706821 -0.000484508 -0.000715257 -0.000318342 -0.000691518 -0.000288456 -0.0007319 -0.000630476 -0.0001117
internal_weight=4458 4438 4408 908 887 90 797 149 3500 648 66 625 112 3474 113 3454 139 513 65 3315 502 94
internal_count=4458 4438 4408 908 887 90 797 149 3500 648 66 625 112 3474 113 3454 139 513 65 3315 502 94
is_linear=0
shrinkage=0.03


Tree=45
num_leaves=23
num_cat=0
split_feature=5 5 9 5 1 16 10 12 8 7 20 8 5 8 8 6 20 5 6 13 4 1
split_gain=1.77233 0.564605 0.493393 0.294897 0.256882 0.122973 0.967627 1.03698 0.149321 0.167046 0.0848042 0.203 0.0728822 0.142221 0.206857 0.0412844 0.0468447 0.0366656 0.0299988 0.0242796 0.013017 0.0366656
threshold=0.54462474645030434 0.38235294117647062 0.89824945295404834 0.39249492900608524 0.080729166666666671 29.500000000000004 -0.5 1.0000000180025095e-35 0.29888286581140178 0.14842600721355023 0.60199702478080097 0.17733378743684181 0.22008113590263692 0.18375450283017666 0.17145492021784528 0.69262672811059922 0.43741959702800254 0.47565922920892501 0.38387096774193558 0.81174490092936691 0.12760416666666669 0.059895833333333336
decision_type=2 2 2 2 2 2 2 2 2 2 2 2 2 2 2 2 2 2 2 2 2 2
left_child=1 4 3 -3 12 10 7 -7 9 15 19 -12 20 14 18 16 -8 -5 -14 -6 -1 -22
right_child=-2 2 -4 17 5 6 8 -9 -10 -11 11 -13 13 -15 -16 -17 -18 -19 -20 -21 21 -23
leaf_value=-0.0012491858699517967 0.00086188627419022529 0.00026439971881685989 0.00048610107918139485 -3.2589936916814885e-05 -0.00036558944172314215 -0.0002850149291770253 -4.0444063892871416e-05 0.00054962868224740855 3.4641126263366139e-05 3.5127118187709325e-05 4.1383659397647584e-06 -2.6854386132976643e-06 -0.00043126860321559537 -0.00030908009510066746 2.1404428841170942e-05 9.9857797082967585e-05 -9.3124031808014378e-05 1.58135743529647e-05 -0.00029069800331007486 -0.00016032100194639327 -0.0011183871256722176 -4.7719250718722003e-05
leaf_weight=3088 26 20 25 55 327 21 20 27 20 20 28 48 20 128 22 20 297 20 30 37 55 20
leaf_count=3088 26 20 25 55 327 21 20 27 20 20 28 48 20 128 22 20 297 20 30 37 55 20
internal_value=-0.000482509 -0.000529208 0.00149999 0.000513153 -0.000586801 -0.000125722 0.000238235 0.00424991 -0.000272545 -0.000413864 -0.000477271 0.000434206 -0.000705396 -0.000149999 0.000916655 -0.000571956 -0.00065536 -0.000349995 -0.000149996 -0.00066758 -0.000740514 -0.000349995
internal_weight=4374 4348 120 95 4228 865 425 48 377 357 440 76 3363 200 72 337 317 75 50 364 3163 75
internal_count=4374 4348 120 95 4228 865 425 48 377 357 440 76 3363 200 72 337 317 75 50 364 3163 75
is_linear=0
shrinkage=0.03


Tree=46
num_leaves=24
num_cat=1
split_feature=5 18 5 19 6 13 4 17 6 3 4 13 2 2 1 20 10 8 8 12 2 20 1
split_gain=1.11936 0.766219 0.354801 0.228103 0.257491 0.26843 0.195204 0.184469 0.182299 0.16297 0.167257 0.183509 0.271853 0.045516 0.0430546 0.0406979 0.0282596 0.0180936 0.153396 0.0144798 0.0306688 0.00910966 0.0381842
threshold=0.46855983772819482 0.51617647058823535 0.19776876267748481 0 0.35898617511520742 -0.22252093395631442 0.070312500000000014 0.25453152923155481 0.72995391705069135 0.059895833333333336 0.080729166666666671 1.0000000180025095e-35 0.10156250000000001 0.13802083333333334 0.085937500000000014 0.50213191564481241 0.68301270189221941 0.21375244721673287 0.22811993962222285 0.87837969732492682 0.085937500000000014 0.49403747443035323 0.085937500000000014
decision_type=2 2 2 1 2 2 2 2 2 2 2 2 2 2 2 2 2 2 2 2 2 2 2
left_child=2 -2 13 4 5 -4 -6 -8 9 -9 -11 14 -13 17 -12 -5 -14 21 -19 -17 -21 -1 -23
right_child=1 -3 3 15 6 -7 7 8 -10 10 11 12 16 -15 -16 19 -18 18 -20 20 -22 22 -24
leaf_value=-0.0012847753123578995 0.00011594186274350529 0.00085040555159314002 -9.6742901834371398e-05 -0.00045846358687308831 -6.8641541634170914e-05 9.2356349340215211e-05 -0.00026762014314454905 0.00010072191810489722 0.00033352055171405863 2.3027551968432547e-05 0.00040836023501751768 4.4297151722711346e-05 -8.4080455349106604e-06 -0.00081651920851305159 -5.4822680311734501e-06 -0.00023333715222749091 -0.00014230488027447186 0.00011260186666056718 -0.00096596717102310613 3.0354720297539504e-05 -0.00043818783036107746 -0.00082768846148496594 -0.0005891595054673325
leaf_weight=2980 27 25 26 21 161 21 84 37 21 27 20 27 20 21 124 346 26 23 172 21 38 85 21
leaf_count=2980 27 25 26 21 161 21 84 37 21 27 20 27 20 21 124 346 26 23 172 21 38 85 21
internal_value=-0.000509944 0.00386531 -0.000562586 -7.35286e-05 0.000305464 0.00244144 0.000127514 0.000493523 0.000839402 0.000637899 0.000356557 7.94934e-05 0.00130478 -0.000713657 -0.000541662 -0.000595181 -9.78232e-05 -0.000722568 -0.000442305 -0.000675924 -0.000241521 -0.000740278 -0.000466976
internal_weight=4374 52 4322 1020 594 47 547 386 302 281 244 217 73 3302 144 426 46 3281 195 405 59 3086 106
internal_count=4374 52 4322 1020 594 47 547 386 302 281 244 217 73 3302 144 426 46 3281 195 405 59 3086 106
cat_boundaries=0 1
cat_threshold=550
is_linear=0
shrinkage=0.03


Tree=47
num_leaves=24
num_cat=0
split_feature=5 16 1 9 12 11 5 16 3 7 0 16 16 5 6 0 6 18 0 4 7 17 0
split_gain=1.11585 1.05489 0.362845 0.240236 0.359358 0.207143 0.293485 0.519688 0.323993 0.177817 0.134168 0.154198 0.40072 0.0480388 0.153985 0.0433766 0.0385047 0.035844 0.0357132 0.0150601 0.0346142 0.0136114 0.0346142
threshold=0.46855983772819482 28.500000000000004 0.075520833333333343 0.80598103574033564 -0.60785761079279388 0.6830127018922193 0.28904665314401629 29.500000000000004 0.065104166666666671 0.092343480677863826 0.60199702478080097 16.500000000000004 8.5000000000000018 0.22008113590263692 0.3728110599078342 0.59102031964221136 0.706451612903226 0.45147058823529412 0.53121608501887896 0.12760416666666669 0.078820572627737201 0.3752021104586844 0.54802186383041918
decision_type=2 2 2 2 2 2 2 2 2 2 2 2 2 2 2 2 2 2 2 2 2 2 2
left_child=2 -2 13 5 -5 10 7 18 -9 -6 21 12 -12 19 -15 -16 -13 -8 -7 -1 -21 -4 -23
right_child=1 -3 3 4 9 6 17 8 -10 -11 11 16 -14 14 15 -17 -18 -19 -20 20 -22 22 -24
leaf_value=-0.0012201347407389753 -0.00010869978720893721 0.00078176578815947943 -0.00027496410672105039 0.0003854538955394737 0.00012082903974369816 -0.0013311265013287333 -2.6675821640554977e-07 5.8457806789767121e-05 0.00052705108462355432 -9.1204155688563288e-06 -5.6917371199652244e-05 -8.8839296757809802e-07 2.1101015855124058e-05 1.5905507943292663e-05 -0.00034790645785170667 -0.0001186862524880946 -4.5697199961922135e-05 -0.0001352370945830314 -0.00024427846509950135 -0.00093248694088588738 -0.00034520879379469442 -0.00051920001910768867 -0.00012158445789081081
leaf_weight=3018 24 28 499 22 31 50 23 38 27 49 27 67 22 20 131 20 20 108 20 45 20 20 45
leaf_count=3018 24 28 499 22 31 50 23 38 27 49 27 67 22 20 131 20 20 108 20 45 20 20 45
internal_value=-0.000503086 0.00386531 -0.000555645 -7.58419e-05 0.00130881 -0.000222049 0.0004906 0.00147221 0.00340379 0.000374996 -0.000492856 0.000352939 0.00169895 -0.000713121 -0.000223682 -0.00055132 -0.000405167 -0.000520988 -0.000321423 -0.000740268 -0.000288456 -0.000696807 -0.000288456
internal_weight=4374 52 4322 1068 102 966 266 135 65 80 700 136 49 3254 171 151 87 131 70 3083 65 564 65
internal_count=4374 52 4322 1068 102 966 266 135 65 80 700 136 49 3254 171 151 87 131 70 3083 65 564 65
is_linear=0
shrinkage=0.03


Tree=48
num_leaves=20
num_cat=1
split_feature=5 20 9 8 5 5 11 8 7 3 13 3 6 13 11 19 20 7 6
split_gain=0.919059 0.325936 0.287803 0.161681 0.171417 0.15872 0.258461 0.534327 0.446407 0.295503 0.13243 0.0407146 0.0371992 0.080396 0.142784 0.0199055 0.116399 0.0145752 0.0350735
threshold=0.50405679513184587 0.61433241398902261 0.89824945295404834 0.23440816817184998 0.38235294117647062 0.16734279918864101 0.6830127018922193 0.21743680224164993 0.10585281245293768 0.075520833333333343 -0.56174490092936669 0.033854166666666671 0.60875576036866375 1.0000000180025095e-35 1.0000000180025095e-35 0 0.52800106982563555 0.10036056523027932 0.27788018433179729
decision_type=2 2 2 2 2 2 2 2 2 2 2 2 2 2 2 1 2 2 2
left_child=1 5 3 4 -3 17 12 8 9 10 -8 -9 15 -14 -15 16 -7 -1 -19
right_child=-2 2 -4 -5 -6 6 7 11 -10 -11 -12 -13 13 14 -16 -17 -18 18 -20
leaf_value=-0.0015304916216327675 0.00064330588948571517 8.9613752649073759e-07 0.00039870620242267788 -4.3696640379442136e-06 0.00023751313905186823 -0.00093343203695014595 1.4060176898865051e-05 -0.00014581830828458759 0.00056116843606258873 7.267026310019466e-05 -0.0002297644600077752 -0.00033204955756656064 -2.3782789795116779e-05 2.1005716531978787e-05 -0.00011912352944466956 -0.00027976448421277101 2.3686763359828578e-05 -0.0011692809176943068 -0.00026035420956780421
leaf_weight=2790 36 35 28 73 21 99 22 22 24 38 59 189 90 32 33 689 27 47 20
leaf_count=2790 36 35 28 73 21 99 22 22 24 38 59 189 90 32 33 689 27 47 20
internal_value=-0.000523662 -0.000563277 0.000778658 0.000180232 0.00139283 -0.000613668 -0.000342144 0.000351695 0.00176747 0.0010147 -9.25843e-06 -0.000607816 -0.000595359 -0.000169353 0.000634606 -0.000676379 -0.000253674 -0.000739499 -0.000302234
internal_weight=4374 4338 157 129 56 4181 1324 354 143 119 81 211 970 155 65 815 126 2857 67
internal_count=4374 4338 157 129 56 4181 1324 354 143 119 81 211 970 155 65 815 126 2857 67
cat_boundaries=0 1
cat_threshold=784
is_linear=0
shrinkage=0.03


Tree=49
num_leaves=27
num_cat=0
split_feature=1 0 8 9 4 16 6 17 6 8 1 8 3 3 17 0 3 11 6 2 0 1 11 16 4 4
split_gain=1.10556 0.521989 0.495093 0.270442 0.214554 0.41733 0.24532 0.155062 0.175619 0.442909 0.0894612 0.0829697 0.106354 0.215829 0.254117 0.112407 0.0740726 0.0460476 0.123804 0.045348 0.0311309 0.0198379 0.0869819 0.222214 0.011171 0.0385047
threshold=0.22656250000000003 0.55485698752022106 0.16278022763403752 0.80598103574033564 0.080729166666666671 29.500000000000004 0.59032258064516141 0.35286358607778068 0.3147465437788019 0.13821614325936291 0.12239583333333334 0.26495406874879129 0.096354166666666671 0.14322916666666669 0.3353331631350524 0.58315943199673659 0.054687500000000007 0.6830127018922193 0.24654377880184339 0.17968750000000003 0.53840388049425569 0.080729166666666671 0.6830127018922193 29.500000000000004 0.12760416666666669 0.13802083333333334
decision_type=2 2 2 2 2 2 2 2 2 2 2 2 2 2 2 2 2 2 2 2 2 2 2 2 2 2
left_child=1 7 -3 10 -5 -6 -7 21 17 -10 11 12 16 14 15 -14 -4 -9 -19 -12 -11 24 -23 -24 -1 -26
right_child=-2 2 3 4 5 6 -8 8 9 20 19 -13 13 -15 -16 -17 -18 18 -20 -21 -22 22 23 -25 25 -27
leaf_value=-0.0010966830814326052 0.00071026190657287949 1.3158316778008976e-05 7.7485124426287149e-06 -3.2090128782256756e-05 -0.00014810262424575583 0.00020783476428245509 0.000339755524237032 -0.0014580702636969238 8.802252181291172e-05 -1.3702211077661735e-06 -5.9860872238135139e-05 -7.6078021844569447e-05 0.00061251524736003599 -0.00017232730102625528 -0.00010923395399315493 4.9886509241953608e-05 -0.0001255977371289088 -0.0015121740177431926 8.5961249452266287e-06 -4.5068839554534843e-05 -0.00050539905275873956 -0.00058637424847243248 -0.0012531992400219433 0.00010226232756685362 -0.00047451111012620546 -0.00070008502848702451
leaf_weight=3008 30 22 36 24 22 21 20 134 21 20 195 64 21 37 34 20 72 39 21 20 33 292 54 27 20 67
leaf_count=3008 30 22 36 24 22 21 20 134 21 20 195 64 21 37 34 20 72 39 21 20 33 292 54 27 20 67
internal_value=-0.000489368 -0.000529005 0.000286184 0.000120308 0.00166377 0.00258329 0.00437185 -0.000661669 3.35827e-05 0.00127701 -0.000148797 0.000200704 0.000477271 0.00112499 0.00204997 0.00364016 -0.000194442 -0.000440719 0.000249997 -0.000610462 -0.000183958 -0.000715397 -0.000508711 0.000361107 -0.000740306 -0.000405167
internal_weight=4374 4344 608 586 87 63 41 3736 268 74 499 284 220 112 75 41 108 194 60 215 53 3468 373 81 3095 87
internal_count=4374 4344 608 586 87 63 41 3736 268 74 499 284 220 112 75 41 108 194 60 215 53 3468 373 81 3095 87
is_linear=0
shrinkage=0.03


Tree=50
num_leaves=27
num_cat=2
split_feature=0 9 3 1 19 1 7 3 2 2 3 6 2 10 0 16 6 19 12 9 1 13 7 0 10 0
split_gain=1.1394 0.91742 0.760844 0.270886 0.215593 0.306618 0.327461 0.194671 0.178657 0.208428 0.151037 0.0646108 0.0802791 0.25894 0.0551848 0.112383 0.0436443 0.039124 0.142283 0.194794 0.0371784 0.0255305 0.0185252 0.0311309 0.0101642 0.0349598
threshold=0.61912653167645637 0.94493070751276453 0.059895833333333336 0.085937500000000014 0 0.12239583333333334 0.090933578475972623 0.028645833333333336 0.12239583333333334 0.096354166666666671 0.19531250000000003 0.34608294930875583 0.039062500000000007 0.25000000000000011 0.60199702478080097 12.500000000000002 0.26197362148418885 1 -0.60785761079279388 0.53610503282275734 0.15364583333333334 0.81174490092936691 0.1136185938746033 0.46264093472785367 -0.24999999999999994 0.51769651683048701
decision_type=2 2 2 2 1 2 2 2 2 2 2 2 2 2 2 2 2 1 2 2 2 2 2 2 2 2
left_child=3 2 -2 11 5 6 -5 -6 9 -4 14 22 13 -13 16 -16 -9 18 19 -14 -17 -18 -1 -24 25 -19
right_child=1 -3 8 4 7 -7 -8 10 -10 -11 -12 12 17 -15 15 20 21 24 -20 -21 -22 -23 23 -25 -26 -27
leaf_value=-0.0013384604127309354 0.00095433241701252153 0.0004820318952927211 -0.00011223211692271917 5.1062187302103135e-05 6.027422854717647e-05 -3.7769109809719664e-05 0.00022090994022582036 -0.00086499540193623724 -2.5376102100863783e-05 0.00049456562483626322 0.00016896768347718247 -0.0010593006720300961 -0.00056919993749328401 0.00011483496739509775 4.6599734988290543e-06 -3.3947461458592731e-05 -0.00019598610681192908 -0.00074690842352094955 -0.00042384724657635833 7.4462146308764711e-05 7.2076519551018194e-05 -0.00012492715084612538 -0.0014955603601664962 -0.00050579636343824075 -0.00029509079360722363 -0.00019182323580962645
leaf_weight=2865 21 21 21 38 33 41 25 20 72 31 21 45 20 23 21 58 409 58 83 22 20 36 33 20 322 21
leaf_count=2865 21 21 21 38 33 41 25 20 72 31 21 45 20 23 21 58 409 58 83 22 20 36 33 20 322 21
internal_value=-0.000477272 0.00196083 0.00111206 -0.000572862 -4.3628e-05 0.00115789 0.00258329 -0.000260349 0.000217741 0.00155766 -0.000391024 -0.000681662 -0.000396463 0.000573522 -0.000484041 0.00015909 -0.000620966 -0.000521861 -2.77769e-05 0.00139282 -0.000365379 -0.000682582 -0.000739718 -0.000183958 -0.000658757 -0.000370248
internal_weight=4400 166 145 4234 722 104 63 618 124 52 585 3512 594 68 564 99 465 526 125 42 78 445 2918 53 401 79
internal_count=4400 166 145 4234 722 104 63 618 124 52 585 3512 594 68 564 99 465 526 125 42 78 445 2918 53 401 79
cat_boundaries=0 1 2
cat_threshold=48 514
is_linear=0
shrinkage=0.03


Tree=51
num_leaves=24
num_cat=0
split_feature=5 1 9 12 3 8 11 5 17 3 3 8 20 8 12 7 1 3 17 18 9 9 3
split_gain=1.25005 0.464396 0.219756 0.468937 0.131647 0.129662 0.291843 0.338445 0.329228 0.175075 0.124555 0.100181 0.0593864 0.166077 0.175216 0.0578935 0.109297 0.249003 0.0350244 0.0340025 0.0784268 0.187093 0.0272715
threshold=0.50405679513184587 0.085937500000000014 0.80598103574033564 -1.0000000180025095e-35 0.12760416666666669 0.18264427710219064 0.6830127018922193 0.31947261663286008 0.33037833904084474 0.049479166666666671 0.033854166666666671 0.17662210150131016 0.52800106982563555 0.18264427710219064 -0.60785761079279388 0.086724821097632201 0.054687500000000007 0.049479166666666671 0.3752021104586844 0.49558823529411766 0.52224653537563837 0.47191830780452232 0.091145833333333343
decision_type=2 2 2 2 2 2 2 2 2 2 2 2 2 2 2 2 2 2 2 2 2 2 2
left_child=1 12 5 -4 -5 6 7 18 11 -8 -7 -9 15 14 -14 -1 -17 -18 -3 -12 21 -21 -16
right_child=-2 2 3 4 -6 10 9 8 -10 -11 19 -13 13 -15 22 16 17 -19 -20 20 -22 -23 -24
leaf_value=-0.0010884791722705518 0.001026189609977582 -0.00029400423885864066 0.00042818695621809298 -3.9017931599164316e-05 0.00022893433947378933 1.6635020479247922e-05 8.3174839471784309e-05 -0.00010084112187999467 2.7940254522451828e-05 0.00021327957003890267 -0.00011082166322921353 6.3776228528941975e-06 2.6972213319654661e-06 -0.00019096335426403767 -0.00062926167724172363 -0.0010894239388967142 0.00017927783402017 -0.0004749257703581744 -1.639001224116616e-05 -6.4645166027809721e-05 -0.00014669726001628215 7.5115880724090176e-05 -0.00016762361168724921
leaf_weight=3043 36 176 27 47 21 25 21 27 21 23 250 22 23 153 24 162 38 55 25 39 94 28 20
leaf_count=3043 36 176 27 47 21 25 21 27 21 23 250 22 23 153 24 162 38 55 25 39 94 28 20
internal_value=-0.00048409 -0.000530017 0.000101064 0.00146051 0.000132352 -7.09046e-05 0.000392857 2.49084e-05 0.0018214 0.00265903 -0.000405962 0.000474481 -0.000681779 -0.000204544 0.00104103 -0.000713613 -0.00027941 0.000540317 -0.000600743 -0.00053102 -0.000190992 0.000593275 -6.81796e-05
internal_weight=4400 4364 846 95 68 751 315 271 70 44 436 49 3518 220 67 3298 255 93 201 411 161 67 44
internal_count=4400 4364 846 95 68 751 315 271 70 44 436 49 3518 220 67 3298 255 93 201 411 161 67 44
is_linear=0
shrinkage=0.03


Tree=52
num_leaves=23
num_cat=0
split_feature=5 0 8 18 9 8 13 16 16 17 3 9 0 7 16 18 17 17 12 7 5 0
split_gain=1.25618 0.371596 0.317666 0.182531 0.177595 0.194847 0.303446 0.423548 1.01048 0.147362 0.141164 0.0696851 0.1855 0.0539116 0.061689 0.103729 0.244655 0.121208 0.0142836 0.0336054 0.00604512 0.0436297
threshold=0.50405679513184587 0.52080508158020811 0.12764341896183354 0.52500000000000002 0.94493070751276453 0.18264427710219064 -0.22252093395631442 16.500000000000004 7.5000000000000009 0.30469747255552726 0.033854166666666671 0.73668854850474119 0.56498757140591482 0.08223428479567764 29.500000000000004 0.47500000000000003 0.29582662077181993 0.35826738149944698 0.87837969732492682 0.11470218836877218 0.18559837728194728 0.49630345877563281
decision_type=2 2 2 2 2 2 2 2 2 2 2 2 2 2 2 2 2 2 2 2 2 2
left_child=1 3 -3 13 5 6 -4 8 -8 -9 -7 18 -13 20 -15 -16 -17 -18 -12 -20 -1 -22
right_child=-2 2 4 -5 -6 10 7 9 -10 -11 11 12 -14 14 15 16 17 -19 19 -21 21 -23
leaf_value=-0.0011826440701944946 0.00099540392167825472 0.00010947980175380308 -3.2615870423686312e-05 0.00010033379070073287 0.0003985797880946685 0.00015110448917346117 -5.0958449571077308e-05 0.00016622953410977369 4.6629088270751403e-05 -0.00011248596583752674 -7.3711896370342426e-05 0.00012861588102070607 -1.5840088631127686e-05 -0.00095138614118569034 -0.001118074035118087 0.00015115346650394076 -0.00025734178416387594 0.0001761641718573864 -0.00025656770141578502 4.6641674621908463e-05 -2.4147480597963947e-05 -0.00053206811935639165
leaf_weight=2930 36 20 90 21 31 23 27 20 30 56 413 32 62 192 90 21 64 24 41 20 20 137
leaf_count=2930 36 20 90 21 31 23 27 20 30 56 413 32 62 192 90 21 64 24 41 20 20 137
internal_value=-0.000497726 -0.000543766 1.30065e-05 -0.000681408 -7.5443e-05 -0.000160318 0.00059529 0.00150563 0.00346047 3.94739e-05 -0.00044543 -0.000538731 0.000207445 -0.000698245 -0.000366367 3.76954e-06 0.000626142 -6.81803e-05 -0.000686707 -0.000258192 -0.000740281 -0.000558913
internal_weight=4400 4364 865 3499 845 814 223 133 57 76 591 568 94 3478 391 199 109 88 474 61 3087 157
internal_count=4400 4364 865 3499 845 814 223 133 57 76 591 568 94 3478 391 199 109 88 474 61 3087 157
is_linear=0
shrinkage=0.03


Tree=53
num_leaves=24
num_cat=3
split_feature=5 1 19 1 5 11 3 3 3 19 11 18 2 4 7 18 0 10 19 0 0 17 0
split_gain=1.25618 0.432991 0.226593 0.254401 0.471432 0.168881 0.160778 0.108347 0.089261 0.0651825 0.0901795 0.116731 0.189053 0.228273 0.0506434 0.0728886 0.0584206 0.100295 0.0415098 0.0617467 0.187093 0.035293 0.0321417
threshold=0.50405679513184587 0.085937500000000014 0 0.12239583333333334 0.30527383367139965 0.6830127018922193 0.14322916666666669 0.18489583333333334 0.028645833333333336 1 -0.5 0.47794117647058826 0.085937500000000014 0.10156250000000001 0.086724821097632201 0.49264705882352944 0.53121608501887896 1.0000000180025095e-35 2 0.47880175080509063 0.52464050029776299 0.35984171559867256 0.53840388049425569
decision_type=2 2 1 2 2 2 2 2 2 1 2 2 2 2 2 2 2 2 1 2 2 2 2
left_child=1 14 3 4 5 22 -5 8 -4 10 -10 -12 21 -14 16 18 -1 -18 19 -16 -21 -13 -3
right_child=-2 2 7 6 -6 -7 -8 -9 9 -11 11 12 13 -15 15 -17 17 -19 -20 20 -22 -23 -24
leaf_value=-0.0010225745975313433 0.00096554180402790577 -0.00079506646630926841 9.9062916953998491e-06 -3.567602168442545e-05 0.00035393744698171078 0.00013450943881991993 0.00039074251044535978 0.000134322389062784 -4.2011806927918732e-05 -0.00029970505833735691 -1.6633667225899888e-05 -0.00046269114148886126 7.9232154961397057e-05 -7.9196918211941548e-06 -0.001325694311623048 7.0743139079874269e-05 3.9416837692978972e-05 -0.00033875438875077449 -0.00022766777750296845 0.00021276957623624212 -0.00060741258597211728 -1.3002153357175312e-05 -0.00010701004675018645
leaf_weight=3056 36 36 29 82 31 26 20 24 115 264 64 48 34 33 57 36 25 42 235 28 39 20 20
leaf_count=3056 36 36 29 82 31 26 20 24 115 264 64 48 34 33 57 36 25 42 235 28 39 20 20
internal_value=-0.000497726 -0.000543766 6.56035e-05 0.00088333 0.00190485 0.000713407 -0.000161762 -0.000223478 -0.000305188 -0.000386677 -7.87028e-05 0.000305276 0.00080555 0.00193654 -0.000690306 -0.000370252 -0.000730787 0.000145521 -0.000499302 -2.23872e-05 0.000593275 -0.000308818 -0.000214281
internal_weight=4400 4364 846 215 113 82 102 631 607 578 314 199 135 67 3518 395 3123 67 359 124 67 68 56
internal_count=4400 4364 846 215 113 82 102 631 607 578 314 199 135 67 3518 395 3123 67 359 124 67 68 56
cat_boundaries=0 1 2 3
cat_threshold=52 578 536
is_linear=0
shrinkage=0.03


Tree=54
num_leaves=24
num_cat=2
split_feature=5 9 7 3 1 9 19 7 9 4 0 8 19 10 6 1 3 1 12 4 0 1 8
split_gain=1.26232 0.324382 0.242921 0.19982 0.4501 0.456231 0.117687 0.160258 0.282037 0.0842486 0.0667641 0.383972 0.0545136 0.0970392 0.420804 0.0445058 0.0404483 0.112609 0.0237163 0.0541687 0.113038 0.00815521 0.0391436
threshold=0.50405679513184587 0.97957695113056176 0.086724821097632201 0.033854166666666671 0.070312500000000014 0.5970094821298324 0 0.092848179558897223 0.61670313639679086 0.033854166666666671 0.52080508158020811 0.12764341896183354 1 0.25000000000000011 0.67235023041474673 0.10677083333333334 0.12760416666666669 0.11718750000000001 -0.60785761079279388 0.085937500000000014 0.54973724893015385 0.085937500000000014 0.11250973175725602
decision_type=2 2 2 2 2 2 1 2 2 2 2 2 1 2 2 2 2 2 2 2 2 2 2
left_child=1 2 10 4 -4 -6 7 8 -5 -9 15 -12 13 -11 -15 21 -13 -18 19 -8 -21 -1 -23
right_child=-2 -3 3 6 5 -7 18 9 -10 12 11 16 -14 14 -16 -17 17 -19 -20 20 -22 22 -24
leaf_value=-0.00099870886667168153 0.00093657554990707 0.0003771474551349397 -0.0012623359846286046 -8.1834897421417319e-05 -9.1397664148864559e-05 0.00033590773769128797 -0.00026200801978801345 0.00017536490372170664 7.8736215718093981e-05 -3.1063102706620807e-05 0.00010351519281035685 -0.00015794336465339024 -1.5054206455391667e-05 9.1991330835150881e-05 -1.6087280295794056e-05 -0.00021855007196293393 -0.00013777000695537722 0.0001328170479849359 -0.00030513515061271869 3.3640952604856904e-05 -0.0001208471469491423 -0.00026482237588330062 -0.0010651218025882203
leaf_weight=3016 36 25 50 22 23 20 76 27 26 58 20 220 129 25 48 22 50 24 319 20 26 21 97
leaf_count=3016 36 25 50 22 23 20 76 27 26 58 20 220 129 25 48 22 50 24 319 20 26 21 97
internal_value=-0.000511363 -0.000557515 -0.000577148 -0.000128595 0.00118547 0.00343597 -0.000286081 0.000141305 0.00174996 -0.000122821 -0.00068948 -0.000272291 -0.00028846 0.000154255 0.000893824 -0.000730988 -0.000545916 6.08107e-05 -0.000600331 -0.000258194 0.000554336 -0.000740427 -0.000495758
internal_weight=4400 4364 4339 869 93 43 776 335 48 287 3470 314 260 131 73 3156 294 74 441 122 46 3134 118
internal_count=4400 4364 4339 869 93 43 776 335 48 287 3470 314 260 131 73 3156 294 74 441 122 46 3134 118
cat_boundaries=0 1 2
cat_threshold=562 2
is_linear=0
shrinkage=0.03


Tree=55
num_leaves=22
num_cat=1
split_feature=9 5 5 11 6 17 9 10 1 19 3 6 2 18 11 13 9 12 5 6 6
split_gain=0.781481 0.742811 0.373108 0.350039 0.671164 0.560863 0.327236 0.454529 0.0979411 0.0756269 0.388606 0.486084 0.116748 0.0423891 0.0979105 0.0355312 0.0338627 0.121719 0.02869 0.00620567 0.0434631
threshold=0.97957695113056176 0.54462474645030434 0.18154158215010144 0.6830127018922193 0.33594470046082953 0.36782929699306594 0.53610503282275734 0.25000000000000011 0.14843750000000003 0 0.059895833333333336 0.34608294930875583 0.17968750000000003 0.50441176470588245 0.25000000000000017 0.81174490092936691 0.73668854850474119 -0.60785761079279388 0.38235294117647062 0.37465437788018441 0.39493087557603695
decision_type=2 2 2 2 2 2 2 2 2 1 2 2 2 2 2 2 2 2 2 2 2
left_child=1 2 13 9 5 -5 8 -8 -6 10 11 -4 16 19 -15 -12 18 -18 -11 -1 -21
right_child=-2 -3 3 4 6 -7 7 -9 -10 12 15 -13 -14 14 -16 -17 17 -19 -20 20 -22
leaf_value=-0.0011419847480165319 0.00036433480748324353 0.00078494640702008876 -0.0011305331511419394 0.00018525591695737789 -0.00013118290861782701 -7.3624575846978783e-05 0.00088773751919425724 -0.0002141996661134513 3.9755220092877715e-05 -0.00012739347064141739 -3.3099689216652103e-05 0.00020340790323588107 3.3704055970885947e-05 -0.0015969180083583371 7.3554312984548266e-05 -1.6038601760574582e-05 9.9633612046597756e-06 -0.0002585432928768421 -9.0836139815209549e-05 -0.00019442269284707239 -0.00089573104488932206
leaf_weight=2878 29 20 21 28 169 24 36 30 34 587 139 24 29 61 28 24 24 65 33 20 133
leaf_count=2878 29 20 21 28 169 24 36 30 34 587 139 24 29 61 28 24 24 65 33 20 133
internal_value=-0.000486248 -0.000518549 -0.000544848 -0.000110694 0.000745325 0.00386531 0.000142193 0.00197724 -0.000454431 -0.000401162 0.000110092 0.00258328 -0.000539437 -0.000721153 -7.58411e-05 -0.000565947 -0.000623059 -7.58411e-05 -0.000701611 -0.000740101 -0.000553917
internal_weight=4436 4407 4387 1267 321 52 269 66 203 946 208 45 738 3120 89 163 709 89 620 3031 153
internal_count=4436 4407 4387 1267 321 52 269 66 203 946 208 45 738 3120 89 163 709 89 620 3031 153
cat_boundaries=0 1
cat_threshold=544
is_linear=0
shrinkage=0.03


Tree=56
num_leaves=24
num_cat=1
split_feature=7 9 5 8 9 19 10 10 12 1 4 13 1 5 6 17 5 1 8 7 7 1 12
split_gain=1.00382 0.78975 0.374333 0.19721 0.264039 0.227522 0.25681 0.490305 0.976394 0.285024 0.26206 0.142333 0.145645 0.2357 0.0459008 0.0442188 0.0372345 0.105869 0.242412 0.0366624 0.160778 0.0472872 0.0280139
threshold=0.38780974986680611 0.97957695113056176 0.18154158215010144 0.19944284209539223 0.88366156090444947 0 -0.6830127018922193 -0.5 1.0000000180025095e-35 0.059895833333333336 0.065104166666666671 0.81174490092936691 0.14322916666666669 0.34381338742393514 0.65115207373271911 0.2758488639264744 0.31947261663286008 0.10156250000000001 0.24855113226519951 0.10036056523027932 0.10811401452739054 0.10156250000000001 0.87837969732492682
decision_type=2 2 2 2 2 1 2 2 2 2 2 2 2 2 2 2 2 2 2 2 2 2 2
left_child=1 2 19 4 5 6 -4 8 -8 10 -9 12 15 -14 -7 -11 -5 18 -18 21 -21 -1 -19
right_child=-2 -3 3 16 -6 14 7 9 -10 11 -12 -13 13 -15 -16 -17 17 22 -20 20 -22 -23 -24
leaf_value=-0.001015279969445634 0.00074304414619488421 0.00035340476325874715 -0.0002667345132975256 -0.00024974766436692658 0.00021320031188311401 -0.00020969807794732719 -0.00024634517670007707 -0.00020773709741857979 0.00066300228658568595 -0.00026653243742945853 7.5761314506252281e-05 3.0201482570494653e-05 6.5737290708511394e-06 -4.2223053295064466e-05 -0.00014454861307901958 -0.00016997964571263853 0.00054201481361442698 -1.544856814726593e-05 -0.00025568478607439384 0.00010901928050136284 -0.00081282140165741818 -0.00033244040410699519 3.1695668218697959e-05
leaf_weight=2997 23 29 107 312 21 224 22 23 24 20 20 34 20 22 20 153 22 158 32 20 82 21 30
leaf_count=2997 23 29 107 312 21 224 22 23 24 20 20 34 20 22 20 153 22 158 32 20 82 21 30
internal_value=-0.000479485 -0.000512066 -0.000544707 -0.000109176 0.000221831 0.000120828 0.00051923 0.000936388 0.00381514 0.000482876 0.00273831 9.33738e-05 -0.000191859 0.00139282 -0.000602359 -0.000576586 -0.000533392 -0.00025413 0.00091665 -0.000721153 -0.000161762 -0.000740059 -0.000590422
internal_weight=4436 4413 4384 1264 710 689 445 338 46 292 43 249 215 42 244 173 554 242 54 3120 102 3018 188
internal_count=4436 4413 4384 1264 710 689 445 338 46 292 43 249 215 42 244 173 554 242 54 3120 102 3018 188
cat_boundaries=0 1
cat_threshold=558
is_linear=0
shrinkage=0.03


Tree=57
num_leaves=26
num_cat=1
split_feature=7 9 0 11 8 7 1 3 19 4 6 0 2 9 17 8 9 4 4 8 8 7 7 6 6
split_gain=0.997318 0.783235 0.414351 0.191819 0.708961 0.855287 0.44359 0.80851 0.114942 0.134662 0.242414 0.107866 0.110293 0.266312 0.0553359 0.355247 0.0481258 0.0729823 0.292194 0.0356099 0.129182 0.0346712 0.145777 0.0338698 0.0321039
threshold=0.38780974986680611 0.97957695113056176 0.47474271117275768 0.6830127018922193 0.20249421316166533 0.065317751259371823 0.080729166666666671 0.065104166666666671 0 0.15364583333333334 0.67695852534562229 0.48050469162831005 0.14843750000000003 0.61670313639679086 0.36282018551612638 0.16531796151224473 0.72611232676878201 0.091145833333333343 0.075520833333333343 0.25928284646248428 0.23942336319236415 0.10036056523027932 0.11025409381555228 0.36451612903225811 0.69631336405529975
decision_type=2 2 2 2 2 2 2 2 1 2 2 2 2 2 2 2 2 2 2 2 2 2 2 2 2
left_child=1 2 21 8 5 23 -7 -8 9 11 -11 -4 14 -14 24 -16 -10 18 -18 20 -6 -1 -23 -5 -13
right_child=-2 -3 3 4 19 6 7 -9 16 10 -12 12 13 -15 15 -17 17 -19 -20 -21 -22 22 -24 -25 -26
leaf_value=-0.0012374451520448264 0.00072075282180903842 0.00034280262036098504 6.4567242344197736e-05 -0.00011439260647109776 -0.00023403993484793503 0.00017400436221864539 1.9805986825786161e-05 0.00071128515985863108 -0.00035398294074385052 7.8511412227546106e-05 -0.00019718703395451396 -0.00013809394102912536 5.2545928147122241e-05 -3.8289678244262666e-05 2.8316494884892978e-05 -5.1191431895321453e-05 -0.00029212952701825154 -0.00013924058945125495 9.5837482672915997e-06 -0.00017460569375768863 0.00049352305288184631 0.00010123482634582652 -0.00083669620140270381 -5.7711825693449039e-06 -9.1154760032351265e-07
leaf_weight=2820 23 29 23 42 54 26 20 21 448 30 25 249 20 29 20 75 45 76 21 159 22 22 89 20 28
leaf_count=2820 23 29 23 42 54 26 20 21 448 30 25 249 20 29 20 75 45 76 21 159 22 22 89 20 28
internal_value=-0.000459197 -0.000491672 -0.000524178 -0.000109944 0.000486263 0.00227324 0.00462307 0.00656691 -0.000309228 3.09437e-05 0.00143179 -0.000141891 -0.000251186 0.00108671 -0.000427417 0.000197367 -0.000587498 -0.000116196 0.000613628 -0.000494678 3.94739e-05 -0.000729528 -0.000209457 -0.000266124 -0.000641694
internal_weight=4436 4413 4384 1453 364 129 67 41 1089 499 55 444 421 49 372 95 590 142 66 235 76 2931 111 62 277
internal_count=4436 4413 4384 1453 364 129 67 41 1089 499 55 444 421 49 372 95 590 142 66 235 76 2931 111 62 277
cat_boundaries=0 1
cat_threshold=562
is_linear=0
shrinkage=0.03


Tree=58
num_leaves=24
num_cat=1
split_feature=9 7 5 11 16 10 2 7 8 19 3 18 6 6 8 16 9 4 4 3 18 7 8
split_gain=0.772891 0.631656 0.410561 0.198226 0.639965 0.791103 0.694995 0.407963 0.404262 0.139683 0.216791 0.436244 0.625886 0.101104 0.261938 0.681781 0.0467839 0.0616208 0.306936 0.0322993 0.0982873 0.0171825 0.0324549
threshold=0.97957695113056176 0.38780974986680611 0.16125760649087226 0.6830127018922193 29.500000000000004 0.25000000000000011 0.070312500000000014 0.10459879533739259 0.26495406874879129 0 0.054687500000000007 0.48382352941176471 0.33594470046082953 0.55714285714285727 0.17733378743684181 14.500000000000002 0.72611232676878201 0.091145833333333343 0.075520833333333343 0.11197916666666667 0.47500000000000003 0.10036056523027932 0.17733378743684181
decision_type=2 2 2 2 2 2 2 2 2 1 2 2 2 2 2 2 2 2 2 2 2 2 2
left_child=1 2 21 9 -5 6 -6 -7 -9 10 11 12 -4 -12 15 -15 -11 18 -18 20 -16 -1 -23
right_child=-2 -3 3 4 5 7 -8 8 -10 16 13 -13 -14 14 19 -17 17 -19 -20 -21 -22 22 -24
leaf_value=-0.0013161454436874294 0.00033251854175015457 0.0006991302371547667 -0.00045066819135510005 -0.0004294403319520673 3.3849658815864731e-05 -0.00019868032134323516 0.00090993966718507684 9.4543809455126807e-05 -0.00014784839308896284 -0.00034978453605397693 -0.00028252228022858437 -2.6747181971334685e-05 0.00018697328125397351 1.8578635523816123e-05 2.8088764692498707e-05 -9.2412286778172683e-05 -0.00029942887486149945 -0.00013506337176771743 9.2962358192720996e-06 -6.0017465549673747e-05 -3.9722952787078571e-06 -0.0015005264706364474 -0.00022818112579669727
leaf_weight=2711 29 23 30 203 28 91 27 34 21 531 200 50 24 22 26 33 53 76 21 100 46 37 20
leaf_count=2711 29 23 30 203 28 91 27 34 21 531 200 50 24 22 26 33 53 76 21 100 46 37 20
internal_value=-0.000459197 -0.00049132 -0.000517335 -0.000137375 0.000438118 0.00163805 0.00470446 0.000482874 0.00252268 -0.000329207 4.0204e-05 0.00126922 0.00313883 -0.000258195 0.00017511 0.00197724 -0.000608899 -0.000149998 0.000466211 -0.00040116 8.33329e-05 -0.000739161 -0.00022368
internal_weight=4436 4407 4384 1616 404 201 55 146 55 1212 531 104 54 427 227 55 681 150 74 172 72 2768 57
internal_count=4436 4407 4384 1616 404 201 55 146 55 1212 531 104 54 427 227 55 681 150 74 172 72 2768 57
cat_boundaries=0 1
cat_threshold=562
is_linear=0
shrinkage=0.03


Tree=59
num_leaves=25
num_cat=1
split_feature=0 6 18 0 19 3 3 11 16 4 18 7 4 4 6 7 7 3 17 0 1 4 12 7
split_gain=0.634804 0.535009 0.448111 0.245998 0.212975 0.458962 0.48607 0.196563 0.283881 0.325282 0.359637 0.144077 0.0876611 0.249765 0.0393607 0.0367063 0.143718 0.0350735 0.0284588 0.0709495 0.0430546 0.0344511 0.00859718 0.039999
threshold=0.61433241398902261 0.72995391705069135 0.47500000000000003 0.47151883933976957 0 0.054687500000000007 0.044270833333333336 0.6830127018922193 29.500000000000004 0.10677083333333334 0.50441176470588245 0.11470218836877218 0.075520833333333343 0.096354166666666671 0.32119815668202772 0.10036056523027932 0.11025409381555228 0.091145833333333343 0.27125351033954564 0.56764902299890541 0.044270833333333336 0.023437500000000003 -0.8783796973249266 0.057482738463101604
decision_type=2 2 2 2 1 2 2 2 2 2 2 2 2 2 2 2 2 2 2 2 2 2 2 2
left_child=3 12 -3 15 5 6 -5 18 -9 10 11 -10 -2 -14 -7 -1 -17 -15 19 20 -6 -20 23 -23
right_child=1 2 -4 4 7 14 -8 8 9 -11 -12 -13 13 17 -16 16 -18 -19 21 -21 -22 22 -24 -25
leaf_value=-0.0012100258634018786 -1.9324130153985795e-05 9.1006204945983526e-05 0.00053691216209525688 0.00013863462042064661 -4.892370883683735e-05 -0.00020898362973515187 0.00019394978704024191 -0.00043008450623993242 -0.00011996717742618675 0.00061719978713364193 6.2483007975433876e-05 0.00046426164379153592 0.00012270336765812283 0.00014184871432782007 -0.00047817929640811617 9.9960302446583713e-05 -0.00076980969527388283 -2.735836987302064e-05 -0.0002196713630109668 1.7203964819312364e-06 -0.00026061808681462098 -0.00024920737081143488 -0.0001339657234494191 -0.00024954621768626622
leaf_weight=2775 54 30 24 36 20 20 20 124 84 23 27 22 33 20 74 22 83 47 26 35 124 20 613 80
leaf_count=2775 54 30 24 36 20 20 20 124 84 23 27 22 33 20 74 22 83 47 26 35 124 20 613 80
internal_value=-0.000493011 0.001125 0.00369438 -0.00057261 -0.00023813 0.000796871 0.00299995 -0.000371274 0.000321428 0.00117307 0.00060338 -0.00018396 0.000224025 0.000749993 -0.000430846 -0.000729166 -0.000178569 -0.000302234 -0.0005866 -0.000247205 -0.000541662 -0.000668808 -0.000707923 -0.000449995
internal_weight=4436 208 54 4228 1348 150 56 1198 280 156 133 106 154 100 94 2880 105 67 918 179 144 739 713 100
internal_count=4436 208 54 4228 1348 150 56 1198 280 156 133 106 154 100 94 2880 105 67 918 179 144 739 713 100
cat_boundaries=0 1
cat_threshold=528
is_linear=0
shrinkage=0.03


Tree=60
num_leaves=28
num_cat=0
split_feature=7 9 0 3 7 10 3 10 6 1 2 2 7 13 6 6 12 1 1 7 7 10 0 0 7 0 5
split_gain=1.695 0.850844 0.38059 0.260671 0.125891 0.446783 0.133398 0.110807 0.203851 0.110473 0.211704 0.047361 0.0471776 0.263216 0.0413783 0.0370895 0.0382162 0.105942 0.0357132 0.0236886 0.115644 0.0130035 0.0346142 0.0104371 0.0386353 0.00276541 0.0469128
threshold=0.38780974986680611 0.97957695113056176 0.51769651683048701 0.028645833333333336 0.068441601191932266 -0.5 0.065104166666666671 0.93301270189221952 0.62811059907834121 0.10677083333333334 0.049479166666666671 0.14322916666666669 0.1598231199900437 -0.56174490092936669 0.69631336405529975 0.36082949308755768 0.87837969732492682 0.14322916666666669 0.14843750000000003 0.10036056523027932 0.10698939372466877 -0.5 0.56498757140591482 0.50292584880915914 0.05578386221791292 0.47556016327877837 0.16734279918864101
decision_type=2 2 2 2 2 2 2 2 2 2 2 2 2 2 2 2 2 2 2 2 2 2 2 2 2 2 2
left_child=1 2 9 -4 5 -5 -7 12 -9 11 -11 19 15 -14 -8 -6 21 -18 -10 23 -21 22 -17 25 -25 -1 -27
right_child=-2 -3 3 4 7 6 14 8 18 10 -12 -13 13 -15 -16 16 17 -19 -20 20 -22 -23 -24 24 -26 26 -28
leaf_value=-0.0011702575979202483 0.00082726479937833986 0.00032599645751796373 0.00015683002528889503 9.7551514570677397e-05 -7.7506840856279732e-05 1.0519017322418643e-05 -0.00018401076992632606 5.985863482446073e-06 -9.1658740576644316e-05 6.4027199124756386e-05 -0.00046155366761146743 -0.00063078526500792763 0.00033887886312524535 -3.8535348411150275e-05 -3.7287548185253522e-05 -0.00044072070177173542 -0.00021391039330665969 7.6447301321771932e-05 -3.5147607778145846e-05 8.1967605328047408e-05 -0.00034288001907418125 -3.7986772367916015e-05 0.00054083562698889346 -0.00041439316464737157 -0.00046653276850371002 -0.00014888379223818271 -0.00031059220412487011
leaf_weight=2796 20 27 23 33 20 21 96 38 50 27 47 20 25 68 20 45 49 25 20 28 119 355 20 20 68 20 304
leaf_count=2796 20 27 23 33 20 21 96 38 50 27 47 20 25 68 20 45 49 25 20 28 119 355 20 20 68 20 304
internal_value=-0.000463896 -0.000503649 -0.00053655 9.9126e-06 -7.20331e-05 0.000661762 -9.30643e-05 -0.000246502 0.000638884 -0.000680414 0.000466211 -0.000705555 -0.000404035 0.00021774 -0.000491374 -0.000516535 -0.000567812 6.08107e-05 -0.000321423 -0.000714232 -0.000341834 -0.000678569 -0.000288456 -0.000731296 -0.000409086 -0.000740384 -0.000657405
internal_weight=4404 4384 4357 908 885 170 137 715 108 3449 74 3375 607 93 116 514 494 74 70 3355 147 420 65 3208 88 3120 324
internal_count=4404 4384 4357 908 885 170 137 715 108 3449 74 3375 607 93 116 514 494 74 70 3355 147 420 65 3208 88 3120 324
is_linear=0
shrinkage=0.03


Tree=61
num_leaves=27
num_cat=1
split_feature=5 5 11 16 10 12 2 0 11 12 4 4 8 19 13 17 13 4 8 8 0 18 8 12 2 2
split_gain=1.36452 0.439906 0.231307 0.514047 0.590013 0.999952 0.512931 0.259569 0.216268 0.19461 0.421706 0.157838 0.0703048 0.0598552 0.0934597 0.179992 0.0438645 0.0610056 0.0261736 0.0249988 0.0249763 0.0157673 0.0338698 0.0118282 0.0322512 0.111216
threshold=0.50405679513184587 0.16125760649087226 0.6830127018922193 29.500000000000004 0.25000000000000011 1.0000000180025095e-35 0.049479166666666671 0.60199702478080097 1.0000000180025095e-35 1.0000000180025095e-35 0.10156250000000001 0.19010416666666669 0.2538063739792234 0 1.0000000180025095e-35 0.34409837460641657 1.0000000180025095e-35 0.091145833333333343 0.17796410352255287 0.1966496734981962 0.62126974362323695 0.50441176470588245 0.1482181984897806 -0.60785761079279388 0.070312500000000014 0.080729166666666671
decision_type=2 2 2 2 2 2 2 2 2 2 2 2 2 1 2 2 2 2 2 2 2 2 2 2 2 2
left_child=1 21 7 18 5 -5 -6 11 16 10 -10 13 -8 14 -3 -16 -9 -18 -4 -11 -12 -1 -23 24 -15 -26
right_child=-2 2 3 4 6 -7 12 8 9 19 20 -13 -14 23 15 -17 17 -19 -20 -21 -22 22 -24 -25 25 -27
leaf_value=-0.0012410525546624619 0.00078349115792466768 -0.00022267810423387766 -0.00031404551395244808 9.3206806647203902e-06 0.00010246792739224155 0.00081105686404344497 -4.9971549858963462e-05 -7.5557555243511415e-06 -4.1578594354863185e-05 -4.6469696399932179e-05 7.3137117551910495e-05 1.5693242466252646e-05 1.6624893206175919e-05 -0.00040097820916806592 -0.0006413185992908808 2.689848239549017e-05 -6.6622131142290197e-05 8.7175997145760593e-05 -0.00050734969138013124 -8.6947026503085919e-05 0.00030002673090395824 -0.0013951392056713037 -0.00020834524573445879 -0.00025892140883055736 8.6408270294250615e-06 -0.0001941953713103193
leaf_weight=2703 33 54 32 32 22 32 85 69 21 20 20 22 39 160 25 25 23 29 165 20 20 42 20 609 25 57
leaf_count=2703 33 54 32 32 22 32 85 69 21 20 20 22 39 160 25 25 23 29 165 20 20 42 20 609 25 57
internal_value=-0.000463896 -0.00050978 -0.000114881 0.000503071 0.00153571 0.00393744 0.000482874 -0.000324645 0.000601349 0.00162622 0.00269258 -0.000535055 -0.000266126 -0.000592931 0.000105263 0.00104998 -0.000254129 0.000403839 -0.000597712 7.15238e-10 0.00449989 -0.000739149 -0.000266124 -0.000671601 -0.000502063 -1.82917e-05
internal_weight=4404 4371 1606 407 210 64 146 1199 222 101 61 977 124 955 104 50 121 52 197 40 40 2765 62 851 242 82
internal_count=4404 4371 1606 407 210 64 146 1199 222 101 61 977 124 955 104 50 121 52 197 40 40 2765 62 851 242 82
cat_boundaries=0 1
cat_threshold=528
is_linear=0
shrinkage=0.03


Tree=62
num_leaves=23
num_cat=0
split_feature=7 9 20 3 10 16 2 6 7 11 9 17 20 6 9 2 2 4 7 7 17 7
split_gain=1.70296 0.857437 0.319949 0.271712 0.129158 0.478616 0.379812 0.139421 0.113317 0.220017 0.744455 0.0680791 0.161607 0.22994 0.139638 0.261891 0.108425 0.0428564 0.0402902 0.0363002 0.00338738 0.0462955
threshold=0.38780974986680611 0.97957695113056176 0.51769651683048701 0.028645833333333336 -0.5 28.500000000000004 0.075520833333333343 0.35898617511520742 0.089808076667447473 0.6830127018922193 0.47191830780452232 0.34822568292060257 0.60199702478080097 0.65483870967741953 0.73668854850474119 0.085937500000000014 0.16927083333333334 0.10677083333333334 0.075870623877683993 0.078820572627737201 0.34409837460641657 0.03795342813778662
decision_type=2 2 2 2 2 2 2 2 2 2 2 2 2 2 2 2 2 2 2 2 2 2
left_child=1 2 8 -4 5 18 -7 -6 20 17 -11 12 14 -14 -9 -16 19 -10 -5 -15 -1 -22
right_child=-2 -3 3 4 7 6 -8 11 9 10 -12 -13 13 16 15 -17 -18 -19 -20 -21 21 -23
leaf_value=-0.00081097085167181277 0.00077894212065925052 0.00030213937639076951 0.00014925752800741692 -0.00022132899970418995 1.5801852114832417e-05 -2.9793142390825036e-05 0.00087425314770825868 -0.0001805818452720072 -0.00088304807096905636 -0.001147391697101866 0.00014812145448738563 -3.0496565442052759e-05 0.00010156178525778737 -3.8784201654071188e-05 9.2456120720642057e-06 -0.00021141417876664243 3.0401536594092608e-05 -0.00014125365951599624 -0.00041742359730177422 -4.1455516063209366e-05 -0.00014522423294290011 -0.00087654246959638111
leaf_weight=2896 20 27 23 20 21 23 22 279 189 50 23 269 20 20 21 33 21 21 83 53 20 250
leaf_count=2896 20 27 23 20 21 23 22 279 189 50 23 269 20 20 21 33 21 21 83 53 20 250
internal_value=-0.000484332 -0.000524178 -0.000557206 -5.61666e-05 -0.00013983 0.000668915 0.00324993 -0.000302238 -0.000689112 -0.000113956 0.00130478 -0.000372904 -0.000145972 0.000828941 -0.000479728 0.00091665 0.000207445 -0.000607139 -0.000458733 -0.000339036 -0.000740523 -0.000638886
internal_weight=4404 4384 4357 908 885 148 45 737 3449 283 73 716 447 114 333 54 94 210 103 73 3166 270
internal_count=4404 4384 4357 908 885 148 45 737 3449 283 73 716 447 114 333 54 94 210 103 73 3166 270
is_linear=0
shrinkage=0.03


Tree=63
num_leaves=28
num_cat=0
split_feature=7 9 1 11 9 1 8 12 18 6 0 2 0 8 6 9 17 1 11 8 6 17 1 7 1 17 7
split_gain=1.695 0.850844 0.317175 0.224165 0.486138 0.567826 0.296278 0.110061 0.279528 0.596728 0.102433 0.0975472 0.0879015 0.138191 0.125149 0.0701829 0.109085 0.0404788 0.0387686 0.0307152 0.0228601 0.00998191 0.0382342 0.00965178 0.0369798 0.0043735 0.0452822
threshold=0.38780974986680611 0.97957695113056176 0.075520833333333343 0.6830127018922193 0.53610503282275734 0.10156250000000001 0.13293229993885244 -0.60785761079279388 0.48088235294117648 0.61797235023041486 0.57496635349083125 0.17968750000000003 0.50292584880915914 0.12224515550543266 0.33870967741935493 0.47191830780452232 0.38822227895498268 0.039062500000000007 0.25000000000000017 0.29888286581140178 0.69631336405529975 0.3752021104586844 0.10156250000000001 0.10585281245293768 0.054687500000000007 0.34409837460641657 0.038670947752277481
decision_type=2 2 2 2 2 2 2 2 2 2 2 2 2 2 2 2 2 2 2 2 2 2 2 2 2 2 2
left_child=1 2 12 7 6 -6 -5 8 9 -4 -7 19 23 -14 -15 -8 -17 -16 -10 20 21 -9 -23 25 -25 -1 -27
right_child=-2 -3 3 4 5 10 15 11 18 -11 -12 -13 13 14 17 16 -18 -19 -20 -21 -22 22 -24 24 -26 26 -28
leaf_value=-0.00087063263783134957 0.00075557385703947416 0.00029307519509904592 0.00013432221120516981 2.3986020232509258e-05 0.00082176715640117472 0.00013791160956430512 -0.00011719014052858331 -0.00013240844471626128 -6.0465165436049467e-05 -2.2139917599427305e-05 -0.00033021288121881664 1.7331317060251938e-05 1.3565089984150713e-05 3.3772894752324411e-05 -0.00014928961021968076 0.00016527958374803578 -0.00012548017875821306 -0.00029649278668265048 -0.00023400400523167464 -8.1834154867309179e-05 -4.1571865835138259e-05 -0.00014737580676738059 -1.9542184154857447e-05 -0.0010384373668836325 -0.00051587984599795866 -0.00014086750595461184 -0.0011126881514267831
leaf_weight=2703 20 27 23 23 25 20 149 476 92 28 21 33 20 25 22 20 24 179 21 26 36 20 65 73 21 20 192
leaf_count=2703 20 27 23 23 25 20 149 476 92 28 21 33 20 25 22 20 24 179 21 26 36 20 65 73 21 20 192
internal_value=-0.000463896 -0.000503649 -0.00053655 -9.66417e-05 0.000632977 0.00288632 -5.55546e-05 -0.00034756 0.00034756 0.00219113 0.000713398 -0.00052134 -0.000685483 -0.000140243 -0.000351768 -0.000439116 0.000613623 -0.000600743 -0.000484508 -0.000605536 -0.000649496 -0.000696522 -0.000397053 -0.000730059 -0.000430846 -0.000739707 -0.000608487
internal_weight=4404 4384 4357 1102 282 66 216 820 164 51 41 656 3255 246 226 193 44 201 113 623 597 561 85 3009 94 2915 212
internal_count=4404 4384 4357 1102 282 66 216 820 164 51 41 656 3255 246 226 193 44 201 113 623 597 561 85 3009 94 2915 212
is_linear=0
shrinkage=0.03


Tree=64
num_leaves=28
num_cat=0
split_feature=7 9 1 11 8 7 4 3 1 20 17 16 3 20 8 3 20 5 9 10 4 13 7 4 4 17 7
split_gain=1.69235 0.848652 0.34718 0.149585 0.490393 0.923861 0.192887 0.504137 0.175295 0.131069 0.203264 0.206886 0.112848 0.0879015 0.138191 0.0873815 0.0726763 0.104161 0.0447909 0.0333322 0.0309513 0.0166969 0.0314803 0.0135034 0.0355061 0.00375777 0.0459008
threshold=0.38780974986680611 0.97957695113056176 0.075520833333333343 0.6830127018922193 0.16120277903739247 0.067389213475357965 0.15885416666666669 0.070312500000000014 0.085937500000000014 0.60199702478080097 0.35286358607778068 16.500000000000004 0.11197916666666667 0.50292584880915914 0.12224515550543266 0.12760416666666669 0.52464050029776299 0.21805273833671404 0.913931436907367 0.93301270189221952 0.054687500000000007 0.81174490092936691 0.086056542320642804 0.12760416666666669 0.13802083333333334 0.34409837460641657 0.038670947752277481
decision_type=2 2 2 2 2 2 2 2 2 2 2 2 2 2 2 2 2 2 2 2 2 2 2 2 2 2 2
left_child=1 2 13 6 5 -5 9 -8 -6 18 11 -11 -13 23 -15 -10 17 20 21 -9 -16 -4 -23 25 -25 -1 -27
right_child=-2 -3 3 4 8 -7 7 19 15 10 -12 12 -14 14 16 -17 -18 -19 -20 -21 -22 22 -24 24 -26 26 -28
leaf_value=-0.00089185238705634525 0.00073290664132828905 0.00028428293924607524 -0.00026202628588641518 -0.00011380420416298477 0.00071833895108163424 6.6975782722414432e-05 0.00014674652250065592 -0.00017348559818077975 -2.1565773127692127e-05 9.698109143662928e-06 -1.6966791474976009e-05 2.730463766618375e-05 -6.2427365293472951e-05 1.3158137284625315e-05 -0.00029185725565249941 0.00013634414216315735 -0.00025267148286118929 3.2474639383908097e-05 -9.455486885663489e-05 -6.0012452360116468e-05 -0.00049543455207164252 -0.00012231553086113062 -8.9389810745363335e-05 -0.00050328181376797961 -0.00032129865749790234 -0.00013664148077597216 -0.0010515448528285757
leaf_weight=2696 20 27 495 28 34 27 20 40 156 29 84 22 36 20 21 37 146 20 20 20 39 34 20 20 49 20 224
leaf_count=2696 20 27 495 28 34 27 20 40 156 29 84 22 36 20 21 37 146 20 20 20 39 34 20 20 49 20 224
internal_value=-0.000457084 -0.000496806 -0.000529664 -6.94185e-05 0.000526595 0.00306813 -0.000274389 0.00112499 -8.92059e-05 -0.000425674 0.000302631 0.00131895 0.000284479 -0.000685483 -0.000140243 -0.000439116 -0.000351768 0.000374996 -0.00064455 -0.000249995 -0.000249995 -0.000695353 -0.00019444 -0.000730059 -0.000315212 -0.000739795 -0.000627046
internal_weight=4404 4384 4357 1102 282 55 820 80 227 740 171 87 58 3255 246 193 226 80 569 60 60 549 54 3009 69 2940 244
internal_count=4404 4384 4357 1102 282 55 820 80 227 740 171 87 58 3255 246 193 226 80 569 60 60 549 54 3009 69 2940 244
is_linear=0
shrinkage=0.03


Tree=65
num_leaves=29
num_cat=1
split_feature=9 7 5 19 9 7 7 7 7 8 10 6 17 1 7 1 1 6 9 4 4 2 0 8 0 18 2 0
split_gain=0.95244 0.922527 0.296669 0.234239 0.201786 0.232558 0.274283 0.665842 0.235076 0.221332 0.197533 0.0828915 0.0825954 0.221808 0.064909 0.132197 0.0489172 0.117743 0.0436797 0.0651158 0.248229 0.0368551 0.0321417 0.0139073 0.0346142 0.00163766 0.0155357 0.0324549
threshold=0.97957695113056176 0.38780974986680611 0.16125760649087226 0 0.30233406272793589 0.11596544270602603 0.086724821097632201 0.092848179558897223 0.11025409381555228 0.1160777868849175 0.68301270189221941 0.2483870967741936 0.29881242682207537 0.10156250000000001 0.10036056523027932 0.049479166666666671 0.075520833333333343 0.33317972350230424 0.72611232676878201 0.091145833333333343 0.075520833333333343 0.17968750000000003 0.51352851336407135 0.12224515550543266 0.50213191564481241 0.4661764705882353 0.039062500000000007 0.33458207408886598
decision_type=2 2 2 1 2 2 2 2 2 2 2 2 2 2 2 2 2 2 2 2 2 2 2 2 2 2 2 2
left_child=1 2 14 4 -4 6 9 -8 10 -6 -9 -5 13 22 25 -16 17 -14 23 20 -20 -7 -11 24 -13 26 27 -1
right_child=-2 -3 3 11 5 21 7 8 -10 12 -12 18 16 -15 15 -17 -18 -19 19 -21 -22 -23 -24 -25 -26 -27 -28 -29
leaf_value=-0.0045223889399288219 0.00027375601480145146 0.00070362878921447001 -0.00021351069736023443 2.4451880052627411e-05 3.2829359601670212e-05 -4.7421557692508858e-05 0.00022265864437622405 -7.1019568199661208e-06 0.00025342817469889959 2.451938014325734e-06 5.3778976795901875e-06 -0.00066354157383278936 -0.00066223381963031298 7.2302409545638342e-05 -0.0018374516427375669 6.6881935687000563e-05 -0.00014805815050496657 1.6061000327516234e-05 -0.00022584533338835934 -0.0001203920848277126 9.979087252156623e-06 -7.2800208917074227e-05 -0.00019913142405510723 -0.00026687299843615827 -3.3955418259096909e-05 -0.0011923790875913232 -0.00094452487371610952 -0.00097677547023243766
leaf_weight=37 34 25 159 38 24 128 33 66 20 20 31 45 34 22 39 20 113 21 47 75 24 23 36 612 20 2206 441 20
leaf_count=37 34 25 159 38 24 128 33 66 20 20 31 45 34 22 39 20 113 21 47 75 24 23 36 612 20 2206 441 20
internal_value=-0.000457681 -0.000496517 -0.000529512 -0.000203173 0.000192568 0.000458406 0.000821427 0.00184999 0.000788456 0.00025 0.000177834 -0.000534729 -1.82919e-05 0.000788452 -0.000717426 0.000266945 -0.000392854 0.000340904 -0.000604191 -0.00013356 0.000517599 -0.00055132 -0.000214281 -0.000705685 -0.000288456 -0.000738904 -0.000689757 -0.00022368
internal_weight=4413 4379 4354 1591 730 571 420 150 117 270 97 861 246 78 2763 59 168 55 823 146 71 151 56 677 65 2704 498 57
internal_count=4413 4379 4354 1591 730 571 420 150 117 270 97 861 246 78 2763 59 168 55 823 146 71 151 56 677 65 2704 498 57
cat_boundaries=0 1
cat_threshold=562
is_linear=0
shrinkage=0.03


Tree=66
num_leaves=27
num_cat=1
split_feature=9 7 5 19 16 1 10 8 11 5 9 13 8 6 7 1 9 4 4 4 0 8 0 18 11 6
split_gain=0.957625 0.926932 0.254753 0.184365 0.233562 0.230844 0.1889 0.502321 0.912653 0.232919 0.0832678 0.1749 0.26953 0.0828915 0.064909 0.132197 0.0436797 0.0651158 0.248229 0.0410704 0.0393607 0.0139073 0.0346142 0.00163766 0.0108122 0.0371784
threshold=0.97957695113056176 0.38780974986680611 0.16125760649087226 0 28.500000000000004 0.12239583333333334 0.25000000000000011 0.19218106975147189 0.6830127018922193 0.32961460446247465 0.57330415754923425 1.0000000180025095e-35 0.17733378743684181 0.2483870967741936 0.10036056523027932 0.049479166666666671 0.72611232676878201 0.091145833333333343 0.075520833333333343 0.065104166666666671 0.4823181611744996 0.12224515550543266 0.50213191564481241 0.4661764705882353 0.6830127018922193 0.23572223105037346
decision_type=2 2 2 1 2 2 2 2 2 2 2 2 2 2 2 2 2 2 2 2 2 2 2 2 2 2
left_child=1 2 14 4 10 6 7 8 -6 20 -4 -12 -13 -5 23 -16 21 18 -18 -7 -8 22 -15 24 -1 -26
right_child=-2 -3 3 13 5 19 9 -9 -10 -11 11 12 -14 16 15 -17 17 -19 -20 -21 -22 -23 -24 -25 25 -27
leaf_value=-0.00096549782827141885 0.00026554333435740957 0.00068251992553803556 -0.00028565606272691531 2.371832365104873e-05 -0.00044549485628311175 8.3300124870125096e-05 -0.0001234475456302861 0.0002189656359761626 0.00022301420915540784 2.4424291827378061e-05 -3.1328722600981146e-06 1.072336018003452e-05 -0.00011732287340815105 -0.00064363532661780684 -0.0017823280934554412 6.4875477616389165e-05 -0.00021906997338670976 -0.00011678032228288085 9.67971463459066e-06 -6.8710017837543228e-06 -0.00018779460191427536 -0.00025886680848307238 -3.2936755711323188e-05 -0.0011566077149635845 -0.00023335776633869322 -0.00072469738426757496
leaf_weight=420 34 25 240 38 69 20 20 29 21 39 73 28 25 45 39 20 47 75 24 92 74 612 20 2206 20 58
leaf_count=420 34 25 240 38 69 20 20 29 21 39 73 28 25 45 39 20 47 75 24 92 74 612 20 2206 20 58
internal_value=-0.000471277 -0.000510218 -0.000543293 -0.000240885 0.000111487 0.000651098 0.00115476 0.00202309 0.000916657 0.000377817 -0.000422129 0.00020238 0.00151412 -0.000534729 -0.000717426 0.000266945 -0.000604191 -0.00013356 0.000517599 -0.000482138 -0.000430846 -0.000705685 -0.000288456 -0.000738904 -0.000689757 -0.000365379
internal_weight=4413 4379 4354 1591 730 364 252 119 90 133 366 126 53 861 2763 59 823 146 71 112 94 677 65 2704 498 78
internal_count=4413 4379 4354 1591 730 364 252 119 90 133 366 126 53 861 2763 59 823 146 71 112 94 677 65 2704 498 78
cat_boundaries=0 1
cat_threshold=562
is_linear=0
shrinkage=0.03


Tree=67
num_leaves=28
num_cat=1
split_feature=9 7 5 19 16 0 10 5 1 4 4 9 13 8 7 1 1 8 4 8 0 1 1 5 4 8 0
split_gain=0.957625 0.926932 0.254753 0.143783 0.199067 0.216588 0.175883 0.13886 0.370123 0.467707 0.107364 0.0832678 0.1749 0.26953 0.064909 0.132197 0.042058 0.132197 0.0363628 0.034893 0.153204 0.142529 0.0190249 0.0291654 0.000991998 0.0129231 0.0357132
threshold=0.97957695113056176 0.38780974986680611 0.16125760649087226 0 28.500000000000004 0.47964949943148871 -0.5 0.27079107505070998 0.11718750000000001 0.096354166666666671 0.075520833333333343 0.57330415754923425 1.0000000180025095e-35 0.17733378743684181 0.10036056523027932 0.049479166666666671 0.15364583333333334 0.20163812288966401 0.070312500000000014 0.14517803960434378 0.52628531952766189 0.096354166666666671 0.039062500000000007 0.1957403651115619 0.044270833333333336 0.088210155466507345 0.38280925404735261
decision_type=2 2 2 1 2 2 2 2 2 2 2 2 2 2 2 2 2 2 2 2 2 2 2 2 2 2 2
left_child=1 2 14 4 11 -6 10 -8 9 -9 -7 -4 -13 -14 24 -16 19 -18 -10 20 21 -5 23 -21 -1 26 -26
right_child=-2 -3 3 16 5 6 7 8 18 -11 -12 12 13 -15 15 -17 17 -19 -20 22 -22 -23 -24 -25 25 -27 -28
leaf_value=-0.0014351958635790273 0.00025757703432668894 0.00066204432777189467 -0.00027708638084510823 -0.00025603553342735003 0.0001587513878325222 0.00017434987792074112 -0.00017827360086439508 -4.1915452418382889e-05 7.2353855429773962e-05 0.00010772829455029436 -2.0667695835979283e-06 -3.038886092296352e-06 1.0401659374633239e-05 -0.00011380318720590642 -0.0017288582506517773 6.2929213287898512e-05 7.6497584431604663e-06 -9.738519151563548e-05 -6.3827414099431353e-06 -0.00069765709336984459 1.7144894745613853e-05 6.1268377633198919e-05 -0.00022734399997713243 -0.0001239422598712246 -0.0035664651374758753 -0.00072332620889115681 0.00010214298302883369
leaf_weight=1970 34 25 240 204 33 20 112 37 22 31 21 73 28 25 39 20 20 39 88 28 20 25 505 20 50 664 20
leaf_count=1970 34 25 240 204 33 20 112 37 22 31 21 73 28 25 39 20 20 39 88 28 20 25 505 20 50 664 20
internal_value=-0.000471277 -0.000510218 -0.000543293 -0.000240885 7.09466e-05 0.00056868 0.000337613 7.75867e-05 0.000598312 0.0023382 0.00217678 -0.000422129 0.00020238 0.00151412 -0.000717426 0.000266945 -0.000500286 0.000266945 -0.000477268 -0.000562966 -0.00026807 -0.000487988 -0.000695748 -0.000124997 -0.000738904 -0.000709126 -0.000321423
internal_weight=4413 4379 4354 1591 730 364 331 290 178 68 41 366 126 53 2763 59 861 59 110 802 249 229 553 48 2704 734 70
internal_count=4413 4379 4354 1591 730 364 331 290 178 68 41 366 126 53 2763 59 861 59 110 802 249 229 553 48 2704 734 70
cat_boundaries=0 1
cat_threshold=562
is_linear=0
shrinkage=0.03


Tree=68
num_leaves=29
num_cat=1
split_feature=9 7 5 19 16 17 3 7 18 0 17 1 1 12 9 13 8 18 9 17 4 7 13 8 9 18 8 0
split_gain=0.957625 0.926932 0.254753 0.143783 0.199067 0.265933 0.237565 0.410376 0.163323 0.1538 0.191887 0.257401 0.229007 0.098437 0.0832678 0.1749 0.26953 0.0423067 0.0384851 0.0660705 0.246418 0.037522 0.113439 0.0214635 0.16326 0.00170308 0.00982549 0.0380942
threshold=0.97957695113056176 0.38780974986680611 0.16125760649087226 0 28.500000000000004 0.36418177176410527 0.054687500000000007 0.075471023833399251 0.53088235294117658 0.50292584880915914 0.24210705471874738 0.11197916666666667 0.085937500000000014 0.6078576107927941 0.57330415754923425 1.0000000180025095e-35 0.17733378743684181 0.46029411764705885 0.72611232676878201 0.33208765798362 0.091145833333333343 0.088419907194990141 -0.56174490092936669 0.13293229993885244 0.39897884755652818 0.4661764705882353 0.088210155466507345 0.35235007425931514
decision_type=2 2 2 1 2 2 2 2 2 2 2 2 2 2 2 2 2 2 2 2 2 2 2 2 2 2 2 2
left_child=1 2 21 4 14 6 7 -6 18 -8 -11 12 -12 -13 -4 -16 -17 -7 23 20 -20 25 -23 24 -5 26 27 -1
right_child=-2 -3 3 8 5 17 9 -9 -10 10 11 13 -14 -15 15 16 -18 -19 19 -21 -22 22 -24 -25 -26 -27 -28 -29
leaf_value=-0.0036438860807611658 0.00024984972329688746 0.00064218299793873624 -0.00026877378941975481 1.7035929392456717e-05 -4.6906617796845373e-05 0.0001141475032430804 -4.6785608624991476e-05 0.00025076752006761733 6.864681286917214e-05 -0.00026896940376194584 1.657170116459149e-05 -9.7717858661659638e-06 5.3435290766851757e-05 0.00013701965303694082 -2.9477195095267102e-06 1.0089609593395128e-05 -0.00011038909158972986 -1.2730693045875268e-05 1.1114402302158989e-05 -6.9468242399149045e-05 -0.00029126609379947544 6.4335049577124347e-05 -0.00065609383118914676 -0.00032282798797078312 -0.00057127789220745735 -0.0011106308178046619 -0.00084024135118974019 -0.00025292260717230304
leaf_weight=64 34 25 240 21 25 20 49 22 21 34 27 30 24 23 73 28 25 110 24 74 46 26 73 549 126 2183 397 20
leaf_count=64 34 25 240 21 25 20 49 22 21 34 27 30 24 23 73 28 25 110 24 74 46 26 73 549 126 2183 397 20
internal_value=-0.000471277 -0.000510218 -0.000543293 -0.000240885 7.09466e-05 0.00056868 0.00117307 0.00307972 -0.000500286 0.000693847 0.00120651 0.00184614 0.00336758 0.000382069 -0.000422129 0.00020238 0.00151412 -0.000519226 -0.000571427 -0.000124998 0.000535707 -0.000717426 -0.000143937 -0.000663791 -0.000341834 -0.000738738 -0.000687628 -0.000392852
internal_weight=4413 4379 4354 1591 730 364 234 47 861 187 138 104 51 53 366 126 53 130 840 144 70 2763 99 696 147 2664 481 84
internal_count=4413 4379 4354 1591 730 364 234 47 861 187 138 104 51 53 366 126 53 130 840 144 70 2763 99 696 147 2664 481 84
cat_boundaries=0 1
cat_threshold=562
is_linear=0
shrinkage=0.03


Tree=69
num_leaves=31
num_cat=1
split_feature=5 16 5 5 6 19 16 0 11 3 10 5 6 13 4 8 1 12 3 8 3 4 4 1 11 0 1 13 11 3
split_gain=0.79662 0.899939 0.349406 0.169599 0.284608 0.133225 0.175554 0.321382 0.336724 0.121649 0.141909 0.0977802 0.071852 0.0564428 0.118538 0.2357 0.0422303 0.143959 0.0307089 0.0286611 0.19239 0.0197967 0.0835809 0.0313607 0.0250969 0.0546999 0.111105 0.00358695 0.0120175 0.0629054
threshold=0.50405679513184587 27.500000000000004 0.16125760649087226 0.3600405679513185 0.72995391705069135 0 29.500000000000004 0.47964949943148871 0.6830127018922193 0.059895833333333336 0.93301270189221952 0.27687626774847879 0.2483870967741936 1.0000000180025095e-35 0.070312500000000014 0.18051107774196509 0.080729166666666671 -1.0000000180025095e-35 0.13802083333333334 0.12329638088264598 0.075520833333333343 0.065104166666666671 0.070312500000000014 0.039062500000000007 -0.68301270189221952 0.55485698752022106 0.11197916666666667 -0.56174490092936669 0.6830127018922193 0.039062500000000007
decision_type=2 2 2 2 2 1 2 2 2 2 2 2 2 2 2 2 2 2 2 2 2 2 2 2 2 2 2 2 2 2
left_child=2 -2 16 5 9 6 13 -8 11 -5 -11 -9 -7 -4 -15 -16 27 -18 -6 20 -14 -21 -23 -24 25 -25 -27 28 -1 -30
right_child=1 -3 3 4 18 12 7 8 -10 10 -12 -13 19 14 15 -17 17 -19 -20 21 -22 22 23 24 -26 26 -28 -29 29 -31
leaf_value=-0.0010345555213489431 -0.00031175419162945181 0.00063020816087454453 -4.9920238383530217e-05 0.00019618629176682904 0.0001217651766752493 2.0541518877070473e-05 0.00015763707004221435 -0.00024524609879564817 0.00019493352240274381 -9.1859828814190448e-06 5.3897167664073969e-06 1.0944783930019915e-05 -0.00033292660374413839 -0.00057411509903643328 7.9820306037065002e-06 -0.00043457181162943876 6.7002061182527299e-05 -0.00062160199646446568 0.00023286466445187804 -0.00022598297334198788 1.4773454605146898e-05 6.2244981123226249e-06 -0.00014248221417235624 -0.00030420317843480796 -0.00011318741809045904 3.7105653734461223e-05 -2.4349837482823172e-05 -0.0010134942648280154 -0.001956159097603848 -2.8969394328358944e-05
leaf_weight=554 20 20 135 20 20 38 25 97 30 102 23 31 104 52 20 22 21 65 21 326 35 35 24 72 323 20 25 1899 184 50
leaf_count=554 20 20 135 20 20 38 25 97 30 102 23 31 104 52 20 22 21 65 21 326 35 35 24 72 323 20 25 1899 184 50
internal_value=-0.000464479 0.00374991 -0.000503029 -0.000149999 0.00070161 -0.000262022 0.000191943 0.00088934 0.000389239 7.75864e-05 -0.000269997 -0.000281247 -0.000446145 -0.000356985 0.000207445 0.00139282 -0.000706725 -5.23243e-05 0.00290847 -0.000501036 -0.000102517 -0.00056818 -0.000449397 -0.000556033 -0.000613634 -0.000237177 0.000583321 -0.000727669 -0.000673856 -0.000493587
internal_weight=4413 40 4373 1600 186 1414 412 183 158 145 125 128 1002 229 94 42 2773 86 41 964 139 825 499 464 440 117 45 2687 788 234
internal_count=4413 40 4373 1600 186 1414 412 183 158 145 125 128 1002 229 94 42 2773 86 41 964 139 825 499 464 440 117 45 2687 788 234
cat_boundaries=0 1
cat_threshold=530
is_linear=0
shrinkage=0.03


Tree=70
num_leaves=28
num_cat=2
split_feature=9 7 7 16 11 1 19 18 17 0 0 19 0 1 11 11 6 2 0 0 7 4 3 3 18 2 0
split_gain=1.05255 0.507657 0.326263 0.256784 0.664301 1.44835 0.15449 0.261063 0.135676 0.115053 0.107421 0.083549 0.208118 0.379425 0.140427 0.168888 0.134489 0.140623 0.0812462 0.0999944 0.0391299 0.0330894 0.00919371 0.0382342 0.00162576 0.014949 0.0330497
threshold=0.97957695113056176 0.38780974986680611 0.086724821097632201 28.500000000000004 0.6830127018922193 0.091145833333333343 0 0.45735294117647063 0.36782929699306594 0.57229813476139524 0.46896267166687183 1 0.47680365491675797 0.059895833333333336 -0.9330127018922193 0.6830127018922193 0.53502304147465451 0.080729166666666671 0.62126974362323695 0.64012436066452116 0.089132082478676544 0.023437500000000003 0.091145833333333343 0.096354166666666671 0.4661764705882353 0.039062500000000007 0.33458207408886598
decision_type=2 2 2 2 2 2 1 2 2 2 2 1 2 2 2 2 2 2 2 2 2 2 2 2 2 2 2
left_child=1 2 10 18 6 -6 7 -5 -7 -9 24 12 13 -12 -14 -16 17 -17 21 -20 -8 -4 -13 -24 25 26 -1
right_child=-2 -3 3 4 5 8 20 9 -10 -11 11 22 14 -15 15 16 -18 -19 19 -21 -22 -23 23 -25 -26 -27 -28
leaf_value=-0.0041306956073833469 0.00022213316452420422 0.00044283977400673294 -0.00031079154613739885 8.622373016360367e-05 0.00070363599654162448 7.6950653852523435e-05 -0.00036955025546727641 3.222379255109274e-05 -2.5596931338811255e-05 -3.8519731009462332e-06 7.97646385215222e-05 -0.00024164988069933153 1.2916272164248332e-05 -0.00074536953382539379 -0.00015867610650346003 6.399711416082705e-08 -0.0004478318307428572 7.458113763399663e-05 2.0329098667288774e-06 -0.00018501759713565439 -3.731951182098946e-05 -0.00010692678518827818 -9.36176968698759e-05 -0.00023380276189094031 -0.0010585751427988417 -0.00085849579246240161 -0.00084757827994891288
leaf_weight=39 31 28 28 31 37 21 23 25 52 64 22 304 21 24 285 26 29 20 20 20 207 353 20 65 2176 441 20
leaf_count=39 31 28 28 31 37 21 23 25 52 64 22 304 21 24 285 26 29 20 20 20 207 353 20 65 2176 441 20
internal_value=-0.000452165 -0.000490967 -0.00051675 -8.50589e-07 0.00048913 0.00252271 -0.000149999 0.000692303 7.19175e-05 -7.58411e-05 -0.000646906 -0.000345587 -4.63379e-05 0.00185866 -0.000277558 -0.000416665 0.000849989 0.00185866 -0.000536221 0.000749982 -0.000593747 -0.000671257 -0.000656013 -0.000397053 -0.000738788 -0.000689998 -0.000241521
internal_weight=4432 4401 4373 881 460 110 350 120 73 89 3492 816 427 46 381 360 75 46 421 40 230 381 389 85 2676 500 59
internal_count=4432 4401 4373 881 460 110 350 120 73 89 3492 816 427 46 381 360 75 46 421 40 230 381 389 85 2676 500 59
cat_boundaries=0 1 2
cat_threshold=34 62
is_linear=0
shrinkage=0.03


Tree=71
num_leaves=29
num_cat=1
split_feature=9 7 7 19 17 17 2 16 17 1 0 5 6 10 10 7 7 10 9 6 6 6 6 16 18 0 2 4
split_gain=1.05513 0.509377 0.292776 0.213432 0.350833 1.34332 0.165691 0.244265 0.371362 0.134768 0.409917 0.121563 0.0847832 0.0998225 0.242425 0.272212 0.0751657 0.0441026 0.147362 0.0435056 0.036935 0.0304096 0.162258 0.0277765 0.00702263 0.0322029 0.014989 0.0327574
threshold=0.97957695113056176 0.38780974986680611 0.086724821097632201 0 0.3353331631350524 0.32478086971321596 0.049479166666666671 29.500000000000004 0.30352809298695055 0.11197916666666667 0.56286410739646286 0.19371196754563896 0.3175115207373273 -0.24999999999999994 -0.6830127018922193 0.066733341775971358 0.099590664592236089 -0.5 0.50474106491611981 0.33041474654377889 0.32119815668202772 0.60875576036866375 0.64746543778801857 29.500000000000004 0.4661764705882353 0.47556016327877837 0.039062500000000007 0.033854166666666671
decision_type=2 2 2 1 2 2 2 2 2 2 2 2 2 2 2 2 2 2 2 2 2 2 2 2 2 2 2 2
left_child=1 2 12 4 5 9 7 -5 -9 10 -4 -10 24 14 19 23 -6 18 -8 -14 -15 -22 -23 -16 25 26 27 -1
right_child=-2 -3 3 6 16 -7 17 8 11 -11 -12 -13 13 20 15 -17 -18 -19 -20 -21 21 22 -24 -25 -26 -27 -28 -29
leaf_value=-0.003033745733059453 0.000215469169588477 0.00042955458078653135 -0.00034892577818954436 -0.00089795387643719891 1.436216973046989e-05 0.0001043508366316052 -0.0004396755743147436 0.00014710184393981391 -0.00049168866356227696 -1.448899575245224e-05 0.00045725579994932705 3.8319550037395056e-05 2.1715508436658014e-07 -0.00022593319115192658 -0.00022046374078752242 0.00010959252924374069 -6.6583820192353919e-06 -6.0077342234366288e-05 0.00047315579124334505 -0.00043447538574337586 -0.00022305846499199179 1.277111206506725e-05 -0.00013122071320925018 -5.4687689532497709e-05 -0.00097080006894420339 -0.00032902845392528992 -0.00078588568665797348 -0.00082215093155044378
leaf_weight=38 31 28 33 66 39 23 56 20 31 50 23 20 20 22 20 36 107 393 20 134 440 20 86 25 2219 26 386 20
leaf_count=38 31 28 33 66 39 23 56 20 31 50 23 20 20 22 20 36 107 393 20 134 440 20 86 25 2219 26 386 20
internal_value=-0.000458934 -0.000497784 -0.00052361 -3.49028e-05 0.000644735 0.00180813 -0.000348213 0.000563865 0.00178519 0.000382073 0.00139283 0.000426463 -0.000646906 -0.0003764 0.000143617 0.0014722 -0.000339038 -0.000622066 3.94739e-05 -0.00055519 -0.000591548 -0.000640108 -0.00018396 -8.33308e-05 -0.000727686 -0.000622338 -0.00068243 -0.000232754
internal_weight=4432 4401 4373 881 275 129 606 137 71 106 56 51 3492 803 235 81 146 469 76 154 568 546 106 45 2689 470 444 58
internal_count=4432 4401 4373 881 275 129 606 137 71 106 56 51 3492 803 235 81 146 469 76 154 568 546 106 45 2689 470 444 58
cat_boundaries=0 1
cat_threshold=34
is_linear=0
shrinkage=0.03


Tree=72
num_leaves=28
num_cat=1
split_feature=9 7 5 16 11 2 4 7 8 19 17 17 9 2 8 4 3 8 16 3 7 1 11 7 18 2 3
split_gain=1.06292 0.514555 0.205218 0.194887 0.317814 0.501408 0.248223 0.208333 0.459547 0.182684 0.251493 0.388271 0.151272 0.240683 0.145962 0.0407369 0.0292315 0.128075 0.201914 0.0209953 0.0166461 0.0321417 0.0116244 0.0370119 0.00198123 0.0145509 0.0330497
threshold=0.97957695113056176 0.38780974986680611 0.14503042596348886 28.500000000000004 0.6830127018922193 0.039062500000000007 0.10677083333333334 0.1136185938746033 0.26495406874879129 0 0.29807587908879368 0.28539757438105057 0.51677607585703877 0.070312500000000014 0.27719287970000966 0.14843750000000003 0.11718750000000001 0.17796410352255287 12.500000000000002 0.091145833333333343 0.088419907194990141 0.054687500000000007 -0.5 0.063178407437470135 0.4661764705882353 0.039062500000000007 0.033854166666666671
decision_type=2 2 2 2 2 2 2 2 2 1 2 2 2 2 2 2 2 2 2 2 2 2 2 2 2 2 2
left_child=1 2 20 16 9 -6 7 19 -9 -5 11 14 13 -12 -11 -14 22 18 -18 -7 24 -22 23 -4 25 26 -1
right_child=-2 -3 3 4 5 6 -8 8 -10 10 12 -13 15 -15 -16 -17 17 -19 -20 -21 21 -23 -24 -25 -26 -27 -28
leaf_value=-0.0029134641467891656 0.00020900509450082265 0.00041666794336293547 -0.00025386235019087423 -0.00017484776326188618 8.2591065534810254e-05 -3.7319425401094931e-05 0.00051700033554892555 0.00045896111750604621 -1.7276860906361298e-05 -0.00032664006944057883 -0.00043795827094365446 0.0001606952172824131 -1.3618099346577527e-05 3.3581639687102939e-05 2.2641216505175261e-05 0.00010142185522462525 3.4888151152661434e-05 -0.00019708718498771051 -1.2259299601962343e-06 -3.2385202475290045e-06 -0.0015730814731973811 -0.00043718056686574723 -0.00024899166399528692 -0.00039222055652251409 -0.0013354509578268798 -0.001187298473009787 -0.00079748640360392971
leaf_weight=39 31 28 20 408 27 97 21 20 27 38 23 20 190 20 33 22 24 148 28 35 36 20 657 57 1985 358 20
leaf_count=39 31 28 20 408 27 97 21 20 27 38 23 20 190 20 33 22 24 148 28 35 36 20 657 57 1985 358 20
internal_value=-0.000479241 -0.000518234 -0.000544191 -0.000311357 -1.60543e-05 0.000968058 0.000449998 8.79891e-05 0.00180315 -0.000312333 0.000198034 0.00155768 -0.00027941 0.00134299 0.000517599 -0.000608487 -0.000621519 -0.000299998 0.000980751 -0.000522723 -0.000725589 -0.000214281 -0.000709126 -0.000360384 -0.000737509 -0.000678055 -0.000241521
internal_weight=4432 4401 4373 1915 981 227 200 179 47 754 346 91 255 43 71 212 934 200 52 132 2458 56 734 77 2402 417 59
internal_count=4432 4401 4373 1915 981 227 200 179 47 754 346 91 255 43 71 212 934 200 52 132 2458 56 734 77 2402 417 59
cat_boundaries=0 1
cat_threshold=205
is_linear=0
shrinkage=0.03


Tree=73
num_leaves=28
num_cat=1
split_feature=9 7 1 11 9 17 1 7 19 11 4 7 16 12 9 16 5 17 1 20 20 1 4 8 5 13 9
split_gain=1.05773 0.5111 0.229025 0.172911 0.455355 0.708304 0.243131 0.399974 0.127162 0.128167 0.300229 0.106006 0.164224 0.406325 0.0939424 0.0745916 0.134985 0.437566 0.0540611 0.149611 0.580792 0.0457257 0.00469784 0.0129397 0.0324549 0.0106002 0.0352724
threshold=0.97957695113056176 0.38780974986680611 0.049479166666666671 0.6830127018922193 0.50474106491611981 0.3161858565228492 0.085937500000000014 0.081764945460434418 0 -0.9330127018922193 0.10156250000000001 0.087230509471486625 12.500000000000002 1.0000000180025095e-35 0.51677607585703877 29.500000000000004 0.20385395537525358 0.36673474597906569 0.059895833333333336 0.4724571835247911 0.48861774361418392 0.054687500000000007 0.044270833333333336 0.088210155466507345 0.087390128465179198 0.81174490092936691 0.31400437636761497
decision_type=2 2 2 2 2 2 2 2 1 2 2 2 2 2 2 2 2 2 2 2 2 2 2 2 2 2 2
left_child=1 2 22 8 15 -6 7 -7 9 10 -4 21 13 -13 -14 -5 -17 -18 19 -10 -21 -11 -1 24 -24 -25 -27
right_child=-2 -3 3 4 5 6 -8 -9 18 11 -12 12 14 -15 -16 16 17 -19 -20 20 -22 -23 23 25 -26 26 -28
leaf_value=-0.0013956713742520944 0.00020273494166579757 0.00040416790506204775 -7.1634591607599416e-05 -0.00043279846568469293 0.00023281341646248565 -0.00089558353424546409 -1.6075476229868031e-05 0.00044519228398086331 -0.00074577745963826103 -8.5523085839141772e-05 9.9854779722284009e-05 3.5948453003707749e-05 1.2506848723066258e-05 -9.886772344917184e-05 -1.373585701758093e-06 -7.878950278821004e-05 6.9588990763871632e-05 -3.2529194049654973e-05 -0.00016123368367460322 0.00011797347161948126 -0.00029849480239435767 -0.00015707258702022522 -0.0034792440734634882 -0.00076160572895767129 -0.0001301623707229867 -0.00017567925872489604 -0.00080361052953186786
leaf_weight=1793 31 28 31 200 34 20 62 20 157 20 28 21 31 24 83 68 23 39 802 20 53 214 37 492 20 21 60
leaf_count=1793 31 28 31 200 34 20 62 20 157 20 28 21 31 24 83 68 23 39 802 20 53 214 37 492 20 21 60
internal_value=-0.000465703 -0.0005046 -0.00053047 -0.000288461 0.000215665 0.00167646 0.000426467 0.00224994 -0.000446764 -1.94798e-05 0.00128388 -0.000215648 0.000382074 0.00191662 -0.000223682 -0.000386362 0.000173076 0.00118547 -0.000627638 -0.000228259 0.000893824 -0.000621791 -0.000725236 -0.00065476 -0.00022368 -0.000697642 -0.000379624
internal_weight=4432 4401 4373 1950 466 136 102 40 1484 452 59 393 159 45 114 330 130 62 1032 230 73 234 2423 630 57 573 81
internal_count=4432 4401 4373 1950 466 136 102 40 1484 452 59 393 159 45 114 330 130 62 1032 230 73 234 2423 630 57 573 81
cat_boundaries=0 1
cat_threshold=34
is_linear=0
shrinkage=0.03


Tree=74
num_leaves=31
num_cat=2
split_feature=9 7 5 19 4 6 2 2 10 16 4 4 19 6 18 3 0 4 6 0 7 7 2 16 0 1 6 6 18 2
split_gain=1.05513 0.509377 0.285652 0.208895 0.152802 0.212013 0.250194 0.138761 0.145159 0.688181 0.590936 0.095233 0.0764199 0.145962 0.0631988 0.118361 0.0613057 0.0422662 0.104441 0.0402636 0.0394881 0.0353649 0.0592755 0.149996 0.0287222 0.0103568 0.0268804 0.156515 0.00177834 0.0156878
threshold=0.97957695113056176 0.38780974986680611 0.16125760649087226 0 0.033854166666666671 0.32764976958525355 0.059895833333333336 0.075520833333333343 0.25000000000000011 28.500000000000004 0.10156250000000001 0.065104166666666671 1 0.65483870967741953 0.4485294117647059 0.11197916666666667 0.62126974362323695 0.049479166666666671 0.32488479262672815 0.4652230214593141 0.060647555628343786 0.076340200555275337 0.039062500000000007 29.500000000000004 0.58542297693482837 0.070312500000000014 0.3728110599078342 0.39216589861751155 0.4661764705882353 0.039062500000000007
decision_type=2 2 2 1 2 2 2 2 2 2 2 2 1 2 2 2 2 2 2 2 2 2 2 2 2 2 2 2 2 2
left_child=1 2 21 4 5 6 -4 17 9 20 11 -11 13 -10 15 -14 -15 18 -6 -5 -9 28 23 -23 -7 26 -21 -28 29 -1
right_child=-2 -3 3 19 7 24 -8 8 12 10 -12 -13 14 16 -16 -17 -18 -19 -20 25 -22 22 -24 -25 -26 -27 27 -29 -30 -31
leaf_value=-0.0023255995357292017 0.00019665289341582408 0.00039204286791018664 -0.00062491589147393013 -0.00019720663934866554 -0.00027414414392314107 -0.00026859080741377665 0.00013953461288592403 -0.000230003717324008 4.1943417452998372e-05 0.0003673886684785341 0.0002987253692334026 -4.012669217334961e-05 4.9621016461075738e-06 -2.669064613424033e-05 -0.00010247569264060469 -0.00030267616643384862 3.476456731415589e-06 -5.1519619863488377e-05 5.3526332962961929e-06 -0.00048640733106765648 -0.00047690710248946396 -0.0016124730485783487 -0.00082562953295944831 3.4287380691314964e-05 -1.1137575923627855e-05 -5.7546812909198588e-05 0.00010568268169254871 -0.00037233607823530178 -0.00097684245762174791 -0.00071875303259064701
leaf_weight=56 31 28 22 21 47 27 20 21 29 21 36 21 20 53 168 29 38 229 25 149 102 54 131 36 20 400 20 72 2101 405
leaf_count=56 31 28 22 21 47 27 20 21 29 21 36 21 20 53 168 29 38 229 25 149 102 54 131 36 20 400 20 72 2101 405
internal_value=-0.000458934 -0.000497784 -0.00052361 -0.000202829 8.95529e-05 0.00127246 0.00282136 -3.48622e-05 0.000253718 0.000891787 0.00309611 0.000678556 -0.000126854 0.000461536 -0.00045264 0.000474481 -9.06576e-05 -0.000550662 8.33329e-05 -0.000604909 -0.000506093 -0.00070688 -0.000342758 0.000249998 -0.000111699 -0.000656395 -0.000501035 -9.78243e-05 -0.000738289 -0.000684922
internal_weight=4432 4401 4373 1590 928 89 42 839 538 201 78 42 337 120 217 49 91 301 72 662 123 2783 221 90 47 641 241 92 2562 461
internal_count=4432 4401 4373 1590 928 89 42 839 538 201 78 42 337 120 217 49 91 301 72 662 123 2783 221 90 47 641 241 92 2562 461
cat_boundaries=0 1 2
cat_threshold=62 2
is_linear=0
shrinkage=0.03


Tree=75
num_leaves=31
num_cat=0
split_feature=7 5 9 9 11 17 7 7 12 13 0 16 3 9 5 4 17 0 5 1 4 2 7 11 5 9 17 8 7 7
split_gain=0.855502 0.560888 0.581739 0.144859 0.186202 0.262714 0.478847 1.15696 0.220768 0.215472 0.160449 0.298634 0.382254 0.101659 0.0935222 0.173779 0.429767 0.0816093 0.0671869 0.118361 0.0467097 0.0394215 0.0348056 0.150067 0.0299988 0.0295411 0.0152332 0.0327574 0.00899494 0.131951
threshold=0.38780974986680611 0.16125760649087226 0.97957695113056176 0.30233406272793589 0.6830127018922193 0.42051740277423205 0.10036056523027932 0.11742592553505851 -0.60785761079279388 -0.56174490092936669 0.47964949943148871 12.500000000000002 0.080729166666666671 0.80598103574033564 0.31947261663286008 0.096354166666666671 0.33310749330662537 0.52080508158020811 0.16734279918864101 0.059895833333333336 0.13802083333333334 0.17447916666666669 0.088419907194990141 0.6830127018922193 0.38235294117647062 0.51896425966447868 0.3752021104586844 0.16278022763403752 0.053878726895501002 0.054588354999843228
decision_type=2 2 2 2 2 2 2 2 2 2 2 2 2 2 2 2 2 2 2 2 2 2 2 2 2 2 2 2 2 2
left_child=1 22 3 20 8 6 9 -8 10 -6 -5 12 -12 25 18 16 -16 -11 19 -10 -3 -17 28 -24 -18 -13 -20 -28 -1 -30
right_child=-2 2 -4 4 5 -7 7 -9 14 17 11 13 -14 -15 15 21 24 -19 26 -21 -22 -23 23 -25 -26 -27 27 -29 29 -31
leaf_value=-0.0010078101934577236 0.00053999494046569243 -0.00028210255769114864 0.00020173965773981123 0.00011685468476754393 2.521112236342651e-05 -3.4003264304104345e-05 0.00056362654612293758 0.00012733412134627851 4.0480499464041768e-06 -0.00013194072440355384 -0.00024877515762396419 -5.6935943823405833e-05 3.0161112072617105e-05 8.9715939812391149e-05 4.4719185797710242e-05 -4.7483861608971655e-05 -4.9516039905806807e-05 6.070860973402867e-06 -0.00029719142891094293 -0.00052358472032349704 -0.00021411283468812545 -7.6687085217127008e-05 -0.00095498863507377247 4.4038899207422275e-05 1.6967265660333893e-07 -4.4503305671812505e-05 -0.00062909652282762917 -0.00044377829405725395 0.0001775601020074347 -0.0007526769042395195
leaf_weight=1970 26 284 21 38 38 75 21 32 20 77 36 28 27 28 21 101 30 34 440 29 20 21 78 21 20 134 20 38 28 702
leaf_count=1970 26 284 21 38 38 75 21 32 20 77 36 28 27 28 21 101 30 34 440 29 20 21 78 21 20 134 20 38 28 702
internal_value=-0.000406796 -0.000438627 3.21566e-06 -6.14136e-05 7.56887e-05 0.000766243 0.0013292 0.00377823 -0.000109844 0.000458051 0.000590205 0.000317193 0.00210711 -0.000276314 -0.000385134 0.000182642 0.00136266 -0.000209457 -0.000585464 0.000474481 -0.000651313 -0.000504094 -0.000696408 -0.000143937 -0.000149996 -0.000564811 -0.000689757 -0.000232754 -0.000716666 -0.000626711
internal_weight=4458 4432 1633 1612 1308 277 202 53 1031 149 291 253 63 190 740 193 71 111 547 49 304 122 2799 99 50 162 498 58 2700 730
internal_count=4458 4432 1633 1612 1308 277 202 53 1031 149 291 253 63 190 740 193 71 111 547 49 304 122 2799 99 50 162 498 58 2700 730
is_linear=0
shrinkage=0.03


Tree=76
num_leaves=31
num_cat=0
split_feature=5 7 9 8 2 8 17 16 16 7 11 16 18 18 6 7 11 6 8 5 5 2 5 7 18 5 9 5 8 1
split_gain=0.869185 0.631383 0.523136 0.313624 0.364517 0.304985 0.455388 0.212263 0.516067 0.156875 0.280751 0.853145 0.11318 0.325607 0.356209 0.0838695 0.063265 0.104756 0.0599484 0.114888 0.0411495 0.040091 0.0383285 0.0640763 0.157957 0.0317594 0.0893879 0.280507 0.0195194 0.0277765
threshold=0.20993914807302233 0.38780974986680611 0.97957695113056176 0.18264427710219064 0.044270833333333336 0.17733378743684181 0.31142030465492304 12.500000000000002 7.5000000000000009 0.075471023833399251 0.6830127018922193 29.500000000000004 0.45735294117647063 0.44558823529411767 0.57880184331797246 0.076914195107654987 -0.9330127018922193 0.57880184331797246 0.14643828494983713 0.22616632860040572 0.38032454361054774 0.11197916666666667 0.33772819472616639 0.13162077050603302 0.49558823529411766 0.16125760649087226 0.69146608315098479 0.16937119675456394 0.19218106975147189 0.065104166666666671
decision_type=2 2 2 2 2 2 2 2 2 2 2 2 2 2 2 2 2 2 2 2 2 2 2 2 2 2 2 2 2 2
left_child=9 2 3 4 -2 7 -7 8 -6 25 15 -12 13 20 -15 -11 17 -14 19 -9 -5 28 -18 24 -24 -1 -27 -28 -17 -30
right_child=1 -3 -4 12 5 6 -8 18 -10 10 11 -13 16 14 -16 21 22 -19 -20 -21 -22 -23 23 -25 -26 26 27 -29 29 -31
leaf_value=-0.00081962257747579894 6.1948847412983125e-05 0.00052379509225172337 0.00019568746800761598 -6.4120667802045178e-05 -0.00030026235120745622 -3.7513047898711844e-05 1.3389572971459724e-05 -0.00054956137693236201 6.9274881182286076e-05 5.6968610341954732e-05 -0.00085280764681253151 0.00013137256992862734 -5.622232497468186e-05 0.00069694341493626894 -2.3129903861532517e-05 -0.00074803058243669339 -0.00020036778637309231 2.1637337551012699e-06 -7.1086543586335128e-05 2.3948120971475162e-05 -7.0387586647828205e-05 -0.00045827721886486329 -2.4869142667758235e-05 -4.5424620542512412e-05 2.6496537049776752e-05 -0.00021437736324225187 3.831458665755926e-06 -0.00032162138103412359 -0.00011822131122552077 -2.6029917775407814e-05
leaf_weight=2564 22 26 21 93 34 20 31 27 27 36 67 37 22 27 33 325 279 20 112 20 20 21 41 79 32 307 22 48 20 25
leaf_count=2564 22 26 21 93 34 20 31 27 27 36 67 37 22 27 33 325 279 20 112 20 20 21 41 79 32 307 22 48 20 25
internal_value=-0.000379878 0.000406187 0.00028125 0.000176518 0.000990612 0.000689113 0.00277936 0.000204545 0.00170899 -0.00060311 -0.00012853 0.00126922 -0.000192723 0.000463871 0.00224996 -0.000468968 -0.000432874 0.000678556 -0.000372638 0.000526585 -0.000484508 -0.000596545 -0.000541181 -0.000157893 0.000482871 -0.000688795 -0.000431696 0.000535707 -0.000668916 -8.33308e-05
internal_weight=4458 986 960 939 293 271 51 220 61 3472 531 104 646 173 60 427 473 42 159 47 113 391 431 152 73 2941 377 70 370 45
internal_count=4458 986 960 939 293 271 51 220 61 3472 531 104 646 173 60 427 473 42 159 47 113 391 431 152 73 2941 377 70 370 45
is_linear=0
shrinkage=0.03


Tree=77
num_leaves=31
num_cat=0
split_feature=5 7 9 5 5 18 5 16 16 11 10 12 2 6 9 1 20 5 13 12 9 1 11 9 5 7 7 13 1 2
split_gain=0.936232 0.532834 0.462215 0.388175 0.26059 0.221542 0.454492 0.135522 0.290328 0.134558 0.344582 0.518542 0.313599 0.224966 0.146031 0.271555 0.417867 0.136502 0.109665 0.0438469 0.139189 0.0400924 0.134754 0.0368815 0.0336054 0.0294598 0.0646907 0.0777827 0.0371172 0.0291654
threshold=0.2991886409736309 0.38780974986680611 0.97957695113056176 0.30324543610547666 0.16125760649087226 0.45147058823529412 0.34584178498985801 16.500000000000004 10.500000000000002 0.6830127018922193 -0.24999999999999994 1.0000000180025095e-35 0.039062500000000007 0.33594470046082953 0.65134938001458809 0.059895833333333336 0.48050469162831005 0.20098039215686275 0.81174490092936691 0.87837969732492682 0.24507658643326041 0.080729166666666671 0.6830127018922193 0.92924872355944577 0.36612576064908725 0.11596544270602603 0.090266055694361871 -0.56174490092936669 0.13281250000000003 0.070312500000000014
decision_type=2 2 2 2 2 2 2 2 2 2 2 2 2 2 2 2 2 2 2 2 2 2 2 2 2 2 2 2 2 2
left_child=4 2 3 -2 21 6 -5 8 24 14 11 29 -12 -13 19 16 -16 -18 23 -6 -21 -1 -23 -17 -7 26 -9 -28 -29 -11
right_child=1 -3 -4 5 9 7 -8 25 -10 10 12 13 -14 -15 15 18 17 -19 -20 20 -22 22 -24 -25 -26 -27 27 28 -30 -31
leaf_value=-0.00079326156671383728 6.5679114421586188e-06 0.00050808123948417074 0.00018981684396738866 0.00024167005814155487 -0.00031155166147957329 -8.9243203003061246e-05 -1.5772218605770239e-05 -4.4950873821217209e-05 1.9537530218463017e-05 -0.00038143483137142292 8.0913839329652861e-05 0.00013178865551428091 -0.00038079203564709825 0.0004585555471024884 0.00013083726204400276 -0.00029525382485087536 -0.00050049210234468259 4.9715602159177949e-05 2.7689897125924925e-05 1.1846953382135831e-05 -0.0006158968037371903 -0.00048951243501006399 3.892462256059848e-05 -0.00014829744505501092 -4.5842818592631945e-05 -3.4324558109162271e-05 -3.858476436878186e-05 9.4818555934362062e-05 3.8800358425671251e-05 -9.6404777211098628e-05
leaf_weight=2714 25 26 21 27 460 41 46 74 29 28 25 20 169 20 28 185 43 20 28 21 57 63 22 24 20 131 27 20 24 20
leaf_count=2714 25 26 21 27 460 41 46 74 29 28 25 20 169 20 28 185 43 20 28 21 57 63 22 24 20 131 27 20 24 20
internal_value=-0.000373149 0.000835126 0.000610824 0.000413793 -0.000529579 0.00020672 0.00171573 -9.42613e-05 0.000916657 -0.000148954 0.000420212 0.00197725 -0.00028608 0.00449989 -0.000334295 0.000164634 0.00155768 0.000202378 -0.000370251 -0.000638474 1.92312e-05 -0.00068569 -4.41164e-05 -0.000606456 -0.000258192 -0.000423911 -0.000129309 0.000517599 0.00129543 -0.000124997
internal_weight=4458 511 485 464 3947 439 73 366 90 1148 282 88 194 40 866 328 91 63 237 538 78 2799 85 209 61 276 145 71 44 48
internal_count=4458 511 485 464 3947 439 73 366 90 1148 282 88 194 40 866 328 91 63 237 538 78 2799 85 209 61 276 145 71 44 48
is_linear=0
shrinkage=0.03


Tree=78
num_leaves=31
num_cat=2
split_feature=7 7 19 8 7 1 3 17 17 1 6 17 0 2 17 8 11 7 7 2 4 0 7 11 7 1 4 8 3 19
split_gain=0.757981 0.369593 0.253452 0.375505 0.411437 0.615033 0.409467 0.574068 0.786459 0.209256 0.217369 0.105277 0.102112 0.151807 0.334293 0.224979 0.090055 0.114915 0.173071 0.13338 0.0715846 0.109085 0.0541025 0.099529 0.272595 0.0756646 0.0427164 0.0373088 0.0312245 0.0296916
threshold=0.085704493569116261 0.38780974986680611 0 0.19814297748565238 0.12106829783344576 0.054687500000000007 0.054687500000000007 0.31499446855586766 0.350651008424815 0.14322916666666669 0.7589861751152075 0.34665134882137699 0.55485698752022106 0.11197916666666667 0.33208765798362 0.18691356651965157 -0.24999999999999994 0.099590664592236089 0.10811401452739054 0.12239583333333334 0.13802083333333334 0.60199702478080097 0.051691424267021037 0.6830127018922193 0.054588354999843228 0.085937500000000014 0.12760416666666669 0.15839388229963916 0.10677083333333334 1
decision_type=2 2 1 2 2 2 2 2 2 2 2 2 2 2 2 2 2 2 2 2 2 2 2 2 2 2 2 2 2 1
left_child=12 2 3 4 5 -2 -7 -8 -9 20 11 -11 22 14 15 -14 -4 -18 -19 27 -5 -22 -1 29 -25 26 -26 -20 -13 -24
right_child=1 -3 16 9 -6 6 7 8 -10 10 -12 28 13 -15 -16 -17 17 18 19 -21 21 -23 23 24 25 -27 -28 -29 -30 -31
leaf_value=-0.00080481493480369837 -0.00047056290756602456 0.00049283880229964458 -0.00027852525565782332 -2.3782440870578658e-05 -0.00021543134384666919 0.00013765734383758881 -7.3543931943488577e-05 0.00043092254031999012 2.3481202854460694e-06 5.6597984258590125e-05 0.00018402220710601053 -1.3948209563051272e-05 2.7404102431966874e-05 -0.00011912747803167605 -0.00020418591739361269 -9.4229070150151579e-05 -0.00026024802330905562 5.4238881818294232e-05 -0.00022889836607637977 0.00030937478948312342 -0.00045408785403112234 0.00010608158491044053 -8.8929636814035696e-05 9.3686365898008233e-05 -0.00044006718543618506 4.7402374712121191e-06 -0.00013686742565033455 -6.9687290033378769e-05 -4.7567319948642531e-05 -0.00048155940979566534
leaf_weight=1977 35 26 203 163 42 27 27 22 21 20 29 40 20 94 46 20 90 39 21 20 24 20 180 39 183 37 21 76 21 875
leaf_count=1977 35 26 203 163 42 27 27 22 21 20 29 40 20 94 46 20 90 39 21 20 24 20 180 39 183 37 21 76 21 875
internal_value=-0.000406796 0.000336957 0.000239362 0.000702095 0.0018362 0.00265907 0.00388914 0.00267853 0.00483128 0.000101735 0.00115908 0.000361107 -0.000612542 8.33336e-05 0.000994175 0.00299993 -0.000276142 0.000103659 0.000596151 1.92313e-05 -0.000460142 0.000613623 -0.000650361 -0.000502808 7.15253e-10 -0.000376554 -0.000602938 -0.000440716 -0.000258192 -0.000636255
internal_weight=4458 966 940 491 174 132 97 70 43 317 110 81 3492 180 86 40 449 246 156 117 207 44 3312 1335 280 241 204 97 61 1055
internal_count=4458 966 940 491 174 132 97 70 43 317 110 81 3492 180 86 40 449 246 156 117 207 44 3312 1335 280 241 204 97 61 1055
cat_boundaries=0 1 2
cat_threshold=550 514
is_linear=0
shrinkage=0.03


Tree=79
num_leaves=31
num_cat=1
split_feature=7 5 9 9 19 5 16 2 10 16 13 20 20 2 12 6 12 4 7 11 20 8 20 9 13 6 16 11 1 6
split_gain=0.535367 0.419017 0.307345 0.164386 0.333184 0.678225 0.377908 0.149393 0.126831 0.449375 0.728968 0.136502 0.0998436 0.074716 0.164501 0.15794 0.0578118 0.0999944 0.0552624 0.17913 0.0484792 0.0629888 0.0437734 0.0386233 0.0365115 0.0354313 0.0950193 0.031468 0.0198205 0.0282596
threshold=0.38780974986680611 0.16125760649087226 0.97957695113056176 0.65134938001458809 0 0.18356997971602437 12.500000000000002 0.018229166666666668 -0.5 26.500000000000004 -0.56174490092936669 0.49510993395148484 0.58315943199673659 0.070312500000000014 -0.60785761079279388 0.58571428571428585 0.87837969732492682 0.12239583333333334 0.075870623877683993 0.6830127018922193 0.59102031964221136 0.17733378743684181 0.45956809332532095 0.53610503282275734 0.81174490092936691 0.65115207373271911 29.500000000000004 -0.9330127018922193 0.080729166666666671 0.25852534562211987
decision_type=2 2 2 2 1 2 2 2 2 2 2 2 2 2 2 2 2 2 2 2 2 2 2 2 2 2 2 2 2 2
left_child=1 18 3 7 5 -5 -7 -3 9 23 -11 -12 -8 -6 15 -15 27 -18 28 24 22 -22 -10 -9 -20 -23 -27 -16 -1 -30
right_child=-2 2 -4 4 13 6 12 8 20 10 11 -13 -14 14 16 -17 17 -19 19 -21 21 25 -24 -25 -26 26 -28 -29 29 -31
leaf_value=-0.00076812746225225564 0.00047805363823065456 8.111859869974205e-05 0.00017860167243518804 9.8351924956313833e-05 -0.00024970505762440625 7.0261433321068586e-05 -0.00043297413282893056 -0.00037533639131478514 -0.00031569629191039648 0.00066281335019050132 7.6292431298064616e-06 -6.3410986621742488e-06 1.3497366838848538e-06 0.00014082636222372571 -5.0871948026183795e-06 -2.0067878396114336e-05 0.00011663555323437409 -1.5290594924658966e-05 -0.00071901896131382843 3.0240976445052854e-05 2.1007243298966556e-05 -3.3048016280005162e-05 -0.00021357041721837389 -0.0001626289105474172 -0.00040265506849442928 -7.2743212381709866e-05 5.5481259507078349e-05 -5.9462226903531752e-05 -0.00060672904512511358 -0.00040354968937235608
leaf_weight=2522 26 20 21 20 127 25 65 183 22 26 20 43 28 20 26 29 20 20 170 37 34 103 573 23 24 42 26 117 20 26
leaf_count=2522 26 20 21 20 127 25 65 183 22 26 20 43 28 20 26 29 20 20 170 37 34 103 573 23 24 42 26 117 20 26
internal_value=-0.000426984 -0.000452165 -7.02687e-05 -0.000117245 0.000336519 0.0015304 0.000775418 -0.000319506 -0.000366437 0.000165254 0.00194661 0.000202378 -0.000104837 -0.000160568 0.000155172 0.00169895 -0.000258195 0.000749982 -0.000674972 -0.000230518 -0.000562499 -0.000164633 -0.000699578 -0.000604365 -0.000595357 -0.00039912 0.000132352 -0.000540205 -0.000714952 -9.78232e-05
internal_weight=4458 4432 1633 1612 497 138 118 1115 1095 295 89 63 93 359 232 49 183 40 2799 231 800 205 595 206 194 171 68 143 2568 46
internal_count=4458 4432 1633 1612 497 138 118 1115 1095 295 89 63 93 359 232 49 183 40 2799 231 800 205 595 206 194 171 68 143 2568 46
cat_boundaries=0 1
cat_threshold=520
is_linear=0
shrinkage=0.03


Tree=80
num_leaves=30
num_cat=2
split_feature=7 19 7 18 9 5 7 9 11 7 19 7 17 17 6 16 7 18 13 3 0 17 9 18 0 16 0 17 7
split_gain=0.42041 0.243028 0.477372 0.374235 0.33382 0.250194 0.198516 0.355851 0.468962 0.0796064 0.174313 0.252686 0.113401 0.28275 0.450431 0.779531 0.102433 0.0642271 0.200459 0.0430244 0.0404752 0.0391849 0.0374405 0.0238151 0.0249988 0.02005 0.0261892 0.0081542 0.0413783
threshold=0.086724821097632201 0 0.092343480677863826 0.53382352941176481 0.88366156090444947 0.4219066937119676 0.11872966494569266 0.51677607585703877 -0.5 0.053878726895501002 1 0.055089635996602375 0.31142030465492304 0.26946642838907336 0.3000000000000001 29.500000000000004 0.068961761325797011 0.45735294117647063 -0.56174490092936669 0.16406250000000003 0.50396260866742038 0.24427708280146376 0.73668854850474119 0.5102941176470589 0.52464050029776299 9.5000000000000018 0.46968181644835522 0.34409837460641657 0.036925484664404866
decision_type=2 1 2 2 2 2 2 2 2 2 1 2 2 2 2 2 2 2 2 2 2 2 2 2 2 2 2 2 2
left_child=9 2 -2 17 6 -6 7 -4 -9 27 11 -11 13 -13 -15 16 -16 18 -3 21 -20 -19 25 -12 -25 26 -14 -1 -29
right_child=1 3 4 -5 5 -7 -8 8 -10 10 23 12 22 14 15 -17 -18 19 20 -21 -22 -23 -24 24 -26 -27 -28 28 -30
leaf_value=-0.00062030572961846648 7.5737491430205892e-05 0.00062233953435679695 -0.00067465255274189357 0.00047246081253250017 0.0001597731421753859 6.7857316173839467e-05 -9.2883902786338794e-05 -0.00012818303500631642 5.7853665188430796e-05 0.00028701067702712943 -0.00022299278271320594 -0.0001326293736866294 -0.0011162020225957611 -0.0013510194620055291 1.2796888932221436e-05 9.3705622104856275e-05 -0.00022523425867352137 -0.00039137593837727786 -0.00032612057292143962 -2.8283658259446649e-05 -2.5455782691606767e-05 -3.3917019971303583e-05 -0.00021599887404561696 -0.0001313292527366164 -0.00018148468012201127 -0.00021441015060274729 -0.00017976512313030594 3.4601634269879419e-05 -0.00052716612438964629
leaf_weight=2029 39 29 55 20 20 22 154 21 31 24 804 104 22 48 20 21 21 24 20 20 85 379 21 20 20 224 20 20 96
leaf_count=2029 39 29 55 20 20 22 154 21 31 24 804 104 22 48 20 21 21 24 20 20 85 379 21 20 20 224 20 20 96
internal_value=-0.000472535 9.87492e-05 0.000720169 -0.000277256 0.000339109 0.00282136 -6.03439e-05 0.000932235 0.00271149 -0.00062194 -0.000443206 -7.00863e-06 -0.000151197 0.000371494 0.00143181 0.00312092 0.000713398 -0.000426839 0.000145522 -0.000608154 -0.000464281 -0.000675556 -0.000540938 -0.000706087 7.15238e-10 -0.000637215 -3.57127e-05 -0.000736013 -0.000491374
internal_weight=4433 919 342 577 303 42 261 107 52 3514 1369 525 501 214 110 62 41 557 134 423 105 403 287 844 40 266 42 2145 116
internal_count=4433 919 342 577 303 42 261 107 52 3514 1369 525 501 214 110 62 41 557 134 423 105 403 287 844 40 266 42 2145 116
cat_boundaries=0 1 2
cat_threshold=564 778
is_linear=0
shrinkage=0.03


Tree=81
num_leaves=31
num_cat=0
split_feature=5 9 11 18 9 11 8 3 18 10 10 6 6 8 17 3 18 6 9 5 4 5 16 3 3 5 3 11 6 6
split_gain=0.290879 0.187389 0.509762 0.24497 0.340078 0.168859 0.14799 0.105366 0.0706995 0.135105 0.368755 0.0502807 0.108148 0.0500459 0.187984 0.224129 0.048651 0.145925 0.0452822 0.041999 0.0383377 0.0379507 0.0338698 0.0283082 0.140295 0.028103 0.0124055 0.0429207 0.286145 0.010231
threshold=0.16125760649087226 0.80598103574033564 0.25000000000000017 0.53088235294117658 0.53610503282275734 -0.9330127018922193 0.10707025556729419 0.20572916666666669 0.46323529411764708 -0.24999999999999994 -0.6830127018922193 0.57281105990783432 0.61244239631336417 0.13821614325936291 0.36060320618347969 0.044270833333333336 0.49852941176470594 0.29631336405529957 0.68891320204230511 0.15111561866125764 0.15364583333333334 0.37423935091277893 21.500000000000004 0.12760416666666669 0.13281250000000003 0.17917511832319136 0.039062500000000007 0.6830127018922193 0.22442396313364057 0.3175115207373273
decision_type=2 2 2 2 2 2 2 2 2 2 2 2 2 2 2 2 2 2 2 2 2 2 2 2 2 2 2 2 2 2
left_child=16 3 5 6 -5 -3 25 8 9 10 22 -11 -13 14 18 -16 20 19 -10 -18 26 -14 -8 -15 -25 -2 -1 29 -29 -28
right_child=1 2 -4 4 -6 -7 7 -9 13 11 -12 12 21 23 15 -17 17 -19 -20 -21 -22 -23 -24 24 -26 -27 27 28 -30 -31
leaf_value=-0.0010959324131008799 4.971567362654372e-05 6.0674779691990573e-05 0.0001806598597296281 -0.00019838777633049767 0.00045391259643214331 -2.1495766941030425e-05 -0.00081569553668101632 2.6289861747943615e-05 -0.0001563388814291993 -0.00019633781555303278 0.00063112190209674811 1.9543823602778366e-05 -2.0696073092568625e-05 -5.542880961801648e-05 -0.00068435070540597877 6.92816684409442e-05 -0.00086093055480846467 4.6932804371258312e-05 -0.00018617940556070733 -0.0001072178414114729 -0.0012611272873368417 -6.0303370436463725e-05 -0.00020916661188976043 2.0387229437882958e-05 -4.037432473839142e-05 -0.00020881964186165314 -0.00068114289138800066 0.00025532154628451814 -0.00024857051066977783 -5.3241741775577262e-05
leaf_weight=1770 20 37 29 22 23 84 42 27 192 149 25 22 63 635 26 32 105 20 20 20 24 20 20 23 96 21 630 26 124 86
leaf_count=1770 20 37 29 22 23 84 42 27 192 149 25 22 63 635 26 32 105 20 20 20 24 20 20 23 96 21 630 26 124 86
internal_value=-0.000479302 -0.000160319 0.000849995 -0.000262854 0.00191662 -6.19758e-06 -0.000331297 -0.00038362 -0.000420329 -4.61868e-05 0.000974127 -0.000395667 0.000107143 -0.000544921 -0.000194443 0.00131894 -0.000664438 -0.000129309 -0.000608487 -0.000509995 -0.000693608 -0.000388549 -0.000266124 -0.000670423 -0.000245796 0.00144509 -0.000704475 -0.00061143 -0.000149998 -0.000708099
internal_weight=4433 1628 150 1478 45 121 1433 1392 1365 341 87 254 105 1024 270 58 2805 145 212 125 2660 83 62 754 119 41 2636 866 150 716
internal_count=4433 1628 150 1478 45 121 1433 1392 1365 341 87 254 105 1024 270 58 2805 145 212 125 2660 83 62 754 119 41 2636 866 150 716
is_linear=0
shrinkage=0.03


Tree=82
num_leaves=31
num_cat=2
split_feature=1 16 10 10 12 5 19 9 4 2 5 17 12 8 8 2 8 8 5 4 8 10 19 3 2 6 5 10 16 0
split_gain=0.330309 0.235191 0.58612 0.76672 1.08979 0.258496 0.238908 0.41527 0.417421 0.302429 0.104563 0.0826396 0.210587 0.200529 0.273462 0.0796526 0.295154 0.0586504 0.133327 0.0368987 0.03611 0.0347216 0.0250131 0.0909295 0.118677 0.0375846 0.010221 0.0444572 0.115938 0.00202123
threshold=0.049479166666666671 27.500000000000004 -0.5 -0.6830127018922193 1.0000000180025095e-35 0.32555780933062889 0 0.76549963530269882 0.096354166666666671 0.039062500000000007 0.20993914807302233 0.31142030465492304 -1.0000000180025095e-35 0.23440816817184998 0.16016043406048669 0.14843750000000003 0.18264427710219064 0.10631676495396537 0.14503042596348886 0.13802083333333334 0.15723101739870424 0.68301270189221941 1 0.049479166666666671 0.044270833333333336 0.69631336405529975 0.14638269100743748 0.68301270189221941 29.500000000000004 0.39901254266984126
decision_type=2 2 2 2 2 2 1 2 2 2 2 2 2 2 2 2 2 2 2 2 2 2 1 2 2 2 2 2 2 2
left_child=10 15 3 20 5 -5 7 9 -9 -4 26 12 13 14 -8 22 -17 18 -13 -14 -3 -11 23 24 -2 -25 29 -28 -29 -1
right_child=1 2 6 4 -6 -7 11 8 -10 21 -12 17 19 -15 -16 16 -18 -19 -20 -21 -22 -23 -24 25 -26 -27 27 28 -30 -31
leaf_value=-0.0024717905280825531 -1.1826425091781023e-05 -0.00056282736038551799 5.0722971745325333e-05 -0.000623700569201016 0.00058473569126319042 0.00044466961026356149 -0.0004358892671856966 -3.3231336736415262e-05 0.0001651718673954598 -0.00010350923890174271 9.9836633976604264e-06 -0.0012362030530276801 -0.00015789489266391344 -0.00029708049097480277 7.8543180531100983e-05 2.3200241628682315e-05 -0.00023533167250417407 -2.9681710150910922e-05 4.9798667989830286e-05 5.8732680201158036e-06 1.4394228967306181e-05 7.0632111299769062e-08 -0.00020764050689164043 -1.0723314740289045e-05 2.2184738241696151e-05 2.5509097604809938e-06 -0.00033079622161543153 -0.00022560471043983805 4.7880164950199633e-05 -0.00075519875336834948
leaf_weight=1691 30 52 23 27 29 20 24 28 29 120 36 40 129 24 20 22 57 439 20 23 20 24 530 221 35 24 227 46 23 400
leaf_count=1691 30 52 23 27 29 20 24 28 29 120 36 40 129 24 20 22 57 439 20 23 20 24 530 221 35 24 227 46 23 400
internal_value=-0.000452232 -0.00016791 0.000129927 0.00188512 0.00398679 0.00116487 -0.000145545 0.000692305 0.00293416 -3.14362e-05 -0.000688092 -0.000410493 6.81822e-05 0.00145586 0.00265903 -0.000521489 0.000389236 -0.000629758 0.000249997 -0.000552627 -0.000333328 -0.000541662 -0.000607141 -0.000351561 0.000634606 -0.000627548 -0.000712295 -0.000547295 0.000119564 -0.000735652
internal_weight=4433 2010 1091 148 76 47 943 224 57 167 2423 719 220 68 44 919 79 499 60 152 72 144 840 310 65 245 2387 296 69 2091
internal_count=4433 2010 1091 148 76 47 943 224 57 167 2423 719 220 68 44 919 79 499 60 152 72 144 840 310 65 245 2387 296 69 2091
cat_boundaries=0 1 2
cat_threshold=36 522
is_linear=0
shrinkage=0.03


Tree=83
num_leaves=31
num_cat=1
split_feature=1 1 18 3 3 6 6 2 19 12 9 18 0 18 1 10 3 3 1 6 9 0 0 10 18 0 6 9 3 8
split_gain=0.272524 0.182175 0.0970407 0.141239 0.124933 0.190584 0.600714 0.158717 0.0780953 0.159305 0.111035 0.220962 0.144438 0.121783 0.0581025 0.100181 0.0465455 0.0994209 0.273514 0.0909129 0.210038 0.036569 0.0291654 0.0266083 0.0220284 0.087877 0.0252612 0.0198524 0.0277765 0.0144607
threshold=0.22656250000000003 0.039062500000000007 0.46029411764705885 0.20052083333333334 0.12760416666666669 0.54239631336405547 0.59032258064516141 0.085937500000000014 0 -0.60785761079279388 0.5970094821298324 0.48382352941176471 0.46700898086239068 0.50147058823529422 0.075520833333333343 0.25000000000000011 0.054687500000000007 0.049479166666666671 0.065104166666666671 0.29539170506912449 0.59992706053975209 0.52464050029776299 0.61636054089337511 -0.6830127018922193 0.50441176470588245 0.47781967737816494 0.69631336405529975 0.80598103574033564 0.10156250000000001 0.088210155466507345
decision_type=2 2 2 2 2 2 2 2 1 2 2 2 2 2 2 2 2 2 2 2 2 2 2 2 2 2 2 2 2 2
left_child=1 -1 4 8 5 7 -7 -3 9 10 13 21 -13 23 -9 -16 17 19 -19 -11 -21 -12 -8 -4 26 -26 29 -18 -29 -10
right_child=-2 2 3 -5 -6 6 22 14 24 16 11 12 -14 -15 15 -17 27 18 -20 20 -22 -23 -24 -25 25 -27 -28 28 -30 -31
leaf_value=-0.0010339183018891558 0.00041966447735730238 2.4984521056405738e-05 -0.00040829303574151652 2.2504801089604449e-05 -3.8679066257256924e-05 0.00042962791611668791 -0.00010536761638788555 -0.00052971549452760869 -0.00071126649455812883 -0.00065709997979711038 2.0829829705213775e-05 5.1200955175488527e-05 -0.00011762124923136546 1.0511672167187488e-05 0.00024590590622609025 -1.3718218370329836e-05 -0.00010581949212985251 4.8304707950135686e-05 -2.4374976084245416e-05 -0.00020262545044047542 0.00010549094579981516 8.151412205819697e-05 -3.3975569986524127e-06 -0.00016566101654344375 2.184882914468644e-05 -1.2638386289852449e-05 -3.521000151355634e-06 -3.8478608507530822e-05 2.1567772786847076e-05 -9.3745589214245623e-05
leaf_weight=1968 28 35 29 22 110 23 28 121 64 205 22 20 52 23 22 27 377 20 31 46 27 20 20 98 33 87 35 25 20 795
leaf_count=1968 28 35 29 22 110 23 28 121 64 205 22 20 52 23 22 27 377 20 31 46 27 20 20 98 33 87 35 25 20 795
internal_value=-0.00048607 -0.000504823 -0.000331452 -0.000413578 0.000104923 0.000445651 0.00178519 -1.82919e-05 -0.000439501 -0.000245121 0.000386363 0.0010921 8.33329e-05 -0.000149998 -0.000397056 0.000474481 -0.000470371 -0.000202886 0.00101469 -0.000426257 0.000482871 0.00282136 -0.000124997 -0.000513775 -0.000625487 -0.000249997 -0.000682884 -0.000678908 -8.33308e-05 -0.000715074
internal_weight=4433 4405 2437 2051 386 276 71 205 2029 1015 264 114 72 150 170 49 751 329 51 278 73 42 48 127 1014 120 894 422 45 859
internal_count=4433 4405 2437 2051 386 276 71 205 2029 1015 264 114 72 150 170 49 751 329 51 278 73 42 48 127 1014 120 894 422 45 859
cat_boundaries=0 1
cat_threshold=572
is_linear=0
shrinkage=0.03


Tree=84
num_leaves=31
num_cat=0
split_feature=1 1 16 11 7 1 17 0 7 9 9 12 18 0 13 6 6 17 4 0 17 12 16 17 0 0 0 9 0 0
split_gain=0.272524 0.20287 0.112599 0.258176 0.290074 0.759354 1.14294 0.191387 0.256399 0.126921 0.511878 0.075361 0.296775 0.0507735 0.115457 0.0549652 0.118361 0.0524355 0.13442 0.0376532 0.0339157 0.0290788 0.0772113 0.0164394 0.0314803 0.0122263 0.0361185 0.0411436 0.00279609 0.0421427
threshold=0.22656250000000003 0.044270833333333336 28.500000000000004 -0.24999999999999994 0.10036056523027932 0.11718750000000001 0.37141519870649314 0.47781967737816494 0.071197677084720135 0.49781181619256026 0.51677607585703877 -0.60785761079279388 0.47794117647058826 0.59102031964221136 0.81174490092936691 0.68801843317972355 0.71013824884792642 0.36282018551612638 0.059895833333333336 0.62715923987447197 0.2941818597976989 -0.8783796973249266 18.500000000000004 0.25582268860463825 0.51769651683048701 0.44457804280797869 0.44836881218107716 0.73668854850474119 0.39901254266984126 0.40173184401392875
decision_type=2 2 2 2 2 2 2 2 2 2 2 2 2 2 2 2 2 2 2 2 2 2 2 2 2 2 2 2 2 2
left_child=1 25 13 11 7 6 -6 8 9 -5 -11 12 -4 17 15 -15 -17 21 -19 -7 -9 22 -3 24 -13 28 -27 -28 -1 -30
right_child=-2 2 3 4 5 19 -8 20 -10 10 -12 23 -14 14 -16 16 -18 18 -20 -21 -22 -23 -24 -25 -26 26 27 -29 29 -31
leaf_value=-0.0024245992495091104 0.0004070745430365832 -0.00025686928715753994 7.9605355465521026e-05 -0.00015975090287153414 0.00033288303082122867 -5.7183557952469432e-06 8.1808730494953088e-05 1.1693612688050291e-05 2.8281173544395891e-05 7.5824424864785427e-05 -0.00032253251407277572 -0.00022186887152851563 -0.00011698814804666846 -1.9294326273231264e-05 1.2929728066382061e-05 1.1814504710914354e-05 -0.00013214310396948391 -0.00022335001854984239 6.4901824550849535e-05 3.835858868817287e-05 -2.5290297974080123e-05 -0.00031989289682691639 1.456158302151425e-05 -9.2412787947359116e-05 -9.0820928093955517e-05 -0.00022884581761738608 -0.0002484567596503309 -0.00018476293699205753 -0.00066725174079828524 -0.00087954931766920385
leaf_weight=1641 28 82 39 66 30 61 33 26 30 21 43 34 102 101 22 20 29 41 20 20 194 712 36 427 20 21 210 22 22 280
leaf_count=1641 28 82 39 66 30 61 33 26 30 21 43 34 102 101 22 20 29 41 20 20 194 712 36 427 20 21 210 22 22 280
internal_value=-0.00048607 -0.000504823 -0.000301833 -9.55489e-05 0.000395038 0.00154166 0.00401184 -3.94729e-05 0.000749996 0.000173076 0.00112498 -0.000508841 0.000101064 -0.000524223 -5.23246e-05 -0.000349997 0.000474481 -0.000615318 0.000233603 -0.000379624 -0.000613633 -0.000677709 -0.000241523 -0.000687628 -0.00019444 -0.000709015 -0.000512843 -0.000620686 -0.000734559 -0.000650659
internal_weight=4433 4405 2209 1146 524 144 63 380 160 130 64 622 141 1063 172 150 49 891 61 81 220 830 118 481 54 2196 253 232 1943 302
internal_count=4433 4405 2209 1146 524 144 63 380 160 130 64 622 141 1063 172 150 49 891 61 81 220 830 118 481 54 2196 253 232 1943 302
is_linear=0
shrinkage=0.03


Tree=85
num_leaves=31
num_cat=1
split_feature=1 6 12 20 5 8 16 9 19 9 20 16 16 8 12 6 16 11 7 7 7 6 6 9 9 1 8 6 20 1
split_gain=0.539607 0.407978 0.487584 0.240394 0.280129 0.418946 0.158798 0.128003 0.192168 0.247437 0.184145 0.220642 0.749647 0.569116 0.0912484 0.090879 0.201026 0.556606 0.836183 0.0488226 0.162158 0.0421003 0.0413346 0.0326331 0.028115 0.0141318 0.0640492 0.118361 0.0202209 0.0272715
threshold=0.15364583333333334 0.68801843317972355 1.0000000180025095e-35 0.46376833820953017 0.16328600405679514 0.10962305582349027 19.500000000000004 0.53610503282275734 0 0.80598103574033564 0.47964949943148871 12.500000000000002 7.5000000000000009 0.18051107774196509 0.87837969732492682 0.3000000000000001 29.500000000000004 0.25000000000000017 0.05781654739842261 0.077341895504554822 0.068200183856979943 0.26197362148418885 0.25852534562211987 0.72611232676878201 0.94493070751276453 0.049479166666666671 0.088210155466507345 0.1654377880184332 0.3696574416718979 0.059895833333333336
decision_type=2 2 2 2 2 2 2 2 1 2 2 2 2 2 2 2 2 2 2 2 2 2 2 2 2 2 2 2 2 2
left_child=3 14 -3 15 5 -5 -7 21 9 10 -9 12 -12 -14 23 25 -17 -18 -19 20 -13 -6 -10 -2 -24 -1 27 -27 29 -28
right_child=1 2 -4 4 7 6 -8 8 22 -11 11 19 13 -15 -16 16 17 18 -20 -21 -22 -23 24 -25 -26 26 28 -29 -30 -31
leaf_value=-0.0012287164540844603 -7.0732634512705141e-05 0.00039923669846986823 3.04574087152367e-05 4.7079386747281479e-05 -8.8406699924775006e-05 2.6733462074847914e-05 -0.00026896011804400963 7.8322741090361699e-05 -0.00034698237073075525 0.00014885811106085542 -0.00011958268673393337 -5.8753221801363569e-05 4.2517876598282433e-05 -5.317247028793928e-05 4.6198442924760149e-05 -0.00049897303619930288 -0.00022528489348833119 -0.0002210136571530456 9.3294465409027213e-05 -3.0972072593312493e-05 2.3078007212124257e-05 -5.4051066307069218e-05 -0.00016880423733194231 -2.7735413318307271e-05 7.367490565381223e-06 -0.0027532823091917513 -0.0019086077924204132 5.2153355441812559e-05 -0.00057080674679991031 -0.0009859199834497635
leaf_weight=2033 56 25 35 20 20 33 46 27 20 33 69 74 21 20 24 187 71 20 21 168 37 596 287 22 32 29 24 20 355 20
leaf_count=2033 56 25 35 20 20 33 46 27 20 33 69 74 21 20 24 187 71 20 21 168 37 596 287 22 32 29 24 20 355 20
internal_value=-0.000412541 0.00128703 0.00324995 -0.000476826 -0.000171157 0.0013712 0.000389236 -0.000279914 -2.6649e-05 0.000377451 0.0001875 2.12089e-05 0.00115908 0.00437185 0.000132352 -0.000642085 -0.000147992 0.000857136 0.00364016 -0.000427417 6.0811e-05 -0.000603894 -0.000556588 -0.000365379 -0.000655953 -0.000701631 -0.000549105 0.000474481 -0.00067481 -6.81796e-05
internal_weight=4445 162 60 4283 1503 99 79 1404 788 449 416 389 110 41 102 2780 299 112 41 279 111 616 339 78 319 2481 448 49 399 44
internal_count=4445 162 60 4283 1503 99 79 1404 788 449 416 389 110 41 102 2780 299 112 41 279 111 616 339 78 319 2481 448 49 399 44
cat_boundaries=0 1
cat_threshold=570
is_linear=0
shrinkage=0.03


Tree=86
num_leaves=31
num_cat=1
split_feature=0 9 3 0 0 19 7 0 0 8 0 17 7 12 7 13 7 7 7 1 11 9 3 12 9 1 18 7 0 0
split_gain=0.537624 0.340159 0.263958 0.222197 0.20577 0.14986 0.10848 0.22894 0.543002 1.07605 0.283023 0.446409 0.1098 0.0800331 0.313621 0.065655 0.0495356 0.324297 0.0573716 0.124522 0.0435888 0.0433503 0.116171 0.0415241 0.330482 0.0410704 0.0245157 0.0188683 0.0287222 0.0122753
threshold=0.62715923987447197 0.89824945295404834 0.065104166666666671 0.4145153769509492 0.41625612619461377 0 0.077341895504554822 0.46038902396614806 0.47680365491675797 0.12421201642130983 0.55485698752022106 0.31329248574589402 0.071197677084720135 0.87837969732492682 0.1136185938746033 1.0000000180025095e-35 0.10585281245293768 0.10937795756218473 0.11872966494569266 0.096354166666666671 0.6830127018922193 0.65134938001458809 0.049479166666666671 -0.8783796973249266 0.76549963530269882 0.054687500000000007 0.5102941176470589 0.088419907194990141 0.38102995081185809 0.39309753285064181
decision_type=2 2 2 2 2 1 2 2 2 2 2 2 2 2 2 2 2 2 2 2 2 2 2 2 2 2 2 2 2 2
left_child=3 2 -2 27 -5 6 7 12 9 -9 20 -12 -6 21 -15 -4 23 -18 19 -19 -10 -8 -23 24 -7 -24 -25 29 -29 -1
right_child=1 -3 15 4 5 16 13 8 10 -11 11 -13 -14 14 -16 -17 17 18 -20 -21 -22 22 25 26 -26 -27 -28 28 -30 -31
leaf_value=-0.0021806208005049153 0.00031010004480557332 0.00015523788254205451 -0.00013176491141637535 4.5315229960769376e-05 -0.00048979144954397859 -0.00019500784800445458 -2.4364223368887208e-05 3.7508347724041923e-05 -0.00028190308399284302 -0.00023003879916719692 2.5761441223937326e-05 -8.9495265539783124e-05 4.3913088654603696e-05 -0.00034195905232116625 0.00013565439816364582 4.6017867621174317e-05 6.0650606374954199e-05 -0.00053556952072708673 -8.1906188260210262e-05 1.5379471423042591e-05 -0.0003645644078468057 0.00010836351279301955 -0.00013661737914952144 -0.00017034470973270342 3.5735901942883562e-05 -3.0071320076556179e-05 -2.6253728106300448e-06 -0.00080484431572691443 -0.0010292822972626816 -0.00080269178111098017
leaf_weight=1710 20 30 52 31 177 125 251 36 136 33 28 28 31 46 20 36 22 33 168 20 20 23 20 871 23 92 36 20 27 280
leaf_count=1710 20 30 52 31 177 125 251 36 136 33 28 28 31 46 20 36 22 33 168 20 20 23 20 871 23 92 36 20 27 280
internal_value=-0.000419291 0.0014239 0.000638884 -0.000478348 -0.000274228 -0.000307837 -1.65608e-05 0.000292945 0.000851421 0.003163 9.90569e-05 0.00192854 -0.000461536 -0.000351768 0.000613628 -6.81803e-05 -0.000514907 -0.000132715 -0.000478504 0.000382069 -0.000557688 -0.000516837 -8.3332e-05 -0.000607819 -0.00014189 -0.000482138 -0.000683846 -0.000705816 -0.000111699 -0.000719848
internal_weight=4445 138 108 4307 2270 2239 941 489 281 69 212 56 208 452 66 88 1298 243 221 53 156 386 135 1055 148 112 907 2037 47 1990
internal_count=4445 138 108 4307 2270 2239 941 489 281 69 212 56 208 452 66 88 1298 243 221 53 156 386 135 1055 148 112 907 2037 47 1990
cat_boundaries=0 1
cat_threshold=538
is_linear=0
shrinkage=0.03


Tree=87
num_leaves=31
num_cat=1
split_feature=9 17 0 19 0 0 7 6 16 3 7 3 7 7 1 18 16 6 11 18 18 9 9 0 7 7 0 18 0 12
split_gain=0.613117 0.266034 0.221848 0.15789 0.224481 0.439951 0.670723 0.17889 0.390786 0.10261 0.0693447 0.224725 0.36066 0.465942 0.104756 0.0696918 0.325109 0.0550868 0.159127 0.0465461 0.129807 0.0896734 0.0424639 0.0249988 0.0234992 0.0202467 0.0272715 0.0173638 0.0282596 0.0171427
threshold=0.97957695113056176 0.59399200068079316 0.41096985593637786 0 0.47964949943148871 0.46038902396614806 0.063698403100188067 0.3000000000000001 29.500000000000004 0.20572916666666669 0.090266055694361871 0.054687500000000007 0.11470218836877218 0.10585281245293768 0.065104166666666671 0.4485294117647059 10.500000000000002 0.60875576036866375 1.0000000180025095e-35 0.48088235294117648 0.47794117647058826 0.70386579139314387 0.94493070751276453 0.4707858179801318 0.030929648754824384 0.088419907194990141 0.38102995081185809 0.5102941176470589 0.49999963836843703 0.87837969732492682
decision_type=2 2 2 1 2 2 2 2 2 2 2 2 2 2 2 2 2 2 2 2 2 2 2 2 2 2 2 2 2 2
left_child=1 2 25 4 5 7 -7 -4 -9 10 17 12 13 14 -12 16 -13 22 -19 20 21 -6 24 -8 -5 -1 -27 -26 -29 -17
right_child=-2 -3 3 9 19 6 23 8 -10 -11 11 15 -14 -15 -16 29 -18 18 -20 -21 -22 -23 -24 -25 27 26 -28 28 -30 -31
leaf_value=-0.0017299260083035069 0.00015012674158613161 0.00037892986343527767 -0.00059018269305108296 -9.475645723205842e-05 -0.00030144501053742771 2.5698007858747189e-05 -0.00065054846562785347 -0.00065538964793461648 7.2052687376495181e-05 1.5757088983953152e-05 -0.00041101022857397459 1.8000813790386705e-05 -0.00042228619484239679 0.00011094121367694945 9.7501314838956813e-05 -2.9225997357966027e-05 -1.4929594879755816e-05 2.0759491941720401e-05 -0.00010477874556749303 -7.5133147164872113e-05 4.1013309218738263e-05 2.679377423847229e-05 -3.4272855208421732e-05 8.3349407445466761e-05 -0.00022484582284974512 -0.00078069898625510691 -0.0012530436987311111 -0.0001344850038261914 -0.0001635933166999696 -3.2363231475157999e-06
leaf_weight=1935 35 28 107 34 109 38 20 34 24 28 22 21 57 22 20 300 66 37 70 147 20 34 20 20 1057 20 24 20 26 50
leaf_count=1935 35 28 107 34 109 38 20 34 24 28 22 21 57 22 20 300 66 37 70 147 20 34 20 20 1057 20 24 20 26 50
internal_value=-0.000419291 -0.000450679 -0.000469305 -0.000275592 0.000169183 0.000854935 0.0027115 -2.27264e-05 0.00131894 -0.000407257 -0.000437156 -0.000158601 0.00098553 0.00253121 0.000678556 -0.000475399 0.00028448 -0.000560125 9.11214e-05 -0.000362901 -1.38029e-05 -0.000330417 -0.000620353 7.15238e-10 -0.000644458 -0.000704521 -6.81796e-05 -0.000668403 -9.78232e-05 -0.000664283
internal_weight=4445 4410 4382 2403 553 243 78 165 58 1850 1822 558 121 64 42 437 87 1264 107 310 163 143 1157 40 1137 1979 44 1103 46 350
internal_count=4445 4410 4382 2403 553 243 78 165 58 1850 1822 558 121 64 42 437 87 1264 107 310 163 143 1157 40 1137 1979 44 1103 46 350
cat_boundaries=0 1
cat_threshold=520
is_linear=0
shrinkage=0.03


Tree=88
num_leaves=31
num_cat=1
split_feature=7 9 5 7 7 13 4 19 0 8 8 0 5 7 0 5 11 10 0 8 2 2 8 0 1 11 9 8 7 8
split_gain=0.446855 0.377287 0.292022 0.145787 0.340014 0.265772 0.136682 0.105903 0.261507 0.562204 0.265117 0.135876 0.0897088 0.089148 0.0538519 0.0668772 0.0679661 0.292307 0.358579 0.0943332 0.0468469 0.110333 0.149866 0.121374 0.0460825 0.064921 0.160343 0.196312 0.0428562 0.0388414
threshold=0.38780974986680611 0.97957695113056176 0.14503042596348886 0.11872966494569266 0.11227999405523552 -0.56174490092936669 0.059895833333333336 0 0.47964949943148871 0.12535289271839811 0.11870210046869774 0.44050775762703082 0.38235294117647062 0.076340200555275337 0.4707858179801318 0.16531440162271807 0.6830127018922193 -0.24999999999999994 0.51931752276443832 0.27719287970000966 0.065104166666666671 0.096354166666666671 0.13549404229770393 0.54247262211610925 0.044270833333333336 0.25000000000000017 0.49781181619256026 0.11649458497201322 0.10150446750004584 0.075223422284331695
decision_type=2 2 2 2 2 2 2 1 2 2 2 2 2 2 2 2 2 2 2 2 2 2 2 2 2 2 2 2 2 2
left_child=1 2 24 4 7 -6 -7 8 9 10 -4 -9 14 -11 -13 -16 19 18 -18 -17 -10 22 -22 -24 -1 29 -27 -28 -19 -26
right_child=-2 -3 3 -5 5 6 -8 11 20 13 -12 12 -14 -15 15 16 17 28 -20 -21 21 -23 23 -25 25 26 27 -29 -30 -31
leaf_value=-0.0013427269231488608 0.00036504182927063657 0.00014562293933854863 1.4562007238031122e-05 -4.1093537385569503e-05 -8.375312383987791e-05 0.00012988355815651923 9.0711114429946251e-06 5.2113186292128039e-05 -0.00031541247415470199 -0.00047613881972135137 2.7895212301368861e-05 -0.00021581867663147169 3.8430924738798268e-05 0.00012954394864177476 4.3093735973796144e-05 -6.14301938670374e-05 -9.7502348518992396e-06 -0.00028656170990317732 2.1292031855754754e-05 2.0945482711001735e-05 -0.00051230566831999376 -0.00017848502251551184 6.4353062409842307e-05 -2.8312762229999061e-06 -0.00086981938013424827 -0.00054725671982652356 -0.00051924960270355531 6.3655268017313922e-05 -0.00012236529081928368 -0.00064033646972042665
leaf_weight=1913 30 35 22 325 20 20 23 21 103 53 20 259 29 29 33 592 33 120 20 32 29 71 20 23 24 139 37 20 20 330
leaf_count=1913 30 35 22 325 20 20 23 21 103 53 20 259 29 29 33 592 33 120 20 32 29 71 20 23 24 139 37 20 20 330
internal_value=-0.000399043 -0.000423838 -0.000448629 -0.000170969 -5.27631e-05 0.00210711 0.00343597 -0.000141759 0.000296053 0.00142741 0.0042499 -0.00028165 -0.000328206 -1.82917e-05 -0.000371279 -0.000255881 -0.000309362 0.000182642 0.00208015 -0.000461537 -0.000262193 8.91609e-05 0.000916655 0.00204065 -0.000664737 -0.000422726 1.53068e-05 0.00135524 -0.00053571 -0.000665252
internal_weight=4445 4415 4380 1917 1592 63 43 1529 370 124 42 1159 1138 82 1109 850 817 193 53 624 246 143 72 43 2463 550 196 57 140 354
internal_count=4445 4415 4380 1917 1592 63 43 1529 370 124 42 1159 1138 82 1109 850 817 193 53 624 246 143 72 43 2463 550 196 57 140 354
cat_boundaries=0 1
cat_threshold=520
is_linear=0
shrinkage=0.03


Tree=89
num_leaves=31
num_cat=1
split_feature=5 9 5 0 19 7 1 13 9 4 4 11 5 7 7 2 1 11 7 7 0 18 11 1 11 9 17 0 6 1
split_gain=0.437342 0.430121 0.335956 0.13025 0.123997 0.295209 0.321327 0.303128 0.135406 0.114129 0.355667 0.100295 0.073845 0.122607 0.544231 0.128933 0.062559 0.112142 0.0926107 0.126946 0.197464 0.0518711 0.104943 0.0461448 0.064921 0.160343 0.311877 0.0458325 0.0417081 0.0447637
threshold=0.14503042596348886 0.97957695113056176 0.56085192697768771 0.43842350831776183 0 0.063698403100188067 0.059895833333333336 1.0000000180025095e-35 0.65134938001458809 0.091145833333333343 0.059895833333333336 0.25000000000000017 0.1957403651115619 0.11872966494569266 0.11470218836877218 0.044270833333333336 0.12239583333333334 -0.9330127018922193 0.068441601191932266 0.05468897878109228 0.55485698752022106 0.45441176470588235 1.0000000180025095e-35 0.044270833333333336 0.25000000000000017 0.49781181619256026 0.30903752872095996 0.45421979383876848 0.53963133640553018 0.10677083333333334
decision_type=2 2 2 2 1 2 2 2 2 2 2 2 2 2 2 2 2 2 2 2 2 2 2 2 2 2 2 2 2 2
left_child=23 2 3 -2 5 6 7 -5 27 10 -10 -8 28 14 15 -14 17 -17 19 -19 -21 22 -20 -1 -25 -26 -27 -7 29 -6
right_child=1 -3 -4 4 12 8 11 -9 9 -11 -12 -13 13 -15 -16 16 -18 18 21 20 -22 -23 -24 24 25 26 -28 -29 -30 -31
leaf_value=-0.0013058872501166782 4.5456082702709508e-05 0.00014198065832585338 0.00036669126570043631 2.540938666655729e-05 -0.00025799070364528498 -0.00018088017433113654 -0.0004518488982547138 -1.1223738849497418e-05 -6.7962063845725135e-06 -0.00024222055063582613 8.4070561787948097e-05 1.5411537096166077e-05 6.3767216217655923e-06 -3.4522599190452713e-05 5.6633849451331349e-05 7.2791516339403906e-05 -1.8638855882893319e-05 -6.3605521544824972e-05 8.3079543797879284e-06 -0.00031092060561068813 3.7356308747286255e-05 -4.9172306100058254e-05 -8.7107845095301072e-06 -0.00059916742831394286 -0.00053083901823172848 0.00011440210992248718 -0.00067297603992187412 -0.00024967590733141111 -1.3104024039622076e-05 -0.00038639843970273471
leaf_weight=1921 39 27 20 30 546 20 42 22 61 42 35 25 39 224 22 21 149 43 23 42 31 176 35 354 139 27 30 220 20 20
leaf_count=1921 39 27 20 30 546 20 42 22 61 42 35 25 39 224 22 21 149 43 23 42 31 176 35 354 139 27 30 220 20 20
internal_value=-0.000399043 -6.61087e-05 -0.000118258 -0.000158406 -0.000193855 0.000211539 0.0015189 0.0032884 -0.000194443 0.000554345 0.00112499 0.000145521 -0.000337793 -0.000153726 7.61624e-05 -0.000105992 -0.000230768 -2.22364e-05 -0.000149999 0.000543099 0.00130478 -0.000493587 0.000284479 -0.000665013 -0.000422726 1.53068e-05 0.00135524 -0.000624997 -0.000596415 -0.000643991
internal_weight=4445 1974 1947 1927 1888 497 119 52 378 138 96 67 1391 805 581 559 520 371 350 116 73 234 58 2471 550 196 57 240 586 566
internal_count=4445 1974 1947 1927 1888 497 119 52 378 138 96 67 1391 805 581 559 520 371 350 116 73 234 58 2471 550 196 57 240 586 566
cat_boundaries=0 1
cat_threshold=536
is_linear=0
shrinkage=0.03


Tree=90
num_leaves=31
num_cat=0
split_feature=9 5 11 10 16 17 2 0 14 18 7 18 9 18 6 2 2 4 16 7 4 0 0 5 5 11 0 18 0 6
split_gain=0.392358 0.302325 0.140865 0.495955 0.587066 0.395935 0.302526 0.122494 0.0977786 0.190373 0.242044 0.176388 0.149387 0.149519 0.0897192 0.197657 0.259247 0.0666659 0.111105 0.0438017 0.0410655 0.0374989 0.0255756 0.0233263 0.0537979 0.149685 0.0231511 0.0203672 0.0249988 0.011799
threshold=0.97957695113056176 0.14503042596348886 0.6830127018922193 -0.24999999999999994 29.500000000000004 0.36282018551612638 0.033854166666666671 0.46896267166687183 1.0000000180025095e-35 0.48382352941176471 0.049960674197568812 0.48088235294117648 0.71298322392414315 0.4485294117647059 0.58571428571428585 0.10156250000000001 0.085937500000000014 0.091145833333333343 27.500000000000004 0.036021049769851064 0.14843750000000003 0.63245318005513651 0.44566508779923081 0.10598377281947263 0.11257606490872211 0.25000000000000017 0.60785668035134688 0.50147058823529422 0.41625612619461377 0.26853646909264267
decision_type=2 2 2 2 2 2 2 2 2 2 2 2 2 2 2 2 2 2 2 2 2 2 2 2 2 2 2 2 2 2
left_child=1 20 8 4 7 -6 -5 -4 14 10 -10 12 13 -12 19 16 -16 18 -17 -3 23 -9 -21 -1 25 -25 -8 -26 -29 -24
right_child=-2 2 3 6 5 -7 26 21 9 -11 11 -13 -14 -15 15 17 -18 -19 -20 22 -22 -23 29 24 27 -27 -28 28 -30 -31
leaf_value=-0.002037725524526014 0.00013708563230455117 -0.00014991748004327706 1.7290146601875173e-05 8.5674148431017687e-05 0.00022413624412145463 0.0002400181601086292 -8.4376373434188838e-05 -0.00018884831835482067 3.1910116285057719e-05 -7.5735535901800955e-05 8.2673162766302457e-06 0.00010749053472898219 7.2255049427299363e-05 -0.00013062797387741542 -5.0026609827733848e-05 1.053608941024639e-05 2.4412485304240305e-05 -3.2591705012201308e-05 -9.5319386713116865e-06 -0.00040440167266194847 -0.00093439047926241697 3.1209829177096701e-06 -0.00048325395185448494 -0.00095460848414552588 -0.00052123986195943693 0.00019462579079011235 -6.8671424722646552e-07 -0.0015913975690148821 -8.7771775115007901e-05 -0.00015047023179715348
leaf_weight=1689 34 20 20 26 36 30 278 60 20 157 23 27 36 141 21 20 27 135 25 34 22 20 76 72 593 39 38 20 20 660
leaf_count=1689 34 20 20 26 36 30 278 60 20 157 23 27 36 141 21 20 27 135 25 34 22 20 76 72 593 39 38 20 20 660
internal_value=-0.000430922 -0.000455814 -0.00017487 0.000253937 0.00159939 0.0037954 -0.000399121 0.000149999 -0.000328058 6.68322e-05 0.000586031 0.000307268 7.15252e-10 -0.000384143 -0.000484773 3.94742e-05 0.00174996 -0.000416664 0.000583321 -0.000636074 -0.000676679 -0.000374995 -0.000672076 -0.000688347 -0.000548386 6.0811e-05 -0.000655061 -0.000655212 7.15238e-10 -0.000709237
internal_weight=4419 4385 1930 508 166 66 342 100 1422 404 247 227 200 164 1018 228 48 180 45 790 2455 80 770 2433 744 111 316 633 40 736
internal_count=4419 4385 1930 508 166 66 342 100 1422 404 247 227 200 164 1018 228 48 180 45 790 2455 80 770 2433 744 111 316 633 40 736
is_linear=0
shrinkage=0.03


Tree=91
num_leaves=31
num_cat=1
split_feature=0 9 19 0 7 7 13 9 4 2 3 6 7 11 10 6 2 3 9 9 10 4 0 1 1 9 6 12 2 11
split_gain=0.464663 0.442578 0.196614 0.221666 0.435747 0.197977 0.659719 0.140694 0.108245 0.0947355 0.227126 0.386888 0.0851936 0.196236 0.615368 0.0507956 0.0850302 0.0373013 0.0336793 0.0952341 0.0910237 0.101444 0.243802 0.0461678 0.0327574 0.0303909 0.0297876 0.0261836 0.087714 0.292194
threshold=0.46038902396614806 0.97957695113056176 0 0.47151883933976957 0.058478410056899105 0.15643284819623146 -0.56174490092936669 0.80598103574033564 0.023437500000000003 0.049479166666666671 0.054687500000000007 0.3147465437788019 0.071197677084720135 0.25000000000000017 0.25000000000000011 0.25728587319243612 0.044270833333333336 0.19010416666666669 0.5948212983223925 0.4584245076586434 0.25000000000000011 0.10156250000000001 0.58542297693482837 0.054687500000000007 0.16927083333333334 0.59117432530999292 0.32488479262672815 -0.60785761079279388 0.070312500000000014 -0.24999999999999994
decision_type=2 2 1 2 2 2 2 2 2 2 2 2 2 2 2 2 2 2 2 2 2 2 2 2 2 2 2 2 2 2
left_child=12 2 3 4 -2 7 -7 8 -5 10 11 -10 -1 -14 -15 16 -4 27 19 26 -21 22 -22 -20 -8 -6 -11 28 -17 -30
right_child=1 -3 15 5 25 6 24 -9 9 18 -12 -13 13 14 -16 17 -18 -19 23 20 21 -23 -24 -25 -26 -27 -28 -29 29 -31
leaf_value=-0.00077378197888569361 2.9081576085825485e-05 0.00013369947050287544 6.2935768077898341e-05 4.2561783937701769e-05 -0.00019697731874128381 0.00029422755824052758 -2.8187470091746799e-05 5.4876427664429546e-05 -0.00034389452007336211 -0.00028478320891667957 -0.00029286298515745623 9.8667429359130927e-05 -0.00065973419522085178 -0.00065412036937196065 0.00011183045653697594 -0.00016362093967562841 -0.00039343545333547298 -3.2107689374215416e-05 -0.00010386017579733241 0.00039150008204044239 -0.00029662263253957711 -6.5755206232257301e-05 2.4890693567898758e-05 -4.3359931553584389e-05 9.8054583148436515e-05 -0.00025874148097030638 -0.00023977403536260678 -0.00015569943058953983 4.2826021012584359e-05 -4.7182908169561409e-06
leaf_weight=2372 37 26 24 23 31 23 38 36 26 29 58 30 206 78 39 119 25 20 20 20 40 68 35 241 20 20 184 465 21 45
leaf_count=2372 37 26 24 23 31 23 38 36 26 29 58 30 206 78 39 119 25 20 20 20 40 68 35 241 20 20 184 465 21 45
internal_value=-0.000403767 -1.91408e-05 -7.86211e-05 0.000197928 0.00163635 5.80815e-05 0.0014722 -8.33325e-05 -0.000168604 -0.000230691 0.000565785 0.00192854 -0.000649814 -0.000192723 0.000788456 -0.000451645 0.000474481 -0.000526118 -0.000373233 -0.000191488 0.000354293 8.91609e-05 0.000849989 -0.000635054 -0.000232754 -0.000161761 -0.000609151 -0.000565383 -0.000263511 0.000613628
internal_weight=4419 1724 1698 979 88 891 81 810 774 751 114 56 2695 323 117 719 49 670 637 376 163 143 75 261 58 51 213 650 185 66
internal_count=4419 1724 1698 979 88 891 81 810 774 751 114 56 2695 323 117 719 49 670 637 376 163 143 75 261 58 51 213 650 185 66
cat_boundaries=0 1
cat_threshold=570
is_linear=0
shrinkage=0.03


Tree=92
num_leaves=31
num_cat=1
split_feature=20 20 18 12 5 11 6 19 4 7 11 10 6 6 7 7 11 7 7 6 1 11 2 1 11 6 17 7 5 1
split_gain=0.464663 0.242868 0.301439 0.4201 0.26091 0.379802 0.554644 0.0867704 0.120311 0.0851936 0.196236 0.615368 0.0809964 0.284035 0.283354 0.299723 0.0877941 0.0601875 0.164848 0.183102 0.109225 0.0572329 0.151124 0.0404249 0.0371784 0.0364282 0.0348473 0.0164436 0.0753076 0.0999944
threshold=0.46038902396614806 0.62715923987447197 0.48676470588235299 1.0000000180025095e-35 0.16328600405679514 1.0000000180025095e-35 0.30368663594470052 0 0.023437500000000003 0.071197677084720135 0.25000000000000017 0.25000000000000011 0.34792626728110604 0.32304147465437794 0.076340200555275337 0.061948112052887368 0.6830127018922193 0.086724821097632201 0.092848179558897223 0.55714285714285727 0.044270833333333336 0.6830127018922193 0.11718750000000001 0.15885416666666669 -0.5 0.69631336405529975 0.34766520237455956 0.067062079439188252 0.22616632860040572 0.10156250000000001
decision_type=2 2 2 2 2 2 2 1 2 2 2 2 2 2 2 2 2 2 2 2 2 2 2 2 2 2 2 2 2 2
left_child=9 4 26 -4 5 24 -7 23 -9 -1 -11 -12 13 16 15 -15 -10 25 19 -19 -20 -22 -23 27 -2 -14 -3 28 -6 -30
right_child=1 2 3 -5 7 6 -8 8 12 10 11 -13 17 14 -16 -17 -18 18 20 -21 21 22 -24 -25 -26 -27 -28 -29 29 -31
leaf_value=-0.00075056851951912354 -0.00027907495271229618 6.47439971882339e-06 0.0001382200133233206 -2.3644413004326094e-05 -0.00038447919561213079 6.1119332599946711e-05 -7.1403330663551682e-05 1.7346894631240803e-05 -0.00052846553815302517 -0.00063994216936422588 -0.00063449675829080191 0.0001084755428408673 -0.00011706807842940776 -7.2246320660065584e-05 -0.0003583284960455352 8.8499092517423106e-05 2.2946943972829642e-05 -0.00013495047097061163 3.1862026922653933e-05 2.3713256136406347e-05 -9.0424677430735985e-06 -4.9269186137140497e-05 0.00049662764462497485 -8.4242959293340277e-05 -8.0162910761398572e-05 -7.8304907483061991e-05 -5.8590244804983115e-05 -0.00015357512599070754 2.7594912369042669e-05 -0.00011536300363698378
leaf_weight=2372 58 20 39 35 122 34 36 39 116 206 78 39 255 20 22 23 35 34 26 20 211 67 38 20 20 25 46 323 20 20
leaf_count=2372 58 20 39 35 122 34 36 39 116 206 78 39 255 20 22 23 35 34 26 20 211 67 38 20 20 25 46 323 20 20
internal_value=-0.000403767 -1.91408e-05 0.00117856 0.00249321 -0.000124999 0.00107432 0.00267853 -0.000248606 -7.25284e-05 -0.000649814 -0.000192723 0.000788456 -0.000144618 0.00036111 0.0020192 0.00343597 -0.000352646 -0.000306212 -6.81809e-05 0.0014722 -0.000311402 -0.000465188 0.000107143 -0.000560678 -0.000365379 -0.000642854 -0.000295449 -0.000626287 -0.000379627 0.000749982
internal_weight=4419 1724 140 74 1584 148 70 1436 931 2695 323 117 892 216 65 43 151 676 396 54 342 316 105 505 78 280 66 485 162 40
internal_count=4419 1724 140 74 1584 148 70 1436 931 2695 323 117 892 216 65 43 151 676 396 54 342 316 105 505 78 280 66 485 162 40
cat_boundaries=0 1
cat_threshold=449
is_linear=0
shrinkage=0.03


Tree=93
num_leaves=31
num_cat=1
split_feature=0 9 19 3 3 9 9 0 5 7 9 9 9 12 18 16 13 1 1 9 18 4 0 7 6 18 17 0 5 1
split_gain=0.459934 0.451138 0.164952 0.169024 0.566927 0.152594 0.196036 0.169964 0.144416 0.144862 0.255039 0.463631 0.114491 0.0979105 0.0918361 0.175127 0.133033 0.0811155 0.263321 0.0780557 0.152723 0.0612835 0.118361 0.054168 0.147201 0.240683 0.0449486 0.0373407 0.0311023 0.13362
threshold=0.44170845893109173 0.97957695113056176 0 0.13281250000000003 0.12760416666666669 0.30233406272793589 0.30415754923413574 0.44761952423483969 0.41683569979716023 0.057339111088546425 0.52224653537563837 0.4584245076586434 0.65134938001458809 -0.60785761079279388 0.46029411764705885 9.5000000000000018 -0.22252093395631442 0.059895833333333336 0.054687500000000007 0.72611232676878201 0.47500000000000003 0.14322916666666669 0.59889677441000055 0.071197677084720135 0.3000000000000001 0.46911764705882358 0.38275891413496732 0.49630345877563281 0.31947261663286008 0.096354166666666671
decision_type=2 2 1 2 2 2 2 2 2 2 2 2 2 2 2 2 2 2 2 2 2 2 2 2 2 2 2 2 2 2
left_child=23 2 19 4 5 26 -7 12 9 10 11 -9 -8 -12 15 -11 -17 18 27 28 -21 -19 -23 -1 -25 -26 -4 -16 -2 -30
right_child=1 -3 3 -5 -6 6 7 8 -10 14 13 -13 -14 -15 17 16 -18 21 -20 20 -22 22 -24 24 25 -27 -28 -29 29 -31
leaf_value=-0.0010471995666405662 -0.00021283281604338026 0.00012736286367863607 -0.00011623655275917466 -5.0714536147310931e-05 6.1881666259755929e-05 9.8194661045132525e-06 0.00011386955535168634 1.1574214438582423e-05 0.00017301881820974821 1.0783075576658076e-05 4.2218154199350081e-05 4.6697171900857173e-05 -0.00021021371932228205 -0.00029369026064521249 -0.00029567484604585751 0.00038919839928304239 -8.9998276403652842e-05 -3.3596848446551726e-05 0.00010669303724694137 3.6012922135214521e-05 -3.7752127263403361e-05 -0.00017524619511417294 1.6459054857990154e-07 -0.0010112353869445648 -0.00058022550404263767 4.9146027460797071e-05 -0.00013738341961990765 -3.6678957574385755e-05 0.00022167777695414269 -0.00013262569869309254
leaf_weight=2179 586 26 178 179 20 24 20 32 31 25 28 23 22 61 59 22 60 337 22 33 42 29 20 195 23 20 20 20 22 61
leaf_count=2179 586 26 178 179 20 24 20 32 31 25 28 23 22 61 59 22 60 337 22 33 42 29 20 195 23 20 20 20 22 61
internal_value=-0.000396978 -6.06886e-05 -0.000112347 0.00010145 0.000247151 0.000150291 0.000327845 0.000248767 0.00014727 6.30088e-05 0.000916661 0.00252268 0.00210709 -7.58411e-05 -0.000143938 0.000651864 -1.82917e-05 -0.000318787 0.000438115 -0.000461537 0.000449995 -0.000516837 0.000474481 -0.000675527 -0.000245797 0.00134299 -0.000598481 -0.000370248 -0.000570626 -2.71074e-05
internal_weight=4419 2002 1976 1232 1053 1033 835 811 769 738 144 55 42 89 594 107 82 487 101 744 75 386 49 2417 238 43 198 79 669 83
internal_count=4419 2002 1976 1232 1053 1033 835 811 769 738 144 55 42 89 594 107 82 487 101 744 75 386 49 2417 238 43 198 79 669 83
cat_boundaries=0 1
cat_threshold=393
is_linear=0
shrinkage=0.03


Tree=94
num_leaves=31
num_cat=1
split_feature=0 9 19 8 16 8 8 1 17 11 9 8 0 10 9 17 17 17 17 12 17 0 4 1 11 9 9 4 2 8
split_gain=0.459934 0.451138 0.143766 0.2899 0.119486 0.111377 0.322785 0.565304 0.257993 0.173425 0.171525 0.270513 0.385175 0.438913 0.171485 0.180173 0.273462 0.138455 0.137329 0.0788381 0.0974478 0.0726703 0.111105 0.053713 0.145842 0.589443 0.0443693 0.0749309 0.217095 0.0783469
threshold=0.44170845893109173 0.97957695113056176 0 0.09788034504754449 5.5000000000000009 0.20048501969437313 0.19218106975147189 0.085937500000000014 0.40102969960003415 -0.5 0.24507658643326041 0.12421201642130983 0.46038902396614806 0.93301270189221952 0.57330415754923425 0.33037833904084474 0.36171389668964354 0.28979778683545648 0.59399200068079316 -0.8783796973249266 0.3353331631350524 0.59889677441000055 0.091145833333333343 0.049479166666666671 0.6830127018922193 0.50474106491611981 0.47191830780452232 0.059895833333333336 0.11718750000000001 0.28376229104135253
decision_type=2 2 1 2 2 2 2 2 2 2 2 2 2 2 2 2 2 2 2 2 2 2 2 2 2 2 2 2 2 2
left_child=23 2 21 -4 -5 6 8 -8 9 19 -11 12 -12 -14 -13 17 -17 -16 26 20 -6 -2 -23 -1 -25 -26 -7 28 -28 -29
right_child=1 -3 3 4 5 18 7 -9 -10 10 11 14 13 -15 15 16 -18 -19 -20 -21 -22 22 -24 24 25 -27 27 29 -30 -31
leaf_value=-0.0011750410200268414 -0.00026810827417684651 0.00012354197776827662 8.4191719022765421e-05 -0.00011124565163829092 2.2542270964038244e-05 -0.00016262430711559456 0.00042274449318267191 -1.1092977737668047e-05 3.2324021635602283e-05 -0.00011060653045200475 -0.00021966008161348566 -1.4750870069346302e-05 7.1163536341987488e-05 -0.00022936384273015877 2.7342973951067826e-05 8.142475761493773e-05 4.1643989799001788e-05 -2.1543483322825498e-05 0.00021750436777128631 -0.00011535335987702334 -0.00075645509021808111 4.4070375102013434e-06 -3.9457643712121772e-05 -0.00067983382917364437 -0.00056359197001142709 0.00017081803854912178 -8.1211666151915509e-05 -8.8697295976081278e-06 0.00024015282531868775 6.954942077381853e-07
leaf_weight=2050 442 26 21 175 21 176 21 34 22 90 26 158 31 23 20 20 24 45 21 239 22 20 25 291 56 20 33 165 24 78
leaf_count=2050 442 26 21 175 21 176 21 34 22 90 26 158 31 23 20 20 24 45 21 239 22 20 25 291 56 20 33 165 24 78
internal_value=-0.000396978 -6.06886e-05 -0.000112347 3.55244e-05 -1.43045e-05 8.52675e-05 0.000305277 0.00252268 0.000140689 4.27684e-05 0.000417048 0.000719739 0.00224997 0.00369438 0.000261236 0.0011766 0.00265903 0.000173075 -0.000267101 -0.000537231 0.000645335 -0.000553821 0.000583321 -0.000675527 -0.000341279 0.000828937 -0.000371847 -0.000149999 0.000828934 -0.000379627
internal_weight=4419 2002 1976 1489 1468 1293 796 55 741 719 437 347 80 54 267 109 44 65 497 282 43 487 45 2417 367 76 476 300 57 243
internal_count=4419 2002 1976 1489 1468 1293 796 55 741 719 437 347 80 54 267 109 44 65 497 282 43 487 45 2417 367 76 476 300 57 243
cat_boundaries=0 1
cat_threshold=385
is_linear=0
shrinkage=0.03


Tree=95
num_leaves=31
num_cat=2
split_feature=5 9 7 7 11 6 19 0 0 6 9 13 5 0 0 9 7 0 4 19 5 9 13 9 0 4 14 18 18 4
split_gain=0.599745 0.615868 0.184396 0.366084 0.242403 0.229301 0.170889 0.457349 0.41971 0.905506 0.167135 0.386144 0.121563 0.117463 0.0958945 0.257975 0.161426 0.106366 0.0760288 0.0725927 0.076634 0.0715362 0.100729 0.19047 0.0471421 0.0454444 0.0758955 0.038763 0.03611 0.034952
threshold=0.14638269100743748 0.97957695113056176 0.11992761639997179 0.11146912280415879 0.6830127018922193 0.57281105990783432 0 0.47556016327877837 0.46376833820953017 0.33041474654377889 0.65134938001458809 1.0000000180025095e-35 0.15111561866125764 0.4465628893442356 0.55485698752022106 0.80598103574033564 0.10698939372466877 0.56082586125926026 0.018229166666666668 1 0.15517241379310348 0.57330415754923425 1.0000000180025095e-35 0.6433260393873087 0.67858564256313125 0.059895833333333336 1.0000000180025095e-35 0.50147058823529422 0.48970588235294121 0.15364583333333334
decision_type=2 2 2 2 2 2 1 2 2 2 2 2 2 2 2 2 2 2 2 1 2 2 2 2 2 2 2 2 2 2
left_child=29 2 3 6 5 -5 7 8 12 -10 -9 -12 -2 -8 16 17 18 -16 -15 20 -20 -19 27 -24 -4 -22 28 -23 -27 -1
right_child=1 -3 24 4 -6 -7 13 10 9 -11 11 -13 -14 14 15 -17 -18 21 19 -21 25 22 23 -25 -26 26 -28 -29 -30 -31
leaf_value=-0.00078552399024032409 7.0140959401326033e-05 0.00012110891303464955 -3.8613908684038643e-05 -1.3548883276125334e-06 0.0003974963997210244 1.7026841554339154e-05 6.4577695435400254e-05 -0.00017226268562305305 3.1101321102273215e-05 -3.9763285835536079e-05 -0.00025911821292545534 6.5959472067469746e-05 -0.00055334091641034619 8.3645936508002775e-06 1.0174921608144939e-05 8.0623425519726379e-05 4.977472794059062e-05 -4.2746616062506253e-05 2.5320551067681885e-05 -0.00019627717281858468 -3.3306565488521592e-05 -5.9313521147027387e-05 3.492142200269377e-06 -3.0845477343085232e-05 4.8400694695753516e-05 -0.00014966432857993933 3.4372721452802842e-05 -3.5702877265907446e-06 -9.9791505713301294e-05 -0.0010380985173641917
leaf_weight=2491 20 20 330 46 22 20 22 147 22 25 54 38 31 38 22 22 20 117 28 517 96 69 36 27 20 52 26 20 20 26
leaf_count=2491 20 20 330 46 22 20 22 147 22 25 54 38 31 38 22 22 20 117 28 517 96 69 36 27 20 52 26 20 20 26
internal_value=-0.000385463 1.28445e-05 -4.20811e-05 9.77849e-05 0.00197725 0.00106817 -1.48053e-05 0.000568443 0.0023112 0.00435629 -0.000122384 0.000880426 0.000426463 -0.000191768 -0.000236486 0.000208467 -0.000411228 -2.83497e-05 -0.000479728 -0.000547022 -7.11197e-05 -0.000192378 0.000236841 0.00115474 -0.000664283 -0.00028608 0.000168366 -0.000412916 -0.000333328 -0.000690404
internal_weight=4444 1927 1907 1557 88 66 1469 337 98 47 239 92 51 1132 1110 313 797 291 777 739 222 269 152 63 350 194 98 89 72 2517
internal_count=4444 1927 1907 1557 88 66 1469 337 98 47 239 92 51 1132 1110 313 797 291 777 739 222 269 152 63 350 194 98 89 72 2517
cat_boundaries=0 1 2
cat_threshold=520 96
is_linear=0
shrinkage=0.03


Tree=96
num_leaves=31
num_cat=1
split_feature=5 9 8 19 14 17 8 11 8 9 11 1 4 8 5 8 8 11 4 1 9 16 8 9 1 6 17 11 0 0
split_gain=0.660544 0.604932 0.237946 0.274446 0.381629 0.775955 0.948077 0.288513 0.54994 0.306869 0.262274 0.321569 0.134128 0.106971 0.0639472 0.104544 0.222713 0.0597694 0.195343 0.0582972 0.12861 0.209047 0.0492486 0.135478 0.0448607 0.0696586 0.311674 0.0654613 0.113548 0.039999
threshold=0.14638269100743748 0.97957695113056176 0.19944284209539223 0 1.0000000180025095e-35 0.31173942643179314 0.15093115396300516 0.25000000000000017 0.12421201642130983 0.53610503282275734 1.0000000180025095e-35 0.080729166666666671 0.023437500000000003 0.13241653228399899 0.23833671399594322 0.17796410352255287 0.17403941676705595 -0.9330127018922193 0.14322916666666669 0.075520833333333343 0.38548504741064926 13.500000000000002 0.12329638088264598 0.69146608315098479 0.049479166666666671 0.3000000000000001 0.26946642838907336 0.6830127018922193 0.39395212316942613 0.47407937031367969
decision_type=2 2 2 1 2 2 2 2 2 2 2 2 2 2 2 2 2 2 2 2 2 2 2 2 2 2 2 2 2 2
left_child=24 2 3 12 7 6 -6 14 -9 29 -7 13 -2 -12 22 16 -16 18 -4 -14 21 -21 23 -5 -1 27 -27 -26 -29 -10
right_child=1 -3 17 4 5 10 -8 8 9 -11 11 -13 19 -15 15 -17 -18 -19 -20 20 -22 -23 -24 -25 25 26 -28 28 -30 -31
leaf_value=-0.00096298614057865634 6.9687357655956699e-06 0.00011747564564361069 -6.1470278216058731e-05 -0.00041271983744392641 5.6739452688367266e-06 -9.6019052721510415e-05 8.8083911080858506e-05 5.6312519533000048e-05 2.9121069911516929e-05 0.00023647602015221876 1.0530119686414346e-05 5.3733801726730748e-05 -0.00032351417409045658 -0.00036912080649709157 -6.7565761853975284e-07 -6.1718735884471653e-05 2.6256854249872778e-05 -2.8783890225605884e-05 5.5313392328346755e-05 -0.0008718711042924104 -3.5316352241661185e-05 2.8868369719261244e-05 -0.00024867752747580429 2.9429500346283711e-05 -0.00064817196566440078 -0.00070270336188406313 8.1559307947755467e-05 0.00018593602655787159 -0.00028321257417460708 -5.6198763429518373e-05
leaf_weight=2091 22 20 56 42 30 90 24 33 20 33 20 20 235 23 44 46 20 598 30 20 180 21 200 20 297 56 21 21 31 80
leaf_count=2091 22 20 56 42 30 90 24 33 20 33 20 20 235 23 44 46 20 598 30 20 180 21 200 20 297 56 21 21 31 80
internal_value=-0.00035846 5.95492e-05 5.11346e-06 0.000255724 0.000610927 0.00171376 0.00480547 0.000197956 0.00123795 0.000377817 0.000622546 0.00210711 -0.000304302 0.000645335 -0.000266128 0.000340907 0.00112498 -0.000442981 0.000296509 -0.000421051 -7.12659e-05 0.00144509 -0.00052099 0.000217739 -0.000678485 -0.000397886 0.000418826 -0.000578078 0.000403839 -0.000449995
internal_weight=4444 1927 1907 1223 745 207 54 538 166 133 153 63 478 43 372 110 64 684 86 456 221 41 262 62 2517 426 77 349 52 100
internal_count=4444 1927 1907 1223 745 207 54 538 166 133 153 63 478 43 372 110 64 684 86 456 221 41 262 62 2517 426 77 349 52 100
cat_boundaries=0 1
cat_threshold=417
is_linear=0
shrinkage=0.03


Tree=97
num_leaves=31
num_cat=3
split_feature=5 9 8 13 2 7 7 8 4 19 1 12 1 10 5 7 7 6 6 19 8 8 1 6 6 19 4 7 5 4
split_gain=0.553778 0.619536 0.224612 0.149838 0.18187 0.145139 0.645231 0.387892 0.191723 0.220649 0.314871 0.343915 0.433651 0.575463 0.227116 0.137494 0.0933392 0.0896455 0.211405 0.0777922 0.128568 0.0459992 0.0448607 0.0696586 0.27441 0.0448257 0.126957 0.0392059 0.0380942 0.0379507
threshold=0.14638269100743748 0.97957695113056176 0.09742181278566435 -0.56174490092936669 0.018229166666666668 0.11992761639997179 0.1136185938746033 0.18916446128283268 0.059895833333333336 0 0.10156250000000001 0.87837969732492682 0.075520833333333343 0.68301270189221941 0.16125760649087226 0.085704493569116261 0.10298321911602835 0.53041474654377896 0.61797235023041486 1 0.12558172954289096 0.58232541618003886 0.049479166666666671 0.3000000000000001 0.3175115207373273 2 0.065104166666666671 0.088419907194990141 0.23022312373225154 0.096354166666666671
decision_type=2 2 2 2 2 2 2 2 2 1 2 2 2 2 2 2 2 2 2 1 2 2 2 2 2 1 2 2 2 2
left_child=22 2 -2 25 -5 6 8 -8 19 10 11 12 14 -14 -10 -16 17 -11 -19 20 -6 -7 -1 27 -25 26 -4 -24 -22 -20
right_child=1 -3 3 4 5 21 7 -9 9 16 -12 -13 13 -15 15 -17 -18 18 29 -21 28 -23 23 24 -26 -27 -28 -29 -30 -31
leaf_value=-0.00093409655636129659 2.3130965033295578e-05 0.00011395137627430352 1.8552152005200552e-05 6.5823455926306267e-05 1.0954334119532501e-05 -4.9075863427625208e-05 7.2429833385260724e-05 2.4407350336317236e-05 6.0791646077887141e-05 -4.6153040376446845e-05 -2.7100832958083141e-05 -0.00035198322968181713 8.1316495444682437e-05 2.3433416085689043e-05 -0.00027111838451603565 9.3776674262435495e-05 3.347086046247764e-05 6.792615088296983e-06 3.9100482128309298e-06 -9.8792780889307385e-05 -0.0002916398685731708 7.9902102456395698e-05 -0.00053612932501117226 7.8640429649040337e-05 -0.00067833388808581294 -6.2832103252880351e-05 -8.1679971414968784e-05 -0.00045192941054418155 1.6283899099963615e-05 -1.2296824282227813e-05
leaf_weight=2091 26 20 44 28 36 230 20 29 29 171 63 40 24 26 44 20 26 26 20 352 64 20 328 23 54 414 72 21 20 63
leaf_count=2091 26 20 44 28 36 230 20 29 29 171 63 40 24 26 44 20 26 26 20 352 64 20 328 23 54 414 72 21 20 63
internal_value=-0.000385463 -2.72373e-06 -5.78126e-05 -9.60917e-05 7.16143e-05 2.09758e-05 0.000172647 0.00353564 1.17195e-05 0.000391304 0.00103711 0.00170901 0.00239684 0.00464991 0.00118547 0.000187498 -0.000156644 -0.000321427 0.000350915 -0.000432202 0.000230768 -0.000629997 -0.000678485 -0.000397886 0.000418826 -0.000523583 2.381e-05 -0.000578078 -0.000392852 -0.000388549
internal_weight=4444 1927 1907 1881 1351 1323 1073 49 1024 552 246 183 143 50 93 64 306 280 109 472 120 250 2517 426 77 530 116 349 84 83
internal_count=4444 1927 1907 1881 1351 1323 1073 49 1024 552 246 183 143 50 93 64 306 280 109 472 120 250 2517 426 77 530 116 349 84 83
cat_boundaries=0 1 2 3
cat_threshold=616 25 520
is_linear=0
shrinkage=0.03


Tree=98
num_leaves=31
num_cat=0
split_feature=5 9 8 11 7 8 7 17 12 18 1 11 0 4 8 17 3 3 11 4 1 6 17 11 0 0 0 0 16 9
split_gain=0.660544 0.604932 0.237946 0.302852 1.01715 0.295811 0.60981 0.218954 0.280722 0.498052 0.57793 0.462931 0.199833 0.432074 0.154028 0.142199 0.112178 0.245222 0.0597694 0.195343 0.0448607 0.0696586 0.311674 0.0654613 0.113548 0.039999 0.0388144 0.0415968 0.0308658 0.133092
threshold=0.14638269100743748 0.97957695113056176 0.19944284209539223 0.6830127018922193 0.10036056523027932 0.12421201642130983 0.052639969885266709 0.3358437579780445 -0.60785761079279388 0.48382352941176471 0.044270833333333336 -0.24999999999999994 0.58315943199673659 0.10677083333333334 0.10569381147397909 0.33394810126210833 0.054687500000000007 0.044270833333333336 -0.9330127018922193 0.14322916666666669 0.049479166666666671 0.3000000000000001 0.26946642838907336 0.6830127018922193 0.39395212316942613 0.55313495128410028 0.67858564256313125 0.452818509754082 12.500000000000002 0.60649161196207169
decision_type=2 2 2 2 2 2 2 2 2 2 2 2 2 2 2 2 2 2 2 2 2 2 2 2 2 2 2 2 2 2
left_child=20 2 3 7 5 6 -5 8 9 10 -2 -12 15 -14 -9 16 17 -10 19 -4 -1 23 -23 -22 -25 -7 27 -20 29 -16
right_child=1 -3 18 4 -6 25 -8 14 12 -11 11 -13 13 -15 28 -17 -18 -19 26 -21 21 22 -24 24 -26 -27 -28 -29 -30 -31
leaf_value=-0.00090607365967045799 -2.2871446100286595e-05 0.00011053283498607314 -5.8813144880835513e-05 -6.5636177451073576e-06 0.00037823181675204857 -6.5945349831454434e-05 2.76799032105612e-05 4.2766103693102719e-05 -0.00035558720770160991 -2.379648907107774e-06 6.3518526720580059e-05 1.2855651327788417e-05 2.1661443421227462e-05 -3.6922072407132119e-05 -0.00041320037200156596 1.9604031385219975e-05 -0.00024863202020013647 4.1250715646855862e-05 -0.00021847526458589148 5.1214495695157794e-05 -0.00061264292694413294 -0.00066127224438496752 7.6753315819853466e-05 0.00019517882799895288 -0.00025863231719903273 6.3659849236042913e-06 4.725306174901255e-05 -3.175595717606553e-05 -0.00017665992915555387 2.602091522592134e-05
leaf_weight=2091 41 20 56 31 22 80 30 22 53 57 30 32 20 44 75 20 281 38 20 30 297 56 21 21 31 20 20 558 304 23
leaf_count=2091 41 20 56 31 22 80 30 22 53 57 30 32 20 44 75 20 281 38 20 30 297 56 21 21 31 20 20 558 304 23
internal_value=-0.00035846 5.95492e-05 5.11346e-06 0.000255724 0.00138114 0.000554345 0.00220078 5.7693e-05 0.000418831 0.00149999 0.00274512 0.00457251 3.94743e-05 0.00159373 -0.000466979 -0.000214284 -0.000346773 0.000568676 -0.000442981 0.000296509 -0.000678485 -0.000397886 0.000418826 -0.000578078 0.000403839 -0.000449995 -0.000549329 -0.000594289 -0.000600744 -0.000137753
internal_weight=4444 1927 1907 1223 183 161 61 1040 616 160 103 62 456 64 424 392 372 91 684 86 2517 426 77 349 52 100 598 578 402 98
internal_count=4444 1927 1907 1223 183 161 61 1040 616 160 103 62 456 64 424 392 372 91 684 86 2517 426 77 349 52 100 598 578 402 98
is_linear=0
shrinkage=0.03


Tree=99
num_leaves=31
num_cat=1
split_feature=0 9 8 8 19 18 0 8 9 7 7 3 3 7 7 10 6 18 18 12 7 0 4 1 6 0 1 0 6 3
split_gain=0.550222 0.61157 0.320755 0.191343 0.217165 0.525712 0.642182 0.775211 0.562988 0.223986 0.604377 0.158931 0.132328 0.20908 0.0827771 0.154011 0.345339 0.0809481 0.0635233 0.150378 0.386014 0.0523106 0.104967 0.254333 0.0439385 0.0436297 0.0413034 0.0238531 0.167994 0.0125149
threshold=0.46038902396614806 0.97957695113056176 0.099015322869268382 0.19944284209539223 0 0.48382352941176471 0.47680365491675797 0.12535289271839811 0.70386579139314387 0.10698939372466877 0.11992761639997179 0.15885416666666669 0.049479166666666671 0.070965636238045124 0.071197677084720135 0.25000000000000011 0.3000000000000001 0.48970588235294121 0.48382352941176471 0.6078576107927941 0.068961761325797011 0.60785668035134688 0.065104166666666671 0.15364583333333334 0.5986175115207375 0.46700898086239068 0.10677083333333334 0.50628773408195216 0.57281105990783432 0.065104166666666671
decision_type=2 2 2 2 1 2 2 2 2 2 2 2 2 2 2 2 2 2 2 2 2 2 2 2 2 2 2 2 2 2
left_child=14 2 -2 4 5 6 7 -4 12 11 -11 18 13 -8 29 -16 17 -17 -6 24 -21 27 23 -23 -20 -7 -24 28 -5 -1
right_child=1 -3 3 21 9 25 8 -9 -10 10 -12 -13 -14 -15 15 16 -18 -19 19 20 -22 22 26 -25 -26 -27 -28 -29 -30 -31
leaf_value=-0.00075667248068553782 2.1773660820313864e-05 0.00010721684993649084 4.9231047627747588e-05 -0.00029278003786674655 -3.8615623665208631e-05 -0.0001502124430949301 -9.4147439520272057e-05 1.0642502051893564e-05 6.723945321953586e-05 0.00011489227958106542 -7.9623547049074002e-05 7.5475440196261563e-06 -0.00041468586536894087 9.0864346281203286e-05 -0.00050698437129778975 -0.00056298905915900979 9.0330095395323731e-05 8.9568388829295022e-05 -0.00023386548874960086 1.2183188774025832e-05 -0.00015745784035935012 -0.0001539354565630022 5.6917852123272962e-05 0.00019003223656625224 1.1237662278195513e-06 -9.7774248209758061e-05 -1.3347763246789458e-05 -4.7692021176020691e-05 1.6699434530514988e-05 -0.00024771440830352067
leaf_weight=2139 20 20 27 105 314 20 23 31 28 36 55 20 88 22 194 75 28 34 145 25 38 26 20 20 20 137 95 366 20 253
leaf_count=2139 20 20 27 105 314 20 23 31 28 36 55 20 88 22 194 75 28 34 145 25 38 26 20 20 20 137 95 366 20 253
internal_value=-0.000385463 3.44284e-05 -2.68952e-05 -7.18315e-05 0.000182945 0.000746113 0.00171575 0.00442234 0.000740679 -0.000150452 0.00122801 -0.000376333 -7.3307e-05 0.00124997 -0.000650844 -0.000206192 0.000563865 -0.000199539 -0.000473246 -9.21041e-05 0.00115474 -0.000473925 -4.65764e-06 0.0012065 -0.000568178 -0.000558913 -0.000489125 -0.000627798 -0.000269997 -0.000712374
internal_weight=4444 1721 1701 1681 1029 376 219 58 161 653 91 562 133 45 2723 331 137 109 542 228 63 652 161 46 165 157 115 491 125 2392
internal_count=4444 1721 1701 1681 1029 376 219 58 161 653 91 562 133 45 2723 331 137 109 542 228 63 652 161 46 165 157 115 491 125 2392
cat_boundaries=0 1
cat_threshold=600
is_linear=0
shrinkage=0.03


Tree=100
num_leaves=31
num_cat=1
split_feature=6 9 19 3 4 7 4 9 11 7 3 14 18 18 9 8 0 0 8 9 3 8 8 14 10 1 2 0 0 2
split_gain=0.911498 0.467234 0.353549 0.494618 0.564047 0.685302 0.450373 0.188347 0.420344 0.37395 0.154078 0.437661 0.133843 0.129728 0.340119 0.18039 0.143043 0.100404 0.261196 0.159835 0.0729719 0.0613797 0.173626 0.0798354 0.133778 0.165989 0.227623 0.0453093 0.114466 0.0407397
threshold=0.29539170506912449 0.97957695113056176 0 0.054687500000000007 0.054687500000000007 0.068200183856979943 0.080729166666666671 0.4584245076586434 0.6830127018922193 0.11596544270602603 0.033854166666666671 1.0000000180025095e-35 0.50147058823529422 0.4485294117647059 0.66411378555798695 0.26948736383125999 0.58757867942685726 0.46264093472785367 0.10569381147397909 0.31400437636761497 0.070312500000000014 0.12558172954289096 0.12186878796828471 1.0000000180025095e-35 0.25000000000000011 0.085937500000000014 0.070312500000000014 0.58315943199673659 0.59102031964221136 0.16406250000000003
decision_type=2 2 1 2 2 2 2 2 2 2 2 2 2 2 2 2 2 2 2 2 2 2 2 2 2 2 2 2 2 2
left_child=17 2 3 4 -2 -6 -7 12 13 -10 11 -4 -5 14 -9 20 -17 -1 -19 -20 -15 22 -12 27 -25 26 -26 -23 -29 -30
right_child=1 -3 10 7 5 6 -8 8 9 -11 21 -13 -14 15 -16 16 -18 18 19 -21 -22 23 -24 24 25 -27 -28 28 29 -31
leaf_value=-0.00068417509198493408 -9.6127606773165509e-05 0.0001033637471386837 0.00014799704493780711 -0.00013890959978745854 -2.4983728861863013e-05 0.00012140565330275958 3.7643750064587601e-05 7.4315230072010789e-06 0.0002344267555391426 0.00011509115114841728 -0.0001416537745453169 -0.00051264103166617737 5.3232607435259168e-06 2.1389687037057214e-06 -0.00016980694186015204 3.5728133661703207e-05 -1.85673827272332e-07 3.8626130859719734e-05 4.9155847142053066e-05 -0.00016379377296417736 -9.3733952184857574e-06 -0.00026497075522221116 1.9110406674578305e-05 -0.00022498501550880634 -0.00011732732107083355 -3.9220689217511331e-05 3.5338150898134719e-05 0.00022032641401428473 -7.6425739309074397e-05 -0.00013900455179514601
leaf_weight=2456 52 23 34 174 31 21 34 24 29 25 78 50 26 37 25 21 29 25 22 160 185 499 29 90 39 41 37 23 88 20
leaf_count=2456 52 23 34 174 31 21 34 24 29 25 78 50 26 37 25 21 29 25 22 160 185 499 29 90 39 41 37 23 88 20
internal_value=-0.00030952 0.000219388 0.000163269 0.000671162 0.00229346 0.00378484 0.00579535 0.000293478 0.000689999 0.00313883 -0.000193641 0.0010357 -0.000449997 0.000278037 0.00169895 2.20595e-05 0.00164997 -0.000659875 -2.53615e-05 -0.000420327 -0.000344592 -0.000305084 0.000371493 -0.000391576 0.000119565 0.000788456 0.0016184 -0.000559522 -6.29759e-05 -0.000472217
internal_weight=4427 1764 1741 713 138 86 55 575 375 54 1028 84 200 321 49 272 50 2663 207 182 222 944 107 837 207 117 76 630 131 108
internal_count=4427 1764 1741 713 138 86 55 575 375 54 1028 84 200 321 49 272 50 2663 207 182 222 944 107 837 207 117 76 630 131 108
cat_boundaries=0 1
cat_threshold=546
is_linear=0
shrinkage=0.03


Tree=101
num_leaves=31
num_cat=1
split_feature=5 9 16 10 10 12 3 17 3 10 19 3 10 13 16 16 9 17 18 10 17 0 1 12 1 4 17 0 9 9
split_gain=0.835813 0.481266 0.25488 0.60022 0.669777 1.08724 0.624906 0.290451 0.883167 0.280572 0.19985 0.413144 0.180471 0.18008 0.251939 0.432226 0.442587 0.485487 0.438076 0.167406 0.313483 0.149361 0.0604871 0.0513462 0.0859224 0.0431253 0.0415957 0.0414454 0.0349338 0.0307832
threshold=0.14097363083164302 0.97957695113056176 26.500000000000004 -0.5 -0.6830127018922193 1.0000000180025095e-35 0.059895833333333336 0.29807587908879368 0.054687500000000007 0.25000000000000011 0 0.11718750000000001 0.68301270189221941 -0.22252093395631442 5.5000000000000009 17.500000000000004 0.61670313639679086 0.31428058132168429 0.46029411764705885 0.68301270189221941 0.35437189498179184 0.51155345578130385 0.14322916666666669 -0.60785761079279388 0.080729166666666671 0.15364583333333334 0.28756173355752562 0.46968181644835522 0.94493070751276453 0.48322392414296145
decision_type=2 2 2 2 2 2 2 2 2 2 1 2 2 2 2 2 2 2 2 2 2 2 2 2 2 2 2 2 2 2
left_child=25 2 12 4 21 22 -7 8 -5 -10 11 19 -2 27 -15 16 18 -18 -16 23 -21 -4 -6 24 -9 -1 -11 -14 29 -12
right_child=1 -3 3 7 5 6 -8 10 9 26 28 -13 13 14 15 -17 17 -19 -20 20 -22 -23 -24 -25 -26 -27 -28 -29 -30 -31
leaf_value=-0.00079433096743802844 -0.00030077518227492793 0.00010026283472452249 -0.00027651878355294341 0.00011785858250966875 -7.2848212152134914e-07 7.7459951053442791e-05 0.00054993777597789936 -0.00080506647566687634 3.0134344777490598e-05 -0.00017541255972577564 -4.2396015815028171e-06 2.0563273705482554e-05 -0.00029500157817446228 -0.00010649576782696835 1.7575669635233826e-05 -0.0001959929591865189 2.7605644300551036e-05 7.0382040621890296e-05 -9.9551936085170474e-05 3.6444303218039163e-05 -0.00024110611036249813 1.575372543507063e-05 0.00020959796297399894 -3.3913863156342474e-05 5.0643767947776113e-05 -0.00073998432580344418 -4.3323095977561814e-05 -8.6265141168200707e-05 -3.6064816259229546e-05 -3.9755325602931662e-05
leaf_weight=2378 518 23 59 33 33 20 20 29 37 99 100 35 21 73 24 58 23 20 46 26 27 20 20 122 25 21 20 141 22 334
leaf_count=2378 518 23 59 33 33 20 20 29 37 99 100 35 21 73 24 58 23 20 46 26 27 20 20 122 25 21 20 141 22 334
internal_value=-0.000295967 0.000152368 0.000102868 0.000415588 0.00204069 0.00376609 0.00749981 0.000108086 0.00115476 0.000211538 -0.000166666 0.000481751 -0.000262986 0.000210591 0.000725408 0.00135526 0.00243582 0.00483128 0.000964273 3.60268e-05 0.00151412 9.49427e-06 0.000948096 -0.000409088 0.000361105 -0.000674968 -0.000497894 -0.000564811 -0.000540771 -0.000611749
internal_weight=4427 2028 2005 1081 172 93 40 909 189 156 720 264 924 406 244 171 113 43 70 229 53 79 53 176 54 2399 119 162 456 434
internal_count=4427 2028 2005 1081 172 93 40 909 189 156 720 264 924 406 244 171 113 43 70 229 53 79 53 176 54 2399 119 162 456 434
cat_boundaries=0 1
cat_threshold=60
is_linear=0
shrinkage=0.03


Tree=102
num_leaves=31
num_cat=1
split_feature=6 9 3 19 4 7 4 0 9 6 10 17 4 17 7 9 0 8 9 7 1 3 0 17 17 7 6 6 17 17
split_gain=0.798033 0.474746 0.252456 0.347968 0.469003 0.557822 0.603849 0.196023 0.180618 0.191641 0.362055 0.447833 0.342032 0.797103 0.274026 0.361647 0.142876 0.333915 0.158825 0.133033 0.107377 0.104472 0.195179 0.0898802 0.193766 0.0425394 0.0415942 0.0371784 0.0367315 0.153482
threshold=0.29539170506912449 0.97957695113056176 0.054687500000000007 0 0.054687500000000007 0.068200183856979943 0.080729166666666671 0.4201331308126896 0.4584245076586434 0.54239631336405547 0.25000000000000011 0.36886222449153272 0.075520833333333343 0.3358437579780445 0.059318526023085606 0.54303428154631672 0.46264093472785367 0.10962305582349027 0.31400437636761497 0.054386548930127905 0.054687500000000007 0.044270833333333336 0.47680365491675797 0.31856863245681227 0.33712024508552468 0.15643284819623146 0.30368663594470052 0.68525345622119838 0.33439707258956691 0.34707977897699105
decision_type=2 2 2 1 2 2 2 2 2 2 2 2 2 2 2 2 2 2 2 2 2 2 2 2 2 2 2 2 2 2
left_child=16 2 3 4 -2 -6 -7 -5 28 14 11 -11 13 -12 15 -10 -1 -18 -19 -17 -14 26 -23 -22 -25 -16 -9 -26 -4 -30
right_child=1 -3 8 7 5 6 -8 21 9 10 12 -13 20 -15 25 19 17 18 -20 -21 23 22 -24 24 27 -27 -28 -29 29 -31
leaf_value=-0.0006500283946612584 -9.7090857642526449e-05 9.7254949682786608e-05 -0.00026471154290094018 0.00017640372317811025 -2.3117880367137313e-05 0.00011285163683376325 3.5858652252883243e-05 3.4877662398256307e-05 1.9319325495545006e-05 0.00033303981088623244 3.3125231189657694e-05 0.00010967747157306367 9.1625902012081521e-06 -5.155249031143657e-05 -0.00012207630515564046 -0.00021924407628566765 2.8189668110270853e-05 3.7915854550420029e-05 -0.00043445928206230618 2.2907322609814991e-05 -4.8164092116867243e-05 3.1419506076710451e-05 -2.8549992689626954e-06 2.3173627292828877e-06 -3.873084679296433e-06 0.00022041729935581242 -4.5938753198413259e-05 -1.0280355312499532e-05 1.8218420223720239e-05 -3.3239245386748063e-05
leaf_weight=2456 52 23 323 27 31 21 34 21 34 21 25 25 23 31 375 60 33 22 152 22 151 39 70 27 58 20 145 20 20 66
leaf_count=2456 52 23 323 27 31 21 34 21 34 21 25 25 23 31 375 60 33 22 152 22 151 39 70 27 58 20 145 20 20 66
internal_value=-0.00030952 0.000185375 0.000128806 0.000749999 0.0019358 0.00343601 0.00524991 0.000139423 -8.12829e-05 0.000158072 0.000667322 0.00316298 0.000324627 0.00246424 -0.000221623 0.00106034 -0.000637344 0.000119565 -0.000405169 -1.82917e-05 -0.000104838 -9.54535e-05 0.000626142 -0.000281248 0.000392854 -0.000598099 -0.000569273 -0.000365379 -0.000603299 -5.23243e-05
internal_weight=4427 1764 1741 440 138 86 55 302 1301 892 381 46 335 56 511 116 2663 207 174 82 279 275 109 256 105 395 166 78 409 86
internal_count=4427 1764 1741 440 138 86 55 302 1301 892 381 46 335 56 511 116 2663 207 174 82 279 275 109 256 105 395 166 78 409 86
cat_boundaries=0 1
cat_threshold=546
is_linear=0
shrinkage=0.03


Tree=103
num_leaves=31
num_cat=2
split_feature=6 9 3 19 0 12 16 0 3 0 17 17 6 17 0 9 9 6 0 8 9 1 3 8 8 9 12 0 0 19
split_gain=0.80921 0.470983 0.295567 0.391972 0.410641 0.277772 0.27318 0.35581 0.218787 0.203228 0.256755 0.891837 0.334433 0.198391 0.2357 0.14746 0.140335 0.433336 0.138655 0.333915 0.158825 0.121609 0.150026 0.0546717 0.234367 0.0574766 0.118361 0.040565 0.0400425 0.0373785
threshold=0.29539170506912449 0.97957695113056176 0.054687500000000007 0 0.47151883933976957 1.0000000180025095e-35 29.500000000000004 0.45166513517880397 0.049479166666666671 0.55485698752022106 0.3358437579780445 0.32885499106459032 0.56267281105990796 0.36282018551612638 0.50396260866742038 0.65864332603938747 0.65134938001458809 0.69262672811059922 0.46264093472785367 0.10962305582349027 0.31400437636761497 0.15885416666666669 0.10156250000000001 0.12421201642130983 0.12186878796828471 0.73668854850474119 -1.0000000180025095e-35 0.452818509754082 0.61912653167645637 1
decision_type=2 2 2 1 2 2 2 2 2 2 2 2 2 2 2 2 2 2 2 2 2 2 2 2 2 2 2 2 2 1
left_child=18 2 3 4 -2 13 -5 -8 15 23 11 12 -11 14 -6 -9 28 -18 -1 -20 -21 -12 -23 24 27 29 -27 -4 -14 -25
right_child=1 -3 9 6 5 -7 7 8 -10 10 21 -13 16 -15 -16 -17 17 -19 19 20 -22 22 -24 25 -26 26 -28 -29 -30 -31
leaf_value=-0.00063052754282142017 9.5354343580238664e-05 9.4337301192301909e-05 -1.9007125013059342e-05 -0.00015816447179904915 6.6858699880709393e-05 -0.00013009678582809586 0.00019367827605111919 -2.2188162224982029e-05 7.4854211913758207e-06 0.00021481910257238395 -1.6168337220210017e-05 3.9435785645021707e-05 -0.0001042200848838971 9.3308847417157247e-05 -0.00022318462898181815 0.00010478139897607613 2.3195821872643422e-05 -3.154552608059449e-05 2.7343978066963485e-05 3.67783789139088e-05 -0.0004214255036004367 0.00010241689721836165 -2.1488759038066221e-05 -1.7146646085034551e-05 2.0315043983008473e-05 3.0488403178006609e-05 -0.00019621070799221295 -0.00024851496227033251 -7.6268058768722251e-07 -0.00032263846259397239
leaf_weight=2456 29 23 20 175 20 35 22 72 23 28 213 25 111 21 22 21 23 38 33 22 152 27 52 152 26 20 29 86 21 430
leaf_count=2456 29 23 20 175 20 35 22 72 23 28 213 25 111 21 22 21 23 38 33 22 152 27 52 152 26 20 29 86 21 430
internal_value=-0.000295967 0.000202382 0.000146037 0.000818181 0.00215144 0.00139284 0.000202012 0.00120651 0.000543099 -8.12829e-05 0.000365242 0.00107926 0.000471718 0.00258329 0.00139282 -0.000104837 2.72026e-05 0.00121719 -0.000626079 0.000119565 -0.000405169 -0.0002363 0.000768978 -0.000396132 0.00015909 -0.000512281 0.000474481 -0.000466976 -0.000522723 -0.000595359
internal_weight=4427 1764 1741 440 127 98 313 138 116 1301 538 246 221 63 42 93 193 61 2663 207 174 292 79 763 132 631 49 106 132 582
internal_count=4427 1764 1741 440 127 98 313 138 116 1301 538 246 221 63 42 93 193 61 2663 207 174 292 79 763 132 631 49 106 132 582
cat_boundaries=0 1 2
cat_threshold=578 6
is_linear=0
shrinkage=0.03


Tree=104
num_leaves=31
num_cat=1
split_feature=6 9 16 10 17 6 18 0 11 6 1 17 9 19 6 0 9 0 8 9 0 1 1 12 16 16 2 8 8 2
split_gain=0.765381 0.478525 0.266301 0.221201 0.448956 0.561199 0.444116 0.278247 0.767822 0.2194 0.323582 0.257389 0.408416 0.197156 0.284748 0.124664 0.120744 0.0934004 0.261196 0.159835 0.0923594 0.108114 0.224986 0.0845432 0.0753297 0.194229 0.120151 0.0474789 0.119994 0.0452513
threshold=0.29539170506912449 0.97957695113056176 26.500000000000004 -0.5 0.31499446855586766 0.42903225806451623 0.48676470588235299 0.44761952423483969 0.25000000000000017 0.54239631336405547 0.11718750000000001 0.24210705471874738 0.5970094821298324 0 0.3147465437788019 0.52080508158020811 0.89824945295404834 0.46264093472785367 0.10569381147397909 0.31400437636761497 0.47964949943148871 0.065104166666666671 0.044270833333333336 -0.60785761079279388 11.500000000000002 13.500000000000002 0.049479166666666671 0.2538063739792234 0.27719287970000966 0.14843750000000003
decision_type=2 2 2 2 2 2 2 2 2 2 2 2 2 1 2 2 2 2 2 2 2 2 2 2 2 2 2 2 2 2
left_child=17 2 13 4 -4 6 -6 8 -5 16 11 -11 -13 14 -2 -16 20 -1 -19 -20 21 22 -9 24 -15 -26 -27 -12 -29 -25
right_child=1 -3 3 7 5 -7 -8 9 -10 10 27 12 -14 23 15 -17 -18 18 19 -21 -22 -23 -24 29 25 26 -28 28 -30 -31
leaf_value=-0.00061161171653677682 1.6549342337207715e-05 9.1507182156531453e-05 -8.2123394496288826e-05 -0.0002129579774629874 4.1559075586360928e-05 0.00050330277738487735 -6.2244466633277184e-06 -0.0002228148325409526 0.00016981459611490501 -2.5833235690568091e-05 -2.0222098189144848e-05 8.5662398755685848e-07 4.2735298732479519e-05 -3.5778062337244812e-06 -0.00020433319162816021 6.2085764875704561e-05 1.3123460642112875e-05 3.4708008452072958e-05 3.567502754649134e-05 -0.00013050427802389631 -0.00013150742081821925 -2.4391667386884852e-05 9.1917916664089599e-05 -0.00017925688041416302 3.5643947165710457e-05 1.116268621925121e-05 -0.00028811719680978343 2.5430472639597479e-05 -1.8307058387742218e-05 -7.2900597795461756e-05
leaf_weight=2456 28 23 49 51 31 24 38 20 26 39 73 37 34 114 83 20 25 25 22 160 290 37 20 466 24 24 62 20 30 76
leaf_count=2456 28 23 49 51 31 24 38 20 26 39 73 37 34 114 83 20 25 25 22 160 290 37 20 466 24 24 62 20 30 76
internal_value=-0.000316297 0.000168368 0.000111574 0.000494076 0.00157393 0.00279836 0.00142389 0.000275641 0.00197725 6.60006e-05 0.000795062 0.00197726 0.00305277 -0.000248327 0.000792548 0.000123786 -0.000367345 -0.000637344 -2.53615e-05 -0.000420327 -0.000504766 0.000418826 0.00149996 -0.000431055 5.35719e-05 0.000613632 -5.23243e-05 -0.000262192 0.000449992 -0.000639297
internal_weight=4427 1764 1741 844 142 93 69 702 77 625 233 110 71 897 131 103 392 2663 207 182 367 77 40 766 224 110 86 123 50 542
internal_count=4427 1764 1741 844 142 93 69 702 77 625 233 110 71 897 131 103 392 2663 207 182 367 77 40 766 224 110 86 123 50 542
cat_boundaries=0 1
cat_threshold=513
is_linear=0
shrinkage=0.03


Tree=105
num_leaves=31
num_cat=2
split_feature=20 5 19 16 17 17 4 12 5 9 17 4 19 17 18 17 11 16 17 13 17 10 12 18 4 4 18 3 9 3
split_gain=0.693039 0.308371 0.192775 0.215955 0.151099 0.446032 0.217236 0.567338 0.597401 0.137254 0.182527 0.267759 0.291523 0.514458 0.411412 0.512201 0.191095 0.290238 0.177396 0.141185 0.230872 0.101191 0.111978 0.0499426 0.108692 0.0470708 0.0463496 0.0435056 0.0356111 0.0333322
threshold=0.44170845893109173 0.52839756592292109 0 7.5000000000000009 0.24210705471874738 0.25582268860463825 0.12760416666666669 -1.0000000180025095e-35 0.32961460446247465 0.24507658643326041 0.34665134882137699 0.023437500000000003 1 0.3058037613820101 0.48382352941176471 0.33490766743255901 0.6830127018922193 29.500000000000004 0.28622068848139121 0.81174490092936691 0.3752021104586844 -0.5 1.0000000180025095e-35 0.50147058823529422 0.044270833333333336 0.15364583333333334 0.52500000000000002 0.065104166666666671 0.26659372720641877 0.059895833333333336
decision_type=2 2 1 2 2 2 2 2 2 2 2 2 1 2 2 2 2 2 2 2 2 2 2 2 2 2 2 2 2 2
left_child=23 2 28 -4 27 -6 9 8 -8 -7 11 -11 13 29 15 -15 18 -18 -14 21 -21 22 -12 25 -25 -1 -23 -5 -2 -13
right_child=1 -3 3 4 5 6 7 -9 -10 10 19 12 16 14 -16 -17 17 -19 -20 20 -22 26 -24 24 -26 -27 -28 -29 -30 -31
leaf_value=-0.00082002777435738515 -9.024853633149352e-05 0.00028282077062071289 -9.8759526839983024e-05 -6.048366377749796e-06 3.1536532569471959e-05 -0.00024696045039687936 -2.7839909829447946e-06 -4.9543832472725665e-05 8.8331469227218866e-05 7.2324901175058981e-05 -4.5572122217804911e-05 -9.2638767666054805e-05 2.2595482418661757e-05 4.290699395465108e-05 1.2687644371734894e-05 1.3732365375722719e-05 -3.546220295767523e-05 8.754671838458815e-05 -3.1132267983270123e-05 -0.00011272535137610523 5.8006290470182534e-05 -3.2623012622415079e-05 0.00014060408053637668 -0.0011014037122161707 7.2642717974272402e-05 -0.00068320051145387471 7.2599949890794589e-05 -0.00011392745465009143 -0.00016637741855488915 -0.00050659550695523786
leaf_weight=2344 23 32 251 20 32 119 29 52 35 39 27 20 39 23 25 22 30 38 239 30 33 254 35 45 24 20 20 134 350 40
leaf_count=2344 23 32 251 20 32 119 29 52 35 39 27 20 39 23 25 22 30 38 239 30 33 254 35 45 24 20 20 134 350 40
internal_value=-0.000336346 7.873e-05 3.10114e-05 0.000175752 0.000328652 0.000443904 0.000346606 0.00157757 0.0034687 0.000208374 0.000333151 0.00070631 0.000510504 0.0016607 0.00353566 0.00524988 2.9495e-05 0.00145586 -0.000318343 -0.000148495 0.00115474 -0.000392855 0.000701602 -0.000676016 0.000119564 -0.000699238 -0.000640508 -0.00055519 -0.000573758 -0.000249995
internal_weight=4424 1991 1959 1586 1335 1181 1149 116 64 1033 914 515 476 130 70 45 346 68 278 399 63 336 62 2433 69 2364 274 154 373 60
internal_count=4424 1991 1959 1586 1335 1181 1149 116 64 1033 914 515 476 130 70 45 346 68 278 399 63 336 62 2433 69 2364 274 154 373 60
cat_boundaries=0 1 2
cat_threshold=384 72
is_linear=0
shrinkage=0.03


Tree=106
num_leaves=31
num_cat=1
split_feature=0 5 9 2 14 19 6 8 0 0 0 0 8 13 18 2 1 18 8 2 8 6 0 3 8 8 2 9 0 18
split_gain=0.77854 0.298901 0.219625 0.351896 0.389837 0.259329 0.223901 0.196052 0.290053 0.528897 0.281137 0.647318 0.362132 0.353265 0.183999 0.157907 0.152778 0.126979 0.113529 0.0738367 0.117767 0.283322 0.0665315 0.0999944 0.0535161 0.119994 0.0502106 0.128046 0.224986 0.0499426
threshold=0.44170845893109173 0.52839756592292109 0.76549963530269882 0.070312500000000014 1.0000000180025095e-35 0 0.52396313364055314 0.19944284209539223 0.57040581497477094 0.5896914389629998 0.47964949943148871 0.46038902396614806 0.12450006889054512 1.0000000180025095e-35 0.48970588235294121 0.018229166666666668 0.059895833333333336 0.48676470588235299 0.19123505505912505 0.10677083333333334 0.24281010727125305 0.65483870967741953 0.44761952423483969 0.049479166666666671 0.10707025556729419 0.10359946987571743 0.065104166666666671 0.47191830780452232 0.50105252437683734 0.50147058823529422
decision_type=2 2 2 2 2 1 2 2 2 2 2 2 2 2 2 2 2 2 2 2 2 2 2 2 2 2 2 2 2 2
left_child=29 2 5 -4 6 7 -5 8 10 -10 11 -2 13 -13 -11 -7 -14 -8 26 -9 -21 -22 23 -17 25 -24 -12 28 -28 -1
right_child=1 -3 3 4 -6 15 17 19 9 14 18 12 16 -15 -16 22 -18 -19 -20 20 21 -23 24 -25 -26 -27 27 -29 -30 -31
leaf_value=-0.00079144708609635512 -0.00015000834950157084 0.00027433614750209205 -0.00022732986703886794 4.4498050012453482e-05 9.1894825432686555e-05 0.00011310668796403341 -0.0001090873964620485 -0.00010528902303620558 0.00030241412769524271 -8.4660546079603826e-07 -0.00033750466757465097 3.8699372735181909e-05 6.828591626997084e-05 2.4390990905869601e-05 1.3466355740728239e-05 -0.00042522490523836352 1.452604521284622e-07 3.9878308565825872e-05 2.5602427759821172e-05 -1.1716065173161456e-05 0.00014308898882597882 -0.00011096486243888562 -0.00028654881222720885 2.0894246655740903e-05 -4.5607327145269593e-05 3.7358594051073128e-05 -0.00031527317431951778 -0.00015179502749328234 4.4156785138459261e-06 -0.00038923686107013593
leaf_weight=2364 75 32 89 29 24 20 42 153 21 47 136 21 22 20 23 20 34 21 23 57 30 34 30 20 797 20 20 111 20 69
leaf_count=2364 75 32 89 29 24 20 42 153 21 47 136 21 22 20 23 20 34 21 23 57 30 34 30 20 797 20 20 111 20 69
internal_value=-0.000316003 0.000123933 7.69532e-05 0.00100609 0.00209481 -3.16412e-05 0.00120651 0.000343933 0.000663612 0.00221701 0.000370332 0.00134302 0.00296131 0.00510353 0.000964273 -0.000381951 0.00139283 0.000202378 -0.000169354 -0.000312042 0.000241734 0.00112498 -0.000445602 0.000749982 -0.000502065 0.000449992 -0.00033188 4.47024e-05 0.00149996 -0.000676016
internal_weight=4424 1991 1959 205 116 1754 92 847 573 91 482 172 97 41 70 907 56 63 310 274 121 64 887 40 847 50 287 151 40 2433
internal_count=4424 1991 1959 205 116 1754 92 847 573 91 482 172 97 41 70 907 56 63 310 274 121 64 887 40 847 50 287 151 40 2433
cat_boundaries=0 1
cat_threshold=586
is_linear=0
shrinkage=0.03


Tree=107
num_leaves=31
num_cat=1
split_feature=0 5 8 8 19 12 2 17 4 3 12 2 8 0 0 0 6 9 4 8 13 0 6 3 5 4 17 12 0 6
split_gain=0.698075 0.305198 0.174113 0.36352 0.181741 0.250995 0.484898 0.563942 0.24662 0.203203 0.24298 0.479142 0.247836 0.200102 0.152892 0.343833 0.279477 0.143191 0.202743 0.23707 0.0566979 0.0929102 0.0442149 0.215397 0.0445798 0.0427205 0.119994 0.0417977 0.142851 0.041208
threshold=0.44170845893109173 0.52839756592292109 0.19944284209539223 0.1966496734981962 0 -0.60785761079279388 0.044270833333333336 0.33831163305250628 0.023437500000000003 0.080729166666666671 -0.60785761079279388 0.096354166666666671 0.12224515550543266 0.47556016327877837 0.47781967737816494 0.46191480048608763 0.30368663594470052 0.80598103574033564 0.10156250000000001 0.33361259514664277 0.81174490092936691 0.52464050029776299 0.3000000000000001 0.044270833333333336 0.14858012170385398 0.12239583333333334 0.32079294792226054 0.87837969732492682 0.48652783205086364 0.68064516129032271
decision_type=2 2 2 2 1 2 2 2 2 2 2 2 2 2 2 2 2 2 2 2 2 2 2 2 2 2 2 2 2 2
left_child=22 2 3 4 5 6 -2 -8 13 27 11 -11 -12 -6 15 -7 -17 -4 -19 -20 -16 -22 24 -24 -1 29 -27 -10 -29 -14
right_child=1 -3 17 -5 8 14 7 -9 9 10 12 -13 25 -15 20 16 -18 18 19 -21 21 -23 23 -25 -26 26 -28 28 -30 -31
leaf_value=-0.00084647005748201968 -0.00024985108671810036 0.00026610606307703047 -2.3163177188112427e-05 0.00023277069169120248 -9.3699683123041124e-05 -0.00015331584549262191 4.0121767399845585e-05 4.0978419046497991e-07 -0.00013465457208025855 -1.6383565090026444e-05 2.0962858196327323e-05 6.0872858333070485e-06 -0.00010275985944451439 5.8408121969839326e-05 -7.4600396781949945e-05 3.0021469918857776e-05 1.0890782457929406e-05 -5.5934572412167355e-06 8.1794989427004232e-05 -7.4231735696178933e-05 -0.00010381601555156737 2.3102902808372433e-05 0.000155437277835785 -0.00025460212332797455 -0.00042063582190963268 -0.00012117258776340145 4.7176373519136098e-06 -0.00012153693160972778 7.3675893839234943e-05 -4.6716341353727522e-06
leaf_weight=2255 40 32 563 27 32 65 35 38 441 23 25 25 135 27 148 25 22 49 37 20 20 21 33 124 21 30 20 50 20 21
leaf_count=2255 40 32 563 27 32 65 35 38 441 23 25 25 135 27 148 25 22 49 37 20 20 21 33 124 21 30 20 50 20 21
internal_value=-0.000322784 9.37978e-05 4.63253e-05 0.000250001 0.000176366 0.000682782 0.00190485 0.00335954 -7.77058e-05 -0.000218353 0.000432795 0.00237495 2.92214e-05 0.00179234 0.000246678 0.00112499 0.00307972 -0.000346411 0.000665089 0.00188155 -0.000273807 0.000713398 -0.000663686 -0.00017675 -0.000697275 -0.000313105 0.000449992 -0.000573873 0.000107142 -0.000557688
internal_weight=4424 1991 1959 1290 1263 414 113 73 849 790 279 48 231 59 301 112 47 669 106 57 189 41 2433 157 2276 206 50 511 70 156
internal_count=4424 1991 1959 1290 1263 414 113 73 849 790 279 48 231 59 301 112 47 669 106 57 189 41 2433 157 2276 206 50 511 70 156
cat_boundaries=0 1
cat_threshold=584
is_linear=0
shrinkage=0.03


Tree=108
num_leaves=31
num_cat=2
split_feature=0 5 19 8 16 8 6 18 11 13 16 8 1 7 19 16 2 6 11 18 5 6 1 11 16 8 0 5 5 6
split_gain=0.726124 0.302042 0.163303 0.21291 0.163629 0.173468 0.37681 0.778488 0.381604 0.441199 0.293116 0.267381 0.24532 0.194394 0.25502 0.56406 0.321414 0.146131 0.224531 0.27279 0.119952 0.116009 0.0555941 0.0852368 0.260012 0.441973 0.121207 0.0531522 0.135478 0.0415244
threshold=0.44170845893109173 0.52839756592292109 0 0.096943484910633357 6.5000000000000009 0.19944284209539223 0.5202764976958526 0.46029411764705885 0.6830127018922193 1.0000000180025095e-35 14.500000000000002 0.19123505505912505 0.059895833333333336 0.063698403100188067 1 20.500000000000004 0.070312500000000014 0.60875576036866375 -0.9330127018922193 0.5102941176470589 0.17342799188640975 0.65483870967741953 0.039062500000000007 0.25000000000000017 29.500000000000004 0.13241653228399899 0.39511013716867388 0.23833671399594322 0.25659229208924955 0.36082949308755768
decision_type=2 2 1 2 2 2 2 2 2 2 2 2 2 2 1 2 2 2 2 2 2 2 2 2 2 2 2 2 2 2
left_child=22 2 -2 -4 -5 6 8 -8 11 20 -9 13 -11 14 29 -16 -17 -7 -19 21 -10 -20 -1 -24 -25 26 -26 -15 -29 -6
right_child=1 -3 3 4 5 17 7 10 9 12 -12 -13 -14 27 15 16 -18 18 19 -21 -22 -23 23 24 25 -27 -28 28 -30 -31
leaf_value=-0.0011957452991910868 -0.00015395483267405437 0.00025812288118472117 0.00015495338088111448 -9.4016035176828399e-05 -0.00039587849610662633 -2.9013624563895879e-05 0.00027973680224939863 1.0808956831830519e-05 -5.7536611306347881e-05 3.6213628136933364e-05 -3.7282479388017906e-06 6.0752553762775229e-05 0.00010183895958756915 -0.00027867487457201699 3.2818362348277695e-05 -0.00024673301423071839 4.093523321285628e-05 1.6931737776113996e-05 1.4099796385865763e-05 6.1976105126433238e-05 2.5930478954900023e-05 -2.1495388765852162e-05 -0.00036440616852468851 -0.0005172919600226507 0.00027322298007760538 0.00022002371692769805 -0.0003028806704854579 2.3444019554531267e-05 -7.2674125769763286e-05 -7.7676229365957535e-05
leaf_weight=1786 373 32 24 217 98 315 23 29 36 21 62 23 20 290 31 63 21 22 28 23 37 121 420 141 22 20 44 20 42 20
leaf_count=1786 373 32 24 217 98 315 23 29 36 21 62 23 20 290 31 63 21 22 28 23 37 121 420 141 22 20 44 20 42 20
internal_value=-0.000316003 0.000108866 6.16393e-05 0.000194549 0.000152689 0.000276023 0.000541866 0.00214472 0.000288781 0.00188156 0.000898342 -9.86769e-06 0.00437185 -0.000134614 0.000537552 0.00146999 0.000321425 -0.000160608 0.000487112 0.000122093 0.000482871 -0.000347312 -0.000663686 -0.000425424 4.29521e-05 0.00134301 0.000159089 -0.000579543 0.000217739 -0.000457027
internal_weight=4424 1991 1959 1586 1562 1345 836 114 722 114 91 608 41 585 233 115 84 509 194 172 73 149 2433 647 227 86 66 352 62 118
internal_count=4424 1991 1959 1586 1562 1345 836 114 722 114 91 608 41 585 233 115 84 509 194 172 73 149 2433 647 227 86 66 352 62 118
cat_boundaries=0 1 2
cat_threshold=384 550
is_linear=0
shrinkage=0.03


Tree=109
num_leaves=31
num_cat=1
split_feature=20 1 6 19 16 6 17 2 20 17 6 7 7 4 3 3 17 2 6 18 2 7 10 20 3 17 2 6 7 4
split_gain=0.552748 0.265931 0.376896 0.174882 0.175933 0.251706 0.446409 0.132049 0.153345 0.301908 0.510393 0.135961 0.289432 0.221064 0.416743 0.165075 0.371696 0.123071 0.122494 0.113443 0.110594 0.249985 0.146139 0.284235 0.0902246 0.252734 0.471319 0.107626 0.0727461 0.110495
threshold=0.41096985593637786 0.18489583333333334 0.7589861751152075 0 28.500000000000004 0.60875576036866375 0.33260705618597397 0.13281250000000003 0.56764902299890541 0.33161080935151527 0.67235023041474673 0.058101126053317166 0.04793894859859054 0.059895833333333336 0.059895833333333336 0.044270833333333336 0.3085914918466221 0.13281250000000003 0.61797235023041486 0.4661764705882353 0.023437500000000003 0.067062079439188252 -0.5 0.48652783205086364 0.049479166666666671 0.3085914918466221 0.049479166666666671 0.33594470046082953 0.04940738278462381 0.028645833333333336
decision_type=2 2 2 1 2 2 2 2 2 2 2 2 2 2 2 2 2 2 2 2 2 2 2 2 2 2 2 2 2 2
left_child=-1 3 17 7 -5 20 -7 8 11 10 -10 12 19 15 -15 -14 -17 -3 -11 -2 21 -6 23 -22 25 26 -13 -27 29 -24
right_child=1 2 -4 4 5 6 -8 -9 9 18 -12 24 13 14 -16 16 -18 -19 -20 -21 22 -23 28 -25 -26 27 -28 -29 -30 -31
leaf_value=-0.001239470019598564 1.2806314128224117e-05 -3.7666016273750408e-05 0.00026877380962671786 -0.00015067242022374545 -0.00011643378589206193 3.9520969211850901e-05 -1.5215845356514898e-05 -7.6683347599483842e-06 0.00031711246603135265 -2.2106835128414491e-06 1.6183605514789844e-06 0.00010339515694569221 -0.00034869830148229083 0.00013948628625365004 4.5109002155618525e-07 -0.00042832573443637772 1.9838675232627945e-05 3.8710479567250673e-07 2.8315390681477284e-05 -0.00020354265393550028 -0.0001162517984596862 0.00011684619345052684 0.00020481859543012472 6.6640336540552749e-05 -0.0001269040356363102 -0.00023859444225000746 -0.00055029803859105142 1.7971879245122955e-05 -0.0001096814130240023 -0.00014204606347307681
leaf_weight=1995 28 32 20 623 25 28 28 123 20 80 38 26 39 28 26 23 22 20 20 108 38 20 20 31 363 103 25 29 377 66
leaf_count=1995 28 32 20 623 25 28 28 123 20 80 38 26 39 28 26 23 22 20 20 108 38 20 20 31 363 103 25 29 377 66
internal_value=-0.000349909 -4.60059e-05 0.00174998 -0.000100869 -0.000341231 8.29454e-06 0.00192854 0.000174843 0.000292945 0.00114873 0.00287064 0.000128049 0.000673356 0.00164129 0.00313883 0.000678564 0.00191662 0.000403839 0.000149999 -0.000308821 -0.000178075 0.00124997 -0.000298871 0.000989117 -0.000145603 0.00039754 0.00219113 -0.000295452 -0.000490819 0.000296509
internal_weight=4424 2429 72 2357 1256 633 56 1101 978 158 58 820 274 138 54 84 45 52 100 136 577 45 532 69 546 183 51 132 463 86
internal_count=4424 2429 72 2357 1256 633 56 1101 978 158 58 820 274 138 54 84 45 52 100 136 577 45 532 69 546 183 51 132 463 86
cat_boundaries=0 1
cat_threshold=586
is_linear=0
shrinkage=0.03


Tree=110
num_leaves=31
num_cat=4
split_feature=5 9 7 16 9 8 0 19 6 17 17 5 1 19 9 4 19 8 5 8 0 5 7 19 16 4 1 9 13 17
split_gain=0.681869 0.462234 0.284481 0.180392 0.472417 0.489295 0.457983 0.187633 0.346905 0.194485 0.667203 0.188382 0.301645 0.17283 0.200032 0.27154 0.149657 0.488944 0.729783 0.822291 0.209506 0.386014 0.0927384 0.109481 0.160186 0.370978 0.477478 0.0598989 0.110471 0.0568782
threshold=0.14097363083164302 0.97957695113056176 0.38780974986680611 28.500000000000004 0.5977388767323123 0.10962305582349027 0.44761952423483969 0 0.27603686635944708 0.33660965024253259 0.31464967031419194 0.31947261663286008 0.12239583333333334 1 0.80598103574033564 0.080729166666666671 2 0.12558172954289096 0.16937119675456394 0.12224515550543266 0.61433241398902261 0.37626774847870187 0.051797676022028317 3 29.500000000000004 0.044270833333333336 0.044270833333333336 0.65134938001458809 1.0000000180025095e-35 0.31099480895242965
decision_type=2 2 2 2 2 2 2 1 2 2 2 2 2 1 2 2 1 2 2 2 2 2 2 1 2 2 2 2 2 2
left_child=22 2 3 16 5 -5 -7 8 -8 10 -10 -9 -13 14 -6 -16 17 18 19 -2 -18 -22 -1 24 -24 -26 -27 -19 -29 -15
right_child=1 -3 -4 4 13 6 7 11 9 -11 -12 12 -14 29 15 -17 20 27 -20 -21 21 -23 23 -25 25 26 -28 28 -30 -31
leaf_value=-0.00087683140425079062 -0.00015589814109765861 6.1897856915595726e-05 0.00025917771076478695 3.0757289339824998e-05 -1.4262009928964072e-05 0.0001244643430131668 4.7555443512034018e-05 -7.9271348154354976e-05 -6.9162183912104132e-07 -1.8795455730465479e-05 0.00029439103918990037 0.00016422812109120126 -9.4812043425982794e-05 -6.2308097486206411e-07 -1.5394926324111076e-06 6.0423830100565719e-05 -8.0356821655509704e-05 -0.00021277426173083353 -0.00031181443684542376 4.1897195017688015e-05 2.0857411580834231e-05 -3.0765708098230494e-06 -0.00077414279706536067 -0.0003430007651207879 -0.00096940219499244945 0.00041576297661577346 0.00038938856645408623 -3.8930590885528822e-05 3.6703908293058405e-05 -4.5451340745049217e-05
leaf_weight=1729 20 24 21 26 67 29 21 196 45 68 21 26 25 117 29 22 648 149 36 21 25 38 143 370 77 27 21 29 21 332
leaf_count=1729 20 24 21 26 67 29 21 196 45 68 21 26 25 117 29 22 648 149 36 21 25 38 143 370 77 27 21 29 21 332
internal_value=-0.000288774 0.000110896 6.20086e-05 2.57342e-05 0.000304688 0.00102243 0.000781321 0.000518656 0.00129545 0.000817159 0.00197724 -2.04272e-05 0.00160291 -0.000273808 0.000714839 0.00219113 -0.000263677 0.000325174 0.00236685 0.00510353 -0.000489943 0.00115474 -0.000635931 -0.000326801 0.000140288 0.000929993 0.00299994 -0.000448489 0.000449992 -0.00053758
internal_weight=4423 2056 2032 2011 1024 457 431 402 155 134 66 247 51 567 118 51 987 276 77 41 711 63 2367 638 268 125 48 199 50 449
internal_count=4423 2056 2032 2011 1024 457 431 402 155 134 66 247 51 567 118 51 987 276 77 41 711 63 2367 638 268 125 48 199 50 449
cat_boundaries=0 1 2 3 4
cat_threshold=70 560 521 779
is_linear=0
shrinkage=0.03


Tree=111
num_leaves=31
num_cat=0
split_feature=5 9 7 5 9 0 2 9 9 11 4 7 9 0 1 7 17 9 9 0 13 3 1 12 7 11 16 1 5 7
split_gain=0.579455 0.475363 0.167202 0.389033 0.751036 1.20199 0.151801 0.14051 0.354821 0.14264 0.320437 0.295074 0.564769 0.145611 0.38724 0.751108 0.148025 0.162377 0.214597 0.215178 0.13442 0.102714 0.0944823 0.0932945 0.0927384 0.103377 0.362609 0.339382 0.0999794 0.0596279
threshold=0.14097363083164302 0.97957695113056176 0.05326294979346325 0.16328600405679514 0.52808169219547796 0.46038902396614806 0.075520833333333343 0.30233406272793589 0.30598103574033558 0.6830127018922193 0.054687500000000007 0.10036056523027932 0.51677607585703877 0.59889677441000055 0.12239583333333334 0.10150446750004584 0.30903752872095996 0.66411378555798695 0.69401896425966469 0.4724571835247911 -0.56174490092936669 0.033854166666666671 0.044270833333333336 -0.60785761079279388 0.051797676022028317 0.25000000000000017 29.500000000000004 0.039062500000000007 0.1179851250845166 0.050289727200146177
decision_type=2 2 2 2 2 2 2 2 2 2 2 2 2 2 2 2 2 2 2 2 2 2 2 2 2 2 2 2 2 2
left_child=24 2 3 4 5 -2 -6 -4 -9 13 21 20 -13 16 15 -15 17 22 19 -19 -12 -11 -10 -20 -1 -26 -27 -28 -29 -5
right_child=1 -3 7 29 6 -7 -8 8 9 10 11 12 -14 14 -16 -17 -18 18 23 -21 -22 -23 -24 -25 25 26 27 28 -30 -31
leaf_value=-0.0008505264621232676 -1.9737896529712886e-05 6.0040921208128579e-05 -0.00020638594097518873 -0.00011494339283476256 -0.0001218420268188922 3.2245260054945941e-05 2.781079370847612e-05 2.4835837520236376e-05 3.5034631870358408e-05 6.350269825500723e-05 1.7860325605973649e-05 1.7145535171935952e-06 0.00043544868648360765 3.9039844820137244e-05 -1.0560639039879972e-06 -1.4482657602883873e-06 -0.00016152141473287456 -0.00017799798251737751 1.4931906828852669e-05 7.8234630478368145e-05 -2.1278613916478077e-05 -8.7657010451842724e-05 -0.00023075611807581213 -2.160829338954974e-05 -0.00045486556195041962 -0.00065405022782682272 -0.00019698071502520108 0.0003979358117054151 7.8217412850143381e-05 -2.3017309558515652e-05
leaf_weight=1729 30 24 336 110 63 28 20 30 35 31 20 30 31 33 132 52 525 23 24 22 41 121 167 81 416 138 44 20 20 47
leaf_count=1729 30 24 336 110 63 28 20 30 35 31 20 30 31 33 132 52 525 23 24 22 41 121 167 81 416 138 44 20 20 47
internal_value=-0.000315905 5.25299e-05 2.95347e-06 0.000659394 0.00180318 0.00442234 -2.71074e-05 -0.000109861 2.25329e-05 -4.82449e-05 0.000563867 0.001709 0.00318437 -0.000201553 0.000494238 0.00207351 -0.000373716 0.000102273 0.000849995 0.00258328 0.000233603 -0.00035526 -0.000452967 0.000107143 -0.000635931 -0.000326801 0.000195946 0.00174998 0.00374991 -0.000367831
internal_weight=4423 2056 2032 298 141 58 83 1734 1398 1368 274 122 61 1094 217 85 877 352 150 45 61 152 202 105 2367 638 222 84 40 157
internal_count=4423 2056 2032 298 141 58 83 1734 1398 1368 274 122 61 1094 217 85 877 352 150 45 61 152 202 105 2367 638 222 84 40 157
is_linear=0
shrinkage=0.03


Tree=112
num_leaves=31
num_cat=3
split_feature=5 9 11 16 10 8 0 7 9 7 6 19 17 4 19 18 8 5 0 17 5 17 11 7 10 7 19 16 11 0
split_gain=0.7362 0.455739 0.16554 0.536684 0.671504 0.539081 0.446399 0.507401 0.39472 0.143544 0.266312 0.13621 0.245688 0.868529 0.130217 0.216202 0.78699 0.151637 0.137741 0.106125 0.224986 0.132244 0.22411 0.131274 0.230474 0.0927384 0.109481 0.160186 0.743727 0.0443494
threshold=0.14097363083164302 0.97957695113056176 0.25000000000000017 27.500000000000004 0.25000000000000011 0.13821614325936291 0.4465628893442356 0.045406247467067069 0.53610503282275734 0.053674252811010556 0.31105990783410148 0 0.33831163305250628 0.091145833333333343 1 0.4485294117647059 0.19218106975147189 0.14300202839756596 0.61433241398902261 0.40471732902164365 0.43306288032454365 0.29582662077181993 -0.9330127018922193 0.061233988916926919 0.68301270189221941 0.051797676022028317 2 29.500000000000004 0.25000000000000017 0.59889677441000055
decision_type=2 2 2 2 2 2 2 2 2 2 2 1 2 2 1 2 2 2 2 2 2 2 2 2 2 2 1 2 2 2
left_child=25 2 14 9 5 -5 -6 -8 -7 10 -4 12 13 -9 15 16 -2 -16 -19 21 -21 22 -17 24 -24 -1 27 -27 -29 -13
right_child=1 -3 3 4 6 8 7 11 -10 -11 -12 29 -14 -15 17 19 -18 18 -20 20 -22 -23 23 -25 -26 26 -28 28 -30 -31
leaf_value=-0.00082501066825957023 1.7486257799181465e-05 5.8239693571884111e-05 1.7532479923755854e-05 3.3411721689380439e-05 0.0001197989581503749 -3.3346785854616009e-05 2.8656973716819907e-05 2.0292980061579081e-05 0.0004261942818471266 -0.00030357291112383615 -0.0002676977588583883 -0.00010686807737144755 -2.1470115709151051e-05 -9.7096040319687686e-05 1.1022467400403511e-05 6.0708560556011021e-05 -1.5981712812658798e-05 -0.00011620722345027508 2.0362453198517491e-05 5.5993670596530411e-05 -3.5842085721832417e-05 -4.9972027565024773e-06 -0.00019146013887467821 -9.6939541523507135e-05 2.2953391342369963e-05 -0.00073458353307510437 -0.00031906477530865238 -0.00020908704143768534 0.00063274099235683854 -3.5176191044624927e-05
leaf_weight=1729 20 24 20 27 22 27 22 25 30 321 29 157 82 38 21 21 34 647 24 20 20 303 21 61 20 143 370 93 32 20
leaf_count=1729 20 24 20 27 22 27 22 25 30 321 29 157 82 38 21 21 34 647 24 20 20 303 21 61 20 143 370 93 32 20
internal_value=-0.000275208 0.000140078 9.15361e-05 0.000420732 0.00111666 0.00353567 0.000561475 0.000296511 0.00188155 -0.000425674 0.00108671 -4.65766e-06 0.000653222 0.00210711 -0.000131187 0.000226415 0.00202774 -0.000397435 -0.000481742 2.25329e-05 0.00149996 -0.000116196 0.00071341 0.000132352 0.00144509 -0.000635931 -0.000326801 0.000140288 0.000929993 -0.000549462
internal_weight=4423 2056 2032 820 450 84 366 344 57 370 49 322 145 63 1212 520 54 692 671 466 40 426 123 102 41 2367 638 268 125 177
internal_count=4423 2056 2032 820 450 84 366 344 57 370 49 322 145 63 1212 520 54 692 671 466 40 426 123 102 41 2367 638 268 125 177
cat_boundaries=0 1 2 3
cat_threshold=198 547 779
is_linear=0
shrinkage=0.03


Tree=113
num_leaves=31
num_cat=2
split_feature=5 9 11 16 10 12 3 13 0 1 6 7 0 13 19 0 1 12 11 18 0 18 0 0 7 19 16 11 10 10
split_gain=0.796391 0.446082 0.195858 0.526699 0.456823 0.859476 0.466092 0.55903 0.322003 0.818132 0.260312 0.255554 0.407251 0.143672 0.132486 0.137226 0.128019 0.119392 0.389261 0.152515 0.208437 0.0889076 0.158228 0.622594 0.0852898 0.109481 0.160186 0.743727 0.0823729 0.0654361
threshold=0.14097363083164302 0.97957695113056176 0.25000000000000017 27.500000000000004 0.25000000000000011 1.0000000180025095e-35 0.059895833333333336 0.81174490092936691 0.47151883933976957 0.059895833333333336 0.61244239631336417 0.053878726895501002 0.4707858179801318 1.0000000180025095e-35 0 0.61433241398902261 0.13281250000000003 -0.60785761079279388 -0.9330127018922193 0.45735294117647063 0.47680365491675797 0.47794117647058826 0.53546325041373666 0.58542297693482837 0.051797676022028317 1 29.500000000000004 0.25000000000000017 0.68301270189221941 0.68301270189221941
decision_type=2 2 2 2 2 2 2 2 2 2 2 2 2 2 1 2 2 2 2 2 2 2 2 2 2 1 2 2 2 2
left_child=24 2 14 11 5 13 7 8 9 -6 -8 12 -4 -5 17 -16 -12 18 -2 -20 -21 -19 29 -24 -1 26 -26 -28 -10 -23
right_child=1 -3 3 4 6 -7 10 -9 28 -11 16 -13 -14 -15 15 -17 -18 21 19 20 -22 22 23 -25 25 -27 27 -29 -30 -31
leaf_value=-0.00080026034821178299 9.9371544391725297e-05 5.6492502764727651e-05 1.6200065984718924e-05 -2.9113907151661932e-05 -0.00044190507581413864 0.0004134084533917138 -7.9904868231592632e-05 8.2224511041054557e-05 -3.9507427416188691e-05 0.00010153348555960585 9.0643647887469185e-06 -0.0003102683959905729 -0.00025173081353706722 0.00021329001380689645 -0.00011800115014903673 1.9751579602563248e-05 6.9692553684216414e-07 -1.6612587821555377e-05 1.3461299621155771e-05 6.1339157622074943e-06 -3.4478022009551317e-05 -0.00022588876926703139 2.2843425878289724e-05 -8.848713332132816e-07 -0.00071254602708285147 -0.00030949283204939349 -0.00020281443019455484 0.00061375876258613373 3.4244513336522589e-06 -1.6488111203213328e-06
leaf_weight=1729 23 24 22 25 22 30 186 20 43 22 20 320 28 29 505 24 24 236 30 33 107 102 34 75 143 370 93 32 29 43
leaf_count=1729 23 24 22 25 22 30 186 20 43 22 20 320 28 29 505 24 24 236 30 33 107 102 34 75 143 370 93 32 29 43
internal_value=-0.000248077 0.000183853 0.000135827 0.000493903 0.00118333 0.00317853 0.000725409 0.00211763 0.00131895 0.00334083 -9.78249e-05 -0.000344593 0.00164997 0.00091665 -0.000106435 -0.000457791 0.00197723 0.000169914 0.000804401 0.000308822 -0.000107141 -7.65297e-05 0.000312992 0.0011766 -0.000623256 -0.000326801 0.000140288 0.000929993 8.33329e-05 -0.000336204
internal_weight=4423 2056 2032 820 450 84 366 136 116 44 230 370 50 54 1212 529 44 683 193 170 140 490 254 109 2367 638 268 125 72 145
internal_count=4423 2056 2032 820 450 84 366 136 116 44 230 370 50 54 1212 529 44 683 193 170 140 490 254 109 2367 638 268 125 72 145
cat_boundaries=0 1 2
cat_threshold=555 779
is_linear=0
shrinkage=0.03


Tree=114
num_leaves=31
num_cat=1
split_feature=5 9 8 5 8 6 1 8 0 7 8 8 2 13 1 6 8 3 18 5 18 7 19 9 9 7 7 7 11 3
split_gain=0.739842 0.452509 0.14655 0.16422 0.58616 0.527995 0.429449 0.344406 0.213586 0.424101 0.497401 1.18431 0.266312 0.159313 0.143574 0.203902 0.396378 0.326696 0.137466 0.126988 0.143165 0.0852898 0.109481 0.153831 0.310719 0.408307 0.0791857 0.230155 0.244192 0.0701466
threshold=0.14097363083164302 0.97957695113056176 0.09742181278566435 0.2991886409736309 0.18916446128283268 0.62350230414746555 0.12760416666666669 0.1813468332704895 0.47964949943148871 0.054588354999843228 0.12257353191986238 0.12658369500764458 0.059895833333333336 1.0000000180025095e-35 0.054687500000000007 0.31105990783410148 0.12628659435416911 0.049479166666666671 0.50735294117647067 0.54462474645030434 0.42500000000000004 0.051797676022028317 0 0.60357403355215189 0.49781181619256026 0.058101126053317166 0.10811401452739054 0.11992761639997179 -0.5 0.070312500000000014
decision_type=2 2 2 2 2 2 2 2 2 2 2 2 2 2 2 2 2 2 2 2 2 2 1 2 2 2 2 2 2 2
left_child=21 2 -2 8 5 6 -5 -7 9 10 13 -12 -13 -4 -11 18 -17 -18 -16 20 -6 -1 23 24 -23 -26 -10 28 -28 -22
right_child=1 -3 3 4 19 7 -8 -9 26 14 11 12 -14 -15 15 16 17 -19 -20 -21 29 22 -24 -25 25 -27 27 -29 -30 -31
leaf_value=-0.00077625253776542925 1.1375217523254648e-05 5.4797727681785519e-05 -0.00043854135515568863 9.7776244660047373e-06 2.7643134935973349e-06 -9.3112666686185775e-07 3.5126265135025269e-07 1.8970280976524971e-05 -5.3938988276659474e-05 -0.00029467630904440195 2.8853709458119459e-05 -0.00015988055141729761 1.3802774290083663e-05 2.674734639971086e-05 -0.0002847730458120596 4.0753787778189911e-05 8.6408411154787737e-05 -0.000261716338544276 5.6732772819831145e-05 0.00022068727455084488 1.4076593637287345e-05 -0.00070007841596142863 -0.00030020804708791158 -0.00020013833911071828 0.00076248578000096684 -0.00031099200803712458 -0.00067823738601296578 -9.6773705140512566e-05 7.8416093726702617e-05 -1.2537379052134155e-05
leaf_weight=1729 31 24 57 20 20 61 21 26 738 240 20 29 20 35 113 20 20 53 24 20 77 109 370 105 24 30 24 87 39 237
leaf_count=1729 31 24 57 20 20 61 21 26 738 240 20 29 20 35 113 20 20 53 24 20 77 109 370 105 24 30 24 87 39 237
internal_value=-0.000261643 0.00015467 0.0001063 7.45884e-05 0.000557054 0.00229686 0.00510353 0.000974127 -7.85048e-05 0.000343503 0.00167235 0.00359777 0.00108671 0.000228259 -0.000111701 0.000423912 0.00150805 0.000482871 -0.000312041 -7.2033e-05 -0.000211076 -0.000623256 -0.000326801 0.000140288 0.000722389 0.00258329 -0.000378377 0.000249999 0.00163093 -0.000367833
internal_weight=4423 2056 2032 2001 482 128 41 87 1519 631 161 69 49 92 470 230 93 73 137 354 334 2367 638 268 163 54 888 150 63 314
internal_count=4423 2056 2032 2001 482 128 41 87 1519 631 161 69 49 92 470 230 93 73 137 354 334 2367 638 268 163 54 888 150 63 314
cat_boundaries=0 1
cat_threshold=779
is_linear=0
shrinkage=0.03


Tree=115
num_leaves=31
num_cat=2
split_feature=0 12 17 2 17 16 8 19 16 16 5 6 3 17 0 2 6 0 5 8 10 6 6 5 18 7 18 19 2 6
split_gain=0.904964 0.386405 0.466914 0.637088 0.880161 0.846099 0.503071 0.304093 0.327898 0.393883 0.245957 0.219361 0.332292 0.19018 0.119994 0.109484 0.199778 0.0825796 0.186881 0.344931 0.16025 0.133296 0.210723 0.22124 0.350264 0.508221 0.684999 0.103256 0.266084 0.07699
threshold=0.42584125295821557 -0.60785761079279388 0.33780103820951418 0.075520833333333343 0.28323121436473503 29.500000000000004 0.10460156880180856 0 11.500000000000002 21.500000000000004 0.52839756592292109 0.54516129032258076 0.091145833333333343 0.29807587908879368 0.53121608501887896 0.023437500000000003 0.26958525345622125 0.56286410739646286 0.32961460446247465 0.18051107774196509 0.25000000000000011 0.32764976958525355 0.29539170506912449 0.17139959432048682 0.46323529411764708 0.048735142171201735 0.47794117647058826 1 0.070312500000000014 0.73963133640553014
decision_type=2 2 2 2 2 2 2 1 2 2 2 2 2 2 2 2 2 2 2 2 2 2 2 2 2 2 2 1 2 2
left_child=-1 2 3 6 14 -6 -2 8 -8 -10 15 -4 -13 -11 -5 16 -3 21 19 -19 -21 22 27 24 -24 -26 -27 28 -17 -20
right_child=1 10 11 4 5 -7 7 -9 9 13 -12 12 -14 -15 -16 17 -18 18 29 20 -22 -23 23 -25 25 26 -28 -29 -30 -31
leaf_value=-0.00091788197105529146 0.000273303508168488 4.6502881942527577e-05 -2.5415851325568353e-05 1.345037049713038e-05 2.2643847346540444e-05 7.5757582925426597e-05 -0.00042033260419446967 -0.00011542757158676513 4.4942182115913229e-05 6.76286521209832e-05 9.9259384909974763e-05 0.00015473822782891876 -1.1593712363976929e-05 -0.00020585197751880148 -0.00010885689599863797 -8.2154676733562837e-05 -0.00027533003485998535 7.3565023145272352e-06 -1.4999339571838493e-05 0.00039253149701259303 -7.9713719034273041e-05 -0.00020556936138413313 -0.00025752079291693276 -1.164578497436063e-05 -8.9506510948314088e-05 8.1156549688830173e-05 8.7995908105872377e-06 -0.00028455223020990879 3.5811084157763176e-05 6.0520360642382816e-06
leaf_weight=2168 20 22 217 20 34 25 42 130 30 25 25 25 27 28 30 81 21 34 193 32 89 569 36 81 24 23 28 258 22 36
leaf_count=2168 20 22 217 20 34 25 42 130 30 25 25 25 27 28 30 81 21 34 193 32 89 569 36 81 24 23 28 258 22 36
internal_value=-0.000272184 0.00015256 0.000766079 0.0014375 0.00337841 0.00586007 0.00066818 0.000308823 0.00130555 0.00250298 -0.000101969 -0.000192378 0.00155766 0.000948096 0.000449992 -0.000149612 0.00134299 -0.00019223 0.0001875 0.00099193 0.000241734 -0.000322192 9.49437e-06 0.000812496 0.00168242 0.00284996 0.00454403 -0.000417588 0.000378316 -0.000356985
internal_weight=4395 2227 653 384 109 59 275 255 125 83 1574 269 52 53 50 1549 43 1506 384 155 121 1122 553 192 111 75 51 361 103 229
internal_count=4395 2227 653 384 109 59 275 255 125 83 1574 269 52 53 50 1549 43 1506 384 155 121 1122 553 192 111 75 51 361 103 229
cat_boundaries=0 1 2
cat_threshold=650 80
is_linear=0
shrinkage=0.03


Tree=116
num_leaves=31
num_cat=1
split_feature=0 8 5 12 2 8 19 8 1 4 5 2 3 11 11 6 7 1 7 18 18 6 3 8 6 0 2 5 4 4
split_gain=0.876869 0.280896 0.278439 0.168276 0.288455 0.237841 0.194401 0.323259 0.819262 0.162499 0.274721 0.429733 0.183326 0.136409 0.158593 0.242707 0.247996 0.184154 0.302062 0.165973 0.221641 0.365206 0.689016 0.160761 0.152375 0.0885119 0.479363 0.2422 0.0788458 0.0707724
threshold=0.42584125295821557 0.092976158837091025 0.57707910750507108 -0.60785761079279388 0.13281250000000003 0.24855113226519951 0 0.12450006889054512 0.054687500000000007 0.054687500000000007 0.25659229208924955 0.070312500000000014 0.044270833333333336 0.25000000000000017 0.93301270189221952 0.61244239631336417 0.11470218836877218 0.085937500000000014 0.10811401452739054 0.48088235294117648 0.46911764705882358 0.29539170506912449 0.070312500000000014 0.13293229993885244 0.26958525345622125 0.56286410739646286 0.10156250000000001 0.32961460446247465 0.12760416666666669 0.018229166666666668
decision_type=2 2 2 2 2 2 1 2 2 2 2 2 2 2 2 2 2 2 2 2 2 2 2 2 2 2 2 2 2 2
left_child=-1 -2 3 4 6 -6 7 8 -3 -9 11 12 -11 25 15 17 -17 18 19 20 24 -22 -23 -19 -15 29 27 -27 -8 -5
right_child=1 2 -4 13 5 -7 28 9 -10 10 -12 -13 -14 14 -16 16 -18 23 -20 -21 21 22 -24 -25 -26 26 -28 -29 -30 -31
leaf_value=-0.00089034551192363246 0.00013678256856009197 9.6197672190013247e-05 0.00020872380675647685 2.2553074412403198e-06 4.8936580312107464e-05 -0.00010628384896320704 -3.5527653514298599e-05 -0.00010490743043380111 -2.1002693884198339e-06 6.339874959086371e-05 -6.1149998827159894e-07 5.7557609030046993e-05 -0.00032557724888081723 2.0623215555242264e-05 -0.00034654664810743224 -5.0226130779132115e-05 3.5986265327791649e-05 4.3854761212150548e-06 0.0004033203603760899 -6.8916205090695243e-05 -0.00014997771244916065 7.1457137911466295e-05 -6.8604657272671276e-05 -5.8530499118608576e-05 -0.00022044104309437983 1.1850938492512114e-05 -1.8666045374014378e-05 -2.3024897241237634e-07 2.3930404822722713e-05 -0.00021432698396168015
leaf_weight=2168 33 22 21 41 20 21 267 78 36 27 78 24 33 20 116 24 21 22 26 71 24 21 25 168 64 28 172 24 31 669
leaf_count=2168 33 22 21 41 20 21 267 78 36 27 78 24 33 20 116 24 21 22 26 71 24 21 25 168 64 28 172 24 31 669
internal_value=-0.000279009 0.000139089 9.77673e-05 6.45428e-05 0.00047449 0.00290847 0.000307047 0.00083279 0.00287064 0.000374999 0.000916662 0.00210712 0.000749988 -0.000105468 0.000246678 0.000484568 0.00258328 0.000270408 0.000803782 0.000449999 0.00100324 0.00224997 0.00381514 -0.000434208 -3.57131e-05 -0.00033244 0.0001875 0.00271149 -0.000238635 -0.000496477
internal_weight=4395 2227 2194 2173 637 41 596 298 58 240 162 84 60 1536 602 486 45 441 251 225 154 70 46 190 84 934 224 52 298 710
internal_count=4395 2227 2194 2173 637 41 596 298 58 240 162 84 60 1536 602 486 45 441 251 225 154 70 46 190 84 934 224 52 298 710
cat_boundaries=0 1
cat_threshold=526
is_linear=0
shrinkage=0.03


Tree=117
num_leaves=31
num_cat=1
split_feature=6 16 19 6 17 17 6 12 8 8 8 8 0 0 7 0 18 12 4 0 1 11 8 17 8 8 18 1 18 8
split_gain=0.856874 0.289499 0.277612 0.417433 0.277518 0.515609 0.352378 0.344244 0.679713 0.677101 0.510703 0.338913 0.265117 0.225821 0.134869 0.288358 0.437625 0.22374 0.127601 0.0969146 0.324881 0.0862111 0.154604 0.271655 0.09265 0.0798596 0.0683529 0.109737 0.0683748 0.0409715
threshold=0.24377880184331804 7.5000000000000009 0 0.73963133640553014 0.3358437579780445 0.32988681814313686 0.69262672811059922 -0.60785761079279388 0.19944284209539223 0.17733378743684181 0.13362524250080873 0.1168743981058822 0.50213191564481241 0.41876820771680739 0.05326294979346325 0.4465628893442356 0.4661764705882353 0.6078576107927941 0.13802083333333334 0.56286410739646286 0.11197916666666667 1.0000000180025095e-35 0.21743680224164993 0.35549811363571898 0.18579397213266124 0.12896556527388528 0.46911764705882358 0.059895833333333336 0.48382352941176471 0.11570527351525862
decision_type=2 2 1 2 2 2 2 2 2 2 2 2 2 2 2 2 2 2 2 2 2 2 2 2 2 2 2 2 2 2
left_child=-1 -2 4 14 5 7 18 8 9 10 11 -3 -7 -9 15 -4 -17 -18 -6 26 -21 29 23 24 25 -23 -15 -28 -29 -16
right_child=1 2 3 -5 6 12 -8 13 -10 -11 -12 -13 -14 19 21 16 17 -19 -20 20 -22 22 -24 -25 -26 -27 27 28 -30 -31
leaf_value=-0.00076208298845430753 -7.9028056134209426e-05 0.00017144684107160387 -0.00038207500667817793 4.7571273567678739e-05 -1.7829433356533995e-05 1.7279323507109192e-05 0.00018605806226695465 3.1703169681962719e-05 -4.7654740273841319e-05 8.8517331580526985e-05 -5.9928008231472584e-05 5.3861107547086997e-05 1.2974736165456905e-05 -0.00028299867361560228 -9.1002128506047634e-05 3.3529936549594411e-05 -8.7468707923725307e-05 5.7169619228951811e-06 4.209455053489854e-05 0.0001743594530859363 -1.1034371655634531e-05 6.3186574240140954e-06 -0.00012257741049277778 3.8522542354079651e-05 3.0186982211310019e-05 -4.2742195695718113e-05 6.3156944005678223e-05 7.1979278924153258e-06 -0.00020924125117840033 -0.00022765277361649135
leaf_weight=2052 401 26 98 28 308 22 32 36 56 25 35 25 20 114 23 27 73 24 23 27 61 36 145 31 24 92 38 39 78 376
leaf_count=2052 401 26 98 28 308 22 32 36 56 25 35 25 20 114 23 27 73 24 23 27 61 36 145 31 24 92 38 39 78 376
internal_value=-0.000258532 0.000133483 0.000285016 -7.37074e-05 0.000642308 0.00104402 -6.19761e-06 0.000803571 0.0019446 0.00330403 0.00204067 0.00395581 0.0042499 0.000318702 -0.000180979 0.000466215 0.00142741 0.000487109 -0.000296826 9.03366e-05 0.000954535 -0.000378609 -1.82919e-05 0.000561473 3.94741e-05 -0.000281247 -0.000192378 0.000217741 -0.000237177 -0.00067481
internal_weight=4395 2343 1942 977 965 602 363 560 167 111 86 51 42 393 949 222 124 97 331 357 88 727 328 183 152 128 269 155 117 399
internal_count=4395 2343 1942 977 965 602 363 560 167 111 86 51 42 393 949 222 124 97 331 357 88 727 328 183 152 128 269 155 117 399
cat_boundaries=0 1
cat_threshold=554
is_linear=0
shrinkage=0.03


Tree=118
num_leaves=31
num_cat=0
split_feature=6 9 16 8 8 8 1 11 5 16 3 4 6 1 11 6 11 4 4 1 1 7 1 9 0 9 3 8 5 5
split_gain=0.731184 0.530118 0.218855 0.207302 0.164973 0.411624 1.01932 0.393241 0.299633 0.744173 0.213749 0.433765 0.338011 0.346292 0.432049 0.650624 0.149057 0.155727 0.288854 0.147961 0.138394 0.127267 0.121563 0.0651274 0.100152 0.0601223 0.111105 0.0548143 0.326696 0.0443798
threshold=0.24377880184331804 0.97957695113056176 5.5000000000000009 0.092976158837091025 0.20048501969437313 0.19218106975147189 0.075520833333333343 -0.5 0.2991886409736309 11.500000000000002 0.054687500000000007 0.023437500000000003 0.28433179723502316 0.075520833333333343 0.25000000000000017 0.32488479262672815 0.6830127018922193 0.044270833333333336 0.080729166666666671 0.24739583333333334 0.12239583333333334 0.096876202392636931 0.049479166666666671 0.47191830780452232 0.44050775762703082 0.92924872355944577 0.059895833333333336 0.30935014610256384 0.28498985801217042 0.31947261663286008
decision_type=2 2 2 2 2 2 2 2 2 2 2 2 2 2 2 2 2 2 2 2 2 2 2 2 2 2 2 2 2 2
left_child=-1 2 -2 -4 5 7 -7 25 10 -10 11 -9 -13 14 22 -16 -12 -18 -19 23 -11 -8 -14 -6 -25 -5 -27 29 -29 -26
right_child=1 -3 3 4 19 6 21 8 9 20 16 12 13 -15 15 -17 17 18 -20 -21 -22 -23 -24 24 27 26 -28 28 -30 -31
leaf_value=-0.00073922049880067932 -0.00015548342378527373 4.9581270233090372e-05 0.00019837693720110204 -0.00010598649319464689 -0.00022127342104553841 8.6193689567900684e-05 -1.3460408860444736e-05 5.116507944982913e-05 1.1505990136830231e-05 1.4818711072830709e-05 -6.3196174010602906e-05 -7.9390001010228207e-05 7.8842441238326911e-05 -1.4174605324842743e-05 0.00010645667370197753 -0.00020777146990518479 -8.912900430641561e-05 1.8502207762377587e-05 -3.2804236694186806e-05 0.00019837162616639486 -1.4600557421200793e-05 0.00025271264348399335 -0.0002937587252845171 2.5694392404158424e-05 -0.00015488558142727821 -0.00036184586913285658 1.8503335991103858e-05 1.6047936572154531e-05 -1.6327554233659463e-05 -4.1679283722039185e-06
leaf_weight=2052 287 22 25 482 248 20 35 20 24 33 283 97 20 65 36 25 30 34 22 20 34 20 31 24 169 25 20 20 53 119
leaf_count=2052 287 22 25 482 248 20 35 20 24 33 283 97 20 65 36 25 30 34 22 20 34 20 31 24 169 25 20 20 53 119
internal_value=-0.000292661 6.94629e-05 2.55285e-05 0.000134956 0.00010117 0.000289824 0.00244997 0.00016335 0.000602785 0.00221701 0.000381222 0.000984691 0.000673356 0.00145338 0.00246426 0.00416797 -9.95925e-05 0.000994175 0.00192854 -0.000290581 0.000593275 0.000340904 0.000426463 -0.000370852 -0.000126622 -0.000465368 0.000583321 -0.000251384 0.000482871 -0.000437498
internal_weight=4395 2343 2321 2034 2009 1356 75 1281 754 91 663 294 274 177 112 61 369 86 56 653 67 55 51 633 385 527 45 361 73 288
internal_count=4395 2343 2321 2034 2009 1356 75 1281 754 91 663 294 274 177 112 61 369 86 56 653 67 55 51 633 385 527 45 361 73 288
is_linear=0
shrinkage=0.03


Tree=119
num_leaves=31
num_cat=2
split_feature=6 9 19 0 6 4 18 17 17 7 12 4 7 0 16 19 1 0 9 6 6 7 12 1 7 1 1 9 1 0
split_gain=0.752048 0.524276 0.375419 0.326708 0.552453 0.55441 0.265754 0.141486 0.40811 0.336091 0.13442 0.13215 0.371383 0.155549 0.111965 0.127334 0.163984 0.195739 0.191691 0.541118 0.428552 0.457956 0.0957637 0.214823 0.095233 0.0912374 0.24414 0.185763 0.403734 0.107364
threshold=0.24377880184331804 0.97957695113056176 0 0.47151883933976957 0.3000000000000001 0.080729166666666671 0.52500000000000002 0.33439707258956691 0.3085914918466221 0.092343480677863826 -0.60785761079279388 0.023437500000000003 0.05326294979346325 0.50105252437683734 11.500000000000002 1 0.085937500000000014 0.55673768899067289 0.70386579139314387 0.34976958525345631 0.29539170506912449 0.064920930839161797 -0.60785761079279388 0.075520833333333343 0.052430665001144454 0.065104166666666671 0.070312500000000014 0.72611232676878201 0.11197916666666667 0.47880175080509063
decision_type=2 2 1 2 2 2 2 2 2 2 2 2 2 2 2 1 2 2 2 2 2 2 2 2 2 2 2 2 2 2
left_child=-1 2 3 4 10 -6 7 8 22 -10 -2 12 -4 -14 -13 16 17 18 19 20 24 -22 23 -5 -16 -17 29 -28 -29 -27
right_child=1 -3 11 6 5 -7 -8 -9 9 -11 -12 14 13 -15 15 25 -18 -19 -20 -21 21 -23 -24 -25 -26 26 27 28 -30 -31
leaf_value=-0.00071704388383665848 3.3146467175161482e-05 4.8093832126096342e-05 0.00019631261339840444 4.7779008007031017e-05 8.7361894648134512e-05 -6.0630579837685801e-05 0.00019242047738140205 -1.0691365998064748e-05 1.2425207691273485e-06 0.00013412248420684397 -0.00020027880926154371 -8.6892134034757625e-05 -0.00039748537969213038 2.0169827943503859e-05 1.5230835043241363e-05 -0.00013671305823428301 -7.1543969301514788e-05 0.00017031791874513175 -0.00024655600088089344 -0.00036830382291925547 4.4762454225091428e-05 5.5336642599072437e-05 -3.5254425544667577e-05 -7.9785854252677069e-05 -4.323569205187896e-05 3.9111926758083956e-05 -1.7589163734116821e-05 4.359009480459236e-05 -5.8982538822864116e-06 -0.00028302231695438241
leaf_weight=2052 20 22 25 23 31 21 20 183 40 32 41 398 70 20 21 365 134 21 105 70 20 22 130 28 21 20 333 36 50 21
leaf_count=2052 20 22 25 23 31 21 20 183 40 32 41 398 70 20 21 365 134 21 105 70 20 22 130 28 21 20 333 36 50 21
internal_value=-0.000272184 9.50711e-05 5.13794e-05 0.00071373 0.00217034 0.00444222 0.000368421 0.000213303 0.000672923 0.0025833 0.000233603 -0.000166855 0.000815211 -8.33317e-05 -0.000236865 -9.62462e-05 0.000329009 0.000749998 0.00052413 0.00119804 0.0028214 0.00496417 -8.70154e-05 0.00101469 0.000678556 -0.000309879 -3.26079e-05 -0.000248805 0.000994175 0.00217678
internal_weight=4395 2343 2321 569 113 52 456 436 253 72 61 1752 115 90 1637 1239 414 280 259 154 84 42 181 51 42 825 460 419 86 41
internal_count=4395 2343 2321 569 113 52 456 436 253 72 61 1752 115 90 1637 1239 414 280 259 154 84 42 181 51 42 825 460 419 86 41
cat_boundaries=0 1 2
cat_threshold=514 72
is_linear=0
shrinkage=0.03


Tree=120
num_leaves=31
num_cat=1
split_feature=5 19 7 7 18 12 16 7 18 4 6 9 6 16 6 18 17 9 7 16 17 17 7 7 6 6 6 6 7 7
split_gain=0.643224 0.347122 0.4274 0.981351 0.322359 0.470093 0.575265 0.568124 0.224022 0.311678 0.38092 0.149361 0.132147 0.299559 0.329222 0.119498 0.161801 0.0962531 0.262494 0.729122 0.118038 0.613797 0.0873633 0.0852256 0.092915 0.14102 0.0833556 0.363593 0.289846 0.834421
threshold=0.14097363083164302 0 0.055089635996602375 0.052639969885266709 0.50147058823529422 1.0000000180025095e-35 26.500000000000004 0.10036056523027932 0.48088235294117648 0.065104166666666671 0.28617511520737338 0.4584245076586434 0.3000000000000001 29.500000000000004 0.33870967741935493 0.48676470588235299 0.4150285082120671 0.68490153172866541 0.062610190050325087 16.500000000000004 0.33037833904084474 0.33439707258956691 0.067389213475357965 0.069872590815374724 0.3175115207373273 0.33870967741935493 0.52396313364055314 0.65483870967741953 0.14842600721355023 0.097920479806488284
decision_type=2 1 2 2 2 2 2 2 2 2 2 2 2 2 2 2 2 2 2 2 2 2 2 2 2 2 2 2 2 2
left_child=12 2 3 8 22 6 -6 -8 9 10 -2 -7 -1 -14 -15 16 17 20 19 -19 -3 -22 -4 -24 -25 -26 -27 28 29 -28
right_child=1 15 4 -5 5 11 7 -9 -10 -11 -12 -13 13 14 -16 -17 -18 18 -20 -21 21 -23 23 24 25 26 27 -29 -30 -31
leaf_value=-0.0005353248874998271 3.9308202015043167e-07 -7.8896381927023913e-05 -0.00019683434202806866 4.8998015106825812e-05 -0.00012499986851406022 1.1406344293112926e-05 2.8813997834116346e-05 0.00020083640323075984 -0.00018678243250814611 -0.00035837676262782774 2.0942544544042664e-05 -4.4963500312556666e-05 -0.0007170035748127727 7.1731956550556762e-05 -0.00010125311170369249 -4.6914390147725696e-05 0.00014192142403938489 -0.00036885577832282439 -3.8614154871606135e-06 3.6906882012534124e-05 1.5076203295965876e-05 -8.9699833407822432e-05 6.159542243914433e-05 -0.00047122815944941111 8.5255826407469281e-05 -1.7007613790539639e-05 6.683704199803845e-07 -7.2240200749458457e-06 -0.00034264181395470808 0.00025905260698573447
leaf_weight=2191 21 331 119 26 20 20 22 22 46 24 21 59 99 21 33 395 32 28 120 20 20 149 22 100 30 202 29 111 20 20
leaf_count=2191 21 331 119 26 20 20 22 22 46 24 21 59 99 21 33 395 32 28 120 20 20 149 22 100 30 202 29 111 20 20
internal_value=-0.0002835 0.000107566 0.000529132 0.00207607 0.000267588 0.00155768 0.0034687 0.00538624 0.000857136 0.00197724 0.00353563 9.49427e-06 -0.000622013 0.000230391 0.00202774 -0.000254524 -2.14278e-05 -0.000121257 0.000499998 0.00237495 -0.000329999 0.000315088 -1.49303e-05 0.000148877 7.03131e-05 0.000269418 0.000113875 0.000583331 0.00229345 0.00353564
internal_weight=4373 2029 934 138 796 143 64 44 112 66 42 79 2344 153 54 1095 700 668 168 48 500 169 653 534 512 412 382 180 69 49
internal_count=4373 2029 934 138 796 143 64 44 112 66 42 79 2344 153 54 1095 700 668 168 48 500 169 653 534 512 412 382 180 69 49
cat_boundaries=0 1
cat_threshold=582
is_linear=0
shrinkage=0.03


Tree=121
num_leaves=31
num_cat=2
split_feature=0 16 8 2 9 0 17 17 3 1 17 18 19 9 18 10 17 12 19 3 7 18 9 12 2 4 2 8 8 0
split_gain=0.708817 0.281125 0.323616 0.307149 0.641891 0.224966 0.200549 0.355337 1.03695 0.288318 0.210452 0.314038 0.156996 0.257389 0.696022 0.26508 0.162611 0.156074 0.232573 0.284493 0.206871 0.185174 0.224986 0.143649 0.106784 0.0885546 0.100983 0.0937913 0.0544477 0.148069
threshold=0.39309753285064181 28.500000000000004 0.36060968689366818 0.075520833333333343 0.39897884755652818 0.49630345877563281 0.33082290868862235 0.3106250678592285 0.075520833333333343 0.039062500000000007 0.4150285082120671 0.46911764705882358 0 0.61852662290299076 0.50147058823529422 1.0000000180025095e-35 0.29770833883543302 -0.60785761079279388 1 0.096354166666666671 0.055388226996607351 0.46029411764705885 0.52552881108679805 -0.60785761079279388 0.044270833333333336 0.12760416666666669 0.070312500000000014 0.092976158837091025 0.17145492021784528 0.57229813476139524
decision_type=2 2 2 2 2 2 2 2 2 2 2 2 1 2 2 2 2 2 1 2 2 2 2 2 2 2 2 2 2 2
left_child=-1 17 3 12 5 -5 7 9 -9 -6 -8 -12 13 14 15 -3 -17 18 19 20 -2 22 -20 -11 -22 26 27 -14 29 -19
right_child=1 2 -4 4 6 -7 10 8 -10 23 11 -13 25 -15 -16 16 -18 28 21 -21 24 -23 -24 -25 -26 -27 -28 -29 -30 -31
leaf_value=-0.0012617092384720218 3.605698769140558e-05 0.00068843594601907844 7.8010285318515335e-05 9.9608356633209728e-06 1.450315112396383e-05 3.6253097722056426e-05 -7.3125763254152957e-06 -0.00011480076253333468 8.8028184559586802e-05 4.0512134413765933e-05 0.00018021419463009003 -9.2454533967659344e-06 5.0210086737804446e-06 -0.00017576220799473424 0.00018131514131388711 5.3703129962632755e-05 -0.00014155517618742611 -0.00014900516750947787 -0.00035320557143818712 2.291694622460734e-05 5.557080706872357e-05 -0.00021270541488969369 2.2032617512693657e-05 -4.3485050440444337e-05 -0.00016993343041403472 5.8131582270836496e-05 3.4237180382456162e-05 -0.00012187192929148766 -0.00010669349777918245 1.9661244980597572e-06
leaf_weight=1711 23 33 28 20 20 20 181 36 38 20 25 47 39 165 21 20 87 491 20 24 26 186 20 119 59 32 32 417 393 20
leaf_count=1711 23 33 28 20 20 20 181 36 38 20 25 47 39 165 21 20 87 491 20 24 26 186 20 119 59 32 32 417 393 20
internal_value=-0.000256059 5.0151e-05 0.000342858 0.000277697 0.000846957 0.00449989 0.000546296 0.00118133 0.00289861 0.000382074 -3.85367e-05 0.00133332 -7.62403e-05 0.000433035 0.00129968 0.000535711 -0.00018925 -0.000274563 0.000255587 0.00120422 0.000638884 -0.000336862 0.00149996 -0.000102517 -4.41164e-05 -0.000396225 -0.000504097 -0.000618419 -0.000484512 -0.000280331
internal_weight=4373 2662 1400 1372 526 40 486 233 74 159 253 72 846 326 161 140 107 1262 358 132 108 226 40 139 85 520 488 456 904 511
internal_count=4373 2662 1400 1372 526 40 486 233 74 159 253 72 846 326 161 140 107 1262 358 132 108 226 40 139 85 520 488 456 904 511
cat_boundaries=0 1 2
cat_threshold=836 522
is_linear=0
shrinkage=0.03


Tree=122
num_leaves=31
num_cat=1
split_feature=20 19 11 9 6 7 18 6 12 16 3 17 4 8 8 3 6 9 6 20 4 9 6 8 12 6 9 7 17 16
split_gain=0.591624 0.260723 0.349129 0.596893 1.02102 0.417325 0.345476 0.456113 0.134794 0.257708 0.347356 0.144552 0.240683 0.133801 0.128884 0.240683 0.102433 0.0997009 0.283318 0.134767 0.0824133 0.256536 0.0548119 0.106011 0.203263 0.170069 0.051996 0.131028 0.0475301 0.0383616
threshold=0.39309753285064181 0 0.25000000000000017 0.2538293216630198 0.2483870967741936 0.055089635996602375 0.49558823529411766 0.65115207373271911 -0.60785761079279388 13.500000000000002 0.044270833333333336 0.29807587908879368 0.091145833333333343 0.13480005795791297 0.088210155466507345 0.039062500000000007 0.33870967741935493 0.51896425966447868 0.27603686635944708 0.40714532703290862 0.15364583333333334 0.59992706053975209 0.24654377880184339 0.11298084989203815 0.87837969732492682 0.26682027649769591 0.92924872355944577 0.075471023833399251 0.40102969960003415 18.500000000000004
decision_type=2 1 2 2 2 2 2 2 2 2 2 2 2 2 2 2 2 2 2 2 2 2 2 2 2 2 2 2 2 2
left_child=-1 2 8 29 -5 -6 13 16 9 10 -2 12 -11 -7 15 -3 -8 18 -10 -19 22 -22 -16 24 25 -24 28 -28 -21 -4
right_child=1 14 3 4 5 6 7 -9 17 11 -12 -13 -14 -15 20 -17 -18 19 -20 26 21 -23 23 -25 -26 -27 27 -29 -30 -31
leaf_value=-0.0012238579613178613 -0.00030576292132213523 -0.00090391306569232279 -0.00068152715518649302 0.00017573615525214373 1.7918080956202927e-05 4.9894151272892352e-05 2.7122886284238202e-05 0.00012711026164319772 -0.00054957121862353822 8.2854388624243276e-05 7.9550547763571977e-05 -2.0865313019798569e-05 -0.00015674884083288372 -8.5958417985674639e-06 -0.00028143951215225808 0.00093938501061368337 -3.731660017461707e-05 1.2083480173321412e-05 2.2707000954814594e-05 -5.2144380156933704e-05 -0.00042999342498933229 8.8645195242369041e-05 3.2646083310435528e-05 -1.9218258807630157e-05 3.6896314608322711e-05 -0.00018571872406532923 1.4945055784456424e-05 -0.00035691763773037773 -1.6774155591837255e-06 -2.1340031884574244e-05
leaf_weight=1711 22 23 119 25 36 21 20 22 34 20 38 96 23 117 274 20 21 24 20 385 37 22 37 996 24 86 20 38 20 22
leaf_count=1711 22 23 119 25 36 21 20 22 34 20 38 96 23 117 274 20 21 24 20 385 37 22 37 996 24 86 20 38 20 22
internal_value=-0.000297221 -1.74673e-05 0.000323288 0.0010366 0.00188358 0.00127531 0.000742534 0.00258329 -6.081e-05 0.000606782 0.00224996 -0.000102517 0.00134299 -9.78247e-05 -0.000274198 0.00134299 0.000713398 -0.000306376 0.00091665 -0.00044199 -0.00032317 0.000775411 -0.000368912 -0.000277558 0.000474487 -1.82918e-05 -0.000555614 0.000284479 -0.000675924 -0.00053723
internal_weight=4373 2662 1143 403 262 237 201 63 740 199 60 139 43 138 1519 43 41 541 54 487 1476 59 1417 1143 147 123 463 58 405 141
internal_count=4373 2662 1143 403 262 237 201 63 740 199 60 139 43 138 1519 43 41 541 54 487 1476 59 1417 1143 147 123 463 58 405 141
cat_boundaries=0 1
cat_threshold=582
is_linear=0
shrinkage=0.03


Tree=123
num_leaves=31
num_cat=1
split_feature=0 19 11 9 1 18 1 17 14 0 9 7 7 9 0 1 8 17 0 0 10 0 5 7 0 1 11 1 8 3
split_gain=0.509708 0.254152 0.26216 0.534619 0.504142 0.381932 0.243319 0.304734 0.42743 0.900324 0.230901 0.204361 1.21194 0.173031 0.240683 0.100242 0.123216 0.190239 0.107364 0.0999644 0.0708001 0.106971 0.0607543 0.104756 0.0592658 0.161427 0.297606 0.112377 0.0692949 0.102433
threshold=0.39309753285064181 0 0.25000000000000017 0.53610503282275734 0.091145833333333343 0.49852941176470594 0.059895833333333336 0.31329248574589402 1.0000000180025095e-35 0.46038902396614806 0.89824945295404834 0.054588354999843228 0.050941457115441471 0.44894237782640417 0.48742419676937737 0.14843750000000003 0.13480005795791297 0.33439707258956691 0.43227513617739172 0.51769651683048701 0.68301270189221941 0.46101389626997746 0.13083164300202843 0.04793894859859054 0.56286410739646286 0.12239583333333334 1.0000000180025095e-35 0.11197916666666667 0.088210155466507345 0.033854166666666671
decision_type=2 1 2 2 2 2 2 2 2 2 2 2 2 2 2 2 2 2 2 2 2 2 2 2 2 2 2 2 2 2
left_child=-1 2 6 11 19 -6 7 8 10 -10 22 12 -4 14 -8 16 17 18 -13 -5 -9 -22 23 -2 28 26 -26 -28 29 -3
right_child=1 24 3 4 5 -7 13 20 9 -11 -12 15 -14 -15 -16 -17 -18 -19 -20 -21 21 -23 -24 -25 25 -27 27 -29 -30 -31
leaf_value=-0.0011871422224783257 -0.00014213379668475906 -0.00087279293826776009 -1.054567327433416e-06 0.00013586918060797809 -1.3480566831813449e-05 0.00017523905371063814 -0.00086146695590661479 -0.00029545572176556455 -0.0003905917502052751 7.6684132805311669e-05 1.5150907383469557e-05 -0.00024033220565403281 4.0825746001477764e-05 -1.0709392094595671e-05 2.2025790926168851e-05 1.3826569343621919e-06 -7.9471764232726051e-05 -7.8468794315949571e-05 6.4001889022554628e-05 0.00039318545882316333 -0.00079861969626086892 7.9556478767672814e-05 -0.00010855457699875848 2.8240348664296417e-05 2.6650418503992217e-05 -2.7368810905524803e-05 -2.2345311692199232e-05 7.0451215379740457e-06 -0.00011574716930164348 0.00091120346029527268
leaf_weight=1711 22 21 74 20 44 36 23 137 37 31 24 21 21 527 20 24 228 39 20 20 23 20 74 20 28 113 59 25 891 20
leaf_count=1711 22 21 74 20 44 36 23 137 37 31 24 21 21 527 20 24 228 39 20 20 23 20 74 20 28 113 59 25 891 20
internal_value=-0.000310941 -5.12765e-05 0.000205446 0.000730804 0.00249998 0.00112499 -9.23791e-05 0.000487113 0.00126923 0.00322054 0.000321427 0.000233607 0.00146051 -0.000486841 0.00134299 -0.000117469 -0.000262985 0.000749991 0.00217678 0.00524987 -0.000416664 0.000645335 -0.000232756 0.000678556 -0.000383675 5.00005e-05 0.000857136 -3.57131e-05 -0.000492488 0.000713398
internal_weight=4373 2662 1505 547 120 80 958 388 208 68 140 427 95 570 43 332 308 80 41 40 180 43 116 42 1157 225 112 84 932 41
internal_count=4373 2662 1505 547 120 80 958 388 208 68 140 427 95 570 43 332 308 80 41 40 180 43 116 42 1157 225 112 84 932 41
cat_boundaries=0 1
cat_threshold=590
is_linear=0
shrinkage=0.03


Tree=124
num_leaves=31
num_cat=3
split_feature=0 9 16 8 11 17 17 7 0 19 13 18 17 17 19 13 8 9 9 17 19 8 11 7 8 2 17 8 7 16
split_gain=0.509708 0.236025 0.19185 0.545438 0.372992 0.370587 0.651391 0.309882 0.175979 0.214001 0.241234 0.293942 0.158004 0.262272 0.166235 0.235229 0.284421 0.115036 0.152444 0.0999944 0.0819928 0.104681 0.134199 0.498085 0.100285 0.126764 0.0834601 0.0588062 0.10219 0.202486
threshold=0.39309753285064181 0.97957695113056176 28.500000000000004 0.36060968689366818 -0.24999999999999994 0.34665134882137699 0.34343176467251019 0.10585281245293768 0.4004848691904041 0 -0.22252093395631442 0.47205882352941181 0.31329248574589402 0.3106250678592285 1 1.0000000180025095e-35 0.1813468332704895 0.5948212983223925 0.59992706053975209 0.30435707599353251 2 0.19944284209539223 0.6830127018922193 0.056078756936442743 0.19522708183397192 0.14843750000000003 0.36282018551612638 0.12711936694370876 0.055089635996602375 12.500000000000002
decision_type=2 2 2 2 2 2 2 2 2 1 2 2 2 2 1 2 2 2 2 2 1 2 2 2 2 2 2 2 2 2
left_child=-1 2 20 4 12 6 7 8 -6 10 -10 19 13 14 15 -4 -17 -7 -19 -12 -2 22 24 -24 25 26 27 28 -22 -30
right_child=1 -3 3 -5 5 17 -8 -9 9 -11 11 -13 -14 -15 -16 16 -18 18 -20 -21 21 -23 23 -25 -26 -27 -28 -29 29 -31
leaf_value=-0.0011515279558039753 -0.00021166938469369373 3.4756312310794153e-05 -1.5652071727433043e-05 0.00010467536685138553 0.00082118993887675808 -8.1616614614490689e-06 0.00011425001325252134 0.0001173264991033779 -6.7466335022969078e-05 -2.5414367023222081e-05 -0.00041662235877259953 9.2874569320704667e-05 -3.5260323386002057e-05 1.3561444741993983e-05 -0.0001226797646828485 -0.00016214357143425219 4.9303331601829043e-05 0.00020907372393683138 -0.00014591196435566331 1.9046754016263029e-05 -0.00012371787374365186 -0.00010905305587416023 1.6327686388262957e-05 -9.7824592817383958e-05 2.4368849392447319e-05 1.8112773323675711e-06 3.2222694506563286e-05 -4.9319360312069006e-05 -0.00027315230631689245 3.3213114292011119e-05
leaf_weight=1711 447 25 62 21 23 153 21 34 52 153 20 34 464 22 194 25 20 29 28 20 97 273 20 33 23 21 30 205 54 59
leaf_count=1711 447 25 62 21 23 153 21 34 52 153 20 34 464 22 194 25 20 29 28 20 97 273 20 33 23 21 30 205 54 59
internal_value=-0.000310941 -5.12765e-05 -7.8782e-05 0.000166364 9.19504e-05 0.000678571 0.0012668 0.000946426 0.000640727 0.000432795 0.00129043 0.00249321 -0.000330685 0.000178793 -5.23247e-05 0.000852557 0.00258328 -0.000321426 0.000828934 0.000749982 -0.000345879 -0.00015909 8.02589e-05 0.00151412 -7.51525e-05 -0.0001706 -0.000278089 -0.000388553 -3.57134e-05 0.000577429
internal_weight=4373 2662 2637 1375 1354 567 357 336 302 279 126 74 787 323 301 107 45 210 57 40 1262 815 542 53 489 466 445 415 210 113
internal_count=4373 2662 2637 1375 1354 567 357 336 302 279 126 74 787 323 301 107 45 210 57 40 1262 815 542 53 489 466 445 415 210 113
cat_boundaries=0 1 2 3
cat_threshold=712 546 464
is_linear=0
shrinkage=0.03


Tree=125
num_leaves=31
num_cat=3
split_feature=6 16 11 19 8 17 8 2 11 9 2 12 17 0 19 17 18 12 9 19 18 7 16 17 0 8 6 1 18 9
split_gain=0.568994 0.193456 0.306652 0.398352 0.692322 0.936566 0.331004 0.300027 0.350118 0.24384 0.154469 0.285217 0.122067 0.209047 0.118556 0.204531 0.446409 0.118303 0.11745 0.142878 0.197974 0.279411 0.403393 0.310743 0.140461 0.105798 0.072628 0.101582 0.0434236 0.0732001
threshold=0.22259653583346581 26.500000000000004 -0.24999999999999994 0 0.12421201642130983 0.31499446855586766 0.095052845230286204 0.039062500000000007 0.25000000000000017 0.53610503282275734 0.15364583333333334 -1.0000000180025095e-35 0.27207075553364507 0.45166513517880397 1 0.29881242682207537 0.46911764705882358 1.0000000180025095e-35 0.21188913202042306 2 0.48382352941176471 0.055388226996607351 16.500000000000004 0.33116330525061705 0.59102031964221136 0.09742181278566435 0.44930875576036872 0.11718750000000001 0.48088235294117648 0.70386579139314387
decision_type=2 2 2 1 2 2 2 2 2 2 2 2 2 2 1 2 2 2 2 1 2 2 2 2 2 2 2 2 2 2
left_child=-1 17 6 12 5 -5 -3 -6 -9 -10 11 -11 13 -4 15 16 -8 18 -2 20 21 22 -20 -23 -21 -14 -27 -28 29 -16
right_child=1 2 3 4 7 -7 14 8 9 10 -12 -13 25 -15 28 -17 -18 -19 19 24 -22 23 -24 -25 -26 26 27 -29 -30 -31
leaf_value=-0.00094386875592111558 -0.00045793970210603323 0.0002473460195397778 0.00020066148477043181 7.7956151314770715e-05 0.00014449286532786269 4.9761066723476719e-05 -0.00092460516255156162 5.6260560203403848e-05 -1.2625698733907366e-06 1.203722619079327e-05 -1.0913545230972215e-05 0.00023557620186062076 2.3378529081504931e-05 -0.00025525477128349324 -5.4090197558785485e-05 -3.0508480317175639e-06 3.2808183052949651e-05 -0.00014701845276192505 4.288643932345987e-05 -0.00011214834225284966 -8.9096228206250076e-07 -3.3108077693999389e-05 -2.928472107141296e-05 1.6759083017787509e-05 1.467726138966555e-05 -0.00011462263541792264 0.0001516563416135048 -7.0266749390020234e-05 -0.00014305839608300754 4.7007652761710928e-06
leaf_weight=1772 165 21 21 21 35 20 28 26 145 30 20 29 27 20 256 86 28 529 29 260 97 93 27 32 22 201 21 24 270 101
leaf_count=1772 165 21 21 21 35 20 28 26 145 30 20 29 27 20 256 86 28 529 29 260 97 93 27 32 22 201 21 24 270 101
internal_value=-0.000298922 -2.34717e-05 0.000215036 0.000703125 0.00141518 0.00510353 -0.000180379 0.000934208 0.000569998 0.0001875 0.00152846 0.00230081 -7.87028e-05 0.00144509 -0.000281858 0.00048355 0.00192854 -0.000295454 -4.65509e-05 0.000160715 0.000630207 0.00123894 0.00299995 0.000449997 -0.000313354 -0.000310438 -0.000506095 0.000583321 -0.00045565 -0.000245797
internal_weight=4456 2684 1430 640 326 41 790 285 250 224 79 59 314 41 769 142 56 1254 725 560 278 181 56 125 282 273 246 45 627 357
internal_count=4456 2684 1430 640 326 41 790 285 250 224 79 59 314 41 769 142 56 1254 725 560 278 181 56 125 282 273 246 45 627 357
cat_boundaries=0 1 2 3
cat_threshold=809 544 614
is_linear=0
shrinkage=0.03


Tree=126
num_leaves=31
num_cat=0
split_feature=6 8 2 8 14 17 20 5 11 5 10 16 13 1 3 3 4 2 10 20 1 8 11 18 5 16 18 18 6 6
split_gain=0.45774 0.195598 0.195826 0.287122 0.324499 0.314276 0.271121 0.336619 0.2026 0.382151 0.248257 1.04756 0.198005 0.15386 0.147208 0.128567 0.125955 0.0846797 0.177761 0.4081 0.0653075 0.103514 0.0505254 0.135586 0.27498 0.380678 0.0413063 0.100865 0.132366 0.481759
threshold=0.20519397970534159 0.088210155466507345 0.070312500000000014 0.19814297748565238 1.0000000180025095e-35 0.30733554591098639 0.48167596075519353 0.32961460446247465 -0.5 0.16937119675456394 0.25000000000000011 28.500000000000004 0.81174490092936691 0.22135416666666669 0.033854166666666671 0.10156250000000001 0.070312500000000014 0.023437500000000003 0.25000000000000011 0.42894486456374797 0.044270833333333336 0.30935014610256384 0.6830127018922193 0.48088235294117648 0.17342799188640975 29.500000000000004 0.47500000000000003 0.46911764705882358 0.26682027649769591 0.29631336405529957
decision_type=2 2 2 2 2 2 2 2 2 2 2 2 2 2 2 2 2 2 2 2 2 2 2 2 2 2 2 2 2 2
left_child=-1 -2 17 4 5 -4 -6 16 15 -10 11 -11 -12 14 -5 -7 -8 18 -3 -20 21 -16 26 -24 25 -25 27 -19 -29 -30
right_child=1 2 3 13 6 8 7 -9 9 10 12 -13 -14 -15 20 -17 -18 22 19 -21 -22 -23 23 24 -26 -27 -28 28 29 -31
leaf_value=-0.0011927566379071116 0.0004432658804010011 -0.00018597003094882232 -6.543854007020578e-05 0.00018386102562752845 4.871596967102167e-05 -0.00027999506382160848 1.4291950009989389e-06 1.4570275491890601e-05 2.9653083921230054e-05 -0.00020639159751545643 -9.8445628794759828e-06 0.00026650118477428635 2.1962227040693575e-05 7.4425543620025344e-05 -0.00041213760789797575 8.0629269557658516e-06 -6.8250587462985378e-06 -0.00022111079538231966 0.00010020001379636085 -7.0062427252326435e-05 -8.7645047775795742e-06 1.0076342688608362e-05 -0.00015724837858913535 -0.0001195023527920261 -1.7230773474796665e-06 0.00016155891577897009 -0.00016408564571094447 -0.00017946289537931171 3.5080355684837164e-05 -0.00022762596495483017
leaf_weight=1604 29 109 249 22 20 81 21 23 36 33 102 21 29 20 25 24 41 247 32 35 491 21 151 48 83 39 690 53 31 46
leaf_count=1604 29 109 249 22 20 81 21 23 36 33 102 21 29 20 25 24 41 247 32 35 491 21 151 48 83 39 690 53 31 46
internal_value=-0.000325852 -9.78253e-05 -0.000123007 0.000155481 0.000573529 0.000293478 0.00210712 0.00136763 0.00090644 0.00142194 0.000871618 0.00258329 0.00016603 -0.000335491 -0.000427995 -0.000178569 0.000217739 -0.000347186 0.000272726 0.00148878 -0.000526535 0.000554336 -0.000425791 -9.57934e-05 0.000485292 0.00166377 -0.000525069 -0.000272545 0.000403844 0.00119804
internal_weight=4456 2852 2823 1259 680 575 105 85 326 221 185 54 131 579 559 105 62 1564 176 67 537 46 1388 321 170 87 1067 377 130 77
internal_count=4456 2852 2823 1259 680 575 105 85 326 221 185 54 131 579 559 105 62 1564 176 67 537 46 1388 321 170 87 1067 377 130 77
is_linear=0
shrinkage=0.03


Tree=127
num_leaves=31
num_cat=1
split_feature=1 12 19 18 7 2 0 17 17 0 7 0 17 5 2 7 17 4 0 1 7 1 11 9 2 10 4 17 13 17
split_gain=0.477986 0.157784 0.218555 0.31641 0.208857 0.611539 0.183582 0.202516 0.599712 0.310926 0.170354 0.521237 0.147704 0.12052 0.305085 0.287088 0.23772 0.243752 0.156639 0.108335 0.108281 0.118382 0.297205 0.410648 0.403294 0.119917 0.182889 0.0740726 0.06099 0.127546
threshold=0.028645833333333336 1.0000000180025095e-35 0 0.50147058823529422 0.054386548930127905 0.054687500000000007 0.58315943199673659 0.36418177176410527 0.34515477772984848 0.59743234789882671 0.086724821097632201 0.50774919692187181 0.12160667177261514 0.17342799188640975 0.070312500000000014 0.10036056523027932 0.3106250678592285 0.059895833333333336 0.47880175080509063 0.039062500000000007 0.053878726895501002 0.085937500000000014 0.25000000000000017 0.49781181619256026 0.070312500000000014 -0.24999999999999994 0.065104166666666671 0.43633165971690363 1.0000000180025095e-35 0.31856863245681227
decision_type=2 2 1 2 2 2 2 2 2 2 2 2 2 2 2 2 2 2 2 2 2 2 2 2 2 2 2 2 2 2
left_child=-1 2 3 4 5 19 13 8 9 -8 -6 -12 -3 14 15 18 17 -16 -4 -2 -14 22 -22 25 -25 26 -24 -9 -23 -30
right_child=1 12 6 -5 10 -7 7 27 -10 -11 11 -13 20 -15 16 -17 -18 -19 -20 -21 21 28 23 24 -26 -27 -28 -29 29 -31
leaf_value=-0.0010674618509004363 3.3976799925949862e-05 3.3724101011948923e-06 -0.00010881410116458285 6.1479043496061623e-05 -0.00023872106126775664 1.6974969261241859e-05 1.1114724554673987e-06 -5.9669858141530557e-06 1.4659347401169682e-05 -4.962981380896301e-07 0.00036854258924463428 -1.2903089112576063e-05 -0.00032427584390594562 -2.4859118151710994e-05 -0.00010684637821823101 7.6179699400870434e-05 2.2150075878223202e-05 4.3678726280111678e-05 2.091046230461922e-05 -0.00034822076023058302 -0.00021432989395121283 -2.6589897153119985e-05 -8.2016705085169838e-05 0.00017814211895208313 0.00036661877098262852 -8.5911846872508926e-05 4.0770576040968517e-05 7.8184605338839786e-05 1.072524350974441e-05 -8.4509471193401436e-05
leaf_weight=1493 23 20 511 35 117 22 33 72 22 59 20 65 415 420 38 24 24 23 20 38 278 306 42 30 20 59 22 36 72 97
leaf_count=1493 23 20 511 35 117 22 33 72 22 59 20 65 415 420 38 24 24 23 20 38 278 306 42 30 20 59 22 36 72 97
internal_value=-0.00029219 -7.16327e-05 0.00013015 0.00081818 0.000513157 0.0017801 -4.75999e-05 0.000736484 0.00161841 0.000554343 -7.42499e-06 0.00101469 -0.000309147 -0.000212263 4.68756e-05 -0.000209458 0.00172057 0.000725399 -0.000354518 0.000233603 -0.000347314 -0.000166846 0.000181264 0.00115751 0.00344993 0.000225609 0.00112498 -0.000194442 -0.000497367 -3.99399e-05
internal_weight=4456 2963 1602 320 285 83 1282 222 114 92 202 85 1361 1060 640 555 85 61 531 61 1341 926 451 173 50 123 64 108 475 169
internal_count=4456 2963 1602 320 285 83 1282 222 114 92 202 85 1361 1060 640 555 85 61 531 61 1341 926 451 173 50 123 64 108 475 169
cat_boundaries=0 1
cat_threshold=516
is_linear=0
shrinkage=0.03


Tree=128
num_leaves=31
num_cat=2
split_feature=0 0 12 19 17 3 11 17 7 1 17 2 17 7 7 3 19 11 10 3 8 0 2 17 13 4 3 17 7 2
split_gain=0.494879 0.165967 0.188558 0.230456 0.247896 0.327936 0.269044 0.589864 0.307531 0.23794 0.40476 0.407692 0.214273 0.192386 0.495212 0.149625 0.133205 0.098882 0.40925 0.321197 0.198714 0.456231 0.23121 0.151793 0.142487 0.102534 0.191038 0.112496 0.104997 0.224986
threshold=0.39191207165358427 0.39395212316942613 -0.60785761079279388 0 0.35703344396221609 0.028645833333333336 0.25000000000000017 0.31142030465492304 0.078330781814401104 0.065104166666666671 0.32079294792226054 0.059895833333333336 0.29491107139817901 0.10585281245293768 0.12338484922465606 0.065104166666666671 1 0.6830127018922193 -0.24999999999999994 0.033854166666666671 0.13293229993885244 0.46264093472785367 0.10677083333333334 0.19138796698153357 0.81174490092936691 0.044270833333333336 0.096354166666666671 0.36171389668964354 0.065485879597367638 0.049479166666666671
decision_type=2 2 2 1 2 2 2 2 2 2 2 2 2 2 2 2 1 2 2 2 2 2 2 2 2 2 2 2 2 2
left_child=-1 -2 3 13 5 -5 9 15 -9 10 11 12 -7 -3 -15 -8 -4 23 20 -20 21 -19 -22 -18 -25 26 28 -27 29 -26
right_child=1 2 16 4 -6 6 7 8 -10 -11 -12 -13 -14 14 -16 -17 17 18 19 -21 22 -23 -24 24 25 27 -28 -29 -30 -31
leaf_value=-0.0011249512416828472 0.00011092357058682643 -7.2497315917600843e-05 -7.0302458336318868e-05 -0.00022242655270358303 -5.7319669458284772e-06 -0.00021665200681291008 2.312370878698802e-05 2.7674866258607269e-05 6.902299902362651e-05 -4.9199054170064364e-07 -0.00044667391233044104 0.00020444126748214321 9.4126550716084457e-05 2.8896817693733764e-05 -0.00040902160709596082 -0.00027178632816251126 3.2855767128377419e-05 -5.0374237626586264e-05 9.7051999063525285e-05 -0.00019685182122974166 -1.3004769104857048e-06 4.070292406013906e-05 0.00035239631591609091 -2.5233046209434469e-05 -0.00030460139100351374 -8.6758970736321349e-06 9.6594447640283447e-06 2.8923469427637577e-05 -0.00012527226822420682 2.8235041709297284e-05
leaf_weight=1708 31 260 437 64 107 21 29 20 23 75 35 26 21 21 39 27 37 23 25 207 53 20 21 887 20 120 20 24 35 20
leaf_count=1708 31 260 437 64 107 21 29 20 23 75 35 26 21 21 39 27 37 23 25 207 53 20 21 887 20 120 20 24 35 20
internal_value=-0.000278725 -2.94753e-05 -5.43791e-05 0.00034375 0.000772925 0.00118548 0.00163267 0.00288634 0.00552894 0.000935389 0.00187134 0.00322054 0.00139282 -0.000272726 0.00124998 0.000857128 -0.000211261 -7.49007e-05 0.000367478 -0.000362067 0.00181409 0.00343597 0.000871611 -0.000208297 -0.000270425 0.000379706 0.00114473 -0.000124998 0.000449995 0.00149996
internal_weight=4456 2748 2717 768 448 341 277 99 43 178 103 68 42 320 60 56 1949 1512 349 232 117 43 74 1163 1126 239 95 144 75 40
internal_count=4456 2748 2717 768 448 341 277 99 43 178 103 68 42 320 60 56 1949 1512 349 232 117 43 74 1163 1126 239 95 144 75 40
cat_boundaries=0 1 2
cat_threshold=409 261
is_linear=0
shrinkage=0.03


Tree=129
num_leaves=31
num_cat=2
split_feature=1 16 11 17 17 8 0 17 17 13 7 8 12 19 8 0 7 8 5 7 17 18 0 2 12 8 7 19 7 18
split_gain=0.523352 0.261257 0.281292 0.353305 1.03461 0.542687 0.493083 0.704223 0.622129 0.264728 0.419021 0.21861 0.167227 0.283209 0.405545 0.252068 0.164179 0.50197 0.153505 0.095914 0.252287 0.0957381 0.232133 0.0791682 0.118843 0.135856 0.168311 0.153903 0.171554 0.232811
threshold=0.028645833333333336 23.500000000000004 -0.24999999999999994 0.34665134882137699 0.34343176467251019 0.16640278872593822 0.44927585088026639 0.3085914918466221 0.32010041698578856 0.81174490092936691 0.10811401452739054 0.32168781531003504 1.0000000180025095e-35 0 0.096943484910633357 0.57496635349083125 0.053878726895501002 0.098555133216983518 0.14097363083164302 0.070965636238045124 0.31388817972938482 0.46323529411764708 0.46968181644835522 0.039062500000000007 1.0000000180025095e-35 0.19944284209539223 0.11742592553505851 1 0.043866641571054833 0.47794117647058826
decision_type=2 2 2 2 2 2 2 2 2 2 2 2 2 1 2 2 2 2 2 2 2 2 2 2 2 2 2 1 2 2
left_child=-1 23 11 4 5 16 -7 -8 -9 -5 -11 12 13 14 -3 18 -4 -18 -16 -19 -21 22 -15 -2 25 26 27 28 -25 -30
right_child=1 2 3 9 -6 6 7 8 -10 10 -12 -13 -14 21 15 -17 17 19 -20 20 -22 -23 -24 24 -26 -27 -28 -29 29 -31
leaf_value=-0.0010306281528123257 -0.00031339139436551924 0.00024956292384393169 -8.7656989171175107e-05 -2.8388204136395332e-06 8.3182344098522683e-05 0.00021067135139454481 -6.6543457013608424e-05 0.00023339648820539335 1.3509599722480074e-06 -0.00021374404921600815 6.6266274101744915e-05 1.7375974248795299e-06 -0.00016262936844367899 3.6241847376634682e-05 9.5445152199060289e-06 3.557367098010641e-05 0.00048338900122096601 -8.7025125153482536e-05 -0.00026481276170284708 0.00038493734212551359 -0.00019675187674102117 -3.8339144589185338e-05 -5.6874582853683199e-06 8.0668532934740433e-06 -0.00014387583573402101 -7.610754604621849e-05 1.1067907674516058e-05 -4.0680976297850713e-05 -1.5215468702110452e-06 2.5275985088863713e-05
leaf_weight=1493 326 20 158 291 28 20 56 20 37 22 20 28 403 24 38 20 20 59 70 20 54 250 39 20 458 167 25 185 47 38
leaf_count=1493 326 20 158 291 28 20 56 20 37 22 20 28 403 24 38 20 20 59 70 20 54 250 39 20 458 167 25 185 47 38
internal_value=-0.000251795 -2.10084e-05 0.000222305 0.000628882 0.00115678 0.000804053 0.00240788 0.00163937 0.00398677 -0.000119368 0.00210709 -0.000144618 -0.000229166 0.000161063 0.0011962 0.000656246 0.000118168 0.000818623 8.33333e-05 0.000152255 0.000871611 -0.000355261 0.000678561 -0.000347155 -0.000207446 0.00012137 0.000488094 0.000284482 0.0011413 0.000661758
internal_weight=4456 2963 1697 805 472 444 133 113 57 333 42 892 864 461 148 128 311 153 108 133 74 313 63 1266 940 482 315 290 105 85
internal_count=4456 2963 1697 805 472 444 133 113 57 333 42 892 864 461 148 128 311 153 108 133 74 313 63 1266 940 482 315 290 105 85
cat_boundaries=0 1 2
cat_threshold=44 534
is_linear=0
shrinkage=0.03


Tree=130
num_leaves=31
num_cat=2
split_feature=6 19 0 0 9 3 0 17 17 9 17 9 9 0 11 1 2 7 11 4 6 0 9 7 9 1 17 19 3 2
split_gain=0.581061 0.377203 0.46591 0.315141 0.20168 0.296686 0.186994 0.16699 0.252318 0.426278 0.683028 0.134836 0.170717 0.436337 0.132114 0.412534 0.129182 0.123071 0.0876148 0.0834196 0.0999944 0.0816938 0.228036 0.459547 0.0768848 0.211074 0.107624 0.0966634 0.124855 0.226344
threshold=0.25852534562211987 0 0.4707858179801318 0.44050775762703082 0.65134938001458809 0.091145833333333343 0.67858564256313125 0.34610700776749753 0.32885499106459032 0.59117432530999292 0.33490766743255901 0.49781181619256026 0.52224653537563837 0.4465628893442356 -0.9330127018922193 0.039062500000000007 0.075520833333333343 0.070965636238045124 1.0000000180025095e-35 0.13802083333333334 0.5986175115207375 0.43439828646662476 0.31400437636761497 0.056857665866402091 0.59117432530999292 0.054687500000000007 0.31499446855586766 1 0.075520833333333343 0.075520833333333343
decision_type=2 1 2 2 2 2 2 2 2 2 2 2 2 2 2 2 2 2 2 2 2 2 2 2 2 2 2 1 2 2
left_child=21 2 3 -2 -4 -6 7 8 11 10 -10 -3 13 -13 15 -14 -17 -12 -11 -9 -21 -1 23 -23 25 -16 -27 28 -26 -30
right_child=1 6 4 -5 5 -7 -8 19 9 18 17 12 14 -15 24 16 -18 -19 -20 20 -22 22 -24 -25 27 26 -28 -29 29 -31
leaf_value=-0.00073579137432565713 2.6489342478976385e-05 -0.00010713555547799567 -0.00023490927206453022 6.8422807661140336e-05 8.4707304491197597e-05 -1.8552301165228052e-05 0.00014335414605373223 -8.8636997084167594e-06 1.9500197978677045e-05 -0.0001300457223319738 2.4449382111045749e-05 0.0002043512108527092 3.0631378767556746e-05 -0.00012632742696391491 2.7283172758046373e-05 -0.00018531188443068075 7.816382395476091e-06 -0.00018194629340843088 6.6802178488799092e-06 3.5252919518003942e-05 -3.978148560640822e-06 0.00010932843777726521 -7.9451752338132015e-05 -8.3122293889513333e-05 -0.00010195365574571767 -1.1010679713185728e-05 0.00018032543264624728 -5.9615581791671084e-05 5.768941265820666e-05 -1.6626242007949081e-05
leaf_weight=1996 33 453 88 20 34 23 29 437 37 75 20 20 22 24 23 54 22 32 32 20 20 20 164 27 155 94 23 284 45 59
leaf_count=1996 33 453 88 20 34 23 29 437 37 75 20 20 22 24 23 54 22 32 32 20 20 20 164 27 155 94 23 284 45 59
internal_value=-0.000257411 9.02211e-05 0.00130528 0.00377823 0.000491377 0.00188155 -3.76877e-05 -7.34231e-05 8.44647e-05 0.00108673 0.00262076 -6.92481e-05 0.000159091 0.00197723 5.66588e-05 0.00108672 3.94739e-05 0.000403839 -0.00018925 -0.000561319 0.000749982 -0.000600475 -3.90986e-05 0.00180315 -9.11412e-05 0.000535711 1.92313e-05 -0.000252761 0.000170074 0.000980761
internal_weight=4385 2178 198 53 145 57 1980 1951 1474 196 89 1278 825 44 781 98 76 52 107 477 40 2207 211 47 683 140 117 543 259 104
internal_count=4385 2178 198 53 145 57 1980 1951 1474 196 89 1278 825 44 781 98 76 52 107 477 40 2207 211 47 683 140 117 543 259 104
cat_boundaries=0 1 2
cat_threshold=512 297
is_linear=0
shrinkage=0.03


Tree=131
num_leaves=31
num_cat=2
split_feature=6 19 5 6 8 0 9 6 2 18 18 17 3 17 10 17 17 1 2 11 2 16 11 19 8 2 1 9 3 12
split_gain=0.55753 0.476949 0.282909 0.58627 0.223071 0.205593 0.200087 0.317227 0.118361 0.11294 0.242377 0.395403 0.759669 0.842897 0.169367 0.257223 0.60981 0.165403 0.426916 0.138018 0.284839 0.0671733 0.104307 0.194685 0.352529 0.177639 0.458824 0.176874 0.0665476 0.109085
threshold=0.20519397970534159 0 0.16125760649087226 0.29815668202764983 0.088210155466507345 0.67858564256313125 0.65134938001458809 0.39216589861751155 0.049479166666666671 0.47205882352941181 0.46911764705882358 0.2858054633648201 0.054687500000000007 0.3156752616798571 0.68301270189221941 0.32885499106459032 0.34457082155884028 0.049479166666666671 0.070312500000000014 -0.9330127018922193 0.080729166666666671 9.5000000000000018 1.0000000180025095e-35 1 0.12558172954289096 0.049479166666666671 0.065104166666666671 0.61670313639679086 0.12760416666666669 0.6078576107927941
decision_type=2 1 2 2 2 2 2 2 2 2 2 2 2 2 2 2 2 2 2 2 2 2 2 1 2 2 2 2 2 2
left_child=-1 2 3 8 -3 9 -4 -8 -2 10 14 -12 -13 -14 19 17 -17 18 -16 20 -6 -11 28 -24 -25 26 -26 -27 -23 -30
right_child=1 4 6 -5 5 -7 7 -9 -10 21 11 12 13 -15 15 16 -18 -19 -20 -21 -22 22 23 24 25 27 -28 -29 29 -31
leaf_value=-0.0011232005217705237 -9.3639361080181152e-05 0.00075778148713122188 -0.00022668701405948857 8.5814820114970471e-05 -0.00046276836343286677 0.00013905352167212096 0.0001002438096128089 -1.6114337533726167e-06 8.5834011482992012e-05 -0.00015611679704918515 -0.00013463519944510824 -7.5574277910023382e-05 5.1456459673367197e-05 1.2589841621126136e-05 -0.0003943715657126728 2.4165038748491886e-05 -0.00012795557952875692 -5.6417402839849828e-05 8.3360242234544125e-05 -0.00013168884456970207 2.5519856278694991e-05 -3.2411581660514315e-05 -2.8446941630090858e-05 0.00028944517185210984 -0.00029897389216021291 -1.8532990259496962e-05 0.00012765282492686948 2.7925331901240974e-06 -7.3376255991670987e-07 2.4268097336524053e-05
leaf_weight=1592 29 27 87 39 47 29 22 35 20 310 62 52 20 26 52 30 31 118 35 544 33 585 262 25 33 128 29 39 24 20
leaf_count=1592 29 27 87 39 47 29 22 35 20 310 62 52 20 26 52 30 31 118 35 544 33 585 262 25 33 128 29 39 24 20
internal_value=-0.000264252 -8.86072e-06 0.00126446 0.00265906 -0.000128646 -0.00015805 0.000499997 0.00188155 0.000474481 -0.000187125 5.00007e-05 0.00112499 0.0023112 0.00511945 -0.000143258 0.0004906 0.00220078 -1.82919e-05 0.000974127 -0.00041346 0.000749991 -0.000358246 -0.000252182 6.39541e-05 0.000642044 0.000298034 0.00166933 -0.000211076 -0.000511525 0.000613623
internal_weight=4385 2793 232 88 2561 2534 144 57 49 2505 1050 160 98 46 890 266 61 205 87 624 80 1455 1145 516 254 229 62 167 629 44
internal_count=4385 2793 232 88 2561 2534 144 57 49 2505 1050 160 98 46 890 266 61 205 87 624 80 1455 1145 516 254 229 62 167 629 44
cat_boundaries=0 1 2
cat_threshold=512 312
is_linear=0
shrinkage=0.03


Tree=132
num_leaves=31
num_cat=0
split_feature=1 7 18 5 3 17 9 12 2 11 0 8 4 17 4 2 16 11 11 9 17 5 10 16 12 8 8 3 17 17
split_gain=0.540145 0.194827 0.227375 0.241608 0.52156 0.907713 0.575984 0.245775 0.307037 0.182356 0.176764 0.135632 0.127152 0.121661 0.209047 0.0884614 0.249782 0.351848 0.0838626 0.117975 0.437571 0.489961 0.148478 0.307848 0.305483 0.079258 0.279146 0.0707524 0.284437 0.0585396
threshold=0.028645833333333336 0.38780974986680611 0.47500000000000003 0.17139959432048682 0.049479166666666671 0.3058037613820101 0.54303428154631672 -0.60785761079279388 0.059895833333333336 0.25000000000000017 0.41096985593637786 0.12297886568393225 0.044270833333333336 0.4150285082120671 0.049479166666666671 0.023437500000000003 29.500000000000004 -0.9330127018922193 -0.5 0.61670313639679086 0.34515477772984848 0.37018255578093312 -0.24999999999999994 26.500000000000004 1.0000000180025095e-35 0.19944284209539223 0.19374835634870594 0.091145833333333343 0.31099480895242965 0.27730581990087427
decision_type=2 2 2 2 2 2 2 2 2 2 2 2 2 2 2 2 2 2 2 2 2 2 2 2 2 2 2 2 2 2
left_child=-1 2 3 4 9 7 -7 -6 -9 -2 -11 -12 -4 25 -15 16 -14 -18 -17 22 -21 -22 23 -20 -25 26 27 -5 -29 -24
right_child=1 -3 12 13 5 6 -8 8 -10 10 11 -13 15 14 -16 18 17 -19 19 20 21 -23 29 24 -26 -27 -28 28 -30 -31
leaf_value=-0.0010177769603816878 -0.00020289368663552263 0.00013661955784376886 -0.00013246260729831959 -9.5821481597410405e-05 1.1242708942831705e-05 0.00022950989615020832 2.9797005610749529e-05 8.4091591400497481e-05 -0.00021265762140923407 -0.00042891929266064517 -0.00021158346219681237 0.00010479584707943127 -0.00025183750273052304 -3.0157498842168164e-05 0.00017315426266907604 -7.3541975350242691e-06 -0.00031833390926222418 0.00011987790639527485 -0.00021584570845238334 -5.2853738751910869e-06 9.505769612945758e-05 8.3168752872284742e-06 -1.7286505390615771e-05 -9.1534368093899862e-06 0.00015809424061002865 -5.0173544209444038e-05 0.00021376690555604272 -6.8617489059225446e-05 2.6179776771605159e-05 -2.4593561729848966e-05
leaf_weight=1484 172 28 694 162 31 27 38 35 123 35 26 29 47 20 21 306 20 29 128 86 20 25 108 30 28 256 22 64 36 255
leaf_count=1484 172 28 694 162 31 27 38 35 123 35 26 29 47 20 21 306 20 29 128 86 20 25 108 30 28 256 22 64 36 255
internal_value=-0.000264252 -2.6111e-05 -5.03821e-05 0.000289198 0.000761627 0.00173031 0.00478839 0.000678569 0.000199367 -0.00017748 0.000916657 0.00197724 -0.000260134 -0.000130378 0.00144509 -5.68384e-05 0.000812492 0.00231118 -0.00014148 4.41183e-05 0.000853048 0.00324993 -0.000148906 0.00054032 0.00235341 -0.000249999 9.50708e-05 -0.00017748 0.000449996 -0.000502064
internal_weight=4385 2901 2873 1097 516 254 65 189 158 262 90 55 1776 581 41 1082 96 49 986 680 131 45 549 186 58 540 284 262 100 363
internal_count=4385 2901 2873 1097 516 254 65 189 158 262 90 55 1776 581 41 1082 96 49 986 680 131 45 549 186 58 540 284 262 100 363
is_linear=0
shrinkage=0.03


Tree=133
num_leaves=31
num_cat=1
split_feature=6 19 2 18 9 8 20 13 10 16 8 5 18 18 4 11 4 3 13 10 2 6 18 3 9 7 20 7 6 6
split_gain=0.444716 0.280098 0.296745 0.33046 0.538748 0.230845 0.213419 0.187491 0.119313 0.102712 0.0933703 0.275358 0.372356 0.67258 0.431403 0.521039 0.114791 0.187416 0.251326 0.372077 0.181136 0.476165 0.0983649 0.31602 0.425615 0.0894073 0.141282 0.381343 0.0758661 0.243872
threshold=0.20519397970534159 0 0.070312500000000014 0.48382352941176471 0.4584245076586434 0.088210155466507345 0.67858564256313125 1.0000000180025095e-35 0.68301270189221941 5.5000000000000009 0.13293229993885244 0.1288032454361055 0.47205882352941181 0.46911764705882358 0.039062500000000007 1.0000000180025095e-35 0.054687500000000007 0.054687500000000007 1.0000000180025095e-35 0.25000000000000011 0.044270833333333336 0.37465437788018441 0.45735294117647063 0.10156250000000001 0.52552881108679805 0.059318526023085606 0.46376833820953017 0.051797676022028317 0.68801843317972355 0.7009216589861752
decision_type=2 1 2 2 2 2 2 2 2 2 2 2 2 2 2 2 2 2 2 2 2 2 2 2 2 2 2 2 2 2
left_child=-1 2 3 4 7 -3 9 -2 -5 -7 11 -11 13 14 15 -13 -12 18 20 -20 21 -18 23 24 -19 26 27 -14 -24 -30
right_child=1 5 -4 8 -6 6 -8 -9 -10 10 16 12 25 -15 -16 -17 17 22 19 -21 -22 -23 28 -25 -26 -27 -28 -29 29 -31
leaf_value=-0.0010770405140070058 -0.00037663881973214479 0.000742651884776661 -3.2908742766511604e-06 -0.00033940672985356744 9.2867455124728829e-05 -0.00012959654131193047 0.00013078332928664652 0.00012133271762982145 5.7175409547442963e-06 -0.00044598141499745917 -9.1192823270386058e-05 -1.7873625965803385e-05 -4.1634706023238579e-05 3.6738870843015436e-05 -0.00010214645518827587 2.0515088701361475e-05 -0.00028530094198155422 -0.00011480502418105447 -0.00012227921007628155 0.00019493851324469311 -3.1085706101784604e-05 6.921539256106534e-05 -4.0687280164082026e-06 -7.2099995796608185e-06 0.00028507678079719577 -0.00015704649837867892 -7.6218916629902401e-05 4.7202433481996249e-05 4.3660589279027862e-05 -2.0408264437626751e-06
leaf_weight=1592 24 27 90 42 30 306 29 24 22 283 477 27 46 34 95 20 35 31 32 26 97 21 473 106 38 165 83 22 26 62
leaf_count=1592 24 27 90 42 30 306 29 24 22 283 477 27 46 34 95 20 35 31 32 26 97 21 473 106 38 165 83 22 26 62
internal_value=-0.000312143 -8.40487e-05 0.000892559 0.0017852 0.00309611 -0.00017532 -0.000205406 0.00112498 0.000187498 -0.000235029 -0.000163369 0.000101613 0.000530487 0.00163636 0.000728869 0.00307972 -0.000307583 -0.000116419 0.000671798 0.00235341 3.43142e-05 0.00139283 -0.00034239 0.000278571 0.00185867 -8.54421e-05 0.000442051 0.00145586 -0.000536095 0.000272725
internal_weight=4385 2793 232 142 78 2561 2534 48 64 2505 2199 775 492 176 142 47 1424 947 211 58 153 56 736 175 69 316 151 68 561 88
internal_count=4385 2793 232 142 78 2561 2534 48 64 2505 2199 775 492 176 142 47 1424 947 211 58 153 56 736 175 69 316 151 68 561 88
cat_boundaries=0 1
cat_threshold=512
is_linear=0
shrinkage=0.03


Tree=134
num_leaves=31
num_cat=1
split_feature=6 19 2 9 0 0 8 11 16 5 7 7 6 9 13 4 9 17 6 6 4 9 18 8 13 2 9 18 7 0
split_gain=0.42964 0.286213 0.296745 0.467218 0.657826 0.210453 0.151834 0.200549 0.322314 0.311816 0.353895 0.442865 0.291859 0.20483 0.148705 0.14666 0.142148 0.375739 0.116309 0.188471 0.143192 0.0865627 0.162216 0.195935 0.288761 0.273463 0.153553 0.0780953 0.0553602 0.129818
threshold=0.20519397970534159 0 0.070312500000000014 0.4584245076586434 0.47964949943148871 0.67858564256313125 0.24450792551719841 0.25000000000000017 14.500000000000002 0.17139959432048682 0.051797676022028317 0.05468897878109228 0.29539170506912449 0.51531728665207888 1.0000000180025095e-35 0.028645833333333336 0.41320204230488705 0.34610700776749753 0.2649769585253457 0.26853646909264267 0.023437500000000003 0.67177242888402644 0.48382352941176471 0.17733378743684181 -0.22252093395631442 0.13802083333333334 0.69401896425966469 0.45735294117647063 0.04793894859859054 0.44836881218107716
decision_type=2 1 2 2 2 2 2 2 2 2 2 2 2 2 2 2 2 2 2 2 2 2 2 2 2 2 2 2 2 2
left_child=-1 2 3 14 -5 6 7 18 28 10 15 -12 13 -13 -2 -10 17 -11 -3 -20 -21 -22 23 26 -25 -26 -23 -18 29 -9
right_child=1 5 -4 4 -6 -7 -8 8 9 16 11 12 -14 -15 -16 -17 27 -19 19 20 21 22 -24 24 25 -27 -28 -29 -30 -31
leaf_value=-0.0010447292985867949 -0.00052427972564403206 -0.0001672966885716668 -3.1921480483519542e-06 7.2063437862030533e-05 1.2603790579440925e-05 0.00012685982940804788 -6.0725114883106723e-06 -0.00024860629520120377 9.6297644393089781e-06 2.3260633907541897e-05 0.00088823238673513434 -0.0003769327008528332 0.00015512273509436255 0.00018407632729701759 9.664490520953708e-05 -3.9542910484969986e-05 0.00028802193520327399 -3.6411025009383155e-06 2.7273779674387706e-05 1.5464653783478049e-05 -9.0344032746718319e-06 5.8435602004822828e-05 -4.081717640817582e-05 -0.00026503180382130226 4.5380134522235449e-05 1.8427401277317013e-05 -0.00015598881037012026 -2.7686861971241802e-05 -0.00027212898089818625 4.3094023770189052e-06
leaf_weight=1592 48 409 90 20 39 29 404 37 20 24 20 36 29 38 35 55 34 31 31 39 557 37 140 24 24 20 127 163 213 20
leaf_count=1592 48 409 90 20 39 29 404 37 20 24 20 36 29 38 35 55 34 31 31 39 557 37 140 24 24 20 127 163 213 20
internal_value=-0.000318984 -9.47898e-05 0.000892559 0.0017852 0.00382621 -0.000186989 -0.000216824 -0.000115601 0.000291667 0.000783332 0.00167423 0.00266461 0.00187134 0.000871611 0.000334334 5e-05 8.33337e-05 0.00143179 -0.000323863 -0.000149399 -0.00022314 -0.0002979 5.64522e-05 0.000543102 0.00189703 0.00334083 -1.82919e-05 -0.000293145 -0.000527775 0.000302627
internal_weight=4385 2793 232 142 59 2561 2532 2128 720 450 198 123 103 74 83 75 252 55 1408 999 968 929 372 232 68 44 164 197 270 57
internal_count=4385 2793 232 142 59 2561 2532 2128 720 450 198 123 103 74 83 75 252 55 1408 999 968 929 372 232 68 44 164 197 270 57
cat_boundaries=0 1
cat_threshold=512
is_linear=0
shrinkage=0.03


Tree=135
num_leaves=31
num_cat=1
split_feature=6 19 11 9 0 8 6 7 6 6 18 11 2 17 7 17 2 6 2 9 17 1 8 12 17 7 0 8 2 8
split_gain=0.553605 0.231569 0.269364 0.598606 0.4468 0.322115 0.342037 0.311336 0.253862 0.231217 0.119682 0.143253 0.225003 0.26206 0.112566 0.412323 0.091743 0.0856897 0.211551 0.259065 0.250956 0.229981 0.0799923 0.107141 0.182426 0.0768154 0.323074 0.079738 0.0692622 0.054755
threshold=0.23103448275862074 0 0.25000000000000017 0.4584245076586434 0.41625612619461377 0.11775028083749341 0.30921658986175121 0.056857665866402091 0.307373271889401 0.71751152073732738 0.49264705882352944 -0.9330127018922193 0.075520833333333343 0.31464967031419194 0.10036056523027932 0.35286358607778068 0.028645833333333336 0.32488479262672815 0.10156250000000001 0.69146608315098479 0.3058037613820101 0.091145833333333343 0.15242185369161029 1.0000000180025095e-35 0.33439707258956691 0.10036056523027932 0.45956809332532095 0.16822606371660098 0.044270833333333336 0.13241653228399899
decision_type=2 1 2 2 2 2 2 2 2 2 2 2 2 2 2 2 2 2 2 2 2 2 2 2 2 2 2 2 2 2
left_child=-1 25 10 5 -5 6 -4 -6 -9 14 11 12 28 -14 -10 -16 -13 -18 19 21 -21 -19 23 24 -7 29 -27 -28 -3 -2
right_child=1 2 3 4 7 22 -8 8 9 -11 -12 16 13 -15 15 -17 17 18 -20 20 -22 -23 -24 -25 -26 26 27 -29 -30 -31
leaf_value=-0.00066084409564333608 -6.1461482771235653e-05 9.9525623078740719e-06 1.0294328724254895e-06 0.00020430014439456369 1.7647261563768961e-05 3.7255130468567517e-05 1.2268047197081607e-05 6.5804688429465407e-05 -5.4636227506802077e-05 0.000104551323886504 -2.9518760832513869e-06 0.00010031548880953131 4.456497649508089e-05 2.38196982600001e-05 0.0001627099686422082 -2.5664470956689057e-06 -0.00016828920960431539 -0.00028610293866449552 -1.2593346144976016e-05 3.8674764441755749e-05 5.0872494582399913e-05 4.7751699179756725e-05 -5.1073559637148347e-05 -0.00015486616774062958 -0.00061576841330695652 5.919625157262894e-05 1.0310222276380359e-05 -0.00015449525783999427 -0.00021728434085542666 -9.3661516176244769e-05
leaf_weight=1838 280 33 31 23 30 37 20 27 67 21 217 25 20 23 24 69 250 83 189 34 20 29 263 48 27 20 37 104 44 444
leaf_count=1838 280 33 31 23 30 37 20 27 67 21 217 25 20 23 24 69 250 83 189 34 20 29 263 48 27 20 37 104 44 444
internal_value=-0.000304489 -1.74274e-05 0.000192008 0.00064738 0.00177873 -4.57738e-05 0.00219113 0.00139285 0.000980765 0.000575964 -0.000129523 5.00006e-05 0.000999992 0.00273831 0.0001875 0.000862895 -0.000130951 -0.000204544 9.50709e-05 0.000876501 0.00258329 5.35717e-05 -0.000349998 0.000321426 0.00112498 -0.000406423 0.000181677 -0.000324465 2.92211e-05 -0.000542816
internal_weight=4377 2539 1654 687 261 426 51 238 208 181 967 750 120 43 160 93 630 605 355 166 54 112 375 112 64 885 161 141 77 724
internal_count=4377 2539 1654 687 261 426 51 238 208 181 967 750 120 43 160 93 630 605 355 166 54 112 375 112 64 885 161 141 77 724
cat_boundaries=0 1
cat_threshold=449
is_linear=0
shrinkage=0.03


Tree=136
num_leaves=31
num_cat=0
split_feature=6 11 11 2 17 17 3 6 11 6 6 4 20 4 6 20 18 6 5 11 13 18 17 5 6 20 2 6 6 7
split_gain=0.585014 0.195222 0.446067 0.436045 0.33537 0.751 0.318525 0.521039 0.217224 0.255348 0.486801 0.201914 0.140786 0.19047 0.170874 0.123478 0.11545 0.109092 0.211642 0.497595 0.673353 0.103895 0.134567 0.42788 0.151801 0.0888828 0.209504 0.139584 0.0630246 0.214278
threshold=0.23103448275862074 0.25000000000000017 0.93301270189221952 0.018229166666666668 0.33439707258956691 0.32988681814313686 0.033854166666666671 0.2824884792626729 0.6830127018922193 0.29815668202764983 0.32119815668202772 0.070312500000000014 0.48998056559818987 0.049479166666666671 0.71013824884792642 0.59889677441000055 0.49558823529411766 0.2649769585253457 0.15314401622718055 -0.9330127018922193 1.0000000180025095e-35 0.46323529411764708 0.2858054633648201 0.14638269100743748 0.33041474654377889 0.58315943199673659 0.096354166666666671 0.59032258064516141 0.31935483870967746 0.068441601191932266
decision_type=2 2 2 2 2 2 2 2 2 2 2 2 2 2 2 2 2 2 2 2 2 2 2 2 2 2 2 2 2 2
left_child=-1 16 3 -3 5 6 7 -5 15 -10 -11 -12 13 -6 -14 28 17 -2 19 20 -19 -21 24 -24 -23 -20 -27 -28 29 -8
right_child=1 2 -4 4 12 -7 8 -9 9 10 11 -13 14 -15 -16 -17 -18 18 25 21 -22 22 23 -25 -26 26 27 -29 -30 -31
leaf_value=-0.00064101877277403653 -0.00010826593333799723 0.00014597406809876583 -0.00029858550935592915 -4.8274568351338586e-05 1.5462567920775097e-05 1.8183849661535464e-05 -0.00035462668679743964 0.00018091293448983307 -0.00036600733307444542 4.4811117948909545e-05 -0.0001620532853624679 0.00016319049505022799 -8.2818665728530407e-06 -0.00032540229615955535 9.3317710548450062e-05 1.7534146614314078e-05 -7.2185282997040511e-06 -0.00024417805869913833 -5.9742236251113682e-05 -0.00028054455223035962 4.6590322926793127e-05 -0.00047615487315745699 4.5023487650909181e-05 -0.00015214371817758938 4.2705993431007181e-05 2.0491202552477968e-05 4.2950537408572194e-06 -8.0004651564202022e-06 -0.00014944506259898928 2.9541071202289111e-05
leaf_weight=1838 252 21 254 27 36 34 56 20 30 21 28 24 252 27 20 21 278 27 558 72 22 63 20 23 20 24 39 122 120 28
leaf_count=1838 252 21 254 27 36 34 56 20 30 21 28 24 252 27 20 21 278 27 558 72 22 63 20 23 20 24 39 122 120 28
internal_value=-0.000277073 1.80196e-05 0.000339304 0.00070098 0.000580645 0.00115709 0.000769999 0.00307972 0.000439024 0.00158008 0.00253764 0.000980751 -0.000123133 0.00115474 -0.000419115 -8.33322e-05 -0.000197368 -7.36707e-05 6.81825e-05 0.000828945 0.00353564 0.000159091 0.000678567 0.00204065 -2.71074e-05 -0.000184723 0.000385134 -4.65764e-06 -0.000308821 0.000321425
internal_weight=4377 2539 1019 765 744 409 375 47 328 103 73 52 335 63 272 225 1520 1242 990 247 49 198 126 43 83 743 185 161 204 84
internal_count=4377 2539 1019 765 744 409 375 47 328 103 73 52 335 63 272 225 1520 1242 990 247 49 198 126 43 83 743 185 161 204 84
is_linear=0
shrinkage=0.03


Tree=137
num_leaves=31
num_cat=0
split_feature=6 11 16 5 10 20 20 5 9 9 18 3 8 6 1 7 5 9 18 6 2 4 8 3 7 11 3 6 2 2
split_gain=0.65861 0.184833 0.361526 0.581418 0.747916 0.856551 0.375023 0.959929 0.281658 0.263274 0.245258 0.267545 0.224979 0.186398 0.268729 0.143954 0.336859 0.294959 0.135536 0.156441 0.53608 0.670723 0.322083 0.111874 0.107364 0.0771806 0.372074 0.118317 0.0971648 0.0883106
threshold=0.2141744795804863 0.25000000000000017 14.500000000000002 0.19979716024340774 -0.24999999999999994 0.47680365491675797 0.44836881218107716 0.14300202839756596 0.51531728665207888 0.53610503282275734 0.4661764705882353 0.065104166666666671 0.1142210635865936 0.71013824884792642 0.085937500000000014 0.055089635996602375 0.14300202839756596 0.34390955506929255 0.49558823529411766 0.5202764976958526 0.096354166666666671 0.11718750000000001 0.17293610086023539 0.065104166666666671 0.049629439556436873 -0.9330127018922193 0.085937500000000014 0.22165898617511523 0.023437500000000003 0.044270833333333336
decision_type=2 2 2 2 2 2 2 2 2 2 2 2 2 2 2 2 2 2 2 2 2 2 2 2 2 2 2 2 2 2
left_child=23 18 15 4 5 24 7 8 -6 -5 11 -8 -10 14 -11 16 -3 -18 19 25 21 -21 -22 -1 -4 26 29 -27 -29 -2
right_child=1 2 3 9 6 -7 10 -9 12 13 -12 -13 -14 -15 -16 -17 17 -19 -20 20 22 -23 -24 -25 -26 27 -28 28 -30 -31
leaf_value=-0.00088139924624592951 1.1238752568257369e-05 -0.00028511243221587254 2.0421409021144018e-05 -1.1591755672793628e-05 -0.00019855986745828189 2.2193659197838309e-05 1.1249211757716227e-05 0.0001420153105520625 -9.5138554373218456e-05 0.0003120222280270629 -5.5493009073178073e-05 -0.00022408698795371235 0.0004046574028147863 0.00010305300169212816 -4.1178603413539802e-06 -0.0003455269835901494 -0.00031909423785797243 1.7248525708605979e-05 -9.4754454857047133e-06 4.4860511394350953e-05 9.2496327976182136e-07 -4.2950760210366654e-06 -1.0371856916114425e-05 0.00043824868226435203 -0.00015693512321377417 1.8348466533625718e-05 3.6122934909320978e-05 8.1105040560561939e-05 -9.3729684961419232e-05 -0.00037671729264257293
leaf_weight=1624 63 75 20 247 60 20 26 20 20 21 110 20 20 20 71 278 26 20 287 38 23 40 192 35 21 24 28 29 797 102
leaf_count=1624 63 75 20 247 60 20 26 20 20 21 110 20 20 20 71 278 26 20 287 38 23 40 192 35 21 24 28 29 797 102
internal_value=-0.000242803 4.47027e-05 0.000345891 0.00075862 0.00165356 0.00465976 0.000989128 0.00224998 0.00104999 -8.14754e-05 1.92314e-05 0.00185866 0.00299993 0.00112499 0.000554343 -0.000374058 0.000489666 0.00251082 -0.000158502 -3.14364e-05 0.000581057 0.0027115 -0.000191859 -0.000713832 0.00217678 -0.000203499 0.000338082 -0.000326469 -0.000386803 -0.000204543
internal_weight=4377 2718 1095 696 337 61 276 120 100 359 156 46 40 112 92 399 121 46 1623 1336 293 78 215 1659 41 1043 193 850 826 165
internal_count=4377 2718 1095 696 337 61 276 120 100 359 156 46 40 112 92 399 121 46 1623 1336 293 78 215 1659 41 1043 193 850 826 165
is_linear=0
shrinkage=0.03


Tree=138
num_leaves=31
num_cat=3
split_feature=6 16 11 9 19 7 17 17 0 6 0 19 6 0 17 6 7 18 4 6 11 0 18 17 19 2 11 7 7 3
split_gain=0.602687 0.193003 0.189746 0.316379 0.590149 0.734785 0.431095 0.754184 0.41565 0.250194 0.241404 0.217496 0.26551 0.320295 0.712283 0.499653 0.213322 0.147886 0.137494 0.136315 0.207886 0.656389 0.193055 0.355159 0.180673 0.246904 0.348849 0.136073 0.30531 0.244882
threshold=0.20519397970534159 4.5000000000000009 0.25000000000000017 0.4584245076586434 0 0.11596544270602603 0.36966948439376329 0.30277834021462596 0.41741515485649366 0.23759733036707456 0.4652230214593141 1 0.33870967741935493 0.44245385302474427 0.34515477772984848 0.3000000000000001 0.057482738463101604 0.48382352941176471 0.085937500000000014 0.26682027649769591 -0.9330127018922193 0.46101389626997746 0.48088235294117648 0.31173942643179314 2 0.096354166666666671 -0.24999999999999994 0.097920479806488284 0.12201822244818451 0.085937500000000014
decision_type=2 2 2 2 1 2 2 2 2 2 2 1 2 2 2 2 2 2 2 2 2 2 2 2 1 2 2 2 2 2
left_child=-1 -2 17 11 8 6 7 -6 9 -5 -9 12 13 -4 15 -15 -17 19 -7 -3 21 -21 24 -24 25 26 -22 -26 29 -29
right_child=1 2 3 4 5 18 -8 10 -10 -11 -12 -13 -14 14 -16 16 -18 -19 -20 20 22 -23 23 -25 27 -27 -28 28 -30 -31
leaf_value=-0.00094845435406631462 -0.00014996765939347936 -0.00014059168658303703 -0.00051153769146359987 9.5133667588595121e-05 2.7515056083515849e-05 -7.9291352373590241e-06 2.2889398091463173e-07 0.00042972013209857868 -1.2434049539849267e-05 0.00017658915082060741 0.00015231202718860189 -7.2900402042491892e-05 -7.2045341640899468e-05 2.2481886425402586e-05 -2.2297889195073748e-06 9.0343327251511588e-07 3.1269003383585975e-05 -7.9726241334476873e-06 8.7426589181233694e-05 3.6566859652621713e-05 7.3946322951572914e-05 -5.3030026428350076e-06 4.1657352398447972e-05 -5.1888234243818788e-05 -6.235324301576298e-05 -6.1893224102710563e-05 -4.1904801548968404e-05 4.8933564825046584e-05 -5.0374954375050562e-05 -3.307189292782207e-06
leaf_weight=1583 277 297 50 22 20 44 21 20 204 20 26 282 127 21 49 26 31 536 20 39 27 65 22 21 320 44 47 22 68 26
leaf_count=1583 277 297 50 22 20 44 21 20 204 20 26 282 127 21 49 26 31 536 20 39 27 65 22 21 320 44 47 22 68 26
internal_value=-0.000263365 1.61131e-06 8.43273e-05 0.000409715 0.0010636 0.00246427 0.00442236 0.00561355 9.96097e-05 0.00282136 0.00772809 -3.32757e-05 0.000515923 0.00128389 0.00208463 0.00386534 0.00240785 -0.000124184 0.000187498 9.1684e-05 0.0003199 0.00155768 0.000104272 0.00204065 -4.60281e-05 0.000949212 0.00208781 -0.000329595 0.000543099 0.00237495
internal_weight=4377 2794 2517 983 397 151 87 66 246 42 46 586 304 177 127 78 57 1534 64 998 701 104 597 43 554 118 74 436 116 48
internal_count=4377 2794 2517 983 397 151 87 66 246 42 46 586 304 177 127 78 57 1534 64 998 701 104 597 43 554 118 74 436 116 48
cat_boundaries=0 1 2 3
cat_threshold=425 616 520
is_linear=0
shrinkage=0.03


Tree=139
num_leaves=31
num_cat=2
split_feature=5 7 18 12 11 17 9 13 13 18 20 4 19 12 17 9 10 16 19 11 18 17 12 2 9 20 20 10 9 13
split_gain=0.440528 0.22421 0.475398 0.561212 0.317215 0.213799 0.323076 0.568148 0.156679 0.265999 0.146569 0.451387 0.141576 0.269813 0.415702 0.127134 0.0792895 0.244926 0.324339 0.474718 0.695498 0.18607 0.126816 0.114419 0.0925662 0.225809 0.347726 0.0856032 0.100799 0.070303
threshold=0.12457741717376607 0.055388226996607351 0.47500000000000003 -0.60785761079279388 0.6830127018922193 0.24657475959492811 0.49781181619256026 1.0000000180025095e-35 1.0000000180025095e-35 0.46029411764705885 0.41625612619461377 0.044270833333333336 0 -1.0000000180025095e-35 0.32525038221251906 0.97957695113056176 -0.5 14.500000000000002 1 0.25000000000000017 0.49852941176470594 0.3106250678592285 0.87837969732492682 0.018229166666666668 0.72611232676878201 0.61090751480435135 0.63245318005513651 0.68301270189221941 0.44128373450036479 -0.22252093395631442
decision_type=2 2 2 2 2 2 2 2 2 2 2 2 1 2 2 2 2 2 1 2 2 2 2 2 2 2 2 2 2 2
left_child=5 2 3 -2 8 6 -1 -8 -5 -10 11 -3 13 14 -4 16 17 -12 19 21 -21 -19 -20 -18 27 -26 -27 -25 -29 -30
right_child=1 10 12 4 -6 -7 7 -9 9 -11 15 -13 -14 -15 -16 -17 23 18 22 20 -22 -23 -24 24 25 26 -28 28 29 -31
leaf_value=-0.0012168965027415607 1.8823563318859599e-05 -0.00065435149169170456 8.8648448008944242e-05 -0.00022732267202872712 1.4394702953820334e-05 -0.00057388589815800316 -0.00040969306378254834 0.00015369033009510503 -0.00026776270373990072 2.6078860148456838e-05 -0.00021438265925134118 0.00010914758316140835 -0.00013991121198993876 -0.0001055919843285481 -0.00016982797704755319 1.3849729847611921e-05 4.8271875496341174e-05 3.9574671094374419e-05 -5.0162361695769762e-05 0.00029057041446229622 6.5893662844253986e-05 -1.249228867991408e-05 4.858571234768193e-05 -2.4990393720330955e-05 -3.1882131723738974e-06 1.3867015406114518e-05 -3.1783110898943847e-05 3.5105019719997719e-05 -7.9194348505312243e-06 -1.3743148726107047e-06
leaf_weight=58 36 36 27 68 36 1948 22 22 27 29 184 22 180 55 22 21 25 30 122 25 24 49 26 610 176 33 28 25 183 228
leaf_count=58 36 36 27 68 36 1948 22 22 27 29 184 22 180 55 22 21 25 30 122 25 24 49 26 610 176 33 28 25 183 228
internal_value=-0.000297635 -1.51475e-05 0.0005625 0.00169897 0.000937495 -0.000618292 0.000720582 0.00265903 0.000217741 0.00139283 -0.000165267 0.00131894 -0.000221829 0.000631574 0.00231118 -0.000213387 -0.000240949 9.78266e-05 0.000663042 0.00169564 0.00414788 0.000389236 -0.000322782 -0.000360091 -0.000399259 0.000136076 0.00170899 -0.000520553 -0.00019954 -0.000312042
internal_weight=4377 2327 480 196 160 2050 102 44 124 56 1847 58 284 104 49 1789 1768 460 276 128 49 79 148 1308 1283 237 61 1046 436 411
internal_count=4377 2327 480 196 160 2050 102 44 124 56 1847 58 284 104 49 1789 1768 460 276 128 49 79 148 1308 1283 237 61 1046 436 411
cat_boundaries=0 1 2
cat_threshold=538 42
is_linear=0
shrinkage=0.03


Tree=140
num_leaves=31
num_cat=2
split_feature=0 7 19 18 2 0 17 9 18 7 9 19 18 10 0 8 7 8 2 7 18 8 17 18 18 18 10 2 7 10
split_gain=0.735919 0.274227 0.426538 0.695843 0.680143 1.18196 0.224166 0.605072 0.864829 0.195563 0.190067 0.226636 0.442561 0.49477 0.254333 0.167933 0.149958 0.281949 0.134917 0.114776 0.0889549 0.174998 0.386073 0.131647 0.0788525 0.280182 0.0770488 0.236315 0.142568 0.274283
threshold=0.39191207165358427 0.055388226996607351 0 0.4661764705882353 0.11197916666666667 0.43439828646662476 0.30638478309989764 0.58242159008023353 0.48676470588235299 0.38780974986680611 0.65134938001458809 1 0.47205882352941181 0.68301270189221941 0.49067235489645161 0.088210155466507345 0.075870623877683993 0.19218106975147189 0.028645833333333336 0.059318526023085606 0.50147058823529422 0.18375450283017666 0.35984171559867256 0.50441176470588245 0.46029411764705885 0.45441176470588235 -0.5 0.11718750000000001 0.068961761325797011 -0.6830127018922193
decision_type=2 2 1 2 2 2 2 2 2 2 2 1 2 2 2 2 2 2 2 2 2 2 2 2 2 2 2 2 2 2
left_child=-1 2 15 4 5 -4 18 8 -8 10 20 12 -12 14 -14 -2 17 19 -5 -13 26 22 23 -22 25 -18 27 28 29 -3
right_child=1 9 3 6 -6 -7 7 -9 -10 -11 11 16 13 -15 -16 -17 24 -19 -20 -21 21 -23 -24 -25 -26 -27 -28 -29 -30 -31
leaf_value=-0.00095653823499109467 0.00055221716639036332 -0.00029911569808427021 -0.0002309366682366984 2.1310135297681154e-05 -0.00034953253991010686 7.8653771125725578e-05 5.0731218120283146e-05 -0.00021660464873445533 -5.4610851037001044e-05 0.00011142923418431471 -5.7340330141134248e-05 5.9968798870209289e-05 5.2374927617888986e-05 8.8669091468494536e-05 -1.6106031152327199e-05 -5.7142953826273589e-05 -1.8392320632912191e-05 4.4402047326608574e-05 -0.00015601036967253696 -4.4414438818755013e-05 9.9444735935884063e-06 -1.2064592095222795e-05 5.5293919395857786e-05 -0.00014642379001147382 -6.3338290261396489e-06 4.4786937229758084e-05 -3.3854523241821139e-05 0.0002793550583527977 -0.00011434867135532914 2.7700007758417128e-05
leaf_weight=1685 35 79 24 24 21 33 37 60 37 29 45 38 20 25 26 315 58 29 102 124 21 120 22 47 198 23 846 26 198 33
leaf_count=1685 35 79 24 24 21 33 37 60 37 29 45 38 20 25 26 315 58 29 102 124 21 120 22 47 198 23 846 26 198 33
internal_value=-0.000222602 8.48801e-05 0.000601744 0.00134051 0.00386534 0.00556569 0.000634614 0.0014888 0.00330401 -9.23012e-05 -0.000128159 0.000325085 0.00145237 0.00305277 0.0012065 -0.000145832 1.56257e-05 0.00066361 -0.000273807 0.000175926 -0.000318965 0.00025 0.00124999 0.000132352 -0.000427417 0.000361107 -0.00042005 -3.57135e-05 -0.000266127 0.000589281
internal_weight=4380 2695 688 338 78 57 260 134 74 2007 1978 586 116 71 46 350 470 191 126 162 1392 210 90 68 279 81 1182 336 310 112
internal_count=4380 2695 688 338 78 57 260 134 74 2007 1978 586 116 71 46 350 470 191 126 162 1392 210 90 68 279 81 1182 336 310 112
cat_boundaries=0 1 2
cat_threshold=433 656
is_linear=0
shrinkage=0.03


Tree=141
num_leaves=31
num_cat=2
split_feature=20 19 12 20 17 18 8 8 17 6 20 4 5 5 12 9 3 8 6 19 8 6 9 9 16 9 9 16 20 9
split_gain=0.639864 0.30073 0.448601 0.573644 0.233371 0.159495 0.2354 0.480796 0.799105 0.220106 0.169386 0.263815 0.436685 0.22395 0.40329 0.829646 0.284041 0.179817 0.187572 0.127539 0.353275 0.609654 0.116013 0.130593 0.224013 0.0856349 0.0605158 0.138319 0.175645 0.674744
threshold=0.37668253684308667 0 -0.60785761079279388 0.48335966612514275 0.3752021104586844 0.48382352941176471 0.19944284209539223 0.19218106975147189 0.32135636292142422 0.73963133640553014 0.42698937538429221 0.091145833333333343 0.29310344827586216 0.14503042596348886 -1.0000000180025095e-35 0.60357403355215189 0.070312500000000014 0.088210155466507345 0.3000000000000001 1 0.12421201642130983 0.25852534562211987 0.88366156090444947 0.2538293216630198 15.500000000000002 0.39897884755652818 0.5977388767323123 29.500000000000004 0.46376833820953017 0.51677607585703877
decision_type=2 1 2 2 2 2 2 2 2 2 2 2 2 2 2 2 2 2 2 1 2 2 2 2 2 2 2 2 2 2
left_child=-1 2 3 -2 -4 6 7 10 -9 26 17 12 13 14 15 -12 -16 -3 -19 20 21 -15 23 24 -22 -21 27 -7 29 -29
right_child=1 5 4 -5 -6 9 -8 8 -10 -11 11 -13 -14 19 16 -17 -18 18 -20 25 22 -23 -24 -25 -26 -27 -28 28 -30 -31
leaf_value=-0.0011000199066319954 9.0214802947337973e-05 0.00039189443726480948 -0.00012936034061620074 7.2828998824780387e-06 2.4111780692613573e-05 -0.00010495704084158851 -7.9519812799729146e-06 0.0002039557914314082 -0.00016312171405900961 0.00010308798186868492 9.7684575433201734e-05 -1.0715601035457908e-05 2.2553369421867855e-05 -0.00057234703935334032 -0.00016902329391724416 -0.00010417634126639024 3.9128449418662545e-05 -0.00028507520511466503 4.5854995864496822e-05 2.3148029775748452e-06 -0.00018800208156262674 2.7391899463515905e-05 5.8955756564048586e-05 -4.1909207967166047e-06 5.422952186101075e-05 -8.7987492733124304e-05 -1.1223603585723719e-05 -4.201282245059537e-05 -6.8686265197225574e-07 9.7450413287411981e-05
leaf_weight=1537 38 38 135 33 25 329 451 22 21 32 25 135 21 27 81 30 21 302 20 37 23 35 20 155 21 141 397 61 144 23
leaf_count=1537 38 38 135 33 25 329 451 22 21 32 25 135 21 27 81 30 21 302 20 37 23 35 20 155 21 141 397 61 144 23
internal_value=-0.000256849 9.76153e-06 0.00102386 0.00305277 0.0001875 -8.35233e-05 9.87091e-05 0.000322341 0.00343597 -0.000384887 0.000204064 0.000454663 0.000709968 0.000564935 0.00154298 0.00361357 0.000426467 -0.000333332 -0.000563662 0.000230392 0.000615978 0.00263705 7.19182e-05 -0.000146983 0.00129543 -0.000390955 -0.00046698 -0.000265259 0.000302631 0.00139284
internal_weight=4380 2843 231 71 160 2612 1626 1175 43 986 1132 772 637 616 157 55 102 360 322 459 281 62 219 199 44 178 954 557 228 84
internal_count=4380 2843 231 71 160 2612 1626 1175 43 986 1132 772 637 616 157 55 102 360 322 459 281 62 219 199 44 178 954 557 228 84
cat_boundaries=0 1 2
cat_threshold=512 218
is_linear=0
shrinkage=0.03


Tree=142
num_leaves=31
num_cat=2
split_feature=0 19 7 8 4 12 5 18 2 4 4 2 4 0 9 8 6 8 19 6 6 12 16 9 8 6 7 6 9 8
split_gain=0.683224 0.207993 0.231823 0.234281 0.603764 0.370951 0.668632 0.190159 0.129309 0.127267 0.121374 0.112357 0.1355 0.273979 0.147998 0.444742 0.438275 0.193604 0.111025 0.214523 0.244632 0.0867986 0.0785342 0.131723 0.204483 0.404447 0.141754 0.0972841 0.0911723 0.257869
threshold=0.37510248215901731 0 0.05222052120960112 0.13422374372751167 0.054687500000000007 -0.60785761079279388 0.1288032454361055 0.53088235294117658 0.028645833333333336 0.11197916666666667 0.070312500000000014 0.023437500000000003 0.059895833333333336 0.42795921805502896 0.71298322392414315 0.27323002848564254 0.48894009216589868 0.12186878796828471 1 0.44930875576036872 0.35529953917050699 -0.8783796973249266 28.500000000000004 0.52808169219547796 0.12329638088264598 0.23917050691244243 0.052639969885266709 0.37741935483870975 0.88366156090444947 0.1482181984897806
decision_type=2 1 2 2 2 2 2 2 2 2 2 2 2 2 2 2 2 2 1 2 2 2 2 2 2 2 2 2 2 2
left_child=-1 2 3 5 -5 6 -2 11 -7 -6 -9 -4 -13 -14 17 16 -16 -15 19 20 -19 -21 -3 24 25 26 -24 -26 -25 -30
right_child=1 22 7 4 9 8 -8 10 -10 -11 -12 12 13 14 15 -17 -18 18 -20 21 -22 -23 23 28 27 -27 -28 -29 29 -31
leaf_value=-0.0010924245898080024 -0.00040630450339194669 -0.00018245882466710618 2.9958236063645652e-05 4.4485294930973861e-05 -0.00030827240130836431 0.0001474315401114022 0.00021018893662062488 9.8126654041131572e-05 -0.00011924758339866033 1.1578256379955553e-05 5.384985772998451e-05 -4.6992011359380782e-05 4.3120247511917314e-05 4.133230120311476e-05 -1.2100855410378167e-06 -1.2685830236169262e-06 4.2870793760901267e-05 -0.00048545031887323365 -3.2992662371109213e-05 1.2391586658334163e-06 5.5386397087918294e-05 -1.8083608903563086e-06 -0.00017808015228138431 -9.538269178279781e-05 -2.85734042210342e-05 2.8287109894779124e-05 0.00020684860822055805 8.3244153232404444e-05 2.5893495570915082e-05 -2.5557510066754895e-05
leaf_weight=1521 32 606 38 34 35 23 35 20 153 20 23 475 33 30 22 73 20 21 288 29 37 194 43 281 95 28 35 31 39 66
leaf_count=1521 32 606 38 34 35 23 35 20 153 20 23 475 33 30 22 73 20 21 288 29 37 194 43 281 95 28 35 31 39 66
internal_value=-0.000236301 3.69892e-05 0.000257599 0.000966865 0.00228368 0.000484567 0.00238429 7.88571e-05 -0.000238634 0.000340904 0.00204065 1.19055e-05 -3.80516e-05 0.000213856 9.03367e-05 0.00107608 0.00353563 -9.8914e-05 -0.000222758 0.000203608 0.00183618 -0.000211882 -0.000257698 -2.18439e-05 0.000543102 0.00151414 0.000403842 -0.000273807 -0.000361397 0.000392854
internal_weight=4380 2859 1635 332 89 243 67 1303 176 55 43 1260 1222 747 714 115 42 599 569 281 58 223 1224 618 232 106 78 126 386 105
internal_count=4380 2859 1635 332 89 243 67 1303 176 55 43 1260 1222 747 714 115 42 599 569 281 58 223 1224 618 232 106 78 126 386 105
cat_boundaries=0 1 2
cat_threshold=558 514
is_linear=0
shrinkage=0.03


Tree=143
num_leaves=31
num_cat=1
split_feature=20 9 13 11 10 16 19 7 7 20 4 10 20 18 17 17 14 2 7 20 4 3 20 4 3 1 20 4 20 2
split_gain=0.631765 0.171786 0.204901 0.264359 0.353056 0.447416 0.233405 0.41494 0.610467 0.314302 0.230294 0.490589 0.695768 0.220628 0.157027 0.512685 0.157339 0.224086 0.232668 0.143493 0.373316 0.139838 0.129818 0.0929732 0.266784 0.308916 0.505813 0.08533 0.175392 0.115085
threshold=0.37510248215901731 0.23450036469730126 -0.56174490092936669 0.6830127018922193 -0.24999999999999994 29.500000000000004 0 0.049184323483876809 0.047593645554304349 0.61090751480435135 0.049479166666666671 0.25000000000000011 0.43227513617739172 0.53088235294117658 0.33260705618597397 0.33037833904084474 1.0000000180025095e-35 0.080729166666666671 0.076340200555275337 0.56286410739646286 0.10677083333333334 0.080729166666666671 0.41741515485649366 0.065104166666666671 0.075520833333333343 0.10156250000000001 0.52628531952766189 0.091145833333333343 0.47474271117275768 0.039062500000000007
decision_type=2 2 2 2 2 2 1 2 2 2 2 2 2 2 2 2 2 2 2 2 2 2 2 2 2 2 2 2 2 2
left_child=-1 -2 3 -3 5 -5 9 8 10 -4 11 12 -8 14 15 16 19 27 -19 -9 -21 -12 -13 -16 25 26 -25 28 29 -18
right_child=1 2 6 4 -6 -7 7 13 -10 -11 21 22 -14 -15 23 -17 17 18 -20 20 -22 -23 -24 24 -26 -27 -28 -29 -30 -31
leaf_value=-0.0010596518521137619 -0.00029639865101813449 -2.9040437234868692e-05 -5.3830920415617635e-05 -2.5467538906482219e-05 -8.1870874979397185e-06 0.00058615959657568073 -0.00020694808088506081 -3.6515988965487572e-05 3.3658521126217993e-05 2.5085651268036256e-05 -0.00012111745567243621 0.00017687595771356644 0.00026195520802219482 0.0001124305435190706 -4.6138189380789687e-05 5.943990646137042e-05 9.4997769697788916e-05 5.1856688063187033e-05 3.00231292782601e-06 1.8822482087490408e-05 -5.3910016456976736e-06 1.0737630165219374e-05 -6.5886108177203165e-06 -4.4892985658196809e-05 -2.9612845467238841e-06 -8.8376467809823488e-06 9.7930970667005804e-05 -0.0002788085585970245 4.984627835831054e-05 -0.00031812019853077518
leaf_weight=1521 362 539 612 35 94 31 22 247 20 22 58 20 24 36 241 20 23 20 32 25 35 21 37 26 98 30 20 41 23 45
leaf_count=1521 362 539 612 35 94 31 22 247 20 22 58 20 24 36 241 20 23 20 32 25 35 21 37 26 98 30 20 41 23 45
internal_value=-0.000236301 2.6496e-05 0.000115039 -0.000320814 0.000749996 0.00243178 0.000284483 0.000534072 0.00177474 -0.000179347 0.00122802 0.0021626 0.00446729 0.000279106 0.000189525 0.000541585 0.000349796 0.00104347 0.00271149 -6.596e-05 0.00124998 9.49427e-06 0.000302627 -0.000243975 0.000284482 0.0016184 0.00316298 0.000386361 0.000898342 0.000132352
internal_weight=4380 2859 2497 699 160 66 1798 1164 202 634 182 103 46 962 926 511 491 184 52 307 60 79 57 415 174 76 46 132 91 68
internal_count=4380 2859 2497 699 160 66 1798 1164 202 634 182 103 46 962 926 511 491 184 52 307 60 79 57 415 174 76 46 132 91 68
cat_boundaries=0 1
cat_threshold=401
is_linear=0
shrinkage=0.03


Tree=144
num_leaves=31
num_cat=1
split_feature=0 0 9 9 7 8 0 13 19 18 18 7 17 11 1 1 10 4 17 8 1 9 8 9 12 11 3 4 7 7
split_gain=0.56363 0.172888 0.154031 0.221942 0.421843 0.690344 0.281415 0.16969 0.153736 0.274795 0.302431 0.428019 0.259564 0.146138 0.137332 0.244042 0.117717 0.178779 0.237249 0.283591 0.351957 0.358593 0.147917 0.104286 0.251355 0.156381 0.0839038 0.219818 0.0765837 0.294812
threshold=0.37510248215901731 0.37807704580811868 0.51531728665207888 0.59117432530999292 0.049184323483876809 0.1237024423506968 0.61912653167645637 1.0000000180025095e-35 0 0.48382352941176471 0.47500000000000003 0.061948112052887368 0.40471732902164365 1.0000000180025095e-35 0.049479166666666671 0.039062500000000007 -0.5 0.065104166666666671 0.29725129776189269 0.17005089429037465 0.049479166666666671 0.18745441283734501 0.09137365290461133 0.71298322392414315 -0.8783796973249266 0.6830127018922193 0.12239583333333334 0.096354166666666671 0.1136185938746033 0.13980411543182011
decision_type=2 2 2 2 2 2 2 2 1 2 2 2 2 2 2 2 2 2 2 2 2 2 2 2 2 2 2 2 2 2
left_child=-1 -2 16 4 5 7 14 -4 9 10 12 -12 13 -5 15 -6 17 22 -19 20 -20 -22 -3 25 -25 -10 -16 -28 -26 -30
right_child=1 2 3 8 6 -7 -8 -9 23 -11 11 -13 -14 -15 26 -17 -18 18 19 -21 21 -23 -24 24 28 -27 27 -29 29 -31
leaf_value=-0.001027862296550349 0.00011519431999923557 0.00072513610981920411 -0.00017083781324123528 -7.289054306203649e-05 -5.7346077447425415e-05 3.7915366952599321e-05 0.00011436948778984148 1.8854425644178584e-05 -3.108212844210153e-05 -2.2757921865348934e-06 -0.00012010675505113016 8.2333844356723916e-05 0.00013660924537210744 3.5084849635948007e-05 -6.9536813704546644e-06 7.9406050205316231e-06 -0.00010926436980975106 -0.00023627954698585748 -0.0004148720996850348 -0.00015992446466429273 -0.00028121099396330679 3.0135896265174086e-05 -4.1894729350846776e-05 8.0659846498164778e-05 -6.2440527277035366e-05 4.9511640831182065e-05 2.2441086757224544e-05 -3.0215129399009572e-05 3.1466057418443548e-05 -1.8279071204152735e-05
leaf_weight=1521 30 22 28 124 47 23 20 27 594 158 32 37 21 38 222 29 536 61 22 34 22 39 324 37 194 22 24 34 20 38
leaf_count=1521 30 22 28 124 47 23 20 27 594 158 32 37 21 38 222 29 536 61 22 34 22 39 324 37 194 22 24 34 20 38
internal_value=-0.000263698 -1.54767e-05 -3.95009e-05 0.000131855 0.000703744 0.0027115 0.000287234 0.000886348 -6.55886e-05 0.000410714 0.00103571 0.00272822 0.00039754 -9.25849e-06 9.26971e-05 0.00122367 -0.000325471 -5.72446e-06 0.00076685 0.00155768 0.00250298 0.00367617 -0.000403177 -0.000282786 0.000184256 -0.000506492 -0.000214284 0.000801711 -0.000154761 0.000801711
internal_weight=4380 2859 2829 1769 454 78 376 55 1315 410 252 69 183 162 356 76 1060 524 178 117 83 61 346 905 289 616 280 58 252 58
internal_count=4380 2859 2829 1769 454 78 376 55 1315 410 252 69 183 162 356 76 1060 524 178 117 83 61 346 905 289 616 280 58 252 58
cat_boundaries=0 1
cat_threshold=552
is_linear=0
shrinkage=0.03


Tree=145
num_leaves=31
num_cat=1
split_feature=6 8 4 13 16 0 6 11 17 8 17 17 19 8 8 7 1 0 8 1 0 17 17 4 8 17 5 0 18 3
split_gain=0.918418 0.324251 0.256188 0.349614 0.346297 0.538953 1.29416 0.667771 0.153984 0.452147 0.146014 0.654307 0.137884 0.404219 0.535674 0.186665 0.553537 0.216687 0.139708 0.137013 0.306662 0.668562 0.12806 0.104574 0.189069 0.0966274 0.149012 0.302406 0.562644 0.16015
threshold=0.20519397970534159 0.088210155466507345 0.054687500000000007 1.0000000180025095e-35 27.500000000000004 0.42795921805502896 0.25852534562211987 0.6830127018922193 0.34766520237455956 0.17293610086023539 0.32010041698578856 0.29491107139817901 0 0.12421201642130983 0.11901411644934903 0.10585281245293768 0.091145833333333343 0.41625612619461377 0.18375450283017666 0.049479166666666671 0.45166513517880397 0.28716704961279899 0.16173091651774321 0.13802083333333334 0.19522708183397192 0.28393328227384912 0.17139959432048682 0.46968181644835522 0.47205882352941181 0.070312500000000014
decision_type=2 2 2 2 2 2 2 2 2 2 2 2 1 2 2 2 2 2 2 2 2 2 2 2 2 2 2 2 2 2
left_child=-1 -2 25 12 8 6 -6 10 19 -10 11 -7 13 14 -4 17 -17 -15 -18 20 -5 -22 -14 -19 -25 -3 27 29 -29 -27
right_child=1 2 3 4 5 7 -8 -9 9 -11 -12 -13 22 15 -16 16 18 23 -20 -21 21 -23 -24 24 -26 26 -28 28 -30 -31
leaf_value=-0.00090204902639914495 0.00063874429557731101 -0.00035738293518514992 -8.4782783194157425e-05 -0.00054998109555842571 -0.00022262940806500175 -1.4429011094646936e-06 0.0002314847845808371 0.00010527782147879874 8.8905176934478425e-05 -0.00012848094444608424 -5.3464823306061779e-06 3.686154473892765e-05 3.6314992274688502e-06 4.919358169865964e-05 2.1682844725862098e-05 0.00022553148966297288 6.651715880601707e-06 -8.5133946820015863e-05 -3.2535916181369491e-06 -1.9203375488321997e-05 2.2220088827961653e-05 -0.00024172717126639263 -2.5397362419436141e-05 3.1999081402956932e-06 -2.1126866479500689e-05 -3.7598937332988687e-05 -1.5597165250570565e-05 5.5620293622536129e-05 7.2517776353980687e-07 2.6996348923083559e-05
leaf_weight=1616 30 245 28 48 20 55 23 38 20 26 93 34 23 31 20 36 22 256 73 159 20 23 474 28 40 411 397 22 38 74
leaf_count=1616 30 245 28 48 20 55 23 38 20 26 93 34 23 31 20 36 22 256 73 159 20 23 474 28 40 411 397 22 38 74
internal_value=-0.00018025 0.000147756 0.000114243 0.000363208 0.000967351 0.0017595 0.00483128 0.00115909 0.000263513 0.00185866 0.000403845 0.00127246 3.56457e-05 0.000366728 0.00299994 0.000114198 0.00108205 -0.000242956 -0.000118419 -2.99992e-05 0.000898342 0.00273831 -0.000321005 -0.00047222 0.000573522 -0.000219249 -8.12094e-05 0.000240826 0.00224996 -7.73123e-06
internal_weight=4423 2807 2777 1590 559 263 43 220 296 46 182 89 1031 534 48 486 131 355 95 250 91 43 497 324 68 1187 942 545 60 485
internal_count=4423 2807 2777 1590 559 263 43 220 296 46 182 89 1031 534 48 486 131 355 95 250 91 43 497 324 68 1187 942 545 60 485
cat_boundaries=0 1
cat_threshold=650
is_linear=0
shrinkage=0.03


Tree=146
num_leaves=31
num_cat=3
split_feature=6 8 12 19 6 4 0 7 18 8 0 16 17 17 17 6 6 1 0 6 19 6 1 18 4 7 5 19 4 5
split_gain=0.812336 0.335519 0.208302 0.306516 0.299883 0.316385 0.338758 0.588713 0.627247 0.430415 0.243546 0.380929 0.242414 0.145559 0.127506 0.0954011 0.305147 0.403519 0.148187 0.107754 0.147058 0.806423 0.104893 0.201914 0.102292 0.100675 0.0833241 0.190165 0.205522 0.409347
threshold=0.20519397970534159 0.088210155466507345 -0.60785761079279388 0 0.23597761685319293 0.059895833333333336 0.46038902396614806 0.12106829783344576 0.48382352941176471 0.18460672248384172 0.60478778918727494 29.500000000000004 0.3161858565228492 0.28236921876054571 0.12160667177261514 0.25852534562211987 0.26853646909264267 0.054687500000000007 0.43144704750910573 0.45391705069124427 1 0.40599078341013833 0.059895833333333336 0.46911764705882358 0.018229166666666668 0.22769620777782279 0.15838404327248143 2 0.049479166666666671 0.14097363083164302
decision_type=2 2 2 1 2 2 2 2 2 2 2 2 2 2 2 2 2 2 2 2 1 2 2 2 2 2 2 1 2 2
left_child=-1 -2 3 4 -3 13 -7 8 9 -8 -5 -12 -10 -6 -4 -16 17 18 -17 20 21 22 23 -18 -22 -21 27 -26 -29 -30
right_child=1 2 14 10 5 6 7 -9 12 -11 11 -13 -14 -15 15 16 19 -19 -20 25 24 -23 -24 -25 26 -27 -28 28 29 -31
leaf_value=-0.00087498755560717141 0.0006195819667099917 0.00011350213057893099 2.5068564583850768e-05 -6.5526379540566792e-06 9.0294814170868416e-06 -0.00029351879347694766 6.2253523475410658e-05 -3.6565838340693286e-05 -0.00026514129426023861 6.0388434729248394e-05 8.3285177949014559e-05 -3.4891266628612969e-07 2.2598231010183587e-05 -7.4445911421412556e-06 -0.00013768468062118737 1.4862035126867792e-05 -6.3698057743886716e-06 -0.00052929906109736372 2.6556159573789195e-05 -3.420545729452758e-06 3.0404159079801434e-05 0.00021659996985148806 -0.00013261497881895279 5.483978140899855e-05 -0.00028727451273815457 2.03354378817192e-05 -2.7537118944992769e-05 -8.815308868752539e-05 3.4287071263451055e-06 6.3557786126516099e-05
leaf_weight=1616 30 23 38 396 20 38 23 38 25 25 21 21 30 124 421 24 28 35 26 556 23 29 80 24 114 30 402 70 58 35
leaf_count=1616 30 23 38 396 20 38 23 38 25 25 21 21 30 124 421 24 28 35 26 556 23 29 80 24 114 30 402 70 58 35
internal_value=-0.000214164 9.43185e-05 6.02276e-05 0.00047449 0.001125 0.000921824 0.00176396 0.00244147 0.0036189 0.00612487 -6.36152e-05 0.00210709 0.00143179 -0.000124998 -0.000102734 -0.000136188 -2.64008e-05 0.00172057 0.00344993 -0.000128881 8.42996e-05 0.000872803 -6.81806e-05 0.000980751 -0.000107443 -0.000442831 -0.000175625 0.000224729 0.000854042 0.00183063
internal_weight=4423 2807 2777 784 346 323 179 141 103 48 438 42 55 144 1993 1955 1534 85 50 1449 863 161 132 52 702 586 679 277 163 93
internal_count=4423 2807 2777 784 346 323 179 141 103 48 438 42 55 144 1993 1955 1534 85 50 1449 863 161 132 52 702 586 679 277 163 93
cat_boundaries=0 1 2 3
cat_threshold=556 10 336
is_linear=0
shrinkage=0.03


Tree=147
num_leaves=31
num_cat=1
split_feature=6 8 7 9 19 1 1 8 8 6 13 17 9 3 6 9 9 0 4 14 5 6 3 1 16 16 18 6 6 7
split_gain=0.656143 0.188419 0.360737 0.161231 0.206241 0.298028 0.365199 0.44902 0.330955 0.291596 0.266475 0.596008 0.533307 0.335022 0.245698 0.243572 0.237841 0.146737 0.124895 0.228344 0.0999444 0.0944502 0.0875968 0.0653562 0.08669 0.179992 0.0790543 0.0518847 0.215433 0.310663
threshold=0.20519397970534159 0.092976158837091025 0.039235516998999381 0.18745441283734501 0 0.059895833333333336 0.028645833333333336 0.12113624105212735 0.12421201642130983 0.24101382488479264 -0.22252093395631442 0.28912432984426867 0.49781181619256026 0.054687500000000007 0.27603686635944708 0.20459518599562362 0.61852662290299076 0.64012436066452116 0.12760416666666669 1.0000000180025095e-35 0.13083164300202843 0.66175115207373281 0.059895833333333336 0.10156250000000001 8.5000000000000018 4.5000000000000009 0.50147058823529422 0.2483870967741936 0.26384872080088989 0.061054153025151298
decision_type=2 2 2 2 1 2 2 2 2 2 2 2 2 2 2 2 2 2 2 2 2 2 2 2 2 2 2 2 2 2
left_child=-1 2 -2 -3 5 6 -5 22 -9 -7 14 12 -12 16 -10 -6 -13 27 23 21 -14 -20 -8 24 25 -11 -26 -17 29 -29
right_child=1 3 -4 4 15 9 7 8 10 18 11 13 20 -15 -16 17 -18 -19 19 -21 -22 -23 -24 -25 26 -27 -28 28 -30 -31
leaf_value=-0.00084873792893895637 -2.398398072413104e-05 -0.00043492264629399832 0.0005301889182788487 -0.00034584991835739942 1.1083942919750471e-05 0.00021846532203217465 -0.00010458780831254288 9.5417945804344794e-05 2.7812460301276096e-05 -7.5531430380716545e-05 -0.00010704937157995199 1.1783546960636805e-05 0.00017027347097542511 -0.00012825585964651543 -0.00017143760287531895 -0.00017971315836345006 -9.4870350427760775e-05 0.00010617854611379123 -2.5958691412864226e-05 3.9578500940257767e-05 1.6976544342061628e-05 5.9771598238154363e-07 2.33785784332733e-05 -9.2571619622030278e-06 -6.696135784074596e-06 2.7647126354813888e-05 3.3533780278256729e-06 0.00019343460166345919 -4.3243003625803519e-06 -0.00017079677754217604
leaf_weight=1616 30 253 33 98 27 36 86 25 23 25 20 20 20 50 78 226 21 20 63 34 20 29 33 236 295 25 32 38 877 34
leaf_count=1616 30 253 33 98 27 36 86 25 23 25 20 20 20 50 78 226 21 20 63 34 20 29 33 236 295 25 32 38 877 34
internal_value=-0.000268426 8.81795e-06 0.00163093 -2.84249e-05 4.48622e-05 0.000311377 0.000889675 0.00129545 0.00195757 -5.3225e-05 0.00163095 0.00242879 0.00474992 0.000898342 0.000438115 -0.000232548 0.00290847 -0.000298116 -0.000181663 0.000678567 0.00674983 -9.78243e-05 -0.000245796 -0.000358482 -0.000113394 0.00104998 -0.000291283 -0.000341488 -0.000244203 0.00133332
internal_weight=4423 2807 63 2744 2491 1269 494 396 277 775 252 151 60 91 101 1222 41 1195 739 126 40 92 119 613 377 50 327 1175 949 72
internal_count=4423 2807 63 2744 2491 1269 494 396 277 775 252 151 60 91 101 1222 41 1195 739 126 40 92 119 613 377 50 327 1175 949 72
cat_boundaries=0 1
cat_threshold=620
is_linear=0
shrinkage=0.03


end of trees

feature_importances:
rolling_std_7=348
units_sold=314
seasonality_index=302
rolling_std_30=300
rolling_mean_30=274
rolling_mean_7=269
trend_strength=250
lag_1=223
acceleration=187
lag_30=177
lag_7=176
month_cos=168
lag_14=162
days_to_holiday=152
category=129
month_sin=119
dow_sin=111
dow_cos=75
anchor=64
is_weekend=11

parameters:
[boosting: gbdt]
[objective: quantile]
[metric: quantile]
[tree_learner: serial]
[device_type: cpu]
[data_sample_strategy: bagging]
[data: ]
[valid: ]
[num_iterations: 1000]
[learning_rate: 0.03]
[num_leaves: 31]
[num_threads: 0]
[seed: 42]
[deterministic: 0]
[force_col_wise: 0]
[force_row_wise: 0]
[histogram_pool_size: -1]
[max_depth: -1]
[min_data_in_leaf: 20]
[min_sum_hessian_in_leaf: 0.001]
[bagging_fraction: 0.8]
[pos_bagging_fraction: 1]
[neg_bagging_fraction: 1]
[bagging_freq: 5]
[bagging_seed: 400]
[bagging_by_query: 0]
[feature_fraction: 0.8]
[feature_fraction_bynode: 1]
[feature_fraction_seed: 30056]
[extra_trees: 0]
[extra_seed: 12879]
[early_stopping_round: 0]
[early_stopping_min_delta: 0]
[first_metric_only: 0]
[max_delta_step: 0]
[lambda_l1: 0]
[lambda_l2: 0.001]
[linear_lambda: 0]
[min_gain_to_split: 0]
[drop_rate: 0.1]
[max_drop: 50]
[skip_drop: 0.5]
[xgboost_dart_mode: 0]
[uniform_drop: 0]
[drop_seed: 17869]
[top_rate: 0.2]
[other_rate: 0.1]
[min_data_per_group: 100]
[max_cat_threshold: 32]
[cat_l2: 10]
[cat_smooth: 10]
[max_cat_to_onehot: 4]
[top_k: 20]
[monotone_constraints: ]
[monotone_constraints_method: basic]
[monotone_penalty: 0]
[feature_contri: ]
[forcedsplits_filename: ]
[refit_decay_rate: 0.9]
[cegb_tradeoff: 1]
[cegb_penalty_split: 0]
[cegb_penalty_feature_lazy: ]
[cegb_penalty_feature_coupled: ]
[path_smooth: 0]
[interaction_constraints: ]
[verbosity: -1]
[saved_feature_importance_type: 0]
[use_quantized_grad: 0]
[num_grad_quant_bins: 4]
[quant_train_renew_leaf: 0]
[stochastic_rounding: 1]
[linear_tree: 0]
[max_bin: 255]
[max_bin_by_feature: ]
[min_data_in_bin: 3]
[bin_construct_sample_cnt: 200000]
[data_random_seed: 175]
[is_enable_sparse: 1]
[enable_bundle: 1]
[use_missing: 1]
[zero_as_missing: 0]
[feature_pre_filter: 1]
[pre_partition: 0]
[two_round: 0]
[header: 0]
[label_column: ]
[weight_column: ]
[group_column: ]
[ignore_column: ]
[categorical_feature: 19]
[forcedbins_filename: ]
[precise_float_parser: 0]
[parser_config_file: ]
[objective_seed: 16083]
[num_class: 1]
[is_unbalance: 0]
[scale_pos_weight: 1]
[sigmoid: 1]
[boost_from_average: 1]
[reg_sqrt: 0]
[alpha: 0.975]
[fair_c: 1]
[poisson_max_delta_step: 0.7]
[tweedie_variance_power: 1.5]
[lambdarank_truncation_level: 30]
[lambdarank_norm: 1]
[label_gain: ]
[lambdarank_position_bias_regularization: 0]
[eval_at: ]
[multi_error_top_k: 1]
[auc_mu_weights: ]
[num_machines: 1]
[local_listen_port: 12400]
[time_out: 120]
[machine_list_filename: ]
[machines: ]
[gpu_platform_id: -1]
[gpu_device_id: -1]
[gpu_use_dp: 0]
[num_gpu: 1]

end of parameters

pandas_categorical:[["auto", "bed_bath_table", "computers_accessories", "furniture_decor", "garden_tools", "health_beauty", "housewares", "sports_leisure", "telephony", "watches_gifts"]]
