tree
version=v4
num_class=1
num_tree_per_iteration=1
label_index=0
max_feature_idx=20
objective=quantile
feature_names=units_sold lag_1 lag_7 lag_14 lag_30 rolling_mean_7 rolling_mean_30 rolling_std_7 rolling_std_30 seasonality_index month_sin month_cos dow_sin dow_cos is_weekend is_holiday days_to_holiday trend_strength acceleration category anchor
feature_infos=[0:0.77253560138447708] [0:1] [0:1] [0:1] [0:1] [0:1] [0:1] [0:1] [0:1] [0:1] [-1:1] [-1:1] [-0.97492791218182362:0.97492791218182362] [-0.90096886790241903:1] [0:1] [0:1] [1:30] [0.0099565994383455925:1] [0:1] -1:3:7:5:1:2:6:8:4:0:9 [0:0.77253560138447708]
tree_sizes=380 570 380 381 380 382 381 382 382 573 573 383 661 472 663 473 473 733 473 473 470 469 470 470 470 474 664 472 473 473 473 471 667 472 661 469 470 556 555 555 641 641 643 816 817 1262 1178 1172 1259 1373 1081 1467 1262 1173 1264 1353 1450 2066 1526 1667 1875 1619 1868 1873 1979 2230 2229 2237 2635 2351 2644 2612 2724 2701 2585 2814 2811 2840 2862 2862 2787 2854 2857 2844 2784 2848 2886 2876 2872 2745 2841 2871 2877 2867 2881 2888 2872 2888 2788 2889 2872 2883 2885 2863 2867 2869 2843 2878 2797 2886 2838 2874 2882 2881 2885 2882 2900 2831 2871 2908 2871 2897 2879 2891 2853 2902 2889 2897 2887 2844 2881 2861 2877 2905 2830 2868 2851 2887 2885 2907 2891 2897 2884 2892 2902 2859 2861 2870 2856 2893 2890 2892 2888 2884 2892 2886 2892 2913 2888 2900 2848 2915 2862 2906 2867 2892 2896 2872 2879 2901 2899 2921 2906 2897 2892 2838 2885 2845 2909 2895 2886 2883 2899 2902 2913 2881 2901 2904 2916 2871 2883 2893 2918 2880 2868 2897 2906 2889 2918 2884 2875 2862 2893 2912 2826 2929 2898 2916 2931 2899 2910 2913 2870 2896 2901 2886 2919 2905 2909 2889 2879 2903 2791 2881 2827 2913 2913 2931 2859 2805 2912 2907 2881 2930 2936 2905 2912 2904 2888 2923 2921 2927 2896 2929 2860 2912 2903 2892 2871 2884 2910 2891 2883 2908 2903 2916 2920 2909 2933 2905 2872 2886 2923 2898 2887 2918 2884 2891 2903 2879 2934 2930 2894 2905 2851 2903 2908 2921 2905 2915 2905 2929 2880 2833 2904 2915 2861 2919 2909 2881 2917 2914 2896 2895 2858 2891 2905 2934 2938 2858 2920 2905 2918 2903 2887 2881 2848 2872 2923 2893 2921 2895 2916 2916 2894 2899 2913 2879 2837 2923 2924 2908 2827 2908 2883 2893 2918 2866 2893 2893 2920 2894 2915 2943 2893 2910 2864 2900 2942 2849 2895 2887 2882 2898 2867 2906 2907 2887 2891 2890 2918 2891 2917 2862 2878 2833 2929 2915 2889 2898 2856 2917 2874 2909 2900 2905 2913 2911 2923 2895 2911 2868 2909

Tree=0
num_leaves=3
num_cat=0
split_feature=0 10
split_gain=471.73 16.4831
threshold=1.0000000180025095e-35 0.25000000000000011
decision_type=2 2
left_child=1 -1
right_child=-2 -3
leaf_value=0 0.0091229128020185127 0
leaf_weight=560 3768 33
leaf_count=560 3768 33
internal_value=-0.00091424 -0.0257858
internal_weight=4361 593
internal_count=4361 593
is_linear=0
shrinkage=0.03


Tree=1
num_leaves=6
num_cat=0
split_feature=0 16 13 9 9
split_gain=471.73 3.74941 2.75855 0.51045 0.634333
threshold=1.0000000180025095e-35 29.500000000000004 -0.22252093395631442 0.39897884755652818 0.53610503282275734
decision_type=2 2 2 2 2
left_child=1 -1 -3 -4 -5
right_child=-2 2 3 4 -6
leaf_value=0 0.0088492254179579569 0 0 0 0
leaf_weight=471 3768 45 29 22 26
leaf_count=471 3768 45 29 22 26
internal_value=-0.00091424 -0.0257858 -0.0210982 -0.0176491 -0.0157497
internal_weight=4361 593 122 77 48
internal_count=4361 593 122 77 48
is_linear=0
shrinkage=0.03


Tree=2
num_leaves=3
num_cat=0
split_feature=0 10
split_gain=471.73 16.4831
threshold=1.0000000180025095e-35 0.25000000000000011
decision_type=2 2
left_child=1 -1
right_child=-2 -3
leaf_value=0 0.0085837486554192193 0
leaf_weight=560 3768 33
leaf_count=560 3768 33
internal_value=-0.00091424 -0.0257858
internal_weight=4361 593
internal_count=4361 593
is_linear=0
shrinkage=0.03


Tree=3
num_leaves=3
num_cat=0
split_feature=20 10
split_gain=471.73 16.4831
threshold=1.0000000180025095e-35 0.25000000000000011
decision_type=2 2
left_child=1 -1
right_child=-2 -3
leaf_value=0 0.0083262361957566425 0
leaf_weight=560 3768 33
leaf_count=560 3768 33
internal_value=-0.00091424 -0.0257858
internal_weight=4361 593
internal_count=4361 593
is_linear=0
shrinkage=0.03


Tree=4
num_leaves=3
num_cat=0
split_feature=0 10
split_gain=471.73 16.4831
threshold=1.0000000180025095e-35 0.25000000000000011
decision_type=2 2
left_child=1 -1
right_child=-2 -3
leaf_value=0 0.0080764491098839417 0
leaf_weight=560 3768 33
leaf_count=560 3768 33
internal_value=-0.00091424 -0.0257858
internal_weight=4361 593
internal_count=4361 593
is_linear=0
shrinkage=0.03


Tree=5
num_leaves=3
num_cat=0
split_feature=0 10
split_gain=473.082 14.7008
threshold=1.0000000180025095e-35 0.25000000000000011
decision_type=2 2
left_child=1 -1
right_child=-2 -3
leaf_value=0 0.0077732978858956634 0
leaf_weight=559 3812 26
leaf_count=559 3812 26
internal_value=-0.000854901 -0.0259743
internal_weight=4397 585
internal_count=4397 585
is_linear=0
shrinkage=0.03


Tree=6
num_leaves=3
num_cat=0
split_feature=0 10
split_gain=473.082 14.7008
threshold=1.0000000180025095e-35 0.25000000000000011
decision_type=2 2
left_child=1 -1
right_child=-2 -3
leaf_value=0 0.007540098949318794 0
leaf_weight=559 3812 26
leaf_count=559 3812 26
internal_value=-0.000854901 -0.0259743
internal_weight=4397 585
internal_count=4397 585
is_linear=0
shrinkage=0.03


Tree=7
num_leaves=3
num_cat=0
split_feature=0 10
split_gain=473.082 14.7008
threshold=1.0000000180025095e-35 0.25000000000000011
decision_type=2 2
left_child=1 -1
right_child=-2 -3
leaf_value=0 0.0073138959808392292 0
leaf_weight=559 3812 26
leaf_count=559 3812 26
internal_value=-0.000854901 -0.0259743
internal_weight=4397 585
internal_count=4397 585
is_linear=0
shrinkage=0.03


Tree=8
num_leaves=3
num_cat=0
split_feature=1 10
split_gain=471.223 16.4611
threshold=1.0000000180025095e-35 0.25000000000000011
decision_type=2 2
left_child=1 -1
right_child=-2 -3
leaf_value=0 0.0070944791014140524 0
leaf_weight=559 3810 28
leaf_count=559 3810 28
internal_value=-0.000854901 -0.0258756
internal_weight=4397 587
internal_count=4397 587
is_linear=0
shrinkage=0.03


Tree=9
num_leaves=6
num_cat=0
split_feature=0 16 13 9 9
split_gain=473.082 3.1252 2.25042 0.337787 0.0235137
threshold=1.0000000180025095e-35 29.500000000000004 -0.22252093395631442 0.39897884755652818 0.53610503282275734
decision_type=2 2 2 2 2
left_child=1 -1 -3 -4 -5
right_child=-2 2 3 4 -6
leaf_value=0 0.0068816447283716314 0 0 0 0
leaf_weight=480 3812 39 24 21 21
leaf_count=480 3812 39 24 21 21
internal_value=-0.000854901 -0.0259743 -0.0212855 -0.0179088 -0.0162853
internal_weight=4397 585 105 66 42
internal_count=4397 585 105 66 42
is_linear=0
shrinkage=0.03


Tree=10
num_leaves=6
num_cat=0
split_feature=0 16 13 9 9
split_gain=493.033 2.98706 1.94728 0.432252 0.381837
threshold=1.0000000180025095e-35 29.500000000000004 -0.22252093395631442 0.39897884755652818 0.53610503282275734
decision_type=2 2 2 2 2
left_child=1 -1 -3 -4 -5
right_child=-2 2 3 4 -6
leaf_value=0 0.0066354629303132066 0 0 0 0
leaf_weight=495 3799 41 29 24 25
leaf_count=495 3799 41 29 24 25
internal_value=-0.00103127 -0.0259739 -0.0217057 -0.0189228 -0.0172037
internal_weight=4413 614 119 78 49
internal_count=4413 614 119 78 49
is_linear=0
shrinkage=0.03


Tree=11
num_leaves=3
num_cat=0
split_feature=20 10
split_gain=493.033 15.0317
threshold=1.0000000180025095e-35 0.25000000000000011
decision_type=2 2
left_child=1 -1
right_child=-2 -3
leaf_value=0 0.0064363990424038103 0
leaf_weight=586 3799 28
leaf_count=586 3799 28
internal_value=-0.00103127 -0.0259739
internal_weight=4413 614
internal_count=4413 614
is_linear=0
shrinkage=0.03


Tree=12
num_leaves=7
num_cat=0
split_feature=0 16 13 9 9 8
split_gain=492.764 2.98706 1.94728 0.432252 0.381837 0.0451883
threshold=1.0000000180025095e-35 29.500000000000004 -0.22252093395631442 0.39897884755652818 0.53610503282275734 0.036748264415185285
decision_type=2 2 2 2 2 2
left_child=1 -1 -3 -4 -5 -2
right_child=5 2 3 4 -6 -7
leaf_value=0 0.00071541369992261415 0 0 0 0 0.006329108255309095
leaf_weight=495 22 41 29 24 25 3777
leaf_count=495 22 41 29 24 25 3777
internal_value=-0.00103807 -0.0259739 -0.0217057 -0.0189228 -0.0172037 0.0029921
internal_weight=4413 614 119 78 49 3799
internal_count=4413 614 119 78 49 3799
is_linear=0
shrinkage=0.03


Tree=13
num_leaves=4
num_cat=0
split_feature=20 10 8
split_gain=492.764 15.0317 0.0451883
threshold=1.0000000180025095e-35 0.25000000000000011 0.036748264415185285
decision_type=2 2 2
left_child=1 -1 -2
right_child=2 -3 -4
leaf_value=0 0.00069395128892493557 0 0.0061392350076498216
leaf_weight=586 22 28 3777
leaf_count=586 22 28 3777
internal_value=-0.00103807 -0.0259739 0.0029921
internal_weight=4413 614 3799
internal_count=4413 614 3799
is_linear=0
shrinkage=0.03


Tree=14
num_leaves=7
num_cat=0
split_feature=20 16 13 9 9 8
split_gain=492.764 2.98706 1.94728 0.432252 0.381837 0.0451883
threshold=1.0000000180025095e-35 29.500000000000004 -0.22252093395631442 0.39897884755652818 0.53610503282275734 0.036748264415185285
decision_type=2 2 2 2 2 2
left_child=1 -1 -3 -4 -5 -2
right_child=5 2 3 4 -6 -7
leaf_value=0 0.00067313275025718744 0 0 0 0 0.0059550579574203285
leaf_weight=495 22 41 29 24 25 3777
leaf_count=495 22 41 29 24 25 3777
internal_value=-0.00103807 -0.0259739 -0.0217057 -0.0189228 -0.0172037 0.0029921
internal_weight=4413 614 119 78 49 3799
internal_count=4413 614 119 78 49 3799
is_linear=0
shrinkage=0.03


Tree=15
num_leaves=4
num_cat=0
split_feature=0 10 6
split_gain=471.211 17.3301 0.0473535
threshold=1.0000000180025095e-35 0.25000000000000011 0.044523576781641309
decision_type=2 2 2
left_child=1 -1 -2
right_child=2 -3 -4
leaf_value=0 0.00094976617966128607 0 0.0058029939303956496
leaf_weight=560 21 34 3785
leaf_count=560 21 34 3785
internal_value=-0.000886363 -0.0257373 0.00299212
internal_weight=4400 594 3806
internal_count=4400 594 3806
is_linear=0
shrinkage=0.03


Tree=16
num_leaves=4
num_cat=0
split_feature=0 10 6
split_gain=471.211 17.3301 0.0473535
threshold=1.0000000180025095e-35 0.25000000000000011 0.044523576781641309
decision_type=2 2 2
left_child=1 -1 -2
right_child=2 -3 -4
leaf_value=0 0.00092127319427144736 0 0.0056289041124837806
leaf_weight=560 21 34 3785
leaf_count=560 21 34 3785
internal_value=-0.000886363 -0.0257373 0.00299212
internal_weight=4400 594 3806
internal_count=4400 594 3806
is_linear=0
shrinkage=0.03


Tree=17
num_leaves=8
num_cat=0
split_feature=0 16 12 13 9 9 5
split_gain=471.211 4.02855 2.27095 0.528737 0.19404 0.157306 0.0473535
threshold=1.0000000180025095e-35 29.500000000000004 -1.0000000180025095e-35 1.0000000180025095e-35 0.39897884755652818 0.39897884755652818 0.033603786342123063
decision_type=2 2 2 2 2 2 2
left_child=1 -1 -3 5 -5 -4 -2
right_child=6 2 3 4 -6 -7 -8
leaf_value=0 0.00089363499844330398 0 0 0 0 0 0.0054600369891092664
leaf_weight=471 21 38 20 20 23 22 3785
leaf_count=471 21 38 20 20 23 22 3785
internal_value=-0.000886363 -0.0257373 -0.0209023 -0.0181763 -0.0158368 -0.0205709 0.00299212
internal_weight=4400 594 123 85 43 42 3806
internal_count=4400 594 123 85 43 42 3806
is_linear=0
shrinkage=0.03


Tree=18
num_leaves=4
num_cat=0
split_feature=0 10 6
split_gain=471.211 17.3301 0.0473535
threshold=1.0000000180025095e-35 0.25000000000000011 0.044523576781641309
decision_type=2 2 2
left_child=1 -1 -2
right_child=2 -3 -4
leaf_value=0 0.00086682594849000485 0 0.0052962358794359891
leaf_weight=560 21 34 3785
leaf_count=560 21 34 3785
internal_value=-0.000886363 -0.0257373 0.00299212
internal_weight=4400 594 3806
internal_count=4400 594 3806
is_linear=0
shrinkage=0.03


Tree=19
num_leaves=4
num_cat=0
split_feature=1 10 5
split_gain=471.211 17.3301 0.0473535
threshold=1.0000000180025095e-35 0.25000000000000011 0.033603786342123063
decision_type=2 2 2
left_child=1 -1 -2
right_child=2 -3 -4
leaf_value=0 0.00084082117003530447 0 0.0051455830054458543
leaf_weight=560 21 34 3785
leaf_count=560 21 34 3785
internal_value=-0.000886363 -0.0257373 0.00299212
internal_weight=4400 594 3806
internal_count=4400 594 3806
is_linear=0
shrinkage=0.03


Tree=20
num_leaves=4
num_cat=0
split_feature=0 10 5
split_gain=489.092 17.644 0.0451904
threshold=1.0000000180025095e-35 0.25000000000000011 0.033603786342123063
decision_type=2 2 2
left_child=1 -1 -2
right_child=2 -3 -4
leaf_value=0 0.00052469610976148089 0 0.0049784842077355007
leaf_weight=584 22 31 3808
leaf_count=584 22 31 3808
internal_value=-0.0009955 -0.0258292 0.00299217
internal_weight=4445 615 3830
internal_count=4445 615 3830
is_linear=0
shrinkage=0.03


Tree=21
num_leaves=4
num_cat=0
split_feature=0 10 6
split_gain=489.092 17.644 0.0473552
threshold=1.0000000180025095e-35 0.25000000000000011 0.044523576781641309
decision_type=2 2 2
left_child=1 -1 -2
right_child=2 -3 -4
leaf_value=0 0.0004951193639835277 0 0.0048224956105058295
leaf_weight=584 21 31 3809
leaf_count=584 21 31 3809
internal_value=-0.0009955 -0.0258292 0.00299217
internal_weight=4445 615 3830
internal_count=4445 615 3830
is_linear=0
shrinkage=0.03


Tree=22
num_leaves=4
num_cat=0
split_feature=0 10 6
split_gain=489.092 17.644 0.0473552
threshold=1.0000000180025095e-35 0.25000000000000011 0.044523576781641309
decision_type=2 2 2
left_child=1 -1 -2
right_child=2 -3 -4
leaf_value=0 0.00048026578306402195 0 0.0046778207421906545
leaf_weight=584 21 31 3809
leaf_count=584 21 31 3809
internal_value=-0.0009955 -0.0258292 0.00299217
internal_weight=4445 615 3830
internal_count=4445 615 3830
is_linear=0
shrinkage=0.03


Tree=23
num_leaves=4
num_cat=0
split_feature=0 10 6
split_gain=489.092 17.644 0.0473552
threshold=1.0000000180025095e-35 0.25000000000000011 0.044523576781641309
decision_type=2 2 2
left_child=1 -1 -2
right_child=2 -3 -4
leaf_value=0 0.00046585780957210122 0 0.0045374861199249357
leaf_weight=584 21 31 3809
leaf_count=584 21 31 3809
internal_value=-0.0009955 -0.0258292 0.00299217
internal_weight=4445 615 3830
internal_count=4445 615 3830
is_linear=0
shrinkage=0.03


Tree=24
num_leaves=4
num_cat=0
split_feature=0 10 5
split_gain=489.092 17.644 0.0451904
threshold=1.0000000180025095e-35 0.25000000000000011 0.033603786342123063
decision_type=2 2 2
left_child=1 -1 -2
right_child=2 -3 -4
leaf_value=0 0.00046571793777004682 0 0.0044079956073247934
leaf_weight=584 22 31 3808
leaf_count=584 22 31 3808
internal_value=-0.0009955 -0.0258292 0.00299217
internal_weight=4445 615 3830
internal_count=4445 615 3830
is_linear=0
shrinkage=0.03


Tree=25
num_leaves=4
num_cat=0
split_feature=20 10 6
split_gain=484.686 18.2557 0.0330652
threshold=1.0000000180025095e-35 0.25000000000000011 0.061374109761206545
decision_type=2 2 2
left_child=1 -1 -2
right_child=2 -3 -4
leaf_value=0 0.00056243329951781505 0 0.0042933975887684264
leaf_weight=580 30 30 3763
leaf_count=580 30 30 3763
internal_value=-0.000999545 -0.0258196 0.00299209
internal_weight=4403 610 3793
internal_count=4403 610 3793
is_linear=0
shrinkage=0.03


Tree=26
num_leaves=7
num_cat=0
split_feature=20 16 13 9 12 6
split_gain=484.686 3.5906 2.32103 0.681243 0.402985 0.0330652
threshold=1.0000000180025095e-35 29.500000000000004 -0.22252093395631442 0.39897884755652818 0.6078576107927941 0.061374109761206545
decision_type=2 2 2 2 2 2
left_child=1 -1 -3 -4 -5 -2
right_child=5 2 3 4 -6 -7
leaf_value=0 0.00054556030053228065 0 0 0 0 0.0041645956611053737
leaf_weight=483 30 43 34 20 30 3763
leaf_count=483 30 43 34 20 30 3763
internal_value=-0.000999545 -0.0258196 -0.0213305 -0.0184284 -0.0161997 0.00299209
internal_weight=4403 610 127 84 50 3793
internal_count=4403 610 127 84 50 3793
is_linear=0
shrinkage=0.03


Tree=27
num_leaves=4
num_cat=0
split_feature=0 10 6
split_gain=484.686 18.2557 0.0330652
threshold=1.0000000180025095e-35 0.25000000000000011 0.061374109761206545
decision_type=2 2 2
left_child=1 -1 -2
right_child=2 -3 -4
leaf_value=0 0.0005291934915163122 0 0.0040396577912722121
leaf_weight=580 30 30 3763
leaf_count=580 30 30 3763
internal_value=-0.000999545 -0.0258196 0.00299209
internal_weight=4403 610 3793
internal_count=4403 610 3793
is_linear=0
shrinkage=0.03


Tree=28
num_leaves=4
num_cat=0
split_feature=0 10 6
split_gain=484.686 18.2557 0.0330652
threshold=1.0000000180025095e-35 0.25000000000000011 0.061374109761206545
decision_type=2 2 2
left_child=1 -1 -2
right_child=2 -3 -4
leaf_value=0 0.00051331768677082294 0 0.0039184680575340457
leaf_weight=580 30 30 3763
leaf_count=580 30 30 3763
internal_value=-0.000999545 -0.0258196 0.00299209
internal_weight=4403 610 3793
internal_count=4403 610 3793
is_linear=0
shrinkage=0.03


Tree=29
num_leaves=4
num_cat=0
split_feature=0 10 6
split_gain=484.686 18.2557 0.0330652
threshold=1.0000000180025095e-35 0.25000000000000011 0.061374109761206545
decision_type=2 2 2
left_child=1 -1 -2
right_child=2 -3 -4
leaf_value=0 0.00049791815616769832 0 0.0038009140158080244
leaf_weight=580 30 30 3763
leaf_count=580 30 30 3763
internal_value=-0.000999545 -0.0258196 0.00299209
internal_weight=4403 610 3793
internal_count=4403 610 3793
is_linear=0
shrinkage=0.03


Tree=30
num_leaves=4
num_cat=0
split_feature=20 10 20
split_gain=484.686 17.0556 0.116595
threshold=1.0000000180025095e-35 0.25000000000000011 0.14734340017519185
decision_type=2 2 2
left_child=1 -1 -2
right_child=2 -3 -4
leaf_value=0 0.00035580988318975804 0 0.0036592731122404671
leaf_weight=578 34 32 3774
leaf_count=578 34 32 3774
internal_value=-0.000992757 -0.0258196 0.00298424
internal_weight=4418 610 3808
internal_count=4418 610 3808
is_linear=0
shrinkage=0.03


Tree=31
num_leaves=4
num_cat=0
split_feature=0 10 6
split_gain=484.686 17.0556 0.12016
threshold=1.0000000180025095e-35 0.25000000000000011 0.061374109761206545
decision_type=2 2 2
left_child=1 -1 -2
right_child=2 -3 -4
leaf_value=0 0.00039057798441880973 0 0.0035351996217631173
leaf_weight=578 33 32 3775
leaf_count=578 33 32 3775
internal_value=-0.000992757 -0.0258196 0.00298424
internal_weight=4418 610 3808
internal_count=4418 610 3808
is_linear=0
shrinkage=0.03


Tree=32
num_leaves=7
num_cat=0
split_feature=0 16 12 12 0 12
split_gain=484.686 3.81551 2.62362 0.144999 0.116595 0.00173704
threshold=1.0000000180025095e-35 29.500000000000004 -1.0000000180025095e-35 0.6078576107927941 0.14734340017519185 0.87837969732492682
decision_type=2 2 2 2 2 2
left_child=1 -1 -3 -4 -2 -5
right_child=4 2 3 5 -6 -7
leaf_value=0 0.00033341824716150099 0 0 0 0.0034434389302203596 0
leaf_weight=489 34 43 28 24 3774 26
leaf_count=489 34 43 28 24 3774 26
internal_value=-0.000992757 -0.0258196 -0.0210494 -0.017769 0.00298424 -0.0167997
internal_weight=4418 610 121 78 3808 50
internal_count=4418 610 121 78 3808 50
is_linear=0
shrinkage=0.03


Tree=33
num_leaves=4
num_cat=0
split_feature=20 10 6
split_gain=484.686 17.0556 0.12016
threshold=1.0000000180025095e-35 0.25000000000000011 0.061374109761206545
decision_type=2 2 2
left_child=1 -1 -2
right_child=2 -3 -4
leaf_value=0 0.00036885809747140048 0 0.0033258404652036122
leaf_weight=578 33 32 3775
leaf_count=578 33 32 3775
internal_value=-0.000992757 -0.0258196 0.00298424
internal_weight=4418 610 3808
internal_count=4418 610 3808
is_linear=0
shrinkage=0.03


Tree=34
num_leaves=7
num_cat=0
split_feature=0 16 13 9 9 6
split_gain=484.686 3.81551 2.62362 0.468596 0.230592 0.12016
threshold=1.0000000180025095e-35 29.500000000000004 -0.22252093395631442 0.36725018234865076 0.50474106491611981 0.061374109761206545
decision_type=2 2 2 2 2 2
left_child=1 -1 -3 -4 -5 -2
right_child=5 2 3 4 -6 -7
leaf_value=0 0.00035779235454725837 0 0 0 0 0.0032260652512475039
leaf_weight=489 33 43 29 20 29 3775
leaf_count=489 33 43 29 20 29 3775
internal_value=-0.000992757 -0.0258196 -0.0210494 -0.017769 -0.0159793 0.00298424
internal_weight=4418 610 121 78 49 3808
internal_count=4418 610 121 78 49 3808
is_linear=0
shrinkage=0.03


Tree=35
num_leaves=4
num_cat=0
split_feature=0 10 0
split_gain=484.376 20.2576 0.262356
threshold=1.0000000180025095e-35 0.25000000000000011 0.14734340017519185
decision_type=2 2 2
left_child=1 -1 -2
right_child=2 -3 -4
leaf_value=0 0.00019855212173962395 0 0.003241561151658516
leaf_weight=582 34 34 3797
leaf_count=582 34 34 3797
internal_value=-0.000993703 -0.025685 0.00297651
internal_weight=4447 616 3831
internal_count=4447 616 3831
is_linear=0
shrinkage=0.03


Tree=36
num_leaves=4
num_cat=0
split_feature=0 10 0
split_gain=484.376 20.2576 0.262356
threshold=1.0000000180025095e-35 0.25000000000000011 0.14734340017519185
decision_type=2 2 2
left_child=1 -1 -2
right_child=2 -3 -4
leaf_value=0 0.00019259555808743496 0 0.0031443143171087603
leaf_weight=582 34 34 3797
leaf_count=582 34 34 3797
internal_value=-0.000993703 -0.025685 0.00297651
internal_weight=4447 616 3831
internal_count=4447 616 3831
is_linear=0
shrinkage=0.03


Tree=37
num_leaves=5
num_cat=0
split_feature=20 10 20 12
split_gain=484.111 20.2576 0.322354 0.157946
threshold=1.0000000180025095e-35 0.25000000000000011 0.20681904689606379 0.6078576107927941
decision_type=2 2 2 2
left_child=1 -1 3 -2
right_child=2 -3 -4 -5
leaf_value=0 0.00035333130705463294 0 0.003084730687074481 -0.00011043057589946876
leaf_weight=582 29 34 3782 20
leaf_count=582 29 34 3782 20
internal_value=-0.00100045 -0.025685 0.00296868 0.000551009
internal_weight=4447 616 3831 49
internal_count=4447 616 3831 49
is_linear=0
shrinkage=0.03


Tree=38
num_leaves=5
num_cat=0
split_feature=0 10 0 12
split_gain=484.111 20.2576 0.322354 0.157946
threshold=1.0000000180025095e-35 0.25000000000000011 0.20681904689606379 0.6078576107927941
decision_type=2 2 2 2
left_child=1 -1 3 -2
right_child=2 -3 -4 -5
leaf_value=0 0.00034273136784299368 0 0.0029921887664622463 -0.00010711765862248486
leaf_weight=582 29 34 3782 20
leaf_count=582 29 34 3782 20
internal_value=-0.00100045 -0.025685 0.00296868 0.000551009
internal_weight=4447 616 3831 49
internal_count=4447 616 3831 49
is_linear=0
shrinkage=0.03


Tree=39
num_leaves=5
num_cat=0
split_feature=0 10 0 12
split_gain=484.111 20.2576 0.322354 0.157946
threshold=1.0000000180025095e-35 0.25000000000000011 0.20681904689606379 0.6078576107927941
decision_type=2 2 2 2
left_child=1 -1 3 -2
right_child=2 -3 -4 -5
leaf_value=0 0.00033244942680770394 0 0.0029024231034683796 -0.00010390412886381046
leaf_weight=582 29 34 3782 20
leaf_count=582 29 34 3782 20
internal_value=-0.00100045 -0.025685 0.00296868 0.000551009
internal_weight=4447 616 3831 49
internal_count=4447 616 3831 49
is_linear=0
shrinkage=0.03


Tree=40
num_leaves=6
num_cat=0
split_feature=0 10 0 4 6
split_gain=480.453 17.0463 0.188617 0.140555 0.306653
threshold=1.0000000180025095e-35 0.25000000000000011 0.23559660932262541 0.0078125000000000017 0.044523576781641309
decision_type=2 2 2 2 2
left_child=1 -1 3 4 -2
right_child=2 -3 -4 -5 -6
leaf_value=0 0.00043330851645650319 0 0.0029112679928762295 0.00030324756978618306 -2.683872744197888e-05
leaf_weight=572 23 32 3771 35 25
leaf_count=572 23 32 3771 35 25
internal_value=-0.000930013 -0.0258079 0.00296886 0.0015542 0.00049999
internal_weight=4458 604 3854 83 48
internal_count=4458 604 3854 83 48
is_linear=0
shrinkage=0.03


Tree=41
num_leaves=6
num_cat=0
split_feature=0 10 0 4 6
split_gain=480.453 17.0463 0.188617 0.140555 0.306653
threshold=1.0000000180025095e-35 0.25000000000000011 0.23559660932262541 0.0078125000000000017 0.044523576781641309
decision_type=2 2 2 2 2
left_child=1 -1 3 4 -2
right_child=2 -3 -4 -5 -6
leaf_value=0 0.0004203092609628079 0 0.0028239299530899431 0.00029415014269259799 -2.6033565618719806e-05
leaf_weight=572 23 32 3771 35 25
leaf_count=572 23 32 3771 35 25
internal_value=-0.000930013 -0.0258079 0.00296886 0.0015542 0.00049999
internal_weight=4458 604 3854 83 48
internal_count=4458 604 3854 83 48
is_linear=0
shrinkage=0.03


Tree=42
num_leaves=6
num_cat=0
split_feature=0 10 0 4 2
split_gain=480.453 17.0463 0.188617 0.140555 0.282039
threshold=1.0000000180025095e-35 0.25000000000000011 0.23559660932262541 0.0078125000000000017 0.0078125000000000017
decision_type=2 2 2 2 2
left_child=1 -1 3 4 -2
right_child=2 -3 -4 -5 -6
leaf_value=0 0.00037955331821555897 0 0.0027392120544972448 0.00028532563841181995 -2.1341415037656459e-05
leaf_weight=572 22 32 3771 35 26
leaf_count=572 22 32 3771 35 26
internal_value=-0.000930013 -0.0258079 0.00296886 0.0015542 0.00049999
internal_weight=4458 604 3854 83 48
internal_count=4458 604 3854 83 48
is_linear=0
shrinkage=0.03


Tree=43
num_leaves=8
num_cat=0
split_feature=0 10 0 18 5 8 6
split_gain=479.673 17.0463 0.231068 0.204861 0.0348432 0.0279117 0.15283
threshold=1.0000000180025095e-35 0.25000000000000011 0.2426380079608694 0.47500000000000003 0.04699121027721434 0.061010204590290239 0.11254001044244173
decision_type=2 2 2 2 2 2 2
left_child=1 -1 3 -2 -5 6 -4
right_child=2 -3 5 4 -6 -7 -8
leaf_value=0 3.6600835267562434e-05 0 0.00082156340931245511 0.00024082965093882332 0.00011031326199171638 0.0033109350048816759 0.00093449630509946971
leaf_weight=572 37 32 116 46 20 3613 22
leaf_count=572 37 32 116 46 20 3613 22
internal_value=-0.000950202 -0.0258079 0.00294551 0.00154367 0.00254542 0.002984 0.0025652
internal_weight=4458 604 3854 103 66 3751 138
internal_count=4458 604 3854 103 66 3751 138
is_linear=0
shrinkage=0.03


Tree=44
num_leaves=8
num_cat=0
split_feature=0 10 0 18 6 8 6
split_gain=479.673 17.0463 0.231068 0.204861 0.0348432 0.0279117 0.15283
threshold=1.0000000180025095e-35 0.25000000000000011 0.2426380079608694 0.47500000000000003 0.088076669873904903 0.061010204590290239 0.11254001044244173
decision_type=2 2 2 2 2 2 2
left_child=1 -1 3 -2 -5 6 -4
right_child=2 -3 5 4 -6 -7 -8
leaf_value=0 3.5502810209535184e-05 0 0.00079691650703308191 0.00023360476141065848 0.00015448662687187872 0.0032116069547352259 0.00090646141594648538
leaf_weight=572 37 32 116 46 20 3613 22
leaf_count=572 37 32 116 46 20 3613 22
internal_value=-0.000950202 -0.0258079 0.00294551 0.00154367 0.00254542 0.002984 0.0025652
internal_weight=4458 604 3854 103 66 3751 138
internal_count=4458 604 3854 103 66 3751 138
is_linear=0
shrinkage=0.03


Tree=45
num_leaves=13
num_cat=0
split_feature=20 10 20 7 9 6 10 6 20 7 2 3
split_gain=474.215 17.0399 0.338376 0.210432 0.248004 0.0512458 0.0850886 0.120297 0.0368371 0.0314756 0.00744908 0.0339098
threshold=1.0000000180025095e-35 0.25000000000000011 0.2426380079608694 0.020972266000457252 0.54303428154631672 0.12030373884815329 0.25000000000000011 0.11254001044244173 0.26844738175175836 0.036925484664404866 0.013020833333333334 0.018229166666666668
decision_type=2 2 2 2 2 2 2 2 2 2 2 2
left_child=1 -1 3 4 -2 6 7 8 -4 -5 11 -7
right_child=2 -3 5 9 -6 10 -8 -9 -10 -11 -12 -13
leaf_value=0 -4.8200887142658006e-05 0 0.00049633951755315619 0.00071636902817756858 0.00018434769826110303 0.00091990902413187467 0.00088603201737480822 0.00081189472710424505 0.0014200347082981273 0.00032337441318723976 0.0037720181869920649 0.0017776055377026528
leaf_weight=568 21 32 20 34 24 24 165 36 56 20 3269 105
leaf_count=568 21 32 20 34 24 24 165 36 56 20 3269 105
internal_value=-0.00102606 -0.0258 0.00291256 0.00118181 -0.000333326 0.00295918 0.00256678 0.00192855 0.00260523 0.0024444 0.00299117 0.00276742
internal_weight=4374 600 3774 99 45 3675 277 112 76 54 3398 129
internal_count=4374 600 3774 99 45 3675 277 112 76 54 3398 129
is_linear=0
shrinkage=0.03


Tree=46
num_leaves=12
num_cat=0
split_feature=20 10 20 18 17 6 11 12 5 2 3
split_gain=474.215 17.0399 0.338376 0.181814 0.0570342 0.0512458 0.160777 0.235703 0.0457413 0.00744908 0.0339098
threshold=1.0000000180025095e-35 0.25000000000000011 0.2426380079608694 0.47500000000000003 0.31529818445385432 0.12030373884815329 -0.9330127018922193 1.0000000180025095e-35 0.040398918187964851 0.013020833333333334 0.018229166666666668
decision_type=2 2 2 2 2 2 2 2 2 2 2
left_child=1 -1 3 -2 -5 6 7 -4 -8 10 -7
right_child=2 -3 5 4 -6 9 8 -9 -10 -11 -12
leaf_value=0 1.0719560032408152e-05 0 -9.0493173564587808e-05 0.000214424656751666 0.00029231818929521998 0.00089231175340791799 0.00050533868628288082 0.00074440400752074721 0.00094341333114265631 0.0036588576413823025 0.0017242773715715734
leaf_weight=568 33 32 20 32 34 24 20 22 215 3269 105
leaf_count=568 33 32 20 32 34 24 20 22 215 3269 105
internal_value=-0.00102606 -0.0258 0.00291256 0.00118181 0.00209088 0.00295918 0.00256678 0.000857123 0.00287233 0.00299117 0.00276742
internal_weight=4374 600 3774 99 66 3675 277 42 235 3398 129
internal_count=4374 600 3774 99 66 3675 277 42 235 3398 129
is_linear=0
shrinkage=0.03


Tree=47
num_leaves=12
num_cat=0
split_feature=0 10 0 7 9 18 7 0 12 5 1
split_gain=473.427 17.0399 0.517483 0.248186 0.388966 0.168177 0.0480654 0.0237912 0.0700481 0.10697 0.0336879
threshold=1.0000000180025095e-35 0.25000000000000011 0.26145367489924248 0.020972266000457252 0.58825674690007312 0.47205882352941181 0.01488503563177665 0.32020333923914573 -0.8783796973249266 0.057809330628803259 0.0078125000000000017
decision_type=2 2 2 2 2 2 2 2 2 2 2
left_child=1 -1 3 4 -2 -5 -4 8 9 -8 -10
right_child=2 -3 6 5 -6 -7 7 -9 10 -11 -12
leaf_value=0 -5.8448296888805349e-05 0 0.0011359833034808075 0.00032901310629981006 0.00023648853824079436 0.00066781878735628654 0.00080964159161338236 0.0039354712732934827 0.00037874098741581011 0.00073111192928440561 0.00092229778661599086
leaf_weight=568 33 32 20 36 34 74 23 3235 27 20 272
leaf_count=568 33 32 20 36 34 74 23 3235 27 20 272
internal_value=-0.00104664 -0.0258 0.00288871 0.00130508 -0.000134326 0.0021818 0.00296664 0.00297484 0.00273683 0.00160461 0.00289966
internal_weight=4374 600 3774 177 67 110 3597 3577 342 43 299
internal_count=4374 600 3774 177 67 110 3597 3577 342 43 299
is_linear=0
shrinkage=0.03


Tree=48
num_leaves=13
num_cat=0
split_feature=20 10 20 7 9 2 7 7 8 6 2 12
split_gain=473.427 17.0399 0.517483 0.248186 0.388966 0.119891 0.0480654 0.0387594 0.033164 0.124598 0.00641397 0.0210599
threshold=1.0000000180025095e-35 0.25000000000000011 0.26145367489924248 0.020972266000457252 0.58825674690007312 0.028645833333333336 0.01488503563177665 0.040067457934811222 0.061010204590290239 0.1110599078341014 0.013020833333333334 -0.8783796973249266
decision_type=2 2 2 2 2 2 2 2 2 2 2 2
left_child=1 -1 3 4 -2 7 -4 -5 9 -8 11 -10
right_child=2 -3 6 5 -6 -7 8 -9 10 -11 -12 -13
leaf_value=0 -5.6694847982141113e-05 0 0.0011019038043763834 0.00059191752161296578 0.00022939388209357059 0.00038667821790867223 0.0010595331006302755 0.0003363259086678486 0.0017745781171986347 0.00038232988126318893 0.0033403299321363568 0.0016912187896557171
leaf_weight=568 33 32 20 69 34 21 88 20 36 25 3315 113
leaf_count=568 33 32 20 69 34 21 88 20 36 25 3315 113
internal_value=-0.00104664 -0.0258 0.00288871 0.00130508 -0.000134326 0.0021818 0.00296664 0.00266289 0.00297484 0.002469 0.00299134 0.00279864
internal_weight=4374 600 3774 177 67 110 3597 89 3577 113 3464 149
internal_count=4374 600 3774 177 67 110 3597 89 3577 113 3464 149
is_linear=0
shrinkage=0.03


Tree=49
num_leaves=15
num_cat=0
split_feature=0 16 13 9 0 8 4 14 0 11 9 9 0 5
split_gain=473.165 4.09209 2.23782 0.993286 0.408014 0.245771 0.145962 0.108071 0.0931639 0.215897 0.171695 0.0766545 0.0084654 0.036678
threshold=1.0000000180025095e-35 29.500000000000004 -0.22252093395631442 0.36725018234865076 0.26145367489924248 0.093489381430176807 1.0000000180025095e-35 1.0000000180025095e-35 0.30326947050547354 -0.9330127018922193 0.2538293216630198 0.51677607585703877 0.32020333923914573 0.072008113590263698
decision_type=2 2 2 2 2 2 2 2 2 2 2 2 2 2
left_child=1 -1 -3 -4 5 6 -2 -8 9 -6 -11 -5 13 -10
right_child=4 2 3 11 8 -7 7 -9 12 10 -12 -13 -14 -15
leaf_value=0 0.00021235170466350189 0 0 0 0.00027379426468227138 -4.2032406171983864e-05 0.00034392489483269612 5.8673025653825464e-05 0.00099774655123136902 0.00041065609336163989 0.00066704112670422247 0 0.0037171972371305875 0.00079990574255388704
leaf_weight=486 32 35 27 26 30 30 87 28 92 21 192 26 3240 22
leaf_count=486 32 35 27 26 30 30 87 28 92 21 192 26 3240 22
internal_value=-0.0010535 -0.0258 -0.020684 -0.0178858 0.00288076 0.00147457 0.00197958 0.00247824 0.00294996 0.00238271 0.0027183 -0.0154612 0.00299105 0.00273682
internal_weight=4374 600 114 79 3774 177 147 115 3597 243 213 52 3354 114
internal_count=4374 600 114 79 3774 177 147 115 3597 243 213 52 3354 114
is_linear=0
shrinkage=0.03


Tree=50
num_leaves=11
num_cat=0
split_feature=0 10 0 12 16 0 9 7 9 1
split_gain=492.402 13.1437 0.390636 0.147189 0.273572 0.0407403 0.126959 0.0404669 0.0902202 0.032733
threshold=1.0000000180025095e-35 0.25000000000000011 0.26145367489924248 0.87837969732492682 18.500000000000004 0.32020333923914573 0.14332603938730853 0.039235516998999381 0.52552881108679805 0.023437500000000003
decision_type=2 2 2 2 2 2 2 2 2 2
left_child=1 -1 3 4 -2 6 -4 -8 -9 -6
right_child=2 -3 5 -5 9 -7 7 8 -10 -11
leaf_value=0 3.6324285735701931e-05 0 0.00040993002375456426 0.00018606212465475665 0.00042353565935854352 0.003566287716214942 0.00078236730482369034 0.00041377919147981673 0.00049099110141078491 0.00028522449141461147
leaf_weight=587 37 29 25 39 88 3242 253 28 48 24
leaf_count=587 37 29 25 39 88 3242 253 28 48 24
internal_value=-0.00115227 -0.0260259 0.00289693 0.00156382 0.00199328 0.00296663 0.00266101 0.00281762 0.0022105 0.00273212
internal_weight=4400 616 3784 188 149 3596 354 329 76 112
internal_count=4400 616 3784 188 149 3596 354 329 76 112
is_linear=0
shrinkage=0.03


Tree=51
num_leaves=16
num_cat=0
split_feature=20 16 12 9 9 20 8 7 7 20 17 20 7 3 5
split_gain=491.862 2.73989 1.73768 0.647513 0.653969 0.501228 0.291629 0.28155 0.0914388 0.0736527 0.0311667 0.0291295 0.0933044 0.156243 0.0249981
threshold=1.0000000180025095e-35 29.500000000000004 -1.0000000180025095e-35 0.50474106491611981 0.36725018234865076 0.27532017406411402 0.093489381430176807 0.038098013149506803 0.017764635875994323 0.2426380079608694 0.31027880239099248 0.32020333923914573 0.039235516998999381 0.023437500000000003 0.04699121027721434
decision_type=2 2 2 2 2 2 2 2 2 2 2 2 2 2 2
left_child=1 -1 -3 4 -4 6 7 8 9 10 -2 12 -7 -14 -8
right_child=5 2 3 -5 -6 11 14 -9 -10 -11 -12 -13 13 -15 -16
leaf_value=0 5.7920485248751196e-05 0 0 0 0 0.00084813985317769107 4.1906625999781127e-05 9.5660133798047934e-05 0.00046219895168864617 0.00048301764165092746 0.00025459761319702513 0.0034592990847284936 0.00029845715781224631 0.00093141863967229933 -4.2607863130717155e-05
leaf_weight=498 20 40 27 29 22 212 20 35 119 22 22 3242 32 40 20
leaf_count=498 20 40 27 29 22 212 20 35 119 22 22 3242 32 40 20
internal_value=-0.00116591 -0.0260259 -0.0219151 -0.0193074 -0.0172037 0.00288108 0.00160465 0.00203669 0.00250818 0.00159373 0.000857123 0.00297447 0.00268309 0.00174998 -0.000749981
internal_weight=4400 616 118 78 49 3784 258 218 183 64 42 3526 284 72 40
internal_count=4400 616 118 78 49 3784 258 218 183 64 42 3526 284 72 40
is_linear=0
shrinkage=0.03


Tree=52
num_leaves=13
num_cat=0
split_feature=0 10 0 8 7 7 0 17 0 7 3 5
split_gain=491.862 13.1437 0.501228 0.291629 0.28155 0.0914388 0.0736527 0.0311667 0.0291295 0.0933044 0.156243 0.0249981
threshold=1.0000000180025095e-35 0.25000000000000011 0.27532017406411402 0.093489381430176807 0.038098013149506803 0.017764635875994323 0.2426380079608694 0.31027880239099248 0.32020333923914573 0.039235516998999381 0.023437500000000003 0.04699121027721434
decision_type=2 2 2 2 2 2 2 2 2 2 2 2
left_child=1 -1 3 4 5 6 7 -2 9 -4 -11 -5
right_child=2 -3 8 11 -6 -7 -8 -9 -10 10 -12 -13
leaf_value=0 5.6182870691288787e-05 0 0.00082269565758236022 4.064942721978749e-05 9.2790329784106325e-05 0.00044833298313798694 0.00046852711240139954 0.00024695968480111435 0.0033555201121866396 0.00028950344307787916 0.00090347608048213025 -4.1329627236795981e-05
leaf_weight=587 20 29 212 20 35 119 22 22 3242 32 40 20
leaf_count=587 20 29 212 20 35 119 22 22 3242 32 40 20
internal_value=-0.00116591 -0.0260259 0.00288108 0.00160465 0.00203669 0.00250818 0.00159373 0.000857123 0.00297447 0.00268309 0.00174998 -0.000749981
internal_weight=4400 616 3784 258 218 183 64 42 3526 284 72 40
internal_count=4400 616 3784 258 218 183 64 42 3526 284 72 40
is_linear=0
shrinkage=0.03


Tree=53
num_leaves=12
num_cat=0
split_feature=0 10 0 7 7 2 1 4 0 7 3
split_gain=491.862 13.1437 0.501228 0.177436 0.22668 0.206339 0.179993 0.13311 0.0291295 0.0933044 0.156243
threshold=1.0000000180025095e-35 0.25000000000000011 0.27532017406411402 0.036925484664404866 0.020972266000457252 0.018229166666666668 0.013020833333333334 0.0078125000000000017 0.32020333923914573 0.039235516998999381 0.023437500000000003
decision_type=2 2 2 2 2 2 2 2 2 2 2
left_child=1 -1 3 4 5 7 -5 -2 9 -4 -11
right_child=2 -3 8 6 -6 -7 -8 -9 -10 10 -12
leaf_value=0 0.00011252465664844418 0 0.00079801478785488939 -2.1392606259396666e-05 0.0004611618652519574 -6.2453476647982362e-05 0.00080825453402325661 0.00014464192459414871 0.0032548545088210402 0.00028081833978554286 0.00087637179806766624
leaf_weight=587 36 29 212 25 102 29 25 41 3242 32 40
leaf_count=587 36 29 212 25 102 29 25 41 3242 32 40
internal_value=-0.00116591 -0.0260259 0.00288108 0.00160465 0.00199038 0.00101886 1.11756e-10 0.00183115 0.00297447 0.00268309 0.00174998
internal_weight=4400 616 3784 258 208 106 50 77 3526 284 72
internal_count=4400 616 3784 258 208 106 50 77 3526 284 72
is_linear=0
shrinkage=0.03


Tree=54
num_leaves=13
num_cat=0
split_feature=0 10 0 8 7 7 0 0 7 3 5 4
split_gain=491.862 13.1437 0.501228 0.291629 0.28155 0.0914388 0.0736527 0.0291295 0.0933044 0.156243 0.0249981 0.0175307
threshold=1.0000000180025095e-35 0.25000000000000011 0.27532017406411402 0.093489381430176807 0.038098013149506803 0.017764635875994323 0.2426380079608694 0.32020333923914573 0.039235516998999381 0.023437500000000003 0.04699121027721434 1.0000000180025095e-35
decision_type=2 2 2 2 2 2 2 2 2 2 2 2
left_child=1 -1 3 4 5 6 11 8 -4 -10 -5 -2
right_child=2 -3 7 10 -6 -7 -8 -9 9 -11 -12 -13
leaf_value=0 0.00020876787023478056 0 0.00077407434421924309 3.657913895500953e-05 9.0648398078364939e-05 0.00042374610663551906 0.00045572361693065549 0.0031572088735564094 0.00027239378959197639 0.00085008064412563653 -3.9849711906889183e-05 6.0316708848951639e-05
leaf_weight=587 20 29 212 20 35 119 22 3242 32 40 20 22
leaf_count=587 20 29 212 20 35 119 22 3242 32 40 20 22
internal_value=-0.00116591 -0.0260259 0.00288108 0.00160465 0.00203669 0.00250818 0.00159373 0.00297447 0.00268309 0.00174998 -0.000749981 0.000857123
internal_weight=4400 616 3784 258 218 183 64 3526 284 72 40 42
internal_count=4400 616 3784 258 218 183 64 3526 284 72 40 42
is_linear=0
shrinkage=0.03


Tree=55
num_leaves=14
num_cat=0
split_feature=20 10 20 5 2 2 5 5 9 16 11 11 9
split_gain=477.938 22.8726 0.739756 0.338793 0.409192 0.146386 0.127955 0.113289 0.108087 0.245443 0.0889278 0.0422098 0.0387594
threshold=1.0000000180025095e-35 0.25000000000000011 0.26844738175175836 0.048005409060175801 0.013020833333333334 0.018229166666666668 0.065111561866125781 0.041582150101419885 0.49051787016776083 19.500000000000004 -0.9330127018922193 0.25000000000000017 0.39897884755652818
decision_type=2 2 2 2 2 2 2 2 2 2 2 2 2
left_child=1 -1 3 5 -5 12 8 -7 9 -4 -10 -12 -2
right_child=2 -3 6 4 -6 7 -8 -9 10 -11 11 -13 -14
leaf_value=0 0.00030428602802969095 0 0.0004586961778030123 -3.2612120049346121e-05 0.00028752373446375498 -2.0423745724922355e-05 0.0029541437947811599 0.00022038216625205081 0.00069098714445756364 -8.6744885127399037e-05 0.00063392803685836615 0.00040586666193457378 0.00019396918616163003
leaf_weight=583 20 37 24 28 37 23 3350 28 32 20 164 21 69
leaf_count=583 20 37 24 28 37 23 3350 28 32 20 164 21 69
internal_value=-0.00111857 -0.0255483 0.00285063 0.00109756 -0.000692297 0.00192856 0.00295015 0.000647046 0.00231034 0.000954524 0.00258524 0.00283782 0.00266289
internal_weight=4436 620 3816 205 65 140 3611 51 261 44 217 185 89
internal_count=4436 620 3816 205 65 140 3611 51 261 44 217 185 89
is_linear=0
shrinkage=0.03


Tree=56
num_leaves=15
num_cat=0
split_feature=20 10 20 8 7 12 20 20 5 1 13 4 12 12
split_gain=476.881 22.8726 0.751451 0.51726 0.357441 0.221374 0.219963 0.12746 0.140259 0.0846497 0.199184 0.085122 0.0435446 0.0226059
threshold=1.0000000180025095e-35 0.25000000000000011 0.27889977931776339 0.093489381430176807 0.038098013149506803 1.0000000180025095e-35 0.14734340017519185 0.35036909512148623 0.09279918864097364 0.018229166666666668 -0.56174490092936669 0.013020833333333334 -0.8783796973249266 -0.8783796973249266
decision_type=2 2 2 2 2 2 2 2 2 2 2 2 2 2
left_child=1 -1 3 4 6 -5 -2 8 9 10 -4 -12 -8 -11
right_child=2 -3 7 5 -6 -7 12 -9 -10 13 11 -13 -14 -15
leaf_value=0 0.00014027767319057209 0 0.00020282977986455658 0.00022281632584261326 -1.7075118062810872e-05 -5.6746289808722513e-05 0.00075072808415802157 0.003402017974246298 0.00049095001814485279 0.00063012630087024262 0.00034832193459284014 0.00067418978036396556 0.00030158939148424856 0.00081041150107037251
leaf_weight=583 30 37 27 23 28 22 20 3118 20 38 34 89 135 232
leaf_count=583 30 37 27 23 28 22 20 3118 20 38 34 89 135 232
internal_value=-0.00114563 -0.0255483 0.00281918 0.00125581 0.00187323 -0.00166663 0.00235134 0.00293255 0.00245454 0.00257142 0.00199999 0.00251217 0.00280643 0.00288888
internal_weight=4436 620 3816 258 213 45 185 3558 440 420 150 123 155 270
internal_count=4436 620 3816 258 213 45 185 3558 440 420 150 123 155 270
is_linear=0
shrinkage=0.03


Tree=57
num_leaves=24
num_cat=0
split_feature=0 9 12 9 9 0 8 7 2 0 9 0 7 1 12 9 11 6 9 12 12 8 12
split_gain=476.881 1.84725 1.87877 1.05669 0.988294 0.751451 0.51726 0.357441 0.268238 0.219963 0.16017 0.12746 0.140259 0.089162 0.147094 0.208426 0.0819652 0.290585 0.361772 0.0903219 0.0435446 0.0328348 0.0219851
threshold=1.0000000180025095e-35 0.36725018234865076 -1.0000000180025095e-35 0.42924872355944577 0.47191830780452232 0.27889977931776339 0.093489381430176807 0.038098013149506803 0.018229166666666668 0.14734340017519185 0.5948212983223925 0.35036909512148623 0.070577206193085482 0.018229166666666668 1.0000000180025095e-35 0.5970094821298324 0.93301270189221952 1.0000000180025095e-35 0.32239241429613436 1.0000000180025095e-35 -0.8783796973249266 0.06230738714895611 -0.8783796973249266
decision_type=2 2 2 2 2 2 2 2 2 2 2 2 2 2 2 2 2 2 2 2 2 2 2
left_child=1 16 -3 -4 -5 6 7 9 -8 -2 -6 12 13 14 21 -16 17 18 19 -1 -11 -7 -15
right_child=5 2 3 4 10 11 8 -9 -10 20 -12 -13 -14 22 15 -17 -18 -19 -20 -21 -22 -23 -24
leaf_value=0 0.00013606934299485504 0 0 0 0 0.00050516214723513541 0.00013695014231689332 -1.656286452092643e-05 -7.0550136900285481e-05 0.000728206241633281 0 0.0032999574350189098 0.00047622151760050687 0.00061429876333794569 -2.7616532261110943e-05 0.00048713595595918522 0 0 0 0 0.00029254170973972094 0.00055808129157345818 0.00078868920551952726
leaf_weight=22 30 66 22 26 32 23 24 28 21 20 33 3118 20 39 31 21 222 140 35 22 135 71 235
leaf_count=22 30 66 22 26 32 23 24 28 21 20 33 3118 20 39 31 21 222 140 35 22 135 71 235
internal_value=-0.00114563 -0.0255483 -0.0229775 -0.0206281 -0.0220547 0.00281918 0.00125581 0.00187323 -0.00166663 0.00235134 -0.0200766 0.00293255 0.00245454 0.00257142 0.00197259 0.000692294 -0.0265918 -0.026178 -0.0247212 -0.0229086 0.00280643 0.00268082 0.0028905
internal_weight=4436 620 179 113 91 3816 258 213 45 185 65 3558 440 420 146 52 441 219 79 44 155 94 274
internal_count=4436 620 179 113 91 3816 258 213 45 185 65 3558 440 420 146 52 441 219 79 44 155 94 274
is_linear=0
shrinkage=0.03


Tree=58
num_leaves=16
num_cat=0
split_feature=0 10 0 8 7 2 0 0 7 11 6 2 4 13 0
split_gain=476.352 22.8726 0.851227 0.476918 0.466178 0.268238 0.228076 0.165222 0.158455 0.0952137 0.289275 0.0433737 0.0431642 0.0412 0.116765
threshold=1.0000000180025095e-35 0.25000000000000011 0.27889977931776339 0.093489381430176807 0.03766259298495573 0.018229166666666668 0.14734340017519185 0.33458207408886598 0.05468897878109228 -0.9330127018922193 0.11448094254386963 0.028645833333333336 0.23697916666666669 -0.56174490092936669 0.30761688447424484
decision_type=2 2 2 2 2 2 2 2 2 2 2 2 2 2 2
left_child=1 -1 3 4 6 -5 -2 8 9 10 -4 -8 -9 14 -11
right_child=2 -3 7 5 -6 -7 11 12 -10 13 -12 -13 -14 -15 -16
leaf_value=0 0.00011293234806734838 0 -0.00011457322023523985 0.00013284163804738619 -9.0859301967990599e-06 -6.8433632793276505e-05 0.00037337208038174815 0.0029946798256374483 0.00023102451463510187 0.00062850384626027744 0.00091862442308006192 0.00034441052758609744 0.003035164490253232 0.00060202230785657152 0.00053732619784892688
leaf_weight=583 29 37 20 24 33 21 131 3194 34 47 36 20 23 181 23
leaf_count=583 29 37 20 24 33 21 131 3194 34 47 36 20 23 181 23
internal_value=-0.00115915 -0.0255483 0.00280346 0.00113953 0.00173239 -0.00166663 0.00233332 0.00292411 0.00229618 0.00251139 0.00139283 0.00280131 0.00299067 0.00276095 0.00214283
internal_weight=4436 620 3816 258 213 45 180 3558 341 307 56 151 3217 251 70
internal_count=4436 620 3816 258 213 45 180 3558 341 307 56 151 3217 251 70
is_linear=0
shrinkage=0.03


Tree=59
num_leaves=18
num_cat=0
split_feature=0 16 12 13 0 8 7 0 12 0 7 11 6 12 4 13 0
split_gain=476.088 5.47093 2.96635 1.17234 0.843203 0.476918 0.466178 0.228076 0.221374 0.199729 0.29504 0.0949752 0.292095 0.0433737 0.0431627 0.0395787 0.0990464
threshold=1.0000000180025095e-35 29.500000000000004 -1.0000000180025095e-35 1.0000000180025095e-35 0.27889977931776339 0.093489381430176807 0.03766259298495573 0.14734340017519185 1.0000000180025095e-35 0.33835026822848241 0.05468897878109228 -0.9330127018922193 0.11448094254386963 -0.8783796973249266 0.23697916666666669 -0.56174490092936669 0.30761688447424484
decision_type=2 2 2 2 2 2 2 2 2 2 2 2 2 2 2 2 2
left_child=1 -1 -3 -4 5 6 7 -2 -7 10 11 12 -6 -9 -11 16 -13
right_child=4 2 3 -5 9 8 -8 13 -10 14 -12 15 -14 -15 -16 -17 -18
leaf_value=0 0.000109544377625328 0 0 0 -0.00011113602362818224 0.00022030134915814177 -8.8133522908950459e-06 0.00069515889197283042 -6.1911327491468321e-05 0.0029444831213415578 6.3748774070422317e-05 0.00060964873087246884 0.00084028583187126281 0.0002725938794910978 0.0029441095555456358 0.00060498258902839995 0.00024788836190240202
leaf_weight=490 29 39 46 45 20 23 33 20 22 3179 36 47 37 131 23 190 26
leaf_count=490 29 39 46 45 20 23 33 20 22 3179 36 47 37 131 23 190 26
internal_value=-0.00116591 -0.0255483 -0.0200768 -0.0171097 0.0027956 0.00113953 0.00173239 0.00233332 -0.00166663 0.00291568 0.00224157 0.00253124 0.00142103 0.00280131 0.00299063 0.00277185 0.00217805
internal_weight=4436 620 130 91 3816 258 213 180 45 3558 356 320 57 151 3202 263 73
internal_count=4436 620 130 91 3816 258 213 180 45 3558 356 320 57 151 3202 263 73
is_linear=0
shrinkage=0.03


Tree=60
num_leaves=20
num_cat=0
split_feature=0 10 0 16 16 7 9 16 16 7 13 1 9 9 0 10 6 3 0
split_gain=481.791 13.6256 0.682057 0.204507 0.249807 0.204536 0.185964 0.438296 0.104308 0.113932 0.0967074 0.249858 0.0564191 0.163911 0.12074 0.0431316 0.149365 0.0393572 0.0249981
threshold=1.0000000180025095e-35 0.25000000000000011 0.35950272462447269 8.5000000000000018 11.500000000000002 0.03471521951185539 0.36725018234865076 20.500000000000004 18.500000000000004 0.070186626513688774 -0.22252093395631442 0.0078125000000000017 0.64697301239970828 0.51531728665207888 0.29001749062968413 0.25000000000000011 0.1110599078341014 0.033854166666666671 0.28110326190941948
decision_type=2 2 2 2 2 2 2 2 2 2 2 2 2 2 2 2 2 2 2
left_child=1 -1 3 -2 5 -5 7 -6 -8 10 11 -10 13 -13 -15 16 18 -14 -12
right_child=2 -3 -4 4 6 -7 8 -9 9 -11 15 12 17 14 -16 -17 -18 -19 -20
leaf_value=0 0.00034838217479368755 0 0.0032051811791245629 0.00060841966359075734 0.0010568564529975541 -3.7272367633101545e-05 0.00011112419539408026 -8.0250558386604491e-05 -2.2959490773466007e-06 8.3825850218797091e-05 0.00056071347404335189 0.00091490077467407907 0.00058745238441221595 0.0003790929592518703 -0.00012489010534857872 0.00045652087125230497 0.00076762845991842346 0.0012036531783558219 0.00026710951788184279
leaf_weight=578 151 28 3012 22 27 22 37 28 21 20 20 41 74 25 21 158 79 20 20
leaf_count=578 151 28 3012 22 27 22 37 28 21 20 20 41 74 25 21 158 79 20 20
internal_value=-0.00116894 -0.0260099 0.00279463 0.00200763 0.00177165 -0.000409081 0.00193401 0.000272722 0.00210447 0.00221843 0.00231106 0.00181187 0.00217126 0.00162067 0.000391296 0.00267508 0.00224368 0.00268082 0.000749981
internal_weight=4404 606 3798 786 635 44 591 55 536 499 479 202 181 87 46 277 119 94 40
internal_count=4404 606 3798 786 635 44 591 55 536 499 479 202 181 87 46 277 119 94 40
is_linear=0
shrinkage=0.03


Tree=61
num_leaves=17
num_cat=0
split_feature=0 10 0 16 8 12 6 4 16 10 17 0 18 11 12 8
split_gain=481.791 13.6256 0.682057 0.204507 0.25063 0.902018 2.22215 0.125724 0.209122 0.176066 0.329659 0.100859 0.0933274 0.0561423 0.114998 0.0408214
threshold=1.0000000180025095e-35 0.25000000000000011 0.35950272462447269 8.5000000000000018 0.09020714578606627 1.0000000180025095e-35 0.1494994438264739 0.018229166666666668 18.500000000000004 0.25000000000000011 0.30400966934908297 0.14734340017519185 0.46911764705882358 -0.9330127018922193 -1.0000000180025095e-35 0.095052845230286204
decision_type=2 2 2 2 2 2 2 2 2 2 2 2 2 2 2 2
left_child=1 -1 3 -2 7 15 -7 8 -5 10 -10 -11 -8 14 -9 -6
right_child=2 -3 -4 4 5 6 12 13 9 11 -12 -13 -14 -15 -16 -17
leaf_value=0 0.00033793070954987774 0 0.0031090257437508266 -5.5039127127536145e-05 0.00061387524443786681 -0.00010793199983327872 0.00019913477882949513 0.00011642511386517858 0.00034186582441866621 0.00029110948640098888 -4.0166953020286956e-05 0.00041472720143354317 0.0015345297559032675 0.0007549575419612336 0.00096356018265607139 0.00062608530603415903
leaf_weight=578 151 28 3012 22 20 30 25 21 30 31 35 111 35 154 32 89
leaf_count=578 151 28 3012 22 20 30 25 21 30 31 35 111 35 154 32 89
internal_value=-0.00116894 -0.0260099 0.00279463 0.00200763 0.00177165 0.000889443 -0.00133332 0.00217431 0.00168995 0.0019855 0.000692297 0.00257745 0.00199997 0.00271013 0.00186789 0.00272475
internal_weight=4404 606 3798 786 635 199 90 436 229 207 65 142 60 207 53 109
internal_count=4404 606 3798 786 635 199 90 436 229 207 65 142 60 207 53 109
is_linear=0
shrinkage=0.03


Tree=62
num_leaves=20
num_cat=0
split_feature=20 10 20 9 16 7 5 7 7 20 3 5 6 3 18 6 20 3 11
split_gain=480.999 13.6256 0.848537 0.228077 0.592809 0.158027 0.131029 0.0900683 0.222632 0.171254 0.238686 0.131146 0.288973 0.0988667 0.0538205 0.0750673 0.20518 0.0318124 0.0317411
threshold=1.0000000180025095e-35 0.25000000000000011 0.35950272462447269 0.32239241429613436 19.500000000000004 0.070186626513688774 0.0764029749830967 0.030929648754824384 0.031571735569751729 0.2426380079608694 0.013020833333333334 0.058992562542258299 0.10865814623958596 0.059895833333333336 0.48088235294117648 0.12660325531769998 0.32838837274029392 0.018229166666666668 0.25000000000000017
decision_type=2 2 2 2 2 2 2 2 2 2 2 2 2 2 2 2 2 2 2
left_child=1 -1 3 4 6 7 -2 9 -9 10 -5 12 17 14 -13 -16 -17 -10 -11
right_child=2 -3 -4 5 -6 -7 -8 8 11 18 -12 13 -14 -15 15 16 -18 -19 -20
leaf_value=0 0.00043694413866275764 0 0.003015754971438302 0.00039711108449641823 -9.3051098319056754e-05 6.2493854703848969e-05 0.00073717774937383088 -4.1045546979003836e-05 0.00073523964746282288 0.00047198513313536733 -5.9649686837208916e-06 0.00060843488954741732 -1.0550972151106059e-05 0.00044473782554692916 0.0012430015677486839 1.614736049323e-05 0.0017369627497325457 0.00039216144177962024 0.00054977844469526098
leaf_weight=578 38 28 3012 32 22 29 20 22 35 224 33 125 38 25 42 24 29 20 28
leaf_count=578 38 28 3012 32 22 29 20 22 35 224 33 125 38 25 42 24 29 20 28
internal_value=-0.00118937 -0.0260099 0.00277093 0.00189313 0.000374995 0.00206515 0.00196548 0.00215805 0.00183333 0.00252681 0.00115383 0.00202366 0.0010645 0.00238775 0.0025909 0.00205261 0.00130186 0.0024545 0.00288094
internal_weight=4404 606 3798 786 80 706 58 677 360 317 65 338 93 245 220 95 53 55 252
internal_count=4404 606 3798 786 80 706 58 677 360 317 65 338 93 245 220 95 53 55 252
is_linear=0
shrinkage=0.03


Tree=63
num_leaves=20
num_cat=0
split_feature=0 10 0 9 16 18 8 6 1 9 8 5 7 7 2 0 10 5 12
split_gain=480.735 13.6256 0.908066 0.216753 0.592809 0.16431 0.350212 0.671577 0.159094 0.138186 0.171422 0.131029 0.112209 0.305999 0.131536 0.0722559 0.0626109 0.0999925 0.0302858
threshold=1.0000000180025095e-35 0.25000000000000011 0.35950272462447269 0.32239241429613436 19.500000000000004 0.48088235294117648 0.09020714578606627 0.179961862386779 0.018229166666666668 0.68490153172866541 0.067157307318968393 0.0764029749830967 0.028717457926122739 0.031571735569751729 0.039062500000000007 0.2426380079608694 0.25000000000000011 0.060006761325219753 -0.60785761079279388
decision_type=2 2 2 2 2 2 2 2 2 2 2 2 2 2 2 2 2 2 2
left_child=1 -1 3 4 11 8 9 -8 12 18 -11 -2 15 -14 16 -5 17 -15 -7
right_child=2 -3 -4 5 -6 6 7 -9 -10 10 -12 -13 13 14 -16 -17 -18 -19 -20
leaf_value=0 0.00042383581450287455 0 0.0029252823222951528 0.00013401372955544559 -9.0259565369485011e-05 0.00086826219658956512 -0.00010164478112083932 0.0019029549172584186 0.00069537247301177405 -7.5218183452226397e-06 0.0011589069171564804 0.00071506241689261638 -9.2837241892515328e-05 0.00036023923569992403 0.00023959785951910314 0.00036477034281117847 0.00036089146806468121 0.0003104281457224916 0.00064465518731955586
leaf_weight=578 38 28 3012 39 22 25 32 25 192 21 35 20 26 20 33 93 67 20 78
leaf_count=578 38 28 3012 39 22 25 32 25 192 21 35 20 26 20 33 93 67 20 78
internal_value=-0.00119618 -0.0260099 0.00276303 0.00185496 0.000374995 0.00202266 0.00133333 -0.000684198 0.00232653 0.00205659 0.000857128 0.00196548 0.00189261 0.00137349 0.00192856 0.00254544 0.00243923 0.00149996 0.00270871
internal_weight=4404 606 3798 786 80 706 216 57 490 159 56 58 298 166 140 132 107 40 103
internal_count=4404 606 3798 786 80 706 216 57 490 159 56 58 298 166 140 132 107 40 103
is_linear=0
shrinkage=0.03


Tree=64
num_leaves=21
num_cat=0
split_feature=20 10 20 5 16 7 8 17 5 8 2 1 8 8 11 20 13 9 1 3
split_gain=480.207 13.6256 0.953357 0.147081 0.345665 0.268434 0.285907 0.341502 0.230581 0.198262 0.331326 0.322748 0.204536 0.134289 0.261895 0.113003 0.0830703 0.0309936 0.00965983 0.0399956
threshold=1.0000000180025095e-35 0.25000000000000011 0.35950272462447269 0.040398918187964851 29.500000000000004 0.030929648754824384 0.064981882815564593 0.3106250678592285 0.061189993238674779 0.084162593940267885 0.013020833333333334 0.013020833333333334 0.10270181630322682 0.093489381430176807 -0.24999999999999994 0.35371632274308884 -0.22252093395631442 0.89606126914660855 0.018229166666666668 0.059895833333333336
decision_type=2 2 2 2 2 2 2 2 2 2 2 2 2 2 2 2 2 2 2 2
left_child=1 -1 3 4 -2 13 7 -7 -9 17 -11 12 -12 -5 -15 -13 -6 -8 19 -4
right_child=2 -3 18 5 16 6 9 8 -10 10 11 15 -14 14 -16 -17 -18 -19 -20 -21
leaf_value=0 -5.9882753196961032e-05 0 0.0015945177503181413 0.00051330272587475027 0.00020777336367200973 -0.00019673336438215053 0.00087703640987003156 0.00060132768577697115 4.0650068183252778e-05 -3.2039240404418123e-05 -5.4995758764091303e-05 0.00090007038853482258 0.00030272221047808392 0.00053862769686272526 -6.7490190239262094e-05 0.00028870187723949343 0.00011802217997642422 0.00040631039866803733 0.0029380733415129523 0.0018688488960489757
leaf_weight=578 21 28 80 224 27 33 108 33 23 34 22 106 22 33 21 28 25 26 2912 20
leaf_count=578 21 28 80 224 27 33 108 33 23 34 22 106 22 33 21 28 25 26 2912 20
internal_value=-0.00120981 -0.0260099 0.00274723 0.00181679 0.000534239 0.0019481 0.00148276 -3.37074e-05 0.00139283 0.00187283 0.00130188 0.00182021 -0.000409081 0.00267625 0.00133331 0.00255222 0.00184612 0.0027761 0.00299004 0.00269997
internal_weight=4404 606 3798 786 73 713 435 89 56 346 212 178 44 278 54 134 52 134 3012 100
internal_count=4404 606 3798 786 73 713 435 89 56 346 212 178 44 278 54 134 52 134 3012 100
is_linear=0
shrinkage=0.03


Tree=65
num_leaves=24
num_cat=0
split_feature=0 10 0 1 8 6 0 17 7 8 18 8 2 14 9 6 17 11 18 8 1 8 0
split_gain=476.619 19.6508 1.26331 0.40949 0.351507 0.737782 0.451985 1.34009 0.406331 0.243353 0.394502 0.242483 0.412067 0.166912 0.18115 0.141178 0.121901 0.043853 0.0677488 0.0411462 0.0111992 0.0530289 0.124897
threshold=1.0000000180025095e-35 0.25000000000000011 0.35950272462447269 0.0078125000000000017 0.090788790738736233 0.16027331956141747 0.26514453187980547 0.2969153028795789 0.053262949793462168 0.067157307318968393 0.48676470588235299 0.05510721489648298 0.023437500000000003 1.0000000180025095e-35 0.62472647702407025 0.26682027649769591 0.30945715551721215 1.0000000180025095e-35 0.47794117647058826 0.09958636803033781 0.028645833333333336 0.17293610086023539 0.40580938271521055
decision_type=2 2 2 2 2 2 2 2 2 2 2 2 2 2 2 2 2 2 2 2 2 2 2
left_child=1 -1 3 11 9 6 -6 -8 -9 10 13 -2 -13 17 -15 19 -16 -5 -19 -7 21 -4 -23
right_child=2 -3 20 4 5 15 7 8 -10 -11 -12 12 -14 14 16 -17 -18 18 -20 -21 -22 22 -24
leaf_value=0 0.0001523314765323062 0 0.0015857877833088581 0.00045125798222307251 0.00030734031449709207 0.00034680423133634606 -9.2700166507074259e-05 0.0014104431522133742 -5.5034057539357964e-05 0.0005324979690600896 -1.9160112093699773e-05 -0.00015985285387387573 0.0003028967117756666 0.00043157374723352244 -9.1930347792145461e-05 0.00065828789402215396 0.00040386823881571817 0.00022970314674376064 0.00046432190283985031 0.0011655210952332504 0.0030576946145673342 0.00037302220486857272 0.002801444784979372
leaf_weight=584 27 35 258 95 29 20 20 24 21 238 24 24 28 23 26 20 20 29 28 93 2686 21 40
leaf_count=584 27 35 258 95 29 20 20 24 21 238 24 24 28 23 26 20 20 29 28 93 2686 21 40
internal_value=-0.0012828 -0.0256914 0.00269952 0.00163118 0.00185915 0.000885459 -0.00114892 -0.00253842 0.000333326 0.00231677 0.00165305 -0.000417716 -0.00161535 0.00204976 0.000826075 0.00232329 -0.000260864 0.00260525 0.00194733 0.00273449 0.00298003 0.0028119 0.00201636
internal_weight=4413 619 3794 789 710 227 94 65 45 483 245 79 52 221 69 133 46 152 57 113 3005 319 61
internal_count=4413 619 3794 789 710 227 94 65 45 483 245 79 52 221 69 133 46 152 57 113 3005 319 61
is_linear=0
shrinkage=0.03


Tree=66
num_leaves=24
num_cat=0
split_feature=0 10 0 1 8 6 12 5 1 8 18 9 4 6 6 11 12 8 1 8 1 8 0
split_gain=476.353 19.6508 1.24468 0.40949 0.263988 0.685637 1.04868 0.3159 0.35185 0.242483 0.412067 0.171136 0.395467 0.138944 0.111104 0.105545 0.307133 0.0437974 0.0404805 0.0383553 0.0115534 0.0526648 0.124897
threshold=1.0000000180025095e-35 0.25000000000000011 0.35950272462447269 0.0078125000000000017 0.093489381430176807 0.16027331956141747 1.0000000180025095e-35 0.040398918187964851 0.013020833333333334 0.05510721489648298 0.4661764705882353 0.78264040846097749 0.018229166666666668 0.26682027649769591 0.14199904655966952 -0.9330127018922193 -0.60785761079279388 0.072578775498485251 0.044270833333333336 0.10270181630322682 0.028645833333333336 0.17293610086023539 0.40580938271521055
decision_type=2 2 2 2 2 2 2 2 2 2 2 2 2 2 2 2 2 2 2 2 2 2 2
left_child=1 -1 3 9 7 6 14 8 -5 -2 -11 15 -13 19 -6 16 -9 -4 -17 -7 21 -19 -23
right_child=2 -3 17 4 5 13 -8 11 -10 10 -12 12 -14 -15 -16 18 -18 20 -20 -21 -22 22 -24
leaf_value=0 0.00014776153223633703 0 0.00092063545283703864 0.00022495934844682223 0.00037445205603002052 0.000335835912240264 -8.4706933816925043e-05 -4.1727051269223895e-05 -9.2008913008101824e-06 0.00029380981042239653 -0.00015505726825765944 0.00055063577825320391 -4.1149610106905387e-05 0.00063853925720148887 9.8161856986437297e-05 0.00051496035167541629 0.00075233826415462717 0.0015896035585268851 0.0012276482764625501 0.0012842741216528009 0.0030108454391055564 0.00036183153872251572 0.0027174014414299919
leaf_weight=584 27 35 22 20 25 21 32 20 29 28 24 35 24 20 20 311 43 249 23 87 2673 21 40
leaf_count=584 27 35 22 20 25 21 32 20 29 28 24 35 24 20 20 311 43 249 23 87 2673 21 40
internal_value=-0.0012896 -0.0256914 0.00269162 0.00163118 0.00185915 0.000951215 -0.0012857 0.00222772 -6.12231e-05 -0.000417716 -0.00161535 0.00247368 0.000966085 0.00229686 0.00166663 0.00269773 0.0015714 0.00297005 0.00291017 0.0027222 0.00297989 0.00280644 0.00201636
internal_weight=4413 619 3794 789 710 205 77 505 49 79 52 456 59 128 45 397 63 3005 334 108 2983 310 61
internal_count=4413 619 3794 789 710 205 77 505 49 79 52 456 59 128 45 397 63 3005 334 108 2983 310 61
is_linear=0
shrinkage=0.03


Tree=67
num_leaves=24
num_cat=0
split_feature=0 10 0 1 3 8 4 0 1 2 7 8 5 11 8 8 9 8 0 7 1 8 0
split_gain=476.088 19.6508 1.31638 0.394433 0.340266 0.321662 0.367888 0.325713 0.527592 0.280564 0.267081 0.740903 0.152994 0.118755 0.109106 0.266641 0.471363 0.0437974 0.0422441 0.0267376 0.0115534 0.0526648 0.124897
threshold=1.0000000180025095e-35 0.25000000000000011 0.35950272462447269 0.0078125000000000017 0.013020833333333334 0.090788790738736233 0.0078125000000000017 0.2426380079608694 0.018229166666666668 0.023437500000000003 0.05222052120960112 0.13549404229770393 0.052400270453008796 0.25000000000000017 0.067157307318968393 0.060322512179489085 0.62472647702407025 0.072578775498485251 0.30960096628317918 0.019476616187818648 0.028645833333333336 0.17293610086023539 0.40580938271521055
decision_type=2 2 2 2 2 2 2 2 2 2 2 2 2 2 2 2 2 2 2 2 2 2 2
left_child=1 -1 3 4 -2 7 -7 8 19 -6 12 -12 -8 -14 15 18 -17 -4 -9 -5 21 -19 -23
right_child=2 -3 17 5 9 6 10 14 -10 -11 11 -13 13 -15 -16 16 -18 20 -20 -21 -22 22 -24
leaf_value=0 0.00016919199304718684 0 0.00089301638925192719 0.00021514053381609544 -0.00014705049163126575 -3.6335086291396883e-05 0.00017043286216721502 0.00050310551828583743 -1.6392006385583175e-05 0.00027734566324486904 -9.4381995720034328e-05 0.0012600807333271403 0.00090745522156022941 0.00035056913262068978 0.0004997347806560301 0.00061081501145276713 -0.00016635301264851963 0.0015419154517710785 0.00097228112221833525 0.00028054253469111533 0.0029205200759323895 0.00035097659256084102 0.0026358793981870912
leaf_weight=584 31 35 22 20 25 20 31 109 24 23 32 30 88 26 232 28 27 249 20 23 2673 21 40
leaf_count=584 31 35 22 20 25 20 31 109 24 23 32 30 88 26 232 28 27 249 20 23 2673 21 40
internal_value=-0.0012964 -0.0256914 0.00268371 0.00159315 -0.000417716 0.0018169 0.000885459 0.00225465 0.000313428 -0.00199996 0.00126086 -0.00038709 0.0019655 0.00247366 0.0025673 0.00202173 0.000272722 0.00297005 0.00276742 0.00230227 0.00297989 0.00280644 0.00201636
internal_weight=4413 619 3794 789 79 710 227 483 67 48 207 62 145 114 416 184 55 3005 129 43 2983 310 61
internal_count=4413 619 3794 789 79 710 227 483 67 48 207 62 145 114 416 184 55 3005 129 43 2983 310 61
is_linear=0
shrinkage=0.03


Tree=68
num_leaves=29
num_cat=1
split_feature=0 16 13 0 9 9 19 1 3 8 12 3 0 13 7 8 7 4 0 0 12 3 17 1 12 5 1 5
split_gain=475.292 4.4729 2.8249 1.45521 0.412002 0.674072 0.319866 0.3874 0.489796 0.328785 0.487524 0.971588 0.3968 0.474988 0.234303 0.145136 0.247709 0.164281 0.113037 0.0826634 0.148712 0.224988 0.0875601 0.0749969 0.0271504 0.0249931 0.0126246 0.0370081
threshold=1.0000000180025095e-35 29.500000000000004 -0.22252093395631442 0.35036909512148623 0.36725018234865076 0.50474106491611981 0 0.0078125000000000017 0.013020833333333334 0.090788790738736233 1.0000000180025095e-35 0.033854166666666671 0.25524309366169701 1.0000000180025095e-35 0.05222052120960112 0.069568684979274639 0.039235516998999381 0.013020833333333334 0.23559660932262541 0.37807704580811868 -0.8783796973249266 0.028645833333333336 0.25582268860463825 0.013020833333333334 -0.8783796973249266 0.074442190669371203 0.018229166666666668 0.14300202839756596
decision_type=2 2 2 2 2 2 1 2 2 2 2 2 2 2 2 2 2 2 2 2 2 2 2 2 2 2 2 2
left_child=1 -1 -3 6 -4 -6 7 8 -2 12 23 -12 13 18 24 16 17 -14 -9 20 21 -5 -22 -11 -8 -25 27 -21
right_child=3 2 4 19 5 -7 14 9 -10 10 11 -13 15 -15 -16 -17 -18 -19 -20 26 22 -23 -24 25 -26 -27 -28 -29
leaf_value=0 0.00011885544697628877 0 0 0.0013293021561346554 0 0 0.00044299410171581561 0.00028542152431638204 -0.00012586368398900713 0.00014582843293151103 -8.337690043211946e-05 0.00090094717995422137 0.00060935951515960916 -9.1038500791363004e-06 0.00029385314372287188 0.0005261542544454232 -1.8179242789298787e-05 0.00039206664809963027 0.00021473113765775901 0.0015469948658257378 0.00058007958034745786 -6.7684943132404569e-05 0.00095007407920873275 0.00065175352795608058 0.00060901773611215983 0.00010887018575491048 0.0029406634336946263 0.0021310030687286398
leaf_weight=490 24 43 28 20 22 36 31 26 30 20 20 22 36 29 30 127 20 69 20 57 38 20 188 20 165 20 2742 20
leaf_count=490 24 43 28 20 22 36 31 26 30 20 20 22 36 29 30 127 20 69 20 57 38 20 188 20 165 20 2742 20
internal_value=-0.00131679 -0.0256914 -0.0207208 0.00265999 -0.0175812 -0.0161377 0.00143441 0.000931033 -0.00144442 0.00125175 -0.000235292 -0.00271422 0.00171559 -0.000199997 0.0023644 0.00228571 0.00155999 0.00214284 0.00169562 0.00294165 0.00243608 0.000749981 0.0027345 0.00149998 0.00284692 0.00224994 0.00298936 0.00261036
internal_weight=4413 619 129 3794 86 58 709 483 54 429 102 42 327 75 226 252 125 105 46 3085 266 40 226 60 196 40 2819 77
internal_count=4413 619 129 3794 86 58 709 483 54 429 102 42 327 75 226 252 125 105 46 3085 266 40 226 60 196 40 2819 77
cat_boundaries=0 1
cat_threshold=661
is_linear=0
shrinkage=0.03


Tree=69
num_leaves=25
num_cat=1
split_feature=0 10 0 19 1 3 8 12 3 0 13 8 6 17 11 8 8 0 0 12 3 17 1 5
split_gain=475.027 19.6508 1.53806 0.354043 0.367565 0.489796 0.298589 0.487524 0.971588 0.359702 0.474988 0.197549 0.292424 0.229587 0.160337 0.139724 0.305594 0.113037 0.0826634 0.148712 0.224988 0.0875601 0.0126246 0.0370081
threshold=1.0000000180025095e-35 0.25000000000000011 0.35036909512148623 0 0.0078125000000000017 0.013020833333333334 0.090788790738736233 1.0000000180025095e-35 0.033854166666666671 0.25524309366169701 1.0000000180025095e-35 0.069568684979274639 0.1110599078341014 0.30638478309989764 1.0000000180025095e-35 0.092976158837091025 0.09788034504754449 0.23559660932262541 0.37807704580811868 -0.8783796973249266 0.028645833333333336 0.25582268860463825 0.018229166666666668 0.14300202839756596
decision_type=2 2 2 1 2 2 2 2 2 2 2 2 2 2 2 2 2 2 2 2 2 2 2 2
left_child=1 -1 3 4 5 -2 9 14 -9 10 17 12 13 -11 -8 -5 -17 -6 19 20 -4 -21 23 -20
right_child=2 -3 18 15 6 -7 7 8 -10 11 -12 -13 -14 -15 -16 16 -18 -19 22 21 -22 -23 -24 -25
leaf_value=0 0.00011528978356700005 0 0.0012894230914506162 0.00053797207332032546 0.00027685887858689074 -0.00012208777346933686 0.00022528163666148726 -8.0875593419155964e-05 0.00087391876455559516 2.0074427837994058e-05 -8.8307345767624449e-06 0.00051036962681206091 -1.3785390349335798e-05 0.00076279985552315849 0.0002462985304825594 -2.761494420674991e-05 0.00079347831912542012 0.00020828920352802593 0.0015005850198509664 0.00056267719293703444 -6.5654394838432042e-05 0.00092157185683247123 0.0028524435306837869 0.0020670729766667801
leaf_weight=584 24 35 20 150 26 30 31 20 22 28 29 127 27 70 29 31 45 20 57 38 20 188 2742 20
leaf_count=584 24 35 20 150 26 30 31 20 22 28 29 127 27 70 29 31 45 20 57 38 20 188 2742 20
internal_value=-0.00132359 -0.0256914 0.00265208 0.0013921 0.000870181 -0.00144442 0.00118182 -0.000235292 -0.00271422 0.00162385 -0.000199997 0.00216666 0.00131999 0.00208161 0.00149998 0.0023644 0.00142103 0.00169562 0.00294165 0.00243608 0.000749981 0.0027345 0.00298936 0.00261036
internal_weight=4413 619 3794 709 483 54 429 102 42 327 75 252 125 98 60 226 76 46 3085 266 40 226 2819 77
internal_count=4413 619 3794 709 483 54 429 102 42 327 75 252 125 98 60 226 76 46 3085 266 40 226 2819 77
cat_boundaries=0 1
cat_threshold=661
is_linear=0
shrinkage=0.03


Tree=70
num_leaves=29
num_cat=1
split_feature=0 16 12 0 9 9 19 18 17 7 4 4 7 9 7 9 11 17 7 7 9 12 0 9 12 9 1 7
split_gain=478.525 5.0601 3.11472 1.60328 0.759167 0.346416 0.306498 0.371852 0.703904 0.392007 0.365798 0.518751 0.325085 0.291654 0.204417 0.287695 0.379461 0.254868 0.405075 0.0855912 0.0597503 0.113547 0.0553086 0.0807556 0.171876 0.0347044 0.0115474 0.0380905
threshold=1.0000000180025095e-35 29.500000000000004 -1.0000000180025095e-35 0.35036909512148623 0.36725018234865076 0.53610503282275734 0 0.48676470588235299 0.31099480895242965 0.059963812581092742 0.0078125000000000017 1.0000000180025095e-35 0.017764635875994323 0.5970094821298324 0.026465403638603436 0.58825674690007312 1.0000000180025095e-35 0.30772582817603206 0.036626487964880154 0.020441236365108594 0.44128373450036479 1.0000000180025095e-35 0.37668253684308667 0.64697301239970828 1.0000000180025095e-35 0.14332603938730853 0.018229166666666668 0.087670594114355446
decision_type=2 2 2 2 2 2 1 2 2 2 2 2 2 2 2 2 2 2 2 2 2 2 2 2 2 2 2 2
left_child=1 -1 -3 6 -4 -6 10 9 -9 12 11 -2 13 -8 -14 -16 17 -17 -19 -12 21 -21 23 25 -25 -5 27 -24
right_child=3 2 4 22 5 -7 7 8 -10 -11 19 -13 14 -15 15 16 -18 18 -20 20 -22 -23 26 24 -26 -27 -28 -29
leaf_value=0 0.00043910812663232307 0 0 0.00045204781989693942 0 0 -7.3568303491148714e-05 -9.881855169757921e-05 0.000555985442961276 -0.00010153128435381328 0.00075583539870443671 -2.4636749975379521e-05 0.00038022172827843607 6.8431740135733391e-05 0.00052659730434967064 0.00035313712491108343 -0.00010744605337884228 -0.00011652696865397343 0.00083872582764170454 0.00042292417929157088 0.00041356511897557268 0.00023365266530109968 0.0015443458487615852 0.001019600324801031 0.00023254403932157004 0.0011420996771563325 0.0027094678841129215 0.00023171237405941806
leaf_weight=506 21 39 28 25 26 24 24 20 23 20 31 23 83 32 56 46 34 27 21 31 181 21 64 36 29 164 2777 20
leaf_count=506 21 39 28 25 26 24 24 20 23 20 31 23 83 32 56 46 34 27 21 31 181 21 64 36 29 164 2777 20
internal_value=-0.00132536 -0.0256998 -0.0200768 0.00266133 -0.0166152 -0.0143997 0.00135735 0.000727271 -0.00188368 0.0010758 0.0020566 -0.000409081 0.00132817 -0.000749986 0.00176404 0.00120652 0.000421872 0.00140424 -0.000124997 0.00254544 0.00274248 0.00184612 0.00295185 0.00252755 0.00161536 0.00284125 0.00298951 0.00264283
internal_weight=4432 623 117 3809 78 50 694 386 43 343 308 44 323 56 267 184 128 94 48 264 233 52 3115 254 65 189 2861 84
internal_count=4432 623 117 3809 78 50 694 386 43 343 308 44 323 56 267 184 128 94 48 264 233 52 3115 254 65 189 2861 84
cat_boundaries=0 1
cat_threshold=346
is_linear=0
shrinkage=0.03


Tree=71
num_leaves=28
num_cat=1
split_feature=0 10 0 4 19 6 1 17 9 18 1 9 7 4 0 16 12 10 5 7 5 7 4 4 7 1 7
split_gain=478.259 19.6583 1.58397 0.24337 0.411762 0.654812 0.556511 0.685697 0.391965 0.351462 0.289281 0.136695 0.116561 0.177769 0.087211 0.0924071 0.113223 0.209081 0.085708 0.278562 0.0678421 0.0368371 0.0307756 0.0751812 0.114278 0.0115474 0.0380905
threshold=1.0000000180025095e-35 0.25000000000000011 0.35036909512148623 0.018229166666666668 0 0.13449864929286512 0.013020833333333334 0.31805476456995485 0.78264040846097749 0.48088235294117648 0.0078125000000000017 0.62472647702407025 0.048395520318080192 0.028645833333333336 0.37668253684308667 25.500000000000004 1.0000000180025095e-35 0.25000000000000011 0.061189993238674779 0.033308946083840184 0.043610547667342806 0.060647555628343786 0.028645833333333336 0.039062500000000007 0.028717457926122739 0.018229166666666668 0.087670594114355446
decision_type=2 2 2 2 1 2 2 2 2 2 2 2 2 2 2 2 2 2 2 2 2 2 2 2 2 2 2
left_child=1 -1 3 4 5 6 -2 9 12 11 -6 -8 20 -14 15 -4 21 -18 -12 -20 -5 -17 -22 24 -24 26 -16
right_child=2 -3 14 8 10 -7 7 -9 -10 -11 18 -13 13 -15 25 16 17 -19 19 -21 22 -23 23 -25 -26 -27 -28
leaf_value=0 0.00019198176228961796 0 0.00091441527745320203 9.565791408123507e-05 -5.2331407052408542e-05 -8.3943119868485152e-05 -8.5484302379635474e-05 0.00093631272030177712 -2.9797728241847335e-05 -0.00019240415574373366 0.00033782813575794881 0.00012547490402672025 0.00062818253985098946 0.00011230299354157523 0.0014980154732987384 0.001085412005303087 0.00069160635248040217 7.339909572586546e-06 -3.6898211435649684e-06 0.001123430984285902 0.00046247005789315905 0.0017696604197747312 0.00067413468232561025 0.00061556891602831455 0.00017967823549904044 0.0026281838475895342 0.00022476100283763472
leaf_weight=588 48 35 123 33 20 22 20 27 37 20 80 23 24 36 64 56 23 32 21 39 111 20 28 70 35 2777 20
leaf_count=588 48 35 123 33 20 22 20 27 37 20 80 23 24 36 64 56 23 32 21 39 111 20 28 70 35 2777 20
internal_value=-0.00133213 -0.0256998 0.00265345 0.00135735 0.000749998 -0.000352939 0.000391302 -0.000999989 0.001877 -0.00271424 0.0017647 -0.00118602 0.00219881 0.000999983 0.00294221 0.00240944 0.00185495 0.000818167 0.00235713 0.00149998 0.00245847 0.00260523 0.00263114 0.00232329 0.0015714 0.00298951 0.00264283
internal_weight=4432 623 3809 694 320 160 138 90 374 63 160 43 337 60 3115 254 131 55 140 60 277 76 244 133 63 2861 84
internal_count=4432 623 3809 694 320 160 138 90 374 63 160 43 337 60 3115 254 131 55 140 60 277 76 244 133 63 2861 84
cat_boundaries=0 1
cat_threshold=145
is_linear=0
shrinkage=0.03


Tree=72
num_leaves=30
num_cat=1
split_feature=1 16 12 6 9 9 8 5 12 17 2 6 8 6 19 6 1 11 5 4 17 1 4 3 7 9 5 2 12
split_gain=477.345 5.38714 3.27931 1.54411 0.851468 0.435483 0.423755 0.595045 0.38367 0.435533 0.284431 0.198403 0.25624 0.190548 0.117231 0.278668 0.282872 0.179485 0.129314 0.18916 0.100178 0.0570326 0.127654 0.168502 0.0408123 0.0350701 0.0246137 0.00804816 0.0415925
threshold=1.0000000180025095e-35 29.500000000000004 -1.0000000180025095e-35 0.16777371682822187 0.36725018234865076 0.53610503282275734 0.088210155466507345 0.10040567951318459 1.0000000180025095e-35 0.29617288624005594 0.028645833333333336 0.13301514154048719 0.099015322869268382 0.12841252184967428 0 0.079872892084873665 0.033854166666666671 -0.9330127018922193 0.049188640973630841 0.013020833333333334 0.29770833883543302 0.018229166666666668 0.054687500000000007 0.049479166666666671 0.053081945743596072 0.41320204230488705 0.0764029749830967 0.018229166666666668 0.6078576107927941
decision_type=2 2 2 2 2 2 2 2 2 2 2 2 2 2 1 2 2 2 2 2 2 2 2 2 2 2 2 2 2
left_child=1 -1 -3 6 -4 -6 13 8 11 -10 -11 -8 -13 14 15 -2 17 -17 19 -19 -16 22 -5 -24 -15 -22 -23 28 -28
right_child=3 2 4 21 5 -7 7 -9 9 10 -12 12 -14 24 20 16 -18 18 -20 -21 25 26 23 -25 -26 -27 27 -29 -30
leaf_value=0 -0.00010016539925811413 0 0 0.0010361458892838209 0 0 0.00064437377941793065 0.0011547826321655493 -7.3633050623648778e-05 -6.2011563970260412e-05 0.00032770447130621363 -0.00014536435665919316 8.4773720304022181e-05 0.00042170925662022814 4.8297163268442191e-05 0.00022621548288670313 -4.4168027063991423e-05 0.00037722898668133707 0.0005297329534936318 -1.733489346007918e-06 0.00023232236100130006 0.0010411411153024839 0.0011050468066548856 4.9996218433556792e-05 0.0012748649408015498 0.00071680464349615689 0.0018302959340429801 0.0024473599270586578 0.0016779457549907072
leaf_weight=506 33 39 28 94 27 24 25 54 30 20 25 29 27 126 26 26 27 31 87 38 23 39 22 25 21 96 99 2765 20
leaf_count=506 33 39 28 94 27 24 25 54 30 20 25 29 27 126 26 26 27 31 87 38 23 39 22 25 21 96 99 2765 20
internal_value=-0.00133213 -0.0256538 -0.0198812 0.00265336 -0.0163669 -0.0140585 0.00142742 0.000285713 -0.000653842 -0.00219997 -0.000333326 0.000777768 -0.000214282 0.0018764 0.00152713 0.000976187 0.00142105 0.00184614 0.00223075 0.00126085 0.00222579 0.00295104 0.00236169 0.00108508 0.0027959 0.00274788 0.00297947 0.0029896 0.00274788
internal_weight=4432 624 118 3808 79 51 744 210 156 75 45 81 56 534 387 242 209 182 156 69 145 3064 141 47 147 119 2923 2884 119
internal_count=4432 624 118 3808 79 51 744 210 156 75 45 81 56 534 387 242 209 182 156 69 145 3064 141 47 147 119 2923 2884 119
cat_boundaries=0 1
cat_threshold=581
is_linear=0
shrinkage=0.03


Tree=73
num_leaves=30
num_cat=0
split_feature=20 16 12 20 9 8 17 5 3 9 20 9 1 20 18 4 5 1 9 4 20 20 17 5 4 6 4 17 7
split_gain=477.462 5.0601 3.11472 1.63837 0.759167 0.40678 0.782931 0.443354 0.555153 0.346416 0.217292 0.153135 0.275508 0.148432 0.28029 0.152961 0.130003 0.125626 0.109023 0.161352 0.108034 0.127199 0.217592 0.10737 0.0565677 0.112038 0.032753 0.0314458 0.081207
threshold=1.0000000180025095e-35 29.500000000000004 -1.0000000180025095e-35 0.34072235714602689 0.36725018234865076 0.093489381430176807 0.27311395361803403 0.052400270453008796 0.028645833333333336 0.53610503282275734 0.14734340017519185 0.60357403355215189 0.033854166666666671 0.39691598310638843 0.45147058823529412 0.096354166666666671 0.07758620689655174 0.0078125000000000017 0.65134938001458809 0.018229166666666668 0.32020333923914573 0.26145367489924248 0.301102033869458 0.093982420554428681 0.013020833333333334 0.10865814623958596 0.054687500000000007 0.32988681814313686 0.063784656901514372
decision_type=2 2 2 2 2 2 2 2 2 2 2 2 2 2 2 2 2 2 2 2 2 2 2 2 2 2 2 2 2
left_child=1 -1 -3 5 -4 10 26 -8 -9 -6 -2 17 18 14 23 16 -16 -12 19 -13 21 22 -20 -5 25 -19 -7 -18 -29
right_child=3 2 4 13 9 6 7 8 -10 -11 11 12 -14 -15 15 -17 27 24 20 -21 -22 -23 -24 -25 -26 -27 -28 28 -30
leaf_value=0 -9.1998799295334505e-05 0 0 0.00033615214247670436 0 0.00072918623452488947 -7.7139359075637748e-05 -0.0001213009037829195 0.00022172272298693954 0 0.00013691491766930518 -2.2551960134635433e-06 -4.8583351919315384e-05 0.0027917139335537325 0.0008374009198027204 0.00029709758649563008 0.0010910530141466158 0.00032301872310686253 0.0003343551060075229 0.00023296923362064984 0.00023312342741232424 0.00042237088010142537 -1.3998078100235425e-05 -3.007571724856849e-05 0.00044744436219924723 0.00016531433149565551 0.00031989209281273824 0.00070407192253698009 0.00045159538693715864
leaf_weight=506 32 39 28 21 26 38 25 35 23 24 22 30 26 2627 26 21 368 30 25 32 20 93 22 20 132 21 20 67 33
leaf_count=506 32 39 28 21 26 38 25 35 23 24 22 30 26 2627 26 21 368 30 25 32 20 93 22 20 132 21 20 67 33
internal_value=-0.00135244 -0.0256998 -0.0200768 0.00262982 -0.0166152 0.00122684 -0.000191488 -0.00206022 -0.000620679 -0.0143997 0.00163917 0.00180794 0.00130645 0.00290575 0.00246043 0.00265048 0.00275708 0.00241462 0.00164864 0.000580636 0.00206249 0.00235713 0.00108508 7.31691e-05 0.00267212 0.00182349 0.00248272 0.00287179 0.00239998
internal_weight=4432 623 117 3809 78 626 141 83 58 50 485 453 248 3183 556 515 494 205 222 62 160 140 47 41 183 51 58 468 100
internal_count=4432 623 117 3809 78 626 141 83 58 50 485 453 248 3183 556 515 494 205 222 62 160 140 47 41 183 51 58 468 100
is_linear=0
shrinkage=0.03


Tree=74
num_leaves=28
num_cat=0
split_feature=0 10 0 5 6 4 9 3 5 0 9 1 6 9 5 7 5 5 7 7 14 9 5 5 16 7 1
split_gain=477.197 19.6583 1.62003 0.380312 0.526049 0.272517 0.257415 0.39542 0.576228 0.242118 0.28555 0.156282 0.327716 0.324264 0.160142 0.12592 0.116304 0.204535 0.0981593 0.144525 0.186326 0.225451 0.0469853 0.114373 0.104512 0.161237 0.0390064
threshold=1.0000000180025095e-35 0.25000000000000011 0.34072235714602689 0.075388776200135246 0.13870967741935489 0.013020833333333334 0.41320204230488705 0.023437500000000003 0.053346855983772826 0.26145367489924248 0.64843180160466829 0.018229166666666668 0.25399650405212143 0.51677607585703877 0.07758620689655174 0.024592161741940167 0.050912778904665321 0.060006761325219753 0.028717457926122739 0.036626487964880154 1.0000000180025095e-35 0.58825674690007312 0.10158891142663963 0.096179851250845175 14.500000000000002 0.046424089779448369 0.013020833333333334
decision_type=2 2 2 2 2 2 2 2 2 2 2 2 2 2 2 2 2 2 2 2 2 2 2 2 2 2 2
left_child=1 -1 3 5 -5 6 -2 16 -9 10 15 12 -4 -14 -13 -7 -8 -18 -11 20 21 -20 23 -16 -25 -26 -21
right_child=2 -3 11 4 -6 9 7 8 -10 18 -12 14 13 -15 22 -17 17 -19 19 26 -22 -23 -24 24 25 -27 -28
leaf_value=0 -0.00011727465236690224 0 0.0011027450174300086 0.00050884518696872009 -0.00010489186004392122 7.6929595639088896e-05 0.00032006341872399486 -5.6069207210295392e-05 0.00033037506612579949 0.0004450540207403798 -1.4952268037286089e-05 0.00082845561112694849 -7.8956959109134989e-05 0.0015504224634683196 0.00081461518800571037 0.0003516873617376632 -3.3861502481054649e-05 0.00023944119516314095 0.00036726840553796217 0.00018614388803728666 0.00055949566986241025 -0.00011368794439790048 0.0025399605506264871 0.00080620560446493454 0.0012816254121576721 0.00013209584524730866 0.0009050370005532658
leaf_weight=588 30 35 88 39 31 20 58 24 27 126 32 24 20 29 210 34 22 22 24 20 24 22 2716 37 22 37 71
leaf_count=588 30 35 88 39 31 20 58 24 27 126 32 24 20 29 210 34 22 22 24 20 24 22 2716 37 22 37 71
internal_value=-0.00135921 -0.0256998 0.00262195 0.00122684 -0.00085713 0.00148921 0.000540981 0.00103921 -0.00111763 0.00195442 0.000558133 0.00289632 0.0019051 -6.12231e-05 0.00294091 0.00188885 0.00211763 0.000954524 0.00237281 0.00188198 0.000857131 -0.000260864 0.00296029 0.00260783 0.00174998 0.000966085 0.0026703
internal_weight=4432 623 3809 626 70 556 183 153 51 373 86 3183 137 49 3046 54 102 44 287 161 70 46 3022 306 96 59 91
internal_count=4432 623 3809 626 70 556 183 153 51 373 86 3183 137 49 3046 54 102 44 287 161 70 46 3022 306 96 59 91
is_linear=0
shrinkage=0.03


Tree=75
num_leaves=31
num_cat=0
split_feature=0 16 12 0 13 0 8 8 7 11 5 11 7 13 7 2 8 8 0 7 9 0 8 17 7 5 1 9 2 0
split_gain=474.71 3.41208 2.15904 1.67286 0.903635 0.277369 0.352109 0.940928 0.548741 0.793614 0.351345 0.440435 0.317268 0.243278 0.50973 0.224015 0.188044 0.249215 0.312492 0.104755 0.0999925 0.088319 0.18887 0.240257 0.0406499 0.0390064 0.036106 0.0360741 0.03033 0.0249931
threshold=1.0000000180025095e-35 29.500000000000004 -1.0000000180025095e-35 0.36643735909897551 1.0000000180025095e-35 0.26844738175175836 0.096551327259016217 0.098555133216983518 0.0428522467845582 -0.24999999999999994 0.044793779580797839 -0.24999999999999994 0.061054153025151298 1.0000000180025095e-35 0.020441236365108594 0.013020833333333334 0.069568684979274639 0.060322512179489085 0.30326947050547354 0.028908273699210747 0.57330415754923425 0.39691598310638843 0.15559578809505548 0.21947068334609829 0.048395520318080192 0.061189993238674779 0.0078125000000000017 0.8231218088986143 0.070312500000000014 0.32319281828654317
decision_type=2 2 2 2 2 2 2 2 2 2 2 2 2 2 2 2 2 2 2 2 2 2 2 2 2 2 2 2 2 2
left_child=1 -1 -3 5 -4 10 12 -8 9 19 13 -12 16 26 -15 -13 17 25 20 -9 -19 22 28 -24 -10 -7 -2 -18 -5 -20
right_child=3 2 4 21 -6 6 7 8 24 -11 11 15 -14 14 -16 -17 27 18 29 -21 -22 -23 23 -25 -26 -27 -28 -29 -30 -31
leaf_value=0 0.00018204820441998558 0 0 0.00088999269323112196 0 0.00053681727222966566 -0.00014806849885346264 0.00073414895110737505 0.00016694518908678128 -6.8363666301832972e-05 -7.2334891174933764e-05 -5.4425258007137073e-05 -8.995615372929659e-05 -2.3547730283251989e-05 0.00037150479815945421 0.00028333561450047965 0.00060965991584217838 0.00029807353145552541 0.00092491087296230697 9.9710495980378315e-05 -5.3597023831270367e-05 0.002690759766639632 0.0014664490572391612 -2.6724114722707341e-05 0.00097214806016263555 0.00081268403270342768 0.00031707989219013785 0.00026511989346758179 0.00078240705293436137 0.00040518255178989256
leaf_weight=493 20 39 35 276 41 71 22 22 20 21 37 21 20 24 23 23 230 20 20 20 20 2653 27 31 87 20 52 25 25 20
leaf_count=493 20 39 35 276 41 71 22 22 20 21 37 21 20 24 23 23 230 20 20 20 20 2653 27 31 87 20 52 25 25 20
internal_value=-0.00127995 -0.0259144 -0.0212607 0.00261039 -0.0183155 0.00142482 0.0017304 0.000656247 0.00141176 -0.000809511 0.000449998 -0.00107406 0.00219282 0.00148738 -0.000191485 0.000954524 0.00236619 0.00159648 0.000374995 0.00157139 -0.00149996 0.00294024 0.0024986 0.000931019 0.0027196 0.0026703 0.0025833 0.00288234 0.00280066 0.00224994
internal_weight=4458 608 115 3850 76 838 638 192 170 63 200 81 446 119 47 44 426 171 80 42 40 3012 359 58 107 91 72 255 301 40
internal_count=4458 608 115 3850 76 838 638 192 170 63 200 81 446 119 47 44 426 171 80 42 40 3012 359 58 107 91 72 255 301 40
is_linear=0
shrinkage=0.03


Tree=76
num_leaves=31
num_cat=0
split_feature=1 16 12 5 13 8 6 18 3 7 8 1 9 11 17 7 2 16 4 5 4 4 7 7 18 1 8 7 7 7
split_gain=472.746 3.69115 2.30911 1.91849 0.734488 0.418883 0.767071 0.479927 0.620952 0.331135 0.221352 0.343851 0.234227 0.165689 0.164734 0.162334 0.164361 0.151287 0.342054 0.144053 0.136417 0.127552 0.165782 0.293649 0.175929 0.0542805 0.133328 0.0314756 0.0300826 0.0656928
threshold=1.0000000180025095e-35 29.500000000000004 -1.0000000180025095e-35 0.084178498985801223 1.0000000180025095e-35 0.092976158837091025 0.179961862386779 0.48382352941176471 0.018229166666666668 0.031571735569751729 0.067157307318968393 0.033854166666666671 0.41320204230488705 -0.9330127018922193 0.30903752872095996 0.028908273699210747 0.013020833333333334 11.500000000000002 0.018229166666666668 0.10425963488843815 0.059895833333333336 0.085937500000000014 0.063178407437470135 0.071659504697138346 0.45147058823529412 0.018229166666666668 0.15463481449481423 0.031283141932301375 0.036173359327714573 0.042075404493665751
decision_type=2 2 2 2 2 2 2 2 2 2 2 2 2 2 2 2 2 2 2 2 2 2 2 2 2 2 2 2 2 2
left_child=1 -1 -3 5 -4 10 7 8 -7 -10 11 12 -2 -14 15 16 -15 18 -12 21 -8 22 24 -24 -5 26 -21 -20 -19 -30
right_child=3 2 4 19 -6 6 20 -9 9 -11 17 -13 13 14 -16 -17 -18 28 27 25 -22 -23 23 -25 -26 -27 -28 -29 29 -31
leaf_value=0 -3.8518924350368017e-05 0 0 0.00027815690660902955 0 0.00022587846901202732 0.0010777271369311059 -0.00010245009290995391 -9.3513213069848072e-05 5.7815429704072422e-05 -1.5738912962322143e-05 -7.3209065406652787e-05 0.00011981309883744246 1.0776669257417676e-05 0.00032013971065081824 1.9434890945425418e-05 0.00033837922009197642 0.00060397120551700806 0.00038303414912271351 0.0014028229504103519 0.00017687459787241441 0.00020947090980656595 -8.8447420109244283e-05 0.0010082055617934888 0.00089030832599835291 0.0024520724679007381 0.0014458707290253821 0.00043673021195873011 0.00021357935868522064 0.0008838134258460301
leaf_weight=493 39 39 36 21 41 26 53 20 26 27 25 21 25 32 82 22 45 106 34 49 21 20 29 33 254 2721 21 20 34 43
leaf_count=493 39 39 36 21 41 26 53 20 26 27 25 21 25 32 82 22 45 106 34 49 21 20 29 33 254 2721 21 20 34 43
internal_value=-0.00130686 -0.025867 -0.0210515 0.00257911 -0.0180387 0.00115977 -0.000121386 -0.00184847 -0.000797458 -0.00266033 0.00157954 0.000969921 0.00128571 0.00168931 0.00200551 0.00118181 0.00183115 0.00219846 0.00110125 0.00289517 0.00218916 0.00232772 0.00246587 0.0010645 0.00278181 0.00296775 0.00214283 0.0024444 0.00267212 0.00222075
internal_weight=4458 609 116 3849 77 701 173 99 79 53 528 266 245 206 181 99 77 262 79 3148 74 357 337 62 275 2791 70 54 183 77
internal_count=4458 609 116 3849 77 701 173 99 79 53 528 266 245 206 181 99 77 262 79 3148 74 357 337 62 275 2791 70 54 183 77
is_linear=0
shrinkage=0.03


Tree=77
num_leaves=31
num_cat=0
split_feature=20 10 5 20 18 6 6 11 18 13 20 11 6 4 6 12 9 18 10 11 7 9 7 6 1 7 7 1 4 10
split_gain=473.414 15.8935 1.89393 0.194363 0.555949 0.286252 0.539981 0.569789 0.40368 0.207749 0.174097 0.218921 0.428553 0.162323 0.42039 0.613037 0.437869 0.143512 0.111361 0.105001 0.213429 0.137009 0.103657 0.0703942 0.102432 0.0407239 0.0386317 0.0371188 0.0357868 0.0187346
threshold=1.0000000180025095e-35 0.25000000000000011 0.084178498985801223 0.28385204976237033 0.48676470588235299 0.13630791582483945 0.16777371682822187 -0.5 0.47205882352941181 -0.56174490092936669 0.40915544381338381 0.93301270189221952 0.34331797235023048 0.023437500000000003 0.10865814623958596 -1.0000000180025095e-35 0.44128373450036479 0.45147058823529412 0.93301270189221952 -0.9330127018922193 0.030929648754824384 0.89606126914660855 0.028908273699210747 0.12841252184967428 0.033854166666666671 0.024356284575033051 0.017764635875994323 0.018229166666666668 0.085937500000000014 -0.93301270189221908
decision_type=2 2 2 2 2 2 2 2 2 2 2 2 2 2 2 2 2 2 2 2 2 2 2 2 2 2 2 2 2 2
left_child=1 -1 3 4 13 19 7 -7 -9 -8 11 17 -13 14 16 -16 -2 27 26 20 -5 -21 -15 24 -19 -25 -18 -4 29 -27
right_child=2 -3 10 5 -6 6 9 8 -10 -11 -12 12 -14 22 15 -17 18 23 -20 21 -22 -23 -24 25 -26 28 -28 -29 -30 -31
leaf_value=0 -9.482171906656308e-05 0 0.00051712880701985584 0.00063639513656860668 -7.101279403554698e-05 0.00029264404151299481 0.0006167048101423713 -0.00010158800030667366 -3.9626048842400634e-05 0.00076524225301743834 0.002749489089130619 -6.9298522295652257e-05 0.0012373347689206106 0.00021307230823334873 -6.6960458238944724e-05 0.00023258646264652196 4.2610150952170733e-05 0.00026164313282536587 5.7815619752845805e-05 0.00063945997015394426 -8.955241551652429e-05 0.00016072482229073022 9.1545868467226145e-05 0.0014478731955833676 0.001701476970443255 0.0011503842891204803 0.000373224493987263 0.00080064651218401603 0.00063584490256792046 0.00098053665009936231
leaf_weight=579 22 29 20 24 21 34 31 24 33 78 2493 21 27 46 26 32 20 20 22 149 22 25 25 20 21 48 68 24 24 430
leaf_count=579 22 29 20 24 21 34 31 24 33 78 2493 21 27 46 26 32 20 20 22 149 22 25 25 20 21 48 68 24 24 430
internal_value=-0.00131359 -0.0259144 0.00257143 0.00116239 0.00055319 0.00157142 0.000749996 -0.000956033 -0.00278942 0.00217429 0.00288564 0.00245038 0.00049999 0.000931031 0.000473682 -0.00165514 0.00140908 0.00260461 0.0021818 0.00231817 0.00104346 0.00265516 0.0021549 0.00273357 0.00153655 0.00282758 0.00265906 0.000954524 0.00288047 0.00293723
internal_weight=4458 608 3850 702 282 420 200 91 57 109 3148 655 48 261 190 58 132 607 110 220 46 174 71 563 41 522 88 44 502 478
internal_count=4458 608 3850 702 282 420 200 91 57 109 3148 655 48 261 190 58 132 607 110 220 46 174 71 563 41 522 88 44 502 478
is_linear=0
shrinkage=0.03


Tree=78
num_leaves=31
num_cat=0
split_feature=0 10 0 8 6 10 1 0 13 17 0 17 6 17 11 10 10 16 0 8 6 7 10 8 0 10 6 3 17 1
split_gain=473.155 15.8935 1.9561 0.259503 0.801076 0.638905 0.452189 0.566762 0.344715 0.333319 0.322852 0.192743 0.592733 0.135564 0.264404 0.189426 0.119994 0.117629 0.102058 0.181655 0.226105 0.382637 0.0991748 0.174148 0.104636 0.0452874 0.148104 0.235703 0.0371746 0.0367543
threshold=1.0000000180025095e-35 0.25000000000000011 0.36643735909897551 0.088210155466507345 0.16777371682822187 0.68301270189221941 0.033854166666666671 0.30549949579934954 -0.56174490092936669 0.25582268860463825 0.28385204976237033 0.28478427367883591 0.10865814623958596 0.31027880239099248 -0.9330127018922193 -0.6830127018922193 -0.93301270189221908 12.500000000000002 0.40915544381338381 0.15559578809505548 0.34331797235023048 0.049184323483876809 0.93301270189221952 0.040529508432456861 0.27141557038743097 -0.6830127018922193 0.19549411162314392 0.028645833333333336 0.3156752616798571 0.039062500000000007
decision_type=2 2 2 2 2 2 2 2 2 2 2 2 2 2 2 2 2 2 2 2 2 2 2 2 2 2 2 2 2 2
left_child=1 -1 3 10 5 16 7 17 9 -6 11 -2 22 -12 -15 -16 -5 -7 19 25 21 -21 23 -13 28 26 27 -4 -25 -17
right_child=2 -3 18 4 8 6 -8 -9 -10 -11 13 12 -14 14 15 29 -18 -19 -20 20 -22 -23 -24 24 -26 -27 -28 -29 -30 -31
leaf_value=0 0.000334979627867774 0 0.00030160382090650662 6.3088647414637704e-05 -0.00010062018004240791 -8.3041536643352443e-05 0.00080868823543454329 -0.00012968591970333464 0.00085109782041484716 0.00090945716693454726 0.00044371186201406457 -1.1022052910187068e-06 -6.1974579694671795e-05 -0.00012048951631209444 0.00012517477208870645 0.00066450570076253927 0.00081674836567515732 6.7151524151106586e-05 0.0026670044164566996 0.00097750291472534765 0.0012039355730118775 -0.00010657985086255234 1.2028319051752734e-05 0.00035036699087577223 0.0002414261645362731 0.00089254024888141942 0.0012136837239984149 -4.8197107415246531e-05 0.00012607658849707006 0.00084239127595805855
leaf_weight=579 31 29 22 20 20 21 21 36 111 30 141 36 27 20 31 93 30 23 2493 21 39 28 25 58 22 295 94 20 20 22
leaf_count=579 31 29 22 20 20 21 21 36 111 30 141 36 27 20 31 93 30 23 2493 21 39 28 25 58 22 295 94 20 20 22
internal_value=-0.00132032 -0.0259144 0.00256364 0.00128162 0.000596152 -0.000973503 -0.00234651 -0.00337496 0.00206831 1.11756e-10 0.00168821 0.000808216 0.000446806 0.00231595 0.00173493 0.00217807 0.00179996 -0.00109088 0.00292032 0.00253757 0.00129544 -6.12231e-05 0.00113664 0.00145587 0.00209998 0.00279118 0.00233822 0.000857123 0.00261535 0.00273911
internal_weight=4458 608 3850 838 312 151 101 80 161 50 526 219 188 307 166 146 50 44 3012 519 88 49 161 136 100 431 136 42 78 115
internal_count=4458 608 3850 838 312 151 101 80 161 50 526 219 188 307 166 146 50 44 3012 519 88 49 161 136 100 431 136 42 78 115
is_linear=0
shrinkage=0.03


Tree=79
num_leaves=31
num_cat=0
split_feature=20 10 5 8 6 20 5 13 20 1 7 7 8 9 9 20 8 6 6 1 7 20 13 8 7 2 12 7 2 9
split_gain=473.155 15.8935 1.96639 0.411089 0.977413 0.836517 0.436347 0.369333 0.355012 0.262213 0.616865 0.260007 0.185947 0.13051 0.121263 0.119101 0.1394 0.204538 0.374011 0.0773082 0.162073 0.326926 0.517904 0.0526688 0.12672 0.0447586 0.0441484 0.0383674 0.0365779 0.0326034
threshold=1.0000000180025095e-35 0.25000000000000011 0.089587559161595678 0.096551327259016217 0.18229779119656767 0.32319281828654317 0.052400270453008796 -0.56174490092936669 0.28385204976237033 0.018229166666666668 0.020972266000457252 0.030929648754824384 0.069568684979274639 0.47191830780452232 0.8231218088986143 0.40915544381338381 0.15559578809505548 0.34331797235023048 0.28433179723502316 0.023437500000000003 0.030929648754824384 0.32319281828654317 1.0000000180025095e-35 0.090788790738736233 0.056469554395762851 0.075520833333333343 -0.8783796973249266 0.036626487964880154 0.018229166666666668 0.65864332603938747
decision_type=2 2 2 2 2 2 2 2 2 2 2 2 2 2 2 2 2 2 2 2 2 2 2 2 2 2 2 2 2 2
left_child=1 -1 3 8 5 6 -5 -6 9 11 -11 13 -12 -2 19 16 23 18 -18 20 -10 22 -22 24 27 -25 -21 -4 -13 -15
right_child=2 -3 15 4 7 -7 -8 -9 14 10 12 28 -14 29 -16 -17 17 -19 -20 26 21 -23 -24 25 -26 -27 -28 -29 -30 -31
leaf_value=0 0.00017498080253375913 0 0.0005082268181298324 -7.8132737738498373e-05 -1.9983717303341912e-05 -0.00011968336277141112 0.00015432255509606295 0.00084087435921340688 0.00055572990354350697 -4.5849671625297845e-05 0.00012755762774355133 -7.400399329741447e-05 0.00046084931209499068 0.0002624301737212697 0.00015409386438564772 0.0025979139691876879 0.00062162728372997216 0.0012497752291089938 -0.00011679218816330742 0.00086067014622918047 0.00062606116355767339 0.00053152384799129914 -0.00010911824670611629 0.0011550415391427175 0.00048612785508501906 0.00055386101333774844 0.0007844275891452909 0.00046755753861614036 9.7664447918244981e-05 0.00012229446980760979
leaf_weight=579 20 29 20 33 31 28 22 78 71 23 35 20 24 69 37 2492 35 45 20 20 30 44 21 329 20 21 151 66 22 23
leaf_count=579 20 29 20 33 31 28 22 78 71 23 35 20 24 69 37 2492 35 45 20 20 30 44 21 329 20 21 151 66 22 23
internal_value=-0.00132032 -0.0259144 0.00256364 0.00124189 3.12499e-05 -0.00242166 -0.000272722 0.00189907 0.00162295 0.000711861 -0.000658528 0.00144155 0.000966085 0.00219641 0.00219786 0.00291142 0.00251438 0.00149999 0.000272722 0.00237685 0.00191565 0.00110525 -0.000529401 0.00273684 0.00215092 0.00291428 0.00282454 0.00265113 -0.000571415 0.00267388
internal_weight=4458 608 3850 802 192 83 55 109 610 236 82 154 59 112 374 3048 556 100 55 337 166 95 51 456 106 350 171 86 42 92
internal_count=4458 608 3850 802 192 83 55 109 610 236 82 154 59 112 374 3048 556 100 55 337 166 95 51 456 106 350 171 86 42 92
is_linear=0
shrinkage=0.03


Tree=80
num_leaves=31
num_cat=0
split_feature=0 16 12 0 13 8 6 12 17 16 0 17 9 5 8 9 17 6 9 0 18 16 17 3 3 9 12 6 6 7
split_gain=476.933 4.28962 2.92641 1.8299 1.07838 0.509704 0.983917 0.665427 0.682364 0.506791 0.287956 0.273086 0.434508 0.321737 0.185877 0.156128 0.269531 0.150869 0.144963 0.11917 0.247682 0.218965 0.107709 0.153732 0.231436 0.0879609 0.0487226 0.0657155 0.261541 0.0299939
threshold=1.0000000180025095e-35 29.500000000000004 -1.0000000180025095e-35 0.35525449158882932 1.0000000180025095e-35 0.088210155466507345 0.17854759256316546 1.0000000180025095e-35 0.29617288624005594 18.500000000000004 0.26145367489924248 0.29995523328739293 0.68088986141502572 0.034989858012170395 0.0708910785345329 0.44128373450036479 0.31203213813057734 0.25399650405212143 0.41320204230488705 0.4145153769509492 0.45441176470588235 16.500000000000004 0.27040251893455886 0.054687500000000007 0.039062500000000007 0.89606126914660855 -1.0000000180025095e-35 0.11622437629111713 0.12841252184967428 0.025470728557720042
decision_type=2 2 2 2 2 2 2 2 2 2 2 2 2 2 2 2 2 2 2 2 2 2 2 2 2 2 2 2 2 2
left_child=1 -1 -3 5 -4 10 7 9 -9 -7 11 29 13 -13 -5 16 -12 -8 -6 20 21 -16 23 24 -22 26 27 -17 -29 -2
right_child=3 2 4 14 18 6 17 8 -10 -11 15 12 -14 -15 19 25 -18 -19 -20 -21 22 -23 -24 -25 -26 -27 -28 28 -30 -31
leaf_value=0 0.00016025852872593744 0 0 0.00053319090194669052 0 -4.411102825797815e-05 0.0012038353494496672 -0.000110283992355757 -1.709468839538854e-05 0.00043192767736824925 -2.2020134211100921e-05 -4.3436481538333034e-05 -0.00011821810365601759 0.00021337131652560823 -6.1526503215241415e-05 0.0003976693838635505 0.0014562879836716109 0.00011806281789104521 0 0.0025780956243227626 0.00096762231373397664 0.00071211109996440879 0.00089208689596137957 0.0011859599692244361 -5.4635090312436269e-05 0.00016097318936418795 0.00052927329986035847 3.5032061233006281e-06 0.00038445074391964138 0.00024174391943323465
leaf_weight=503 20 42 35 20 21 33 80 30 38 48 28 24 21 44 29 49 25 21 20 2391 23 41 480 55 30 29 162 22 39 30
leaf_count=503 20 42 35 20 21 33 80 30 38 48 28 24 21 44 29 49 25 21 20 2391 23 41 480 55 30 29 162 22 39 30
internal_value=-0.00141236 -0.0257922 -0.0206439 0.00255929 -0.0171314 0.00122342 0.00012 -0.00142952 -0.00361759 0.000407402 0.00178296 0.000625895 -0.000370782 0.000794106 0.0028827 0.00223728 0.000735835 0.00240592 -0.0138289 0.00290161 0.00254407 0.000857131 0.00274489 0.00188887 0.000735835 0.00250165 0.00266911 0.0021818 0.00152457 0.00239995
internal_weight=4433 621 118 3812 76 743 250 149 68 81 493 139 89 68 3069 354 53 101 41 3049 658 70 588 108 53 301 272 110 61 50
internal_count=4433 621 118 3812 76 743 250 149 68 81 493 139 89 68 3069 354 53 101 41 3049 658 70 588 108 53 301 272 110 61 50
is_linear=0
shrinkage=0.03


Tree=81
num_leaves=31
num_cat=0
split_feature=0 10 0 6 8 17 0 3 9 17 5 3 18 6 0 3 5 0 18 9 4 6 8 8 13 9 4 8 3 5
split_gain=476.139 16.8506 1.85424 0.445297 1.83967 0.599667 1.15942 0.631146 0.297841 0.416771 0.247499 0.22046 0.337101 0.167353 0.126157 0.189284 0.259279 0.101508 0.300277 0.248048 0.106227 0.0438878 0.043296 0.0415468 0.0797655 0.0405245 0.0261838 0.0249931 0.0102474 0.0385011
threshold=1.0000000180025095e-35 0.25000000000000011 0.36643735909897551 0.17854759256316546 0.092976158837091025 0.30313927794846524 0.29573446711830759 0.018229166666666668 0.8231218088986143 0.31464967031419194 0.034989858012170395 0.033854166666666671 0.47205882352941181 0.27050691244239639 0.29001749062968413 0.018229166666666668 0.050202839756592295 0.4145153769509492 0.45441176470588235 0.32676878191101399 0.10156250000000001 0.30921658986175121 0.073789822300234162 0.053700030463116152 -0.22252093395631442 0.32239241429613436 0.023437500000000003 0.056224871548142062 0.018229166666666668 0.18559837728194728
decision_type=2 2 2 2 2 2 2 2 2 2 2 2 2 2 2 2 2 2 2 2 2 2 2 2 2 2 2 2 2 2
left_child=1 -1 3 4 8 6 -6 -7 10 -10 -2 14 -13 -5 15 23 27 18 19 -4 21 22 -20 24 -12 -16 -14 -17 29 -19
right_child=2 -3 17 13 5 7 -8 -9 9 -11 11 12 26 -15 25 16 -18 28 20 -21 -22 -23 -24 -25 -26 -27 -28 -29 -30 -31
leaf_value=0 -1.1042450229650706e-05 0 0.0010155760672876178 0.0011046384489135756 -6.4795502009811181e-05 -4.7773366261495103e-05 -0.00021420235613724573 0.00069029070144780726 0.0002183077290808491 -0.00016007001207972102 0.00025691586826669436 -7.4981577065938634e-06 0.00023047293562386808 0.00011452093371225203 0.00025297674338204659 0.00039402499240683491 -2.1896666397022093e-05 0.0017290295313094669 0.00033633156452613525 -6.0184756377068141e-05 0.00096729880245379548 0.0005775166195589633 0.00092520660181366491 0.00021446303638688498 0.00021304605547413534 0.00068555368977575712 0.00077310412407161164 0.00037724944069877973 0.0025618802469728995 0.0038792114479486669
leaf_weight=586 33 35 23 152 39 28 20 27 28 23 26 31 20 21 22 20 35 67 22 38 31 20 442 69 28 181 22 20 2304 20
leaf_count=586 33 35 23 152 39 28 20 27 28 23 26 31 20 21 22 20 35 67 22 38 31 20 442 69 28 181 22 20 2304 20
internal_value=-0.00143266 -0.0257922 0.00253568 0.00129586 0.000946427 -0.00252629 -0.00462704 -0.000272722 0.00165591 -0.000529401 0.00187574 0.00205063 0.000534239 0.00265316 0.00232668 0.00178787 0.000599992 0.00288878 0.00253125 0.000540975 0.00276698 0.00287603 0.00293534 0.00251217 0.00188885 0.0028522 0.00228566 0.00224994 0.0029749 0.00265514
internal_weight=4433 621 3812 845 672 114 59 55 558 51 507 474 73 173 401 198 75 2967 576 61 515 484 464 123 54 203 42 40 2391 87
internal_count=4433 621 3812 845 672 114 59 55 558 51 507 474 73 173 401 198 75 2967 576 61 515 484 464 123 54 203 42 40 2391 87
is_linear=0
shrinkage=0.03


Tree=82
num_leaves=31
num_cat=0
split_feature=0 10 0 6 8 17 0 2 9 17 5 3 12 6 0 3 5 0 2 16 8 0 1 8 8 13 1 0 8 3
split_gain=476.139 16.8506 1.85424 0.445297 1.83967 0.599667 1.15942 0.631146 0.297841 0.416771 0.247499 0.22046 0.312481 0.167353 0.126157 0.189284 0.259279 0.101508 0.270003 0.436344 0.160335 0.15042 0.0970092 0.0477944 0.0415468 0.0797655 0.0405245 0.025603 0.0249931 0.0102474
threshold=1.0000000180025095e-35 0.25000000000000011 0.36643735909897551 0.17854759256316546 0.092976158837091025 0.30313927794846524 0.29573446711830759 0.028645833333333336 0.8231218088986143 0.31464967031419194 0.034989858012170395 0.033854166666666671 1.0000000180025095e-35 0.27050691244239639 0.29001749062968413 0.018229166666666668 0.050202839756592295 0.4145153769509492 0.075520833333333343 22.500000000000004 0.15559578809505548 0.39691598310638843 0.039062500000000007 0.073250994533297364 0.053700030463116152 -0.22252093395631442 0.013020833333333334 0.30549949579934954 0.056224871548142062 0.018229166666666668
decision_type=2 2 2 2 2 2 2 2 2 2 2 2 2 2 2 2 2 2 2 2 2 2 2 2 2 2 2 2 2 2
left_child=1 -1 3 4 8 6 -6 -7 10 -10 -2 14 -13 -5 15 24 28 18 20 -20 23 22 -22 -4 25 -12 -16 -14 -17 -19
right_child=2 -3 17 13 5 7 -8 -9 9 -11 11 12 27 -15 26 16 -18 29 19 -21 21 -23 -24 -25 -26 -27 -28 -29 -30 -31
leaf_value=0 -1.0711176722761265e-05 0 0.0002909768969774606 0.0010714992954461687 -6.2851636949517149e-05 -4.6340165273650275e-05 -0.00020777628545312816 0.00083488154614584523 0.00021175849720842381 -0.00015526791171732951 0.00024920839221869318 -2.7465146288604598e-05 0.00024684654411907212 0.00011108530570088526 0.00016876872465801583 0.00038220424263462959 -2.123976640511166e-05 0.0017061997334719811 -7.1216414353979273e-05 0.00091772974895126401 -4.8077236549004269e-05 0.0011073467877433132 0.00093163498780642084 0.00095593438204377116 0.00020802914529527826 0.00020665467380991091 0.00057071650776934955 0.00049232006781568349 0.00036593195747781638 0.0024850238395637127
leaf_weight=586 33 35 20 152 39 28 20 27 28 23 26 32 21 21 22 20 35 87 20 24 22 33 23 434 69 28 181 20 20 2304
leaf_count=586 33 35 20 152 39 28 20 27 28 23 26 32 21 21 22 20 35 87 20 24 22 33 23 434 69 28 181 20 20 2304
internal_value=-0.00143266 -0.0257922 0.00253568 0.00129586 0.000946427 -0.00252629 -0.00462704 -0.000272722 0.00165591 -0.000529401 0.00187574 0.00205063 0.000534239 0.00265316 0.00232668 0.00178787 0.000599992 0.00288878 0.00253125 0.000272721 0.00271804 0.00146152 0.000333326 0.00293391 0.00251217 0.00188885 0.0028522 0.00226824 0.00224994 0.0029749
internal_weight=4433 621 3812 845 672 114 59 55 558 51 507 474 73 173 401 198 75 2967 576 44 532 78 45 454 123 54 203 41 40 2391
internal_count=4433 621 3812 845 672 114 59 55 558 51 507 474 73 173 401 198 75 2967 576 44 532 78 45 454 123 54 203 41 40 2391
is_linear=0
shrinkage=0.03


Tree=83
num_leaves=31
num_cat=0
split_feature=0 10 0 6 8 12 17 9 0 9 0 3 18 17 17 0 6 9 8 0 18 9 4 0 4 6 6 8 8 2
split_gain=476.139 16.8506 1.85424 0.445297 1.57142 0.636833 1.13275 0.575259 0.289136 0.255418 0.305108 0.266813 0.350671 0.244555 0.379183 0.219597 0.167353 0.1126 0.109084 0.101508 0.300277 0.248048 0.106227 0.0648956 0.0803724 0.266316 0.0438878 0.043296 0.0390064 0.025603
threshold=1.0000000180025095e-35 0.25000000000000011 0.36643735909897551 0.17854759256316546 0.092976158837091025 1.0000000180025095e-35 0.29617288624005594 0.59117432530999292 0.2426380079608694 0.8231218088986143 0.29908500877598854 0.033854166666666671 0.47205882352941181 0.29995523328739293 0.30903752872095996 0.14734340017519185 0.27050691244239639 0.10977388767323125 0.09958636803033781 0.4145153769509492 0.45441176470588235 0.32676878191101399 0.10156250000000001 0.29001749062968413 0.013020833333333334 0.099850610219273842 0.30921658986175121 0.073789822300234162 0.047036063606218641 0.018229166666666668
decision_type=2 2 2 2 2 2 2 2 2 2 2 2 2 2 2 2 2 2 2 2 2 2 2 2 2 2 2 2 2 2
left_child=1 -1 3 4 8 7 -7 18 13 11 -11 17 -13 -2 -15 -16 -5 -10 -6 20 21 -4 26 24 25 -19 27 -22 -26 -14
right_child=2 -3 19 16 5 6 -8 -9 9 10 -12 12 29 14 15 -17 -18 23 -20 -21 22 -23 -24 -25 28 -27 -28 -29 -30 -31
leaf_value=0 0.00029442928246869494 0 0.0009813115997471711 0.0010393543165827844 9.455799565657944e-06 -0.00011174272193490914 5.5379798861307711e-05 -5.575626436697853e-05 9.2274631271364315e-05 0.00028116246282362914 -7.8991314699563788e-05 -1.7948937314533387e-05 0.00080106501972847884 -4.7470611811807641e-05 -0.00012818053275646891 0.00017860162804358455 0.00010775274652985933 0.0006350941534170731 0.00013588298161549997 0.0023493456541650083 0.00031751231068102875 -5.6728644027313829e-05 0.00090505943629742695 0.00065168334602696838 0.00032148834174230376 -2.7795925484055322e-05 0.00052742495442838883 0.0008694284554633065 0.00020483162128189929 0.00032275170708408809
leaf_weight=586 20 35 23 152 20 24 26 20 24 27 20 30 20 21 30 21 21 29 24 2391 22 38 31 184 20 20 20 442 71 21
leaf_count=586 20 35 23 152 20 24 26 20 24 27 20 30 20 21 30 21 21 29 24 2391 22 38 31 184 20 20 20 442 71 21
internal_value=-0.00143266 -0.0257922 0.00253568 0.00129586 0.000946427 -0.00226314 -0.0047999 -0.000281245 0.00160215 0.00190558 -0.000191485 0.00214081 0.000464782 6.52168e-05 -0.000749989 0.000647046 0.00265316 0.00248275 0.00163633 0.00288878 0.00253125 0.000540975 0.00276698 0.00262962 0.00214284 0.00116324 0.00287603 0.00293534 0.0026703 0.00226824
internal_weight=4433 621 3812 845 672 114 50 64 558 466 47 419 71 92 72 51 173 348 44 2967 576 61 515 324 140 49 484 464 91 41
internal_count=4433 621 3812 845 672 114 50 64 558 466 47 419 71 92 72 51 173 348 44 2967 576 61 515 324 140 49 484 464 91 41
is_linear=0
shrinkage=0.03


Tree=84
num_leaves=31
num_cat=0
split_feature=0 16 12 6 13 17 0 9 17 0 9 16 16 6 1 0 11 17 9 18 17 1 13 2 2 13 4 6 16 4
split_gain=474.817 4.28962 2.92641 2.16257 1.07838 0.62417 1.17954 0.793661 0.622154 0.375372 0.354906 0.342398 0.486621 0.419113 0.303835 0.177241 0.270963 0.476175 0.144963 0.133804 0.259745 0.116717 0.224166 0.33474 0.113547 0.101963 0.0910556 0.0737557 0.245024 0.0454035
threshold=1.0000000180025095e-35 29.500000000000004 -1.0000000180025095e-35 0.16777371682822187 1.0000000180025095e-35 0.3003467789975322 0.30549949579934954 0.8231218088986143 0.32784443877116848 0.25848548626356976 0.64843180160466829 8.5000000000000018 21.500000000000004 0.12841252184967428 0.018229166666666668 0.4145153769509492 0.93301270189221952 0.21947068334609829 0.41320204230488705 0.45441176470588235 0.29491107139817901 0.018229166666666668 1.0000000180025095e-35 0.023437500000000003 0.018229166666666668 -0.56174490092936669 0.039062500000000007 0.18229779119656767 27.500000000000004 0.096354166666666671
decision_type=2 2 2 2 2 2 2 2 2 2 2 2 2 2 2 2 2 2 2 2 2 2 2 2 2 2 2 2 2 2
left_child=1 -1 -3 5 -4 6 10 9 -9 14 11 24 -13 -14 25 16 19 -18 -6 20 -5 22 -11 -24 -2 -7 -23 28 -21 -29
right_child=3 2 4 15 18 7 -8 8 -10 21 -12 12 13 -15 -16 -17 17 -19 -20 27 -22 26 23 -25 -26 -27 -28 29 -30 -31
leaf_value=0 0.00024086651799659905 0 0 0.00076309987489499461 0 0.00030667631229317648 -6.1809705420371074e-05 0.00018942436351048757 -0.00017329450576914409 0.00066426047558004037 0.00017241752983376306 -8.3708078682723049e-05 -3.925909375524147e-05 0.00017694500522929082 -4.2791324353790155e-05 0.0023358688283000506 0.00081930992126013128 -0.00020670986810684313 0 0.00047229403983424441 -6.7378062602539734e-05 0.00071662756131306749 -2.2418957257590658e-06 0.00051426161215819687 0.00019868666920906281 7.9586998559351546e-05 0.00088753368003941229 0.0010328361022762596 0.0003611483606848464 0.00089543703368060693
leaf_weight=503 21 42 35 57 21 23 31 37 20 48 43 28 37 28 28 2375 32 28 20 63 20 262 31 22 31 35 34 431 26 21
leaf_count=503 21 42 35 57 21 23 31 37 20 48 43 28 37 28 28 2375 32 28 20 63 20 262 31 22 31 35 34 431 26 21
internal_value=-0.0014665 -0.0257922 -0.0206439 0.00249633 -0.0171314 0.00106324 -0.00028767 0.00161111 -0.00173681 0.00200621 0.00060638 -0.000103447 -0.00119354 0.000230766 0.0002093 0.0028526 0.00242478 0.000499992 -0.0138289 0.00261165 0.00144154 0.00239546 0.00151484 0.000169808 0.00184612 0.00144825 0.00269594 0.00277818 0.00198874 0.00293362
internal_weight=4433 621 118 3812 76 759 219 540 57 483 188 145 93 65 86 3053 678 60 41 618 77 397 101 53 52 58 296 541 89 452
internal_count=4433 621 118 3812 76 759 219 540 57 483 188 145 93 65 86 3053 678 60 41 618 77 397 101 53 52 58 296 541 89 452
is_linear=0
shrinkage=0.03


Tree=85
num_leaves=31
num_cat=0
split_feature=20 10 6 8 17 6 20 11 17 18 20 8 16 7 1 11 1 6 16 8 9 7 6 1 5 20 8 12 6 16
split_gain=465.64 19.3784 1.90161 0.449943 0.718525 0.624953 0.319862 0.471718 0.613309 0.273479 0.242861 0.217367 0.433368 0.268856 0.213046 0.259235 0.272347 0.179812 0.310381 0.231688 0.333827 0.157636 0.10737 0.0978697 0.126678 0.0983461 0.0724256 0.179205 0.0450185 0.127759
threshold=1.0000000180025095e-35 0.25000000000000011 0.16308596853646914 0.09958636803033781 0.34665134882137699 0.14012394724296842 0.40915544381338381 0.93301270189221952 0.21947068334609829 0.4485294117647059 0.26145367489924248 0.087591098708121498 14.500000000000002 0.062302104146139965 0.049479166666666671 -0.9330127018922193 0.018229166666666668 0.10865814623958596 18.500000000000004 0.064981882815564593 0.44128373450036479 0.02149017771572934 0.24101382488479264 0.033854166666666671 0.082995267072346182 0.27141557038743097 0.15559578809505548 0.6078576107927941 0.17854759256316546 22.500000000000004
decision_type=2 2 2 2 2 2 2 2 2 2 2 2 2 2 2 2 2 2 2 2 2 2 2 2 2 2 2 2 2 2
left_child=1 -1 3 10 5 -5 7 9 -9 22 17 14 -13 -14 15 16 -12 18 -2 20 -20 -11 -4 25 -25 -17 28 -28 29 -23
right_child=2 -3 6 4 -6 -7 -8 8 -10 21 11 12 13 -15 -16 23 -18 -19 19 -21 -22 26 -24 24 -26 -27 27 -29 -30 -31
leaf_value=0 -2.1474175778963472e-05 0 0.00046807153638967034 0.00013018962390619985 0.0011143177281401717 -9.2339959626391301e-05 0.0021518629993364635 0.00083313375691436962 -0.00022351849002956263 0.00053189681228245193 -0.00011423747710408643 -3.7380370782369629e-05 0.00049161327096579745 -8.6269635205938979e-05 0.00023262579149267013 0.00017668589131823658 0.00046458001417937775 -5.7112198623817044e-05 -0.0001218746408320471 -5.4911288405940639e-05 0.00028590678240385091 0.00025809485469264348 -0.00010641589597478077 1.972931595258449e-05 0.00080549170243159572 0.00044681102457475746 0.0013644290311280417 0.0005311719817985938 0.00098071381255671877 0.00029326450599303339
leaf_weight=578 22 33 21 20 22 20 2477 23 27 20 23 25 61 20 24 35 32 32 21 20 74 52 20 31 24 216 50 31 369 22
leaf_count=578 22 33 21 20 22 20 2477 23 27 20 23 25 61 20 24 35 32 32 21 20 74 52 20 31 24 216 50 31 369 22
internal_value=-0.00140045 -0.0257234 0.00247574 0.00108864 -0.00135482 -0.00374991 0.00279756 0.00219685 -0.000599988 0.00243589 0.00131818 0.0016558 0.000452826 0.0015185 0.00198701 0.00216897 0.000272722 0.000337276 0.000810213 0.00143477 0.00205261 0.00261397 7.31691e-05 0.0025098 0.00136361 0.00276095 0.00271374 0.00188887 0.00286455 0.00218916
internal_weight=4445 611 3834 722 62 40 3112 635 50 585 660 491 106 81 385 361 55 169 137 115 95 544 41 306 55 251 524 81 443 74
internal_count=4445 611 3834 722 62 40 3112 635 50 585 660 491 106 81 385 361 55 169 137 115 95 544 41 306 55 251 524 81 443 74
is_linear=0
shrinkage=0.03


Tree=86
num_leaves=31
num_cat=1
split_feature=0 10 6 0 6 3 9 19 8 7 0 3 6 6 1 3 10 9 13 4 17 4 12 18 1 6 13 3 4 7
split_gain=464.607 19.3784 2.02667 0.327517 0.538433 0.923539 1.04263 0.326599 0.690571 0.550956 0.399957 0.382161 0.444664 0.276638 0.334887 0.367389 0.249129 0.283758 0.396795 0.253266 0.376909 0.119994 0.107752 0.0984061 0.0925122 0.0719088 0.176593 0.0569903 0.147709 0.240686
threshold=1.0000000180025095e-35 0.25000000000000011 0.16777371682822187 0.40915544381338381 0.26682027649769591 0.065104166666666671 0.42924872355944577 0 0.093489381430176807 0.04618662484735897 0.25848548626356976 0.028645833333333336 0.15371047195296364 0.12841252184967428 0.039062500000000007 0.033854166666666671 1.0000000180025095e-35 0.68490153172866541 -0.22252093395631442 0.013020833333333334 0.3106250678592285 1.0000000180025095e-35 -0.8783796973249266 0.4485294117647059 0.013020833333333334 0.18229779119656767 -0.22252093395631442 0.028645833333333336 0.023437500000000003 0.061859297509648241
decision_type=2 2 2 2 2 2 2 1 2 2 2 2 2 2 2 2 2 2 2 2 2 2 2 2 2 2 2 2 2 2
left_child=1 -1 7 4 23 6 -6 8 13 10 -10 22 -13 14 15 16 -2 19 -19 20 -18 -22 -9 -4 -21 26 -25 28 29 -5
right_child=2 -3 3 27 5 -7 -8 11 9 -11 -12 12 -14 -15 -16 -17 17 18 -20 24 21 -23 -24 25 -26 -27 -28 -29 -30 -31
leaf_value=0 0.00034152548563089533 0 0.00038320491607727485 0.0013549593717823471 -0.00037322556803014536 0.00055333767737747279 0.00091904818407762673 0.00017932174373960519 -5.0939379857361347e-05 0.00011969297338124356 -7.0596123703253329e-05 0.00057902679243805545 -1.2011778063666587e-05 0.00050282919086206378 -3.5383404315504887e-05 -3.5508278021720357e-05 -3.6901191997886832e-05 0.00017763804300673303 -8.9401293945813457e-05 0.00013396230780251042 -7.7267572265942181e-06 0.00028454444116366237 0.00047123010393707141 0.00011636006141416339 0.00052263713320059373 0.0010670697033353541 0.00057644592474999975 0.0021798003079917705 0.001619207530575919 -0.00015212231174263421
leaf_weight=578 58 33 29 23 29 64 36 31 20 29 20 40 33 79 27 28 34 23 27 30 20 30 157 32 68 365 54 2231 197 20
leaf_count=578 58 33 29 23 29 64 36 31 20 29 20 40 33 79 27 28 34 23 27 30 20 30 157 32 68 365 54 2231 197 20
internal_value=-0.00142745 -0.0257234 0.00244444 0.00278571 0.00216256 0.000441857 -0.00207689 0.0010504 0.000554671 -0.00221736 -0.00449989 0.00189298 0.000123286 0.00101887 0.000652172 0.000924525 0.00124138 0.000801721 -0.00119998 0.00135164 0.000142856 0.00179996 0.00268084 0.00262499 0.00238773 0.00273392 0.00195347 0.00293929 0.00249999 0.000906956
internal_weight=4445 611 3834 3080 609 129 65 754 493 69 40 261 73 424 345 318 290 232 50 182 84 50 188 480 98 451 86 2471 240 43
internal_count=4445 611 3834 3080 609 129 65 754 493 69 40 261 73 424 345 318 290 232 50 182 84 50 188 480 98 451 86 2471 240 43
cat_boundaries=0 1
cat_threshold=661
is_linear=0
shrinkage=0.03


Tree=87
num_leaves=31
num_cat=2
split_feature=0 10 6 19 6 3 6 0 11 17 7 0 19 6 1 9 16 6 7 11 2 10 7 12 6 16 11 2 1 16
split_gain=464.091 19.3784 2.09747 0.360309 0.449667 0.382161 0.444664 0.358435 0.406243 0.678763 0.329122 0.45012 0.287958 0.855863 0.275356 0.523925 0.659593 0.933369 0.423428 0.341442 0.187817 0.164919 0.280508 0.107752 0.0557122 0.181813 0.0421314 0.0911886 0.0378599 0.0354463
threshold=1.0000000180025095e-35 0.25000000000000011 0.16777371682822187 0 0.14668679485142225 0.028645833333333336 0.15371047195296364 0.4201331308126896 0.93301270189221952 0.21947068334609829 0.064920930839161797 0.30960096628317918 1 0.25399650405212143 0.033854166666666671 0.64843180160466829 11.500000000000002 0.12184967424122044 0.017764635875994323 -0.9330127018922193 0.049479166666666671 0.68301270189221941 0.024356284575033051 -0.8783796973249266 0.18229779119656767 27.500000000000004 -0.68301270189221952 0.023437500000000003 0.018229166666666668 3.5000000000000004
decision_type=2 2 2 1 2 2 2 2 2 2 2 2 1 2 2 2 2 2 2 2 2 2 2 2 2 2 2 2 2 2
left_child=1 -1 3 4 10 23 -7 8 12 -10 11 14 13 20 15 16 -2 18 -18 -20 -4 -17 -23 -5 25 -14 27 -13 -9 -26
right_child=2 -3 7 5 -6 6 -8 28 9 -11 -12 26 24 -15 -16 21 17 -19 19 -21 -22 22 -24 -25 29 -27 -28 -29 -30 -31
leaf_value=0 0.00024544051833584596 0 0.0012723720414237814 0.00017394209142741778 -7.2757834348425671e-05 0.00056165598866491414 -1.1651424721757161e-05 0.0016579662371325602 0.00075910929886067265 -0.00020561616828777146 -6.9347425479453711e-05 0.00034431981007297273 0.00043463469760472609 -0.00019073774399723447 -5.9202167346478539e-05 0.00032322422972080119 -5.1536694266941797e-05 -7.4029711668510966e-05 -0.0001606860958944337 0.0002117062047515914 0.00050041232513098875 0.00010160092533454499 -1.6729351057183718e-05 0.00045709320081895928 0.00059820531454833549 0.00044629385548350256 0.0006122434781935291 0.00049737564935845285 0.0022695152201952454 0.00097329835986927266
leaf_weight=578 37 33 73 31 37 40 33 25 28 27 20 24 66 26 27 72 27 20 32 46 33 27 28 157 24 33 67 29 2295 450
leaf_count=578 37 33 73 31 37 40 33 25 28 27 20 24 66 26 27 72 27 20 32 46 33 27 28 157 24 33 67 29 2295 450
internal_value=-0.00144094 -0.0257234 0.00242879 0.00101061 0.000495029 0.00189298 0.000123286 0.00277597 0.00221052 -0.000272722 0.000763156 0.000935778 0.00240425 0.000887318 0.000341771 0.000612455 -0.000518515 -0.00155999 -0.000428567 0.000692299 0.00215092 0.0020551 0.000818167 0.00268084 0.00269125 0.00209089 0.00249998 0.00186789 0.00296121 0.00287341
internal_weight=4445 611 3834 754 493 261 73 3080 760 55 456 436 705 132 316 289 162 125 105 78 106 127 55 188 573 99 120 53 2320 474
internal_count=4445 611 3834 754 493 261 73 3080 760 55 456 436 705 132 316 289 162 125 105 78 106 127 55 188 573 99 120 53 2320 474
cat_boundaries=0 1 2
cat_threshold=661 16
is_linear=0
shrinkage=0.03


Tree=88
num_leaves=31
num_cat=1
split_feature=0 10 0 19 7 5 8 9 13 4 11 2 2 13 11 12 7 2 7 2 10 8 5 5 1 7 0 2 13 12
split_gain=463.575 19.3784 1.90107 0.61264 0.657212 0.403865 0.730873 0.310799 0.78174 0.875109 0.42669 0.292219 0.718053 0.259356 0.291654 0.248447 0.277631 0.24141 0.144812 0.137939 0.115277 0.240598 0.277276 0.108051 0.103332 0.12099 0.101223 0.165306 0.100179 0.0999446
threshold=1.0000000180025095e-35 0.25000000000000011 0.40915544381338381 0 0.085254260469666679 0.054597701149425297 0.073789822300234162 0.62472647702407025 -0.56174490092936669 0.023437500000000003 0.93301270189221952 0.018229166666666668 0.013020833333333334 1.0000000180025095e-35 -0.5 -0.8783796973249266 0.032490094780800609 0.018229166666666668 0.027644259065826824 0.023437500000000003 0.68301270189221941 0.09742181278566435 0.0764029749830967 0.058992562542258299 0.044270833333333336 0.13361070511376938 0.43918682946971144 0.070312500000000014 1.0000000180025095e-35 0.87837969732492682
decision_type=2 2 2 1 2 2 2 2 2 2 2 2 2 2 2 2 2 2 2 2 2 2 2 2 2 2 2 2 2 2
left_child=1 -1 3 4 5 6 13 10 9 -9 23 12 -10 18 -15 16 -5 -8 -2 -18 -17 -22 -23 -7 25 26 27 -4 -24 -25
right_child=2 -3 24 15 -6 7 17 8 11 -11 -12 -13 -14 14 -16 20 19 -19 -20 -21 21 22 28 29 -26 -27 -28 -29 -30 -31
leaf_value=0 0.00016240345368926493 0 0.00096965830200786444 -6.4073200961783125e-05 -3.1429398142938093e-05 0.00014769299326255152 -2.8287762348102897e-05 0.00014709941208554495 0.00076126715602737888 -0.00014211088832586949 -5.703367925296962e-05 0.00046178423266928691 -0.00031053067018552372 0.000215913171252497 -1.5477633184836642e-05 0.00074827949485418966 0.00095383180033100029 -9.3677280709198945e-05 0.00019975766532714351 0.00034826710765220896 0.00044918351717006564 -5.1701992986708062e-05 0.00054766141645267526 0.00091726695538140205 0.0023367282643729109 0.00038684984241591788 0.0019308833321833516 0.00026372674231164638 0.00040148487968403516 0.00043012322154606619
leaf_weight=578 69 33 172 24 20 26 22 30 27 25 27 97 20 32 24 323 37 25 31 34 152 23 27 192 1995 23 270 31 22 34
leaf_count=578 69 33 172 24 20 26 22 30 27 25 27 97 20 32 24 323 37 25 31 34 152 23 27 192 1995 23 270 31 22 34
internal_value=-0.00145444 -0.0257234 0.00241314 0.00150335 0.0008481 0.00101762 -0.000103448 0.00149372 0.000587937 -0.0024545 0.00213978 0.00174999 -0.000191485 0.00088461 -0.000749986 0.00217178 0.000789465 -0.00338291 0.00179998 0.00173237 0.00245155 0.00192856 0.000499993 0.0025238 0.00290365 0.00251612 0.00261944 0.00211329 0.00177547 0.0027345
internal_weight=4445 611 3834 1343 701 681 203 478 199 55 279 144 47 156 56 642 95 47 100 71 547 224 72 252 2491 496 473 203 49 226
internal_count=4445 611 3834 1343 701 681 203 478 199 55 279 144 47 156 56 642 95 47 100 71 547 224 72 252 2491 496 473 203 49 226
cat_boundaries=0 1
cat_threshold=533
is_linear=0
shrinkage=0.03


Tree=89
num_leaves=31
num_cat=2
split_feature=0 6 9 12 13 9 9 9 1 17 19 4 0 9 2 2 7 17 19 18 0 0 2 17 9 6 18 18 17 7
split_gain=462.802 2.21883 1.12818 1.32701 0.868816 0.851852 0.768511 0.468418 0.417414 0.405551 0.589033 0.759603 0.975007 0.529599 0.384376 0.40626 0.406331 0.372003 0.357121 0.360958 0.368304 0.35063 0.409163 0.266316 0.190714 0.164282 0.164037 0.362204 0.112847 0.0999925
threshold=1.0000000180025095e-35 0.16777371682822187 0.36725018234865076 -1.0000000180025095e-35 -0.22252093395631442 0.42924872355944577 0.47191830780452232 0.5948212983223925 0.044270833333333336 0.3106250678592285 0 0.013020833333333334 0.27141557038743097 0.8231218088986143 0.018229166666666668 0.023437500000000003 0.028717457926122739 0.32988681814313686 1 0.4661764705882353 0.40318475364931794 0.27141557038743097 0.013020833333333334 0.32049069925083423 0.41320204230488705 0.15371047195296364 0.47205882352941181 0.48088235294117648 0.301102033869458 0.025470728557720042
decision_type=2 2 2 2 2 2 2 2 2 2 1 2 2 2 2 2 2 2 1 2 2 2 2 2 2 2 2 2 2 2
left_child=2 9 -1 -4 -5 -6 -7 -8 18 10 11 12 -2 24 28 -16 -17 -15 19 20 -3 22 -12 -22 26 -23 -11 -28 -13 -24
right_child=1 8 3 4 5 6 7 -9 -10 13 21 14 -14 17 15 16 -18 -19 -20 -21 23 25 29 -25 -26 -27 27 -29 -30 -31
leaf_value=0 1.0720659102554436e-06 -8.5275576633798557e-05 0 0 0 0 0 0 0.002024603089529307 0.00024478479688296961 -5.1544430367473138e-05 0.00021376930392206269 -0.00026214092114360389 0.0001754707926093242 -4.2204376891802121e-05 0.00030533489124044347 -1.6918296081900526e-05 -0.0001627634972825821 0.00086684556211961224 0.00067497364436510873 0.0010039934727448057 0.00058416814963961269 0.00018222107963943973 -0.00017615949079194705 0.0005247348193742051 7.0032974980256899e-05 -0.00023634559949801951 0.00082974152269656273 0.00019766218041493945 0.00012779464723081365
leaf_weight=425 27 36 71 23 20 20 24 28 2173 20 23 36 23 28 24 24 21 20 720 102 29 92 20 20 277 20 26 31 22 20
leaf_count=425 27 36 71 23 20 20 24 28 2173 20 23 36 23 28 24 24 21 20 720 102 29 92 20 20 277 20 26 31 22 20
internal_value=-0.00147469 0.00238967 -0.0257234 -0.0237741 -0.0217824 -0.020478 -0.0219997 -0.0200765 0.00274675 0.000931033 0.0001875 -0.00101069 -0.00419992 0.00158209 0.000165353 -0.00134781 0.000333326 -0.00137497 0.00220617 0.000868016 -0.000529405 0.00137837 -0.000333328 0.00116324 0.00198305 0.00246426 0.000662329 -0.000157892 0.00196548 0.00149996
internal_weight=4445 3834 611 186 115 92 72 52 3080 754 352 177 50 402 127 69 45 48 907 187 85 175 63 49 354 112 77 57 58 40
internal_count=4445 3834 611 186 115 92 72 52 3080 754 352 177 50 402 127 69 45 48 907 187 85 175 63 49 354 112 77 57 58 40
cat_boundaries=0 1 2
cat_threshold=177 17
is_linear=0
shrinkage=0.03


Tree=90
num_leaves=31
num_cat=0
split_feature=0 10 0 16 7 7 4 6 7 17 4 9 7 3 4 0 6 4 3 11 16 0 5 0 2 18 10 13 17 9
split_gain=470.735 17.6545 2.80855 0.588192 0.456308 1.03998 0.419028 0.359595 0.366526 1.09037 0.461971 0.420431 0.298189 0.672645 0.286184 0.289275 0.269989 0.25151 0.231515 0.17375 0.162261 0.139331 0.305071 0.128628 0.292144 0.375404 0.147518 0.427139 0.120612 0.113037
threshold=1.0000000180025095e-35 0.25000000000000011 0.39789993807232954 4.5000000000000009 0.03766259298495573 0.028908273699210747 0.018229166666666668 0.16777371682822187 0.039235516998999381 0.31464967031419194 0.018229166666666668 0.8231218088986143 0.017764635875994323 0.018229166666666668 0.10156250000000001 0.39511013716867388 0.25072302558398224 0.028645833333333336 0.033854166666666671 -0.5 20.500000000000004 0.25524309366169701 0.046044624746450311 0.43051651313122302 0.070312500000000014 0.45147058823529412 -0.6830127018922193 -0.56174490092936669 0.31729214534933203 0.54303428154631672
decision_type=2 2 2 2 2 2 2 2 2 2 2 2 2 2 2 2 2 2 2 2 2 2 2 2 2 2 2 2 2 2
left_child=1 -1 3 4 5 6 -2 8 12 10 -10 17 13 29 15 28 -6 20 21 -20 -11 22 -14 24 26 -26 27 -4 -9 -5
right_child=2 -3 23 7 16 -7 -8 14 9 11 -12 -13 18 -15 -16 -17 -18 -19 19 -21 -22 -23 -24 -25 25 -27 -28 -29 -30 -31
leaf_value=0 -3.3251551266668508e-06 0 -3.433908591656821e-05 8.0595435120676167e-05 0.00082126452075282372 -4.8517392879593438e-05 0.00051005094369484044 0.00071333328402155207 -0.00017858029254830997 -1.3361116999689867e-07 -1.5677447128807553e-05 -7.8319465494594578e-05 0.0002375604557592745 -5.5383117427074468e-05 -0.00036246238112596583 0.00015931047555638376 -5.9763702323078604e-05 -9.7992190148529087e-06 -4.6604705747284685e-05 0.00025488351783667308 0.00039031318963276304 0.00033170444756057751 -5.9179223009867575e-05 0.0022970260255465334 0.0010278960174053726 -5.3917415217779592e-05 0.0009795331316161148 0.001058338192864472 0.00027437753782440054 0.00022672960884078207
leaf_weight=591 20 31 26 20 30 22 22 344 20 20 32 29 45 24 20 35 20 22 34 26 86 241 25 2161 27 31 308 59 22 26
leaf_count=591 20 31 26 20 30 22 22 344 20 20 32 29 45 24 20 35 20 22 34 26 86 241 25 2161 27 31 308 59 22 26
internal_value=-0.00165037 -0.0258424 0.00231261 0.00110126 -0.00094736 -0.00262496 0.000142854 0.00131933 0.000876922 -0.000157894 -0.003923 0.00108917 0.00136734 -0.000428565 0.00200237 0.00217705 0.00119998 0.00182811 0.00170619 1.11757e-10 0.00243394 0.00203536 0.000857131 0.00286217 0.00240133 0.000413786 0.00269465 0.00158822 0.00242622 0.00169562
internal_weight=4419 622 3797 1185 114 64 42 1071 650 209 52 157 441 70 421 401 50 128 371 60 106 311 70 2612 451 58 393 85 366 46
internal_count=4419 622 3797 1185 114 64 42 1071 650 209 52 157 441 70 421 401 50 128 371 60 106 311 70 2612 451 58 393 85 366 46
is_linear=0
shrinkage=0.03


Tree=91
num_leaves=31
num_cat=1
split_feature=0 10 0 19 6 4 6 16 0 16 7 7 0 12 7 7 9 1 3 0 6 0 11 10 16 6 7 4 0 1
split_gain=469.679 17.6545 3.01794 1.33551 1.87894 0.495305 0.748091 0.466247 0.366622 0.329265 0.530518 1.3049 0.44379 0.339876 0.204103 0.496791 0.456851 0.328363 0.182895 0.171187 0.249992 0.161186 0.397112 0.170116 0.388492 0.120633 0.269175 0.336842 0.227265 0.330833
threshold=1.0000000180025095e-35 0.25000000000000011 0.39789993807232954 0 0.26853646909264267 0.018229166666666668 0.12324805339265853 10.500000000000002 0.30960096628317918 4.5000000000000009 0.043866641571054833 0.030210256171992824 0.26844738175175836 0.6078576107927941 0.055388226996607351 0.040882472730218208 0.52954048140043775 0.013020833333333334 0.018229166666666668 0.29573446711830759 0.088076669873904903 0.43051651313122302 0.93301270189221952 -0.6830127018922193 15.500000000000002 0.18530465949820793 0.040067457934811222 0.039062500000000007 0.36322322697836107 0.028645833333333336
decision_type=2 2 2 1 2 2 2 2 2 2 2 2 2 2 2 2 2 2 2 2 2 2 2 2 2 2 2 2 2 2
left_child=1 -1 3 4 5 6 7 -2 -8 10 11 -5 13 18 15 17 -17 -7 -11 20 -9 22 23 24 -4 26 -14 28 29 -28
right_child=2 -3 21 9 -6 14 8 19 -10 12 -12 -13 25 -15 -16 16 -18 -19 -20 -21 -22 -23 -24 -25 -26 -27 27 -29 -30 -31
leaf_value=0 -7.2090867718242204e-06 0 0.0010683718149831604 0.00052472717894071316 -0.00043088316993935085 -4.9658617874965769e-05 -8.1640863182929374e-05 6.8684935537196507e-05 -7.2116516751967875e-05 0.00031302901836234733 0.0006978410331082241 -4.1704587377254995e-05 0.00050855988115834573 -0.00011367418869617359 0.0011039075763634944 0.00013085949009349933 -0.00033014591671460939 0.00032623412791849373 -2.0432524751541197e-05 0.00075817089413847622 -5.5625736038854916e-05 0.0022281152447801368 -7.9863184128001662e-06 0.0010258056241438463 -1.5208165516245098e-05 0.00079070512488845185 0.00014508752340621945 -4.504737051621768e-05 0.00037032116434243973 -8.5334464810007683e-05
leaf_weight=591 22 31 60 23 23 28 20 32 24 42 30 24 218 25 39 26 22 99 22 28 32 2161 30 322 39 243 41 31 60 31
leaf_count=591 22 31 60 23 23 28 20 32 24 42 30 24 218 25 39 26 22 99 22 28 32 2161 30 322 39 243 41 31 60 31
internal_value=-0.00167753 -0.0258424 0.00228101 0.00102532 -0.000407406 9.6774e-05 -0.00117721 0.000105262 -0.0044999 0.001725 -0.000116881 -0.00210634 0.0019481 -3.37074e-05 0.00103738 0.000599997 -0.00199996 0.00158266 0.00112498 0.00104347 0.000187497 0.00285069 0.00233481 0.00257244 0.00148483 0.00223077 0.00189763 0.000975454 0.00163635 0.000499993
internal_weight=4419 622 3797 1185 395 372 158 114 44 790 77 47 713 89 214 175 48 127 64 92 64 2612 451 421 99 624 381 163 132 72
internal_count=4419 622 3797 1185 395 372 158 114 44 790 77 47 713 89 214 175 48 127 64 92 64 2612 451 421 99 624 381 163 132 72
cat_boundaries=0 1
cat_threshold=17
is_linear=0
shrinkage=0.03


Tree=92
num_leaves=31
num_cat=2
split_feature=20 10 5 19 16 7 16 7 7 20 12 17 18 4 6 11 17 18 20 11 17 17 4 17 20 6 19 1 1 1
split_gain=469.679 17.6545 2.9008 0.948555 0.680027 0.365979 0.309356 0.464003 1.15537 0.407521 0.339876 0.303142 0.556901 0.535943 0.414188 0.407951 0.470835 0.396108 0.217722 0.359279 0.20081 0.19485 0.518524 0.194436 0.142148 0.300231 0.142084 0.195552 0.351635 0.140024
threshold=1.0000000180025095e-35 0.25000000000000011 0.11054766734279921 0 3.5000000000000004 0.059963812581092742 4.5000000000000009 0.043866641571054833 0.030210256171992824 0.26844738175175836 0.6078576107927941 0.3106250678592285 0.48676470588235299 0.013020833333333334 0.10865814623958596 1.0000000180025095e-35 0.27423198025699952 0.47794117647058826 0.43051651313122302 0.93301270189221952 0.29770833883543302 0.31694111139477499 0.033854166666666671 0.29995523328739293 0.36322322697836107 0.12184967424122044 1 0.028645833333333336 0.044270833333333336 0.044270833333333336
decision_type=2 2 2 1 2 2 2 2 2 2 2 2 2 2 2 2 2 2 2 2 2 2 2 2 2 2 1 2 2 2
left_child=1 -1 3 4 -2 11 7 8 -5 10 23 13 -13 14 -6 16 -15 20 19 29 -18 26 24 -8 25 -23 27 -11 -29 -4
right_child=2 -3 18 6 5 -7 9 -9 -10 21 -12 12 -14 15 -16 -17 17 -19 -20 -21 -22 22 -24 -25 -26 -27 -28 28 -30 -31
leaf_value=0 -6.0383166200206878e-05 0 0.00055045406306301035 0.0005089853635724922 3.8400102188083616e-05 -6.0097128728147537e-05 0.00028960553808693489 0.00061946257177097918 -3.860845651577405e-05 0.00041076502979902474 -0.00011026396303528826 0.00024528822250219145 -5.9894012307968371e-05 -0.00033874215329865345 -0.00013009927766430502 0.00031468642668610306 5.3298384024682914e-05 0.00047942598535111712 0.0021656278283956154 -4.2479368543057133e-06 -9.6451252509559176e-05 0.0011051091513102425 -0.0001246103363818456 8.1170408084513498e-05 0.00034284336593544998 -6.8127903745351918e-05 0.00060125426895130704 -5.8087548224592182e-05 0.0011600620357478104 0.0010539622026180873
leaf_weight=591 27 31 227 23 27 37 28 27 26 62 25 95 21 20 24 47 36 37 2159 31 25 31 27 36 65 28 319 39 24 224
leaf_count=591 27 31 227 23 27 37 28 27 26 62 25 95 21 20 24 47 36 37 2159 31 25 31 27 36 65 28 319 39 24 224
internal_value=-0.00167753 -0.0258424 0.00228101 0.00102768 -0.000177339 0.000154471 0.00163636 -0.000157893 -0.00189792 0.00185965 -3.37074e-05 0.000469878 0.00170688 -0.000194443 -0.0028823 0.00063636 -0.000305082 0.000551015 0.00282961 0.00225311 -0.000934411 0.00214285 0.00121191 0.00112498 0.00203224 0.000966085 0.00245945 0.00122221 0.000142855 0.00246784
internal_weight=4419 622 3797 1156 396 369 760 76 49 684 89 332 116 216 51 165 118 98 2641 482 61 595 151 64 124 59 444 125 63 451
internal_count=4419 622 3797 1156 396 369 760 76 49 684 89 332 116 216 51 165 118 98 2641 482 61 595 151 64 124 59 444 125 63 451
cat_boundaries=0 1 2
cat_threshold=17 164
is_linear=0
shrinkage=0.03


Tree=93
num_leaves=31
num_cat=2
split_feature=0 10 5 19 7 6 6 6 7 0 6 4 16 7 7 0 12 0 17 0 5 17 4 17 9 1 19 9 1 18
split_gain=469.151 17.6545 2.94797 1.03049 0.678341 0.938658 0.752493 1.36457 0.712619 0.495697 0.396987 0.875041 0.309356 0.464003 1.15537 0.407521 0.339876 0.291529 0.344036 0.228609 0.212441 0.19485 0.518524 0.194436 0.184687 0.278855 0.142084 0.288547 0.435982 0.0938836
threshold=1.0000000180025095e-35 0.25000000000000011 0.11054766734279921 0 0.039235516998999381 0.25399650405212143 0.19917368504687752 0.13630791582483945 0.044906774673665349 0.30960096628317918 0.11254001044244173 0.018229166666666668 4.5000000000000009 0.043866641571054833 0.030210256171992824 0.26844738175175836 0.6078576107927941 0.25848548626356976 0.301102033869458 0.43337287022347554 0.14503042596348886 0.31694111139477499 0.033854166666666671 0.29995523328739293 0.66411378555798695 0.033854166666666671 1 0.59263311451495271 0.028645833333333336 0.47500000000000003
decision_type=2 2 2 1 2 2 2 2 2 2 2 2 2 2 2 2 2 2 2 2 2 2 2 2 2 2 1 2 2 2
left_child=1 -1 3 4 9 6 7 8 -6 10 17 -12 13 14 -5 16 23 18 -2 20 29 26 24 -14 -23 -26 27 28 -17 -4
right_child=2 -3 19 12 5 -7 -8 -9 -10 -11 11 -13 15 -15 -16 21 -18 -19 -20 -21 -22 22 -24 -25 25 -27 -28 -29 -30 -31
leaf_value=0 0.00014825289748660598 0 0.00064304263121660711 0.00049371580266531826 -3.8046639389415662e-05 -0.00039329661265164226 0.0010100591711999609 -0.00019307814203621714 0.00047498037009813205 0.00043743756209414737 -0.00013772001057147688 0.0001907305092697284 0.00028091737194432689 0.00060087869461784979 -3.7450202820301097e-05 0.00014592354691984327 -0.00010695604414422956 0.00043409887051202569 -5.7087799559558188e-06 0.0021999801660231607 1.5306217438550471e-05 0.00037165560972085679 -0.00012087202629039051 7.8735295841978218e-05 -6.817642786445897e-05 0.00056581975626651183 0.00058321664088276798 0.00093613652603813499 -6.4287189622849218e-05 0.00089221323341909177
leaf_weight=591 28 31 229 23 27 23 44 23 31 63 26 41 28 27 26 39 25 58 32 2115 27 73 27 36 27 24 319 53 33 270
leaf_count=591 28 31 229 23 27 23 44 23 31 63 26 41 28 27 26 39 25 58 32 2115 27 73 27 36 27 24 319 53 33 270
internal_value=-0.00169111 -0.0258424 0.00226521 0.00100173 -0.000251231 -0.00186485 -0.000839993 -0.00255552 -0.000103446 0.00070161 -8.10805e-05 -0.00192534 0.00163636 -0.000157893 -0.00189792 0.00185965 -3.37074e-05 0.000966094 -0.000499992 0.00281825 0.00225855 0.00214285 0.00121191 0.00112498 0.00203224 0.000647046 0.00245945 0.00122221 8.33323e-05 0.00239879
internal_weight=4419 622 3797 1156 396 148 125 81 58 248 185 67 760 76 49 684 89 118 60 2641 526 595 151 64 124 51 444 125 72 499
internal_count=4419 622 3797 1156 396 148 125 81 58 248 185 67 760 76 49 684 89 118 60 2641 526 595 151 64 124 51 444 125 72 499
cat_boundaries=0 1 2
cat_threshold=17 164
is_linear=0
shrinkage=0.03


Tree=94
num_leaves=31
num_cat=1
split_feature=0 10 0 16 19 18 1 1 0 17 0 8 17 2 8 17 13 17 4 9 9 17 17 8 18 10 16 9 0 18
split_gain=470.207 17.6545 2.67735 0.702824 0.792326 0.490105 0.742392 0.403166 0.32564 0.325221 0.346754 0.527602 1.13906 0.296264 0.279205 0.377724 0.266591 0.248864 0.516632 0.515245 0.224973 0.224015 0.167956 0.15554 0.464399 0.284499 0.423483 0.132968 0.209048 0.0949206
threshold=1.0000000180025095e-35 0.25000000000000011 0.38280925404735261 4.5000000000000009 0 0.48382352941176471 0.018229166666666668 0.0078125000000000017 0.43337287022347554 0.33712024508552468 0.32838837274029392 0.084162593940267885 0.27730581990087427 0.023437500000000003 0.15723101739870424 0.24427708280146376 -0.22252093395631442 0.3106250678592285 0.023437500000000003 0.64843180160466829 0.57330415754923425 0.30239979576206288 0.2666185416354882 0.11570527351525862 0.45735294117647063 -0.6830127018922193 14.500000000000002 0.66411378555798695 0.30125126276370612 0.48676470588235299
decision_type=2 2 2 2 1 2 2 2 2 2 2 2 2 2 2 2 2 2 2 2 2 2 2 2 2 2 2 2 2 2
left_child=1 -1 3 5 7 6 -2 13 14 10 11 17 -13 -5 23 -16 -17 18 19 20 -9 -21 -12 24 -4 26 -26 -19 -29 -24
right_child=2 -3 8 4 -6 -7 -8 9 -10 -11 22 12 -14 -15 15 16 -18 27 -20 21 -22 -23 29 -25 25 -27 -28 28 -30 -31
leaf_value=0 3.0631777140287329e-05 0 -0.00014000768916565352 -0.00012207350197352586 0.00047267407385685896 0.00059017793424528584 -5.4801493732838352e-05 -1.3108553736232666e-05 0.0021278778366043264 -3.5390377721651149e-05 1.1067342166142512e-05 0.0003222646125289412 -6.9450968297627363e-05 6.7897889089744499e-05 0.00050630280118324294 0.00034766617367128081 -4.7535635451783246e-05 0.00048208694066106592 0.00023101608060376077 0.00021856544686701165 -7.0188192181104594e-05 -0.00013090913382303272 0.00043026046051773247 0.00082213858505990778 0.0011548969383051468 0.00096147261665005578 -0.00010770943049559579 0.00048087054874143813 -3.6331472276579147e-05 0.00074514343688321535
leaf_weight=591 33 31 24 37 347 27 33 20 2117 28 31 32 34 26 58 21 31 63 55 23 20 21 101 265 31 216 30 20 21 32
leaf_count=591 33 31 24 37 347 27 33 20 2117 28 31 32 34 26 58 21 31 63 55 23 20 21 101 265 31 216 30 20 21 32
internal_value=-0.00166395 -0.0258424 0.00229681 0.000968127 0.00122173 -0.00151611 -0.00290905 0.000491288 0.00277444 0.00078443 0.0009704 0.00037864 -0.00199997 -0.00176188 0.00220118 0.000818174 -0.00103844 0.00102469 0.000194243 -0.0012857 -0.00374991 0.000954524 0.00208535 0.00246996 0.00200332 0.00235017 0.000540975 0.00213459 0.000804859 0.00254885
internal_weight=4419 622 3797 1004 911 93 66 564 2793 501 473 309 66 63 676 110 52 243 139 84 40 44 164 566 301 277 61 104 41 133
internal_count=4419 622 3797 1004 911 93 66 564 2793 501 473 309 66 63 676 110 52 243 139 84 40 44 164 566 301 277 61 104 41 133
cat_boundaries=0 1
cat_threshold=565
is_linear=0
shrinkage=0.03


Tree=95
num_leaves=31
num_cat=1
split_feature=0 10 6 19 6 5 9 5 11 0 0 18 5 6 7 10 0 5 9 9 6 11 6 5 4 6 4 4 4 13
split_gain=469.647 15.6752 2.79166 0.496773 1.42157 0.534707 0.660074 0.585468 0.552287 0.529629 0.485207 0.392246 0.372071 0.77684 0.352209 0.248715 0.233323 0.220238 0.189716 0.454872 0.185935 0.158981 0.514266 0.121675 0.0841121 0.061297 0.111104 0.0498524 0.111755 0.159991
threshold=1.0000000180025095e-35 0.25000000000000011 0.16777371682822187 0 0.14012394724296842 0.054597701149425297 0.68490153172866541 0.050202839756592295 -0.9330127018922193 0.33835026822848241 0.43337287022347554 0.45735294117647063 0.081981068289384729 0.15371047195296364 0.079791135151608045 1.0000000180025095e-35 0.28737119774593961 0.040398918187964851 0.5087527352297595 0.60357403355215189 0.079872892084873665 0.93301270189221952 0.34331797235023048 0.089587559161595678 0.096354166666666671 0.12660325531769998 0.018229166666666668 0.054687500000000007 0.049479166666666671 -0.56174490092936669
decision_type=2 2 2 1 2 2 2 2 2 2 2 2 2 2 2 2 2 2 2 2 2 2 2 2 2 2 2 2 2 2
left_child=1 -1 3 4 5 6 7 17 -7 -6 11 14 13 15 18 16 -5 -2 -4 -20 -17 24 -23 25 27 -10 -27 28 -13 -30
right_child=2 -3 10 12 9 8 -8 -9 23 -11 -12 21 -14 -15 -16 20 -18 -19 19 -21 -22 22 -24 -25 -26 26 -28 -29 29 -31
leaf_value=0 4.3863297023890806e-06 0 0.00084950125450495152 -6.2280116476932097e-05 -0.0001743997980688376 -0.00017992074500547406 -7.5551449406212286e-05 -5.63894206288764e-05 0.00040906069129274206 -2.9390524772423736e-05 0.0020810114073060021 0.00071411745995276338 0.00053819251095141827 -7.5604669360898662e-05 -0.00013421571573483899 0.00013851218878505842 0.00010619498497593104 0.00021493019198632956 -0.00015945656950757512 0.00059321857128714916 0.00051998407615908254 -0.00018889991670601499 0.00061227299450943072 0.00013560313085093329 0.0006040187893083034 2.0835103829115383e-05 0.001245614428933995 0.00081226213004195161 0.00086217134062497138 0.00020533944394178678
leaf_weight=586 35 32 60 21 21 20 38 28 100 29 2123 481 132 32 20 31 35 64 25 38 110 20 36 21 29 20 25 187 20 25
leaf_count=586 35 32 60 21 21 20 38 28 100 29 2123 481 132 32 20 31 35 64 25 38 110 20 36 21 29 20 25 187 20 25
internal_value=-0.00161746 -0.0258835 0.00230214 0.000677165 -6.56932e-05 0.000606836 -0.00063636 0.000401572 0.00170967 -0.0047999 0.00270627 0.00213921 0.00146361 0.000772922 0.000692303 0.00147715 -0.000214282 0.00148483 0.00129267 0.000142855 0.00214892 0.00239849 0.000857128 0.00227709 0.00251482 0.00258619 0.00166663 0.00257924 0.00242965 0.000999978
internal_weight=4444 618 3826 762 401 351 165 127 186 50 3064 941 361 229 143 197 56 99 123 63 141 798 56 166 742 145 45 713 526 45
internal_count=4444 618 3826 762 401 351 165 127 186 50 3064 941 361 229 143 197 56 99 123 63 141 798 56 166 742 145 45 713 526 45
cat_boundaries=0 1
cat_threshold=149
is_linear=0
shrinkage=0.03


Tree=96
num_leaves=31
num_cat=1
split_feature=0 10 6 17 7 0 4 7 5 0 9 7 6 8 7 8 9 7 9 19 17 0 6 16 16 5 4 5 1 7
split_gain=467.559 15.6752 2.84695 1.02537 1.21144 0.610047 0.44367 0.398704 0.597114 0.822899 0.96112 0.38797 0.409925 0.525614 0.312925 0.668572 0.297897 0.264903 0.222843 0.204509 0.45511 0.493027 1.036 0.16437 0.341698 0.15918 0.118321 0.104755 0.0632916 0.153678
threshold=1.0000000180025095e-35 0.25000000000000011 0.16777371682822187 0.31805476456995485 0.05326294979346325 0.43337287022347554 0.018229166666666668 0.017764635875994323 0.050202839756592295 0.30960096628317918 0.64697301239970828 0.026939363447750605 0.14012394724296842 0.063344880755790409 0.097920479806488284 0.15376901510591112 0.8231218088986143 0.016245047390400568 0.2538293216630198 0 0.2666185416354882 0.35371632274308884 0.34331797235023048 21.500000000000004 14.500000000000002 0.041582150101419885 0.013020833333333334 0.06879648411088575 0.044270833333333336 0.13980411543182011
decision_type=2 2 2 2 2 2 2 2 2 2 2 2 2 2 2 2 2 2 2 1 2 2 2 2 2 2 2 2 2 2
left_child=1 -1 3 4 6 14 7 17 26 10 -10 25 13 -13 19 -16 18 -2 -5 20 21 -4 -23 24 -22 -8 -9 -11 29 -7
right_child=2 -3 5 16 -6 28 11 8 9 27 -12 12 -14 -15 15 -17 -18 -19 -20 -21 23 22 -24 -25 -26 -27 -28 -29 -30 -31
leaf_value=0 -3.2602874555523348e-05 0 0.00042255194890319448 3.0172845128220148e-05 -0.00018189581639731168 0.0012989477924837324 1.0534297217365785e-05 0.00028414902104591624 -0.00012352565229404149 0.00088738964448983567 -2.4648450841110953e-05 -5.4676602536815434e-05 -7.7435238356367216e-05 0.000331233645998553 0.0012268186545770238 -5.5464012266334124e-05 -3.2794399484138094e-06 -2.3070496068752043e-05 0.0006232564196715849 0.00066106487301917166 0.0011455344953643712 -0.00020298538206225814 0.00089184129338768447 0.00090432282713771752 -1.7128664727437576e-05 0.00023173019339937253 0.00013528712987609802 2.3583108454392474e-05 0.0023158374969359297 0.00085240093681844238
leaf_weight=586 27 32 41 28 20 313 20 41 27 22 34 36 36 64 23 20 32 20 235 580 71 37 23 108 38 78 22 20 1790 20
leaf_count=586 27 32 41 28 20 313 20 41 27 22 34 36 36 64 23 20 32 20 235 580 71 37 23 108 38 78 22 20 1790 20
internal_value=-0.00167147 -0.0258835 0.00223941 0.000598425 -0.000276231 0.00264752 4.69799e-05 -0.000943657 -0.00025301 -0.00166018 -0.00388518 0.000948714 -8.82345e-05 0.000899991 0.00201169 -0.000488361 0.00198304 -0.00338291 0.00231558 0.0021314 0.00135365 -0.000267324 -0.00199997 0.0021705 0.00134861 0.00238773 0.00204759 0.00157139 0.00292934 0.00254954
internal_weight=4444 618 3826 762 467 3064 447 213 166 103 61 234 136 100 941 43 295 47 263 898 318 101 60 217 109 98 63 42 2123 333
internal_count=4444 618 3826 762 467 3064 447 213 166 103 61 234 136 100 941 43 295 47 263 898 318 101 60 217 109 98 63 42 2123 333
cat_boundaries=0 1
cat_threshold=23
is_linear=0
shrinkage=0.03


Tree=97
num_leaves=31
num_cat=1
split_feature=20 10 6 20 19 6 16 4 20 2 16 5 5 5 6 10 1 6 5 18 9 9 5 13 6 1 1 16 16 10
split_gain=466.257 15.6752 2.98578 0.74384 0.596511 1.28994 1.20324 0.633501 0.655148 1.15655 0.652836 0.549042 0.511677 0.422416 0.7306 0.374258 0.429742 0.249663 0.314348 0.248844 0.306113 0.530105 0.880493 0.20105 0.185935 0.181526 0.296054 0.396102 0.311523 0.30947
threshold=1.0000000180025095e-35 0.25000000000000011 0.16777371682822187 0.43337287022347554 0 0.14012394724296842 15.500000000000002 0.018229166666666668 0.30960096628317918 0.0078125000000000017 11.500000000000002 0.050202839756592295 0.14503042596348886 0.081981068289384729 0.15371047195296364 1.0000000180025095e-35 0.023437500000000003 0.12030373884815329 0.04699121027721434 0.45735294117647063 0.32676878191101399 0.60357403355215189 0.10040567951318459 1.0000000180025095e-35 0.079872892084873665 0.028645833333333336 0.049479166666666671 5.5000000000000009 15.500000000000002 -0.6830127018922193
decision_type=2 2 2 2 1 2 2 2 2 2 2 2 2 2 2 2 2 2 2 2 2 2 2 2 2 2 2 2 2 2
left_child=1 -1 4 12 5 7 -7 8 9 -2 -11 -12 19 14 15 16 -6 18 -9 20 -4 22 -22 25 -17 -21 28 -28 -27 -30
right_child=2 -3 3 -5 13 6 -8 17 -10 10 11 -13 -14 -15 -16 24 -18 -19 -20 23 21 -23 -24 -25 -26 26 27 -29 29 -31
leaf_value=0 0.00024537307707400572 0 0.00082017665308876996 0.0019682536077312925 0.00019766913204921808 -0.000166384781176894 -8.1334155776665158e-05 -3.2414195840269198e-05 0.00035417025665396274 -5.2268348538230979e-05 8.6161205634010759e-05 -0.0001643383108660676 -3.1852664433210687e-05 0.00050334904303272739 -7.2223945889874012e-05 0.00013029820924559277 -5.8771414906519932e-05 0.00031000984507608548 0.00033489927852338555 0.0005134600993673365 0.0003982628676852485 0.00057499177716457169 -0.00019823322679935214 0.00073899902449226841 0.00050441238596760139 0.0004989908451474358 -6.8899351004011344e-05 0.0010455165207432868 -3.7696180744447925e-05 0.00056933917585002603
leaf_weight=586 30 32 42 2123 35 20 30 31 53 21 34 38 21 132 32 31 21 71 73 95 26 45 27 318 110 78 20 147 24 98
leaf_count=586 30 32 42 2123 35 20 30 31 53 21 34 38 21 132 32 31 21 71 73 95 26 45 27 318 110 78 20 147 24 98
internal_value=-0.00170522 -0.0258835 0.00220021 0.00261815 0.000519684 -0.000284671 -0.0047999 0.000350426 -0.000920449 -0.00212193 -0.00377415 -0.00241663 0.00191604 0.00138275 0.000641919 0.00132487 -0.000749986 0.00162856 0.000692301 0.00202174 0.000857137 -6.12238e-05 -0.0020943 0.00223077 0.00214892 0.00183116 0.00152861 0.00246106 0.000749996 -0.00019672
internal_weight=4444 618 3826 3064 762 401 50 351 176 123 93 72 941 361 229 197 56 175 104 920 140 98 53 780 141 462 367 167 200 122
internal_count=4444 618 3826 3064 762 401 50 351 176 123 93 72 941 361 229 197 56 175 104 920 140 98 53 780 141 462 367 167 200 122
cat_boundaries=0 1
cat_threshold=149
is_linear=0
shrinkage=0.03


Tree=98
num_leaves=31
num_cat=0
split_feature=0 16 6 12 17 7 9 0 5 9 4 9 5 7 3 16 8 1 16 12 18 2 0 9 7 3 8 7 9 9
split_gain=465.996 3.74346 2.85701 2.54798 0.814142 0.776687 0.737557 0.562407 0.563892 0.47975 0.369824 0.486816 0.51532 0.498167 0.478093 0.372429 0.328208 0.353068 0.748351 0.31339 0.299669 0.475866 0.392314 0.251632 0.232744 0.222544 0.214178 0.303254 0.37694 0.19806
threshold=1.0000000180025095e-35 29.500000000000004 0.18530465949820793 -1.0000000180025095e-35 0.31907922729980437 0.05468897878109228 0.36725018234865076 0.43337287022347554 0.14503042596348886 0.50474106491611981 0.013020833333333334 0.65134938001458809 0.050202839756592295 0.017230474755673648 0.028645833333333336 4.5000000000000009 0.10133922723468335 0.028645833333333336 26.500000000000004 1.0000000180025095e-35 0.4485294117647059 0.080729166666666671 0.40828280007853196 0.8231218088986143 0.024356284575033051 0.018229166666666668 0.071778949822086865 0.030929648754824384 0.64697301239970828 0.15681983953318746
decision_type=2 2 2 2 2 2 2 2 2 2 2 2 2 2 2 2 2 2 2 2 2 2 2 2 2 2 2 2 2 2
left_child=1 -1 4 -3 5 10 -5 8 20 -8 11 12 13 -2 -14 24 17 26 -19 -20 22 -22 -4 29 -12 -13 27 -17 -29 -6
right_child=2 3 7 6 23 -7 9 -9 -10 -11 15 25 14 -15 -16 16 -18 18 19 -21 21 -23 -24 -25 -26 -27 -28 28 -30 -31
leaf_value=0 -1.4733546163934692e-05 0 -7.6498563218597477e-05 0 1.6671566574061576e-05 -0.00014578311063536965 0 0.0019176076827260233 -3.2618439055657335e-05 0 3.2021239299187738e-06 0.00027150892345762602 -9.7471410684795974e-05 0.00022798836189687899 -2.7566063160805813e-05 0.00023357573284599824 -6.8287956183514344e-05 0.00068514382604074604 -0.00024380361199633646 0.00023792779637115774 0.00071469675824464862 -0.00014427677931316189 0.00098955341265293006 1.4590929653143649e-05 -1.3517210497707685e-05 9.2534150521803106e-06 0.00060705826532540873 -0.0001841788337688078 0.00025803216778811868 0.00058225917468525195
leaf_weight=503 24 41 37 24 27 26 20 2119 20 30 22 28 22 22 20 81 22 34 21 25 713 25 25 33 21 33 98 23 25 280
leaf_count=503 24 41 37 24 27 26 20 2119 20 30 22 28 22 22 20 81 22 34 21 25 713 25 25 33 21 33 98 23 25 280
internal_value=-0.00171197 -0.0258835 0.00219237 -0.0209998 0.000700112 -1.64532e-05 -0.0176754 0.00264273 0.00197561 -0.0155997 0.000236084 -0.00102684 -0.00245452 -0.000260864 -0.00485703 0.000741934 0.0010851 0.00133876 -0.000374995 -0.0028695 0.0021 0.00226829 9.67727e-05 0.00185294 -0.00188368 0.00103277 0.00194272 0.00113953 -0.000749984 0.00212051
internal_weight=4444 618 3826 115 887 547 74 2939 820 50 521 149 88 46 42 372 329 307 80 46 800 738 62 340 43 61 227 129 48 307
internal_count=4444 618 3826 115 887 547 74 2939 820 50 521 149 88 46 42 372 329 307 80 46 800 738 62 340 43 61 227 129 48 307
is_linear=0
shrinkage=0.03


Tree=99
num_leaves=31
num_cat=1
split_feature=0 10 0 19 7 4 0 7 2 9 7 12 6 8 6 8 10 6 8 7 13 4 8 10 9 8 9 1 16 3
split_gain=465.736 15.6752 2.75906 1.21359 0.863139 0.446165 0.865082 1.09577 0.56139 0.48183 0.475932 0.461756 0.695405 0.557683 0.4093 0.684019 0.350158 0.320229 0.322619 0.70894 0.803846 0.397561 0.315338 0.359995 0.574339 0.253252 0.199994 0.175288 0.134534 0.295556
threshold=1.0000000180025095e-35 0.25000000000000011 0.4201331308126896 0 0.086724821097632201 0.018229166666666668 0.32838837274029392 0.041549441262021473 0.0078125000000000017 0.59117432530999292 0.019049006574753637 1.0000000180025095e-35 0.25399650405212143 0.16016043406048669 0.19549411162314392 0.080994490627458365 0.25000000000000011 0.18530465949820793 0.092976158837091025 0.056469554395762851 1.0000000180025095e-35 0.028645833333333336 0.070280936010108666 0.25000000000000011 0.55725747629467559 0.063344880755790409 0.52808169219547796 0.044270833333333336 5.5000000000000009 0.049479166666666671
decision_type=2 2 2 1 2 2 2 2 2 2 2 2 2 2 2 2 2 2 2 2 2 2 2 2 2 2 2 2 2 2
left_child=1 -1 3 4 5 6 7 8 -2 -10 -11 25 14 -14 15 16 -13 18 22 20 21 -20 23 24 -5 -7 -25 28 29 -4
right_child=2 -3 27 17 -6 11 -8 -9 9 10 -12 12 13 -15 -16 -17 -18 -19 19 -21 -22 -23 -24 26 -26 -27 -28 -29 -30 -31
leaf_value=0 0.00028665489001321976 0 -5.5905785121908378e-05 0.00073181369050466234 -0.00020780008862205634 -1.6018037564185047e-05 0.0003094666353382938 -0.00012941026500288904 -6.8306091381533342e-05 -4.3887540870518283e-05 0.00011610864745425767 0.00031041309745468934 -0.00010072257643695197 0.0001040504931132855 0.001085635042644837 -0.00010441828008320464 -2.9469473859256648e-05 0.00068486005477750049 -6.8837783029984824e-05 0.0006435384113646764 0.00071566639624685358 -0.00028106655939718375 0.00039736264983517651 0.00011984883737462474 -9.7084968300793328e-05 0.00049607022151451066 0.00057257787596904719 0.0018664196346527399 0.0010273724675780324 0.00098752467276054068
leaf_weight=586 25 32 28 21 20 22 65 21 29 20 46 39 21 20 51 23 27 391 32 50 34 21 218 30 39 177 60 1913 353 30
leaf_count=586 25 32 28 21 20 22 65 21 29 20 46 39 21 20 51 23 27 391 32 50 34 21 218 30 39 177 60 1913 353 30
internal_value=-0.00171872 -0.0258835 0.00218453 0.00118242 0.000126623 0.000337883 -0.000786404 -0.00210637 -0.000999992 -0.00205261 -0.000636354 0.000947366 -0.00014917 -0.00358528 0.000857137 -0.000370782 0.0011818 0.00187417 0.00139604 0.000153284 -0.00148274 -0.00379238 0.00185869 0.000799995 -0.000999983 0.00194471 0.00199998 0.00283218 0.00227007 0.000931019
internal_weight=4444 618 3826 1502 606 586 206 141 120 95 66 380 181 41 140 89 66 896 505 137 87 53 368 150 60 199 90 2324 411 58
internal_count=4444 618 3826 1502 606 586 206 141 120 95 66 380 181 41 140 89 66 896 505 137 87 53 368 150 60 199 90 2324 411 58
cat_boundaries=0 1
cat_threshold=21
is_linear=0
shrinkage=0.03


Tree=100
num_leaves=31
num_cat=1
split_feature=0 10 0 19 7 0 7 8 8 8 6 8 0 2 9 9 9 9 1 13 0 11 10 16 6 8 6 1 8 8
split_gain=462.661 14.3327 2.63867 0.566858 0.784211 0.531115 0.614965 0.709627 0.421122 1.04237 1.52724 0.954053 0.400062 0.364398 0.448638 0.297553 0.288979 0.393635 0.42031 0.230476 0.206575 0.348676 0.203665 0.183173 0.300468 0.156954 0.47998 0.131572 0.12138 0.128299
threshold=1.0000000180025095e-35 0.25000000000000011 0.3696574416718979 0 0.069517593745565695 0.43918682946971144 0.097920479806488284 0.15242185369161029 0.073789822300234162 0.10494867527518857 0.13630791582483945 0.078811545216678311 0.2426380079608694 0.080729166666666671 0.5948212983223925 0.23450036469730126 0.51677607585703877 0.57148067104303446 0.023437500000000003 1.0000000180025095e-35 0.30125126276370612 -0.9330127018922193 0.68301270189221941 6.5000000000000009 0.17067149440421334 0.09958636803033781 0.17067149440421334 0.023437500000000003 0.073789822300234162 0.1117864860989408
decision_type=2 2 2 1 2 2 2 2 2 2 2 2 2 2 2 2 2 2 2 2 2 2 2 2 2 2 2 2 2 2
left_child=1 -1 3 4 8 6 13 -8 12 10 11 -10 -2 28 -15 -5 -17 18 19 -18 21 -14 -23 24 -19 -25 -27 -11 -4 -30
right_child=2 -3 5 15 -6 -7 7 -9 9 27 -12 -13 20 14 -16 16 17 23 -20 -21 -22 22 -24 25 -26 26 -28 -29 29 -31
leaf_value=0 -1.6415758487371948e-05 0 8.6798715818419694e-05 -0.00011841236099419088 -0.00025807709614112116 0.0019427024177884515 0.00096602602096876485 -7.1044144800848212e-05 -5.8136765348956398e-05 5.8907296521505968e-05 -0.00019824160910780257 0.00022999174432657878 -0.0001264631054886598 -0.00014309070282537376 0.0012719365505222883 0.00055234309357069032 0.00018495873660414981 -1.5530761418512952e-05 -0.00028673880823667288 -1.044543645870652e-05 0.00037622314809018553 0.0004532780996238994 7.3350629026801425e-05 0.00056080472499627962 0.00036164392829380097 -9.6592743354611047e-05 0.00046934194660797421 0.00051487334449749433 0.00076593603212277552 0.00065857433861453971
leaf_weight=579 39 32 21 26 26 2008 21 29 20 36 28 49 22 34 25 113 21 32 20 20 71 52 43 180 20 20 30 40 325 445
leaf_count=579 39 32 21 26 26 2008 21 29 20 36 28 49 22 34 25 113 21 32 20 20 71 52 43 180 20 20 30 40 325 445
internal_value=-0.00168263 -0.0259198 0.00219811 0.000786343 -2.75228e-05 0.00263893 0.00203333 -0.00119998 0.000299999 -0.000815024 -0.00287626 -0.000478254 0.00114977 0.00222353 -5.08465e-05 0.00147561 0.00168421 0.00125073 -0.000934411 0.000804859 0.0017234 0.00094871 0.00173682 0.0017234 0.000115383 0.00208695 0.000599988 0.00181577 0.00239317 0.00245454
internal_weight=4427 611 3816 908 426 2908 900 50 400 173 97 69 227 850 59 482 456 343 61 41 188 117 95 282 52 230 50 76 791 770
internal_count=4427 611 3816 908 426 2908 900 50 400 173 97 69 227 850 59 482 456 343 61 41 188 117 95 282 52 230 50 76 791 770
cat_boundaries=0 1
cat_threshold=21
is_linear=0
shrinkage=0.03


Tree=101
num_leaves=31
num_cat=1
split_feature=0 10 0 19 1 3 5 16 9 5 12 9 9 17 16 0 2 5 10 16 10 0 16 2 12 18 0 17 4 12
split_gain=462.144 14.3327 2.39605 0.900389 0.365832 0.365315 0.748059 0.501014 1.03043 0.464398 0.533496 0.634881 0.534583 0.347056 0.31553 0.33542 0.667029 0.297119 0.317841 0.914242 0.284359 0.270415 0.373216 1.02987 0.267435 0.256462 0.425478 0.222344 0.38417 0.255469
threshold=1.0000000180025095e-35 0.25000000000000011 0.40915544381338381 0 0.039062500000000007 0.018229166666666668 0.053346855983772826 8.5000000000000018 0.62472647702407025 0.0764029749830967 1.0000000180025095e-35 0.52224653537563837 0.52224653537563837 0.30313927794846524 4.5000000000000009 0.37258187964270556 0.028645833333333336 0.081981068289384729 -0.6830127018922193 20.500000000000004 -0.6830127018922193 0.45956809332532095 5.5000000000000009 0.059895833333333336 0.87837969732492682 0.48088235294117648 0.25848548626356976 0.3003467789975322 0.013020833333333334 -0.8783796973249266
decision_type=2 2 2 1 2 2 2 2 2 2 2 2 2 2 2 2 2 2 2 2 2 2 2 2 2 2 2 2 2 2
left_child=1 -1 3 4 5 13 7 -7 -9 -8 12 -12 20 -2 15 16 -5 18 19 -16 -11 22 23 -4 -6 26 -15 28 -20 -30
right_child=2 -3 21 14 24 6 9 8 -10 10 11 -13 -14 25 17 -17 -18 -19 27 -21 -22 -23 -24 -25 -26 -27 -28 -29 29 -31
leaf_value=0 0.0001068403590197517 0 0.00054808026999886316 0.0001564205834718476 0.00062027667112624584 8.0550813112757484e-05 0.00020168355873679229 -0.00013014785862612308 -1.5187604876955315e-05 0.0006235348708098161 9.8933901776034321e-05 -0.00013880089737121758 0.00050850205904208782 -2.7952420505234585e-05 0.00030238919209492527 0.00059782625584383394 -9.2583281694091248e-05 0.0005763518269346874 -4.9438506479610039e-05 -0.00012285583717489806 -0.00042302382058329095 0.0023405935268374094 0.00075525171621031422 -0.00018361647781355456 8.2021950197182919e-05 -0.00016932774557150727 0.00017103054289698485 0.00041973493444804835 -2.5336801060927185e-05 0.00032353706183174615
leaf_weight=579 70 32 75 24 82 27 80 20 22 23 21 24 38 20 24 37 21 412 20 21 20 1724 631 22 22 34 62 137 20 83
leaf_count=579 70 32 75 24 82 27 80 20 22 23 21 24 38 20 24 37 21 412 20 21 20 1724 631 22 22 34 62 137 20 83
internal_value=-0.00169618 -0.0259198 0.00218239 0.00117449 0.000234782 -0.000123644 -0.000818179 -0.00352169 -0.0055713 8.73783e-05 -0.00104761 -0.00366658 0.000407402 0.000903221 0.00181335 7.31699e-05 -0.00166663 0.00203765 0.00132786 -0.000999978 -0.00188368 0.00274307 0.00225824 0.000525768 0.00184614 -0.000103447 0.000804868 0.00173076 0.000804872 0.00154367
internal_weight=4427 611 3816 1364 565 461 275 69 42 206 126 45 81 186 799 82 45 717 305 45 43 2452 728 97 104 116 82 260 123 103
internal_count=4427 611 3816 1364 565 461 275 69 42 206 126 45 81 186 799 82 45 717 305 45 43 2452 728 97 104 116 82 260 123 103
cat_boundaries=0 1
cat_threshold=21
is_linear=0
shrinkage=0.03


Tree=102
num_leaves=31
num_cat=2
split_feature=0 10 0 19 7 0 19 9 6 4 7 9 8 6 17 3 7 10 17 9 9 7 8 6 18 10 12 12 18 0
split_gain=461.11 14.3327 2.60581 0.681548 0.602104 0.556745 0.57314 0.769297 1.30121 2.38671 0.51913 0.476104 0.435127 1.75567 0.372722 0.633537 0.357232 0.344505 0.291394 0.272643 0.277726 0.238251 0.248324 0.807909 0.842923 0.251997 0.586933 0.188164 0.292333 0.189069
threshold=1.0000000180025095e-35 0.25000000000000011 0.37510248215901731 0 0.069517593745565695 0.45956809332532095 1 0.59117432530999292 0.25399650405212143 0.070312500000000014 0.017764635875994323 0.15681983953318746 0.11389472806119225 0.14199904655966952 0.29848523529912357 0.018229166666666668 0.12106829783344576 -0.6830127018922193 0.30383011593121384 0.51677607585703877 0.52808169219547796 0.046424089779448369 0.089560300767560053 0.17479739392976326 0.47205882352941181 1.0000000180025095e-35 -1.0000000180025095e-35 1.0000000180025095e-35 0.48382352941176471 0.29001749062968413
decision_type=2 2 2 1 2 2 1 2 2 2 2 2 2 2 2 2 2 2 2 2 2 2 2 2 2 2 2 2 2 2
left_child=1 -1 3 4 10 6 7 8 17 -10 18 -5 13 14 15 -12 -8 -4 -2 -13 -21 22 25 24 -24 26 -22 -16 29 -29
right_child=2 -3 5 11 -6 -7 16 -9 9 -11 12 19 -14 -15 27 -17 -18 -19 -20 20 21 -23 23 -25 -26 -27 -28 28 -30 -31
leaf_value=0 -2.4821847090283069e-05 0 -7.2947753806984448e-05 -0.00010710334763321896 -0.00019820566564141248 0.0022703757210322871 0.00067065287264962583 0.000874806446305439 -0.00037284328941555449 0.00048591376758330083 0.00017008959104837436 0.00052105485837232858 0.00026589391736831517 -3.6611453757073262e-05 0.00037228706124418638 -4.306352808087117e-05 -2.2452927889752214e-05 0.0006614519743705072 6.3052780696135199e-05 -3.2452447383102258e-05 -6.4616802131955807e-05 0.00061912912150723293 -6.9523918142925706e-05 0.00033237576419676732 0.00014270277284157392 0.00035309863272434778 0.00025142085216429955 -3.5837062669375797e-06 -9.5349677655596525e-05 0.00024160927375719567
leaf_weight=579 27 32 38 29 29 1724 753 182 26 27 31 124 77 31 102 35 21 72 20 26 23 83 20 39 26 125 27 28 31 40
leaf_count=579 27 32 38 29 29 1724 753 182 26 27 31 124 77 31 102 35 21 72 20 26 23 83 20 39 26 125 27 28 31 40
internal_value=-0.00172329 -0.0259198 0.00215094 0.000810893 -5.85681e-05 0.00260957 0.00208847 0.000971828 -0.000496929 -0.00435841 0.000227488 0.00153383 0.000599998 8.05368e-05 0.000865165 -0.00109089 0.00254081 0.00136362 -0.00274462 0.00178296 0.00137398 0.00160058 0.00115384 -0.000176468 -0.0028695 0.00179999 1.11756e-10 0.00150746 0.000575752 0.00167645
internal_weight=4427 611 3816 973 451 2843 1119 345 163 53 422 522 375 298 267 66 774 110 47 493 369 343 260 85 46 175 50 201 99 68
internal_count=4427 611 3816 973 451 2843 1119 345 163 53 422 522 375 298 267 66 774 110 47 493 369 343 260 85 46 175 50 201 99 68
cat_boundaries=0 1 2
cat_threshold=21 147
is_linear=0
shrinkage=0.03


Tree=103
num_leaves=31
num_cat=1
split_feature=0 10 0 19 8 5 16 9 6 17 0 6 3 9 16 7 0 16 8 9 8 17 10 7 5 8 17 10 7 5
split_gain=460.078 14.3327 2.86867 1.02098 0.459721 0.738908 0.997563 0.604654 0.610628 1.01334 0.567442 0.508693 0.523486 0.445638 0.3968 0.526993 0.391524 0.416322 0.444018 1.33879 0.363613 0.289207 0.296693 0.306455 0.225515 0.497555 0.876962 0.253256 0.205557 0.142221
threshold=1.0000000180025095e-35 0.25000000000000011 0.39789993807232954 0 0.073789822300234162 0.053346855983772826 8.5000000000000018 0.13785557986870897 0.24322262831717786 0.23261850055314445 0.2426380079608694 0.19549411162314392 0.028645833333333336 0.8231218088986143 4.5000000000000009 0.043866641571054833 0.45956809332532095 5.5000000000000009 0.12628659435416911 0.29431072210065656 0.089560300767560053 0.3106250678592285 1.0000000180025095e-35 0.028908273699210747 0.081981068289384729 0.092976158837091025 0.28622068848139121 -0.5 0.12106829783344576 0.037187288708586889
decision_type=2 2 2 1 2 2 2 2 2 2 2 2 2 2 2 2 2 2 2 2 2 2 2 2 2 2 2 2 2 2
left_child=1 -1 3 4 10 6 -6 -7 11 -10 -2 12 13 -9 15 20 17 18 -4 -20 -5 22 -12 -24 25 27 -27 -16 -19 -29
right_child=2 -3 16 14 5 7 -8 8 9 -11 21 -13 -14 -15 24 -17 -18 28 19 -21 -22 -23 23 -25 -26 26 -28 29 -30 -31
leaf_value=0 -1.7595154713424513e-05 0 0.00078311736907632837 4.7764764506879886e-05 0.00010187968657487926 -7.8903212317885305e-05 -8.8702935695463242e-05 0.00027054424026054757 0.00031917707641587956 -0.00035923773933890058 0.00018013614333932751 0.0009624215145583602 -7.9812368695823032e-05 -0.00014222665726209755 1.1939576587994632e-05 0.0010672628071360969 0.0022022644494013189 0.0007385735016867829 0.00028020013368890476 -0.0001963037908934306 -8.2111575277462318e-05 0.00034196026083101817 0.00012257010548726783 -0.00019767165610414588 0.00051556358123237345 0.00027526727560206812 -0.00020630518720702587 7.6215789874576242e-05 0.00036213161218314258 0.00041831706226708333
leaf_weight=579 39 32 57 22 23 23 27 41 26 29 27 76 26 23 36 25 1724 710 40 25 22 100 41 23 332 44 25 20 30 180
leaf_count=579 39 32 57 22 23 23 27 41 26 29 27 76 26 23 36 25 1724 710 40 25 22 100 41 23 332 44 25 20 30 180
internal_value=-0.00175039 -0.0259198 0.0021195 0.000926829 -8.98874e-05 -0.000877548 -0.00419992 -0.00019672 0.000285067 -0.0024545 0.00091304 0.00119276 -0.00033333 0.00112498 0.00165922 -0.000478254 0.00268677 0.00216473 0.000540979 -0.00115383 -0.00245449 0.00158638 0.000362633 -0.000749988 0.00191679 0.00132786 -0.00091303 0.00198304 0.00243243 0.00239999
internal_weight=4427 611 3816 1230 524 294 50 244 221 55 230 166 90 64 706 69 2586 862 122 65 44 191 91 64 637 305 69 236 740 200
internal_count=4427 611 3816 1230 524 294 50 244 221 55 230 166 90 64 706 69 2586 862 122 65 44 191 91 64 637 305 69 236 740 200
cat_boundaries=0 1
cat_threshold=21
is_linear=0
shrinkage=0.03


Tree=104
num_leaves=31
num_cat=2
split_feature=0 10 0 0 11 19 4 6 9 6 8 6 0 17 0 1 19 0 1 1 8 10 6 18 0 7 16 2 11 17
split_gain=459.304 14.3327 3.00987 0.683239 0.640633 0.596414 0.54585 1.11302 2.45083 0.470772 1.2382 0.876852 0.590026 0.694797 0.957293 0.637547 0.568746 0.459159 0.446684 0.437977 0.404078 0.39992 0.387291 0.879459 0.359978 0.332852 0.282636 1.29149 0.235641 0.224983
threshold=1.0000000180025095e-35 0.25000000000000011 0.3696574416718979 0.45956809332532095 -0.68301270189221952 0 0.065104166666666671 0.27788018433179729 0.64004376367614901 0.179961862386779 0.089560300767560053 0.25852534562211987 0.25116988365912574 0.3003467789975322 0.30125126276370612 0.033854166666666671 1 0.2426380079608694 0.018229166666666668 0.0078125000000000017 0.073250994533297364 -0.6830127018922193 0.13449864929286512 0.47500000000000003 0.26844738175175836 0.12106829783344576 5.5000000000000009 0.059895833333333336 -0.9330127018922193 0.3106250678592285
decision_type=2 2 2 2 2 1 2 2 2 2 2 2 2 2 2 2 1 2 2 2 2 2 2 2 2 2 2 2 2 2
left_child=1 -1 4 5 19 6 7 21 -9 10 16 -11 -12 14 24 18 17 -6 -15 -2 -19 -4 -18 -24 -14 26 27 -7 -23 -22
right_child=2 -3 3 -5 9 25 -8 8 -10 11 12 -13 13 15 -16 -17 22 20 -20 -21 29 28 23 -25 -26 -27 -28 -29 -30 -31
leaf_value=0 -0.00014875256374737169 0 -3.8278155722695706e-05 0.0021361965159192799 -2.2608191620805836e-05 0.00062122516440382539 0.00068066404400907794 -0.00043695608665956674 0.00057083918994962272 0.00060833579396823924 0.0002395945950641051 -0.00032144896943484073 -9.594971004076952e-05 0.00021468398289088052 -0.00025870897541178158 0.00080797473633638383 0.00026978888045974756 0.0001062644788335085 -0.00017638130790070477 0.00034806793617602133 9.2796062325723816e-05 0.00016781428828633083 -1.1966680296575659e-05 0.00062739999927800556 9.0930105785046316e-05 -3.2643288380148502e-05 0.00067066763975105455 -0.00019397896076962267 0.00074458932474702184 -6.9219472278544684e-05
leaf_weight=579 23 32 41 1724 35 92 79 20 34 96 24 23 25 20 22 22 140 64 23 266 20 24 30 35 20 21 731 21 121 20
leaf_count=579 23 32 41 1724 35 92 79 20 34 96 24 23 25 20 22 22 140 64 23 266 20 24 30 35 20 21 731 21 121 20
internal_value=-0.00177072 -0.0259198 0.00209591 0.00256671 0.000588105 0.00201182 0.000811548 0.000125 -0.0036666 4.36188e-05 -0.000359999 0.00173948 -0.00257691 -0.00336361 -0.00550738 -0.00115383 0.000645347 -0.000825498 -0.00327899 0.00175432 0.000115384 0.0012258 0.00160464 -0.000230766 -0.00299993 0.00241714 0.00253791 0.00114158 0.0019655 -0.00224994
internal_weight=4427 611 3816 2908 908 1184 319 240 54 619 500 119 156 132 67 65 344 139 43 289 104 186 205 65 45 865 844 113 145 40
internal_count=4427 611 3816 2908 908 1184 319 240 54 619 500 119 156 132 67 65 344 139 43 289 104 186 205 65 45 865 844 113 145 40
cat_boundaries=0 1 2
cat_threshold=145 513
is_linear=0
shrinkage=0.03


Tree=105
num_leaves=31
num_cat=0
split_feature=20 10 20 16 2 20 6 6 17 4 3 12 20 11 12 12 18 9 9 16 17 6 2 11 9 9 4 6 6 18
split_gain=453.37 18.5132 4.41837 0.954418 0.885383 0.74286 0.636012 0.986644 0.631116 0.891598 0.911154 0.624997 0.623864 0.670625 0.513428 0.391828 0.385145 0.432997 0.955735 0.357815 0.428965 0.330231 0.28458 0.248216 0.268351 0.378206 0.429605 0.245337 0.218889 0.215186
threshold=1.0000000180025095e-35 0.25000000000000011 0.37409980390052772 4.5000000000000009 0.028645833333333336 0.44927585088026639 0.16777371682822187 0.14012394724296842 0.30539954046464141 0.018229166666666668 0.018229166666666668 -0.8783796973249266 0.32020333923914573 -0.24999999999999994 1.0000000180025095e-35 -1.0000000180025095e-35 0.45735294117647063 0.29431072210065656 0.59992706053975209 28.500000000000004 0.29725129776189269 0.26682027649769591 0.080729166666666671 -0.9330127018922193 0.78264040846097749 0.47191830780452232 0.0078125000000000017 0.12981090100111239 0.25399650405212143 0.48382352941176471
decision_type=2 2 2 2 2 2 2 2 2 2 2 2 2 2 2 2 2 2 2 2 2 2 2 2 2 2 2 2 2 2
left_child=1 -1 3 4 15 16 7 8 9 10 -5 -9 -13 -14 -12 -2 17 -4 21 -11 -21 -19 -18 -10 25 26 -25 -17 -8 -26
right_child=2 -3 5 6 -6 -7 28 11 23 19 14 12 13 -15 -16 27 22 18 -20 20 -22 -23 -24 24 29 -27 -28 -29 -30 -31
leaf_value=0 0.00010512219788800131 0 0.00081430176484027078 0.00010346554865803242 -6.096532242632675e-05 0.0018930218858467928 0.00047126881081717881 -0.00030317138225635881 -0.00010462059316502541 0.00023828550057483766 -0.00016418381504961616 0.00011763475118304051 2.6217895614607305e-05 -0.00010317010046800578 -3.1862505363030029e-05 -4.2349354059384036e-05 0.00050582579554185397 -3.7129807892759564e-05 0.00083396080627649773 -6.0908291372899746e-05 0.00029913732426335043 -0.00023220103272523921 -9.084680299724551e-05 -0.00013757962430826226 0.00016790590556003488 0.00040694833097021762 0.00051673517236697577 0.00017685323076920421 1.6748917184379562e-05 -0.00014396011976047934
leaf_weight=582 20 32 43 42 35 1871 183 25 29 49 22 41 24 33 21 20 840 21 57 30 31 22 21 26 23 179 21 21 38 22
leaf_count=582 20 32 43 42 35 1871 183 25 29 49 22 41 24 33 21 20 840 21 57 30 31 22 21 26 23 179 21 21 38 22
internal_value=-0.00185533 -0.0257785 0.002 0.000208556 -0.00262497 0.00258261 0.000532777 3.8835e-05 0.000636362 -0.000692304 -0.00299996 -0.00236583 -0.0012857 -0.00331573 -0.00606963 -0.000442616 0.0019243 0.000482514 -0.000599994 0.0010909 -0.000442616 -0.00397665 0.00216376 0.0015 0.00178228 0.00220353 -0.000191485 -0.0021219 0.00191402 -0.000333326
internal_weight=4424 614 3810 935 96 2875 839 618 495 195 85 123 98 57 43 61 1004 143 100 110 61 43 861 300 271 226 47 41 221 45
internal_count=4424 614 3810 935 96 2875 839 618 495 195 85 123 98 57 43 61 1004 143 100 110 61 43 861 300 271 226 47 41 221 45
is_linear=0
shrinkage=0.03


Tree=106
num_leaves=31
num_cat=2
split_feature=0 16 0 13 5 9 1 9 2 1 13 19 6 7 7 8 7 13 5 3 2 8 6 6 7 7 1 2 19 7
split_gain=452.856 4.14682 4.06686 2.95093 0.841748 0.731219 0.580215 1.05254 0.570724 0.515694 0.471533 0.695613 0.425086 0.42324 0.578516 0.586955 0.419286 0.338992 0.322373 0.338051 0.382263 0.316199 0.567395 0.294234 0.247848 0.435195 0.496227 0.383056 0.317926 0.297537
threshold=1.0000000180025095e-35 29.500000000000004 0.42795921805502896 -0.22252093395631442 0.050912778904665321 0.39897884755652818 0.044270833333333336 0.13785557986870897 0.091145833333333343 0.018229166666666668 -0.56174490092936669 0 0.12324805339265853 0.052430665001144454 0.042465602066792146 0.070280936010108666 0.097920479806488284 -0.22252093395631442 0.043610547667342806 0.018229166666666668 0.013020833333333334 0.092439340042364718 0.18822324628776246 0.26958525345622125 0.030210256171992824 0.035560207127244885 0.018229166666666668 0.033854166666666671 1 0.067795911274033463
decision_type=2 2 2 2 2 2 2 2 2 2 2 1 2 2 2 2 2 2 2 2 2 2 2 2 2 2 2 2 1 2
left_child=1 -1 4 -3 9 -5 8 -8 10 18 11 13 17 14 15 -6 24 -11 19 20 -2 -13 -23 -24 -12 26 -26 -28 -27 -30
right_child=2 3 -4 5 6 -7 7 -9 -10 12 16 21 -14 -15 -16 -17 -18 -19 -20 -21 -22 22 23 -25 25 28 27 -29 29 -31
leaf_value=0 9.0142219397330902e-05 0 0.0014206121181103636 0 -0.00016216082718582909 0 -0.00016085374621788945 0.00074218122667002527 -7.6481008126556735e-05 0.00014743420063446772 0.00043087010055660354 0.00054040859521337135 -6.7253157533015429e-05 0.00023339431583001811 -0.00028535526859667766 0.00010886486397699427 -8.1984736767166841e-05 -9.4215331850073142e-05 0.00019310286179359868 -4.1398080748866976e-05 -2.1231893392997339e-06 -0.0001776583627282986 0.00044225394864267042 -1.6733505254953849e-05 -5.4732663151707481e-05 0.00053448382269537232 0.00028058110851607928 -3.5680483584296519e-05 0.00019837952411826321 -1.8887953562805496e-05
leaf_weight=493 36 44 2200 33 25 44 37 343 21 22 135 56 23 31 20 45 20 40 83 26 27 28 46 21 24 121 41 21 268 50
leaf_count=493 36 44 2200 33 25 44 37 343 21 22 135 56 23 31 20 45 20 40 83 26 27 28 46 21 24 121 41 21 268 50
internal_value=-0.0018689 -0.0257785 0.00198425 -0.0208015 0.000838509 -0.0172595 0.00113747 0.00213157 0.000749229 -0.000735406 0.000857142 -0.000198529 -0.00264703 -0.00180915 -0.00299997 -0.00171426 0.00127941 -0.00135482 0.000209301 -0.00104493 0.000142855 0.00113664 0.000157893 0.00165669 0.00140909 0.00111428 -0.000837199 0.000580636 0.00149658 0.000896339
internal_weight=4424 614 3810 121 1610 77 1353 380 973 257 952 272 85 121 90 70 680 62 172 89 63 151 95 67 660 525 86 62 439 318
internal_count=4424 614 3810 121 1610 77 1353 380 973 257 952 272 85 121 90 70 680 62 172 89 63 151 95 67 660 525 86 62 439 318
cat_boundaries=0 1 2
cat_threshold=561 584
is_linear=0
shrinkage=0.03


Tree=107
num_leaves=31
num_cat=1
split_feature=0 10 0 0 16 2 6 6 5 5 9 19 8 6 6 16 13 9 9 12 8 17 17 9 17 6 2 6 6 6
split_gain=451.06 18.5132 4.70644 0.902633 0.869917 0.885383 0.774549 0.885389 0.724685 0.762052 0.640175 0.599046 1.13705 1.20057 0.609494 0.419028 0.412072 0.394076 0.558437 0.391828 0.376138 1.64035 0.31552 0.476179 0.382828 0.245337 0.231933 0.276306 0.460531 0.218889
threshold=1.0000000180025095e-35 0.25000000000000011 0.37409980390052772 0.44927585088026639 4.5000000000000009 0.028645833333333336 0.16777371682822187 0.12324805339265853 0.040398918187964851 0.037187288708586889 0.27169948942377831 0 0.073250994533297364 0.12981090100111239 0.14668679485142225 19.500000000000004 -0.22252093395631442 0.57148067104303446 0.51677607585703877 -1.0000000180025095e-35 0.1966496734981962 0.22423623521402439 0.30810143817547447 0.57330415754923425 0.30313927794846524 0.12981090100111239 0.075520833333333343 0.28801843317972359 0.24557444779914192 0.25399650405212143
decision_type=2 2 2 2 2 2 2 2 2 2 2 1 2 2 2 2 2 2 2 2 2 2 2 2 2 2 2 2 2 2
left_child=1 -1 4 20 5 19 7 8 9 16 -9 17 -13 -14 15 -15 -6 18 -12 -2 26 -22 23 -10 -25 -21 -4 28 -28 -8
right_child=2 -3 3 -5 6 -7 29 10 22 -11 11 12 13 14 -16 -17 -18 -19 -20 25 21 -23 -24 24 -26 -27 27 -29 -30 -31
leaf_value=0 0.0001050542644874098 0 0.00049754108003348526 0.0017936128657280791 0.00020672328056706724 -5.6653006308146735e-05 0.0004453498531097746 -0.00015637818508894454 0.00048204483631503382 -5.3615244751422262e-05 0.00047323000635218787 0.0010190985448456655 -8.527669746291151e-05 -0.00015849368266957129 -9.5331730409970299e-05 0.00076663739233232746 -2.6085354041424116e-05 0.00046741927844311471 -4.6644418402679632e-05 -4.6734953346722573e-05 0.00067142862443356482 -0.00015141859609712799 0.00029792200373843691 0.00014283671969751537 -0.00017571084012145183 0.00016313020069055507 0.00091489161822213086 0.001425737169050696 -0.00013358736750161067 5.3434128014352654e-06
leaf_weight=582 20 32 817 1871 24 35 183 27 35 22 26 26 23 20 28 22 28 56 24 20 78 25 187 39 31 21 29 27 28 38
leaf_count=582 20 32 817 1871 24 35 183 27 35 22 26 26 23 20 28 22 28 56 24 20 78 25 187 39 31 21 29 27 28 38
internal_value=-0.00191636 -0.0257785 0.00192913 0.00253043 8.02139e-05 -0.00262497 0.000389749 -0.000155339 0.000786883 -0.00186484 -0.0015238 -0.000999995 -0.00234882 -0.00409673 -0.00214283 0.000142854 0.000115383 0.000672408 -0.00119998 -0.000442616 0.00180478 8.73779e-05 0.0014589 0.000142856 -0.0012857 -0.0021219 0.00200111 0.000499994 -0.000684198 0.00191402
internal_weight=4424 614 3810 2875 935 96 839 618 366 74 252 225 119 93 70 42 52 106 50 61 1004 103 292 105 70 41 901 84 57 221
internal_count=4424 614 3810 2875 935 96 839 618 366 74 252 225 119 93 70 42 52 106 50 61 1004 103 292 105 70 41 901 84 57 221
cat_boundaries=0 1
cat_threshold=802
is_linear=0
shrinkage=0.03


Tree=108
num_leaves=31
num_cat=0
split_feature=0 16 0 13 0 9 16 6 8 0 7 7 5 13 2 8 7 6 18 2 11 6 0 8 7 0 3 5 0 12
split_gain=451.572 4.14682 3.84954 2.95093 0.873373 0.731219 0.614002 0.636012 1.0449 1.07512 1.0233 0.583653 0.495164 0.866672 0.450877 0.559447 0.44314 1.02855 0.422837 0.567352 0.382148 0.447897 1.57217 0.423297 0.359594 0.412165 0.340723 0.362408 0.329135 0.230309
threshold=1.0000000180025095e-35 29.500000000000004 0.37409980390052772 -0.22252093395631442 0.44927585088026639 0.39897884755652818 4.5000000000000009 0.16777371682822187 0.096195950467966793 0.25848548626356976 0.056469554395762851 0.063091324822079201 0.040398918187964851 1.0000000180025095e-35 0.028645833333333336 0.075223422284331695 0.096392604787514213 0.28433179723502316 0.4485294117647059 0.096354166666666671 -0.24999999999999994 0.10865814623958596 0.27532017406411402 0.076479323991404488 0.025470728557720042 0.30326947050547354 0.018229166666666668 0.069979716024340791 0.32020333923914573 0.6078576107927941
decision_type=2 2 2 2 2 2 2 2 2 2 2 2 2 2 2 2 2 2 2 2 2 2 2 2 2 2 2 2 2 2
left_child=1 -1 6 -3 16 -5 14 8 11 -10 28 12 13 -8 15 -2 18 -18 19 -4 21 -14 -23 24 -24 -26 -27 -28 -11 -7
right_child=2 3 4 5 -6 29 7 -9 9 10 -12 -13 20 -15 -16 -17 17 -19 -20 -21 -22 22 23 -25 25 26 27 -29 -30 -31
leaf_value=0 -4.6089834866954722e-05 0 -9.9265639071779117e-05 0 0.0017398044797562362 0 8.5152286061635209e-05 0.00041570949483341421 0.00025876336166596537 -8.9197043480361354e-05 2.2560675714750755e-05 -0.00030011201219850068 0.00030752665563760017 -3.747311218928248e-05 -5.4953416118902587e-05 0.00012892857676583271 0.00056524941805224829 -9.2086543864594703e-05 0.00047999586158009404 0.0011119527124219539 0.00020521617911888694 -0.00015379302174725804 0.00031629657487657542 0.00050705397041630237 -2.8086738825266369e-05 0.00039569284625277771 0.00024582473816900456 -0.00020571737854998317 -0.00014023606692604255 0
leaf_weight=493 27 44 27 33 1871 21 50 221 20 22 22 20 83 22 35 34 42 25 890 20 162 22 24 48 36 26 20 21 20 23
leaf_count=493 27 44 27 33 1871 21 50 221 20 22 22 20 83 22 35 34 42 25 890 20 162 22 24 48 36 26 20 21 20 23
internal_value=-0.0019028 -0.0257785 0.00194488 -0.0208015 0.00248869 -0.0172595 0.000272727 0.000532777 3.8835e-05 -0.00307139 -0.00496867 0.000528089 0.000723734 -0.00158331 -0.00199998 -0.000442616 0.0017749 -0.000582081 0.00194343 -0.000829769 0.00109955 0.00042857 -0.000350252 0.000599997 -0.000307084 -0.00107766 0.000313428 -0.00139021 -0.0077141 -0.0147269
internal_weight=4424 614 3810 121 2875 77 935 839 618 84 64 534 514 72 96 61 1004 67 937 47 442 280 197 175 127 103 67 41 42 44
internal_count=4424 614 3810 121 2875 77 935 839 618 84 64 534 514 72 96 61 1004 67 937 47 442 280 197 175 127 103 67 41 42 44
is_linear=0
shrinkage=0.03


Tree=109
num_leaves=31
num_cat=2
split_feature=20 10 20 20 16 19 7 17 7 13 17 6 7 1 6 6 7 7 3 3 19 11 1 4 6 9 7 20 7 17
split_gain=450.035 18.5132 4.23199 0.915078 0.717537 0.753501 0.559733 0.694994 0.657619 0.541792 0.496959 0.616519 0.900849 0.678707 0.450445 1.52537 0.441255 1.31418 0.462958 0.415625 0.391456 1.17745 0.600587 0.48103 1.11187 0.6427 0.542045 0.372879 0.35997 0.35533
threshold=1.0000000180025095e-35 0.25000000000000011 0.37409980390052772 0.46628748604459441 4.5000000000000009 0 0.017764635875994323 0.30501495781046467 0.030210256171992824 0.81174490092936691 0.31499446855586766 0.19549411162314392 0.040747545603109198 0.018229166666666668 0.16027331956141747 0.14668679485142225 0.03766259298495573 0.028908273699210747 0.023437500000000003 0.044270833333333336 1 0.93301270189221952 0.044270833333333336 0.054687500000000007 0.25576036866359453 0.61159737417943127 0.050941457115441471 0.30125126276370612 0.035560207127244885 0.32570922397320157
decision_type=2 2 2 2 2 1 2 2 2 2 2 2 2 2 2 2 2 2 2 2 1 2 2 2 2 2 2 2 2 2
left_child=1 -1 4 20 16 14 7 -7 -8 10 11 12 27 -14 15 -6 17 18 -2 -13 -4 22 23 24 26 -26 -22 28 -10 -12
right_child=2 -3 3 -5 5 6 8 -9 9 -11 29 19 13 -15 -16 -17 -18 -19 -20 -21 21 -23 -24 -25 25 -27 -28 -29 -30 -31
leaf_value=0 -1.0757794535645478e-05 0 0.00057551645418571929 0.0019973729334174816 0.00023004114106256804 -4.7101573635613167e-05 0.00024845251808195269 0.00011098206670064939 -0.00031466389179939704 0.00018041351026276857 0.00021630478579744242 0.0012622862478851645 -3.4730462071819834e-05 -0.00027440656993571515 0.00041920510117652112 -9.7142044234653361e-05 0.00011219477736286175 -0.00014401473009260807 0.0001124840602272835 -0.00014290059199317917 -4.358505980543797e-05 -0.00011924198610788116 0.00060244592422887514 0.00074724297634235284 -0.00029980576384752787 -0.00012487310980845878 0.00058468124930849039 0.00016702955381931329 4.7864640620849108e-05 -3.9073956618187407e-06
leaf_weight=582 21 32 788 1605 140 34 157 26 20 45 58 27 20 22 127 40 28 21 26 29 49 26 243 63 21 22 58 23 25 46
leaf_count=582 21 32 788 1605 140 34 157 26 20 45 58 27 20 22 127 40 28 21 26 29 49 26 243 63 21 22 58 23 25 46
internal_value=-0.00194349 -0.0257785 0.00189764 0.00246783 0.000144385 0.000425506 -0.000265682 -0.00299995 7.62711e-05 -0.000714283 -0.00122222 -0.00224095 -0.00354542 -0.00699983 0.00158044 0.000666663 -0.00231248 -0.00361759 -0.000829769 0.000321423 0.00186614 0.00110975 0.00148684 0.000323942 -0.000599996 -0.00467431 0.00103737 -0.00141174 -0.00299993 0.000403842
internal_weight=4424 614 3810 2875 935 839 532 60 472 315 270 166 110 42 307 180 96 68 47 56 1270 482 456 213 150 43 107 68 45 104
internal_count=4424 614 3810 2875 935 839 532 60 472 315 270 166 110 42 307 180 96 68 47 56 1270 482 456 213 150 43 107 68 45 104
cat_boundaries=0 1 2
cat_threshold=458 364
is_linear=0
shrinkage=0.03


Tree=110
num_leaves=31
num_cat=1
split_feature=0 0 16 13 19 8 17 9 5 6 13 7 13 9 8 2 5 7 7 2 0 5 9 1 0 7 7 8 9 6
split_gain=448.838 3.6882 3.68685 2.39951 0.989184 0.924233 2.49985 0.757436 0.560702 0.757869 1.35603 0.558636 1.11533 0.556711 0.936489 0.864859 0.371701 0.371205 1.0096 0.362408 0.322828 0.314094 0.300324 0.282052 0.268242 0.260068 0.929495 0.631388 0.227274 0.19672
threshold=1.0000000180025095e-35 0.42894486456374797 29.500000000000004 -0.22252093395631442 0 0.1966496734981962 0.21453493319717479 0.36725018234865076 0.0764029749830967 0.14668679485142225 -0.22252093395631442 0.020441236365108594 1.0000000180025095e-35 0.64697301239970828 0.073250994533297364 0.023437500000000003 0.03914807302231238 0.030929648754824384 0.035560207127244885 0.039062500000000007 0.47407937031367969 0.050912778904665321 0.15681983953318746 0.028645833333333336 0.37917885433686971 0.053262949793462168 0.04618662484735897 0.1117864860989408 0.64697301239970828 0.24557444779914192
decision_type=2 2 2 2 1 2 2 2 2 2 2 2 2 2 2 2 2 2 2 2 2 2 2 2 2 2 2 2 2 2
left_child=2 4 -1 -4 5 11 -7 -5 9 23 -11 12 16 17 21 -16 -2 -13 -19 -17 28 -15 24 -6 -10 26 -20 -28 29 -3
right_child=1 20 3 7 8 6 -8 -9 22 10 -12 13 -14 14 15 19 -18 18 25 -21 -22 -23 -24 -25 -26 -27 27 -29 -30 -31
leaf_value=0 0.00010497663628287553 0.00071187837959507487 0 0 0.00018986618255570475 0.00066535426744820817 -0.0002344782650328219 0 -0.00011277045367964499 -0.00013378269008040402 4.7064381050158734e-05 0.0002633995025321565 -5.9738404237846182e-05 -4.2637862043325847e-05 -0.00019378884721477327 9.2267838182738354e-06 -4.5537139237450387e-05 -9.1289319301167103e-05 0.00059884875063268125 -7.7688369356691776e-05 0.0021592321641257543 0.00016022598746631364 0.00042057704435174162 -7.7943385078106672e-05 0.00050046144240094423 0.00039088203227981944 0.00052857730834404183 -0.00029904003227860111 0.00089733032942644576 0.0006308660373096674
leaf_weight=490 23 142 40 25 144 20 20 51 20 34 48 99 22 26 20 20 22 39 60 21 1489 52 649 38 36 155 22 21 223 352
leaf_count=490 23 142 40 25 144 20 20 51 20 34 48 99 22 26 20 20 22 39 60 21 1489 52 649 38 36 155 22 21 223 352
internal_value=-0.00187678 0.0019311 -0.0258613 -0.0210515 0.000839851 -8.28218e-05 -0.00449989 -0.0179208 0.00143718 0.000272726 -0.00212193 0.000209302 -0.0023731 0.000532709 -0.00110071 -0.00388518 0.000333326 0.00110606 0.000575756 -0.00139021 0.00272801 0.00107691 0.00189361 0.00135164 -0.000214282 0.00125581 8.73779e-05 -0.00327899 0.00220502 0.00184615
internal_weight=4423 3817 606 116 1611 642 40 76 969 264 82 602 67 535 139 61 45 396 297 41 2206 78 705 182 56 258 103 43 717 494
internal_count=4423 3817 606 116 1611 642 40 76 969 264 82 602 67 535 139 61 45 396 297 41 2206 78 705 182 56 258 103 43 717 494
cat_boundaries=0 1
cat_threshold=21
is_linear=0
shrinkage=0.03


Tree=111
num_leaves=31
num_cat=0
split_feature=0 10 0 1 12 7 7 5 2 17 7 16 11 3 1 11 0 11 9 5 13 9 5 7 0 7 16 3 9 2
split_gain=448.838 16.1915 3.5634 0.626837 0.498153 0.803029 1.47244 0.80286 1.15653 0.641219 0.501418 0.482306 0.379776 0.369452 0.531983 0.742402 0.358635 0.344665 0.68236 0.536096 0.334131 0.472593 0.496438 0.585952 1.00052 0.544522 0.321604 0.315484 0.251828 0.228141
threshold=1.0000000180025095e-35 0.25000000000000011 0.42894486456374797 0.049479166666666671 1.0000000180025095e-35 0.03471521951185539 0.036626487964880154 0.050912778904665321 0.018229166666666668 0.28267146743197213 0.082700960608481922 18.500000000000004 -0.68301270189221952 0.028645833333333336 0.033854166666666671 -0.5 0.47407937031367969 0.25000000000000017 0.67177242888402644 0.10040567951318459 1.0000000180025095e-35 0.57148067104303446 0.11578769438810006 0.047129306201442851 0.37668253684308667 0.036021049769851064 5.5000000000000009 0.028645833333333336 0.64697301239970828 0.028645833333333336
decision_type=2 2 2 2 2 2 2 2 2 2 2 2 2 2 2 2 2 2 2 2 2 2 2 2 2 2 2 2 2 2
left_child=1 -1 3 4 7 12 -7 8 11 -10 13 -2 -6 14 15 -8 28 18 19 -15 21 22 23 25 -25 -9 -5 29 -4 -14
right_child=2 -3 16 26 5 6 10 20 9 -11 -12 -13 27 17 -16 -17 -18 -19 -20 -21 -22 -23 -24 24 -26 -27 -28 -29 -30 -31
leaf_value=0 -3.5252217984121084e-05 0 0.00061389779163164248 -4.1326203528348963e-05 0.00025196846339607161 -0.00016927718259862018 0.00033432733730681848 -0.00010882236265397685 -8.3557900606423584e-05 -4.3662620740915595e-05 -0.00012340118535871748 0.00022785748080466199 -1.6484822108082843e-05 0.00034245002649451779 -0.00018631988344478662 -0.00013252470813779286 0.0020944551992019811 0.00068854987830633163 0.00083503119511603701 -0.00021017368228837548 0.0002816966964099956 0.00011397345545087214 0.00077507376391497114 0.00012618351063760857 -0.00035439215816781335 0.00040821967550303147 0.00076898349687317573 0.00026598378074172346 0.00087041041954365194 0.00022237875915293547
leaf_weight=575 23 31 494 33 73 20 33 34 21 37 23 52 73 36 30 33 1489 59 36 35 347 163 30 28 20 36 248 63 223 25
leaf_count=575 23 31 494 33 73 20 33 34 21 37 23 52 73 36 30 33 1489 59 36 35 347 163 30 28 20 36 248 63 223 25
internal_value=-0.00187678 -0.0258613 0.0019311 0.000858473 0.000586466 -0.000116883 -0.00113114 0.00106574 -0.00106014 -0.00424131 -0.000578945 0.00139998 0.00120512 -0.000206106 -0.00168748 -0.000181815 0.00271441 0.000650599 -0.000364482 -0.00207039 0.00149544 0.000781348 -0.000445943 -0.00132202 -0.00387492 0.000428565 0.0021459 0.000391302 0.00216318 -0.000673462
internal_weight=4423 606 3817 1611 1330 539 305 791 133 58 285 75 234 262 96 66 2206 166 107 71 658 311 148 118 48 70 281 161 717 98
internal_count=4423 606 3817 1611 1330 539 305 791 133 58 285 75 234 262 96 66 2206 166 107 71 658 311 148 118 48 70 281 161 717 98
is_linear=0
shrinkage=0.03


Tree=112
num_leaves=31
num_cat=2
split_feature=0 10 0 19 8 17 16 7 7 8 17 6 6 0 7 3 9 0 6 13 17 9 7 4 6 3 9 19 10 6
split_gain=448.076 16.1915 3.53054 0.796738 0.669839 2.02488 0.64444 0.807447 1.40378 0.475073 1.09404 0.620834 1.48684 0.434928 0.473384 1.06759 0.53465 0.386111 0.379301 0.575448 0.853055 0.651964 1.05086 0.358855 0.406252 0.337922 0.327232 0.68526 0.71379 0.426641
threshold=1.0000000180025095e-35 0.25000000000000011 0.42894486456374797 0 0.1966496734981962 0.21453493319717479 4.5000000000000009 0.03766259298495573 0.030210256171992824 0.15928412133379541 0.26019062207471716 0.19549411162314392 0.14012394724296842 0.20681904689606379 0.020441236365108594 0.018229166666666668 0.59117432530999292 0.46628748604459441 0.18822324628776246 -0.22252093395631442 0.28236921876054571 0.57330415754923425 0.049184323483876809 0.028645833333333336 0.12559987287462263 0.028645833333333336 0.61670313639679086 1 0.25000000000000011 0.25728587319243612
decision_type=2 2 2 1 2 2 2 2 2 2 2 2 2 2 2 2 2 2 2 2 2 2 2 2 2 2 2 1 2 2
left_child=1 -1 3 4 9 -6 7 8 -5 10 -2 12 13 -12 15 -15 -16 26 19 20 -8 22 -22 24 -18 -13 27 -4 -29 -30
right_child=2 -3 17 6 5 -7 18 -9 -10 -11 11 25 -14 14 16 -17 23 -19 -20 -21 21 -23 -24 -25 -26 -27 -28 28 29 -31
leaf_value=0 -0.00016388476709163334 0 0.00075007896343340656 8.6710603838648681e-05 0.0006441842263217064 -0.00022595790610020717 -8.7576984741818717e-05 0.0004082194953243386 -0.00013020586724713491 0.00071861609100394488 -8.7564282026992435e-05 -0.00018063222529243281 -0.00014336304274509935 2.662453920234094e-05 0.00024391444476494462 -0.00017600701197966143 0.00013020895697768163 0.0018553025309921837 0.00056078850517405959 0.00020162836797906375 0.00011814739272753564 0.00040778508059455677 -0.00034696558046400756 -4.3787478380821175e-05 -6.7870276109016075e-05 0.00077245279729471611 0.00079193505344019716 -0.00019663626432371868 0.00069435985061151164 -0.00020787331857905045
leaf_weight=575 27 31 224 21 20 20 20 69 22 52 22 30 36 34 106 20 97 1620 406 249 55 102 25 23 26 129 241 40 47 34
leaf_count=575 27 31 224 21 20 20 20 69 22 52 22 30 36 34 106 20 97 1620 406 249 55 102 25 23 26 129 241 40 47 34
internal_value=-0.00189713 -0.0258613 0.00190752 0.000839851 9.20255e-06 -0.00374991 0.00137589 -0.000749993 -0.00397665 0.000259136 1.11759e-10 0.000304015 -0.00037912 0.000256097 0.000549018 -0.00199996 0.00109523 0.00268722 0.00166978 0.00107095 -0.000118811 0.00052747 -0.00149998 -8.21911e-05 0.000560971 0.00186791 0.0020273 0.00143478 -0.000435111 0.00114813
internal_weight=4423 606 3817 1611 642 40 969 112 43 602 550 523 364 328 306 54 252 2206 857 451 202 182 80 146 123 159 586 345 121 81
internal_count=4423 606 3817 1611 642 40 969 112 43 602 550 523 364 328 306 54 252 2206 857 451 202 182 80 146 123 159 586 345 121 81
cat_boundaries=0 1 2
cat_threshold=21 620
is_linear=0
shrinkage=0.03


Tree=113
num_leaves=31
num_cat=2
split_feature=0 10 0 1 12 19 5 6 16 11 0 16 0 9 19 10 6 7 10 7 11 5 6 11 5 7 1 6 5 9
split_gain=448.584 16.1915 3.38962 0.510687 0.408787 0.751911 0.922393 0.961493 1.03843 0.754276 0.484834 0.476613 0.386111 0.327232 0.68526 0.71379 0.426641 0.312143 0.27675 0.280094 0.343123 0.265988 1.09568 0.324242 0.391543 0.332457 0.289261 0.278484 0.545889 0.256343
threshold=1.0000000180025095e-35 0.25000000000000011 0.42894486456374797 0.049479166666666671 1.0000000180025095e-35 0 0.075388776200135246 0.19549411162314392 29.500000000000004 -0.24999999999999994 0.27889977931776339 4.5000000000000009 0.46628748604459441 0.61670313639679086 1 0.25000000000000011 0.25728587319243612 0.086056542320642804 0.93301270189221952 0.05468897878109228 0.25000000000000017 0.050912778904665321 0.12324805339265853 -0.9330127018922193 0.10598377281947263 0.030929648754824384 0.023437500000000003 0.26384872080088989 0.12677484787018259 0.13785557986870897
decision_type=2 2 2 2 2 1 2 2 2 2 2 2 2 2 1 2 2 2 2 2 2 2 2 2 2 2 2 2 2 2
left_child=1 -1 3 4 21 6 9 -8 -9 -6 -11 -7 13 14 -4 -16 -17 -5 19 -13 -21 22 -2 24 25 -23 -27 29 -29 -25
right_child=2 -3 12 17 5 11 7 8 -10 10 -12 18 -14 -15 15 16 -18 -19 -20 20 -22 23 -24 27 -26 26 -28 28 -30 -31
leaf_value=0 4.5326781715591786e-05 0 0.0007275765945304036 0.00073588304945781892 0.00015470983764788207 -2.673938747077474e-05 -0.00015950466419454968 0.00069011996010794963 -0.00017831831370195212 -6.9647378034683221e-05 0.00054256354051075305 0.00036272467651655901 0.0017996434550624177 0.00076817700183699062 -0.00019073717639400765 0.00067352905509316654 -0.00020163711902167813 5.0813465582603793e-06 -1.7003926474946555e-05 -0.00010997599268572553 0.00061536788836575533 0.00072581150555433042 -7.2398573718547923e-05 -5.6980742743122225e-06 0.0004719562026509481 -5.4517603094377823e-05 -0.00035648669506035117 0.00016384292636480147 -4.8047698836238934e-05 0.00036622855368895896
leaf_weight=575 98 31 224 249 84 35 39 39 39 44 22 157 1620 241 40 47 34 32 29 30 21 21 35 46 23 24 21 64 28 431
leaf_count=575 98 31 224 249 84 35 39 39 39 44 22 157 1620 241 40 47 34 32 29 30 21 21 35 46 23 24 21 64 28 431
internal_value=-0.00188356 -0.0258613 0.00192324 0.000877095 0.000631579 -5.56574e-06 -0.00111552 -0.00315382 -0.00123075 0.000399997 -0.00199997 0.0010851 0.00268722 0.0020273 0.00143478 -0.000435111 0.00114813 0.00203914 0.00160759 0.00199038 5.88225e-05 0.00106574 -0.000157893 0.00131307 -0.000370782 -0.00154543 -0.00299993 0.00157645 6.52168e-05 0.00186792
internal_weight=4423 606 3817 1611 1330 539 267 117 78 150 66 272 2206 586 345 121 81 281 237 208 51 791 133 658 89 66 45 569 92 477
internal_count=4423 606 3817 1611 1330 539 267 117 78 150 66 272 2206 586 345 121 81 281 237 208 51 791 133 658 89 66 45 569 92 477
cat_boundaries=0 1 2
cat_threshold=53 620
is_linear=0
shrinkage=0.03


Tree=114
num_leaves=31
num_cat=1
split_feature=0 10 0 19 7 12 7 7 0 18 7 5 6 13 0 9 0 6 8 11 0 4 2 8 1 4 8 2 12 0
split_gain=447.316 16.1915 3.70632 0.718512 0.754832 0.700709 0.892239 0.868802 1.33438 0.592625 0.575647 0.533965 0.687648 0.884233 0.519365 0.435964 0.427409 0.587044 0.921781 0.449363 0.415096 0.36665 0.333319 0.32696 0.504543 0.292801 0.629361 0.250161 0.256988 0.238378
threshold=1.0000000180025095e-35 0.25000000000000011 0.42795921805502896 0 0.086724821097632201 1.0000000180025095e-35 0.03471521951185539 0.053262949793462168 0.35950272462447269 0.47205882352941181 0.020972266000457252 0.0764029749830967 0.14668679485142225 -0.22252093395631442 0.28385204976237033 0.15681983953318746 0.33835026822848241 0.12324805339265853 0.1003563309957262 -0.9330127018922193 0.46628748604459441 0.044270833333333336 0.028645833333333336 0.070280936010108666 0.028645833333333336 0.033854166666666671 0.15928412133379541 0.018229166666666668 -0.60785761079279388 0.44358963562553105
decision_type=2 2 2 1 2 2 2 2 2 2 2 2 2 2 2 2 2 2 2 2 2 2 2 2 2 2 2 2 2 2
left_child=1 -1 3 4 5 16 10 8 14 -9 -7 12 23 -14 -8 21 17 19 -19 -2 25 -13 -15 24 27 26 29 28 -5 -4
right_child=2 -3 20 11 -6 6 7 9 -10 -11 -12 15 13 22 -16 -17 -18 18 -20 -21 -22 -23 -24 -25 -26 -27 -28 -29 -30 -31
leaf_value=0 -0.00029688293910808426 0 0.00062304491568862834 -2.2921271049313134e-05 -5.4816146293536203e-05 -8.9124852872867218e-06 -0.00013114257003796399 -0.00016743222182136091 -0.0002448686447354853 0.00070799266660477621 0.00023584505744937817 0.00045701140146885009 -0.00013208420586256241 0.00015677186770498945 0.00032911655605057539 0.00038753282825699251 0.00035524169920028384 -0.0001316087898673093 0.000124573662918249 0.00012727120109315234 0.0017456541514105459 -0.0002964389574775959 -2.078571410172792e-05 0.00044094421382563355 -0.00011669413604114409 0.00069638326410949151 -0.0001191670284732079 0.00044810048770625759 8.5297821950842885e-05 0.00014633374515165911
leaf_weight=575 21 31 63 21 32 36 22 35 28 42 76 33 34 24 29 638 161 30 25 101 1620 22 24 60 22 446 22 41 38 71
leaf_count=575 21 31 63 21 32 36 22 35 28 42 76 33 34 24 29 638 161 30 25 101 1620 22 24 60 22 446 22 41 38 71
internal_value=-0.00191748 -0.0258613 0.00188394 0.000780564 -9.25913e-06 0.000227723 -0.000917907 -0.0023846 -0.00459488 -0.000116881 0.00112499 0.00129369 0.00015909 -0.00212193 -0.00170585 0.00174459 0.00113609 0.000118644 -0.0024545 0.00127868 0.00267597 -0.000818167 0.00049999 0.00118681 0.00029508 0.00200332 0.00088461 0.00119999 -5.08465e-05 0.0016567
internal_weight=4423 606 3817 1595 638 606 268 156 79 77 112 957 264 82 51 693 338 177 55 122 2222 55 48 182 122 602 156 100 59 134
internal_count=4423 606 3817 1595 638 606 268 156 79 77 112 957 264 82 51 693 338 177 55 122 2222 55 48 182 122 602 156 100 59 134
cat_boundaries=0 1
cat_threshold=21
is_linear=0
shrinkage=0.03


Tree=115
num_leaves=31
num_cat=1
split_feature=0 10 0 19 18 0 7 0 8 12 5 12 3 6 0 8 16 8 12 6 8 7 4 0 2 12 5 6 7 7
split_gain=445.752 17.6455 4.75426 1.40826 1.17882 0.831113 0.736784 0.807772 0.755874 0.868293 0.72943 0.467472 0.635907 0.920673 0.430799 0.427323 0.347697 0.360354 0.31254 0.311677 0.438288 0.307671 0.39106 0.350162 0.305275 0.298709 0.415161 0.340122 0.294493 0.474519
threshold=1.0000000180025095e-35 0.25000000000000011 0.45956809332532095 0 0.47205882352941181 0.2426380079608694 0.082700960608481922 0.29001749062968413 0.10569381147397909 1.0000000180025095e-35 0.10425963488843815 1.0000000180025095e-35 0.023437500000000003 0.11884280593958016 0.38756185137941357 0.14643828494983713 5.5000000000000009 0.129574486851217 -0.60785761079279388 0.23244875258223427 0.14643828494983713 0.11872966494569266 0.028645833333333336 0.4145153769509492 0.033854166666666671 -0.60785761079279388 0.13488843813387427 0.24654377880184339 0.057482738463101604 0.036173359327714573
decision_type=2 2 2 1 2 2 2 2 2 2 2 2 2 2 2 2 2 2 2 2 2 2 2 2 2 2 2 2 2 2
left_child=1 -1 3 4 6 -6 7 -2 24 19 14 -7 13 -13 -5 -11 17 -12 -19 -10 -21 22 23 -18 -9 -25 -27 -28 29 -14
right_child=2 -3 -4 10 5 11 -8 8 9 15 16 12 28 -15 -16 -17 21 18 -20 20 -22 -23 -24 25 -26 26 27 -29 -30 -31
leaf_value=0 -6.2376268582981309e-05 0 0.0015736630456239669 8.0190550403143286e-05 -1.0500608909757305e-05 0.00038456335269059048 -0.00039833705100597984 -5.8191066192864699e-05 0.00039153660007936196 -0.00017070016466934264 0.00061786327986239895 4.471601097544129e-05 0.00027363440777501203 -0.00013484964038233988 -6.5673728080656399e-05 -9.2631209725694244e-06 0.00044519215642303941 -0.00012195503580012551 0.00042475256743910902 -0.00035881081711236973 0.00026429841386249174 -5.5992900996325808e-05 0.00060421385982044611 0.0011111585152194154 0.00027517989630738049 -0.00012398125214305931 0.00029853016784498382 -4.916782078372717e-05 0.0010563245777471925 -0.00033439159942584074
leaf_weight=585 49 31 1736 571 35 218 20 21 24 33 43 37 27 28 30 25 74 27 28 20 22 20 456 21 52 25 25 24 47 41
leaf_count=585 49 31 1736 571 35 218 20 21 24 33 43 37 27 28 30 25 74 27 28 20 22 20 456 21 52 25 25 24 47 41
internal_value=-0.00216723 -0.0258311 0.00169013 0.000709251 -0.000385049 0.000575057 -0.0019624 -0.00151219 -0.000654819 -0.00208063 0.00127179 0.000964822 -0.000166666 -0.00253842 0.000504159 -0.00475854 0.00190982 0.000244896 -0.00136361 0.000272723 -0.00128568 0.00216279 0.00228 0.00104733 0.0017671 -0.000157893 -0.00105404 0.000551009 0.0011739 -8.82339e-05
internal_weight=4395 616 3779 2043 699 433 266 246 197 124 1344 398 180 65 601 58 743 98 55 66 42 645 625 169 73 95 74 49 115 68
internal_count=4395 616 3779 2043 699 433 266 246 197 124 1344 398 180 65 601 58 743 98 55 66 42 645 625 169 73 95 74 49 115 68
cat_boundaries=0 1
cat_threshold=145
is_linear=0
shrinkage=0.03


Tree=116
num_leaves=31
num_cat=2
split_feature=0 10 0 1 7 6 0 10 13 5 8 6 13 6 6 7 13 4 4 2 12 12 19 12 10 2 5 19 2 12
split_gain=444.724 17.6455 4.87423 1.47444 0.914145 1.00052 0.873828 0.76884 0.571957 0.508818 0.517626 1.09213 0.834042 0.928002 0.692671 0.592072 0.775629 0.763475 0.899109 0.519464 0.519216 0.475766 0.373062 0.732587 0.768094 0.338508 0.489975 0.294386 0.398747 0.317283
threshold=1.0000000180025095e-35 0.25000000000000011 0.45956809332532095 0.049479166666666671 0.096392604787514213 0.28433179723502316 0.2426380079608694 0.68301270189221941 -0.22252093395631442 0.11578769438810006 0.0917847730396293 0.19549411162314392 1.0000000180025095e-35 0.14433497536945816 0.23244875258223427 0.03471521951185539 1.0000000180025095e-35 0.080729166666666671 0.049479166666666671 0.023437500000000003 0.6078576107927941 1.0000000180025095e-35 0 1.0000000180025095e-35 1.0000000180025095e-35 0.080729166666666671 0.13488843813387427 1 0.013020833333333334 0.87837969732492682
decision_type=2 2 2 2 2 2 2 2 2 2 2 2 2 2 2 2 2 2 2 2 2 2 1 2 2 2 2 1 2 2
left_child=1 -1 3 4 6 -6 7 -2 -9 10 27 12 13 -12 -13 -16 17 18 -17 -14 -18 -15 23 -5 -25 -11 -27 -8 -29 -30
right_child=2 -3 -4 22 5 -7 9 8 -10 25 11 14 19 21 15 16 20 -19 -20 -21 -22 -23 -24 24 -26 26 -28 28 29 -31
leaf_value=0 4.5134304668819753e-05 0 0.0015264531542552484 0.00088885195323165102 0.00011200936939004412 -0.00038638693947579974 0.00023768354781862923 -3.3555492573743099e-05 -6.6174051574681409e-05 0.0004259155465468068 0.00011035313720364503 0.0006224249032031697 -1.7931999700104523e-05 -0.00013141093757079806 0.00025600638438345429 -0.0002241359224166691 0.00080091880540890815 -0.00033765853901320268 0.00058424384017574519 0.00014220493657484111 -6.5439779613890949e-05 -0.00012922183444202386 0.00066961099347419176 -0.00023001833377215048 0.00068545824119607137 -0.0001816044297952659 0.00084221096927403433 0.00027317463466504057 -1.4428120056839969e-05 0.00015766832903248257
leaf_weight=585 45 31 1736 54 28 20 101 28 20 341 20 121 33 38 33 28 52 21 29 30 26 41 394 23 40 20 25 84 303 45
leaf_count=585 45 31 1736 54 28 20 101 28 20 341 20 121 33 38 33 28 52 21 29 30 26 41 394 23 40 20 25 84 303 45
internal_value=-0.00219454 -0.0258311 0.00165837 0.000665198 0.000199739 -0.00387492 0.000331536 -0.00248384 -0.00512489 0.00051977 0.000164179 -0.000559321 -0.00255554 -0.00427268 0.00048387 -0.00065079 -0.00142307 -0.00353842 -0.00173681 0.000142855 0.000692299 -0.0057341 0.00206066 0.000401572 -0.00176188 0.00144559 -0.000999978 0.000804877 0.000420814 -1.72412e-05
internal_weight=4395 616 3779 2043 1532 48 1484 93 48 1391 1005 472 162 99 310 189 156 78 57 63 78 79 511 117 63 386 45 533 432 348
internal_count=4395 616 3779 2043 1532 48 1484 93 48 1391 1005 472 162 99 310 189 156 78 57 63 78 79 511 117 63 386 45 533 432 348
cat_boundaries=0 1 2
cat_threshold=641 228
is_linear=0
shrinkage=0.03


Tree=117
num_leaves=31
num_cat=2
split_feature=0 1 16 12 0 19 7 0 12 7 5 12 1 11 16 1 4 4 17 8 16 16 19 8 8 4 6 16 8 17
split_gain=444.724 4.75096 3.98746 2.86005 1.49802 1.11196 1.45184 0.77211 0.691078 1.4529 0.632617 0.628041 0.568133 0.508934 0.460356 0.706898 0.819688 0.638977 0.469335 0.438227 0.42762 0.390426 0.400277 1.00116 0.827274 0.590923 0.572211 0.790088 0.839199 0.813286
threshold=1.0000000180025095e-35 0.049479166666666671 29.500000000000004 -1.0000000180025095e-35 0.452818509754082 0 0.084671772017281502 0.2426380079608694 1.0000000180025095e-35 0.039235516998999381 0.04699121027721434 0.6078576107927941 0.013020833333333334 -0.5 4.5000000000000009 0.018229166666666668 0.049479166666666671 0.054687500000000007 0.29652795506765389 0.082155975572042378 4.5000000000000009 11.500000000000002 1 0.09742181278566435 0.10707025556729419 0.033854166666666671 0.18822324628776246 28.500000000000004 0.096943484910633357 0.29995523328739293
decision_type=2 2 2 2 2 1 2 2 2 2 2 2 2 2 2 2 2 2 2 2 2 2 1 2 2 2 2 2 2 2
left_child=2 4 -1 -4 5 6 7 12 10 -10 -9 -5 -2 -11 15 -7 18 21 -17 -3 -12 -16 23 -23 -25 -26 27 28 29 -24
right_child=1 19 3 11 -6 14 -8 8 9 13 20 -13 -14 -15 17 16 -18 -19 -20 -21 -22 22 26 24 25 -27 -28 -29 -30 -31
leaf_value=0 3.1800077274486799e-06 -2.2900976603697845e-05 0 0 0.00078684100618553313 0.00040614913439777857 -0.00037479533129152604 -6.0974416364882279e-05 0.00010368217457147161 -0.00017970637759374597 -6.0995608127856165e-05 0 -0.00011604622757564494 -0.00010842865839297934 0.00017687410394448235 -4.4955287609765254e-05 -8.9180050336686381e-05 0.00053320105095311929 0.00037767042911192181 0.0011546150094799456 0.00028335777007197573 0.0002019754180826222 -4.1602505285038656e-05 -9.3894395498060075e-05 0.00063019701134975738 -0.00026800076774835492 0.00043863665421085547 5.7079108921565479e-05 0.00049372476015865506 -0.00018389802929431225
leaf_weight=499 22 31 43 32 295 29 20 21 94 38 21 42 22 39 108 29 28 203 32 1957 177 59 22 20 23 22 190 229 23 25
leaf_count=499 22 31 43 32 295 29 20 21 94 38 21 42 22 39 108 29 28 203 32 1957 177 59 22 20 23 22 190 229 23 25
internal_value=-0.00219454 0.00165837 -0.0258311 -0.020846 0.000537688 0.000152406 -0.00107327 -0.000732717 -0.000307691 -0.00173683 0.000808216 -0.01727 -0.0044999 -0.00479215 0.000690114 -0.00106779 -0.00239323 0.000922077 -0.000442616 0.00266801 0.00133333 0.000503467 0.00021044 -0.00125372 -0.00392302 -0.00166663 0.000595189 -0.000210702 -0.00299996 -0.00529776
internal_weight=4395 3779 616 117 1791 1496 454 434 390 171 219 74 44 77 1042 118 89 924 61 1988 198 721 613 124 65 45 489 299 70 47
internal_count=4395 3779 616 117 1791 1496 454 434 390 171 219 74 44 77 1042 118 89 924 61 1988 198 721 613 124 65 45 489 299 70 47
cat_boundaries=0 1 2
cat_threshold=17 132
is_linear=0
shrinkage=0.03


Tree=118
num_leaves=31
num_cat=0
split_feature=0 10 1 0 7 6 12 0 7 5 0 6 6 6 8 5 5 9 16 8 7 4 3 8 9 12 4 7 9 6
split_gain=443.184 17.6455 4.91661 1.4453 0.959719 0.915648 0.716272 0.836188 0.723495 0.8363 0.965447 0.960156 1.09238 0.866292 1.12805 0.620502 0.818615 0.556331 0.50944 0.561301 0.624953 0.449822 0.435691 0.430784 0.39994 0.38049 0.41962 0.40247 1.08645 0.507921
threshold=1.0000000180025095e-35 0.25000000000000011 0.049479166666666671 0.452818509754082 0.096392604787514213 0.27788018433179729 1.0000000180025095e-35 0.23559660932262541 0.03471521951185539 0.12457741717376607 0.41342993139342915 0.25399650405212143 0.28064516129032263 0.19549411162314392 0.092439340042364718 0.04699121027721434 0.03914807302231238 0.78264040846097749 4.5000000000000009 0.129574486851217 0.055089635996602375 0.0078125000000000017 0.018229166666666668 0.082155975572042378 0.57148067104303446 -1.0000000180025095e-35 0.054687500000000007 0.059318526023085606 0.23450036469730126 0.23917050691244243
decision_type=2 2 2 2 2 2 2 2 2 2 2 2 2 2 2 2 2 2 2 2 2 2 2 2 2 2 2 2 2 2
left_child=1 -1 3 4 6 -6 15 -8 21 10 11 13 -13 14 17 16 -2 -10 19 -17 -21 -9 -18 -4 -16 26 27 -20 -29 -30
right_child=2 -3 23 -5 5 -7 7 8 9 -11 -12 12 -14 -15 24 18 22 -19 25 20 -22 -23 -24 -25 -26 -27 -28 28 29 -31
leaf_value=0 0.00024866877467517249 0 -2.2213947305587467e-05 0.0007632357759999671 8.4768722868658688e-05 -0.00036355147135278004 -9.063522282558428e-05 -2.3835319000351431e-05 9.4838447030987059e-05 0.00031567807059798824 -0.00024246342451467642 -0.00033231291284564616 5.8652653827441969e-05 0.00054961822732745675 -0.00021164662045165887 0.00034502531135195317 -2.6832946852651907e-05 -0.00018527847120665831 0.00012583744719023749 4.7771801966777106e-05 -0.00050453053420613213 0.00015002614564105446 -0.00011647120377140194 0.0011199765591955472 -0.0001179859486689912 0.00047032270592901383 0.0004221679494358227 -0.00019580571897541909 0.00036261886112660073 -0.00020602877902948339
leaf_weight=585 32 31 31 295 26 20 38 28 79 72 26 20 23 62 20 47 27 20 320 20 20 168 24 1957 20 178 116 20 45 25
leaf_count=585 32 31 31 295 26 20 38 28 79 72 26 20 23 62 20 47 27 20 320 20 20 168 24 1957 20 178 116 20 45 25
internal_value=-0.00223549 -0.0258311 0.00161074 0.000470687 9.2246e-05 -0.00417382 0.000227586 -0.000593749 -0.000289962 -0.0011228 -0.00188888 -0.00130327 -0.00537197 -0.000432834 -0.00174819 0.000768878 -0.00169877 -3.03026e-05 0.00102781 -0.00113792 -0.00374991 0.00116326 -0.00405874 0.00263783 -0.00599985 0.00129545 0.000889732 0.000439023 -0.00133332 0.000428565
internal_weight=4395 616 3779 1791 1496 46 1450 576 538 342 270 244 43 201 139 874 83 99 791 87 40 196 51 1988 40 704 526 410 90 70
internal_count=4395 616 3779 1791 1496 46 1450 576 538 342 270 244 43 201 139 874 83 99 791 87 40 196 51 1988 40 704 526 410 90 70
is_linear=0
shrinkage=0.03


Tree=119
num_leaves=31
num_cat=2
split_feature=0 10 0 6 6 16 7 19 12 18 11 4 16 18 7 18 1 18 16 12 19 17 17 7 4 12 7 17 6 1
split_gain=443.954 17.6455 4.50366 1.09623 1.03348 1.11433 2.27489 0.708689 0.798852 1.43219 1.12569 0.950659 0.659416 0.674477 0.600727 0.543262 0.474736 0.52139 0.509341 0.479679 0.504075 0.628222 1.11108 0.418646 0.396321 0.354484 0.338651 0.456608 0.750105 0.444436
threshold=1.0000000180025095e-35 0.25000000000000011 0.45956809332532095 0.16027331956141747 0.14199904655966952 26.500000000000004 0.047824124604727077 0 1.0000000180025095e-35 0.48676470588235299 -0.68301270189221952 0.018229166666666668 5.5000000000000009 0.46323529411764708 0.125746181198165 0.46911764705882358 0.049479166666666671 0.49264705882352944 13.500000000000002 1.0000000180025095e-35 1 0.32170093543593681 0.26397753382690842 0.036173359327714573 0.049479166666666671 -0.8783796973249266 0.047129306201442851 0.32049069925083423 0.28617511520737338 0.018229166666666668
decision_type=2 2 2 2 2 2 2 1 2 2 2 2 2 2 2 2 2 2 2 2 1 2 2 2 2 2 2 2 2 2
left_child=1 -1 3 4 7 6 -6 8 15 10 -10 -12 13 24 16 -2 17 18 -14 26 -21 22 -22 -15 -5 -25 -20 28 29 -28
right_child=2 -3 -4 12 5 -7 -8 -9 9 -11 11 -13 14 23 -16 -17 -18 -19 19 20 21 -23 -24 25 -26 -27 27 -29 -30 -31
leaf_value=0 -7.9422686114183141e-05 0 0.0014198815615267778 -9.8722576045706897e-05 -5.7381466994465933e-06 2.3781661594243635e-05 -0.00021638118971307858 0.00018561688385829826 0.00011183411832292625 -0.00015460499745307174 -0.00012357426265240207 7.1221135552132932e-06 0.00048058305138939928 -4.5366095289714764e-05 -0.0002049895116730136 0.00012191840241279442 0.00061384118942594136 -1.5517060190495597e-05 0.00057620049153493549 0.00022178140005308945 -0.0001415811587947535 -0.00032355083309353261 0.00017828611660773079 -1.3996067050753582e-05 -0.00027076178577326298 0.00034254374699474368 0.00013156971118787289 0.00073502568435651074 0.00052293429466557229 -0.00027818024600260961
leaf_weight=585 38 31 1736 23 38 55 25 217 69 22 40 32 150 25 24 157 393 24 127 106 28 23 64 24 22 97 27 62 50 81
leaf_count=585 38 31 1736 23 38 55 25 217 69 22 40 32 150 25 24 157 393 24 127 106 28 23 64 24 22 97 27 62 50 81
internal_value=-0.00221502 -0.0258311 0.00163456 0.000679882 -0.000290043 -0.00284743 -0.00557134 0.000234782 -0.000586955 -0.00215336 -0.00104255 -0.00366662 0.00117778 -0.000455495 0.00144694 0.000692304 0.00154625 0.00109973 0.00124512 0.000834506 -0.000257917 -0.00155999 -0.00058695 0.000534243 -0.00366658 0.00126445 0.00153026 0.000818178 -3.79743e-05 -0.00144443
internal_weight=4395 616 3779 2043 693 118 63 575 358 163 141 72 1350 191 1159 195 1135 742 718 568 221 115 92 146 45 121 347 220 158 108
internal_count=4395 616 3779 2043 693 118 63 575 358 163 141 72 1350 191 1159 195 1135 742 718 568 221 115 92 146 45 121 347 220 158 108
cat_boundaries=0 1 2
cat_threshold=529 426
is_linear=0
shrinkage=0.03


Tree=120
num_leaves=31
num_cat=3
split_feature=0 10 0 6 16 9 0 19 7 5 6 7 3 13 16 18 19 18 6 9 18 12 9 7 19 6 17 0 6 0
split_gain=435.705 14.8034 4.11573 0.850331 1.08136 0.926779 0.636078 0.568957 0.697195 0.876534 0.852915 0.578121 1.28022 0.568156 0.53217 0.725628 0.443465 0.625715 0.512088 0.437272 0.426584 1.69225 0.40172 0.465374 0.367364 0.563664 0.922215 0.472069 0.343503 0.392224
threshold=1.0000000180025095e-35 0.25000000000000011 0.43439828646662476 0.18530465949820793 5.5000000000000009 0.15681983953318746 0.47781967737816494 0 0.049184323483876809 0.10598377281947263 0.14668679485142225 0.017764635875994323 0.018229166666666668 -0.22252093395631442 6.5000000000000009 0.47500000000000003 1 0.45441176470588235 0.32119815668202772 0.23450036469730126 0.48676470588235299 1.0000000180025095e-35 0.29431072210065656 0.058759783341775416 2 0.27788018433179729 0.23951153093353761 0.41876820771680739 0.10865814623958596 0.29001749062968413
decision_type=2 2 2 2 2 2 2 1 2 2 2 2 2 2 2 2 1 2 2 2 2 2 2 2 1 2 2 2 2 2
left_child=1 -1 3 7 5 -5 16 11 -9 10 -10 12 13 -2 15 -13 -4 18 -18 -19 28 -22 -7 -24 25 27 -27 -6 -16 -30
right_child=2 -3 6 4 24 22 -8 8 9 -11 -12 14 -14 -15 20 -17 17 19 -20 -21 21 -23 23 -25 -26 26 -28 -29 29 -31
leaf_value=0 0.00014858564566299498 0 0.00064090466328910233 -0.0003255547930295263 0.00057719467272317692 0.00080808454381270931 0.0016676852487433062 0.00016499232164873202 0.00020839727240912908 0.00066482696626954938 -0.00022413193179536095 -4.9811390418131914e-05 -7.314858954835432e-05 -1.7522598403425826e-05 0.00022367128253261112 -3.7832422732936546e-05 -0.00018719472342101863 -0.00010863433412624881 0.00034951138242192604 0.00056536230328819059 0.00055027595197123559 -0.00020321583751807662 0.00029495664586580189 -0.00029045830859060229 0.00041137316291787183 0.00025716322744456137 -0.00015150940835984537 -5.8437918502122819e-05 -9.6067346348019275e-05 1.8870353630542689e-05
leaf_weight=567 22 31 380 30 151 29 1417 249 23 36 29 24 22 22 110 43 20 21 24 227 39 33 31 24 498 23 21 29 49 149
leaf_count=567 22 31 380 30 151 29 1417 249 23 36 29 24 22 22 110 43 20 21 24 227 39 33 31 24 498 23 21 29 49 149
internal_value=-0.00210405 -0.0258963 0.0016649 0.000562277 0.00124163 -0.00147367 0.00255481 -0.000105882 0.000838614 -0.0014318 -0.003923 -0.000728488 -0.00336359 -0.000409081 -0.000355704 -0.00282085 0.00179464 0.000814567 -0.00245449 0.00142741 7.89473e-05 -0.00199997 0.000142856 -0.00136361 0.00167036 0.0005641 -0.00245449 0.00133333 0.000564933 -0.000181817
internal_weight=4373 598 3775 1686 836 114 2089 850 337 88 52 513 66 44 447 67 672 292 44 248 380 72 84 55 722 224 44 180 308 198
internal_count=4373 598 3775 1686 836 114 2089 850 337 88 52 513 66 44 447 67 672 292 44 248 380 72 84 55 722 224 44 180 308 198
cat_boundaries=0 1 2 3
cat_threshold=625 301 145
is_linear=0
shrinkage=0.03


Tree=121
num_leaves=31
num_cat=2
split_feature=0 10 0 5 19 0 10 7 17 17 16 3 3 8 1 7 17 19 8 18 9 2 4 5 10 8 8 10 17 7
split_gain=435.202 14.8034 4.12993 0.87958 0.615384 0.612272 0.52057 0.870763 0.859632 0.829237 0.492783 0.662248 1.54474 0.624918 0.547184 0.649688 0.529031 0.705558 0.775855 0.873631 0.839616 0.55359 0.500218 0.417251 0.747113 0.413775 0.401566 0.33574 0.681786 0.289909
threshold=1.0000000180025095e-35 0.25000000000000011 0.43439828646662476 0.058992562542258299 0 0.47781967737816494 0.68301270189221941 0.03766259298495573 0.30945715551721215 0.29725129776189269 5.5000000000000009 0.033854166666666671 0.054687500000000007 0.13187153067892349 0.049479166666666671 0.038670947752277481 0.25453152923155481 1 0.089560300767560053 0.48088235294117648 0.51677607585703877 0.059895833333333336 0.018229166666666668 0.16937119675456394 0.25000000000000011 0.096943484910633357 0.092976158837091025 -0.6830127018922193 0.31142030465492304 0.043866641571054833
decision_type=2 2 2 2 1 2 2 2 2 2 2 2 2 2 2 2 2 1 2 2 2 2 2 2 2 2 2 2 2 2
left_child=1 -1 3 4 26 23 7 -6 9 -8 11 -5 13 -13 15 27 -17 18 -18 21 -21 22 -20 -4 -25 -24 -2 28 -12 -19
right_child=2 -3 5 10 6 -7 8 -9 -10 -11 14 12 -14 -15 -16 16 17 29 19 20 -22 -23 25 24 -26 -27 -28 -29 -30 -31
leaf_value=0 0.00041971569063096656 0 0.00053703675898435926 0.0002946636177671151 5.2381127521328653e-05 0.0016176546912810062 -8.873984945924899e-06 -0.00011435702012138283 7.7851193384918048e-05 -6.0265913024619931e-05 0.00052542393930612356 -5.9293604022844196e-05 8.4637741643192466e-05 -0.00041306978375622953 0.00055708241637052386 0.00045746634001160352 0.00023262304991825868 -7.3972297478759158e-05 0.00035036403828414325 -1.0637450522491404e-05 -0.00043620713917954498 -0.00018787722754217884 -0.00021740797384150023 0.00075646430630509564 -0.00040908584952925017 -9.1485694793487674e-07 -5.8585608276390983e-05 0.00037233658389188528 -0.00021040413564116139 0.0002435695616358618
leaf_weight=567 82 31 601 85 129 1417 34 30 38 42 24 20 41 20 287 73 58 34 34 21 24 37 29 48 23 87 23 222 20 192
leaf_count=567 82 31 601 85 129 1417 34 30 38 42 24 20 41 20 287 73 58 34 34 21 24 37 29 48 23 87 23 222 20 192
internal_value=-0.00211777 -0.0258963 0.00164901 0.000544484 -0.000730157 0.00254045 -0.00145229 -0.000396224 -0.0030526 -0.00489467 0.000912843 -0.000614454 -0.00255552 -0.00674983 0.00113485 0.000754385 0.000198642 -0.000139534 -0.0011 -0.00191378 -0.00566654 -0.00101069 -0.000199999 0.00179464 -0.000380276 -0.00113792 0.0011739 0.00198496 -0.000409081 0.00109322
internal_weight=4373 598 3775 1686 378 2089 273 159 114 76 1308 166 81 40 1142 855 589 516 290 232 45 187 150 672 71 116 105 266 44 226
internal_count=4373 598 3775 1686 378 2089 273 159 114 76 1308 166 81 40 1142 855 589 516 290 232 45 187 150 672 71 116 105 266 44 226
cat_boundaries=0 1 2
cat_threshold=420 436
is_linear=0
shrinkage=0.03


Tree=122
num_leaves=31
num_cat=2
split_feature=20 10 20 16 19 6 6 7 12 17 16 4 7 4 8 8 20 10 16 9 18 19 6 8 8 7 8 20 6 9
split_gain=433.196 14.8034 4.35097 0.99435 1.8627 1.46663 1.14897 0.752641 1.47221 0.77268 1.39163 0.581296 0.497711 0.46177 0.453736 0.398161 0.476187 0.50722 1.46993 0.381173 0.360568 0.422079 0.50311 0.891615 0.958793 0.380279 0.556957 0.543445 0.346431 0.422858
threshold=1.0000000180025095e-35 0.25000000000000011 0.452818509754082 6.5000000000000009 0 0.26682027649769591 0.18229779119656767 0.038098013149506803 1.0000000180025095e-35 0.3106250678592285 28.500000000000004 0.039062500000000007 0.12106829783344576 0.018229166666666668 0.075223422284331695 0.096551327259016217 0.23559660932262541 -0.6830127018922193 23.500000000000004 0.64697301239970828 0.48382352941176471 1 0.23103448275862074 0.1160777868849175 0.10895533537673048 0.059963812581092742 0.15376901510591112 0.43337287022347554 0.14199904655966952 0.68891320204230511
decision_type=2 2 2 2 1 2 2 2 2 2 2 2 2 2 2 2 2 2 2 2 2 1 2 2 2 2 2 2 2 2
left_child=1 -1 3 4 5 11 7 15 28 -10 -11 14 20 -6 -2 16 -5 18 -18 -12 21 22 -8 24 -24 -25 27 -27 -9 -30
right_child=2 -3 -4 6 13 -7 12 8 9 10 19 -13 -14 -15 -16 -17 17 -19 -20 -21 -22 -23 23 25 -26 26 -28 -29 29 -31
leaf_value=0 -1.0485882474445779e-05 0 0.0012405302364370751 -1.605281729771264e-05 -5.023740832143971e-05 -0.00040810562628049038 0.00054208376459877216 0.00021295099667112841 -0.00020053299706002792 -8.5469596820450283e-05 0.00015816344301049006 -5.9019005621684167e-05 -0.00026173151580331458 0.00033112776563263885 8.7530708581958636e-05 -5.0747612438713608e-05 0.00052796397098649607 0.00019586254323929024 -0.00020409201157192653 -7.8842037262104821e-05 0.00068386576315549179 0.00045244829140367586 0.00013471727258117578 0.00042269997261519212 -0.00028250436093288199 -0.00014881519187356346 0.00031159981830200452 0.00041938806490251547 8.9803613041699477e-06 -0.00010168204621453299
leaf_weight=567 21 31 1803 63 34 24 106 90 31 36 39 31 28 165 37 34 30 265 20 28 259 357 27 62 20 23 48 23 51 20
leaf_count=567 21 31 1803 63 34 24 106 90 31 36 39 31 28 165 37 34 30 265 20 28 259 357 27 62 20 23 48 23 51 20
internal_value=-0.00217265 -0.0258963 0.00158543 0.000611562 -0.000942305 -0.00382924 0.000903614 -1.27297e-05 -0.00116949 -0.00349251 -0.0022427 -0.00239323 0.00158342 0.000846886 -0.000620679 0.000815532 0.00109524 0.00157142 -0.00119998 0.000313428 0.0017027 0.00133333 0.000460814 -0.000399013 -0.00402119 0.000692303 -0.000510633 -0.0028695 0.000763971 -0.000802805
internal_weight=4373 598 3775 1972 312 113 1660 707 295 134 103 89 953 199 58 412 378 315 50 67 925 666 309 203 47 156 94 46 161 71
internal_count=4373 598 3775 1972 312 113 1660 707 295 134 103 89 953 199 58 412 378 315 50 67 925 666 309 203 47 156 94 46 161 71
cat_boundaries=0 1 2
cat_threshold=99 661
is_linear=0
shrinkage=0.03


Tree=123
num_leaves=31
num_cat=1
split_feature=0 10 0 1 10 8 19 0 18 7 11 5 18 9 0 13 0 4 1 7 8 17 5 17 4 4 0 5 1 7
split_gain=431.694 14.8034 4.55315 0.944044 1.079 1.05973 0.926548 0.733856 0.717703 0.600498 0.501918 0.502814 0.7847 0.789107 0.806597 0.500198 0.582323 1.31024 0.499061 0.415489 0.356771 0.5121 0.33569 0.559635 0.853166 0.299732 0.285969 0.291836 0.448638 0.27602
threshold=1.0000000180025095e-35 0.25000000000000011 0.45871292428797134 0.044270833333333336 -0.93301270189221908 0.11517469369506907 0 0.2426380079608694 0.44558823529411767 0.097920479806488284 0.93301270189221952 0.058992562542258299 0.47205882352941181 0.57330415754923425 0.27532017406411402 -0.56174490092936669 0.36817239475186264 0.049479166666666671 0.013020833333333334 0.12106829783344576 0.1966496734981962 0.21453493319717479 0.044793779580797839 0.31142030465492304 0.018229166666666668 0.0078125000000000017 0.47781967737816494 0.16937119675456394 0.075520833333333343 0.036626487964880154
decision_type=2 2 2 2 2 2 1 2 2 2 2 2 2 2 2 2 2 2 2 2 2 2 2 2 2 2 2 2 2 2
left_child=1 -1 3 6 5 -5 -2 18 -9 10 11 12 13 -10 -15 16 29 -18 25 20 -6 -22 -14 24 -24 -8 27 -4 -29 -13
right_child=2 -3 26 4 19 -7 7 8 9 -11 -12 15 22 14 -16 -17 17 -19 -20 -21 21 -23 23 -25 -26 -27 -28 28 -30 -31
leaf_value=0 0.000134663720705356 0 0.00069493578044031571 -0.00025242755511487345 0.00051498076824828883 0.00027348751936099658 -4.5543938631490059e-05 -0.00012995269828010476 8.0588640814272246e-05 -0.00012397291740182838 -0.00024821987529405131 -2.3749545135650256e-05 0.00020765968707291366 -8.8665766846441035e-05 -4.7966556338907676e-05 0.00032773764219207392 -0.00013940869793841338 0.00036005960073641995 -8.9590237827041929e-05 -5.6077793315826115e-05 0.00068434771157758665 -0.00019897235510162807 -0.00014522706351434051 0.00043558418641352484 9.9155099865612397e-05 0.0002132222695122973 0.0015319091434494647 -0.00022455597060981922 0.001365352071424727 0.00049726331742229284
leaf_weight=567 551 31 254 23 531 31 23 37 20 29 26 21 34 25 24 335 39 31 33 24 33 22 26 29 40 20 1417 34 25 38
leaf_count=567 551 31 254 23 531 31 23 37 20 29 26 21 34 25 24 335 39 31 33 24 33 22 26 29 40 20 1417 34 25 38
internal_value=-0.00221381 -0.0258963 0.00153775 0.000579462 0.00150903 -0.00255551 0.000132513 -0.000499999 -0.000222811 -1.25522e-05 0.000165698 0.000326284 -0.000939389 -0.00352169 -0.00557131 0.000866378 -0.000720925 -0.00257139 -0.00331575 0.00186885 0.0020273 -0.000272722 0.000441857 -0.000473679 -0.00199997 -0.00118602 0.00267052 0.00184983 -5.08465e-05 0.00147455
internal_weight=4373 598 3775 2045 664 54 1381 830 754 717 688 662 198 69 49 464 129 70 76 610 586 55 129 95 66 43 1730 313 59 59
internal_count=4373 598 3775 2045 664 54 1381 830 754 717 688 662 198 69 49 464 129 70 76 610 586 55 129 95 66 43 1730 313 59 59
cat_boundaries=0 1
cat_threshold=300
is_linear=0
shrinkage=0.03


Tree=124
num_leaves=31
num_cat=2
split_feature=0 0 16 13 19 16 7 0 16 9 17 17 2 8 1 7 13 17 0 7 19 11 7 8 18 7 7 5 1 9
split_gain=431.194 4.54152 3.39876 2.24396 0.855081 1.09946 0.881535 0.961491 0.812428 0.773824 0.709049 0.774151 0.700447 0.909796 0.664818 0.614426 0.557505 0.530221 0.439503 0.381687 0.374056 0.417627 0.780647 0.944307 0.408111 0.406754 0.449649 0.362408 0.33176 0.298758
threshold=1.0000000180025095e-35 0.45871292428797134 29.500000000000004 -0.22252093395631442 0 1.5000000000000002 0.086724821097632201 0.2426380079608694 6.5000000000000009 0.36725018234865076 0.32988681814313686 0.22423623521402439 0.033854166666666671 0.092976158837091025 0.033854166666666671 0.044241043594304037 1.0000000180025095e-35 0.34265168921793898 0.41096985593637786 0.070186626513688774 1 0.25000000000000017 0.049184323483876809 0.10895533537673048 0.48382352941176471 0.057339111088546425 0.054588354999843228 0.037187288708586889 0.0078125000000000017 0.61852662290299076
decision_type=2 2 2 2 1 2 2 2 2 2 2 2 2 2 2 2 2 2 2 2 1 2 2 2 2 2 2 2 2 2
left_child=2 4 -1 -4 5 -2 7 16 10 -5 11 -6 13 -13 -15 -14 27 19 -8 28 -10 22 -22 25 29 26 -24 -7 -9 -25
right_child=1 -3 3 9 8 6 18 17 20 -11 -12 12 15 14 -16 -17 -18 -19 -20 -21 21 -23 23 24 -26 -27 -28 -29 -30 -31
leaf_value=0 -0.00015593129064585409 0.0012224412350677844 0 0 0.00036778899478311533 5.6306606458843525e-05 -0.00013426529331836268 -4.1646720552970915e-05 0.00039213232247550746 0 0.00095314675291855464 0.00028364410705101762 -6.7941010762192534e-05 -0.0001130235072452817 0.00026634394624355827 -0.00020694199193482606 -5.6345869994783886e-05 -8.1555417795514088e-05 -2.3005420404857215e-05 0.00066945478323975928 0.00020124035928722759 0.00045632170169127712 -0.00019141803180872252 -0.00012937980853317853 0.001261542516924155 -1.8857286139481283e-05 -0.00020519444551416496 -6.5382976855522408e-05 6.0049086683824642e-05 0.00045323208644651106
leaf_weight=483 21 1730 40 26 28 20 20 33 529 49 38 35 23 20 21 38 20 21 21 59 224 127 21 45 40 29 20 21 535 36
leaf_count=483 21 1730 40 26 28 20 20 33 529 49 38 35 23 20 21 38 20 21 21 59 224 127 21 45 40 29 20 21 535 36
internal_value=-0.00222753 0.00152185 -0.0258963 -0.0212607 0.000564792 -0.000226632 -3.99998e-05 0.000207334 0.00103738 -0.0181998 -0.000694578 -0.00154545 -0.00247443 -0.000552624 -0.00358528 -0.00486877 -0.00339339 0.000546296 -0.00431697 0.000703348 0.00137535 0.000771738 0.000325301 -0.00108376 0.000520657 -0.00385709 -0.00578035 -0.00139021 0.000464788 -0.000703695
internal_weight=4373 3775 598 115 2045 771 750 709 1274 75 203 165 137 76 41 61 61 648 41 627 1071 542 415 191 121 70 41 41 568 81
internal_count=4373 3775 598 115 2045 771 750 709 1274 75 203 165 137 76 41 61 61 648 41 627 1071 542 415 191 121 70 41 41 568 81
cat_boundaries=0 1 2
cat_threshold=529 106
is_linear=0
shrinkage=0.03


Tree=125
num_leaves=31
num_cat=1
split_feature=0 10 0 0 7 17 17 6 8 17 17 17 16 7 0 19 16 18 0 6 6 9 7 4 0 4 17 7 17 8
split_gain=433.792 16.483 4.86831 1.19271 1.00139 1.18858 1.24645 0.700866 0.917647 0.891677 0.950493 0.663561 0.623381 0.555207 0.609599 0.547811 0.534385 0.524436 0.463461 0.456041 0.694986 0.871001 0.466071 0.44195 1.00519 0.440965 0.334027 0.329797 0.43267 0.296761
threshold=1.0000000180025095e-35 0.25000000000000011 0.47556016327877837 0.27889977931776339 0.11992761639997179 0.36673474597906569 0.31907922729980437 0.20213956550362086 0.093489381430176807 0.3058037613820101 0.28622068848139121 0.28163560548038474 5.5000000000000009 0.076340200555275337 0.38935559325542718 0 17.500000000000004 0.47500000000000003 0.37409980390052772 0.24557444779914192 0.25852534562211987 0.49781181619256026 0.055089635996602375 0.018229166666666668 0.29573446711830759 0.039062500000000007 0.28979778683545648 0.031283141932301375 0.31805476456995485 0.19814297748565238
decision_type=2 2 2 2 2 2 2 2 2 2 2 2 2 2 2 1 2 2 2 2 2 2 2 2 2 2 2 2 2 2
left_child=1 -1 3 11 7 6 -6 8 15 10 -10 17 13 14 -9 18 -11 -2 23 -14 21 -21 -23 24 -5 -25 -13 -26 -29 -16
right_child=2 -3 -4 4 5 -7 -8 12 9 16 -12 26 19 -15 29 -17 -18 -19 -20 20 -22 22 -24 25 27 -27 -28 28 -30 -31
leaf_value=0 -8.5659913224109141e-05 0 0.0014534919669386415 -0.00019196166559669599 5.0869058066690803e-05 0.001041039257195943 -0.00043221207500510723 -0.00010001642641705074 1.7040973335597309e-06 -8.68206547888769e-05 -0.00012133624992375426 6.1231550362230314e-05 0.00063006803134392692 -0.00035405520439340084 0.00060883439121972517 0.00018795143264571594 0.00012748709616977697 1.2538907415695121e-05 -0.00010832578812994159 -0.00026840049397649482 0.00047170484255889037 -5.4721538385746412e-05 0.00051916159839518982 0.00034201105650721289 0.0003138373513883361 -1.0533882684945979e-05 -1.5927450678317201e-05 -0.00019201592263251471 0.00025619128819700864 -0.00016639792482582837
leaf_weight=575 26 28 1493 21 24 22 22 34 28 32 37 21 417 24 100 251 111 22 26 28 612 47 38 99 28 23 188 20 32 27
leaf_count=575 26 28 1493 21 24 22 22 34 28 32 37 21 417 24 100 251 111 22 26 28 612 47 38 99 28 23 188 20 32 27
internal_value=-0.00224461 -0.0259054 0.00145834 0.000610169 0.000845934 -0.00273525 -0.00547814 0.000965602 0.00020339 -0.00147115 -0.00438455 -0.00131906 0.00137227 -0.000243242 0.000391302 0.000899998 -0.000146852 -0.00449991 -0.000127413 0.00163397 0.00117931 -0.000982292 0.000529406 0.000309416 -0.0011584 0.00152458 -0.000588514 0.000374995 -0.00103844 0.00134645
internal_weight=4456 603 3853 2360 2103 68 46 2035 708 208 65 257 1327 185 161 500 143 48 249 1142 725 113 85 223 101 122 209 80 52 127
internal_count=4456 603 3853 2360 2103 68 46 2035 708 208 65 257 1327 185 161 500 143 48 249 1142 725 113 85 223 101 122 209 80 52 127
cat_boundaries=0 1
cat_threshold=595
is_linear=0
shrinkage=0.03


Tree=126
num_leaves=31
num_cat=2
split_feature=20 10 20 20 6 1 16 8 4 16 5 8 20 4 17 8 11 19 10 3 17 18 1 16 17 6 6 19 20 8
split_gain=433.298 16.483 5.10302 1.17652 0.848368 0.508838 0.442849 0.645854 0.453588 0.505194 0.719477 0.534771 0.405563 0.368335 0.325327 1.96597 0.308796 0.317426 0.743475 0.442921 0.279269 0.54682 0.324415 0.290917 0.423434 0.269936 0.67264 0.625335 0.565714 0.473881
threshold=1.0000000180025095e-35 0.25000000000000011 0.46264093472785367 0.27889977931776339 0.12324805339265853 0.013020833333333334 2.5000000000000004 0.18051107774196509 0.013020833333333334 19.500000000000004 0.098377281947261683 0.064981882815564593 0.42795921805502896 0.044270833333333336 0.22423623521402439 0.19814297748565238 0.6830127018922193 0 -0.5 0.059895833333333336 0.30297185109541513 0.48088235294117648 0.018229166666666668 26.500000000000004 0.31759145956763773 0.24322262831717786 0.29631336405529957 1 0.39691598310638843 0.10569381147397909
decision_type=2 2 2 2 2 2 2 2 2 2 2 2 2 2 2 2 2 1 2 2 2 2 2 2 2 2 2 1 2 2
left_child=1 -1 3 4 20 -6 7 13 9 10 -8 -11 -13 -5 -10 16 17 18 -16 -20 22 23 -2 -22 -25 -19 27 -27 -29 -30
right_child=2 -3 -4 6 5 -7 8 -9 14 11 -12 12 -14 -15 15 -17 -18 25 19 -21 21 -23 -24 24 -26 26 -28 28 29 -31
leaf_value=0 5.8698834516926008e-05 0 0.0012175794174644438 0.00019370528318395376 -7.9498125766931866e-05 -3.9737349208120864e-05 -8.2034965059402394e-06 -0.000141258926440759 0.0004254550288145099 -0.0003057031748274315 -7.1777721784583911e-05 0.00031071391330856653 -3.1133909413281796e-05 -3.6547322220830483e-05 -9.2662281329661337e-05 -0.00026446656028759766 0.00081356633560680845 0.00025268446926566786 0.00047117373597620839 -0.0001342970062572194 -5.2666707338553188e-05 0.00044191260317918784 -5.4586204728962572e-05 5.4995105296471328e-05 -0.00031646511172831105 0.00046679733461545136 0.00062217100186882088 -0.00015600982811416354 0.00042293873901748071 -9.6904752498652778e-05
leaf_weight=575 59 28 1708 48 21 33 29 20 98 21 20 128 20 41 32 37 147 744 53 21 20 39 23 40 22 111 113 46 30 129
leaf_count=575 59 28 1708 48 21 33 29 20 98 21 20 128 20 41 32 37 147 744 53 21 20 39 23 40 22 111 113 46 30 129
internal_value=-0.00225808 -0.0259054 0.00144277 0.000468531 -0.00143579 -0.00477769 0.000727754 -0.00112843 0.000841484 -0.000440365 -0.00312239 0.000337276 0.000972966 -3.37074e-05 0.0010205 0.000908407 0.00108555 0.000935887 -0.000620684 0.00097296 -0.000546795 -0.0014628 0.000804868 -0.00285362 -0.00183868 0.0010727 0.000482516 -0.000227847 -0.00118604 -0.000396224
internal_weight=4456 603 3853 2145 257 54 1888 109 1779 218 49 169 148 89 1561 1463 1426 1279 106 74 203 121 82 82 62 1173 429 316 205 159
internal_count=4456 603 3853 2145 257 54 1888 109 1779 218 49 169 148 89 1561 1463 1426 1279 106 74 203 121 82 82 62 1173 429 316 205 159
cat_boundaries=0 1 2
cat_threshold=1 96
is_linear=0
shrinkage=0.03


Tree=127
num_leaves=31
num_cat=2
split_feature=0 10 0 0 2 12 10 12 4 5 7 17 11 17 4 9 9 1 12 19 17 17 17 7 5 19 0 9 2 0
split_gain=431.08 16.483 5.3987 1.1999 0.691315 0.861677 0.734908 0.605867 0.509309 0.773324 0.591892 0.793813 0.620521 2.16342 0.794496 0.712516 1.20303 0.429325 0.703035 0.759409 1.05207 0.485647 0.419304 0.555372 1.1525 0.403946 0.54977 0.787095 1.40378 0.397731
threshold=1.0000000180025095e-35 0.25000000000000011 0.46264093472785367 0.27889977931776339 0.018229166666666668 -1.0000000180025095e-35 0.68301270189221941 0.6078576107927941 0.013020833333333334 0.060006761325219753 0.12106829783344576 0.33907752531699437 0.93301270189221952 0.21453493319717479 0.091145833333333343 0.12946754194018967 0.10138584974471192 0.044270833333333336 1.0000000180025095e-35 0 0.26397753382690842 0.32745381791537814 0.30149451697434415 0.058101126053317166 0.087390128465179198 1 0.43337287022347554 0.62472647702407025 0.039062500000000007 0.4145153769509492
decision_type=2 2 2 2 2 2 2 2 2 2 2 2 2 2 2 2 2 2 2 1 2 2 2 2 2 1 2 2 2 2
left_child=1 -1 3 4 6 -6 -2 -8 9 -5 12 -12 15 -14 -15 16 29 18 -17 21 -21 -20 -22 24 -24 26 -19 28 -28 -10
right_child=2 -3 -4 8 5 -7 7 -9 10 -11 11 -13 13 14 -16 17 -18 25 19 20 22 -23 23 -25 -26 -27 27 -29 -30 -31
leaf_value=0 0.00011106318238138508 0 0.0011810520349405111 -0.00018792632449644904 -0.00012471335806266522 -4.4657484308094242e-05 -1.1987519745252821e-06 -8.5499538704273588e-05 0.00035388195549980304 4.1781088477805683e-06 -0.00015293720025223527 0.00058067996630945223 0.00069354366924439105 -0.00040349018715220774 -1.9051926488349972e-05 0.00030769916531628126 -0.0001964036361347093 0.00056440640740122445 0.00029073947062678178 -0.00015628117002804102 0.00033268822508774546 -8.3439515328791628e-05 0.00017606246162023606 0.00046676810289450525 -0.00014187358344289519 0.00052470341863406324 0.00077574873819987171 0.00074664683150109563 -0.00034645164111054904 -7.5480732196352352e-05
leaf_weight=575 76 28 1708 29 35 67 57 22 56 198 27 23 52 27 25 524 28 73 118 27 76 21 34 25 31 409 21 22 22 20
leaf_count=575 76 28 1708 29 35 67 57 22 56 198 27 23 52 27 25 524 28 73 118 27 76 21 34 25 31 409 21 22 22 20
internal_value=-0.00231867 -0.0259054 0.0013727 0.000370629 -0.00155252 -0.00347055 -0.000290321 -0.00231643 0.000632415 -0.000700437 0.000814569 -0.00239995 0.000914338 -0.00132691 -0.00565374 0.00106901 -0.00132691 0.00124661 0.000827102 -0.000253011 -0.00143349 0.00138925 -0.000614454 -0.00199998 -0.00346149 0.0019031 0.000364862 -0.00161536 -0.00397665 0.000631571
internal_weight=4456 603 3853 2145 257 102 155 79 1888 227 1661 50 1611 104 52 1507 104 1403 856 332 193 139 166 90 65 547 138 65 43 76
internal_count=4456 603 3853 2145 257 102 155 79 1888 227 1661 50 1611 104 52 1507 104 1403 856 332 193 139 166 90 65 547 138 65 43 76
cat_boundaries=0 1 2
cat_threshold=778 641
is_linear=0
shrinkage=0.03


Tree=128
num_leaves=31
num_cat=0
split_feature=0 10 0 5 5 13 7 12 7 0 1 0 17 10 8 11 17 0 5 8 1 5 7 8 12 7 3 1 5 2
split_gain=432.065 16.483 4.97283 0.931626 0.858678 0.583351 0.599131 0.936891 1.07992 1.60945 1.45524 1.08535 0.893625 0.532974 0.59839 0.494722 1.15589 0.46412 0.454375 0.377401 0.504881 0.607757 0.372796 0.348295 0.616281 1.55917 0.323544 0.31978 0.323544 0.315426
threshold=1.0000000180025095e-35 0.25000000000000011 0.47556016327877837 0.10818120351588913 0.17748478701825562 0.81174490092936691 0.034460949511347018 1.0000000180025095e-35 0.045406247467067069 0.35719109297700841 0.033854166666666671 0.30960096628317918 0.32784443877116848 0.68301270189221941 0.0917847730396293 0.93301270189221952 0.22423623521402439 0.2426380079608694 0.048005409060175801 0.096195950467966793 0.049479166666666671 0.087390128465179198 0.026939363447750605 0.070280936010108666 1.0000000180025095e-35 0.025470728557720042 0.049479166666666671 0.033854166666666671 0.1957403651115619 0.039062500000000007
decision_type=2 2 2 2 2 2 2 2 2 2 2 2 2 2 2 2 2 2 2 2 2 2 2 2 2 2 2 2 2 2
left_child=1 -1 3 5 15 6 13 29 9 11 -11 -9 19 23 17 -5 -17 -15 -7 -10 21 -21 -16 24 25 -2 -23 28 -4 -8
right_child=2 -3 27 4 -6 18 7 8 12 10 -12 -13 -14 14 22 16 -18 -19 -20 20 -22 26 -24 -25 -26 -27 -28 -29 -30 -31
leaf_value=0 0.00057630987272672466 0 -0.00013577525785381494 0.00038746961604994146 -0.00046117879191864472 -6.2307714486096421e-06 -7.2457784657952575e-06 -0.00015548180077320936 0.00040853795398579471 -0.00015677823377895284 -5.5848417971403336e-05 0.00097046615508651602 -9.212484303582904e-05 -6.583053468203104e-06 -0.00011720620129800089 0.00039097594702116879 -0.0002433517724691796 3.7884513676815241e-05 0.00028019795061357217 -0.00014763389413309223 0.00073059286241697937 0.00051288654325782343 -1.5224899164898668e-05 0.00011765832626878078 0.00011688451002082088 -0.00029665742596974296 -2.9624310428264162e-05 0.0013845109835497944 0.0012321706103901771 0.00032765001991033203
leaf_weight=575 22 28 23 1111 24 22 208 43 38 20 22 27 39 31 27 55 38 95 145 24 26 20 24 126 64 21 23 1450 20 65
leaf_count=575 22 28 23 1111 24 22 208 43 38 20 22 27 39 31 27 55 38 95 145 24 26 20 24 126 64 21 23 1450 20 65
internal_value=-0.00229174 -0.0259054 0.00140384 0.00054661 0.00111889 -7.42048e-05 -0.000357512 -0.000999998 -0.00221276 -0.00449996 -0.00914264 -0.00171426 -0.000705878 0.000512194 -0.000728809 0.0012309 -0.000870958 0.000380949 0.00156286 0.000480912 -0.000548381 -0.00192534 -0.00347052 0.00145493 0.00019626 -0.00258134 0.000209298 0.00275887 0.000209298 0.000252746
internal_weight=4456 603 3853 2360 1228 1132 965 555 282 112 42 70 170 410 177 1204 93 126 167 131 93 67 51 233 107 43 43 1493 43 273
internal_count=4456 603 3853 2360 1228 1132 965 555 282 112 42 70 170 410 177 1204 93 126 167 131 93 67 51 233 107 43 43 1493 43 273
is_linear=0
shrinkage=0.03


Tree=129
num_leaves=31
num_cat=2
split_feature=0 0 16 13 5 9 13 7 16 0 5 19 18 9 2 8 8 16 16 0 4 12 8 0 11 0 19 17 7 18
split_gain=431.08 5.05427 3.59679 2.13986 1.05993 0.824375 0.782656 0.614189 0.610385 0.80787 0.681107 0.608862 0.959238 0.510878 0.454155 0.60438 0.822457 0.782768 1.74512 1.05692 0.732793 0.639973 0.492093 0.449187 0.803543 0.635377 0.444996 0.58931 0.433625 0.408668
threshold=1.0000000180025095e-35 0.47556016327877837 29.500000000000004 -0.22252093395631442 0.10818120351588913 0.36725018234865076 0.81174490092936691 0.086056542320642804 3.5000000000000004 0.40444634706958454 0.17748478701825562 0 0.45147058823529412 0.27169948942377831 0.049479166666666671 0.073250994533297364 0.11250973175725602 10.500000000000002 18.500000000000004 0.3696574416718979 0.033854166666666671 1.0000000180025095e-35 0.12421201642130983 0.37917885433686971 0.25000000000000017 0.30326947050547354 1 0.24657475959492811 0.060420512343985253 0.47500000000000003
decision_type=2 2 2 2 2 2 2 2 2 2 2 1 2 2 2 2 2 2 2 2 2 2 2 2 2 2 1 2 2 2
left_child=2 4 -1 -4 6 -5 11 26 -9 -10 -11 13 -13 -2 15 -14 17 20 -19 21 -17 -20 -18 25 -25 -15 -6 28 -28 -24
right_child=1 -3 3 5 7 -7 -8 8 9 10 -12 12 14 23 -16 16 22 18 19 -21 -22 -23 29 24 -26 -27 27 -29 -30 -31
leaf_value=0 -4.1153290884967301e-05 0.00129639293485184 0 0 0.00050730840297463634 0 0.00019510289378268892 -0.00016889008737826328 -0.00022730668970804343 0.00058765836308709589 -0.00047286877574496586 -0.00015459590231734871 3.1403305424502665e-06 -2.9150622348979535e-05 0.00011975726189966866 0.00023175714412501834 0.00053085816488447428 -0.00021919729770030174 -2.0349229627383431e-05 0.00038203858114661305 -1.2057177354392804e-05 -0.00014534189064830563 9.0802782297496573e-05 -6.6991690304056534e-05 0.00081322175670912238 0.00030348365034993938 -0.00020128819000396039 0.0003227451110309327 0.00023844440470873068 -7.6989151066381875e-05
leaf_weight=493 21 1493 36 26 376 48 167 22 22 114 22 24 198 112 51 36 34 24 28 21 29 38 25 36 20 217 21 628 23 51
leaf_count=493 21 1493 36 26 376 48 167 22 22 114 22 24 198 112 51 36 34 24 28 21 29 38 25 36 20 217 21 628 23 51
internal_value=-0.00231867 0.0013727 -0.0259054 -0.0209998 0.000508474 -0.0180808 -0.00015371 0.00111889 -0.000499997 0.000151898 0.0010147 -0.000481865 -0.00111248 0.000403845 -0.000869157 -0.00115289 -0.00203496 -0.0033068 -0.00483779 -0.00286204 -0.000692297 -0.0047272 1.11758e-10 0.000662336 -0.0018214 0.0010851 0.00139695 0.000888562 -0.00245449 -0.00134209
internal_weight=4456 3853 603 110 2360 74 1132 1228 180 158 136 965 559 406 535 484 286 176 111 87 65 66 110 385 56 329 1048 672 44 76
internal_count=4456 3853 603 110 2360 74 1132 1228 180 158 136 965 559 406 535 484 286 176 111 87 65 66 110 385 56 329 1048 672 44 76
cat_boundaries=0 1 2
cat_threshold=906 44
is_linear=0
shrinkage=0.03


Tree=130
num_leaves=31
num_cat=2
split_feature=0 10 0 6 7 6 5 17 19 7 1 4 3 3 7 6 1 1 11 17 5 6 13 7 19 17 7 0 7 3
split_gain=432.059 16.7646 4.82656 1.65514 0.657132 0.566766 0.785115 0.875712 0.577511 0.87779 0.643677 0.577461 0.722711 0.551059 0.961278 0.516654 0.572496 0.666294 0.492288 0.393985 0.434476 0.909177 0.784611 0.859225 0.36025 0.843035 0.7163 1.07393 0.698034 1.54021
threshold=1.0000000180025095e-35 0.25000000000000011 0.47556016327877837 0.18229779119656767 0.11992761639997179 0.24322262831717786 0.089587559161595678 0.22878903923070382 0 0.05468897878109228 0.059895833333333336 0.054687500000000007 0.059895833333333336 0.044270833333333336 0.084085449125830131 0.27050691244239639 0.039062500000000007 0.054687500000000007 0.6830127018922193 0.35286358607778068 0.093982420554428681 0.1494994438264739 1.0000000180025095e-35 0.058478410056899105 1 0.31099480895242965 0.030210256171992824 0.26844738175175836 0.020441236365108594 0.018229166666666668
decision_type=2 2 2 2 2 2 2 2 1 2 2 2 2 2 2 2 2 2 2 2 2 2 2 2 1 2 2 2 2 2
left_child=1 -1 3 19 5 -5 7 -7 9 -8 11 12 -11 14 15 16 -10 -18 -6 20 24 -22 23 -23 25 26 28 -28 29 -2
right_child=2 -3 -4 4 18 6 8 -9 13 10 -12 -13 -14 -15 -16 -17 17 -19 -20 -21 21 22 -24 -25 -26 -27 27 -29 -30 -31
leaf_value=0 9.22888276449509e-05 0 0.0012985458683014315 0.0004292866930405443 -0.00034347906534960376 0.00014619509338519842 0.00036790839301546833 -0.0001129202578641306 0.0004374390340212979 -0.00032396647145148578 0.00066639202336179907 -7.6791894572760842e-05 -0.00020608579704975744 0.0005603250329915023 -0.00013583184099395741 0.00042287995254049676 -0.00018425614429895114 0.00010880804798990038 0.00051344275037586401 0.00038335182956337452 -0.00014601993385291402 -0.00030664836405349538 0.00054614872357960204 0.00042441562104058499 2.2303570160790309e-06 0.00018518449937273332 8.188825832433813e-05 -0.00026492355417392601 8.9367514674143083e-06 -0.00011254961414218155
leaf_weight=579 28 30 1462 542 32 20 96 24 33 34 59 50 22 374 20 98 21 23 20 55 26 23 29 25 366 137 21 37 75 24
leaf_count=579 28 30 1462 542 32 20 96 24 33 34 59 50 22 374 20 98 21 23 20 55 26 23 29 25 366 137 21 37 75 24
internal_value=-0.00241847 -0.025867 0.00136335 0.000510804 0.00111989 0.00124152 0.000768878 -0.00313629 0.000975903 -0.000210331 -0.00154545 -0.00294337 -0.00503562 0.00149741 0.000230768 0.000942852 -0.000896092 -0.00313629 -0.00219227 -0.000546099 -0.000716813 -0.00253396 -0.000896092 -0.00324993 -0.000444767 -0.00115662 -0.0025135 -0.00527577 -0.00125196 -0.003923
internal_weight=4385 609 3776 2314 1468 1416 874 44 830 261 165 106 56 569 195 175 77 44 52 846 791 103 77 48 688 322 185 58 127 52
internal_count=4385 609 3776 2314 1468 1416 874 44 830 261 165 106 56 569 195 175 77 44 52 846 791 103 77 48 688 322 185 58 127 52
cat_boundaries=0 1 2
cat_threshold=387 49
is_linear=0
shrinkage=0.03


Tree=131
num_leaves=31
num_cat=2
split_feature=0 10 0 6 6 5 19 18 8 8 5 11 8 17 0 12 17 2 8 17 19 1 1 9 9 9 10 8 3 17
split_gain=432.059 16.7646 4.53744 1.312 0.699453 0.988365 0.774458 0.762798 0.945986 0.751473 1.3629 0.794874 0.618651 1.13654 0.637068 0.933157 0.593901 0.533314 0.515329 0.501536 0.479572 0.567161 0.483229 0.482711 0.446226 0.431759 0.410098 0.386644 0.45599 0.378992
threshold=1.0000000180025095e-35 0.25000000000000011 0.47556016327877837 0.18229779119656767 0.24322262831717786 0.089587559161595678 0 0.4661764705882353 0.129574486851217 0.14517803960434378 0.12457741717376607 0.25000000000000017 0.0917847730396293 0.34018381414347726 0.32319281828654317 1.0000000180025095e-35 0.22878903923070382 0.065104166666666671 0.096943484910633357 0.31759145956763773 1 0.039062500000000007 0.018229166666666668 0.8231218088986143 0.64843180160466829 0.6433260393873087 -0.5 0.13549404229770393 0.049479166666666671 0.30297185109541513
decision_type=2 2 2 2 2 2 1 2 2 2 2 2 2 2 2 2 2 2 2 2 1 2 2 2 2 2 2 2 2 2
left_child=1 -1 3 12 27 16 19 8 17 -10 -11 -12 20 14 18 -16 -6 -8 -14 -7 21 22 29 26 -9 -21 -22 -5 -29 -2
right_child=2 -3 -4 4 5 6 7 24 9 10 11 -13 13 -15 15 -17 -18 -19 -20 25 23 -23 -24 -25 -26 -27 -28 28 -30 -31
leaf_value=0 1.6145930232331106e-06 0 0.0012595894922523892 0.00045629146761414266 0.00014180924058364229 0.00043727803535147715 -0.0001116462995367558 -3.880510425410477e-07 -0.00039009804007234325 0.00058352857424660387 -6.5472085501921691e-05 -0.0012845563065180972 -0.00016302390342618644 0.00031529251176870245 -3.4208194028537501e-05 -0.00011618455952083899 -0.00010953265012820654 0.00092864744244140524 7.4663719753678061e-06 0.00025050038494004925 -7.1567512807395154e-05 -0.0001581206642396056 0.00018869086864096621 -0.00012714008524707088 0.00067306698159305808 -0.00024967953320121597 0.00033688849699564107 0.00058472093256796843 -0.00017327908047759522 -5.52116976753703e-05
leaf_weight=579 67 30 1462 459 20 375 20 189 20 26 20 21 23 64 43 40 24 40 50 41 33 44 172 26 82 35 194 65 31 90
leaf_count=579 67 30 1462 459 20 375 20 189 20 26 20 21 23 64 43 40 24 40 50 41 33 44 172 26 82 35 194 65 31 90
internal_value=-0.00241847 -0.025867 0.00136335 0.000536733 0.00107902 0.000568455 0.000790563 -0.000154205 -0.00189795 -0.00389651 -0.0023731 -0.00578035 -0.000404255 -0.00177272 -0.00315383 -0.00495175 -0.00381809 0.000999983 -0.00110957 0.0016334 7.66773e-05 -0.000603131 -0.000191489 0.00106083 0.000785975 -0.000552624 0.00154625 0.00191892 0.000187498 -0.0013949
internal_weight=4385 609 3776 2314 1468 913 869 418 147 87 67 41 846 220 156 83 44 60 73 451 626 373 329 253 271 76 227 555 96 157
internal_count=4385 609 3776 2314 1468 913 869 418 147 87 67 41 846 220 156 83 44 60 73 451 626 373 329 253 271 76 227 555 96 157
cat_boundaries=0 1 2
cat_threshold=108 531
is_linear=0
shrinkage=0.03


Tree=132
num_leaves=31
num_cat=0
split_feature=0 10 0 0 16 9 18 3 7 17 18 8 4 10 12 1 4 17 11 7 13 8 2 0 8 17 7 3 1 8
split_gain=431.806 16.7646 4.59272 0.923757 0.966704 0.730674 0.919899 1.13938 0.812294 0.791063 0.636563 1.15476 1.10345 0.526274 0.543782 0.789599 0.633651 0.575048 1.69182 0.659144 0.779188 0.542714 0.524426 0.508535 0.444532 0.384458 0.372003 0.359994 0.458808 0.353993
threshold=1.0000000180025095e-35 0.25000000000000011 0.47556016327877837 0.33835026822848241 18.500000000000004 0.1203501094091904 0.47794117647058826 0.039062500000000007 0.11992761639997179 0.34766520237455956 0.47205882352941181 0.083263918198748038 0.018229166666666668 -0.24999999999999994 1.0000000180025095e-35 0.059895833333333336 0.013020833333333334 0.26308399285167228 -0.5 0.049629439556436873 1.0000000180025095e-35 0.075223422284331695 0.013020833333333334 0.32838837274029392 0.34438673485346721 0.30945715551721215 0.060055430377196566 0.054687500000000007 0.075520833333333343 0.15159549182641893
decision_type=2 2 2 2 2 2 2 2 2 2 2 2 2 2 2 2 2 2 2 2 2 2 2 2 2 2 2 2 2 2
left_child=1 -1 3 4 10 6 -5 -8 13 -10 11 -2 22 21 24 16 -16 18 -18 -19 25 -7 -12 -6 29 -21 -27 -17 -29 -15
right_child=2 -3 -4 5 23 8 7 -9 9 -11 12 -13 -14 14 15 27 17 19 -20 20 -22 -23 -24 -25 -26 26 -28 28 -30 -31
leaf_value=0 5.7572123498458635e-06 0 0.0012218018074848169 9.2955391703558593e-05 4.2430855315247636e-05 -0.00016789992398304017 -0.00026733725715906746 8.9212097980188564e-05 -0.00029736472114094307 0.00067134103729295702 -0.00012850558927460931 -0.000106112191428713 0.00012268057975054215 0.00021671890204987511 -0.00011759538522856139 0.00044652414877694986 -0.00018677085814432568 0.00023784256802964667 0.00042265912566747543 0.00077553743238114778 -0.00034489897132152842 0.00062117581891405491 -3.891586095345631e-05 -5.6999089849164161e-05 -0.00011407936522720612 -0.00010842248815424485 0.00032811697344946149 -0.00012387196083768536 0.0011291791705843705 0.00040310196339133611
leaf_weight=579 29 30 1462 59 398 21 21 26 37 25 22 38 73 459 30 90 25 101 42 29 28 460 26 27 20 20 28 34 26 120
leaf_count=579 29 30 1462 59 398 21 21 26 37 25 22 38 73 459 30 90 25 101 42 29 28 460 26 27 20 20 28 34 26 120
internal_value=-0.00242531 -0.025867 0.0013554 0.000523768 -0.000474714 0.000883597 -0.00152829 -0.00465948 0.00104389 -0.00232254 -0.00226595 -0.00461187 -0.000966934 0.00118004 0.000804182 1.98676e-05 -0.000861383 -0.000406592 -0.00282085 0.000378639 -0.0012857 0.00200207 -0.00449991 0.000317646 0.00139733 0.000272724 -0.00137497 0.00179999 1.11757e-10 0.00154922
internal_weight=4385 609 3776 2314 613 1701 106 47 1595 62 188 67 121 1533 1052 453 303 273 67 206 105 481 48 425 599 77 48 150 60 579
internal_count=4385 609 3776 2314 613 1701 106 47 1595 62 188 67 121 1533 1052 453 303 273 67 206 105 481 48 425 599 77 48 150 60 579
is_linear=0
shrinkage=0.03


Tree=133
num_leaves=31
num_cat=1
split_feature=20 10 20 6 8 13 16 8 8 2 5 20 20 19 7 10 5 5 11 2 6 6 16 18 10 9 9 6 5 13
split_gain=430.547 16.7646 4.72771 1.53752 1.01598 0.747935 0.733056 1.16335 1.74015 0.86849 0.721353 0.844435 0.788529 0.644771 0.641336 0.570506 0.534371 0.498557 0.479214 0.650432 0.515014 0.924627 0.736318 0.759977 0.684924 0.562468 0.45917 0.853716 0.434227 0.699047
threshold=1.0000000180025095e-35 0.25000000000000011 0.47556016327877837 0.179961862386779 0.0917847730396293 -0.56174490092936669 6.5000000000000009 0.12711936694370876 0.13902392545863385 0.070312500000000014 0.10425963488843815 0.31796113298444179 0.34766968031203666 0 0.11992761639997179 1.0000000180025095e-35 0.0764029749830967 0.050202839756592295 0.25000000000000017 0.10156250000000001 0.29170506912442401 0.24322262831717786 28.500000000000004 0.47205882352941181 0.25000000000000011 0.65134938001458809 0.57622173595915405 0.26853646909264267 0.040398918187964851 1.0000000180025095e-35
decision_type=2 2 2 2 2 2 2 2 2 2 2 2 2 1 2 2 2 2 2 2 2 2 2 2 2 2 2 2 2 2
left_child=1 -1 3 4 13 16 7 -5 -9 -10 11 17 -13 -2 18 -16 -6 -7 19 20 21 -8 23 -23 26 -26 27 -24 29 -15
right_child=2 -3 -4 6 5 10 14 8 9 -11 -12 12 -14 28 15 -17 -18 -19 -20 -21 -22 22 24 -25 25 -27 -28 -29 -30 -31
leaf_value=0 0.00028535956180650247 0 0.0011851477532602722 0.00042242552049264593 -0.00016023960293168446 -8.8606969594939898e-05 0.00029796517609427412 -0.00037778499690024615 0.0002465735710704439 -0.00033033548915545243 0.00053454191387529762 -9.8549038667920965e-05 -7.775156380468036e-05 -1.0558018601982983e-06 0.00049682822797953482 -0.00037466336268147758 -3.4452396876442471e-05 0.00011262524347055959 0.00057363885969659409 -0.00016075687854612966 0.00051371083022169078 0.00010862817009452836 -0.00026089791231688052 -0.00022571234049593894 -0.00036631556194077525 2.1705439150848274e-06 0.00049514603588917913 0.00063144637593139216 -5.1214818690331116e-06 -5.7389013701842052e-05
leaf_weight=579 163 30 1462 104 23 26 324 31 76 20 40 25 31 41 21 26 40 28 374 28 199 32 22 36 24 48 101 24 387 20
leaf_count=579 163 30 1462 104 23 26 324 31 76 20 40 25 31 41 21 26 40 28 374 28 199 32 22 36 24 48 101 24 387 20
internal_value=-0.00245952 -0.025867 0.00131568 0.00047191 -0.00056796 -0.0023521 0.00104698 -0.000506491 -0.00243305 -0.000437495 -0.00119999 -0.00245452 -0.00503562 5.40098e-05 0.00133201 -0.00210634 -0.00509516 0.000222218 0.00146535 0.00106682 0.00122222 0.000790506 -0.000449476 -0.00317642 0.000397259 -0.00199997 0.00157142 -0.000913023 -0.000537117 -0.00290159
internal_weight=4385 609 3776 2314 824 213 1490 231 127 96 150 110 56 611 1259 47 63 54 1212 838 810 611 287 68 219 72 147 46 448 61
internal_count=4385 609 3776 2314 824 213 1490 231 127 96 150 110 56 611 1259 47 63 54 1212 838 810 611 287 68 219 72 147 46 448 61
cat_boundaries=0 1
cat_threshold=416
is_linear=0
shrinkage=0.03


Tree=134
num_leaves=31
num_cat=0
split_feature=0 0 16 12 6 11 16 5 7 6 13 8 17 0 8 7 9 0 7 5 13 11 16 7 7 9 13 9 11 4
split_gain=429.541 4.68239 3.53913 2.46113 1.78828 0.984906 1.19042 2.33036 1.0844 0.995087 0.853801 0.613705 0.923185 0.637068 1.25304 0.620463 0.590038 1.23413 0.580115 0.492211 0.593243 0.465292 0.461233 0.519464 0.757816 0.585827 0.786801 0.643304 0.565893 0.628699
threshold=1.0000000180025095e-35 0.49771850048640126 29.500000000000004 -1.0000000180025095e-35 0.18229779119656767 0.93301270189221952 6.5000000000000009 0.13894523326572011 0.11596544270602603 0.31290322580645169 1.0000000180025095e-35 0.0917847730396293 0.34018381414347726 0.32319281828654317 0.10192442018860086 0.05222052120960112 0.1203501094091904 0.41342993139342915 0.024356284575033051 0.040398918187964851 1.0000000180025095e-35 0.25000000000000017 1.5000000000000002 0.030929648754824384 0.032490094780800609 0.78264040846097749 1.0000000180025095e-35 0.32239241429613436 -0.5 0.023437500000000003
decision_type=2 2 2 2 2 2 2 2 2 2 2 2 2 2 2 2 2 2 2 2 2 2 2 2 2 2 2 2 2 2
left_child=2 4 -1 -4 11 8 7 9 16 -7 -5 19 13 18 15 -15 17 -6 -13 20 -2 -18 -21 -24 -25 27 -27 -26 29 -29
right_child=1 -3 3 10 5 6 -8 -9 -10 -11 -12 12 -14 14 -16 -17 21 -19 -20 22 -22 -23 23 24 25 26 -28 28 -30 -31
leaf_value=0 1.2688283311083003e-05 0.0017556390960440727 0 0 0.00026383273873284137 -0.00031915745685655604 0.00041361990389660763 -0.0006073895444461164 -0.00024153130114242305 0.00035943874893401952 0 -7.9590290824381913e-05 0.00027673284585155391 -2.0833195666283078e-05 -8.1784306216195075e-05 -0.00023156388406480872 0.00031089487763296249 -0.00037455595306970345 2.0927496757742754e-05 -5.3224359052925789e-05 -4.9047092076223992e-05 0.00068116740447789897 0.00012933503488393467 -0.00026076153293446097 -0.00020926868799697095 -0.00018059654126852145 0.00013570066709970796 -0.00010097248496209802 0.00035789465803590239 0.00031785828245935952
leaf_weight=489 43 1136 43 37 52 20 69 22 58 39 40 28 64 41 21 21 1030 20 45 21 22 484 221 25 20 30 21 60 121 42
leaf_count=489 43 1136 43 37 52 20 69 22 58 39 40 28 64 41 21 21 1030 20 45 21 22 484 221 25 20 30 21 60 121 42
internal_value=-0.00248689 0.0012839 -0.025867 -0.0212498 0.000590909 0.00112709 -0.00119999 -0.00366662 0.00133942 -0.000559312 -0.0180387 -0.000546099 -0.00190908 -0.00315383 -0.00495175 -0.00280641 0.00148676 -0.00116665 -0.00110957 -6.70924e-05 -0.00253842 0.00161294 0.000219251 0.000388888 -0.000385579 4.08163e-05 -0.0028823 0.000654318 0.00111659 -0.000529406
internal_weight=4385 3776 609 120 2640 1794 150 81 1644 59 77 846 220 156 83 62 1586 72 73 626 65 1514 561 540 319 294 51 243 223 102
internal_count=4385 3776 609 120 2640 1794 150 81 1644 59 77 846 220 156 83 62 1586 72 73 626 65 1514 561 540 319 294 51 243 223 102
is_linear=0
shrinkage=0.03


Tree=135
num_leaves=31
num_cat=0
split_feature=0 10 6 0 11 17 16 18 8 9 5 7 11 7 1 6 6 9 17 5 17 9 8 0 6 0 6 9 9 18
split_gain=422.049 14.7938 4.073 0.787486 0.800474 1.19471 2.1419 0.641753 1.21096 0.734561 0.624938 0.61133 0.699828 0.609417 0.73135 0.592112 0.894436 0.621541 0.736672 0.993175 0.60159 0.545091 0.827861 0.715753 0.810464 0.479919 0.671004 0.477219 0.552732 0.632918
threshold=1.0000000180025095e-35 0.25000000000000011 0.29631336405529957 0.50105252437683734 0.93301270189221952 0.21947068334609829 10.500000000000002 0.47500000000000003 0.16531796151224473 0.22137126185266232 0.12018255578093308 0.095129496739318989 -0.68301270189221952 0.053262949793462168 0.054687500000000007 0.19549411162314392 0.24182424916573975 0.65864332603938747 0.34018381414347726 0.093982420554428681 0.32079294792226054 0.57330415754923425 0.096551327259016217 0.31796113298444179 0.11622437629111713 0.2426380079608694 0.076530612244897975 0.83916849015317307 0.73668854850474119 0.4485294117647059
decision_type=2 2 2 2 2 2 2 2 2 2 2 2 2 2 2 2 2 2 2 2 2 2 2 2 2 2 2 2 2 2
left_child=1 -1 7 4 11 -6 -7 8 15 13 -10 -4 -13 -9 -15 17 -17 18 19 21 -19 -2 23 24 -23 26 -11 28 29 -18
right_child=2 -3 3 -5 5 6 -8 9 10 25 -12 12 -14 14 -16 16 27 20 -20 -21 -22 22 -24 -25 -26 -27 -28 -29 -30 -31
leaf_value=0 8.5867371919288983e-07 0 0.0006437741285970119 0.0018916986336161338 0.00028725936311751581 -0.00051421427432858625 0.00058012940062626402 1.3034981512313403e-05 -1.5196584953850515e-05 0.00014431287194329888 -0.00037867373993009403 -0.00019830382456366186 0.0012318423668219839 -0.00033199749662948526 0.00021014324000439506 0.00042314645344291641 -0.00022686590177522015 0.00019130078410723239 0.00076918770624500514 -0.00027985718231080187 -7.106826342918838e-05 3.99773044755374e-06 -0.00011026848043646589 0.0002526427439937141 -6.1269399390020065e-05 0.00024435095974267591 -3.3610955176035135e-05 0.00058066472465546914 -0.00022826781664085917 0.00010196524005924549
leaf_weight=560 116 31 487 1069 78 29 22 52 20 35 20 39 29 26 21 207 22 85 28 25 25 28 21 21 22 997 26 47 26 163
leaf_count=560 116 31 487 1069 78 29 22 52 20 35 20 39 29 26 21 207 22 85 28 25 25 28 21 21 22 997 26 47 26 163
internal_value=-0.002305 -0.0258832 0.00137559 0.00243525 0.00164035 -0.000488368 -0.00405874 0.000461879 -0.000150685 0.000925669 -0.00524987 0.00213513 -0.000529404 -0.00154544 -0.00402119 9.33014e-05 0.00080645 -0.000800537 -0.00159769 -0.00215021 0.0010909 -0.00147115 -0.00319562 -0.00164786 -0.00359993 0.0011569 -0.00142621 -0.000372091 -0.000981038 -0.000405403
internal_weight=4377 591 3786 1753 684 129 51 2033 876 1157 40 555 68 99 47 836 465 371 261 233 110 208 92 71 50 1058 61 258 211 185
internal_count=4377 591 3786 1753 684 129 51 2033 876 1157 40 555 68 99 47 836 465 371 261 233 110 208 92 71 50 1058 61 258 211 185
is_linear=0
shrinkage=0.03


Tree=136
num_leaves=31
num_cat=0
split_feature=20 6 16 12 7 17 5 16 5 9 20 11 17 16 7 7 9 7 6 5 18 16 16 16 7 9 7 18 6 6
split_gain=421.313 4.22996 3.2477 2.30052 0.862215 2.71462 0.786536 0.83444 1.06497 0.727838 0.671083 0.58212 0.926377 1.826 0.541592 1.14402 0.740992 0.517083 0.493549 0.624707 0.512221 0.479548 0.641979 1.24292 2.1213 0.843836 0.478223 0.449998 0.537553 0.564646
threshold=1.0000000180025095e-35 0.307373271889401 29.500000000000004 -1.0000000180025095e-35 0.11992761639997179 0.36673474597906569 0.096179851250845175 4.5000000000000009 0.082995267072346182 0.60357403355215189 0.50105252437683734 0.93301270189221952 0.21947068334609829 10.500000000000002 0.040747545603109198 0.045406247467067069 0.57330415754923425 0.017764635875994323 0.12184967424122044 0.055780933062880331 0.47205882352941181 27.500000000000004 13.500000000000002 16.500000000000004 0.058478410056899105 0.12946754194018967 0.049184323483876809 0.47500000000000003 0.2649769585253457 0.28617511520737338
decision_type=2 2 2 2 2 2 2 2 2 2 2 2 2 2 2 2 2 2 2 2 2 2 2 2 2 2 2 2 2 2
left_child=2 4 -1 -4 6 -6 7 8 9 -2 11 -3 -13 -14 17 16 -16 -9 -19 20 -20 22 -8 24 -24 -25 -23 28 -28 -30
right_child=1 10 3 -5 5 -7 21 14 -10 -11 -12 12 13 -15 15 -17 -18 18 19 -21 -22 26 23 25 -26 -27 27 -29 29 -31
leaf_value=0 7.0935676141556966e-05 0.00060745048078306011 0 0 -0.00038523032859918261 0.00092082611212099003 0.00034734320514782046 -3.1830841229575222e-05 -0.00018817344086340541 -7.3434274719141467e-05 0.0018660351297863657 0.00027864158222399026 -0.00068356593217941408 0.00053584096204753473 3.4986225904362916e-07 6.798168405439993e-06 -0.00016195889505105614 0.00021326557303250629 -4.5586293105134124e-05 9.7714177260746046e-05 0.00015456618343573489 0.0004186824751701635 -0.00022224682309625085 -0.00035452224298198459 0.00055581033628489143 0.00022166316454584058 0.00020356298065933031 0.00038952986903095153 -0.00010422220760222924 0.0001833928253320621
leaf_weight=472 48 468 43 76 24 28 288 80 24 21 1060 78 25 21 26 176 39 215 23 201 22 244 22 22 20 131 115 288 46 31
leaf_count=472 48 468 43 76 24 28 288 80 24 21 1060 78 25 21 26 176 39 215 23 201 22 244 22 22 20 131 115 288 46 31
internal_value=-0.00232556 0.00135182 -0.0258832 -0.0214536 0.000469541 -0.00334609 0.000564841 -0.00012 -0.00280642 -0.00091303 0.00249152 0.00168243 -0.00014516 -0.00352166 0.000199488 -0.000983398 -0.00438455 0.000726431 0.0011128 0.000195121 -0.00299993 0.00106131 0.000329192 -0.000999995 -0.0055713 0.0002549 0.00154972 0.000999998 -0.000124999 -0.00206491
internal_weight=4377 3786 591 119 2134 52 2082 875 93 69 1652 592 124 46 782 241 65 541 461 246 45 1207 483 195 42 153 724 480 192 77
internal_count=4377 3786 591 119 2134 52 2082 875 93 69 1652 592 124 46 782 241 65 541 461 246 45 1207 483 195 42 153 724 480 192 77
is_linear=0
shrinkage=0.03


Tree=137
num_leaves=31
num_cat=0
split_feature=20 10 6 18 8 16 5 16 7 20 9 11 16 7 6 6 12 3 4 7 6 16 11 1 7 6 6 6 9 6
split_gain=421.559 14.7938 4.03856 0.744962 1.60369 2.29194 0.815069 1.0257 1.37435 0.635708 0.566563 0.544222 0.902759 0.624953 0.469667 1.17296 0.669707 0.518551 0.434325 0.424588 0.406145 0.401027 0.389345 0.527761 0.753774 0.697144 0.432884 0.838049 0.770781 0.885473
threshold=1.0000000180025095e-35 0.25000000000000011 0.307373271889401 0.47500000000000003 0.16531796151224473 29.500000000000004 0.096179851250845175 6.5000000000000009 0.030929648754824384 0.50532152180681911 0.23450036469730126 0.93301270189221952 4.5000000000000009 0.05578386221791292 0.15714285714285717 0.12841252184967428 -1.0000000180025095e-35 0.054687500000000007 0.013020833333333334 0.053262949793462168 0.085164835164835181 18.500000000000004 0.6830127018922193 0.023437500000000003 0.047824124604727077 0.27880184331797242 0.24182424916573975 0.19549411162314392 0.51531728665207888 0.2649769585253457
decision_type=2 2 2 2 2 2 2 2 2 2 2 2 2 2 2 2 2 2 2 2 2 2 2 2 2 2 2 2 2 2
left_child=1 -1 3 4 6 -6 7 8 -2 11 19 -4 13 -13 15 20 -17 -16 21 -5 -9 -12 23 -8 -25 26 27 -26 -28 -30
right_child=2 -3 9 10 5 -7 22 14 -10 -11 18 12 -14 -15 17 16 -18 -19 -20 -21 -22 -23 -24 24 25 -27 28 -29 29 -31
leaf_value=0 9.0117396493002331e-06 0 0.00059727497300510451 2.3268518314275195e-05 0.00019117084788259511 -0.00035645392182921551 0.00037029594744953612 -0.00010429394736570438 -9.2054242201462604e-05 0.0019225785119385544 -6.3393379804925392e-05 2.6756995406565366e-06 0.00041657102646561168 -0.0008488539677042608 0.00023439029107328064 -0.00018274701085816951 -4.3279661540186878e-05 -6.1798150147974342e-05 0.0002614251222891877 -0.00015762475617434667 0.00012544535054685282 3.4657977063001121e-05 0.00086109057222690725 0.00035578172014661525 -0.00029410788262283029 0.00050314919692235152 -0.00028706533356699399 0.00033815197920357149 0.00018784030747346904 -0.00019546302729334613
leaf_weight=560 34 31 509 55 21 24 106 26 26 1013 35 20 90 20 80 28 49 30 903 56 112 159 71 102 22 55 21 51 30 38
leaf_count=560 34 31 509 55 21 24 106 26 26 1013 35 20 90 20 80 28 49 30 903 56 112 159 71 102 22 55 21 51 30 38
internal_value=-0.00231871 -0.0258832 0.00135975 0.000497657 -0.000142548 -0.00566654 0.000139614 -0.000896101 -0.00449992 0.00247336 0.00098841 0.00173239 1.11758e-10 -0.00374991 -0.000230768 -0.00104651 -0.00401293 0.00136362 0.00119508 -0.00105404 0.000608691 -9.27829e-05 0.000943547 0.000599999 -9.40425e-06 -0.00100921 -0.00199999 -0.000287667 -0.00340446 -0.00185291
internal_weight=4377 591 3786 2134 926 45 881 385 60 1652 1208 639 130 40 325 215 77 110 1097 111 138 194 496 425 319 217 162 73 89 68
internal_count=4377 591 3786 2134 926 45 881 385 60 1652 1208 639 130 40 325 215 77 110 1097 111 138 194 496 425 319 217 162 73 89 68
is_linear=0
shrinkage=0.03


Tree=138
num_leaves=31
num_cat=2
split_feature=0 10 6 19 6 16 19 7 7 2 6 9 7 0 7 11 17 16 11 9 6 6 7 6 10 4 0 6 13 3
split_gain=421.313 14.7938 4.09624 0.837433 1.56924 1.05347 0.890125 1.14729 1.43355 0.952341 0.717334 0.826729 0.823899 0.635708 0.605751 0.544222 0.812486 1.157 0.518124 0.62464 0.632184 2.0104 0.513596 0.507437 0.998483 0.762869 0.547814 0.466326 0.622985 0.608756
threshold=1.0000000180025095e-35 0.25000000000000011 0.307373271889401 0 0.28433179723502316 6.5000000000000009 1 0.047824124604727077 0.034936295407687758 0.023437500000000003 0.179961862386779 0.94493070751276453 0.040747545603109198 0.50532152180681911 0.070577206193085482 0.93301270189221952 0.21947068334609829 10.500000000000002 0.25000000000000017 0.57622173595915405 0.2600985221674878 0.25072302558398224 0.017764635875994323 0.24377880184331804 0.25000000000000011 0.028645833333333336 0.42141001303737941 0.14199904655966952 1.0000000180025095e-35 0.018229166666666668
decision_type=2 2 2 1 2 2 1 2 2 2 2 2 2 2 2 2 2 2 2 2 2 2 2 2 2 2 2 2 2 2
left_child=1 -1 3 4 -2 6 -5 8 9 -8 12 18 22 15 -9 -4 -17 -18 19 20 21 -12 -7 -21 -25 -26 -27 -14 29 -29
right_child=2 -3 13 5 -6 10 7 14 -10 -11 11 -13 27 -15 -16 16 17 -19 -20 23 -22 -23 -24 24 25 26 -28 28 -30 -31
leaf_value=0 -1.3811211107632628e-05 0 0.0005793567238149515 0.00011459738995404056 -0.00059865131943732583 -3.1498800261661485e-05 -3.2929362650439839e-05 0.00032160008473927062 -0.00017107258190483026 0.00020165787502913782 0.00013564001710689741 -5.8788541488823913e-05 3.4961106473053985e-05 0.0018649011565803979 -0.00033212077866981817 0.00023186463851162199 -0.00061038018998950242 0.00041445340952491182 0.00071921813236874019 0.00046922544629006185 0.00045780471042776427 -0.0002784533697783572 0.00016999898915660169 0.00044204456219761913 -0.00047611625240464298 -0.00015066917864397044 0.00029539051236944801 -0.00016477373373003244 4.6432895385863289e-06 -0.0001256765478804247
leaf_weight=560 301 31 509 109 28 70 28 43 29 20 110 20 97 1013 22 80 26 24 269 185 39 21 312 180 24 35 80 24 43 45
leaf_count=560 301 31 509 109 28 70 28 43 29 20 110 20 97 1013 22 80 26 24 269 185 39 21 312 180 24 35 80 24 43 45
internal_value=-0.00232556 -0.0258832 0.00135182 0.000483599 -0.000893803 0.000735537 -0.00106374 -0.0025263 -0.00518175 -0.00199996 0.00103089 0.00153582 0.000208122 0.00247336 0.000230766 0.00173239 1.11758e-10 -0.00299994 0.00166384 0.00121958 -0.000352939 -0.00135113 0.00103665 0.00175 0.00102508 -0.000884886 0.000130434 -0.00130621 -0.00262498 -0.00439124
internal_weight=4377 591 3786 2134 329 1805 251 142 77 48 1554 963 591 1652 65 639 130 50 943 674 170 131 382 504 319 139 115 209 112 69
internal_count=4377 591 3786 2134 329 1805 251 142 77 48 1554 963 591 1652 65 639 130 50 943 674 170 131 382 504 319 139 115 209 112 69
cat_boundaries=0 1 2
cat_threshold=16 388
is_linear=0
shrinkage=0.03


Tree=139
num_leaves=31
num_cat=1
split_feature=20 10 20 5 16 9 7 7 18 19 17 2 20 16 9 10 9 2 16 5 4 11 3 20 16 7 9 20 4 9
split_gain=422.54 14.7938 3.81589 0.816232 0.833523 0.644036 0.556629 1.09708 0.683368 0.502717 0.552546 0.748041 0.888169 0.674816 0.493657 0.374194 0.690504 0.679161 0.545084 1.10496 0.721897 0.505035 0.55402 0.697223 0.629861 0.79733 0.691014 0.638148 0.725909 0.35429
threshold=1.0000000180025095e-35 0.25000000000000011 0.50532152180681911 0.096179851250845175 4.5000000000000009 0.59263311451495271 0.040882472730218208 0.045406247467067069 0.47794117647058826 0 0.30149451697434415 0.059895833333333336 0.41876820771680739 15.500000000000002 0.94493070751276453 -0.24999999999999994 0.1203501094091904 0.028645833333333336 7.5000000000000009 0.16734279918864101 0.033854166666666671 0.25000000000000017 0.11718750000000001 0.42141001303737941 19.500000000000004 0.052430665001144454 0.70386579139314387 0.37917885433686971 0.033854166666666671 0.60649161196207169
decision_type=2 2 2 2 2 2 2 2 2 1 2 2 2 2 2 2 2 2 2 2 2 2 2 2 2 2 2 2 2 2
left_child=1 -1 3 4 5 -2 29 8 -8 10 -5 12 -12 -14 15 16 17 -11 19 20 -17 22 23 24 -20 -26 27 -27 -29 -6
right_child=2 -3 -4 9 6 -7 7 -9 -10 14 11 -13 13 -15 -16 18 -18 -19 21 -21 -22 -23 -24 -25 25 26 -28 28 -30 -31
leaf_value=0 -3.258946658818924e-06 0 0.0017493589481490995 0.00022549812329610878 5.8650292319293845e-06 -8.0236738217943747e-05 -9.1591559644994908e-05 1.5484559816121031e-05 0.00018138235012520138 -0.00033204651246333935 0.00054013652098079483 -0.00025579178419487083 0.00049835361355496973 -0.00043840906276244212 -3.3358551076535521e-05 -0.0001982165431854044 0.00057042174990374456 0.00019762150019789527 -0.00020227623090276036 -0.00021084163839226589 0.00019460620891701964 0.00044663636235242425 -0.00036102175003182164 0.00039598754856225296 0.00075965605341827419 0.00020559122317392647 0.00017471114217222481 -3.1334504520306651e-05 -0.00028579883319992309 0.00014434642842406633
leaf_weight=560 68 31 1037 61 303 29 41 182 21 22 43 27 27 31 26 28 547 49 22 37 95 287 29 359 60 23 26 31 32 243
leaf_count=560 68 31 1037 61 303 29 41 182 21 22 43 27 27 31 26 28 547 49 22 37 95 287 29 359 60 23 26 31 32 243
internal_value=-0.00229129 -0.0258832 0.00139144 0.000806475 5.74972e-05 -0.00256698 0.000379746 -0.000811472 -0.004258 0.00116326 -0.000316581 -0.00145311 -0.000267324 -0.00268961 0.00132442 0.00139708 0.00198058 -0.000802805 0.00104665 -0.000562496 0.000804872 0.00134292 0.00083505 0.00104701 -0.00040206 0.000209301 -0.0012857 -0.00258137 -0.00414279 0.000912086
internal_weight=4377 591 3786 2749 887 97 790 244 62 1862 189 128 101 58 1673 1647 618 71 1029 160 123 869 582 553 194 172 112 86 63 546
internal_count=4377 591 3786 2749 887 97 790 244 62 1862 189 128 101 58 1673 1647 618 71 1029 160 123 869 582 553 194 172 112 86 63 546
cat_boundaries=0 1
cat_threshold=16
is_linear=0
shrinkage=0.03


Tree=140
num_leaves=31
num_cat=3
split_feature=0 10 6 0 16 0 18 8 19 16 2 7 17 17 3 8 19 9 19 6 6 2 17 2 3 16 0 17 6 10
split_gain=430.484 17.0679 4.85106 1.24607 1.07955 0.922344 0.894595 0.848936 0.799297 1.84132 0.864573 0.72929 1.21938 0.649567 0.773203 0.627606 0.533412 0.531917 0.496728 0.657824 0.667223 0.892769 0.583766 0.463434 0.430438 0.415656 1.1914 0.605693 0.850299 1.07061
threshold=1.0000000180025095e-35 0.25000000000000011 0.30552995391705079 0.33835026822848241 12.500000000000002 0.50628773408195216 0.46911764705882358 0.17796410352255287 0 5.5000000000000009 0.070312500000000014 0.11596544270602603 0.39080606492770981 0.25582268860463825 0.065104166666666671 0.048941888537464513 1 0.94493070751276453 2 0.24557444779914192 0.19917368504687752 0.033854166666666671 0.33967321930048516 0.028645833333333336 0.028645833333333336 7.5000000000000009 0.43842350831776183 0.34067313420134465 0.26197362148418885 0.25000000000000011
decision_type=2 2 2 2 2 2 2 2 1 2 2 2 2 2 2 2 1 2 1 2 2 2 2 2 2 2 2 2 2 2
left_child=1 -1 3 4 6 7 -2 -4 9 -9 -11 17 -13 -10 -15 -6 23 18 -5 20 21 22 -20 -17 -23 26 -21 28 -27 -30
right_child=2 -3 5 11 15 -7 -8 8 13 10 -12 12 -14 14 -16 16 -18 -19 19 25 -22 24 -24 -25 -26 27 -28 -29 29 -31
leaf_value=0 -6.9500438327659578e-05 0 0.00056695362592725873 0.00021023850362830276 0.00035813979669213923 0.0017606974106511469 -1.2628480277289166e-05 -0.00035691021659969163 0.00037138394312427012 0.00067763149714107672 -0.00030816000504861032 -0.00037243033775824627 0.00085899093121692314 0.00032632232389304209 -0.00022453330087674351 -6.7100364357919261e-05 8.7790116300368571e-05 -0.00018524039224731008 0.00071480480474920129 0.00014745907852462301 0.00050601219623243657 -0.00010259027118373193 -0.00016705444701857648 0.00012765068693696178 -6.2520444448722526e-05 -0.00015688364899251475 -0.00036910500522636979 0.00088383998297571144 0.00081042967429583433 -0.00022127615838895548
leaf_weight=586 31 32 376 785 65 1024 127 25 136 46 33 37 22 26 20 183 112 22 54 35 225 25 20 74 23 42 24 55 58 57
leaf_count=586 31 32 376 785 65 1024 127 25 136 46 33 37 22 26 20 183 112 22 54 35 225 25 20 74 23 42 24 55 58 57
internal_value=-0.00263014 -0.0258349 0.00118182 0.000210983 -0.000952701 0.00237722 -0.00307593 0.00150453 0.000272726 -0.00173683 0.000341768 0.000675202 -0.00259318 0.00143749 -0.00156518 -0.000179723 -0.000658535 0.000810526 0.000883107 0.000229299 0.00109798 -0.000688519 0.00137836 -0.00138202 -0.00387492 -0.000874535 -0.00310164 -0.000254716 -0.00120381 0.000130434
internal_weight=4380 618 3762 2076 592 1686 158 662 286 104 79 1484 59 182 46 434 369 1425 1403 618 347 122 74 257 48 271 59 212 157 115
internal_count=4380 618 3762 2076 592 1686 158 662 286 104 79 1484 59 182 46 434 369 1425 1403 618 347 122 74 257 48 271 59 212 157 115
cat_boundaries=0 1 2 3
cat_threshold=705 597 361
is_linear=0
shrinkage=0.03


Tree=141
num_leaves=31
num_cat=2
split_feature=20 10 6 6 20 3 8 17 6 19 20 13 8 6 16 10 18 9 4 6 16 19 8 6 16 8 18 1 16 9
split_gain=431.755 17.0679 4.7012 1.1106 0.940287 0.969047 0.937446 0.975093 0.915786 0.888295 0.750764 0.68975 0.583338 0.509764 0.659698 0.491935 1.05074 0.519795 0.645081 0.507266 1.12439 0.485096 1.03389 2.01087 0.536803 1.33327 0.475697 0.617402 0.631152 0.498618
threshold=1.0000000180025095e-35 0.25000000000000011 0.29631336405529957 0.18530465949820793 0.52080508158020811 0.16927083333333334 0.10133922723468335 0.34067313420134465 0.24557444779914192 0 0.36122051423350005 1.0000000180025095e-35 0.13480005795791297 0.21787360105332459 6.5000000000000009 0.25000000000000011 0.45441176470588235 0.57622173595915405 0.070312500000000014 0.25576036866359453 20.500000000000004 1 0.22119407178140213 0.3147465437788019 3.5000000000000004 0.21176080412325526 0.47500000000000003 0.028645833333333336 12.500000000000002 0.78264040846097749
decision_type=2 2 2 2 2 2 2 2 2 1 2 2 2 2 2 2 2 2 2 2 2 1 2 2 2 2 2 2 2 2
left_child=1 -1 3 6 5 12 9 11 13 -2 -10 -8 -4 14 -5 19 -17 -18 -19 20 -12 22 23 -14 25 -23 27 28 -11 -28
right_child=2 -3 4 8 -6 -7 7 -9 10 26 15 -13 21 -15 -16 16 17 18 -20 -21 -22 24 -24 -25 -26 -27 29 -29 -30 -31
leaf_value=0 0.00045688137506482736 0 0.00069615935053463356 -0.00013597490388684379 0.0021541529864986717 -0.00021724707709028351 -7.1710616577458946e-05 0.00037193273374805532 -4.9400833236401698e-05 -3.7168131541442378e-05 -0.00020606037068370055 -2.0987308032951655e-05 0.00054779331149528538 0.00049828532977590342 0.00017458963272679376 -0.00024565161056470822 0.00058125310658571269 -8.1227386259062329e-06 -0.00032667800313273138 0.00037649588076185648 0.00010644322426916133 0.00024202808942712985 0.00041947410250384924 -0.00052674166153581317 0.00043409999266621411 -0.00026142676183234378 2.6984333966387487e-06 -0.00041504824038508234 -2.2590486178505538e-05 -0.00011162673571348309
leaf_weight=586 129 32 315 26 931 25 34 30 32 55 21 29 25 346 210 25 54 139 20 231 41 28 58 22 353 21 312 22 176 52
leaf_count=586 129 32 315 26 931 25 34 30 32 55 21 29 25 346 210 25 54 139 20 231 41 28 58 22 353 21 312 22 176 52
internal_value=-0.00259589 -0.0258349 0.00122169 0.000217742 0.00234196 0.00161865 -0.000611441 -0.00345158 0.000825327 -0.000257372 -3.73e-05 -0.00557134 0.00179562 0.00165979 0.000584743 0.000231638 -0.000781509 -9.8591e-05 -0.000962258 0.0010546 -0.00135482 0.00116568 -0.000652168 -0.00402119 0.0016165 -0.00128569 -0.000732056 -0.00174308 -0.00128571 -4.94503e-05
internal_weight=4380 618 3762 1984 1778 847 839 93 1145 746 563 63 822 582 236 531 238 213 159 293 62 507 105 47 402 49 617 253 231 364
internal_count=4380 618 3762 1984 1778 847 839 93 1145 746 563 63 822 582 236 531 238 213 159 293 62 507 105 47 402 49 617 253 231 364
cat_boundaries=0 1 2
cat_threshold=170 261
is_linear=0
shrinkage=0.03


Tree=142
num_leaves=31
num_cat=3
split_feature=0 10 6 16 11 7 6 0 0 8 8 8 19 16 0 11 7 2 19 8 12 8 10 19 5 6 7 18 7 8
split_gain=430.484 17.0679 5.14419 1.04859 1.11732 1.73209 0.942547 0.809654 0.804205 0.860647 1.31729 0.755434 1.07845 1.60089 0.699872 0.659431 0.747113 0.568873 0.545324 1.12214 0.728135 0.620336 0.544508 0.629456 0.650558 0.517398 0.679684 0.514967 0.508888 0.458708
threshold=1.0000000180025095e-35 0.25000000000000011 0.30552995391705079 6.5000000000000009 0.6830127018922193 0.11596544270602603 0.19549411162314392 0.50628773408195216 0.326218804716498 0.12558172954289096 0.13902392545863385 0.21176080412325526 0 6.5000000000000009 0.4145153769509492 -0.68301270189221952 0.096392604787514213 0.070312500000000014 1 0.05510721489648298 0.87837969732492682 0.063344880755790409 1.0000000180025095e-35 2 0.15838404327248143 0.12324805339265853 0.041549441262021473 0.47500000000000003 0.036925484664404866 0.077606632832983857
decision_type=2 2 2 2 2 2 2 2 2 2 2 2 1 2 2 2 2 2 1 2 2 2 2 1 2 2 2 2 2 2
left_child=1 -1 3 8 5 6 14 11 27 28 -11 15 -13 -14 18 16 -4 -15 19 -5 21 -21 -8 24 -24 -23 -27 -2 -10 -29
right_child=2 -3 7 4 -6 -7 22 -9 9 10 -12 12 13 17 -16 -17 -18 -19 -20 20 -22 25 23 -25 -26 26 -28 29 -30 -31
leaf_value=0 -3.0320246210277326e-05 0 0.0007891526430332215 0.00027215348656237288 0.00060540311798538331 -0.00036246652960947578 0.00044765056184027364 0.0016577351073966018 -6.2494925885386184e-05 -0.0002325306438611439 0.00019434827661725515 0.00034730539088883092 -0.00030458521468345858 0.00041032759541088329 -5.9592601522966909e-05 0.00060763767257540884 -0.00040060646662700545 -0.00032812102868989167 4.2398419315824402e-05 -0.00019878780913236917 -0.00010095681111160612 4.5674137265314814e-05 -4.5655861984324155e-06 0.00019277367713900199 -0.00085142605811411439 -1.0403323246655218e-06 -9.335993344926756e-05 -7.4416736276992134e-05 0.00045628955852148516 9.7909767913324536e-05
leaf_weight=586 42 32 48 55 238 40 324 1024 27 40 42 101 30 45 25 385 23 30 416 38 40 69 133 313 24 40 26 24 99 21
leaf_count=586 42 32 48 55 238 40 324 1024 27 40 42 101 30 45 25 385 23 30 416 38 40 69 133 313 24 40 26 24 99 21
internal_value=-0.00263014 -0.0258349 0.00118182 0.000182081 0.000456485 0.000161374 0.000325349 0.00241281 -0.00147457 -0.000461536 -0.00285362 0.00159516 8.73783e-05 -0.0019565 -0.000469675 0.00227631 -0.000380276 0.000199997 -0.000289473 -0.00131654 -0.0023521 -0.00150866 0.00103526 0.000382978 -0.00113173 -0.000555551 -0.00245451 -0.00389651 0.00109523 -0.00166663
internal_weight=4380 618 3762 2076 1781 1543 1503 1686 295 208 82 662 206 105 709 456 71 75 684 268 213 173 794 470 157 135 66 87 126 45
internal_count=4380 618 3762 2076 1781 1543 1503 1686 295 208 82 662 206 105 709 456 71 75 684 268 213 173 794 470 157 135 66 87 126 45
cat_boundaries=0 1 2 3
cat_threshold=28 21 148
is_linear=0
shrinkage=0.03


Tree=143
num_leaves=31
num_cat=0
split_feature=20 10 20 5 16 4 3 9 17 18 11 17 7 7 7 13 11 9 7 5 9 16 11 5 11 1 7 20 17 9
split_gain=431.501 17.0679 4.35796 1.32199 0.887649 0.788769 0.694666 0.585159 1.27248 0.703017 0.582051 0.651285 0.588896 1.04619 0.841748 0.715308 1.06505 0.62397 0.576289 0.485536 0.478969 0.461948 0.882413 2.33989 0.579319 0.499147 0.469474 0.775508 0.448593 0.412606
threshold=1.0000000180025095e-35 0.25000000000000011 0.50628773408195216 0.10040567951318459 3.5000000000000004 0.033854166666666671 0.16927083333333334 0.78264040846097749 0.32885499106459032 0.48088235294117648 -0.24999999999999994 0.31856863245681227 0.030929648754824384 0.043615254735743278 0.039235516998999381 -0.22252093395631442 -0.68301270189221952 0.57330415754923425 0.035560207127244885 0.050912778904665321 0.94493070751276453 6.5000000000000009 0.93301270189221952 0.14097363083164302 0.25000000000000017 0.018229166666666668 0.1136185938746033 0.46700898086239068 0.32885499106459032 0.60649161196207169
decision_type=2 2 2 2 2 2 2 2 2 2 2 2 2 2 2 2 2 2 2 2 2 2 2 2 2 2 2 2 2 2
left_child=1 -1 3 4 5 -2 20 9 -9 10 11 12 15 14 18 16 -6 -15 -14 -11 21 22 -5 -24 26 -26 29 -28 -12 -23
right_child=2 -3 -4 6 7 -7 -8 8 -10 19 28 -13 13 17 -16 -17 -18 -19 -20 -21 -22 24 23 -25 25 -27 27 -29 -30 -31
leaf_value=0 -7.7570885617800819e-06 0 0.0015761865507103875 0.00019933894555590457 0.00016008501173939773 -0.00016473381481324663 -0.00023446484482911312 -1.5090145356483853e-05 -0.00015882681850580316 -0.00010644591282536499 6.4091112099124098e-05 0.00018425249556647722 -0.00016451399561285694 -5.7579921009023589e-05 -0.00016250437788003271 0.00012163751799329897 -0.00010411817806740425 0.00020380631735944513 0.00010424673330063971 0.00038850113385900371 -0.00013343364656077101 9.9532719720708129e-05 2.4521994290740892e-05 -0.0003775326879819587 -3.3016140799208315e-05 0.00048869057501897163 4.5600218002323886e-05 -0.00037314658163454536 -4.2644060835324673e-05 0.0003436635484593287
leaf_weight=586 45 32 1048 210 32 29 20 77 20 31 197 30 37 23 20 82 31 31 28 190 25 359 40 25 24 477 25 24 33 549
leaf_count=586 45 32 1048 210 32 29 20 77 20 31 197 30 37 23 20 82 31 31 28 190 25 359 40 25 24 477 25 24 33 549
internal_value=-0.00260274 -0.0258349 0.00121372 0.000579219 -0.000333333 -0.00348644 0.00105962 -6.26448e-05 -0.00225771 0.000215686 -0.00036397 -0.00120382 -0.00164788 -0.00304314 -0.00511759 -0.000310343 -0.00271424 0.000222218 -0.00346149 0.00164253 0.00112287 0.00118234 5.45454e-05 -0.00299995 0.00139506 0.00222155 0.000962382 -0.00189792 0.000782605 0.00111674
internal_weight=4380 618 3762 2714 936 74 1778 862 97 765 544 314 284 139 85 145 63 54 65 221 1758 1733 275 65 1458 501 957 49 230 908
internal_count=4380 618 3762 2714 936 74 1778 862 97 765 544 314 284 139 85 145 63 54 65 221 1758 1733 275 65 1458 501 957 49 230 908
is_linear=0
shrinkage=0.03


Tree=144
num_leaves=31
num_cat=2
split_feature=0 10 0 0 3 7 11 7 0 10 19 12 18 5 0 3 4 19 3 12 0 17 11 4 7 4 12 18 7 12
split_gain=430.992 17.0679 4.18886 1.4512 0.751245 0.600167 0.522662 0.661543 0.567846 0.506489 0.835545 0.890664 0.892749 0.922296 0.743634 0.790265 0.736058 0.705063 0.8159 1.03046 0.532427 0.603252 0.469032 0.760435 0.951382 0.6542 0.680242 0.585251 0.646838 0.477991
threshold=1.0000000180025095e-35 0.25000000000000011 0.52080508158020811 0.33835026822848241 0.16927083333333334 0.016245047390400568 -0.24999999999999994 0.042465602066792146 0.32020333923914573 -0.24999999999999994 0 0.6078576107927941 0.45735294117647063 0.12677484787018259 0.40173184401392875 0.054687500000000007 0.018229166666666668 1 0.018229166666666668 -0.60785761079279388 0.46101389626997746 0.32418044799969753 -0.68301270189221952 0.013020833333333334 0.033308946083840184 0.028645833333333336 1.0000000180025095e-35 0.47500000000000003 0.027344489390546126 1.0000000180025095e-35
decision_type=2 2 2 2 2 2 2 2 2 2 1 2 2 2 2 2 2 1 2 2 2 2 2 2 2 2 2 2 2 2
left_child=1 -1 3 5 9 -2 22 -8 -9 17 11 12 13 -11 -13 -16 -12 18 19 -5 -14 -22 23 24 -7 -25 -27 28 -24 -29
right_child=2 -3 -4 4 -6 6 7 8 -10 10 16 14 20 -15 15 -17 -18 -19 -20 -21 21 -23 27 25 -26 26 -28 29 -30 -31
leaf_value=0 7.8314652940320175e-05 0 0.0019740178282328423 0.00046016616722192942 -0.00026131939473504796 0.00032582728757139589 7.3375719282373403e-05 5.4684998206788366e-05 -9.5211360670319355e-05 0.00042688679019734139 -2.2103379035589968e-05 -9.6750093578209384e-05 0.00020484418442412295 -0.00021865817537541229 0.00039331974264347329 -0.00057126446158491779 0.00023047743614900424 0.00057865269593263414 0.00017748543668009748 -0.00013487994566433703 0.00024083987208952577 -0.0010561253802031047 -5.5222545841296791e-05 0.00015036807679023428 -0.00022187294689730006 -0.00017836865448139148 8.7450953815110361e-05 8.1703105987517265e-06 -5.7286321396930283e-05 -8.8209295170887876e-05
leaf_weight=586 51 32 937 20 25 21 143 38 23 20 128 35 174 27 35 38 872 505 278 22 26 28 29 96 20 28 21 50 43 29
leaf_count=586 51 32 937 20 25 21 143 38 23 20 128 35 174 27 35 38 872 505 278 22 26 28 29 96 20 28 21 50 43 29
internal_value=-0.00261644 -0.0258349 0.00119777 0.000621239 0.000971339 -0.000699323 -0.000992604 0.000205881 -0.0024098 0.00102989 0.000678958 -0.000511449 0.000381817 -0.00338291 -0.00283331 -0.00110957 0.00112871 0.00161818 0.000454544 -0.00342849 0.00115789 -0.00144442 -0.0017181 -0.000709673 -0.00431697 0.000310343 -0.00251015 -0.00296025 -0.0049166 -0.0011772
internal_weight=4380 618 3762 2825 2233 592 541 204 61 2208 1383 383 275 47 108 73 1000 825 320 42 228 54 337 186 41 145 49 151 72 79
internal_count=4380 618 3762 2825 2233 592 541 204 61 2208 1383 383 275 47 108 73 1000 825 320 42 228 54 337 186 41 145 49 151 72 79
cat_boundaries=0 1 2
cat_threshold=148 593
is_linear=0
shrinkage=0.03


Tree=145
num_leaves=31
num_cat=2
split_feature=0 5 16 13 0 7 16 3 8 4 6 6 18 8 5 17 6 6 19 4 17 8 6 0 3 17 19 1 5 1
split_gain=428.151 4.36338 3.73964 2.42751 0.682479 0.743533 1.24757 1.25508 0.557682 0.643261 0.545993 0.791514 0.814173 0.982387 0.939432 0.899915 0.793454 0.765645 0.698839 0.571746 0.720847 1.57112 0.859881 0.720455 1.54738 0.673177 0.601449 1.1314 0.824932 0.535484
threshold=1.0000000180025095e-35 0.16125760649087226 29.500000000000004 -0.22252093395631442 0.53121608501887896 0.1136185938746033 29.500000000000004 0.059895833333333336 0.2538063739792234 0.080729166666666671 0.19917368504687752 0.13449864929286512 0.47500000000000003 0.09742181278566435 0.10040567951318459 0.29080723870895808 0.15714285714285717 0.24377880184331804 0 0.12760416666666669 0.21453493319717479 0.1966496734981962 0.26853646909264267 0.43741959702800254 0.033854166666666671 0.32988681814313686 1 0.044270833333333336 0.13286004056795134 0.023437500000000003
decision_type=2 2 2 2 2 2 2 2 2 2 2 2 2 2 2 2 2 2 1 2 2 2 2 2 2 2 1 2 2 2
left_child=2 10 -1 -4 5 8 -7 -8 -3 -10 11 -2 16 -14 15 -15 29 -12 -19 20 -20 22 23 -22 -25 -26 27 28 -24 -13
right_child=1 4 3 -5 -6 6 7 -9 9 -11 17 12 13 14 -16 -17 -18 18 19 -21 21 -23 26 24 25 -27 -28 -29 -30 -31
leaf_value=0 1.6863197065537663e-05 0.00060831037957374237 0 0 0.0022933483221434241 0.00034302537694794232 6.6752141549335919e-05 -0.0007819868968396462 -0.00012669693472714362 0.00060349203719576216 0.00033793694228398619 -8.3521838945062904e-05 0.00021929805493095493 -2.9470957302156387e-05 9.7095733241522452e-06 -0.0002147058953075097 -4.8223017896338509e-06 0.00029879835754269344 0.00037435283428877565 -0.0001603712131572415 -4.1608685524712566e-06 -0.00019836335997173188 -0.00027348754869708662 0.00062089014796341097 -0.0004198159523674453 -0.00036189568461653159 0.0004347198069033559 0.0004661343589112719 0.00014247268815184279 -0.00012772658203414995
leaf_weight=488 506 641 42 81 832 45 31 22 32 38 454 57 175 20 52 20 107 169 60 28 116 34 20 21 22 31 176 56 24 23
leaf_count=488 506 641 42 81 832 45 31 22 32 38 454 57 175 20 52 20 107 169 60 28 116 34 20 21 22 31 176 56 24 23
internal_value=-0.00250757 0.00122928 -0.0258216 -0.0211462 0.00239671 0.00177626 -0.000673462 -0.00379238 0.00211392 -0.000428565 0.000346845 -0.0001875 -0.00109691 -3.37076e-05 -0.00254345 -0.00599985 -0.00261496 0.000770437 0.000186261 -0.000311036 -0.000107143 -0.000479999 -2.57509e-05 -0.00157894 -0.00389184 -0.00662252 0.00104347 -0.000818174 -0.0044999 -0.00487494
internal_weight=4423 3812 611 123 1641 809 98 53 711 70 2171 960 454 267 92 40 187 1211 757 588 560 500 466 190 74 53 276 100 44 80
internal_count=4423 3812 611 123 1641 809 98 53 711 70 2171 960 454 267 92 40 187 1211 757 588 560 500 466 190 74 53 276 100 44 80
cat_boundaries=0 1 2
cat_threshold=40 193
is_linear=0
shrinkage=0.03


Tree=146
num_leaves=31
num_cat=1
split_feature=0 5 16 12 13 0 5 4 5 0 13 6 6 18 6 8 17 8 16 2 8 0 8 1 0 2 19 7 7 8
split_gain=428.4 4.44155 3.73964 2.79693 0.648839 0.641743 0.540196 0.951203 0.689743 0.719806 0.600749 0.637628 0.68049 1.06608 0.790788 0.627193 0.855617 2.51704 1.16372 0.644779 0.624555 0.596604 0.567873 0.510408 0.487596 0.484064 0.496354 0.562677 0.470086 0.467786
threshold=1.0000000180025095e-35 0.16125760649087226 29.500000000000004 -1.0000000180025095e-35 1.0000000180025095e-35 0.53121608501887896 0.15838404327248143 0.059895833333333336 0.15111561866125764 0.45545294682155407 0.81174490092936691 0.19917368504687752 0.13449864929286512 0.47500000000000003 0.15714285714285717 0.12628659435416911 0.22423623521402439 0.1966496734981962 6.5000000000000009 0.018229166666666668 0.09742181278566435 0.37258187964270556 0.13902392545863385 0.023437500000000003 0.38102995081185809 0.028645833333333336 0 0.03766259298495573 0.076914195107654987 0.05510721489648298
decision_type=2 2 2 2 2 2 2 2 2 2 2 2 2 2 2 2 2 2 2 2 2 2 2 2 2 2 1 2 2 2
left_child=2 6 -1 -4 -5 -3 8 -8 9 10 11 12 25 14 -14 28 -17 18 22 -20 -15 -22 -18 -16 -25 26 27 29 -13 -2
right_child=1 5 3 4 -6 -7 7 -9 -10 -11 -12 15 13 20 23 16 17 -19 19 -21 21 -23 -24 24 -26 -27 -28 -29 -30 -31
leaf_value=0 -0.00017341596192889684 0.00042927829365606496 0 0 0 0.0022245478724791205 -0.00055525384475408452 0.00038469300883324108 0.00049574998685877577 -0.0003048261380920222 0.00019262430726728442 0.0003241027174219407 -0.00012035537446885631 0.00020979934494261054 8.5784331174274626e-05 0.00020747570374876539 -0.00025255279112226575 -0.00032255475429462688 -0.00021311931697001946 0.0002270121537668746 -0.0001657351722878696 -2.4959138165132827e-06 7.1235954123559727e-07 3.9471254602213521e-05 -0.00031994313549974413 0.00030894582361637647 4.3815239399162095e-05 -0.00012218462244785732 -8.2759570983458375e-05 1.2426327113151568e-05
leaf_weight=488 27 809 46 37 40 832 24 22 148 34 283 418 64 160 35 80 26 22 27 222 37 49 23 20 26 89 214 39 20 62
leaf_count=488 27 809 46 37 40 832 24 22 148 34 283 418 64 160 35 80 26 22 27 222 37 49 23 20 26 89 214 39 20 62
internal_value=-0.00250079 0.00123715 -0.0258216 -0.0211462 -0.0176491 0.00241499 0.000346845 -0.0028695 0.00041647 0.000268589 0.000344313 0.000126506 -0.000467153 -0.0013734 -0.00341377 0.00070883 -0.00015 -0.000843747 -0.000120805 0.000710841 -0.000170731 -0.00223253 -0.00434685 -0.00144443 -0.00352166 0.000354988 -0.000157894 -0.00156521 0.00149315 -0.000370782
internal_weight=4423 3812 611 123 77 1641 2171 46 2125 1977 1943 1660 822 391 145 838 400 320 298 249 246 86 49 81 46 431 342 128 438 89
internal_count=4423 3812 611 123 77 1641 2171 46 2125 1977 1943 1660 822 391 145 838 400 320 298 249 246 86 49 81 46 431 342 128 438 89
cat_boundaries=0 1
cat_threshold=528
is_linear=0
shrinkage=0.03


Tree=147
num_leaves=31
num_cat=1
split_feature=0 0 16 13 0 7 4 4 9 17 16 8 8 6 4 18 17 18 11 13 0 1 19 6 6 0 6 17 1 3
split_gain=426.657 4.68564 3.73964 2.42751 0.65067 0.720934 1.16879 0.594407 0.69239 1.10754 0.599786 0.572388 0.562342 0.649707 0.524637 0.743187 0.509417 0.650997 0.509474 0.607194 0.814129 1.39428 0.6038 0.577867 0.695892 0.775991 0.876758 0.456574 0.449196 0.42665
threshold=1.0000000180025095e-35 0.46801657124517354 29.500000000000004 -0.22252093395631442 0.53121608501887896 0.1136185938746033 0.054687500000000007 0.018229166666666668 0.1203501094091904 0.32386532033957499 4.5000000000000009 0.1237024423506968 0.2538063739792234 0.47695852534562216 0.028645833333333336 0.48088235294117648 0.28622068848139121 0.4661764705882353 -0.9330127018922193 0.81174490092936691 0.41342993139342915 0.049479166666666671 0 0.15371047195296364 0.12660325531769998 0.28737119774593961 0.088076669873904903 0.2675707716731372 0.013020833333333334 0.033854166666666671
decision_type=2 2 2 2 2 2 2 2 2 2 2 2 2 2 2 2 2 2 2 2 2 2 1 2 2 2 2 2 2 2
left_child=2 7 -1 -4 5 12 -7 16 9 11 14 -9 -3 -14 -10 29 17 -2 -18 20 22 -22 28 24 25 26 -24 -13 -20 -16
right_child=1 4 3 -5 -6 6 -8 8 10 -11 -12 27 13 -15 15 -17 18 -19 19 -21 21 -23 23 -25 -26 -27 -28 -29 -30 -31
leaf_value=0 -7.9904757489484304e-05 0.00055767201115828073 0 0 0.0021578114363047475 -0.00072402833802644314 0.00038924698867815729 0.00025964813982908556 0.00043503836332106443 -0.00032096178888357167 0.00016605360012899147 0.0001804780038013433 -0.00015789383475312054 0.00061562355462919786 2.4989327013984166e-06 9.8766544191197865e-05 -0.00023223440989517287 -6.9424012957442836e-05 -1.1845305136383745e-05 9.8000463742547723e-05 -0.0002802544885582819 0.00058712111902273721 -1.0586296023518032e-05 0.00016781706051780139 -0.00014480754435506046 0.00047551799333396891 -0.00010624301649721288 -5.5581718819308521e-05 0.00030150250785926613 -0.00020119574472368706
leaf_weight=488 24 637 42 81 832 33 30 37 36 32 1386 23 24 44 25 46 24 40 33 84 29 22 46 36 34 32 23 41 109 50
leaf_count=488 24 637 42 81 832 33 30 37 36 32 1386 23 24 44 25 46 24 40 33 84 29 22 46 36 34 32 23 41 109 50
internal_value=-0.00254827 0.00118206 -0.0258216 -0.0211462 0.00241875 0.00178906 -0.00128569 0.000287523 0.000565632 -0.00151127 0.000744653 2.97028e-05 0.00206383 -0.000529404 -0.00101273 -0.00195866 -0.000582088 -0.0030937 -0.000241525 -1.33927e-05 -0.000543954 -0.00405874 2.8754e-05 -0.00114364 -0.0021111 -0.000861377 -0.00265214 -0.00168747 0.00142104 -0.00379995
internal_weight=4423 3812 611 123 1600 768 63 2212 1676 133 1543 101 705 68 157 121 536 64 472 448 364 51 313 171 135 101 69 64 142 75
internal_count=4423 3812 611 123 1600 768 63 2212 1676 133 1543 101 705 68 157 121 536 64 472 448 364 51 313 171 135 101 69 64 142 75
cat_boundaries=0 1
cat_threshold=812
is_linear=0
shrinkage=0.03


Tree=148
num_leaves=31
num_cat=2
split_feature=0 0 16 12 13 0 6 6 17 12 19 8 12 8 4 17 8 6 0 0 19 8 8 3 4 18 8 6 0 3
split_gain=428.151 4.47239 3.73964 2.79693 0.648839 0.609368 0.521273 0.817461 0.832431 1.4456 0.738667 0.559354 0.970589 0.762758 0.502331 0.633139 1.00194 0.558888 0.669855 0.537246 0.47765 0.453127 0.560819 0.404754 0.534056 0.342015 0.337923 0.336498 0.729934 0.550394
threshold=1.0000000180025095e-35 0.46801657124517354 29.500000000000004 -1.0000000180025095e-35 1.0000000180025095e-35 0.53121608501887896 0.19917368504687752 0.24377880184331804 0.32885499106459032 -1.0000000180025095e-35 0 0.10133922723468335 1.0000000180025095e-35 0.11298084989203815 0.12760416666666669 0.21453493319717479 0.1966496734981962 0.27050691244239639 0.39789993807232954 0.43741959702800254 1 0.13549404229770393 0.15463481449481423 0.12239583333333334 0.070312500000000014 0.45441176470588235 0.114683379880801 0.16308596853646914 0.38102995081185809 0.049479166666666671
decision_type=2 2 2 2 2 2 2 2 2 2 1 2 2 2 2 2 2 2 2 2 1 2 2 2 2 2 2 2 2 2
left_child=2 6 -1 -4 -5 23 11 21 10 -10 -9 20 -13 -14 15 -12 17 19 -19 -17 27 -8 -23 -3 -25 -20 -27 28 29 -2
right_child=1 5 3 4 -6 -7 7 8 9 -11 14 12 13 -15 -16 16 -18 18 25 -21 -22 22 -24 24 -26 26 -28 -29 -30 -31
leaf_value=0 -6.9934128132735599e-06 0.00045012639681300115 0 0 0 0.0020930770932156054 0.00037579642958322334 0.0003078572367895015 0.00039404868134724656 -0.00032593019166734664 0.0003638552871552648 1.347613905096448e-06 -0.00014580906478862986 -5.2889282084315651e-05 -9.3675180674264775e-05 -1.250348614629618e-05 -0.00015144755043744882 -9.5147460523193367e-05 -7.1362129020665285e-05 -0.00036746582288399638 3.8978480288420971e-05 -0.00012963587177017025 0.00072111341580995266 -0.00035185879911588119 0.00066117664166733372 -9.5815326248822842e-05 0.00050513407460511827 0.00020062806232846189 -7.4884621012318714e-05 -0.00015753651841414918
leaf_weight=488 303 709 46 37 40 832 392 169 38 40 62 80 26 42 31 126 38 29 38 31 388 43 26 27 32 20 163 82 23 22
leaf_count=488 303 709 46 37 40 832 392 169 38 40 62 80 26 42 31 126 38 29 38 31 388 43 26 27 32 20 163 82 23 22
internal_value=-0.00250757 0.00122928 -0.0258216 -0.0211462 -0.0176491 0.0024375 0.000355334 0.000760834 0.000171974 -0.0027692 0.000496463 -0.000167702 -0.00186485 -0.00449993 -6.56932e-05 0.000159763 -0.000235954 0.000199017 0.00108 -0.00120381 0.000139364 0.00176355 -0.000478254 0.00182812 -0.000559312 0.00164253 0.00218032 -0.000545453 -0.000965514 -0.000599998
internal_weight=4423 3812 611 123 77 1600 2212 1246 785 78 707 966 148 68 538 507 445 407 250 157 818 461 69 768 59 221 183 430 348 325
internal_count=4423 3812 611 123 77 1600 2212 1246 785 78 707 966 148 68 538 507 445 407 250 157 818 461 69 768 59 221 183 430 348 325
cat_boundaries=0 1 2
cat_threshold=40 786
is_linear=0
shrinkage=0.03


Tree=149
num_leaves=31
num_cat=1
split_feature=0 10 0 4 0 19 4 4 8 0 13 7 0 10 0 7 4 8 6 16 13 2 9 0 9 17 16 12 8 17
split_gain=427.404 16.5117 4.50844 0.65133 0.65067 0.606061 0.518649 0.529047 1.05327 0.711521 0.602847 0.70268 0.964687 1.41718 0.616752 0.514924 0.923491 0.544038 0.649707 0.406709 0.574987 0.379305 1.03399 0.388797 1.1002 0.368135 0.343283 0.596084 0.783009 0.614101
threshold=1.0000000180025095e-35 0.25000000000000011 0.46801657124517354 0.018229166666666668 0.53121608501887896 0 0.12760416666666669 0.059895833333333336 0.1966496734981962 0.4646856256676653 -0.56174490092936669 0.064385198188347884 0.36643735909897551 -0.6830127018922193 0.27889977931776339 0.1136185938746033 0.054687500000000007 0.2538063739792234 0.47695852534562216 5.5000000000000009 -0.22252093395631442 0.018229166666666668 0.57148067104303446 0.45545294682155407 0.69146608315098479 0.31805476456995485 18.500000000000004 0.6078576107927941 0.088210155466507345 0.31759145956763773
decision_type=2 2 2 2 2 1 2 2 2 2 2 2 2 2 2 2 2 2 2 2 2 2 2 2 2 2 2 2 2 2
left_child=1 -1 3 26 15 19 7 8 9 10 11 12 14 -14 -7 17 -17 -4 -19 20 -5 22 -21 -23 -25 -15 27 29 -29 -2
right_child=2 -3 4 5 -6 6 -8 -9 -10 -11 -12 -13 13 25 -16 16 -18 18 -20 21 -22 23 -24 24 -26 -27 -28 28 -30 -31
leaf_value=0 -0.00014718147111975391 0 0.00052743805891914092 7.8402549000671651e-06 0.0020302847804191376 -7.5560286001596688e-05 -0.00026278231720494182 0.00024497524990482072 -9.8637040461203098e-05 -0.00045929842943483217 0.00012047726104003722 0.00024540248006668517 -0.00036196850253062595 8.9058331165162838e-05 0.0001609788655028405 -0.00069656363623499663 0.00038571938844319658 -0.00016666081161491761 0.00058365105608593161 -0.0002323238956250706 -0.00018176748760589698 0.00035713420541652071 0.00036579725215685151 0.00090883290184987293 -0.00032972170805862811 -0.00041016367731235508 -3.6696548213572658e-07 0.00012034425717156468 -6.9384910868831721e-05 0.00042873224042791833
leaf_weight=578 65 33 637 35 832 20 32 259 27 22 540 45 25 34 76 33 30 24 44 20 39 383 27 48 20 24 386 21 32 32
leaf_count=578 65 33 637 35 832 20 32 259 27 22 540 45 25 34 76 33 30 24 44 20 39 383 27 48 20 24 386 21 32 32
internal_value=-0.00252792 -0.0258216 0.00120567 0.00032821 0.00241875 0.000619331 0.000199282 0.000313433 -6.27304e-05 0.000137405 0.000290576 -0.00101785 -0.00186032 -0.00422886 0.000187498 0.00178906 -0.000809511 0.00202127 -0.000529404 0.00140206 -0.00064864 0.00173494 -0.000829769 0.00200221 -8.82339e-05 -0.00165514 -0.000582088 -0.00179999 -0.00435841 -0.000402058
internal_weight=4423 611 3812 2212 1600 1676 1104 1072 813 786 764 224 179 83 96 768 63 705 68 572 74 498 47 451 68 58 536 150 53 97
internal_count=4423 611 3812 2212 1600 1676 1104 1072 813 786 764 224 179 83 96 768 63 705 68 572 74 498 47 451 68 58 536 150 53 97
cat_boundaries=0 1
cat_threshold=106
is_linear=0
shrinkage=0.03


Tree=150
num_leaves=31
num_cat=2
split_feature=0 10 6 0 8 8 6 8 5 6 19 8 8 6 6 6 0 9 0 16 19 0 7 8 0 17 9 13 9 13
split_gain=429.27 14.8258 4.54118 0.920602 0.874246 1.33989 0.833112 0.791835 1.17028 0.695353 1.27511 1.2374 1.73973 0.670369 0.642935 0.630529 0.624416 1.05663 0.59993 0.509162 0.461827 1.14075 0.488128 0.595197 0.496084 0.469742 0.469402 0.424155 0.629414 0.417667
threshold=1.0000000180025095e-35 0.25000000000000011 0.307373271889401 0.53408883435755816 0.21176080412325526 0.22614163575611029 0.17067149440421334 0.10192442018860086 0.10040567951318459 0.24377880184331804 0 0.12297886568393225 0.14266440600799832 0.21787360105332459 0.28433179723502316 0.65115207373271911 0.42141001303737941 0.24507658643326041 0.41236253695532932 3.5000000000000004 1 0.38102995081185809 0.05468897878109228 0.09020714578606627 0.32020333923914573 0.3003467789975322 0.36725018234865076 -0.56174490092936669 0.73668854850474119 -0.22252093395631442
decision_type=2 2 2 2 2 2 2 2 2 2 1 2 2 2 2 2 2 2 2 2 1 2 2 2 2 2 2 2 2 2
left_child=1 -1 6 4 -4 -6 7 20 -9 13 11 -11 -13 19 -14 -7 17 -12 -19 -8 25 22 24 -24 26 -2 -22 28 -18 -21
right_child=2 -3 3 -5 5 15 9 8 -10 10 16 12 14 -15 -16 -17 27 18 -20 29 21 -23 23 -25 -26 -27 -28 -29 -30 -31
leaf_value=0 -3.4806324066581951e-05 0 0.00049254091558384634 0.0019956679844134744 -0.00026694105347576893 0.00024328080336142945 -0.00014463579999239907 -5.3793889767990716e-05 0.00022969430611223998 0.00098454007771996404 -0.00010372854499463133 -0.00037097141918277247 6.8034736981416276e-05 0.00039056127172576395 -0.00059416709925739185 -0.00017119506513602078 0.00026774575412632541 0.00020532204644485816 -0.00015345500185659909 -2.2691210838323783e-05 0.00020591792373577934 -9.1923460942553814e-05 0.00010053253614950688 -0.00017030107132928659 8.9509514980611404e-05 0.00061230770357844288 -2.4252884255406088e-05 0.00033688340057451795 -0.00020076899061529884 0.00014407615867668906
leaf_weight=584 23 31 585 808 31 203 21 34 27 24 20 22 41 331 27 29 74 104 31 145 31 38 21 21 114 82 383 307 29 178
leaf_count=584 23 31 585 808 31 203 21 34 27 24 20 22 41 331 27 29 74 104 31 145 31 38 21 21 114 82 383 307 29 178
internal_value=-0.00268084 -0.0259268 0.00109725 0.00227536 0.0015849 0.000148289 0.000180451 -0.00060465 -0.00388518 0.000629246 -4.86007e-05 -0.00280643 -0.00466661 0.00131111 -0.00229408 0.000931031 0.000547825 -0.00106451 -0.00011111 0.00038372 -0.000323983 -0.000640776 -0.000315789 -0.00342849 -6.81816e-05 0.00143477 -0.000550723 0.00117073 -0.000495141 0.000678017
internal_weight=4399 615 3784 1656 848 263 2128 774 61 1354 679 114 90 675 68 232 565 155 135 344 713 608 570 42 528 105 414 410 103 323
internal_count=4399 615 3784 1656 848 263 2128 774 61 1354 679 114 90 675 68 232 565 155 135 344 713 608 570 42 528 105 414 410 103 323
cat_boundaries=0 1 2
cat_threshold=18 224
is_linear=0
shrinkage=0.03


Tree=151
num_leaves=31
num_cat=2
split_feature=0 10 0 6 10 16 18 7 19 6 8 6 10 5 0 18 9 8 18 9 6 9 4 4 5 2 13 19 12 8
split_gain=429.018 14.8258 4.48801 1.09311 1.11403 1.22898 1.30561 1.74494 0.910648 0.820748 1.64303 0.722831 1.18948 1.19269 0.886408 0.724619 0.712815 0.582322 0.758088 0.701591 0.650713 0.772753 0.819883 0.665119 0.59353 0.562353 0.541422 0.53367 0.762694 0.669772
threshold=1.0000000180025095e-35 0.25000000000000011 0.50628773408195216 0.19917368504687752 -0.24999999999999994 6.5000000000000009 0.48088235294117648 0.074812514672966332 0 0.25399650405212143 0.23115397234354332 0.26197362148418885 0.25000000000000011 0.15838404327248143 0.47964949943148871 0.45735294117647063 0.42924872355944577 0.12558172954289096 0.47500000000000003 0.65134938001458809 0.13301514154048719 0.61159737417943127 0.0078125000000000017 0.039062500000000007 0.10598377281947263 0.10156250000000001 0.81174490092936691 1 1.0000000180025095e-35 0.05510721489648298
decision_type=2 2 2 2 2 2 2 2 1 2 2 2 2 2 2 2 2 2 2 2 2 2 2 2 2 2 2 1 2 2
left_child=1 -1 3 17 -5 6 7 16 25 -10 11 -11 -13 15 -15 -14 -6 18 19 20 21 22 -2 26 -19 -7 -22 -20 -29 -30
right_child=2 -3 -4 4 5 8 -8 -9 9 10 -12 12 13 14 -16 -17 -18 24 27 -21 23 -23 -24 -25 -26 -27 -28 28 29 -31
leaf_value=0 -6.3105530014359088e-05 0 0.001292577793650714 0.00036810019700258943 -0.00031833132109655824 0.00034750123734033072 0.00035649096859427537 -0.00084677941850716076 0.00019469488171883212 -0.00036794585729772738 0.00035485751863644611 0.00030241387696599019 -0.00032708644937907944 -0.00079888233962786739 -0.00047497650495752691 0.00011326447407338311 0.00015801714670926004 -4.9107242162843146e-05 0.00025847127272995876 0.00010392750935421162 -6.7660354367512533e-05 -6.3240612368444728e-05 0.00015611260620055709 -0.00029694913880570978 -2.3065531145131204e-05 -0.00010828153307513182 5.1810990911651873e-05 2.7107653509364828e-05 0.0001019658693987979 -8.4583986779246205e-05
leaf_weight=584 22 31 1017 666 41 463 51 20 184 35 77 64 25 20 27 54 46 20 187 125 83 27 57 32 31 27 23 192 34 134
leaf_count=584 22 31 1017 666 41 463 51 20 184 35 77 64 25 20 27 54 46 20 187 125 83 27 57 32 31 27 23 192 34 134
internal_value=-0.00268766 -0.0259268 0.00108932 0.000462956 0.0009 0.000328042 -0.00212657 -0.00400931 0.000725409 -0.000205645 -0.00117218 -0.00246666 -0.00173683 -0.00342854 -0.00721261 -0.0011772 -0.00217239 -0.000350568 -0.000176856 -0.00122764 -0.00216393 -0.000396223 0.00110125 -0.00352171 -0.00347052 0.00162 -0.00237734 0.000531992 -0.000162162 -0.00164285
internal_weight=4399 615 3784 2767 1800 1134 158 107 976 486 302 225 190 126 47 79 87 967 916 369 244 106 79 138 51 490 106 547 360 168
internal_count=4399 615 3784 2767 1800 1134 158 107 976 486 302 225 190 126 47 79 87 967 916 369 244 106 79 138 51 490 106 547 360 168
cat_boundaries=0 1 2
cat_threshold=865 456
is_linear=0
shrinkage=0.03


Tree=152
num_leaves=31
num_cat=2
split_feature=20 10 6 6 8 20 3 17 19 1 16 8 8 20 2 11 13 17 8 6 2 8 17 17 4 1 10 19 3 2
split_gain=429.27 14.8258 4.26616 0.98127 1.02564 0.950775 1.06702 0.826594 0.75603 0.634579 0.63067 0.97535 1.37274 0.634355 0.589831 0.586093 0.633001 0.632824 0.739042 0.608008 0.634881 0.533804 0.680189 0.827959 0.519671 0.853299 0.594477 0.710774 1.33636 0.776727
threshold=1.0000000180025095e-35 0.25000000000000011 0.307373271889401 0.17067149440421334 0.10192442018860086 0.53840388049425569 0.16927083333333334 0.34409837460641657 0 0.033854166666666671 7.5000000000000009 0.12535289271839811 0.13422374372751167 0.42141001303737941 0.080729166666666671 0.6830127018922193 -0.56174490092936669 0.31759145956763773 0.10192442018860086 0.25728587319243612 0.049479166666666671 0.22299969864982574 0.22423623521402439 0.25712705301676458 0.013020833333333334 0.039062500000000007 1.0000000180025095e-35 1 0.044270833333333336 0.044270833333333336
decision_type=2 2 2 2 2 2 2 2 1 2 2 2 2 2 2 2 2 2 2 2 2 2 2 2 2 2 2 1 2 2
left_child=1 -1 3 4 -2 6 8 -6 9 -4 11 -5 -13 -14 -11 16 17 -12 -19 -20 -21 -10 -23 -24 25 -18 -26 28 -28 -30
right_child=2 -3 5 10 7 -7 -8 -9 21 14 15 12 13 -15 -16 -17 24 18 19 20 -22 22 23 -25 26 -27 27 -29 29 -31
leaf_value=0 -6.2166351129922959e-06 0 -0.00024235810831041115 0.00012891938767530564 -4.8146163256118364e-05 0.0020104950269278624 -0.00029058497553729128 0.00040214273481629578 0.00058783573455887216 0.0004523613814280419 0.00017335900691851192 -0.00029611064283603943 -5.0455727340504771e-05 0.00037447561373323023 -0.00025158099909518842 0.00065628846544791382 0.0002703602612218795 -0.00045318042579461649 0.00012408789464926935 0.00015453494292835707 -0.0005531702953629347 0.0002169020345501352 -0.00042517315087623109 0.0001363580321271148 0.00040486157175408343 -0.00019394702645070551 0.00018244249423409779 0.00016168217903463791 -4.2795731423575785e-05 -0.00036572227876862452
leaf_weight=584 713 31 29 112 39 781 30 22 526 78 145 37 35 29 40 186 20 20 49 21 24 119 22 31 250 30 60 269 36 31
leaf_count=584 713 31 29 112 39 781 30 22 526 78 145 37 35 29 40 186 20 20 49 21 24 119 22 31 250 30 60 269 36 31
internal_value=-0.00268084 -0.0259268 0.00109725 0.000208647 -0.00064341 0.00223913 0.00156 -0.00437698 0.00175739 -0.000248406 0.000695716 -0.000802813 -0.00294056 -0.000281245 0.000711858 0.000975459 0.000675392 -0.000590731 -0.00226314 -0.00114892 -0.00366658 0.00215254 0.000732554 -0.0020943 0.00114655 -0.00179996 0.00137461 0.000651514 -0.00116058 -0.00416412
internal_weight=4399 615 3784 2128 774 1656 875 61 845 147 1354 213 101 64 118 1141 955 259 114 94 45 698 172 53 696 50 646 396 127 67
internal_count=4399 615 3784 2128 774 1656 875 61 845 147 1354 213 101 64 118 1141 955 259 114 94 45 698 172 53 696 50 646 396 127 67
cat_boundaries=0 1 2
cat_threshold=5 148
is_linear=0
shrinkage=0.03


Tree=153
num_leaves=31
num_cat=1
split_feature=20 10 20 6 10 16 17 9 3 11 3 3 8 5 8 8 17 18 9 17 9 17 5 5 19 14 10 7 7 8
split_gain=428.515 14.8258 4.26366 1.35753 1.00257 0.949625 1.17316 1.42912 0.962472 0.890466 1.21107 1.02396 0.8473 0.836699 0.824947 0.548098 0.694185 0.622947 0.589754 1.12662 0.628468 1.7117 1.11327 0.69844 0.552044 0.876551 0.88965 1.11069 1.32845 0.760998
threshold=1.0000000180025095e-35 0.25000000000000011 0.50628773408195216 0.19917368504687752 -0.24999999999999994 7.5000000000000009 0.21947068334609829 0.42924872355944577 0.054687500000000007 -0.5 0.070312500000000014 0.075520833333333343 0.13422374372751167 0.15111561866125764 0.23115397234354332 0.12558172954289096 0.35209769381329253 0.47500000000000003 0.65864332603938747 0.32745381791537814 0.57330415754923425 0.31142030465492304 0.050202839756592295 0.093982420554428681 0 1.0000000180025095e-35 0.68301270189221941 0.036173359327714573 0.045406247467067069 0.09742181278566435
decision_type=2 2 2 2 2 2 2 2 2 2 2 2 2 2 2 2 2 2 2 2 2 2 2 2 1 2 2 2 2 2
left_child=1 -1 3 15 -5 6 -6 -8 12 10 -7 -12 -9 -13 -15 17 -17 18 20 -20 23 22 -22 -2 25 26 27 -19 -29 -28
right_child=2 -3 -4 4 5 9 7 8 -10 -11 11 13 -14 14 -16 16 -18 24 19 -21 21 -23 -24 -25 -26 -27 29 28 -30 -31
leaf_value=0 2.8023770554087052e-06 0 0.0012422820321097195 0.00034189495207897781 0.00011564820632699342 8.1794700747858309e-05 -0.0003558341278849629 -0.00027279472829735784 0.00040375420890165486 0.00029638567703131732 -0.00047423491871285278 0.00023730035843457577 0.00040725421348678333 -0.00064893345016966606 0.00035933667812728369 -4.7213916945539161e-05 0.00047184015436370135 0.00017743993401506103 0.00018345186300028194 -0.00011668055438971649 -3.8722367080158086e-05 0.00027000779007027646 -8.7302971770605525e-05 -0.00030637668960849278 0.00026524683168334916 0.00015492266230006098 -3.160345362119245e-05 -0.00017888213438556536 0.00010959206014912643 -0.0001461164998068591
leaf_weight=584 124 31 1017 666 58 314 38 25 41 509 24 59 22 24 20 28 23 76 100 20 28 36 36 25 213 94 71 33 36 24
leaf_count=584 124 31 1017 666 58 314 38 25 41 509 24 59 22 24 20 28 23 76 100 20 28 36 36 25 213 94 71 33 36 24
internal_value=-0.00270129 -0.0259268 0.00107347 0.000462956 0.00095 0.000407407 -0.00156521 -0.00319045 -0.0010909 0.000789473 -0.000197278 -0.00266927 -0.00402119 -0.00136892 -0.0044999 -0.00044364 -0.00347052 -0.000275109 -0.00122764 0.000499996 -0.00206023 -0.00389996 -0.00684364 -0.000825498 0.000367458 -0.000401162 -0.00137499 0.000103448 -0.00265214 -0.00363154
internal_weight=4399 615 3784 2767 1800 1134 184 126 88 950 441 127 47 103 44 967 51 916 369 120 249 100 64 149 547 334 240 145 69 95
internal_count=4399 615 3784 2767 1800 1134 184 126 88 950 441 127 47 103 44 967 51 916 369 120 249 100 64 149 547 334 240 145 69 95
cat_boundaries=0 1
cat_threshold=565
is_linear=0
shrinkage=0.03


Tree=154
num_leaves=31
num_cat=3
split_feature=0 10 0 19 6 6 17 6 18 16 4 8 6 6 3 5 7 7 19 17 7 17 7 5 6 6 10 19 5 7
split_gain=429.27 14.8258 3.99451 1.08951 0.880787 0.774167 0.862254 0.614821 0.775197 1.0418 0.650116 1.10713 0.571921 0.820088 0.723356 0.52138 0.635757 0.518578 0.507889 1.64097 0.478608 1.15133 0.764697 0.403286 0.400637 0.990448 0.503593 1.03454 1.03941 0.73543
threshold=1.0000000180025095e-35 0.25000000000000011 0.50628773408195216 0 0.21787360105332459 0.42534562211981575 0.21947068334609829 0.39493087557603695 0.46911764705882358 6.5000000000000009 0.018229166666666668 0.13676480482605258 0.14433497536945816 0.15714285714285717 0.028645833333333336 0.040398918187964851 0.028908273699210747 0.081225236952003121 1 0.32784443877116848 0.063698403100188067 0.34707977897699105 0.096876202392636931 0.061189993238674779 0.24377880184331804 0.29631336405529957 -0.24999999999999994 2 0.15838404327248143 0.047593645554304349
decision_type=2 2 2 1 2 2 2 2 2 2 2 2 2 2 2 2 2 2 1 2 2 2 2 2 2 2 2 1 2 2
left_child=1 -1 3 7 12 24 -7 8 9 -2 23 -12 18 14 -14 -10 -17 -13 19 -5 21 -18 -22 -11 -6 26 -26 -28 29 -29
right_child=2 -3 -4 4 5 6 -8 -9 15 10 11 17 13 -15 -16 16 20 -19 -20 -21 22 -23 -24 -25 25 -27 27 28 -30 -31
leaf_value=0 -0.00025073827319046528 0 0.0012050135711464272 6.1294333444900434e-05 0.00035367699622856045 1.8867043980279905e-05 -0.0001545503883093182 0.00060327650480306841 -4.9382468328160909e-05 -8.744263666603312e-05 0.00016620798679520889 -5.2235099929238404e-05 -0.00015133410430890969 -2.8025639825743494e-06 7.8993617435758225e-07 0.00013526496974024718 -3.656717226421404e-05 -0.00044430606753685008 0.00036390249386374698 -0.00015035700407277407 0.00043448920334889104 -0.00020246254641985144 -3.1838299683149406e-05 -1.9661314881681165e-05 0.00022982406890281065 0.00036053681936536934 0.00028427999358638159 -0.00026343451343121844 -0.00073993919640961156 6.6749373583409278e-06
leaf_weight=584 33 31 1017 117 231 90 34 45 31 20 94 34 43 324 30 99 254 20 160 27 106 23 38 30 190 465 115 23 20 71
leaf_count=584 33 31 1017 117 231 90 34 45 31 20 94 34 43 324 30 99 254 20 160 27 106 23 38 30 190 465 115 23 20 71
internal_value=-0.00268084 -0.0259268 0.00109725 0.000506324 0.000892307 0.00137772 -0.000870961 -0.000405017 -0.000606137 -0.00206493 -0.00124242 -0.000243241 4.70756e-05 -0.000702769 -0.00357529 5.44475e-06 0.000230769 -0.0036666 0.00102631 -0.000311686 -0.000277909 -0.00100722 0.00112499 -0.00419992 0.0016278 0.0013371 0.000279236 -0.000668119 -0.0025645 -0.00146807
internal_weight=4399 615 3784 2767 1940 1239 124 827 782 231 198 148 701 397 73 551 520 54 304 144 421 277 144 50 1115 884 419 229 114 94
internal_count=4399 615 3784 2767 1940 1239 124 827 782 231 198 148 701 397 73 551 520 54 304 144 421 277 144 50 1115 884 419 229 114 94
cat_boundaries=0 1 2 3
cat_threshold=19 516 832
is_linear=0
shrinkage=0.03


Tree=155
num_leaves=31
num_cat=1
split_feature=0 10 6 0 11 2 11 7 11 17 16 19 16 3 7 7 12 11 18 18 8 10 7 6 6 6 18 18 6 0
split_gain=412.233 19.6215 4.28427 1.22944 0.916191 2.30059 0.760178 0.570638 0.558899 0.912901 0.654925 0.521199 0.863229 0.846604 0.663593 1.16793 0.863634 0.758133 0.709962 1.12194 0.476412 0.893267 2.2568 2.76247 1.42716 0.712664 0.523662 0.474824 0.435481 1.55902
threshold=1.0000000180025095e-35 0.25000000000000011 0.29815668202764983 0.52628531952766189 -0.68301270189221952 0.10156250000000001 0.6830127018922193 0.096392604787514213 0.93301270189221952 0.22878903923070382 7.5000000000000009 0 2.5000000000000004 0.065104166666666671 0.062302104146139965 0.039235516998999381 1.0000000180025095e-35 -0.5 0.46911764705882358 0.48382352941176471 0.12450006889054512 0.25000000000000011 0.078330781814401104 0.26384872080088989 0.21787360105332459 0.27880184331797242 0.47500000000000003 0.46911764705882358 0.26853646909264267 0.42698937538429221
decision_type=2 2 2 2 2 2 2 2 2 2 2 1 2 2 2 2 2 2 2 2 2 2 2 2 2 2 2 2 2 2
left_child=1 -1 6 4 5 7 11 -4 -6 -10 -11 12 -2 14 15 27 18 -18 -17 -20 -13 24 23 -23 26 -25 -22 -14 -8 -30
right_child=2 -3 3 -5 8 -7 28 -9 9 10 -12 20 13 -15 -16 16 17 -19 19 -21 21 22 -24 25 -26 -27 -28 -29 29 -31
leaf_value=0 -0.00014479257147205127 0 0.00032882607598107153 0.0016580008112488159 0.000460033058340722 -0.00070705861024319559 0.00040097075984025474 -0.00021522092743317845 0.00019887196359924501 -0.00043973871731896379 0.00012600373128986454 1.8475072082505175e-05 -8.4341176141235723e-05 -0.00035816429642370612 0.00038588056487819626 0.00031475966927382913 -0.00028869995441753611 -0.00012084921821646011 -0.00020298766544883963 0.00079148329949981281 -3.6557544231439771e-06 4.5634766554332694e-06 0.00082569132084237364 -0.0006861844223364468 0.00021815172010936819 -0.00032289593339316237 -7.6123843699351461e-05 0.00014253984753571317 -0.00028479912750763446 0.0010709793339549291
leaf_weight=569 21 35 120 851 567 34 217 33 93 21 36 983 38 27 85 23 22 25 21 20 21 40 40 22 200 21 22 138 20 35
leaf_count=569 21 35 120 851 567 34 217 33 93 21 36 983 38 27 85 23 22 25 21 20 21 40 40 22 200 21 22 138 20 35
internal_value=-0.00263864 -0.0256589 0.00102424 0.00211111 0.00134071 -0.000529409 8.9662e-05 0.00103921 0.00182845 0.000199999 -0.00278942 -0.000137366 -0.00104651 -0.000759396 -0.000387096 -0.00107665 -0.00348645 -0.00657433 -0.00121873 -0.00358528 0.000152318 -0.00077049 -0.00285364 -0.00567463 0.00028395 -0.0109532 -0.00467431 0.000443179 0.00156617 -0.000818167
internal_weight=4400 604 3796 1755 904 187 2041 153 717 150 57 1769 420 399 372 287 111 47 64 41 1349 366 123 83 243 43 43 176 272 55
internal_count=4400 604 3796 1755 904 187 2041 153 717 150 57 1769 420 399 372 287 111 47 64 41 1349 366 123 83 243 43 43 176 272 55
cat_boundaries=0 1
cat_threshold=528
is_linear=0
shrinkage=0.03


Tree=156
num_leaves=31
num_cat=1
split_feature=0 10 0 19 6 6 10 8 8 6 6 16 8 8 9 6 9 16 9 1 11 2 8 16 17 8 17 17 0 17
split_gain=411.744 19.6215 4.35578 1.16994 0.659199 0.690839 1.07344 1.46731 1.22067 0.741842 0.703278 0.618574 0.571621 0.821751 0.519434 0.631419 0.682731 0.782549 0.509162 0.494192 0.605306 1.0793 0.724156 0.807248 0.634069 0.484521 0.677529 0.43593 0.51624 0.431414
threshold=1.0000000180025095e-35 0.25000000000000011 0.52628531952766189 0 0.29631336405529957 0.25399650405212143 0.25000000000000011 0.12224515550543266 0.13362524250080873 0.21787360105332459 0.2600985221674878 3.5000000000000004 0.21176080412325526 0.22614163575611029 0.57148067104303446 0.13449864929286512 0.51677607585703877 26.500000000000004 0.8231218088986143 0.023437500000000003 -0.5 0.065104166666666671 0.1168743981058822 12.500000000000002 0.32885499106459032 0.13362524250080873 0.33660965024253259 0.29725129776189269 0.30549949579934954 0.27423198025699952
decision_type=2 2 2 1 2 2 2 2 2 2 2 2 2 2 2 2 2 2 2 2 2 2 2 2 2 2 2 2 2 2
left_child=1 -1 3 11 5 9 10 -8 -9 14 -7 -2 -6 -14 15 -5 25 -18 27 29 21 24 23 -22 -21 26 -17 28 -16 -13
right_child=2 -3 -4 4 12 6 7 8 -10 -11 -12 19 13 -15 18 16 17 -19 -20 20 22 -23 -24 -25 -26 -27 -28 -29 -30 -31
leaf_value=0 -0.00012713528988630526 0 0.0016030434226345879 0.00019477692646389144 0.00044889031050941611 -5.3938590697258621e-05 8.0563613476947296e-05 -0.0004793386458945683 -0.00016472444125621136 0.00031750814778627317 0.00021683272598197443 -9.8012455817257348e-05 -0.0001918880386469908 0.00020197529683506739 1.3632660822630834e-05 0.00017470937554348154 -1.9775096233481026e-05 -0.00013652606702468359 -7.6085557496851229e-05 0.00017042585732157651 0.0004738206151473892 -0.00037858748678259204 0.00040238440722324193 -8.4130000736754105e-05 -0.00017332631597711731 -0.000133120841222633 -0.00031042821983795802 0.00033170439841023362 -6.4377424269505552e-05 -1.4979438567635679e-05
leaf_weight=569 75 35 854 81 485 26 63 26 47 323 182 27 22 177 33 92 23 23 42 128 62 24 258 95 49 24 25 220 34 276
leaf_count=569 75 35 854 81 485 26 63 26 47 323 182 27 22 177 33 92 23 23 42 128 62 24 258 95 49 24 25 220 34 276
internal_value=-0.00265227 -0.0256589 0.00100843 0.000460911 0.000885597 0.000484177 -0.000662789 -0.00273527 -0.00563006 0.000913043 0.000692304 -0.000376494 0.00164035 0.000286431 0.000286432 -0.000694027 -0.0016524 -0.00482598 0.0010851 -0.000166485 0.000321428 -0.00102985 0.000975901 -0.000630569 -0.000220338 -0.000617017 0.000179486 0.00153658 -0.000582081 -0.00115841
internal_weight=4400 604 3796 2942 1948 1264 344 136 73 920 208 994 684 199 597 268 187 46 329 919 616 201 415 157 177 141 117 287 67 303
internal_count=4400 604 3796 2942 1948 1264 344 136 73 920 208 994 684 199 597 268 187 46 329 919 616 201 415 157 177 141 117 287 67 303
cat_boundaries=0 1
cat_threshold=529
is_linear=0
shrinkage=0.03


Tree=157
num_leaves=31
num_cat=1
split_feature=0 10 0 19 9 0 10 8 16 7 17 7 17 11 6 9 7 9 8 16 13 8 9 0 7 7 11 17 7 8
split_gain=411.256 19.6215 4.26699 0.981588 0.91164 1.30983 1.08104 0.649542 0.468579 0.538427 0.447249 0.42274 0.82895 0.638308 0.99721 0.568308 0.573657 0.463965 0.459267 0.522031 0.44027 0.423412 0.445955 0.41839 0.355896 0.754456 0.767985 0.420841 0.455305 0.482394
threshold=1.0000000180025095e-35 0.25000000000000011 0.52628531952766189 0 0.09700948212983225 0.41236253695532932 -0.24999999999999994 0.071778949822086865 3.5000000000000004 0.060055430377196566 0.30400966934908297 0.063178407437470135 0.34707977897699105 -0.68301270189221952 0.30368663594470052 0.64843180160466829 0.059770957393518474 0.64697301239970828 0.16278022763403752 26.500000000000004 0.81174490092936691 0.063344880755790409 0.66411378555798695 0.26844738175175836 0.05326294979346325 0.04618662484735897 0.25000000000000017 0.3269817095536991 0.020972266000457252 0.064981882815564593
decision_type=2 2 2 1 2 2 2 2 2 2 2 2 2 2 2 2 2 2 2 2 2 2 2 2 2 2 2 2 2 2
left_child=1 -1 3 8 5 -5 7 -6 9 10 -2 12 15 14 -13 16 17 20 -15 -20 24 22 -17 -24 25 27 -27 28 -10 -30
right_child=2 -3 -4 4 6 -7 -8 -9 11 -11 -12 13 -14 18 -16 21 -18 -19 19 -21 -22 -23 23 -25 -26 26 -28 -29 29 -31
leaf_value=0 4.0305191770320829e-05 0 0.001554952119955551 0.00010645841141383355 -4.3313126169523265e-05 -0.00039665127570905556 4.319056594183794e-05 0.00042519758092272061 -6.6905998322541074e-05 -0.00025448204122259873 -9.5293606845909092e-05 0.00034417629151231322 -4.7193048527072477e-05 0.00040666682823061546 -0.00035202106375895184 0.00015974075174790225 -0.00015936550363411701 -6.7659865092335031e-05 0.00040369927041820946 -0.00050968832013518616 0.00037962178180530112 0.00017949017508799562 5.0420555723505104e-06 -0.00021527816561226864 0.00041560553643156262 -0.00023578774092184975 -0.00023347572681814229 -4.6373933246570387e-05 -6.5627723052882352e-05 0.00030147184150418479
leaf_weight=569 26 35 854 51 37 20 1253 587 35 22 27 28 23 144 26 41 25 34 39 20 46 138 22 25 45 20 38 20 43 107
leaf_count=569 26 35 854 51 37 20 1253 587 35 22 27 28 23 144 26 41 25 34 39 20 46 138 22 25 45 20 38 20 43 107
internal_value=-0.00266591 -0.0256589 0.000992624 0.000450714 0.000839632 -0.00249292 0.000970165 0.00199038 -0.000316733 -0.00259997 -0.000962246 -0.000133841 -0.000534742 0.000898829 -0.00199996 -0.000333333 -0.000995155 -0.000711338 0.00166994 -0.000559312 -0.000389829 0.000876102 -0.000749991 -0.00274462 -0.000798699 -0.00122053 -0.00424131 -0.000365852 8.10808e-05 0.000799995
internal_weight=4400 604 3796 2942 1948 71 1877 624 994 75 53 919 662 257 54 639 413 388 203 59 354 226 88 47 308 263 58 205 185 150
internal_count=4400 604 3796 2942 1948 71 1877 624 994 75 53 919 662 257 54 639 413 388 203 59 354 226 88 47 308 263 58 205 185 150
cat_boundaries=0 1
cat_threshold=529
is_linear=0
shrinkage=0.03


Tree=158
num_leaves=31
num_cat=0
split_feature=0 10 0 1 3 6 9 17 17 10 6 11 16 11 7 0 11 10 12 0 3 7 7 7 9 8 8 0 9 1
split_gain=409.551 19.6215 4.52481 1.07247 0.657492 0.734084 0.645447 0.771672 0.633198 0.56231 1.29392 0.525223 0.520466 0.494281 0.723005 0.650341 0.665237 1.14093 0.699969 0.501367 0.462724 0.452047 0.41216 0.410782 0.569438 0.409222 1.14255 0.51531 1.02463 0.420396
threshold=1.0000000180025095e-35 0.25000000000000011 0.52080508158020811 0.033854166666666671 0.16927083333333334 0.30552995391705079 0.68891320204230511 0.33712024508552468 0.34971491787932951 -0.93301270189221908 0.24654377880184339 0.93301270189221952 5.5000000000000009 0.6830127018922193 0.08223428479567764 0.4145153769509492 -0.24999999999999994 0.25000000000000011 -0.60785761079279388 0.39309753285064181 0.070312500000000014 0.11992761639997179 0.1136185938746033 0.06607095970507626 0.89824945295404834 0.12535289271839811 0.129574486851217 0.44358963562553105 0.57622173595915405 0.044270833333333336
decision_type=2 2 2 2 2 2 2 2 2 2 2 2 2 2 2 2 2 2 2 2 2 2 2 2 2 2 2 2 2 2
left_child=1 -1 3 6 5 9 8 -8 13 10 -5 22 -13 15 -15 19 17 -17 -18 20 -2 23 -7 24 25 29 -27 -28 -29 -11
right_child=2 -3 -4 4 -6 11 7 -9 -10 21 -12 12 -14 14 -16 16 18 -19 -20 -21 -22 -23 -24 -25 -26 26 27 28 -30 -31
leaf_value=0 -1.7225751981126431e-05 0 0.0014049866562194778 0.00027296882484683808 -0.00024429390487069912 0.00042160851661543296 0.00010722993129937376 -6.9431751225048185e-05 0.00022904784810675677 -6.8051427346467669e-06 -0.00015111258806336665 -2.4421079080632927e-05 0.00026863309807062557 0.00013807186391534557 -0.00041822364375641207 -3.2096044903019907e-05 0.0001868497357213713 -0.00049900120641738644 -7.8582943499669127e-05 0.00030004725691065324 -0.00016643672951617423 -0.00027730200442811754 -3.93084257608178e-05 0.00032410671812579744 -0.00022476968215080935 -0.00037808163750388529 0.00039057915474604562 0.00083862770859666452 -0.00043064275486047319 0.00028269185370624308
leaf_weight=569 528 35 897 48 26 538 192 27 39 198 21 40 58 114 20 25 21 21 24 65 26 37 37 244 32 20 96 20 31 351
leaf_count=569 528 35 897 48 26 538 192 27 39 198 21 40 58 114 20 25 21 21 24 65 26 37 37 244 32 20 96 20 31 351
internal_value=-0.00271364 -0.0256589 0.000937302 0.000361159 0.000813021 0.000882552 -0.00037568 0.00108219 -0.000737258 0.000404371 -0.00221736 0.0016627 -0.000367343 -0.000909951 0.000761188 -0.00122535 -0.00359337 -0.0061303 -0.000999978 -0.00087722 -0.00116967 0.000580174 0.00200869 0.000701612 0.000352941 0.000527932 -0.00077245 0.000142856 -0.00229407 0.000923496
internal_weight=4400 604 3796 2899 1797 1771 1102 219 883 1098 69 673 98 844 134 710 91 46 45 619 554 1029 575 992 748 716 167 147 51 549
internal_count=4400 604 3796 2899 1797 1771 1102 219 883 1098 69 673 98 844 134 710 91 46 45 619 554 1029 575 992 748 716 167 147 51 549
is_linear=0
shrinkage=0.03


Tree=159
num_leaves=31
num_cat=0
split_feature=20 10 20 6 3 11 18 7 3 11 8 11 17 6 6 17 20 20 6 8 7 18 3 13 3 17 12 9 18 7
split_gain=410.769 19.6215 4.17912 0.930527 0.656027 0.61863 0.613326 0.553057 0.832575 1.29826 1.59988 0.573928 0.963529 0.521777 0.944783 0.925077 0.659218 1.08679 0.630471 0.61771 0.846052 0.563589 0.546346 0.475125 0.538114 0.463218 1.60078 0.598782 0.805887 0.695473
threshold=1.0000000180025095e-35 0.25000000000000011 0.52628531952766189 0.29631336405529957 0.16927083333333334 0.6830127018922193 0.50147058823529422 0.087670594114355446 0.059895833333333336 -0.68301270189221952 0.19123505505912505 0.93301270189221952 0.22423623521402439 0.25259812490068334 0.21787360105332459 0.3085914918466221 0.42141001303737941 0.41096985593637786 0.2600985221674878 0.12535289271839811 0.094404316164656679 0.4661764705882353 0.049479166666666671 -0.56174490092936669 0.054687500000000007 0.34572589566845385 1.0000000180025095e-35 0.68891320204230511 0.47500000000000003 0.040747545603109198
decision_type=2 2 2 2 2 2 2 2 2 2 2 2 2 2 2 2 2 2 2 2 2 2 2 2 2 2 2 2 2 2
left_child=1 -1 3 5 7 6 13 11 -9 10 -10 -5 -13 14 19 16 17 -15 -17 25 -21 22 -20 -23 -25 27 -27 28 29 -2
right_child=2 -3 -4 4 -6 -7 -8 8 9 -11 -12 12 -14 15 -16 18 -18 -19 21 20 -22 23 -24 24 -26 26 -28 -29 -30 -31
leaf_value=0 -2.0392167215402102e-05 0 0.0014661539566703007 0.00041157919344308238 -0.0001457839764863545 0.00020453215373296145 0.00037726374958656895 0.00039732000812968258 -0.00051691706426472731 0.00026194369553614853 -1.7395871825535449e-05 0.00019728277577138922 -8.5258531561642931e-05 0.0001145876881496402 0.00021399085186475704 -0.00033848239493787491 0.00028415022701352364 -0.00014457704953821349 -0.0003911704835464753 -0.00012226185149779938 0.00040257290024204581 -0.00035841101599846904 -0.00011684962009139644 0.00031025972315364538 -0.00034574162964248642 0.00011485584132255729 -0.00010156584199721771 0.00011389768075948115 7.4507280782527047e-06 -6.3549983786451823e-05
leaf_weight=569 196 35 854 605 29 267 88 68 20 77 20 60 38 96 337 27 69 20 21 51 23 35 20 56 23 48 22 192 347 87
leaf_count=569 196 35 854 605 29 267 88 68 20 77 20 60 38 96 337 27 69 20 21 51 23 35 20 56 23 48 22 192 347 87
internal_value=-0.00267954 -0.0256589 0.000976818 0.000440517 0.00123337 8.14816e-05 -0.000122867 0.00137838 -8.10805e-05 -0.00161537 -0.00599985 0.00176244 -0.000367343 -0.000251497 2.9931e-05 -0.00125068 0.000243242 -0.00113792 -0.00276922 -0.000447204 -0.00308104 -0.00203224 -0.00504866 -0.00094736 0.000341768 -0.000228699 -0.00257139 -2.91969e-05 -0.00047619 -0.0016643
internal_weight=4400 604 3796 2942 917 2025 1758 888 185 117 40 703 98 1670 1303 367 185 116 182 966 74 155 41 114 79 892 70 822 630 283
internal_count=4400 604 3796 2942 917 2025 1758 888 185 117 40 703 98 1670 1303 367 185 116 182 966 74 155 41 114 79 892 70 822 630 283
is_linear=0
shrinkage=0.03


Tree=160
num_leaves=31
num_cat=1
split_feature=0 1 16 13 9 16 8 19 5 12 18 9 5 1 3 4 5 9 17 12 17 7 7 8 5 8 0 9 5 17
split_gain=418.897 4.11662 4.09948 2.68888 1.01237 0.799471 0.856198 0.766535 0.66006 0.641815 0.58792 0.70002 0.595626 0.546346 0.541226 0.96759 0.52219 0.64375 0.446409 0.434512 0.934458 0.432171 1.13299 0.4294 0.4192 0.486784 1.49994 0.415111 0.409064 0.934578
threshold=1.0000000180025095e-35 0.065104166666666671 29.500000000000004 -0.22252093395631442 0.1203501094091904 2.5000000000000004 0.17145492021784528 0 0.24036511156186616 0.6078576107927941 0.46911764705882358 0.8231218088986143 0.1179851250845166 0.023437500000000003 0.11718750000000001 0.091145833333333343 0.040398918187964851 0.54303428154631672 0.3752021104586844 1.0000000180025095e-35 0.30352809298695055 0.11596544270602603 0.125746181198165 0.047036063606218641 0.11257606490872211 0.12896556527388528 0.36817239475186264 0.36725018234865076 0.17545638945233269 0.34572589566845385
decision_type=2 2 2 2 2 2 2 1 2 2 2 2 2 2 2 2 2 2 2 2 2 2 2 2 2 2 2 2 2 2
left_child=2 5 -1 -4 -3 6 19 9 14 21 12 -12 13 -11 18 -16 17 -9 -6 -2 -21 24 -23 -18 25 -7 -27 -5 29 -25
right_child=1 4 3 27 8 7 -8 16 -10 10 11 -13 -14 -15 15 -17 23 -19 -20 20 -22 22 -24 28 -26 26 -28 -29 -30 -31
leaf_value=0 0.00016968623933626668 -0.00032277356916725114 0 0 0.00038946886727868899 9.3737448668592093e-05 -2.059964199081054e-05 -9.5582169826222455e-05 0.0018112589812128237 -2.8448124369317765e-05 0.00020487416656619179 -0.00021791306474550946 3.0899357901236774e-05 -7.00949557352827e-05 0.00047529791973543984 -0.00029857458211947244 0.00036932209217468759 -7.4974639629684053e-06 -0.00023437449938000577 6.9955489472613825e-05 -0.00015303625162936175 -0.00016082095778069261 0.00026472467421720727 -8.732455783965261e-06 0.00031096478151413292 8.3725144737682142e-05 -0.00026576830445436183 0 0.00026981216771754664 -8.024985306716687e-05
leaf_weight=489 30 20 42 28 624 215 23 25 744 20 124 20 48 21 34 24 40 36 23 32 29 22 35 950 490 27 27 52 132 66
leaf_count=489 30 20 42 28 624 215 23 25 744 20 124 20 48 21 34 24 40 36 23 32 29 22 35 950 490 27 27 52 132 66
internal_value=-0.00268344 0.000951559 -0.0257725 -0.0208523 0.00220354 0.000189055 -0.00226314 0.000310705 0.00229606 0.000903682 -0.000476393 0.000708329 -0.00239323 -0.00504866 0.0016383 -0.00113791 -0.00019301 -0.00290159 0.00188717 -0.000956033 -0.0024098 0.00130882 -0.0012105 -5.55554e-05 0.00149802 0.000546466 -0.00199996 -0.0176248 -0.000162021 -0.000366141
internal_weight=4492 3881 611 122 1469 2412 114 2298 1449 1049 233 144 89 41 705 58 1249 61 647 91 61 816 57 1188 759 269 54 80 1148 1016
internal_count=4492 3881 611 122 1469 2412 114 2298 1449 1049 233 144 89 41 705 58 1249 61 647 91 61 816 57 1188 759 269 54 80 1148 1016
cat_boundaries=0 1
cat_threshold=236
is_linear=0
shrinkage=0.03


Tree=161
num_leaves=31
num_cat=1
split_feature=0 10 1 6 16 6 19 10 14 10 6 1 6 5 5 1 5 6 8 6 10 4 6 1 0 6 8 13 11 2
split_gain=418.412 17.3593 4.35597 0.961473 0.953512 0.771274 0.760582 0.79419 0.735214 0.677578 0.607135 0.567654 0.623016 1.02182 0.560717 0.634881 0.543463 0.764704 0.490487 0.545433 0.48327 0.435683 0.725882 0.431175 0.427198 0.84796 0.843422 0.502311 0.640253 0.435356
threshold=1.0000000180025095e-35 0.25000000000000011 0.065104166666666671 0.30552995391705079 2.5000000000000004 0.34147465437788027 0 -0.24999999999999994 1.0000000180025095e-35 0.93301270189221952 0.29539170506912449 0.054687500000000007 0.24654377880184339 0.1179851250845166 0.096179851250845175 0.023437500000000003 0.13083164300202843 0.52764976958525367 0.20833669660143139 0.29631336405529957 0.68301270189221941 0.013020833333333334 0.1494994438264739 0.080729166666666671 0.20681904689606379 0.10865814623958596 0.070280936010108666 -0.22252093395631442 -0.9330127018922193 0.013020833333333334
decision_type=2 2 2 2 2 2 1 2 2 2 2 2 2 2 2 2 2 2 2 2 2 2 2 2 2 2 2 2 2 2
left_child=1 -1 4 10 5 14 7 -6 11 24 23 12 20 -14 15 -2 -15 18 19 -18 -9 22 -22 -4 -8 -26 27 -27 -29 -28
right_child=2 -3 3 -5 6 -7 9 8 -10 -11 -12 -13 13 16 -16 -17 17 -19 -20 -21 21 -23 -24 -25 25 26 29 28 -30 -31
leaf_value=0 6.600931912474133e-06 0 5.7953417794471754e-05 0.001016345275015334 0.00032977015248287285 -1.68417360314458e-05 -8.146471183984677e-05 0.00012489597053952871 0.00019026544417392668 0.00021290013149079549 -0.00027457185668032703 0.00048519076752501705 -4.4346540661500059e-05 0.00027706902201630985 0.00011956359105233225 -3.9664930621879863e-05 -0.00031495205352648426 0.00018610774257641662 -0.00024753604822282506 0.00039611610247372987 8.0890037116416372e-06 3.0766475742766088e-05 -8.1655331239245441e-05 0.00036906457741029005 0.0001513277758480814 -0.00038493106839183465 0.00041868728354680517 -0.00016966249263769697 3.5966093199979006e-05 -1.8222868691412162e-05
leaf_weight=577 21 34 163 1167 365 23 30 97 214 142 35 69 33 24 46 24 32 21 20 22 30 98 24 104 133 36 62 20 38 788
leaf_count=577 21 34 163 1167 365 23 30 97 214 142 35 69 33 24 46 24 32 21 20 22 30 98 24 104 133 36 62 20 38 788
internal_value=-0.00269679 -0.0257725 0.000936099 0.00222396 0.000151741 -0.00252629 0.000284595 0.000875353 0.000280701 -0.000216838 0.00071523 -0.000382978 -0.000815459 -0.00232893 -0.0012857 -0.00366658 -0.0010336 -0.00205261 -0.00348644 -0.00199996 0.000108433 -0.000947362 -0.00311105 0.00120224 -0.000468834 -0.000370473 -0.00068644 -0.00338294 -0.00165514 -0.000388235
internal_weight=4492 611 3881 1469 2412 114 2298 1049 684 1249 302 470 401 152 91 45 119 95 74 54 249 152 54 267 1107 1077 944 94 58 850
internal_count=4492 611 3881 1469 2412 114 2298 1049 684 1249 302 470 401 152 91 45 119 95 74 54 249 152 54 267 1107 1077 944 94 58 850
cat_boundaries=0 1
cat_threshold=236
is_linear=0
shrinkage=0.03


Tree=162
num_leaves=31
num_cat=0
split_feature=0 0 16 13 1 3 16 8 5 1 5 0 7 4 8 6 5 5 3 0 4 7 3 16 7 2 17 13 7 11
split_gain=416.477 4.36307 4.09948 2.68888 1.45098 0.995611 0.648876 1.02313 0.642177 0.595197 0.582813 1.07023 1.22491 0.604867 0.568191 1.04012 0.548699 0.549854 1.2011 0.467294 0.445759 0.467651 0.486468 0.70214 1.0694 0.456128 0.443392 0.751071 0.47761 1.19905
threshold=1.0000000180025095e-35 0.53840388049425569 29.500000000000004 -0.22252093395631442 0.049479166666666671 0.16927083333333334 2.5000000000000004 0.16747484369433055 0.096179851250845175 0.023437500000000003 0.12237998647734956 0.4145153769509492 0.041944532000914164 0.10156250000000001 0.16120277903739247 0.27788018433179729 0.10818120351588913 0.098377281947261683 0.018229166666666668 0.27889977931776339 0.013020833333333334 0.067795911274033463 0.044270833333333336 22.500000000000004 0.095129496739318989 0.054687500000000007 0.3752021104586844 -0.56174490092936669 0.11596544270602603 -0.5
decision_type=2 2 2 2 2 2 2 2 2 2 2 2 2 2 2 2 2 2 2 2 2 2 2 2 2 2 2 2 2 2
left_child=2 4 -1 -4 6 26 7 8 9 -2 11 13 -13 14 15 16 17 19 -19 -8 -12 -22 -23 -24 25 -25 28 -28 -6 -30
right_child=1 -3 3 -5 5 -7 10 -9 -10 -11 20 12 -14 -15 -16 -17 -18 18 -20 -21 21 22 23 24 -26 -27 27 -29 29 -31
leaf_value=0 6.4029039551003524e-06 0.0016002221855238496 0 0 0.00026491721349904921 -0.00033435683808797354 -2.9502704653601402e-05 -1.9283225112428557e-05 0.00052691241477588122 -4.6700021958955362e-05 -2.247392458535414e-05 -3.8947297263389578e-06 -0.00043131660295959843 -0.00035480481026245637 0.00050352122534215882 -0.00022762748079893725 0.00018008749513675177 -0.00010080554156512835 -4.3419387097765313e-05 1.8797287464604753e-05 0.00028495986098470079 0.00020179757862122424 0.00012678952800392024 -1.5058990220352896e-05 -0.00016166894118026264 8.9786524163059566e-05 -0.0002912727831570541 0.00040000677934550545 -0.00037949070554295903 0.00024429698137884675
leaf_weight=489 21 799 42 80 1139 22 260 21 34 21 24 20 20 22 49 26 107 20 99 541 274 95 71 22 33 41 20 25 21 34
leaf_count=489 21 799 42 80 1139 22 260 21 34 21 24 20 20 22 49 26 107 20 99 541 274 95 71 22 33 41 20 25 21 34
internal_value=-0.00275022 0.000874259 -0.0257725 -0.0208523 0.000362103 0.00114433 -0.000179571 -0.00256698 -0.000947356 -0.00342849 -4.52435e-05 -0.000427835 -0.00524987 -0.000256227 -0.000157894 -0.000304843 -0.00015482 -0.000391304 -0.0022941 -0.000108614 0.000749999 0.000929103 2.29008e-05 -0.00095209 -0.00262497 -0.000333328 0.00125666 -0.00166663 0.00136683 -0.00136361
internal_weight=4492 3881 611 122 3082 1261 1821 97 76 42 1724 1164 40 1124 1102 1053 1027 920 119 801 560 536 262 167 96 63 1239 45 1194 55
internal_count=4492 3881 611 122 3082 1261 1821 97 76 42 1724 1164 40 1124 1102 1053 1027 920 119 801 560 536 262 167 96 63 1239 45 1194 55
is_linear=0
shrinkage=0.03


Tree=163
num_leaves=31
num_cat=2
split_feature=0 10 0 10 19 11 19 18 9 18 16 16 5 4 0 12 16 17 8 17 16 6 5 17 17 4 4 0 18 18
split_gain=417.202 17.3593 4.09891 1.13031 1.54735 0.799728 0.771477 1.17984 0.942357 1.16582 0.660646 1.08648 1.71893 0.648425 0.633923 0.626816 1.10505 0.625463 1.03046 0.565121 0.98225 0.556243 1.30821 0.537515 0.765586 0.45464 0.915385 0.894347 0.942293 0.702722
threshold=1.0000000180025095e-35 0.25000000000000011 0.53840388049425569 -0.24999999999999994 0 0.6830127018922193 1 0.44264705882352945 0.42924872355944577 0.48088235294117648 17.500000000000004 13.500000000000002 0.12677484787018259 0.070312500000000014 0.41876820771680739 -0.8783796973249266 6.5000000000000009 0.29240798288626951 0.1003563309957262 0.35286358607778068 16.500000000000004 0.16308596853646914 0.096179851250845175 0.22878903923070382 0.24657475959492811 0.033854166666666671 0.039062500000000007 0.30326947050547354 0.46911764705882358 0.48970588235294121
decision_type=2 2 2 2 1 2 1 2 2 2 2 2 2 2 2 2 2 2 2 2 2 2 2 2 2 2 2 2 2 2
left_child=1 -1 3 4 -2 14 7 -5 9 17 11 15 -13 25 21 16 -8 -9 -19 20 -16 22 -6 -17 -25 27 -27 28 -10 -28
right_child=2 -3 -4 6 5 -7 10 8 13 -11 -12 12 -14 -15 19 23 -18 18 -20 -21 -22 -23 -24 24 -26 26 29 -29 -30 -31
leaf_value=0 0.00042813580401387241 0 0.0015522155199581339 -0.00025628148085533501 -1.8368638946359606e-06 0.00047947602557962848 -0.00013702545549565068 -0.00043178263133449691 -8.8927462011777073e-05 0.00049690164086240395 7.7435709954617481e-05 -0.00027557856002989389 9.7212266895619378e-05 0.00025919298343539756 -0.00032497598431015674 0.00035299711127626562 0.00030668117597231083 -0.00014745411041342668 7.1787112989145461e-05 0.00010350292635855471 -0.00027238510498837849 0.00017715184182531113 -0.00018231652452139249 -0.00014600632955433528 1.4299062615284609e-05 -0.00029861651380933598 -9.3898361309624703e-05 0.00017290026841087174 -3.5441843109217052e-06 0.00083392219489383552
leaf_weight=577 509 34 799 27 172 106 31 24 24 41 941 21 35 86 22 64 25 22 20 21 46 177 22 21 200 37 105 149 98 36
leaf_count=577 509 34 799 27 172 106 31 24 24 41 941 21 35 86 22 64 25 22 20 21 46 177 22 21 200 37 105 149 98 36
internal_value=-0.00273019 -0.0257725 0.000897449 0.000401038 0.00118605 8.33333e-05 -1.94319e-05 -0.000843887 -0.00059813 -0.00316819 0.000396142 -0.000627202 -0.00449992 -8.41119e-05 -0.000456521 8.79774e-06 -0.00289281 -0.00563628 -0.00342849 -0.00273031 -0.00405876 8.89487e-05 -0.00102061 0.000578945 -0.000122171 -0.000541201 -0.00171909 0.000232472 -0.00167212 -0.000617017
internal_weight=4492 611 3881 3082 1075 566 2007 669 642 107 1338 397 56 535 460 341 56 66 42 89 68 371 194 285 221 449 178 271 122 141
internal_count=4492 611 3881 3082 1075 566 2007 669 642 107 1338 397 56 535 460 341 56 66 42 89 68 371 194 285 221 449 178 271 122 141
cat_boundaries=0 1 2
cat_threshold=174 145
is_linear=0
shrinkage=0.03


Tree=164
num_leaves=31
num_cat=0
split_feature=0 0 16 13 1 3 9 4 17 16 8 6 3 17 8 0 0 9 5 0 5 1 9 7 9 17 4 13 9 3
split_gain=416.96 4.13207 4.09948 2.68888 1.10185 0.973272 0.881965 0.803199 0.542884 0.728899 0.876532 0.763482 0.698049 0.745476 1.55863 0.518413 1.26565 0.59046 0.651339 0.602504 0.537489 0.515843 0.629134 0.512462 1.03383 0.610611 0.507538 0.505722 0.829063 0.586119
threshold=1.0000000180025095e-35 0.53840388049425569 29.500000000000004 -0.22252093395631442 0.049479166666666671 0.16927083333333334 0.1203501094091904 0.018229166666666668 0.27423198025699952 3.5000000000000004 0.17145492021784528 0.33870967741935493 0.049479166666666671 0.25261679857033453 0.11960370671186522 0.41625612619461377 0.44457804280797869 0.49051787016776083 0.072008113590263698 0.35371632274308884 0.041582150101419885 0.023437500000000003 0.65864332603938747 0.11596544270602603 0.6433260393873087 0.3752021104586844 0.080729166666666671 -0.56174490092936669 0.78264040846097749 0.044270833333333336
decision_type=2 2 2 2 2 2 2 2 2 2 2 2 2 2 2 2 2 2 2 2 2 2 2 2 2 2 2 2 2 2
left_child=2 4 -1 -4 7 6 -6 15 9 10 -9 12 -11 -14 -15 17 -17 19 21 20 -2 -19 -23 25 -25 -8 27 28 -10 -29
right_child=1 -3 3 -5 5 -7 23 8 26 11 -12 -13 13 14 -16 16 -18 18 -20 -21 -22 22 -24 24 -26 -27 -28 29 -30 -31
leaf_value=0 -0.0001041201931344152 0.0015056490543593891 0 0 -0.00022169358629860983 -0.00032718317126281463 0.00029534885214095352 0.0001025864862916589 -1.1620022242990258e-06 2.1644067969218248e-05 -0.00024426508184972374 0.00027132590737653312 3.2592729534625407e-05 0.00035823927531384089 -0.00042413091721752339 -0.00015922089210629198 7.2227991889373802e-05 -1.837782728220239e-06 0.00016354544980350593 -0.00018041405182439045 9.351041802049358e-06 -0.00012599930934731413 6.6695196248659627e-05 0.00021941560678021723 -0.00034552470110289286 -0.0002137546091421558 0.00039731038890882724 9.7116091117028442e-05 -0.00017912164795237133 -1.5603371902607529e-05
leaf_weight=489 21 799 42 80 38 22 1104 21 237 74 24 113 37 21 26 26 20 152 122 24 52 27 26 51 22 24 75 457 23 243
leaf_count=489 21 799 42 80 38 22 1104 21 237 74 24 113 37 21 26 26 20 152 122 24 52 27 26 51 22 24 75 457 23 243
internal_value=-0.00273686 0.000889719 -0.0257725 -0.0208523 0.000391304 0.00107296 0.00118402 -8.07247e-05 0.000290896 -0.000797466 -0.00433324 -0.000210331 -0.00155695 -0.00342853 -0.00593604 -0.00114893 -0.00417382 -0.000820753 -0.000211008 -0.00287626 -0.00152053 -0.0012439 -0.00379238 0.00132639 -0.00110957 0.00148404 0.000623188 0.0004375 -0.000692305 0.000857142
internal_weight=4492 3881 611 122 3082 1261 1239 1821 1351 316 45 271 158 84 47 470 46 424 327 97 73 205 53 1201 73 1128 1035 960 260 700
internal_count=4492 3881 611 122 3082 1261 1239 1821 1351 316 45 271 158 84 47 470 46 424 327 97 73 205 53 1201 73 1128 1035 960 260 700
is_linear=0
shrinkage=0.03


Tree=165
num_leaves=31
num_cat=1
split_feature=0 10 0 4 9 7 3 10 8 0 7 11 13 18 19 10 3 0 2 17 18 18 17 0 13 18 0 7 9 18
split_gain=417.835 18.7902 4.3868 0.87413 1.05172 1.73369 1.73107 0.848955 1.15759 1.04342 0.880371 1.41986 1.2249 0.703619 0.649504 0.532483 0.511827 0.504282 0.899784 0.480849 0.737248 0.808801 0.725614 0.606306 0.448162 0.417583 0.425909 0.399957 0.346367 0.936749
threshold=1.0000000180025095e-35 0.25000000000000011 0.52464050029776299 0.018229166666666668 0.1203501094091904 0.05468897878109228 0.033854166666666671 -0.24999999999999994 0.075223422284331695 0.31796113298444179 0.095129496739318989 -0.5 1.0000000180025095e-35 0.47500000000000003 0 -0.93301270189221908 0.16927083333333334 0.43227513617739172 0.049479166666666671 0.3058037613820101 0.46911764705882358 0.47794117647058826 0.34572589566845385 0.20681904689606379 1.0000000180025095e-35 0.42794117647058827 0.59102031964221136 0.075471023833399251 0.80598103574033564 0.4661764705882353
decision_type=2 2 2 2 2 2 2 2 2 2 2 2 2 2 1 2 2 2 2 2 2 2 2 2 2 2 2 2 2 2
left_child=1 -1 3 14 5 -5 -7 8 9 -6 16 12 -12 -13 19 17 28 -10 -19 20 -2 24 23 -21 -22 26 -4 -24 -9 -30
right_child=2 -3 25 4 7 6 -8 10 15 -11 11 13 -14 -15 -16 -17 -18 18 -20 22 21 -23 27 -25 -26 -27 -28 -29 29 -31
leaf_value=0 -5.7265395098013335e-05 0 -0.00016901582340257969 9.3601281581309177e-06 4.2643797875592301e-05 -0.00045075496258492533 -0.00013330452059925348 6.9426891041260303e-05 0.00032814984253657725 -0.00017078379745579035 -7.3817502488486077e-06 -7.322781242021706e-05 -0.00047199043673348237 0.00047181022645412463 2.1034154817672465e-05 0.00036304855534490866 -0.00037458463825795562 -0.0001652113765830208 0.00034455476783413049 -4.0152457572127972e-05 0.00015077102450445926 -0.00010881028216845384 -7.0427824231323515e-05 1.524671723410181e-05 -2.5925872089038411e-05 0.0012690165708088546 0.0023438472379309189 -0.00016047912154281349 -0.00013788275135659861 0.00017922929907451623
leaf_weight=585 33 34 27 59 46 21 41 1229 33 23 36 43 24 58 236 577 21 22 52 24 30 32 20 163 21 842 23 20 27 57
leaf_count=585 33 34 27 59 46 21 41 1229 33 23 36 43 24 58 236 577 21 22 52 24 30 32 20 163 21 842 23 20 27 57
internal_value=-0.00286679 -0.0257399 0.000820312 0.000262551 0.00051794 -0.00220659 -0.00570959 0.000664591 0.00148605 -0.00221736 0.000250836 -0.00184471 -0.00549991 0.00032673 -0.000782382 0.00185965 0.000503748 -8.41112e-05 -0.00145944 -0.00158923 -0.00320687 -0.00169877 -0.000832595 -4.8128e-05 0.000647046 0.00266367 1.11756e-10 -0.00449989 0.000578065 -0.0012857
internal_weight=4459 619 3840 2948 2369 121 62 2248 753 69 1495 161 60 101 579 684 1334 107 74 343 116 83 227 187 51 892 50 40 1313 84
internal_count=4459 619 3840 2948 2369 121 62 2248 753 69 1495 161 60 101 579 684 1334 107 74 343 116 83 227 187 51 892 50 40 1313 84
cat_boundaries=0 1
cat_threshold=625
is_linear=0
shrinkage=0.03


Tree=166
num_leaves=31
num_cat=2
split_feature=20 10 20 1 10 16 7 6 6 10 6 20 20 7 19 10 5 10 4 16 8 16 8 19 13 17 17 6 4 10
split_gain=417.835 18.7902 4.3868 1.24219 0.724565 0.941565 0.701425 0.889037 0.970608 0.754813 1.04389 0.717967 0.554838 1.1978 0.533282 0.752232 0.532281 0.525838 0.506068 1.02459 0.589616 0.80969 2.00898 0.484443 0.75785 1.07819 0.476354 0.464558 0.793249 0.84366
threshold=1.0000000180025095e-35 0.25000000000000011 0.52464050029776299 0.054687500000000007 -0.93301270189221908 16.500000000000004 0.095129496739318989 0.16777371682822187 0.1494994438264739 1.0000000180025095e-35 0.29354838709677428 0.38280925404735261 0.37133434752357647 0.040882472730218208 0 -0.5 0.040398918187964851 -0.24999999999999994 0.013020833333333334 22.500000000000004 0.12598499132066779 7.5000000000000009 0.13821614325936291 1 1.0000000180025095e-35 0.27125351033954564 0.29807587908879368 0.10865814623958596 0.013020833333333334 1.0000000180025095e-35
decision_type=2 2 2 2 2 2 2 2 2 2 2 2 2 2 1 2 2 2 2 2 2 2 2 1 2 2 2 2 2 2
left_child=1 -1 3 6 5 -5 7 8 11 -8 -11 14 13 -10 16 -16 26 -6 19 -9 -20 22 -22 24 25 -23 -2 -18 29 -29
right_child=2 -3 -4 4 17 -7 9 18 12 10 -12 -13 -14 -15 15 -17 27 -19 20 -21 21 23 -24 -25 -26 -27 -28 28 -30 -31
leaf_value=0 2.6116792923629786e-05 0 0.0011835580158010561 -0.00033571329702874791 0.00037504880898158041 0.0003217648125938996 7.3260526449287197e-06 -0.0001984118442294184 -3.8390184717541098e-05 5.2725838853427773e-06 -0.00044861465885134914 -3.9495659193022366e-05 0.00027245256142306148 -0.00022885045933887459 -0.00011536001226926855 9.8033179837589415e-05 8.5176388096950301e-05 0.00016272078728297955 0.00013701482391971026 4.1640668767028397e-05 -0.00033356306857293562 -0.00035062619199809471 2.678618954612124e-06 0.00022587190371067812 0.00050876529699771667 0.00027113969478845311 -0.00010034131895423858 8.3641298383778861e-06 -3.4284905708941917e-06 -0.00014667182488817176
leaf_weight=585 21 34 892 31 297 37 66 24 43 26 31 20 29 28 27 184 122 616 581 41 30 33 82 241 62 43 39 21 142 31
leaf_count=585 21 34 892 31 297 37 66 24 43 26 31 20 29 28 27 184 122 616 581 41 30 33 82 241 62 43 39 21 142 31
internal_value=-0.00286679 -0.0257399 0.000820312 0.000262551 0.00113456 -0.00185291 -0.000172343 -2.60302e-05 -0.000861385 -0.00236583 -0.00489465 -0.000410213 -0.00359996 -0.0050281 -0.000219761 0.000963797 -0.000886008 0.00135706 0.000493403 -0.00207689 0.000649253 -0.000116089 -0.00235712 0.000546173 -0.000851345 -0.00292101 -0.00349994 -0.00041772 -0.00132989 -0.00449991
internal_weight=4459 619 3840 2948 981 68 1967 1844 707 123 57 607 100 71 587 211 376 913 1137 65 1072 491 112 379 138 76 60 316 194 52
internal_count=4459 619 3840 2948 981 68 1967 1844 707 123 57 607 100 71 587 211 376 913 1137 65 1072 491 112 379 138 76 60 316 194 52
cat_boundaries=0 1 2
cat_threshold=531 152
is_linear=0
shrinkage=0.03


Tree=167
num_leaves=31
num_cat=3
split_feature=0 10 0 6 6 6 19 5 10 4 6 16 9 16 12 11 19 16 2 0 6 9 19 16 6 6 6 9 10 6
split_gain=418.08 18.7902 4.34969 1.14542 0.747168 0.605376 0.650086 1.11845 0.697042 0.529422 0.521071 0.640846 0.631934 0.775706 0.512472 0.592941 0.496474 1.05538 1.72846 0.44926 0.628112 1.01731 0.676637 1.87996 1.84851 1.42254 0.664075 0.672939 0.67221 0.893887
threshold=1.0000000180025095e-35 0.25000000000000011 0.52464050029776299 0.16777371682822187 0.60230414746543792 0.1494994438264739 0 0.093982420554428681 -0.5 1.0000000180025095e-35 0.15714285714285717 26.500000000000004 0.58242159008023353 21.500000000000004 -0.60785761079279388 0.25000000000000017 1 6.5000000000000009 0.059895833333333336 0.35719109297700841 0.20213956550362086 0.57330415754923425 2 17.500000000000004 0.35161290322580652 0.44285714285714295 0.29631336405529957 0.48322392414296145 1.0000000180025095e-35 0.24654377880184339
decision_type=2 2 2 2 2 2 1 2 2 2 2 2 2 2 2 2 1 2 2 2 2 2 1 2 2 2 2 2 2 2
left_child=1 -1 3 5 14 6 7 9 -8 -2 11 -7 13 -12 -5 19 17 18 -17 -16 21 -21 23 24 -22 26 27 -25 -29 -30
right_child=2 -3 -4 4 -6 10 8 -9 -10 -11 12 -13 -14 -15 15 16 -18 -19 -20 20 22 -23 -24 25 -26 -27 -28 28 29 -31
leaf_value=0 -0.00013524111395447338 0 0.0011480512753270244 0.00017654810235618069 -0.00024217215698185324 -8.9683275582087981e-05 -9.8714317599394894e-05 -0.00012039886242904053 0.00031076529394663787 -1.1911368908463432e-05 0.00044320313375065289 -0.0001461165570004204 0.00045119974101980281 -0.00039982134153140246 0.00026013559684336367 8.874687980185212e-05 0.00033012695786229044 0.00018966761359094398 -0.00039773934981837303 -0.00024404018451408744 -0.00043097679920979092 -4.8557215725897957e-06 0.00019556240534056201 -0.00024898061816871255 2.8315042926136227e-05 -0.00050494171887569635 0.00051763964186777938 0.00049972765559716298 0.00023421251933600709 -0.00034850364457699433
leaf_weight=585 22 34 892 596 36 23 30 23 151 414 24 25 23 20 75 36 277 229 20 39 23 74 508 21 24 24 91 48 25 47
leaf_count=585 22 34 892 596 36 23 30 23 151 414 24 25 23 20 75 36 277 229 20 39 23 74 508 21 24 24 91 48 25 47
internal_value=-0.00286006 -0.0257399 0.000828125 0.000272727 0.000619699 -0.000735098 -0.000374999 -0.000965883 0.00111518 -0.000646787 -0.00273911 -0.00512489 -0.00102984 -0.00313629 0.000691238 0.000405509 0.00118505 0.000254237 -0.00342851 -3.30329e-05 -0.000214285 -0.00230971 7.76819e-05 -0.00102556 -0.00657433 -4.68747e-05 0.000672411 -0.000617017 0.000249998 -0.00158331
internal_weight=4459 619 3840 2948 2193 755 640 459 181 436 115 48 67 44 2157 1561 562 285 56 999 924 113 811 303 47 256 232 141 120 72
internal_count=4459 619 3840 2948 2193 755 640 459 181 436 115 48 67 44 2157 1561 562 285 56 999 924 113 811 303 47 256 232 141 120 72
cat_boundaries=0 1 2 3
cat_threshold=535 593 140
is_linear=0
shrinkage=0.03


Tree=168
num_leaves=31
num_cat=3
split_feature=20 10 20 6 9 20 10 18 5 4 9 16 3 6 20 17 16 19 11 3 19 9 16 12 16 9 12 19 3 9
split_gain=416.606 18.7902 4.46454 1.03558 0.812589 1.26085 0.979058 0.719017 1.2275 0.901776 0.715943 0.644877 0.892815 0.605376 0.695895 1.27992 0.84393 0.575143 0.908988 0.871042 0.552044 0.529536 0.958535 0.529093 0.505841 0.625524 0.498667 0.427418 0.541584 0.534079
threshold=1.0000000180025095e-35 0.25000000000000011 0.52628531952766189 0.16777371682822187 0.09700948212983225 0.41342993139342915 -0.24999999999999994 0.4661764705882353 0.19371196754563896 0.054687500000000007 0.80598103574033564 6.5000000000000009 0.054687500000000007 0.1494994438264739 0.34072235714602689 0.27886988341417757 25.500000000000004 0 -0.5 0.054687500000000007 1 0.68490153172866541 16.500000000000004 0.6078576107927941 7.5000000000000009 0.58242159008023353 -1.0000000180025095e-35 2 0.039062500000000007 0.65134938001458809
decision_type=2 2 2 2 2 2 2 2 2 2 2 2 2 2 2 2 2 1 2 2 1 2 2 2 2 2 2 1 2 2
left_child=1 -1 3 13 5 -5 -6 8 10 -10 11 12 -8 21 15 -15 -16 18 19 -13 24 27 -23 -24 25 26 -9 28 29 -2
right_child=2 -3 -4 4 6 -7 7 20 9 -11 -12 17 -14 14 16 -17 -18 -19 -20 -21 -22 22 23 -25 -26 -27 -28 -29 -30 -31
leaf_value=0 -1.9848079721767985e-05 0 0.0011466709301839004 6.2276719996526712e-05 0.00027439173856584902 -0.00040096673207935601 -0.00026332282950467499 -0.00013028192254772647 -0.00064152515341559175 -6.8996280973307712e-06 -0.00011844605850387871 -1.2472166590021705e-05 1.0453625751667736e-05 1.230698456698704e-06 0.00061136020375786987 -0.00012285598189534094 -0.00015197150520706803 0.00023088182000326459 0.00036393570702386514 -0.0003786946785861538 -3.8910661530941962e-06 -5.688947002787749e-05 1.0551257970900971e-05 -0.00010358948000511187 0.00026182629463713711 0.00030282981507660968 0.00033123505208427714 0.00031708297497814157 -0.00027074489931646576 0.00014705460049367261
leaf_weight=585 282 34 879 49 725 20 28 22 24 22 26 25 36 25 30 25 35 175 56 20 457 27 101 40 468 33 20 107 23 60
leaf_count=585 282 34 879 49 725 20 28 22 24 22 26 25 36 25 30 25 35 175 56 20 457 27 101 40 468 33 20 107 23 60
internal_value=-0.00290043 -0.0257399 0.00078125 0.000223911 0.00055213 -0.00265214 0.000655592 0.000195467 -0.000859221 -0.00547814 -0.000278688 8.82351e-05 -0.00262496 -0.000735098 -0.00273911 -0.00539989 -0.000692297 0.000717389 -0.00105404 -0.00433324 0.000629999 -0.000374999 -0.00182142 -0.000829781 0.00126401 -0.000999987 -0.00342849 0.00013983 -0.000359999 -7.01751e-05
internal_weight=4459 619 3840 2961 2206 69 2137 1412 412 46 366 340 64 755 115 50 65 276 101 45 1000 640 168 141 543 75 42 472 365 342
internal_count=4459 619 3840 2961 2206 69 2137 1412 412 46 366 340 64 755 115 50 65 276 101 45 1000 640 168 141 543 75 42 472 365 342
cat_boundaries=0 1 2 3
cat_threshold=400 835 787
is_linear=0
shrinkage=0.03


Tree=169
num_leaves=31
num_cat=2
split_feature=0 10 0 6 16 0 11 7 8 0 17 19 17 0 6 1 9 8 8 2 7 8 10 16 16 4 0 19 7 8
split_gain=417.835 18.7902 4.29576 0.968368 0.658785 0.751824 0.745465 0.888414 1.0847 0.615828 0.582808 0.719493 0.68384 1.23022 0.638879 0.554679 0.478163 0.729382 1.54034 0.867222 0.638052 0.582689 0.434561 1.20665 3.0728 0.614931 1.43982 0.429028 0.568908 0.473842
threshold=1.0000000180025095e-35 0.25000000000000011 0.50927314443444693 0.2141744795804863 3.5000000000000004 0.47781967737816494 1.0000000180025095e-35 0.095129496739318989 0.15463481449481423 0.44050775762703082 0.28393328227384912 0 0.19874904263466944 0.44358963562553105 0.29631336405529957 0.054687500000000007 0.61852662290299076 0.14189758641386938 0.12598499132066779 0.044270833333333336 0.067795911274033463 0.10270181630322682 -0.6830127018922193 25.500000000000004 29.500000000000004 0.023437500000000003 0.32838837274029392 1 0.070186626513688774 0.092976158837091025
decision_type=2 2 2 2 2 2 2 2 2 2 2 1 2 2 2 2 2 2 2 2 2 2 2 2 2 2 2 1 2 2
left_child=1 -1 3 9 5 -5 7 16 -9 15 11 12 -8 14 -14 22 17 18 20 -20 21 -6 23 25 -25 26 -2 -24 29 -29
right_child=2 -3 -4 4 6 -7 10 8 -10 -11 -12 -13 13 -15 -16 -17 -18 -19 19 -21 -22 -23 27 24 -26 -27 -28 28 -30 -31
leaf_value=0 0.00021665053652365535 0 0.0009011877484119854 8.0562933226441325e-07 -6.1952594224247233e-05 -0.00022716880542996681 0.0003761572415753518 -0.00032566705240989161 -1.0620978770058847e-07 -5.9583136603579362e-05 0.00042832078756589232 0.00020744219472552765 -0.00023489902661012776 -0.00041781209745750625 0.00039365778489276152 0.0003019595131754375 0.00022312848925328311 0.000564461915891417 -0.0004121238370630645 -0.00032041557342698401 -0.00038067202551996871 0.00024997630795838661 -1.3391285658599618e-05 -0.00037999806923644572 -4.0848241547961062e-05 6.8045243935346454e-05 -5.6822320679103239e-05 9.3979358344719433e-05 -0.00011140669042956089 -3.1508746137696533e-05
leaf_weight=585 33 34 1013 110 33 38 23 29 63 21 453 165 25 23 34 85 475 87 23 33 25 103 391 20 36 68 34 262 20 115
leaf_count=585 33 34 1013 110 33 38 23 29 63 21 453 165 25 23 34 85 475 87 23 33 25 103 391 20 36 68 34 262 20 115
internal_value=-0.00286679 -0.0257399 0.000820312 0.000219668 0.000657864 -0.00125675 0.000835633 0.000244546 -0.00254345 -0.00048387 0.00154772 0.000444443 -0.00143477 -0.00285362 -0.000559312 -0.000383458 0.000573812 -0.000355262 -0.00128571 -0.00557133 0.000204968 0.0010147 -0.00058529 -0.0018691 -0.00557133 -0.000333331 -0.0023731 -0.000274111 0.000420146 0.000692306
internal_weight=4459 619 3840 2827 1742 148 1594 871 92 1085 723 270 105 82 59 1064 779 304 217 56 161 136 979 191 56 135 67 788 397 377
internal_count=4459 619 3840 2827 1742 148 1594 871 92 1085 723 270 105 82 59 1064 779 304 217 56 161 136 979 191 56 135 67 788 397 377
cat_boundaries=0 1 2
cat_threshold=521 593
is_linear=0
shrinkage=0.03


Tree=170
num_leaves=31
num_cat=1
split_feature=0 10 1 19 0 10 3 6 8 0 0 6 6 9 3 3 8 16 16 3 5 9 16 4 6 9 1 16 0 6
split_gain=420.47 17.9361 4.44199 1.17297 0.937682 0.73517 0.605348 0.535092 0.530959 0.506423 2.38024 2.11448 1.01876 0.96365 1.13618 1.33339 0.854601 0.784283 0.767884 0.564025 0.542676 0.551599 0.649925 0.529279 0.781324 0.516949 0.51942 0.452385 0.482952 0.444295
threshold=1.0000000180025095e-35 0.25000000000000011 0.065104166666666671 0 0.53121608501887896 0.68301270189221941 0.11718750000000001 0.19917368504687752 0.13187153067892349 0.41342993139342915 0.42141001303737941 0.24557444779914192 0.18530465949820793 0.51896425966447868 0.044270833333333336 0.028645833333333336 0.0917847730396293 8.5000000000000018 25.500000000000004 0.044270833333333336 0.093982420554428681 0.55725747629467559 4.5000000000000009 0.018229166666666668 0.14433497536945816 0.32676878191101399 0.018229166666666668 5.5000000000000009 0.44927585088026639 0.29631336405529957
decision_type=2 2 2 1 2 2 2 2 2 2 2 2 2 2 2 2 2 2 2 2 2 2 2 2 2 2 2 2 2 2
left_child=1 -1 3 5 6 8 7 -4 -2 12 11 -11 16 14 15 -12 20 -18 -17 -14 21 -5 -23 -19 -25 -21 -27 28 -10 -7
right_child=2 -3 4 9 -6 29 -8 -9 27 10 13 -13 19 -15 -16 18 17 23 -20 25 -22 22 -24 24 -26 26 -28 -29 -30 -31
leaf_value=0 0.00031089372482654082 0 -9.2194662750141854e-05 3.8093655635347068e-05 0.0012877076899828282 -3.603685837513141e-05 -8.7538169480706082e-05 0.00027931358313432978 -0.00015526282941257603 -0.00017296110219231666 1.6212169851912703e-05 -0.00026045809807349288 0.00032077778019888831 0.00022345563993018353 -1.7719691647049337e-05 -0.00051681648643887087 2.509903787087926e-06 -5.9032102389854211e-05 -0.00044558368162342485 0.00014698657988181004 -0.00019528051373335321 -4.7488104900868587e-05 -9.083677759374144e-06 -3.3330688303883603e-05 -0.00016244869939963617 -0.00010398440779561397 1.9875391244093701e-05 0.00014196743042224643 9.5736441413217853e-06 0.00034792493567200277
leaf_weight=590 320 33 36 150 731 269 40 607 21 36 28 20 148 232 94 21 21 30 20 38 40 30 311 20 21 22 89 297 25 72
leaf_count=590 320 33 36 150 731 269 40 607 21 36 28 20 148 232 94 21 21 30 20 38 40 30 311 20 21 22 89 297 25 72
internal_value=-0.00295648 -0.0257961 0.000798891 6.3159e-06 0.00213013 0.000781064 0.00133089 0.00155365 0.00137104 -0.000562635 -0.00139024 -0.00717844 -0.000163043 -0.000569619 -0.00233741 -0.00526079 -0.000852326 -0.0035217 -0.0087071 0.00128282 -0.00038983 -0.000116089 -0.000782989 -0.0050281 -0.00724373 -2.0134e-05 -0.00105404 0.000551019 -0.00221734 -0.000343107
internal_weight=4412 623 3789 2375 1414 1004 683 643 663 1371 451 56 920 395 163 69 623 92 41 297 531 491 341 71 41 149 111 343 46 341
internal_count=4412 623 3789 2375 1414 1004 683 643 663 1371 451 56 920 395 163 69 623 92 41 297 531 491 341 71 41 149 111 343 46 341
cat_boundaries=0 1
cat_threshold=234
is_linear=0
shrinkage=0.03


Tree=171
num_leaves=31
num_cat=2
split_feature=0 10 6 0 10 6 19 11 7 6 3 4 13 7 0 1 7 7 2 4 0 9 19 7 2 10 12 2 4 12
split_gain=421.222 17.9361 4.05581 1.19233 0.706836 0.982715 0.603895 0.756531 1.0628 1.16642 0.685539 0.630984 0.534542 1.2203 2.48086 0.502051 0.491319 0.809659 0.863718 0.504491 0.435891 0.375681 0.627819 0.451383 0.426019 0.373815 0.602484 0.773934 0.358378 0.500281
threshold=1.0000000180025095e-35 0.25000000000000011 0.29631336405529957 0.54460969367221124 0.68301270189221941 0.28801843317972359 0 0.25000000000000017 0.051478262846501033 0.17854759256316546 0.075520833333333343 0.091145833333333343 -0.56174490092936669 0.052430665001144454 0.35719109297700841 0.075520833333333343 0.088419907194990141 0.090933578475972623 0.12760416666666669 0.12239583333333334 0.43842350831776183 0.35922684172137131 1 0.065485879597367638 0.054687500000000007 1.0000000180025095e-35 0.6078576107927941 0.044270833333333336 0.018229166666666668 0.87837969732492682
decision_type=2 2 2 2 2 2 1 2 2 2 2 2 2 2 2 2 2 2 2 2 2 2 1 2 2 2 2 2 2 2
left_child=1 -1 4 16 6 15 11 8 -8 -10 25 12 13 14 -2 20 19 -18 -19 21 28 22 23 24 -4 -11 -27 -28 -6 -30
right_child=2 -3 3 -5 5 -7 7 -9 9 10 -12 -13 -14 -15 -16 -17 17 18 -20 -21 -22 -23 -24 -25 -26 26 27 -29 29 -31
leaf_value=0 -3.112485607893814e-06 0 -0.00036947261348923915 0.0013860879947385663 -4.9787357367438243e-05 -0.00038815318427907352 0.00023847707514610599 0.00038723326540639387 -0.00028486166228362797 0.0001440281889047753 -0.00041650309236958977 -0.00036985164918766438 1.1439688792905242e-05 0.00011578462246695236 -0.00033051969362965505 0.00055942993728862558 -0.00030619170672708656 0.00017518231144242143 -0.0003780604767811805 -1.3641980075813018e-05 -0.00014766160540113251 0.00048049090068247129 0.0002392417075437619 0.0001738036196869401 2.4339694006407486e-05 5.0510529269500393e-06 0.00024222918888650892 -0.00033919436417926196 8.1186613667038658e-05 -6.6328149734677991e-05
leaf_weight=590 71 33 24 710 224 29 294 220 23 121 26 21 400 45 34 32 21 195 29 83 39 466 135 50 34 108 21 22 266 46
leaf_count=590 71 33 24 710 224 29 294 220 23 121 26 21 400 45 34 32 21 195 29 83 39 466 135 50 34 108 21 22 266 46
internal_value=-0.00293608 -0.0257961 0.000822644 0.0018838 -8.52104e-05 -0.000915093 0.000290185 0.000798816 0.000268292 -0.000925231 -0.000422817 -0.000459552 -0.000272727 -0.00179999 -0.00357139 -0.00065733 0.00123529 6.12244e-05 0.000589283 0.00159848 -0.000860868 0.00185754 0.000901231 -0.000813552 -0.00268961 2.20589e-05 -0.000973503 -0.00397665 -0.000638058 1.92308e-05
internal_weight=4412 623 3789 1747 2042 636 1406 835 615 321 298 571 550 150 105 607 1037 245 224 792 575 709 243 108 58 272 151 43 536 312
internal_count=4412 623 3789 1747 2042 636 1406 835 615 321 298 571 550 150 105 607 1037 245 224 792 575 709 243 108 58 272 151 43 536 312
cat_boundaries=0 1 2
cat_threshold=529 840
is_linear=0
shrinkage=0.03


Tree=172
num_leaves=31
num_cat=2
split_feature=20 10 20 6 8 7 10 6 19 4 3 17 8 13 7 18 20 13 7 5 6 6 8 6 6 18 18 19 20 9
split_gain=419.219 17.9361 4.10251 1.06098 0.718934 1.26343 0.707197 0.965606 0.614312 0.61806 0.588184 0.656526 0.57668 0.538437 1.02455 0.675535 0.519246 0.497042 1.2203 2.48086 0.473292 1.42057 0.545028 0.534931 0.924604 1.73485 0.736451 0.490796 0.737635 0.775975
threshold=1.0000000180025095e-35 0.25000000000000011 0.53408883435755816 0.29631336405529957 0.21176080412325526 0.11227999405523552 0.68301270189221941 0.28801843317972359 0 0.091145833333333343 0.070312500000000014 0.33260705618597397 0.22614163575611029 -0.22252093395631442 0.058759783341775416 0.4661764705882353 0.51931752276443832 -0.56174490092936669 0.052430665001144454 0.087390128465179198 0.092343140730237527 0.083426028921023368 0.080994490627458365 0.12660325531769998 0.15714285714285717 0.47205882352941181 0.48088235294117648 1 0.43842350831776183 0.57622173595915405
decision_type=2 2 2 2 2 2 2 2 1 2 2 2 2 2 2 2 2 2 2 2 2 2 2 2 2 2 2 1 2 2
left_child=1 -1 3 6 5 -5 8 20 9 17 -10 -12 -6 14 -14 -16 -15 18 19 -2 21 -8 -22 -24 25 -25 -27 28 29 -26
right_child=2 -3 -4 4 12 -7 7 -9 10 -11 11 -13 13 16 15 -17 -18 -19 -20 -21 22 -23 23 24 27 26 -28 -29 -30 -31
leaf_value=0 -3.0191110396563772e-06 0 0.0011415018927301889 0.00034138695415528511 -0.00019280975963620355 -0.00014686554589497485 4.9722333056501533e-06 -0.00037650858875070071 0.00010282098383235995 -0.00035875609971203399 2.9151718656642726e-05 -0.00041458280826922893 -0.00027729935564465603 0.00032136128163024841 -7.2440325097443206e-05 0.00039089968139542332 -0.00042243739897046838 1.1096498129117834e-05 0.00011231108379294313 -0.00032060410282076627 0.00010110609990810917 -7.273707893158595e-05 0.00029121007390844813 -9.8521243632803494e-05 -0.00014901404780396393 0.00012159794747539493 -0.0001846778519762452 0.00022805836019658909 -0.00026170577284694696 0.0003673028503278265
leaf_weight=590 71 33 783 664 29 34 46 29 739 21 70 24 20 117 26 56 20 400 45 34 126 30 29 31 47 34 39 145 26 54
leaf_count=590 71 33 783 664 29 34 46 29 739 21 70 24 20 117 26 56 20 400 45 34 126 30 29 31 47 34 39 145 26 54
internal_value=-0.00299048 -0.0257961 0.000759303 0.000255489 0.00107453 0.00158166 -0.000132353 -0.000962263 0.00024359 -0.000511187 0.000758006 -0.00146807 -0.000246268 0.000238493 -0.00141175 7.31699e-05 0.00146714 -0.000327272 -0.00179999 -0.00357139 -0.000706753 -0.00292101 -0.00038983 -0.000925924 -0.00122872 -0.00363458 -0.00110957 -0.000308822 -0.00159853 -0.000564351
internal_weight=4412 623 3789 3006 966 698 2040 636 1404 571 833 94 268 239 102 82 137 550 150 105 607 76 531 405 376 104 73 272 127 101
internal_count=4412 623 3789 3006 966 698 2040 636 1404 571 833 94 268 239 102 82 137 550 150 105 607 76 531 405 376 104 73 272 127 101
cat_boundaries=0 1 2
cat_threshold=529 99
is_linear=0
shrinkage=0.03


Tree=173
num_leaves=31
num_cat=0
split_feature=0 10 1 6 8 6 10 6 17 9 12 9 6 8 6 16 11 3 3 0 9 6 8 9 8 1 16 9 4 6
split_gain=419.97 17.9361 3.86014 0.858004 0.503175 0.467451 0.502987 0.849191 0.488129 0.459616 0.433518 0.818924 0.499771 0.483639 0.500979 0.470574 0.4262 0.43784 0.779818 0.421937 0.73529 0.40857 0.643082 0.773139 0.695061 0.462588 0.405563 0.632778 0.851993 0.396603
threshold=1.0000000180025095e-35 0.25000000000000011 0.065104166666666671 0.30552995391705079 0.15639335566612553 0.29631336405529957 0.68301270189221941 0.28433179723502316 0.23951153093353761 0.17396061269146609 0.6078576107927941 0.58242159008023353 0.25399650405212143 0.086364620040429649 0.17067149440421334 29.500000000000004 -0.68301270189221952 0.065104166666666671 0.091145833333333343 0.36817239475186264 0.51896425966447868 0.099850610219273842 0.067157307318968393 0.66411378555798695 0.060322512179489085 0.023437500000000003 18.500000000000004 0.68490153172866541 0.013020833333333334 0.179961862386779
decision_type=2 2 2 2 2 2 2 2 2 2 2 2 2 2 2 2 2 2 2 2 2 2 2 2 2 2 2 2 2 2
left_child=1 -1 5 4 29 6 8 10 -2 -5 12 15 19 -13 -15 -12 17 -7 -19 20 -8 -10 23 24 -23 -26 27 28 -22 -4
right_child=2 -3 3 9 -6 16 7 -9 21 -11 11 13 -14 14 -16 -17 -18 18 -20 -21 26 22 -24 -25 25 -27 -28 -29 -30 -31
leaf_value=0 -6.2832658129796019e-05 0 -0.0001389392110426845 -3.9327499739614475e-05 -0.00023576688269649027 0.00018374943810381845 -0.00010070049539904657 -0.00028413118395429577 0.00020407966563568854 0.00079652447743901417 -1.0385905099338366e-05 -2.7976930116093765e-05 -0.00017409968406442402 -7.3671826422460121e-05 -8.8794360532889612e-05 0.00035433888670072337 0.00016633776471458459 -0.00026192917620336081 6.3766604753508607e-06 0.00022674115225633236 -0.00014297674054512637 0.00033400297028280952 1.4614330615296976e-05 -0.00021994906354537975 -0.00013402582911449333 0.00069525203620618957 0.00012133418024386099 -6.0757956137418868e-05 3.1744024242184431e-05 0.00020084239356177371
leaf_weight=590 20 33 20 40 37 53 25 26 65 1074 36 34 37 25 21 32 477 30 44 114 21 30 1009 29 24 22 98 20 83 243
leaf_count=590 20 33 20 40 37 53 25 26 65 1074 36 34 37 25 21 32 477 30 44 114 21 30 1009 29 24 22 98 20 83 243
internal_value=-0.00297008 -0.0257961 0.000783056 0.00202404 0.000599998 4.42106e-05 -0.000201581 -0.000933565 0.000147623 0.00240754 -0.000681317 -0.00206755 -0.000165829 -0.00412495 -0.0061303 0.000352936 0.000764899 -0.000779521 -0.00227024 0.000174515 -0.000522265 0.000226463 9.1562e-05 -0.00214284 -0.000552624 -0.0028695 2.7027e-05 -0.00111289 -0.000173075 0.00106083
internal_weight=4412 623 3789 1414 300 2375 1771 572 1199 1114 546 148 398 80 46 68 604 127 74 361 247 1179 1114 105 76 46 222 124 104 263
internal_count=4412 623 3789 1414 300 2375 1771 572 1199 1114 546 148 398 80 46 68 604 127 74 361 247 1179 1114 105 76 46 222 124 104 263
is_linear=0
shrinkage=0.03


Tree=174
num_leaves=31
num_cat=3
split_feature=20 10 20 6 8 4 6 1 12 19 8 19 19 2 7 1 2 20 3 16 7 6 6 20 12 8 8 17 11 8
split_gain=419.719 17.9361 3.71964 0.960079 0.728898 0.607922 0.566425 0.698858 0.603405 0.782078 1.10643 0.637688 0.559153 0.777943 0.738373 0.520735 0.483237 1.28612 0.513852 0.448397 0.52041 0.410471 0.596331 0.400732 0.359843 0.349574 1.14083 0.827608 0.771405 0.742418
threshold=1.0000000180025095e-35 0.25000000000000011 0.53408883435755816 0.29631336405529957 0.17796410352255287 0.039062500000000007 0.29354838709677428 0.080729166666666671 -0.60785761079279388 0 0.15376901510591112 1 2 0.070312500000000014 0.089132082478676544 0.049479166666666671 0.028645833333333336 0.38426443164743768 0.039062500000000007 4.5000000000000009 0.040882472730218208 0.13449864929286512 0.16777371682822187 0.31796113298444179 -0.60785761079279388 0.12535289271839811 0.13131333708142751 0.34665134882137699 -0.68301270189221952 0.114683379880801
decision_type=2 2 2 2 2 2 2 2 2 1 2 1 1 2 2 2 2 2 2 2 2 2 2 2 2 2 2 2 2 2
left_child=1 -1 3 6 -5 -6 7 8 11 10 19 -2 24 -14 15 -15 21 -18 -19 20 -10 -13 23 -23 -7 27 -27 29 -28 -11
right_child=2 -3 -4 4 5 12 -8 -9 9 25 -12 16 13 14 -16 -17 17 18 -20 -21 -22 22 -24 -25 -26 26 28 -29 -30 -31
leaf_value=0 0.00019833487072880979 0 0.0010916908309380336 0.00030115514858641948 -0.0002046525636449444 6.987361469570365e-07 -0.0002778938778040639 0.00025110342097947342 -4.4784759674395421e-05 -4.0892694682152366e-05 -0.00034612060153954051 0.00027699706415494364 0.00011991852752396125 0.00060001914818189094 -0.00040133053662498835 -0.00026310254432184116 -0.0002984810727504256 0.00041564364295661708 -0.00010159456653733926 5.6723900133303451e-05 0.00030682398832344821 7.8465130691127749e-05 0.00029885453215071584 -0.00023970269675184413 0.00047294938224218063 -0.00016908445116993541 -0.0002911661750937683 -9.2314838475470666e-05 7.5983123895766931e-05 0.00023224929161631279
leaf_weight=590 282 33 783 591 36 33 35 102 32 462 23 63 121 23 37 30 29 42 31 532 30 20 47 24 95 40 52 27 90 77
leaf_count=590 282 33 783 591 36 33 35 102 32 462 23 63 121 23 37 30 29 42 31 532 30 20 47 24 95 40 52 27 90 77
internal_value=-0.00297688 -0.0257961 0.000775138 0.000295409 0.00107453 4e-05 -7.35293e-05 -7.48118e-06 -0.000137152 -0.000472527 0.000320574 0.000713753 0.000433627 -0.000529409 -0.00266664 -0.000396219 -0.000383457 -0.00199998 0.000123286 0.000575757 -0.00183868 0.000662333 -0.000626367 -0.00313629 0.00191303 -0.00111609 -0.00227471 -0.000763249 -0.00101408 -0.000506492
internal_weight=4412 623 3789 3006 966 375 2040 2005 1903 1365 617 538 339 211 90 53 256 102 73 594 62 154 91 44 128 748 182 566 142 539
internal_count=4412 623 3789 3006 966 375 2040 2005 1903 1365 617 538 339 211 90 53 256 102 73 594 62 154 91 44 128 748 182 566 142 539
cat_boundaries=0 1 2 3
cat_threshold=482 604 114
is_linear=0
shrinkage=0.03


Tree=175
num_leaves=31
num_cat=1
split_feature=0 0 16 13 16 11 18 17 1 18 0 19 12 7 2 3 9 18 9 7 9 18 11 17 9 0 1 6 9 6
split_gain=418.759 3.94286 3.37126 2.37983 0.934255 1.55025 2.04042 1.86071 1.03717 0.717085 1.01466 0.692881 1.27928 0.89905 1.1417 0.610616 0.59006 0.578459 0.545979 0.544257 0.456245 0.451581 0.495502 0.757326 0.416012 0.41269 0.406248 0.42947 0.400016 0.419028
threshold=1.0000000180025095e-35 0.50532152180681911 29.500000000000004 -0.22252093395631442 6.5000000000000009 0.93301270189221952 0.48088235294117648 0.22878903923070382 0.049479166666666671 0.43088235294117649 0.55485698752022106 0 0.6078576107927941 0.03471521951185539 0.018229166666666668 0.11718750000000001 0.10977388767323125 0.46029411764705885 0.60357403355215189 0.02149017771572934 0.52954048140043775 0.45147058823529412 -0.9330127018922193 0.301102033869458 0.36725018234865076 0.40444634706958454 0.0078125000000000017 0.11254001044244173 0.65134938001458809 0.25259812490068334
decision_type=2 2 2 2 2 2 2 2 2 2 2 1 2 2 2 2 2 2 2 2 2 2 2 2 2 2 2 2 2 2
left_child=2 4 -1 -4 5 16 7 -7 11 10 -3 12 26 19 -15 -10 -2 -16 -18 -14 -19 -13 23 -23 -5 -25 27 -6 -20 -30
right_child=1 9 3 24 8 6 -8 -9 15 -11 -12 21 13 14 17 -17 18 20 28 -21 -22 22 -24 25 -26 -27 -28 -29 29 -31
leaf_value=0 -0.00011330075505479002 -0.00036891631821556919 0 0 6.128125590462724e-05 -0.00016820017953574775 9.8887384449494284e-05 -0.00046262152063291788 0.00023203971980083514 0.0008284529820820199 0.0010468169141710803 0.00031688557442621621 -3.8726491040498391e-05 -0.00028409111220534174 -0.0002686874898132538 -0.00032596449884014203 9.351654887452335e-05 -2.4274473112211475e-05 -0.00015974771417442943 0.00013512107286558508 6.1832051680232021e-05 2.8487646013960442e-05 2.6744451402076064e-05 -0.00027024725981385532 0 -7.8802340957478751e-06 3.2325680506674731e-06 -0.00025742339987016986 -4.2874506896909378e-05 0.00052032593404957215
leaf_weight=490 35 25 45 23 21 29 33 24 817 965 41 81 20 21 24 39 226 20 38 41 23 65 708 28 57 27 387 20 20 22
leaf_count=490 35 25 45 23 21 29 33 24 817 965 41 81 20 21 24 39 226 20 38 41 23 65 708 28 57 27 387 20 20 22
internal_value=-0.00291166 0.000805263 -0.025878 -0.0214798 0.000215601 -0.00107494 -0.00467436 -0.0083206 0.000450897 0.00238894 -0.000636354 -2.82637e-05 -0.000833048 -0.00324159 -0.00518176 0.00128271 -0.000167155 -0.00326861 0.000254901 -0.000442616 -0.00118602 0.000486398 0.000282608 -0.00149999 -0.0183748 -0.00409083 -1.40185e-05 -0.00285359 -0.00187498 0.000142854
internal_weight=4415 3800 615 125 2769 427 86 53 2342 1031 66 1486 577 149 88 856 341 67 306 61 43 909 828 120 80 55 428 41 80 42
internal_count=4415 3800 615 125 2769 427 86 53 2342 1031 66 1486 577 149 88 856 341 67 306 61 43 909 828 120 80 55 428 41 80 42
cat_boundaries=0 1
cat_threshold=21
is_linear=0
shrinkage=0.03


Tree=176
num_leaves=31
num_cat=1
split_feature=0 0 16 13 19 6 18 5 8 8 17 17 0 2 0 3 7 5 9 6 16 7 3 8 8 8 7 12 9 7
split_gain=419.503 3.8258 3.37126 2.37983 0.914327 0.752253 0.717085 1.18395 0.555968 0.860898 0.674738 0.804334 0.739999 0.625258 0.519185 1.09257 0.476493 0.463213 0.475303 0.905301 0.439893 0.579728 0.426581 1.32628 0.677348 1.35055 0.507371 0.528795 0.423478 0.56522
threshold=1.0000000180025095e-35 0.50532152180681911 29.500000000000004 -0.22252093395631442 0 0.61244239631336417 0.43088235294117649 0.2748478701825558 0.22299969864982574 0.18809772008987066 0.26019062207471716 0.30239979576206288 0.25848548626356976 0.075520833333333343 0.4563480107523985 0.12239583333333334 0.023562053596043318 0.055780933062880331 0.57330415754923425 0.10865814623958596 6.5000000000000009 0.067795911274033463 0.023437500000000003 0.11298084989203815 0.099015322869268382 0.084162593940267885 0.034460949511347018 1.0000000180025095e-35 0.72611232676878201 0.064214130984395643
decision_type=2 2 2 2 1 2 2 2 2 2 2 2 2 2 2 2 2 2 2 2 2 2 2 2 2 2 2 2 2 2
left_child=2 4 -1 -4 8 14 7 -3 9 10 -2 17 -13 16 -6 20 -14 18 -12 -20 21 -16 23 26 25 -24 -18 -28 -22 -30
right_child=1 6 3 -5 5 -7 -8 -9 -10 -11 11 12 13 -15 15 -17 22 -19 19 -21 28 -23 24 -25 -26 -27 27 -29 29 -31
leaf_value=0 -0.00023609223312807877 -0.00035813914031586238 0 0 7.9203255111911577e-06 -0.00027602430374597703 0.0008035993926195597 0.00096042355227395461 0.00029132194400053208 -0.00030857889514920297 6.322932931077574e-06 -4.1297918640386248e-05 0.00045214473334814824 -0.0002048374717709223 0.00015510469903733134 -0.00037868284722705151 -6.2286484855316723e-05 0.00028151504935055476 4.5857715764665419e-06 -0.00010226829819485226 0.00040644285811928816 -0.00016580743116876301 0.00011949456489818616 -0.0009977339626834772 0.00028977041081149074 -0.00045288983986554527 0.00028316545360648716 -0.00010088343800797843 0.00034239888421656634 -0.00019249563618496774
leaf_weight=490 35 23 45 80 1446 23 965 43 35 26 45 36 32 25 46 22 31 122 28 20 429 32 38 23 133 20 39 20 43 20
leaf_count=490 35 23 45 80 1446 23 965 43 35 26 45 36 32 25 46 22 31 122 28 20 429 32 38 23 133 20 39 20 43 20
internal_value=-0.00289128 0.000828947 -0.025878 -0.0214798 0.000248104 0.000566393 0.00238894 -0.000636354 -0.000676879 -0.000878156 -0.000663059 -0.000431372 -0.00123173 -0.000822712 0.000630029 0.00137838 -0.000482141 0.00104651 -0.000548381 -0.00262495 0.00163158 -0.000461532 -0.000848681 -0.00230971 1.57068e-05 -0.00268961 -0.000666659 0.000966085 0.00196341 -0.000333328
internal_weight=4415 3800 615 125 2769 2061 1031 66 708 673 647 612 397 361 2038 592 336 215 93 48 570 78 304 113 191 58 90 59 492 63
internal_count=4415 3800 615 125 2769 2061 1031 66 708 673 647 612 397 361 2038 592 336 215 93 48 570 78 304 113 191 58 90 59 492 63
cat_boundaries=0 1
cat_threshold=17
is_linear=0
shrinkage=0.03


Tree=177
num_leaves=31
num_cat=2
split_feature=0 0 16 12 18 5 16 16 11 0 17 18 5 9 19 19 17 9 17 17 5 17 6 8 5 6 5 5 11 1
split_gain=419.007 3.90364 3.37126 2.21854 0.870892 0.85682 0.852915 0.833713 1.34275 1.33672 0.895926 0.717085 1.18395 0.610106 0.608588 0.516782 0.755483 0.567167 0.51532 0.999175 0.466515 1.30153 0.670609 0.688199 0.656042 0.627269 0.582304 0.552226 0.472213 0.539552
threshold=1.0000000180025095e-35 0.50532152180681911 29.500000000000004 -1.0000000180025095e-35 0.48382352941176471 0.19371196754563896 29.500000000000004 6.5000000000000009 0.93301270189221952 0.4563480107523985 0.22878903923070382 0.43088235294117649 0.2748478701825558 0.36725018234865076 0 1 0.30400966934908297 0.57622173595915405 0.29725129776189269 0.28236921876054571 0.041582150101419885 0.29959152412560641 0.10624049397289508 0.067157307318968393 0.055780933062880331 0.12324805339265853 0.055780933062880331 0.049188640973630841 -0.5 0.018229166666666668
decision_type=2 2 2 2 2 2 2 2 2 2 2 2 2 2 1 1 2 2 2 2 2 2 2 2 2 2 2 2 2 2
left_child=2 4 -1 -4 5 7 -7 8 15 14 -10 12 -3 -5 -9 18 -17 -18 19 -2 21 -16 -22 24 -24 -25 27 -27 29 -28
right_child=1 11 3 13 -6 6 -8 9 10 -11 -12 -13 -14 -15 20 16 17 -19 -20 -21 22 -23 23 25 -26 26 28 -29 -30 -31
leaf_value=0 0.00037757417325756437 -0.00034739496610638689 0 0 0.00014299218252965298 0.0002937298936961626 -0.00053690053450945621 0.00031477305268929462 -8.8216055610706046e-05 0.00036001140539975248 -0.00040363041564556623 0.00077949141084097354 0.00093161084570573475 0 0.00010023896834199198 3.9689143697049035e-06 -4.1387648341339398e-05 -0.00032100932462546982 0.00028369790269419323 -7.774377050751275e-05 0.00015837090917760494 -8.3440834711923374e-05 0.00010345287103687807 0.0001592495811581144 -0.00021548750052118555 9.682175660074741e-07 3.595308065013601e-05 -8.4708976966045704e-05 1.6661288274483269e-05 -4.4628388682222618e-05
leaf_weight=490 26 23 43 26 839 23 29 102 34 322 26 965 43 56 29 65 30 21 59 25 100 38 29 50 36 24 71 20 457 314
leaf_count=490 26 23 43 26 839 23 29 102 34 322 26 965 43 56 29 65 30 21 59 25 100 38 29 50 36 24 71 20 457 314
internal_value=-0.00290487 0.000813158 -0.025878 -0.0214798 0.000226436 -0.000124352 -0.003923 -1.91692e-05 -0.00151048 0.000248744 -0.00549991 0.00238894 -0.000636354 -0.0185851 -0.000188976 -0.000451325 -0.00176189 -0.00464697 0.000999992 -0.00111763 -0.000387096 -0.00282085 -0.000242506 -0.000476523 -0.00346149 -0.00026923 -0.000453724 -0.00381809 -0.000277909 -0.00105195
internal_weight=4415 3800 615 125 2769 1930 52 1878 286 1592 60 1031 66 82 1270 226 116 51 110 51 1168 67 1101 1001 65 936 886 44 842 385
internal_count=4415 3800 615 125 2769 1930 52 1878 286 1592 60 1031 66 82 1270 226 116 51 110 51 1168 67 1101 1001 65 936 886 44 842 385
cat_boundaries=0 1 2
cat_threshold=32 428
is_linear=0
shrinkage=0.03


Tree=178
num_leaves=31
num_cat=1
split_feature=0 10 0 19 6 9 9 7 16 17 0 18 5 18 7 17 8 11 17 0 6 5 6 1 7 18 10 16 16 6
split_gain=418.759 15.671 3.94286 0.851765 0.740124 0.569122 0.590432 0.82231 0.589302 0.551561 0.58641 0.517792 0.916631 0.49183 0.514088 0.620581 0.869502 0.509073 0.762032 0.633494 0.933302 0.899915 0.529396 0.462564 0.765321 1.05053 0.575617 0.472496 0.578516 0.464129
threshold=1.0000000180025095e-35 0.25000000000000011 0.50532152180681911 0 0.61244239631336417 0.1203501094091904 0.94493070751276453 0.060420512343985253 6.5000000000000009 0.28622068848139121 0.39191207165358427 0.43088235294117649 0.27079107505070998 0.47794117647058826 0.086724821097632201 0.25712705301676458 0.1142210635865936 -0.68301270189221952 0.29959152412560641 0.27141557038743097 0.14199904655966952 0.13286004056795134 0.10865814623958596 0.049479166666666671 0.087670594114355446 0.47500000000000003 -0.93301270189221908 2.5000000000000004 3.5000000000000004 0.32488479262672815
decision_type=2 2 2 1 2 2 2 2 2 2 2 2 2 2 2 2 2 2 2 2 2 2 2 2 2 2 2 2 2 2
left_child=1 -1 3 13 5 8 23 -8 -5 -10 -11 12 -4 14 15 -2 17 22 -19 -20 -21 -22 -17 27 26 -26 -25 -7 -29 -30
right_child=2 -3 11 4 -6 6 7 -9 9 10 -12 -13 -14 -15 -16 16 -18 18 19 20 21 -23 -24 24 25 -27 -28 28 29 -31
leaf_value=0 -0.00028937608409041431 0 -0.00033711827294657606 -0.00015185152775604185 -0.00026509709296527686 2.5096844192144325e-05 -5.6096628726378407e-05 0.00054122472751690054 0.00029717218392101129 -0.00016858507224459048 2.3489280357668892e-05 0.00075610666851574373 0.00063641973742730167 4.2911931999134277e-06 -0.00042259007725276216 0.00033114759987350987 3.7389462409259589e-05 3.2894131139103212e-05 -5.129519174561477e-05 0.00043668511592116608 -0.00041591951339229829 -2.613952447633355e-05 -7.8259528565961843e-05 -0.00016829688594807916 -0.00015607136121024846 0.00022186608362151968 0.00023726040467571838 -0.00015071596320704827 6.691685364760642e-06 0.00022039727950714036
leaf_weight=583 29 32 22 35 23 60 21 20 32 20 27 965 44 328 34 34 104 52 23 30 20 20 34 37 26 79 595 31 926 129
leaf_count=583 29 32 22 35 23 60 21 20 32 20 27 965 44 328 34 34 104 52 23 30 20 20 34 37 26 79 595 31 926 129
internal_value=-0.00291166 -0.025878 0.000805263 0.000215601 0.000522936 0.000585868 0.0007079 -0.00285359 -0.00147367 -3.79741e-05 -0.00210634 0.00238894 -0.000181815 -0.000676879 -0.00142105 -0.00107514 -0.000690849 -0.00178872 -0.00279308 -0.00441931 -0.00299996 -0.00599985 0.000352936 0.000785448 0.00137178 -0.00099999 0.00176582 0.000408377 0.000265193 0.000383886
internal_weight=4415 615 3800 2769 2061 2038 1924 41 114 79 47 1031 66 708 380 346 317 213 145 93 70 40 68 1883 737 105 632 1146 1086 1055
internal_count=4415 615 3800 2769 2061 2038 1924 41 114 79 47 1031 66 708 380 346 317 213 145 93 70 40 68 1883 737 105 632 1146 1086 1055
cat_boundaries=0 1
cat_threshold=17
is_linear=0
shrinkage=0.03


Tree=179
num_leaves=31
num_cat=2
split_feature=0 10 0 19 7 3 0 11 16 18 0 7 2 18 19 0 5 3 3 4 2 7 16 10 7 11 13 0 4 3
split_gain=419.255 15.671 3.62041 1.06228 0.598889 0.596391 0.630501 0.817877 0.990739 0.538834 0.845422 0.523922 0.523908 0.420198 0.42951 0.418974 0.604156 0.550679 0.898274 0.730926 0.412378 0.722437 0.650742 0.408721 0.453228 0.687248 0.842572 0.822558 0.750063 0.639934
threshold=1.0000000180025095e-35 0.25000000000000011 0.53121608501887896 0 0.086724821097632201 0.16927083333333334 0.4563480107523985 0.93301270189221952 7.5000000000000009 0.43088235294117649 0.59102031964221136 0.074812514672966332 0.044270833333333336 0.48676470588235299 1 0.35371632274308884 0.065111561866125781 0.023437500000000003 0.039062500000000007 0.023437500000000003 0.013020833333333334 0.017764635875994323 2.5000000000000004 0.93301270189221952 0.030210256171992824 -0.5 1.0000000180025095e-35 0.41876820771680739 0.049479166666666671 0.044270833333333336
decision_type=2 2 2 1 2 2 2 2 2 2 2 2 2 2 1 2 2 2 2 2 2 2 2 2 2 2 2 2 2 2
left_child=1 -1 3 4 11 6 13 -8 -9 10 -4 20 -6 14 -5 16 17 -16 19 -19 -2 -22 -23 24 -24 26 -26 -27 29 -29
right_child=2 -3 9 5 12 -7 7 8 -10 -11 -12 -13 -14 -15 15 -17 -18 18 -20 -21 21 22 23 -25 25 27 -28 28 -30 -31
leaf_value=0 2.511881479868149e-05 0 -0.00049659747662870438 0.00030565208193220468 -4.0625250056361561e-07 -0.00030083800615988358 0.00028826906391316671 -0.00062099143107260317 5.9429823522827584e-05 0.0010126727662948085 0.0017785933720819767 0.0006427259071975775 -0.00044444517743132291 0.00016124589207837985 5.3560486068364539e-06 -1.3392797480875888e-05 0.00012807124104562972 -1.0085998266851383e-05 0.00010241749405896947 -0.00015920673897547766 -0.00013717157229044735 -0.00016858082773240349 8.7360077839541213e-05 0.00028644960411721695 -0.00024270524416458153 0.0001351135908285258 -6.0381902059979397e-05 -0.00054610990094637103 0.00033536036206739602 -6.9568373558858592e-05
leaf_weight=583 99 32 24 124 35 20 746 20 31 759 31 39 43 317 116 669 145 34 21 24 23 25 93 57 59 105 65 20 31 25
leaf_count=583 99 32 24 124 35 20 746 20 31 759 31 39 43 317 116 669 145 34 21 24 23 25 93 57 59 105 65 20 31 25
internal_value=-0.00289807 -0.025878 0.000821053 0.000337575 -0.00066255 0.000654809 0.000703605 0.00138143 -0.00229407 0.00259459 -0.000272722 -0.000369734 -0.00315381 0.000331034 6.09003e-05 -0.000150147 0.00070588 -0.000384613 -0.00231643 -0.00424131 -0.000588039 -0.00093638 -0.000687498 -0.00042857 -0.000768842 -0.00132786 -0.00304836 -0.00014917 -0.00252628 -0.00499989
internal_weight=4415 615 3800 2986 719 2267 2247 797 51 814 55 641 78 1450 1133 1009 340 195 79 58 602 503 480 455 398 305 124 181 76 45
internal_count=4415 615 3800 2986 719 2267 2247 797 51 814 55 641 78 1450 1133 1009 340 195 79 58 602 503 480 455 398 305 124 181 76 45
cat_boundaries=0 1 2
cat_threshold=17 32
is_linear=0
shrinkage=0.03


Tree=180
num_leaves=31
num_cat=0
split_feature=0 10 0 10 7 6 9 1 16 7 8 16 10 5 17 12 17 4 8 18 6 4 12 7 6 16 9 8 6 8
split_gain=408.837 17.3543 3.92724 1.08466 0.956555 1.04599 1.30547 0.88753 1.13887 1.01818 0.997073 0.711797 0.647599 1.15785 0.888802 1.02735 0.583973 0.487415 0.525584 0.470075 0.786094 1.23614 0.562483 0.6029 0.463539 0.967512 0.72412 0.717434 0.651897 0.651262
threshold=1.0000000180025095e-35 0.25000000000000011 0.54460969367221124 -0.24999999999999994 0.086724821097632201 0.29631336405529957 0.94493070751276453 0.091145833333333343 20.500000000000004 0.11992761639997179 0.14104009938217046 5.5000000000000009 -0.6830127018922193 0.16734279918864101 0.3353331631350524 1.0000000180025095e-35 0.28103991149689395 0.049479166666666671 0.21176080412325526 0.46323529411764708 0.24557444779914192 0.039062500000000007 -0.60785761079279388 0.063698403100188067 0.25399650405212143 17.500000000000004 0.59117432530999292 0.12764341896183354 0.2600985221674878 0.11250973175725602
decision_type=2 2 2 2 2 2 2 2 2 2 2 2 2 2 2 2 2 2 2 2 2 2 2 2 2 2 2 2 2 2
left_child=1 -1 3 12 5 6 24 8 11 10 -10 -6 13 14 19 -16 17 18 -7 -2 -21 -22 -23 -24 26 -26 -5 28 -27 -30
right_child=2 -3 -4 4 7 16 -8 -9 9 -11 -12 -13 -14 -15 15 -17 -18 -19 -20 20 21 22 23 -25 25 27 -28 -29 29 -31
leaf_value=0 0.0001428507207132662 0 0.001104554563691853 -1.5024744557540339e-05 -0.00028635878185626084 0.00035383821186147539 -0.00024258035861228532 0.00018263570598577955 -0.00031257743142321586 -0.0011390692316106995 -4.7558731905227012e-05 0.00024282094219310095 0.0002888331060511434 0.00028333143914753951 -6.5520373940650196e-05 -0.00019667312108102942 0.00045908823840982527 5.4099297115514346e-05 -0.00028179133217707283 7.9278918783307328e-06 -0.00025745872413627965 0.00033273753812344521 -0.00012415649744793812 9.7820460889489966e-05 -0.00021666022225621129 -0.00017166680382728285 0.0001051287339188075 0.00024453546342214451 0.00056243314706480184 -0.00029929235080588428
leaf_weight=574 93 34 769 433 24 26 23 76 32 32 63 63 372 199 34 23 218 195 25 233 23 24 23 25 58 26 505 98 27 46
leaf_count=574 93 34 769 433 24 26 23 76 32 32 63 63 372 199 34 23 218 195 25 233 23 24 23 25 58 26 505 98 27 46
internal_value=-0.00293039 -0.0257664 0.000734952 0.000247433 -0.000167512 0.000107143 -0.000355263 -0.00175861 -0.00274765 -0.00455902 -0.00299997 -0.000103447 0.00102669 0.00047415 -0.000326359 -0.00384204 0.00131896 0.000317072 -0.00229407 0.000149643 -0.000384145 -0.00268418 -0.000749989 -0.00262495 -0.000218776 -0.00135294 8.95523e-05 -0.000350252 -0.00215149 -0.00069862
internal_weight=4396 608 3788 3019 1970 1680 1216 290 214 127 95 87 1049 677 478 57 464 246 51 421 328 95 72 48 1193 255 938 197 99 73
internal_count=4396 608 3788 3019 1970 1680 1216 290 214 127 95 87 1049 677 478 57 464 246 51 421 328 95 72 48 1193 255 938 197 99 73
is_linear=0
shrinkage=0.03


Tree=181
num_leaves=31
num_cat=3
split_feature=0 10 0 10 19 10 19 7 16 7 6 9 17 8 8 11 16 1 0 9 0 17 6 0 0 0 7 7 19 6
split_gain=409.815 17.3543 3.6425 1.02675 0.88989 0.74315 0.733733 0.967427 1.05313 0.842905 0.733935 0.713688 1.04137 0.676812 0.650178 1.95973 0.726807 0.478458 0.482148 0.463122 0.629167 0.46917 0.875158 1.32109 0.432968 0.659604 0.401711 0.672908 0.627501 0.913039
threshold=1.0000000180025095e-35 0.25000000000000011 0.54460969367221124 -0.24999999999999994 0 -0.6830127018922193 1 0.077908510372592374 20.500000000000004 0.11992761639997179 0.61797235023041486 0.65864332603938747 0.26397753382690842 0.15839388229963916 0.12598499132066779 -0.5 2.5000000000000004 0.065104166666666671 0.51931752276443832 0.65864332603938747 0.45871292428797134 0.29995523328739293 0.16777371682822187 0.26514453187980547 0.4465628893442356 0.43741959702800254 0.056857665866402091 0.049184323483876809 2 0.25259812490068334
decision_type=2 2 2 2 1 2 1 2 2 2 2 2 2 2 2 2 2 2 2 2 2 2 2 2 2 2 2 2 1 2
left_child=1 -1 3 4 -2 -6 17 13 10 11 -9 12 -10 14 16 -16 -8 18 24 20 21 22 23 -18 25 26 27 28 29 -5
right_child=2 -3 -4 6 5 -7 7 8 9 -11 -12 -13 -14 -15 15 -17 19 -19 -20 -21 -22 -23 -24 -25 -26 -27 -28 -29 -30 -31
leaf_value=0 0.00038194641754375302 0 0.0010714179267810975 -7.109917688416936e-06 -5.0683105235429528e-06 0.00024618058417481104 -2.7487631334818764e-05 0.00037099525274782397 -0.00020578527987430003 -0.0011903623449138856 -0.00052313028915991857 -0.00041476332426778061 4.0572285163008691e-06 0.0001713984834529967 -0.00036942721638981999 9.5630844246647364e-06 -1.4904113132831577e-05 0.00025374022417809809 -0.00023727211992417903 0.0001289860634092863 -0.00024096179769940218 9.0120133151424251e-05 0.00012487859270965111 -0.00010026150159003065 0.00019689959912402361 -0.00046522377101015737 0.00027003031364591484 -0.00027106928694080622 3.2229016328747002e-05 -2.9769483529663455e-05
leaf_weight=574 258 34 769 103 503 288 31 47 20 21 20 22 50 137 33 57 43 257 26 162 26 227 86 31 180 27 122 49 173 20
leaf_count=574 258 34 769 103 503 288 31 47 20 21 20 22 50 137 33 57 43 257 26 162 26 227 86 31 180 27 122 49 173 20
internal_value=-0.00290309 -0.0257664 0.000766631 0.000297118 0.00105529 0.000528089 -0.000106599 -0.000665688 -0.00266665 -0.00443359 0.000313428 -0.00319562 -0.00171426 -0.000241296 -0.000620689 -0.00299997 -0.000267326 0.000487073 8.57143e-05 -2.60868e-05 -0.000559321 -0.000255813 -0.00149999 -0.00389184 0.000240356 -0.000218623 4.49679e-05 -0.000478259 6.08107e-05 -0.00151127
internal_weight=4396 608 3788 3019 1049 791 1970 1013 180 113 67 92 70 833 696 90 606 957 700 575 413 387 160 74 674 494 467 345 296 123
internal_count=4396 608 3788 3019 1049 791 1970 1013 180 113 67 92 70 833 696 90 606 957 700 575 413 387 160 74 674 494 467 345 296 123
cat_boundaries=0 1 2 3
cat_threshold=138 838 70
is_linear=0
shrinkage=0.03


Tree=182
num_leaves=31
num_cat=2
split_feature=1 10 0 10 19 10 1 8 13 17 6 17 6 6 19 9 8 4 8 2 4 18 17 4 17 11 8 8 9 18
split_gain=409.445 16.8308 3.77143 1.05986 0.925332 0.664343 0.657363 0.712058 0.986832 1.18165 0.897255 1.49254 1.34003 0.877032 0.825957 0.742352 0.735948 0.687301 2.40036 1.09388 0.769218 0.756482 0.573489 0.637177 0.5389 0.495281 0.416183 0.67388 0.404603 0.373885
threshold=1.0000000180025095e-35 0.25000000000000011 0.54460969367221124 -0.24999999999999994 0 -0.6830127018922193 0.049479166666666671 0.0917847730396293 1.0000000180025095e-35 0.2675707716731372 0.179961862386779 0.2675707716731372 0.14433497536945816 0.32119815668202772 1 0.58242159008023353 0.1482181984897806 0.044270833333333336 0.15928412133379541 0.054687500000000007 0.039062500000000007 0.436764705882353 0.22423623521402439 0.075520833333333343 0.16173091651774321 -0.9330127018922193 0.13131333708142751 0.11960370671186522 0.61670313639679086 0.46911764705882358
decision_type=2 2 2 2 1 2 2 2 2 2 2 2 2 2 1 2 2 2 2 2 2 2 2 2 2 2 2 2 2 2
left_child=1 -1 3 4 -2 29 7 14 10 -10 12 22 -9 26 -5 -14 25 18 20 -20 28 -19 24 -24 -12 -13 27 -11 -8 -6
right_child=2 -3 -4 6 5 -7 17 8 9 13 11 16 15 -15 -16 -17 -18 21 19 -21 -22 -23 23 -25 -26 -27 -28 -29 -30 -31
leaf_value=0 0.00037048802501744074 0 0.001039275388977664 -1.2844842889882e-05 5.7884520407159731e-05 0.00023879516664956693 0.00010051248723995412 0.00012941978016843742 0.00025397388452912676 -7.1943580369398584e-06 -5.9329160345471757e-05 -1.0007450977547865e-05 -0.00023842779967148765 -0.00025810287402312744 0.0001459126891866923 -5.983204161031096e-05 -0.00020783637771927722 -0.00054997881083554835 -8.4285179210162779e-05 -0.00038440941405365079 -0.00019847485002884053 0.00022186949784171273 -0.00022710686667997863 -0.00030929278277224814 0.00011516982972227214 0.00019185172696987236 2.2863543801330353e-05 -0.0003774715215162411 0.00031353563004139491 -2.702359910090464e-05
leaf_weight=574 258 35 769 232 155 288 109 26 116 123 22 36 25 30 202 32 36 20 22 33 39 467 39 33 30 121 62 28 86 348
leaf_count=574 258 35 769 232 155 288 109 26 116 123 22 36 25 30 202 32 36 20 22 33 39 467 39 33 30 121 62 28 86 348
internal_value=-0.00293721 -0.0257684 0.000734354 0.000256461 0.00102669 0.000490636 -0.000153885 -0.000595976 -0.0011502 -8.35641e-06 -0.00217499 -0.00144794 -0.00495175 -0.00119753 0.000373271 -0.00752618 0.000202072 0.000525773 -0.000633216 -0.00627261 0.000692305 0.00121355 -0.0040161 -0.00574992 -0.00161535 0.00108917 -0.000521124 -0.00137085 0.00146153 -0.000161033
internal_weight=4396 609 3787 3018 1049 791 1969 1193 759 359 400 317 83 243 434 57 193 776 289 55 234 487 124 72 52 157 213 151 195 503
internal_count=4396 609 3787 3018 1049 791 1969 1193 759 359 400 317 83 243 434 57 193 776 289 55 234 487 124 72 52 157 213 151 195 503
cat_boundaries=0 1 2
cat_threshold=138 87
is_linear=0
shrinkage=0.03


Tree=183
num_leaves=31
num_cat=2
split_feature=1 10 1 12 9 3 3 16 19 6 6 12 6 17 8 5 0 17 3 12 9 3 9 8 1 9 9 6 19 8
split_gain=410.67 16.8308 3.65108 0.955923 1.15593 0.774896 0.65052 0.556101 0.552822 0.670832 2.51758 0.898767 0.847172 0.694082 1.35126 0.937468 0.498965 0.47732 0.45771 0.423066 0.551057 0.514333 1.54411 0.960574 0.874653 0.578132 0.479015 0.396321 0.395377 0.678739
threshold=1.0000000180025095e-35 0.25000000000000011 0.080729166666666671 -0.60785761079279388 0.94493070751276453 0.075520833333333343 0.16927083333333334 2.5000000000000004 0 0.24322262831717786 0.26958525345622125 1.0000000180025095e-35 0.25399650405212143 0.27516807080248495 0.14331531426208988 0.14097363083164302 0.54802186383041918 0.36418177176410527 0.044270833333333336 0.6078576107927941 0.32239241429613436 0.028645833333333336 0.57330415754923425 0.07776067539149624 0.039062500000000007 0.68490153172866541 0.39897884755652818 0.18229779119656767 1 0.29024861203486146
decision_type=2 2 2 2 2 2 2 2 1 2 2 2 2 2 2 2 2 2 2 2 2 2 2 2 2 2 2 2 1 2
left_child=1 -1 3 28 5 7 -7 -5 -9 19 11 18 -13 14 -12 -16 -4 -15 -11 20 -10 24 26 -24 25 -22 -23 -26 -2 -30
right_child=2 -3 16 4 -6 6 -8 8 9 10 13 12 -14 17 15 -17 -18 -19 -20 -21 21 22 23 -25 27 -27 -28 -29 29 -31
leaf_value=0 0.00018568624102139599 0 0.00022839183623462835 -4.367112908701897e-05 -0.00026270522347280413 0.00014446174360959043 -0.0003862927970952398 2.4141438935900303e-05 0.00019599874267146362 -0.00018849935432169718 -0.00023225516159916087 -0.00013964440323553377 -0.0003049746839877253 0.00019433807438012102 0.00011673620145273079 -0.00021430002424341137 0.0012750621509055448 -0.00021946643563249197 6.033227830739989e-05 7.3524755153264352e-05 0.0001256264433451243 -8.539275299824008e-05 -9.608270584656729e-05 0.00014942318737785762 -0.00023312184089107854 -3.3633157442389619e-05 -0.00017494838407529581 3.9747739759170727e-05 9.1472881983752818e-05 -0.00021858651406869364
leaf_weight=574 168 35 397 77 30 341 22 458 48 29 28 22 31 153 40 24 614 26 23 237 110 25 21 71 22 34 34 23 647 32
leaf_count=574 168 35 397 77 30 341 22 458 48 29 28 22 31 153 40 24 614 26 23 237 110 25 21 71 22 34 34 23 647 32
internal_value=-0.00290309 -0.0257684 0.000773963 0.000211816 -0.000157076 -6.47708e-05 0.00118182 -0.000359375 -0.000228238 -0.000620177 -0.00162766 -0.00557138 -0.0083206 -9.96305e-05 -0.00221737 0.000187497 0.00231751 0.000988821 -0.00276918 -2.39998e-05 -0.000634019 -0.00105882 -0.00236422 6.52168e-05 -1.58728e-05 0.00112499 -0.00615244 -0.00366658 0.00105195 0.000692307
internal_weight=4396 609 3787 2776 1929 1899 363 1536 1459 1001 376 105 53 271 92 64 1011 179 52 625 388 340 151 92 189 144 59 45 847 679
internal_count=4396 609 3787 2776 1929 1899 363 1536 1459 1001 376 105 53 271 92 64 1011 179 52 625 388 340 151 92 189 144 59 45 847 679
cat_boundaries=0 1 2
cat_threshold=448 12
is_linear=0
shrinkage=0.03


Tree=184
num_leaves=31
num_cat=1
split_feature=20 10 20 19 7 6 16 16 6 9 5 10 8 7 7 3 16 13 16 7 20 9 13 7 9 10 8 17 17 20
split_gain=408.348 17.3543 3.67619 1.14597 1.13036 1.16194 2.28199 0.834645 0.724703 0.820468 0.71693 0.486033 0.651783 1.06631 0.774478 0.911204 0.781324 0.55011 0.548578 1.16864 0.514273 0.492836 0.572185 0.448781 0.755322 0.54603 0.439164 0.867265 0.521953 0.566694
threshold=1.0000000180025095e-35 0.25000000000000011 0.54460969367221124 0 0.086724821097632201 0.28433179723502316 22.500000000000004 2.5000000000000004 0.60230414746543792 0.27425237053245816 0.15111561866125764 0.68301270189221941 0.0917847730396293 0.041549441262021473 0.034460949511347018 0.028645833333333336 18.500000000000004 -0.56174490092936669 4.5000000000000009 0.040747545603109198 0.24758717573437092 0.09700948212983225 1.0000000180025095e-35 0.056663942421223447 0.78264040846097749 0.25000000000000011 0.15839388229963916 0.2666185416354882 0.34457082155884028 0.29001749062968413
decision_type=2 2 2 1 2 2 2 2 2 2 2 2 2 2 2 2 2 2 2 2 2 2 2 2 2 2 2 2 2 2
left_child=1 -1 3 4 7 -6 -7 -2 10 -10 11 17 18 14 15 -14 -16 23 19 -13 -20 22 -19 24 25 -5 27 -9 29 -29
right_child=2 -3 -4 8 5 6 -8 26 9 -11 -12 12 13 -15 16 -17 -18 21 20 -21 -22 -23 -24 -25 -26 -27 -28 28 -30 -31
leaf_value=0 -0.00011022747016125692 0 0.0009888460444780001 -9.1430868719467005e-05 2.3148261341333319e-05 0.00022268713502532334 -0.00084713304797602075 -0.00031210880762190844 0.00014826815267365774 -0.00044395952264517021 0.00018799190241564854 -0.00012960081827692005 -0.00013861331473620918 -2.2129015900633234e-06 -0.00019432432498441276 9.7649636541173273e-05 -2.0389991401178509e-05 -0.0004164598391320388 -5.0158519886444682e-05 0.00083874681656364854 0.00018365060242902449 7.7473343025884236e-05 4.6663249224438467e-05 1.8361930254623813e-05 -0.00030448557597873179 0.00027789840279589381 0.0001609681990628134 -1.1373172905327261e-05 -0.00011146569245275478 0.00010571568642275398
leaf_weight=574 34 34 769 103 38 21 26 23 26 24 863 25 23 155 21 28 20 21 20 21 140 633 29 104 26 29 83 149 30 304
leaf_count=574 34 34 769 103 38 21 26 23 26 24 863 25 23 155 21 28 20 21 20 21 140 633 29 104 26 29 83 149 30 304
internal_value=-0.00294404 -0.0257664 0.000719113 0.000247433 -0.000802227 -0.00405878 -0.00721261 -0.000370786 0.000570013 -0.00299994 0.000651481 0.00023176 -0.000576158 -0.00161538 -0.00417387 -0.00170585 -0.00724373 0.000619047 0.0006699 -0.00221734 0.00149999 0.00106735 -0.00179996 -0.000549616 -0.00155695 -0.000636359 -0.000106961 -0.000438734 -0.000167701 8.60926e-05
internal_weight=4396 608 3788 3019 708 85 47 623 2311 50 2261 1398 453 247 92 51 41 945 206 46 160 683 50 262 158 132 589 506 483 453
internal_count=4396 608 3788 3019 708 85 47 623 2311 50 2261 1398 453 247 92 51 41 945 206 46 160 683 50 262 158 132 589 506 483 453
cat_boundaries=0 1
cat_threshold=17
is_linear=0
shrinkage=0.03


Tree=185
num_leaves=31
num_cat=2
split_feature=0 10 0 6 10 7 4 6 6 19 18 8 6 19 10 16 16 0 8 8 0 3 12 7 0 4 7 8 7 1
split_gain=415.644 17.0709 3.75308 1.56364 0.831155 0.888331 1.40595 1.81896 0.782273 0.6862 0.645092 0.640589 0.644671 0.623209 0.799964 0.592239 0.553925 0.715957 0.648123 0.975536 1.20613 0.521568 0.474129 1.00114 0.473463 0.472477 1.13871 1.07291 0.704603 0.823034
threshold=1.0000000180025095e-35 0.25000000000000011 0.55485698752022106 0.16777371682822187 -0.24999999999999994 0.086724821097632201 0.044270833333333336 0.29354838709677428 0.14433497536945816 0 0.436764705882353 0.080994490627458365 0.15714285714285717 1 -0.5 26.500000000000004 28.500000000000004 0.41342993139342915 0.12535289271839811 0.1142210635865936 0.43439828646662476 0.028645833333333336 0.6078576107927941 0.097920479806488284 0.43918682946971144 0.013020833333333334 0.03766259298495573 0.076479323991404488 0.043866641571054833 0.033854166666666671
decision_type=2 2 2 2 2 2 2 2 2 1 2 2 2 1 2 2 2 2 2 2 2 2 2 2 2 2 2 2 2 2
left_child=1 -1 3 8 9 -6 7 24 13 -5 -8 -10 15 14 -2 -13 17 -11 19 20 -19 -14 -12 -24 -7 26 -15 -28 29 -27
right_child=2 -3 -4 4 5 6 10 -9 11 16 22 12 21 25 -16 -17 -18 18 -20 -21 -22 -23 23 -25 -26 28 27 -29 -30 -31
leaf_value=0 -0.00010325570315160102 0 0.0011864121075510462 0.00025767778124531062 1.9282364918628873e-05 -0.00016575707761931171 -0.00030914000407776402 -0.00076592369781772207 0.00032294973128974518 0.00016029933817733559 4.1184467874150553e-05 -0.00010221484262815572 2.1764592205771882e-05 -7.5147122947573315e-06 0.00038353789248389591 -6.626494800760139e-05 0.00024333901816624601 -0.00047823183688186597 -0.00026572931999502302 0.00032811942291196471 0.00043219546462029207 -2.9694280172279064e-05 -0.00038544481978751687 0.00031384479953465455 0.00061476296452411946 -2.4060658192698519e-06 -0.00010104486888301406 -9.8171645808921889e-05 0.00018159957813759095 -0.00010847637654069909
leaf_weight=588 31 32 650 529 1211 24 29 39 24 131 151 38 34 127 101 41 101 23 25 32 26 29 21 35 20 209 21 24 64 22
leaf_count=588 31 32 650 529 1211 24 29 39 24 131 151 38 34 127 101 41 101 23 25 32 26 29 21 35 20 209 21 24 64 22
internal_value=-0.00305821 -0.0258387 0.000646904 0.000220114 0.000596996 0.000176471 -0.00123197 -0.00459031 -0.000960783 0.0013391 -5.08471e-05 -0.00278312 -0.00354927 -0.000455759 0.00130985 -0.00535436 0.000241379 -0.000544301 -0.00237734 -0.00107406 -0.00373462 -0.00128569 0.000536229 -0.0018214 -0.000409081 -0.000962262 -0.00223254 -0.00633319 -0.000254236 -0.00102597
internal_weight=4432 620 3812 3162 2397 1530 319 83 765 867 236 166 142 599 132 79 338 237 106 81 49 63 207 56 44 467 172 45 295 231
internal_count=4432 620 3812 3162 2397 1530 319 83 765 867 236 166 142 599 132 79 338 237 106 81 49 63 207 56 44 467 172 45 295 231
cat_boundaries=0 1 2
cat_threshold=174 416
is_linear=0
shrinkage=0.03


Tree=186
num_leaves=31
num_cat=2
split_feature=0 10 0 4 9 10 17 8 0 2 10 7 8 3 7 19 0 0 2 1 13 8 12 17 17 19 7 7 7 8
split_gain=415.397 17.0709 3.61594 0.834542 0.82832 1.0891 1.07895 0.88531 1.33647 0.684388 1.59922 2.1542 0.648329 1.03551 1.00054 0.576951 0.602242 0.835616 1.52018 0.62387 0.635704 0.564964 0.883909 1.02855 0.828838 0.560443 0.87061 0.49567 0.395521 0.476959
threshold=1.0000000180025095e-35 0.25000000000000011 0.55485698752022106 0.013020833333333334 0.1203501094091904 -0.24999999999999994 0.32943579269849382 0.076479323991404488 0.326218804716498 0.11718750000000001 0.68301270189221941 0.10150446750004584 0.12535289271839811 0.070312500000000014 0.071197677084720135 0 0.49999963836843703 0.48574118920229131 0.044270833333333336 0.085937500000000014 0.81174490092936691 0.09788034504754449 1.0000000180025095e-35 0.31027880239099248 0.33208765798362 1 0.039235516998999381 0.11992761639997179 0.026465403638603436 0.15639335566612553
decision_type=2 2 2 2 2 2 2 2 2 2 2 2 2 2 2 1 2 2 2 2 2 2 2 2 2 1 2 2 2 2
left_child=1 -1 3 21 6 7 12 8 -6 15 11 -11 -5 14 -14 28 17 19 -19 20 27 25 23 -23 -24 26 -2 -17 -7 -30
right_child=2 -3 -4 4 5 9 -8 -9 -10 10 -12 -13 13 -15 -16 16 -18 18 -20 -21 -22 22 24 -25 -26 -27 -28 -29 29 -31
leaf_value=0 -4.6650501024969823e-06 0 0.0011508197443245163 0.00013228209849478224 5.0311816584475257e-05 -5.3948175765145833e-06 -0.00039020396300695163 0.00021990075133621634 -9.5736286147651533e-05 -4.3523455589220907e-05 0.00029711918690669481 -0.00079951539561098038 -0.00012358071176035864 0.00018300359038648866 1.7504969340102029e-05 -1.0332049691905793e-05 0.00021677389895840944 -0.00039547212771198526 -6.7846061590936467e-05 0.00059492658028598372 0.00011326592274533443 -0.00013876966996722025 -4.4326169979801795e-05 0.00043519704897141044 -0.00018032094206995374 7.0303567043116679e-05 -9.4704082510577289e-05 -0.00021809404975168709 0.00033554343551716914 -2.9928835529763441e-05
leaf_weight=588 85 32 650 61 70 21 22 789 27 31 29 20 28 20 20 888 144 20 43 55 146 25 28 42 23 127 24 28 242 104
leaf_count=588 85 32 650 61 70 21 22 789 27 31 29 20 28 20 20 888 144 20 43 55 146 25 28 42 23 127 24 28 242 104
internal_value=-0.00306498 -0.0258387 0.000639035 0.000220114 0.000393162 0.000515995 -0.0017682 0.00137472 -0.00132988 8.63919e-05 -0.00262497 -0.00582341 -0.000720925 -0.00273525 -0.00512489 0.000214666 -8.09593e-05 -0.000305084 -0.00366661 -0.000115488 -0.000276836 -0.00115254 -0.00284743 -0.000582081 -0.00582341 -0.000305083 -0.0017899 -0.000569868 0.00124933 0.00152601
internal_weight=4432 620 3812 3162 2808 2657 151 886 97 1771 80 51 129 68 48 1691 1324 1180 63 1117 1062 354 118 67 51 236 109 916 367 346
internal_count=4432 620 3812 3162 2808 2657 151 886 97 1771 80 51 129 68 48 1691 1324 1180 63 1117 1062 354 118 67 51 236 109 916 367 346
cat_boundaries=0 1 2
cat_threshold=576 21
is_linear=0
shrinkage=0.03


Tree=187
num_leaves=31
num_cat=2
split_feature=0 10 0 6 13 10 19 8 0 12 2 12 8 8 8 8 11 2 16 12 5 9 18 9 5 9 9 19 5 16
split_gain=416.88 17.0709 3.45032 1.33653 1.01812 0.964541 0.895129 0.789469 1.54993 1.78111 0.613202 0.738956 0.857095 0.733611 0.731822 2.06821 2.45755 0.555302 0.530857 0.654394 0.665363 0.838359 0.515564 0.526725 1.02849 0.597072 0.443278 0.416059 0.812151 0.612643
threshold=1.0000000180025095e-35 0.25000000000000011 0.55485698752022106 0.21612903225806454 0.81174490092936691 -0.24999999999999994 0 0.21743680224164993 0.47964949943148871 1.0000000180025095e-35 0.080729166666666671 0.6078576107927941 0.22614163575611029 0.10270181630322682 0.12896556527388528 0.15093115396300516 1.0000000180025095e-35 0.049479166666666671 28.500000000000004 -0.60785761079279388 0.12237998647734956 0.15681983953318746 0.45147058823529412 0.78264040846097749 0.093982420554428681 0.70240700218818397 0.5977388767323123 1 0.18154158215010144 9.5000000000000018
decision_type=2 2 2 2 2 2 1 2 2 2 2 2 2 2 2 2 2 2 2 2 2 2 2 2 2 2 2 1 2 2
left_child=1 -1 3 4 22 17 7 -7 -9 -10 13 26 -13 -8 -15 16 -16 18 19 -5 -21 -22 -2 25 -25 -24 -12 28 -17 -29
right_child=2 -3 -4 5 -6 6 10 8 9 -11 11 12 -14 14 15 27 -18 -19 -20 20 21 -23 23 24 -26 -27 -28 29 -30 -31
leaf_value=0 -0.00013526715567594883 0 0.0011162951519947809 0.00013932434356167704 0.00010553709976647468 0.00021481330369986314 -8.806727610422772e-05 0.00010298634224371928 -1.1986045517346106e-05 -0.00067352241774759646 2.4050478736857779e-05 -0.00053920124022404823 -8.6135627304192601e-05 0.00024758987970418872 -0.00068328100229010809 5.9187130436735307e-05 7.9935092121714241e-05 0.00029214146585049392 0.00033806780914353429 0.0001293962146718838 -0.00027706300864020511 -8.4178837054429804e-05 -1.0836828857874123e-05 -5.5067961542045706e-05 -0.00023868972833160213 0.00016718456416735597 -0.0001144658127314073 -1.9466400127434993e-05 -0.00044270010022137642 0.00032890091254496833
leaf_weight=588 21 32 650 78 146 557 38 81 40 31 42 32 24 146 35 71 24 427 118 40 25 57 753 70 20 92 35 31 30 98
leaf_count=588 21 32 650 78 146 557 38 81 40 31 42 32 24 146 35 71 24 427 118 40 25 57 753 70 20 92 35 31 30 98
internal_value=-0.00302437 -0.0258387 0.000686254 0.00027704 -0.000566243 0.000728155 0.000239544 0.000955493 -0.000947362 -0.00418304 -0.000603895 -0.00241352 -0.00503562 -0.000107822 0.000241379 -0.000633216 -0.00564397 0.0015906 0.000641508 -0.000299998 -0.00167212 -0.00321947 -0.000922593 -0.000818181 -0.00299997 -0.000585798 -0.000506487 0.000652171 -0.000783777 0.00170502
internal_weight=4432 620 3812 3162 1102 2060 1315 709 152 71 606 133 56 473 435 289 59 745 318 200 122 82 956 935 90 845 77 230 101 129
internal_count=4432 620 3812 3162 1102 2060 1315 709 152 71 606 133 56 473 435 289 59 745 318 200 122 82 956 935 90 845 77 230 101 129
cat_boundaries=0 1 2
cat_threshold=872 18
is_linear=0
shrinkage=0.03


Tree=188
num_leaves=31
num_cat=1
split_feature=0 10 0 6 10 19 2 10 7 17 3 13 10 17 6 9 0 16 5 5 1 10 17 3 9 18 9 9 3 17
split_gain=415.15 17.0709 3.64393 1.1343 1.01301 0.84128 0.817397 1.00323 1.49839 0.691352 1.33853 0.691072 0.634502 0.594507 0.569374 0.558067 0.467337 0.455535 0.455479 0.688063 0.443287 0.648205 0.527994 0.804749 0.495862 0.416874 0.616662 1.43221 0.813049 0.477252
threshold=1.0000000180025095e-35 0.25000000000000011 0.55485698752022106 0.21612903225806454 -0.24999999999999994 0 0.080729166666666671 0.68301270189221941 0.065485879597367638 0.32885499106459032 0.059895833333333336 0.81174490092936691 0.25000000000000011 0.33780103820951418 0.69262672811059922 0.18745441283734501 0.43625255540189894 2.5000000000000004 0.15517241379310348 0.16734279918864101 0.049479166666666671 0.68301270189221941 0.25261679857033453 0.044270833333333336 0.36725018234865076 0.47500000000000003 0.52954048140043775 0.59263311451495271 0.033854166666666671 0.33037833904084474
decision_type=2 2 2 2 2 1 2 2 2 2 2 2 2 2 2 2 2 2 2 2 2 2 2 2 2 2 2 2 2 2
left_child=1 -1 3 11 15 6 9 8 -8 20 13 16 -10 -11 -7 18 25 -17 -5 -20 21 22 24 -24 -6 26 28 -28 -2 -29
right_child=2 -3 -4 4 5 14 7 -9 12 10 -12 -13 -14 -15 -16 17 -18 -19 19 -21 -22 -23 23 -25 -26 -27 27 29 -30 -31
leaf_value=0 8.4009311241615951e-05 0 0.0010828062974349386 0.0001051485539170617 -0.00013076109811431522 0.00010574413582709294 3.0281187370261522e-05 0.00022040479236933239 -0.00032245822890002125 -2.6116328340752531e-05 -0.00073278430758460264 0.00010237098677348082 -0.00060415283277491072 0.00041051656354553309 -0.00026005908697217852 -0.00011438250410507186 -6.7760456137423963e-05 0.00030668348367637519 -9.9196048090675583e-05 4.4541006577550575e-06 0.00019222978567763594 0.00051527636764274064 9.8545554878000443e-06 -0.00031179506812009552 6.4464766299015451e-05 -2.223855085454841e-06 -0.00010137765351593381 -4.878634652263435e-06 -3.108123155680867e-05 -5.5625601634174104e-05
leaf_weight=588 100 32 650 103 24 786 26 33 26 20 27 146 22 46 21 34 22 541 23 44 140 48 28 29 39 564 60 140 48 22
leaf_count=588 100 32 650 103 24 786 26 33 26 20 27 146 22 46 21 34 22 541 23 44 140 48 28 29 39 564 60 140 48 22
internal_value=-0.00307175 -0.0258387 0.000631165 0.000210626 0.000626213 0.000125475 -0.000822392 -0.00316819 -0.00510804 -0.000216957 -0.00248384 -0.000566243 -0.00824983 -0.000181815 0.000723377 0.00151007 -0.000859832 0.00195652 1.11758e-10 -0.00192534 0.000467531 -0.000571425 -0.00174999 -0.00384204 0.000142855 -0.000758029 -0.00154054 -0.00254053 -4.05402e-05 -0.00107407
internal_weight=4432 620 3812 3162 2060 1315 508 107 74 401 93 1102 48 66 807 745 956 575 170 67 308 168 120 57 63 934 370 222 148 162
internal_count=4432 620 3812 3162 2060 1315 508 107 74 401 93 1102 48 66 807 745 956 575 170 67 308 168 120 57 63 934 370 222 148 162
cat_boundaries=0 1
cat_threshold=149
is_linear=0
shrinkage=0.03


Tree=189
num_leaves=31
num_cat=2
split_feature=0 16 1 12 13 9 12 0 0 0 18 11 19 0 4 8 16 8 2 17 19 13 17 4 12 11 17 2 8 9
split_gain=415.644 3.6784 3.29674 2.08898 0.851709 0.758998 0.638753 0.810324 0.711299 1.94141 0.574896 1.29159 0.601669 1.05345 0.737023 1.60965 0.66846 0.63313 0.591464 0.546637 0.720978 0.537172 0.521733 0.514052 0.500497 0.494627 0.788403 0.491701 0.483199 0.478094
threshold=1.0000000180025095e-35 29.500000000000004 0.080729166666666671 -1.0000000180025095e-35 1.0000000180025095e-35 0.17396061269146609 1.0000000180025095e-35 0.23559660932262541 0.42141001303737941 0.41876820771680739 0.4485294117647059 -0.68301270189221952 0 0.45871292428797134 0.013020833333333334 0.09788034504754449 3.5000000000000004 0.14643828494983713 0.033854166666666671 0.17279380478257175 1 1.0000000180025095e-35 0.36171389668964354 0.023437500000000003 -1.0000000180025095e-35 -0.9330127018922193 0.28979778683545648 0.028645833333333336 0.10631676495396537 0.60649161196207169
decision_type=2 2 2 2 2 2 2 2 2 2 2 2 1 2 2 2 2 2 2 2 1 2 2 2 2 2 2 2 2 2
left_child=1 -1 6 -3 -5 -4 8 -8 9 24 11 -9 13 23 15 -14 21 -15 -18 -10 22 -16 -21 -12 25 26 -2 29 -29 -25
right_child=2 3 5 4 -6 -7 7 10 19 -11 12 -13 14 17 16 -17 18 -19 -20 20 -22 -23 -24 27 -26 -27 -28 28 -30 -31
leaf_value=0 4.7917654533385664e-05 0 -0.00028395897907978053 0 0 0.00067397285638373585 -5.8528073766940594e-05 -0.00049185630509760955 -0.00020120389068215217 -0.00023769746496101707 2.7410925768915419e-05 -9.9249078197561397e-06 6.9201802498316162e-05 -7.1077469995145745e-05 9.4906469530838541e-07 -7.7586231193102747e-05 -1.011474822856275e-05 -0.00038013592155481144 0.0002093496571726563 3.0213876843870451e-05 0.00020636686144686188 -0.00013735300664868239 -0.00038642959376269389 -0.00018934910590928948 0.0001057271719619019 2.2873833155660412e-06 -0.00028847161338996176 -2.0437758888586616e-05 2.3457201497167051e-05 1.7474157558106169e-05
leaf_weight=495 31 39 34 44 42 980 39 23 39 23 83 55 48 34 32 31 194 23 354 218 574 24 31 20 192 540 44 32 92 22
leaf_count=495 31 39 34 44 42 980 39 23 39 23 83 55 48 34 32 31 194 23 354 218 574 24 31 20 192 540 44 32 92 22
internal_value=-0.00305821 -0.0258387 0.000646904 -0.0212398 -0.0186277 0.00211242 0.000115797 -0.000444846 0.000482269 -0.000144578 -0.000289597 -0.0027692 -9.40342e-05 -0.00117721 0.000402597 -0.00231643 0.000764899 -0.00489465 0.00108394 0.00108585 0.0012503 -0.0023571 -0.000127413 -0.000373492 0.000100372 -0.000317073 -0.00259997 -0.00133734 -0.000387094 -0.00414276
internal_weight=4432 620 3812 125 86 1014 2798 1106 1692 830 1067 78 989 306 683 79 604 57 548 862 823 56 249 249 807 615 75 166 124 42
internal_count=4432 620 3812 125 86 1014 2798 1106 1692 830 1067 78 989 306 683 79 604 57 548 862 823 56 249 249 807 615 75 166 124 42
cat_boundaries=0 1 2
cat_threshold=13 275
is_linear=0
shrinkage=0.03


Tree=190
num_leaves=31
num_cat=2
split_feature=0 10 0 6 16 3 3 6 19 7 16 6 0 4 18 6 17 10 17 9 8 8 17 0 7 19 17 16 7 9
split_gain=410.441 18.7972 4.3152 1.28968 0.85476 0.951063 0.86279 0.881946 0.622562 0.734471 1.57451 1.00484 1.05944 0.982905 0.515261 0.486255 0.459799 0.418355 0.46009 0.451988 0.580741 0.412987 1.01296 1.00273 0.549284 0.702364 1.44731 0.778164 0.463932 0.454706
threshold=1.0000000180025095e-35 0.25000000000000011 0.54460969367221124 0.16777371682822187 3.5000000000000004 0.049479166666666671 0.028645833333333336 0.25259812490068334 0 0.071659504697138346 22.500000000000004 0.29354838709677428 0.40990151892147353 0.080729166666666671 0.50147058823529422 0.2483870967741936 0.29881242682207537 -0.24999999999999994 0.35209769381329253 0.1203501094091904 0.1237024423506968 0.092976158837091025 0.30313927794846524 0.25848548626356976 0.045406247467067069 1 0.32784443877116848 4.5000000000000009 0.062302104146139965 0.59117432530999292
decision_type=2 2 2 2 2 2 2 2 1 2 2 2 2 2 2 2 2 2 2 2 2 2 2 2 2 1 2 2 2 2
left_child=1 -1 3 21 5 6 -5 -8 9 -6 -11 12 -12 -13 17 -14 -7 19 -19 20 -10 24 23 -23 25 26 27 -2 -26 -24
right_child=2 -3 -4 4 8 16 7 -9 14 10 11 13 15 -15 -16 -17 -18 18 -20 -21 -22 22 29 -25 28 -27 -28 -29 -30 -31
leaf_value=0 -1.4571475579163519e-05 0 0.0008910811784421165 1.4207083186119092e-06 3.487696635227699e-05 0.00022077274102670318 -0.00019232077913608408 -0.00037699426201201079 0.00012773424999871222 0.00024961146074259355 -0.00017823686937325074 -0.00044420150928332962 -2.0374135468453683e-05 -2.3383976296148579e-05 0.00046712237178474496 0.00056584402262273986 -4.1167740181606593e-05 6.2046815503107504e-06 0.00043592519452926367 0.00022372370679544932 -0.000118837393643713 2.0203472744293906e-05 0.00031762796050830187 -0.00013918402335635972 5.0889112101111482e-05 4.1450379721624706e-07 -0.00015315993269367573 -2.2812837195362553e-05 -0.00010147496140534485 -3.5714539446006992e-05
leaf_weight=589 25 34 744 30 445 60 20 31 20 89 20 28 20 22 120 31 41 780 72 473 38 24 45 36 83 252 21 196 21 49
leaf_count=589 25 34 744 30 445 60 20 31 20 89 20 28 20 22 120 31 41 780 72 473 38 24 45 36 83 252 21 196 21 49
internal_value=-0.00316282 -0.025748 0.000505214 1.16431e-05 0.000358974 -0.00161538 -0.00403699 -0.00641164 0.000525486 -0.00024812 -0.00171428 -0.00394212 -0.00164786 -0.00719986 0.000858559 0.000647046 0.00032673 0.00070065 0.000288732 0.00136158 -0.00113791 -0.00106915 -0.00245453 -0.00549991 -0.000712373 -0.00112955 -0.00223809 -0.00161538 0.00126922 -0.000510633
internal_weight=4459 623 3836 3092 2340 182 81 51 2158 655 210 121 71 50 1503 51 101 1383 852 531 58 752 154 60 598 494 242 221 104 94
internal_count=4459 623 3836 3092 2340 182 81 51 2158 655 210 121 71 50 1503 51 101 1383 852 531 58 752 154 60 598 494 242 221 104 94
cat_boundaries=0 1 2
cat_threshold=25 577
is_linear=0
shrinkage=0.03


Tree=191
num_leaves=31
num_cat=2
split_feature=0 10 0 6 6 19 0 3 19 7 16 13 3 6 12 16 6 17 16 5 18 10 16 2 13 12 6 8 9 8
split_gain=412.154 18.7972 3.76436 1.20345 0.630126 0.76924 1.34109 0.758645 0.579868 0.660029 1.3474 1.12284 0.589253 0.509742 0.602929 0.508596 0.729988 0.494353 0.535442 0.639627 0.578971 0.491518 0.480536 0.427887 0.415317 0.393794 0.380464 0.794396 0.790603 0.586438
threshold=1.0000000180025095e-35 0.25000000000000011 0.54460969367221124 0.16027331956141747 0.14668679485142225 0 0.37258187964270556 0.039062500000000007 1 0.086724821097632201 20.500000000000004 -0.56174490092936669 0.059895833333333336 0.19549411162314392 1.0000000180025095e-35 3.5000000000000004 0.31658986175115217 0.32988681814313686 5.5000000000000009 0.23225152129817445 0.48970588235294121 -0.5 4.5000000000000009 0.028645833333333336 -0.22252093395631442 0.87837969732492682 0.10865814623958596 0.063344880755790409 0.44128373450036479 0.072578775498485251
decision_type=2 2 2 2 2 1 2 2 1 2 2 2 2 2 2 2 2 2 2 2 2 2 2 2 2 2 2 2 2 2
left_child=1 -1 3 4 5 6 22 24 9 13 -11 -12 -13 14 23 16 -15 18 -10 20 -20 -7 -2 -5 -6 -23 28 -28 -24 -29
right_child=2 -3 -4 8 7 21 -8 -9 17 10 11 12 -14 15 -16 -17 -18 -19 19 -21 -22 25 26 -25 -26 -27 27 29 -30 -31
leaf_value=0 -1.9979808913786204e-05 0 0.00086434874308885155 -6.5885197785362575e-05 -0.00015788461604624159 -3.4263902863128248e-05 -0.00010452796393461129 6.1090705919754358e-06 -3.0284640081248614e-05 0.00019498242905429983 -0.00035322446135751834 4.3387795166988798e-06 -0.00021167701752721822 -0.00022446919810474949 -0.00015653009891747224 7.1540412897561556e-05 2.2626954504726022e-06 0.00020183621914703125 5.9234517950054105e-05 -6.2789022537630058e-05 0.00027672043431136182 0.00018531373342925978 -0.0001279907903922765 4.8920958429811412e-05 -7.2972085830951943e-05 -7.0182987848637038e-05 -0.00027902354541683663 0.00021120717382662208 7.7312578748718377e-05 -1.7914683723248437e-05
leaf_weight=589 37 34 744 20 31 33 20 20 150 70 30 42 24 22 33 650 35 394 699 33 169 142 29 23 27 24 39 43 148 105
leaf_count=589 37 34 744 20 31 33 20 20 150 70 30 42 24 22 33 650 35 394 699 33 169 142 29 23 27 24 39 43 148 105
internal_value=-0.00311572 -0.025748 0.000559958 9.89651e-05 -0.000997133 -0.000677418 -0.00138515 -0.00353842 0.000418546 -0.000159541 -0.00187951 -0.00418746 -0.00199997 0.000203065 -0.00213155 0.000454031 -0.00226312 0.000793814 0.000459562 0.000735848 0.000891704 0.000846886 -0.0010399 0.000209298 -0.00527577 0.00155421 -0.000708789 -0.0016524 0.000288134 -0.000648644
internal_weight=4459 623 3836 3092 698 620 421 78 2394 949 166 96 66 783 76 707 57 1445 1051 901 868 199 401 43 58 166 364 187 177 148
internal_count=4459 623 3836 3092 698 620 421 78 2394 949 166 96 66 783 76 707 57 1445 1051 901 868 199 401 43 58 166 364 187 177 148
cat_boundaries=0 1 2
cat_threshold=595 57
is_linear=0
shrinkage=0.03


Tree=192
num_leaves=31
num_cat=1
split_feature=0 10 0 6 8 0 8 16 7 3 16 17 4 7 9 6 2 17 16 4 10 4 19 7 16 16 3 18 10 0
split_gain=410.441 18.7972 3.82125 1.26515 0.760283 0.92765 0.520831 0.50986 0.520238 0.503109 0.671856 0.499238 0.490566 0.691785 0.644902 0.755791 0.466858 0.466436 0.673452 0.587637 0.420785 0.497385 0.503888 0.833393 1.5999 0.75751 1.40267 0.483592 0.560509 0.710649
threshold=1.0000000180025095e-35 0.25000000000000011 0.54460969367221124 0.16027331956141747 0.096195950467966793 0.38280925404735261 0.077606632832983857 3.5000000000000004 0.097920479806488284 0.049479166666666671 2.5000000000000004 0.29881242682207537 0.013020833333333334 0.040747545603109198 0.78264040846097749 0.13449864929286512 0.044270833333333336 0.34018381414347726 9.5000000000000018 0.018229166666666668 -0.24999999999999994 0.0078125000000000017 0 0.11992761639997179 14.500000000000002 7.5000000000000009 0.065104166666666671 0.48676470588235299 0.68301270189221941 0.50292584880915914
decision_type=2 2 2 2 2 2 2 2 2 2 2 2 2 2 2 2 2 2 2 2 2 2 1 2 2 2 2 2 2 2
left_child=1 -1 3 4 5 6 12 8 9 10 16 -11 13 -2 15 -14 -5 18 -6 -20 -9 -22 25 -24 -25 26 -23 28 29 -27
right_child=2 -3 -4 7 17 -7 -8 20 -10 11 -12 -13 14 -15 -16 -17 -18 -19 19 -21 21 22 23 24 -26 27 -28 -29 -30 -31
leaf_value=0 -2.1582610862182274e-05 0 0.00083841828079618671 -0.0001908335089026473 8.3625751572522858e-05 -5.7976880660408423e-05 4.7688683556867259e-05 0.00013643255147129644 2.9281668126790451e-05 0.00027921303486693236 -0.00035098139118738505 -6.2064579491024564e-05 2.2285335257538003e-05 -5.2776733785308006e-05 -0.00017570957685298635 -2.6720923656360413e-05 4.1351978709593833e-06 6.5537602231616172e-05 -3.4197866082636426e-05 -0.00013188956076538914 -3.3852540663660923e-05 -0.00016184749194910988 -3.0582444369113764e-07 0.00018401133277194345 -0.00041830198641735767 7.4240312919821234e-06 0.00028340974697656083 0.00052194220470402908 0.0003222381215035065 -0.00024205257642395859
leaf_weight=589 139 34 744 28 20 26 144 786 24 50 22 36 216 20 28 29 29 22 28 26 26 30 680 20 20 244 41 181 144 33
leaf_count=589 139 34 744 28 20 26 144 786 24 50 22 36 216 20 28 29 29 22 28 26 26 30 680 20 20 244 41 181 144 33
internal_value=-0.00316282 -0.025748 0.000505214 4.07504e-05 -0.00108309 -0.000687706 -0.000437499 0.000368421 -0.00112698 -0.00172726 -0.00345565 -0.000139533 -0.000958331 -0.002283 -0.000186812 0.000306121 -0.00173681 -0.00356246 -0.00470264 -0.00644432 0.000496599 0.000188161 0.000264896 -0.000287671 -0.00449989 0.000847729 -0.00207039 0.00120598 0.000648455 -0.000140794
internal_weight=4459 623 3836 3092 698 602 576 2394 189 165 79 86 432 159 273 245 57 96 74 54 2205 1419 1393 720 40 673 71 602 421 277
internal_count=4459 623 3836 3092 698 602 576 2394 189 165 79 86 432 159 273 245 57 96 74 54 2205 1419 1393 720 40 673 71 602 421 277
cat_boundaries=0 1
cat_threshold=583
is_linear=0
shrinkage=0.03


Tree=193
num_leaves=31
num_cat=2
split_feature=0 16 6 12 12 6 6 19 5 0 18 19 16 6 4 6 17 18 0 6 6 0 3 11 16 16 1 1 5 0
split_gain=410.441 4.32238 4.02632 2.54426 0.985286 0.900309 0.786934 0.907751 1.0761 0.703427 0.793305 0.666025 0.748862 0.733807 0.785729 0.847166 0.683059 0.614224 0.656897 0.581215 0.574434 0.86314 0.576673 0.471906 0.502128 0.469712 0.660907 0.627662 0.507933 1.42485
threshold=1.0000000180025095e-35 29.500000000000004 0.36820276497695864 -1.0000000180025095e-35 1.0000000180025095e-35 0.16027331956141747 0.14668679485142225 0 0.093982420554428681 0.57040581497477094 0.43088235294117649 1 3.5000000000000004 0.3626728110599079 0.013020833333333334 0.19917368504687752 0.38822227895498268 0.47500000000000003 0.43337287022347554 0.079872892084873665 0.23597761685319293 0.46264093472785367 0.080729166666666671 0.25000000000000017 5.5000000000000009 11.500000000000002 0.018229166666666668 0.023437500000000003 0.17545638945233269 0.49771850048640126
decision_type=2 2 2 2 2 2 2 1 2 2 2 1 2 2 2 2 2 2 2 2 2 2 2 2 2 2 2 2 2 2
left_child=1 -1 5 -3 -5 6 7 8 19 10 -4 20 17 14 15 -14 23 -13 -19 -2 -7 22 -22 25 -25 -16 -27 -28 -29 -30
right_child=2 3 9 4 -6 11 -8 -9 -10 -11 -12 12 13 -15 16 -17 -18 18 -20 -21 21 -23 -24 24 -26 26 27 28 29 -31
leaf_value=0 -2.4638193774862913e-05 0 -0.00017371248497173472 0 0 0.00020494994611742467 -0.00012185919282720287 0.00014387167009553457 -6.9579971961350955e-05 0.0011996843622281649 0.00016415623897771283 -5.4550413146100907e-07 -0.00015379315937181216 -0.00012687865684409629 0.00025089514998543217 2.4387932335963426e-05 -0.00046748335188860824 -0.0002706040489434801 -2.8316222693372421e-05 -9.7023624666612147e-06 -8.3601410392998408e-05 0.00031258593528151883 0.00049507041160583125 -0.00028266196718619644 0.00033686471007807835 0.00024042825747638903 -4.1284457625276398e-05 -3.8334514934627654e-06 -0.0004241581910698398 7.7103262993793271e-05
leaf_weight=498 45 40 42 20 65 171 78 167 22 546 638 40 31 21 102 46 23 23 30 386 205 207 31 26 352 48 36 460 27 33
leaf_count=498 45 40 42 20 65 171 78 167 22 546 638 40 31 21 102 46 23 23 30 386 205 207 31 26 352 48 36 460 27 33
internal_value=-0.00316282 -0.025748 0.000505214 -0.0207598 -0.0178233 -0.000160919 -0.00108309 -0.000725805 -0.00140604 0.00192333 0.00127941 0.000175732 -0.000211009 -1.2448e-05 8.61487e-05 -0.00284412 0.000289973 -0.00280642 -0.00492444 -0.00110673 0.000980768 0.000426636 -0.000813556 0.000398524 0.00125397 -5.94899e-05 -0.000377483 -0.000669063 -0.000403845 -0.00299995
internal_weight=4459 623 3836 125 85 2610 698 620 453 1226 680 1912 1298 1205 1184 77 1107 93 53 431 614 443 236 1084 378 706 604 556 520 60
internal_count=4459 623 3836 125 85 2610 698 620 453 1226 680 1912 1298 1205 1184 77 1107 93 53 431 614 443 236 1084 378 706 604 556 520 60
cat_boundaries=0 1 2
cat_threshold=535 646
is_linear=0
shrinkage=0.03


Tree=194
num_leaves=31
num_cat=1
split_feature=0 16 0 12 12 6 0 8 6 1 17 19 6 9 6 17 17 6 8 8 0 17 2 17 18 4 18 9 9 17
split_gain=411.42 4.32238 3.69839 2.54426 0.985286 0.970905 0.706194 0.662344 0.753712 0.59574 0.714274 0.568438 0.743476 0.614286 0.564585 0.810215 2.24247 0.554613 1.56039 1.12823 0.541836 0.493461 0.454178 0.446709 0.765377 1.10123 0.440359 0.531323 0.429495 0.62146
threshold=1.0000000180025095e-35 29.500000000000004 0.54460969367221124 -1.0000000180025095e-35 1.0000000180025095e-35 0.15714285714285717 0.38280925404735261 0.096195950467966793 0.13630791582483945 0.013020833333333334 0.30297185109541513 0 0.60230414746543792 0.68490153172866541 0.19917368504687752 0.28716704961279899 0.30945715551721215 0.29631336405529957 0.11517469369506907 0.13293229993885244 0.47151883933976957 0.31805476456995485 0.013020833333333334 0.33037833904084474 0.49558823529411766 0.070312500000000014 0.47205882352941181 0.58242159008023353 0.18745441283734501 0.32943579269849382
decision_type=2 2 2 2 2 2 2 2 2 2 2 1 2 2 2 2 2 2 2 2 2 2 2 2 2 2 2 2 2 2
left_child=1 -1 5 -3 -5 6 7 9 -9 10 -2 13 28 14 15 -7 -17 18 -15 -20 -16 22 -11 24 25 -22 -24 -28 29 -13
right_child=2 3 -4 4 -6 11 -8 8 -10 21 -12 12 -14 17 20 16 -18 -19 19 -21 23 -23 26 -25 -26 -27 27 -29 -30 -31
leaf_value=0 7.8887746526548375e-06 0 0.00079013473478671298 0 0 3.0376968474193137e-05 -9.9399451952274448e-05 3.7595436005225693e-06 -0.00011949749425338353 2.2933899688150345e-06 -4.9617811132244409e-05 1.7961170956112064e-06 -0.00017070703934201422 0.00030298148219931191 6.3050039046118436e-06 -0.0002236063027840113 -6.3055931849997785e-06 0.00044063072799445792 -0.00026544881560003336 0.00011592810289960162 0.00011888933669427037 0.00024229118828026245 8.1287625497653926e-05 2.9842704615291282e-06 -0.00014523074720551319 -0.00025044962280261495 -0.00010784612321818453 -2.8372324217738191e-06 0.00012926926043696461 -0.00016170011656653025
leaf_weight=498 60 40 744 20 65 24 38 32 44 66 84 144 24 94 444 21 41 88 26 30 51 151 59 73 22 39 57 90 1257 33
leaf_count=498 60 40 744 20 65 24 38 32 44 66 84 144 24 94 444 21 41 88 26 30 51 151 59 73 22 39 57 90 1257 33
internal_value=-0.0031359 -0.025748 0.000536496 -0.0207598 -0.0178233 7.95602e-05 -0.000920703 -0.000685846 -0.00331575 -0.000333333 -0.00199999 0.00036209 0.000731607 -0.000208722 -0.000650349 -0.0029302 -0.00474186 0.00110924 1.11758e-10 -0.00396421 -0.000338632 0.000234042 -0.00052941 -0.00170269 -0.00289283 -0.00166665 -0.00122329 -0.00210203 0.000824267 -0.000559319
internal_weight=4459 623 3836 125 85 3092 681 643 76 567 144 2411 1458 953 715 86 62 238 150 56 629 423 272 185 112 90 206 147 1434 177
internal_count=4459 623 3836 125 85 3092 681 643 76 567 144 2411 1458 953 715 86 62 238 150 56 629 423 272 185 112 90 206 147 1434 177
cat_boundaries=0 1
cat_threshold=57
is_linear=0
shrinkage=0.03


Tree=195
num_leaves=31
num_cat=2
split_feature=0 10 5 16 0 10 8 10 8 19 0 17 17 8 18 8 16 16 19 6 18 5 1 9 17 17 4 8 5 5
split_gain=408.256 15.0234 3.9362 0.818621 1.09455 0.695654 1.09513 1.02157 1.26269 0.860697 1.07163 1.53044 0.709282 0.693417 0.582958 0.794039 0.596354 1.21617 0.678232 1.83182 0.576929 1.45332 0.540158 0.870728 0.483616 0.479982 0.58289 0.612363 0.557367 1.11459
threshold=1.0000000180025095e-35 0.25000000000000011 0.23630831643002034 1.5000000000000002 0.42230543645064583 -0.24999999999999994 0.14189758641386938 -0.6830127018922193 0.13362524250080873 0 0.47298069797152514 0.23500127648710753 0.36418177176410527 0.23702998767234346 0.48382352941176471 0.073789822300234162 29.500000000000004 25.500000000000004 1 0.24557444779914192 0.44264705882352945 0.27687626774847879 0.065104166666666671 0.22137126185266232 0.33394810126210833 0.32885499106459032 0.013020833333333334 0.11960370671186522 0.13488843813387427 0.10040567951318459
decision_type=2 2 2 2 2 2 2 2 2 1 2 2 2 2 2 2 2 2 1 2 2 2 2 2 2 2 2 2 2 2
left_child=1 -1 3 4 -2 6 7 8 14 10 13 -12 -13 24 15 -5 17 18 -17 -20 21 -4 -16 -24 25 26 -7 -28 29 -29
right_child=2 -3 20 5 -6 9 -8 -9 -10 -11 11 12 -14 -15 22 16 -18 -19 19 -21 -22 -23 23 -25 -26 -27 27 28 -30 -31
leaf_value=0 2.1165904624987886e-05 0 -0.0004198249757466056 -5.637119457191562e-05 -0.00016925315952443092 -3.5033481670383932e-05 0.00037046444857012428 0.00027234186400976814 -0.00011701031667900784 4.7787173894014707e-06 -0.00040103455136508611 -1.8274016839452794e-06 -0.00030952329838937009 0.00023182005775439473 0.00053224402811862513 7.1628469726467601e-05 0.00062535380418404253 -0.00041572405983987944 5.0283677123181547e-06 -0.00027889105371866046 0.0007247790624428618 0.00063409232466578227 -0.00016483267232312478 0.00019544825537082415 0.00015215625450817449 -4.1926450352511493e-05 6.8578591924344941e-05 0.00015172944315711251 7.0642184751887243e-06 -0.00023622603253549657
leaf_weight=579 37 28 22 43 37 88 224 289 37 1080 25 71 22 47 83 107 42 23 81 29 704 76 27 39 88 26 253 44 70 83
leaf_count=579 37 28 22 43 37 88 224 289 37 1080 25 71 22 47 83 107 42 23 81 29 704 76 27 39 88 26 253 44 70 83
internal_value=-0.00311717 -0.0259621 0.000534896 3.50585e-05 -0.00308104 0.000114002 0.00074414 0.000225 -0.000581212 -0.000226146 -0.00095405 -0.00361014 -0.00183869 -0.000519312 -0.000164556 -0.00087692 -0.000297871 -0.000874996 -0.000179723 -0.00174999 0.00240149 0.000244896 0.00138925 -0.000636354 -0.000773005 -0.00109574 -0.000903344 -0.000466666 -0.0017208 -0.00290549
internal_weight=4404 607 3797 2995 74 2921 1024 800 511 1897 817 118 93 699 474 325 282 240 217 110 802 98 149 66 652 564 538 450 197 127
internal_count=4404 607 3797 2995 74 2921 1024 800 511 1897 817 118 93 699 474 325 282 240 217 110 802 98 149 66 652 564 538 450 197 127
cat_boundaries=0 1 2
cat_threshold=153 360
is_linear=0
shrinkage=0.03


Tree=196
num_leaves=31
num_cat=1
split_feature=0 10 0 19 9 16 1 10 8 18 16 7 7 18 17 10 4 7 7 4 0 9 1 7 3 18 0 0 3 2
split_gain=408.256 15.0234 3.88295 0.769871 0.885844 0.822498 0.962018 0.798059 1.65782 0.800174 1.45446 0.642697 0.753264 0.554738 1.22491 0.543216 0.343788 0.514323 0.878382 0.31528 0.382725 0.935653 0.744163 0.763704 0.696508 0.607477 0.499779 0.801783 0.668312 0.519205
threshold=1.0000000180025095e-35 0.25000000000000011 0.55485698752022106 0 0.17396061269146609 27.500000000000004 0.070312500000000014 -0.24999999999999994 0.076479323991404488 0.43382352941176472 29.500000000000004 0.075870623877683993 0.068961761325797011 0.47794117647058826 0.30400966934908297 -0.6830127018922193 0.075520833333333343 0.049184323483876809 0.055089635996602375 0.10156250000000001 0.45763877432200306 0.68490153172866541 0.054687500000000007 0.061859297509648241 0.023437500000000003 0.4485294117647059 0.37409980390052772 0.27532017406411402 0.018229166666666668 0.018229166666666668
decision_type=2 2 2 1 2 2 2 2 2 2 2 2 2 2 2 2 2 2 2 2 2 2 2 2 2 2 2 2 2 2
left_child=1 -1 3 19 5 6 11 8 13 10 -9 12 16 14 -6 -4 17 -5 -19 20 24 22 -22 -24 26 -26 27 28 29 -2
right_child=2 -3 15 4 7 -7 -8 9 -10 -11 -12 -13 -14 -15 -16 -17 -18 18 -20 -21 21 -23 23 -25 25 -27 -28 -29 -30 -31
leaf_value=0 3.9356763557454273e-06 0 -0.00019519459072424848 0.00050991779825257041 2.9853455721277975e-05 0.0007564824831339654 -0.00036792309352469681 0.00019017239059864615 0.00025952001327602032 4.8271754853479154e-06 -0.00041382794026306258 0.00010110362376467688 -0.00039222471342821423 3.404941034480303e-06 -0.00023203792590990649 0.000916759570394385 -2.1464852734839266e-05 -0.00016817116532354291 2.0823164921785593e-05 -0.00018841471687340566 5.3128599982861128e-06 0.00035159403846529551 -0.00039807153534547602 -1.8730913593525981e-05 -0.00015260137000077989 9.5360505930984222e-05 -8.3817637095416815e-05 6.4044819829409718e-06 -7.5382827000761875e-05 -4.7573502940109501e-05
leaf_weight=579 52 28 26 40 20 35 39 22 592 1471 22 51 20 31 20 630 30 21 30 20 31 24 30 29 20 300 34 108 23 26
leaf_count=579 52 28 26 40 20 35 39 22 592 1471 22 51 20 31 20 630 30 21 30 20 31 24 30 29 20 300 34 108 23 26
internal_value=-0.00311717 -0.0259621 0.000534896 9.64662e-05 0.000347188 -0.00128571 -0.00193506 0.000548209 0.00141629 0.000168317 -0.00381809 -0.00106249 -0.00210637 -0.00291545 -0.00524987 0.00263414 -0.00121487 -0.0002967 -0.00229407 -0.000776519 -0.00067799 -0.00226314 -0.00366663 -0.00564397 -0.000357015 0.000562498 -0.00156789 -0.00101913 -0.00294056 -0.00161536
internal_weight=4404 607 3797 3141 2444 266 231 2178 663 1515 44 192 141 71 40 656 121 91 51 697 677 114 90 59 563 320 243 209 101 78
internal_count=4404 607 3797 3141 2444 266 231 2178 663 1515 44 192 141 71 40 656 121 91 51 697 677 114 90 59 563 320 243 209 101 78
cat_boundaries=0 1
cat_threshold=17
is_linear=0
shrinkage=0.03


Tree=197
num_leaves=31
num_cat=0
split_feature=1 10 5 1 12 18 10 9 5 4 9 8 9 6 8 18 7 5 11 10 7 5 2 12 6 8 5 8 7 4
split_gain=407.142 16.7646 3.53805 0.764786 0.577395 0.839983 0.797983 0.796028 0.833762 0.753378 0.600584 0.645047 1.79979 0.981432 0.712953 1.25441 0.642401 0.78781 1.36583 0.62226 1.06784 0.551989 1.38 0.815117 0.541754 0.427237 0.446153 0.409736 0.388723 0.3716
threshold=1.0000000180025095e-35 0.25000000000000011 0.27687626774847879 0.096354166666666671 1.0000000180025095e-35 0.4485294117647059 0.25000000000000011 0.19730123997082422 0.13286004056795134 0.054687500000000007 0.29431072210065656 0.21176080412325526 0.5977388767323123 0.31658986175115217 0.15242185369161029 0.48382352941176471 0.041549441262021473 0.089587559161595678 -0.68301270189221952 0.93301270189221952 0.059318526023085606 0.055780933062880331 0.018229166666666668 -1.0000000180025095e-35 0.34147465437788027 0.040529508432456861 0.055780933062880331 0.0917847730396293 0.025470728557720042 0.033854166666666671
decision_type=2 2 2 2 2 2 2 2 2 2 2 2 2 2 2 2 2 2 2 2 2 2 2 2 2 2 2 2 2 2
left_child=1 -1 3 4 21 6 -6 8 -7 -8 -9 13 -13 14 16 -16 17 25 27 -18 -21 22 -2 28 -10 -12 -27 -19 -24 -5
right_child=2 -3 -4 29 5 7 9 10 24 -11 11 12 -14 -15 15 -17 19 18 -20 20 -22 -23 23 -25 -26 26 -28 -29 -30 -31
leaf_value=0 6.6800130175228152e-05 0 0.00084342522250832011 -1.8201628954381663e-05 4.373605206205246e-05 -1.5710604525788291e-06 -0.00018605148172672964 0.0002369244426689901 -0.00035126763666896288 -0.00042807483363098534 -8.6693989879408454e-05 -0.00018109716968427939 0.00075818589675867478 0.00038676896800159274 2.0340615205347797e-05 -0.0002999589776581148 0.00010399149848485803 -4.2230160933956598e-05 -0.00021990228938482991 5.853564295487947e-05 -0.00024626422069883957 2.1450708250372998e-05 -7.6925246688532313e-05 2.2061045024765218e-05 -0.00016530016391142754 0.00011069935643812316 -1.5063273950493054e-05 0.00070344230850126249 -0.00012529646204169085 0.00038979914918773543
leaf_weight=579 87 30 589 26 37 76 22 75 26 20 20 29 22 151 33 26 317 20 39 37 29 1561 23 23 23 91 125 21 28 219
leaf_count=579 87 30 589 26 37 76 22 75 26 20 20 29 22 151 33 26 317 20 39 37 29 1561 23 23 23 91 125 21 28 219
internal_value=-0.00309673 -0.025867 0.000557312 0.000164691 3.14084e-05 -0.000462469 -0.00345565 -0.00025862 -0.00251998 -0.00628556 1.44929e-05 -0.0001875 -0.00347052 -3.30021e-06 -0.000443271 -0.00361011 -0.000175965 -0.00117721 -0.00374995 0.000650129 -0.00199997 0.000386759 -0.00128571 -0.00429724 -0.00557131 -0.000305083 8.33331e-05 7.31691e-05 -0.00641164 0.0017755
internal_weight=4404 609 3795 3206 2961 1239 79 1160 125 42 1035 960 51 909 758 59 699 316 80 383 66 1722 161 74 49 236 216 41 51 245
internal_count=4404 609 3795 3206 2961 1239 79 1160 125 42 1035 960 51 909 758 59 699 316 80 383 66 1722 161 74 49 236 216 41 51 245
is_linear=0
shrinkage=0.03


Tree=198
num_leaves=31
num_cat=1
split_feature=0 10 0 5 0 9 10 16 16 12 7 6 6 19 8 8 9 12 8 8 9 0 10 7 7 17 5 7 5 10
split_gain=407.526 15.0234 3.63632 0.867704 1.58479 0.769124 0.89357 1.15223 0.790219 0.84945 0.677105 0.674609 0.626505 0.739038 0.68698 1.02047 0.907869 0.785163 0.624282 1.03134 0.618062 1.12067 0.597511 0.585907 0.916234 1.08476 0.554959 0.547695 0.789049 0.520085
threshold=1.0000000180025095e-35 0.25000000000000011 0.55485698752022106 0.069979716024340791 0.326218804716498 0.17396061269146609 -0.24999999999999994 1.5000000000000002 27.500000000000004 0.87837969732492682 0.040747545603109198 0.3175115207373273 0.69262672811059922 0 0.1237024423506968 0.14899102893320368 0.65864332603938747 1.0000000180025095e-35 0.095052845230286204 0.092976158837091025 0.65864332603938747 0.45871292428797134 -0.6830127018922193 0.05781654739842261 0.078330781814401104 0.26538166964513665 0.18762677484787021 0.079237953319248058 0.15720081135902639 -0.6830127018922193
decision_type=2 2 2 2 2 2 2 2 2 2 2 2 2 1 2 2 2 2 2 2 2 2 2 2 2 2 2 2 2 2
left_child=1 -1 3 4 10 8 7 -7 9 27 -2 22 13 14 20 16 -16 -17 19 -15 21 -8 -9 -19 -25 -26 -24 28 -5 -4
right_child=2 -3 29 5 -6 6 12 11 -10 -11 -12 -13 -14 18 15 17 -18 23 -20 -21 -22 -23 26 24 25 -27 -28 -29 -30 -31
leaf_value=0 -2.6327945258425559e-06 0 -0.00018718101137631392 -9.4379884931312712e-06 -3.3372329593577635e-05 -0.00013310052693224481 5.0547648931076419e-05 -5.1046628219509014e-06 0.00073976607121717494 -0.00025090224099649002 -3.2957402945298774e-05 0.00040759458318678982 -0.00023680321278524909 5.1450989295212648e-05 -5.1960667216899769e-05 3.6941120598455576e-05 -0.00033659264490954897 -0.00022553292376869955 8.3854915679530966e-05 -0.00035212609212942694 0.00028586013362500898 -0.00031706547231287002 0.00032728176543834949 0.00038915937203191984 -0.00045314003516956809 3.0557483260987345e-05 -0.00016697513705723403 4.6497380576064409e-05 -0.00016976683092765875 0.00087786254338049824
leaf_weight=579 431 28 26 124 23 21 196 241 35 32 58 207 23 132 65 155 32 30 774 25 84 26 239 31 24 32 21 47 33 630
leaf_count=579 431 28 26 124 23 21 196 241 35 32 58 207 23 132 65 155 32 30 774 25 84 26 239 31 24 32 21 47 33 630
internal_value=-0.0031376 -0.0259621 0.000511193 8.69151e-05 -0.00104297 0.000306961 0.000480916 0.00135391 -0.00120664 -0.0018305 -0.00068098 0.00155932 9.02395e-05 0.000160648 -0.00059124 -0.00147154 -0.00411336 -0.00052941 0.000704569 -0.00101273 0.000450979 -0.000378377 0.00096407 -0.00238459 -0.00113792 -0.00342851 0.00196153 -0.00111764 -0.00196814 0.00254268
internal_weight=4404 607 3797 3141 512 2629 2358 729 271 236 489 708 1629 1606 675 369 97 272 931 157 306 222 501 117 87 56 260 204 157 656
internal_count=4404 607 3797 3141 512 2629 2358 729 271 236 489 708 1629 1606 675 369 97 272 931 157 306 222 501 117 87 56 260 204 157 656
cat_boundaries=0 1
cat_threshold=153
is_linear=0
shrinkage=0.03


Tree=199
num_leaves=31
num_cat=2
split_feature=0 0 16 13 5 6 4 7 7 8 19 0 19 8 18 12 18 18 8 16 0 5 4 5 12 0 6 0 8 6
split_gain=408.743 3.19204 2.94789 1.90659 0.989095 0.891443 0.499748 0.508183 0.472336 0.553174 0.652832 0.64949 0.473465 0.461036 0.672831 0.875511 0.45262 0.410397 0.561188 0.669052 0.401606 1.05292 0.696602 0.566404 0.669689 0.971208 1.25644 0.504962 0.489975 0.439447
threshold=1.0000000180025095e-35 0.57040581497477094 29.500000000000004 -0.22252093395631442 0.15314401622718055 0.69262672811059922 0.028645833333333336 0.039235516998999381 0.055089635996602375 0.12297886568393225 0 0.44457804280797869 1 0.21176080412325526 0.48088235294117648 1.0000000180025095e-35 0.49264705882352944 0.46911764705882358 0.129574486851217 5.5000000000000009 0.41625612619461377 0.12457741717376607 0.033854166666666671 0.060006761325219753 1.0000000180025095e-35 0.35371632274308884 0.19549411162314392 0.44566508779923081 0.13362524250080873 0.1110599078341014
decision_type=2 2 2 2 2 2 2 2 2 2 1 2 1 2 2 2 2 2 2 2 2 2 2 2 2 2 2 2 2 2
left_child=2 4 -1 -4 8 6 16 -8 12 -10 -11 17 20 -9 15 -15 -6 -12 -19 -20 23 -22 -23 29 -25 -26 -27 -24 -28 -2
right_child=1 -3 3 -5 5 -7 7 13 9 10 11 -13 -14 14 -16 -17 -18 18 19 -21 21 22 27 24 25 26 28 -29 -30 -31
leaf_value=0 -9.5799089409587297e-06 0.0010074528336492749 0 0 1.1108220973100587e-05 -0.0002057944199799917 -4.6662886814971739e-05 0.0002180290289072744 0.00013604768683668611 -0.00011894152730847417 0.00012905585143820083 -9.0477799626173254e-05 6.2076772415642038e-07 1.1004459629958693e-05 0.00015060667300216988 -0.00041427420057229522 -0.0003639912669666173 -0.00021687950700695712 -0.00023018167197292838 0.00035860324417460863 -0.00030299304771982114 -0.00032657126307838368 0.00027286007061359254 0.00016139560432462875 6.713657103582651e-05 -0.00014449049768508991 0.00025023750342082916 -0.00043079019163168238 -0.00019599172793825155 -3.3559991490975424e-05
leaf_weight=487 175 547 41 79 97 35 33 837 311 120 89 26 667 77 78 48 30 26 23 82 20 24 31 166 65 24 25 34 20 87
leaf_count=487 175 547 41 79 97 35 33 837 311 120 89 26 667 77 78 48 30 26 23 82 20 24 31 166 65 24 25 34 20 87
internal_value=-0.00310354 0.000550698 -0.0259621 -0.0217498 0.000193846 0.000862348 0.000999999 0.00121062 -0.000215881 0.000429837 -0.000360655 0.00053906 -0.0005426 0.00132692 4.43349e-05 -0.00131999 -0.000779521 0.0010909 2.29007e-05 0.000999991 -0.00109691 -0.00277979 -0.00138201 -0.000790034 9.99998e-05 -0.0014776 -0.00395646 0.000230766 -0.000999978 -0.00180915
internal_weight=4404 3797 607 120 3250 1235 1200 1073 2015 677 366 246 1338 1040 203 125 127 220 131 105 671 109 89 562 300 134 69 65 45 262
internal_count=4404 3797 607 120 3250 1235 1200 1073 2015 677 366 246 1338 1040 203 125 127 220 131 105 671 109 89 562 300 134 69 65 45 262
cat_boundaries=0 1 2
cat_threshold=523 593
is_linear=0
shrinkage=0.03


Tree=200
num_leaves=31
num_cat=2
split_feature=0 10 6 19 6 9 5 17 16 5 9 17 16 6 19 6 6 5 16 0 6 8 17 9 0 7 9 5 8 16
split_gain=410.38 16.2098 3.54553 1.04774 1.74647 0.777239 0.90537 0.867836 1.0666 0.57743 0.917494 1.02121 1.03745 0.93958 0.856492 0.968853 0.740996 0.697082 1.10205 1.27106 0.595782 0.599179 1.13941 2.24568 0.571531 0.726048 1.05822 0.931501 0.580691 0.569281
threshold=1.0000000180025095e-35 0.25000000000000011 0.30921658986175121 0 0.69262672811059922 0.42924872355944577 0.18965517241379312 0.22423623521402439 17.500000000000004 0.072008113590263698 0.1203501094091904 0.32943579269849382 11.500000000000002 0.25259812490068334 1 0.2824884792626729 0.26197362148418885 0.1288032454361055 19.500000000000004 0.40714532703290862 0.25852534562211987 0.12257353191986238 0.33660965024253259 0.6433260393873087 0.57943289321425384 0.092343480677863826 0.5977388767323123 0.26673427991886417 0.18051107774196509 22.500000000000004
decision_type=2 2 2 1 2 2 2 2 2 2 2 2 2 2 1 2 2 2 2 2 2 2 2 2 2 2 2 2 2 2
left_child=1 -1 9 24 5 6 7 -5 -9 -2 11 12 -11 -12 15 16 -15 18 19 -16 -19 -22 -23 -24 25 -4 -27 28 -28 -7
right_child=2 -3 3 4 -6 29 -8 8 -10 10 13 -13 -14 14 17 -17 -18 20 -20 -21 21 22 23 -25 -26 26 27 -29 -30 -31
leaf_value=0 -1.6037571701076713e-05 0 0.00032273197012905292 0.0001192101005930624 -0.0004336623472822788 0.00039475428603839488 0.00021223861398045728 -0.00059672790821440767 -5.6623957339284076e-05 -0.00019876882659192879 6.2058722100924405e-05 -0.00033136074951469673 3.6012043353761512e-05 -0.00033991497885990223 -6.5472150445531141e-05 -0.00042104982574799776 0.0001625419996473642 -0.00021953960168741109 1.3091458602950769e-06 -0.00024376330110797458 0.0002279294961988226 0.00018205011777414854 0.00031333840010233497 -0.00058708479626895765 0.0013209210185468568 0.0002252425881542538 0.00047927436652355426 -0.00060203118453333712 -0.00037998816820069604 1.8673517700686521e-05
leaf_weight=588 549 31 476 24 22 171 30 30 30 28 966 28 47 26 27 42 39 26 80 21 118 131 41 24 433 148 20 21 21 241
leaf_count=588 549 31 476 24 22 171 30 30 30 28 966 28 47 26 27 42 39 26 80 21 118 131 41 24 433 148 20 21 21 241
internal_value=-0.00320897 -0.0258853 0.000427461 0.00147031 0.000365591 0.00071863 -0.00147367 -0.00307139 -0.00499992 -0.000365253 -8.39414e-05 -0.00282522 -0.000999987 9.92862e-05 -0.000860868 -0.00315382 -0.00115383 -0.000263598 -0.00215623 -0.00574988 0.000441175 0.000802545 -0.000214285 -0.00346149 0.00199026 0.00146939 1.11758e-10 -0.00329027 -0.00065852 0.00132524
internal_weight=4479 619 3860 1667 548 526 114 84 60 2193 1644 103 75 1541 575 107 65 468 128 48 340 314 196 65 1119 686 210 62 41 412
internal_count=4479 619 3860 1667 548 526 114 84 60 2193 1644 103 75 1541 575 107 65 468 128 48 340 314 196 65 1119 686 210 62 41 412
cat_boundaries=0 1 2
cat_threshold=230 144
is_linear=0
shrinkage=0.03


Tree=201
num_leaves=31
num_cat=2
split_feature=20 1 9 12 13 5 11 7 5 7 12 5 2 1 17 19 8 6 8 1 11 8 12 8 20 17 7 8 19 6
split_gain=410.623 3.61733 1.36312 1.61103 0.951636 0.807937 0.804661 1.874 1.08499 0.909319 0.812971 0.648829 0.763672 0.585772 0.62205 0.580707 1.13749 1.09564 0.73447 0.758386 1.04657 0.650348 0.546695 1.21494 0.766067 1.32228 0.624893 0.527382 0.595072 0.972647
threshold=1.0000000180025095e-35 0.080729166666666671 0.36725018234865076 -1.0000000180025095e-35 -0.22252093395631442 0.072008113590263698 -0.68301270189221952 0.099590664592236089 0.18762677484787021 0.040067457934811222 -0.60785761079279388 0.20385395537525358 0.091145833333333343 0.054687500000000007 0.3358437579780445 0 0.095476969969421524 0.13449864929286512 0.085061415947347133 0.028645833333333336 1.0000000180025095e-35 0.35159761643159942 1.0000000180025095e-35 0.13902392545863385 0.41625612619461377 0.29652795506765389 0.064920930839161797 0.12297886568393225 1 0.2141744795804863
decision_type=2 2 2 2 2 2 2 2 2 2 2 2 2 2 2 1 2 2 2 2 2 2 2 2 2 2 2 2 1 2
left_child=2 5 -1 -4 -5 -2 7 9 -9 -7 -11 12 -3 22 -15 21 17 -17 -19 -20 -21 -8 24 -24 25 -12 -25 28 29 -18
right_child=1 11 3 4 -6 6 15 8 -10 10 13 -13 -14 14 -16 16 27 18 19 20 -22 -23 23 26 -26 -27 -28 -29 -30 -31
leaf_value=0 -1.5556444550043724e-05 0.00023773701539914552 0 0 0 0.00018255202668190871 0.00021131203620568134 3.3608729984362631e-05 -0.00048090962831968265 0.00016949737479326707 0.00014265586405957714 0.00067162557129589971 -0.00047914729304680533 0.00013757903656903814 -0.00040418084056185408 9.0921230013653502e-05 -0.00012810761279461724 -0.00015613090662890708 0.00012586777696697873 -0.00019752845029962052 -7.45095923203613e-06 -0.00047138203045223319 -2.004724197214409e-05 -0.0004767010417423541 4.5402013062737513e-05 -0.00030060110995966638 -0.00013608431948467745 -1.0776155083472232e-06 0.00028661831285070171 0.0002727634236594513
leaf_weight=437 549 223 77 21 84 126 445 21 46 141 28 779 31 89 32 46 36 27 26 25 37 23 60 20 55 26 20 638 233 78
leaf_count=437 549 223 77 21 84 126 445 21 46 141 28 779 31 89 32 46 36 27 26 25 37 23 60 20 55 26 20 638 233 78
internal_value=-0.00320228 0.000435233 -0.0258853 -0.0237032 -0.0212855 -0.000119915 0.000129061 -0.000749999 -0.00550738 -0.00021608 -0.000821654 0.0019545 0.000637793 -0.00163636 2.47933e-05 0.000490706 0.000119377 -0.00221738 -0.00378258 -0.00245452 -0.004258 0.0013682 -0.00259807 -0.00419996 -0.00112843 -0.0036666 -0.00824979 0.000502538 0.0014438 -0.000387094
internal_weight=4479 3860 619 182 105 2827 2278 664 67 597 471 1033 254 330 121 1614 1146 161 115 88 62 468 209 100 109 54 40 985 347 114
internal_count=4479 3860 619 182 105 2827 2278 664 67 597 471 1033 254 330 121 1614 1146 161 115 88 62 468 209 100 109 54 40 985 347 114
cat_boundaries=0 1 2
cat_threshold=672 20
is_linear=0
shrinkage=0.03


Tree=202
num_leaves=31
num_cat=0
split_feature=0 10 1 5 1 11 2 11 17 18 3 6 11 8 3 3 8 9 13 17 12 8 3 9 18 8 6 8 12 9
split_gain=411.836 16.2098 3.43464 0.80546 0.750751 0.660109 1.45211 0.64258 1.02757 1.24118 1.06162 0.814095 0.837317 0.777173 1.01355 0.731681 0.849873 2.38406 0.629105 0.703904 0.594092 0.595775 0.857356 0.954746 1.10798 0.702861 0.582203 0.582138 1.67567 0.698803
threshold=1.0000000180025095e-35 0.25000000000000011 0.080729166666666671 0.072008113590263698 0.11718750000000001 -0.68301270189221952 0.11197916666666667 0.93301270189221952 0.22423623521402439 0.47500000000000003 0.054687500000000007 0.30921658986175121 0.6830127018922193 0.12257353191986238 0.044270833333333336 0.085937500000000014 0.13131333708142751 0.34390955506929255 -0.22252093395631442 0.15534848098034212 -0.60785761079279388 0.19944284209539223 0.065104166666666671 0.70386579139314387 0.47205882352941181 0.15559578809505548 0.2600985221674878 0.29024861203486146 1.0000000180025095e-35 0.14332603938730853
decision_type=2 2 2 2 2 2 2 2 2 2 2 2 2 2 2 2 2 2 2 2 2 2 2 2 2 2 2 2 2 2
left_child=1 -1 3 -2 27 6 20 11 18 10 -10 12 13 -7 -15 16 17 -16 19 -9 -5 22 25 24 -24 -22 -18 29 -29 -4
right_child=2 -3 4 5 -6 7 -8 8 9 -11 -12 -13 -14 14 15 -17 26 -19 -20 -21 21 -23 23 -25 -26 -27 -28 28 -30 -31
leaf_value=0 -1.5089751213542656e-05 0 -0.00031748697645657376 0.00015337892147908444 0.00092103040910476188 1.5009050971583511e-05 -0.00045502003620961142 -0.00027829720290828929 -0.00022620143943067459 -0.00041863878829344868 0.00020048881381699008 0.00021975077720005857 0.00038623743628681028 5.1462562992072318e-06 -5.838358866922922e-05 0.00022953763330253751 -0.00018390302580392653 -0.00026303719190697901 0.00033572274692451556 6.9927938006246538e-05 7.7220611192049604e-07 0.00030484501298633389 -0.00036648107152584383 9.2641823246943105e-05 -0.00013620729349553284 -0.00023140930202400671 0.00010209700063681734 0.00040382605257118019 -0.00059016845063034789 0.00046171873132634889
leaf_weight=588 549 31 23 192 454 515 39 20 24 24 26 459 215 131 23 21 24 22 53 23 263 46 30 28 35 31 34 37 32 487
leaf_count=588 549 31 23 192 454 515 39 20 24 24 26 459 215 131 23 21 24 22 53 23 263 46 30 28 35 31 34 37 32 487
internal_value=-0.00316879 -0.0258853 0.000474093 -6.68552e-05 0.0019545 0.000181738 -0.000614457 0.000509293 -0.00123529 -0.00389184 -0.00119998 0.000714681 0.000228426 -0.000233766 -0.00158823 -0.00353223 -0.00457277 -0.0076665 0.000812492 -0.00188368 -0.000263999 -0.000879905 -0.00126356 -0.00377415 -0.00576914 -0.000469386 -0.00217238 0.00123834 -0.00134781 0.00158823
internal_weight=4479 619 3860 2827 1033 2278 664 1614 170 74 50 1444 985 770 255 124 103 45 96 43 625 433 387 93 65 294 58 579 69 510
internal_count=4479 619 3860 2827 1033 2278 664 1614 170 74 50 1444 985 770 255 124 103 45 96 43 625 433 387 93 65 294 58 579 69 510
is_linear=0
shrinkage=0.03


Tree=203
num_leaves=31
num_cat=2
split_feature=0 10 1 5 11 2 5 2 19 8 6 18 5 19 8 6 5 17 8 8 2 8 10 12 12 10 18 17 6 8
split_gain=412.079 16.2098 3.33678 0.798127 0.680246 1.47166 0.659354 0.702075 0.658091 0.831316 0.896883 0.577516 0.647148 0.578811 0.635004 0.992135 0.728856 1.23969 0.843147 1.2434 0.625331 0.551781 0.565864 0.674929 0.514774 0.517916 0.966304 1.06492 0.641569 0.483353
threshold=1.0000000180025095e-35 0.25000000000000011 0.085937500000000014 0.072008113590263698 -0.68301270189221952 0.11718750000000001 0.20385395537525358 0.091145833333333343 0 0.095476969969421524 0.13449864929286512 0.49558823529411766 0.15838404327248143 1 0.1117864860989408 0.32119815668202772 0.11054766734279921 0.27657807552695451 0.16223252142188269 0.12496481496433699 0.085937500000000014 0.35159761643159942 -0.93301270189221908 1.0000000180025095e-35 -0.60785761079279388 0.25000000000000011 0.4661764705882353 0.32885499106459032 0.24654377880184339 0.083263918198748038
decision_type=2 2 2 2 2 2 2 2 1 2 2 2 2 1 2 2 2 2 2 2 2 2 2 2 2 2 2 2 2 2
left_child=1 -1 3 -2 5 24 7 -4 21 10 -10 13 -13 -11 -15 16 -16 -18 19 -19 -17 22 23 -6 -5 -26 -27 -28 -29 -12
right_child=2 -3 6 4 8 -7 -8 -9 9 11 29 12 -14 14 15 20 17 18 -20 -21 -22 -23 -24 -25 25 26 27 28 -30 -31
leaf_value=0 -1.4637058677135869e-05 0 0.00017449137758460782 0.0001628746015447787 0.00032617979405615867 -0.00044136943512332316 0.00067454286959414494 -0.00031716060806763073 8.7743321584097164e-05 0.00018854826546190636 -0.00013512998783197334 2.085817939029666e-05 -6.5518558810830405e-05 0.00027268523610034874 0.00015870702463464836 0.0001624956450740075 -0.00022216681248100596 -0.00039487101428886846 -0.00040167277410733536 0.00018985933485263671 -8.1405184746086495e-05 -0.00037490555841909967 0.00024795238682867219 -0.00021111197000313347 3.3640587150028841e-06 -0.00023503365311110686 0.0003313578757317032 -4.4011391426713087e-05 -0.00039451834156455941 -9.9394138232940547e-05
leaf_weight=588 549 31 166 199 38 39 731 25 46 479 20 53 33 70 64 90 22 56 20 96 61 26 409 22 250 64 77 37 23 95
leaf_count=588 549 31 166 199 38 39 731 25 46 479 20 53 33 70 64 90 22 56 20 96 61 26 409 22 250 64 77 37 23 95
internal_value=-0.00316209 -0.0258853 0.000481865 -1.22531e-05 0.00022478 -0.000570391 0.0020564 0.000486909 0.000547059 0.000160494 -0.00184471 0.000471264 -0.0018837 0.000682672 -6.74844e-05 -0.000520781 -0.00165116 -0.002567 -0.00170929 -0.000947362 0.00141059 0.00145544 0.00172068 -0.000999983 -0.000230769 -0.000791572 -0.00192536 -0.000503646 -0.00349994 -0.00326084
internal_weight=4479 619 3860 2938 2389 689 922 191 1700 1205 161 1044 86 958 479 409 258 194 172 152 151 495 469 60 650 451 201 137 60 115
internal_count=4479 619 3860 2938 2389 689 922 191 1700 1205 161 1044 86 958 479 409 258 194 172 152 151 495 469 60 650 451 201 137 60 115
cat_boundaries=0 1 2
cat_threshold=672 323
is_linear=0
shrinkage=0.03


Tree=204
num_leaves=31
num_cat=0
split_feature=0 16 1 12 9 13 1 5 8 12 9 0 6 9 11 7 1 0 7 7 8 8 17 7 2 8 9 16 8 5
split_gain=411.108 3.74484 3.40813 2.54798 1.08529 0.915812 0.691097 0.61453 0.582138 1.67567 0.698803 0.579771 0.632912 0.982039 0.631544 0.854486 0.848445 0.846403 1.20495 1.05366 0.917442 1.30173 0.920071 0.899892 0.7437 1.59478 0.696929 0.683518 1.26058 0.543981
threshold=1.0000000180025095e-35 29.500000000000004 0.080729166666666671 -1.0000000180025095e-35 0.36725018234865076 1.0000000180025095e-35 0.11718750000000001 0.072008113590263698 0.29024861203486146 1.0000000180025095e-35 0.14332603938730853 0.35371632274308884 0.15371047195296364 0.64697301239970828 1.0000000180025095e-35 0.05222052120960112 0.018229166666666668 0.42141001303737941 0.055089635996602375 0.067795911274033463 0.15376901510591112 0.12711936694370876 0.31856863245681227 0.067062079439188252 0.11718750000000001 0.20833669660143139 0.18745441283734501 3.5000000000000004 0.12329638088264598 0.15111561866125764
decision_type=2 2 2 2 2 2 2 2 2 2 2 2 2 2 2 2 2 2 2 2 2 2 2 2 2 2 2 2 2 2
left_child=1 -1 7 -3 -5 -6 8 -2 10 -10 -4 -9 13 -13 15 -14 -17 18 -18 -19 21 22 -20 -23 26 -26 -21 28 -16 -28
right_child=2 3 6 4 5 -7 -8 11 9 -11 -12 12 14 -15 27 16 17 19 20 24 -22 23 -24 -25 25 -27 29 -29 -30 -31
leaf_value=0 -1.4197946916821121e-05 0 -0.000311757048635999 0 0 0 0.0008758392980822736 0.00015224689004965578 0.00037921132490756153 -0.00056592369067670384 0.00043662215278260651 -6.1317987937675944e-06 6.744473757629835e-05 -8.9302819284564785e-05 0.000394111401228203 0.0004326604106293109 -0.00024388609082243184 4.2687574599478959e-05 0.00016210650436196508 -0.00015476522589574231 0.00024201979352325926 -0.0001965893393368527 -0.00015452473030783166 -0.00010458242898245184 0.00011971145973053708 -0.00049276622410245313 -0.00030220872304083537 8.0497704720896302e-05 -0.00022002317968896913 1.8773705745430913e-06
leaf_weight=504 549 41 23 23 24 27 454 202 37 32 487 68 345 26 33 45 28 191 47 23 27 20 25 20 22 21 45 820 62 208
leaf_count=504 549 41 23 23 24 27 454 202 37 32 487 68 345 26 33 45 28 191 47 23 27 20 25 20 22 21 45 820 62 208
internal_value=-0.00318888 -0.0258853 0.000450777 -0.0209998 -0.0176754 -0.015235 0.00192546 -8.80791e-05 0.00123834 -0.00134781 0.00158823 0.000129061 -2.02311e-05 -0.00242551 9.38447e-05 -0.000402061 -0.000988918 -0.00125406 -0.00310777 -0.000647057 -0.00196401 -0.00316069 -0.000749989 -0.00749981 -0.00170219 -0.00537197 -0.00113043 0.000672131 -0.00173682 -0.000675887
internal_weight=4479 619 3860 115 74 51 1033 2827 579 69 510 2278 2076 94 1982 1067 722 677 167 510 139 112 72 40 319 43 276 915 95 253
internal_count=4479 619 3860 115 74 51 1033 2827 579 69 510 2278 2076 94 1982 1067 722 677 167 510 139 112 72 40 319 43 276 915 95 253
is_linear=0
shrinkage=0.03


Tree=205
num_leaves=31
num_cat=1
split_feature=0 10 0 4 16 17 6 12 7 3 0 4 17 17 11 19 13 2 8 4 2 16 7 7 8 7 10 3 0 0
split_gain=400.466 15.6597 3.3781 1.09677 1.62731 1.11189 0.962448 1.10469 0.940434 1.00515 0.955126 0.948995 0.911976 0.759897 0.679672 0.546742 0.480329 0.717591 0.466302 0.47346 0.463702 0.461494 1.20994 0.816638 0.568899 0.454648 0.401358 0.629056 0.709208 0.385357
threshold=1.0000000180025095e-35 0.25000000000000011 0.54247262211610925 0.018229166666666668 18.500000000000004 0.33260705618597397 0.5986175115207375 -1.0000000180025095e-35 0.11227999405523552 0.070312500000000014 0.49067235489645161 0.039062500000000007 0.30200445971664275 0.31694111139477499 -0.9330127018922193 0 -0.56174490092936669 0.018229166666666668 0.23440816817184998 0.065104166666666671 0.013020833333333334 6.5000000000000009 0.065904323980221752 0.036925484664404866 0.073250994533297364 0.098703409235773101 0.68301270189221941 0.13281250000000003 0.57943289321425384 0.48396969785105232
decision_type=2 2 2 2 2 2 2 2 2 2 2 2 2 2 2 1 2 2 2 2 2 2 2 2 2 2 2 2 2 2
left_child=1 -1 3 4 5 13 8 -8 10 11 15 -10 -11 16 -6 21 -2 -18 -12 -20 -17 22 23 -5 -23 29 27 -4 -29 -22
right_child=2 -3 26 6 14 -7 7 -9 9 12 18 -13 -14 -15 -16 20 17 -19 19 -21 25 24 -24 -25 -26 -27 -28 28 -30 -31
leaf_value=0 2.5920077309158368e-06 0 0.00051917912405583368 -0.00010482752612207694 -0.00012944289199190979 -0.00015879081432248701 -0.00039482710019034326 1.0359960782708043e-05 -8.5489747098380537e-05 -1.1519842973993973e-05 0.00034391514390578288 0.00047171909331914039 -0.00037540873715342606 0.00037251997722344938 6.5162839215485182e-07 0.00012966692589641421 -0.00013882604945510631 -7.6179333665351971e-05 -0.00020138804629127863 0.00046597995912945391 -1.1513149843623855e-05 -9.2956994150538282e-05 -0.0003689923636929982 0.00015606387533271195 0.00019009539927695499 0.00027512256207974943 0.00074586649441451777 -0.00036710728173109172 0.00040378612769924934 -0.00015359139935245441
leaf_weight=575 26 32 347 20 32 20 23 30 34 29 335 51 20 25 396 100 24 57 20 24 1169 33 20 60 438 36 316 27 51 50
leaf_count=575 26 32 347 20 32 20 23 30 34 29 335 51 20 25 396 100 24 57 20 24 1169 33 20 60 438 36 316 27 51 50
internal_value=-0.00323077 -0.0258632 0.000372148 -6.64061e-05 -0.00124138 -0.00390787 0.000207063 -0.00379238 0.000293973 -0.00214924 0.000436009 -0.000176468 -0.00557131 -0.00290907 -0.000294392 0.000165109 -0.00400931 -0.00514808 0.00181266 -0.00109088 -0.000164835 0.000934594 -0.000899991 0.000749991 0.00134395 -0.000322709 0.00219028 0.00158823 -0.000846143 -0.000420836
internal_weight=4420 607 3813 3072 580 152 2492 53 2439 134 2305 85 49 132 428 1926 107 81 379 44 1355 571 100 80 471 1255 741 425 78 1219
internal_count=4420 607 3813 3072 580 152 2492 53 2439 134 2305 85 49 132 428 1926 107 81 379 44 1355 571 100 80 471 1255 741 425 78 1219
cat_boundaries=0 1
cat_threshold=608
is_linear=0
shrinkage=0.03


Tree=206
num_leaves=31
num_cat=1
split_feature=0 10 0 19 0 6 17 4 18 18 18 0 6 17 13 17 17 6 9 2 9 6 0 2 2 6 17 16 17 4
split_gain=401.427 15.6597 3.12132 0.933729 1.43906 0.725182 0.769038 1.09519 0.59708 0.616764 0.48812 1.04995 0.477701 0.587442 1.24049 0.649149 0.896506 0.690116 0.989265 0.577123 0.883844 0.826381 0.73135 0.610837 0.792195 0.691737 0.483995 0.521881 0.975508 0.459763
threshold=1.0000000180025095e-35 0.25000000000000011 0.54460969367221124 0 0.51931752276443832 0.29631336405529957 0.17279380478257175 0.11718750000000001 0.48970588235294121 0.5102941176470589 0.43382352941176472 0.59294530418543168 0.46682027649769592 0.25861628797549152 1.0000000180025095e-35 0.30297185109541513 0.3058037613820101 0.3000000000000001 0.64843180160466829 0.023437500000000003 0.68490153172866541 0.10865814623958596 0.32838837274029392 0.059895833333333336 0.085937500000000014 0.27235023041474665 0.32306906777164635 29.500000000000004 0.33831163305250628 0.044270833333333336
decision_type=2 2 2 1 2 2 2 2 2 2 2 2 2 2 2 2 2 2 2 2 2 2 2 2 2 2 2 2 2 2
left_child=1 -1 3 4 8 -5 7 -7 12 -10 11 -4 13 14 -2 17 -17 -15 -19 20 21 -18 -23 26 25 -25 -21 -28 -29 -8
right_child=2 -3 10 5 -6 6 29 -9 9 -11 -12 -13 -14 15 -16 16 19 18 -20 23 -22 22 -24 24 -26 -27 27 28 -30 -31
leaf_value=0 -0.00026186883761589625 0 -0.0004401476250305114 -3.2413198269309497e-06 -0.00011770997900829649 3.0698890936837052e-05 1.5078584624106343e-06 -0.00023050322354161064 0.00018018969856837299 -7.82813799989169e-05 0.00065573259997030804 0.0011867251982317062 0.00013929463041212586 8.9569616674782483e-06 4.0858944056437653e-05 -0.0001104736610973104 0.00014732241047984461 -0.00011413840331311412 0.00048854295225737084 0.00033745403886046004 -7.8029780312795195e-05 -0.00018388124744347638 3.9598554934088071e-06 -0.00021223320950495338 0.00045368896084231982 -2.4456075991294425e-05 0.00021110091381447503 -0.00029609322830247907 0.00010127531136699308 0.00022590613415953339
leaf_weight=575 29 32 20 1249 29 40 154 34 160 30 678 28 27 235 32 32 45 23 21 85 37 26 21 42 20 34 43 28 23 588
leaf_count=575 29 32 20 1249 29 40 154 34 160 30 678 28 27 235 32 32 45 23 21 85 37 26 21 42 20 34 43 28 23 588
internal_value=-0.00320362 -0.0258632 0.000403619 -1.26335e-05 -0.000749999 0.000354217 0.00105147 -0.00186484 -0.000564954 0.000947364 0.00217355 -0.000749984 -0.000922788 -0.00105928 -0.00388518 -0.000818181 -0.00154128 0.000311827 -0.00313629 -0.00115841 -0.00281393 -0.00123912 -0.00402119 -0.000381817 -0.00231248 -0.00371048 0.000653628 -0.000829778 -0.0028823 0.00134232
internal_weight=4420 607 3813 3087 1022 2065 816 74 993 190 726 48 803 776 61 715 436 279 44 404 129 92 47 275 96 76 179 94 51 742
internal_count=4420 607 3813 3087 1022 2065 816 74 993 190 726 48 803 776 61 715 436 279 44 404 129 92 47 275 96 76 179 94 51 742
cat_boundaries=0 1
cat_threshold=21
is_linear=0
shrinkage=0.03


Tree=207
num_leaves=31
num_cat=1
split_feature=0 10 0 19 12 1 6 7 18 12 1 6 4 3 1 0 7 8 18 10 12 1 10 7 13 3 3 0 8 16
split_gain=399.746 15.6597 2.99246 1.05545 1.13494 0.894756 0.768558 0.613688 0.562099 0.626504 0.47513 0.47444 0.462271 0.542796 0.774124 1.06635 0.469696 0.675673 0.449922 0.511317 0.739289 0.418332 0.624992 0.752054 0.402771 0.597679 1.01916 0.865446 0.723471 0.481059
threshold=1.0000000180025095e-35 0.25000000000000011 0.58757867942685726 0 -0.60785761079279388 0.070312500000000014 0.60230414746543792 0.13361070511376938 0.48970588235294121 0.87837969732492682 0.085937500000000014 0.56820276497695865 0.018229166666666668 0.039062500000000007 0.049479166666666671 0.35371632274308884 0.032574485205242816 0.082155975572042378 0.46911764705882358 0.93301270189221952 0.6078576107927941 0.033854166666666671 0.25000000000000011 0.061859297509648241 0.81174490092936691 0.096354166666666671 0.059895833333333336 0.4707858179801318 0.13676480482605258 16.500000000000004
decision_type=2 2 2 1 2 2 2 2 2 2 2 2 2 2 2 2 2 2 2 2 2 2 2 2 2 2 2 2 2 2
left_child=1 -1 3 4 7 6 12 21 11 -10 -11 18 13 16 15 -15 17 -5 24 -20 -21 22 23 -2 25 26 29 28 -28 -6
right_child=2 -3 -4 5 8 -7 -8 -9 9 10 -12 -13 -14 14 -16 -17 -18 -19 19 20 -22 -23 -24 -25 -26 -27 27 -29 -30 -31
leaf_value=0 3.2965776058971763e-06 0 0.0013672416368633344 -4.6724158309561866e-07 -0.00011287078130649023 0.00020992442876432247 -0.00019210417862867166 -5.6967428189452806e-05 0.00031757816312679934 -7.454630669487318e-05 4.9852774603653771e-05 -0.00031445327416983291 4.3803458594811743e-05 6.0190347192641971e-05 0.00025026148549263258 -0.0001201569987427621 0.00013098283176979041 -0.00014494062124180445 -5.1524101678532737e-05 -4.833112581741866e-05 -0.0002820564234512801 0.00018591018213373709 7.6750573742299041e-05 -0.00022607869402946069 9.9603673572766534e-05 0.00024796827927508634 5.4044596465042498e-05 -0.00058620820435433365 -0.00024270742132148266 1.1400926547632341e-05
leaf_weight=575 48 32 426 74 47 564 32 21 156 30 25 20 1086 21 22 31 116 23 421 32 23 194 80 32 107 27 21 21 23 90
leaf_count=575 48 32 426 74 47 564 32 21 156 30 25 20 1086 21 22 31 116 23 421 32 23 194 80 32 107 27 21 21 23 90
internal_value=-0.00325113 -0.0258632 0.000348544 5.04873e-05 -0.000571428 0.000498737 9.60855e-05 0.000839998 -0.00108437 0.000298577 -0.0024545 -0.00143509 0.000203205 -0.000867593 -0.00308104 -0.00507683 -9.8591e-05 -0.00163916 -0.00132266 -0.00191596 -0.00463628 0.00113559 1.11758e-10 -0.00187498 -0.000482141 -0.00119213 -0.00175247 -0.00484608 -0.00245449 -0.000284669
internal_weight=4420 607 3813 3387 1418 1969 1405 375 1043 211 55 832 1373 287 74 52 213 97 812 476 55 354 160 80 336 229 202 65 44 137
internal_count=4420 607 3813 3387 1418 1969 1405 375 1043 211 55 832 1373 287 74 52 213 97 812 476 55 354 160 80 336 229 202 65 44 137
cat_boundaries=0 1
cat_threshold=29
is_linear=0
shrinkage=0.03


Tree=208
num_leaves=31
num_cat=1
split_feature=5 10 5 5 4 16 17 18 7 16 5 19 6 12 4 12 17 6 6 9 4 12 17 12 3 6 8 12 17 6
split_gain=396.316 15.6524 2.81068 1.42667 0.820405 1.2987 0.815405 0.671163 0.642212 0.620752 0.79438 0.68761 1.29534 0.70123 0.660325 0.670539 0.760597 0.598169 1.1763 1.47061 0.615167 0.82231 0.593074 0.867003 0.585245 0.519753 0.458955 0.623819 0.457108 0.854197
threshold=1.0000000180025095e-35 0.25000000000000011 0.29107505070993916 0.03059499661933739 0.018229166666666668 18.500000000000004 0.33260705618597397 0.46911764705882358 0.13674255023899876 3.5000000000000004 0.19979716024340774 0 0.69078341013824895 -0.60785761079279388 0.11718750000000001 1.0000000180025095e-35 0.31856863245681227 0.29631336405529957 0.25072302558398224 0.64004376367614901 0.054687500000000007 -1.0000000180025095e-35 0.30945715551721215 1.0000000180025095e-35 0.0078125000000000017 0.44562211981566829 0.12711936694370876 1.0000000180025095e-35 0.20376989192409165 0.44562211981566829
decision_type=2 2 2 2 2 2 2 2 2 2 2 1 2 2 2 2 2 2 2 2 2 2 2 2 2 2 2 2 2 2
left_child=1 -1 3 -2 5 6 7 -5 9 10 14 17 13 -13 15 -6 -17 18 26 -20 -21 -22 23 -9 -15 -10 -11 -28 -26 -30
right_child=2 -3 -4 4 8 -7 -8 22 25 11 -12 12 -14 24 -16 16 -18 -19 19 20 21 -23 -24 -25 28 -27 27 -29 29 -31
leaf_value=0 -8.1849169702718202e-06 0 0.00089738074497012522 -0.00010429790677527742 1.398807413018573e-05 -1.7153338358105647e-06 -0.00015295164703529055 -0.00015172558381057097 -3.0399094440664818e-07 0.00018212932017014501 0.00022656660398790647 7.834491908685169e-05 -0.00042570224366898101 -4.527247327627754e-05 -0.00016921220331672196 -2.0650311967005503e-05 -0.00019224534636968943 0.00033052351992610769 -0.0003896603710715859 9.5123236353139091e-05 0.00038259774080291015 -0.00019882917994997102 3.0381646804159785e-05 5.7919434557112902e-05 0.00035365685250145359 -5.4021910767375373e-05 -3.0626391587985319e-05 0.00041827521147700297 6.9860576049522618e-07 -0.00019958269295375258
leaf_weight=570 23 32 526 37 70 415 20 38 27 196 34 422 20 28 21 63 26 509 45 72 20 21 33 23 41 22 32 22 942 70
leaf_count=570 23 32 526 37 70 415 20 38 27 196 34 422 20 28 21 63 26 509 45 72 20 21 33 23 41 22 32 22 942 70
internal_value=-0.00323077 -0.0258538 0.000336302 1.09357e-05 6.33222e-05 -0.000975263 -0.00335759 -0.00249616 0.000280799 0.000343632 -0.0012056 0.000479508 8.41488e-05 0.000185629 -0.00199999 -0.00133961 -0.00306738 0.00112298 0.000279411 -0.00174682 7.96454e-05 -0.00285359 -0.00114892 -0.00290159 -0.000219241 -0.00312239 0.00155999 -0.000888872 -0.000105413 -0.000231225
internal_weight=4420 602 3818 3292 3269 566 151 131 2703 2654 214 2440 1523 1503 180 159 89 917 408 158 113 41 94 61 1081 49 250 54 1053 1012
internal_count=4420 602 3818 3292 3269 566 151 131 2703 2654 214 2440 1523 1503 180 159 89 917 408 158 113 41 94 61 1081 49 250 54 1053 1012
cat_boundaries=0 1
cat_threshold=226
is_linear=0
shrinkage=0.03


Tree=209
num_leaves=31
num_cat=0
split_feature=7 10 0 6 11 4 9 18 1 16 0 2 18 12 9 0 18 11 18 12 7 7 7 7 0 6 0 6 9 0
split_gain=397.225 16.824 2.85144 0.729301 1.28995 1.20943 0.759377 0.776393 1.62707 0.599172 0.834701 0.566099 0.517416 0.550271 0.515913 1.33654 0.68987 0.63457 0.843352 0.788015 0.759137 1.77675 1.01818 1.36559 0.463091 0.748964 0.766886 0.723008 0.640734 0.953721
threshold=1.0000000180025095e-35 0.25000000000000011 0.58757867942685726 0.26958525345622125 0.93301270189221952 0.039062500000000007 0.5977388767323123 0.44264705882352945 0.049479166666666671 6.5000000000000009 0.44245385302474427 0.044270833333333336 0.4485294117647059 1.0000000180025095e-35 0.12946754194018967 0.38756185137941357 0.48088235294117648 -0.9330127018922193 0.48382352941176471 -1.0000000180025095e-35 0.028908273699210747 0.036626487964880154 0.047129306201442851 0.060647555628343786 0.45763877432200306 0.21787360105332459 0.41342993139342915 0.2483870967741936 0.73340627279358139 0.32319281828654317
decision_type=2 2 2 2 2 2 2 2 2 2 2 2 2 2 2 2 2 2 2 2 2 2 2 2 2 2 2 2 2 2
left_child=1 -1 3 12 6 -6 -5 8 -8 10 11 -7 13 -2 15 -14 -17 18 20 -19 -16 -22 -23 -24 25 26 28 -26 -21 -30
right_child=2 -3 -4 4 5 9 7 -9 -10 -11 -12 -13 14 -15 17 16 -18 19 -20 24 21 22 23 -25 27 -27 -28 -29 29 -31
leaf_value=0 1.6227763009364504e-05 0 0.001299302965408331 0.00022325474060389081 -0.0002443701596276968 -2.6858263762455964e-05 0.00017773583440208843 2.8550230817338952e-05 -0.00067496476034639892 4.8848694829940258e-05 -0.00045815778326807133 0.00012142404896846894 1.5258986863727199e-06 -0.00018376596510764391 5.9193554789163842e-05 -5.0330288015467298e-05 -0.00035823417123994667 5.3192683402164077e-05 0.00015252647903763898 -1.9108864314224108e-07 -0.00030687824403101448 0.00014861041915390617 -0.00038159909347110747 -2.7684114139008508e-05 0.00024663954833915896 0.00017997578366545953 -0.00011002984393520892 -0.00040763663649652032 -5.8182098297689466e-05 -8.2046820031688461e-05
leaf_weight=570 32 35 426 719 38 23 29 635 30 93 28 25 83 21 34 21 20 563 59 400 23 34 30 36 28 222 43 39 60 21
leaf_count=570 32 35 426 719 38 23 29 635 30 93 28 25 83 21 34 21 20 563 59 400 23 34 30 36 28 222 43 39 60 21
internal_value=-0.00317647 -0.0257603 0.00040498 0.000114193 0.000574074 -0.00163767 0.000898089 0.000190202 -0.00310164 -0.000550292 -0.00252628 -0.000124997 -0.000306953 -0.00322635 -0.000216783 -0.00208063 -0.00651204 -7.16079e-05 -0.00158333 0.000165698 -0.00273247 -0.00382924 -0.00209998 -0.00427266 -0.000431734 -0.000217158 -0.000835876 -0.00282085 -0.000492722 -0.00292589
internal_weight=4420 605 3815 3389 1620 207 1413 694 59 169 76 48 1769 53 1716 124 41 1592 216 1376 157 123 100 66 813 746 524 67 481 81
internal_count=4420 605 3815 3389 1620 207 1413 694 59 169 76 48 1769 53 1716 124 41 1592 216 1376 157 123 100 66 813 746 524 67 481 81
is_linear=0
shrinkage=0.03


Tree=210
num_leaves=31
num_cat=1
split_feature=0 10 0 1 16 6 7 1 0 9 7 7 1 11 2 0 1 12 0 5 6 2 19 6 0 13 18 0 2 0
split_gain=420.795 17.9873 3.02171 0.528175 0.619938 0.602794 0.668361 0.751884 0.653298 0.633253 0.757381 1.03899 0.437733 0.705236 0.430256 0.581703 0.896038 1.43933 0.836836 0.592494 0.536566 0.779602 0.703167 0.966856 0.770368 0.46255 0.436759 0.337448 0.313337 0.416713
threshold=1.0000000180025095e-35 0.25000000000000011 0.54460969367221124 0.049479166666666671 1.5000000000000002 0.67235023041474673 0.11227999405523552 0.091145833333333343 0.46700898086239068 0.15681983953318746 0.057339111088546425 0.078820572627737201 0.080729166666666671 -0.5 0.049479166666666671 0.41741515485649366 0.044270833333333336 1.0000000180025095e-35 0.42795921805502896 0.18356997971602437 0.29539170506912449 0.091145833333333343 0 0.24182424916573975 0.41236253695532932 1.0000000180025095e-35 0.46323529411764708 0.40915544381338381 0.013020833333333334 0.20681904689606379
decision_type=2 2 2 2 2 2 2 2 2 2 2 2 2 2 2 2 2 2 2 2 2 2 1 2 2 2 2 2 2 2
left_child=1 -1 3 14 -5 6 9 8 -8 10 -6 -12 13 -4 15 27 18 -18 -17 -20 21 22 -16 26 -25 -26 -24 28 29 -2
right_child=2 -3 12 4 5 -7 7 -9 -10 -11 11 -13 -14 -15 20 16 17 -19 19 -21 -22 -23 23 24 25 -27 -28 -29 -30 -31
leaf_value=0 -7.2916897144752508e-05 0 -0.00031163707265894459 -0.00021314598984343864 0.00011311591051039556 -0.00054898742778933078 7.7949611243932367e-06 6.7092424028596754e-05 -0.000474724894611052 0.00012628543516408867 -0.00039137547091876694 4.5350004349533948e-05 0.00071468744382774537 0.00027601945736874402 0.00015802020181627236 -0.00011406752791746649 -3.7094930120910407e-05 -0.00030153527172439176 0.00025779741867097049 -0.00016465256422745189 5.1765373623274487e-05 -0.00015998172135428993 9.73982284515661e-05 6.6128460566518206e-05 -0.00023563200844139181 -0.00025291658510396626 -2.0762066005000546e-05 0.00011382295141187769 -9.1662964318870257e-06 6.0359204366473535e-05
leaf_weight=607 33 28 35 32 35 20 20 47 30 1034 33 28 614 91 117 34 49 21 124 20 218 25 67 24 22 24 28 59 749 184
leaf_count=607 33 28 35 32 35 20 20 47 30 1034 33 28 614 91 117 34 49 21 124 20 218 25 67 24 22 24 28 59 749 184
internal_value=-0.00325337 -0.0258661 0.000508515 9.45727e-05 0.000560594 0.000666399 0.000750611 -0.00163916 -0.00419992 0.000955751 -0.00137499 -0.00339339 0.00222973 0.000619043 -0.00023693 -0.000534956 -0.0018387 -0.00471422 -0.000707861 0.000291665 0.000485713 -0.000322474 0.000127659 -0.00111428 -0.00385709 -0.0061303 0.000789465 -0.000219512 -0.000354037 0.000649767
internal_weight=4452 635 3817 3077 1279 1247 1227 97 50 1130 96 61 740 126 1798 1273 248 70 178 144 525 307 282 165 70 46 95 1025 966 217
internal_count=4452 635 3817 3077 1279 1247 1227 97 50 1130 96 61 740 126 1798 1273 248 70 178 144 525 307 282 165 70 46 95 1025 966 217
cat_boundaries=0 1
cat_threshold=581
is_linear=0
shrinkage=0.03


Tree=211
num_leaves=31
num_cat=0
split_feature=0 10 0 16 17 10 2 10 9 2 16 6 17 12 17 18 6 17 5 6 9 16 8 16 16 2 8 17 6 13
split_gain=421.046 17.9873 2.85416 0.585968 0.889751 0.467434 0.589192 0.478275 0.735744 0.618978 0.951329 0.806597 0.720567 0.428202 0.426001 0.421453 0.406214 0.388572 0.377786 0.330538 0.761685 0.797133 0.446388 0.323477 0.624219 0.532843 0.871431 0.532253 0.510851 0.548411
threshold=1.0000000180025095e-35 0.25000000000000011 0.54460969367221124 1.5000000000000002 0.29881242682207537 -0.24999999999999994 0.049479166666666671 -0.6830127018922193 0.73340627279358139 0.039062500000000007 15.500000000000002 0.25259812490068334 0.3106250678592285 1.0000000180025095e-35 0.32204889385789626 0.42500000000000004 0.19549411162314392 0.37771253510339559 0.23833671399594322 0.12324805339265853 0.10977388767323125 25.500000000000004 0.11732344689526199 6.5000000000000009 14.500000000000002 0.023437500000000003 0.098555133216983518 0.35209769381329253 0.38847926267281113 -0.56174490092936669
decision_type=2 2 2 2 2 2 2 2 2 2 2 2 2 2 2 2 2 2 2 2 2 2 2 2 2 2 2 2 2 2
left_child=1 -1 3 4 -2 6 7 9 -9 19 11 -11 -12 -10 -6 -4 -8 18 23 -5 -21 -22 -23 28 25 26 -25 -26 29 -7
right_child=2 -3 15 5 14 17 16 8 13 10 12 -13 -14 -15 -16 -17 -18 -19 -20 20 21 22 -24 24 27 -27 -28 -29 -30 -31
leaf_value=0 1.4282379663105729e-05 0 -6.1531159163844327e-05 0.00031729397593165674 -0.00010202506837246429 6.5009621513218644e-05 -1.7225089033743138e-05 0.0003040676687424233 8.5954794190049849e-05 -4.3440939724405507e-05 0.00016510640962098054 -0.00012291373741834047 -0.00019745485061269271 -7.9263035961558021e-05 -0.00013264225993198141 0.00057256760809944261 0.00016395501805171602 -0.00028337620489697537 -3.9941704580162527e-05 -0.00012601782995103037 0.00015703800234121481 -0.00014772545144870741 0.00035045419455340311 0.00025120757179432628 -6.4034517870141271e-06 0.00017539670835470928 -9.7789521051454162e-05 0.00023949410363563901 3.6278669673389761e-05 -9.5173719336532971e-05
leaf_weight=607 41 28 39 34 21 39 22 150 49 25 34 24 34 30 22 701 424 27 34 45 134 25 23 31 1294 184 20 111 48 152
leaf_count=607 41 28 39 34 21 39 22 150 49 25 34 24 34 30 22 701 424 27 34 45 134 25 23 31 1294 184 20 111 48 152
internal_value=-0.00324663 -0.0258661 0.000516374 0.000114072 -0.00235711 0.000183428 0.000692307 8.40197e-05 0.00116593 -0.000571427 -0.00238459 -0.00557131 -8.82339e-05 -0.0011772 -0.00537197 0.00218919 0.00152018 -9.27833e-05 -4.23417e-05 0.000241378 -0.000171805 0.000692304 -0.00262495 1.43694e-05 0.000164634 0.00159574 -0.00111763 -7.47329e-05 -0.00101673 -0.00171203
internal_weight=4452 635 3817 3077 84 2993 1053 607 229 378 117 49 68 79 43 740 446 1940 1913 261 227 182 48 1879 1640 235 51 1405 239 191
internal_count=4452 635 3817 3077 84 2993 1053 607 229 378 117 49 68 79 43 740 446 1940 1913 261 227 182 48 1879 1640 235 51 1405 239 191
is_linear=0
shrinkage=0.03


Tree=212
num_leaves=31
num_cat=3
split_feature=0 10 0 1 7 19 5 1 7 9 0 5 3 3 2 11 17 2 17 19 17 17 17 4 9 5 19 0 11 8
split_gain=421.548 17.9873 2.80078 0.443473 0.529569 0.692351 0.882492 1.01747 0.735128 0.604764 0.61462 0.509072 0.502411 0.453377 0.5491 0.502655 0.57957 1.03703 0.917632 0.609615 0.723747 0.893636 0.554867 0.457344 0.446413 0.437352 0.640957 0.523596 1.18231 0.684198
threshold=1.0000000180025095e-35 0.25000000000000011 0.54460969367221124 0.049479166666666671 0.088419907194990141 0 0.17917511832319136 0.091145833333333343 0.11146912280415879 0.15681983953318746 0.47474271117275768 0.14638269100743748 0.075520833333333343 0.039062500000000007 0.013020833333333334 0.93301270189221952 0.31694111139477499 0.049479166666666671 0.34610700776749753 1 0.27423198025699952 0.29150710577823175 0.30435707599353251 0.044270833333333336 0.10977388767323125 0.11257606490872211 2 0.37917885433686971 -0.5 0.11570527351525862
decision_type=2 2 2 2 2 1 2 2 2 2 2 2 2 2 2 2 2 2 2 1 2 2 2 2 2 2 1 2 2 2
left_child=1 -1 3 12 9 -6 11 8 -8 10 24 -7 13 25 -15 16 19 18 23 20 -16 -22 -23 -18 -5 27 -27 -2 -29 -30
right_child=2 -3 -4 4 5 6 7 -9 -10 -11 -12 -13 -14 14 15 -17 17 -19 -20 -21 21 22 -24 -25 -26 26 -28 28 29 -31
leaf_value=0 -3.4367131749083221e-07 0 0.00053034072262001962 -0.00017199072710017674 5.2301064786572218e-05 -8.8447585008158251e-05 -0.00014136059130583222 -4.1216359810311774e-05 -0.00046083646409786653 0.00011424285507310447 -0.00040662669657974884 0.00032574387708240771 9.1738886111550016e-05 0.0006248468678658589 -0.00019467479747311753 -0.0001268736070701412 -0.00018192824570759203 0.00019634451168846852 5.5164351658363307e-05 1.2432419677563938e-05 0.00018118119374269388 -9.73608154639337e-05 0.00041545718101171136 -0.00042239861007130602 0.00038377955989500509 -9.6856138873434246e-05 0.00030680073157446716 -0.00021806835355822501 0.00014855117693514616 -0.00015900101212956363
leaf_weight=607 691 28 740 28 124 20 23 41 21 929 30 35 180 29 39 35 38 52 28 227 47 30 22 20 28 113 153 33 41 20
leaf_count=607 691 28 740 28 124 20 23 41 21 929 30 35 180 29 39 35 38 52 28 227 47 30 22 20 28 113 153 33 41 20
internal_value=-0.00323315 -0.0258661 0.000532093 0.000133572 0.000560594 -0.000636361 -0.00199999 -0.00405878 -0.00722711 0.00087192 -0.00153487 0.000818167 -0.000170189 -0.000337453 -0.00102116 -0.00123792 -0.000996022 -0.00265215 -0.00467436 -0.000369862 -0.00186485 -0.000636357 -0.00334609 -0.00682747 0.000321423 3.13987e-05 0.0010827 -0.00032484 -0.00242551 4.91796e-05
internal_weight=4452 635 3817 3077 1279 264 140 85 44 1015 86 55 1798 1618 567 538 503 138 86 365 138 99 52 58 56 1051 266 785 94 61
internal_count=4452 635 3817 3077 1279 264 140 85 44 1015 86 55 1798 1618 567 538 503 138 86 365 138 99 52 58 56 1051 266 785 94 61
cat_boundaries=0 1 2 3
cat_threshold=650 56 282
is_linear=0
shrinkage=0.03


Tree=213
num_leaves=31
num_cat=0
split_feature=1 10 1 9 7 5 7 1 11 17 7 13 9 8 17 9 17 16 6 6 16 6 7 5 3 7 8 8 8 7
split_gain=421.635 18.8809 2.6805 0.750271 0.694091 0.508825 0.6094 0.685604 1.10521 0.561384 0.494488 0.48204 0.602132 0.590126 0.472684 1.35968 0.508464 0.555458 0.602595 0.70109 1.06541 0.69926 0.816541 0.596634 0.510058 0.837767 0.680924 1.50854 0.759413 0.498407
threshold=1.0000000180025095e-35 0.25000000000000011 0.075520833333333343 0.15681983953318746 0.15278835336889349 0.30527383367139965 0.088419907194990141 0.096354166666666671 -0.68301270189221952 0.33161080935151527 0.093614801865352454 1.0000000180025095e-35 0.94493070751276453 0.16640278872593822 0.36418177176410527 0.57622173595915405 0.27207075553364507 1.5000000000000002 0.27788018433179729 0.25072302558398224 20.500000000000004 0.26958525345622125 0.053674252811010556 0.13691683569979718 0.075520833333333343 0.078820572627737201 0.12711936694370876 0.14331531426208988 0.099015322869268382 0.071197677084720135
decision_type=2 2 2 2 2 2 2 2 2 2 2 2 2 2 2 2 2 2 2 2 2 2 2 2 2 2 2 2 2 2
left_child=1 -1 4 -4 11 6 -5 8 -8 -10 -9 12 14 -13 16 -16 24 -18 19 23 -21 22 -22 29 26 -26 28 -28 -2 -19
right_child=2 -3 3 5 -6 -7 7 10 9 -11 -12 13 -14 -15 15 -17 17 18 -20 20 21 -23 -24 -25 25 -27 27 -29 -30 -31
leaf_value=0 -0.00012562892318871688 0 -0.00037643997086645158 0.00027217215407160969 -5.622352737513743e-05 0.0011673828575142374 -0.00046109660763282088 -0.00013768125274374798 0.00030886660574414628 -0.00036042372288322763 0.00042731249145515912 3.4794217049781444e-06 -7.645042431786718e-05 0.00030754099065501925 0.00019612961169668096 -0.000198594240692896 -8.6765512095212454e-05 2.6432940300715166e-06 0.00016445786546997223 -0.00032360780507237867 -0.00023582325495553365 0.00038146694696544243 5.5942174846978214e-06 0.00027883198323783013 0.00017522747697097725 -0.00030767680095079435 -0.00024512332304886671 -6.0502960508593375e-05 0.00044818906806142898 -9.4936852956213323e-05
leaf_weight=607 21 29 31 423 39 434 27 20 32 25 129 981 22 210 23 20 31 622 267 21 24 28 33 64 61 26 22 92 37 51
leaf_count=607 21 29 31 423 39 434 27 20 32 25 129 981 22 210 23 20 31 622 267 21 24 28 33 64 61 26 22 92 37 51
internal_value=-0.0032062 -0.0258207 0.000562893 0.00179572 5.00929e-05 0.0019266 0.00139939 0.000167381 -0.00199998 0.000368415 0.00138925 0.000108434 -0.000255972 0.000556675 -0.000180873 -0.00327899 -8.57141e-05 0.000186678 0.000297297 -9.60852e-05 -0.00237734 -0.000882342 -0.00278942 0.000232022 -0.00128571 0.0005862 -0.00223254 -0.00357892 0.000413786 -3.12034e-05
internal_weight=4452 636 3816 1121 2695 1090 656 233 84 57 149 2656 1465 1191 1443 43 1400 1141 1110 843 106 85 57 737 259 87 172 114 58 673
internal_count=4452 636 3816 1121 2695 1090 656 233 84 57 149 2656 1465 1191 1443 43 1400 1141 1110 843 106 85 57 737 259 87 172 114 58 673
is_linear=0
shrinkage=0.03


Tree=214
num_leaves=31
num_cat=0
split_feature=0 10 1 5 7 1 11 9 9 9 4 7 2 2 17 6 7 7 0 10 8 8 6 17 6 18 11 7 9 13
split_gain=422.302 17.9873 2.48266 0.764279 0.786205 1.00338 0.884746 0.608422 0.563725 0.441472 0.425921 0.48322 0.347078 0.668986 0.566876 0.4009 0.36376 0.62453 0.416961 0.525252 0.585072 0.402786 0.700668 0.410274 0.966525 0.858914 0.394658 0.875112 0.500323 0.692848
threshold=1.0000000180025095e-35 0.25000000000000011 0.075520833333333343 0.2991886409736309 0.088419907194990141 0.091145833333333343 -0.5 0.29431072210065656 0.94493070751276453 0.15681983953318746 0.19010416666666669 0.17708840336715329 0.096354166666666671 0.091145833333333343 0.19874904263466944 0.46682027649769592 0.089132082478676544 0.091536193277547223 0.44358963562553105 0.68301270189221941 0.15723101739870424 0.2538063739792234 0.34976958525345631 0.27657807552695451 0.27788018433179729 0.46911764705882358 0.6830127018922193 0.020441236365108594 0.65134938001458809 -0.56174490092936669
decision_type=2 2 2 2 2 2 2 2 2 2 2 2 2 2 2 2 2 2 2 2 2 2 2 2 2 2 2 2 2 2
left_child=1 -1 8 4 9 6 -6 -7 10 -4 11 12 13 15 -14 16 21 -18 -19 20 -20 22 23 24 -2 -26 28 -28 -25 -30
right_child=2 -3 3 -5 5 7 -8 -9 -10 -11 -12 -13 14 -15 -16 -17 17 18 19 -21 -22 -23 -24 26 25 -27 27 -29 29 -31
leaf_value=0 6.3348799890927029e-06 0 -0.00037909117919771983 0.0010808900115969837 -0.00057582990304629066 -0.00015589197554132279 0.0001370402064734771 0.00043401378043256202 -0.00014542619011630563 0.00025039761180427073 -0.00014665570830733651 -3.0703782311254176e-05 -0.00026971760308264707 -0.00017161713884033346 0.0001715403347717876 0.00020252236998137096 -0.00026921705034013384 2.6566072766513338e-05 -0.00015984419051127109 -0.00041841263486124886 0.00025090232481472693 -2.5285544778153947e-05 0.00029687021920239768 -8.396309208529819e-06 -6.5477399118169705e-06 -0.00013870147898577663 -9.6643380975569508e-05 0.00032962991165403732 -1.2624440384243195e-05 6.9522168673344825e-05
leaf_weight=607 179 28 23 463 24 37 27 135 36 412 21 26 28 40 135 80 24 48 33 20 36 35 118 1040 44 49 20 197 139 348
leaf_count=607 179 28 23 463 24 37 27 135 36 412 21 26 28 40 135 80 24 48 33 20 36 35 118 1040 44 49 20 197 139 348
internal_value=-0.00321294 -0.0258661 0.000555672 0.00174219 0.0010851 -0.000363227 -0.00405874 0.000732554 6.23146e-05 0.00182758 0.000112782 0.000146647 0.000187141 9.79593e-05 0.0015276 0.000161826 9.01288e-05 -0.00128571 -0.000503646 -0.00171908 -0.000478254 0.000192255 0.000244611 0.000113095 -0.000970585 -0.00345158 0.00028211 0.00147926 0.000111984 0.000905542
internal_weight=4452 635 3817 1121 658 223 51 172 2696 435 2660 2639 2613 2450 163 2410 2330 161 137 89 69 2169 2134 2016 272 93 1744 217 1527 487
internal_count=4452 635 3817 1121 658 223 51 172 2696 435 2660 2639 2613 2450 163 2410 2330 161 137 89 69 2169 2134 2016 272 93 1744 217 1527 487
is_linear=0
shrinkage=0.03


Tree=215
num_leaves=31
num_cat=3
split_feature=1 10 1 9 12 19 7 5 8 8 19 16 7 8 19 9 7 16 17 16 9 8 8 16 8 12 16 9 13 17
split_gain=391.776 18.6609 2.42504 0.769492 0.613398 0.764583 0.694509 0.756738 0.69395 0.634573 0.601821 1.07629 0.535993 1.35723 0.563714 1.05787 0.593011 1.01104 0.939787 0.767184 0.764006 1.17507 1.32159 0.533378 1.32537 0.736088 0.732803 0.48225 0.745309 0.894876
threshold=1.0000000180025095e-35 0.25000000000000011 0.085937500000000014 0.19730123997082422 -0.60785761079279388 0 0.10220618182554275 0.04699121027721434 0.1795928394607082 0.28376229104135253 1 5.5000000000000009 0.086056542320642804 0.12808689612673749 2 0.63493800145878942 0.051691424267021037 9.5000000000000018 0.32570922397320157 6.5000000000000009 0.61159737417943127 0.11517469369506907 0.093489381430176807 27.500000000000004 0.057563221496375404 0.87837969732492682 7.5000000000000009 0.17396061269146609 1.0000000180025095e-35 0.29995523328739293
decision_type=2 2 2 2 2 1 2 2 2 2 1 2 2 2 1 2 2 2 2 2 2 2 2 2 2 2 2 2 2 2
left_child=1 -1 4 -4 5 -2 7 -7 -8 -9 -5 -12 14 -14 15 16 17 -6 20 -18 21 22 -19 26 -25 -26 -17 28 29 -16
right_child=2 -3 3 10 12 6 8 9 -10 -11 11 -13 13 -15 27 23 19 18 -20 -21 -22 -23 -24 24 25 -27 -28 -29 -30 -31
leaf_value=0 0.00014949910120306417 0 -0.00024996541085679747 0.00050638666062230041 0.0001204130716980037 -0.00011535137376966958 -0.000551144504202133 4.1227534219269458e-05 5.3522855720299551e-05 -0.00018412311911885702 -0.000112904477020718 0.00032683788765198985 -0.00016783431993783426 -3.3752172577991345e-05 -0.00010444876788300843 -1.8191841860454757e-05 -9.4617455121695612e-05 -6.5223220708997826e-05 -0.00010500757414958755 0.00016560377270999495 0.00025965323398124897 0.00011355808111191632 -0.0003173541934423342 0.00031462282115588089 -0.00013263343051039106 -0.0001490890726938004 2.7372321178981924e-05 1.8926466683531092e-05 0.00019025252463349411 -2.7577549664265015e-05
leaf_weight=562 349 34 41 638 71 35 24 428 29 20 20 195 20 219 24 29 32 36 22 133 30 41 28 23 87 27 49 1062 40 33
leaf_count=562 349 34 41 638 71 35 24 428 29 20 20 195 20 219 24 29 32 36 22 133 30 41 28 23 87 27 49 1062 40 33
internal_value=-0.00303287 -0.0256409 0.000527081 0.00189262 0.000104808 0.000762711 3.29671e-05 0.000391304 -0.00322635 0.000723213 0.00208558 0.000599997 -0.000185443 -0.00151882 -5.09326e-06 -0.000737863 0.000175572 -0.000815786 -0.00215922 0.00154545 -0.00122221 -0.00242855 -0.00496867 -0.00244185 -0.00356932 -0.00489469 -0.000461532 0.000382378 -0.00163916 -0.00384204
internal_weight=4381 596 3785 894 2891 885 536 483 53 448 853 215 2006 239 1767 608 393 228 157 165 135 105 64 215 137 114 78 1159 97 57
internal_count=4381 596 3785 894 2891 885 536 483 53 448 853 215 2006 239 1767 608 393 228 157 165 135 105 64 215 137 114 78 1159 97 57
cat_boundaries=0 1 2 3
cat_threshold=652 234 21
is_linear=0
shrinkage=0.03


Tree=216
num_leaves=31
num_cat=1
split_feature=0 10 0 19 0 3 0 2 7 1 3 9 7 12 1 4 9 18 7 0 9 12 10 9 7 4 4 9 0 9
split_gain=392.405 16.9495 2.5202 0.860832 0.710089 1.4466 0.865427 0.867086 0.736369 0.696897 0.928525 0.59648 0.584373 0.574692 0.613706 1.09116 0.494193 0.763168 0.583685 0.937382 0.873929 0.907381 0.646464 0.572099 0.727356 0.560264 0.412999 1.15232 0.446806 0.624414
threshold=1.0000000180025095e-35 0.25000000000000011 0.58757867942685726 0 0.51931752276443832 0.10156250000000001 0.29001749062968413 0.0078125000000000017 0.039235516998999381 0.11718750000000001 0.16927083333333334 0.63493800145878942 0.032574485205242816 1.0000000180025095e-35 0.065104166666666671 0.033854166666666671 0.17396061269146609 0.49264705882352944 0.086724821097632201 0.44761952423483969 0.67177242888402644 0.87837969732492682 0.93301270189221952 0.72611232676878201 0.11146912280415879 0.075520833333333343 0.091145833333333343 0.42924872355944577 0.42967650103131855 0.52224653537563837
decision_type=2 2 2 1 2 2 2 2 2 2 2 2 2 2 2 2 2 2 2 2 2 2 2 2 2 2 2 2 2 2
left_child=1 -1 3 4 6 -6 7 -2 12 10 16 26 -9 -13 15 -15 17 25 19 -18 21 22 -20 -22 -25 -5 28 -28 -8 -30
right_child=2 -3 -4 9 5 -7 11 8 -10 -11 -12 13 -14 14 -16 -17 18 -19 20 -21 23 -23 -24 24 -26 -27 27 -29 29 -31
leaf_value=0 0.00013968693086678538 0 0.0011219339756621493 8.5128336600468915e-06 -0.00030572345543146114 0.00037171962407786963 0.00011527029928470948 -3.0774571429272932e-05 -7.2405321988583063e-05 0.00028364600570785338 -0.00036116463466404763 6.3508340848502633e-06 0.000440518288158761 -8.0805180084209707e-05 1.0927668777679351e-05 -0.0003148590729455718 4.9462003726875826e-06 -0.00031435189194313132 0.00020138981441967664 0.00017674060337640035 -0.00031002401671038335 -0.0001587694432415226 -0.00013384943046721221 0.00025238250265115312 -0.00041303406948743046 -8.0777196116055811e-05 -0.00022611468585468264 0.00032611681847284814 -9.7062340651009977e-05 0.00024452814279482012
leaf_weight=562 35 32 430 120 29 23 332 107 25 121 31 131 26 39 43 35 989 28 194 661 37 27 22 30 22 31 20 28 98 73
leaf_count=562 35 32 430 120 29 23 332 107 25 121 31 131 26 39 43 35 989 28 194 661 37 27 22 30 22 31 20 28 98 73
internal_value=-0.00306711 -0.0257373 0.000488777 0.000211796 -0.000500948 -0.003923 -0.000326612 -0.00212952 -0.00307593 0.000533362 0.000413321 0.000108886 -0.00218795 -0.0011129 -0.002641 -0.00429724 0.000487274 -0.00102234 0.000623612 0.000854545 -0.000524095 0.000407406 0.00105555 -0.00306738 -0.00103844 -0.000178807 0.000658801 -0.00199996 0.000912523 -0.000333331
internal_weight=4381 594 3787 3357 1044 52 992 193 158 2313 2192 799 133 248 117 74 2161 179 1982 1650 332 243 216 89 52 151 551 48 503 171
internal_count=4381 594 3787 3357 1044 52 992 193 158 2313 2192 799 133 248 117 74 2161 179 1982 1650 332 243 216 89 52 151 551 48 503 171
cat_boundaries=0 1
cat_threshold=21
is_linear=0
shrinkage=0.03


Tree=217
num_leaves=31
num_cat=0
split_feature=20 10 1 17 4 12 4 20 6 6 7 18 7 1 2 2 8 20 5 5 8 7 7 20 8 17 2 4 5 18
split_gain=391.22 16.9495 2.50612 0.986035 0.66003 0.807823 0.780165 0.631442 1.15701 0.483045 0.823125 1.03283 0.815064 0.565277 0.503904 0.49845 0.683686 0.466067 0.480485 0.458701 0.457947 0.43105 0.473342 0.461023 0.57621 1.38731 0.701786 0.758712 0.471029 0.552911
threshold=1.0000000180025095e-35 0.25000000000000011 0.096354166666666671 0.20376989192409165 0.19010416666666669 -0.60785761079279388 0.023437500000000003 0.37917885433686971 0.13301514154048719 0.5202764976958526 0.086056542320642804 0.48970588235294121 0.10459879533739259 0.044270833333333336 0.0078125000000000017 0.096354166666666671 0.17293610086023539 0.42795921805502896 0.19776876267748481 0.16734279918864101 0.16016043406048669 0.056469554395762851 0.05468897878109228 0.44927585088026639 0.10569381147397909 0.30149451697434415 0.039062500000000007 0.033854166666666671 0.10425963488843815 0.46029411764705885
decision_type=2 2 2 2 2 2 2 2 2 2 2 2 2 2 2 2 2 2 2 2 2 2 2 2 2 2 2 2 2 2
left_child=1 -1 4 -4 5 6 7 8 -2 10 13 12 15 14 -7 16 19 -15 -19 -12 -13 22 23 24 28 26 27 -26 29 -16
right_child=2 -3 3 -5 -6 9 -8 -9 -10 -11 11 20 -14 17 21 -17 -18 18 -20 -21 -22 -23 -24 -25 25 -27 -28 -29 -30 -31
leaf_value=0 1.3066467585010068e-06 0 -0.00025769078024696993 0.0005223596580081018 -0.00013532437262938352 3.2817476254327073e-05 9.4125502592989305e-05 0.00033930762872018823 -0.00011882038397269128 0.00013754901842227688 -0.00011062240206183693 -0.00034733596702006347 0.00014412359230427877 9.6229681395726033e-05 -5.5028128797149184e-05 4.7666651184963991e-05 -0.00035495273788359647 -1.2737357025330766e-05 0.00021181463017390755 9.9314232735520626e-05 -5.5842322650456095e-05 2.0617746430556222e-05 -0.00028935857250506861 0.00031559295332861831 2.5035343286056771e-07 -0.00032108191091320427 4.6388377088890106e-05 -0.00012425189539122267 0.00028742111983852002 -5.1244004937790158e-06
leaf_weight=562 85 32 28 661 28 62 742 63 38 128 21 22 81 277 36 25 20 456 89 24 20 228 21 25 21 28 79 29 44 406
leaf_count=562 85 32 28 661 28 62 742 63 38 128 21 22 81 277 36 25 20 456 89 24 20 228 21 25 21 28 79 29 44 406
internal_value=-0.00310135 -0.0257373 0.000449168 0.00208563 8.52164e-05 0.000127036 0.000866378 -0.000870963 -0.00212193 -0.000193277 -0.000306852 -0.00207041 -0.00103508 -9.82786e-05 -0.00058529 -0.00299997 -0.00438455 0.000481751 -2.75228e-05 -0.00233328 -0.00628556 -0.000762267 -0.00113643 -0.000997004 -0.00115241 -0.00273247 -0.00141859 -0.00419992 -0.000641974 -0.000936649
internal_weight=4381 594 3787 689 3098 3070 928 186 123 2142 2014 213 171 1801 979 90 65 822 545 45 42 917 689 668 643 157 129 50 486 442
internal_count=4381 594 3787 689 3098 3070 928 186 123 2142 2014 213 171 1801 979 90 65 822 545 45 42 917 689 668 643 157 129 50 486 442
is_linear=0
shrinkage=0.03


Tree=218
num_leaves=31
num_cat=1
split_feature=0 10 1 17 19 17 5 2 2 11 5 10 17 0 5 17 11 17 9 17 4 16 1 4 17 14 10 7 18 0
split_gain=391.457 16.9495 2.48192 0.986035 0.850573 0.755837 1.14554 0.585142 0.762916 0.695623 0.657647 0.956245 0.744692 0.693769 0.729794 0.686799 0.674283 0.667429 0.601981 0.581248 0.761487 0.549128 0.691967 1.1382 0.521261 0.506112 0.655287 0.926003 1.25925 1.59986
threshold=1.0000000180025095e-35 0.25000000000000011 0.096354166666666671 0.20376989192409165 0 0.21453493319717479 0.22616632860040572 0.013020833333333334 0.018229166666666668 -0.24999999999999994 0.053346855983772826 0.25000000000000011 0.26946642838907336 0.45763877432200306 0.16125760649087226 0.32570922397320157 0.6830127018922193 0.35209769381329253 0.65864332603938747 0.24891498595864187 0.049479166666666671 18.500000000000004 0.044270833333333336 0.044270833333333336 0.32745381791537814 1.0000000180025095e-35 -0.93301270189221908 0.049184323483876809 0.46911764705882358 0.47964949943148871
decision_type=2 2 2 2 1 2 2 2 2 2 2 2 2 2 2 2 2 2 2 2 2 2 2 2 2 2 2 2 2 2
left_child=1 -1 4 -4 5 -2 7 -7 9 18 11 -10 19 21 -15 -16 17 -17 -9 -12 -21 -14 23 24 -23 26 27 -6 -29 -30
right_child=2 -3 3 -5 25 6 -8 8 10 -11 12 -13 13 14 15 16 -18 -19 -20 20 -22 22 -24 -25 -26 -27 -28 28 29 -31
leaf_value=0 0.00016744191913452457 0 -0.00024996005683956124 0.00050668886826785978 0.00060528432975363844 6.8637654461303958e-05 -0.00036195991674891861 -0.0001185256758568806 8.0046120197088279e-07 -5.9506416538752054e-05 -2.2468837322681252e-05 -9.2516310051275771e-05 0.00012107029609849337 -0.00046065560384752903 0.00029441225816769065 -0.00034390059058462489 0.00036171416535304572 0.00013289040398049837 0.00031477963300895082 -1.9713279203113775e-06 -0.00017577818882511694 3.3385371128297486e-05 0.00014827362410659934 -0.00034620155414852039 -7.8221099100153412e-05 8.4040690721991635e-05 9.7839683265950342e-06 9.5730627017130925e-06 -0.00031657409232368458 -2.5379555893520542e-05
leaf_weight=562 49 32 28 661 23 122 23 26 35 46 37 42 150 31 35 35 28 28 20 21 22 94 89 37 21 657 1353 34 20 20
leaf_count=562 49 32 28 661 23 122 23 26 35 46 37 42 150 31 35 35 28 28 20 21 22 94 89 37 21 657 1353 34 20 20
internal_value=-0.0030945 -0.0257373 0.00045709 0.00208563 9.49e-05 -0.000626373 -0.000821655 -0.000656147 -0.00095232 -0.0035217 -0.00061702 -0.00323372 -0.000296178 9.85401e-05 -0.00158598 -0.000571424 -0.00194503 -0.00366661 -0.000913023 -0.00299996 -0.00537197 0.000774934 -0.000112033 -0.0013421 0.000130434 0.000435049 0.000124138 -0.00225771 -0.00389184 -0.00749981
internal_weight=4381 594 3787 689 3098 991 942 919 797 92 705 77 628 548 157 126 91 63 46 80 43 391 241 152 115 2107 1450 97 74 40
internal_count=4381 594 3787 689 3098 991 942 919 797 92 705 77 628 548 157 126 91 63 46 80 43 391 241 152 115 2107 1450 97 74 40
cat_boundaries=0 1
cat_threshold=21
is_linear=0
shrinkage=0.03


Tree=219
num_leaves=31
num_cat=2
split_feature=20 10 20 19 20 12 1 20 5 7 8 12 1 10 17 7 5 5 1 7 17 17 19 7 18 18 16 7 8 17
split_gain=391.457 16.9495 2.43222 0.638829 0.661445 0.614325 0.705013 0.587505 0.593901 0.580334 1.30136 0.643827 0.59382 0.921259 0.704565 0.50644 0.684198 0.453782 0.430775 0.421005 0.654947 0.503709 0.653128 0.545778 0.46177 0.804513 0.389221 0.655903 1.22323 1.48678
threshold=1.0000000180025095e-35 0.25000000000000011 0.58757867942685726 0 0.49999963836843703 -0.60785761079279388 0.12239583333333334 0.2426380079608694 0.037187288708586889 0.086056542320642804 0.12764341896183354 0.6078576107927941 0.070312500000000014 0.68301270189221941 0.31329248574589402 0.19614921917087011 0.43103448275862072 0.050912778904665321 0.080729166666666671 0.11227999405523552 0.31661135222534265 0.32049069925083423 1 0.028331971210611692 0.4661764705882353 0.48088235294117648 24.500000000000004 0.045947932681796547 0.06230738714895611 0.31805476456995485
decision_type=2 2 2 1 2 2 2 2 2 2 2 2 2 2 2 2 2 2 2 2 2 2 1 2 2 2 2 2 2 2
left_child=1 -1 3 4 7 17 9 8 -2 -7 -11 18 -13 14 -14 -4 -17 -5 -12 21 -21 22 23 -19 -25 -26 -9 28 -28 -30
right_child=2 -3 15 5 -6 6 -8 26 -10 10 11 12 13 -15 -16 16 -18 19 -20 20 -22 -23 -24 24 25 -27 27 -29 29 -31
leaf_value=0 7.543634522850032e-06 0 0.001118010288141737 -8.1774695681182495e-05 -0.00050252042394717446 6.2247107455304249e-06 0.00023263976930123993 2.3370171468176397e-05 -6.3726633435437504e-05 -0.00014415096604882116 -5.0117444707685242e-05 0.00024104882762454453 -0.00050448836205399159 0.00052526616505248582 -0.00038466377876326122 -0.00020671333584581082 0.002035621157010347 0.00022844644488199522 0.00025291319084709904 0.00011122962770071292 -0.0001160380736878643 0.00032742763822602643 0.00010504264953219442 0.00016776021444117983 -0.00018010704016230159 2.7465636820082695e-05 0.00026006206914345965 1.1650526001278644e-05 -5.2099871809540558e-05 -0.0003276518455875945
leaf_weight=562 20 32 369 26 20 1511 92 305 24 21 110 22 33 20 20 20 41 23 72 21 36 254 299 22 39 32 63 163 85 24
leaf_count=562 20 32 369 26 20 1511 92 305 24 21 110 22 33 20 20 20 41 23 72 21 36 254 299 22 39 32 63 163 85 24
internal_value=-0.0030945 -0.0257373 0.00045709 0.000184987 -0.000613444 0.000397672 0.000112046 -0.000464911 -0.00381809 -1.8242e-05 -0.00122818 -0.000682308 -0.00268418 -0.00398625 -0.00605649 0.00258139 4.91796e-05 0.001125 0.000362635 0.00126446 -0.0012105 0.00147533 0.000831323 -0.00104761 -0.00216127 -0.00333798 -0.000234375 -0.000940296 -0.00223254 -0.00415592
internal_weight=4381 594 3787 3357 704 2653 1901 684 44 1809 298 277 95 73 53 430 61 752 182 726 57 669 415 116 93 71 640 335 172 109
internal_count=4381 594 3787 3357 704 2653 1901 684 44 1809 298 277 95 73 53 430 61 752 182 726 57 669 415 116 93 71 640 335 172 109
cat_boundaries=0 1 2
cat_threshold=17 288
is_linear=0
shrinkage=0.03


Tree=220
num_leaves=31
num_cat=4
split_feature=0 10 0 4 19 8 9 11 19 8 17 10 17 8 8 9 19 17 17 17 19 1 7 7 2 10 18 5 5 7
split_gain=400.708 16.1311 2.90065 0.886008 0.642911 0.829635 0.593421 0.652125 0.76975 1.24027 1.04582 0.833932 0.749967 0.684537 0.648484 0.556318 0.537009 0.527199 0.971561 0.860627 0.516605 1.07861 0.773319 0.897985 1.15994 0.732441 0.508445 0.502763 1.75292 0.714557
threshold=1.0000000180025095e-35 0.25000000000000011 0.54460969367221124 0.013020833333333334 0 0.39631553043457918 0.17396061269146609 -0.24999999999999994 1 0.28085358773915364 0.31805476456995485 0.25000000000000011 0.25712705301676458 0.13609311647411021 0.1117864860989408 0.57330415754923425 2 0.3353331631350524 0.32306906777164635 0.34610700776749753 3 0.065104166666666671 0.076914195107654987 0.049184323483876809 0.033854166666666671 -0.93301270189221908 0.48382352941176471 0.050202839756592295 0.060006761325219753 0.019049006574753637
decision_type=2 2 2 2 1 2 2 2 1 2 2 2 2 2 2 2 1 2 2 2 1 2 2 2 2 2 2 2 2 2
left_child=1 -1 3 16 -4 -6 20 15 9 -9 -10 13 -11 14 -12 -8 -2 18 -13 -19 -5 22 23 25 -25 -22 27 29 -29 -18
right_child=2 -3 4 6 5 -7 7 8 10 12 11 17 -14 -15 -16 -17 26 19 -20 -21 21 -23 -24 24 -26 -27 -28 28 -30 -31
leaf_value=0 5.9139106183834031e-06 0 0.00072640470428098341 8.4242573087953382e-06 0.00020811652553449927 -0.00056141888027552299 -2.586348241829266e-05 0.00032315327182912465 4.8686246362426391e-05 -0.00048140697546920924 0.00022128662143009955 -6.3034253190182829e-05 0.00014615524420406083 0.00067862903509999532 -0.00012019414926289615 1.5824195076421497e-06 -2.8662203278904469e-05 0.00042201759866072007 -0.00011846820633041147 -0.0004222196780571633 0.00028928844206123984 -0.00031721219555647107 0.00035011299042631206 -0.00021185464323387267 -8.7818853925941681e-05 -1.1749631058613103e-05 1.8723452216153833e-05 -0.0001092457349428481 -3.9796198517142967e-05 0.0001510821634315187
leaf_weight=585 132 31 461 115 230 30 284 514 321 30 23 20 20 43 30 1080 28 21 22 40 42 24 29 22 32 25 45 28 90 32
leaf_count=585 132 31 461 115 230 30 284 514 321 30 23 20 20 43 30 1080 28 21 22 40 42 24 29 22 32 25 45 28 90 32
internal_value=-0.00338067 -0.0258311 0.000246263 -0.000153299 0.00195978 0.000666664 2.95945e-05 0.000181373 0.000730627 0.00148432 -0.000113207 -0.00182411 -0.00299994 0.000187498 -0.0020943 -0.000255132 -0.00156338 -0.00369899 -0.00628556 -0.001918 -0.00125605 -0.00221738 -0.00139999 -0.00245453 -0.00533323 -0.000134326 -0.00240771 -0.00323594 -0.00437284 -0.000999983
internal_weight=4429 616 3813 3092 721 260 2737 2448 1084 564 520 199 50 96 53 1364 355 103 42 61 289 174 150 121 54 67 223 178 118 60
internal_count=4429 616 3813 3092 721 260 2737 2448 1084 564 520 199 50 96 53 1364 355 103 42 61 289 174 150 121 54 67 223 178 118 60
cat_boundaries=0 1 2 3 4
cat_threshold=162 962 398 36
is_linear=0
shrinkage=0.03


Tree=221
num_leaves=31
num_cat=1
split_feature=0 10 0 19 8 6 16 9 11 7 16 7 13 8 0 8 3 5 0 0 7 8 3 4 5 0 16 8 6 0
split_gain=402.887 16.1311 2.66587 0.642911 0.829635 0.552777 1.1781 1.0729 0.754974 0.940966 1.17893 0.589607 1.17962 0.578861 0.696876 1.05568 0.668655 0.535706 0.435742 0.394213 0.645918 1.03559 1.19438 0.429864 0.647738 1.01475 0.868933 1.33352 0.557564 1.60288
threshold=1.0000000180025095e-35 0.25000000000000011 0.54460969367221124 0 0.39631553043457918 0.29815668202764983 2.5000000000000004 0.38548504741064926 0.6830127018922193 0.11227999405523552 13.500000000000002 0.038670947752277633 -0.56174490092936669 0.21176080412325526 0.41741515485649366 0.22614163575611029 0.044270833333333336 0.15111561866125764 0.51931752276443832 0.4652230214593141 0.078820572627737201 0.12113624105212735 0.039062500000000007 0.013020833333333334 0.050202839756592295 0.30761688447424484 22.500000000000004 0.09788034504754449 0.11884280593958016 0.28110326190941948
decision_type=2 2 2 1 2 2 2 2 2 2 2 2 2 2 2 2 2 2 2 2 2 2 2 2 2 2 2 2 2 2
left_child=1 -1 5 -4 -5 8 7 -7 9 19 -11 12 -10 17 -15 -16 -17 -8 -18 23 21 -21 -23 24 -2 28 27 -27 29 -26
right_child=2 -3 3 4 -6 6 13 -9 11 10 -12 -13 -14 14 15 16 18 -19 -20 20 -22 22 -24 -25 25 26 -28 -29 -30 -31
leaf_value=0 8.0877944982854654e-05 0 0.00070461256315255396 0.00020187302976846304 -0.0005445763138672581 -0.00022101151014261762 -1.9312786508106745e-05 6.4481708953780225e-05 -0.00011148527053426026 0.00019692788462235053 -0.00031109371339270306 0.00028322670500056821 0.00011706727204459446 0.00029757789161371741 -0.0003086198836528945 -0.00020071969667973533 8.7235316677491278e-05 0.00019535491400392071 -8.2962492744591897e-05 8.2329826308183082e-05 0.00032964738238965105 -0.00011831764715520479 -0.00043243123312690916 -1.7286749359048519e-06 -7.2798337981512911e-05 7.7853053541701219e-06 1.5690069372331075e-05 -7.8924296267004478e-05 -1.333873902857885e-06 -0.00016114782051375261
leaf_weight=585 67 31 461 230 30 37 128 22 20 20 37 224 39 46 24 27 133 551 54 43 28 23 30 1318 24 30 105 21 21 20
leaf_count=585 67 31 461 230 30 37 128 22 20 20 37 224 39 46 24 27 133 551 54 43 28 23 30 1318 24 30 105 21 21 20
internal_value=-0.00331971 -0.0258311 0.000317073 0.00195978 0.000666664 -6.59766e-05 0.000504892 -0.00361011 -0.000347826 -0.000575825 -0.00436834 0.00109187 -0.00157624 0.000757009 -0.00038028 -0.00103361 -0.000364484 0.00123269 0.000272726 -0.000450867 -0.00208063 -0.00324997 -0.00605649 -0.000325031 -0.001375 -0.00215836 -0.000846148 -0.00405874 -0.00530761 -0.00722711
internal_weight=4429 616 3813 721 260 3092 1022 59 2070 1787 57 283 59 963 284 238 214 679 187 1730 124 96 53 1606 288 221 156 51 65 44
internal_count=4429 616 3813 721 260 3092 1022 59 2070 1787 57 283 59 963 284 238 214 679 187 1730 124 96 53 1606 288 221 156 51 65 44
cat_boundaries=0 1
cat_threshold=162
is_linear=0
shrinkage=0.03


Tree=222
num_leaves=31
num_cat=0
split_feature=0 16 13 0 9 6 11 0 6 17 11 3 9 7 5 9 16 9 5 7 13 9 6 4 16 0 6 2 5 5
split_gain=401.676 3.83214 2.48014 2.40697 0.913798 0.825119 0.778775 1.09196 1.39725 0.8941 0.708007 1.10649 0.879143 0.615337 1.05706 0.61119 0.598899 1.0996 0.92714 0.592031 1.17962 0.528041 0.466746 0.435406 0.695413 0.644057 0.563111 0.469644 0.411029 1.42041
threshold=1.0000000180025095e-35 29.500000000000004 -0.22252093395631442 0.58757867942685726 0.36725018234865076 0.29815668202764983 0.6830127018922193 0.4652230214593141 0.29170506912442401 0.34067313420134465 -0.5 0.15364583333333334 0.35922684172137131 0.19614921917087011 0.44117647058823534 0.50474106491611981 6.5000000000000009 0.24215900802334064 0.17139959432048682 0.038670947752277633 -0.56174490092936669 0.70386579139314387 0.39216589861751155 0.013020833333333334 18.500000000000004 0.28110326190941948 0.179961862386779 0.0078125000000000017 0.050202839756592295 0.062677484787018276
decision_type=2 2 2 2 2 2 2 2 2 2 2 2 2 2 2 2 2 2 2 2 2 2 2 2 2 2 2 2 2 2
left_child=1 -1 -3 5 -4 6 7 23 9 -9 11 -7 16 -5 -15 -6 17 22 -19 20 -8 -11 -12 24 25 -2 27 -26 -29 -30
right_child=3 2 4 13 15 10 19 8 -10 21 12 -13 -14 14 -16 -17 -18 18 -20 -21 -22 -23 -24 -25 26 -27 -28 28 29 -31
leaf_value=0 7.8769316614779564e-05 0 0 0.0011192259881441945 0 5.819259306574222e-08 -0.00010814071241823174 -0.00039512071642912127 -0.00068180853685597233 0.0002944118290879037 -3.2686157304245617e-05 -0.00041735199615012533 0.00029192702176157555 -0.00041193866741234499 0.0016482018926211785 0 4.0477939748545812e-05 -4.4046859225144408e-05 -0.00044653571727561382 0.00027536111509508576 0.00011355525388325708 -0.0001625553339110631 0.00013567432956046585 -2.4972224424075354e-06 0.00030124361548453213 -0.00010980278730863409 0.000202730948085245 8.3785756777850359e-05 -0.00012310541345871611 -2.4282597720158127e-06
leaf_weight=505 23 38 25 354 21 352 20 33 20 63 27 25 539 20 44 27 281 24 28 225 39 20 48 1360 21 56 34 41 37 79
leaf_count=505 23 38 25 354 21 352 20 33 20 63 27 25 539 20 44 27 281 24 28 225 39 20 48 1360 21 56 34 41 37 79
internal_value=-0.00335358 -0.0258311 -0.0207836 0.000277734 -0.0175477 1.32549e-05 -0.000360695 -0.000592613 -0.00317645 -0.00191378 0.000598187 -0.000501325 0.0010359 0.00242583 -0.000281245 -0.0151247 -1.47057e-05 -0.0017244 -0.00507683 0.00109859 -0.00157624 -0.000253009 0.000599992 -0.000379769 -0.00143298 -0.00383539 -0.000537733 -0.00121348 -0.00177706 -0.00268963
internal_weight=4429 616 111 3813 73 3395 2071 1787 136 116 1324 377 947 418 64 48 408 127 52 284 59 83 75 1651 291 79 212 178 157 116
internal_count=4429 616 111 3813 73 3395 2071 1787 136 116 1324 377 947 418 64 48 408 127 52 284 59 83 75 1651 291 79 212 178 157 116
is_linear=0
shrinkage=0.03


Tree=223
num_leaves=31
num_cat=2
split_feature=0 10 0 6 8 19 9 5 13 2 9 4 6 6 7 5 7 5 6 9 8 4 4 11 19 10 5 6 6 9
split_gain=400.466 16.1311 2.17911 0.763403 1.14518 1.1217 1.06958 0.780516 0.689178 0.861065 1.36104 0.621146 0.709342 0.606203 0.551812 1.05706 0.517182 0.678757 0.479102 0.433775 0.431759 0.419028 0.362304 0.35724 0.597608 0.715478 1.22297 0.387521 0.667634 0.622433
threshold=1.0000000180025095e-35 0.25000000000000011 0.58757867942685726 0.29631336405529957 0.20477481889322038 0 0.64843180160466829 0.17139959432048682 -0.22252093395631442 0.11718750000000001 0.5977388767323123 0.044270833333333336 0.43732718894009226 0.5055299539170508 0.19614921917087011 0.44117647058823534 0.11872966494569266 0.23833671399594322 0.29354838709677428 0.18745441283734501 0.1237024423506968 0.11718750000000001 0.065104166666666671 0.6830127018922193 1 0.25000000000000011 0.12018255578093308 0.24557444779914192 0.18229779119656767 0.49781181619256026
decision_type=2 2 2 2 2 1 2 2 2 2 2 2 2 2 2 2 2 2 2 2 2 2 2 2 1 2 2 2 2 2
left_child=1 -1 3 18 5 6 7 -5 11 -10 22 -6 -13 -14 -4 -16 17 21 23 20 -7 -15 -11 27 25 -25 -27 28 -2 -29
right_child=2 -3 14 4 8 19 -8 -9 9 10 -12 12 13 16 15 -17 -18 -19 -20 -21 -22 -23 -24 24 -26 26 -28 29 -30 -31
leaf_value=0 -1.0158769065292649e-05 0 0.0010856492084998692 -7.110940062202473e-05 -0.00017724760150457681 0.00010012407529234036 0.00022969958478868843 -0.0011019961370624667 0.0001182162078840093 7.8818760265486867e-05 -0.00047480746192911258 4.6326247374987407e-05 -0.00021217705691139931 0.00010427160308465279 -0.00039958050738997625 0.0015987558358425437 0.00020331136895741331 -9.0169783458451852e-05 -0.00021496655238871179 0.00027891537715847017 -1.0523796870262245e-05 -0.00017534262779728783 -2.3266229109255863e-05 9.3702551818210529e-05 0.00035318862687124414 0.00045828241433338462 -0.00011230979251001121 -0.00010319335521007975 2.5633006200649379e-05 -4.1009627544601231e-05
leaf_weight=585 810 31 354 38 30 41 65 23 177 25 24 39 34 22 20 44 21 31 35 695 35 20 23 66 151 33 23 76 488 370
leaf_count=585 810 31 354 38 30 41 65 23 177 25 24 39 34 22 20 44 21 31 35 695 35 20 23 66 151 33 23 76 488 370
internal_value=-0.00338745 -0.0258311 0.000238395 -1.32547e-05 0.000542814 0.00116053 -0.00141175 -0.00437698 -0.00069955 0.000349396 -0.00241663 -0.00202537 -0.00131137 -0.00239061 0.00228229 -0.000281245 -0.00114892 -0.00234243 -0.000377193 0.00157874 -0.000552624 0.000142854 0.00049999 -0.000316807 0.000692305 -0.00086363 -0.00342851 -0.00047477 -0.000212635 -0.00123767
internal_weight=4429 616 3813 3395 1343 897 126 61 446 249 72 197 167 128 418 64 94 73 2052 771 76 42 48 2017 273 122 56 1744 1298 446
internal_count=4429 616 3813 3395 1343 897 126 61 446 249 72 197 167 128 418 64 94 73 2052 771 76 42 48 2017 273 122 56 1744 1298 446
cat_boundaries=0 1 2
cat_threshold=21 21
is_linear=0
shrinkage=0.03


Tree=224
num_leaves=31
num_cat=2
split_feature=0 16 13 0 9 19 7 5 4 11 11 5 5 11 17 19 11 18 17 7 12 16 16 8 17 13 9 16 12 12
split_gain=400.95 3.83214 2.48014 2.11235 0.913798 0.631851 0.672556 0.899945 0.624422 0.722974 0.614523 0.802251 0.743312 0.707521 0.809119 0.613676 1.10996 0.669928 0.651184 1.15218 0.630207 0.712492 1.50702 1.49177 0.793893 1.03344 0.61119 0.60656 0.868564 0.600741
threshold=1.0000000180025095e-35 29.500000000000004 -0.22252093395631442 0.57040581497477094 0.36725018234865076 0 0.19614921917087011 0.53448275862068972 0.023437500000000003 1.0000000180025095e-35 -0.68301270189221952 0.14097363083164302 0.12237998647734956 -0.9330127018922193 0.30177791742764942 1 0.93301270189221952 0.45735294117647063 0.22423623521402439 0.071812787235275108 -0.60785761079279388 14.500000000000002 21.500000000000004 0.19814297748565238 0.3269817095536991 -0.22252093395631442 0.50474106491611981 5.5000000000000009 0.6078576107927941 1.0000000180025095e-35
decision_type=2 2 2 2 2 1 2 2 2 2 2 2 2 2 2 1 2 2 2 2 2 2 2 2 2 2 2 2 2 2
left_child=1 -1 -3 8 -4 -5 -7 -8 10 -10 13 12 -12 14 -2 20 -17 -18 -19 -20 -11 27 -23 24 -24 -26 -6 28 -22 -13
right_child=3 2 4 5 26 6 7 -9 9 15 11 29 -14 -15 -16 16 17 18 19 -21 21 22 23 -25 25 -27 -28 -29 -30 -31
leaf_value=0 7.4143796607372201e-05 0 0 0.00088905129393461848 0 0.00029790326353357677 -0.00050389345787847325 0.0014187868626528747 -4.5197628394980993e-06 0.00012445655403767501 -1.5152904502091847e-05 -0.00023806761985681663 0.00026743116660301724 9.6889226974583565e-05 -0.0001536921553834866 0.00030049579493042407 0.00012606057495506167 3.6576226431933598e-05 -0.00025135673130579456 -1.0222220062747486e-06 3.1305698182703288e-05 -0.0002482545931851664 0.00042441185547992266 -0.00018779500383722463 -0.00046758421679361339 0.00017338886402434444 0 0.00026624167977460907 -8.5296398527206398e-05 -0.00010734867791255467
leaf_weight=505 30 38 25 364 21 134 20 20 1401 135 433 43 41 165 26 512 37 41 20 24 29 38 86 22 24 33 27 79 24 32
leaf_count=505 30 38 25 364 21 134 20 20 1401 135 433 43 41 165 26 512 37 41 20 24 29 38 86 22 24 33 27 79 24 32
internal_value=-0.0033739 -0.0258311 -0.0207836 0.000254131 -0.0175477 0.00199628 0.000391302 -0.00299992 -3.20609e-05 0.000197605 -0.00077922 -0.00131694 -0.000860758 0.000556559 -0.0023571 0.000771739 0.00136956 -0.00118032 -0.00264703 -0.0051817 -6.24998e-05 -0.000761192 -0.00187684 -0.00063636 0.000482514 -0.00226312 -0.0151247 0.000954538 -0.00152827 -0.00419994
internal_weight=4429 616 111 3813 73 538 174 40 3275 2505 770 549 474 221 56 1104 634 122 85 44 470 335 203 165 143 57 48 132 53 75
internal_count=4429 616 111 3813 73 538 174 40 3275 2505 770 549 474 221 56 1104 634 122 85 44 470 335 203 165 143 57 48 132 53 75
cat_boundaries=0 1 2
cat_threshold=162 57
is_linear=0
shrinkage=0.03


Tree=225
num_leaves=31
num_cat=0
split_feature=0 10 0 18 0 1 9 5 16 3 17 7 10 5 6 0 7 8 8 9 17 10 0 3 6 7 8 17 6 7
split_gain=401.323 20.4444 2.47725 0.733191 0.811445 0.634156 0.871198 0.699097 0.528316 0.512966 0.782929 0.499305 0.512088 0.458035 0.672766 0.857083 0.445525 0.405547 0.447892 0.382429 0.387554 0.661888 0.489343 0.476352 0.39258 0.668292 0.685319 0.797732 1.19008 0.848901
threshold=1.0000000180025095e-35 0.25000000000000011 0.5896914389629998 0.436764705882353 0.53121608501887896 0.075520833333333343 0.20459518599562362 0.28498985801217042 19.500000000000004 0.075520833333333343 0.33660965024253259 0.087670594114355446 0.25000000000000011 0.20791075050709942 0.41705069124423971 0.44927585088026639 0.33804259110067586 0.20477481889322038 0.22119407178140213 0.94493070751276453 0.35984171559867256 0.68301270189221941 0.47407937031367969 0.044270833333333336 0.24182424916573975 0.034936295407687758 0.15159549182641893 0.27207075553364507 0.27050691244239639 0.056469554395762851
decision_type=2 2 2 2 2 2 2 2 2 2 2 2 2 2 2 2 2 2 2 2 2 2 2 2 2 2 2 2 2 2
left_child=1 -1 3 4 11 7 8 9 -7 13 -11 12 -2 14 19 -16 -4 -8 -19 20 22 23 24 -22 -5 -26 27 29 -29 -27
right_child=2 -3 16 5 -6 6 17 -9 -10 10 -12 -13 -14 -15 15 -17 -18 18 -20 -21 21 -23 -24 -25 25 26 -28 28 -30 -31
leaf_value=0 0.0001282083392814148 0 0.0010640601165373431 1.3221253355821914e-07 -0.00032673447461127375 -0.00014053605077310089 0.00024758967526198391 -9.8201923300319166e-05 4.065218687767224e-06 4.7472964162731969e-05 -0.00035628080956351513 0.00011174863506734625 -8.3184117200546897e-05 0.00022101136907907301 2.9377898189871339e-05 -0.00021750557038083471 -0.00013371361482837529 -8.5233536345572612e-05 8.0129231859045301e-05 -4.4230101974189403e-05 0.00042477306989871619 -0.00018260543343388372 0.00017626816476574886 -0.00012386889106532522 0.00012389223732608978 -0.00011993889553935393 1.3961642651976328e-05 -0.00010462102995037597 0.00012976338069428081 -0.00013789279347209814
leaf_weight=594 24 36 403 1246 36 33 473 26 25 328 32 23 20 68 21 21 28 34 141 26 39 26 142 21 49 48 127 170 153 21
leaf_count=594 24 36 403 1246 36 33 473 26 25 328 32 23 20 68 21 21 28 34 141 26 39 26 142 21 49 48 127 170 153 21
internal_value=-0.00344114 -0.025619 0.000231861 -4.18024e-05 -0.00253396 3.66973e-05 0.00083286 -0.000182527 -0.00268961 -0.000132388 0.000916664 -0.000582081 -0.00245449 -0.000305785 -0.000383886 -0.00414276 0.00237354 0.00114815 -8.57137e-05 -0.000307543 -0.000261508 -0.00223253 -0.000174846 -0.000499992 -0.000307607 -0.000961266 -0.00127745 -0.00189795 -0.00127244 -0.00482602
internal_weight=4434 630 3804 3373 103 3270 706 2564 58 2538 360 67 44 2178 2110 42 431 648 175 2068 2042 86 1956 60 1814 568 519 392 323 69
internal_count=4434 630 3804 3373 103 3270 706 2564 58 2538 360 67 44 2178 2110 42 431 648 175 2068 2042 86 1956 60 1814 568 519 392 323 69
is_linear=0
shrinkage=0.03


Tree=226
num_leaves=31
num_cat=1
split_feature=0 10 0 18 17 1 4 9 0 16 7 6 2 7 0 7 17 4 7 16 4 19 0 13 13 2 16 7 9 3
split_gain=401.323 20.4444 2.31885 0.597528 0.81499 0.538932 0.839959 0.627637 0.713373 0.557586 0.518004 0.510959 0.725871 1.70755 0.747775 0.517344 0.633532 0.76779 0.502986 1.51707 0.440999 0.401877 0.484296 0.633072 0.387684 0.753571 0.893029 0.441975 0.389345 0.391519
threshold=1.0000000180025095e-35 0.25000000000000011 0.5896914389629998 0.42794117647058827 0.29491107139817901 0.080729166666666671 0.19010416666666669 0.30415754923413574 0.53546325041373666 5.5000000000000009 0.15278835336889349 0.27880184331797242 0.059895833333333336 0.061233988916926919 0.45029684738397663 0.045947932681796547 0.32204889385789626 0.033854166666666671 0.19614921917087011 26.500000000000004 0.023437500000000003 0 0.50213191564481241 -0.56174490092936669 -0.56174490092936669 0.044270833333333336 16.500000000000004 0.083692218058272358 0.49781181619256026 0.044270833333333336
decision_type=2 2 2 2 2 2 2 2 2 2 2 2 2 2 2 2 2 2 2 2 2 1 2 2 2 2 2 2 2 2
left_child=1 -1 3 4 -2 6 10 8 9 -7 11 12 -5 15 -15 -14 17 -17 -4 -20 -9 22 -22 -24 25 26 -13 -26 -29 -30
right_child=2 -3 18 5 -6 7 -8 20 -10 -11 -12 24 13 14 -16 16 -18 -19 19 -21 21 -23 23 -25 27 -27 -28 28 29 -31
leaf_value=0 2.2312254540901051e-05 0 0.0010776556004943858 -2.1530587919555543e-06 -9.9460958133331897e-05 -2.0150830489145297e-05 -0.0001362752357837047 -5.0328055307636865e-05 -0.00010759913414293984 5.8329739843624072e-05 -7.4611240064139067e-05 -0.00018407469367532408 1.6397395801905078e-05 -0.00012581254040544898 -0.00032117505746300542 3.9788241891257661e-05 0.00021868839805166569 -0.00017428331462245925 -0.00039775418496148005 0.0019257493337304173 0.00045011561792843418 0.00031045460877934361 -0.00013769351336901712 0.0003127431442829025 0.00012472976110505427 2.0282479279329189e-06 0.00046920442454460257 3.3850309699402506e-05 0.00014593788485644027 -0.00022039468936147644
leaf_weight=594 37 36 362 1533 23 22 24 28 35 68 24 25 77 40 22 23 35 34 22 47 65 319 37 45 465 191 23 62 26 90
leaf_count=594 37 36 362 1533 23 22 24 28 35 68 24 25 77 40 22 23 35 34 22 47 65 319 37 45 465 191 23 62 26 90
internal_value=-0.00344114 -0.025619 0.000231861 -3.29083e-05 -0.00299995 2.08271e-05 -0.000162583 0.000819062 -0.00107999 0.00033333 -0.000112359 -7.25622e-05 -0.000367347 -0.00193506 -0.00619345 -0.000372779 -0.00189128 -0.00384204 0.00230394 -4.34775e-05 0.00129959 0.00151931 0.000133757 -0.00139023 0.000517006 -0.000514642 -0.00387492 0.000900465 -0.000370784 -0.00139654
internal_weight=4434 630 3804 3373 60 3313 2694 619 125 90 2670 2646 1764 231 62 169 92 57 431 69 494 466 147 82 882 239 48 643 178 116
internal_count=4434 630 3804 3373 60 3313 2694 619 125 90 2670 2646 1764 231 62 169 92 57 431 69 494 466 147 82 882 239 48 643 178 116
cat_boundaries=0 1
cat_threshold=148
is_linear=0
shrinkage=0.03


Tree=227
num_leaves=31
num_cat=1
split_feature=20 10 20 18 5 7 19 5 4 7 18 16 6 6 13 7 12 10 2 17 9 9 17 6 5 2 6 1 12 17
split_gain=402.303 20.4444 2.40481 0.611144 0.88735 1.08567 0.640695 0.602512 0.599079 0.543285 0.892336 0.992168 0.856648 1.01422 1.34152 0.733303 0.77987 0.643722 0.568098 0.534315 0.729119 0.790741 0.476305 0.479915 0.490021 0.899945 0.445331 0.43477 0.428644 0.61907
threshold=1.0000000180025095e-35 0.25000000000000011 0.5896914389629998 0.44264705882352945 0.23225152129817445 0.10150446750004584 0 0.12457741717376607 0.19010416666666669 0.087670594114355446 0.47500000000000003 22.500000000000004 0.27235023041474665 0.25728587319243612 1.0000000180025095e-35 0.093614801865352454 1.0000000180025095e-35 1.0000000180025095e-35 0.044270833333333336 0.34665134882137699 0.64697301239970828 0.41320204230488705 0.36966948439376329 0.53963133640553018 0.27079107505070998 0.096354166666666671 0.076530612244897975 0.049479166666666671 -0.60785761079279388 0.23261850055314445
decision_type=2 2 2 2 2 2 1 2 2 2 2 2 2 2 2 2 2 2 2 2 2 2 2 2 2 2 2 2 2 2
left_child=1 -1 3 4 7 -6 22 -2 9 12 11 -11 13 19 18 -12 -17 -18 -15 26 21 -21 23 24 28 -26 -8 -9 -5 -30
right_child=2 -3 -4 6 5 -7 8 27 -10 10 15 -13 -14 14 -16 16 17 -19 -20 20 -22 -23 -24 -25 25 -27 -28 -29 29 -31
leaf_value=0 -6.6652265809454279e-05 0 0.00096785527738271206 9.0468247450594969e-05 2.4291458887030098e-05 -0.00073197465947129683 -4.8461928818092699e-05 0.00023434296753009 -0.00014266386513082989 6.1041404513758624e-07 -0.0002139004292100927 -0.00021378285447198702 8.8821853116392616e-05 -0.00019694648557129851 0.000135887952655616 0.0003724798457215445 -0.0001581303789626384 0.00021949545659019745 -0.00028237714697793075 -5.7483651409054612e-05 -7.9513501422901893e-05 0.00011753803626875453 0.00042579818398101246 0.00011930802725645944 -0.00043226814739283722 0.00026372998007117795 1.6930586298465958e-06 -5.1381518393757596e-05 -7.6337293239642717e-05 6.3545072721672526e-06
leaf_weight=594 31 36 431 292 20 27 32 45 22 34 22 40 565 22 30 63 25 22 22 22 24 34 93 102 20 20 991 24 41 688
leaf_count=594 31 36 431 292 20 27 32 45 22 34 22 40 565 22 30 63 25 22 22 22 24 34 93 102 20 20 991 24 41 688
internal_value=-0.00341407 -0.025619 0.000263407 -6.2258e-06 -0.00189795 -0.00529776 7.99753e-05 -0.000299997 -0.000257576 -0.000203285 -0.00166019 -0.00429724 -3.09987e-05 -0.000491928 -0.00389184 -0.000181817 0.000818174 -0.00210634 -0.00722711 -0.000263826 -0.00262497 -0.000749986 0.000606635 0.000446259 0.000257304 -0.00299992 -7.91787e-05 0.00126085 0.000384916 -4.11511e-06
internal_weight=4434 630 3804 3373 147 47 3226 100 1970 1948 206 74 1742 1177 74 132 110 47 44 1103 80 56 1256 1163 1061 40 1023 69 1021 729
internal_count=4434 630 3804 3373 147 47 3226 100 1970 1948 206 74 1742 1177 74 132 110 47 44 1103 80 56 1256 1163 1061 40 1023 69 1021 729
cat_boundaries=0 1
cat_threshold=202
is_linear=0
shrinkage=0.03


Tree=228
num_leaves=31
num_cat=2
split_feature=0 16 12 0 13 4 16 5 12 1 16 11 7 7 5 16 19 19 7 9 18 5 7 5 9 8 18 3 12 17
split_gain=402.548 4.74405 2.73078 2.17561 0.80006 0.535344 0.857663 0.723061 1.10292 0.967232 0.706424 0.606916 1.35078 1.97874 0.987019 0.641979 0.734531 0.562832 0.970326 2.03255 0.853651 0.849631 0.522518 0.596609 0.754161 0.537114 0.506419 0.639828 0.560994 1.09715
threshold=1.0000000180025095e-35 29.500000000000004 -1.0000000180025095e-35 0.59889677441000055 1.0000000180025095e-35 0.023437500000000003 18.500000000000004 0.087390128465179198 -1.0000000180025095e-35 0.059895833333333336 15.500000000000002 -0.5 0.099590664592236089 0.10811401452739054 0.26673427991886417 6.5000000000000009 0 1 0.070577206193085482 0.57330415754923425 0.46911764705882358 0.096179851250845175 0.065485879597367638 0.041582150101419885 0.51239970824215908 0.16747484369433055 0.48088235294117648 0.10677083333333334 1.0000000180025095e-35 0.31203213813057734
decision_type=2 2 2 2 2 2 2 2 2 2 2 2 2 2 2 2 1 1 2 2 2 2 2 2 2 2 2 2 2 2
left_child=1 -1 -3 5 -4 6 7 -2 -9 10 -10 12 26 -14 -15 17 -17 -13 21 20 -20 -19 23 24 -8 -24 28 -28 -7 -30
right_child=3 2 4 -5 -6 11 22 8 9 -11 -12 15 13 14 -16 16 -18 18 19 -21 -22 -23 25 -25 -26 -27 27 -29 29 -31
leaf_value=0 -6.9669732397890226e-06 0 0 0.0010890961177074635 0 8.9150111511349507e-06 -0.00016066191311595837 1.1225224798347353e-05 -0.00026190328149091089 -3.5411798013995173e-05 -7.4195746516841213e-05 4.9393219851159555e-05 -0.00053492795816982553 1.5735581075834031e-06 -0.00044513502080818464 0.00028472431949836725 7.1641196752806602e-06 -3.0321768060235224e-05 -8.671202210919286e-05 0.00050753460477211099 -0.00034152100731310565 2.8628575538942186e-05 -0.00021041654550564448 1.2636755326781312e-05 3.2572151049960902e-05 0.00023049887442311867 0.00014172804844039187 -0.00016361758821970023 -4.8769545071448353e-06 -0.00032696018035592957
leaf_weight=501 137 40 42 358 47 272 21 34 26 22 20 230 23 61 21 496 764 39 22 22 24 104 57 409 33 31 318 28 163 69
leaf_count=501 137 40 42 358 47 272 21 34 26 22 20 230 23 61 21 496 764 39 22 22 24 104 57 409 33 31 318 28 163 69
internal_value=-0.00340731 -0.025619 -0.0204882 0.000271293 -0.0175616 4.00465e-05 -0.000645569 -0.00214643 -0.00405878 -0.00626461 -0.00873894 0.000243976 -0.000361256 -0.00357139 -0.00139023 0.000583774 0.000928571 -0.00040136 -0.00147963 -0.00449993 -0.00808678 -0.000146852 5.44475e-06 0.000408207 -0.00255551 -0.00211361 3.52942e-05 0.000919073 -0.000571427 -0.00165517
internal_weight=4434 630 129 3804 89 3446 790 239 102 68 46 2656 955 105 82 1701 1260 441 211 68 46 143 551 463 54 88 850 346 504 232
internal_count=4434 630 129 3804 89 3446 790 239 102 68 46 2656 955 105 82 1701 1260 441 211 68 46 143 551 463 54 88 850 346 504 232
cat_boundaries=0 1 2
cat_threshold=226 286
is_linear=0
shrinkage=0.03


Tree=229
num_leaves=31
num_cat=3
split_feature=20 20 9 12 13 9 9 19 5 12 1 8 19 1 5 20 2 8 17 19 9 7 11 1 8 17 7 2 5 8
split_gain=403.775 1.94138 1.40623 1.573 1.00487 0.924896 0.897576 0.534389 0.692058 0.504926 0.426365 0.500784 1.22299 1.83618 0.731494 0.788412 0.656115 0.647511 0.452083 0.445306 0.74527 0.712144 1.05909 0.85894 0.872956 1.71761 0.596709 0.586338 0.651021 0.561104
threshold=1.0000000180025095e-35 0.59889677441000055 0.36725018234865076 -1.0000000180025095e-35 -0.22252093395631442 0.42924872355944577 0.47191830780452232 0 0.20791075050709942 -0.60785761079279388 0.12239583333333334 0.20833669660143139 1 0.096354166666666671 0.16937119675456394 0.55313495128410028 0.096354166666666671 0.29888286581140178 0.28756173355752562 2 0.29431072210065656 0.058101126053317166 0.25000000000000017 0.065104166666666671 0.11389472806119225 0.31244149434090723 0.07280125748492898 0.023437500000000003 0.087390128465179198 0.14266440600799832
decision_type=2 2 2 2 2 2 2 1 2 2 2 2 1 2 2 2 2 2 2 1 2 2 2 2 2 2 2 2 2 2
left_child=2 7 -1 -4 -5 -6 -7 8 -2 -9 11 16 18 14 -14 17 19 -16 -13 20 29 27 23 24 -23 26 -26 28 -21 -11
right_child=1 -3 3 4 5 6 -8 9 -10 10 -12 12 13 -15 15 -17 -18 -19 -20 21 -22 22 -24 -25 25 -27 -28 -29 -30 -31
leaf_value=0 -5.8628283122321889e-06 0.0010564232341762395 0 0 0 0 0 5.9185383631593266e-05 -0.0003665430757568963 -4.3119798889900937e-06 0.00014785041324604997 0.00031772498465621596 0.00033223921307759389 -0.0005514071643783322 -0.00018287663768893643 7.1225469402793358e-06 0.00015832740202493509 -0.00030093558531987786 -0.00015689625888512784 -5.6027160552056605e-05 7.0616281616082751e-05 2.6209099956090072e-05 0.00015273460433545119 -2.0269412595378072e-05 -0.000111641738942979 -0.00031633814406178886 0.00012244105072887606 2.5439174414179383e-05 0.00049679406544339642 -9.4077206100433555e-05
leaf_weight=431 1034 358 74 24 22 21 58 685 20 72 136 73 49 24 25 20 152 28 32 40 429 30 94 111 26 43 22 248 24 29
leaf_count=431 1034 358 74 24 22 21 58 685 20 72 136 73 49 24 25 20 152 28 32 40 429 30 94 111 26 43 22 248 24 29
internal_value=-0.00337348 0.000310726 -0.025619 -0.0235325 -0.0214798 -0.0201681 -0.0216833 9.2281e-05 -0.000468045 0.000339717 6.50264e-05 -7.44747e-05 -0.00130278 -0.00296152 -0.00167212 -0.00357529 0.000159091 -0.00549046 0.0011739 -8.21916e-05 0.000555555 -0.00061111 -0.00160122 -0.00268964 -0.00443798 -0.00590103 -0.00199996 0.000403845 -0.00215622 -0.00175246
internal_weight=4434 3804 630 199 125 101 79 3446 1054 2392 1707 1571 251 146 122 73 1320 53 105 1168 530 638 326 232 121 91 48 312 64 101
internal_count=4434 3804 630 199 125 101 79 3446 1054 2392 1707 1571 251 146 122 73 1320 53 105 1168 530 638 326 232 121 91 48 312 64 101
cat_boundaries=0 1 2 3
cat_threshold=273 70 704
is_linear=0
shrinkage=0.03


Tree=230
num_leaves=31
num_cat=2
split_feature=20 10 1 9 16 9 3 19 19 16 8 20 20 8 5 8 20 6 4 10 8 18 2 8 9 8 13 12 5 8
split_gain=391.179 17.8959 1.63402 0.994678 0.873352 0.577812 0.692099 0.567763 0.53607 0.922651 1.11228 0.909821 0.874004 0.711138 0.591962 0.749757 0.833849 0.914117 0.722638 0.695865 0.947464 0.634906 0.589213 0.730679 1.03567 0.65231 0.571547 0.532308 0.43892 0.662399
threshold=1.0000000180025095e-35 0.25000000000000011 0.080729166666666671 0.20459518599562362 19.500000000000004 0.94493070751276453 0.16927083333333334 0 1 6.5000000000000009 0.12297886568393225 0.43741959702800254 0.30326947050547354 0.16223252142188269 0.23225152129817445 0.11649458497201322 0.36817239475186264 0.18229779119656767 0.013020833333333334 -0.6830127018922193 0.10895533537673048 0.48382352941176471 0.065104166666666671 0.12598499132066779 0.72611232676878201 0.130061071632813 1.0000000180025095e-35 1.0000000180025095e-35 0.12018255578093308 0.37367877865781685
decision_type=2 2 2 2 2 2 2 1 1 2 2 2 2 2 2 2 2 2 2 2 2 2 2 2 2 2 2 2 2 2
left_child=1 -1 5 4 -4 6 8 -5 9 10 12 13 -2 -12 15 16 18 -18 21 20 -19 26 23 -10 25 -25 27 -11 -27 -30
right_child=2 -3 3 7 -6 -7 -8 -9 22 14 11 -13 -14 -15 -16 -17 17 19 -20 -21 -22 -23 -24 24 -26 28 -28 -29 29 -31
leaf_value=0 -2.2865912511309142e-05 0 -0.00029071056211848247 0.00050672842540934189 1.0624401714841749e-05 -0.00034341427594964589 -0.00017298728333394167 0.0001485429823282328 1.7231804631250187e-05 -0.00013544756309320557 -0.00015724602176771471 -0.00031930622218181103 0.000199634014042656 2.7613015624393053e-05 -0.00011256581139235724 8.7528764195566534e-05 -0.00016341382444900682 0.00025036137201884552 6.3045631758372236e-05 0.00025826455825422433 -0.00031825692659484783 0.00029685049569732041 7.625328219799829e-05 -0.00028388481442773324 -0.00018174118921049807 0.00015092824365377881 -6.2188239652218651e-05 7.6809666269916343e-05 -4.2406479012710646e-07 -0.00023003628750690991
leaf_weight=566 39 33 30 412 32 41 27 531 785 32 28 33 69 22 23 473 25 23 232 84 31 21 437 31 28 63 43 30 193 20
leaf_count=566 39 33 30 412 32 41 27 531 785 32 28 33 69 22 23 473 25 23 232 84 31 21 437 31 28 63 43 30 193 20
internal_value=-0.00320013 -0.0257479 0.000318916 0.00135821 -0.00232254 -4.97704e-05 2.14911e-06 0.00160021 4.88247e-05 -0.000423645 -0.0023403 -0.00495175 -0.00033333 -0.00239995 -6.78464e-05 4.22536e-05 -0.000742801 -0.00252146 6.7039e-05 -0.00156521 -0.00422214 -0.00176189 0.000415443 5.35715e-05 -0.0011194 -0.000615633 -0.00271426 -0.000870954 -0.000152173 -0.000802813
internal_weight=4437 599 3838 1005 62 2833 2792 943 2765 1208 191 83 108 50 1017 994 521 163 358 138 54 126 1557 1120 335 307 105 62 276 213
internal_count=4437 599 3838 1005 62 2833 2792 943 2765 1208 191 83 108 50 1017 994 521 163 358 138 54 126 1557 1120 335 307 105 62 276 213
cat_boundaries=0 1 2
cat_threshold=98 593
is_linear=0
shrinkage=0.03


Tree=231
num_leaves=31
num_cat=2
split_feature=0 10 1 16 19 3 7 16 0 5 0 19 0 0 8 8 3 13 5 3 17 5 6 17 8 0 7 2 2 7
split_gain=390.007 17.8959 1.66318 0.712024 0.813309 0.605766 0.696583 0.875016 0.602299 0.958173 0.568315 0.550987 0.520274 0.51254 1.00597 1.50293 0.485573 0.468733 0.78978 0.786615 1.75932 0.987715 1.09956 0.769755 0.800405 1.61033 0.600596 0.598657 0.980776 0.846733
threshold=1.0000000180025095e-35 0.25000000000000011 0.080729166666666671 4.5000000000000009 0 0.16927083333333334 0.13674255023899876 23.500000000000004 0.4646856256676653 0.096179851250845175 0.49067235489645161 1 0.29573446711830759 0.61912653167645637 0.33361259514664277 0.42989024801819237 0.11197916666666667 1.0000000180025095e-35 0.043610547667342806 0.059895833333333336 0.33967321930048516 0.14503042596348886 0.30184331797235031 0.33490766743255901 0.095052845230286204 0.37409980390052772 0.050289727200146177 0.028645833333333336 0.065104166666666671 0.045545301323032777
decision_type=2 2 2 2 1 2 2 2 2 2 2 1 2 2 2 2 2 2 2 2 2 2 2 2 2 2 2 2 2 2
left_child=1 -1 3 4 -2 6 11 -8 9 12 -10 -5 -6 14 -4 -16 17 19 -19 21 27 22 23 -13 25 -25 -20 -21 29 -29
right_child=2 -3 13 5 8 -7 7 -9 10 -11 -12 16 -14 -15 15 -17 -18 18 26 20 -22 -23 -24 24 -26 -27 -28 28 -30 -31
leaf_value=0 5.1360131498762836e-05 0 0.00022752588351599465 0.00011953444809542185 -3.160445549660511e-06 -0.00016648602122160242 0.00011752771267091008 -0.00048604475659432336 -0.00024625302482513543 2.6455936599734265e-05 -0.00010045855827961525 -3.9363320363893631e-07 -0.00013590750818598458 0.0015169811285983953 -0.00019087829505865143 5.04379207996376e-05 0.00012521888173140639 -7.4623599290020936e-05 0.00013262054282784776 0.00042512203983368556 -0.00026665134832103604 0.00019353813992132159 -0.00012794700181224789 0.0001476696091793563 -9.3863047704664487e-06 -0.0001178556174852832 -1.9887442534508359e-06 -0.00022684981569537778 0.00019886027442983921 -8.5731172465224918e-05
leaf_weight=566 113 33 761 342 29 29 22 37 33 61 20 646 38 171 38 35 66 28 381 28 27 187 20 21 40 23 464 31 66 81
leaf_count=566 113 33 761 342 29 29 22 37 33 61 20 646 38 171 38 35 66 28 381 28 27 187 20 21 40 23 464 31 66 81
internal_value=-0.00323394 -0.0257479 0.000279833 -9.21283e-05 -0.00148979 6.97126e-05 0.000119522 -0.00310164 -0.00265444 -0.00168749 -0.00549046 0.000197062 -0.00416412 0.00132836 0.00102158 -0.00234243 1.2742e-05 -6.9016e-05 0.000457044 -0.000461538 -0.00202145 -7.36391e-05 -0.000559999 -0.000369862 -0.00307139 -0.0058635 0.000621301 -0.00107766 -0.00171909 -0.00342854
internal_weight=4437 599 3838 2833 294 2539 2510 59 181 128 53 2451 67 1005 834 73 2109 2043 873 1170 233 937 750 730 84 44 845 206 178 112
internal_count=4437 599 3838 2833 294 2539 2510 59 181 128 53 2451 67 1005 834 73 2109 2043 873 1170 233 937 750 730 84 44 845 206 178 112
cat_boundaries=0 1 2
cat_threshold=270 130
is_linear=0
shrinkage=0.03


Tree=232
num_leaves=31
num_cat=3
split_feature=0 10 19 0 1 7 8 0 8 19 0 11 6 2 9 4 8 7 17 17 19 0 7 4 13 9 17 11 9 6
split_gain=390.475 17.8959 1.38157 1.0045 0.587638 1.09911 0.42037 0.409997 0.749864 0.406609 0.519286 0.391655 1.92605 0.455617 0.639164 0.449034 0.690466 0.846965 1.64488 0.824194 0.785437 0.812661 1.01621 1.21954 0.553932 0.417108 0.401817 0.71798 0.587145 0.436217
threshold=1.0000000180025095e-35 0.25000000000000011 0 0.55313495128410028 0.15364583333333334 0.24899844287090053 0.096551327259016217 0.28110326190941948 0.10133922723468335 1 0.2426380079608694 -0.5 0.57880184331797246 0.096354166666666671 0.22137126185266232 0.14322916666666669 0.18375450283017666 0.089132082478676544 0.34766520237455956 0.26019062207471716 2 0.36531888204622426 0.056663942421223447 0.033854166666666671 1.0000000180025095e-35 0.64697301239970828 0.21453493319717479 0.93301270189221952 0.17396061269146609 0.34331797235023048
decision_type=2 2 1 2 2 2 2 2 2 1 2 2 2 2 2 2 2 2 2 2 1 2 2 2 2 2 2 2 2 2
left_child=1 -1 3 6 5 7 -2 8 9 10 -4 12 15 26 -15 16 17 19 -19 -9 -21 24 23 -23 -22 -26 -13 -28 -29 -30
right_child=2 -3 4 -5 -6 -7 -8 11 -10 -11 -12 13 -14 14 -16 -17 -18 18 -20 20 21 22 -24 -25 25 -27 27 28 29 -31
leaf_value=0 0.00025819824075935398 0 -3.6816194562746307e-05 0.00066744494982943429 0.0008771336786488976 -0.0010135459389870531 2.6731527708965857e-06 -0.00017704649846392328 -4.7071545554215326e-05 -4.1870636543919195e-05 6.474581314324934e-05 0.00021488834104119991 -0.00055292719897248068 -0.00017107419419873981 0.00031917773321466414 -0.00013259112040576928 0.00039933910208321256 -0.0003184123094223351 0.00024876746180707901 3.4685669520894425e-05 0.00016447919476013124 -0.00012262960915268808 7.5661824809219399e-06 -0.00043477940330864195 -4.7429519231469855e-05 0.00012617264873263805 3.2819167903741027e-06 -0.00015410979837346509 2.685632519038824e-05 -0.00020300065493758314
leaf_weight=566 128 33 32 431 72 21 638 30 22 119 81 61 26 29 127 25 91 27 23 341 93 41 39 27 33 35 1161 21 33 31
leaf_count=566 128 33 32 431 72 21 638 30 22 119 81 61 26 29 127 25 91 27 23 341 93 41 39 27 33 35 1161 21 33 31
internal_value=-0.00322042 -0.0257479 0.000295466 0.00113587 -8.94001e-05 -0.000164655 0.000493472 -0.00010832 -0.00125196 -0.000749997 0.000560971 1.83087e-05 -0.000501804 0.000313739 0.00184614 -0.000242236 -0.000115384 -0.000439767 -0.00419992 -0.00014554 9.3596e-05 -0.00110072 -0.00316819 -0.00538227 0.000204968 -0.00185291 0.000130834 1.44463e-05 -0.00264703 -0.00121873
internal_weight=4437 599 3838 1197 2641 2569 766 2548 254 232 113 2294 831 1463 156 805 780 689 50 639 609 268 107 68 161 68 1307 1246 85 64
internal_count=4437 599 3838 1197 2641 2569 766 2548 254 232 113 2294 831 1463 156 805 780 689 50 639 609 268 107 68 161 68 1307 1246 85 64
cat_boundaries=0 1 2 3
cat_threshold=162 257 77
is_linear=0
shrinkage=0.03


Tree=233
num_leaves=31
num_cat=1
split_feature=20 10 20 18 5 19 1 17 17 5 7 9 4 9 9 2 5 1 20 9 20 16 16 1 2 7 7 2 18 4
split_gain=391.648 17.8959 1.39107 0.764035 0.863645 0.726132 0.629066 1.23789 0.902923 0.55841 0.994699 0.824547 0.528836 0.676849 0.429626 0.649743 0.413641 0.824439 0.684909 0.483085 0.631413 0.780502 0.478468 1.56318 0.572391 0.528173 0.597226 0.761423 0.405967 0.400751
threshold=1.0000000180025095e-35 0.25000000000000011 0.59889677441000055 0.42794117647058827 0.26064908722109537 0 0.013020833333333334 0.2758488639264744 0.32306906777164635 0.22413793103448279 0.074812514672966332 0.72611232676878201 0.044270833333333336 0.60357403355215189 0.63493800145878942 0.11718750000000001 0.054597701149425297 0.018229166666666668 0.25848548626356976 0.57330415754923425 0.52080508158020811 25.500000000000004 6.5000000000000009 0.065104166666666671 0.065104166666666671 0.05326294979346325 0.047129306201442851 0.049479166666666671 0.50735294117647067 0.013020833333333334
decision_type=2 2 2 2 2 1 2 2 2 2 2 2 2 2 2 2 2 2 2 2 2 2 2 2 2 2 2 2 2 2
left_child=1 -1 3 4 -2 9 7 -7 -9 10 -5 12 13 -12 16 -16 17 -8 -19 20 22 -22 23 24 -18 26 -24 -28 -14 -27
right_child=2 -3 -4 5 -6 6 14 8 -10 -11 11 -13 28 -15 15 -17 19 18 -20 -21 21 -23 25 -25 -26 29 27 -29 -30 -31
leaf_value=0 3.2764042023527683e-06 0 0.00096417706623314796 3.7143408301898693e-05 -0.00047136189691128168 -9.303455274065799e-05 8.6594192388170869e-05 1.1996574351625054e-07 -0.00040491370698805406 0.00025209268690436985 -0.00017610607480819497 -0.00015899824006234244 1.2980539494493348e-05 4.1388624493220412e-05 -1.5725472770373203e-05 -0.00057490114173260629 1.0562895213353989e-05 0.00027561435380176559 -8.6411073535586931e-05 0.00026910095583738096 -0.00016272852139753729 0.00014113863996815067 0.00011271022424134244 -0.00019342373980130314 -5.6100207248217355e-05 -0.00016590557723270542 -0.00037714855396603071 0.00025276523804354403 -0.00024490098217930587 0.00014776514700909826
leaf_weight=566 42 33 349 1077 22 24 21 131 22 367 28 21 158 29 541 20 86 20 26 187 29 27 155 29 22 23 34 28 22 298
leaf_count=566 42 33 349 1077 22 24 21 131 22 367 28 21 158 29 541 20 86 20 26 187 29 27 155 29 22 23 34 28 22 298
internal_value=-0.00318661 -0.0257479 0.000334549 0.000153912 -0.0030937 0.000214599 -0.00021985 -0.00191524 -0.000921562 0.000651869 0.000370786 -0.00130232 -0.000797465 -0.00331573 -2.71668e-05 -0.000689838 0.000350254 -0.00192534 -0.00417382 0.000516339 0.000168263 -0.00289281 0.000422222 -0.00116058 0.000499995 0.000825277 -0.000317971 -0.00280641 1.11758e-10 0.00159813
internal_weight=4437 599 3838 3489 64 3425 1723 177 153 1702 1335 258 237 57 1546 561 985 67 46 918 731 56 675 137 108 538 217 62 180 321
internal_count=4437 599 3838 3489 64 3425 1723 177 153 1702 1335 258 237 57 1546 561 985 67 46 918 731 56 675 137 108 538 217 62 180 321
cat_boundaries=0 1
cat_threshold=426
is_linear=0
shrinkage=0.03


Tree=234
num_leaves=31
num_cat=1
split_feature=0 10 1 19 3 17 6 0 7 3 11 17 1 18 17 8 11 16 16 16 3 8 0 3 7 4 6 3 0 16
split_gain=390.007 17.8959 1.46434 0.838043 1.31655 1.20862 0.865481 0.752609 0.700242 1.59217 0.750421 0.851413 0.68317 0.843129 0.554161 0.547838 0.537304 1.61783 0.527588 1.23281 0.504775 0.489492 0.488332 0.504824 0.48729 0.591945 1.00346 0.613083 0.75501 0.480188
threshold=1.0000000180025095e-35 0.25000000000000011 0.12239583333333334 0 0.21093750000000003 0.37771253510339559 0.29539170506912449 0.50927314443444693 0.076340200555275337 0.10156250000000001 -0.9330127018922193 0.30945715551721215 0.085937500000000014 0.48970588235294121 0.22423623521402439 0.20477481889322038 0.93301270189221952 6.5000000000000009 18.500000000000004 13.500000000000002 0.065104166666666671 0.12021827079589249 0.29001749062968413 0.033854166666666671 0.044241043594304037 0.075520833333333343 0.19917368504687752 0.018229166666666668 0.35371632274308884 16.500000000000004
decision_type=2 2 2 1 2 2 2 2 2 2 2 2 2 2 2 2 2 2 2 2 2 2 2 2 2 2 2 2 2 2
left_child=1 -1 3 5 7 14 -7 8 10 12 11 -5 13 -10 -2 -9 22 -18 19 20 -12 29 23 -16 25 26 27 -20 -29 -21
right_child=2 -3 -4 4 -6 6 -8 15 9 -11 18 -13 -14 -15 16 -17 17 -19 24 21 -22 -23 -24 -25 -26 -27 -28 28 -30 -31
leaf_value=0 0.00010769250896519208 0 0.00055667380181723277 -1.0136585772999224e-07 -0.00018833710310254466 0.00045662299302725874 -0.00040127614441435629 0.00040207237034140837 -4.1583202214247151e-06 -0.0004003248190142828 1.5397058561436607e-06 -0.00032695080806195514 0.00033216776297121222 -0.00011931568138149064 -2.3262643804649581e-05 9.3194191831555719e-06 -0.00019566810001943406 8.2180762177396628e-06 0.00013383067421129249 -6.6205935042028499e-05 0.00036049945383246121 -0.00024809965799469974 -2.1871363757224602e-07 -5.7908229226176759e-05 0.00016594503238002089 -0.00012056850737732665 0.00034361514539098877 -8.0364802489362293e-06 -0.00012203613097557214 3.2665026355144521e-05
leaf_weight=566 75 33 379 106 21 20 33 313 147 27 263 40 43 31 182 173 21 30 80 29 88 28 1020 24 385 26 116 76 40 22
leaf_count=566 75 33 379 106 21 20 33 313 147 27 263 40 43 31 182 173 21 30 80 29 88 28 1020 24 385 26 116 76 40 22
internal_value=-0.00323394 -0.0257479 0.000279833 8.58631e-05 0.00047093 -0.000477031 -0.00492444 0.000550418 0.000226891 -0.00123387 0.000505773 -0.00152054 -0.000393663 -0.00121348 -0.000306213 0.00158024 -0.000453406 -0.00347052 0.000762358 -6.97672e-05 0.000692306 -0.00345565 -0.000327895 -0.00166019 0.00125726 0.000426034 0.000788459 -0.000520405 -0.00191378 -0.00170585
internal_weight=4437 599 3838 3459 2054 1405 53 2033 1547 248 1299 146 221 178 1352 486 1277 51 1153 430 351 79 1226 206 723 338 312 196 116 51
internal_count=4437 599 3838 3459 2054 1405 53 2033 1547 248 1299 146 221 178 1352 486 1277 51 1153 430 351 79 1226 206 723 338 312 196 116 51
cat_boundaries=0 1
cat_threshold=85
is_linear=0
shrinkage=0.03


Tree=235
num_leaves=31
num_cat=2
split_feature=0 10 0 9 14 19 10 13 9 18 2 17 3 9 17 2 8 19 7 0 16 16 0 9 3 8 17 6 5 9
split_gain=391.384 16.7414 1.71717 1.07663 0.723873 0.524581 0.794784 1.02854 0.47956 0.757328 0.866966 0.758373 0.639979 0.73977 0.600036 0.858837 0.624938 0.506976 0.490973 0.922504 1.41493 0.933995 0.705658 0.620504 0.899915 0.468235 0.884941 0.428426 0.860466 1.33352
threshold=1.0000000180025095e-35 0.25000000000000011 0.54460969367221124 0.20459518599562362 1.0000000180025095e-35 0 0.68301270189221941 -0.56174490092936669 0.17396061269146609 0.45441176470588235 0.070312500000000014 0.3353331631350524 0.16927083333333334 0.26659372720641877 0.30469747255552726 0.044270833333333336 0.12496481496433699 1 0.077483937672895853 0.45763877432200306 8.5000000000000018 28.500000000000004 0.50532152180681911 0.64843180160466829 0.059895833333333336 0.15839388229963916 0.2666185416354882 0.29815668202764983 0.16531440162271807 0.73668854850474119
decision_type=2 2 2 2 2 1 2 2 2 2 2 2 2 2 2 2 2 1 2 2 2 2 2 2 2 2 2 2 2 2
left_child=1 -1 4 -4 8 -5 7 -7 9 -2 11 14 13 -10 15 16 -11 18 19 25 -21 -22 -20 24 -23 26 -15 28 -19 -30
right_child=2 -3 3 5 -6 6 -8 -9 12 10 -12 -13 -14 17 -16 -17 -18 27 22 20 21 23 -24 -25 -26 -27 -28 -29 29 -31
leaf_value=0 0.00025764458198074052 0 -0.00016390487156978404 0.00052082292504341567 3.2115333118642168e-05 -0.00014497103841224732 0.00035164096997195 0.00044779075589873916 0.000142494726197695 -9.560506377232458e-06 -0.0002403939116281089 -7.9943746695465852e-05 -0.00030154309131706045 -0.00022353692618336262 6.4246565226990803e-05 2.8192164216120367e-05 -3.4699648333279818e-05 -1.8172742721380971e-07 0.0001918281012732382 -0.00034899896999991339 0.00028348163939968444 -3.7505156722421062e-06 -0.00021841946970045314 0.00020688458952557447 -0.00058190317636560066 8.2360406140436296e-05 -1.3567412733111294e-05 6.2581604822960652e-05 -5.0294592484416898e-06 -0.00036377285317701753
leaf_weight=570 27 35 30 447 836 36 129 90 129 20 34 22 27 30 54 34 20 695 118 29 26 20 34 22 20 55 394 391 30 21
leaf_count=570 27 35 30 447 836 36 129 90 129 20 34 22 27 30 54 34 20 695 118 29 26 20 34 22 20 55 394 391 30 21
internal_value=-0.00329152 -0.0257107 0.000259162 0.00156557 -5.0518e-05 0.00180342 0.000622639 -0.00104761 -0.000330373 -0.00169193 -0.00238042 -0.00139999 -0.000189613 -0.000128103 -0.000515621 -0.00227024 -0.00524987 -0.000278514 -0.000878627 -0.00127852 -0.00366664 -0.00177271 0.000631575 -0.00377413 -0.00599985 -0.000695197 -0.00103302 0.000122929 -0.000297587 -0.00405874
internal_weight=4425 605 3820 732 3088 702 255 126 2252 211 184 150 2041 2014 128 74 40 1885 748 596 117 88 152 62 40 479 424 1137 746 51
internal_count=4425 605 3820 732 3088 702 255 126 2252 211 184 150 2041 2014 128 74 40 1885 748 596 117 88 152 62 40 479 424 1137 746 51
cat_boundaries=0 1 2
cat_threshold=554 23
is_linear=0
shrinkage=0.03


Tree=236
num_leaves=31
num_cat=2
split_feature=20 10 20 9 12 19 10 16 11 8 9 17 7 11 17 20 19 2 7 16 5 8 11 12 5 5 20 5 7 9
split_gain=392.568 16.7414 1.6155 1.07663 0.570759 0.524581 0.794784 0.818561 0.826514 0.851916 0.394555 0.471841 0.622936 1.29273 0.942236 0.540456 0.472411 0.624542 0.387361 0.380226 0.347959 0.457672 0.417192 0.439503 0.414157 0.693764 0.533856 0.431188 0.596231 0.384116
threshold=1.0000000180025095e-35 0.25000000000000011 0.54460969367221124 0.20459518599562362 -0.60785761079279388 0 0.68301270189221941 26.500000000000004 0.6830127018922193 0.20622435817705217 0.60649161196207169 0.34665134882137699 0.068961761325797011 0.25000000000000017 0.31329248574589402 0.45545294682155407 1 0.039062500000000007 0.12709435447866013 5.5000000000000009 0.041582150101419885 0.05510721489648298 -0.24999999999999994 0.6078576107927941 0.069979716024340791 0.048005409060175801 0.326218804716498 0.055780933062880331 0.03471521951185539 0.17396061269146609
decision_type=2 2 2 2 2 1 2 2 2 2 2 2 2 2 2 2 1 2 2 2 2 2 2 2 2 2 2 2 2 2
left_child=1 -1 4 -4 10 -5 7 -7 9 -9 11 12 16 14 -14 -15 17 -2 20 -8 22 -22 -6 -24 25 -23 27 28 -27 -26
right_child=2 -3 3 5 18 6 19 8 -10 -11 -12 -13 13 15 -16 -17 -18 -19 -20 -21 21 24 23 -25 29 26 -28 -29 -30 -31
leaf_value=0 4.1255309593024987e-05 0 -0.00015898772542268977 0.00050519823729211347 3.9208232156381748e-06 -0.0010215516771709203 -5.9555841237966658e-05 0.00058403101261354676 0.00088936728788386731 -0.00028383005068846883 9.1903184547021549e-05 0.00027216071442563532 -5.4631684216844335e-05 -9.2973667013081194e-05 -0.0003171965041039539 0.00023655569509083369 0.00017714704280591005 -0.00016382276573074985 0.00010775185874592991 0.0005109032397357349 0.00014155980028980191 4.8271225688666583e-06 -1.5640588778026028e-05 -4.2944566879570941e-05 -3.6313450942948194e-05 -2.2399832844136165e-05 -2.3838542865037931e-05 -8.0951938750640568e-06 -0.00015036506578524039 -1.2562093368831343e-06
leaf_weight=570 77 35 30 447 25 28 20 23 49 26 333 80 26 32 26 49 169 44 49 109 70 39 21 20 181 42 22 126 27 1630
leaf_count=570 77 35 30 447 25 28 20 23 49 26 333 80 26 32 26 49 169 44 49 109 70 39 21 20 181 42 22 126 27 1630
internal_value=-0.00325763 -0.0257107 0.000298429 0.00156557 -1.94289e-06 0.00180342 0.000622639 -0.00104761 0.000244896 -0.00251015 0.000667463 0.000137177 -0.000262411 -0.00196239 -0.00565374 0.000407402 0.00051724 -0.000893123 -0.000250444 0.00230231 -0.000309124 -0.000242864 -0.00245451 -0.00431697 -0.000323657 -0.00145312 -0.0021152 -0.00161538 -0.00352169 -0.000163998
internal_weight=4425 605 3820 732 3088 702 255 126 98 49 836 503 423 133 52 81 290 121 2252 129 2203 2137 66 41 2067 256 217 195 69 1811
internal_count=4425 605 3820 732 3088 702 255 126 98 49 836 503 423 133 52 81 290 121 2252 129 2203 2137 66 41 2067 256 217 195 69 1811
cat_boundaries=0 1 2
cat_threshold=554 833
is_linear=0
shrinkage=0.03


Tree=237
num_leaves=31
num_cat=2
split_feature=20 10 20 9 19 10 1 12 3 3 18 20 5 17 3 20 1 19 6 12 7 18 7 1 20 7 6 7 2 6
split_gain=390.911 16.7414 1.65137 1.06083 0.605649 0.693762 0.441792 0.434641 0.468223 0.540929 0.950456 0.797518 0.833293 0.547849 0.970533 1.26279 0.629279 0.48456 0.655038 1.15202 0.982769 0.839914 0.635333 0.654353 1.334 0.726876 0.572592 0.786498 0.486787 0.478411
threshold=1.0000000180025095e-35 0.25000000000000011 0.54460969367221124 0.20459518599562362 0 0.25000000000000011 0.11197916666666667 -0.60785761079279388 0.16927083333333334 0.091145833333333343 0.47500000000000003 0.48742419676937737 0.22413793103448279 0.24210705471874738 0.075520833333333343 0.43842350831776183 0.096354166666666671 1 0.28433179723502316 0.6078576107927941 0.053262949793462168 0.47205882352941181 0.042465602066792146 0.054687500000000007 0.41236253695532932 0.045406247467067069 0.32119815668202772 0.068961761325797011 0.023437500000000003 0.12841252184967428
decision_type=2 2 2 2 1 2 2 2 2 2 2 2 2 2 2 2 2 1 2 2 2 2 2 2 2 2 2 2 2 2
left_child=1 -1 7 -4 -5 6 -6 -2 9 13 -11 -12 -13 14 15 -9 17 18 20 26 22 -21 28 24 25 -24 27 -20 -15 -30
right_child=2 -3 3 4 5 -7 -8 8 -10 10 11 12 -14 16 -16 -17 -18 -19 19 21 -22 -23 23 -25 -26 -27 -28 -29 29 -31
leaf_value=0 2.7698952945389595e-05 0 -0.00015421809366000981 0.00049004229017335008 -0.001025823999039728 0.00034447748100733855 4.9809268747544161e-05 -3.2972634157609992e-05 -0.00028332341372832361 0.00014624389955727473 2.5879907604494199e-05 -0.00029868489682250034 7.7138778444933763e-05 -1.4129937612840848e-05 0.00017217348501028103 -0.00041032830749928797 0.00016337594406716497 1.6676033472155715e-07 2.6241451124931568e-05 -0.00046198226934271105 2.478451626034815e-05 -0.00015092745080368656 -8.6954145033437294e-05 7.8162524735135865e-05 -0.00047293672589904137 2.5231194194454431e-05 0.00010810382893709611 -0.00012138552061331051 8.4309577394103011e-05 -1.3142025643740409e-05
leaf_weight=570 836 35 30 447 25 200 30 34 30 151 57 30 24 147 27 22 110 1003 39 25 226 35 21 26 21 39 27 31 48 79
leaf_count=570 836 35 30 447 25 200 30 34 30 151 57 30 24 147 27 22 110 1003 39 25 226 35 21 26 21 39 27 31 48 79
internal_value=-0.00330508 -0.0257107 0.000243456 0.00152459 0.00176068 0.000509432 -0.0024545 -6.0233e-05 -0.000277087 -0.000226822 0.00105343 -0.00105404 -0.0036666 -0.000397959 -0.0027831 -0.00503562 -0.000292488 -0.000429541 -0.000992247 -0.00273247 -0.000558483 -0.0059999 -0.00148818 -0.00344857 -0.00477772 -0.00249996 -0.000711333 -0.00214283 -0.000722625 0.00063779
internal_weight=4425 605 3820 732 702 255 55 3088 2252 2222 262 111 54 1960 83 56 1877 1767 764 157 607 60 381 107 81 60 97 70 274 127
internal_count=4425 605 3820 732 702 255 55 3088 2252 2222 262 111 54 1960 83 56 1877 1767 764 157 607 60 381 107 81 60 97 70 274 127
cat_boundaries=0 1 2
cat_threshold=554 29
is_linear=0
shrinkage=0.03


Tree=238
num_leaves=31
num_cat=0
split_feature=0 10 0 11 11 13 0 7 3 18 3 17 3 6 0 17 7 17 6 10 16 3 2 10 13 17 17 17 5 6
split_gain=391.621 16.7414 1.55758 0.633628 0.761731 0.855027 1.24614 0.574373 0.563267 0.547277 0.594649 0.62391 0.712962 0.546757 1.66335 0.512217 0.799993 0.502856 0.557683 0.46091 0.439551 0.402883 0.657826 0.371903 1.11995 0.353029 0.294997 0.748521 0.710123 0.420798
threshold=1.0000000180025095e-35 0.25000000000000011 0.5896914389629998 0.6830127018922193 0.93301270189221952 1.0000000180025095e-35 0.52923474082410504 0.05326294979346325 0.10677083333333334 0.42794117647058827 0.080729166666666671 0.31529818445385432 0.11718750000000001 0.24377880184331804 0.41625612619461377 0.21947068334609829 0.070965636238045124 0.24210705471874738 0.44930875576036872 -0.5 6.5000000000000009 0.11197916666666667 0.049479166666666671 1.0000000180025095e-35 -0.56174490092936669 0.25261679857033453 0.30469747255552726 0.30297185109541513 0.062677484787018276 0.25259812490068334
decision_type=2 2 2 2 2 2 2 2 2 2 2 2 2 2 2 2 2 2 2 2 2 2 2 2 2 2 2 2 2 2
left_child=1 -1 3 9 7 6 8 13 15 -2 17 21 19 14 -5 -6 -17 18 -11 -13 -7 -12 -23 24 -4 -19 27 -27 -29 -28
right_child=2 -3 23 4 5 20 -8 -9 -10 10 11 12 -14 -15 -16 16 -18 25 -20 -21 -22 22 -24 -25 -26 26 29 28 -30 -31
leaf_value=0 -4.500799832043041e-05 0 -0.00028340508076336407 8.1840978170607951e-06 2.6073814830486554e-05 -9.2514925011881151e-06 -0.00048457668621231382 0.00036277416918659839 9.4235326862152004e-05 1.0078156202252837e-05 0.00018465384484361418 -8.9137303602450645e-05 -0.00041100214324413871 0.00047494716529792463 -0.00031018441113086869 -0.00031963566130344579 1.9427780655906498e-05 0.00043203813177264145 -0.00015905939777732071 2.992939827496747e-05 0.0001204551326193401 -6.1257545140930986e-05 0.00014100634912271373 0.00085108775473574996 0.00067316485195506256 -8.0042819038717314e-06 9.4078934793056678e-06 -0.00018713978441415582 -2.9846633658319119e-05 -3.0073175917656434e-05
leaf_weight=570 41 35 20 69 37 26 20 292 26 20 186 39 25 54 20 25 21 30 21 69 65 26 111 348 50 820 787 21 34 517
leaf_count=570 41 35 20 69 37 26 20 292 26 20 186 39 25 54 20 25 21 30 21 69 65 26 111 348 50 820 787 21 34 517
internal_value=-0.00328474 -0.0257107 0.000267016 5.46738e-05 0.000893128 -0.000545452 -0.00211626 0.00162069 -0.000853203 -0.000145249 -9.31262e-05 0.000894735 -0.00083458 6.29367e-05 -0.00138201 -0.00206022 -0.00417382 -0.000293333 -0.00358528 0.00022222 0.0016813 0.00160681 0.00037226 0.00199521 1.11757e-10 -0.000232232 -0.000276732 -0.000702856 -0.00409083 9.20256e-06
internal_weight=4425 605 3820 3402 655 220 129 435 109 2747 2706 456 133 143 89 83 46 2250 41 108 91 323 137 418 70 2209 2179 875 55 1304
internal_count=4425 605 3820 3402 655 220 129 435 109 2747 2706 456 133 143 89 83 46 2250 41 108 91 323 137 418 70 2209 2179 875 55 1304
is_linear=0
shrinkage=0.03


Tree=239
num_leaves=31
num_cat=1
split_feature=0 10 0 8 0 11 19 16 5 4 8 18 3 17 3 17 5 10 8 8 13 5 8 8 8 8 0 8 9 4
split_gain=392.331 16.7414 1.5154 0.581628 0.681645 0.529124 0.618957 0.760313 1.24925 0.646559 0.758792 0.561265 0.704306 0.722465 0.712962 0.541662 0.581811 0.46091 0.38571 0.359036 0.795029 0.641001 0.595079 0.713143 0.441995 0.381218 0.333843 0.396112 0.363895 0.338407
threshold=1.0000000180025095e-35 0.25000000000000011 0.5896914389629998 0.36060968689366818 0.62126974362323695 0.6830127018922193 0 6.5000000000000009 0.14858012170385398 0.049479166666666671 0.34438673485346721 0.42794117647058827 0.080729166666666671 0.31529818445385432 0.11718750000000001 0.32988681814313686 0.12018255578093308 -0.5 0.047036063606218641 0.20477481889322038 -0.56174490092936669 0.22008113590263692 0.18264427710219064 0.17890958504461263 0.16747484369433055 0.16407443063010999 0.50927314443444693 0.15839388229963916 0.94493070751276453 0.096354166666666671
decision_type=2 2 2 2 2 2 1 2 2 2 2 2 2 2 2 2 2 2 2 2 2 2 2 2 2 2 2 2 2 2
left_child=1 -1 5 -4 -5 11 -7 8 -8 10 15 -2 18 -14 17 16 -9 -15 -13 22 -21 -22 23 24 25 26 27 28 29 -20
right_child=2 -3 3 4 -6 6 7 9 -10 -11 -12 12 13 14 -16 -17 -18 -19 19 20 21 -23 -24 -25 -26 -27 -28 -29 -30 -31
leaf_value=0 -4.3657758370818047e-05 0 0.00083902834475697787 -0.00020359111837910511 0.00093684583142247509 0.00019018074910698835 1.0871729822059633e-05 3.0720721152308575e-05 -0.00042829533138018857 0.00021112873553678666 -0.00011025425912191805 8.2985281014162846e-05 0.00011737240098289701 -8.6463184494377514e-05 -0.0003986720789468131 0.00034743847951035681 -2.5896553239653756e-05 2.9031516326718892e-05 -7.3430823030947744e-06 -0.00013269553258534668 0.00031021074483999415 -0.00010300861016415655 0.00029727419140902479 -0.00010432526954538646 0.00027422720824812696 -0.00036442823462342369 0.00015244685514521962 0.00023405289959572853 -4.2488804255214703e-05 -0.00027397036914060714
leaf_weight=570 41 35 335 31 52 253 49 33 33 149 20 63 323 39 25 81 37 69 1765 20 25 27 81 20 52 20 82 30 20 45
leaf_count=570 41 35 335 31 52 253 49 33 33 149 20 63 323 39 25 81 37 69 1765 20 25 27 81 20 52 20 82 30 20 45
internal_value=-0.00326441 -0.0257107 0.000290576 0.00199521 -0.000253009 8.11288e-05 0.000847327 8.73785e-05 -0.00248777 0.000749998 -0.000508769 -0.000101565 -4.87804e-05 0.00102631 -0.00083458 0.000218542 -0.00171426 0.00022222 -0.000266666 -0.000333333 -0.00241663 -0.000461529 -0.000262411 -0.000362832 -0.000306852 -0.000379205 -0.000336766 -0.000419354 -0.000475409 -0.000430939
internal_weight=4425 605 3820 418 83 3402 655 402 82 320 171 2747 2706 456 133 151 70 108 2250 2187 72 52 2115 2034 2014 1962 1942 1860 1830 1810
internal_count=4425 605 3820 418 83 3402 655 402 82 320 171 2747 2706 456 133 151 70 108 2250 2187 72 52 2115 2034 2014 1962 1942 1860 1830 1810
cat_boundaries=0 1
cat_threshold=354
is_linear=0
shrinkage=0.03


Tree=240
num_leaves=31
num_cat=1
split_feature=0 10 0 2 6 19 6 16 5 5 17 16 18 7 5 1 9 5 0 0 7 10 16 16 16 9 17 18 6 5
split_gain=408.568 13.5144 1.40301 0.512862 0.561625 0.637173 0.701027 0.681793 0.731271 0.532041 0.790817 0.573976 0.488529 0.59278 0.549416 0.481076 0.664491 0.547419 0.54053 1.0529 0.787192 1.09582 1.79302 0.780586 1.15401 1.76329 1.4071 0.488577 0.559395 1.04767
threshold=1.0000000180025095e-35 0.25000000000000011 0.5896914389629998 0.17968750000000003 0.29631336405529957 0 0.65115207373271911 3.5000000000000004 0.29513184584178503 0.15838404327248143 0.3358437579780445 7.5000000000000009 0.47205882352941181 0.076340200555275337 0.16734279918864101 0.023437500000000003 0.64843180160466829 0.052400270453008796 0.36531888204622426 0.39191207165358427 0.049184323483876809 0.25000000000000011 18.500000000000004 28.500000000000004 13.500000000000002 0.34390955506929255 0.29201770062122379 0.47500000000000003 0.20519397970534159 0.062677484787018276
decision_type=2 2 2 2 2 1 2 2 2 2 2 2 2 2 2 2 2 2 2 2 2 2 2 2 2 2 2 2 2 2
left_child=1 -1 3 4 9 6 7 -6 -9 10 15 -11 13 -13 -14 16 27 -17 -19 20 -20 22 -22 24 -21 -26 -27 28 29 -2
right_child=2 -3 -4 -5 5 -7 -8 8 -10 11 -12 12 14 -15 -16 17 -18 18 19 23 21 -23 -24 -25 25 26 -28 -29 -30 -31
leaf_value=0 -1.4867817625544928e-05 0 0.00065879698882296341 -0.00040797582912437716 -0.00020397118311517656 7.5712269446293629e-05 -0.00042284911421198225 3.3385724961021546e-05 -9.7298664663558352e-05 -0.00034236235618214999 5.8315809753911283e-05 -6.9284574835807477e-05 -0.00013621995680937972 -0.00042882314012791843 0.00029651143596288342 -5.3590573588467244e-05 7.405104789966606e-06 0.00010730250975174662 -3.0952145055054879e-05 4.3250477611102564e-05 -3.5339468211504535e-06 0.00025922373633922071 -0.00033755971011762586 0.00011589322736657122 0.00013595155290306566 -0.00011657928022482758 -0.00042310485299514511 -2.9292057458927211e-07 -4.9180358033987108e-06 -5.5429796092513303e-05
leaf_weight=589 107 31 402 25 40 779 21 458 35 23 284 26 40 24 86 37 172 274 92 126 29 27 31 295 30 21 29 125 94 72
leaf_count=589 107 31 402 25 40 779 21 458 35 23 284 26 40 24 86 37 172 274 92 126 29 27 31 295 30 21 29 125 94 72
internal_value=-0.00340145 -0.0259838 0.00027918 8.11288e-05 0.000112822 0.000591898 -0.000191489 1.68856e-05 0.000322515 -0.000199608 -4.06503e-05 -0.00167336 -0.0010909 -0.00359993 -9.52372e-05 -0.000305573 -0.000999998 9.38446e-05 0.000232704 -0.000220588 -0.00219552 -0.00424133 -0.00649989 0.000485029 -0.000932034 -0.00374995 -0.00719986 -0.00167336 -0.00238461 -0.0033687
internal_weight=4424 620 3804 3402 3377 1333 554 533 493 2044 1845 199 176 50 126 1561 570 991 954 680 179 87 60 501 206 80 50 398 273 179
internal_count=4424 620 3804 3402 3377 1333 554 533 493 2044 1845 199 176 50 126 1561 570 991 954 680 179 87 60 501 206 80 50 398 273 179
cat_boundaries=0 1
cat_threshold=645
is_linear=0
shrinkage=0.03


Tree=241
num_leaves=31
num_cat=1
split_feature=0 10 0 2 19 7 4 13 17 7 17 2 7 9 7 3 17 17 17 9 17 0 17 17 2 3 7 18 7 9
split_gain=409.55 13.5144 1.27236 0.627746 0.588722 0.980627 0.757361 0.713527 0.891093 0.96851 0.700278 0.574383 0.571494 0.457392 1.0992 0.696838 0.46894 0.997504 0.47659 1.21157 0.600006 0.42556 0.40857 0.406121 0.564003 0.403737 0.757536 0.366386 0.453769 0.378869
threshold=1.0000000180025095e-35 0.25000000000000011 0.59889677441000055 0.049479166666666671 0 0.12930297617133865 0.065104166666666671 -0.56174490092936669 0.34822568292060257 0.067389213475357965 0.19138796698153357 0.14843750000000003 0.10150446750004584 0.12946754194018967 0.053262949793462168 0.044270833333333336 0.21947068334609829 0.23951153093353761 0.34110156435695865 0.76549963530269882 0.33967321930048516 0.54460969367221124 0.25712705301676458 0.35826738149944698 0.023437500000000003 0.044270833333333336 0.060055430377196566 0.48970588235294121 0.086056542320642804 0.74872355944566016
decision_type=2 2 2 2 1 2 2 2 2 2 2 2 2 2 2 2 2 2 2 2 2 2 2 2 2 2 2 2 2 2
left_child=1 -1 3 13 11 7 -7 8 9 25 -9 -5 -13 14 -2 -16 -15 -18 20 23 22 -12 -19 -20 -25 -6 -27 29 -29 -24
right_child=2 -3 -4 4 5 6 -8 10 -10 -11 21 12 -14 16 15 -17 17 18 19 -21 -22 -23 27 24 -26 26 -28 28 -30 -31
leaf_value=0 1.0616883605979149e-06 0 0.00088656514718909074 7.4592388208897896e-05 -0.0001836680570982695 -0.00094134287211081712 -0.00015872798771368542 -0.00020134415569407791 -0.00025572889832567002 0.00029682679844292471 2.5624170678994135e-05 0.00028655985211470744 -0.0003757092047739768 0.00011915156574918612 -0.00031927193104313906 -2.2517815010697878e-05 -0.00018378032291653106 0.00033685371984654595 0.00030113978973852736 -6.4935645987056491e-05 -0.00028467245580231985 0.0004504241246681572 -1.3844193891789556e-05 -4.7713634600133119e-05 0.00018581427848515848 5.6041716275335262e-05 -2.5680485501274632e-05 0.00012936053850349841 -0.00017472797696210831 6.3342412109924166e-05
leaf_weight=589 79 31 330 804 34 21 30 33 30 75 381 30 26 60 29 26 22 50 139 32 27 91 834 37 77 55 20 267 38 127
leaf_count=589 79 31 330 804 34 21 30 33 30 75 381 30 26 60 29 26 22 50 139 32 27 91 834 37 77 55 20 267 38 127
internal_value=-0.00337432 -0.0259838 0.000310726 0.000141624 0.000570552 -3.84614e-05 -0.00405874 0.000246175 -0.0012056 -0.000423911 0.000861385 0.00110345 -0.0018214 -0.000237527 -0.00192536 -0.00518172 -0.000105263 -0.0002 -0.00011425 0.000999997 -0.000350707 0.00115678 -0.000259878 0.00169565 0.000368418 -0.00222934 -0.000999987 -0.000364929 0.000540982 -0.000652445
internal_weight=4424 620 3804 3474 1630 770 51 719 214 184 505 860 56 1844 134 55 1710 1650 1628 285 1343 472 1316 253 114 109 75 1266 305 961
internal_count=4424 620 3804 3474 1630 770 51 719 214 184 505 860 56 1844 134 55 1710 1650 1628 285 1343 472 1316 253 114 109 75 1266 305 961
cat_boundaries=0 1
cat_threshold=334
is_linear=0
shrinkage=0.03


Tree=242
num_leaves=31
num_cat=0
split_feature=0 10 0 8 8 5 6 0 9 8 9 13 17 3 8 0 3 0 10 2 18 5 5 2 18 17 17 18 18 17
split_gain=409.55 13.5144 1.18246 0.963331 1.0627 0.54085 0.508894 0.480752 0.677231 0.698498 0.594269 0.437877 0.577618 1.42852 0.512082 1.3213 0.850555 0.548664 0.540053 0.835329 1.42698 1.4437 0.660238 0.450251 0.426033 0.402001 0.451251 0.95472 0.377537 0.971588
threshold=1.0000000180025095e-35 0.25000000000000011 0.57040581497477094 0.33361259514664277 0.42989024801819237 0.072008113590263698 0.12324805339265853 0.31455013405668064 0.5087527352297595 0.089560300767560053 0.65134938001458809 -0.56174490092936669 0.35826738149944698 0.049479166666666671 0.20833669660143139 0.53546325041373666 0.091145833333333343 0.47298069797152514 -0.6830127018922193 0.033854166666666671 0.46911764705882358 0.15111561866125764 0.15111561866125764 0.0078125000000000017 0.48382352941176471 0.36673474597906569 0.25453152923155481 0.42794117647058827 0.46029411764705885 0.29201770062122379
decision_type=2 2 2 2 2 2 2 2 2 2 2 2 2 2 2 2 2 2 2 2 2 2 2 2 2 2 2 2 2 2
left_child=1 -1 5 -4 -5 7 -7 10 -9 -10 -2 12 14 -14 18 16 17 -16 19 -8 -21 -22 28 -13 -23 26 -25 -28 29 -20
right_child=2 -3 3 4 -6 6 11 8 9 -11 -12 23 13 -15 15 -17 -18 -19 22 20 21 24 -24 25 -26 -27 27 -29 -30 -31
leaf_value=0 -9.1896715964698866e-06 0 0.00055560287371497828 -0.00023759557162901477 0.00021492119041004764 0.00077037607229585726 8.5379101401477096e-05 0.00021677337286236768 -1.9952368019320569e-05 -3.8394329909418223e-05 2.1656406521870851e-05 -0.00017439118889950433 0.00015123296153059644 -0.0001736145403332947 1.9521176376834702e-05 -0.00013666890897379573 0.00015395059588265258 -0.00015699766218939604 7.7484412633721183e-05 0.00010040249135618029 -0.00040608984120204589 0.00036882045725562985 0.00025193753109201193 3.3874537308472774e-05 -6.9304456413670339e-05 0.00029059886088154247 -9.5504371673811478e-05 6.1672126359786841e-06 2.8899809582476967e-05 -0.00019462374514389596
leaf_weight=589 329 31 446 37 57 60 33 21 31 23 137 22 35 35 28 20 37 22 22 48 30 21 148 265 30 115 24 1479 229 20
leaf_count=589 329 31 446 37 57 60 33 21 31 23 137 22 35 35 28 20 37 22 22 48 30 21 148 265 30 115 24 1479 229 20
internal_value=-0.00337432 -0.0259838 0.000310726 0.00161111 -0.00114892 9.55883e-05 0.000267719 -0.000770793 -0.00299996 -0.00477769 -0.000412016 0.000206158 -0.000403693 -0.00299996 -0.000139535 -0.00204671 -0.000448271 -0.00299994 0.000211704 -0.00125925 -0.00234882 -0.00477772 0.000780428 0.000448819 -0.00170585 0.000498672 0.000386878 0.000185629 -9.96305e-05 -0.00271422
internal_weight=4424 620 3804 540 94 3264 2723 541 75 54 466 2663 758 70 688 107 87 50 581 162 129 81 419 1905 51 1883 1768 1503 271 42
internal_count=4424 620 3804 540 94 3264 2723 541 75 54 466 2663 758 70 688 107 87 50 581 162 129 81 419 1905 51 1883 1768 1503 271 42
is_linear=0
shrinkage=0.03


Tree=243
num_leaves=31
num_cat=1
split_feature=0 10 1 17 0 8 0 10 18 5 6 1 8 8 7 7 9 12 13 19 0 16 8 17 7 17 17 5 8 3
split_gain=408.813 13.5144 1.15981 0.804396 0.685699 0.774599 0.87319 0.558786 0.5536 0.530839 0.509017 0.495322 0.483578 1.02026 0.471401 0.95697 0.480861 0.382637 0.365015 0.970441 1.45909 1.54015 0.483028 0.343167 0.519695 0.416174 1.17306 0.34254 0.507954 0.412926
threshold=1.0000000180025095e-35 0.25000000000000011 0.085937500000000014 0.43633165971690363 0.61433241398902261 0.33361259514664277 0.58315943199673659 -0.6830127018922193 0.50735294117647067 0.072008113590263698 0.12324805339265853 0.0078125000000000017 0.20833669660143139 0.22119407178140213 0.040747545603109198 0.043866641571054833 0.60649161196207169 1.0000000180025095e-35 -0.56174490092936669 0 0.48742419676937737 16.500000000000004 0.090788790738736233 0.3560973534167306 0.057482738463101604 0.31759145956763773 0.33831163305250628 0.040398918187964851 0.06230738714895611 0.039062500000000007
decision_type=2 2 2 2 2 2 2 2 2 2 2 2 2 2 2 2 2 2 2 1 2 2 2 2 2 2 2 2 2 2
left_child=1 -1 3 8 5 7 17 -4 9 14 -11 -12 -9 -14 16 -16 27 -7 19 20 22 -22 -13 24 25 -21 -27 -2 -29 -30
right_child=2 -3 4 -5 -6 6 -8 12 -10 10 11 18 13 -15 15 -17 -18 -19 -20 23 21 -23 -24 -25 -26 26 -28 28 29 -31
leaf_value=0 -6.3636405948626357e-05 0 -3.0037142984613706e-05 -0.00013440986829793021 0.0013279536930524691 0.0002008007020160835 -0.00035972450831291857 0.00041469076932040897 -0.00015485690056673076 0.00074726479012698173 -5.7713485102387094e-05 -7.6867168754927873e-05 -0.00027707016304576659 0.00029599492033309451 -3.1702019637616981e-05 -4.9964061372453048e-06 9.7736870709149523e-06 -0.00010389835849187608 9.6663932336573287e-06 6.7054623265001538e-05 3.3631597326941162e-05 -0.00022980058771048786 -3.0089007055066807e-06 -2.079546272207141e-05 0.00019899302094915673 -0.000364036220810107 0.00021637038293320646 0.0001882459003053839 -2.7017623959126756e-05 4.4102058080743847e-05
leaf_weight=589 34 31 110 20 188 21 20 374 24 60 20 29 31 126 21 48 196 28 1629 102 22 35 212 20 142 29 21 61 146 35
leaf_count=589 34 31 110 20 188 21 20 374 24 60 20 29 31 126 21 48 196 28 1629 102 22 35 212 20 142 29 21 61 146 35
internal_value=-0.00339466 -0.0259838 0.000287066 -4.12927e-06 0.0012294 0.000802816 -0.00221736 0.00112792 3.74221e-05 7.54718e-05 0.000272727 0.000200354 0.00153107 0.000133757 -0.000770793 -0.00308691 -0.000432202 -6.12231e-05 0.000242303 -0.000382352 -0.00157792 -0.00594726 -0.000609956 0.000777775 0.00106122 -0.000157894 -0.00239995 -0.00123913 -0.000842972 -0.00164087
internal_weight=4424 620 3804 2906 898 710 69 641 2886 2862 2321 2261 531 157 541 69 472 49 2241 612 298 57 241 314 294 152 50 276 242 181
internal_count=4424 620 3804 2906 898 710 69 641 2886 2862 2321 2261 531 157 541 69 472 49 2241 612 298 57 241 314 294 152 50 276 242 181
cat_boundaries=0 1
cat_threshold=557
is_linear=0
shrinkage=0.03


Tree=244
num_leaves=31
num_cat=0
split_feature=0 1 9 12 0 11 3 17 9 8 12 0 18 17 11 7 8 3 7 7 6 7 8 8 6 6 6 17 8 18
split_gain=409.304 1.377 0.912457 1.69902 0.603037 0.578387 0.723032 0.773642 0.671715 0.616542 0.999069 0.550989 0.540982 0.457746 0.424421 0.65844 0.605204 0.599436 0.348838 0.457684 0.319721 0.967832 0.924866 0.552224 0.47916 0.465775 0.743047 0.716867 1.41933 1.22963
threshold=1.0000000180025095e-35 0.085937500000000014 0.36725018234865076 0.6078576107927941 0.61433241398902261 -0.5 0.10156250000000001 0.31173942643179314 0.20459518599562362 0.34438673485346721 1.0000000180025095e-35 0.51552759237848311 0.50735294117647067 0.43633165971690363 0.6830127018922193 0.020441236365108594 0.19814297748565238 0.044270833333333336 0.052639969885266709 0.048735142171201735 0.32488479262672815 0.094404316164656679 0.21743680224164993 0.28621043842988975 0.39493087557603695 0.24557444779914192 0.21787360105332459 0.33967321930048516 0.12257353191986238 0.47205882352941181
decision_type=2 2 2 2 2 2 2 2 2 2 2 2 2 2 2 2 2 2 2 2 2 2 2 2 2 2 2 2 2 2
left_child=2 12 -1 -4 5 6 -3 -8 11 -10 -11 -7 13 14 20 -16 18 -18 19 -17 25 -22 24 -24 -23 26 -2 -27 -29 -30
right_child=1 4 3 -5 -6 8 7 -9 9 10 -12 -13 -14 -15 15 16 17 -19 -20 -21 21 22 23 -25 -26 27 -28 28 29 -31
leaf_value=0 -3.7722959599159464e-06 0.00017624096848970372 0 0 0.0012881150822608943 4.8815126448356652e-06 2.2704542665683922e-06 -0.0004902447920578525 0.0003536082157287363 0.00044231538135298525 -0.00035463412352088779 -0.0002605349413282902 -0.00015021119354972936 -0.00013037757224899213 -0.0002371271661728605 0.00026332626844979373 -0.00010813281474169842 2.2189728100976555e-05 0.00030146835676805959 -0.0001483778006564801 0.00016017248489967015 -0.0001807901161647934 -0.00044655583682791389 -2.077256589440426e-05 8.7930303243537994e-05 -2.4633008015833107e-05 0.00013669672845742956 8.6393872914640891e-05 -0.00056528442991418215 -0.00026842685896715277
leaf_weight=438 1008 132 121 61 188 28 30 27 425 23 24 21 24 20 20 102 35 145 186 25 353 23 24 20 62 503 256 31 26 43
leaf_count=438 1008 132 121 61 188 28 30 27 425 23 24 21 24 20 20 102 35 145 186 25 353 23 24 20 62 503 256 31 26 43
internal_value=-0.0033811 0.000302839 -0.0259838 -0.0241977 0.00132962 0.000929576 -0.000492061 -0.00331573 0.00144529 0.00179237 -0.00146805 -0.00189792 -1.44527e-05 2.29009e-05 5.45074e-05 0.000836256 0.00105274 -0.000333331 0.00184983 0.00063779 -0.00011622 0.000572613 -0.00165115 -0.0051817 0.000176469 -0.000294054 3.32279e-05 -0.000980098 -0.00329997 -0.00569557
internal_weight=4424 3804 620 182 898 710 189 57 521 472 47 49 2906 2882 2862 513 493 180 313 127 2349 482 129 44 85 1867 1264 603 100 69
internal_count=4424 3804 620 182 898 710 189 57 521 472 47 49 2906 2882 2862 513 493 180 313 127 2349 482 129 44 85 1867 1264 603 100 69
is_linear=0
shrinkage=0.03


Tree=245
num_leaves=31
num_cat=2
split_feature=0 10 0 5 8 0 17 5 3 4 11 8 9 19 17 9 7 19 7 8 9 17 16 5 4 16 5 5 11 4
split_gain=401.015 13.5572 1.72474 1.2945 1.09642 0.871921 0.741264 0.695669 0.621902 0.477518 0.693206 0.959643 1.0008 0.792761 0.632794 0.602871 0.842929 0.951292 1.15732 1.15513 0.715187 0.59755 0.590605 0.791005 0.574659 0.548562 0.634488 0.523687 0.477214 0.644615
threshold=1.0000000180025095e-35 0.25000000000000011 0.61433241398902261 0.35801217038539557 0.15159549182641893 0.50927314443444693 0.24210705471874738 0.19776876267748481 0.23177083333333334 0.013020833333333334 1.0000000180025095e-35 0.1482181984897806 0.64004376367614901 0 0.32885499106459032 0.59263311451495271 0.049184323483876809 1 0.056663942421223447 0.13187153067892349 0.48322392414296145 0.27985797898996784 19.500000000000004 0.07758620689655174 0.044270833333333336 18.500000000000004 0.13083164300202843 0.06879648411088575 0.93301270189221952 0.039062500000000007
decision_type=2 2 2 2 2 2 2 2 2 2 2 2 2 1 2 2 2 1 2 2 2 2 2 2 2 2 2 2 2 2
left_child=1 -1 3 4 5 6 -2 9 28 22 11 15 -13 14 25 16 20 18 -18 -20 -11 27 23 -8 -19 26 -12 -22 -6 -30
right_child=2 -3 -4 -5 8 -7 7 -9 -10 10 13 12 -14 -15 -16 -17 17 24 19 -21 21 -23 -24 -25 -26 -27 -28 -29 29 -31
leaf_value=0 -0.00013893287666806776 0 0.0011652677884403011 -0.00044233414947677201 0.00016967500324235009 0.00023555576983652396 -2.8067137578062538e-06 -0.00013709690841323631 -0.00013755036766172836 0.00027832251641730183 -0.00015697389969808055 4.3367737958574328e-05 -0.00052203913478245253 0.00012379704905679035 -0.00014569504934207008 7.5405416948853696e-06 -0.00026533603112556856 9.2248620626840395e-05 5.0490426404925437e-06 -0.00019282635509518196 -3.9225975892361467e-05 1.3193248782627663e-05 -4.9945199812169469e-06 -0.00010046047086819281 -6.9657836684848385e-05 0.00010885945974925213 5.037278661122021e-05 5.9362584821145555e-06 -0.00025094998964631784 1.325141641882124e-05
leaf_weight=576 20 28 210 25 1019 95 46 26 21 74 29 20 22 544 41 656 31 45 45 29 29 127 250 33 65 70 21 20 34 156
leaf_count=576 20 28 210 25 1019 95 46 26 21 74 29 20 22 544 41 656 31 45 45 29 29 127 250 33 65 70 21 20 34 156
internal_value=-0.00324915 -0.0259569 0.000357349 0.000202895 0.000250561 -0.000130881 -0.000250111 -0.00019838 0.000975609 -0.000140646 4.4968e-05 -0.000404987 -0.00485703 0.000787233 -0.00103508 -0.00023818 -0.00106451 -0.00244185 -0.00430431 -0.00267564 0.00012 -0.000920449 -0.00119453 -0.00345565 -0.000249998 1.11758e-10 -0.00239995 -0.00373462 0.00106452 -0.000315788
internal_weight=4407 604 3803 3593 3568 2338 2243 2223 1230 2197 1868 1163 42 705 161 1121 465 215 105 74 250 176 329 79 110 120 50 49 1209 190
internal_count=4407 604 3803 3593 3568 2338 2243 2223 1230 2197 1868 1163 42 705 161 1121 465 215 105 74 250 176 329 79 110 120 50 49 1209 190
cat_boundaries=0 1 2
cat_threshold=9 842
is_linear=0
shrinkage=0.03


Tree=246
num_leaves=31
num_cat=2
split_feature=0 10 0 5 13 16 17 17 17 6 6 9 6 6 4 17 0 17 9 3 10 5 10 18 7 19 6 13 19 16
split_gain=399.574 13.5572 1.89297 0.640372 1.01815 0.581671 0.471884 0.935391 1.30447 0.457349 0.926511 0.753953 1.09211 0.960849 0.9445 0.939396 1.72459 0.74938 1.21198 0.718187 0.457452 1.09551 1.02377 0.638632 0.661161 0.795878 1.89981 1.04084 0.523767 0.515677
threshold=1.0000000180025095e-35 0.25000000000000011 0.58757867942685726 0.043610547667342806 1.0000000180025095e-35 2.5000000000000004 0.24657475959492811 0.30277834021462596 0.33116330525061705 0.10865814623958596 0.179961862386779 0.59263311451495271 0.13449864929286512 0.12841252184967428 0.028645833333333336 0.34707977897699105 0.31796113298444179 0.31856863245681227 0.51677607585703877 0.013020833333333334 -0.24999999999999994 0.30324543610547666 -0.6830127018922193 0.4661764705882353 0.080750032991943985 0 0.25072302558398224 -0.56174490092936669 1 21.500000000000004
decision_type=2 2 2 2 2 2 2 2 2 2 2 2 2 2 2 2 2 2 2 2 2 2 2 2 2 1 2 2 1 2
left_child=1 -1 3 4 -2 6 -5 -8 -9 -7 11 12 -11 14 -13 16 -14 18 -18 -15 22 28 23 -12 25 -25 -27 -28 -22 -29
right_child=2 -3 -4 5 -6 9 7 8 -10 10 20 13 15 19 -16 -17 17 -19 -20 -21 21 -23 -24 24 -26 26 27 29 -30 -31
leaf_value=0 7.85130427230611e-06 0 0.00069564296837293805 -0.00013662704247915377 -6.7606291799418683e-05 0.00012381080358646055 0.00013136288557300717 -0.00017518721998007052 0.00013946015122042523 3.1758723248385223e-05 0.00011018840125698721 -7.5641674025157834e-06 -1.75126070121551e-05 -0.00011824714486892074 -0.00011240062110707734 0.00026312962335640097 -2.5549270446972965e-05 -0.00010769291026390597 -0.00029919937142303821 0.00011472642214309855 0.00016112731787745475 -0.00033717551845198278 0.00027955605750511203 4.6660442669988604e-06 4.7502595093069257e-05 8.7111429537538635e-07 -0.00038564653872052898 -0.00028168559669342156 -1.7219570576899758e-06 -6.5262782108684226e-05
leaf_weight=576 70 28 435 30 40 154 59 35 39 110 164 77 59 25 23 25 20 41 24 132 294 27 313 132 91 77 22 20 1242 23
leaf_count=576 70 28 435 30 40 154 59 35 39 110 164 77 59 25 23 25 20 41 24 132 294 27 313 132 91 77 22 20 1242 23
internal_value=-0.00328999 -0.0259569 0.000310018 6.94775e-05 -0.0021818 0.000145488 -0.00160122 -0.00083458 -0.00308104 0.00023748 0.000154029 -0.000973879 -0.00205376 0.000198443 -0.00209998 -0.00356803 -0.00449997 -0.00723521 -0.00995432 0.00166241 0.000405405 0.000101727 0.00096912 0.000164461 -0.000534245 -0.00127007 -0.00272367 -0.0066922 0.000207031 -0.00397665
internal_weight=4407 604 3803 3368 110 3258 163 133 74 3095 2941 536 279 257 100 169 144 85 44 157 2405 1563 842 529 365 274 142 65 1536 43
internal_count=4407 604 3803 3368 110 3258 163 133 74 3095 2941 536 279 257 100 169 144 85 44 157 2405 1563 842 529 365 274 142 65 1536 43
cat_boundaries=0 1 2
cat_threshold=58 96
is_linear=0
shrinkage=0.03


Tree=247
num_leaves=31
num_cat=2
split_feature=20 16 20 13 5 20 2 11 5 7 19 7 7 7 7 6 9 7 7 7 1 19 2 20 9 9 1 16 9 9
split_gain=400.775 2.71961 1.73505 1.67923 1.29132 0.83735 0.497184 0.602433 1.71113 0.907654 0.928187 0.91396 1.38527 0.917406 0.952734 0.521205 0.404923 0.700553 0.533315 0.426915 0.8055 0.846903 0.600123 0.740848 0.787654 0.71496 0.44105 0.857747 0.78892 0.737228
threshold=1.0000000180025095e-35 29.500000000000004 0.61433241398902261 -0.22252093395631442 0.35801217038539557 0.58757867942685726 0.049479166666666671 -0.68301270189221952 0.29513184584178503 0.049184323483876809 0 0.068441601191932266 0.10150446750004584 0.061233988916926919 0.05578386221791292 0.15714285714285717 0.12946754194018967 0.047824124604727077 0.076914195107654987 0.045406247467067069 0.065104166666666671 1 0.039062500000000007 0.39511013716867388 0.52552881108679805 0.58242159008023353 0.049479166666666671 8.5000000000000018 0.51896425966447868 0.32676878191101399
decision_type=2 2 2 2 2 2 2 2 2 2 1 2 2 2 2 2 2 2 2 2 2 1 2 2 2 2 2 2 2 2
left_child=1 -1 4 -3 5 6 16 8 9 -8 -11 13 -13 14 -12 -9 17 -2 -19 20 21 -18 23 24 -23 -24 28 -28 29 -21
right_child=2 3 -4 -5 -6 -7 7 15 -10 10 11 12 -14 -15 -16 -17 19 18 -20 26 -22 22 25 -25 -26 -27 27 -29 -30 -31
leaf_value=0 4.0699245051364715e-06 0 0.0011094404657359029 0 -0.00044993341404365745 0.00046889107345550376 0.00026297716965000857 -0.00011672214750749531 -0.00037671309633446908 6.8318020740755066e-05 -0.00012672272957656481 3.6585179907848164e-05 -0.00041204920757625534 -0.00031093219106175082 0.00024523841395664397 4.8288387981790313e-05 3.6305169323970186e-06 -0.00023230218533212358 7.9647611343952792e-06 9.0617069503893302e-07 -3.5516140289654985e-05 -0.00018223079945783204 -1.5239283118601653e-05 0.00045909335350269233 -7.2377797080103508e-06 -0.00020090240113902611 -5.4956246093636538e-05 0.00016588330334614039 1.1305096764136022e-05 -0.00016244822676452631
leaf_weight=488 61 38 210 78 25 203 89 30 20 106 24 94 30 35 21 1070 492 49 21 91 23 37 23 44 129 27 82 373 306 88
leaf_count=488 61 38 210 78 25 203 89 30 20 106 24 94 30 35 21 1070 492 49 21 91 23 37 23 44 129 27 82 373 306 88
internal_value=-0.00325596 -0.0259569 0.000349461 -0.0218274 0.000194545 0.000242153 0.000129272 0.00053127 -0.000436753 -7.51867e-06 -0.000774191 -0.00190653 -0.000387094 -0.00449994 -0.00166663 0.000899999 -0.000201517 -0.00180915 -0.00385709 -7.8717e-05 -0.000599999 -0.00043085 -0.00177777 -0.00114285 -0.00206023 -0.0047999 0.000351064 0.00102198 -0.00027835 -0.00186032
internal_weight=4407 604 3803 116 3593 3568 3365 1519 419 399 310 204 124 80 45 1100 1846 131 70 1715 775 752 260 210 166 50 940 455 485 179
internal_count=4407 604 3803 116 3593 3568 3365 1519 419 399 310 204 124 80 45 1100 1846 131 70 1715 775 752 260 210 166 50 940 455 485 179
cat_boundaries=0 1 2
cat_threshold=82 433
is_linear=0
shrinkage=0.03


Tree=248
num_leaves=31
num_cat=0
split_feature=0 10 0 8 8 16 1 10 5 9 8 9 16 17 17 6 6 6 16 17 17 3 5 11 6 11 17 2 16 12
split_gain=400.294 13.5572 1.84517 0.508281 0.670677 1.42725 1.1146 0.52676 0.913061 0.492948 0.936272 0.598306 0.496313 0.596871 0.482263 1.007 0.617338 1.16956 0.63313 0.45016 0.597528 0.50117 0.385951 0.349829 0.314143 0.309989 0.347884 0.319556 0.307072 0.533131
threshold=1.0000000180025095e-35 0.25000000000000011 0.58757867942685726 0.15159549182641893 0.14721395781728094 29.500000000000004 0.049479166666666671 -0.5 0.30324543610547666 0.24507658643326041 0.13717356468570385 0.30598103574033558 29.500000000000004 0.3358437579780445 0.27985797898996784 0.15161290322580648 0.26958525345622125 0.35161290322580652 18.500000000000004 0.30383011593121384 0.29376877908917742 0.028645833333333336 0.10598377281947263 -0.9330127018922193 0.41059907834101389 0.25000000000000017 0.33712024508552468 0.049479166666666671 4.5000000000000009 0.6078576107927941
decision_type=2 2 2 2 2 2 2 2 2 2 2 2 2 2 2 2 2 2 2 2 2 2 2 2 2 2 2 2 2 2
left_child=1 -1 3 4 9 -6 -7 25 -9 10 12 -11 13 19 15 -13 23 18 -18 20 21 -2 -23 -17 -4 26 27 -5 29 -16
right_child=2 -3 24 7 5 6 -8 8 -10 11 -12 14 -14 -15 28 16 17 -19 -20 -21 -22 22 -24 -25 -26 -27 -28 -29 -30 -31
leaf_value=0 -5.5484827719148172e-05 0 -0.00013418365413415151 -8.1116782664797352e-05 0.00016029849470433304 -7.0815201752740212e-05 -0.00047294928872457774 1.1642924612599022e-05 -0.00030123349205278511 0.00022786769281738921 -0.00018160422359762764 -8.3646021470702554e-05 0.00057595733755212329 -0.00015939305348382948 2.2437979247163901e-06 -7.0863607875135093e-06 -0.0001375597615226452 0.00027527999341474003 -3.1582841083326071e-05 2.5430417731035576e-05 -9.6836463913950284e-05 0.00022452650396502809 -2.2656342652440436e-05 9.1826966300560738e-05 0.00067404837014550453 0.00036955247774549745 -0.00023690526897333586 0.00022072114183311389 8.0965731242448739e-06 -0.0001691520763380075
leaf_weight=576 25 28 20 20 31 21 24 794 31 115 29 28 30 35 73 31 23 24 34 102 23 33 24 82 415 119 21 49 1510 37
leaf_count=576 25 28 20 20 31 21 24 794 31 115 29 28 30 35 73 31 23 24 34 102 23 33 24 82 415 119 21 49 1510 37
internal_value=-0.00326957 -0.0259569 0.000333684 9.61996e-05 -0.0001491 -0.00292101 -0.00633319 0.000649903 0.000309091 -5.58015e-05 -0.00118604 0.000118038 -0.000639703 -0.0010909 -1.30292e-05 -0.00132432 -0.000556698 -0.00255552 -0.00489465 -0.000478258 -0.00185713 -0.000658528 0.000894721 0.000876099 0.00217241 0.00199521 0.000666659 0.00169563 0.000166667 -0.00136362
internal_weight=4407 604 3803 3368 2334 76 45 1034 825 2258 301 1957 272 242 1842 222 194 81 57 207 105 82 57 113 435 209 90 69 1620 110
internal_count=4407 604 3803 3368 2334 76 45 1034 825 2258 301 1957 272 242 1842 222 194 81 57 207 105 82 57 113 435 209 90 69 1620 110
is_linear=0
shrinkage=0.03


Tree=249
num_leaves=31
num_cat=0
split_feature=0 10 0 5 6 3 11 7 3 12 16 9 3 9 17 18 9 12 4 0 16 17 17 17 0 9 17 3 3 0
split_gain=400.294 13.5572 1.75577 1.28498 0.926008 0.631254 0.528645 0.821421 0.815162 0.736113 0.563974 0.682684 0.534426 1.18548 0.502232 0.457281 0.740728 0.706747 0.63584 0.645446 0.443214 1.11929 0.376851 0.614797 0.537744 0.399896 0.376004 0.783196 0.357083 0.381123
threshold=1.0000000180025095e-35 0.25000000000000011 0.61433241398902261 0.35801217038539557 0.29815668202764983 0.23177083333333334 -0.5 0.099590664592236089 0.11718750000000001 -0.60785761079279388 4.5000000000000009 0.17396061269146609 0.059895833333333336 0.30233406272793589 0.23500127648710753 0.47500000000000003 0.70386579139314387 -0.8783796973249266 0.054687500000000007 0.48742419676937737 16.500000000000004 0.27040251893455886 0.25712705301676458 0.26538166964513665 0.35950272462447269 0.13785557986870897 0.22878903923070382 0.075520833333333343 0.080729166666666671 0.48998056559818987
decision_type=2 2 2 2 2 2 2 2 2 2 2 2 2 2 2 2 2 2 2 2 2 2 2 2 2 2 2 2 2 2
left_child=1 -1 3 4 14 6 7 15 9 -9 12 20 13 -8 -2 -6 17 -17 -19 -20 21 -12 -16 24 -24 -25 27 -13 -14 -30
right_child=2 -3 -4 -5 5 -7 10 8 -10 -11 11 26 28 -15 22 16 -18 18 19 -21 -22 -23 23 25 -26 -27 -28 -29 29 -31
leaf_value=0 -8.1507194775666235e-05 0 0.0010559358006594602 -0.00044942146433302671 6.2954488861776073e-05 -0.00018175644281092433 3.502924980448607e-05 -0.00034280919334756882 -0.00038071430725977994 8.7827786471698718e-05 6.9891797180774826e-06 -4.9020490448438035e-05 0.00027775843198767775 -0.00030976287440303771 0.0002966985527506742 0.00010927225860500389 0.00059736980445676058 -0.00014123964729670824 0.00049876261037203311 -0.00018304739314852807 2.3282038877876841e-05 -0.00033366796141190425 -2.6144675258962808e-07 -2.3968935611928876e-05 -0.00012771812977434294 6.8582514921711882e-08 0.0002356626787933926 7.9412896598766183e-05 -8.3460465110675902e-05 8.1232594407992646e-05
leaf_weight=576 24 28 210 25 142 20 29 27 23 42 30 23 40 21 51 26 45 29 33 47 39 22 20 134 25 1818 726 65 22 45
leaf_count=576 24 28 210 25 142 20 29 27 23 42 30 23 40 21 51 26 45 29 33 47 39 22 20 134 25 1818 726 65 22 45
internal_value=-0.00326957 -0.0259569 0.000333684 0.000177846 0.000225336 0.000794117 0.000865853 -4.3478e-05 -0.00254345 -0.00091303 0.00122034 0.00150829 -0.000439488 -0.00299994 -0.000185328 0.000670805 -0.000333331 -0.00144443 -0.00250456 -0.00112499 -0.000956033 -0.00276918 -0.000134765 -0.000199799 -0.00366658 -0.000119877 0.00178378 -6.81809e-05 0.000757002 -0.000582081
internal_weight=4407 604 3803 3593 3568 1496 1476 414 92 69 1062 905 157 50 2072 322 180 135 109 80 91 52 2048 1997 45 1952 814 88 107 67
internal_count=4407 604 3803 3593 3568 1496 1476 414 92 69 1062 905 157 50 2072 322 180 135 109 80 91 52 2048 1997 45 1952 814 88 107 67
is_linear=0
shrinkage=0.03


Tree=250
num_leaves=31
num_cat=1
split_feature=0 10 19 0 3 3 17 0 17 6 16 6 16 17 0 0 9 4 8 0 5 2 6 8 2 8 2 2 9 16
split_gain=389.276 19.0493 1.51629 0.929349 0.760598 0.828433 1.1548 1.32778 0.897415 0.524715 0.665475 0.958462 0.481411 0.462078 1.02843 0.954715 1.19987 1.12748 0.671442 0.567208 0.590866 0.55317 0.513428 0.499436 0.39997 0.397366 0.510171 0.693952 0.506741 1.52844
threshold=1.0000000180025095e-35 0.25000000000000011 0 0.57040581497477094 0.23177083333333334 0.075520833333333343 0.24210705471874738 0.46896267166687183 0.21947068334609829 0.18229779119656767 4.5000000000000009 0.10865814623958596 1.5000000000000002 0.34457082155884028 0.34072235714602689 0.32020333923914573 0.58242159008023353 0.013020833333333334 0.096195950467966793 0.28110326190941948 0.046044624746450311 0.044270833333333336 0.12559987287462263 0.0917847730396293 0.023437500000000003 0.35159761643159942 0.10156250000000001 0.091145833333333343 0.60357403355215189 4.5000000000000009
decision_type=2 2 1 2 2 2 2 2 2 2 2 2 2 2 2 2 2 2 2 2 2 2 2 2 2 2 2 2 2 2
left_child=1 -1 3 -2 5 6 7 8 -4 10 -8 -12 -11 14 15 17 -17 22 -15 20 -19 23 -13 -16 -18 26 27 28 -14 -30
right_child=2 -3 4 -5 -6 -7 9 -9 -10 12 11 13 25 18 21 16 24 19 -20 -21 -22 -23 -24 -25 -26 -27 -28 -29 29 -31
leaf_value=0 3.3292503666463583e-05 0 2.0732226726639474e-05 0.00060950983306550595 -0.00017630374952659638 2.9954925742513454e-05 2.2050725405019845e-06 -0.00017056766491481531 -0.0001785844898087882 -0.00019620146722594355 1.2744301624590971e-05 -0.00010169863705990132 1.9844215438490566e-05 -6.2073679644473648e-05 9.408736535373851e-05 -8.5904465895867847e-05 -3.0898804816780184e-05 9.2622905556846389e-06 4.5316366540084842e-05 0.00010970358835111986 -0.00011202886899319442 -6.4584057433823489e-05 -7.5452643522631222e-06 -1.536737035831436e-05 5.1467581589817992e-05 -0.00035848064427785719 0.00016315041831775449 -0.00023129508182337559 -0.00030046998997499265 -2.3576848920274101e-06
leaf_weight=576 550 31 44 262 20 647 86 20 31 32 214 22 774 36 72 20 20 23 25 120 30 37 21 34 20 35 77 46 21 493
leaf_count=576 550 31 44 262 20 647 86 20 31 32 214 22 774 36 72 20 20 23 25 120 30 37 21 34 20 35 77 46 21 493
internal_value=-0.00339333 -0.0257149 0.000142484 0.00128467 -0.000168317 -0.00013 -0.000391415 -0.00363154 -0.00179998 -0.000255093 -0.000884614 -0.00119308 7.71313e-05 -0.0019375 -0.00158233 -0.00265216 -0.0059999 -0.00172221 -0.00437698 -0.000641615 -0.00322635 0.000482514 -0.00606963 0.00158489 -0.00299992 0.000157676 0.000236003 9.89506e-05 0.000228261 -0.000501944
internal_weight=4439 607 3832 812 3020 3000 2353 95 75 2258 780 694 1478 480 419 276 60 216 61 173 53 143 43 106 40 1446 1411 1334 1288 514
internal_count=4439 607 3832 812 3020 3000 2353 95 75 2258 780 694 1478 480 419 276 60 216 61 173 53 143 43 106 40 1446 1411 1334 1288 514
cat_boundaries=0 1
cat_threshold=130
is_linear=0
shrinkage=0.03


Tree=251
num_leaves=31
num_cat=0
split_feature=0 10 1 0 7 0 10 12 18 17 16 9 16 7 16 2 18 8 0 6 6 2 6 0 16 6 0 8 8 8
split_gain=389.984 19.0493 1.56793 0.92666 0.794856 0.567001 0.563707 0.502778 0.644011 0.521145 1.14547 1.31452 1.02913 0.654039 0.621673 0.626133 0.526331 1.36817 0.471103 0.963656 0.911043 0.636467 0.455711 0.387234 0.374952 0.406699 0.478183 0.342026 0.33116 0.696499
threshold=1.0000000180025095e-35 0.25000000000000011 0.12239583333333334 0.50628773408195216 0.22769620777782279 0.58757867942685726 1.0000000180025095e-35 0.6078576107927941 0.42794117647058827 0.3156752616798571 18.500000000000004 0.78264040846097749 14.500000000000002 0.089132082478676544 3.5000000000000004 0.044270833333333336 0.45147058823529412 0.14517803960434378 0.33835026822848241 0.10865814623958596 0.11254001044244173 0.013020833333333334 0.12184967424122044 0.35719109297700841 26.500000000000004 0.1654377880184332 0.30125126276370612 0.13293229993885244 0.28621043842988975 0.39289398748602838
decision_type=2 2 2 2 2 2 2 2 2 2 2 2 2 2 2 2 2 2 2 2 2 2 2 2 2 2 2 2 2 2
left_child=1 -1 4 -4 5 7 -7 18 -9 16 12 13 14 -12 -11 -16 17 -10 19 -2 -21 -22 -23 27 25 26 -24 -20 -25 -30
right_child=2 -3 3 -5 -6 6 -8 8 9 10 11 -13 -14 -15 15 -17 -18 -19 23 20 21 22 24 28 -26 -27 -28 -29 29 -31
leaf_value=0 1.6335009090758432e-05 0 -4.8158016119521999e-05 0.00047627508115215007 -0.00087753548421639965 -0.00010084251358997837 0.0006503043619563723 -0.0003301831355995431 -0.00011250891992620361 -0.00027097557167795407 8.4948063586095631e-05 -0.00022278518846996135 -0.0004236099001918562 -0.0002252744926732205 -3.8329294868543785e-05 0.00020338800304192911 6.6424316298265767e-06 0.00011347701247620419 0.00028635006746410353 -0.00018177337259483268 0.00021263256975860109 5.6231393723952791e-05 -4.915728700660433e-06 5.4676406809326436e-06 -7.2011625819857252e-05 0.00014971537450234613 -9.7177941101335582e-05 -1.8669228659788346e-06 -0.00011144548068289534 3.4069245712869304e-05
leaf_weight=576 169 31 21 363 20 20 144 20 20 32 204 24 31 25 22 27 503 31 83 31 50 41 34 1651 69 25 23 21 66 62
leaf_count=576 169 31 21 363 20 20 144 20 20 32 204 24 31 25 22 27 503 31 83 31 50 41 34 1651 69 25 23 21 66 62
internal_value=-0.00337306 -0.0257149 0.000165971 0.00198437 -3.65428e-05 -1.75018e-06 0.0017195 -8.82352e-05 -0.000674121 -0.000558215 -0.00143835 -0.000320157 -0.00396425 0.000379911 -0.00218516 -6.12231e-05 2.16607e-05 -0.0028823 0.000148387 -0.00073303 -0.00183516 -0.00121487 -0.00199999 0.000355284 -0.00276157 -0.00139023 -0.00278942 0.00213459 0.000251265 -0.00121874
internal_weight=4439 607 3832 384 3448 3428 164 3264 939 919 365 253 112 229 81 49 554 51 2325 442 273 242 192 1883 151 82 57 104 1779 128
internal_count=4439 607 3832 384 3448 3428 164 3264 939 919 365 253 112 229 81 49 554 51 2325 442 273 242 192 1883 151 82 57 104 1779 128
is_linear=0
shrinkage=0.03


Tree=252
num_leaves=31
num_cat=2
split_feature=20 19 9 13 20 12 20 5 6 17 4 17 20 7 19 17 8 18 3 20 7 5 17 8 7 3 20 20 6 20
split_gain=389.984 1.36141 1.13312 1.25593 0.976635 0.790969 0.518772 1.50452 0.77149 0.580505 0.495337 1.14402 0.842094 0.71105 0.720308 0.720606 0.579122 0.645999 0.572944 0.48208 0.930942 0.459905 0.42098 0.902794 0.803238 1.41718 0.909854 0.71054 1.09046 0.917028
threshold=1.0000000180025095e-35 0 0.36725018234865076 -0.22252093395631442 0.57040581497477094 -1.0000000180025095e-35 0.61912653167645637 0.3600405679513185 0.69262672811059922 0.39588120159986395 0.023437500000000003 0.34572589566845385 0.41625612619461377 0.090266055694361871 1 0.31805476456995485 0.15463481449481423 0.48970588235294121 0.054687500000000007 0.38102995081185809 0.044612303615735018 0.16734279918864101 0.21453493319717479 0.20833669660143139 0.090933578475972623 0.091145833333333343 0.54033000023206745 0.42141001303737941 0.24182424916573975 0.41542199475783687
decision_type=2 1 2 2 2 2 2 2 2 2 2 2 2 2 1 2 2 2 2 2 2 2 2 2 2 2 2 2 2 2
left_child=2 4 -1 -4 -2 -5 7 8 9 10 11 13 -13 14 16 19 17 18 -3 20 -16 -14 -12 27 25 -25 -26 28 -24 -30
right_child=1 6 3 5 -6 -7 -8 -9 -10 -11 22 12 21 -15 15 -17 -18 -19 -20 -21 -22 -23 23 24 26 -27 -28 -29 29 -31
leaf_value=0 3.1353930954218218e-05 -2.0886553271969393e-05 0 0 0.00057641419576605899 0 0.00092242865963707075 -0.00060488334972206128 -0.00013261086550621517 0.00040496773624980792 0.00018097146938364473 -1.442360523088423e-06 -0.00023049797038511406 -0.00015719967465177716 -2.1590387334568628e-07 9.1090565900051019e-05 0.00014438118525998071 0.00017738852266832713 -0.00014453483404577619 0.00018699082214708985 -0.00018961901741937644 -0.00011765664840586241 6.3863559007423444e-07 -8.1767113328840878e-05 1.949759134626613e-05 -0.00034703152525049997 -0.0001047580658305476 2.3546328115915996e-05 -4.7070153755653779e-05 -9.9752589980506821e-05
leaf_weight=422 550 161 68 22 262 95 95 26 36 88 123 32 20 20 193 134 22 20 24 33 31 21 569 58 43 25 44 1003 174 25
leaf_count=422 550 161 68 22 262 95 95 26 36 88 123 32 20 20 193 134 22 20 24 33 31 21 569 58 43 25 44 1003 174 25
internal_value=-0.00337306 0.000165971 -0.0257149 -0.0237566 0.00124817 -0.0218716 -0.000128713 -0.0002 -0.000135564 -8.06845e-05 -0.000156757 -0.000839661 -0.0043972 -0.000432601 -0.000252427 0.000531171 -0.00155696 -0.00212194 -0.00267566 -0.000385212 -0.000883924 -0.00724373 7.84884e-05 -2.93662e-05 -0.00211763 -0.00422886 -0.000103447 0.00017109 -0.000515624 -0.00242712
internal_weight=4439 3832 607 185 812 117 3020 2925 2899 2863 2775 711 73 638 618 391 227 205 185 257 224 41 2064 1941 170 83 87 1771 768 199
internal_count=4439 3832 607 185 812 117 3020 2925 2899 2863 2775 711 73 638 618 391 227 205 185 257 224 41 2064 1941 170 83 87 1771 768 199
cat_boundaries=0 1 2
cat_threshold=130 84
is_linear=0
shrinkage=0.03


Tree=253
num_leaves=31
num_cat=1
split_feature=0 10 1 19 17 0 17 7 11 1 0 0 1 16 11 0 3 11 9 9 1 9 17 14 18 2 7 6 17 18
split_gain=391.637 19.0493 1.56346 0.782734 0.867688 0.61632 0.561687 0.560806 1.71779 1.80859 0.384999 1.00328 0.900264 0.440662 0.804497 0.4094 0.376745 0.562479 0.348186 0.814493 3.24959 0.660275 0.557936 0.823444 0.622697 0.921964 0.630118 0.749967 0.5905 0.587222
threshold=1.0000000180025095e-35 0.25000000000000011 0.13281250000000003 0 0.4564717896349248 0.57040581497477094 0.39588120159986395 0.11596544270602603 -0.5 0.044270833333333336 0.33835026822848241 0.32020333923914573 0.018229166666666668 1.5000000000000002 0.25000000000000017 0.35371632274308884 0.11718750000000001 0.25000000000000017 0.59992706053975209 0.61159737417943127 0.054687500000000007 0.54303428154631672 0.32745381791537814 1.0000000180025095e-35 0.49558823529411766 0.054687500000000007 0.060055430377196566 0.32488479262672815 0.27657807552695451 0.48088235294117648
decision_type=2 2 2 1 2 2 2 2 2 2 2 2 2 2 2 2 2 2 2 2 2 2 2 2 2 2 2 2 2 2
left_child=1 -1 3 5 6 16 7 10 9 -9 11 -5 -13 14 -12 -15 -2 -18 21 20 -20 -17 28 24 25 -24 -27 -28 29 -21
right_child=2 -3 -4 4 -6 -7 -8 8 -10 -11 13 12 -14 15 -16 18 17 -19 19 22 -22 -23 23 -25 -26 26 27 -29 -30 -31
leaf_value=0 4.4063406525106101e-05 0 0.00055544731380841755 -6.1836642054913641e-06 -0.00032238975576965548 0.00047652850089981581 0.00066451939108247524 -9.3377743721261698e-07 2.4873192287283336e-05 -0.00070042681039168483 0.00018159885742636013 -6.929503531264214e-05 -1.6859551983549324e-06 0.00014404097142599526 -0.00012541475628919407 1.089943823779031e-06 -0.00033107330737743322 3.300414678430371e-05 0.00013336096940863695 -4.5270511709027221e-05 -0.00025148625241920396 0.00023942215271778941 -0.00026980025542289366 9.1543710087639771e-05 0.00040342608387556233 0.00019458206375452109 -0.00030500805467322125 0.00049357355867424345 7.179763643216984e-05 0.00014945577953776639
leaf_weight=576 470 31 300 505 34 156 51 20 98 26 23 30 48 98 31 921 32 32 40 100 23 189 59 72 25 23 30 20 330 46
leaf_count=576 470 31 300 505 34 156 51 20 98 26 23 30 48 98 31 921 32 32 40 100 23 189 59 72 25 23 30 20 330 46
internal_value=-0.00332575 -0.0257149 0.000220772 4.41677e-05 -0.000176718 0.000942856 -0.000119658 -0.000177367 -0.00199999 -0.00678246 -7.69229e-05 -0.000756431 -0.00392303 0.000118227 -0.00255551 0.000191296 0.000471909 -0.00168747 9.26518e-05 -0.000398437 -0.00366661 0.000432432 -0.000106383 -0.00132314 -0.00254138 -0.00336361 -0.00110957 -0.00299994 0.000478991 -0.00110958
internal_weight=4439 607 3832 3532 2842 690 2808 2757 144 46 2613 583 78 2030 54 1976 534 64 1878 768 63 1110 705 229 157 132 73 50 476 146
internal_count=4439 607 3832 3532 2842 690 2808 2757 144 46 2613 583 78 2030 54 1976 534 64 1878 768 63 1110 705 229 157 132 73 50 476 146
cat_boundaries=0 1
cat_threshold=130
is_linear=0
shrinkage=0.03


Tree=254
num_leaves=31
num_cat=1
split_feature=0 10 19 0 16 16 6 6 7 7 10 16 4 4 9 6 7 0 2 6 0 6 17 9 10 0 1 12 7 2
split_gain=389.984 19.0493 1.41318 1.13237 0.411318 0.754041 0.586355 0.671148 0.56387 0.680212 0.404149 0.432894 0.765032 0.876786 0.374598 0.49303 0.636904 0.46519 0.370279 0.682952 0.958631 0.750086 0.64786 0.596812 0.563098 0.761692 1.42774 1.18574 0.950449 0.673146
threshold=1.0000000180025095e-35 0.25000000000000011 0 0.58542297693482837 18.500000000000004 16.500000000000004 0.28801843317972359 0.25072302558398224 0.053081945743596072 0.070965636238045124 -0.93301270189221908 6.5000000000000009 0.065104166666666671 0.13281250000000003 0.5977388767323123 0.3626728110599079 0.075870623877683993 0.55313495128410028 0.049479166666666671 0.19549411162314392 0.38280925404735261 0.42073732718894014 0.26538166964513665 0.60357403355215189 0.68301270189221941 0.50396260866742038 0.15364583333333334 1.0000000180025095e-35 0.10150446750004584 0.091145833333333343
decision_type=2 2 1 2 2 2 2 2 2 2 2 2 2 2 2 2 2 2 2 2 2 2 2 2 2 2 2 2 2 2
left_child=1 -1 3 4 5 10 7 -6 -9 -10 -2 12 -12 -14 -8 -16 -17 -18 -4 20 -20 22 23 -21 25 -23 27 -27 -29 -26
right_child=2 -3 18 -5 6 -7 14 8 9 -11 11 -13 13 -15 15 16 17 -19 19 21 -22 24 -24 -25 29 26 -28 28 -30 -31
leaf_value=0 -0.00019427054091174085 0 -6.1951772821646649e-06 0.00066388154907038232 4.9759423558856543e-05 -0.00011669958716737215 0.00052231829685741649 0.00018465709772689409 -0.00031228257614009146 -2.6770540534849281e-05 3.4094358592668562e-05 0.00016077727362275555 -0.00014464538826398297 2.7381107245497111e-05 0.00018586935242799252 0.00034385179711793692 -0.0002768694154944262 -2.5199878908239703e-05 4.2054992340863501e-06 4.5013975393921723e-06 -0.00016518612416234707 4.4695051148551396e-05 7.573101079432985e-05 -7.6934728978817529e-05 -1.3925430867048836e-05 -1.7562462504083696e-05 0.0010353015612147162 -0.00033125697552741106 -0.00086780164813934403 0.00027574552277483751
leaf_weight=576 28 31 1503 304 188 20 143 29 21 28 61 153 46 23 60 42 24 29 39 70 22 61 645 25 38 64 29 32 21 84
leaf_count=576 28 31 1503 304 188 20 143 29 21 28 61 153 46 23 60 42 24 29 39 70 22 61 645 25 38 64 29 32 21 84
internal_value=-0.00337306 -0.0257149 0.000165971 0.00101489 0.000486033 -0.000353473 0.000978722 -4.51125e-05 -0.00238458 -0.00434685 9.64638e-06 0.000349822 -0.00092307 -0.00308691 0.00189261 0.000870962 -0.000473679 -0.00266033 -0.000223609 0.000185841 -0.00290159 0.00036202 0.000891891 -0.00142104 -0.000829785 -0.0017826 -0.00295888 -0.00443586 -0.00775457 0.000786879
internal_weight=4439 607 3832 1199 895 331 564 266 78 49 311 283 130 69 298 155 95 53 2633 1130 61 1069 740 95 329 207 146 117 53 122
internal_count=4439 607 3832 1199 895 331 564 266 78 49 311 283 130 69 298 155 95 53 2633 1130 61 1069 740 95 329 207 146 117 53 122
cat_boundaries=0 1
cat_threshold=162
is_linear=0
shrinkage=0.03


Tree=255
num_leaves=31
num_cat=1
split_feature=0 10 0 8 16 18 19 5 7 17 16 4 1 11 11 17 5 8 7 8 8 9 8 4 1 17 9 7 9 8
split_gain=393.937 17.8328 1.24272 0.544391 0.622383 0.753421 0.435163 0.684335 0.634807 1.31669 0.964658 0.689593 0.516665 0.524325 0.418885 0.783778 0.802454 0.579238 0.571421 0.513212 0.722554 0.591323 0.454806 1.0403 1.01322 0.627073 0.52558 0.435021 0.845244 0.867876
threshold=1.0000000180025095e-35 0.25000000000000011 0.59889677441000055 0.36060968689366818 26.500000000000004 0.45735294117647063 0 0.22616632860040572 0.064385198188347884 0.34707977897699105 5.5000000000000009 0.096354166666666671 0.0078125000000000017 -0.5 0.25000000000000017 0.29916602842311302 0.084178498985801223 0.085061415947347133 0.033816762812312995 0.41775497033152903 0.69152498185537314 0.13785557986870897 0.096943484910633357 0.039062500000000007 0.033854166666666671 0.33712024508552468 0.57622173595915405 0.065485879597367638 0.60357403355215189 0.1439067609595597
decision_type=2 2 2 2 2 2 1 2 2 2 2 2 2 2 2 2 2 2 2 2 2 2 2 2 2 2 2 2 2 2
left_child=1 -1 6 -4 5 -5 7 8 9 11 -10 12 13 -2 17 16 -16 18 -8 21 -21 -18 23 25 -25 26 -19 -24 29 -29
right_child=2 -3 3 4 -6 -7 14 -9 10 -11 -12 -13 -14 -15 15 -17 19 22 -20 20 -22 -23 27 24 -26 -27 -28 28 -30 -31
leaf_value=0 3.2719625619595174e-05 0 0.00075626747730556749 0.00036731960333014351 0.0023209130154950601 -0.00034606317515835833 -3.2002810821438324e-06 -0.00028925208989067632 -0.00026666402743786975 -0.0001178221058717866 0.00010040857705205493 -0.00043881722501305819 -5.1044438289157468e-07 -6.4113475258122219e-05 -0.00011406580900024017 0.00015733697368806618 -5.0818742925554233e-05 -9.074119099437357e-06 0.00031566381281016058 -0.00028670400309909296 9.9008305796760741e-05 5.9497904581143419e-05 1.9805507016562484e-05 -0.00024085785271151251 -9.7549131288259422e-05 -3.893363814191476e-05 3.5356601897635951e-05 -0.00026879831852372058 1.4593351853009436e-05 -9.6493649118164252e-06
leaf_weight=577 21 33 276 20 29 22 81 36 29 26 247 20 634 26 36 495 37 26 108 27 29 211 566 20 31 24 74 81 379 187
leaf_count=577 21 33 276 20 29 22 81 36 29 26 247 20 634 26 36 495 37 26 108 27 29 211 566 20 31 24 74 81 379 187
internal_value=-0.00334301 -0.0257213 0.000251185 0.00196253 -0.000380276 -0.00271422 7.91076e-05 -0.000431839 -0.000290129 -0.000755157 0.000934779 -0.000509272 -0.000348017 -0.00338291 0.000299752 0.00084431 -0.000264705 1.33165e-05 0.00157142 0.000236841 -0.0023571 0.000822577 -0.000198847 -0.00162856 -0.00523519 -0.00014516 0.000899991 7.41973e-06 -0.000523956 -0.00181343
internal_weight=4408 610 3798 347 71 42 3451 1039 1003 727 276 701 681 47 2412 835 340 1577 189 304 56 248 1388 175 51 124 100 1213 647 268
internal_count=4408 610 3798 347 71 42 3451 1039 1003 727 276 701 681 47 2412 835 340 1577 189 304 56 248 1388 175 51 124 100 1213 647 268
cat_boundaries=0 1
cat_threshold=529
is_linear=0
shrinkage=0.03


Tree=256
num_leaves=31
num_cat=1
split_feature=0 10 0 6 11 1 11 8 5 3 8 8 17 8 6 6 0 7 17 17 7 7 18 19 5 9 10 1 17 8
split_gain=395.617 17.8328 1.16646 0.694424 0.520748 1.50023 1.07243 0.976034 0.861646 0.543435 0.459977 1.20471 1.63073 0.867454 0.530704 0.964795 0.963903 0.631116 2.54686 0.660454 0.432993 0.805281 2.09387 0.623656 0.924739 0.699134 0.697643 1.63437 0.877303 1.63317
threshold=1.0000000180025095e-35 0.25000000000000011 0.60947546798558971 0.50921658986175122 0.93301270189221952 0.10156250000000001 0.6830127018922193 0.22299969864982574 0.046044624746450311 0.054687500000000007 0.16747484369433055 0.20833669660143139 0.30980342098544816 0.22614163575611029 0.25259812490068334 0.25576036866359453 0.42141001303737941 0.10220618182554275 0.34018381414347726 0.35286358607778068 0.030210256171992824 0.040882472730218208 0.48088235294117648 0 0.12237998647734956 0.57622173595915405 1.0000000180025095e-35 0.085937500000000014 0.29028784050660406 0.129574486851217
decision_type=2 2 2 2 2 2 2 2 2 2 2 2 2 2 2 2 2 2 2 2 2 2 2 1 2 2 2 2 2 2
left_child=1 -1 4 -4 6 7 10 9 -8 -6 14 -12 13 -13 16 -16 -2 19 -19 20 -17 22 -22 24 -23 -25 27 -27 -28 -30
right_child=2 -3 3 -5 5 -7 8 -9 -10 -11 11 12 -14 -15 15 17 -18 18 -20 -21 21 23 -24 25 -26 26 28 -29 29 -31
leaf_value=0 -6.6172695395918116e-07 0 -0.00010076921896002392 0.00093557646503260642 -0.00015558196465009295 -0.00026094138307505122 -0.00023239251672972034 2.7124207609911667e-05 0.00028701583169382883 3.89650783409737e-06 0.00021899248336769799 -0.00015006725076017967 -0.00027974889805244081 5.3658417079926904e-05 -7.5913059243479497e-05 0.00026872753420837124 0.00013432527866807047 0.00056684500926655905 -0.00095815206672274493 0.00013781373126455691 3.4489055172871828e-06 -0.00012059685360487855 -0.00022308708707416213 5.7976335332677155e-06 7.4625772226253752e-05 4.3589727474152714e-05 1.7966127106672989e-05 -8.725962891715746e-05 -0.00027333232756036652 -0.00057953556498244706
leaf_weight=577 1127 33 30 221 23 28 20 162 449 23 378 27 37 154 30 29 205 33 27 81 45 34 20 159 266 86 23 21 40 20
leaf_count=577 1127 33 30 221 23 28 20 162 449 23 378 27 37 154 30 29 205 33 27 81 45 34 20 159 266 86 23 21 40 20
internal_value=-0.00329537 -0.0257213 0.000306477 0.00228286 0.00016662 -0.00119491 0.000263667 -0.000317306 0.00159275 -0.00417382 4.43351e-05 0.000785234 -0.000990821 0.00018232 -0.000152271 -0.000708971 0.00022973 -0.000529411 -0.00349994 -0.000313106 -0.000593539 -0.000739495 -0.00392302 -0.000420646 0.000580643 -0.00126183 -0.0025263 -0.000925225 -0.00459031 -0.00649989
internal_weight=4408 610 3798 251 3547 236 3311 208 469 46 2842 596 218 181 2246 914 1332 884 60 824 743 714 65 649 300 349 190 107 83 60
internal_count=4408 610 3798 251 3547 236 3311 208 469 46 2842 596 218 181 2246 914 1332 884 60 824 743 714 65 649 300 349 190 107 83 60
cat_boundaries=0 1
cat_threshold=329
is_linear=0
shrinkage=0.03


Tree=257
num_leaves=31
num_cat=1
split_feature=0 10 0 8 16 2 16 19 8 9 7 10 9 16 8 13 17 7 8 11 2 11 4 6 0 10 0 7 8 3
split_gain=395.136 17.8328 1.18602 0.544391 0.622383 0.753421 0.376779 1.27255 1.37379 1.67699 1.11108 1.72652 0.680321 0.655904 0.625058 0.60324 0.945915 0.860549 0.912616 0.619214 0.686839 1.63686 0.642398 0.644834 0.935817 0.828129 0.632233 0.538741 0.520102 0.980319
threshold=1.0000000180025095e-35 0.25000000000000011 0.59889677441000055 0.36060968689366818 26.500000000000004 0.16406250000000003 6.5000000000000009 0 0.12858095081062174 0.57330415754923425 0.056078756936442743 -0.24999999999999994 0.57622173595915405 2.5000000000000004 0.13293229993885244 -0.56174490092936669 0.35984171559867256 0.067062079439188252 0.29024861203486146 0.6830127018922193 0.13802083333333334 -0.68301270189221952 0.013020833333333334 0.10865814623958596 0.37133434752357647 1.0000000180025095e-35 0.28110326190941948 0.032574485205242816 0.12896556527388528 0.039062500000000007
decision_type=2 2 2 2 2 2 2 1 2 2 2 2 2 2 2 2 2 2 2 2 2 2 2 2 2 2 2 2 2 2
left_child=1 -1 6 -4 5 -5 7 8 27 10 -10 -12 -9 -14 -15 16 17 28 -19 20 22 -22 23 -17 25 -25 -21 -2 -8 -30
right_child=2 -3 3 4 -6 -7 15 12 9 -11 11 -13 13 14 -16 19 -18 18 -20 26 21 -23 -24 24 -26 -27 -28 -29 29 -31
leaf_value=0 -5.1343740549034638e-05 0 0.00072285482362066395 -0.00034489925819384409 0.0022480906287922447 0.00034552093132678049 -5.5784318395247079e-06 5.067885263780085e-05 -0.00011026578613909127 0.0004143075151096684 -0.00011871670921096282 -0.00058810695567487151 0.00028055282030000695 -0.00016430344640810235 4.0747083060142804e-05 9.1701683117791048e-05 -0.00015153686461282249 0.00012092742019564037 -6.3971751324208429e-05 -0.00013489633363396046 -0.00038167130571174497 0.00016626194971210614 1.670713221249653e-05 2.0936692277896535e-06 2.7912107233203806e-05 -0.00010787259274618632 0.00023194105171050843 2.7210719410291971e-05 -0.00019459144314626971 -6.1919206448822448e-05
leaf_weight=577 39 33 276 22 29 20 393 187 38 28 29 25 33 34 24 56 84 252 25 25 22 26 1417 21 57 48 365 104 21 98
leaf_count=577 39 33 276 22 29 20 393 187 38 28 29 25 33 34 24 56 84 252 25 25 22 26 1417 21 57 48 365 104 21 98
internal_value=-0.00330898 -0.0257213 0.000290679 0.00196253 -0.000380276 -0.00271422 0.000122573 -0.000604435 -0.00205494 -0.00449996 -0.00645645 -0.00922205 0.000812497 -0.0012857 -0.00320684 0.000257732 -0.000402061 -7.98477e-05 0.00126714 0.000540501 0.000285974 -0.00324993 0.00039212 -0.00128571 -0.00247617 -0.00482602 0.00161538 -0.000146852 -0.000808592 -0.0025462
internal_weight=4408 610 3798 347 71 42 3451 541 263 120 92 54 278 91 58 2910 873 789 277 2037 1647 48 1599 182 126 69 390 143 512 119
internal_count=4408 610 3798 347 71 42 3451 541 263 120 92 54 278 91 58 2910 873 789 277 2037 1647 48 1599 182 126 69 390 143 512 119
cat_boundaries=0 1
cat_threshold=737
is_linear=0
shrinkage=0.03


Tree=258
num_leaves=31
num_cat=1
split_feature=20 10 20 6 5 1 16 12 2 9 8 18 13 20 17 3 4 4 8 2 6 6 6 1 19 3 8 9 17 17
split_gain=396.337 17.8328 1.13865 0.694424 0.433289 0.600152 0.539994 1.13146 0.618725 0.582187 0.464705 1.36897 0.761267 1.17853 0.559599 0.498639 0.364912 0.600242 0.669377 0.459609 0.457987 0.79321 0.691391 0.65398 0.698966 0.629853 0.858268 0.488452 0.659305 0.669136
threshold=1.0000000180025095e-35 0.25000000000000011 0.60947546798558971 0.50921658986175122 0.053346855983772826 0.028645833333333336 18.500000000000004 1.0000000180025095e-35 0.013020833333333334 0.49051787016776083 0.35159761643159942 0.49852941176470594 -0.22252093395631442 0.47298069797152514 0.40894391966641147 0.10677083333333334 0.13281250000000003 0.12760416666666669 0.28621043842988975 0.096354166666666671 0.24182424916573975 0.18530465949820793 0.29815668202764983 0.065104166666666671 0 0.028645833333333336 0.071778949822086865 0.13785557986870897 0.2666185416354882 0.25453152923155481
decision_type=2 2 2 2 2 2 2 2 2 2 2 2 2 2 2 2 2 2 2 2 2 2 2 2 1 2 2 2 2 2
left_child=1 -1 4 -4 5 6 7 8 -2 -8 14 12 13 -12 16 -15 17 18 19 20 21 23 27 24 25 -6 -27 -22 29 -29
right_child=2 -3 3 -5 10 -7 9 -9 -10 -11 11 -13 -14 15 -16 -17 -18 -19 -20 -21 22 -23 -24 -25 -26 26 -28 28 -30 -31
leaf_value=0 -1.9596050881825569e-06 0 -0.00010932621958780489 0.00088582352637300789 5.6880257627891989e-07 -7.9714206823469148e-05 -4.152897281253328e-05 6.3026794802530442e-06 -6.8207959511120425e-05 8.7878937280012109e-05 6.1751673450126407e-05 -0.00035054290743868378 7.4638684074182472e-05 -0.00055024754807493235 0.0005921265428458077 -6.5464831391023865e-05 0.00011558364004187132 -0.0001497983401934221 -8.1095315890814017e-05 9.805950244577176e-05 8.8927241170765173e-05 0.00010265377836338115 1.1443220657613086e-05 -0.00012828007033394156 1.4740482816000036e-05 -0.0002710116063606225 -9.8348445528101558e-06 -3.8006019650498298e-05 -2.7006069964054294e-05 -0.00013617191991392046
leaf_weight=577 21 33 30 221 178 25 36 31 30 121 22 21 76 20 71 22 190 30 35 290 27 519 787 22 311 21 67 41 504 29
leaf_count=577 21 33 30 221 178 25 36 31 30 121 22 21 76 20 71 22 190 30 35 290 27 519 787 22 311 21 67 41 504 29
internal_value=-0.00327495 -0.0257213 0.000330174 0.00228286 0.000191993 -0.000977269 -0.000514642 -0.00248777 -0.00523519 0.00051592 0.000286019 -0.00128571 -0.000214284 -0.00262496 0.000367072 -0.0055713 0.000305801 0.000221251 0.000265984 0.000317597 0.000186752 0.00063864 -0.000177233 -0.000105175 8.83882e-05 -0.00102174 -0.00313633 -0.000943426 -0.00112892 -0.00385709
internal_weight=4408 610 3798 251 3547 264 239 82 51 157 3283 161 140 64 3122 42 3051 2861 2831 2796 2506 1118 1388 599 577 266 88 601 574 70
internal_count=4408 610 3798 251 3547 264 239 82 51 157 3283 161 140 64 3122 42 3051 2861 2831 2796 2506 1118 1388 599 577 266 88 601 574 70
cat_boundaries=0 1
cat_threshold=784
is_linear=0
shrinkage=0.03


Tree=259
num_leaves=31
num_cat=2
split_feature=0 10 0 6 7 16 17 5 13 16 19 17 7 13 17 6 12 7 19 16 4 4 1 17 5 3 17 17 3 7
split_gain=395.376 17.8328 1.1758 0.694424 0.474911 1.28575 0.477462 0.399636 0.623062 0.354049 0.909301 0.673579 1.15557 0.629488 0.87809 0.535701 0.629483 0.505988 0.657558 0.836443 0.634888 0.592158 0.831636 0.685704 1.10927 0.811328 0.511674 0.418598 0.430044 0.416854
threshold=1.0000000180025095e-35 0.25000000000000011 0.60947546798558971 0.50921658986175122 0.17708840336715329 26.500000000000004 0.40894391966641147 0.040398918187964851 1.0000000180025095e-35 6.5000000000000009 0 0.25712705301676458 0.059770957393518474 -0.56174490092936669 0.38275891413496732 0.34147465437788027 0.87837969732492682 0.05578386221791292 1 14.500000000000002 0.091145833333333343 0.049479166666666671 0.028645833333333336 0.33208765798362 0.13488843813387427 0.039062500000000007 0.3161858565228492 0.30469747255552726 0.033854166666666671 0.032574485205242816
decision_type=2 2 2 2 2 2 2 2 2 2 1 2 2 2 2 2 2 2 1 2 2 2 2 2 2 2 2 2 2 2
left_child=1 -1 4 -4 6 -6 7 8 -2 10 11 12 -9 14 17 16 -12 20 19 -19 21 22 27 24 25 26 -24 28 -11 -13
right_child=2 -3 3 -5 5 -7 -8 9 -10 13 15 29 -14 -15 -16 -17 -18 18 -20 -21 -22 -23 23 -25 -26 -27 -28 -29 -30 -31
leaf_value=0 3.0481788594331714e-07 0 -0.0001060464330001705 0.00085924882058181762 -0.00034002662021552477 0.00036977110079319174 0.00061682378162025969 -3.0870444848720293e-05 -8.541590729061065e-05 -0.00011079483645054461 5.0592638409767892e-06 -5.4631771779250547e-05 -0.00060360899429782045 1.9487515405982675e-05 -0.00032152082036489212 0.00016087877617461434 -0.00012638173384908302 -0.00012517254162652683 4.0286496351962237e-05 -2.2022200248677735e-06 -0.0001444785749363096 0.0001583512820244503 -0.00015227024924964095 2.0369958149783853e-05 -0.00041679110065354937 0.00016806995784730125 -0.00028937689220650598 0.00011177927332636787 2.1256887802619714e-06 -4.4601805486752973e-06
leaf_weight=577 48 33 30 221 21 32 54 34 23 32 160 34 20 1987 23 88 29 26 332 95 29 93 32 30 20 32 21 53 24 175
leaf_count=577 48 33 30 221 21 32 54 34 23 32 160 34 20 1987 23 88 29 26 332 95 29 93 32 30 20 32 21 53 24 175
internal_value=-0.00330218 -0.0257213 0.000298578 0.00228286 0.000158162 -0.00266033 0.000200916 0.000156977 -0.00207039 0.000203918 -0.000499999 -0.00172527 -0.00477769 0.000338282 -0.000349168 0.000700346 -0.000174602 -0.000186813 0.000483443 -0.00135113 -0.00101639 -0.00064985 -0.00142622 -0.00299998 -0.00414282 -0.00264703 -0.00492444 0.000522931 -0.00128569 -0.00101913
internal_weight=4408 610 3798 251 3547 53 3494 3440 71 3369 540 263 54 2829 842 277 189 819 453 121 366 337 244 135 105 85 53 109 56 209
internal_count=4408 610 3798 251 3547 53 3494 3440 71 3369 540 263 54 2829 842 277 189 819 453 121 366 337 244 135 105 85 53 109 56 209
cat_boundaries=0 1 2
cat_threshold=737 37
is_linear=0
shrinkage=0.03


Tree=260
num_leaves=31
num_cat=1
split_feature=1 16 12 2 13 19 11 6 18 9 12 6 7 12 9 3 11 6 5 8 5 8 12 4 17 11 18 8 7 7
split_gain=405.298 4.0097 2.53997 1.79548 1.12648 1.09911 0.676979 0.789415 0.907725 0.778169 0.783248 0.626691 0.677893 1.53732 1.27478 0.664245 0.78125 0.575116 0.779275 0.522941 0.520931 0.77366 0.915981 0.558333 0.446337 0.437327 0.686672 0.432697 0.417445 0.919112
threshold=1.0000000180025095e-35 29.500000000000004 -1.0000000180025095e-35 0.049479166666666671 1.0000000180025095e-35 0 -0.5 0.57880184331797246 0.4661764705882353 0.69146608315098479 0.87837969732492682 0.46682027649769592 0.086056542320642804 1.0000000180025095e-35 0.51531728665207888 0.044270833333333336 0.25000000000000017 0.42903225806451623 0.18154158215010144 0.18809772008987066 0.15838404327248143 0.14189758641386938 -0.60785761079279388 0.013020833333333334 0.29725129776189269 0.93301270189221952 0.47500000000000003 0.14899102893320368 0.030929648754824384 0.051691424267021037
decision_type=2 2 2 2 2 1 2 2 2 2 2 2 2 2 2 2 2 2 2 2 2 2 2 2 2 2 2 2 2 2
left_child=1 -1 -3 11 -4 -5 7 9 -9 10 19 12 17 15 -15 -14 -17 18 20 24 23 22 -22 28 -7 -8 -27 -26 -2 -30
right_child=3 2 4 5 -6 6 25 8 -10 -11 -12 -13 13 14 -16 16 -18 -19 -20 -21 21 -23 -24 -25 27 26 -28 -29 29 -31
leaf_value=0 -2.2740939118981878e-06 0 0 0.00020000890921457337 0 -0.00010383031234864712 8.1033385770561974e-05 -0.00044649496763917611 2.4089571612577698e-05 0.0001219560455052417 -0.00031287532573978725 0.00029249173099528679 0.00030786827125323709 -0.00026654198288858966 -8.2053656246652704e-05 -0.00016948278075396947 0.00019525773818020699 -7.7577173131705647e-05 0.00018128881981524533 0.00023266255309751802 4.2924645983564642e-06 0.00011384161738594672 -0.00032776198353766438 1.1368972313853984e-06 1.5274957677380587e-05 1.7869774012315461e-05 -0.0002381068428074356 -0.00011254544184618212 -0.00013665262107498261 2.9820066703733758e-06
leaf_weight=507 115 41 42 825 40 36 677 23 20 122 30 46 48 22 36 26 29 22 62 40 35 27 42 1180 57 87 25 21 99 59
leaf_count=507 115 41 42 825 40 36 677 23 20 122 30 46 48 22 36 26 29 22 62 40 35 27 42 1180 57 87 25 21 99 59
internal_value=-0.00347151 -0.0257619 -0.0209023 0.00021333 -0.0178534 0.000845135 0.000229965 -0.000868192 -0.00467431 -0.000333332 -0.00156521 -0.000457792 -0.00054606 -0.00240371 -0.00631024 -0.000203881 -0.0024545 -0.000363802 -0.000298332 -0.000701294 -0.000429672 -0.00248075 -0.00401293 -0.000282863 -0.00173683 0.00071863 -0.00101785 -0.000461532 -0.00150549 -0.00250631
internal_weight=4441 630 123 3811 82 1963 1138 349 43 306 184 1848 1802 161 58 103 55 1641 1619 154 1557 104 77 1453 114 789 112 78 273 158
internal_count=4441 630 123 3811 82 1963 1138 349 43 306 184 1848 1802 161 58 103 55 1641 1619 154 1557 104 77 1453 114 789 112 78 273 158
cat_boundaries=0 1
cat_threshold=162
is_linear=0
shrinkage=0.03


Tree=261
num_leaves=31
num_cat=0
split_feature=0 10 0 4 7 11 4 13 1 4 17 0 0 18 18 3 6 6 11 8 8 6 7 10 16 16 12 17 6 8
split_gain=407.193 16.4625 1.63879 0.514579 0.661933 0.763999 0.72591 0.991999 0.576741 0.895274 0.478456 0.472392 0.420309 0.362857 0.372124 0.355174 0.531553 1.06772 0.331415 0.879694 1.04173 0.573977 0.714193 0.614123 0.559324 0.575482 0.518755 1.04774 1.20943 0.842391
threshold=1.0000000180025095e-35 0.25000000000000011 0.59889677441000055 0.13281250000000003 0.12106829783344576 -0.5 0.044270833333333336 -0.22252093395631442 0.033854166666666671 0.091145833333333343 0.34766520237455956 0.48167596075519353 0.20681904689606379 0.51617647058823535 0.5102941176470589 0.080729166666666671 0.30552995391705079 0.34976958525345631 0.25000000000000017 0.23115397234354332 0.28085358773915364 0.21612903225806454 0.053262949793462168 0.25000000000000011 11.500000000000002 6.5000000000000009 1.0000000180025095e-35 0.32478086971321596 0.32764976958525355 0.10133922723468335
decision_type=2 2 2 2 2 2 2 2 2 2 2 2 2 2 2 2 2 2 2 2 2 2 2 2 2 2 2 2 2 2
left_child=1 -1 3 4 8 11 7 -7 9 10 12 -6 -2 14 18 16 -14 -18 26 21 -21 22 23 -20 25 -22 -10 -28 29 -29
right_child=2 -3 -4 -5 5 6 -8 -9 13 -11 -12 -13 15 -15 -16 -17 17 -19 19 20 24 -23 -24 -25 -26 -27 27 28 -30 -31
leaf_value=0 -7.2421254958324814e-05 0 0.00054026413103891034 0.00013330540045194362 -0.00010375651871078 -0.00079896105643187637 4.3617923566589104e-05 0.00017852942315763843 1.7493146690179633e-05 -0.00011617459519737834 7.0966250464473148e-05 -0.00043862641668907274 -4.0247207912088499e-06 0.00011819201635996051 -0.00015920153513147403 9.3609816025559941e-05 -0.00024823871516364539 0.00011830105177725047 7.0309319430280113e-05 -0.000187125991204753 3.81197383776185e-05 0.00015917918014732361 0.00027981730711397674 -0.00023067272467382858 0.00010631515646339098 -5.8919864847304323e-05 2.9116813603976525e-06 -5.6082057769708316e-06 0.00021551746386147021 -0.00025886322471931983
leaf_weight=596 42 33 345 189 29 21 90 24 648 32 53 25 858 46 37 43 25 20 22 24 26 504 37 25 57 24 371 60 48 87
leaf_count=596 42 33 345 189 29 21 90 24 648 32 53 25 858 46 37 43 25 20 22 24 26 504 37 25 57 24 371 60 48 87
internal_value=-0.00344449 -0.0258076 0.00024554 4.93223e-05 -3.84379e-05 -0.0017619 -0.000555551 -0.00366658 6.70121e-05 -0.000494874 -0.000342939 -0.00477769 -0.000491902 0.000366071 0.000304568 -0.000361522 -0.000488371 -0.00366658 0.000361614 0.000872043 -0.00135113 0.00136734 -0.00092856 -0.00338291 -8.41112e-05 -0.00239995 5.93081e-05 -0.000604239 -0.0023846 -0.00373467
internal_weight=4441 629 3812 3467 3278 189 135 45 3089 1073 1041 54 988 2016 1970 946 903 45 1933 719 131 588 84 47 107 50 1214 566 195 147
internal_count=4441 629 3812 3467 3278 189 135 45 3089 1073 1041 54 988 2016 1970 946 903 45 1933 719 131 588 84 47 107 50 1214 566 195 147
is_linear=0
shrinkage=0.03


Tree=262
num_leaves=31
num_cat=1
split_feature=0 10 0 17 19 12 7 0 3 16 16 16 7 9 17 11 0 5 7 8 7 13 3 8 18 17 17 16 7 3
split_gain=407.685 16.4625 1.61273 0.562087 0.639569 1.20341 0.817157 0.892365 0.754079 1.11362 1.35796 1.10925 0.921877 0.951115 0.793138 0.691683 0.669066 0.858036 0.53723 0.509398 0.482131 0.480691 0.754445 0.760819 0.560819 0.474375 0.524571 0.631263 0.464296 0.451856
threshold=1.0000000180025095e-35 0.25000000000000011 0.59889677441000055 0.25453152923155481 0 0.6078576107927941 0.03471521951185539 0.30125126276370612 0.10156250000000001 17.500000000000004 14.500000000000002 5.5000000000000009 0.067062079439188252 0.65864332603938747 0.34665134882137699 1.0000000180025095e-35 0.45029684738397663 0.13894523326572011 0.1598231199900437 0.14899102893320368 0.020441236365108594 -0.22252093395631442 0.075520833333333343 0.35159761643159942 0.48088235294117648 0.29617288624005594 0.29848523529912357 2.5000000000000004 0.18502856309113072 0.018229166666666668
decision_type=2 2 2 2 1 2 2 2 2 2 2 2 2 2 2 2 2 2 2 2 2 2 2 2 2 2 2 2 2 2
left_child=1 -1 3 21 15 28 20 -8 9 10 11 -9 19 14 -14 25 17 -17 -18 -11 -7 22 23 24 -2 -5 -27 -28 -6 -29
right_child=2 -3 -4 4 5 6 7 8 -10 12 -12 -13 13 -15 -16 16 18 -19 -20 -21 -22 -23 -24 -25 -26 26 27 29 -30 -31
leaf_value=0 -0.00015756134138543296 0 0.00052405620710774291 5.4979468164306926e-05 1.4040285487029476e-06 -2.0660727617941419e-05 -0.00010713282290438426 -0.00025561784965215042 -0.00047801525070275899 0.0001270319006291226 -0.00028276057582058957 1.5814710150494678e-05 -0.00018152546941062407 -0.00024844454126921967 0.00037007738965550991 4.7664631549887864e-06 0.00020287897212718437 -0.00011548535495427403 -0.00015176906788308853 -0.00039130429700016012 0.00011970118235587247 0.00017330316643157604 4.6234904004721807e-05 -0.00039201612978619451 0.00015805689064277742 -0.00013528959226829308 -0.00013634194684766345 0.00012061161735308155 -0.0002824434086520014 -2.1579505162831645e-05
leaf_weight=596 43 33 345 246 1091 28 21 33 36 87 32 47 36 22 29 248 349 20 21 22 56 237 85 21 26 22 21 78 20 490
leaf_count=596 43 33 345 246 1091 28 21 33 36 87 32 47 36 22 29 248 349 20 21 22 56 237 85 21 26 22 21 78 20 490
internal_value=-0.00343098 -0.0258076 0.00026128 6.66283e-05 -7.36496e-05 -0.000496815 -0.00181069 -0.00242465 -0.00205813 -0.00157792 -0.00396425 -0.00187498 -0.000214285 -0.00251721 -0.000692297 0.000368771 0.00111912 -2.23879e-05 0.00194594 0.00162384 0.000857133 0.00110679 -8.57137e-05 -0.00199998 -0.000478254 -0.000185531 -0.000633387 -0.000463497 2.97031e-05 -0.000274647
internal_weight=4441 629 3812 3467 3055 1560 449 365 344 308 112 80 196 87 65 1495 638 268 370 109 84 412 175 90 69 857 611 589 1111 568
internal_count=4441 629 3812 3467 3055 1560 449 365 344 308 112 80 196 87 65 1495 638 268 370 109 84 412 175 90 69 857 611 589 1111 568
cat_boundaries=0 1
cat_threshold=930
is_linear=0
shrinkage=0.03


Tree=263
num_leaves=31
num_cat=3
split_feature=0 10 2 0 8 19 6 19 0 6 8 9 6 13 6 8 18 6 6 3 3 6 6 16 4 2 19 6 8 8
split_gain=408.671 16.4625 1.69251 0.968769 0.668721 0.729621 1.15245 0.648776 1.28752 0.591233 0.517858 1.67071 0.905292 0.737197 0.496992 0.484475 0.673625 0.499575 0.425168 0.389316 0.733407 0.389085 0.458611 1.11676 1.79088 2.34305 0.542608 0.649609 0.503005 0.537149
threshold=1.0000000180025095e-35 0.25000000000000011 0.049479166666666671 0.60785668035134688 0.20833669660143139 0 0.66175115207373281 1 0.50396260866742038 0.46682027649769592 0.25928284646248428 0.5977388767323123 0.5202764976958526 -0.56174490092936669 0.43456221198156691 0.16640278872593822 0.43970588235294122 0.25072302558398224 0.25852534562211987 0.080729166666666671 0.070312500000000014 0.38847926267281113 0.25072302558398224 26.500000000000004 0.044270833333333336 0.033854166666666671 2 0.2898617511520738 0.15928412133379541 0.12297886568393225
decision_type=2 2 2 2 2 1 2 1 2 2 2 2 2 2 2 2 2 2 2 2 2 2 2 2 2 2 1 2 2 2
left_child=1 -1 9 4 7 -6 10 8 19 14 11 -7 -13 -12 21 16 -9 -18 -19 20 -4 22 -2 24 25 -24 27 -25 29 -26
right_child=2 -3 3 -5 5 6 -8 15 -10 -11 13 12 -14 -15 -16 -17 17 18 -20 -21 -22 -23 23 26 28 -27 -28 -29 -30 -31
leaf_value=0 -1.6876378098339882e-06 0 6.9891594229052693e-06 0.00062810246461685992 0.00011092213711583672 4.7754550385917801e-05 -0.00012956134467105441 -1.8670919780094349e-05 -0.0010066085527616452 0.00027657035675930777 -0.00017835143586953351 -0.00024069719110242005 -0.0003790925369860447 9.3798489613028125e-05 -7.1076867146526292e-05 0.00031374460526577735 0.00023346263753639849 -5.9547324119925124e-05 5.0715152179153046e-05 0.00012157099799982741 -0.00012029619671903146 0.00028376174556178071 -0.0003142627499990423 -0.00025785322777415923 0.00011561828730941319 -2.2984283289525229e-05 1.8813645530008002e-05 1.3451870167535701e-05 2.7868477340418879e-05 -0.00010094652350144072
leaf_weight=596 1260 33 272 252 115 79 31 20 20 46 34 20 28 108 23 324 127 24 433 43 33 30 24 56 40 38 173 52 34 73
leaf_count=596 1260 33 272 252 115 79 31 20 20 46 34 20 28 108 23 324 127 24 433 43 33 30 24 56 40 38 173 52 34 73
internal_value=-0.00340396 -0.0258076 0.00029276 0.000906266 0.000650497 -0.000397589 -0.00116129 0.00098611 -9.52377e-05 -0.000358572 -0.000568771 -0.00196061 -0.00637487 0.000676052 -0.000444259 0.00140085 0.000913906 0.00109931 0.00063676 0.000327585 -4.91801e-05 -0.00038764 -0.000445714 -0.00122449 -0.00288515 -0.00716117 1.06762e-05 -0.00157626 -0.00108163 -0.00204423
internal_weight=4441 629 3812 1963 1711 415 300 1296 368 1849 269 127 48 142 1803 928 604 584 457 348 305 1780 1750 490 209 62 281 108 147 113
internal_count=4441 629 3812 1963 1711 415 300 1296 368 1849 269 127 48 142 1803 928 604 584 457 348 305 1780 1750 490 209 62 281 108 147 113
cat_boundaries=0 1 2 3
cat_threshold=6 277 178
is_linear=0
shrinkage=0.03


Tree=264
num_leaves=31
num_cat=0
split_feature=0 10 0 2 11 5 2 18 4 17 6 16 0 3 16 3 4 11 18 2 0 6 2 17 12 18 0 12 17 17
split_gain=408.424 16.4625 1.57403 0.628422 0.526363 2.0013 0.742407 0.488982 0.410115 0.392195 0.443836 1.17199 0.760138 1.10384 0.926313 0.720209 0.629653 0.50415 0.51494 0.706571 0.500443 0.471266 0.520306 0.445405 1.00941 0.794874 0.505812 0.378416 0.388669 0.63954
threshold=1.0000000180025095e-35 0.25000000000000011 0.59889677441000055 0.049479166666666671 -0.5 0.29513184584178503 0.13802083333333334 0.51323529411764712 0.10677083333333334 0.21947068334609829 0.25072302558398224 19.500000000000004 0.45545294682155407 0.054687500000000007 8.5000000000000018 0.059895833333333336 0.044270833333333336 -0.9330127018922193 0.48088235294117648 0.023437500000000003 0.31455013405668064 0.21787360105332459 0.044270833333333336 0.34457082155884028 1.0000000180025095e-35 0.48382352941176471 0.20681904689606379 -0.8783796973249266 0.30903752872095996 0.34665134882137699
decision_type=2 2 2 2 2 2 2 2 2 2 2 2 2 2 2 2 2 2 2 2 2 2 2 2 2 2 2 2 2 2
left_child=1 -1 3 7 5 6 -5 9 -6 -2 17 12 15 -14 -15 16 -12 18 19 -11 -21 23 -23 26 -25 -26 -19 -13 -29 -30
right_child=2 -3 -4 4 8 -7 -8 -9 -10 10 11 27 13 14 -16 -17 -18 21 -20 20 -22 22 -24 24 25 -27 -28 28 29 -31
leaf_value=0 8.5163633764069922e-05 0 0.00049451361470188588 8.0696762155304093e-06 1.9969898821506249e-05 -0.00032105933751064801 -0.00025446851529802695 0.00013560347788363228 0.00019123346168333725 -0.00021068682955280708 -0.00028018199991021903 1.4398849993475673e-05 0.00012564870930776437 -0.00019201448844504587 1.2338799755993095e-06 -3.5474393858728983e-05 -9.3190315397789639e-05 -6.0377298720607049e-05 4.9716426626011816e-06 0.00026810511645077376 -0.0002339710618329995 0.000192367540821112 -5.5716172742118708e-06 1.5993528446357716e-06 -3.5507783026635654e-06 -0.0002080182381331931 1.5881543907663148e-06 7.1070313448929295e-06 -0.00024687537847484887 0.00033040644346630106
leaf_weight=596 60 33 345 483 902 31 22 71 185 26 21 62 57 22 24 28 35 44 58 25 41 203 35 65 20 21 702 105 81 38
leaf_count=596 60 33 345 483 902 31 22 71 185 26 21 62 57 22 24 28 35 44 58 25 41 203 35 65 20 21 702 105 81 38
internal_value=-0.00341072 -0.0258076 0.00028489 9.25873e-05 0.000523105 -0.000246268 0.00020792 -0.000286334 0.000902483 -0.000384094 -0.0004676 -0.00124947 -0.00309624 -0.00136892 -0.00482598 -0.00521422 -0.00717844 -0.000169355 -0.00179999 -0.00319562 -0.00154543 5.50459e-05 0.00123529 -0.000274647 -0.00209432 -0.00578035 -1.60857e-05 -4.19578e-05 -0.000616069 -0.0017899
internal_weight=4441 629 3812 3467 1623 536 505 1844 1087 1773 1713 473 187 103 46 84 56 1240 150 92 66 1090 238 852 106 41 746 286 224 119
internal_count=4441 629 3812 3467 1623 536 505 1844 1087 1773 1713 473 187 103 46 84 56 1240 150 92 66 1090 238 852 106 41 746 286 224 119
is_linear=0
shrinkage=0.03


Tree=265
num_leaves=31
num_cat=2
split_feature=0 10 1 2 4 4 0 6 7 0 19 10 13 7 8 6 16 0 19 4 17 7 1 13 4 2 4 16 6 10
split_gain=389.768 20.8738 0.977374 0.587067 0.653133 0.699986 0.527815 0.627089 0.488595 0.58601 0.411645 0.487827 1.60747 0.530115 0.439563 0.853997 0.347451 1.33663 0.900568 0.92494 0.537737 0.532384 0.811857 1.11356 0.531001 0.805498 0.512682 0.484338 0.458041 0.609621
threshold=1.0000000180025095e-35 0.25000000000000011 0.096354166666666671 0.17968750000000003 0.19010416666666669 0.13802083333333334 0.61433241398902261 0.71013824884792642 0.19614921917087011 0.58315943199673659 0 0.25000000000000011 1.0000000180025095e-35 0.08223428479567764 0.20833669660143139 0.49262672811059915 19.500000000000004 0.55882118566514938 1 0.080729166666666671 0.35286358607778068 0.095648249209454236 0.044270833333333336 -0.22252093395631442 0.023437500000000003 0.070312500000000014 0.11718750000000001 24.500000000000004 0.29631336405529957 0.93301270189221952
decision_type=2 2 2 2 2 2 2 2 2 2 1 2 2 2 2 2 2 2 1 2 2 2 2 2 2 2 2 2 2 2
left_child=1 -1 3 4 5 8 7 10 9 16 -4 12 13 -12 -13 -16 17 24 19 27 21 28 -23 -24 25 -2 -26 -18 29 -20
right_child=2 -3 6 -5 -6 -7 -8 -9 -10 -11 11 14 -14 -15 15 -17 18 -19 20 -21 -22 22 23 -25 26 -27 -28 -29 -30 -31
leaf_value=0 -1.6668262135545509e-05 0 0.00027270629152033402 -0.00023212740058555637 -6.8412040595269098e-05 0.00017654724942407803 0.00090261684513086836 -0.00012638830714770059 -0.00023457291135247512 0.00033415800536717088 -0.00032863422064601661 0.00028558516513273603 0.0002365701818464081 -7.1339539209242417e-05 0.00044035100770998213 -0.00036989905284188747 0.00017631104438132147 -0.00036076135828428459 4.4186316969578131e-07 -0.00039638106936043082 0.00021425036591236126 5.694388588384933e-05 8.9712278777168889e-06 -0.00038518943479834617 5.6236559168969484e-06 -0.00012481361057621053 -0.00013830033178149979 -1.7333220744610797e-05 0.00019379235007709142 0.00022469426559557507
leaf_weight=566 211 33 235 24 23 81 178 21 20 66 20 116 38 27 24 27 32 23 727 21 156 29 22 22 817 21 26 342 318 108
leaf_count=566 211 33 235 24 23 81 178 21 20 66 20 116 38 27 24 27 32 23 727 21 156 29 22 22 817 21 26 342 318 108
internal_value=-0.00316598 -0.0256477 0.000401324 0.000173843 0.00021044 0.000248521 0.00142565 0.000933069 0.000173252 0.000205032 0.00115195 0.000251908 -0.00158822 -0.00529776 0.00120359 -0.00111763 0.00014087 -0.000278688 0.000400112 -0.00085185 0.00075862 0.000553018 -0.00193148 -0.0044999 -0.000125581 -0.00139655 0.000224199 -0.00052941 0.00071032 0.000341317
internal_weight=4374 599 3775 3089 3065 3042 686 508 2961 2941 487 252 85 47 167 51 2875 1098 1777 395 1382 1226 73 44 1075 232 843 374 1153 835
internal_count=4374 599 3775 3089 3065 3042 686 508 2961 2941 487 252 85 47 167 51 2875 1098 1777 395 1382 1226 73 44 1075 232 843 374 1153 835
cat_boundaries=0 1 2
cat_threshold=54 17
is_linear=0
shrinkage=0.03


Tree=266
num_leaves=31
num_cat=0
split_feature=0 10 0 10 1 17 6 18 9 17 9 10 8 8 6 0 17 7 0 3 11 6 9 16 16 8 11 11 17 0
split_gain=388.58 20.8738 1.01586 0.768109 2.00502 0.510589 0.454169 0.438536 0.46521 0.403383 0.729324 0.538697 0.361689 0.681786 0.325366 0.578936 0.496503 0.573822 1.70744 0.902032 0.414053 0.365533 0.367257 0.351748 0.406417 0.629744 0.34056 0.411541 0.537122 0.47605
threshold=1.0000000180025095e-35 0.25000000000000011 0.56082586125926026 -0.5 0.096354166666666671 0.35286358607778068 0.69262672811059922 0.43970588235294122 0.65134938001458809 0.34457082155884028 0.6433260393873087 -0.6830127018922193 0.33361259514664277 0.42989024801819237 0.38387096774193558 0.54973724893015385 0.34110156435695865 0.082700960608481922 0.48574118920229131 0.028645833333333336 0.6830127018922193 0.43732718894009226 0.70386579139314387 3.5000000000000004 29.500000000000004 0.23288439984612844 0.93301270189221952 0.6830127018922193 0.33967321930048516 0.26514453187980547
decision_type=2 2 2 2 2 2 2 2 2 2 2 2 2 2 2 2 2 2 2 2 2 2 2 2 2 2 2 2 2 2
left_child=1 -1 5 4 -4 6 9 8 -5 14 11 -11 -9 -14 16 21 17 26 19 -19 -21 -16 23 -23 -25 -26 27 28 -2 -29
right_child=2 -3 3 7 -6 -7 -8 12 -10 10 -12 -13 13 -15 15 -17 -18 18 -20 20 -22 22 -24 24 25 -27 -28 29 -30 -31
leaf_value=0 3.6300407315079824e-07 0 -0.0002802211206486253 0.0002586945289980735 0.00027480101339391843 8.8469703866023595e-05 -0.00017194517993026698 0.00043262020409093766 -0.00010105846187738552 -4.6948639472486558e-05 -0.00023562299916603493 0.00018703792673772796 -0.00022783244918278772 6.2667854403213966e-05 0.00018838117229005245 -6.5197210247341597e-05 0.0002506970843860656 -9.475848501911549e-05 -0.00021527156598554842 0.00013680028277053883 -5.5916057373468408e-05 -0.00014707865234746912 0.00020578649680249431 7.5322126357464959e-05 -0.00028067580902528294 0.00012185240254227458 -5.5614826716043557e-05 -7.9740342827000802e-05 -0.00024649584632688401 0.00023799130972137133
leaf_weight=566 1688 33 23 38 53 290 26 433 21 20 48 88 20 24 110 45 83 24 29 99 26 24 51 141 40 30 65 20 30 186
leaf_count=566 1688 33 23 38 53 290 26 433 21 20 48 88 20 24 110 45 83 24 29 99 26 24 51 141 40 30 65 20 30 186
internal_value=-0.00320027 -0.0256477 0.000361589 0.00148039 -0.00134209 0.000145115 2.40168e-05 0.00188059 -0.000559312 6.00633e-05 -0.00142307 -5.55549e-05 0.00218239 -0.000409081 0.000146042 0.000891155 1.11759e-10 -8.72172e-05 -0.00171909 -0.000422816 0.000599995 0.00125757 0.000692305 0.000191489 0.000582936 -0.0012857 5.88236e-05 0.000130977 -2.09545e-05 0.00139805
internal_weight=4374 599 3775 612 76 3163 2873 536 59 2847 156 108 477 44 2691 441 2250 2167 178 149 125 396 286 235 211 70 1989 1924 1718 206
internal_count=4374 599 3775 612 76 3163 2873 536 59 2847 156 108 477 44 2691 441 2250 2167 178 149 125 396 286 235 211 70 1989 1924 1718 206
is_linear=0
shrinkage=0.03


Tree=267
num_leaves=31
num_cat=0
split_feature=0 10 1 7 16 0 2 0 16 11 17 16 2 4 8 8 18 9 8 0 7 16 8 4 4 7 0 3 4 17
split_gain=388.817 20.8738 0.921591 1.03671 1.7043 0.565782 0.504839 0.512724 0.432085 0.419579 0.591532 0.520208 0.630017 0.393836 0.335107 0.492591 0.296681 0.316811 0.27776 0.268969 0.517328 0.519206 0.258642 0.26417 0.403288 0.381022 0.571225 0.489207 1.08555 0.440987
threshold=1.0000000180025095e-35 0.25000000000000011 0.11197916666666667 0.17708840336715329 26.500000000000004 0.54247262211610925 0.18489583333333334 0.58542297693482837 10.500000000000002 0.6830127018922193 0.33260705618597397 3.5000000000000004 0.039062500000000007 0.013020833333333334 0.28621043842988975 0.23942336319236415 0.43970588235294122 0.17396061269146609 0.16531796151224473 0.61433241398902261 0.11742592553505851 25.500000000000004 0.047036063606218641 0.13281250000000003 0.11718750000000001 0.095648249209454236 0.49925761190894619 0.059895833333333336 0.059895833333333336 0.36060320618347969
decision_type=2 2 2 2 2 2 2 2 2 2 2 2 2 2 2 2 2 2 2 2 2 2 2 2 2 2 2 2 2 2
left_child=1 -1 3 6 -5 8 7 9 -4 14 11 12 -11 -13 15 22 -15 -18 -10 20 -7 -22 -2 24 25 26 -24 29 -29 -27
right_child=2 -3 5 4 -6 19 -8 -9 18 10 -12 13 -14 16 -16 -17 17 -19 -20 -21 21 -23 23 -25 -26 27 -28 28 -30 -31
leaf_value=0 1.1024714477293397e-05 0 0.0001203137181995844 -0.00019874382352468747 0.00024905598108887874 0.00035174194050493861 -0.00028154845912087718 0.0002523310508332114 -8.1445536630410563e-05 -0.00017674040048120139 0.00026539118018287748 -0.00012723002457036401 2.9732530649689777e-06 -0.00015053399258248694 -6.3672017458990223e-05 0.00049087159562159256 -2.9903519241431446e-06 0.00014506642091819725 3.2312448173387263e-07 0.0009033290219280963 -0.00036281229939408695 0.0002936488480778146 -8.6393824391785541e-07 0.00013138091590660827 -7.5082244238829096e-05 -8.1800762392167175e-05 0.00018125993237050485 -0.00032136921181144529 2.4736124739093009e-05 0.0001037415390920831
leaf_weight=566 59 33 21 23 22 174 20 117 24 23 165 26 41 23 36 51 34 269 36 160 32 41 1921 43 33 54 210 41 44 32
leaf_count=566 59 33 21 23 22 174 20 117 24 23 165 26 41 23 36 51 34 269 36 160 32 41 1921 43 33 54 210 41 44 32
internal_value=-0.00319341 -0.0256477 0.000369536 0.000188926 -0.00433324 0.00158606 0.000251697 0.000281192 -0.000703695 0.00020773 0.000934594 0.00033173 -0.00215622 0.000784089 4.04121e-05 8.19936e-05 0.00106748 0.00131683 -0.00199997 0.00204176 0.00142105 -0.00069862 2.09275e-05 -2.77543e-05 -7.06637e-05 -2.34577e-05 8.58752e-05 -0.00138596 -0.00299996 0.0002093
internal_weight=4374 599 3775 3287 45 488 3242 3222 81 3105 581 416 64 352 2524 2488 326 303 60 407 247 73 2437 2378 2335 2302 2131 171 85 86
internal_count=4374 599 3775 3287 45 488 3242 3222 81 3105 581 416 64 352 2524 2488 326 303 60 407 247 73 2437 2378 2335 2302 2131 171 85 86
is_linear=0
shrinkage=0.03


Tree=268
num_leaves=31
num_cat=0
split_feature=0 10 5 9 7 17 0 10 16 0 11 16 17 7 0 6 6 3 7 9 9 3 7 6 6 6 18 5 0 6
split_gain=387.868 20.8738 0.887526 0.972322 0.530669 0.88782 1.17457 0.593093 1.54281 0.304297 0.304718 0.418564 0.520209 0.366991 0.400979 0.283996 0.49367 0.872809 0.567726 1.89792 0.466647 0.451605 0.299577 0.304418 0.551311 0.341634 0.349413 0.854825 0.504083 0.784384
threshold=1.0000000180025095e-35 0.25000000000000011 0.25456389452332662 0.20459518599562362 0.10370144050200945 0.31388817972938482 0.59743234789882671 -0.24999999999999994 26.500000000000004 0.54802186383041918 0.6830127018922193 3.5000000000000004 0.23951153093353761 0.031283141932301375 0.52800106982563555 0.60230414746543792 0.38387096774193558 0.11197916666666667 0.11227999405523552 0.57330415754923425 0.67177242888402644 0.091145833333333343 0.10585281245293768 0.085164835164835181 0.092343140730237527 0.099850610219273842 0.48088235294117648 0.052400270453008796 0.4201331308126896 0.21787360105332459
decision_type=2 2 2 2 2 2 2 2 2 2 2 2 2 2 2 2 2 2 2 2 2 2 2 2 2 2 2 2 2 2
left_child=1 -1 9 -4 -5 6 -6 8 -7 10 15 12 -12 -13 -15 16 17 18 21 -20 -21 22 23 -2 -25 -26 -27 -28 -29 -30
right_child=2 -3 3 4 5 7 -8 -9 -10 -11 11 13 -14 14 -16 -17 -18 -19 19 20 -22 -23 -24 24 25 26 27 28 29 -31
leaf_value=0 2.6813044054963235e-06 0 -0.00021601831471270824 0.00030279836039701156 1.3082146174611907e-05 -0.0002873148016773778 -0.00045737601495918841 0.00043158212898353269 0.0010011242493154573 -1.8004094012336967e-05 -0.00016720131347770933 -1.8221294813777571e-05 4.1338497608586182e-05 0.00013695473949767412 -4.9136769263314707e-06 -8.4408496978347034e-05 0.00017749230319114034 -0.00022647828592891933 -0.00036063817382752923 0.00055303731817897854 -2.38758471093968e-05 9.1644129127456034e-05 0.00034652973865239661 -5.875577995428451e-05 9.5666334126907622e-05 -5.0495869775140325e-06 -0.00019001442009425521 6.5305691648955894e-05 -0.00032382521188113988 1.9183736080496036e-06
leaf_weight=566 61 33 30 314 63 30 22 219 40 24 34 38 43 429 21 24 222 29 20 28 20 64 29 29 32 1185 21 351 20 333
leaf_count=566 61 33 30 314 63 30 22 219 40 24 34 38 43 429 21 24 222 29 20 28 20 64 29 29 32 1185 21 351 20 333
internal_value=-0.00322085 -0.0256477 0.000337748 0.00128691 0.00151744 0.000754009 -0.00194115 0.00154671 -0.00085713 0.000114819 0.000141444 0.00076991 -0.0012857 0.00109426 0.00133333 -2.43101e-06 2.946e-05 -0.00010531 -3.69356e-05 -0.00273525 0.00049999 4.94119e-05 -2.76564e-05 -7.0866e-05 -0.000135464 -7.41502e-05 -0.000125654 0.000393103 0.000571022 -0.000229461
internal_weight=4374 599 3775 718 688 374 85 289 70 3057 3033 565 77 488 450 2468 2444 2222 2193 68 48 2125 2061 2032 1971 1942 1910 725 704 353
internal_count=4374 599 3775 718 688 374 85 289 70 3057 3033 565 77 488 450 2468 2444 2222 2193 68 48 2125 2061 2032 1971 1942 1910 725 704 353
is_linear=0
shrinkage=0.03


Tree=269
num_leaves=31
num_cat=0
split_feature=0 10 1 2 0 8 8 11 7 7 0 7 9 7 1 6 6 9 11 8 12 2 7 9 9 17 12 6 2 17
split_gain=387.393 20.8738 1.04676 0.565314 0.561165 0.486495 0.837061 0.482317 0.485928 0.476808 0.662312 0.426277 0.752255 1.63503 1.51295 0.553088 0.626808 1.53211 0.452199 0.406541 1.16801 0.523998 0.3714 0.337357 0.349933 0.674092 0.545377 0.336081 0.328761 0.877596
threshold=1.0000000180025095e-35 0.25000000000000011 0.096354166666666671 0.17968750000000003 0.61433241398902261 0.33361259514664277 0.42989024801819237 -0.5 0.11146912280415879 0.18502856309113072 0.58542297693482837 0.088419907194990141 0.65864332603938747 0.10698939372466877 0.054687500000000007 0.34976958525345631 0.33317972350230424 0.36323851203501106 0.6830127018922193 0.33361259514664277 -0.60785761079279388 0.13281250000000003 0.068441601191932266 0.41320204230488705 0.36725018234865076 0.32135636292142422 0.87837969732492682 0.32488479262672815 0.080729166666666671 0.29652795506765389
decision_type=2 2 2 2 2 2 2 2 2 2 2 2 2 2 2 2 2 2 2 2 2 2 2 2 2 2 2 2 2 2
left_child=1 -1 3 9 5 7 -7 8 22 10 11 15 -13 14 -14 16 18 -18 27 21 -21 -17 -4 24 26 -26 -20 28 -2 -30
right_child=2 -3 4 -5 -6 6 -8 -9 -10 -11 -12 12 13 -15 -16 19 17 -19 23 20 -22 -23 -24 -25 25 -27 -28 -29 29 -31
leaf_value=0 -7.9222322736973585e-08 0 -0.00013452566235381771 -0.00020127018629629857 0.00082637591218445966 -0.00018758745500528805 4.2145758101060745e-05 0.00023652776068078482 -0.00033090133110852892 -0.00015556750125942951 0.0002272342586566219 -1.1066512143067684e-06 -0.00016290568148423065 2.2473391071294888e-05 -0.00045518793518759307 0.00016803295730327485 -0.0002894065306799868 0.00024660741249209498 0.00015813989117679689 -0.00010856479166654516 4.4587935763778766e-05 -3.0369439348471426e-05 0.00035763244743516247 0.00036688542529935038 0.00020199042509083372 -6.1257435663776457e-05 -8.4738913779462308e-05 0.00022451404202600939 0.00024145989031190167 -3.1339170532210761e-05
leaf_weight=566 1706 33 20 24 178 23 25 325 32 26 72 261 23 42 20 304 35 46 122 22 49 20 83 115 31 20 26 32 33 60
leaf_count=566 1706 33 20 24 178 23 25 325 32 26 72 261 23 42 20 304 35 46 122 22 49 20 83 115 31 20 26 32 33 60
internal_value=-0.00323457 -0.0256477 0.000321854 8.64358e-05 0.00138192 0.000874014 -0.00199996 0.00117391 -0.000333331 0.000122349 0.00015696 8.79677e-05 -0.000901731 -0.0033529 -0.00746494 0.000218619 3.50405e-05 -0.00255552 0.000132867 0.00125316 -0.000802805 0.0017037 0.000669897 0.00118471 0.000437184 -0.00170585 0.00117567 -4.75149e-05 -0.000101723 -0.00183869
internal_weight=4374 599 3775 3089 686 508 48 460 135 3065 3039 2967 346 85 43 2621 2226 81 2145 395 71 324 103 314 199 51 148 1831 1799 93
internal_count=4374 599 3775 3089 686 508 48 460 135 3065 3039 2967 346 85 43 2621 2226 81 2145 395 71 324 103 314 199 51 148 1831 1799 93
is_linear=0
shrinkage=0.03


Tree=270
num_leaves=31
num_cat=0
split_feature=0 10 0 5 3 6 17 7 3 6 16 10 6 7 1 1 8 6 8 7 1 17 4 7 17 0 17 0 7 12
split_gain=380.138 18.3867 0.995499 1.57555 0.66003 1.289 0.798901 0.977502 0.767045 0.528748 0.696705 0.598385 0.704612 0.567873 0.565022 0.429638 0.38672 0.754627 0.597859 0.411309 0.793639 0.716088 0.999938 0.58825 0.853985 0.381855 0.492857 0.499259 0.553103 1.03263
threshold=1.0000000180025095e-35 0.25000000000000011 0.61912653167645637 0.36815415821501019 0.054687500000000007 0.45944700460829507 0.36886222449153272 0.11992761639997179 0.23177083333333334 0.24557444779914192 3.5000000000000004 -0.93301270189221908 0.29815668202764983 0.060055430377196566 0.080729166666666671 0.11197916666666667 0.20622435817705217 0.50276497695852551 0.21375244721673287 0.075179065199974346 0.075520833333333343 0.34018381414347726 0.049479166666666671 0.087230509471486625 0.30200445971664275 0.44457804280797869 0.34572589566845385 0.30326947050547354 0.039024697107341577 -1.0000000180025095e-35
decision_type=2 2 2 2 2 2 2 2 2 2 2 2 2 2 2 2 2 2 2 2 2 2 2 2 2 2 2 2 2 2
left_child=1 -1 3 4 5 6 7 9 16 25 13 -12 14 -11 -13 -4 17 19 -18 -6 21 23 -23 24 -21 26 27 28 29 -2
right_child=2 -3 15 -5 8 -7 -8 -9 -10 10 11 12 -14 -15 -16 -17 18 -19 -20 20 -22 22 -24 -25 -26 -27 -28 -29 -30 -31
leaf_value=0 -3.5338643968785631e-05 0 -1.2324534966869117e-05 -0.00044088012088459752 6.5179439782240254e-05 -0.00016100445647508933 0.00024231344687158571 -0.00013385372142076337 -9.3827062802443037e-05 -0.00011183301172344974 -0.00010490719295751173 -1.5812909017618814e-05 6.1807631020431599e-05 -0.00031046518759614403 -7.5927345535202373e-05 0.00069246950885213212 -0.0001901117494285014 0.00037660445973013065 2.9761554180606317e-06 -0.0001312628421589826 8.1498481119577878e-05 -1.1665084899983278e-05 -0.00027506549320796791 7.7423038433726247e-05 5.8910983671043705e-06 0.00026996959025698625 -1.1413287571164673e-05 8.6466637955396106e-06 -3.1196926796911342e-05 3.32015258804495e-05
leaf_weight=558 135 37 31 22 595 38 121 22 23 23 37 259 228 26 24 154 35 235 360 24 141 20 25 60 27 60 88 725 69 182
leaf_count=558 135 37 31 22 595 38 121 22 23 23 37 259 228 26 24 154 35 235 360 24 141 20 25 60 27 60 88 725 69 182
internal_value=-0.00329562 -0.0255882 0.000205067 9.48946e-05 0.000144054 -0.000210604 -0.000106553 -0.000258786 0.00061165 -0.000184267 -0.000919596 -0.000613137 -0.000346379 -0.00434685 -0.00134628 0.00235134 0.000693824 0.000976929 -0.000113924 0.000578475 -0.000333332 -0.00180768 -0.00499989 -0.000513509 -0.0028823 0.000164416 4.75397e-05 0.000218722 -0.000652848 -0.000123028
internal_weight=4384 595 3789 3604 3582 2037 1999 1878 1545 1856 597 548 511 49 283 185 1522 1127 395 892 297 156 45 111 51 1259 1199 1111 386 317
internal_count=4384 595 3789 3604 3582 2037 1999 1878 1545 1856 597 548 511 49 283 185 1522 1127 395 892 297 156 45 111 51 1259 1199 1111 386 317
is_linear=0
shrinkage=0.03


Tree=271
num_leaves=31
num_cat=1
split_feature=0 10 0 2 3 6 19 10 16 4 6 17 7 0 7 17 7 7 2 2 7 2 2 2 10 16 16 2 17 1
split_gain=378.972 18.3867 1.03256 0.922493 0.822812 0.908705 0.555145 0.588744 0.593876 0.97774 0.531783 0.493613 0.434442 1.13383 0.912316 0.871042 0.587039 0.499687 0.430904 0.746006 0.447307 0.634365 0.633685 0.554005 0.543534 0.862361 0.441007 0.496879 0.821229 0.429638
threshold=1.0000000180025095e-35 0.25000000000000011 0.61912653167645637 0.20052083333333334 0.054687500000000007 0.45944700460829507 0 0.68301270189221941 6.5000000000000009 0.091145833333333343 0.69262672811059922 0.20376989192409165 0.086056542320642804 0.40444634706958454 0.091536193277547223 0.33310749330662537 0.14842600721355023 0.077483937672895853 0.10156250000000001 0.14843750000000003 0.075179065199974346 0.033854166666666671 0.085937500000000014 0.059895833333333336 0.68301270189221941 25.500000000000004 5.5000000000000009 0.028645833333333336 0.34110156435695865 0.11197916666666667
decision_type=2 2 2 2 2 2 1 2 2 2 2 2 2 2 2 2 2 2 2 2 2 2 2 2 2 2 2 2 2 2
left_child=1 -1 3 4 5 12 7 8 9 -6 11 -8 17 -14 15 -15 -16 -2 20 -20 23 -22 24 26 -23 -26 -13 -28 -29 -4
right_child=2 -3 29 -5 6 -7 10 -9 -10 -11 -12 18 13 14 16 -17 -18 -19 19 -21 21 22 -24 -25 25 -27 27 28 -30 -31
leaf_value=0 -1.6666490127763745e-06 0 -1.1954798917861753e-05 -0.00031574833045383641 6.0818291955811346e-05 -0.00015617432278083746 7.5926176288041854e-05 0.00035102042943199074 6.0986126627385811e-05 -0.00011591745019482261 -0.00034377860621189496 0.00015636035166784475 -9.1884802687775815e-05 -0.00024083418850524827 0.00015633566591943888 6.2273760856008099e-05 -0.00020174502717245791 0.00026723838829765368 0.00024750600916449266 -9.4371604043151416e-05 -0.00021785065620574836 8.7363327907524955e-05 -0.00021657560009987907 0.00016169617990138523 9.3584498342139382e-05 -8.2474179268200379e-05 0.00038602067608970125 -9.0178273158690413e-05 6.9796263564728047e-05 0.00067169542358656745
leaf_weight=558 1706 37 31 29 36 38 54 232 418 30 31 27 26 20 105 25 22 95 90 26 28 99 43 160 32 26 55 126 25 154
leaf_count=558 1706 37 31 29 36 38 54 232 418 30 31 27 26 20 105 25 22 95 90 26 28 99 43 160 32 26 55 126 25 154
internal_value=-0.00332983 -0.0255882 0.000165479 5.32742e-05 9.65036e-05 -0.000298969 0.000620286 0.00122314 0.000644627 -0.00199997 7.93269e-05 0.000231353 -0.000211606 -0.00154545 -0.000662787 -0.00433324 0.00063779 -6.49638e-05 2.8494e-05 0.00170688 -0.000285024 -0.0013421 -0.000749996 0.000328244 0.000133757 -0.00217238 -0.000605147 -0.00107766 -0.00196687 0.00235134
internal_weight=4384 595 3789 3604 3575 2037 1538 716 484 66 822 791 1999 198 172 45 127 1801 737 116 621 228 200 393 157 58 233 206 151 185
internal_count=4384 595 3789 3604 3575 2037 1538 716 484 66 822 791 1999 198 172 45 127 1801 737 116 621 228 200 393 157 58 233 206 151 185
cat_boundaries=0 1
cat_threshold=163
is_linear=0
shrinkage=0.03


Tree=272
num_leaves=31
num_cat=2
split_feature=0 10 1 17 19 10 16 3 0 17 19 7 0 3 7 16 1 0 1 9 3 17 18 8 8 10 16 17 9 9
split_gain=378.739 18.3867 1.17012 0.780637 0.523658 0.777076 1.46403 0.565903 0.443872 0.429003 0.631476 0.495906 0.589774 0.589303 0.426925 0.699307 0.546346 0.505712 0.378277 0.878823 0.431911 0.609487 0.306772 0.51683 0.834942 0.480681 0.616905 0.521595 0.609373 1.09238
threshold=1.0000000180025095e-35 0.25000000000000011 0.096354166666666671 0.44987660624627707 0 0.25000000000000011 25.500000000000004 0.12760416666666669 0.58542297693482837 0.34265168921793898 1 0.071659504697138346 0.58315943199673659 0.080729166666666671 0.12106829783344576 29.500000000000004 0.054687500000000007 0.53408883435755816 0.0078125000000000017 0.39897884755652818 0.013020833333333334 0.29770833883543302 0.45735294117647063 0.34438673485346721 0.39289398748602838 0.25000000000000011 29.500000000000004 0.31856863245681227 0.64697301239970828 0.58825674690007312
decision_type=2 2 2 2 1 2 2 2 2 2 1 2 2 2 2 2 2 2 2 2 2 2 2 2 2 2 2 2 2 2
left_child=1 -1 3 8 9 6 -6 -7 14 10 -4 -12 13 -13 18 17 -17 -16 19 -2 -21 -22 25 -24 -25 -20 -27 28 29 -28
right_child=2 -3 4 -5 5 7 -8 -9 -10 -11 11 12 -14 -15 15 16 -18 -19 22 20 21 -23 23 24 -26 26 27 -29 -30 -31
leaf_value=0 -0.00011037402244503594 0 0.00034724566107356523 -0.00022482461233258377 -0.00052438468080187486 0.00036374733988528207 0.00023240513621096694 -5.5179837391393363e-05 0.00022469188716976425 0.00044252182792229347 0.00041504664011767899 -7.8018841441964876e-05 -0.00038747998325738912 9.938788665057657e-06 9.614783259509523e-05 -0.00015943675870968928 -0.00059121047538937858 -3.4851153637038448e-06 0.00010757193493872394 0.0002782294349650836 9.9318769179008904e-07 -6.9707175340111532e-05 -1.3600338892570937e-07 -0.00029311672065901603 3.0174052311527583e-05 8.8399534247887403e-05 5.0548062026022134e-05 0.00011605118186346846 1.7357425695432318e-06 -0.00029911336000206813
leaf_weight=558 20 37 108 20 32 107 46 37 76 239 27 22 35 41 38 20 21 30 202 23 28 20 2365 28 34 62 23 27 38 20
leaf_count=558 20 37 108 20 32 107 46 37 76 239 27 22 35 41 38 20 21 30 202 23 28 20 2365 28 34 62 23 27 38 20
internal_value=-0.00333668 -0.0255882 0.000157561 -9.20839e-05 0.00127089 2.58621e-05 -0.00238458 0.00133332 -5.36584e-05 0.00181742 0.00093991 -0.000555551 -0.00159182 0.000142855 -0.000111037 -0.00195411 -0.00504866 -8.82339e-05 -4.15224e-05 -0.00194503 -0.000380276 -0.00199996 2.03645e-05 -0.000102596 -0.00280641 0.000822579 -0.000352939 -0.00172221 -0.00292589 -0.00537197
internal_weight=4384 595 3789 3095 694 222 78 144 3075 472 233 125 98 63 2999 109 41 68 2890 91 71 48 2799 2427 62 372 170 108 81 43
internal_count=4384 595 3789 3095 694 222 78 144 3075 472 233 125 98 63 2999 109 41 68 2890 91 71 48 2799 2427 62 372 170 108 81 43
cat_boundaries=0 1 2
cat_threshold=46 2
is_linear=0
shrinkage=0.03


Tree=273
num_leaves=31
num_cat=0
split_feature=0 10 0 2 2 8 6 4 4 10 4 6 7 2 7 0 6 16 4 6 2 2 16 17 17 12 7 18 18 16
split_gain=379.672 18.3867 1.01024 0.93116 0.550513 0.585296 0.684956 0.546908 0.576961 0.700135 0.530178 0.509981 0.439496 0.381166 0.453173 0.669605 0.369569 0.363242 0.31589 0.439379 0.340272 0.315647 0.296441 0.742296 0.799291 0.979991 0.849362 0.782533 0.499193 0.869923
threshold=1.0000000180025095e-35 0.25000000000000011 0.61912653167645637 0.20052083333333334 0.096354166666666671 0.19944284209539223 0.48525345622119825 0.13281250000000003 0.075520833333333343 0.68301270189221941 0.19010416666666669 0.54239631336405547 0.092848179558897223 0.091145833333333343 0.06472586299055598 0.51931752276443832 0.50921658986175122 13.500000000000002 0.13281250000000003 0.52396313364055314 0.085937500000000014 0.12760416666666669 29.500000000000004 0.34265168921793898 0.34610700776749753 -0.60785761079279388 0.080306247054540647 0.48676470588235299 0.4661764705882353 25.500000000000004
decision_type=2 2 2 2 2 2 2 2 2 2 2 2 2 2 2 2 2 2 2 2 2 2 2 2 2 2 2 2 2 2
left_child=1 -1 3 4 10 -6 -7 8 21 12 11 13 -10 18 -15 -16 -4 -13 19 20 22 -8 23 28 -25 -26 27 -27 -2 -30
right_child=2 -3 16 -5 5 6 7 -9 9 -11 -12 17 -14 14 15 -17 -18 -19 -20 -21 -22 -23 -24 24 25 26 -28 -29 29 -31
leaf_value=0 1.7573341507107884e-05 0 -0.00010681135738849996 -0.00029073788099827591 0.00021025875067754964 0.00019691410042567918 6.6995790061562293e-05 5.6374575943334162e-05 -0.00027424573797413346 0.00038812231681401173 -4.6630269001920469e-05 3.609321624698083e-06 -9.08191591580319e-05 3.4644619491935224e-06 -0.00023669814102743092 0.00031561610328176531 0.0006711248148767397 0.00035345571355216107 0.00011682252302465434 -9.8517167330580021e-05 0.00020128465029449632 -1.8789570166296029e-05 3.0062258312503778e-06 -0.00017234265786428678 3.2382459912415439e-05 -3.8387440544753797e-05 -4.2511746940121718e-06 -0.00022442127975347558 -1.8494444480138582e-06 -0.00013495119583669223
leaf_weight=558 224 37 20 29 269 53 36 51 20 25 30 45 33 20 27 21 165 85 64 20 66 30 1428 27 53 23 45 23 808 49
leaf_count=558 224 37 20 29 269 53 36 51 20 25 30 45 33 20 27 21 165 85 64 20 66 30 1428 27 53 23 45 23 808 49
internal_value=-0.00330931 -0.0255882 0.000189232 7.82465e-05 0.000121678 0.00102708 -2.41933e-05 -0.000846149 -0.00179165 -0.00353842 -3.13929e-05 7.92613e-06 -0.00549046 -7.4534e-05 -0.00229408 -0.00387492 0.00235134 0.00184614 -2.12013e-05 -6.94142e-05 -3.71448e-05 0.000272723 -8.95521e-05 -0.000426517 -0.00226314 -0.00137499 -0.0032637 -0.0061303 -0.000135985 -0.000465577
internal_weight=4384 595 3789 3604 3575 517 248 195 144 78 3058 3028 53 2898 68 48 185 130 2830 2766 2746 66 2680 1252 171 144 91 46 1081 857
internal_count=4384 595 3789 3604 3575 517 248 195 144 78 3058 3028 53 2898 68 48 185 130 2830 2766 2746 66 2680 1252 171 144 91 46 1081 857
is_linear=0
shrinkage=0.03


Tree=274
num_leaves=31
num_cat=2
split_feature=0 16 12 1 9 7 16 3 3 3 1 9 2 19 1 6 6 12 6 6 9 6 6 11 16 1 9 7 19 9
split_gain=379.905 4.51593 2.84589 1.13217 0.983053 0.90619 1.92299 0.678343 0.664121 0.57639 0.528772 0.520504 0.469178 0.438343 0.860361 0.389342 0.85121 1.52722 0.760875 0.507378 0.716214 0.619814 0.565567 0.95777 0.823863 0.749932 0.477269 0.783908 0.771285 0.710556
threshold=1.0000000180025095e-35 29.500000000000004 -1.0000000180025095e-35 0.11718750000000001 0.36725018234865076 0.17708840336715329 26.500000000000004 0.23177083333333334 0.039062500000000007 0.085937500000000014 0.096354166666666671 0.50474106491611981 0.16927083333333334 0 0.10677083333333334 0.41705069124423971 0.4806451612903227 -0.60785761079279388 0.36820276497695864 0.25072302558398224 0.49051787016776083 0.20213956550362086 0.25728587319243612 1.0000000180025095e-35 1.5000000000000002 0.039062500000000007 0.73668854850474119 0.060055430377196566 1 0.68490153172866541
decision_type=2 2 2 2 2 2 2 2 2 2 2 2 2 1 2 2 2 2 2 2 2 2 2 2 2 2 2 2 1 2
left_child=1 -1 -3 5 -4 7 -7 9 -5 10 15 -6 13 -11 -15 18 17 -17 19 20 -2 -22 23 25 -24 -21 27 -26 -29 -30
right_child=3 2 4 8 11 6 -8 -9 -10 12 -12 -13 -14 14 -16 16 -18 -19 -20 22 21 -23 24 -25 26 -27 -28 28 29 -31
leaf_value=0 -1.4697479481735434e-05 0 0 -2.3252185059985935e-05 0 -0.00046651807228652092 0.00018368722057244302 -8.629864597858801e-05 0.0002941247868987154 0.00011584872365780168 0.00017279838875623212 0 -0.00018388314800067484 4.3106121577655912e-05 -0.00052141719441551736 0.0001347919618394019 9.3955121052922935e-06 -0.00024095042708745611 0.00015635664343156396 -3.959019960908993e-05 8.4594129913492315e-07 0.00018594895462640165 -0.00013596052793483148 0.00020883197547895126 7.1253875626403976e-05 -0.00024125533423220439 -3.4416489037281425e-05 9.4150900751802151e-05 -9.5960163908620911e-05 9.7394760732697725e-05
leaf_weight=470 423 41 29 24 21 26 26 22 428 265 113 34 25 217 21 31 91 42 121 24 807 273 23 23 257 24 132 123 205 23
leaf_count=470 423 41 29 24 21 26 26 22 428 265 113 34 25 217 21 31 91 42 121 24 807 273 23 23 257 24 132 123 205 23
internal_value=-0.00330246 -0.0255882 -0.0205198 0.00019715 -0.0173569 6.29319e-06 -0.003923 6.84932e-05 0.00160619 0.000103892 -7.12978e-05 -0.0149997 0.00101136 0.00121073 0.000217741 -0.000157895 -0.00157316 -0.00398625 -6.34661e-05 -0.000183568 0.000145709 0.000555555 -0.000776977 -0.00333798 -0.000538662 -0.00574988 -0.000364864 -9.86829e-06 -0.000931621 -0.00191596
internal_weight=4384 595 125 3789 84 3337 52 3285 452 3263 2735 55 528 503 238 2622 164 73 2458 2337 1503 1080 834 71 763 48 740 608 351 228
internal_count=4384 595 125 3789 84 3337 52 3285 452 3263 2735 55 528 503 238 2622 164 73 2458 2337 1503 1080 834 71 763 48 740 608 351 228
cat_boundaries=0 1 2
cat_threshold=566 736
is_linear=0
shrinkage=0.03


Tree=275
num_leaves=31
num_cat=0
split_feature=20 10 20 5 10 10 9 1 8 8 6 2 4 6 8 4 5 12 3 8 9 8 20 11 9 9 4 5 5 20
split_gain=391.789 19.0587 0.981166 1.1658 0.683974 0.623003 0.790593 0.711542 0.816017 0.851531 0.87632 0.775702 0.669234 0.609673 0.705872 1.55754 0.737285 0.647563 1.02992 0.960257 0.553228 0.515114 0.654089 0.505487 0.422215 1.19959 0.374053 0.369447 0.76137 1.04663
threshold=1.0000000180025095e-35 0.25000000000000011 0.61912653167645637 0.36612576064908725 -0.6830127018922193 -0.24999999999999994 0.71298322392414315 0.085937500000000014 0.20477481889322038 0.22614163575611029 0.5986175115207375 0.10677083333333334 0.10156250000000001 0.12324805339265853 0.15559578809505548 0.096354166666666671 0.2505070993914808 0.6078576107927941 0.023437500000000003 0.13187153067892349 0.94493070751276453 0.073250994533297364 0.46628748604459441 -0.9330127018922193 0.27169948942377831 0.69146608315098479 0.080729166666666671 0.24847870182555784 0.18154158215010144 0.49067235489645161
decision_type=2 2 2 2 2 2 2 2 2 2 2 2 2 2 2 2 2 2 2 2 2 2 2 2 2 2 2 2 2 2
left_child=1 -1 3 4 13 6 -6 20 23 11 -11 -10 -12 -2 15 17 -16 26 -19 24 27 -8 -23 -9 -20 -26 -15 28 -7 -30
right_child=2 -3 -4 -5 5 7 21 8 9 10 12 -13 -14 14 16 -17 -18 18 19 -21 -22 22 -24 -25 25 -27 -28 -29 29 -31
leaf_value=0 0.00030009753680127214 0 0.00070116553257537737 -0.00033235583468841604 0.00020925906241194003 8.0368211127981854e-07 -8.7870854030787452e-05 -0.0001251779948216259 -0.00025583613695042844 0.0001591779627257804 -0.00018640110221400461 3.1577888362256363e-05 0.00014790393404613447 -1.3353697105516562e-05 0.00022642116409490206 -0.00025422682374118581 -0.00015695094055581159 -3.7888228604769067e-05 7.6626356609316615e-05 -0.00017575617788990851 -0.00023856769268871793 0.00011499330881672873 -5.3972467324929091e-05 0.00033571923744811423 -0.00010794123526072033 0.00012363671313373728 0.00020161140826959045 6.2552432064192238e-05 -0.00042327639677798893 -2.5708786438806671e-05
leaf_weight=576 38 36 182 31 307 1554 30 23 22 91 29 33 31 341 97 26 30 20 56 28 35 70 36 299 23 27 28 110 34 161
leaf_count=576 38 36 182 31 307 1554 30 23 22 91 29 33 31 341 97 26 30 20 56 28 35 70 36 299 23 27 28 110 34 161
internal_value=-0.00340327 -0.0256764 0.000191456 8.31026e-05 0.000133278 0.000340314 0.00137471 0.000151115 0.001125 -0.000349513 0.000814564 -0.00354539 -0.00199997 -0.000697478 -0.000905324 -0.00137158 0.00111023 -0.00101529 -0.00264933 -0.00170148 -0.00012038 -0.000529408 0.000452826 0.00206832 -0.000396223 -0.00239995 -0.000333332 -5.00268e-05 -0.000156089 -0.00192307
internal_weight=4404 612 3792 3610 3579 2865 443 2422 528 206 151 55 60 714 676 549 127 523 154 134 1894 136 106 322 106 50 369 1859 1749 195
internal_count=4404 612 3792 3610 3579 2865 443 2422 528 206 151 55 60 714 676 549 127 523 154 134 1894 136 106 322 106 50 369 1859 1749 195
is_linear=0
shrinkage=0.03


Tree=276
num_leaves=31
num_cat=0
split_feature=0 10 0 5 5 11 7 16 11 13 5 12 11 4 4 6 5 5 11 1 7 0 2 6 8 8 13 17 5 7
split_gain=392.269 19.0587 0.966772 0.814404 0.550767 0.608948 1.12048 0.467864 0.761941 0.987983 0.446603 0.418616 0.390021 0.590394 0.598518 0.74812 0.56214 1.45711 1.17385 0.476189 0.637398 1.24855 0.756853 0.600475 0.614751 0.741296 0.609656 0.581962 0.604975 1.1859
threshold=1.0000000180025095e-35 0.25000000000000011 0.61912653167645637 0.36612576064908725 0.25456389452332662 -0.5 0.10370144050200945 20.500000000000004 -0.24999999999999994 -0.56174490092936669 0.2505070993914808 -1.0000000180025095e-35 0.6830127018922193 0.13281250000000003 0.091145833333333343 0.38847926267281113 0.20385395537525358 0.18356997971602437 1.0000000180025095e-35 0.091145833333333343 0.068961761325797011 0.43144704750910573 0.023437500000000003 0.32764976958525355 0.12628659435416911 0.129574486851217 0.81174490092936691 0.28979778683545648 0.1957403651115619 0.085704493569116261
decision_type=2 2 2 2 2 2 2 2 2 2 2 2 2 2 2 2 2 2 2 2 2 2 2 2 2 2 2 2 2 2
left_child=1 -1 3 4 10 6 -6 8 -7 -10 12 -8 13 14 15 19 17 18 -16 20 23 22 -22 24 -2 -26 -27 -23 -29 -30
right_child=2 -3 -4 -5 5 7 11 -9 9 -11 -12 -13 -14 -15 16 -17 -18 -19 -20 -21 21 27 -24 -25 25 26 -28 28 29 -31
leaf_value=0 1.0257069788104997e-06 0 0.00068013056659811612 -0.00032238515964776464 6.1973708913016842e-05 0.00025212726259608311 -4.8738126638609836e-05 0.00032656650821736373 -0.00012229396598125502 1.2410563534952308e-05 -5.7790083092455009e-05 -0.00064095516791602832 2.7468310908653168e-05 0.00044592958136035143 9.725335418144449e-06 0.00016449832751335751 6.8517789754375986e-05 -0.00036180337663321361 -0.00017278489382854752 7.3519216788426578e-05 -0.00011053825718484288 -0.00014948517286137155 2.8807041750582315e-05 0.00015693862751633696 -0.00028696863734118186 -3.9587411070356464e-05 0.00035786582459962612 -6.0521806488211329e-05 1.9659640646038621e-06 -0.00031629991036978848
leaf_weight=576 1316 36 182 31 75 86 20 193 26 74 26 23 547 53 69 119 59 20 23 101 26 20 135 91 30 168 30 192 27 30
leaf_count=576 1316 36 182 31 75 86 20 193 26 74 26 23 547 53 69 119 59 20 23 101 26 20 135 91 30 168 30 192 27 30
internal_value=-0.00338964 -0.0256764 0.000207279 9.97231e-05 0.00014166 0.00106841 -0.000813552 0.00165435 0.000580642 -0.00119999 -7.78704e-06 -0.00467431 2.55237e-05 -0.000132722 -0.000200326 -7.22099e-05 -0.00191227 -0.00316069 -0.0015652 -0.000199446 -0.000297821 -0.00132558 0.000763971 -2.75228e-05 -0.000167098 -0.00160526 -0.000939389 -0.0025762 -0.00218071 -0.00489465
internal_weight=4404 612 3792 3610 3579 497 118 379 186 100 3082 43 3056 2509 2456 2285 171 112 92 2166 2065 430 161 1635 1544 228 198 269 249 57
internal_count=4404 612 3792 3610 3579 497 118 379 186 100 3082 43 3056 2509 2456 2285 171 112 92 2166 2065 430 161 1635 1544 228 198 269 249 57
is_linear=0
shrinkage=0.03


Tree=277
num_leaves=31
num_cat=0
split_feature=0 10 0 5 0 11 8 9 9 3 12 1 0 5 11 0 5 10 18 16 13 12 3 3 1 3 8 8 10 16
split_gain=390.831 19.0587 1.01027 0.797715 0.458922 0.577497 0.734236 0.475831 0.40801 0.625152 0.528923 0.47708 0.550963 0.470081 0.457601 0.443459 1.23014 0.869135 0.706424 0.627464 0.730728 0.43999 0.392499 0.496227 0.402803 0.39039 0.699755 0.362263 0.339578 0.802762
threshold=1.0000000180025095e-35 0.25000000000000011 0.61912653167645637 0.36612576064908725 0.57040581497477094 -0.68301270189221952 0.20622435817705217 0.27425237053245816 0.71298322392414315 0.0078125000000000017 0.6078576107927941 0.018229166666666668 0.53408883435755816 0.040398918187964851 -0.24999999999999994 0.41236253695532932 0.12457741717376607 1.0000000180025095e-35 0.4485294117647059 2.5000000000000004 1.0000000180025095e-35 1.0000000180025095e-35 0.075520833333333343 0.065104166666666671 0.049479166666666671 0.028645833333333336 0.1482181984897806 0.094246451924224248 -0.93301270189221908 27.500000000000004
decision_type=2 2 2 2 2 2 2 2 2 2 2 2 2 2 2 2 2 2 2 2 2 2 2 2 2 2 2 2 2 2
left_child=1 -1 3 4 8 6 -6 -7 13 -10 11 -11 -13 14 -2 18 17 -17 21 20 -18 -15 23 24 -20 -12 -27 -21 29 -29
right_child=2 -3 -4 -5 5 7 -8 -9 9 10 25 12 -14 15 -16 16 19 -19 22 27 -22 -23 -24 -25 -26 26 -28 28 -30 -31
leaf_value=0 1.4449661746942291e-06 0 0.00065972664960017304 -0.00031271360485833133 0.00046124206977781108 -2.9461235405491695e-06 -0.00034250583359856599 0.0002595874035209348 -6.0764558451569103e-05 0.00018063437750792964 -3.0346670537467074e-05 -1.5608192742796662e-05 0.00020159138829545893 3.6780639888573221e-07 -5.0259220022758559e-05 -4.5540540099705785e-05 -0.00013858216367571794 -6.9723253816804661e-05 8.2475089568652976e-06 -0.00011287323646414408 6.2821806661838802e-07 -0.00013056271473596077 0.00016652412765931528 -7.5970823173514261e-06 0.00012783488247013891 4.0782676748045342e-05 -0.00023755245659059338 -8.7906904653072175e-05 5.8909385474860791e-06 0.00037912680088459251
leaf_weight=576 25 36 182 31 32 22 38 247 20 43 39 264 38 28 35 31 39 55 809 23 43 24 69 44 134 71 30 90 1256 30
leaf_count=576 25 36 182 31 32 22 38 247 20 43 39 264 38 28 35 31 39 55 809 23 43 24 69 44 134 71 30 90 1256 30
internal_value=-0.00343052 -0.0256764 0.00015981 4.98616e-05 9.13664e-05 0.00114159 -0.0012857 0.00177323 -1.85184e-05 -0.000801978 -0.000587628 4.34782e-05 -0.000377482 0.000126143 -0.00249996 0.000185047 -0.000139757 -0.00362786 0.000644404 6.27955e-05 -0.00248777 -0.00276918 0.000812499 0.000659574 0.000804877 -0.00214284 -0.0011584 0.000212294 0.000274709 -0.00124999
internal_weight=4404 612 3792 3610 3579 339 70 269 3240 505 485 345 302 2735 60 2675 1567 86 1108 1481 82 52 1056 987 943 140 101 1399 1376 120
internal_count=4404 612 3792 3610 3579 339 70 269 3240 505 485 345 302 2735 60 2675 1567 86 1108 1481 82 52 1056 987 943 140 101 1399 1376 120
is_linear=0
shrinkage=0.03


Tree=278
num_leaves=31
num_cat=2
split_feature=0 10 0 9 17 0 6 7 19 6 17 3 12 8 13 0 0 3 7 17 19 0 17 7 8 8 13 3 12 7
split_gain=391.31 19.0587 0.995666 0.521451 1.14198 0.944607 0.713775 0.902901 0.637798 0.81906 0.795257 0.534724 0.489912 0.426645 0.993783 1.1889 0.604439 0.603252 0.41186 0.965187 0.40166 1.5962 0.437852 0.474887 0.64414 0.815152 0.569757 0.885144 0.898549 0.821266
threshold=1.0000000180025095e-35 0.25000000000000011 0.61912653167645637 0.73340627279358139 0.34515477772984848 0.51552759237848311 0.59308755760368681 0.055388226996607351 0 0.26682027649769591 0.30313927794846524 0.028645833333333336 1.0000000180025095e-35 0.35159761643159942 -0.22252093395631442 0.55313495128410028 0.57040581497477094 0.065104166666666671 0.10459879533739259 0.31805476456995485 1 0.44457804280797869 0.34610700776749753 0.063178407437470135 0.11298084989203815 0.15928412133379541 -0.56174490092936669 0.039062500000000007 -0.8783796973249266 0.072270684248026615
decision_type=2 2 2 2 2 2 2 2 1 2 2 2 2 2 2 2 2 2 2 2 1 2 2 2 2 2 2 2 2 2
left_child=1 -1 3 13 6 12 7 8 9 10 -5 -9 -6 16 15 17 20 -15 -18 -20 21 -2 23 -22 -25 26 29 28 -28 -26
right_child=2 -3 -4 4 5 -7 -8 11 -10 -11 -12 -13 -14 14 -16 -17 18 -19 19 -21 22 -23 -24 24 25 -27 27 -29 -30 -31
leaf_value=0 -3.0291536946176349e-08 0 0.00063993485011216934 0.00015900309950356425 -0.00015453654439397314 -2.272627123362484e-05 -0.00029566383777052937 -3.6444783249465264e-06 8.7937330726896724e-05 -0.00017138329968480607 -8.1015550279752357e-05 0.00018377800368757184 -0.00027699333152023488 -0.00021971171286347171 2.8592791790893393e-05 -0.0002244079709089573 0.00030663540985129432 5.6476423160865248e-05 -0.00025098452298322275 0.00023958023121677655 3.9007267448634046e-06 -0.00046430713000150106 7.6577075872854381e-05 0.00035386447999077365 -0.00011950772303884016 7.3323345200941519e-06 -9.5149565568372388e-05 -0.0001368015874797008 0.0001971927413290504 0.00010288869955201222
leaf_weight=576 272 36 182 27 25 35 32 23 114 30 52 125 20 28 77 21 177 26 27 91 1267 37 346 60 31 320 30 194 55 68
leaf_count=576 272 36 182 27 25 35 32 23 114 30 52 125 20 28 77 21 177 26 27 91 1267 37 346 60 31 320 30 194 55 68
internal_value=-0.00341689 -0.0256764 0.000175633 6.64821e-05 -0.00085093 -0.00412495 -0.000200992 0.000169811 -0.00103587 -0.0025462 -0.0011772 0.00198647 -0.00699984 0.000208187 -0.0013421 -0.00379995 0.000287395 -0.00144442 0.00157627 0.000203388 0.000145522 -0.000855797 0.000278454 0.000111111 -0.000482849 -0.000739254 -0.00168254 -0.00237634 0.000176469 0.000272725
internal_weight=4404 612 3792 3610 483 80 403 371 223 109 79 148 45 3127 152 75 2975 54 295 118 2680 309 2371 2025 758 698 378 279 85 99
internal_count=4404 612 3792 3610 483 80 403 371 223 109 79 148 45 3127 152 75 2975 54 295 118 2680 309 2371 2025 758 698 378 279 85 99
cat_boundaries=0 1 2
cat_threshold=77 16
is_linear=0
shrinkage=0.03


Tree=279
num_leaves=31
num_cat=2
split_feature=0 10 0 10 10 18 9 18 5 5 6 4 0 18 16 16 2 19 18 16 6 4 0 3 2 19 5 6 13 9
split_gain=393.468 19.0587 0.980845 0.544411 0.789448 0.514746 0.500774 0.83594 0.58711 0.486606 0.596617 0.511403 0.459105 0.457205 0.435854 0.851514 1.32572 1.07372 0.602073 0.768142 0.747001 0.509282 0.581182 0.419757 0.496671 0.730191 0.83805 1.00051 1.20027 0.639248
threshold=1.0000000180025095e-35 0.25000000000000011 0.60947546798558971 -0.6830127018922193 -0.24999999999999994 0.48676470588235299 0.71298322392414315 0.48970588235294121 0.31947261663286008 0.2505070993914808 0.42073732718894014 0.091145833333333343 0.60315093627196148 0.43382352941176472 8.5000000000000018 16.500000000000004 0.070312500000000014 0 0.47205882352941181 26.500000000000004 0.15714285714285717 0.059895833333333336 0.42369932437088859 0.23177083333333334 0.096354166666666671 1 0.18154158215010144 0.53041474654377896 -0.22252093395631442 0.73668854850474119
decision_type=2 2 2 2 2 2 2 2 2 2 2 2 2 2 2 2 2 1 2 2 2 2 2 2 2 1 2 2 2 2
left_child=1 -1 3 9 6 23 8 -8 -5 10 11 14 -7 -4 -2 16 21 18 -17 20 -20 22 -16 24 25 -6 29 28 -28 -27
right_child=2 -3 13 4 5 12 7 -9 -10 -11 -12 -13 -14 -15 15 17 -18 -19 19 -21 -22 -23 -24 -25 -26 26 27 -29 -30 -31
leaf_value=0 7.8029042857651508e-06 0 -5.3804384503151712e-05 0.00022506202710127676 2.5925384987141143e-06 8.1435532515536382e-05 3.2459214079655643e-05 -0.00015177215685159407 -0.00012008903212946606 -0.00017220148533866306 0.00025179213401637095 -0.00013111824127515865 -0.0002714263190354747 0.00065693149789213825 -5.6145468105786772e-06 2.4795615744026851e-05 -0.00014039835063830509 0.00010149265394019251 0.00044215438624492672 -0.00012287256911933328 -0.00011972699903045103 0.00027693216948095935 -4.6094137748285329e-05 -5.9109081556188377e-05 6.3572264859866861e-05 -4.4941764525874764e-06 -0.00057679654303200844 0.0001099737415193923 -0.00020206829464761608 -0.00010788008122651536
leaf_weight=576 154 36 25 289 715 609 111 27 21 28 57 38 24 228 75 48 32 158 21 36 23 20 22 20 309 584 20 21 36 41
leaf_count=576 154 36 25 289 715 609 111 27 21 28 57 38 24 228 75 48 32 158 21 36 23 20 22 20 309 584 20 21 36 41
internal_value=-0.00335558 -0.0256764 0.000246835 0.00011783 0.000304563 8.70114e-05 0.00145982 -4.34778e-05 0.00212903 -0.000623595 -0.000464911 -0.000732056 0.000819904 0.00205138 -0.00051443 -0.000999998 -0.00283891 -4.19578e-05 -0.00199999 -0.00374995 -0.00109088 -0.00135896 -0.00225771 -0.000178694 -0.000128621 -0.000366266 -0.00104494 -0.00401293 -0.00610703 -0.000695999
internal_weight=4404 612 3792 3539 2827 2379 448 138 310 712 684 627 633 253 589 435 149 286 128 80 44 117 97 1746 1726 1417 702 77 56 625
internal_count=4404 612 3792 3539 2827 2379 448 138 310 712 684 627 633 253 589 435 149 286 128 80 44 117 97 1746 1726 1417 702 77 56 625
cat_boundaries=0 1 2
cat_threshold=325 992
is_linear=0
shrinkage=0.03


Tree=280
num_leaves=31
num_cat=2
split_feature=0 10 0 7 5 2 18 8 8 6 6 0 16 3 6 3 6 16 7 19 4 17 5 17 18 17 16 10 11 19
split_gain=391.403 18.6928 1.14082 0.635417 1.21796 0.556202 0.903516 0.623998 0.700143 0.531925 0.48977 1.38381 1.02013 0.501554 0.480577 0.800927 0.426001 0.37804 0.373247 0.54475 0.896129 0.519601 0.469436 0.370998 0.39997 0.398835 0.356998 1.27654 0.579298 0.548986
threshold=1.0000000180025095e-35 0.25000000000000011 0.57040581497477094 0.19614921917087011 0.41683569979716023 0.13802083333333334 0.41911764705882354 0.16747484369433055 0.16407443063010999 0.38847926267281113 0.10865814623958596 0.28110326190941948 26.500000000000004 0.11197916666666667 0.5986175115207375 0.12239583333333334 0.53041474654377896 5.5000000000000009 0.070186626513688774 0 0.039062500000000007 0.25261679857033453 0.27281947261663292 0.37771253510339559 0.48676470588235299 0.36282018551612638 1.5000000000000002 0.68301270189221941 0.6830127018922193 1
decision_type=2 2 2 2 2 2 2 2 2 2 2 2 2 2 2 2 2 2 2 1 2 2 2 2 2 2 2 2 2 1
left_child=1 -1 5 -4 -5 7 -7 8 9 10 -2 12 17 23 18 -16 -8 -12 19 -9 -21 -22 -20 25 -25 26 27 -13 -28 -30
right_child=2 -3 3 4 -6 6 16 14 -10 -11 11 13 -14 -15 15 -17 -18 -19 22 20 21 -23 -24 24 -26 -27 28 -29 29 -31
leaf_value=0 1.9628149799733001e-05 0 0.00023340348324187422 -0.00040838579470902319 0.000523663615737961 7.1128439022600162e-05 -0.00024413975090029964 0.0001422352657984294 -0.00045985161749125621 0.00015522276555797809 5.1554805961195984e-05 -0.00016893183276047572 -8.9578962186248661e-05 -0.00011107562979762982 -0.00014064686146743728 8.9295740164514116e-05 -1.2465638024223503e-05 -3.5467757690312883e-06 0.00016095966410045479 -0.00025768091003771824 5.0770367558759752e-05 -0.00014582154327440666 -5.2032549220877672e-05 -0.00024923431206295618 0.00020424633622779034 1.7530568873831993e-05 -5.5437145260446678e-06 0.00038864008117504725 -8.5745161706867707e-06 0.00034671342791645581
leaf_weight=578 247 34 481 20 51 25 21 102 37 65 23 27 40 24 35 40 22 39 310 26 62 22 32 20 20 70 1703 20 103 140
leaf_count=578 247 34 481 20 51 25 21 102 37 65 23 27 40 24 35 40 22 39 310 26 62 22 32 20 20 70 1703 20 103 140
internal_value=-0.00340009 -0.0256764 0.000162268 0.00142391 -0.00122533 -5.03816e-05 -0.00273525 6.54829e-06 -0.000200155 -0.000140496 -0.000210824 -0.000351278 -0.00376467 -0.000187588 0.000853735 -0.00139998 -0.00537197 -0.00135482 0.00115884 0.000169811 -0.00124999 0.000142856 0.00177192 -0.000138374 -0.00299992 -8.28888e-05 -0.000161064 -0.00274462 -9.86638e-05 0.0012716
internal_weight=4439 612 3827 552 71 3275 68 3207 2578 2541 2476 2229 102 2127 629 75 43 62 554 212 110 84 342 2103 40 2063 1993 47 1946 243
internal_count=4439 612 3827 552 71 3275 68 3207 2578 2541 2476 2229 102 2127 629 75 43 62 554 212 110 84 342 2103 40 2063 1993 47 1946 243
cat_boundaries=0 1 2
cat_threshold=58 81
is_linear=0
shrinkage=0.03


Tree=281
num_leaves=31
num_cat=2
split_feature=0 10 1 7 0 0 0 19 0 18 6 0 16 2 16 7 8 3 8 2 4 6 10 4 6 8 4 19 7 6
split_gain=390.928 18.6928 1.22601 0.952207 0.506021 0.460903 0.668158 0.429199 0.439688 0.426561 0.409987 1.24368 0.880641 0.841864 0.897959 0.420813 0.814691 0.695217 0.994372 0.874231 0.679501 0.75983 0.555108 0.531668 0.576079 0.558856 0.812666 0.515751 0.459315 0.557898
threshold=1.0000000180025095e-35 0.25000000000000011 0.11718750000000001 0.21079428208555034 0.58757867942685726 0.60785668035134688 0.60478778918727494 0 0.56082586125926026 0.51323529411764712 0.10865814623958596 0.28110326190941948 5.5000000000000009 0.018229166666666668 26.500000000000004 0.085704493569116261 0.12021827079589249 0.070312500000000014 0.15928412133379541 0.13281250000000003 0.18489583333333334 0.29170506912442401 0.25000000000000011 0.044270833333333336 0.33317972350230424 0.12628659435416911 0.070312500000000014 1 0.075471023833399251 0.25072302558398224
decision_type=2 2 2 2 2 2 2 1 2 2 2 2 2 2 2 2 2 2 2 2 2 2 2 2 2 2 2 1 2 2
left_child=1 -1 3 4 9 6 7 -4 -9 10 -2 12 -12 -14 -15 20 -17 27 -19 -20 21 28 23 24 -23 26 -25 -18 29 -13
right_child=2 -3 5 -5 -6 -7 -8 8 -10 -11 11 15 13 14 -16 16 17 18 19 -21 -22 22 -24 25 -26 -27 -28 -29 -30 -31
leaf_value=0 1.9039305305741343e-05 0 0.00039464738765603811 -0.00040465150128243186 0.00031127023308038181 0.00058045720521228861 -0.00022628424541608344 -2.222048743218304e-05 0.00021778421423535821 0.00035177630546656203 5.0008161782360105e-05 -1.7761608798734556e-06 -1.5598764539713606e-06 -7.840304375287508e-06 -0.00016190002694293048 -0.00020077233755899076 -6.0105920170411433e-05 -0.00023116313837036738 -1.8938833348172262e-06 -0.0002293176250418507 -8.5966412908143153e-05 5.7272894381430759e-06 0.00012866984545966182 0.00010892691851973578 -0.00014338942090264727 4.7554621283148482e-05 -8.8929050182714201e-05 0.00013143356076681875 0.0001476617735952053 -9.1713097534925212e-05
leaf_weight=578 247 34 106 23 129 200 20 52 62 40 23 1080 34 23 22 22 119 26 153 36 22 62 357 35 65 276 28 128 95 342
leaf_count=578 247 34 106 23 129 200 20 52 62 40 23 1080 34 23 22 22 119 26 153 36 22 62 357 35 65 276 28 128 95 342
internal_value=-0.00341361 -0.0256764 0.00014659 -4.69441e-05 -5.35066e-06 0.00163636 0.000749997 0.00122727 -0.00014516 -7.88252e-05 -0.000117371 -0.000215739 -0.00347055 -0.00497462 -0.0076665 -9.90863e-05 -0.000904957 -0.000636362 -0.00188371 -0.00112698 6.60458e-05 0.000115385 0.000849331 0.000167382 -0.00148818 0.000787608 -0.00176188 0.000449391 -0.000282795 -0.000417721
internal_weight=4439 612 3827 3387 3364 440 240 220 114 3235 3195 2948 102 79 45 2846 484 462 215 189 2362 2340 823 466 127 339 63 247 1517 1422
internal_count=4439 612 3827 3387 3364 440 240 220 114 3235 3195 2948 102 79 45 2846 484 462 215 189 2362 2340 823 466 127 339 63 247 1517 1422
cat_boundaries=0 1 2
cat_threshold=42 59
is_linear=0
shrinkage=0.03


Tree=282
num_leaves=31
num_cat=1
split_feature=0 16 12 1 13 5 17 0 8 8 16 17 1 2 11 3 18 11 1 1 16 8 18 12 11 19 11 0 5 16
split_gain=390.454 4.53913 3.04974 1.29931 1.21233 0.640462 0.512949 0.439481 0.743899 0.689534 0.794315 0.392878 0.75753 0.320332 1.25026 0.566122 0.509999 0.555285 0.749679 0.454191 0.762166 0.443103 1.36012 1.54843 0.909909 0.795582 1.00707 1.01182 1.40731 1.103
threshold=1.0000000180025095e-35 29.500000000000004 -1.0000000180025095e-35 0.11197916666666667 1.0000000180025095e-35 0.38032454361054774 0.39588120159986395 0.61433241398902261 0.20833669660143139 0.22119407178140213 12.500000000000002 0.37771253510339559 0.075520833333333343 0.13281250000000003 -0.68301270189221952 0.085937500000000014 0.46911764705882358 0.6830127018922193 0.080729166666666671 0.049479166666666671 1.5000000000000002 0.1003563309957262 0.47794117647058826 0.6078576107927941 -0.9330127018922193 0 0.6830127018922193 0.41236253695532932 0.1288032454361055 15.500000000000002
decision_type=2 2 2 2 2 2 2 2 2 2 2 2 2 2 2 2 2 2 2 2 2 2 2 2 2 1 2 2 2 2
left_child=1 -1 -3 5 -4 6 11 8 -5 -10 -11 13 -13 15 -15 19 -17 -18 -19 21 -21 -2 25 24 -24 26 27 29 -29 -23
right_child=3 2 4 7 -6 -7 -8 -9 9 10 -12 12 -14 14 -16 16 17 18 -20 20 -22 22 23 -25 -26 -27 -28 28 -30 -31
leaf_value=0 3.6814013696968139e-07 0 0 0.00024178324694562565 0 -0.00026655051309255542 0.00048199858849977195 0.00062286955334045024 -0.00042405317228888739 -7.188200387185443e-05 8.0428958102087979e-05 -0.00020396741842101891 0.0002874331786666336 -0.00023761353842806682 6.3601099963059656e-05 9.793133568212429e-05 5.4781482435130723e-06 7.4354201998821917e-06 -5.3299507803786629e-05 -0.00016910238225289321 1.5580903793628076e-05 -8.5057344953216716e-05 -0.00015297987248176696 -0.00019509055547541594 -2.1834944130702331e-05 8.4585871273938485e-06 0.00021838062654026716 -0.00020180803790290696 -1.7676752606946746e-05 8.2724643318845856e-05
leaf_weight=494 843 41 38 195 39 22 67 168 20 23 80 36 31 26 76 202 173 40 21 22 982 25 27 32 136 340 58 27 92 63
leaf_count=494 843 41 38 195 39 22 67 168 20 23 80 36 31 26 76 202 173 40 21 22 982 25 27 32 136 340 58 27 92 63
internal_value=-0.00342712 -0.0256764 -0.0203897 0.000130912 -0.0168699 -7.99161e-05 -4.60981e-05 0.00158024 0.000924525 -0.000902432 8.73779e-05 -9.96309e-05 -0.0023731 -5.18052e-05 -0.00170587 2.91935e-06 0.00100458 5.12819e-05 -0.0024098 -0.00016207 0.000340637 -0.000469263 -0.000974999 -0.00315383 -0.00196931 -0.000272727 -0.00147272 -0.00250723 -0.00431089 -6.81809e-05
internal_weight=4439 612 118 3827 77 3341 3319 486 318 123 103 3252 67 3185 102 3083 436 234 61 2647 1004 1643 800 195 163 605 265 207 119 88
internal_count=4439 612 118 3827 77 3341 3319 486 318 123 103 3252 67 3185 102 3083 436 234 61 2647 1004 1643 800 195 163 605 265 207 119 88
cat_boundaries=0 1
cat_threshold=568
is_linear=0
shrinkage=0.03


Tree=283
num_leaves=31
num_cat=2
split_feature=0 16 14 0 9 8 8 0 5 0 9 8 4 2 8 6 19 19 7 7 1 1 5 2 1 7 9 6 7 2
split_gain=391.64 4.53913 1.53927 1.1181 0.488307 0.473527 0.720375 0.811175 0.963854 0.794437 0.736154 0.646284 0.608126 0.619022 0.574967 0.507673 0.496299 0.487531 0.475183 0.44381 0.816648 0.533293 0.399907 0.788136 0.383062 0.723139 0.369222 0.333317 0.933629 0.883759
threshold=1.0000000180025095e-35 29.500000000000004 1.0000000180025095e-35 0.60785668035134688 0.36725018234865076 0.15839388229963916 0.20477481889322038 0.52628531952766189 0.25456389452332662 0.53546325041373666 0.88366156090444947 0.21375244721673287 0.096354166666666671 0.049479166666666671 0.15639335566612553 0.31935483870967746 0 1 0.057482738463101604 0.095648249209454236 0.096354166666666671 0.059895833333333336 0.30933062880324552 0.12239583333333334 0.11718750000000001 0.11872966494569266 0.50474106491611981 0.29170506912442401 0.076340200555275337 0.044270833333333336
decision_type=2 2 2 2 2 2 2 2 2 2 2 2 2 2 2 2 1 1 2 2 2 2 2 2 2 2 2 2 2 2
left_child=1 -1 4 5 -3 12 17 16 9 -9 11 -10 14 -14 27 -15 18 19 -8 -7 21 -21 -13 -24 25 -5 -6 -2 -29 -30
right_child=3 2 -4 24 26 6 7 8 10 -11 -12 22 13 15 -16 -17 -18 -19 -20 20 -22 -23 23 -25 -26 -27 -28 28 29 -31
leaf_value=0 -2.5969967497655643e-06 0 0 0.00068726013084708661 0 0.00010427334796768716 -0.00016482073566392793 -7.621049006929846e-05 -0.00013777171712964098 -0.00020314645910112506 -0.00021799571617532894 7.5215035210595254e-05 -0.00021151593381248056 0.00023551013049423304 -0.00018973624503705613 -9.0372742487747264e-05 4.0915646496692101e-05 0.00031508000154867229 2.211057925752872e-05 -3.3648061817376237e-05 0.0003755544652022411 -0.00083398977701582271 0.00011440813318057973 -0.00015722261569866102 0.00054435740245570687 -0.00021278399543643177 0 0.00010743160461981732 -0.00010585021156031293 -1.5668444317977565e-05
leaf_weight=494 1858 33 25 32 26 214 31 23 30 29 20 82 39 22 23 30 145 260 86 30 36 24 48 33 200 27 34 392 20 93
leaf_count=494 1858 33 25 32 26 214 31 23 30 29 20 82 39 22 23 30 145 260 86 30 36 24 48 33 200 27 34 392 20 93
internal_value=-0.00339333 -0.0256764 -0.0203897 0.000170107 -0.0186127 3.19508e-05 0.000552704 -0.000244781 -0.00141509 -0.00507683 -0.000521124 4.6632e-05 -0.000197416 -0.00260437 -0.000105616 -0.000461529 0.000938928 0.00129787 -0.000543303 0.000420381 -0.00133332 -0.0036666 0.000791406 -0.000703695 0.00207335 -5.08465e-05 -0.0169997 -5.96698e-05 0.000623761 -0.00177875
internal_weight=4439 612 118 3827 93 3568 1091 527 265 52 213 193 2477 91 2386 52 262 564 117 304 90 54 163 81 259 59 60 2363 505 113
internal_count=4439 612 118 3827 93 3568 1091 527 265 52 213 193 2477 91 2386 52 262 564 117 304 90 54 163 81 259 59 60 2363 505 113
cat_boundaries=0 1 2
cat_threshold=393 598
is_linear=0
shrinkage=0.03


Tree=284
num_leaves=31
num_cat=0
split_feature=0 10 0 9 18 8 13 8 7 6 6 4 3 13 9 2 8 5 16 8 6 1 16 16 9 4 6 6 4 16
split_gain=390.454 18.6928 1.16463 0.446351 0.43999 0.430761 0.765328 0.850211 0.545373 0.544416 0.516275 0.731028 0.591831 0.928821 0.57262 0.880708 0.455504 0.402452 0.534218 0.43267 0.389113 0.679415 0.46311 0.72285 0.871042 0.715396 1.8222 0.615635 0.511212 0.604565
threshold=1.0000000180025095e-35 0.25000000000000011 0.60785668035134688 0.94493070751276453 0.47205882352941181 0.16747484369433055 1.0000000180025095e-35 0.20833669660143139 0.091536193277547223 0.62811059907834121 0.45391705069124427 0.039062500000000007 0.075520833333333343 -0.56174490092936669 0.65134938001458809 0.12239583333333334 0.16531796151224473 0.14097363083164302 9.5000000000000018 0.18809772008987066 0.38847926267281113 0.11718750000000001 28.500000000000004 26.500000000000004 0.63493800145878942 0.013020833333333334 0.17479739392976326 0.11884280593958016 0.096354166666666671 6.5000000000000009
decision_type=2 2 2 2 2 2 2 2 2 2 2 2 2 2 2 2 2 2 2 2 2 2 2 2 2 2 2 2 2 2
left_child=1 -1 3 5 -5 16 7 17 -8 -10 11 -9 13 -12 15 -14 20 -7 19 -19 21 22 23 25 -25 26 27 -2 29 -27
right_child=2 -3 -4 4 -6 6 8 10 9 -11 12 -13 14 -15 -16 -17 -18 18 -20 -21 -22 -23 -24 24 -26 28 -28 -29 -30 -31
leaf_value=0 -8.5779384532271913e-06 0 0.00041840457276165488 -0.00019769665574021831 1.2131184460221662e-05 -3.1287343960674179e-05 0.00032028432504391176 -0.00025575015002290681 2.1787092771674728e-05 -2.4143954839616536e-05 -0.00022237052230769099 7.8871145396424241e-05 -4.1361008689557304e-06 -5.6991860225412323e-05 6.5736220138190617e-05 -0.00019317744941637496 -0.00073328215917497119 -0.00015895270573858662 0.00027325119918978713 0.0001282595705720209 0.00012305225668296949 -8.7178355555324669e-05 2.4789825417799746e-06 -9.0378148880615599e-07 -0.00035536010398813048 -1.9874340551406194e-05 -0.00017791942998693277 3.0784478563943928e-05 -9.718897761595655e-05 6.2414316531924972e-06
leaf_weight=578 31 34 259 24 28 38 218 25 147 35 21 87 67 27 34 27 25 20 164 32 82 21 1349 25 20 305 26 46 42 602
leaf_count=578 31 34 259 24 28 38 218 25 147 35 21 87 67 27 34 27 25 20 164 32 82 21 1349 25 20 305 26 46 42 602
internal_value=-0.00342712 -0.0256764 0.000130912 -1.00896e-05 -0.00276918 3.07168e-05 0.000579617 -0.000154981 0.001575 0.000362635 -0.00127083 0.000321426 -0.00228408 -0.00512489 -0.00121874 -0.00242551 -0.000170163 0.00111023 0.0016111 -0.00103844 -0.000130639 -0.000198216 -0.000152085 -0.000609844 -0.00433324 -0.00045057 -0.00282522 -0.000506487 -0.000192834 -4.29987e-05
internal_weight=4439 612 3827 3568 52 3516 942 542 400 182 288 112 176 48 128 94 2574 254 216 52 2549 2467 2446 1097 45 1052 103 77 949 907
internal_count=4439 612 3827 3568 52 3516 942 542 400 182 288 112 176 48 128 94 2574 254 216 52 2549 2467 2446 1097 45 1052 103 77 949 907
is_linear=0
shrinkage=0.03


Tree=285
num_leaves=31
num_cat=0
split_feature=20 10 20 3 5 7 1 7 6 15 7 17 9 7 9 11 2 9 12 10 6 17 7 17 1 20 11 7 4 20
split_gain=392.264 18.687 0.903106 1.21071 0.964309 0.830574 0.656705 0.613158 0.693833 0.645902 0.750406 0.638715 0.570168 0.737972 0.798873 0.917902 0.865231 1.0702 0.737552 0.678607 0.476387 0.470619 0.587681 0.452074 0.427887 0.384811 0.473779 0.485167 0.416149 1.10319
threshold=1.0000000180025095e-35 0.25000000000000011 0.62460857321909224 0.22135416666666669 0.36612576064908725 0.19614921917087011 0.096354166666666671 0.082700960608481922 0.36820276497695864 1.0000000180025095e-35 0.05781654739842261 0.34766520237455956 0.68490153172866541 0.10585281245293768 0.63493800145878942 -0.24999999999999994 0.054687500000000007 0.36725018234865076 -0.60785761079279388 1.0000000180025095e-35 0.55714285714285727 0.24210705471874738 0.044906774673665349 0.30980342098544816 0.065104166666666671 0.20681904689606379 0.6830127018922193 0.022973966340897985 0.013020833333333334 0.41625612619461377
decision_type=2 2 2 2 2 2 2 2 2 2 2 2 2 2 2 2 2 2 2 2 2 2 2 2 2 2 2 2 2 2
left_child=1 -1 3 4 6 -6 7 8 9 21 -11 12 13 14 15 -9 17 -17 -18 -15 -14 22 -2 24 -21 -23 27 -27 29 -29
right_child=2 -3 -4 -5 5 -7 -8 11 -10 10 -12 -13 20 19 -16 16 18 -19 -20 23 -22 25 -24 -25 -26 26 -28 28 -30 -31
leaf_value=0 2.753664469665724e-05 0 0.00045733529882258962 -0.00016444357061515193 -1.03562729241281e-05 -0.00043608331770432387 0.00011035835621634896 0.00050742489758693612 0.00012648662285463173 -8.2791531724609087e-05 6.4871956439016456e-05 6.7576000830483646e-06 0.0001543197575712112 0.00015470333142856329 -0.00022558648647262776 -6.183132310271636e-05 0.00024545082535330781 -9.1364049904814495e-05 -5.5854073313855737e-05 0.00020214133371538535 -0.00015362385811073005 -6.0167242931508365e-06 -9.9235574262824543e-05 -0.00015795253206529682 -0.00014807238310047787 1.2142488027936922e-05 0.00017413604842959153 -4.2158775676120857e-06 2.3585076315448758e-06 -3.0719609248255736e-05
leaf_weight=575 26 34 146 21 32 21 507 33 295 34 20 133 53 41 24 31 23 23 62 23 20 51 28 32 20 165 251 182 1457 23
leaf_count=575 26 34 146 21 32 21 507 33 295 34 20 133 53 41 24 31 23 23 62 23 20 51 28 32 20 165 251 182 1457 23
internal_value=-0.00332695 -0.0256699 0.000275616 0.000182594 0.000224377 -0.00379238 0.000284228 0.000118033 0.000310427 0.000130085 -0.00311105 -0.000822392 -0.00144155 -0.00199999 -0.00312243 -0.00240696 -0.00347479 -0.00644432 -0.00158822 -0.000103447 0.000945193 0.000210261 -0.00255551 -0.00179998 0.000209298 0.000280413 0.0003436 0.000175698 2.16607e-05 -0.0012439
internal_weight=4386 609 3777 3631 3610 53 3557 3050 2532 2237 54 518 385 312 196 172 139 54 85 116 73 2183 54 75 43 2129 2078 1827 1662 205
internal_count=4386 609 3777 3631 3610 53 3557 3050 2532 2237 54 518 385 312 196 172 139 54 85 116 73 2183 54 75 43 2129 2078 1827 1662 205
is_linear=0
shrinkage=0.03


Tree=286
num_leaves=31
num_cat=1
split_feature=20 16 12 9 20 6 20 19 13 6 3 4 9 1 17 16 16 17 17 7 6 7 17 17 8 9 16 8 8 8
split_gain=391.544 4.34545 2.70224 0.938478 0.921806 1.42154 0.977735 0.585922 0.573361 0.538554 0.503093 0.669071 0.486921 1.25945 0.806748 1.36779 1.83186 0.653313 1.13113 0.761244 0.580896 0.500668 0.508927 0.573238 0.969077 0.717232 0.674004 0.396901 0.464017 1.22674
threshold=1.0000000180025095e-35 29.500000000000004 -1.0000000180025095e-35 0.36725018234865076 0.62460857321909224 0.7009216589861752 0.60315093627196148 0 1.0000000180025095e-35 0.77741935483870983 0.070312500000000014 0.059895833333333336 0.20459518599562362 0.059895833333333336 0.26019062207471716 18.500000000000004 10.500000000000002 0.23261850055314445 0.21947068334609829 0.078820572627737201 0.5986175115207375 0.19614921917087011 0.39378208946756316 0.30945715551721215 0.20477481889322038 0.52552881108679805 1.5000000000000002 0.19010694606400499 0.14899102893320368 0.15839388229963916
decision_type=2 2 2 2 2 2 2 1 2 2 2 2 2 2 2 2 2 2 2 2 2 2 2 2 2 2 2 2 2 2
left_child=1 -1 -3 -4 5 7 9 10 -5 -7 -2 -12 13 -9 -15 16 -16 18 19 -14 21 22 23 -19 26 -26 -25 28 -28 -30
right_child=4 2 3 8 -6 6 -8 12 -10 -11 11 -13 17 14 15 -17 -18 20 -20 -21 -22 -23 -24 24 25 -27 27 -29 29 -31
leaf_value=0 -1.7030579443467458e-06 0 0 0 0.00044361523985791051 -1.8121576737615586e-05 -0.00010544735333466197 4.0977248229186032e-06 0 7.6987885436884389e-05 -3.3849489462887936e-06 -0.00016813314190945332 0.00035350184588289242 0.0001200917536765287 -1.2935159892359041e-05 -2.3774523532121745e-06 -0.00037698283081875623 2.3896984700471038e-05 -0.00012634578089433919 -0.00021148455732315023 0.00042007657840899661 -0.00012534129647515297 0.00049254773821229801 -0.00012713661325038867 0.0001970866438703644 -0.00025437067255438953 1.4130128592232977e-05 0.00018508157790811088 -0.00018966417916496913 3.6194883626044059e-05
leaf_weight=487 588 40 29 22 146 28 22 201 31 23 53 24 74 24 22 51 20 994 32 37 159 28 100 23 23 35 821 69 58 122
leaf_count=487 588 40 29 22 146 28 22 201 31 23 53 24 74 24 22 51 20 994 32 37 159 28 100 23 23 35 821 69 58 122
internal_value=-0.00334747 -0.0256699 -0.0206064 -0.0174876 0.000251787 0.000157808 -0.00398625 0.000242833 -0.0151129 -0.00170585 -0.000555555 -0.00284412 0.0004268 -0.000679243 -0.00315382 -0.00441931 -0.00842837 0.000565048 -0.00140558 2.70269e-05 0.000680921 0.000558293 0.000608018 0.000510489 5.47351e-05 -0.00372407 0.000255261 0.000364486 0.000212787 -0.00116666
internal_weight=4386 609 122 82 3777 3631 73 3558 53 51 665 77 2893 318 117 93 42 2575 143 111 2432 2273 2245 2145 1151 58 1093 1070 1001 180
internal_count=4386 609 122 82 3777 3631 73 3558 53 51 665 77 2893 318 117 93 42 2575 143 111 2432 2273 2245 2145 1151 58 1093 1070 1001 180
cat_boundaries=0 1
cat_threshold=17
is_linear=0
shrinkage=0.03


Tree=287
num_leaves=31
num_cat=1
split_feature=0 10 0 5 8 17 19 18 17 17 9 10 11 7 17 18 8 0 0 9 9 9 0 8 18 0 7 8 1 18
split_gain=392.985 18.687 0.884597 0.956084 1.4258 0.616192 0.551885 0.405541 0.404218 0.938693 0.600079 0.572632 0.655407 0.696318 0.727716 0.505335 0.398906 0.409675 0.43883 0.728606 0.542132 0.388016 0.72466 0.467984 0.546517 0.961939 0.48442 0.434232 0.642979 0.460052
threshold=1.0000000180025095e-35 0.25000000000000011 0.62460857321909224 0.36612576064908725 0.27719287970000966 0.39378208946756316 0 0.5102941176470589 0.31173942643179314 0.31329248574589402 0.94493070751276453 -0.6830127018922193 0.25000000000000017 0.088419907194990141 0.33037833904084474 0.48676470588235299 0.059038120693449485 0.35371632274308884 0.39901254266984126 0.57148067104303446 0.72611232676878201 0.18745441283734501 0.46700898086239068 0.20833669660143139 0.47500000000000003 0.44927585088026639 0.058101126053317166 0.23942336319236415 0.091145833333333343 0.45735294117647063
decision_type=2 2 2 2 2 2 1 2 2 2 2 2 2 2 2 2 2 2 2 2 2 2 2 2 2 2 2 2 2 2
left_child=1 -1 3 5 -5 6 7 -2 21 -10 11 12 13 14 15 -11 -13 -18 19 -19 -21 22 -8 -23 25 -25 -26 -27 29 -29
right_child=2 -3 -4 4 -6 -7 8 -9 9 10 -12 16 -14 -15 -16 -17 17 18 -20 20 -22 23 -24 24 26 27 -28 28 -30 -31
leaf_value=0 -2.2464527731497136e-06 0 0.0004303067826621729 0.00020787410973730118 -0.0003876454928814989 0.00031163338333515964 1.9746957192726668e-06 -0.00010923621315575109 -0.0001184015929133525 -0.00037822716020387374 -0.00018405327924453526 -0.00011841434424736329 1.3342413537712363e-05 -0.00021037330703857948 3.1798872446438447e-05 -2.0946367075253943e-06 0.00048444426214094637 -0.00021929949488135936 5.2224657242589407e-05 0.00033533850182494376 -1.6071953958617601e-05 6.5958052204412581e-05 -8.4031666197571117e-05 7.0590847711018149e-05 -6.5734063262364942e-05 -0.00022623407295790013 0.00013502293332345191 3.8023055101913217e-05 -6.9463540092735965e-05 -8.4140936341708003e-05
leaf_weight=575 994 34 146 28 25 129 117 31 40 37 30 32 69 20 58 20 69 29 621 45 24 938 20 34 21 22 91 35 28 24
leaf_count=575 994 34 146 28 25 129 117 31 40 37 30 32 69 20 58 20 69 29 621 45 24 938 20 34 21 22 91 35 28 24
internal_value=-0.00330643 -0.0256699 0.000299444 0.000207381 -0.00379238 0.000266629 0.00019049 -0.000391304 0.000436319 1.0969e-05 0.000182163 0.000304687 -0.00111764 -0.00233332 -0.00143477 -0.00384204 0.000658536 0.000791877 0.000579971 -0.0012857 0.000391299 0.000789473 -0.000722622 0.000963117 -0.00017647 -0.00140558 0.00139284 -0.00277979 -0.00182757 -5.08465e-05
internal_weight=4386 609 3777 3631 53 3578 3449 1025 2424 1094 1054 1024 204 135 115 57 820 788 719 98 69 1330 137 1193 255 143 112 109 87 59
internal_count=4386 609 3777 3631 53 3578 3449 1025 2424 1094 1054 1024 204 135 115 57 820 788 719 98 69 1330 137 1193 255 143 112 109 87 59
cat_boundaries=0 1
cat_threshold=25
is_linear=0
shrinkage=0.03


Tree=288
num_leaves=31
num_cat=1
split_feature=0 10 3 19 0 0 5 8 0 8 11 16 18 7 3 6 6 7 14 0 18 8 13 13 8 18 14 0 0 5
split_gain=392.024 18.687 0.830894 0.802506 1.33446 0.821778 0.906089 1.40459 0.466134 0.483933 0.500087 0.497149 0.42913 0.626047 0.572793 0.569802 0.637985 0.490889 0.829809 0.781745 0.556042 0.519312 0.487721 0.46521 0.453902 0.400732 0.38477 0.335189 0.537757 0.499377
threshold=1.0000000180025095e-35 0.25000000000000011 0.22135416666666669 0 0.50532152180681911 0.62460857321909224 0.36612576064908725 0.27719287970000966 0.58542297693482837 0.19944284209539223 -0.5 20.500000000000004 0.47205882352941181 0.082700960608481922 0.070312500000000014 0.19917368504687752 0.12324805339265853 0.057339111088546425 1.0000000180025095e-35 0.43337287022347554 0.48382352941176471 0.075223422284331695 -0.22252093395631442 -0.22252093395631442 0.075223422284331695 0.47794117647058826 1.0000000180025095e-35 0.35371632274308884 0.37409980390052772 0.073191345503718738
decision_type=2 2 2 1 2 2 2 2 2 2 2 2 2 2 2 2 2 2 2 2 2 2 2 2 2 2 2 2 2 2
left_child=1 -1 3 4 12 6 8 -8 27 -10 -11 -12 13 14 15 16 23 18 19 20 21 22 -14 -2 -22 -24 -19 29 -29 -5
right_child=2 -3 -4 5 -6 -7 7 -9 9 10 11 -13 17 -15 -16 -17 -18 26 -20 -21 24 -23 25 -25 -26 -27 -28 28 -30 -31
leaf_value=0 -4.8799983287768135e-05 0 -9.3587421957907604e-05 9.3166772911534804e-07 -0.00035413405462942721 0.00056810132302550814 0.00020163788644518137 -0.00032398872001219243 0.00038020036249843386 -0.00032845330974968362 -4.7828429205687427e-05 0.00038538844168205174 4.0048670654952346e-06 -0.0002246091376514475 -4.3074872477984277e-05 6.059609982066504e-05 -5.8133827041348418e-05 0.00020217104052546353 5.4497837977845781e-05 -0.00035706525315591582 -1.5786944908908965e-05 7.2014538963633724e-05 -5.0770450903061779e-05 7.4702119511124146e-05 -0.00015935218111877027 0.00010262514143257393 -0.00013783206380677177 -8.6726468173272136e-06 3.9672377190409854e-06 0.00020167283303585602
leaf_weight=575 21 34 26 289 22 137 28 22 128 30 33 63 28 23 26 100 22 96 74 21 39 43 24 38 31 20 39 153 2059 142
leaf_count=575 21 34 26 289 22 137 28 22 128 30 33 63 28 23 26 100 22 96 74 21 39 43 24 38 31 20 39 153 2059 142
internal_value=-0.00333379 -0.0256699 0.000267673 0.000304719 -0.000633677 0.00050808 0.00040414 -0.00359993 0.000473248 0.00170078 0.000380949 0.00143749 -0.000395348 -0.00143478 -0.000913039 -0.000314915 -0.00218516 0.000180723 -0.000535712 -0.00151456 -0.000891887 0.000391301 -0.00116665 -0.000559312 -0.00299996 -0.00313629 0.00166665 0.000355278 0.000206148 0.00112065
internal_weight=4386 609 3777 3751 667 3084 2947 50 2897 254 126 96 645 230 207 181 81 415 280 206 185 115 72 59 70 44 135 2643 2212 431
internal_count=4386 609 3777 3751 667 3084 2947 50 2897 254 126 96 645 230 207 181 81 415 280 206 185 115 72 59 70 44 135 2643 2212 431
cat_boundaries=0 1
cat_threshold=17
is_linear=0
shrinkage=0.03


Tree=289
num_leaves=31
num_cat=1
split_feature=0 10 0 6 2 19 6 10 3 12 4 9 17 9 9 1 2 6 6 0 4 4 6 11 3 4 17 3 17 0
split_gain=391.784 18.687 0.915551 1.29009 1.05998 0.506793 0.686276 1.0146 0.60714 0.518209 0.389572 0.533786 0.49893 0.504129 0.40884 1.40673 1.20344 0.582021 0.840722 0.576228 0.444319 0.731984 0.46 0.416981 1.00027 1.20915 1.14996 0.753039 0.844161 0.980464
threshold=1.0000000180025095e-35 0.25000000000000011 0.62460857321909224 0.73963133640553014 0.11718750000000001 0 0.3147465437788019 0.68301270189221941 0.023437500000000003 0.6078576107927941 0.013020833333333334 0.59117432530999292 0.34018381414347726 0.57148067104303446 0.21188913202042306 0.070312500000000014 0.085937500000000014 0.36820276497695864 0.33594470046082953 0.4724571835247911 0.044270833333333336 0.054687500000000007 0.27880184331797242 -0.5 0.12239583333333334 0.12239583333333334 0.25861628797549152 0.080729166666666671 0.24210705471874738 0.41741515485649366
decision_type=2 2 2 2 2 1 2 2 2 2 2 2 2 2 2 2 2 2 2 2 2 2 2 2 2 2 2 2 2 2
left_child=1 -1 3 5 -5 6 8 -8 9 -2 11 12 13 -7 15 17 19 18 20 -17 -12 -22 -23 24 -16 26 -26 28 29 -25
right_child=2 -3 -4 4 -6 10 7 -9 -10 -11 14 -13 -14 -15 23 16 -18 -19 -20 -21 21 22 -24 27 25 -27 -28 -29 -30 -31
leaf_value=0 -1.1869989025579875e-06 0 0.00040035453949154064 7.2053430754094608e-05 -7.1282554861956457e-05 -5.0902896012086048e-06 -0.0002149724299158458 0.00019763461204315094 7.1292408507240675e-06 -2.0960659986479821e-05 0.00015364865806309972 2.8460670949856482e-06 0.00033799473209747898 -2.7459064769027275e-05 3.3530320997375971e-06 -9.2403476631908749e-05 -0.00019378054025723267 0.00013332693574959079 -3.1559703478411741e-05 0.00010403380434512888 -0.00023292226043623672 0.00013667641163284157 -5.746523382843906e-05 4.0010839196147087e-05 -0.00013547509896596132 3.6419292238026121e-05 -0.00028909719924761595 0.00013229635569963932 2.5716776786637067e-05 -0.00021955264523975803
leaf_weight=575 93 34 146 21 25 104 23 22 158 44 74 123 44 21 994 24 31 66 25 27 20 32 21 27 25 21 32 447 1061 26
leaf_count=575 93 34 146 21 25 104 23 22 158 44 74 123 44 21 994 24 31 66 25 27 20 32 21 27 25 21 32 447 1061 26
internal_value=-0.00334063 -0.0256699 0.00025973 0.00016607 -0.00482598 0.000230126 -0.00085714 -0.00433324 -0.000355931 -0.0018175 0.000345622 -0.000698628 -0.00179289 -0.00275998 0.000450051 -0.000562498 -0.00395117 0.00060504 -0.000313952 -0.00111763 0.000551017 -0.00110957 0.000735835 0.00057311 0.000117537 -0.00315381 -0.00542096 0.00088597 0.000468581 -0.00322635
internal_weight=4386 609 3777 3631 46 3585 340 45 295 137 3245 292 169 125 2953 320 82 238 172 51 147 73 53 2633 1072 78 57 1561 1114 53
internal_count=4386 609 3777 3631 46 3585 340 45 295 137 3245 292 169 125 2953 320 82 238 172 51 147 73 53 2633 1072 78 57 1561 1114 53
cat_boundaries=0 1
cat_threshold=1
is_linear=0
shrinkage=0.03


Tree=290
num_leaves=31
num_cat=1
split_feature=0 10 12 9 17 19 0 3 12 17 0 4 18 9 7 7 12 8 17 18 10 2 8 13 18 18 2 8 0 7
split_gain=404.261 14.7599 0.953234 1.00009 1.18815 0.748684 0.707485 0.674441 0.626876 0.884491 0.818114 0.975221 1.18735 0.596407 0.61176 0.593308 0.916889 0.513895 0.686529 1.09483 1.14533 0.579284 0.482132 0.449949 0.876581 0.751645 0.563734 0.798442 1.37538 1.34538
threshold=1.0000000180025095e-35 0.25000000000000011 -0.60785761079279388 0.17396061269146609 0.34163049953195485 0 0.49186532472164229 0.049479166666666671 0.87837969732492682 0.2803591183729045 0.42230543645064583 0.049479166666666671 0.47794117647058826 0.60649161196207169 0.069872590815374724 0.073252975929760156 -0.8783796973249266 0.28085358773915364 0.30200445971664275 0.46323529411764708 -0.93301270189221908 0.059895833333333336 0.05510721489648298 0.81174490092936691 0.44264705882352945 0.42500000000000004 0.14322916666666669 0.29024861203486146 0.48998056559818987 0.11470218836877218
decision_type=2 2 2 2 2 1 2 2 2 2 2 2 2 2 2 2 2 2 2 2 2 2 2 2 2 2 2 2 2 2
left_child=1 -1 6 4 17 7 13 8 9 -5 -11 12 -12 14 -2 -16 -17 18 19 -4 -21 -20 -15 24 25 -7 27 -26 -29 -30
right_child=2 -3 3 5 -6 23 -8 -9 -10 10 11 -13 -14 22 15 16 -18 -19 21 20 -22 -23 -24 -25 26 -27 -28 28 29 -31
leaf_value=0 3.0245624912864718e-06 0 9.9287616275804856e-06 -2.2043264336491178e-05 -0.00013708931933487968 2.2723729436739009e-06 0.0001130953784912435 0.00014053831067538424 0.00010069726732047376 6.6887965029086791e-05 4.5956527493236362e-07 4.6287962937519665e-05 -0.00011949216718463876 -2.2939744903027226e-05 -0.00025715169530948594 -9.6789749504864271e-05 0.00021074348670439326 5.1663517426835458e-05 5.8642934699917243e-05 -3.5636270919761474e-05 -0.00010212038616274985 -0.00010299381657066774 8.6912110600367661e-05 4.4877089759013215e-05 -4.0043941527134009e-06 -0.00021740914850704797 0.00061434280238792177 4.4245152332454025e-05 -0.00042935529977625647 -9.9364912526336808e-05
leaf_weight=588 330 31 29 48 20 22 344 586 79 170 31 50 39 20 26 31 38 22 54 35 20 28 280 294 1063 37 43 23 20 43
leaf_count=588 330 31 29 48 20 22 344 586 79 170 31 50 39 20 26 31 38 22 54 35 20 28 280 294 1063 37 43 23 20 43
internal_value=-0.00339289 -0.0258853 0.000247059 -4.78954e-05 -0.00204807 0.000115385 0.00100748 0.000749259 -0.000165467 -0.000727808 -0.000103448 -0.00199998 -0.00428565 0.000475862 -0.000247058 -0.0023684 -0.00091303 -0.0013085 -0.00187951 -0.00378567 -0.00627261 7.31699e-05 0.0015 -0.000299035 -0.00054916 -0.00411857 -0.000372483 -0.000498694 -0.00327903 -0.00557134
internal_weight=4444 619 3825 2756 208 2548 1069 1003 417 338 290 120 70 725 425 95 69 188 166 84 55 82 300 1545 1251 59 1192 1149 86 63
internal_count=4444 619 3825 2756 208 2548 1069 1003 417 338 290 120 70 725 425 95 69 188 166 84 55 82 300 1545 1251 59 1192 1149 86 63
cat_boundaries=0 1
cat_threshold=354
is_linear=0
shrinkage=0.03


Tree=291
num_leaves=31
num_cat=1
split_feature=0 10 0 10 13 12 17 0 18 19 18 4 10 1 16 16 18 2 4 13 17 17 17 4 18 6 17 3 0 2
split_gain=403.049 14.7599 0.982209 1.31865 2.1685 0.566437 0.672584 0.609146 0.489755 0.537653 0.83639 0.85605 0.536503 0.366758 0.668384 0.365991 0.601481 0.564107 0.377047 0.360366 0.715482 0.603763 0.57253 0.347796 0.675618 0.329204 0.32368 0.300773 0.431229 0.482952
threshold=1.0000000180025095e-35 0.25000000000000011 0.5896914389629998 1.0000000180025095e-35 -0.56174490092936669 -0.60785761079279388 0.16173091651774321 0.58164690265879859 0.48382352941176471 0 0.47205882352941181 0.049479166666666671 -0.93301270189221908 0.013020833333333334 12.500000000000002 5.5000000000000009 0.4661764705882353 0.080729166666666671 0.11197916666666667 -0.22252093395631442 0.28236921876054571 0.26308399285167228 0.31661135222534265 0.10156250000000001 0.48676470588235299 0.22588590497378044 0.29848523529912357 0.033854166666666671 0.42230543645064583 0.033854166666666671
decision_type=2 2 2 2 2 2 2 2 2 1 2 2 2 2 2 2 2 2 2 2 2 2 2 2 2 2 2 2 2 2
left_child=1 -1 5 4 -4 6 -2 15 9 10 -8 -12 -10 14 -11 16 -7 19 23 21 -21 -18 26 -17 -25 -24 -22 -15 29 -29
right_child=2 -3 3 -5 -6 7 8 -9 12 13 11 -13 -14 27 -16 18 17 -19 -20 20 22 -23 25 24 -26 -27 -28 28 -30 -31
leaf_value=0 -0.00013978877545855448 0 -0.00029016187782282652 0.00028013853078958859 7.8296812546307403e-05 4.0427058233943336e-06 1.2568492374593157e-05 -0.00011635819930096476 -8.9122841850062722e-06 -7.8547539052861147e-06 -8.8003785286639729e-05 -0.00020990403105039626 0.00013741895661461566 0.00010707674401973047 2.6016943284963302e-05 -3.1633094308195013e-07 -6.7729818156110719e-05 -0.00014713541547897938 0.0001374312314424753 0.00013912061207517216 -0.0001300678309057502 0.00011771630638548439 6.1256242737284751e-05 2.7668204283016499e-06 -0.00031123661597413514 -0.0002292178719579899 -0.00014901979889326542 -0.00024884734309041975 8.2291434689091907e-05 6.8409608366853017e-05
leaf_weight=588 25 31 24 352 45 88 52 39 20 26 46 20 293 182 54 1905 21 22 140 26 26 53 20 40 22 22 20 21 196 25
leaf_count=588 25 31 24 352 45 88 52 39 20 26 46 20 293 182 54 1905 21 22 140 26 26 53 20 40 22 22 20 21 196 25
internal_value=-0.00342664 -0.0258853 0.000207843 0.00157482 -0.00221736 3.8778e-05 0.000656249 -0.000203764 0.000786096 0.000299035 -0.00145311 -0.00381812 0.00175399 0.000723734 -0.00112499 -0.000143451 -0.00112751 -0.00199999 -4.27136e-06 -0.00146808 -0.00252629 0.00016216 -0.00381814 -0.000111337 -0.00232254 -0.00128568 -0.0061303 0.00108962 0.000396693 -0.00221734
internal_weight=4444 619 3825 421 69 3404 960 2444 935 622 118 66 313 504 80 2405 298 210 2107 188 114 74 88 1967 62 42 46 424 242 46
internal_count=4444 619 3825 421 69 3404 960 2444 935 622 118 66 313 504 80 2405 298 210 2107 188 114 74 88 1967 62 42 46 424 242 46
cat_boundaries=0 1
cat_threshold=258
is_linear=0
shrinkage=0.03


Tree=292
num_leaves=31
num_cat=1
split_feature=0 10 6 8 0 5 17 3 3 6 2 19 13 18 6 8 4 14 0 7 2 3 11 8 8 10 10 3 3 11
split_gain=402.806 14.7599 0.876961 0.781065 1.12682 0.679164 1.21463 0.596197 0.577186 0.537689 0.901457 0.792026 0.985649 1.14192 1.07682 0.63241 0.602246 0.416593 0.429509 0.53718 0.411805 0.491046 0.373332 0.420014 0.55641 0.740141 0.359061 0.44627 0.480173 0.459213
threshold=1.0000000180025095e-35 0.25000000000000011 0.54239631336405547 0.20477481889322038 0.62460857321909224 0.30730223123732259 0.33907752531699437 0.13281250000000003 0.075520833333333343 0.45391705069124427 0.096354166666666671 0 1.0000000180025095e-35 0.49558823529411766 0.48525345622119825 0.16747484369433055 0.10156250000000001 1.0000000180025095e-35 0.47680365491675797 0.052430665001144454 0.091145833333333343 0.065104166666666671 -0.68301270189221952 0.12150897627527692 0.09958636803033781 0.68301270189221941 0.93301270189221952 0.013020833333333334 0.018229166666666668 -0.5
decision_type=2 2 2 2 2 2 2 2 2 2 2 1 2 2 2 2 2 2 2 2 2 2 2 2 2 2 2 2 2 2
left_child=1 -1 9 -4 5 8 7 -7 -5 10 17 15 13 14 -13 -11 -16 20 19 22 -2 -22 -19 24 -24 -26 27 -21 -29 -30
right_child=2 -3 3 4 -6 6 -8 -9 -10 11 -12 12 -14 -15 16 -17 -18 18 -20 26 21 -23 23 -25 25 -27 -28 28 29 -31
leaf_value=0 -1.1193891204898226e-06 0 0.00037642880196528888 -0.00010809316327205554 0.00055889262906076102 -4.4801163028333631e-05 0.00039519605363485828 -0.00013665777557490174 2.0876377437605643e-05 -5.7133554131109999e-05 0.00012894918269202839 -0.0002934041121497245 5.4826920321078408e-06 7.6675212015726e-05 -0.0003145689055266215 0.00013438323926861264 2.5938718830318872e-05 0.00012469076638584625 0.00015338101921528199 0.00030944325862388187 -0.00020077428767316494 -1.0569435313496723e-05 2.0965974405883617e-05 0.00013931043632404468 0.00047417740102151216 -0.00022662909093914464 0.00018554983527428059 -5.6946496918746257e-05 8.1977531535792463e-06 -7.7430979169380786e-05
leaf_weight=588 1942 31 194 28 108 25 35 21 126 22 167 22 81 33 31 100 20 111 184 22 23 28 139 43 23 20 35 25 97 120
leaf_count=588 1942 31 194 28 108 25 35 21 126 22 167 22 81 33 31 100 20 111 184 22 23 28 139 43 23 20 35 25 97 120
internal_value=-0.00343339 -0.0258853 0.0002 0.00132402 0.000463556 -0.000702125 -0.00292589 -0.0061303 0.00046753 1.64235e-05 0.00013998 -0.00117475 -0.00232994 -0.00435845 -0.00645197 0.000727267 -0.00405874 1.28024e-05 0.000582417 0.000212598 -0.000221274 -0.0028823 0.00103571 0.000333332 -0.000296702 -0.00327899 -0.000712372 -0.0010909 -0.0014628 -0.00100921
internal_weight=4444 619 3825 537 343 235 81 46 154 3288 2979 309 187 106 73 122 51 2812 819 635 1993 51 336 225 182 43 299 264 242 217
internal_count=4444 619 3825 537 343 235 81 46 154 3288 2979 309 187 106 73 122 51 2812 819 635 1993 51 336 225 182 43 299 264 242 217
cat_boundaries=0 1
cat_threshold=546
is_linear=0
shrinkage=0.03


Tree=293
num_leaves=31
num_cat=2
split_feature=0 10 6 8 17 17 6 12 17 19 9 17 19 4 17 17 9 9 17 8 0 13 11 17 4 16 17 0 9 0
split_gain=403.049 14.7599 0.864765 0.855676 1.04402 1.22725 0.982849 0.561991 0.701873 0.793445 1.09092 0.920316 0.682416 0.597715 0.600115 1.69523 0.950045 0.609193 0.529891 0.983756 0.668572 0.517655 0.454984 0.45697 0.434856 1.99405 1.57131 0.622759 0.430111 0.79406
threshold=1.0000000180025095e-35 0.25000000000000011 0.54239631336405547 0.28621043842988975 0.3353331631350524 0.12160667177261514 0.66175115207373281 1.0000000180025095e-35 0.4759594928091227 0 0.17396061269146609 0.28622068848139121 1 0.12760416666666669 0.36171389668964354 0.33660965024253259 0.62472647702407025 0.24215900802334064 0.28267146743197213 0.1439067609595597 0.43337287022347554 -0.22252093395631442 -0.9330127018922193 0.30177791742764942 0.023437500000000003 20.500000000000004 0.30903752872095996 0.42230543645064583 0.12946754194018967 0.39054903600795815
decision_type=2 2 2 2 2 2 2 2 2 1 2 2 1 2 2 2 2 2 2 2 2 2 2 2 2 2 2 2 2 2
left_child=1 -1 7 -4 5 -5 21 12 9 13 11 -11 22 14 15 17 -17 -9 19 -19 -21 -7 23 -2 25 26 -12 -27 29 -14
right_child=2 -3 3 4 -6 6 -8 8 -10 10 24 -13 28 -15 -16 16 -18 18 -20 20 -22 -23 -24 -25 -26 27 -28 -29 -30 -31
leaf_value=0 -2.2866720178424739e-06 0 0.00023857658286431896 8.4166238890499159e-05 0.00079273499331404301 -0.00014397514156255179 -0.000174605682427501 5.211082253233921e-05 -0.00033368795173907713 2.7999961444622268e-05 -8.4251743077559916e-07 -0.00012404302696435504 3.8289350009912511e-05 -0.00021022817524206776 0.0002774070791530272 -1.5596537693367872e-05 -0.0003175436504127994 -6.7952707428873364e-05 -4.2388028875042853e-06 0.00067184959423757698 -0.00023560211862264113 0.00017334996889086172 -4.4026112754307275e-07 -0.00012670266396300667 2.4854518007149131e-05 8.2935971981934072e-05 -0.00013345270000729819 -0.00010140394061188316 4.660906694834992e-05 -3.8958990295472085e-05
leaf_weight=588 43 31 345 44 60 25 37 37 20 23 28 53 47 23 29 35 24 28 215 23 20 26 682 33 703 126 22 30 995 49
leaf_count=588 43 31 345 44 60 25 37 37 20 23 28 53 47 23 29 35 24 28 215 23 20 26 682 33 703 126 22 30 995 49
internal_value=-0.00342664 -0.0258853 0.000207843 0.00132402 -0.000281248 -0.00177271 -0.00381814 2.55475e-05 -0.000419041 -0.00034038 0.000135678 -0.00331575 0.000371552 -0.00139189 -0.00116058 -0.00147644 -0.00615244 -0.000622289 -0.00109091 -0.00333798 -0.000488361 -0.00111763 -0.000320312 -0.00252628 0.000425742 -0.000786404 -0.00599988 0.00088461 0.000847411 -0.00106249
internal_weight=4444 619 3825 537 192 132 88 3288 1439 1419 985 76 1849 434 411 382 59 323 286 71 43 51 758 76 909 206 50 156 1091 96
internal_count=4444 619 3825 537 192 132 88 3288 1439 1419 985 76 1849 434 411 382 59 323 286 71 43 51 758 76 909 206 50 156 1091 96
cat_boundaries=0 1 2
cat_threshold=133 282
is_linear=0
shrinkage=0.03


Tree=294
num_leaves=31
num_cat=1
split_feature=0 16 12 6 13 9 1 18 11 16 7 13 19 12 9 0 7 6 16 7 5 0 7 1 1 0 6 1 12 6
split_gain=401.838 3.24852 2.26605 0.839158 0.724736 0.670209 0.881075 0.575273 1.27484 0.502037 0.611041 0.882852 0.491024 0.549284 0.858821 0.674292 1.46012 0.60735 1.19379 0.95271 0.700882 0.792027 0.893845 0.678749 0.595216 0.546203 0.8 1.47641 0.678746 0.927438
threshold=1.0000000180025095e-35 29.500000000000004 -1.0000000180025095e-35 0.54239631336405547 1.0000000180025095e-35 0.38548504741064926 0.10156250000000001 0.43970588235294122 -0.5 5.5000000000000009 0.017764635875994323 1.0000000180025095e-35 0 -0.60785761079279388 0.59992706053975209 0.47680365491675797 0.071659504697138346 0.47142857142857153 23.500000000000004 0.087670594114355446 0.25253549695740368 0.49403747443035323 0.089132082478676544 0.11718750000000001 0.070312500000000014 0.44457804280797869 0.24182424916573975 0.049479166666666671 0.6078576107927941 0.27880184331797242
decision_type=2 2 2 2 2 2 2 2 2 2 2 2 1 2 2 2 2 2 2 2 2 2 2 2 2 2 2 2 2 2
left_child=1 -1 -3 9 -4 6 -5 8 -7 -2 11 -11 -12 14 15 16 -14 20 -19 -20 21 25 24 -21 -23 26 -15 28 -28 -30
right_child=3 2 4 5 -6 7 -8 -9 -10 10 12 -13 13 17 -16 -17 -18 18 19 23 -22 22 -24 -25 -26 -27 27 -29 29 -31
leaf_value=0 -4.4425877083631793e-06 0 0 2.994078580076084e-05 0 -0.00013380839261396582 -0.0001422849788118143 0.00022490159856665661 0.00056966561339916785 -1.6400906687984091e-07 2.914504552884317e-05 -9.2700942567888517e-05 3.3741238170068418e-06 2.0227203090792768e-06 0.0001011642879018837 0.00013275108625149376 -0.00014907423355794186 5.9588545875647445e-05 -0.00021876961523007159 -0.00032917660037121702 0.00040896273417024534 -5.5178945137501926e-05 -0.00033099119975594431 0.0001584291944582286 0.00013590557783860839 8.5410217317874071e-06 -4.2024463678945916e-05 1.3623025531172975e-05 -0.00018587558542096394 -1.7014136352975616e-05
leaf_weight=501 405 42 37 48 39 21 28 402 38 53 905 23 155 513 248 81 37 57 30 20 76 28 38 22 56 330 77 86 23 25
leaf_count=501 405 42 37 48 39 21 28 402 38 53 905 23 155 513 248 81 37 57 30 20 76 28 38 22 56 330 77 86 23 25
internal_value=-0.0034604 -0.0258853 -0.0214066 0.000168628 -0.0183155 0.00126815 -0.00134209 0.00169848 -0.00106778 -1.09488e-05 0.000127992 -0.00252628 0.000199858 -7.53137e-05 0.000754317 -0.000406592 -0.00137499 -0.000388848 -0.00234882 -0.0049166 -0.000186901 -0.000367347 -0.00265572 -0.00199995 -0.00092856 -0.000102467 -0.000563535 -0.00211847 -0.00419997 -0.00699985
internal_weight=4444 619 118 3825 76 537 76 461 59 3288 2883 76 2807 1902 521 273 192 1381 129 72 1252 1176 122 42 84 1054 724 211 125 48
internal_count=4444 619 118 3825 76 537 76 461 59 3288 2883 76 2807 1902 521 273 192 1381 129 72 1252 1176 122 42 84 1054 724 211 125 48
cat_boundaries=0 1
cat_threshold=832
is_linear=0
shrinkage=0.03


Tree=295
num_leaves=31
num_cat=2
split_feature=0 10 8 12 0 0 2 4 11 0 19 17 18 7 8 9 18 9 18 7 0 18 9 9 19 1 9 4 9 4
split_gain=385.437 18.4192 0.682489 1.37428 1.35336 0.991185 0.734031 0.648671 0.538576 0.809628 0.556886 0.55482 0.765074 0.500949 1.37264 0.671882 0.517333 0.486198 0.479686 0.47346 0.441504 0.485104 0.703301 0.429588 0.395914 0.463422 0.507416 0.388933 0.346779 0.504735
threshold=1.0000000180025095e-35 0.25000000000000011 0.39631553043457918 1.0000000180025095e-35 0.58164690265879859 0.61912653167645637 0.20052083333333334 0.11197916666666667 -0.5 0.56764902299890541 0 0.2858054633648201 0.47500000000000003 0.10370144050200945 0.20833669660143139 0.92924872355944577 0.48970588235294121 0.070751276440554331 0.48088235294117648 0.047824124604727077 0.26514453187980547 0.48088235294117648 0.48322392414296145 0.4584245076586434 1 0.085937500000000014 0.78264040846097749 0.039062500000000007 0.26659372720641877 0.044270833333333336
decision_type=2 2 2 2 2 2 2 2 2 2 1 2 2 2 2 2 2 2 2 2 2 2 2 2 1 2 2 2 2 2
left_child=1 -1 5 7 -5 6 8 -4 13 10 11 12 27 15 16 20 -15 -12 -14 -20 -2 22 -22 -11 25 26 -23 -10 29 -13
right_child=2 -3 3 4 -6 -7 -8 -9 9 23 17 28 18 14 -16 -17 -18 -19 19 -21 21 24 -24 -25 -26 -27 -28 -29 -30 -31
leaf_value=0 9.3769436185526516e-05 0 0.00011281838005003437 -1.3790227460549506e-05 -0.00030142829991972264 0.00048802408393891998 -0.00018408425045175417 -0.0001502521266849575 -9.2147640254323541e-07 -6.736260694563139e-06 5.4695505470160266e-05 0.00014743737756933031 -0.00021840234762739801 9.786521738062346e-06 -0.00034830001897374804 0.00015887539581562214 -9.6471618301930439e-05 -2.037332556322401e-06 -0.00018347928811540302 0.00028468698897139504 -0.00012884588965452428 0.0002039750657338164 -8.3731426508216659e-06 0.00028994125605835702 5.274359063743829e-05 -0.00026329256490602629 -0.0001241800771590822 0.00010965469143969257 0.00011932975422695941 -8.6661445461537939e-05
leaf_weight=575 48 32 67 27 23 142 21 20 24 37 41 45 26 49 35 71 35 1302 20 24 32 48 574 216 301 27 35 61 388 34
leaf_count=575 48 32 67 27 23 142 21 20 24 37 41 45 26 49 35 71 35 1302 20 24 32 48 574 216 301 27 35 61 388 34
internal_value=-0.0035274 -0.0257149 4.21416e-05 -0.00203648 -0.00599988 0.000120462 2.06069e-05 0.000241377 5.44199e-05 0.000335437 0.000129771 0.000863923 -0.000677415 -0.000442231 -0.0022941 -0.000248239 -0.000214283 -0.000215077 -0.00299996 -0.00109088 -0.000436619 -0.000569321 -0.00110891 0.0019328 0.000226277 -0.00124999 -0.000253009 0.00123528 0.001394 -0.000417716
internal_weight=4380 607 3773 137 50 3636 3494 87 3473 2218 1965 622 155 1255 119 1136 84 1343 70 44 1065 1017 606 253 411 110 83 85 467 79
internal_count=4380 607 3773 137 50 3636 3494 87 3473 2218 1965 622 155 1255 119 1136 84 1343 70 44 1065 1017 606 253 411 110 83 85 467 79
cat_boundaries=0 1 2
cat_threshold=896 704
is_linear=0
shrinkage=0.03


Tree=296
num_leaves=31
num_cat=3
split_feature=0 10 0 6 16 0 5 5 11 5 6 18 6 16 6 6 19 19 10 7 0 13 0 9 17 19 6 6 9 6
split_gain=384.248 18.4192 0.59018 0.970739 1.11356 0.467612 0.780636 0.666472 0.43642 0.743805 1.64937 1.29916 0.757535 0.560544 0.915446 0.90578 0.933527 0.886851 2.19962 1.52307 0.71459 0.650568 1.51353 0.547496 0.534687 0.48751 0.512391 1.90099 0.473603 0.440706
threshold=1.0000000180025095e-35 0.25000000000000011 0.62715923987447197 0.73963133640553014 16.500000000000004 0.60785668035134688 0.34178498985801226 0.31744421906693715 1.0000000180025095e-35 0.26876267748478705 0.54239631336405547 0.48676470588235299 0.58571428571428585 6.5000000000000009 0.179961862386779 0.1654377880184332 0 1 -0.24999999999999994 0.059318526023085606 0.35371632274308884 -0.22252093395631442 0.26145367489924248 0.92924872355944577 0.30539954046464141 2 0.30184331797235031 0.28801843317972359 0.31400437636761497 0.46682027649769592
decision_type=2 2 2 2 2 2 2 2 2 2 2 2 2 2 2 2 1 1 2 2 2 2 2 2 2 1 2 2 2 2
left_child=1 -1 3 5 -5 6 7 8 9 12 11 -11 23 17 15 16 20 18 -10 -20 21 -15 -23 29 -18 26 27 -16 -27 -2
right_child=2 -3 -4 4 -6 -7 -8 -9 13 10 -12 -13 -14 14 25 -17 24 -19 19 -21 -22 22 -24 -25 -26 28 -28 -29 -30 -31
leaf_value=0 -1.8223965261999923e-06 0 0.00034128378945339784 6.7112445530630608e-05 -6.7960198016363838e-05 0.00027074200776377083 -0.00029908486856581061 0.00019426586475672857 4.9484642013098313e-06 -0.00024030771329610625 0.00017815754781713857 -0.00016773397355665555 -0.00011718521445042484 2.4815379822460015e-05 3.2988349615422316e-05 -5.4854501530855034e-05 -1.9600314581051847e-05 1.0318653345482365e-05 -4.6902156925172271e-05 -0.00031819590416417437 -9.7978183266840847e-05 -0.00017970832461360449 0.00019766800509272951 0.00013935606227732055 0.00021871007306691528 6.5947504598013117e-06 3.3797619911286341e-05 -0.00028658502560905622 0.00017856097707207556 0.00010057192135104373
leaf_weight=575 1567 32 139 22 22 110 42 115 56 28 41 26 30 42 118 36 37 158 26 24 24 26 25 64 121 243 101 30 420 80
leaf_count=575 1567 32 139 22 22 110 42 115 56 28 41 26 30 42 118 36 37 158 26 24 24 26 25 64 121 243 101 30 420 80
internal_value=-0.00356164 -0.0257149 2.38548e-06 -7.0996e-05 -0.0044999 -1.6713e-05 -7.75861e-05 -2.79231e-05 -0.000105627 -0.000415032 -0.00299997 -0.00644432 -0.00027398 0.000276395 0.000547015 -0.000858518 -0.000272726 -0.000977269 -0.00294825 -0.00779984 -0.00219683 -0.00119354 -0.00347052 -0.000191116 0.00121428 0.00102631 -0.000127413 -0.00125675 0.00143982 -0.000296903
internal_weight=4380 607 3773 3634 44 3590 3480 3438 3323 1836 95 54 1741 1487 1223 311 275 264 106 50 117 93 51 1711 158 912 249 148 663 1647
internal_count=4380 607 3773 3634 44 3590 3480 3438 3323 1836 95 54 1741 1487 1223 311 275 264 106 50 117 93 51 1711 158 912 249 148 663 1647
cat_boundaries=0 1 2 3
cat_threshold=519 197 24
is_linear=0
shrinkage=0.03


Tree=297
num_leaves=31
num_cat=1
split_feature=20 10 1 2 17 20 8 5 3 4 16 6 9 1 3 16 11 8 3 11 19 8 18 9 16 8 6 1 6 8
split_gain=384.961 18.4192 0.716154 0.667322 0.540187 0.646039 0.741885 0.688883 0.968472 0.53357 0.529677 0.442537 0.313225 0.335804 0.633532 0.368379 0.362712 0.605935 1.16198 1.06731 0.545116 0.781376 0.982613 0.646211 0.881692 0.95237 1.95915 1.27334 0.475486 0.761192
threshold=1.0000000180025095e-35 0.25000000000000011 0.15364583333333334 0.17968750000000003 0.49697898051229689 0.58542297693482837 0.20833669660143139 0.38032454361054774 0.10156250000000001 0.091145833333333343 20.500000000000004 0.69262672811059922 0.92924872355944577 0.0078125000000000017 0.013020833333333334 24.500000000000004 1.0000000180025095e-35 0.22614163575611029 0.11718750000000001 -0.68301270189221952 0 0.23440816817184998 0.47205882352941181 0.51531728665207888 5.5000000000000009 0.098555133216983518 0.12660325531769998 0.033854166666666671 0.24182424916573975 0.15639335566612553
decision_type=2 2 2 2 2 2 2 2 2 2 2 2 2 2 2 2 2 2 2 2 1 2 2 2 2 2 2 2 2 2
left_child=1 -1 3 4 5 11 -7 8 -8 -5 -4 12 13 14 -2 -16 17 18 28 -20 21 -18 -23 -22 -25 26 -26 -28 -15 -30
right_child=2 -3 10 9 -6 6 7 -9 -10 -11 -12 -13 -14 16 15 -17 20 -19 19 -21 23 22 -24 24 25 -27 27 -29 29 -31
leaf_value=0 4.9643889849393653e-05 0 -7.1934282958205511e-05 -0.00024337053020152588 -0.00027125911244137672 0.0002805014192644276 0.00011848825796455375 0.00052897078895991598 -0.00015857276477449975 -2.1654189279575967e-05 0.00057642163808514617 -7.2994776379745499e-05 4.9324101276437185e-05 1.5206511645678267e-06 -6.2953649390658142e-05 -5.2331201600281558e-05 0.00015010861235920532 8.9235290933732938e-05 -0.00029172817419320348 -2.1801998596742226e-05 3.5631318561814584e-06 3.1138926132148306e-05 -0.00027020934913045679 -0.00024469708866404599 4.2585108901712673e-05 1.9341097581727983e-05 -0.0001241875149503916 -0.00024560439017963552 -1.8932324919991816e-05 4.578837486512948e-05
leaf_weight=575 35 32 34 25 24 152 35 34 34 26 135 38 77 786 21 36 484 105 24 35 506 27 30 25 52 224 20 24 520 205
leaf_count=575 35 32 34 25 24 152 35 34 34 26 135 38 77 786 21 36 484 105 24 35 506 27 30 25 52 224 20 24 520 205
internal_value=-0.00354109 -0.0257149 2.62392e-05 -6.32629e-05 -1.4354e-05 1.6152e-05 0.00147058 -0.000495141 -0.00221736 -0.00347052 0.0019349 -9.71288e-05 -5.93324e-05 -0.000105413 -0.00189128 -0.00384204 -5.18421e-05 -0.000349253 -0.000496815 -0.00462704 0.000306034 0.00103993 -0.00226312 -0.000170731 -0.00117391 -0.000749998 -0.00324997 -0.00790891 -0.000335539 -0.000889654
internal_weight=4380 607 3773 3604 3553 3529 255 103 69 51 169 3274 3236 3159 92 57 3067 1675 1570 59 1392 541 57 851 345 320 96 44 1511 725
internal_count=4380 607 3773 3604 3553 3529 255 103 69 51 169 3274 3236 3159 92 57 3067 1675 1570 59 1392 541 57 851 345 320 96 44 1511 725
cat_boundaries=0 1
cat_threshold=898
is_linear=0
shrinkage=0.03


Tree=298
num_leaves=31
num_cat=1
split_feature=0 10 1 7 11 3 10 17 3 7 4 11 1 19 6 4 2 13 17 8 6 18 18 17 7 8 9 11 8 0
split_gain=386.151 18.4192 0.686631 0.880872 0.552885 0.636707 1.07426 1.08176 0.853477 0.724224 0.53908 0.653946 1.08135 0.942645 0.624938 0.57714 0.575145 0.534292 0.786534 0.850644 0.779183 0.715396 0.576131 0.550609 0.582359 1.02658 1.5767 1.05062 0.982593 0.773158
threshold=1.0000000180025095e-35 0.25000000000000011 0.15364583333333334 0.24899844287090053 1.0000000180025095e-35 0.11718750000000001 0.68301270189221941 0.28818823929878318 0.13802083333333334 0.082700960608481922 0.023437500000000003 0.93301270189221952 0.091145833333333343 0 0.61797235023041486 0.018229166666666668 0.023437500000000003 -0.56174490092936669 0.34572589566845385 0.13902392545863385 0.36820276497695864 0.49558823529411766 0.48970588235294121 0.35286358607778068 0.065904323980221752 0.15639335566612553 0.60357403355215189 -0.68301270189221952 0.13609311647411021 0.42141001303737941
decision_type=2 2 2 2 2 2 2 2 2 2 2 2 2 1 2 2 2 2 2 2 2 2 2 2 2 2 2 2 2 2
left_child=1 -1 3 4 5 17 7 9 -9 -7 15 13 -13 16 -14 -6 -12 18 21 -20 -21 22 -2 24 29 26 27 -26 -28 -19
right_child=2 -3 -4 -5 10 6 -8 8 -10 -11 11 12 14 -15 -16 -17 -18 23 19 20 -22 -23 -24 -25 25 -27 28 -29 -30 -31
leaf_value=0 -2.7838796194517832e-06 0 0.00041633550583680603 -0.00047227362343809688 -2.2870545445273542e-07 0.00013780112945303906 0.00021858209805263975 -0.00036113713715289184 -0.00017289246114799117 -8.7066584343626854e-05 0.00016793289783428948 2.5213665519263377e-06 -2.9099729574912952e-05 0.00015057551721181243 -0.00014185608287174583 -4.7412952323265872e-05 -1.7830762584012383e-05 -7.0110342794287895e-07 -0.00019384665862809744 0.00024344967444133388 -0.00017172826162759901 -5.8628272505236416e-05 0.00041406750995184752 4.8066834722276011e-05 -0.00038509122032405826 4.66830717016639e-05 4.1777457465785024e-05 -9.017182549382869e-05 -0.0001455772978550334 0.00011080620682811908
leaf_weight=575 351 32 169 24 278 38 46 26 21 26 63 182 20 659 20 69 360 544 27 20 22 53 48 141 23 165 71 50 37 220
leaf_count=575 351 32 169 24 278 38 46 26 21 26 63 182 20 659 20 69 360 544 27 20 22 53 48 141 23 165 71 50 37 220
internal_value=-0.00350685 -0.0257149 6.59953e-05 -2.16425e-05 1.67599e-05 -0.000328149 -0.00215922 -0.00375672 -0.00721261 -0.00121873 0.000419745 0.000699386 -0.00078378 0.0010037 -0.00524987 -0.000631122 -0.000117783 -0.000165914 -0.000973127 -0.00395646 -0.00128568 -0.000517698 -8.27064e-05 0.000170264 -5.40539e-05 -0.00107514 -0.00263534 -0.00604101 -0.00033333 0.000408377
internal_weight=4380 607 3773 3604 3580 1929 157 111 47 64 1651 1304 222 1082 40 347 423 1772 521 69 42 452 399 1251 1110 346 181 73 108 764
internal_count=4380 607 3773 3604 3580 1929 157 111 47 64 1651 1304 222 1082 40 347 423 1772 521 69 42 452 399 1251 1110 346 181 73 108 764
cat_boundaries=0 1
cat_threshold=89
is_linear=0
shrinkage=0.03


Tree=299
num_leaves=31
num_cat=1
split_feature=0 9 13 9 8 6 0 1 12 2 3 12 17 5 8 11 9 2 5 19 7 12 11 6 6 4 7 12 3 6
split_gain=386.151 1.12132 1.21835 0.645536 0.586271 1.07184 0.820684 1.56691 0.979176 0.921593 0.862465 0.734975 0.600196 0.581037 0.883065 1.42258 0.559471 0.537448 0.529852 0.344369 0.364691 0.7726 0.332131 0.32508 0.877578 0.796703 0.956309 0.600157 1.00024 0.478616
threshold=1.0000000180025095e-35 0.36725018234865076 -0.22252093395631442 0.42924872355944577 0.29024861203486146 0.54516129032258076 0.53121608501887896 0.16406250000000003 1.0000000180025095e-35 0.13281250000000003 0.096354166666666671 -0.8783796973249266 0.42051740277423205 0.26876267748478705 0.1966496734981962 1.0000000180025095e-35 0.47191830780452232 0.19010416666666669 0.25456389452332662 0 0.02149017771572934 -1.0000000180025095e-35 0.6830127018922193 0.30184331797235031 0.25399650405212143 0.054687500000000007 0.078820572627737201 -1.0000000180025095e-35 0.049479166666666671 0.2824884792626729
decision_type=2 2 2 2 2 2 2 2 2 2 2 2 2 2 2 2 2 2 2 1 2 2 2 2 2 2 2 2 2 2
left_child=1 -1 -3 -4 5 12 11 8 9 -8 -10 -6 13 18 -15 -16 -5 -7 19 20 21 -2 -22 24 -21 29 27 -27 -29 -26
right_child=4 2 3 16 6 17 7 -9 10 -11 -12 -13 -14 14 15 -17 -18 -19 -20 23 22 -23 -24 -25 25 26 -28 28 -30 -31
leaf_value=0 0.00016988165252856315 0 0 0 -0.00010482338702188994 0.00020753790118803776 0.00012950102101923211 0.00051340473729607876 -0.00025328451375857718 -0.00018327801713838556 -2.1455036555381505e-05 6.0041788940281482e-05 0.00037647620510106666 1.8337941002574633e-05 -0.00031437720977331917 -6.8751167049604389e-06 0 -6.5908799374234523e-05 0.00011161819221655248 -1.3951982415731227e-07 2.4917948992548949e-06 -0.00012101442606672475 0.00014447706911203788 5.76631262898036e-06 1.3597003503045387e-06 -3.147852345845128e-05 3.5712385003873678e-05 -0.00023369864752995374 -0.00020467601869372565 -9.4753544423365025e-05
leaf_weight=437 26 62 21 22 20 322 43 54 25 39 27 100 59 53 29 35 65 20 53 1017 729 29 125 626 143 42 29 21 27 80
leaf_count=437 26 62 21 22 20 322 43 54 25 39 27 100 59 53 29 35 65 20 53 1017 729 29 125 626 143 42 29 21 27 80
internal_value=-0.00350685 -0.0257149 -0.0236469 -0.021722 6.59953e-05 0.000177489 -0.00118831 -0.00242552 -0.00416415 -0.00212193 -0.00738447 0.000749994 2.88196e-06 -5.48302e-05 -0.00212819 -0.00449993 -0.0228618 0.00177192 2.74857e-05 -2.69522e-05 0.000453754 -0.00190906 0.000611241 -0.00024812 -0.000509933 -0.00182456 -0.00380669 -0.00533327 -0.00762484 -0.000766813
internal_weight=4380 607 170 108 3773 3465 308 188 134 82 52 120 3123 3064 117 64 87 342 2947 2894 909 55 854 1985 1359 342 119 90 48 223
internal_count=4380 607 170 108 3773 3465 308 188 134 82 52 120 3123 3064 117 64 87 342 2947 2894 909 55 854 1985 1359 342 119 90 48 223
cat_boundaries=0 1
cat_threshold=772
is_linear=0
shrinkage=0.03


Tree=300
num_leaves=31
num_cat=2
split_feature=0 10 6 0 13 11 5 17 1 13 19 10 17 8 17 0 0 17 16 16 3 1 11 19 5 2 2 2 3 6
split_gain=393.646 12.7087 1.18171 0.625739 1.83977 1.39165 0.857094 0.628536 0.724014 0.724923 0.674937 0.942933 1.64789 1.60288 0.604493 0.602416 0.531271 0.523792 0.509346 0.476467 0.702218 2.27135 0.531121 0.555847 1.74511 0.719157 0.528096 0.468256 0.487539 0.575664
threshold=1.0000000180025095e-35 0.25000000000000011 0.18229779119656767 0.37807704580811868 1.0000000180025095e-35 1.0000000180025095e-35 0.11054766734279921 0.30469747255552726 0.018229166666666668 -0.22252093395631442 0 0.25000000000000011 0.28716704961279899 0.05510721489648298 0.39378208946756316 0.32020333923914573 0.29001749062968413 0.29457067483618421 25.500000000000004 5.5000000000000009 0.059895833333333336 0.075520833333333343 1.0000000180025095e-35 1 0.28498985801217042 0.018229166666666668 0.028645833333333336 0.15364583333333334 0.059895833333333336 0.24182424916573975
decision_type=2 2 2 2 2 2 2 2 2 2 1 2 2 2 2 2 2 2 2 2 2 2 2 1 2 2 2 2 2 2
left_child=1 -1 3 7 5 6 -5 10 9 -9 11 17 -13 -14 19 16 -11 -2 -16 20 21 -4 23 25 26 -21 -25 28 29 -27
right_child=2 -3 14 4 -6 -7 -8 8 -10 15 -12 12 13 -15 18 -17 -18 -19 -20 22 -22 -23 -24 24 -26 27 -28 -29 -30 -31
leaf_value=0 -4.2144865181570599e-06 0 -3.3732453444172837e-05 -4.3997924557701759e-05 0.00012900827768288668 -8.7731104921707096e-05 0.0003081329513389561 3.2250682738066845e-05 2.9117664570362699e-05 -2.6297637496809301e-05 -9.2061148588274901e-07 3.3638951461796015e-06 -2.8608873155485463e-05 -7.698185670402963e-05 -7.9417347497925077e-05 -5.4801043672157063e-05 0.00025884548536729844 0.00013439779086243291 0.00042743997741311149 -8.1792189114728874e-05 8.9646089684358984e-06 -0.00016428308622402739 5.1559167565817747e-05 0.00024550289847743886 -0.00025285004322239723 7.3936837249781052e-05 -1.2308767022574327e-05 -7.0426147292746874e-06 0.00012634161727879435 -1.3111827280775241e-05
leaf_weight=576 42 27 143 21 53 27 21 51 279 39 189 24 20 24 33 23 24 22 182 24 189 24 1087 107 27 95 525 31 305 207
leaf_count=576 42 27 143 21 53 27 21 51 279 39 189 24 20 24 33 23 24 22 182 24 189 24 1087 107 27 95 525 31 305 207
internal_value=-0.00347151 -0.0260049 6.87859e-05 -0.000911524 -0.00290162 -0.00613035 -0.00271422 -0.000582089 0.0001875 -0.00159853 -0.00157943 -0.00312674 -0.00582344 -0.00927252 0.00035146 -0.00327903 -0.00176188 -0.000749988 0.00188371 0.000232272 -0.000792132 -0.00220957 0.000383721 -2.04389e-05 -0.000632286 0.000589285 -0.000322784 0.000789968 0.000973639 0.000119205
internal_weight=4441 603 3838 859 122 69 42 737 416 137 321 132 68 44 2979 86 63 64 215 2764 356 167 2408 1321 659 662 632 638 607 302
internal_count=4441 603 3838 859 122 69 42 737 416 137 321 132 68 44 2979 86 63 64 215 2764 356 167 2408 1321 659 662 632 638 607 302
cat_boundaries=0 1 2
cat_threshold=49 106
is_linear=0
shrinkage=0.03


Tree=301
num_leaves=31
num_cat=2
split_feature=0 10 17 7 4 0 9 17 2 4 19 8 2 11 0 3 10 3 8 4 9 17 0 4 3 0 0 8 8 19
split_gain=394.59 12.7087 0.892551 0.675454 0.725798 0.986931 0.917486 0.691118 0.655689 0.58773 0.510377 0.752869 0.752379 0.547081 1.5108 1.16822 0.756972 0.960312 1.63658 0.742177 0.674844 0.583309 0.484881 0.661756 0.717225 1.23747 0.816406 0.479989 0.52871 0.570123
threshold=1.0000000180025095e-35 0.25000000000000011 0.39378208946756316 0.16947311116436589 0.013020833333333334 0.41342993139342915 0.17396061269146609 0.34409837460641657 0.085937500000000014 0.11197916666666667 0 0.087591098708121498 0.16406250000000003 -0.5 0.56498757140591482 0.065104166666666671 0.25000000000000011 0.065104166666666671 0.18264427710219064 0.049479166666666671 0.30233406272793589 0.23261850055314445 0.52628531952766189 0.033854166666666671 0.033854166666666671 0.41236253695532932 0.27141557038743097 0.1117864860989408 0.099015322869268382 1
decision_type=2 2 2 2 2 2 2 2 2 2 1 2 2 2 2 2 2 2 2 2 2 2 2 2 2 2 2 2 2 1
left_child=1 -1 3 4 5 27 7 8 -6 -5 11 -8 -13 14 16 22 -12 19 -19 -18 -17 -20 23 24 25 26 -15 28 29 -2
right_child=2 -3 -4 9 6 -7 10 -9 -10 -11 13 12 -14 15 -16 20 17 18 21 -21 -22 -23 -24 -25 -26 -27 -28 -29 -30 -31
leaf_value=0 -9.3424202108116337e-06 0 0.00026122489111499403 -0.00016701258431165903 -2.6486442500782563e-06 -4.8109866732114549e-05 -6.3007025375976563e-05 -1.4039845442391702e-05 -9.7749840046705254e-05 -2.0531586134646085e-05 2.1913209399978234e-06 4.6636554115860454e-05 -4.7127199963981142e-05 -0.0001027690423949896 -0.0001904520493332153 -5.1616741069736059e-06 5.82113326879727e-05 -0.00045859224671099502 -0.00020753923069249947 -0.00012121678915770277 0.00019888907194049203 6.1289314220227476e-05 -7.9241924488517813e-05 1.0175013311569088e-05 5.8346085980285527e-06 -0.0003365860827903702 3.0174292797482653e-07 0.00014711707380310831 -2.8493817647717338e-05 1.4813378657928526e-05
leaf_weight=576 131 27 225 20 240 52 25 22 29 25 521 842 33 37 25 103 139 34 27 38 363 21 30 450 104 30 103 30 21 118
leaf_count=576 131 27 225 20 240 52 25 22 29 25 521 842 33 37 25 103 139 34 27 38 363 21 30 450 104 30 103 30 21 118
internal_value=-0.00344449 -0.0260049 0.000100052 -1.41156e-05 3.19508e-05 -0.00126136 0.000173508 -0.00143298 -0.00101487 -0.00366658 0.000333333 0.000923076 0.00108 6.63391e-05 -0.000540372 0.000467213 -0.000307692 -0.0016332 -0.00431702 -0.000389828 0.00164807 -0.000749984 -0.000262599 -0.000107735 -0.00127007 -0.00247057 -0.0012857 -0.000599998 -0.000999996 -0.000614455
internal_weight=4441 603 3838 3613 3568 352 3216 291 269 45 2925 900 875 2025 805 1220 780 259 82 177 466 48 754 724 274 170 140 300 270 249
internal_count=4441 603 3838 3613 3568 352 3216 291 269 45 2925 900 875 2025 805 1220 780 259 82 177 466 48 754 724 274 170 140 300 270 249
cat_boundaries=0 1 2
cat_threshold=74 529
is_linear=0
shrinkage=0.03


Tree=302
num_leaves=31
num_cat=1
split_feature=0 10 9 17 4 0 1 12 17 0 0 17 10 0 6 13 10 3 17 0 0 8 0 0 0 19 8 3 13 17
split_gain=395.3 12.7087 0.824723 1.50315 0.967665 0.826109 2.10961 0.689396 0.660554 0.45941 1.45185 0.439503 0.438067 0.484318 0.403775 0.56467 0.379571 0.50191 0.583745 0.889779 0.444617 0.533868 1.0627 0.426199 0.596147 0.537414 1.1696 0.492949 0.895988 0.93198
threshold=1.0000000180025095e-35 0.25000000000000011 0.17396061269146609 0.34409837460641657 0.013020833333333334 0.41342993139342915 0.049479166666666671 0.87837969732492682 0.39378208946756316 0.30761688447424484 0.28110326190941948 0.30469747255552726 0.68301270189221941 0.34573198218960854 0.079872892084873665 1.0000000180025095e-35 -0.24999999999999994 0.049479166666666671 0.3752021104586844 0.60199702478080097 0.52628531952766189 0.073789822300234162 0.32319281828654317 0.35950272462447269 0.34072235714602689 0 0.1102151217543471 0.028645833333333336 -0.56174490092936669 0.33490766743255901
decision_type=2 2 2 2 2 2 2 2 2 2 2 2 2 2 2 2 2 2 2 2 2 2 2 2 2 1 2 2 2 2
left_child=1 -1 3 7 5 9 -7 -2 16 10 14 -9 -11 -14 15 -4 20 23 -19 -20 21 22 -6 24 -18 26 -25 -27 29 -29
right_child=2 -3 4 -5 8 6 -8 11 -10 12 -12 -13 13 -15 -16 -17 17 18 19 -21 -22 -23 -24 25 -26 27 -28 28 -30 -31
leaf_value=0 -3.1636728404462489e-07 0 1.4663138615983129e-05 -5.7488430318227641e-05 0.00013504290428484458 -6.2378942749142578e-05 0.00020654156369214881 -7.2602988340575539e-05 0.00027665608618255075 0.00046727235621363055 -9.1331482176384727e-05 -1.4662009456545769e-05 0.00039072527877774028 -0.00012533179400531664 5.0631076571103689e-05 -6.1932679259630208e-05 -1.1274975852470978e-06 1.5809908438774584e-05 -0.00021046834761355307 8.2548376018136017e-05 -1.218570782208834e-05 6.3016602659718009e-05 -5.5727863218996145e-05 -0.00023472448702156848 0.00020825934518921697 -5.0785418468843645e-05 0.00013755294496970691 -7.3135422653735886e-05 6.0903193345874724e-06 -0.00033895159794541046
leaf_weight=576 250 27 34 27 57 30 25 20 215 62 36 21 29 39 62 20 253 1167 30 24 96 637 21 20 66 175 126 59 209 28
leaf_count=576 250 27 34 27 57 30 25 20 215 62 36 21 29 39 62 20 253 1167 30 24 96 637 21 20 66 175 126 59 209 28
internal_value=-0.00342423 -0.0260049 0.000123502 -0.00133962 0.000255682 -0.00127299 -0.00463628 -0.000711338 0.000417531 -0.000617019 -0.00173683 -0.00431697 0.000692302 -0.000970574 -0.000103447 -0.00199996 0.000301213 9.3185e-05 0.000493857 -0.00255551 0.0008545 0.00111189 -0.00123075 -0.000429487 0.000460814 -0.000889788 0.000692303 -0.0013659 -0.000648646 -0.00320686
internal_weight=4441 603 3838 318 3520 337 55 291 3183 282 152 41 130 68 116 54 2968 2157 1221 54 811 715 78 936 319 617 146 471 296 87
internal_count=4441 603 3838 318 3520 337 55 291 3183 282 152 41 130 68 116 54 2968 2157 1221 54 811 715 78 936 319 617 146 471 296 87
cat_boundaries=0 1
cat_threshold=577
is_linear=0
shrinkage=0.03


Tree=303
num_leaves=31
num_cat=3
split_feature=0 10 17 19 9 4 7 3 17 8 16 5 1 1 9 17 17 4 6 6 9 6 13 8 19 19 12 8 6 7
split_gain=396.483 12.7087 0.804697 0.65046 0.893459 0.650522 0.607849 0.718424 1.34159 0.601088 0.528764 1.30169 0.502887 0.485508 0.464117 0.552041 0.903794 0.485319 0.640402 0.526338 0.529855 0.760886 0.808536 0.515589 0.476685 0.470069 0.662617 0.514173 0.680583 0.670627
threshold=1.0000000180025095e-35 0.25000000000000011 0.35286358607778068 0 0.52224653537563837 0.065104166666666671 0.12456006935358581 0.049479166666666671 0.34971491787932951 0.27719287970000966 14.500000000000002 0.28904665314401629 0.10156250000000001 0.059895833333333336 0.13785557986870897 0.28818823929878318 0.31099480895242965 0.13281250000000003 0.73963133640553014 0.54239631336405547 0.5977388767323123 0.50921658986175122 1.0000000180025095e-35 0.095476969969421524 1 2 -1.0000000180025095e-35 0.10359946987571743 0.3175115207373273 0.075870623877683993
decision_type=2 2 2 1 2 2 2 2 2 2 2 2 2 2 2 2 2 2 2 2 2 2 2 2 1 1 2 2 2 2
left_child=1 -1 6 4 -4 -6 7 8 9 -2 11 -8 13 -12 15 -9 -17 18 19 20 23 25 -23 -16 -25 26 -22 -28 -29 -30
right_child=2 -3 3 -5 5 -7 10 14 -10 -11 12 -13 -14 -15 17 16 -18 -19 -20 -21 21 22 -24 24 -26 -27 27 28 29 -31
leaf_value=0 -1.3637580924259638e-06 0 -0.00021147292490593332 0.0001202406580318701 0.00039283426586030204 -9.6371748400770517e-05 3.7630133704368657e-08 2.2203479961951108e-06 -0.00026465335082626084 -0.00013717151387156556 3.4114116501999236e-05 -0.00035463168228593765 8.8919014018497457e-05 -0.00020025505231610884 -0.00011447150877049338 -7.0759556848868873e-05 0.00023892729763338094 0.0002723512582910539 -5.3513876098015018e-05 0.00011299096936951988 0.00016984046533480347 -0.00019734432351359814 3.5769155906243709e-06 1.1258238427314651e-05 7.5370583068849691e-05 6.7518830475411977e-05 9.5949248064699071e-05 -0.00013820366471046093 0.00026554183929425464 -0.00021994495572622024
leaf_weight=576 1590 27 34 466 62 31 35 33 27 22 23 24 37 20 31 21 22 139 31 189 62 21 20 258 268 220 33 62 33 24
leaf_count=576 1590 27 34 466 62 31 35 33 27 22 23 24 37 20 31 21 22 139 31 189 62 21 20 258 268 220 33 62 33 24
internal_value=-0.00339045 -0.0260049 0.000162585 0.00117875 -0.000722622 0.000741928 -2.31124e-05 6.37477e-05 -0.000367907 -0.000256824 -0.00196401 -0.00411857 -0.000374995 -0.00258134 0.000546012 -0.00173682 -0.00397665 0.00067074 0.000484025 0.000592137 0.000325581 -0.000410525 -0.00431697 0.00095332 0.0011749 -4.14744e-05 -0.00101785 -0.00213156 -0.00305039 -0.000684198
internal_weight=4441 603 3838 593 127 93 3245 3106 1639 1612 139 59 80 43 1467 76 43 1391 1252 1221 1032 475 41 557 526 434 214 152 119 57
internal_count=4441 603 3838 593 127 93 3245 3106 1639 1612 139 59 80 43 1467 76 43 1391 1252 1221 1032 475 41 557 526 434 214 152 119 57
cat_boundaries=0 1 2 3
cat_threshold=21 705 389
is_linear=0
shrinkage=0.03


Tree=304
num_leaves=31
num_cat=0
split_feature=0 10 17 7 18 2 17 16 9 2 7 0 16 9 0 0 6 11 6 10 18 0 1 7 3 5 2 16 6 17
split_gain=393.882 12.7087 0.915531 0.666273 0.58773 0.54824 0.671059 0.588592 1.02985 1.09517 0.820571 1.04826 0.457615 0.442321 0.986747 0.572213 0.473296 0.44401 0.643579 0.626222 0.738028 0.684517 0.569303 0.565993 0.589917 0.701786 0.952611 0.98172 0.519246 0.41136
threshold=1.0000000180025095e-35 0.25000000000000011 0.39378208946756316 0.16947311116436589 0.4485294117647059 0.049479166666666671 0.38275891413496732 4.5000000000000009 0.58242159008023353 0.023437500000000003 0.059963812581092742 0.42369932437088859 25.500000000000004 0.21188913202042306 0.5513258104366211 0.58315943199673659 0.73963133640553014 -0.5 0.179961862386779 0.25000000000000011 0.4661764705882353 0.50396260866742038 0.085937500000000014 0.074812514672966332 0.080729166666666671 0.17917511832319136 0.096354166666666671 15.500000000000002 0.40322580645161299 0.32306906777164635
decision_type=2 2 2 2 2 2 2 2 2 2 2 2 2 2 2 2 2 2 2 2 2 2 2 2 2 2 2 2 2 2
left_child=1 -1 3 5 -5 7 13 8 10 -10 -2 -12 -4 14 -7 17 -17 19 -19 22 -21 -22 -15 -20 25 -25 27 -27 -26 -9
right_child=2 -3 12 4 -6 6 -8 29 9 -11 11 -13 -14 15 -16 16 -18 18 23 20 21 -23 -24 24 28 26 -28 -29 -30 -31
leaf_value=0 5.9442635969073337e-06 0 -6.608209077229663e-05 -0.00015346238553056173 -1.4446703707406234e-06 1.6621080487341295e-09 -9.9463454729324731e-05 8.2106460422425811e-07 -3.0096670184509935e-06 -0.00011528875079236282 0.00039423072391560733 -0.00021816160617877287 0.00041242405890424318 5.5688484309627341e-05 -0.00012392750951020328 0.00025576033987423006 -1.2971129020983484e-05 -1.9045126937524868e-05 0.00011231909463704068 -0.00015431272301615778 0.00031036188310160822 -0.00018975605735666222 -0.00013599906267206733 7.8058052651166064e-05 -2.5173035350700531e-05 -2.6802106389558047e-05 0.00028873790876530569 -0.00027520361192008141 0.00010592332534701801 -7.5166340013866055e-06
leaf_weight=576 92 27 36 20 25 182 36 1098 24 29 23 20 189 249 21 215 24 34 429 104 65 34 59 57 20 40 28 31 117 537
leaf_count=576 92 27 36 20 25 182 36 1098 24 29 23 20 189 249 21 215 24 34 429 104 65 34 59 57 20 40 28 31 117 537
internal_value=-0.00346476 -0.0260049 7.66025e-05 -3.90256e-05 -0.00366658 6.72657e-06 0.000386819 -0.000357103 -0.0019468 -0.00549046 -0.000555551 -0.00397665 0.00193332 0.000472206 -0.00084236 0.000649402 0.00199581 0.000395422 0.000857142 -0.000287671 -0.00158127 0.000272725 0.000564933 0.00104709 3.07167e-05 -0.00123076 -0.00275755 -0.00460557 0.00146714 -0.000174312
internal_weight=4441 603 3838 3613 45 3568 1745 1823 188 53 135 43 225 1709 203 1506 239 1267 756 511 203 99 308 722 293 156 99 71 137 1635
internal_count=4441 603 3838 3613 45 3568 1745 1823 188 53 135 43 225 1709 203 1506 239 1267 756 511 203 99 308 722 293 156 99 71 137 1635
is_linear=0
shrinkage=0.03


Tree=305
num_leaves=31
num_cat=1
split_feature=0 16 13 9 16 17 18 8 13 17 6 8 16 8 19 17 7 0 7 9 7 9 11 17 17 18 13 7 18 16
split_gain=381.697 3.58942 1.97116 1.54844 0.706692 0.930892 0.636874 1.12223 1.37847 1.3264 0.809977 0.729072 0.605497 3.10133 0.667866 1.44115 1.13591 2.28253 0.712262 0.978314 0.680848 0.593076 0.535835 0.71336 1.33624 0.786415 0.65808 0.593012 0.693821 0.526054
threshold=1.0000000180025095e-35 29.500000000000004 -0.22252093395631442 0.39897884755652818 28.500000000000004 0.40894391966641147 0.45735294117647063 0.20477481889322038 -0.56174490092936669 0.21947068334609829 0.50000000000000022 0.29024861203486146 25.500000000000004 0.1168743981058822 0 0.35437189498179184 0.036626487964880154 0.36643735909897551 0.068961761325797011 0.26659372720641877 0.022973966340897985 0.69876002917578428 -0.9330127018922193 0.30903752872095996 0.32049069925083423 0.49558823529411766 1.0000000180025095e-35 0.10150446750004584 0.49558823529411766 3.5000000000000004
decision_type=2 2 2 2 2 2 2 2 2 2 2 2 2 2 1 2 2 2 2 2 2 2 2 2 2 2 2 2 2 2
left_child=1 -1 -3 -4 6 22 -2 10 9 -9 12 -11 14 -14 15 16 17 -8 21 -20 -16 -18 23 -6 26 -26 -25 -24 -29 -10
right_child=4 2 3 -5 5 -7 7 8 29 11 -12 -13 13 -15 20 -17 18 -19 19 -21 -22 -23 27 24 25 -27 -28 28 -30 -31
leaf_value=0 2.3022996265923736e-05 0 0 0 8.0156035404852572e-06 0.00042700577791949851 0.00046024227623799187 2.8894457335761771e-05 -0.0001820755496787922 -6.2356430321098156e-05 0.0001858525740971851 -0.00035220531980446125 -0.0002078014476915071 2.5648819550654394e-05 -1.9181289293107287e-05 -3.9935652671948296e-05 0.0001652067952850472 -0.00016544067115633788 -0.00012949513268885091 3.6212864578801865e-06 1.5758577350147978e-06 -2.8566498613124236e-05 1.8112248940638799e-05 -0.0002100049379064001 3.0322473584456226e-05 -0.00013221476361533841 -0.00025948815273600423 -8.5730448430948293e-05 0.00062649131152575795 -1.7534094784815519e-07
leaf_weight=484 299 33 28 47 224 121 23 26 27 20 124 28 24 49 69 27 127 25 37 72 655 25 1317 32 71 22 20 149 55 132
leaf_count=484 299 33 28 47 224 121 23 26 27 20 124 28 24 49 69 27 127 25 37 72 655 25 1317 32 71 22 20 149 55 132
internal_value=-0.00342759 -0.0258344 -0.0208887 -0.0181998 6.3158e-05 0.00044903 -0.000370598 -0.000624161 -0.00253647 -0.00591884 -0.000269689 -0.00887481 -0.000521623 -0.00316434 -0.000339622 -0.00142196 -0.000883492 -0.00512489 -0.000103448 -0.00195411 0.000179836 0.00122368 0.000285714 -0.000739835 -0.00237929 -0.000225804 -0.00623065 0.000534517 -0.000970583 -0.000962258
internal_weight=4392 592 108 75 3800 2011 1789 1490 233 74 1257 48 1133 73 1060 336 309 48 261 109 724 152 1890 369 145 93 52 1521 204 159
internal_count=4392 592 108 75 3800 2011 1789 1490 233 74 1257 48 1133 73 1060 336 309 48 261 109 724 152 1890 369 145 93 52 1521 204 159
cat_boundaries=0 1
cat_threshold=170
is_linear=0
shrinkage=0.03


Tree=306
num_leaves=31
num_cat=0
split_feature=0 16 12 9 16 1 1 7 9 3 0 8 17 1 2 16 9 9 9 3 1 18 6 17 7 6 11 0 6 1
split_gain=383.795 3.58942 1.97116 2.04104 0.589632 0.775532 0.647849 0.545769 0.886023 0.813653 0.786331 0.532752 1.56085 0.784278 0.581373 0.53196 0.580009 0.511897 0.432509 0.550445 0.889752 0.861754 0.426944 0.608885 0.962316 0.718053 0.424933 0.66256 0.896718 0.429116
threshold=1.0000000180025095e-35 29.500000000000004 -1.0000000180025095e-35 0.39897884755652818 20.500000000000004 0.15364583333333334 0.0078125000000000017 0.10459879533739259 0.76549963530269882 0.070312500000000014 0.53546325041373666 0.27719287970000966 0.28756173355752562 0.11718750000000001 0.0078125000000000017 10.500000000000002 0.27425237053245816 0.53610503282275734 0.64697301239970828 0.12239583333333334 0.091145833333333343 0.48088235294117648 0.59032258064516141 0.35826738149944698 0.080306247054540647 0.46682027649769592 -0.9330127018922193 0.48742419676937737 0.26958525345622125 0.044270833333333336
decision_type=2 2 2 2 2 2 2 2 2 2 2 2 2 2 2 2 2 2 2 2 2 2 2 2 2 2 2 2 2 2
left_child=1 -1 -3 -4 6 7 -2 10 18 -10 26 14 13 15 -8 16 -13 -5 19 20 21 -9 23 -16 -25 -26 27 28 29 -6
right_child=4 2 3 17 5 -7 11 8 9 -11 -12 12 -14 -15 22 -17 -18 -19 -20 -21 -22 -23 -24 24 25 -27 -28 -29 -30 -31
leaf_value=0 -5.7432122300601817e-05 0 0 0 -6.4734056105585991e-05 0.00055889768633883672 -4.8313676222049923e-05 -3.9039537203029941e-05 3.4370344689264826e-07 -0.00030191760974416555 0.00015314012718231016 7.3554839684856864e-05 -0.00022708686747010396 -4.0289749631873381e-05 4.6818261326569259e-07 4.2391878059938033e-05 -0.00027484817857623833 0 6.4539735197817854e-05 -0.00017558000401235061 0.00023866039708367068 -8.3491036363494725e-05 0.00022043303107325746 -5.3871156789403848e-05 9.2608848351843396e-06 -3.4690966669362885e-05 4.4914218306045084e-06 -0.0002559855332608262 0.00021436110075271982 3.2326168949491977e-06
leaf_weight=484 21 33 31 20 150 142 29 49 25 27 233 44 22 24 1058 54 38 24 48 27 63 24 92 26 27 20 1396 30 84 47
leaf_count=484 21 33 31 20 150 142 29 49 25 27 233 44 22 24 1058 54 38 24 48 27 63 24 92 26 27 20 1396 30 84 47
internal_value=-0.00336612 -0.0258344 -0.0208887 -0.0181998 0.000134211 0.000428571 -0.000340206 0.000290059 -0.000992392 -0.00449991 0.000463917 -0.000263598 -0.00178021 -0.000749995 -4.31308e-05 0.000132352 -0.00139023 -0.0140451 -0.000127961 -0.000865025 -8.82345e-05 -0.00234243 5.64187e-05 -0.000103448 -0.00275339 -0.000191485 0.000240773 -0.000762055 -0.000309607 -0.00141624
internal_weight=4392 592 108 75 3800 2345 1455 2203 263 52 1940 1434 182 160 1252 136 82 44 211 163 136 73 1223 1131 73 47 1707 311 281 197
internal_count=4392 592 108 75 3800 2345 1455 2203 263 52 1940 1434 182 160 1252 136 82 44 211 163 136 73 1223 1131 73 47 1707 311 281 197
is_linear=0
shrinkage=0.03


Tree=307
num_leaves=31
num_cat=0
split_feature=0 10 9 0 7 16 16 6 16 5 5 8 10 16 8 3 4 0 7 2 4 3 13 4 6 2 16 13 18 4
split_gain=385.43 15.2414 0.517914 1.03585 0.514891 0.520015 0.506352 1.23251 1.51711 0.490649 0.950911 0.700352 0.624317 0.60077 1.09452 0.95259 0.910378 0.613613 0.470489 0.458965 0.620172 0.395658 0.482364 0.793957 0.421143 0.367842 0.343671 0.342582 0.340826 0.337037
threshold=1.0000000180025095e-35 0.25000000000000011 0.20459518599562362 0.52080508158020811 0.087670594114355446 27.500000000000004 9.5000000000000018 0.2483870967741936 16.500000000000004 0.25456389452332662 0.2505070993914808 0.20477481889322038 -0.24999999999999994 26.500000000000004 0.24281010727125305 0.12239583333333334 0.059895833333333336 0.61229581972090841 0.10298321911602835 0.033854166666666671 0.028645833333333336 0.070312500000000014 -0.56174490092936669 0.070312500000000014 0.22588590497378044 0.11718750000000001 1.5000000000000002 -0.22252093395631442 0.43382352941176472 0.13281250000000003
decision_type=2 2 2 2 2 2 2 2 2 2 2 2 2 2 2 2 2 2 2 2 2 2 2 2 2 2 2 2 2 2
left_child=1 -1 3 4 5 6 21 19 -9 10 12 -11 26 16 15 25 -13 27 -5 20 -8 22 -2 24 -24 -15 -4 -18 -16 -14
right_child=2 -3 9 18 -6 -7 7 8 -10 11 -12 13 29 14 28 -17 17 -19 -20 -21 -22 -23 23 -25 -26 -27 -28 -29 -30 -31
leaf_value=0 3.1742550886920975e-05 0 -8.0642342758139543e-05 -8.5511971523124429e-05 4.1650820458016592e-06 0.0002155013643367889 7.0448074042947623e-05 -0.00018225190581241845 -2.3846515025652529e-05 0.00022244409853937338 -6.6993721413344671e-05 -7.9134580075727651e-05 -2.871867401357972e-06 -6.1822956729352431e-05 -5.7832510427594483e-06 -0.00014307365276615072 -1.177994826581979e-05 -0.00015446332983617354 -0.00016715495442005016 0.00023032786129301134 -6.660430008889491e-05 0.00012815765686765391 -2.5181279002349176e-05 -6.7101670639183774e-05 0.00013931618526101603 0.00042042964696967949 3.0367798251700274e-05 7.363316957039034e-05 0.00036552291185219853 0.00037106194603135905
leaf_weight=562 23 30 20 23 38 44 22 22 36 302 29 20 1812 31 20 29 27 24 21 29 21 32 28 26 25 26 788 37 168 77
leaf_count=562 23 30 20 23 38 44 22 22 36 302 29 20 1812 31 20 29 27 24 21 29 21 32 28 26 25 26 788 37 168 77
internal_value=-0.00331831 -0.0258344 0.000189474 -0.000846152 -0.000294797 -0.000701296 -0.00120454 -0.00253844 -0.005793 0.000307918 0.00012766 0.00102631 0.000185762 0.000172775 0.000919705 -0.0018837 -0.00172221 -0.000409086 -0.0051817 8.33323e-05 -0.00188368 8.95517e-05 -0.000823521 -0.00193668 0.000169808 0.000368415 0.000883662 0.00112498 0.00220212 -0.000112758
internal_weight=4392 592 3800 390 346 308 264 130 58 3410 2726 684 2697 382 274 86 108 88 44 72 43 134 102 79 53 57 808 64 188 1889
internal_count=4392 592 3800 390 346 308 264 130 58 3410 2726 684 2697 382 274 86 108 88 44 72 43 134 102 79 53 57 808 64 188 1889
is_linear=0
shrinkage=0.03


Tree=308
num_leaves=31
num_cat=1
split_feature=0 10 9 17 17 17 19 8 8 7 6 6 17 10 2 1 6 17 7 8 17 3 0 17 12 17 10 16 6 7
split_gain=384.729 15.2414 0.550877 1.07441 0.52744 0.744856 0.466624 0.60788 1.31973 1.12925 1.02015 0.842083 0.673028 0.659329 0.533838 0.496908 0.733677 0.490828 0.694678 0.873281 0.857007 0.594358 0.845432 0.415504 0.538902 0.371643 0.36051 2.00929 0.341081 0.853674
threshold=1.0000000180025095e-35 0.25000000000000011 0.13785557986870897 0.34409837460641657 0.31244149434090723 0.27985797898996784 0 0.20477481889322038 0.22614163575611029 0.11872966494569266 0.32488479262672815 0.66175115207373281 0.36418177176410527 0.25000000000000011 0.033854166666666671 0.0078125000000000017 0.10865814623958596 0.34515477772984848 0.095648249209454236 0.41775497033152903 0.2758488639264744 0.085937500000000014 0.58757867942685726 0.29916602842311302 -1.0000000180025095e-35 0.31203213813057734 0.93301270189221952 18.500000000000004 0.24182424916573975 0.049629439556436873
decision_type=2 2 2 2 2 2 1 2 2 2 2 2 2 2 2 2 2 2 2 2 2 2 2 2 2 2 2 2 2 2
left_child=1 -1 3 4 5 -2 14 10 9 -9 12 -10 15 -14 28 16 -8 18 19 -16 -20 25 -23 24 -7 -22 -17 -28 -4 -30
right_child=2 -3 6 -5 -6 23 7 8 11 -11 -12 -13 13 -15 17 26 -18 -19 20 -21 21 22 -24 -25 -26 -27 27 -29 29 -31
leaf_value=0 6.1050137061061133e-06 0 1.3308691027304424e-06 -0.00010363287169897712 7.5923263551276978e-05 -2.67631324948387e-05 -1.9519883803862956e-06 -0.00021754131751180604 6.5952900793863117e-06 -1.8570367996182379e-05 6.5960364571490115e-05 -0.00026461494803593609 -2.0810737192193031e-06 -0.00035834100761680636 5.2587814726666201e-05 1.7396761671006833e-06 -9.2538399866581403e-05 0.00022546227464253414 5.9327640194641653e-05 -9.1867001524339038e-05 -6.3820833978416635e-05 -0.00028974881245549057 -2.4462721559469317e-05 -2.1476417546460185e-06 -6.3726699504648235e-05 0.00047972722737615485 -0.00018935942554319918 7.2772742864422456e-05 -0.00024948660820888 -2.1634943626767198e-06
leaf_weight=562 52 30 342 23 55 29 36 36 192 26 380 36 26 23 776 906 20 347 64 23 21 29 39 33 24 20 38 89 25 90
leaf_count=562 52 30 342 23 55 29 36 36 192 26 380 36 26 23 776 906 20 347 64 23 21 29 39 33 24 20 38 89 25 90
internal_value=-0.0033388 -0.0258344 0.00016579 -0.00130555 -0.000575126 -0.00156521 0.000254464 -8.58084e-05 -0.00134482 -0.00522572 0.00015415 -0.000289472 -0.000295254 -0.00373462 0.000597984 -0.000140496 -0.00289281 0.000907505 0.000561728 0.000934918 -0.00116184 -0.00277979 -0.00449993 -0.00327903 -0.00492444 7.31691e-05 8.71259e-06 -0.00148818 -0.000282275 -0.00169564
internal_weight=4392 592 3800 216 193 138 3584 1808 290 62 1518 228 1138 49 1776 1089 56 1319 972 799 173 109 68 86 53 41 1033 127 457 115
internal_count=4392 592 3800 216 193 138 3584 1808 290 62 1518 228 1138 49 1776 1089 56 1319 972 799 173 109 68 86 53 41 1033 127 457 115
cat_boundaries=0 1
cat_threshold=358
is_linear=0
shrinkage=0.03


Tree=309
num_leaves=31
num_cat=0
split_feature=0 10 1 16 4 4 3 7 1 11 3 10 2 8 13 17 1 11 5 16 0 8 2 18 0 7 7 7 13 4
split_gain=383.795 15.2414 0.557566 0.527803 0.442646 0.915615 0.842923 0.656271 0.816943 1.36392 0.944184 0.912877 0.755106 0.54929 0.680274 0.568145 0.543445 0.459206 0.897933 0.746631 0.662876 0.5253 0.519307 0.490006 0.610262 0.556742 1.33954 0.579132 0.661995 0.467453
threshold=1.0000000180025095e-35 0.25000000000000011 0.15364583333333334 20.500000000000004 0.19010416666666669 0.13281250000000003 0.075520833333333343 0.10298321911602835 0.054687500000000007 -0.5 0.10156250000000001 -0.6830127018922193 0.096354166666666671 0.20833669660143139 1.0000000180025095e-35 0.28716704961279899 0.091145833333333343 -0.9330127018922193 0.18762677484787021 28.500000000000004 0.28110326190941948 0.092439340042364718 0.091145833333333343 0.48382352941176471 0.44761952423483969 0.028908273699210747 0.036626487964880154 0.04618662484735897 -0.22252093395631442 0.023437500000000003
decision_type=2 2 2 2 2 2 2 2 2 2 2 2 2 2 2 2 2 2 2 2 2 2 2 2 2 2 2 2 2 2
left_child=1 -1 4 -4 5 7 -6 12 -9 10 16 -11 17 -14 15 -15 -10 18 23 29 21 -21 -22 24 25 -2 -27 -28 -29 -19
right_child=2 -3 3 -5 6 -7 -8 8 9 11 -12 -13 13 14 -16 -17 -18 19 -20 20 22 -23 -24 -25 -26 26 27 28 -30 -31
leaf_value=0 4.7193202207807282e-05 0 -7.4000555813392174e-06 0.00053856254153453469 -8.7866251640816503e-05 0.00010066240797291263 0.00016092205429750112 2.0741168002449101e-05 -0.00049518888021880402 -8.8095103049220608e-05 -0.00028607891853492699 -1.8942820511458771e-06 0.00013141287071512847 -0.00016832596729832579 0.00017898106532576391 0.00015655006657472605 7.430906061735125e-05 -8.7091148302880589e-06 -0.00025913011046455492 -2.4919216813625098e-06 4.2522426581905064e-05 -2.7348081509829109e-05 -0.00016657883492901014 0.00024521736134042134 0.00011966734944965856 -0.00028881082265539505 0.00013060009218993044 -0.00022376130561938204 -6.576929528915372e-09 -7.058064042477903e-07
leaf_weight=562 42 30 32 142 20 181 26 98 23 22 28 185 223 22 54 22 23 273 25 138 979 21 23 75 24 24 29 28 41 977
leaf_count=562 42 30 32 142 20 181 26 98 23 22 28 185 223 22 54 22 23 273 25 138 979 21 23 75 24 24 29 28 41 977
internal_value=-0.00336612 -0.0258344 0.000134211 0.00179309 5.46057e-05 9.21789e-05 -0.0028695 -1.85347e-05 -0.00119525 -0.00201779 -0.00551344 -0.000768112 0.000129139 0.00150467 -0.000367343 -0.00313629 -0.0028695 -3.44571e-05 -0.00116666 0.000100788 0.000648578 -0.00115094 0.000934131 -0.000650188 -0.00146808 -0.00212194 -0.00314752 -0.00159182 -0.00308691 -0.000408
internal_weight=4392 592 3800 174 3626 3580 46 3399 379 281 74 207 3020 321 98 44 46 2699 288 2411 1161 159 1002 263 188 164 122 98 69 1250
internal_count=4392 592 3800 174 3626 3580 46 3399 379 281 74 207 3020 321 98 44 46 2699 288 2411 1161 159 1002 263 188 164 122 98 69 1250
is_linear=0
shrinkage=0.03


Tree=310
num_leaves=31
num_cat=0
split_feature=20 10 5 13 6 6 6 9 20 10 5 20 4 20 1 6 12 5 8 18 8 20 18 3 3 6 1 8 4 6
split_gain=399.865 17.0048 1.24572 0.646957 0.792582 0.570707 0.714535 0.828877 0.557331 0.552337 0.920871 0.468514 1.0528 0.877408 1.22269 0.808664 0.7986 0.64628 0.968553 0.791773 0.779479 0.699532 0.551175 0.570123 0.650289 1.64347 1.09612 1.35717 0.859627 0.589229
threshold=1.0000000180025095e-35 0.25000000000000011 0.20385395537525358 -0.56174490092936669 0.35529953917050699 0.45576036866359454 0.51658986175115229 0.5977388767323123 0.55485698752022106 1.0000000180025095e-35 0.33164300202839764 0.41236253695532932 0.0078125000000000017 0.42141001303737941 0.054687500000000007 0.18530465949820793 -1.0000000180025095e-35 0.093982420554428681 0.096195950467966793 0.47500000000000003 0.096195950467966793 0.34072235714602689 0.45147058823529412 0.018229166666666668 0.044270833333333336 0.39493087557603695 0.044270833333333336 0.11830434959454363 0.033854166666666671 0.26853646909264267
decision_type=2 2 2 2 2 2 2 2 2 2 2 2 2 2 2 2 2 2 2 2 2 2 2 2 2 2 2 2 2 2
left_child=1 -1 11 4 -4 -5 7 -7 -9 10 -6 15 -13 14 16 17 -14 20 19 -19 21 -2 -15 -24 25 26 -25 29 -29 -28
right_child=2 -3 3 5 9 6 -8 8 -10 -11 -12 12 13 22 -16 -17 -18 18 -20 -21 -22 -23 23 24 -26 -27 27 28 -30 -31
leaf_value=0 -5.4137639321591043e-07 0 -0.00017373498894888992 0.00021480125309008606 -2.6238816063324833e-06 1.4634128669968964e-05 6.68591669773672e-05 -4.6283981242621469e-05 -0.00032895324292842108 9.3586696401141053e-05 -0.00029019811718014723 -0.00011496892398737868 -9.552000393682517e-05 0.00010698407731836767 1.9902125847767083e-05 1.9722700994267826e-05 -7.7949891260891297e-05 -0.00012963874760296292 0.00015123878855586974 -7.492889271350639e-06 -1.1458093778846357e-05 9.5741561246189e-05 0.0002398583650851119 0.00015002511043073953 -2.4853916743795652e-06 -0.00013136142160862264 -0.00021495917052227577 -0.00014889120748178277 3.822839162803841e-05 -0.00012957065037047218
leaf_weight=595 519 32 20 216 59 56 396 26 32 198 20 20 41 113 39 533 46 29 46 52 103 110 55 98 714 21 57 30 117 40
leaf_count=595 519 32 20 216 59 56 396 26 32 198 20 20 41 113 39 533 46 29 46 52 103 110 55 98 714 21 57 30 117 40
internal_value=-0.00360501 -0.0258038 5.20232e-05 0.000947213 -0.000232322 0.00142975 0.000882351 -0.00121052 -0.00372407 0.000184115 -0.00193668 -0.000277039 -0.000666426 -0.000566739 -0.00295236 0.000112069 -0.00493098 -0.000457508 -0.00243305 -0.00440735 -0.000114754 0.000281399 -0.000325301 -0.000524734 -0.000676879 -0.00171074 -0.00121052 -0.00228688 -0.000469384 -0.00504118
internal_weight=4433 627 3806 1023 297 726 510 114 58 277 79 2783 1391 1371 126 1392 87 859 127 81 732 629 1245 1132 1077 363 342 244 147 97
internal_count=4433 627 3806 1023 297 726 510 114 58 277 79 2783 1391 1371 126 1392 87 859 127 81 732 629 1245 1132 1077 363 342 244 147 97
is_linear=0
shrinkage=0.03


Tree=311
num_leaves=31
num_cat=0
split_feature=20 10 5 9 13 6 7 17 6 6 17 5 16 9 10 7 7 11 16 18 5 20 4 13 6 5 8 8 17 16
split_gain=400.108 17.0048 1.06743 0.608857 0.510396 0.848122 0.563359 0.631042 0.559444 0.817721 0.642549 1.0816 0.451933 0.766834 0.3712 0.355666 0.525806 0.822937 0.343492 0.330294 0.524413 0.356784 1.07182 0.923383 0.710867 0.660404 0.921196 0.879208 0.809976 0.783646
threshold=1.0000000180025095e-35 0.25000000000000011 0.20385395537525358 0.19730123997082422 -0.56174490092936669 0.36082949308755768 0.10370144050200945 0.19874904263466944 0.45576036866359454 0.50921658986175122 0.32988681814313686 0.33164300202839764 1.5000000000000002 0.52552881108679805 0.68301270189221941 0.19614921917087011 0.083098882524043419 1.0000000180025095e-35 8.5000000000000018 0.44558823529411767 0.10425963488843815 0.41236253695532932 0.013020833333333334 0.81174490092936691 0.18530465949820793 0.093982420554428681 0.096195950467966793 0.096195950467966793 0.2858054633648201 14.500000000000002
decision_type=2 2 2 2 2 2 2 2 2 2 2 2 2 2 2 2 2 2 2 2 2 2 2 2 2 2 2 2 2 2
left_child=1 -1 12 -4 5 -5 7 -6 -8 -10 11 14 13 -2 -11 16 17 -7 -18 20 -14 24 23 -23 25 27 29 -21 -29 -27
right_child=2 -3 3 4 6 15 8 -9 9 10 -12 -13 19 -15 -16 -17 18 -19 -20 21 -22 22 -24 -25 -26 26 -28 28 -30 -31
leaf_value=0 -8.6133575128447562e-05 0 -1.3374366600795354e-05 -0.00016852293928042281 -5.8283744362737509e-05 -0.0001116122477698671 0.0002047491781698874 0.00024635617056533885 -0.000405236972100732 -0.00012028284633612141 0.00033309265342577063 -0.00021339222021326144 -4.9618610274885834e-05 1.0640027164276337e-06 3.1593729413889498e-05 -0.00015483071725997888 -9.4967045492407991e-05 8.7375827727883206e-06 0.00033939521773330457 1.5054220037612689e-06 0.00010377455453562581 -0.00012573965378907356 -5.2469420738557084e-06 -1.5443244298152074e-07 1.9205171230622895e-05 3.9460661894474073e-06 0.0001091657722178167 7.3207763962616152e-07 -5.8256933918930078e-05 -0.00017841452066486366
leaf_weight=595 39 32 35 20 30 29 62 376 37 22 106 25 20 37 44 25 41 48 123 608 93 29 1223 20 494 22 44 50 50 54
leaf_count=595 39 32 35 20 30 29 62 376 37 22 106 25 20 37 44 25 41 48 123 608 93 29 1223 20 494 22 44 50 50 54
internal_value=-0.00359824 -0.0258038 5.99055e-05 0.000888562 0.00102631 -4.19578e-05 0.00146154 0.00218719 0.000466215 -0.000205127 0.000563449 -0.0012857 -0.0002447 -0.00252628 0.000727262 0.000406014 0.000759333 -0.0012857 0.0017195 -0.000180643 0.00140707 -0.000249807 -0.00060849 -0.00495908 9.53102e-05 -0.000442028 -0.00249998 -9.32201e-05 -0.00269997 -0.00449994
internal_weight=4433 627 3806 1023 988 286 702 406 296 234 197 91 2783 76 66 266 241 77 164 2707 113 2594 1272 49 1322 828 120 708 100 76
internal_count=4433 627 3806 1023 988 286 702 406 296 234 197 91 2783 76 66 266 241 77 164 2707 113 2594 1272 49 1322 828 120 708 100 76
is_linear=0
shrinkage=0.03


Tree=312
num_leaves=31
num_cat=1
split_feature=0 10 5 7 16 6 6 18 19 5 3 7 16 8 11 16 0 3 2 16 7 0 9 7 8 0 18 6 7 10
split_gain=401.329 17.0048 1.08808 0.565986 0.918714 1.01642 1.81884 0.564643 0.562332 0.65076 0.517656 0.530653 0.769715 0.823399 0.55087 0.547023 0.656233 1.10329 0.423251 0.44946 0.597842 0.739922 0.558362 1.00823 0.624963 0.536882 0.519303 0.410839 0.407577 0.404362
threshold=1.0000000180025095e-35 0.25000000000000011 0.25456389452332662 0.10150446750004584 27.500000000000004 0.50921658986175122 0.47142857142857153 0.50735294117647067 0 0.24442190669371197 0.11718750000000001 0.030210256171992824 2.5000000000000004 0.12628659435416911 -0.68301270189221952 8.5000000000000018 0.34573198218960854 0.018229166666666668 0.049479166666666671 28.500000000000004 0.086724821097632201 0.40318475364931794 0.60357403355215189 0.046424089779448369 0.12224515550543266 0.48652783205086364 0.48676470588235299 0.5986175115207375 0.020441236365108594 0.93301270189221952
decision_type=2 2 2 2 2 2 2 2 1 2 2 2 2 2 2 2 2 2 2 2 2 2 2 2 2 2 2 2 2 2
left_child=1 -1 8 -4 5 6 -5 -7 9 10 11 14 13 -13 -2 -16 17 -17 19 20 21 26 25 -24 -25 -23 28 -20 -10 -14
right_child=2 -3 3 4 -6 7 -8 -9 18 -11 -12 12 29 -15 15 16 -18 -19 27 -21 -22 22 23 24 -26 -27 -28 -29 -30 -31
leaf_value=0 7.8196433610432914e-05 0 0.00017428291288055269 1.339987445494508e-05 0.00011114389362209261 5.8051859439153439e-06 -0.0005787604743062309 -0.00031441559880097275 0.00016868404815274641 -0.00016311083361242106 0.00034919366665368031 -3.4764613167672786e-05 -1.2845353372121683e-05 -0.00019315527531506776 1.7664970102016028e-06 8.3537144069875997e-07 0.00052245498207464881 -8.7022352593717889e-05 1.3461375366999731e-05 6.4663151073808862e-06 3.9961626774752482e-06 -1.5547275590358174e-05 -0.00025176497606138278 2.7418194682994265e-05 -0.00013293048753440707 -4.2243852440583956e-05 0.00024015197952641554 -8.3956840189521262e-05 -7.4591171014393115e-06 5.7769004692535452e-05
leaf_weight=595 65 32 309 20 225 105 24 20 22 20 36 29 841 23 59 47 21 28 779 558 33 107 20 20 20 20 55 32 173 95
leaf_count=595 65 32 309 20 225 105 24 20 22 20 36 29 841 23 59 47 21 28 779 558 33 107 20 20 20 20 55 32 173 95
internal_value=-0.0035644 -0.0258038 9.9317e-05 0.00116501 0.000411167 -0.00126035 -0.0051817 0.000119999 -0.00014212 -0.000626373 -0.000545016 -0.000650662 -0.000947367 -0.00449991 0.000681815 -0.000290321 -0.00168748 -0.00299996 0.000193077 -0.000210116 -0.000893615 -0.00118764 -0.00261496 -0.00499992 -0.00224994 -0.00148818 -0.000119999 0.000706534 -0.000846149 -0.000749999
internal_weight=4433 627 3806 703 394 169 44 125 3103 1264 1244 1208 988 52 220 155 96 75 1839 1028 470 437 187 60 40 127 250 811 195 936
internal_count=4433 627 3806 703 394 169 44 125 3103 1264 1244 1208 988 52 220 155 96 75 1839 1028 470 437 187 60 40 127 250 811 195 936
cat_boundaries=0 1
cat_threshold=177
is_linear=0
shrinkage=0.03


Tree=313
num_leaves=31
num_cat=1
split_feature=0 10 19 0 5 6 6 16 17 18 16 16 3 11 17 17 4 17 17 16 17 4 2 9 2 10 4 4 8 17
split_gain=401.573 17.0048 0.952576 1.37128 0.797916 0.558823 0.921311 1.53228 0.936573 0.436036 0.704147 1.07117 0.820028 0.511307 0.816049 1.15835 0.769562 0.431104 0.513248 0.81794 1.09732 0.748031 0.404537 0.393837 0.387989 0.417155 0.472658 0.689566 0.607484 2.05598
threshold=1.0000000180025095e-35 0.25000000000000011 0 0.50292584880915914 0.25456389452332662 0.12324805339265853 0.17067149440421334 10.500000000000002 0.32347650530108968 0.46911764705882358 28.500000000000004 26.500000000000004 0.11197916666666667 -0.68301270189221952 0.29376877908917742 0.30469747255552726 0.033854166666666671 0.35826738149944698 0.33037833904084474 3.5000000000000004 0.30352809298695055 0.033854166666666671 0.14843750000000003 0.21188913202042306 0.096354166666666671 0.93301270189221952 0.049479166666666671 0.091145833333333343 0.11649458497201322 0.30239979576206288
decision_type=2 2 1 2 2 2 2 2 2 2 2 2 2 2 2 2 2 2 2 2 2 2 2 2 2 2 2 2 2 2
left_child=1 -1 3 5 9 -2 7 -7 -9 13 11 17 -12 14 -4 -16 -17 18 19 20 21 -11 -15 -6 25 26 28 -28 29 -8
right_child=2 -3 4 -5 23 6 24 8 -10 10 12 -13 -14 22 15 16 -18 -19 -20 -21 -22 -23 -24 -25 -26 -27 27 -29 -30 -31
leaf_value=0 1.1042581298283027e-06 0 2.9285888800996579e-05 -0.00056592344065090224 -2.9127774325666094e-05 6.084018979324074e-06 0.00036481772603989902 -9.7756934874603231e-05 -1.853515337750972e-06 0.00029020490688934456 1.2310191732767818e-05 -0.00024563590275954801 -0.00022754518208961829 1.3515200006059905e-05 -0.00013812198200111283 0.00013724418844983778 -0.00017097039731371811 -1.9546614300389469e-05 4.8348217429821772e-05 -2.3635275239731544e-06 -0.0001379410688466147 -5.5630865525652798e-05 -4.8502720893699211e-05 8.069242447235644e-05 4.4344618103757218e-05 8.6914158439093891e-05 0.00010087808929295829 -0.00014441870092556745 -1.3023240988265991e-05 -0.00034379369540915046
leaf_weight=595 224 32 110 21 38 32 26 31 22 22 856 28 33 509 33 45 43 29 121 456 22 55 20 658 25 48 111 24 127 37
leaf_count=595 224 32 110 21 38 32 26 31 22 22 856 28 33 509 33 45 43 29 121 456 22 55 20 658 25 48 111 24 127 37
internal_value=-0.00355763 -0.0258038 0.000107199 -0.000861787 0.000338083 -0.000649221 -0.0012236 -0.00405878 -0.00718854 7.80857e-05 -0.000199753 -0.00088813 0.000367829 0.000671052 -0.000506491 -0.00220659 -0.000409086 -0.000659573 -0.000505916 -0.00089189 -0.0033636 -0.0016753 0.00118525 0.00123276 -0.000618089 -0.000860587 -0.00124615 0.00011111 -0.00221051 -0.00461897
internal_weight=4433 627 3806 728 3078 707 483 85 53 2382 1622 733 889 760 231 121 88 705 676 555 99 77 529 696 398 373 325 135 190 63
internal_count=4433 627 3806 728 3078 707 483 85 53 2382 1622 733 889 760 231 121 88 705 676 555 99 77 529 696 398 373 325 135 190 63
cat_boundaries=0 1
cat_threshold=17
is_linear=0
shrinkage=0.03


Tree=314
num_leaves=31
num_cat=0
split_feature=0 10 0 7 17 0 6 6 10 6 5 6 6 6 13 9 8 17 8 17 8 7 7 1 8 5 4 0 6 17
split_gain=403.285 17.0048 0.658715 0.601534 0.587704 1.59986 0.95783 1.82469 1.06738 0.520874 0.788158 0.491437 0.717364 0.46255 0.684475 1.0681 0.42537 0.420627 0.981707 0.47736 0.456976 0.430126 0.672504 0.576457 0.590038 0.459578 0.419033 0.355585 0.586687 0.357837
threshold=1.0000000180025095e-35 0.25000000000000011 0.56082586125926026 0.10298321911602835 0.32988681814313686 0.60600593573569095 0.54516129032258076 0.47142857142857153 0.25000000000000011 0.57281105990783432 0.24847870182555784 0.47695852534562216 0.45576036866359454 0.38387096774193558 -0.56174490092936669 0.49781181619256026 0.21375244721673287 0.24210705471874738 0.16120277903739247 0.25861628797549152 0.22299969864982574 0.12106829783344576 0.125746181198165 0.11718750000000001 0.18809772008987066 0.16328600405679514 0.091145833333333343 0.51352851336407135 0.3728110599078342 0.37771253510339559
decision_type=2 2 2 2 2 2 2 2 2 2 2 2 2 2 2 2 2 2 2 2 2 2 2 2 2 2 2 2 2 2
left_child=1 -1 9 -4 5 16 7 -6 -9 11 26 12 13 17 15 -15 -5 18 -2 -19 21 23 -23 24 27 -26 -11 28 29 -21
right_child=2 -3 3 4 6 -7 -8 8 -10 10 -12 -13 -14 14 -16 -17 -18 19 -20 20 -22 22 -24 -25 25 -27 -28 -29 -30 -31
leaf_value=0 -7.0537552565050281e-05 0 0.0001976655608434916 -9.8176634676671207e-05 0.00029483473747004391 -0.00025094176586114801 0.00034825406364570024 -0.00043146673004066646 -4.3503735984273803e-05 2.8324986970451e-05 -7.0622344552556736e-05 2.7930995477691983e-05 -0.0002250803504869759 -0.00010378314364821364 0.00016713164266584033 0.00019367811155585136 9.2962418614427189e-05 6.7502008676409165e-05 1.3696028726779274e-05 6.7737674091238117e-08 0.00020086133218762551 -8.9468377885373523e-05 3.7172277563913628e-05 -7.7669992081855883e-06 -0.00014024743143314298 -5.0982718728504681e-06 -0.00011211254991399177 0.00024249040782149103 -4.6315746095764651e-05 -0.00015296452403267471
leaf_weight=595 23 32 288 22 49 23 136 27 30 22 29 173 32 35 140 30 31 80 36 2260 42 21 30 23 22 25 48 84 23 22
leaf_count=595 23 32 288 22 49 23 136 27 30 22 29 173 32 35 140 30 31 80 36 2260 42 21 30 23 22 25 48 84 23 22
internal_value=-0.00351026 -0.0258038 0.000162375 0.00106931 0.000169811 -0.00213155 0.000892558 -0.00124527 -0.00489465 -9.37489e-06 -0.00215149 5.90133e-05 -3.27868e-05 1.65747e-05 0.00139024 -0.00115383 0.000735835 -8.80712e-05 -0.00259318 -3.19148e-05 -0.000103448 -0.000155378 -0.0028823 -9.88205e-05 -5.41871e-05 -0.00338291 -0.000428565 1.13019e-05 -5.85682e-05 -1.0517e-05
internal_weight=4433 627 3806 606 318 76 242 106 57 3200 99 3101 2928 2896 205 65 53 2691 59 2632 2552 2510 51 2459 2436 47 70 2389 2305 2282
internal_count=4433 627 3806 606 318 76 242 106 57 3200 99 3101 2928 2896 205 65 53 2691 59 2632 2552 2510 51 2459 2436 47 70 2389 2305 2282
is_linear=0
shrinkage=0.03


Tree=315
num_leaves=31
num_cat=2
split_feature=0 10 17 8 6 3 19 1 10 8 0 18 6 8 18 4 18 0 13 6 17 17 1 1 19 7 7 6 11 0
split_gain=406.207 16.7104 0.581269 0.534227 1.25538 0.418045 0.521836 0.941181 0.8732 0.787634 0.882618 0.672218 0.544413 0.452165 0.720324 0.444486 0.436714 0.499188 0.399603 0.834759 0.538372 0.529513 0.851866 0.686401 0.646268 0.647188 0.900337 0.537455 0.861052 0.749981
threshold=1.0000000180025095e-35 0.25000000000000011 0.39588120159986395 0.36060968689366818 0.50921658986175122 0.059895833333333336 0 0.028645833333333336 1.0000000180025095e-35 0.34438673485346721 0.6006938435474457 0.47500000000000003 0.5202764976958526 0.15376901510591112 0.49558823529411766 0.11718750000000001 0.45735294117647063 0.56498757140591482 -0.56174490092936669 0.39493087557603695 0.26176495617394274 0.32659142728865342 0.044270833333333336 0.028645833333333336 1 0.047824124604727077 0.028908273699210747 0.23597761685319293 -0.5 0.47781967737816494
decision_type=2 2 2 2 2 2 1 2 2 2 2 2 2 2 2 2 2 2 2 2 2 2 2 2 1 2 2 2 2 2
left_child=1 -1 5 -4 -5 16 7 8 -7 -8 15 12 -9 -13 -15 -11 -2 18 19 20 -18 22 24 -23 -22 26 -26 28 -25 -29
right_child=2 -3 3 4 -6 6 9 11 -10 10 -12 13 -14 14 -16 -17 17 -19 -20 -21 21 23 -24 27 25 -27 -28 29 -30 -31
leaf_value=0 8.2715116491598679e-06 0 0.00028285750474935746 -0.0004746110666656397 0.00066195592784405635 1.6945702515639349e-06 7.0072560879759957e-05 7.305606297583425e-05 -0.00020266293269688643 1.1847399822667162e-05 -0.00011267408337916654 4.2893823372775673e-06 -0.00028573055406875674 -0.0002729886424676148 7.3026342692715217e-05 -0.00010020527804622765 -0.00013666179210791772 -0.00011628570916543131 7.085418838463753e-07 -0.00010057094540139546 2.6192389457434607e-06 2.3141791827722783e-05 0.00019780569915167301 -0.00030083921932249036 -5.2441717543094977e-05 -0.0003091708785973464 0.00013344264873613699 0.00035310412105604174 -5.8263690863214294e-05 -8.3292702223834597e-05
leaf_weight=593 206 30 166 23 33 22 933 123 28 64 21 115 21 44 21 22 22 24 1360 22 132 24 111 22 31 33 37 30 52 50
leaf_count=593 206 30 166 23 33 22 933 123 28 64 21 115 21 44 21 22 22 24 1360 22 132 24 111 22 31 33 37 30 52 50
internal_value=-0.00339411 -0.0258443 0.000294304 0.00178378 -0.000749986 0.000201681 0.000602546 -0.000359374 -0.00419992 0.000942856 -0.00148597 0.000222222 0.00174999 -0.000999994 -0.00299995 -0.000139533 -6.12243e-05 -0.0002 -0.000146417 -0.000816253 -0.000584558 -0.000390804 0.000296511 -0.00171909 -0.000733902 -0.00240538 -0.000970574 -0.00245453 -0.00429724 -0.00074999
internal_weight=4415 623 3792 222 56 3570 1414 374 50 1040 107 324 144 180 65 86 2156 1950 1926 566 544 522 344 178 233 101 68 154 74 80
internal_count=4415 623 3792 222 56 3570 1414 374 50 1040 107 324 144 180 65 86 2156 1950 1926 566 544 522 344 178 233 101 68 154 74 80
cat_boundaries=0 1 2
cat_threshold=593 777
is_linear=0
shrinkage=0.03


Tree=316
num_leaves=31
num_cat=1
split_feature=0 10 1 2 7 0 1 8 9 17 5 7 8 8 8 5 4 3 5 19 10 6 6 17 6 8 5 3 2 0
split_gain=406.207 16.7104 0.488439 0.78699 0.641912 0.535173 0.51521 0.483599 0.455047 0.406481 0.642469 0.811371 0.400003 0.373577 0.581591 0.329066 0.307187 0.457029 0.497092 0.453431 0.850516 0.501239 0.949307 0.8473 0.386594 0.592436 0.540561 0.539329 0.826943 0.721609
threshold=1.0000000180025095e-35 0.25000000000000011 0.12760416666666669 0.17968750000000003 0.12106829783344576 0.51352851336407135 0.054687500000000007 0.23440816817184998 0.26659372720641877 0.32525038221251906 0.35801217038539557 0.13674255023899876 0.16747484369433055 0.16640278872593822 0.16278022763403752 0.26064908722109537 0.091145833333333343 0.049479166666666671 0.20098039215686275 0 0.25000000000000011 0.29354838709677428 0.38387096774193558 0.30352809298695055 0.37465437788018441 0.13717356468570385 0.096179851250845175 0.080729166666666671 0.033854166666666671 0.44457804280797869
decision_type=2 2 2 2 2 2 2 2 2 2 2 2 2 2 2 2 2 2 2 1 2 2 2 2 2 2 2 2 2 2
left_child=1 -1 3 4 5 16 12 13 -4 -8 11 -11 -6 14 -7 -9 17 -2 24 20 -18 -21 23 -23 25 -19 -27 28 -28 -29
right_child=2 -3 8 -5 6 7 9 15 -10 10 -12 -13 -14 -15 -16 -17 19 18 -20 21 -22 22 -24 -25 -26 26 27 29 -30 -31
leaf_value=0 -1.8740791491963803e-07 0 -3.139970345878443e-05 -0.00012186668562602549 -1.2247425278074507e-05 0.00010064216085862377 -6.6462920621887387e-05 -0.00014211989388419747 0.00016878985975409669 -0.00022652428348031762 -0.00047511988523499276 4.0421801003143986e-05 2.3780876648808354e-05 0.000250688093142847 -0.00027738064322352146 1.1107091193946465e-05 -4.6940015243872367e-06 2.3465445249426748e-05 -4.3053216148069599e-05 9.4769195144337593e-05 -0.00019035393841899395 -6.0608806365225155e-05 2.4223755470717995e-05 3.0820633367286244e-05 0.00019850620472065071 -7.5765008631495587e-05 -0.00017057989913113616 7.9726143420778592e-05 3.4381901794097684e-05 -0.0001805329391134308
leaf_weight=593 1618 30 20 38 21 107 41 43 315 20 25 37 44 254 21 57 69 532 23 44 36 25 64 22 100 28 20 24 106 38
leaf_count=593 1618 30 20 38 21 107 41 43 315 20 25 37 44 254 21 57 69 532 23 44 36 25 64 22 100 28 20 24 106 38
internal_value=-0.00339411 -0.0258443 0.000294304 0.000188314 0.000236034 0.00033519 -0.00146808 0.00125726 0.00138806 -0.00260973 -0.00139023 0.000368415 0.000692297 0.00174345 0.000421872 -0.000599994 0.000173518 0.000276014 0.00083008 -0.000807689 -0.00221737 0.000272726 -0.000783777 -0.00402119 0.000948112 0.000713903 -0.000611108 -3.19146e-05 0.00109523 -0.00232254
internal_weight=4415 623 3792 3457 3419 3231 188 482 335 123 82 57 65 382 128 100 2749 2489 871 260 105 155 111 47 848 748 216 188 126 62
internal_count=4415 623 3792 3457 3419 3231 188 482 335 123 82 57 65 382 128 100 2749 2489 871 260 105 155 111 47 848 748 216 188 126 62
cat_boundaries=0 1
cat_threshold=152
is_linear=0
shrinkage=0.03


Tree=317
num_leaves=31
num_cat=3
split_feature=0 10 19 13 8 0 7 16 8 19 9 18 4 6 7 16 16 6 0 19 7 9 6 1 6 7 8 8 8 18
split_gain=405.469 16.7104 0.494607 0.332049 0.540384 1.02793 0.525353 0.874766 0.713219 0.608197 0.544546 0.659024 0.485158 0.763046 0.610945 0.447299 0.691168 0.934345 1.00114 0.533231 0.497979 0.699955 0.588858 0.598688 0.464453 0.477369 0.452373 0.483502 0.513988 0.665572
threshold=1.0000000180025095e-35 0.25000000000000011 0 -0.56174490092936669 0.35159761643159942 0.58542297693482837 0.05578386221791292 12.500000000000002 0.15723101739870424 1 0.52808169219547796 0.48382352941176471 0.028645833333333336 0.25852534562211987 0.047129306201442851 16.500000000000004 13.500000000000002 0.40322580645161299 0.39395212316942613 2 0.12106829783344576 0.57330415754923425 0.37465437788018441 0.085937500000000014 0.53963133640553018 0.086724821097632201 0.14721395781728094 0.17005089429037465 0.1813468332704895 0.46911764705882358
decision_type=2 2 1 2 2 2 2 2 2 1 2 2 2 2 2 2 2 2 2 1 2 2 2 2 2 2 2 2 2 2
left_child=1 -1 -2 4 6 -6 7 -4 10 -8 12 -12 -9 14 -14 16 20 18 -18 26 22 -22 23 -5 -24 -26 -17 -28 -29 -30
right_child=2 -3 3 15 5 -7 9 8 -10 -11 11 -13 13 -15 -16 19 17 -19 -20 -21 21 -23 24 -25 25 -27 27 28 29 -31
leaf_value=0 9.3782748004933063e-05 0 2.3836161219746669e-05 4.2072701108255124e-07 -8.256225672780896e-07 -0.00051810740136175142 -1.9787897662013329e-06 -2.7617322726972323e-05 -0.00019000659429090237 2.3873201082633586e-05 3.7770144130109442e-06 -0.00011910957065510607 -4.4481988938546278e-05 1.9866248484409558e-05 -0.00038206260874558472 6.958147949176003e-06 1.0625429308921421e-07 0.00011728318431085288 -0.00019327614545968776 2.2832550873044935e-05 -6.4469032046834379e-05 0.00014556401392709311 0.00012787051215939387 -3.0116740617670695e-05 6.7676989097063307e-05 -4.2313657664688563e-05 -0.00018440871132255744 0.00046811878997654881 -0.00016053348815100283 3.4948324563489242e-05
leaf_weight=593 402 30 102 482 38 21 273 44 21 204 144 47 31 22 20 376 21 26 35 1109 21 24 106 28 30 22 52 29 24 38
leaf_count=593 402 30 102 482 38 21 273 44 21 204 144 47 31 22 20 376 21 26 35 1109 21 24 106 28 30 22 52 29 24 38
internal_value=-0.0034145 -0.0258443 0.00027057 0.00015 -0.000319545 -0.00310164 -0.000138766 -0.00089791 -0.00165045 0.000547169 -0.00128571 -0.000298428 -0.00289741 -0.0043972 -0.00641164 0.000338011 -0.000245283 -0.00285362 -0.00503562 0.00062285 5.46985e-05 -0.00299993 0.000260479 -0.000235294 0.00186075 -0.000461529 -0.000175803 -0.00161537 -0.0002967 -0.00183868
internal_weight=4415 623 3792 3390 967 59 908 431 329 477 308 191 117 73 51 2423 795 82 56 1628 713 45 668 510 158 52 519 143 91 62
internal_count=4415 623 3792 3390 967 59 908 431 329 477 308 191 117 73 51 2423 795 82 56 1628 713 45 668 510 158 52 519 143 91 62
cat_boundaries=0 1 2 3
cat_threshold=2 936 336
is_linear=0
shrinkage=0.03


Tree=318
num_leaves=31
num_cat=1
split_feature=0 16 13 9 17 16 7 9 19 6 8 8 18 6 5 17 17 17 9 9 9 7 13 17 3 0 7 7 3 7
split_gain=405.469 3.41293 2.27576 0.590656 0.497572 0.590574 0.71802 0.39371 0.323654 1.14064 0.677288 0.446642 0.764258 0.560758 0.537057 0.383615 0.521075 1.22205 1.11466 0.690999 0.502689 0.643318 0.511467 0.797315 0.622193 0.576897 0.46351 1.4075 0.582422 0.600767
threshold=1.0000000180025095e-35 29.500000000000004 -0.22252093395631442 0.36725018234865076 0.39588120159986395 27.500000000000004 0.24899844287090053 0.53610503282275734 0 0.57880184331797246 0.30935014610256384 0.34438673485346721 0.45735294117647063 0.53963133640553018 0.2748478701825558 0.38128669900434015 0.35286358607778068 0.34515477772984848 0.64697301239970828 0.51896425966447868 0.68088986141502572 0.056663942421223447 -0.56174490092936669 0.29770833883543302 0.039062500000000007 0.4145153769509492 0.080750032991943985 0.098703409235773101 0.044270833333333336 0.089808076667447473
decision_type=2 2 2 2 2 2 2 2 1 2 2 2 2 2 2 2 2 2 2 2 2 2 2 2 2 2 2 2 2 2
left_child=1 -1 -3 -4 8 6 -6 -5 11 15 -11 13 -13 14 -2 16 17 20 19 -19 26 22 24 25 -22 -24 -10 28 -28 -30
right_child=4 2 3 7 5 -7 -8 -9 9 10 -12 12 -14 -15 -16 -17 -18 18 -20 -21 21 -23 23 -25 -26 -27 27 -29 29 -31
leaf_value=0 2.8365867742077075e-06 0 0 0 7.9176326942281437e-06 0.00036009375653271519 -0.00047188180802982898 0 1.81182299581985e-07 -0.00041556137077533155 -7.2660701517948331e-07 8.2526552474871165e-05 -9.5041072688017172e-05 0.00017011125489875759 -0.00012158383531495202 -4.3190042461677327e-05 1.0080135656909519e-05 -0.00017141187372194178 -0.00029710580049031432 0.00025502217555440753 -0.00016961200795496167 0.00021460909071280683 1.933644253740117e-05 0.0001167396527824106 0.00010719440772942085 -0.00018717834550405728 -3.1171209831882643e-06 3.9458584711621895e-05 -0.00017571835691109831 -0.00012728004623149705
leaf_weight=501 1336 42 25 28 41 159 22 27 951 20 21 33 59 324 39 41 148 30 29 22 28 149 39 96 35 26 25 63 30 26
leaf_count=501 1336 42 25 28 41 159 22 27 951 20 21 33 59 324 39 41 148 30 29 22 28 149 39 96 35 26 25 63 30 26
internal_value=-0.0034145 -0.0258443 -0.0213441 -0.0183748 0.00027057 0.00164864 -0.000809511 -0.0166361 0.000184874 -0.000102292 -0.00504866 0.000468073 -0.0015652 0.00058093 0.000316364 1.38091e-05 8.30879e-05 -7.94059e-05 -0.00366662 -0.00103844 0.000118529 0.0010697 5.35713e-05 0.000950305 -0.00223806 -0.00161536 -0.000205479 -0.00179165 -0.00440735 -0.00610703
internal_weight=4415 623 122 80 3792 222 63 55 3570 1779 41 1791 92 1699 1375 1738 1697 1549 81 52 1468 373 224 161 63 65 1095 144 81 56
internal_count=4415 623 122 80 3792 222 63 55 3570 1779 41 1791 92 1699 1375 1738 1697 1549 81 52 1468 373 224 161 63 65 1095 144 81 56
cat_boundaries=0 1
cat_threshold=167
is_linear=0
shrinkage=0.03


Tree=319
num_leaves=31
num_cat=1
split_feature=0 10 11 5 2 2 8 6 17 3 9 15 12 0 2 11 17 17 17 9 3 0 6 0 6 8 19 16 6 16
split_gain=405.224 16.7104 0.61802 0.954971 0.561561 0.57789 0.443191 0.5427 0.490027 0.442259 0.618335 0.691451 0.680515 1.00569 0.53185 0.49262 0.461977 0.569142 0.375241 0.321053 0.62477 0.736832 0.436455 0.864231 0.626073 1.0703 0.49196 0.417983 1.01856 0.556691
threshold=1.0000000180025095e-35 0.25000000000000011 0.93301270189221952 0.32758620689655177 0.10677083333333334 0.085937500000000014 0.45124786281757862 0.45576036866359454 0.22878903923070382 0.039062500000000007 0.78264040846097749 1.0000000180025095e-35 1.0000000180025095e-35 0.32838837274029392 0.018229166666666668 0.6830127018922193 0.39378208946756316 0.38128669900434015 0.2758488639264744 0.61159737417943127 0.0078125000000000017 0.23559660932262541 0.13122517082472593 0.33835026822848241 0.17067149440421334 0.092976158837091025 0 18.500000000000004 0.17854759256316546 3.5000000000000004
decision_type=2 2 2 2 2 2 2 2 2 2 2 2 2 2 2 2 2 2 2 2 2 2 2 2 2 2 1 2 2 2
left_child=1 -1 9 4 5 6 7 8 -4 10 11 19 14 -14 -12 16 17 -11 -10 20 -2 -22 -23 24 25 -24 -25 29 -29 -28
right_child=2 -3 3 -5 -6 -7 -8 -9 18 15 12 -13 13 -15 -16 -17 -18 -19 -20 -21 21 22 23 26 -26 -27 27 28 -30 -31
leaf_value=0 0.00017984379773255978 0 6.2487513690801498e-05 -0.00015421143043309703 3.5748233207804742e-05 -4.4769566396152721e-05 0.00011034489853700881 -0.00017311195378017947 -0.00019352427250864256 3.674620842714155e-06 -1.1849346120845922e-05 -4.6569305122441115e-06 -3.4297984263801932e-05 -6.6733806421381237e-05 1.3084291101232958e-05 0.00012837856253016731 0.00037778164296317358 -3.5731684159980853e-05 1.9899312665684004e-05 1.2620331653412354e-05 -5.5418012438222216e-05 1.2620061564183001e-05 -3.5945504529419425e-05 9.9788543940165059e-06 0.000156004931222484 -0.00010748639688706066 -0.00012534780545313322 -0.00018667187924888853 -1.9851102017771133e-05 0.00011808815430375913
leaf_weight=593 73 30 38 20 45 24 24 25 33 1708 26 34 27 29 65 340 82 45 25 388 20 143 45 141 20 27 32 32 192 89
leaf_count=593 73 30 38 20 45 24 24 25 33 1708 26 34 27 29 65 340 82 45 25 388 20 143 45 141 20 27 32 32 192 89
internal_value=-0.00342129 -0.0258443 0.000262658 -0.00123076 -0.000644857 -0.00143786 -0.000724133 -0.0014628 -0.000437495 0.000360877 -5.85682e-05 0.000160194 -0.00189795 -0.00449992 -0.0002967 0.000627586 0.000433242 0.000330291 -0.00217238 0.000279534 -5.89679e-05 -0.000319838 -0.000162274 -0.000529411 -0.00319562 -0.00449994 -2.46912e-05 -0.000633801 -0.00141964 0.000768589
internal_weight=4415 623 3792 234 214 169 145 121 96 3558 1383 1236 147 56 91 2175 1835 1753 58 1202 814 741 721 578 92 72 486 345 224 121
internal_count=4415 623 3792 234 214 169 145 121 96 3558 1383 1236 147 56 91 2175 1835 1753 58 1202 814 741 721 578 92 72 486 345 224 121
cat_boundaries=0 1
cat_threshold=608
is_linear=0
shrinkage=0.03


Tree=320
num_leaves=31
num_cat=1
split_feature=0 10 19 16 1 4 18 18 17 13 17 16 0 17 10 16 18 9 16 17 6 0 9 1 12 0 17 17 1 1
split_gain=388.798 15.2577 0.70188 0.620762 0.755053 0.593727 0.581218 0.875081 0.508014 0.942198 0.568225 0.552247 2.72504 0.46193 0.517761 0.922296 0.49103 0.522872 0.860053 0.715911 0.59246 0.808943 1.35544 0.552186 0.460228 0.632582 0.564772 0.908543 0.464294 0.789316
threshold=1.0000000180025095e-35 0.25000000000000011 0 19.500000000000004 0.16406250000000003 0.013020833333333334 0.5102941176470589 0.52794117647058836 0.37771253510339559 -0.56174490092936669 0.35286358607778068 3.5000000000000004 0.47298069797152514 0.26019062207471716 -0.93301270189221908 12.500000000000002 0.49558823529411766 0.69876002917578428 11.500000000000002 0.27814654071993883 0.25399650405212143 0.49510993395148484 0.35922684172137131 0.10156250000000001 1.0000000180025095e-35 0.41876820771680739 0.29491107139817901 0.3085914918466221 0.15364583333333334 0.11197916666666667
decision_type=2 2 1 2 2 2 2 2 2 2 2 2 2 2 2 2 2 2 2 2 2 2 2 2 2 2 2 2 2 2
left_child=1 -1 3 4 5 -2 8 -8 10 -10 11 12 -4 -7 15 -15 17 18 19 -16 -21 22 -22 -23 25 26 -5 -28 29 -26
right_child=2 -3 6 24 -6 13 7 -9 9 -11 -12 -13 -14 14 16 -17 -18 -19 -20 20 21 23 -24 -25 28 -27 27 -29 -30 -31
leaf_value=0 -3.7283429976603227e-05 0 8.1961606046924787e-07 6.1841409224293713e-05 -0.00030318505074898469 2.1833417410866463e-05 -0.00012269261402587033 0.00026390261280161251 -0.00045168093916333557 -6.1355503206545036e-06 0.00013869854026581175 -1.2611866824547905e-06 -0.00021424601424572046 6.9354639798611121e-06 -2.2027373313991134e-05 -0.00033379783488547324 8.0990568467088773e-06 -3.3833065289025881e-05 6.675522821974751e-05 3.4812934386005372e-06 0.00013928188477592808 0.00010516926845929461 -0.00024090065088999701 -1.5681481815767643e-05 3.7445463298333429e-06 0.000106018850400325 -0.00010326641124795218 -1.3216596400265912e-06 0.00039546621158341162 -0.00012634392977378694
leaf_weight=573 23 30 94 75 20 171 41 22 22 45 97 1493 26 20 33 27 73 34 91 83 28 55 23 29 416 534 25 79 67 76
leaf_count=573 23 30 94 75 20 171 41 22 22 45 97 1493 26 20 33 27 73 34 91 83 28 55 23 29 416 534 25 79 67 76
internal_value=-0.0034678 -0.0258557 6.43643e-05 0.000454819 -0.000253521 -8.69563e-05 -0.000356756 -0.00319043 -0.0002583 -0.00282085 -0.000157895 -0.000292002 -0.00224998 7.64618e-05 -0.000387096 -0.00338291 -7.34964e-05 -0.000510637 -0.000157894 -0.00106374 -0.000440365 -0.00166665 -0.00464697 0.000142856 0.000853773 0.00135904 -0.000184356 -0.00161537 0.000209302 -0.000109756
internal_weight=4425 603 3822 1982 710 690 1840 63 1777 67 1710 1613 120 667 496 47 449 376 342 251 218 135 51 84 1272 713 179 104 559 492
internal_count=4425 603 3822 1982 710 690 1840 63 1777 67 1710 1613 120 667 496 47 449 376 342 251 218 135 51 84 1272 713 179 104 559 492
cat_boundaries=0 1
cat_threshold=110
is_linear=0
shrinkage=0.03


Tree=321
num_leaves=31
num_cat=2
split_feature=0 10 19 5 17 7 6 17 1 7 11 7 19 8 17 7 17 1 16 6 3 18 10 6 8 1 18 4 4 9
split_gain=389.741 15.2577 0.545305 0.809234 0.601115 0.872468 1.07992 0.426666 0.59124 0.503028 0.724701 0.692233 0.676729 0.875847 0.869467 0.785852 0.712391 0.690743 0.793746 0.488812 0.436003 0.810359 0.431688 0.453125 0.744739 0.419113 0.385456 0.349677 0.524539 0.682944
threshold=1.0000000180025095e-35 0.25000000000000011 0 0.38032454361054774 0.40894391966641147 0.16947311116436589 0.63271889400921666 0.25861628797549152 0.11197916666666667 0.068961761325797011 0.25000000000000017 0.070186626513688774 1 0.12558172954289096 0.3752021104586844 0.11146912280415879 0.32135636292142422 0.080729166666666671 24.500000000000004 0.36451612903225811 0.10677083333333334 0.47794117647058826 0.25000000000000011 0.31935483870967746 0.11870210046869774 0.049479166666666671 0.48382352941176471 0.059895833333333336 0.049479166666666671 0.52808169219547796
decision_type=2 2 1 2 2 2 2 2 2 2 2 2 1 2 2 2 2 2 2 2 2 2 2 2 2 2 2 2 2 2
left_child=1 -1 4 -4 5 7 -7 8 -2 20 11 -11 17 -14 15 19 -17 18 -13 26 22 -22 23 -9 -25 -20 -15 28 29 -24
right_child=2 -3 3 -5 -6 6 -8 9 -10 10 -12 12 13 14 -16 16 -18 -19 25 -21 21 -23 27 24 -26 -27 -28 -29 -30 -31
leaf_value=0 6.451543013596965e-05 0 -2.1725460359618175e-06 -0.00040991700445135431 0.00034489891415467487 -0.00015655072848326962 3.9451776902615661e-07 9.2004622569749587e-05 -9.7097399733464403e-06 -0.00022141779152900386 1.6247102126747274e-05 -0.00037441378668026068 -0.00020037560533432073 -0.00012208510465484476 -0.00010447476849021774 -0.00074610053022011269 3.5193595180723662e-05 0.00020117707773682991 0.00036441140928421078 0.00028526913790679584 8.8223774705140193e-05 -0.00012746214531238718 -1.4304234211902109e-05 -0.00011093308875764836 6.9709135654197828e-05 -0.00011646985532312611 0.00017035373421124753 4.177457210733355e-05 -4.6754173058623631e-05 3.1566251073827353e-06
leaf_weight=573 273 30 1816 24 120 20 30 318 34 23 204 27 31 33 21 27 22 129 28 65 24 23 89 22 43 37 23 69 30 217
leaf_count=573 273 30 1816 24 120 20 30 318 34 23 204 27 31 33 21 27 22 129 28 65 24 23 89 22 43 37 23 69 30 217
internal_value=-0.00344068 -0.0258557 9.57615e-05 -0.000275675 0.000439759 0.000309345 -0.00359993 0.000417218 0.00143648 0.000209302 -0.000402984 -0.00105579 -0.000792323 -0.00191378 -0.00124083 -0.000529409 -0.00373462 0.000402596 -0.0015652 0.000768589 0.000700598 -0.00210634 0.000868019 0.00159007 -0.000692297 0.000230766 -0.00128569 0.000185185 -0.000214285 0.000156862
internal_weight=4425 603 3822 1840 1982 1862 50 1812 307 1505 670 466 443 222 191 170 49 221 92 121 835 47 788 383 65 65 56 405 336 306
internal_count=4425 603 3822 1840 1982 1862 50 1812 307 1505 670 466 443 222 191 170 49 221 92 121 835 47 788 383 65 65 56 405 336 306
cat_boundaries=0 1 2
cat_threshold=110 66
is_linear=0
shrinkage=0.03


Tree=322
num_leaves=31
num_cat=0
split_feature=0 16 12 9 13 0 5 4 17 17 1 7 7 11 7 12 0 13 7 16 18 9 5 16 1 12 8 6 1 11
split_gain=387.622 3.2259 1.94761 1.46359 0.782316 0.520446 1.11468 0.608864 0.611102 0.708289 0.899596 0.419386 1.23084 0.451952 0.871921 0.72627 0.634893 0.625218 0.455037 0.920208 0.822088 0.466366 0.55287 0.734095 1.09442 0.456071 0.379195 0.91587 1.13901 0.429513
threshold=1.0000000180025095e-35 29.500000000000004 -1.0000000180025095e-35 0.39897884755652818 1.0000000180025095e-35 0.62460857321909224 0.372210953346856 0.14843750000000003 0.39080606492770981 0.38128669900434015 0.096354166666666671 0.089132082478676544 0.090933578475972623 -0.5 0.096392604787514213 -1.0000000180025095e-35 0.55882118566514938 1.0000000180025095e-35 0.099590664592236089 23.500000000000004 0.48382352941176471 0.57330415754923425 0.18154158215010144 17.500000000000004 0.065104166666666671 -1.0000000180025095e-35 0.41775497033152903 0.52764976958525367 0.11718750000000001 0.6830127018922193
decision_type=2 2 2 2 2 2 2 2 2 2 2 2 2 2 2 2 2 2 2 2 2 2 2 2 2 2 2 2 2 2
left_child=1 -1 -3 -4 -5 6 7 8 9 11 -11 26 -13 14 -14 16 -16 -17 19 20 -15 22 -20 24 -24 -25 27 28 29 -2
right_child=5 2 3 4 -6 -7 -8 -9 -10 10 -12 12 13 18 15 17 -18 -19 21 -21 -22 -23 23 25 -26 -27 -28 -29 -30 -31
leaf_value=0 -8.1571184779769589e-07 0 0 0 0 0.0002141826905035954 -0.00028349549333780543 6.9411189473285467e-05 0.00012882329570666716 -7.4965734801486169e-06 -9.5361858841488728e-05 -0.00018751820452880894 0.0002041579071740649 0.00014696681418979328 1.8700060397189414e-05 -3.9442884336601858e-05 -0.00036446114505250918 -0.00027822635034414401 5.8314488433151598e-06 -4.0291725026317911e-05 -0.00012611645379207256 0.00040000189381371329 3.7009676996152637e-05 -7.873240582227195e-05 -0.00013903488645012751 8.9558970919191805e-05 -6.6958176451510499e-05 0.00025741786732402002 -0.0001385283886110892 1.8298015937886197e-05
leaf_weight=485 2210 38 34 23 23 147 31 141 136 28 21 31 28 38 36 37 20 41 35 25 26 98 25 22 27 37 28 130 21 403
leaf_count=485 2210 38 34 23 23 147 31 141 136 28 21 31 28 38 36 37 20 41 35 25 26 98 25 22 27 37 28 130 21 403
internal_value=-0.00350169 -0.0258557 -0.0214066 -0.0187498 -0.0152605 2.51178e-05 -4.48978e-05 3.2932e-06 -7.45074e-05 -0.000154143 -0.00373462 -0.000101266 -0.000878325 -0.00051515 -0.0018148 -0.00282087 -0.000214282 -0.00469225 0.000117117 -0.00171908 0.000187497 0.000786882 -0.000287669 -0.00132431 -0.003923 0.000966085 4.5129e-05 8.03185e-05 -4.10021e-05 1.49255e-05
internal_weight=4425 603 118 80 46 3822 3675 3644 3503 3367 49 3318 526 495 162 134 56 78 333 89 64 244 146 111 52 59 2792 2764 2634 2613
internal_count=4425 603 118 80 46 3822 3675 3644 3503 3367 49 3318 526 495 162 134 56 78 333 89 64 244 146 111 52 59 2792 2764 2634 2613
is_linear=0
shrinkage=0.03


Tree=323
num_leaves=31
num_cat=0
split_feature=0 10 0 5 8 1 17 17 7 7 5 11 4 4 17 18 6 4 7 7 17 8 0 5 5 18 17 5 2 18
split_gain=387.387 15.2577 0.446526 1.23459 0.563343 0.487523 0.422416 0.373578 0.588915 0.3523 0.533554 0.49177 0.310653 0.697801 0.425537 0.474282 0.464003 0.631772 0.341352 0.67369 0.514972 0.956721 0.584274 0.467689 0.530333 0.595196 0.399957 0.381056 0.370168 0.489975
threshold=1.0000000180025095e-35 0.25000000000000011 0.60947546798558971 0.35801217038539557 0.49432194160291421 0.17447916666666669 0.40894391966641147 0.33116330525061705 0.099590664592236089 0.013152671186312109 0.040398918187964851 -0.24999999999999994 0.13281250000000003 0.12760416666666669 0.34766520237455956 0.47205882352941181 0.51658986175115229 0.15885416666666669 0.088419907194990141 0.090933578475972623 0.25453152923155481 0.2538063739792234 0.49630345877563281 0.32961460446247465 0.28904665314401629 0.46911764705882358 0.3161858565228492 0.18356997971602437 0.033854166666666671 0.47794117647058826
decision_type=2 2 2 2 2 2 2 2 2 2 2 2 2 2 2 2 2 2 2 2 2 2 2 2 2 2 2 2 2 2
left_child=1 -1 3 5 7 6 9 8 -4 -2 11 -11 13 18 15 16 -14 -18 20 26 28 22 27 24 -21 -26 -20 -22 29 -12
right_child=2 -3 4 -5 -6 -7 -8 -9 -10 10 12 -13 14 -15 -16 -17 17 -19 19 23 21 -23 -24 -25 25 -27 -28 -29 -30 -31
leaf_value=0 5.6925342383280915e-05 0 0.0003405488458972351 -0.0003493839765083233 -2.5789241991275417e-05 -7.108603635018697e-05 0.00015801896039988674 0.00032624537304445667 -4.9706016318657046e-05 4.9305865611327533e-05 -0.00012238925656300815 -4.2675727884766763e-05 7.1400016322298386e-05 -0.00019506948651946946 -0.0001319820501424046 0.00023519622493928008 6.5054575447173071e-05 -7.215784900545044e-06 -0.0001246664165984247 -1.445116474535159e-06 -4.0177297360418941e-07 -0.00019115270771485809 9.1119837624324454e-05 0.00030508659210805176 -8.8794718493630266e-07 -0.00015419681096419266 -0.00018672270054103022 -3.7629833690089615e-05 6.191264033056296e-05 3.0163044408006263e-05
leaf_weight=573 34 30 32 20 25 25 60 165 20 28 20 27 27 32 20 98 29 20 20 373 2052 23 319 33 32 24 20 33 186 25
leaf_count=573 34 30 32 20 25 25 60 165 20 28 20 27 27 32 20 98 29 20 20 373 2052 23 319 33 32 24 20 33 186 25
internal_value=-0.00350847 -0.0258557 1.72686e-05 -6.7039e-05 0.00126446 -2.52808e-05 4.24339e-06 0.00175575 -0.000461529 -3.88488e-05 -6.88752e-05 -0.00299995 -2.12639e-05 -9.21051e-05 0.00114432 0.00162068 -0.000157893 -0.00189792 -4.74682e-05 -0.000764939 8.80362e-05 -4.0791e-05 1.7471e-05 -0.000441557 -0.000706292 -0.00342851 -0.00449989 -0.000165467 0.00144155 -0.000999978
internal_weight=4425 603 3822 3580 242 3560 3535 217 52 3475 3441 55 3386 3192 194 174 76 49 3160 502 2658 2427 2404 462 429 56 40 2085 231 45
internal_count=4425 603 3822 3580 242 3560 3535 217 52 3475 3441 55 3386 3192 194 174 76 49 3160 502 2658 2427 2404 462 429 56 40 2085 231 45
is_linear=0
shrinkage=0.03


Tree=324
num_leaves=31
num_cat=3
split_feature=0 10 19 7 17 17 5 6 2 6 1 9 6 6 8 7 12 0 2 8 8 5 19 8 0 7 17 6 5 19
split_gain=386.447 15.2577 0.363799 1.3369 0.613021 0.642501 0.740563 0.596432 0.530715 0.623481 1.40693 1.88301 0.392399 0.875573 0.522078 1.03815 0.862417 1.17024 0.82278 0.491139 1.15235 0.694571 0.537279 0.538631 1.22827 0.457255 0.397731 0.380181 0.393496 0.347292
threshold=1.0000000180025095e-35 0.25000000000000011 0 0.19614921917087011 0.34110156435695865 0.33490766743255901 0.36612576064908725 0.26958525345622125 0.023437500000000003 0.23834759710335751 0.023437500000000003 0.57330415754923425 0.25399650405212143 0.25852534562211987 0.14331531426208988 0.068441601191932266 1.0000000180025095e-35 0.47474271117275768 0.044270833333333336 0.17890958504461263 0.19010694606400499 0.23833671399594322 1 0.20477481889322038 0.53546325041373666 0.078330781814401104 0.20376989192409165 0.66175115207373281 0.32758620689655177 2
decision_type=2 2 1 2 2 2 2 2 2 2 2 2 2 2 2 2 2 2 2 2 2 2 1 2 2 2 2 2 2 1
left_child=1 -1 4 27 5 6 8 -7 9 10 -2 -12 -10 -14 15 16 -15 -18 -17 -16 21 -21 -22 -24 26 -20 -25 28 -4 -6
right_child=2 -3 3 -5 29 7 -8 -9 12 -11 11 -13 13 14 19 18 17 -19 25 20 22 -23 23 24 -26 -27 -28 -29 -30 -31
leaf_value=0 8.2472909584764902e-06 0 -1.5296644661477376e-06 -0.00024065043296510658 0.00026114684300084103 -0.00012874243515129105 -4.5323627910900615e-05 -2.2825748116192709e-05 3.9782545530360665e-05 0.0001151580989616685 -0.00032525429366459869 9.4615311022514765e-05 -7.4293824800351116e-06 0.00010608768056845088 0.00026115536513614393 -3.6174609156489495e-05 8.3788341016721766e-06 -0.00013246640292962554 -0.00015224218882259067 -0.0002581509903477377 0.00010473946064702423 2.8893222977989082e-06 0.00031619271612317386 0.000120956193407979 -0.00013361225193983908 0.00022278705154634272 -1.4456857698163432e-06 -0.00018195446249841772 0.00042337569857340743 6.6142816047808019e-06
leaf_weight=573 43 30 2092 37 221 30 33 43 220 31 20 23 20 83 127 20 52 23 29 22 148 25 48 56 32 21 20 33 53 217
leaf_count=573 43 30 2092 37 221 30 33 43 220 31 20 23 20 83 127 20 52 23 29 22 148 25 48 56 32 21 20 33 53 217
internal_value=-0.00353559 -0.0258557 -1.41286e-05 -0.000262921 0.000328386 -2.82291e-05 0.000153285 -0.00275339 0.000290687 -0.00161537 -0.0029302 -0.00676728 0.000526427 0.000190082 0.000365439 -0.000815786 0.000531642 -0.00179998 -0.00385709 0.000928868 0.000350426 -0.00402119 0.00102631 -0.00025301 -0.00144443 -0.00179996 0.000631571 -0.000168044 -0.000118881 0.00128767
internal_weight=4425 603 3822 2215 1607 1169 1096 73 1063 117 86 43 946 726 706 228 158 75 70 478 351 47 304 156 108 50 76 2178 2145 438
internal_count=4425 603 3822 2215 1607 1169 1096 73 1063 117 86 43 946 726 706 228 158 75 70 478 351 47 304 156 108 50 76 2178 2145 438
cat_boundaries=0 1 2 3
cat_threshold=46 6 34
is_linear=0
shrinkage=0.03


Tree=325
num_leaves=31
num_cat=2
split_feature=0 10 16 17 19 0 7 7 8 0 0 19 17 17 2 8 6 0 16 8 17 17 10 10 8 16 17 16 6 7
split_gain=384.9 18.1247 0.51793 1.02772 1.18826 0.781127 0.744715 2.00358 0.959502 0.533282 0.399977 0.361825 0.500195 0.745401 0.622192 0.582433 0.482707 1.66758 1.85762 0.592568 0.53051 0.878874 1.6326 0.443424 0.543797 1.81246 1.1446 0.522014 0.935217 0.438039
threshold=1.0000000180025095e-35 0.25000000000000011 4.5000000000000009 0.32478086971321596 0 0.49403747443035323 0.036925484664404866 0.022453387336832647 0.12297886568393225 0.46376833820953017 0.40828280007853196 1 0.39378208946756316 0.37771253510339559 0.080729166666666671 0.41775497033152903 0.61244239631336417 0.58164690265879859 26.500000000000004 0.24855113226519951 0.35286358607778068 0.34457082155884028 1.0000000180025095e-35 -0.6830127018922193 0.11649458497201322 14.500000000000002 0.2969153028795789 15.500000000000002 0.3000000000000001 0.13674255023899876
decision_type=2 2 2 2 1 2 2 2 2 2 2 1 2 2 2 2 2 2 2 2 2 2 2 2 2 2 2 2 2 2
left_child=1 -1 3 4 -2 6 7 -6 -8 10 -10 12 13 15 -15 -4 17 20 -19 -20 21 23 -23 24 25 -13 -27 28 -26 -25
right_child=2 -3 11 -5 5 -7 8 -9 9 -11 -12 16 -14 14 -16 -17 -18 18 19 -21 -22 22 -24 29 27 26 -28 -29 -30 -31
leaf_value=0 1.7527714205513421e-06 0 3.6102717595004225e-06 9.0035740667122226e-05 2.8521971468559713e-06 -9.6577545636612817e-05 0.00019158452242984709 -0.00013036336199714256 -5.478040124522101e-05 -0.00022843845567669895 1.4325811963747558e-05 0.00033968575323918267 0.00031354374158348765 -0.00011730195739642597 2.0947076027224353e-05 -5.81270371976914e-05 0.00017293337713653224 -0.00020201046839989813 -0.0003250487412054091 0.00021499547808681989 9.5978742565463391e-05 0.00011877030300016135 -0.00030646521552196769 2.4780205352560143e-06 1.2169152170432533e-05 -3.975184496259526e-06 -0.00039628047571155353 7.7690831284725459e-05 -8.6190743063928842e-05 -5.2335655632477172e-06
leaf_weight=577 109 35 1526 100 23 26 31 24 20 20 20 42 120 20 26 38 72 22 26 31 173 41 39 1009 45 24 28 99 24 21
leaf_count=577 109 35 1526 100 23 26 31 24 20 20 20 42 120 20 26 38 72 22 26 31 173 41 39 1009 45 24 28 99 24 21
internal_value=-0.00359714 -0.0256764 -4.02736e-05 -0.00110187 -0.00205494 -0.0035517 -0.00286954 -0.00593604 -0.0012857 -0.00349994 -0.00149996 7.53066e-05 0.00037931 0.000242236 -0.00352166 0.000352941 -0.000235639 -0.000343596 -0.00459488 -0.00173681 -0.000126213 -0.000323615 -0.00337496 -0.000134675 -0.00123664 -0.0030638 -0.00680756 -0.000214284 -0.00221736 0.000145631
internal_weight=4411 612 3799 373 273 164 138 47 91 60 40 3426 1730 1610 46 1564 1696 1624 79 57 1545 1372 80 1292 262 94 52 168 69 1030
internal_count=4411 612 3799 373 273 164 138 47 91 60 40 3426 1730 1610 46 1564 1696 1624 79 57 1545 1372 80 1292 262 94 52 168 69 1030
cat_boundaries=0 1 2
cat_threshold=278 675
is_linear=0
shrinkage=0.03


Tree=326
num_leaves=31
num_cat=1
split_feature=0 10 19 17 16 16 4 16 18 1 17 16 4 7 7 3 4 3 11 4 2 0 8 2 3 17 18 7 10 11
split_gain=385.849 18.1247 0.429244 1.70088 0.553989 0.693428 1.78405 0.526057 0.78832 0.781354 0.935413 0.675367 0.559811 0.51041 0.932872 0.773679 0.485916 1.40889 0.576251 0.447411 0.577857 1.08983 0.480602 0.987714 0.604706 0.553879 1.26609 0.539022 1.01986 0.809265
threshold=1.0000000180025095e-35 0.25000000000000011 0 0.34610700776749753 9.5000000000000018 20.500000000000004 0.028645833333333336 19.500000000000004 0.49852941176470594 0.12760416666666669 0.30810143817547447 6.5000000000000009 0.059895833333333336 0.038670947752277633 0.0428522467845582 0.028645833333333336 0.054687500000000007 0.070312500000000014 -0.68301270189221952 0.018229166666666668 0.013020833333333334 0.37917885433686971 0.12257353191986238 0.049479166666666671 0.039062500000000007 0.3161858565228492 0.48088235294117648 0.10298321911602835 -0.24999999999999994 0.93301270189221952
decision_type=2 2 1 2 2 2 2 2 2 2 2 2 2 2 2 2 2 2 2 2 2 2 2 2 2 2 2 2 2 2
left_child=1 -1 3 4 -2 6 -6 8 19 11 -11 -10 16 -7 -15 -16 -9 18 -18 20 -4 -22 -21 24 -24 26 -26 29 -29 -25
right_child=2 -3 7 -5 5 13 -8 12 9 10 -12 -13 -14 14 15 -17 17 -19 -20 22 21 -23 23 27 25 -27 -28 28 -30 -31
leaf_value=0 6.47094121984932e-05 0 -0.00011019914140091229 -0.00078474855154684762 -8.7667079108994609e-05 8.5570561040680191e-05 7.3047193500915276e-05 5.6957742417616832e-07 -4.5939307966173398e-05 -1.7390040940580409e-08 -0.00012476298425940488 3.2201248800583643e-05 6.3162848852804348e-05 -6.1294445938672964e-05 -2.6878611993857646e-05 7.8420103634461606e-05 -1.806263376807986e-05 -0.00016259089100125818 0.00027585237363400144 6.0237300586458033e-06 3.2052670118306961e-06 -3.5764594299979446e-05 9.6330420338616928e-06 7.4475561246090883e-05 -0.00012540607468259908 -0.000296259335088266 1.8550950027260026e-06 -0.00023108054111538903 2.0824485938566537e-06 -3.8130164857187122e-05
leaf_weight=577 79 35 23 35 22 64 40 1251 33 21 23 51 847 21 36 71 25 28 34 331 69 32 54 274 41 22 50 24 97 101
leaf_count=577 79 35 23 35 22 64 40 1251 33 21 23 51 847 21 36 71 25 28 34 331 69 32 54 274 41 22 50 24 97 101
internal_value=-0.00356994 -0.0256764 -8.68638e-06 -0.000968251 -0.000333332 -0.00101574 -0.00377413 9.67743e-05 -0.000394863 -0.00262498 -0.0058635 -0.00092856 0.000377574 -0.000124999 -0.00121874 -8.41112e-05 -4.48419e-06 -0.00217239 0.000457619 -0.000139535 -0.00183869 -0.000861377 7.24346e-05 -0.000393664 -0.00238921 -0.00363714 -0.00260437 0.000278225 -0.0014628 0.000839998
internal_weight=4411 612 3799 368 333 254 62 3431 1246 128 44 84 2185 192 128 107 1338 87 59 1118 124 101 994 663 167 113 91 496 121 375
internal_count=4411 612 3799 368 333 254 62 3431 1246 128 44 84 2185 192 128 107 1338 87 59 1118 124 101 994 663 167 113 91 496 121 375
cat_boundaries=0 1
cat_threshold=16
is_linear=0
shrinkage=0.03


Tree=327
num_leaves=31
num_cat=2
split_feature=0 9 12 11 5 19 17 3 5 12 6 12 19 11 18 17 5 11 4 7 7 6 8 5 8 6 8 18 3 2
split_gain=388.227 1.20601 1.35305 0.39973 0.801198 0.743832 0.863203 0.873346 0.919549 0.425473 0.39997 0.398194 0.628536 0.5514 0.505424 0.923758 0.894741 0.522468 0.734785 0.530224 0.908583 0.683368 1.30651 0.504254 0.730125 0.928282 1.478 0.853722 1.4843 0.554029
threshold=1.0000000180025095e-35 0.39897884755652818 -1.0000000180025095e-35 0.93301270189221952 0.32961460446247465 0 0.31966905237705384 0.11197916666666667 0.16125760649087226 -1.0000000180025095e-35 0.34608294930875583 0.87837969732492682 1 -0.9330127018922193 0.46911764705882358 0.29376877908917742 0.12457741717376607 0.6830127018922193 0.085937500000000014 0.05781654739842261 0.030929648754824384 0.22165898617511523 0.076479323991404488 0.38235294117647062 0.20477481889322038 0.49262672811059915 0.2538063739792234 0.48088235294117648 0.12239583333333334 0.075520833333333343
decision_type=2 2 2 2 2 1 2 2 2 2 2 2 1 2 2 2 2 2 2 2 2 2 2 2 2 2 2 2 2 2
left_child=1 -1 -3 11 5 6 7 8 10 -7 -5 23 -13 -14 15 -15 -17 18 19 20 -16 22 -22 24 29 -26 27 28 -27 -2
right_child=3 2 -4 4 -6 9 -8 -9 -10 -11 -12 12 13 14 17 16 -18 -19 -20 -21 21 -23 -24 -25 25 26 -28 -29 -30 -31
leaf_value=0 1.1531621757065713e-06 0 0 -0.00014124377949586346 -0.00012219842078660436 -2.3708909093667089e-06 0.00026300664942740425 2.0297834156746598e-05 -0.00037759893457357943 3.8661196203901312e-05 1.0435944497969035e-05 3.8875446187502584e-05 0.00013455883693302647 1.1453751048658028e-06 5.0933777608878298e-05 -3.489836873327852e-05 -0.00013244497947166435 0.0001208510061685911 -0.00036374641694169907 0.00014943592246654641 -9.4014115805242767e-05 8.2728094044336188e-08 -0.00015962292685724248 0.00033572438461398272 5.2373779722072425e-05 1.1911230805590923e-05 1.2331142075058774e-06 -0.00022725433411365705 -0.00019623660521431315 5.4850124755887395e-05
leaf_weight=452 2055 60 100 20 22 63 20 20 22 71 20 143 37 40 31 25 32 50 35 59 21 21 20 116 135 37 101 32 22 529
leaf_count=452 2055 60 100 20 22 63 20 20 22 71 20 143 37 40 31 25 32 50 35 59 21 21 20 116 135 37 101 32 22 529
internal_value=-0.00350193 -0.0256764 -0.0234374 7.02817e-05 -0.00106976 -0.00055932 -0.00235712 -0.00395117 -0.00570959 0.00091666 -0.00299992 0.000153347 -0.000618676 -0.00125197 -0.00167065 -0.00349481 -0.00594726 -0.000924047 -0.0016524 -0.000749995 -0.00216127 -0.004258 -0.00651204 0.00028444 0.000207145 -0.00112844 -0.00246874 -0.0052417 -0.00310164 0.000376161
internal_weight=4411 612 160 3799 258 236 102 82 62 134 40 3541 514 371 334 97 57 237 187 152 93 62 41 3027 2911 327 192 91 59 2584
internal_count=4411 612 160 3799 258 236 102 82 62 134 40 3541 514 371 334 97 57 237 187 152 93 62 41 3027 2911 327 192 91 59 2584
cat_boundaries=0 1 2
cat_threshold=705 522
is_linear=0
shrinkage=0.03


Tree=328
num_leaves=31
num_cat=2
split_feature=0 10 12 19 16 17 7 2 7 10 7 8 0 7 0 8 13 19 3 8 16 5 6 18 16 5 3 7 6 4
split_gain=387.988 18.1247 0.43185 0.508332 0.843628 1.37068 0.565357 0.575724 0.728073 0.484532 0.657673 0.826901 0.435891 1.15232 0.273835 0.371753 0.723892 0.772953 0.671954 0.922849 0.643015 0.924137 0.557347 0.518414 0.450089 0.838601 0.448162 0.388884 0.374577 0.283694
threshold=1.0000000180025095e-35 0.25000000000000011 0.87837969732492682 0 5.5000000000000009 0.29881242682207537 0.080306247054540647 0.075520833333333343 0.062610190050325087 0.93301270189221952 0.051691424267021037 0.10133922723468335 0.52800106982563555 0.086056542320642804 0.66731703608882975 0.20477481889322038 1.0000000180025095e-35 1 0.10677083333333334 0.24450792551719841 4.5000000000000009 0.29513184584178503 0.52396313364055314 0.48088235294117648 27.500000000000004 0.24239350912778906 0.054687500000000007 0.12709435447866013 0.66635944700460847 0.054687500000000007
decision_type=2 2 2 1 2 2 2 2 2 2 2 2 2 2 2 2 2 1 2 2 2 2 2 2 2 2 2 2 2 2
left_child=1 -1 14 12 5 -5 7 9 -9 10 11 -6 -4 -14 15 22 17 20 29 -20 -17 23 -2 -22 25 26 -19 -24 -21 -18
right_child=2 -3 3 4 6 -7 -8 8 -10 -11 -12 -13 13 -15 -16 16 18 24 19 28 21 -23 27 -25 -26 -27 -28 -29 -30 -31
leaf_value=0 1.6344547146152136e-06 0 4.1661896586135968e-05 2.1835384664304299e-06 3.6098374673662136e-06 -0.0002074954779742162 7.7566788480686906e-05 -9.5574439171524874e-05 -0.00020686331129320402 -0.00012654835283333764 0.00012757415676261857 -3.325485517169497e-05 -0.00013211688362131508 8.4746854621720063e-05 0.00087033992565293682 -0.00018673103629984053 4.3299448886321805e-06 -3.4458538169488494e-05 -0.0002107108578505883 0.00041799928841760871 -5.4141566935909437e-06 -0.00016226379741505876 0.00029460137489997713 0.00015276199126580041 0.00012870524890387893 -9.2817189072982181e-05 3.5773358101379826e-05 -1.1403337103929837e-05 -7.4640905348154183e-05 0.00022408139663329573
leaf_weight=577 2441 35 156 26 49 22 94 22 20 28 53 31 20 28 31 21 64 21 37 47 31 35 162 25 97 36 30 27 39 106
leaf_count=577 2441 35 156 26 49 22 94 22 20 28 53 31 20 28 31 21 64 21 37 47 31 35 162 25 97 36 30 27 39 106
internal_value=-0.00350873 -0.0256764 6.23849e-05 -0.000715846 -0.00139436 -0.00512489 -0.000838381 -0.00172906 -0.00485703 -0.000913038 -0.000157893 -0.00187498 0.000476633 -0.00199996 0.000193846 0.000166822 -0.00051443 -0.00156081 0.00054266 -0.00114633 -0.00339341 -0.00260437 0.000319392 -0.000214282 -0.000247421 -0.00182757 0.000647046 0.00188888 0.000558133 0.0017647
internal_weight=4411 612 3799 549 345 48 297 203 42 161 133 80 204 48 3250 3219 589 296 293 123 112 91 2630 56 184 87 51 189 86 170
internal_count=4411 612 3799 549 345 48 297 203 42 161 133 80 204 48 3250 3219 589 296 293 123 112 91 2630 56 184 87 51 189 86 170
cat_boundaries=0 1 2
cat_threshold=778 664
is_linear=0
shrinkage=0.03


Tree=329
num_leaves=31
num_cat=2
split_feature=0 10 8 6 19 5 8 7 18 6 6 6 7 0 0 6 8 3 19 6 6 18 6 7 1 8 6 18 5 0
split_gain=387.512 18.1247 0.402802 0.662821 1.27558 1.25071 0.781079 1.63081 0.904853 0.770773 1.05858 0.569634 0.616328 0.381542 0.466005 0.784791 0.387601 0.427338 0.351141 0.897348 2.38505 1.10994 0.766548 0.717996 1.16668 0.805623 0.551786 0.542699 0.536009 1.07549
threshold=1.0000000180025095e-35 0.25000000000000011 0.20477481889322038 0.42073732718894014 0 0.16937119675456394 0.25928284646248428 0.088419907194990141 0.48088235294117648 0.66635944700460847 0.50921658986175122 0.55253456221198172 0.12709435447866013 0.62953366514144282 0.60199702478080097 0.71013824884792642 0.22119407178140213 0.065104166666666671 1 0.25259812490068334 0.26958525345622125 0.46911764705882358 0.20519397970534159 0.097920479806488284 0.096354166666666671 0.17403941676705595 0.2600985221674878 0.46029411764705885 0.14503042596348886 0.452818509754082
decision_type=2 2 2 2 1 2 2 2 2 2 2 2 2 2 2 2 2 2 1 2 2 2 2 2 2 2 2 2 2 2
left_child=1 -1 11 -4 13 -6 7 -7 -9 10 -8 18 -13 14 16 -16 -5 -18 19 22 21 -21 27 28 25 -25 -23 -2 -22 -30
right_child=2 -3 3 4 5 6 9 8 -10 -11 -12 12 -14 -15 15 -17 17 -19 -20 20 23 26 -24 24 -26 -27 -28 -29 29 -31
leaf_value=0 -9.3563556499853698e-05 0 1.9961306414254918e-05 -8.8061468955169859e-05 1.6628602638378619e-05 -0.00019698578961017718 -0.00038173440471916904 -4.1694834961546515e-05 -0.00031615316179940851 -0.00027021247104549176 3.5613916144462701e-05 0.00030697849105388588 -3.7247083153975253e-05 0.00038558712889596861 -4.0897127969116446e-07 -6.1792712553129382e-05 -1.8497774983561909e-06 0.00010164269498364243 2.6970059177268529e-06 -0.00016999390528709031 6.4708532069577217e-05 -0.00015306125855602757 9.3937807780395923e-05 -0.00083738576519919281 0.00024919203737225066 -0.00014515165760265461 -3.4533230599234833e-05 -5.4716650252790223e-07 -0.00011150700549347728 2.5402325580530484e-06
leaf_weight=577 28 35 149 25 62 20 39 39 24 24 52 151 29 87 38 20 20 119 1832 28 83 21 254 20 27 27 26 288 21 246
leaf_count=577 28 35 149 25 62 20 39 39 24 24 52 151 29 87 38 20 20 119 1832 28 83 21 254 20 27 27 26 288 21 246
internal_value=-0.00352233 -0.0256764 4.65913e-05 -0.000593314 -0.00105975 -0.00255555 -0.00381816 -0.00603607 -0.00366661 -0.00221737 -0.000956033 0.000195716 0.00183332 0.000272727 -0.000378377 -0.00268961 0.000439022 0.00105755 9.41056e-05 -0.000336422 -0.00126853 -0.00619992 0.000473683 -0.000396225 -0.00308104 -0.00593604 -0.00338291 -0.000512656 0.000171428 -0.000483144
internal_weight=4411 612 3799 718 569 260 198 83 63 115 91 3081 180 309 222 58 164 139 2901 1069 499 75 570 424 74 47 47 316 350 267
internal_count=4411 612 3799 718 569 260 198 83 63 115 91 3081 180 309 222 58 164 139 2901 1069 499 75 570 424 74 47 47 316 350 267
cat_boundaries=0 1 2
cat_threshold=38 54
is_linear=0
shrinkage=0.03


Tree=330
num_leaves=31
num_cat=1
split_feature=0 10 0 5 1 18 11 12 4 10 4 4 18 19 4 0 9 5 6 6 11 4 11 9 4 6 8 18 3 12
split_gain=379.68 17.2717 0.493307 1.23124 0.590304 0.415754 0.740851 0.84018 0.401066 0.370168 0.458708 0.361209 0.663829 0.348544 0.513415 0.893063 0.559555 0.51455 0.590462 0.98 1.11852 0.992783 1.04893 0.986543 0.737499 0.649654 1.26147 0.626484 0.594279 0.714269
threshold=1.0000000180025095e-35 0.25000000000000011 0.60947546798558971 0.35801217038539557 0.17447916666666669 0.45735294117647063 -0.5 0.6078576107927941 0.065104166666666671 0.25000000000000011 0.049479166666666671 0.17968750000000003 0.48088235294117648 0 0.013020833333333334 0.4201331308126896 0.41320204230488705 0.040398918187964851 0.25072302558398224 0.30184331797235031 0.25000000000000017 0.070312500000000014 -0.24999999999999994 0.36323851203501106 0.028645833333333336 0.31290322580645169 0.12450006889054512 0.47205882352941181 0.044270833333333336 0.6078576107927941
decision_type=2 2 2 2 2 2 2 2 2 2 2 2 2 1 2 2 2 2 2 2 2 2 2 2 2 2 2 2 2 2
left_child=1 -1 3 4 5 6 7 9 -9 -2 -11 13 -13 -7 15 16 -15 -16 27 20 21 22 -20 25 -25 -21 -27 -19 -28 -30
right_child=2 -3 -4 -5 -6 11 -8 8 -10 10 -12 12 -14 14 17 -17 -18 18 19 23 -22 -23 -24 24 -26 26 28 -29 29 -31
leaf_value=0 7.2160543963046902e-05 0 0.00015306849666405677 -0.00030753981695575008 -7.2833997111031789e-05 2.3663953419223658e-06 5.1341285687996624e-05 -0.00011183936582067753 -2.9518020849746826e-05 1.2376903627200399e-05 -5.0158185451089825e-05 -6.6335871007409326e-05 3.7593975588258904e-05 -0.00013378648413871487 -2.4761599726456748e-05 -0.0002414731625531413 -8.7359465612435214e-07 -1.9036300469698703e-06 -1.5404219428603966e-05 0.00055007319200546132 8.9114694118930764e-05 -0.0001665582239018533 -0.000146737593564374 -7.9162902361810787e-05 5.673915557271385e-05 -0.00014556188075585198 -0.0002790603767535868 8.3030536244445285e-06 1.4341071884311348e-05 -0.00018163677476190832
leaf_weight=564 74 29 248 20 23 870 328 20 25 21 24 22 25 37 24 28 176 211 146 24 109 29 32 31 522 43 26 562 90 36
leaf_count=564 74 29 248 20 23 870 328 20 25 21 24 22 25 37 24 28 176 211 146 24 109 29 32 31 522 43 26 562 90 36
internal_value=-0.00344942 -0.0257858 1.25458e-05 -7.71379e-05 -3.5413e-05 -4.24317e-06 0.000804877 -0.000841458 -0.00433324 0.000478988 -0.00166663 -0.000135064 -0.00274462 -9.41254e-05 -0.000300562 -0.0016058 -0.000943657 -0.000135278 -7.89896e-05 -0.000529411 -0.0019367 -0.00323187 -0.00239324 4.66322e-05 0.000721518 -0.00165753 -0.00223076 0.00055498 -0.000947362 -9.52372e-05
internal_weight=4419 593 3826 3578 3558 3535 492 164 45 119 45 3043 47 2996 2126 241 213 1885 1861 1088 316 207 178 772 553 219 195 773 152 126
internal_count=4419 593 3826 3578 3558 3535 492 164 45 119 45 3043 47 2996 2126 241 213 1885 1861 1088 316 207 178 772 553 219 195 773 152 126
cat_boundaries=0 1
cat_threshold=262
is_linear=0
shrinkage=0.03


Tree=331
num_leaves=31
num_cat=0
split_feature=20 10 20 20 8 16 7 16 18 11 12 3 8 9 6 3 1 7 8 11 6 7 6 20 7 1 7 10 3 8
split_gain=381.528 17.2717 0.446635 1.12606 0.325868 0.829977 0.306916 0.363613 0.273282 0.52567 0.623519 0.537744 0.292835 0.616608 0.649372 0.92076 0.917487 1.63321 0.431785 0.570321 0.547559 0.547034 0.592303 1.4663 0.481121 0.549377 0.889831 0.542561 0.61638 0.454212
threshold=1.0000000180025095e-35 0.25000000000000011 0.60947546798558971 0.60600593573569095 0.36060968689366818 25.500000000000004 0.18502856309113072 27.500000000000004 0.45735294117647063 -0.5 0.6078576107927941 0.070312500000000014 0.20477481889322038 0.80598103574033564 0.42073732718894014 0.044270833333333336 0.10677083333333334 0.089808076667447473 0.19010694606400499 0.6830127018922193 0.25072302558398224 0.052639969885266709 0.24377880184331804 0.40915544381338381 0.031283141932301375 0.075520833333333343 0.11742592553505851 0.25000000000000011 0.044270833333333336 0.10631676495396537
decision_type=2 2 2 2 2 2 2 2 2 2 2 2 2 2 2 2 2 2 2 2 2 2 2 2 2 2 2 2 2 2
left_child=1 -1 3 6 -4 -6 8 -8 9 10 -2 -12 18 14 -14 -16 -17 -18 19 20 -10 22 23 -21 -22 29 27 28 -27 -26
right_child=2 -3 4 -5 5 -7 7 -9 12 -11 11 -13 13 -15 15 16 17 -19 -20 21 24 -23 -24 -25 25 26 -28 -29 -30 -31
leaf_value=0 1.480918273831266e-06 0 0.00023250879407016791 -0.0002028852199732153 -0.00016168884503999233 0.0010690241524100119 -6.9599508515377968e-05 0.0008024962841073328 7.8123540668714112e-07 4.9610152069301698e-05 -3.6862716560473625e-06 -0.00013307655480190574 1.8698460012256487e-05 0.00048029000938789083 -8.6495267634428269e-05 -4.1289075174422502e-07 -0.00030198487994908396 -7.8756900446304294e-06 0.00021577589739562613 1.357700645174549e-05 8.3362373886392013e-05 0.00016776937225362169 0.00015800384444140006 -0.00030978504845924923 4.0763922693948125e-06 -9.2045960812377905e-05 -0.00070791008661607961 0.00013168849047126742 -1.0320233177062618e-06 -4.6110348744754785e-05
leaf_weight=564 119 29 191 26 29 28 22 22 1262 324 20 25 88 34 22 145 21 49 110 66 30 204 60 20 70 21 20 163 120 515
leaf_count=564 119 29 191 26 29 28 22 22 1262 324 20 25 88 34 22 145 21 49 110 66 30 204 60 20 70 21 20 163 120 515
internal_value=-0.00339511 -0.0257858 7.52745e-05 -1.00614e-05 0.00130645 -0.000684198 3.54731e-05 -0.00245449 6.67048e-05 0.000725408 -0.000658532 -0.00366658 -3.9735e-05 -0.000844009 -0.00124615 -0.00206328 -0.00146511 -0.00428565 6.87712e-05 -1.0584e-05 -0.000189459 0.00111428 -0.000287669 -0.0018837 -0.000738018 -0.000861385 0.000129629 0.000532893 -0.000829781 -0.00141025
internal_weight=4419 593 3826 3578 248 57 3552 44 3508 488 164 45 3020 359 325 237 215 70 2661 2551 2201 350 146 86 939 909 324 304 141 585
internal_count=4419 593 3826 3578 248 57 3552 44 3508 488 164 45 3020 359 325 237 215 70 2661 2551 2201 350 146 86 939 909 324 304 141 585
is_linear=0
shrinkage=0.03


Tree=332
num_leaves=31
num_cat=0
split_feature=0 10 7 16 0 0 12 18 0 18 4 1 7 0 4 6 6 18 16 1 10 7 7 6 16 16 12 1 4 7
split_gain=381.76 17.2717 0.505261 2.23397 0.482663 0.614165 0.456832 0.303812 0.278244 0.793914 0.597632 0.442149 0.766351 1.37412 0.282345 0.262605 0.7078 0.539362 0.538727 0.482491 0.740141 0.592227 0.76559 0.507767 0.821399 1.20845 0.586353 0.440993 0.550649 0.406882
threshold=1.0000000180025095e-35 0.25000000000000011 0.18502856309113072 26.500000000000004 0.60947546798558971 0.60600593573569095 -0.60785761079279388 0.45735294117647063 0.41625612619461377 0.4485294117647059 0.049479166666666671 0.059895833333333336 0.10150446750004584 0.57496635349083125 0.059895833333333336 0.24182424916573975 0.21787360105332459 0.46029411764705885 2.5000000000000004 0.023437500000000003 0.25000000000000011 0.034460949511347018 0.036021049769851064 0.27419354838709686 28.500000000000004 13.500000000000002 -1.0000000180025095e-35 0.065104166666666671 0.039062500000000007 0.075179065199974346
decision_type=2 2 2 2 2 2 2 2 2 2 2 2 2 2 2 2 2 2 2 2 2 2 2 2 2 2 2 2 2 2
left_child=1 -1 4 -4 5 7 -5 8 9 10 -2 -10 14 -14 -13 16 17 -9 -17 20 -20 -21 -23 24 25 -24 -26 28 -28 -25
right_child=2 -3 3 6 -6 -7 -8 15 11 -11 -12 12 13 -15 -16 18 -18 -19 19 21 -22 22 23 29 26 -27 27 -29 -30 -31
leaf_value=0 -3.5394992006661954e-06 0 -0.00031470188707936756 -4.0225532921711963e-05 0.0001900991803299304 -9.821778697505443e-05 0.00056114416361862057 -7.3375793045702602e-05 5.0067665012737403e-05 5.5509774135819013e-05 -5.2979106783491746e-05 2.4471739457242033e-06 -0.00021971371966502304 2.2285225968257646e-05 0.00012751974067113034 -2.2122732821273562e-05 0.00011788773055010266 7.1944443700370878e-08 4.772356303313989e-05 0.00027724768020895936 -0.00010239060552018963 -0.00022523450062026187 -2.7896454886791072e-05 1.6319648068989414e-05 3.6614340609108245e-05 -0.00014577700114040923 2.6635651538727838e-05 7.1932724108305274e-05 -0.00034423032627993715 -7.9498746003046304e-06
leaf_weight=564 40 29 35 23 193 23 44 24 221 72 21 34 24 25 51 86 270 1037 23 55 20 20 45 606 88 40 23 40 39 604
leaf_count=564 40 29 35 23 193 23 44 24 221 72 21 34 24 25 51 86 270 1037 23 55 20 20 45 606 88 40 23 40 39 604
internal_value=-0.00338832 -0.0257858 8.31156e-05 -0.00199998 0.000140172 6.03229e-05 0.00120894 9.23604e-05 0.000786884 -0.000383456 -0.00290159 0.00122535 -0.000134327 -0.00312239 0.00158822 -1.98674e-05 0.000295267 -5.37227e-05 -0.000268206 -0.000144105 -0.00327899 -5.76922e-05 -0.000169435 -9.09089e-05 -0.00125454 -0.00370584 -0.000157894 -0.00170587 -0.00329027 0.000173554
internal_weight=4419 593 3826 102 3724 3531 67 3508 488 133 61 355 134 49 85 3020 1331 1061 1689 1603 43 1560 1505 1485 275 85 190 102 62 1210
internal_count=4419 593 3826 102 3724 3531 67 3508 488 133 61 355 134 49 85 3020 1331 1061 1689 1603 43 1560 1505 1485 275 85 190 102 62 1210
is_linear=0
shrinkage=0.03


Tree=333
num_leaves=31
num_cat=1
split_feature=0 10 0 5 1 19 4 4 13 17 17 9 10 10 3 3 2 2 18 3 4 9 3 2 12 9 9 8 5 1
split_gain=381.76 17.2717 0.532484 1.25359 0.607045 0.322254 0.494322 0.453534 0.431654 0.715745 0.644006 0.422924 0.43219 0.543223 0.358816 0.317061 1.15852 0.488597 0.399444 0.602747 0.835028 0.468377 0.391001 0.505583 0.467501 0.930281 0.388456 0.4061 0.383042 0.352869
threshold=1.0000000180025095e-35 0.25000000000000011 0.60947546798558971 0.35801217038539557 0.17447916666666669 0 0.013020833333333334 0.20052083333333334 1.0000000180025095e-35 0.33310749330662537 0.3358437579780445 0.68490153172866541 1.0000000180025095e-35 0.68301270189221941 0.018229166666666668 0.14322916666666669 0.12239583333333334 0.11197916666666667 0.47205882352941181 0.070312500000000014 0.096354166666666671 0.83916849015317307 0.013020833333333334 0.028645833333333336 1.0000000180025095e-35 0.64697301239970828 0.22137126185266232 0.11389472806119225 0.16937119675456394 0.028645833333333336
decision_type=2 2 2 2 2 1 2 2 2 2 2 2 2 2 2 2 2 2 2 2 2 2 2 2 2 2 2 2 2 2
left_child=1 -1 3 4 5 14 8 15 9 -7 11 12 -10 -14 -2 17 -17 18 19 20 21 22 -8 -24 28 26 -26 -28 -25 -21
right_child=2 -3 -4 -5 -6 6 7 -9 10 -11 -12 -13 13 -15 -16 16 -18 -19 -20 29 -22 -23 23 24 25 -27 27 -29 -30 -31
leaf_value=0 7.5555661486025898e-05 0 0.00013579820253212873 -0.00031774202951616478 -7.4842788918575893e-05 1.0151108895810206e-06 5.3150408841470293e-05 -1.6771389325958166e-05 -3.7691369692405407e-05 -0.00028978160991159776 6.9061189179269494e-05 -1.4827340019509868e-05 -0.00024388893272014921 -2.5650611165936612e-05 1.8416807000449558e-06 2.9486570033305787e-05 -6.848344952134166e-05 9.7712410107597596e-05 2.8826408560810929e-06 -5.5326359055106826e-05 -9.7522552444143388e-05 0.00021913868366492016 -4.9885623820143898e-05 4.7008097805369243e-06 -2.7270186552924382e-05 -0.00015519358551223779 -1.9742041250106319e-05 7.3617991556933833e-05 -0.00032896171389269801 1.0644214320953324e-05
leaf_weight=564 180 29 248 20 23 101 31 20 20 28 23 25 20 26 1236 43 23 118 1088 23 30 52 29 160 20 38 27 39 28 107
leaf_count=564 180 29 248 20 23 101 31 20 20 28 23 25 20 26 1236 43 23 118 1088 23 30 52 29 160 20 38 27 39 28 107
internal_value=-0.00338832 -0.0257858 8.31156e-05 -1.00614e-05 3.20406e-05 6.36493e-05 -0.000170502 -6.39647e-06 -0.00144444 -0.000255812 -0.00278945 -0.00392303 -0.00518174 -0.00678246 0.000412342 4.2026e-05 -0.00199997 0.000117318 -1.43539e-05 -0.000647259 -0.00116299 -0.000820753 -0.00119355 -0.0014868 -0.00113461 -0.0025645 -0.000837199 0.000272723 -0.000191488 0.00115384
internal_weight=4419 593 3826 3578 3558 3535 2119 1876 243 129 114 91 66 46 1416 1856 66 1790 1672 584 454 424 372 341 312 124 86 66 188 130
internal_count=4419 593 3826 3578 3558 3535 2119 1876 243 129 114 91 66 46 1416 1856 66 1790 1672 584 454 424 372 341 312 124 86 66 188 130
cat_boundaries=0 1
cat_threshold=390
is_linear=0
shrinkage=0.03


Tree=334
num_leaves=31
num_cat=0
split_feature=20 10 7 20 12 6 5 9 13 5 3 6 4 9 7 18 7 1 4 18 4 3 20 6 3 6 5 5 18 7
split_gain=383.613 17.2717 0.385217 0.908395 0.895777 0.438288 0.417622 0.46669 0.347075 0.794593 0.481923 0.84104 0.770232 0.690453 0.694571 0.493584 0.429517 0.57922 0.588383 0.560215 0.398311 0.714594 0.949544 0.674014 0.386984 1.59299 0.350467 0.345087 0.486982 0.375887
threshold=1.0000000180025095e-35 0.25000000000000011 0.19614921917087011 0.66731703608882975 1.0000000180025095e-35 0.4806451612903227 0.34584178498985801 0.47191830780452232 -0.56174490092936669 0.32961460446247465 0.044270833333333336 0.34331797235023048 0.10156250000000001 0.78264040846097749 0.050725144218469499 0.46911764705882358 0.077483937672895853 0.028645833333333336 0.028645833333333336 0.48970588235294121 0.049479166666666671 0.023437500000000003 0.39789993807232954 0.179961862386779 0.080729166666666671 0.53963133640553018 0.086206896551724158 0.043610547667342806 0.47205882352941181 0.02611026060480048
decision_type=2 2 2 2 2 2 2 2 2 2 2 2 2 2 2 2 2 2 2 2 2 2 2 2 2 2 2 2 2 2
left_child=1 -1 6 4 5 -4 8 -8 9 10 11 13 -12 16 -15 -14 17 18 -2 20 21 23 -23 -19 -17 -26 -20 28 -10 -29
right_child=2 -3 3 -5 -6 -7 7 -9 27 -11 12 -13 15 14 -16 24 -18 19 26 -21 -22 22 -24 -25 25 -27 -28 29 -30 -31
leaf_value=0 2.7028440923722151e-05 0 0.00088070011926858806 0.00066841666267467492 -0.00035610763165388364 -0.00014642784905515585 -3.4218310637047318e-05 0.00027430715778629407 -3.7494451984475194e-05 -9.9474489399154696e-05 4.2215486679628162e-06 -0.00012919835340025724 -4.761791380568813e-05 -0.00017564267427105462 1.69619608965179e-06 9.5346949064549583e-05 0.00023884263424450006 -0.00010821415151379746 -0.00015100581824226838 0.00015384766267443473 7.2223450928390636e-07 -4.0688234364362438e-05 -0.00026730914387058404 0.00053809627313836995 -0.00013749094880114961 0.00033381984122139968 0.00024208319260370711 8.0771318341768666e-05 -1.3966213065834015e-06 1.9376191004242722e-06
leaf_weight=564 94 29 22 25 20 20 30 186 21 24 408 31 35 22 25 42 35 25 32 50 47 22 32 22 21 23 20 136 56 2300
leaf_count=564 94 29 22 25 20 20 30 186 21 24 408 31 35 22 25 42 35 25 32 50 47 22 32 22 21 23 20 136 56 2300
internal_value=-0.00333401 -0.0257858 0.000145844 -0.00182757 -0.00377413 -0.00128568 0.000191763 0.00147222 0.000113256 -0.000356435 -0.000225152 -0.000938729 0.000391304 -0.000591548 -0.00402119 -0.00171073 -0.000166226 -0.000488371 0.000945199 -0.00154545 -0.00247296 -0.00353462 -0.00588878 -0.000829769 -0.000488366 -0.00245449 -0.00161535 0.000302029 -0.0016753 0.000364532
internal_weight=4419 593 3826 87 62 42 3739 216 3523 1010 986 457 529 426 47 121 379 344 146 198 148 101 54 47 86 44 52 2513 77 2436
internal_count=4419 593 3826 87 62 42 3739 216 3523 1010 986 457 529 426 47 121 379 344 146 198 148 101 54 47 86 44 52 2513 77 2436
is_linear=0
shrinkage=0.03


Tree=335
num_leaves=31
num_cat=2
split_feature=0 10 12 2 6 3 17 8 0 0 12 0 19 6 6 6 10 4 8 17 17 5 19 17 17 10 3 17 3 3
split_gain=402.067 14.7613 0.51596 0.493036 0.539035 0.444021 0.481893 0.63315 0.74653 1.14221 1.52178 0.644942 0.398309 1.17259 2.19277 0.613842 0.482668 0.457051 0.435028 0.431758 0.825681 0.429327 0.378838 0.870235 1.3859 0.417564 0.487994 1.00591 0.734221 0.72612
threshold=1.0000000180025095e-35 0.25000000000000011 -0.60785761079279388 0.065104166666666671 0.58571428571428585 0.23177083333333334 0.16173091651774321 0.34438673485346721 0.67858564256313125 0.53840388049425569 1.0000000180025095e-35 0.61229581972090841 0 0.2898617511520738 0.39493087557603695 0.34147465437788027 -0.6830127018922193 0.018229166666666668 0.13549404229770393 0.30080198603787212 0.29292738108862354 0.19168356997971606 1 0.23261850055314445 0.21453493319717479 0.25000000000000011 0.096354166666666671 0.28818823929878318 0.054687500000000007 0.018229166666666668
decision_type=2 2 2 2 2 2 2 2 2 2 2 2 1 2 2 2 2 2 2 2 2 2 1 2 2 2 2 2 2 2
left_child=1 -1 3 4 12 6 -4 11 9 -9 -11 22 13 16 15 -15 -2 -18 19 20 -14 -21 25 24 -24 26 28 -28 29 -8
right_child=2 -3 5 -5 -6 -7 7 8 -10 10 -12 -13 18 14 -16 -17 17 -19 -20 21 -22 -23 23 -25 -26 -27 27 -29 -30 -31
leaf_value=0 -0.00010806251672257357 0 5.6823159139034796e-05 7.3515616882382067e-05 -9.6336600659456005e-05 -9.346540931223077e-05 7.63909347964465e-05 2.9856235955704079e-05 0.00085240569342089675 1.2929481103365848e-06 -0.00022421088941462048 0.00027785586552022816 6.8513455152886491e-07 -0.00029106046707955678 0.00025507167676620921 -0.0001990450817919742 -0.00010381218221949805 0.0001895797188270968 0.00010012347433630921 3.3031614103398974e-05 -0.00020387653468211599 -1.6189606605543954e-05 -2.2406814799318835e-06 -1.6157714577784061e-06 -0.00017554255486106464 1.2541234136288849e-05 0.0001756445594684805 -0.00011120242459401247 0.00014173207622289783 -0.0001003720525749569
leaf_weight=589 57 31 65 263 20 20 36 38 20 25 31 115 72 28 29 21 41 148 149 195 28 20 37 1441 24 482 24 32 134 194
leaf_count=589 57 31 65 263 20 20 36 38 20 25 31 115 72 28 29 21 41 148 149 195 28 20 37 1441 24 482 24 32 134 194
internal_value=-0.00349127 -0.0258871 0.000173397 0.000731092 0.000363861 -4.63575e-05 -1.33431e-05 -7.63386e-05 -0.00226314 -0.00338294 -0.00610703 2.26281e-05 0.000487309 -0.000323352 -0.00353842 -0.00740801 0.000682924 0.00141269 0.00103797 0.00042857 -0.00119999 0.00118604 -8.23626e-05 -0.000373016 -0.00388518 0.000401315 -0.000285713 -0.00289281 0.000115384 -0.000913039
internal_weight=4409 620 3789 1071 808 2718 2698 2633 114 94 56 2519 788 324 78 49 246 189 464 315 100 215 2404 1502 61 902 420 56 364 230
internal_count=4409 620 3789 1071 808 2718 2698 2633 114 94 56 2519 788 324 78 49 246 189 464 315 100 215 2404 1502 61 902 420 56 364 230
cat_boundaries=0 1 2
cat_threshold=338 802
is_linear=0
shrinkage=0.03


Tree=336
num_leaves=31
num_cat=1
split_feature=20 16 12 13 9 20 16 12 19 16 1 17 20 16 8 7 7 7 17 6 11 17 17 1 5 6 17 8 17 8
split_gain=402.067 3.28495 2.14828 1.22534 0.598728 1.00113 1.15265 0.64007 0.708183 0.72332 0.791612 0.645925 1.17899 0.611788 0.605319 0.748623 1.08476 0.426202 2.10262 0.479922 0.426681 0.603604 0.459555 0.422667 0.474919 0.411065 0.588318 0.689908 0.835994 0.958839
threshold=1.0000000180025095e-35 29.500000000000004 -1.0000000180025095e-35 1.0000000180025095e-35 0.20459518599562362 0.51155345578130385 18.500000000000004 -0.60785761079279388 0 4.5000000000000009 0.054687500000000007 0.23261850055314445 0.47298069797152514 1.5000000000000002 0.069568684979274639 0.034460949511347018 0.025470728557720042 0.12709435447866013 0.33864730188447328 0.38202764976958536 -0.9330127018922193 0.30945715551721215 0.28478427367883591 0.15364583333333334 0.35598377281947263 0.36635944700460837 0.30666575698619936 0.13362524250080873 0.28478427367883591 0.11775028083749341
decision_type=2 2 2 2 2 2 2 2 1 2 2 2 2 2 2 2 2 2 2 2 2 2 2 2 2 2 2 2 2 2
left_child=1 -1 -3 -4 5 25 -7 14 17 10 -10 12 -11 -12 15 16 -6 19 -19 20 21 22 -9 24 -13 26 27 28 -2 -30
right_child=4 2 3 -5 7 6 -8 8 9 11 13 23 -14 -15 -16 -17 -18 18 -20 -21 -22 -23 -24 -25 -26 -27 -28 -29 29 -31
leaf_value=0 6.8832887067548954e-05 0 0 0 1.3501598685304572e-05 -9.9380451892025807e-05 -9.7320200019385034e-06 -4.324093586684863e-05 -1.0013583464484251e-06 1.3223082676857855e-05 -1.4335118429573671e-05 4.0642814545163291e-08 -0.00019166958866921244 -0.00017743873226333117 3.1329255254446084e-05 0.00036207324699217696 -0.0003736284782584684 -0.00012234989252400092 8.9328309864612616e-05 0.0001903223184282283 6.0261654017986701e-06 -0.00020252532915612334 0.00012460975575827215 0.00049190028779893689 -0.00017330678450110115 6.0897600056581629e-05 3.6386517159415278e-06 -3.1769655011778297e-05 -6.2294625100696341e-05 3.2995576738814951e-06
leaf_weight=503 40 40 38 39 32 20 29 20 66 54 23 1185 37 42 876 23 24 22 51 258 550 30 27 59 31 69 132 33 25 31
leaf_count=503 40 40 38 39 32 20 29 20 66 54 23 1185 37 42 876 23 24 22 51 258 550 30 27 59 31 69 132 33 25 31
internal_value=-0.00349127 -0.0258871 -0.0213588 -0.0184283 0.000173397 -0.000957781 -0.00495908 0.00029912 4.277e-05 -0.0003643 -0.00249616 -0.000162518 -0.00260437 -0.00484608 0.000958114 -0.00155694 -0.00342851 0.000675619 -0.00152053 0.000864406 0.000416267 -0.0016753 0.000446799 1.17648e-05 -0.000108552 -0.000363635 -0.000908042 -0.00234882 -0.00106249 -0.00342851
internal_weight=4409 620 117 77 3789 379 49 3410 2455 1497 131 1366 91 65 955 79 56 958 73 885 627 77 47 1275 1216 330 261 129 96 56
internal_count=4409 620 117 77 3789 379 49 3410 2455 1497 131 1366 91 65 955 79 56 958 73 885 627 77 47 1275 1216 330 261 129 96 56
cat_boundaries=0 1
cat_threshold=354
is_linear=0
shrinkage=0.03


Tree=337
num_leaves=31
num_cat=1
split_feature=0 10 9 7 14 8 8 7 7 7 19 9 8 10 10 6 11 7 7 1 9 9 7 0 16 11 17 15 6 4
split_gain=402.067 14.7613 0.446106 0.698462 0.574229 0.555464 0.390586 0.629051 1.14398 0.457547 0.47703 0.73548 0.649193 1.02189 0.894129 0.576165 0.452308 0.399957 0.379689 0.370813 0.334512 0.517563 0.471949 0.441421 1.97796 0.600399 0.90348 0.533358 0.438676 0.43422
threshold=1.0000000180025095e-35 0.25000000000000011 0.1203501094091904 0.053262949793462168 1.0000000180025095e-35 0.114683379880801 0.069568684979274639 0.034460949511347018 0.026939363447750605 0.065904323980221752 0 0.69146608315098479 0.13549404229770393 0.68301270189221941 0.68301270189221941 0.50000000000000022 -0.5 0.10298321911602835 0.022973966340897985 0.028645833333333336 0.51239970824215908 0.5977388767323123 0.19614921917087011 0.53546325041373666 20.500000000000004 -0.9330127018922193 0.31464967031419194 1.0000000180025095e-35 0.63271889400921666 0.013020833333333334
decision_type=2 2 2 2 2 2 2 2 2 2 1 2 2 2 2 2 2 2 2 2 2 2 2 2 2 2 2 2 2 2
left_child=1 -1 3 18 20 -5 7 8 -6 -8 16 12 14 15 -12 -14 -11 -15 -2 -7 23 29 28 25 -25 26 -4 -27 -23 -22
right_child=2 -3 4 5 6 19 9 -9 -10 10 11 -13 13 17 -16 -17 -18 -19 -20 -21 21 22 -24 24 -26 27 -28 -29 -30 -31
leaf_value=0 -1.3980032878866001e-06 0 -3.2869400170668978e-06 -0.00017514268761214884 6.9944316359066369e-06 8.432243666724442e-05 5.1100248843844926e-05 0.00035121104958241194 -0.00041230619539437259 -3.7422169075175701e-06 -0.00018495820652236089 4.9118312011853372e-05 7.8597262606065995e-05 -8.6951692483138304e-06 0.00041027395503907214 -5.8569576734783399e-05 0.00018796874962085915 -0.0002907385706463762 0.00017400312426824087 -5.4494834634783918e-05 -1.2637003375735244e-06 -1.8488965934231826e-06 -0.00013694358910687149 -0.00012141486695105122 6.7622629548514228e-06 4.6861054991797307e-06 -0.00027126019635327143 -9.386952950577189e-05 6.4327014682032075e-05 3.2378058175022261e-05
leaf_weight=589 21 31 75 20 35 28 475 23 21 78 27 55 72 20 21 27 144 20 59 46 81 1054 25 39 105 547 27 32 103 509
leaf_count=589 21 31 75 20 35 28 475 23 21 78 27 55 72 20 21 27 144 20 59 46 81 1054 25 39 105 547 27 32 103 509
internal_value=-0.00349127 -0.0258871 0.000173397 -0.00131034 0.000244813 -0.0030638 0.000848722 -0.0011772 -0.00289281 0.00101917 0.000349137 -0.000571426 -0.00149197 -0.000453234 -0.00449991 0.00118181 0.00131896 -0.00449989 0.000749991 -0.00186484 8.08636e-06 0.000240406 -0.000121827 -0.000490908 -0.00199999 -0.000171806 -0.00229409 0.000202072 -3.37077e-05 0.0009661
internal_weight=4409 620 3789 174 3615 94 1018 79 56 939 464 242 187 139 48 99 222 40 80 74 2597 1772 1182 825 144 681 102 579 1157 590
internal_count=4409 620 3789 174 3615 94 1018 79 56 939 464 242 187 139 48 99 222 40 80 74 2597 1772 1182 825 144 681 102 579 1157 590
cat_boundaries=0 1
cat_threshold=550
is_linear=0
shrinkage=0.03


Tree=338
num_leaves=31
num_cat=1
split_feature=0 10 12 3 17 17 17 18 19 17 4 3 7 1 0 0 3 10 18 3 13 5 4 18 17 3 11 1 4 16
split_gain=401.578 14.7613 0.493677 0.441823 0.486102 0.443289 0.983222 0.5317 0.522893 1.06297 0.573899 0.53794 1.12693 0.555006 0.606709 0.471826 0.495923 0.484101 0.746939 0.735457 0.880515 0.853676 1.20132 0.715753 0.485561 0.641893 0.474502 0.465016 0.459287 0.66256
threshold=1.0000000180025095e-35 0.25000000000000011 -0.60785761079279388 0.23177083333333334 0.16173091651774321 0.23261850055314445 0.21453493319717479 0.46911764705882358 0 0.4564717896349248 0.14322916666666669 0.013020833333333334 0.040882472730218208 0.096354166666666671 0.50532152180681911 0.61636054089337511 0.018229166666666668 0.25000000000000011 0.43382352941176472 0.044270833333333336 -0.22252093395631442 0.13286004056795134 0.049479166666666671 0.48088235294117648 0.31173942643179314 0.10156250000000001 0.6830127018922193 0.028645833333333336 0.044270833333333336 18.500000000000004
decision_type=2 2 2 2 2 2 2 2 1 2 2 2 2 2 2 2 2 2 2 2 2 2 2 2 2 2 2 2 2 2
left_child=1 -1 -2 4 -4 6 7 -6 9 10 11 12 -7 14 28 16 -10 19 -19 20 21 23 -23 27 -21 -26 -20 -18 -13 -30
right_child=2 -3 3 -5 5 8 -8 -9 15 -11 -12 13 -14 -15 -16 -17 17 18 26 24 -22 22 -24 -25 25 -27 -28 -29 29 -31
leaf_value=0 1.0087795009628693e-05 0 5.427897763683236e-05 -9.532034512860964e-05 -3.0869110346331612e-05 2.6183070811101598e-05 -0.00010877299795089933 0.00010201165448261018 5.8846089969078423e-05 -0.00016773822250887901 -8.7828038396596964e-05 3.4165873122786592e-06 -5.2412575437106418e-05 0.0002407176901276113 -0.00025657313943960332 0.00025778795304489224 -7.7806165276789698e-06 -7.395479182695782e-05 1.5716295891113753e-06 1.7259978563478799e-05 1.1991497212287643e-06 -0.00026033617233081738 -4.9093479555603492e-05 0.00057004990731511712 -1.0873318721640188e-06 -0.00019957264675492313 0.00017374775157894746 -0.00026721183998277209 3.9548369155374966e-06 -0.00011058788102008527
leaf_weight=589 1071 31 65 20 38 44 42 44 164 20 27 371 29 50 22 110 29 23 645 255 124 22 27 21 192 30 112 21 70 101
leaf_count=589 1071 31 65 20 38 44 42 44 164 20 27 371 29 50 22 110 29 23 645 255 124 22 27 21 192 30 112 21 70 101
internal_value=-0.00350488 -0.0258871 0.000157561 -5.7395e-05 -2.44624e-05 -8.77325e-05 -0.00183869 7.31699e-05 -1.19558e-06 -0.000669354 -0.000487394 -0.000318777 -0.00275339 -2.93158e-05 -0.000297872 0.000277311 0.000153153 -1.79879e-05 0.000499999 -0.000578362 -0.00191802 -0.00374997 -0.00679578 -0.00164786 0.000106918 -0.000918915 0.000661822 -0.00359993 -9.96307e-05 -0.00138596
internal_weight=4409 620 3789 2718 2698 2633 124 82 2509 734 714 687 73 614 564 1775 1665 1501 780 721 244 120 49 71 477 222 757 50 542 171
internal_count=4409 620 3789 2718 2698 2633 124 82 2509 734 714 687 73 614 564 1775 1665 1501 780 721 244 120 49 71 477 222 757 50 542 171
cat_boundaries=0 1
cat_threshold=21
is_linear=0
shrinkage=0.03


Tree=339
num_leaves=31
num_cat=0
split_feature=0 9 12 13 9 17 17 3 11 3 12 3 8 7 7 17 17 8 12 0 0 17 17 13 18 1 8 6 8 9
split_gain=404.269 0.664543 1.03079 0.683108 0.652808 0.554543 0.713023 0.612695 0.786448 0.678606 0.484971 0.632247 0.412822 0.629051 1.14398 0.378537 0.32588 0.603186 1.09989 0.79362 1.28323 0.684006 0.30183 0.783031 0.511269 0.378603 0.722206 1.01493 1.07459 0.554628
threshold=1.0000000180025095e-35 0.36725018234865076 -1.0000000180025095e-35 -0.22252093395631442 0.13785557986870897 0.30383011593121384 0.3358437579780445 0.023437500000000003 0.25000000000000017 0.049479166666666671 -0.60785761079279388 0.22135416666666669 0.069568684979274639 0.034460949511347018 0.026939363447750605 0.15534848098034212 0.16173091651774321 0.34438673485346721 1.0000000180025095e-35 0.65204532230327683 0.54033000023206745 0.42051740277423205 0.3752021104586844 -0.22252093395631442 0.48676470588235299 0.12760416666666669 0.20833669660143139 0.44930875576036872 0.26495406874879129 0.5977388767323123
decision_type=2 2 2 2 2 2 2 2 2 2 2 2 2 2 2 2 2 2 2 2 2 2 2 2 2 2 2 2 2 2
left_child=1 -1 -3 -4 5 7 -7 -2 -9 -10 12 16 13 14 -6 -14 -12 21 -19 20 -20 22 25 24 -24 26 -18 -28 29 -29
right_child=4 2 3 -5 10 6 -8 8 9 -11 11 -13 15 -15 -16 -17 17 18 19 -21 -22 -23 23 -25 -26 -27 27 28 -30 -31
leaf_value=0 -3.1557653160905878e-05 0 0 0 6.4819648365405195e-06 9.119430688513511e-06 -7.9010919900433717e-05 2.2463922365409199e-06 2.1485389425232706e-06 -4.3555937559452077e-05 6.7701843545372978e-05 -8.6000646406653346e-05 -0.00012453106304241909 0.00034037208424465138 -0.00040023964338283056 3.3110785136518706e-05 1.2985950552518037e-06 4.1802510429442369e-05 -1.7312377293857899e-05 3.6501881023856194e-06 -0.00030891551836647777 0.00020843745126824519 -9.2674904286555346e-05 0.00013971153128601924 -5.7128549341012342e-05 0.00010703174783619573 2.7862625130824447e-05 -3.9937282313760552e-05 3.2140077526820102e-05 -0.00026100708022223901
leaf_weight=438 20 77 23 82 35 84 25 47 25 29 55 23 20 23 21 903 1893 43 20 21 22 77 27 67 23 140 54 33 29 30
leaf_count=438 20 77 23 82 35 84 25 47 25 29 55 23 20 23 21 903 1893 43 20 21 22 77 27 67 23 140 54 33 29 30
internal_value=-0.00343003 -0.0258871 -0.0243625 -0.0224284 0.000244656 -0.00130434 0.000247704 -0.00270246 -0.00175246 -0.00422214 0.00034476 0.000125538 0.000904191 -0.0011772 -0.00289281 0.00108234 0.000170481 0.000119806 -0.00209432 -0.00461897 -0.00699983 0.000218711 0.000125436 -0.00135896 -0.00419992 0.00020514 0.00010152 -0.00193149 -0.00384778 -0.00604752
internal_weight=4409 620 182 105 3789 230 109 121 101 54 3559 2557 1002 79 56 923 2534 2479 106 63 42 2373 2296 117 50 2179 2039 146 92 63
internal_count=4409 620 182 105 3789 230 109 121 101 54 3559 2557 1002 79 56 923 2534 2479 106 63 42 2373 2296 117 50 2179 2039 146 92 63
is_linear=0
shrinkage=0.03


Tree=340
num_leaves=31
num_cat=1
split_feature=0 10 7 16 9 6 9 18 18 1 17 0 16 7 17 2 6 4 4 19 8 0 7 4 4 16 0 0 6 2
split_gain=393.104 16.9804 0.601076 1.34355 1.06732 0.753378 0.627923 0.805907 0.909168 1.02946 1.04371 0.617178 0.63396 0.650145 0.901283 0.749137 0.561384 0.55585 0.687845 0.551503 0.728974 2.05707 0.519055 0.499991 0.793934 0.468956 0.457425 0.435318 0.478361 0.355418
threshold=1.0000000180025095e-35 0.25000000000000011 0.16947311116436589 25.500000000000004 0.80598103574033564 0.59032258064516141 0.51239970824215908 0.4661764705882353 0.48382352941176471 0.091145833333333343 0.32010041698578856 0.42369932437088859 26.500000000000004 0.066733341775971358 0.30177791742764942 0.049479166666666671 0.32119815668202772 0.018229166666666668 0.11197916666666667 0 0.12558172954289096 0.45871292428797134 0.053081945743596072 0.044270833333333336 0.054687500000000007 12.500000000000002 0.37409980390052772 0.39395212316942613 0.72995391705069135 0.065104166666666671
decision_type=2 2 2 2 2 2 2 2 2 2 2 2 2 2 2 2 2 2 2 1 2 2 2 2 2 2 2 2 2 2
left_child=1 -1 6 5 -5 -4 7 27 9 17 -11 -10 13 16 -15 -16 -13 25 19 20 23 -22 -14 -19 -25 -9 -27 29 -29 -2
right_child=2 -3 3 4 -6 -7 -8 8 11 10 -12 12 22 14 15 -17 -18 18 -20 -21 21 -23 -24 24 -26 26 -28 28 -30 -31
leaf_value=0 4.7513073465420934e-06 0 -0.00034289585907313925 5.0225700939500562e-05 -0.00017365723872435739 -0.00011073799996308658 3.7372702030035832e-06 -0.00013017857024714508 9.5245604837978069e-05 -4.8538187041181129e-05 -1.6216698290276383e-05 0.00031944392522052626 -2.399002042075595e-05 2.0648655205205977e-06 -0.00019414964126492643 -4.4500256093235042e-05 -6.2322645998104961e-05 3.1131590748123322e-05 -9.1478919358044331e-05 1.0682268469876476e-05 -0.00023171703873061945 3.752127914247235e-05 0.000138637605920069 -0.00026738805382617601 0.00012146493298027632 -0.00012242632761135961 0.00010842645738507444 4.7004516921393418e-05 -8.7385611539560871e-05 -3.5030587573566098e-05
leaf_weight=580 56 32 20 75 20 22 2362 20 162 22 21 32 25 36 22 21 25 96 40 144 35 35 102 21 27 38 20 254 20 26
leaf_count=580 56 32 20 75 20 22 2362 20 162 22 21 32 25 36 22 21 25 96 40 144 35 35 102 21 27 38 20 254 20 26
internal_value=-0.00346112 -0.0257745 0.000133456 -0.0018175 0.000157893 -0.00628556 0.000206445 -0.000323077 -0.000781779 -0.00162427 -0.00606963 0.000247058 -0.000650188 -0.00207351 -0.00383539 -0.00676728 0.000368415 -0.00122269 -0.000768842 -0.000351954 -0.00128571 -0.00385709 0.000874009 -0.000124999 -0.00262495 -0.00353842 -0.00217238 0.000893256 0.00146715 -0.00102438
internal_weight=4411 612 3799 137 95 42 3662 1300 944 519 43 425 263 136 79 43 57 476 398 358 214 70 127 144 48 78 58 356 274 82
internal_count=4411 612 3799 137 95 42 3662 1300 944 519 43 425 263 136 79 43 57 476 398 358 214 70 127 144 48 78 58 356 274 82
cat_boundaries=0 1
cat_threshold=409
is_linear=0
shrinkage=0.03


Tree=341
num_leaves=31
num_cat=0
split_feature=0 10 9 7 9 18 5 18 4 0 5 9 4 13 10 0 1 4 9 3 17 5 0 7 7 4 7 4 18 17
split_gain=394.063 16.9804 0.434694 0.558468 1.32668 0.479467 0.61052 0.607931 1.09354 0.74992 0.57697 0.625693 0.549538 0.670619 0.56786 0.513915 0.509567 0.502554 0.973902 0.474908 0.321519 0.314226 0.46746 0.528419 0.742511 0.507733 1.05177 0.462624 0.43307 0.296768
threshold=1.0000000180025095e-35 0.25000000000000011 0.51239970824215908 0.19614921917087011 0.8231218088986143 0.4661764705882353 0.32961460446247465 0.48382352941176471 0.11197916666666667 0.47556016327877837 0.12018255578093308 0.13785557986870897 0.018229166666666668 -0.56174490092936669 1.0000000180025095e-35 0.39395212316942613 0.091145833333333343 0.049479166666666671 0.39897884755652818 0.11197916666666667 0.32478086971321596 0.16734279918864101 0.36643735909897551 0.074370269331996156 0.047824124604727077 0.044270833333333336 0.057482738463101604 0.033854166666666671 0.47500000000000003 0.42051740277423205
decision_type=2 2 2 2 2 2 2 2 2 2 2 2 2 2 2 2 2 2 2 2 2 2 2 2 2 2 2 2 2 2
left_child=1 -1 5 29 -5 6 15 8 12 -10 -9 -12 13 -7 -15 -2 21 18 20 -19 -13 22 -14 24 28 27 -27 -26 -24 -4
right_child=2 -3 3 4 -6 7 -8 10 9 -11 11 17 16 14 -16 -17 -18 19 -20 -21 -22 -23 23 -25 25 26 -28 -29 -30 -31
leaf_value=0 -2.6305035269240621e-06 0 3.0036810509387766e-06 0.00036973204498909898 -0.00029967299825219029 1.8460826728342485e-05 -7.1425473717622774e-05 0.00031169870279590373 -1.450022182662473e-05 -9.5626509111470371e-05 -5.7209802415518634e-05 -0.00017156797409373481 9.4640546955061143e-06 -4.28161866981706e-05 -0.00034583166258000188 4.6280223378195902e-05 -2.0181441420919086e-05 8.8839023858894265e-05 -0.00014262270841550718 -9.2047304191614004e-05 1.8655951129737107e-05 3.7406599561407209e-05 0.00027739809490406246 0.00010802101814042941 -9.8860317856095904e-06 -0.00042585126970240964 -2.7889810531270194e-05 4.2592400278492238e-05 -1.0107622267335199e-05 0.00038352275384910767
leaf_weight=580 82 32 2331 25 21 21 34 132 28 21 38 20 87 39 24 255 35 152 34 26 57 83 32 22 25 22 30 23 38 62
leaf_count=580 82 32 2331 25 21 21 34 132 28 21 38 20 87 39 24 255 35 152 34 26 57 83 32 22 25 22 30 23 38 62
internal_value=-0.00343391 -0.0257745 0.000165043 0.000404674 -0.0028695 -0.000264706 0.000654985 -0.000609706 -0.00130188 -0.00557131 0.000189542 -0.000486237 -0.000866942 -0.00307139 -0.00461897 0.00104154 -0.000400503 -1.03805e-05 -0.00159458 0.000977523 0.000272724 -6.6298e-05 -0.000548385 -0.00137499 -0.00194116 -0.00359996 -0.00565374 -0.00137497 0.000428565 0.000467614
internal_weight=4411 612 3799 2439 46 1360 371 989 530 49 459 327 481 84 63 337 397 289 111 178 77 362 279 192 170 100 52 48 70 2393
internal_count=4411 612 3799 2439 46 1360 371 989 530 49 459 327 481 84 63 337 397 289 111 178 77 362 279 192 170 100 52 48 70 2393
is_linear=0
shrinkage=0.03


Tree=342
num_leaves=31
num_cat=0
split_feature=0 10 7 9 17 9 1 16 5 6 17 1 8 8 6 16 9 0 12 5 12 9 17 6 5 8 13 1 6 8
split_gain=393.823 16.9804 0.569365 1.18375 0.589268 0.478621 0.817417 1.08358 1.10428 0.917407 0.635495 0.624893 0.437743 0.899137 1.10584 0.451696 0.755645 0.631258 0.48261 0.814752 0.403171 0.60011 0.432573 0.382375 0.752054 0.41477 0.381309 0.505667 0.372742 0.819454
threshold=1.0000000180025095e-35 0.25000000000000011 0.19614921917087011 0.8231218088986143 0.42051740277423205 0.51239970824215908 0.091145833333333343 20.500000000000004 0.22616632860040572 0.43456221198156691 0.30980342098544816 0.11718750000000001 0.1160777868849175 0.11250973175725602 0.23244875258223427 20.500000000000004 0.36725018234865076 0.39691598310638843 -1.0000000180025095e-35 0.093982420554428681 -1.0000000180025095e-35 0.32676878191101399 0.29491107139817901 0.28617511520737338 0.12237998647734956 0.21176080412325526 1.0000000180025095e-35 0.049479166666666671 0.42534562211981575 0.14331531426208988
decision_type=2 2 2 2 2 2 2 2 2 2 2 2 2 2 2 2 2 2 2 2 2 2 2 2 2 2 2 2 2 2
left_child=1 -1 4 -4 5 6 12 8 9 -8 -9 -10 13 15 -15 -2 17 -17 19 -18 22 -22 26 24 -23 -25 27 28 29 -14
right_child=2 -3 3 -5 -6 -7 7 10 11 -11 -12 -13 20 14 -16 16 18 -19 -20 -21 21 23 -24 25 -26 -27 -28 -29 -30 -31
leaf_value=0 2.9347840248989658e-05 0 5.4381828286901464e-07 -0.00029068280830462501 0.00029976175160334733 2.9135706194105977e-06 -0.00020329107172768743 -4.3461198373803444e-05 -0.00017156178269338149 6.0751787152212642e-05 0.00011341355290613036 -1.6679323279185916e-05 -0.00023507331353042157 -1.4228875640796683e-05 -0.00024009085848552406 -0.00022733330620036023 2.2528797223076249e-05 -3.802148310249713e-06 1.4558994798000115e-05 -0.00028425731772105384 3.5229925894985523e-05 0.00014094764657271986 3.9494640268826698e-05 0.00032814040966340339 -0.00011228247933017853 -3.4104360676343654e-05 3.327424378602934e-06 4.6280806384652225e-07 -9.3521113241632191e-05 7.2008977459872068e-05
leaf_weight=580 125 32 72 21 87 2331 25 20 20 22 65 20 26 20 21 25 43 23 87 21 254 48 161 44 32 34 61 49 20 22
leaf_count=580 125 32 72 21 87 2331 25 20 20 22 65 20 26 20 21 25 43 23 87 21 254 48 161 44 32 34 61 49 20 22
internal_value=-0.00344072 -0.0257745 0.000157147 -0.00216127 0.000215327 0.000156673 -0.000307453 -0.00223254 -0.00458615 -0.00146805 0.000176469 -0.00824979 -1.07526e-05 -0.000863011 -0.00504866 -0.000333332 -0.0012211 -0.00449991 -0.000178807 -0.00215622 0.000403462 0.00103398 -0.000362831 -0.000417719 -0.00187498 0.00107691 -0.00138201 -0.00238459 -0.00405876 -0.00262495
internal_weight=4411 612 3799 93 3706 3619 1288 172 87 47 85 40 1116 365 41 324 199 48 151 64 751 412 339 158 80 78 178 117 68 48
internal_count=4411 612 3799 93 3706 3619 1288 172 87 47 85 40 1116 365 41 324 199 48 151 64 751 412 339 158 80 78 178 117 68 48
is_linear=0
shrinkage=0.03


Tree=343
num_leaves=31
num_cat=0
split_feature=0 10 7 9 17 5 8 8 8 17 18 9 18 0 9 5 16 6 13 18 13 17 5 4 8 8 6 6 9 1
split_gain=394.303 16.9804 0.577149 1.18375 0.581473 0.366 0.519365 0.353424 0.569655 0.78502 0.580346 0.998367 0.568198 0.691349 0.642012 0.487057 0.458701 0.430491 0.420365 0.395354 0.523186 0.925799 0.503998 0.935913 0.584872 1.20191 0.608458 0.460291 0.502065 0.435147
threshold=1.0000000180025095e-35 0.25000000000000011 0.19614921917087011 0.8231218088986143 0.42051740277423205 0.47565922920892501 0.35159761643159942 0.20833669660143139 0.22614163575611029 0.25453152923155481 0.48088235294117648 0.32676878191101399 0.46323529411764708 0.61636054089337511 0.29431072210065656 0.28904665314401629 8.5000000000000018 0.59308755760368681 -0.56174490092936669 0.47794117647058826 -0.56174490092936669 0.3752021104586844 0.12457741717376607 0.039062500000000007 0.096943484910633357 0.089560300767560053 0.23244875258223427 0.24654377880184339 0.64697301239970828 0.049479166666666671
decision_type=2 2 2 2 2 2 2 2 2 2 2 2 2 2 2 2 2 2 2 2 2 2 2 2 2 2 2 2 2 2
left_child=1 -1 4 5 7 6 -4 19 9 -9 12 16 13 18 -14 -11 -12 -16 -10 22 21 -21 23 -2 25 -25 -26 -28 -29 -22
right_child=2 -3 3 -5 -6 -7 -8 8 10 15 11 -13 14 -15 17 -17 -18 -19 -20 20 29 -23 -24 24 26 -27 27 28 -30 -31
leaf_value=0 5.5960196351222722e-06 0 4.3577090670836182e-05 -0.00028196232405548771 0.00029076889905524535 0.00056205248348357843 -9.1162775637375541e-05 -0.00017559822504114152 -5.3255910231444665e-05 2.0261182658455982e-05 1.3962284659641419e-05 0.00027846603671998594 -5.2430475273174425e-05 -5.199750144257397e-05 8.4298603360638363e-06 -0.00012778445280890746 -0.00015114678414227274 -9.0770794126535022e-06 4.5196943621591556e-05 -4.2613792373158606e-06 -3.1187150929349346e-06 -0.00010504392697412484 3.8550471919563969e-05 -1.1466546342217179e-05 2.5419096939065355e-05 -0.00020638260982734408 -0.00010719885381275006 5.2313136351717586e-06 -4.2738650016234058e-05 9.5292092085120913e-06
leaf_weight=580 560 32 29 21 87 21 22 27 38 29 24 106 38 24 52 33 21 31 111 423 389 30 785 49 61 29 36 62 32 629
leaf_count=580 560 32 29 21 87 21 22 27 38 29 24 106 38 24 52 33 21 31 111 423 389 30 785 49 61 29 36 62 32 629
internal_value=-0.00342711 -0.0257745 0.00017294 -0.00216127 0.000231517 -0.000333329 -0.00170585 0.000173252 -0.000539325 -0.00273031 -0.000101123 0.00141059 -0.000877548 0.000225432 -0.00245453 -0.000870954 -0.00233328 -0.000975892 0.000986571 0.000296596 -5.91433e-05 -0.000907283 0.000620818 0.000104946 -0.00134944 -0.00353842 -0.000455495 -0.00161537 -0.000510633 0.000318271
internal_weight=4411 612 3799 93 3706 72 51 3619 534 89 445 151 294 173 121 62 45 83 149 3085 1471 453 1614 829 269 78 191 130 94 1018
internal_count=4411 612 3799 93 3706 72 51 3619 534 89 445 151 294 173 121 62 45 83 149 3085 1471 453 1614 829 269 78 191 130 94 1018
is_linear=0
shrinkage=0.03


Tree=344
num_leaves=31
num_cat=0
split_feature=20 10 7 18 16 9 9 4 10 9 9 9 9 6 16 18 2 16 1 1 5 4 13 10 5 10 16 16 16 13
split_gain=394.063 16.9804 0.491155 0.826779 0.91905 0.37902 0.345104 0.793595 0.67 1.25161 0.501631 0.500037 0.709309 0.654526 0.640846 0.357628 0.46425 0.853985 0.694841 0.783723 0.881676 0.468745 0.533315 0.399957 0.346577 0.333191 0.597434 0.777332 0.791367 0.599872
threshold=1.0000000180025095e-35 0.25000000000000011 0.16947311116436589 0.44558823529411767 25.500000000000004 0.65134938001458809 0.51239970824215908 0.091145833333333343 0.68301270189221941 0.38548504741064926 0.5087527352297595 0.24215900802334064 0.14332603938730853 0.53963133640553018 11.500000000000002 0.47205882352941181 0.075520833333333343 20.500000000000004 0.049479166666666671 0.044270833333333336 0.13286004056795134 0.018229166666666668 -0.56174490092936669 -0.5 0.21399594320486817 -0.6830127018922193 26.500000000000004 18.500000000000004 13.500000000000002 -0.56174490092936669
decision_type=2 2 2 2 2 2 2 2 2 2 2 2 2 2 2 2 2 2 2 2 2 2 2 2 2 2 2 2 2 2
left_child=1 -1 6 -4 -5 -6 7 10 9 11 15 12 -9 -14 -13 -2 18 -18 19 21 -21 22 -17 -24 -20 26 27 28 -8 -28
right_child=2 -3 3 4 5 -7 25 8 -10 -11 -12 14 13 -15 -16 16 17 -19 24 20 -22 -23 23 -25 -26 -27 29 -29 -30 -31
leaf_value=0 8.7592094025208532e-06 0 -0.00013144499349607901 -0.00023565727888930662 5.1726482418438285e-05 -4.5681588707192294e-05 1.2367152692596325e-06 -5.239866503692727e-05 -4.0395117120443296e-05 0.00036464893130798323 -0.00016756998512696463 -7.9463760715154451e-05 6.3341879202970209e-05 -2.3852466899501007e-05 -0.00014015099012456656 1.7236164299021374e-05 -0.00020102897316610124 0.00013188446573976167 1.1216565324885756e-05 1.4632526653085453e-06 -0.00020198110113378134 1.4378840329127294e-05 -3.8619102337727936e-05 -0.00039581618450439219 -4.5332082141763944e-05 6.4256941974138003e-06 -0.00021821357131150882 8.362697019870088e-05 -8.9950525675003694e-05 -5.6756552555154023e-06
leaf_weight=580 406 32 30 25 58 24 59 24 35 61 39 23 36 30 25 20 24 27 280 25 23 152 20 20 30 2121 25 64 40 53
leaf_count=580 406 32 30 25 58 24 59 24 35 61 39 23 36 30 25 20 24 27 280 25 23 152 20 20 30 2121 25 64 40 53
internal_value=-0.00343391 -0.0257745 0.000165043 -0.00159853 -0.000364482 0.00117072 0.000231021 -0.000161538 -0.00174358 -0.00107035 0.000185741 -0.00265215 -0.00133332 0.000272723 -0.00512489 0.000312561 -0.000140096 -0.0028823 0.000105263 -0.00103846 -0.00449991 -0.000254716 -0.00249996 -0.00449989 0.00106451 0.000447079 -0.000609956 0.00042331 -0.00124241 -0.0027692
internal_weight=4411 612 3799 137 107 82 3662 1300 234 199 1066 138 90 66 48 1027 621 51 570 260 48 212 60 40 310 2362 241 163 99 78
internal_count=4411 612 3799 137 107 82 3662 1300 234 199 1066 138 90 66 48 1027 621 51 570 260 48 212 60 40 310 2362 241 163 99 78
is_linear=0
shrinkage=0.03


Tree=345
num_leaves=31
num_cat=2
split_feature=0 10 2 19 17 7 11 7 2 13 3 0 0 0 4 6 10 19 0 9 4 5 9 10 7 0 6 0 17 10
split_gain=390.424 17.8976 0.304504 0.547375 0.764867 0.847064 0.613099 0.649699 0.70194 0.734458 0.65496 0.70892 1.18126 0.694973 0.680212 0.625088 0.527087 0.488061 1.07688 0.375568 0.440141 0.899098 0.519601 0.412165 0.381173 0.336096 0.711072 0.793955 0.511273 0.516832
threshold=1.0000000180025095e-35 0.25000000000000011 0.033854166666666671 0 0.19874904263466944 0.14842600721355023 0.6830127018922193 0.085254260469666679 0.044270833333333336 -0.56174490092936669 0.080729166666666671 0.43741959702800254 0.46628748604459441 0.48652783205086364 0.065104166666666671 0.19549411162314392 -0.24999999999999994 1 0.41236253695532932 0.52224653537563837 0.049479166666666671 0.10158891142663963 0.30598103574033558 0.68301270189221941 0.02965926301154265 0.64473107689836062 0.73963133640553014 0.60478778918727494 0.31759145956763773 -0.93301270189221908
decision_type=2 2 2 1 2 2 2 2 2 2 2 2 2 2 2 2 2 1 2 2 2 2 2 2 2 2 2 2 2 2
left_child=1 -1 16 4 -4 6 7 8 9 -6 11 15 -13 -14 -15 -10 17 18 -2 20 21 23 -22 24 -18 26 28 -28 -5 -30
right_child=2 -3 3 25 5 -7 -8 -9 10 -11 -12 12 13 14 -16 -17 19 -19 -20 -21 22 -23 -24 -25 -26 -27 27 -29 29 -31
leaf_value=0 1.6150416202596675e-05 0 -0.00017616916563142248 1.2495709694717791e-05 -0.00019633638989016228 -0.00021273706273757805 0.00013981988143121435 3.6633502679230191e-05 -5.3488943259829077e-05 4.9628059300758931e-05 5.6546401168804214e-05 -0.00027301206524297996 4.8281147332048797e-05 -2.6024833478605456e-05 -0.00011041395831802273 5.1683642613567075e-05 -0.00017860147982380666 1.5791862214859566e-05 -0.00019362431686056425 -3.3489023679455297e-07 -2.6382430147366069e-05 -0.00041404126688130436 3.9584005971283248e-05 -7.4153793309916679e-05 9.4002000792071296e-05 0.00053748574128695259 2.7120119002449348e-05 -7.7913448576767959e-05 -0.00010029171393632612 3.8448496251773559e-06
leaf_weight=567 91 33 36 985 33 36 144 151 33 68 61 29 25 28 21 77 28 253 26 554 22 42 62 36 39 57 37 30 39 769
leaf_count=567 91 33 36 985 33 36 144 151 33 68 61 29 25 28 21 77 28 253 26 554 22 42 62 36 39 57 37 30 39 769
internal_value=-0.00325567 -0.02575 0.00028489 0.000461452 -0.000231383 -1.6997e-05 0.00022388 -0.00025095 -0.000919997 0.00121781 -0.00170802 -0.00249295 -0.00428151 -0.00227024 -0.00434685 -0.000818174 -0.000122289 0.000810809 -0.000779521 -0.000563218 -0.00158515 -0.00258619 0.000142856 -0.00107766 0.000313428 0.000727037 0.00066129 -0.0023731 0.000774679 0.000215346
internal_weight=4412 600 3812 2659 742 706 670 526 375 101 274 213 103 74 49 110 1153 370 117 783 229 145 84 103 67 1917 1860 67 1793 808
internal_count=4412 600 3812 2659 742 706 670 526 375 101 274 213 103 74 49 110 1153 370 117 783 229 145 84 103 67 1917 1860 67 1793 808
cat_boundaries=0 1 2
cat_threshold=656 320
is_linear=0
shrinkage=0.03


Tree=346
num_leaves=31
num_cat=2
split_feature=0 10 2 10 9 8 8 8 17 17 10 11 0 18 0 18 12 8 19 0 19 7 11 4 2 8 17 2 8 7
split_gain=391.133 17.8976 0.263468 0.560409 0.395576 0.508568 0.726305 0.48248 0.842432 0.663656 0.478117 0.438288 0.403184 0.645096 0.483626 0.433258 1.16447 0.431769 0.38721 0.747834 0.387065 0.67737 0.682963 0.85248 1.20714 1.02928 0.704565 0.583026 0.974298 0.564957
threshold=1.0000000180025095e-35 0.25000000000000011 0.033854166666666671 -0.24999999999999994 0.51531728665207888 0.15928412133379541 0.15093115396300516 0.21743680224164993 0.31464967031419194 0.32784443877116848 0.68301270189221941 0.6830127018922193 0.33835026822848241 0.48382352941176471 0.226510671605367 0.47500000000000003 -0.60785761079279388 0.11830434959454363 0 0.41236253695532932 1 0.16947311116436589 0.6830127018922193 0.091145833333333343 0.075520833333333343 0.20345608835639697 0.30708024848949034 0.044270833333333336 0.12421201642130983 0.049184323483876809
decision_type=2 2 2 2 2 2 2 2 2 2 2 2 2 2 2 2 2 2 1 2 1 2 2 2 2 2 2 2 2 2
left_child=1 -1 3 18 7 6 10 8 -5 -10 -6 -11 13 14 -12 16 -16 -14 19 -2 21 22 23 27 26 -26 -25 -4 29 -29
right_child=2 -3 20 4 5 -7 -8 -9 9 11 12 -13 17 -15 15 -17 -18 -19 -20 -21 -22 -23 -24 24 25 -27 -28 28 -30 -31
leaf_value=0 1.5665903716518062e-05 0 8.9569629310058148e-05 1.7739523666030461e-05 7.9185423182867853e-05 0.00030489710534794412 -0.00017984089104102315 -0.00019643282053323781 -0.00036815292673306643 -0.00035992192803928759 2.3491393232038941e-06 0.00034669695500466076 4.4376530692667711e-05 -0.00012579793224753237 -3.438208955847031e-05 5.176541258763927e-06 -4.7990478457019818e-08 -9.2420421607674458e-05 1.5318106348414299e-05 -0.00018781558735474801 7.2809102105139309e-06 -0.00018907292396196839 0.00010223408129744401 -7.3224448983641013e-05 0.00019139703838231967 -0.00019295761803312441 -0.00015066906429429401 -1.5944384776455777e-06 8.2338153139845985e-06 -0.00021830791546351396
leaf_weight=567 91 33 105 94 185 43 20 29 26 20 25 22 115 41 23 72 44 24 253 26 1917 27 167 33 56 20 20 54 196 64
leaf_count=567 91 33 105 94 185 43 20 29 26 20 25 22 115 41 23 72 44 24 253 26 1917 27 167 33 56 20 20 54 196 64
internal_value=-0.00323527 -0.02575 0.000308499 -7.02513e-05 -0.000524903 -0.000141892 -0.000387977 -0.00171203 -0.00107407 -0.00361759 -0.000175803 -0.00128568 -0.000837207 -0.00168292 -0.000841458 -0.00153236 -0.00326861 0.000410069 0.00089189 -0.000543303 0.000472734 -0.000111702 6.29371e-05 -0.000448904 -0.00258138 -0.000157893 -0.00605649 0.000207637 -0.000439489 -0.0025932
internal_weight=4412 600 3812 1153 783 592 549 191 162 68 529 42 344 205 164 139 67 139 370 117 2659 742 715 548 129 76 53 419 314 118
internal_count=4412 600 3812 1153 783 592 549 191 162 68 529 42 344 205 164 139 67 139 370 117 2659 742 715 548 129 76 53 419 314 118
cat_boundaries=0 1 2
cat_threshold=320 656
is_linear=0
shrinkage=0.03


Tree=347
num_leaves=31
num_cat=0
split_feature=0 10 0 6 6 2 4 7 10 0 7 0 6 0 13 1 8 16 7 16 0 18 16 0 6 3 4 10 7 6
split_gain=391.842 17.8976 0.28186 0.563369 0.782561 0.505198 0.4824 0.483015 0.428229 0.671856 0.305515 0.280085 0.26252 0.741519 0.714016 0.790974 0.971561 0.528168 0.489818 0.914229 0.583996 0.366354 0.45908 0.991135 0.57601 0.966729 0.877861 0.489676 1.64095 0.409982
threshold=1.0000000180025095e-35 0.25000000000000011 0.30761688447424484 0.1494994438264739 0.16308596853646914 0.013020833333333334 0.018229166666666668 0.031571735569751729 0.68301270189221941 0.27532017406411402 0.038098013149506803 0.28737119774593961 0.69078341013824895 0.64473107689836062 -0.56174490092936669 0.12239583333333334 0.25928284646248428 29.500000000000004 0.21079428208555034 27.500000000000004 0.61229581972090841 0.45735294117647063 20.500000000000004 0.6006938435474457 0.53963133640553018 0.10677083333333334 0.096354166666666671 -0.93301270189221908 0.071659504697138346 0.57281105990783432
decision_type=2 2 2 2 2 2 2 2 2 2 2 2 2 2 2 2 2 2 2 2 2 2 2 2 2 2 2 2 2 2
left_child=1 -1 3 6 -5 -4 7 8 -2 -10 -8 -9 18 14 -14 17 -17 -16 20 -20 21 -7 23 27 25 -24 -27 28 -23 -29
right_child=2 -3 5 4 -6 12 10 11 9 -11 -12 -13 13 -15 15 16 -18 -19 19 -21 -22 22 24 -25 -26 26 -28 29 -30 -31
leaf_value=0 1.6207991447047186e-06 0 0.00023005974280126493 -1.6449547164880283e-05 3.0113854974671743e-05 1.2254041635505277e-05 3.4146478756359082e-05 6.6027710697494151e-05 -3.2693833330654536e-05 -6.3965096283794836e-05 -7.9906853334430505e-05 -3.6537286362318045e-06 9.5732963681549867e-05 0.00049057559041328633 0.00011517330602601687 -1.4912623252574767e-05 -0.00014765344432060031 -9.5935095309473972e-05 -0.000312462579440497 0.0008212523420402637 0.0002944545581929498 2.224681164035275e-06 8.4120354419806052e-06 -3.6367514230852831e-05 0.00030377116205148978 -6.1815497542983054e-06 -0.00023657481961236995 1.3657473674957746e-06 -0.00024906141732820055 -2.0616391011276079e-05
leaf_weight=567 66 33 108 23 23 460 144 48 57 22 34 27 41 37 29 20 22 26 20 36 102 52 1296 22 106 55 22 825 26 63
leaf_count=567 66 33 108 23 23 460 144 48 57 22 34 27 41 37 29 20 22 26 20 36 102 52 1296 22 106 55 22 825 26 63
internal_value=-0.00321487 -0.02575 0.000332109 -0.000378377 -0.00352166 0.000425772 -1.50752e-05 -0.000954541 -0.0019655 -0.00345565 0.00114606 0.000999987 0.000358896 -0.000771424 -0.0017826 -0.00318553 -0.00628556 -0.000818167 0.000423015 -0.0023571 0.000474414 0.000396652 0.000251723 -0.000248987 0.000586207 0.000421704 -0.00284412 -0.00010559 -0.00238458 9.45946e-05
internal_weight=4412 600 3812 444 46 3368 398 220 145 79 178 75 3260 175 138 97 42 55 3085 56 3029 2927 2467 988 1479 1373 77 966 78 888
internal_count=4412 600 3812 444 46 3368 398 220 145 79 178 75 3260 175 138 97 42 55 3085 56 3029 2927 2467 988 1479 1373 77 966 78 888
is_linear=0
shrinkage=0.03


Tree=348
num_leaves=31
num_cat=0
split_feature=0 10 0 0 7 16 17 17 7 9 4 8 8 5 8 0 7 13 17 4 11 7 18 4 18 9 9 10 12 12
split_gain=392.078 17.8976 0.503096 0.199905 0.396849 1.06034 0.33673 0.405935 0.790928 0.8732 0.322372 0.551021 1.47176 0.83326 0.788923 0.667268 0.827862 0.676681 0.570471 0.611396 0.543683 0.535217 0.517506 0.552118 1.05775 0.927323 0.934371 0.578625 0.674531 0.513178
threshold=1.0000000180025095e-35 0.25000000000000011 0.20681904689606379 0.67858564256313125 0.19614921917087011 27.500000000000004 0.39588120159986395 0.37771253510339559 0.093614801865352454 0.66411378555798695 0.13802083333333334 0.20833669660143139 0.22614163575611029 0.25659229208924955 0.18264427710219064 0.48998056559818987 0.10811401452739054 -0.56174490092936669 0.22878903923070382 0.091145833333333343 0.6830127018922193 0.12930297617133865 0.44558823529411767 0.085937500000000014 0.4661764705882353 0.48322392414296145 0.24215900802334064 0.68301270189221941 1.0000000180025095e-35 1.0000000180025095e-35
decision_type=2 2 2 2 2 2 2 2 2 2 2 2 2 2 2 2 2 2 2 2 2 2 2 2 2 2 2 2 2 2
left_child=1 -1 -2 4 6 -6 7 10 9 -9 11 14 13 -13 20 17 18 -14 19 -17 22 -12 -4 -24 -25 26 -26 28 -27 -20
right_child=2 -3 3 -5 5 -7 -8 8 -10 -11 21 12 15 -15 -16 16 -18 -19 29 -21 -22 -23 23 24 25 27 -28 -29 -30 -31
leaf_value=0 -3.2649765479427761e-05 0 1.1767994635721893e-05 0.0011402371696930859 -0.00028915357047607681 0.00065212110010194027 0.00016928584686373371 -0.00011426482568064938 3.3708121866729832e-05 7.2314151351663474e-05 6.9177537981499496e-05 -0.00020386879656213852 -1.1728673792748933e-05 -0.00011757648337532802 0.00023097370539040468 -2.435984978972805e-06 9.570359721923967e-06 9.6944753878660004e-05 3.2418475903012765e-05 -0.00012055654522258885 0.00011559922347196183 -2.1981414884462887e-05 1.3974939079658001e-06 7.7078917977627719e-05 -2.6201043298904032e-05 2.3725985724547018e-05 -0.00023741167530546582 0.00025314548799690144 -0.00027924123489404606 -0.00016402470540268632
leaf_weight=567 47 33 76 26 24 51 134 28 49 22 168 24 38 30 222 21 65 95 46 27 304 39 2058 48 20 22 25 49 24 30
leaf_count=567 47 33 76 26 24 51 134 28 49 22 168 24 38 30 222 21 65 95 46 27 304 39 2058 48 20 22 25 49 24 30
internal_value=-0.00320807 -0.02575 0.000339979 0.000378486 0.000360257 -0.00179998 0.000404476 0.000348442 -0.00154544 -0.00419992 0.000403089 0.000329404 -0.000749998 -0.00533323 0.00047191 1.86336e-05 -0.00112698 0.0016466 -0.0025645 -0.00512489 0.000326733 0.00155072 0.000170543 8.81568e-05 -0.00146808 -0.00278569 -0.00633319 -0.00110525 -0.00352166 -0.000947356
internal_weight=4412 600 3812 3765 3739 75 3664 3530 99 50 3431 3224 376 54 2848 322 189 133 124 48 2626 207 2322 2246 188 140 45 95 46 76
internal_count=4412 600 3812 3765 3739 75 3664 3530 99 50 3431 3224 376 54 2848 322 189 133 124 48 2626 207 2322 2246 188 140 45 95 46 76
is_linear=0
shrinkage=0.03


Tree=349
num_leaves=31
num_cat=0
split_feature=0 10 6 17 11 8 16 18 6 11 6 6 17 6 7 2 0 0 11 17 17 17 12 7 17 9 18 4 6 18
split_gain=392.788 17.8976 0.35625 0.460836 0.620706 0.802718 0.369106 0.249538 0.304861 0.620149 0.515763 0.741739 0.881781 0.985004 0.513592 0.416805 0.393351 0.925178 0.387665 0.530237 0.663992 0.608047 1.15748 1.96073 0.489261 0.441887 0.388445 0.649822 0.716238 0.584024
threshold=1.0000000180025095e-35 0.25000000000000011 0.092343140730237527 0.3358437579780445 1.0000000180025095e-35 0.051235288294527115 9.5000000000000018 0.52794117647058836 0.69078341013824895 -0.5 0.54239631336405547 0.49262672811059915 0.33082290868862235 0.50921658986175122 0.066485721843107512 0.13802083333333334 0.62715923987447197 0.60478778918727494 0.6830127018922193 0.33490766743255901 0.33082290868862235 0.34018381414347726 -1.0000000180025095e-35 0.056078756936442743 0.32885499106459032 0.5977388767323123 0.47500000000000003 0.039062500000000007 0.31105990783410148 0.48676470588235299
decision_type=2 2 2 2 2 2 2 2 2 2 2 2 2 2 2 2 2 2 2 2 2 2 2 2 2 2 2 2 2 2
left_child=1 -1 3 4 6 -6 -2 8 10 15 11 18 14 -14 -13 -10 17 -11 19 20 24 22 25 -24 -4 -21 -20 28 -28 -29
right_child=2 -3 7 -5 5 -7 -8 -9 9 16 -12 12 13 -15 -16 -17 -18 -19 26 21 -22 -23 23 -25 -26 -27 27 29 -30 -31
leaf_value=0 -3.3486888548563277e-06 0 3.3553911141055702e-06 0.00046484851467617046 -4.6535120505723019e-06 -6.2203521007727941e-05 0.00026082012049667534 0.00014583614604509241 -0.00011557182052501345 4.633635386118059e-05 0.00011217544675651341 -0.0001209250129079574 -0.00024916758987474324 -7.0468390969793124e-05 4.9197917797035532e-05 -1.2637303896213637e-05 0.00025514698037566377 -7.6629418197329631e-05 5.5791555114883831e-05 -9.6393520744514767e-05 7.8752471766446066e-05 -2.6264533562013231e-07 0.00019285095100590106 -0.00023643712492257959 -0.00017629461260126238 0.00024109658005783905 1.6249918418377845e-06 -1.3372013130805709e-06 -0.00028126829849933543 0.00028883704646245439
leaf_weight=567 23 33 1691 20 36 24 26 72 21 49 363 20 21 33 95 22 47 23 213 21 92 468 20 31 41 29 72 87 28 124
leaf_count=567 23 33 1691 20 36 24 26 72 21 49 363 20 21 33 95 22 47 23 213 21 92 468 20 31 41 29 72 87 28 124
internal_value=-0.00318767 -0.02575 0.000363589 -0.00118604 -0.00195411 -0.00399993 0.000551009 0.000417866 0.000382996 -0.000888883 0.000442737 0.000316915 -0.00161537 -0.00477769 -0.000130434 -0.00397665 0.000226889 -0.00116665 0.000428865 0.000267029 0.000516447 -0.000532512 -0.00264354 -0.00582341 0.000384526 0.000599988 0.00116794 0.00049196 -0.00149998 0.00143601
internal_weight=4412 600 3812 129 109 60 49 3683 3611 162 3449 3086 169 54 115 43 119 72 2917 2393 1824 569 101 51 1732 50 524 311 100 211
internal_count=4412 600 3812 129 109 60 49 3683 3611 162 3449 3086 169 54 115 43 119 72 2917 2393 1824 569 101 51 1732 50 524 311 100 211
is_linear=0
shrinkage=0.03


Tree=350
num_leaves=31
num_cat=1
split_feature=0 10 16 18 9 18 9 5 0 0 9 1 12 19 12 9 3 7 1 9 18 7 3 2 4 13 18 4 12 2
split_gain=403.35 17.5726 0.664756 0.687156 0.800218 0.648369 0.641449 0.587336 0.608113 0.672004 0.52081 0.336553 0.567052 0.326657 0.514104 0.778499 0.785195 0.689646 0.607964 0.66816 0.582312 0.45674 0.376866 0.642752 0.519405 0.607312 0.438147 0.704856 0.809321 0.597404
threshold=1.0000000180025095e-35 0.25000000000000011 6.5000000000000009 0.46323529411764708 0.60357403355215189 0.48088235294117648 0.10977388767323125 0.14503042596348886 0.49510993395148484 0.4724571835247911 0.65134938001458809 0.028645833333333336 -0.60785761079279388 0 1.0000000180025095e-35 0.52552881108679805 0.14843750000000003 0.039235516998999381 0.028645833333333336 0.63493800145878942 0.47794117647058826 0.086724821097632201 0.10156250000000001 0.20052083333333334 0.013020833333333334 -0.56174490092936669 0.49852941176470594 0.065104166666666671 0.6078576107927941 0.080729166666666671
decision_type=2 2 2 2 2 2 2 2 2 2 2 2 2 1 2 2 2 2 2 2 2 2 2 2 2 2 2 2 2 2
left_child=1 -1 3 -2 6 10 -5 11 9 -9 -6 12 -8 14 -4 21 17 -17 -19 -20 -21 -16 24 26 -15 -26 27 28 -24 -28
right_child=2 -3 13 4 5 -7 7 8 -10 -11 -12 -13 -14 22 15 16 -18 18 19 20 -22 -23 23 -25 25 -27 29 -29 -30 -31
leaf_value=0 7.7696441139536273e-06 0 3.630973946428933e-06 -7.4665427981962127e-06 -8.711816386291071e-05 -0.00015863475581351074 -6.4257535754515967e-06 -7.0730799413229159e-07 2.5457947892415826e-06 -0.00016652509410968919 3.3774506711757519e-06 0.00010255467315524501 5.2467647323637609e-05 -2.4911195881019367e-06 3.7431971133636684e-05 0.00015095586683968121 0.00057547536532649441 -0.00010807869144519864 5.8149587341822627e-05 -0.0001095733343793377 -0.00022549166044424869 -1.3358781079915167e-06 1.4375874971527837e-05 -6.602210795007016e-05 4.1877407879113111e-07 2.9610393727986056e-05 -0.00012708317939861096 5.4241033649246846e-05 -0.00022432922879935021 0.00056470794470500163
leaf_weight=588 125 31 353 37 24 41 25 32 84 30 24 117 29 258 94 29 21 20 38 21 37 26 69 22 574 1367 34 244 37 37
leaf_count=588 125 31 353 37 24 41 25 32 84 30 24 117 29 258 94 29 21 20 38 21 37 26 69 22 574 1367 34 244 37 37
internal_value=-0.00331155 -0.0257883 0.000303196 -0.000644365 -0.00119864 -0.00374153 -0.00055932 -0.000123028 -0.00152054 -0.00377413 -0.00137497 0.00107017 -0.000888872 0.000467236 -0.000143297 -0.00109091 -0.00242167 -0.00320687 -0.00424134 -0.00324997 -0.00527577 0.000749994 0.000613122 -0.000182844 0.000776262 0.000944358 7.83847e-05 0.000514284 -0.00152829 -0.00207039
internal_weight=4468 619 3849 568 443 89 354 317 146 62 48 171 54 3281 639 286 166 145 116 96 58 120 2642 443 2199 1941 421 350 106 71
internal_count=4468 619 3849 568 443 89 354 317 146 62 48 171 54 3281 639 286 166 145 116 96 58 120 2642 443 2199 1941 421 350 106 71
cat_boundaries=0 1
cat_threshold=20
is_linear=0
shrinkage=0.03


Tree=351
num_leaves=31
num_cat=0
split_feature=0 10 11 18 2 8 6 17 7 11 17 7 2 12 8 16 7 2 17 6 8 17 10 6 7 6 7 6 0 7
split_gain=402.868 17.5726 0.344095 0.772979 1.56406 0.49883 0.39887 0.516126 0.38497 0.341957 0.40352 0.593428 0.404797 0.390088 0.541816 0.41646 0.72799 0.35589 0.483252 0.848237 0.945724 0.682942 0.787226 0.762357 0.757361 0.749095 1.16262 0.463068 0.768606 0.751585
threshold=1.0000000180025095e-35 0.25000000000000011 0.93301270189221952 0.4661764705882353 0.085937500000000014 0.45124786281757862 0.45391705069124427 0.23500127648710753 0.089132082478676544 0.6830127018922193 0.4150285082120671 0.19614921917087011 0.20052083333333334 1.0000000180025095e-35 0.10494867527518857 25.500000000000004 0.065317751259371823 0.12760416666666669 0.34409837460641657 0.55253456221198172 0.20345608835639697 0.34610700776749753 0.68301270189221941 0.31658986175115217 0.065904323980221752 0.27880184331797242 0.058101126053317166 0.5986175115207375 0.55313495128410028 0.097920479806488284
decision_type=2 2 2 2 2 2 2 2 2 2 2 2 2 2 2 2 2 2 2 2 2 2 2 2 2 2 2 2 2 2
left_child=1 -1 9 8 5 6 7 -5 -4 10 11 12 17 -11 -15 16 -16 18 27 20 21 24 -23 25 -20 26 -24 -2 -29 -30
right_child=2 -3 3 4 -6 -7 -8 -9 -10 13 -12 -13 -14 14 15 -17 -18 -19 19 -21 -22 22 23 -25 -26 -27 -28 28 29 -31
leaf_value=0 3.1884678899723421e-06 0 2.8196461475087458e-05 3.2617441253700756e-05 -6.872101936678897e-05 3.4470745086185675e-05 -7.4733481873141477e-05 -0.00012343022559863944 -6.3329348873033661e-07 0.00017788325020490114 0.00049140161292721769 -0.0001340137378163735 -6.4041444711568886e-05 -5.6622886102410225e-05 0.00016046923580789334 0.00012500594669562386 -0.00014441071663816795 4.3641241161449356e-05 -2.5368176814785085e-05 0.00038850984968715689 -0.00028340576881886477 5.4046915276220131e-06 -3.9359530042589288e-05 1.5026039708673369e-05 -0.00015736302866555457 -0.00067987630663958487 0.00011033298833942911 -0.00010985467019286058 0.0002391952317469347 -4.8839111062038788e-05
leaf_weight=588 2205 31 65 31 21 23 21 39 54 282 47 24 22 40 24 162 20 185 30 50 20 216 27 52 21 20 35 22 55 36
leaf_count=588 2205 31 65 31 21 23 21 39 54 282 47 24 22 40 24 162 20 185 30 50 20 216 27 52 21 20 35 22 55 36
internal_value=-0.00332498 -0.0257883 0.000287607 -0.000779524 -0.00233332 -0.00094736 -0.00194503 -0.00085713 0.000983185 0.000363004 0.000241604 0.000198676 0.000236315 0.00106818 0.000195121 0.00081553 -0.00177269 0.000266308 0.000181786 -0.000694266 -0.00113301 -0.000815459 -0.000342856 -0.00214924 -0.00405874 -0.00395117 -0.00232254 0.000359793 -0.00151326 -0.0002967
internal_weight=4468 619 3849 254 135 114 91 70 119 3595 3067 3020 2996 528 246 206 44 2974 2789 471 421 401 350 134 51 82 62 2318 113 91
internal_count=4468 619 3849 254 135 114 91 70 119 3595 3067 3020 2996 528 246 206 44 2974 2789 471 421 401 350 134 51 82 62 2318 113 91
is_linear=0
shrinkage=0.03


Tree=352
num_leaves=31
num_cat=1
split_feature=0 10 16 18 9 19 11 5 17 1 3 6 5 17 8 0 2 4 1 4 2 5 7 3 0 0 1 3 3 7
split_gain=404.315 17.5726 0.436085 0.567314 1.12748 0.601525 1.03266 0.847663 0.533322 0.489511 0.487195 0.447495 1.03471 1.07297 0.569856 0.576223 0.471924 0.446887 0.41999 0.374666 0.445055 0.344188 0.327531 0.42854 0.928833 0.523662 0.466208 0.354791 0.56858 0.672899
threshold=1.0000000180025095e-35 0.25000000000000011 6.5000000000000009 0.49852941176470594 0.58242159008023353 0 1.0000000180025095e-35 0.16328600405679514 0.31027880239099248 0.028645833333333336 0.070312500000000014 0.16308596853646914 0.093982420554428681 0.34707977897699105 0.09742181278566435 0.27141557038743097 0.20052083333333334 0.070312500000000014 0.018229166666666668 0.018229166666666668 0.070312500000000014 0.07758620689655174 0.03795342813778662 0.023437500000000003 0.39191207165358427 0.36122051423350005 0.039062500000000007 0.033854166666666671 0.039062500000000007 0.063091324822079201
decision_type=2 2 2 2 2 1 2 2 2 2 2 2 2 2 2 2 2 2 2 2 2 2 2 2 2 2 2 2 2 2
left_child=1 -1 3 5 -5 6 8 9 -2 -8 18 12 14 -14 21 -16 22 -18 -7 -20 -21 -4 -13 24 25 -24 -25 -28 29 -29
right_child=2 -3 11 4 -6 10 7 -9 -10 -11 -12 16 13 -15 15 -17 17 -19 19 20 -22 -23 23 26 -26 -27 27 28 -30 -31
leaf_value=0 -2.7265679025302415e-06 0 2.4276319761900689e-06 2.5600937913451439e-07 -0.00014078266363842825 1.8019288018329013e-05 -5.6558648380008759e-06 -0.00016332880092633526 0.00028174766329756276 2.1577355514839122e-05 0.00015184913801905632 3.0389880363958847e-05 -0.00011309075981552411 -1.259733044778333e-05 9.8859100239166956e-06 -8.8201264291461185e-05 -0.00022724200640723838 1.8014173265010531e-05 -0.00012620325482918347 1.4316192388907551e-05 -0.00012559596638541141 6.6310673266440083e-05 -4.4956308075192328e-07 2.5836895920256313e-05 4.915432950607447e-06 -7.4124865550904533e-05 0.00014200522766746559 -2.4398312028850761e-05 6.4559450566819304e-06 5.0610391611926521e-06
leaf_weight=588 56 31 420 44 20 35 23 39 49 39 88 240 22 38 24 27 21 31 26 121 28 96 21 441 128 22 140 49 1511 50
leaf_count=588 56 31 420 44 20 35 23 39 49 39 88 240 22 38 24 27 21 31 26 121 28 96 21 441 128 22 140 49 1511 50
internal_value=-0.00328469 -0.0257883 0.000334373 -0.000433098 -0.0030937 -9.52378e-05 -0.00130555 -0.00353462 0.000714279 -0.00135482 0.000759738 0.000467236 -0.000253588 -0.00399993 0.000142857 -0.0028823 0.000637528 -0.00219227 1.11758e-10 -0.000599996 -2.0134e-05 0.00044186 0.000694081 0.000586791 -0.000859644 -0.00467431 0.00069968 0.00048 0.000354037 -0.00184847
internal_weight=4468 619 3849 568 64 504 206 101 105 62 298 3281 627 60 567 51 2654 52 210 175 149 516 2602 2362 171 43 2191 1750 1610 99
internal_count=4468 619 3849 568 64 504 206 101 105 62 298 3281 627 60 567 51 2654 52 210 175 149 516 2602 2362 171 43 2191 1750 1610 99
cat_boundaries=0 1
cat_threshold=225
is_linear=0
shrinkage=0.03


Tree=353
num_leaves=31
num_cat=3
split_feature=0 16 13 12 3 3 16 1 16 19 12 7 7 3 3 6 4 13 6 19 17 7 11 7 7 17 4 19 17 11
split_gain=404.315 3.83209 2.45013 0.520687 0.310843 0.390198 0.304859 0.800001 0.779747 1.09049 1.70922 2.38076 0.758045 0.500259 0.496381 0.532547 0.636112 0.852458 0.530115 0.520777 0.64782 0.594841 0.476291 0.499414 0.602216 1.08795 0.463919 0.41108 0.587766 0.594288
threshold=1.0000000180025095e-35 29.500000000000004 -0.22252093395631442 0.6078576107927941 0.22135416666666669 0.15885416666666669 20.500000000000004 0.16927083333333334 13.500000000000002 0 0.6078576107927941 0.080306247054540647 0.10298321911602835 0.018229166666666668 0.14322916666666669 0.18530465949820793 0.028645833333333336 -0.56174490092936669 0.14433497536945816 1 0.33907752531699437 0.05326294979346325 -0.24999999999999994 0.050941457115441471 0.05578386221791292 0.30501495781046467 0.018229166666666668 2 0.29959152412560641 1.0000000180025095e-35
decision_type=2 2 2 2 2 2 2 2 2 1 2 2 2 2 2 2 2 2 2 1 2 2 2 2 2 2 2 1 2 2
left_child=1 -1 -3 -4 5 6 7 8 26 10 12 -12 -10 -11 15 16 27 18 -18 20 21 -17 23 -21 25 -25 -2 28 -8 -30
right_child=4 2 3 -5 -6 -7 14 -9 9 13 11 -13 -14 -15 -16 19 17 -19 -20 22 -22 -23 -24 24 -26 -27 -28 -29 29 -31
leaf_value=0 -1.7652759985137599e-05 0 0 0 -5.3978331090680524e-05 3.8476942948432284e-05 8.7011166794326802e-05 -0.0001405640750291635 6.6426881401043592e-06 -3.8065701462468822e-05 -0.00042853978777981124 -2.4279712323529037e-07 -6.2510617363778557e-05 4.1345419725396144e-06 -3.0935079407711154e-05 -0.00022816507974534179 -5.5179026634222166e-05 2.788508138145941e-06 -0.00025457138026986913 8.3151968497329241e-05 -0.00065963210196392586 4.8793399643324264e-05 0.00011561982391207427 -0.00012786943965593518 3.9991704541239179e-06 0.00031938559286893737 4.4866891446435496e-06 1.3391122417817812e-05 6.1243653944153775e-05 -6.9927153666729633e-05
leaf_weight=500 118 40 30 49 25 106 30 20 70 21 21 21 24 186 42 40 27 76 20 216 20 66 729 26 559 30 929 277 63 87
leaf_count=500 118 40 30 49 25 106 30 20 70 21 21 21 24 186 42 40 27 76 20 216 20 66 729 26 559 30 929 277 63 87
internal_value=-0.00328469 -0.0257883 -0.0209494 -0.0178858 0.000334373 0.000356172 0.000305003 -4.2553e-05 4.31655e-05 -0.00119825 -0.00316436 -0.00842837 -0.00114892 0.000235022 0.000517331 0.000577228 -0.000206896 -0.00212193 -0.00529776 0.000846975 -0.000970581 -0.000113206 0.00099363 0.000509025 7.31707e-05 -0.00289281 0.000449856 0.000308533 -0.000789469 -0.00159999
internal_weight=4468 619 119 79 3849 3824 3718 1410 1390 343 136 42 94 207 2308 2266 580 123 47 1686 126 106 1560 831 615 56 1047 457 180 150
internal_count=4468 619 119 79 3849 3824 3718 1410 1390 343 136 42 94 207 2308 2266 580 123 47 1686 126 106 1560 831 615 56 1047 457 180 150
cat_boundaries=0 1 2 3
cat_threshold=154 16 79
is_linear=0
shrinkage=0.03


Tree=354
num_leaves=31
num_cat=0
split_feature=0 10 0 6 11 0 0 7 6 17 16 18 6 16 16 0 11 17 17 17 3 17 9 9 0 0 0 9 9 0
split_gain=403.591 17.5726 0.372522 0.654365 0.632427 0.631418 0.689574 0.557683 0.491514 0.513777 0.223226 0.511045 0.461303 0.374264 0.902943 1.03906 0.761082 0.644843 0.589416 0.48525 0.415213 0.435749 0.407705 0.380286 0.423111 0.334953 0.382805 0.329436 0.428425 0.506695
threshold=1.0000000180025095e-35 0.25000000000000011 0.64473107689836062 0.69078341013824895 -0.5 0.61090751480435135 0.60600593573569095 0.10811401452739054 0.73963133640553014 0.21453493319717479 6.5000000000000009 0.4661764705882353 0.53963133640553018 13.500000000000002 16.500000000000004 0.4563480107523985 1.0000000180025095e-35 0.30149451697434415 0.35209769381329253 0.30400966934908297 0.044270833333333336 0.28818823929878318 0.60649161196207169 0.30415754923413574 0.29908500877598854 0.52628531952766189 0.26514453187980547 0.10977388767323125 0.60357403355215189 0.47781967737816494
decision_type=2 2 2 2 2 2 2 2 2 2 2 2 2 2 2 2 2 2 2 2 2 2 2 2 2 2 2 2 2 2
left_child=1 -1 3 5 -5 6 10 -8 -6 -10 11 -2 25 18 15 17 22 -15 19 20 23 -22 -17 -12 -25 26 -13 -28 29 -29
right_child=2 -3 -4 4 8 -7 7 -9 9 -11 13 12 -14 14 -16 16 -18 -19 -20 -21 21 -23 -24 24 -26 -27 27 28 -30 -31
leaf_value=0 3.3182008130640498e-06 0 0.00052007082775490929 -9.0995820672764899e-05 0.00020292412148590708 0.00028413389603133962 7.9022607959867416e-06 -0.00012261972718150091 6.1833228402936202e-05 -6.9063512482102314e-05 -0.0002224127350760454 8.1266534150129043e-06 -0.00014588620866251123 -1.4396268663994129e-05 4.1466291065716555e-06 -0.00023524473085814228 0.00011350054280999337 -7.6953679553219055e-05 -1.6709416180596254e-05 0.0001405098039236383 3.7827030535546939e-05 -5.3956361365698619e-05 1.4527052140396462e-06 -9.9289802456041426e-05 7.5281276929057376e-05 7.1666985979297527e-06 -1.1881222671272582e-05 8.2951664963914548e-06 -0.00010853675498339798 -0.00013479643688747914
leaf_weight=588 142 31 66 37 47 100 20 21 31 24 20 23 28 37 2324 21 45 34 31 158 145 45 22 24 59 23 30 186 54 52
leaf_count=588 142 31 66 37 47 100 20 21 31 24 20 23 28 37 2324 21 45 34 31 158 145 45 22 24 59 23 30 186 54 52
internal_value=-0.00330483 -0.0257883 0.00031099 0.000272006 -0.00174819 0.000349067 0.000282731 -0.00358528 -0.000529406 -0.0024545 0.000328005 -0.0002342 -0.000787877 0.000430017 0.000281514 -0.00190565 0.000272724 -0.00460557 0.00119502 0.00147006 0.000747438 0.00157894 -0.00258134 -0.0007864 0.000108433 -0.000505433 -0.000739128 -0.00100621 -0.000698628 -0.00015126
internal_weight=4468 619 3849 3783 139 3644 3544 41 102 55 3503 538 396 2965 2483 159 88 71 482 451 293 190 43 103 83 368 345 322 292 238
internal_count=4468 619 3849 3783 139 3644 3544 41 102 55 3503 538 396 2965 2483 159 88 71 482 451 293 190 43 103 83 368 345 322 292 238
is_linear=0
shrinkage=0.03


Tree=355
num_leaves=31
num_cat=0
split_feature=0 9 12 13 7 18 12 6 9 3 6 4 3 11 18 17 7 7 8 5 0 4 17 17 8 8 3 0 11 2
split_gain=385.313 1.32988 1.5447 0.890157 0.834062 1.113 0.521003 0.740141 0.434362 0.42474 0.52062 0.549258 0.536353 1.07664 0.531943 0.503512 0.521926 0.381402 0.913466 0.816647 0.364542 1.13773 0.535755 0.569943 0.809354 0.344043 0.318895 0.408428 0.343486 0.405195
threshold=1.0000000180025095e-35 0.36725018234865076 -1.0000000180025095e-35 -0.22252093395631442 0.16947311116436589 0.44558823529411767 1.0000000180025095e-35 0.53502304147465451 0.47191830780452232 0.23177083333333334 0.54239631336405547 0.17968750000000003 0.11197916666666667 -0.68301270189221952 0.48676470588235299 0.32885499106459032 0.091536193277547223 0.10811401452739054 0.21743680224164993 0.30933062880324552 0.59889677441000055 0.070312500000000014 0.39080606492770981 0.37771253510339559 0.14189758641386938 0.41775497033152903 0.075520833333333343 0.56082586125926026 0.6830127018922193 0.080729166666666671
decision_type=2 2 2 2 2 2 2 2 2 2 2 2 2 2 2 2 2 2 2 2 2 2 2 2 2 2 2 2 2 2
left_child=1 -1 -3 -4 9 -6 -7 -8 -5 10 11 12 20 -14 -15 16 25 18 -18 -19 22 -22 23 26 -25 -12 28 -28 29 -2
right_child=4 2 3 8 5 6 7 -9 -10 -11 15 -13 13 14 -16 -17 17 19 -20 -21 21 -23 -24 24 -26 -27 27 -29 -30 -31
leaf_value=0 -6.0192963577788318e-08 0 0 0 -0.00019531219673184818 0.0002038917247282812 -0.00012112432032822528 8.3336898225095922e-05 0 -5.1974873414525587e-05 0.000219383253626656 -2.8600664185945477e-05 -0.0001381460126708564 5.7774592757992382e-05 -0.00010264492725108096 0.0003140067206841497 0.00020847756806437022 8.8187416210202413e-05 -0.00010029589465857929 -7.824476112507012e-05 -8.4538902775250493e-05 0.00049403340923046251 0.00031320206111522139 -0.00010157363443963968 1.3631029485176245e-05 -1.5120915620311877e-05 1.3625923635833382e-05 -7.8876766169881996e-05 4.2817756837077154e-05 8.9853460202540106e-06
leaf_weight=419 1942 69 20 39 25 61 20 23 51 22 140 25 42 67 29 143 23 49 29 35 25 20 69 20 39 28 375 20 365 178
leaf_count=419 1942 69 20 39 25 61 20 23 51 22 140 25 42 67 29 143 23 49 29 35 25 20 69 20 39 28 375 20 365 178
internal_value=-0.00325567 -0.0256454 -0.0234803 -0.0212725 0.000254851 -0.00211626 -0.000749993 -0.00327899 -0.0199998 0.000337856 0.000362817 0.000229478 0.000264181 -0.00156521 0.000187498 0.00132214 0.000631577 -0.000749994 -0.00276918 0.000499994 0.000346872 -0.00233328 0.000386968 0.000325621 -0.00259318 0.00174999 0.000385417 0.00117721 0.000259557 0.000113208
internal_weight=4412 598 179 110 3814 129 104 43 90 3685 3663 3216 3191 138 96 447 304 136 52 84 3053 45 3008 2939 59 168 2880 395 2485 2120
internal_count=4412 598 179 110 3814 129 104 43 90 3685 3663 3216 3191 138 96 447 304 136 52 84 3053 45 3008 2939 59 168 2880 395 2485 2120
is_linear=0
shrinkage=0.03


Tree=356
num_leaves=31
num_cat=1
split_feature=0 10 7 9 16 0 17 0 9 9 0 17 18 11 18 17 11 8 12 11 5 8 17 19 1 11 17 17 17 7
split_gain=386.953 18.0969 0.443236 0.774572 0.657319 0.404231 0.575574 0.566685 0.311791 0.354923 0.893091 0.374011 0.309371 0.455796 0.849481 1.33829 0.422997 0.41862 0.62444 0.409735 0.420249 0.43441 0.350021 0.577581 1.11447 0.543041 0.520004 0.485458 0.607949 0.368517
threshold=1.0000000180025095e-35 0.25000000000000011 0.16947311116436589 0.88366156090444947 25.500000000000004 0.60947546798558971 0.30149451697434415 0.60600593573569095 0.92924872355944577 0.89606126914660855 0.41542199475783687 0.31464967031419194 0.45735294117647063 0.93301270189221952 0.48088235294117648 0.23500127648710753 -0.68301270189221952 0.11775028083749341 1.0000000180025095e-35 0.6830127018922193 0.037187288708586889 0.22614163575611029 0.34457082155884028 0 0.11197916666666667 1.0000000180025095e-35 0.35209769381329253 0.34110156435695865 0.33967321930048516 0.051478262846501033
decision_type=2 2 2 2 2 2 2 2 2 2 2 2 2 2 2 2 2 2 2 2 2 2 2 1 2 2 2 2 2 2
left_child=1 -1 5 4 -4 7 -7 8 9 12 11 -11 16 19 15 -15 17 -2 -19 22 -21 -22 27 24 25 26 -24 28 -14 -25
right_child=2 -3 3 -5 -6 6 -8 -9 -10 10 -12 -13 13 14 -16 -17 -18 18 -20 20 21 -23 23 29 -26 -27 -28 -29 -30 -31
leaf_value=0 -6.3316825129524346e-05 0 -0.00011210214529198357 -0.00025020209112293639 6.9480225464634815e-05 -2.8878360963449059e-05 0.00027242524520027444 -4.0917099830871171e-05 0.00010069895720392218 0.00012980208765252287 -0.00031425978329377576 -1.452451442449462e-05 2.68482115534563e-06 -2.032628281190727e-05 1.8998766632552711e-05 -6.0218519177379085e-05 3.4748963557260314e-05 2.1361470945638767e-05 -0.00010193086190341723 -0.00017405560963986046 0.00014307930820592015 -0.00014533145392947759 -0.00011944903829236628 -1.1718381693686034e-05 -0.0001259189350513182 -7.6808559585721917e-05 0.00036022256831686486 0.00013850763436108889 -0.00020141087281469117 5.7650908744047587e-06
leaf_weight=563 20 35 36 22 71 20 153 25 77 35 21 20 1892 46 64 32 354 52 37 20 332 21 24 45 20 27 42 59 30 217
leaf_count=563 20 35 36 22 71 20 153 25 77 35 21 20 1892 46 64 32 354 52 37 20 332 21 24 45 20 27 42 59 30 217
internal_value=-0.00320807 -0.0256454 0.000309911 -0.00141859 -0.000364482 0.000370421 0.00178612 0.000300683 0.000332951 0.000290323 -0.00173682 0.000272722 0.000336533 0.000220481 -0.00143661 -0.00353842 0.00105615 -0.000577976 0.000303367 0.000306706 0.00123056 0.00147025 0.000160441 -0.000679998 -0.00236583 -0.00119354 0.000272723 0.000319536 0.000237253 0.000132353
internal_weight=4412 598 3814 129 107 3685 173 3512 3487 3410 76 55 3334 2871 142 78 463 109 89 2729 373 353 2356 375 113 93 66 1981 1922 262
internal_count=4412 598 3814 129 107 3685 173 3512 3487 3410 76 55 3334 2871 142 78 463 109 89 2729 373 353 2356 375 113 93 66 1981 1922 262
cat_boundaries=0 1
cat_threshold=196
is_linear=0
shrinkage=0.03


Tree=357
num_leaves=31
num_cat=1
split_feature=0 10 3 6 0 16 16 0 1 17 5 3 8 7 7 3 17 0 2 8 19 2 17 16 5 16 18 11 2 2
split_gain=387.657 18.0969 0.406971 0.459747 0.767636 1.15548 0.758783 0.694412 0.550098 0.428156 0.461534 0.95564 0.365881 0.31736 0.921903 0.304785 0.312005 0.643722 0.324394 0.541935 0.463126 0.429922 0.461469 0.720037 0.454632 0.530692 0.560218 0.328463 0.476065 0.795017
threshold=1.0000000180025095e-35 0.25000000000000011 0.22135416666666669 0.53963133640553018 0.59889677441000055 26.500000000000004 9.5000000000000018 0.61090751480435135 0.10156250000000001 0.39080606492770981 0.26876267748478705 0.091145833333333343 0.30935014610256384 0.125746181198165 0.095648249209454236 0.14322916666666669 0.37771253510339559 0.53408883435755816 0.033854166666666671 0.20163812288966401 0 0.013020833333333334 0.34457082155884028 6.5000000000000009 0.07758620689655174 26.500000000000004 0.47794117647058826 0.6830127018922193 0.085937500000000014 0.096354166666666671
decision_type=2 2 2 2 2 2 2 2 2 2 2 2 2 2 2 2 2 2 2 2 1 2 2 2 2 2 2 2 2 2
left_child=1 -1 3 4 9 -6 8 -7 -5 10 15 -12 -11 14 -10 16 18 -18 19 20 21 -2 23 -23 25 -25 -27 -20 -29 -30
right_child=2 -3 -4 6 5 7 -8 -9 13 12 11 -13 -14 -15 -16 -17 17 -19 27 -21 -22 22 -24 24 -26 26 -28 28 29 -31
leaf_value=0 1.6899170719684495e-05 0 -4.5378741094023644e-05 2.30495205545018e-06 -0.00010569553917195431 -0.00011408905505444894 0.00011110500186282644 0.00046833925676971055 -9.0233587951391852e-05 0.00032434773605409572 1.605268978143135e-05 -0.00013884234011459011 -0.00014057077513630407 -0.00027892370423003061 0.00027363014033614827 -0.00012662543434691304 -0.00013293285846087321 4.5181245557474074e-05 2.698443063550612e-06 -9.4624509485923848e-05 6.4986052452490118e-06 -5.9557535315277675e-06 -0.00019209932334664535 5.4213912656911319e-05 1.1264010404663372e-05 -1.3587809763064424e-06 -0.00023317624156981689 4.6266539997029467e-05 -5.0446290908284181e-05 0.00024073056018892309
leaf_weight=563 102 35 29 63 20 20 404 25 20 87 43 34 20 20 21 32 25 22 1485 36 676 45 36 38 104 51 25 270 27 34
leaf_count=563 102 35 29 63 20 20 404 25 20 87 43 34 20 20 21 32 25 22 1485 36 676 45 36 38 104 51 25 270 27 34
internal_value=-0.00318767 -0.0256454 0.000333508 0.000360634 0.00022751 -0.00299995 0.00118182 -0.000333326 -0.000870961 0.000293233 0.000228525 -0.00206491 0.00215886 -0.00290159 -0.00139021 0.000287234 0.000318548 -0.00210634 0.00035746 -4.58219e-05 7.5209e-05 -0.000722626 -0.00131438 -0.000878324 -0.000165137 -0.00147367 -0.00292101 0.000604625 0.00145921 -0.000934411
internal_weight=4412 598 3814 3785 3257 65 528 45 124 3192 3085 77 107 61 41 3008 2976 47 2929 1113 1077 401 299 263 218 114 76 1816 331 61
internal_count=4412 598 3814 3785 3257 65 528 45 124 3192 3085 77 107 61 41 3008 2976 47 2929 1113 1077 401 299 263 218 114 76 1816 331 61
cat_boundaries=0 1
cat_threshold=99
is_linear=0
shrinkage=0.03


Tree=358
num_leaves=31
num_cat=0
split_feature=0 10 3 6 5 16 16 1 6 16 8 9 17 8 18 9 9 17 17 13 17 16 9 8 16 17 6 6 4 16
split_gain=387.188 18.0969 0.403363 0.415021 1.00172 1.5999 0.71736 0.550098 0.470739 0.841408 1.25052 1.17971 0.490525 0.299768 0.245546 0.774419 0.291319 0.440687 0.24109 1.34229 0.298876 0.263855 1.02384 0.728073 0.692168 0.641429 0.332691 0.476093 0.492796 0.747533
threshold=1.0000000180025095e-35 0.25000000000000011 0.22135416666666669 0.53963133640553018 0.35801217038539557 28.500000000000004 9.5000000000000018 0.10156250000000001 0.49262672811059915 19.500000000000004 0.20622435817705217 0.5977388767323123 0.39080606492770981 0.18375450283017666 0.43970588235294122 0.70386579139314387 0.47191830780452232 0.29725129776189269 0.3752021104586844 -0.56174490092936669 0.36673474597906569 6.5000000000000009 0.10977388767323125 0.12658369500764458 9.5000000000000018 0.33660965024253259 0.17854759256316546 0.10865814623958596 0.028645833333333336 18.500000000000004
decision_type=2 2 2 2 2 2 2 2 2 2 2 2 2 2 2 2 2 2 2 2 2 2 2 2 2 2 2 2 2 2
left_child=1 -1 3 4 8 -6 7 -5 12 -10 -11 -12 18 -9 15 -8 17 -16 20 -20 21 22 23 -2 25 -23 27 -26 29 -29
right_child=2 -3 -4 6 5 -7 14 13 9 10 11 -13 -14 -15 16 -17 -18 -19 19 -21 -22 24 -24 -25 26 -27 -28 28 -30 -31
leaf_value=0 3.2616240819506287e-06 0 -4.4017378861203513e-05 2.2358034937868899e-06 -0.00024981557654968405 0.00044159250597569394 1.2204887646505246e-05 -1.7726103709320035e-05 3.7905787197830262e-06 5.0452769046148613e-05 -5.4983338146878039e-06 -0.00026100978553567268 0.00017077770996434219 -0.00010106011294746822 -7.6532990103823817e-06 -0.00024321801974247609 0.00027653983306458711 0.00031664649031302002 -0.0001337651284454849 3.5400103342558557e-05 8.3406915613210814e-05 2.8332917365091713e-05 9.8726844067260888e-07 -7.2135959864574989e-05 2.201836936741236e-05 -6.4472098895420372e-06 4.2086309832570034e-06 -4.3698133543478983e-05 -9.3441943926725725e-05 3.3619647943983394e-06
leaf_weight=563 22 35 29 63 20 20 33 26 57 39 21 26 119 35 26 26 297 22 23 52 57 179 380 20 209 20 1562 50 126 255
leaf_count=563 22 35 29 63 20 20 33 26 57 39 21 26 119 35 26 26 297 22 23 52 57 179 380 20 209 20 1562 50 126 255
internal_value=-0.00320127 -0.0256454 0.000317777 0.000344782 0.000218299 -0.00449989 0.001125 -0.000870961 0.000276966 -0.00140558 -0.00327903 -0.00657433 0.000355237 -0.00290159 0.00173762 -5.08465e-05 0.00204347 -0.000124997 0.000279188 -0.00139998 0.000322917 0.00027949 -0.000412321 -0.00485703 0.000401083 0.00209547 0.000247956 -0.000328124 -0.00089791 -0.000245901
internal_weight=4412 598 3814 3785 3257 40 528 124 3217 143 86 47 3074 61 404 59 345 48 2955 75 2880 2823 422 42 2401 199 2202 640 431 305
internal_count=4412 598 3814 3785 3257 40 528 124 3217 143 86 47 3074 61 404 59 345 48 2955 75 2880 2823 422 42 2401 199 2202 640 431 305
is_linear=0
shrinkage=0.03


Tree=359
num_leaves=31
num_cat=1
split_feature=0 10 8 8 6 6 11 6 8 18 11 16 5 4 9 19 6 13 0 5 6 1 4 6 1 4 18 6 1 10
split_gain=388.362 18.0969 0.259657 0.662399 0.852904 0.823298 0.661465 0.509535 0.442027 0.713455 0.408385 0.492584 0.51675 0.388254 1.223 0.322498 0.67388 1.00485 0.475336 0.492953 0.353252 1.02318 0.459596 0.583931 0.407071 0.325657 0.289848 0.499978 0.237851 0.232611
threshold=1.0000000180025095e-35 0.25000000000000011 0.20833669660143139 0.22614163575611029 0.47142857142857153 0.54516129032258076 -0.9330127018922193 0.38387096774193558 0.18460672248384172 0.48382352941176471 0.6830127018922193 2.5000000000000004 0.037187288708586889 0.096354166666666671 0.44894237782640417 0 0.60230414746543792 -0.56174490092936669 0.50774919692187181 0.47565922920892501 0.62350230414746555 0.085937500000000014 0.10677083333333334 0.73963133640553014 0.11718750000000001 0.059895833333333336 0.46029411764705885 0.47142857142857153 0.070312500000000014 1.0000000180025095e-35
decision_type=2 2 2 2 2 2 2 2 2 2 2 2 2 2 2 1 2 2 2 2 2 2 2 2 2 2 2 2 2 2
left_child=1 -1 7 4 -4 -6 -5 8 10 -10 13 -12 -13 29 -15 16 17 -8 -17 20 21 -20 -22 -24 -25 28 -23 -28 -19 -2
right_child=2 -3 3 6 5 -7 15 -9 9 -11 11 12 -14 14 -16 18 -18 25 19 -21 22 26 23 24 -26 -27 27 -29 -30 -31
leaf_value=0 3.8676018249930376e-06 0 2.4516596134844326e-06 0.00048603774925126193 -0.00022077360128688647 -2.0947642192098017e-05 -0.00022663714166711282 5.8929203338095213e-05 -6.4137773980978645e-05 0.0004634386584693043 -5.2988204203311807e-05 -0.00016994669371369654 0.00013831374969121429 -0.00026205973667118698 4.4402334905262681e-05 7.6213833947938589e-05 -0.00022923504962297513 3.5117785728436303e-05 -0.00012755650642896153 0.00074857991454664022 4.3708601991608467e-05 0.00015181938620850423 0.00040359604613479931 5.0103284212798993e-06 -3.8686121352485937e-05 3.9470070655319594e-05 0.00028020057431474803 -5.9864910614697838e-05 -6.8352702130596854e-05 4.3337151768991185e-07
leaf_weight=563 796 35 40 67 25 27 35 493 39 25 27 20 295 27 46 85 28 21 36 36 53 21 31 25 23 47 25 25 20 1376
leaf_count=563 796 35 40 67 25 27 35 493 39 25 27 20 295 27 46 85 28 21 36 36 53 21 31 25 23 47 25 25 20 1376
internal_value=-0.00316727 -0.0256454 0.000357105 -0.000179104 -0.00254345 -0.00507683 0.000197232 0.000471374 0.000306677 -0.00215622 0.000367607 0.00133333 0.00166666 0.00022049 -0.00193148 -0.000170254 -0.00128571 -0.000414631 0.000324324 -0.000272726 -0.000765687 -0.00204671 0.000272725 -0.0011772 -0.00324993 0.00129544 4.2253e-05 -0.00119998 -0.00065852 0.000292818
internal_weight=4412 598 3814 670 92 52 578 3144 2651 64 2587 342 315 2245 73 511 151 123 360 275 239 107 132 79 48 88 71 50 41 2172
internal_count=4412 598 3814 670 92 52 578 3144 2651 64 2587 342 315 2245 73 511 151 123 360 275 239 107 132 79 48 88 71 50 41 2172
cat_boundaries=0 1
cat_threshold=912
is_linear=0
shrinkage=0.03


Tree=360
num_leaves=31
num_cat=0
split_feature=0 16 13 13 7 6 18 7 9 5 13 1 2 3 4 13 5 9 6 6 7 17 3 17 0 0 3 16 4 2
split_gain=399.245 4.71598 2.83089 0.85539 0.37854 0.48663 0.376464 0.415457 0.922954 0.464028 0.39825 0.392432 0.927562 1.06504 0.368792 0.327925 0.31156 1.53217 0.408277 0.360907 0.624302 0.581899 0.541068 0.635741 0.4182 0.637465 0.758952 0.734859 0.541946 0.489204
threshold=1.0000000180025095e-35 29.500000000000004 -0.22252093395631442 0.81174490092936691 0.028717457926122739 0.099850610219273842 0.53382352941176481 0.19614921917087011 0.8231218088986143 0.38235294117647062 -0.22252093395631442 0.14322916666666669 0.13802083333333334 0.10156250000000001 0.0078125000000000017 -0.56174490092936669 0.060006761325219753 0.73340627279358139 0.12184967424122044 0.15714285714285717 0.068200183856979943 0.34971491787932951 0.039062500000000007 0.31329248574589402 0.35371632274308884 0.39191207165358427 0.018229166666666668 5.5000000000000009 0.085937500000000014 0.054687500000000007
decision_type=2 2 2 2 2 2 2 2 2 2 2 2 2 2 2 2 2 2 2 2 2 2 2 2 2 2 2 2 2 2
left_child=1 -1 -3 -4 14 -6 7 9 10 11 -9 16 13 -13 15 -2 17 -7 -18 20 21 22 23 -20 -21 26 -26 -28 29 -29
right_child=4 2 3 -5 5 6 -8 8 -10 -11 -12 12 -14 -15 -16 -17 18 -19 19 24 -22 -23 -24 -25 25 -27 27 28 -30 -31
leaf_value=0 3.5615285166707601e-06 0 0 0 6.9345569027633492e-05 7.875857890446182e-06 0.00045192227786988612 -7.649702447034705e-05 -0.00014408166783739674 0.00016324399230103389 0.00019352310216063601 6.0434473800149327e-07 0.00018527766910402714 -9.8094839834658671e-05 1.3566326971352712e-05 -3.392902202732037e-05 0.00024279437044363828 -0.00013030649551975366 -1.9010585088053008e-05 4.7990635552647327e-05 -0.00010443368865532831 -1.9300454802072804e-05 -9.5896666560216478e-05 3.5336319712097551e-05 -5.430037868289436e-05 4.0836965419687156e-06 -0.00012591626270252868 8.4796170264026937e-05 -0.00018979873894552061 -3.0505549716849233e-05
leaf_weight=488 26 41 68 20 60 79 45 21 20 94 23 39 39 35 312 38 90 25 43 110 20 23 21 81 27 2317 36 139 20 32
leaf_count=488 26 41 68 20 60 79 45 21 20 94 23 39 39 35 312 38 90 25 43 110 20 23 21 81 27 2317 36 139 20 32
internal_value=-0.00320036 -0.0255899 -0.0204882 -0.0174543 0.000420708 0.000321896 0.000274342 0.000237553 -0.00215622 0.000284404 0.000272721 0.000222922 -0.00151326 -0.00348644 0.00132446 -0.000749988 0.000286974 -0.00132691 0.000343697 0.000281283 -0.000989356 -0.000392855 0.000310343 0.00106451 0.000370384 0.000292882 -0.00113385 -0.000568279 0.000172774 0.000719294
internal_weight=4432 617 129 88 3815 3439 3379 3334 64 3270 44 3176 113 74 376 64 3063 104 2959 2869 188 168 145 124 2681 2571 254 227 191 171
internal_count=4432 617 129 88 3815 3439 3379 3334 64 3270 44 3176 113 74 376 64 3063 104 2959 2869 188 168 145 124 2681 2571 254 227 191 171
is_linear=0
shrinkage=0.03


Tree=361
num_leaves=31
num_cat=1
split_feature=0 10 7 4 13 1 2 7 3 19 10 17 4 2 6 17 2 6 9 10 1 2 0 9 2 6 4 6 6 0
split_gain=399.486 19.2702 0.371982 0.368792 0.327925 0.31266 0.433174 0.308808 0.6851 0.304376 0.470718 0.483786 0.78535 0.721813 0.729619 1.03667 0.705303 0.435965 0.991455 0.90694 0.717556 0.616127 0.579747 0.557279 0.533992 0.402447 0.704975 0.552873 0.287113 0.639999
threshold=1.0000000180025095e-35 0.25000000000000011 0.028717457926122739 0.0078125000000000017 -0.56174490092936669 0.18489583333333334 0.22135416666666669 0.18502856309113072 0.091145833333333343 0 1.0000000180025095e-35 0.3128317766059529 0.049479166666666671 0.039062500000000007 0.23597761685319293 0.30400966934908297 0.028645833333333336 0.45391705069124427 0.65134938001458809 0.68301270189221941 0.085937500000000014 0.070312500000000014 0.57496635349083125 0.8231218088986143 0.023437500000000003 0.69631336405529975 0.12239583333333334 0.53502304147465451 0.60230414746543792 0.61229581972090841
decision_type=2 2 2 2 2 2 2 2 2 1 2 2 2 2 2 2 2 2 2 2 2 2 2 2 2 2 2 2 2 2
left_child=1 -1 3 4 -2 6 7 9 -9 25 11 12 13 14 15 16 -11 23 19 20 -19 -21 -23 -12 -25 27 -27 -4 -20 -30
right_child=2 -3 5 -5 -6 -7 -8 8 -10 10 17 -13 -14 -15 -16 -17 -18 18 28 21 -22 22 -24 24 -26 26 -28 -29 29 -31
leaf_value=0 3.4546826611709561e-06 0 5.1919463264783118e-06 1.3159337162211933e-05 -3.2911151366500995e-05 0.00025845031826007467 -4.6546125032059289e-05 3.3274500942520775e-05 -0.00010840457473113543 0.00030030782402106344 2.4148529611087191e-06 1.4013627378741978e-05 6.0864417702761501e-06 2.1785154894306825e-06 -0.00022703565856739365 -0.00013258098892209892 -7.5005663173909442e-06 -0.00016239868741078597 9.6449239453267582e-05 -3.8335014028930637e-05 -0.00028907162359292286 5.1495834459214869e-05 -3.9049383103947754e-05 -0.00016031136699923339 7.714961793391372e-06 -7.3311315561390796e-05 0.00028672948557862028 0.00017998074457294263 -0.0001733057973823594 0.00024473312406187201
leaf_weight=579 26 38 811 312 38 77 28 39 24 36 1052 394 226 115 22 24 22 23 53 26 30 45 23 22 21 31 27 210 33 25
leaf_count=579 26 38 811 312 38 77 28 39 24 36 1052 394 226 115 22 24 22 23 53 26 30 45 23 22 21 31 27 210 33 25
internal_value=-0.00319359 -0.0255899 0.000428571 0.00132446 -0.000749988 0.000330619 0.000287329 0.000318536 -0.00176188 0.000358606 0.000152589 0.000711561 3.37079e-05 -0.00124657 -0.00305766 -0.00175608 0.000413786 -0.000192904 -0.00130232 -0.00291835 -0.00605649 -0.00114892 0.000352936 6.84932e-05 -0.00327899 0.000768594 -0.00165514 0.000913809 0.00083783 -0.000620679
internal_weight=4432 617 3815 376 64 3439 3362 3334 63 3271 2192 839 445 219 104 82 58 1353 258 147 53 94 68 1095 43 1079 58 1021 111 58
internal_count=4432 617 3815 376 64 3439 3362 3334 63 3271 2192 839 445 219 104 82 58 1353 258 147 53 94 68 1095 43 1079 58 1021 111 58
cat_boundaries=0 1
cat_threshold=98
is_linear=0
shrinkage=0.03


Tree=362
num_leaves=31
num_cat=0
split_feature=0 10 18 8 17 1 4 17 17 16 3 8 8 8 11 5 17 4 16 12 17 3 0 4 8 5 4 1 8 8
split_gain=398.28 19.2702 0.344858 0.255623 0.487599 0.450526 0.713161 1.30228 0.544426 0.423421 0.472253 0.409009 0.708552 0.696814 0.913259 0.747575 0.665535 0.756945 0.458658 0.611627 0.526576 0.791331 0.39997 0.370415 0.327383 0.307384 0.304908 0.555757 0.420486 0.608269
threshold=1.0000000180025095e-35 0.25000000000000011 0.53382352941176481 0.17796410352255287 0.23500127648710753 0.049479166666666671 0.039062500000000007 0.32256682483368998 0.38275891413496732 4.5000000000000009 0.028645833333333336 0.49432194160291421 0.26495406874879129 0.20477481889322038 -0.5 0.29513184584178503 0.29376877908917742 0.12239583333333334 20.500000000000004 -0.60785761079279388 0.26019062207471716 0.096354166666666671 0.56764902299890541 0.11718750000000001 0.19010694606400499 0.2626774847870183 0.10677083333333334 0.12760416666666669 0.16747484369433055 0.16278022763403752
decision_type=2 2 2 2 2 2 2 2 2 2 2 2 2 2 2 2 2 2 2 2 2 2 2 2 2 2 2 2 2 2
left_child=1 -1 3 4 -2 9 7 -7 -9 -5 -11 12 13 18 15 -15 17 -16 19 -8 -21 -22 -13 -23 25 -20 27 28 29 -6
right_child=2 -3 -4 5 26 6 11 8 -10 10 -12 22 -14 14 16 -17 -18 -19 24 20 21 23 -24 -25 -26 -27 -28 -29 -30 -31
leaf_value=0 -2.0246137896463009e-05 0 0.00043365020094733825 -0.00015942583046701253 3.1837043254350874e-06 -0.00020886546758580845 0.00033057944980384647 0.00025743208484444667 -2.8337613389538679e-05 -1.8665473729163111e-05 7.2474137911180059e-05 8.3406622276268983e-06 4.0757133491973494e-05 -0.0001032160275256771 -0.00014290634524806334 -0.0003216754549839978 2.8579467315984726e-05 6.7361915320245529e-07 -5.0765630211171578e-05 0.00035908337125924855 -6.6430278735768949e-05 2.4429286978115075e-05 -7.4658828944381455e-05 -3.5864474027181624e-05 0.00030500390286496344 0.000300888592996286 9.3335456212267928e-05 -5.6901611090594105e-05 0.00019846691912354112 -0.00052667042527850439
leaf_weight=579 28 38 45 30 2445 26 30 24 36 24 137 20 235 38 24 33 85 31 20 26 22 37 20 20 76 41 122 20 82 38
leaf_count=579 28 38 45 30 2445 26 30 24 36 24 137 20 235 38 24 33 85 31 20 26 22 37 20 20 76 41 122 20 82 38
internal_value=-0.00322744 -0.0255899 0.000389253 0.00035809 0.000510055 -4.34781e-05 -0.000341232 -0.0029302 -0.000499992 0.00127224 0.00188198 -4.74932e-05 0.000116992 -0.000540371 -0.00183411 -0.00460557 -0.000428568 -0.00299995 0.000463234 -0.000777772 -0.00185713 -0.00307591 -0.00299992 -0.0012105 0.00168612 4.91796e-05 0.000550794 0.000481625 0.000520468 0.000450664
internal_weight=4432 617 3815 3770 2735 1035 844 86 60 191 161 758 718 483 211 71 140 55 272 135 105 79 40 57 137 61 2707 2585 2565 2483
internal_count=4432 617 3815 3770 2735 1035 844 86 60 191 161 758 718 483 211 71 140 55 272 135 105 79 40 57 137 61 2707 2585 2565 2483
is_linear=0
shrinkage=0.03


Tree=363
num_leaves=31
num_cat=1
split_feature=0 10 18 7 1 9 1 4 5 5 8 9 19 1 7 6 2 8 7 9 16 9 7 0 7 4 2 0 13 4
split_gain=398.039 19.2702 0.346939 0.388976 0.56811 1.40303 0.652986 0.595675 0.665671 0.995631 0.568352 0.488856 0.431712 1.29782 0.491557 0.586888 0.432456 0.515898 0.444521 0.509715 0.48618 0.692264 0.532589 0.741549 0.519823 0.49664 0.420214 0.635942 0.703677 0.472596
threshold=1.0000000180025095e-35 0.25000000000000011 0.53382352941176481 0.10298321911602835 0.054687500000000007 0.19730123997082422 0.096354166666666671 0.12760416666666669 0.20385395537525358 0.30933062880324552 0.20477481889322038 0.53610503282275734 0 0.11718750000000001 0.080750032991943985 0.69631336405529975 0.10677083333333334 0.13422374372751167 0.055089635996602375 0.64697301239970828 6.5000000000000009 0.29431072210065656 0.064385198188347884 0.44358963562553105 0.078330781814401104 0.054687500000000007 0.12760416666666669 0.57040581497477094 -0.56174490092936669 0.12760416666666669
decision_type=2 2 2 2 2 2 2 2 2 2 2 2 1 2 2 2 2 2 2 2 2 2 2 2 2 2 2 2 2 2
left_child=1 -1 3 12 -5 -6 7 8 -7 10 -10 -8 14 16 15 -2 17 -14 19 -19 21 -20 23 -22 -24 -26 27 -13 -29 -28
right_child=2 -3 -4 4 5 6 11 -9 9 -11 -12 26 13 -15 -16 -17 -18 18 20 -21 22 -23 24 -25 25 -27 29 28 -30 -31
leaf_value=0 9.5902664372594026e-06 0 0.00042064069491891859 9.5219273584439534e-06 -7.4944732542467582e-05 8.6540613644611343e-05 9.2191240078179883e-05 4.0457761089315624e-05 -0.00052453445161434 -4.7057814578812674e-05 -0.00017014607906565982 0.00026417762190949286 2.9006691261433782e-06 -6.2076743102164864e-05 0.00013622790080012345 -0.00010571228285600654 4.1108155372553575e-05 8.2457917479941087e-05 9.1212364251851346e-07 -4.2054532750867145e-05 3.326198442581111e-05 -0.00030623119596428529 4.3335894036147466e-05 -0.00035081379064466476 -0.00013406495169067167 1.9913912905149726e-07 0.00018405258839312183 -6.8340442321464449e-05 -4.377666581865805e-05 -4.0373460188588904e-05
leaf_weight=579 962 38 45 106 21 30 85 28 29 46 22 37 1392 25 295 20 71 91 26 34 26 26 101 37 37 78 49 22 42 32
leaf_count=579 962 38 45 106 21 30 85 28 29 46 22 37 1392 25 295 20 71 91 26 34 26 26 101 37 37 78 49 22 42 32
internal_value=-0.0032342 -0.0255899 0.000381389 0.000350133 -0.000387977 -0.000860043 -0.000483411 -0.00203224 -0.00290549 -0.00411336 -0.00699986 0.000415729 0.000475939 0.000190379 0.000902097 0.000586558 0.000279833 0.000191558 -0.000684209 0.000839993 -0.00125981 -0.003923 -0.000763438 -0.00319043 -5.55552e-05 -0.00143477 -0.000461536 -0.00175246 -0.00356244 0.00114813
internal_weight=4432 617 3815 3770 549 443 422 155 127 97 51 267 3221 1944 1277 982 1919 1848 456 125 331 52 279 63 216 115 182 101 64 81
internal_count=4432 617 3815 3770 549 443 422 155 127 97 51 267 3221 1944 1277 982 1919 1848 456 125 331 52 279 63 216 115 182 101 64 81
cat_boundaries=0 1
cat_threshold=226
is_linear=0
shrinkage=0.03


Tree=364
num_leaves=31
num_cat=1
split_feature=0 10 3 0 3 19 5 12 6 6 12 4 4 8 4 6 1 3 9 9 0 5 0 6 9 13 11 3 13 9
split_gain=397.075 19.2702 0.275737 0.343754 0.338433 0.320963 0.874726 1.04644 1.28249 1.27334 0.608902 0.555006 0.874951 0.764264 0.517651 0.609387 1.38901 0.417411 0.393364 0.375292 0.312858 0.315244 0.762329 0.948836 0.34379 0.361835 0.307786 0.429547 0.346052 0.343182
threshold=1.0000000180025095e-35 0.25000000000000011 0.15885416666666669 0.50927314443444693 0.15364583333333334 0 0.21399594320486817 -0.60785761079279388 0.53041474654377896 0.45391705069124427 0.87837969732492682 0.028645833333333336 0.018229166666666668 0.1482181984897806 0.059895833333333336 0.28433179723502316 0.033854166666666671 0.070312500000000014 0.89606126914660855 0.64697301239970828 0.47151883933976957 0.13691683569979718 0.41342993139342915 0.23572223105037346 0.68490153172866541 -0.56174490092936669 0.6830127018922193 0.013020833333333334 0.81174490092936691 0.61670313639679086
decision_type=2 2 2 2 2 1 2 2 2 2 2 2 2 2 2 2 2 2 2 2 2 2 2 2 2 2 2 2 2 2
left_child=1 -1 4 -4 5 6 10 -8 9 -9 14 12 -12 -13 15 18 -17 19 20 -18 21 22 24 -24 -2 -26 27 -7 -28 -29
right_child=2 -3 3 -5 -6 26 7 8 -10 -11 11 13 -14 -15 -16 16 17 -19 -20 -21 -22 -23 23 -25 25 -27 28 29 -30 -31
leaf_value=0 4.4901591579749261e-05 0 -0.00012584807653556079 5.6394913555723748e-05 -1.8658566543397946e-05 7.0673017424430936e-05 0.0001198753233307805 -7.3370261362938613e-05 3.1945830903513486e-06 -0.00073458235036527922 2.9328414522322189e-06 8.1295056294291355e-06 -9.8012149845538466e-05 -0.0002017350299519829 1.5550108106527933e-05 -0.00017964518812421131 -7.7822429348051281e-05 3.8096517959608881e-05 -5.4101765171284057e-06 7.4444302716146116e-05 -0.00010148009569041283 0.000418516033485573 -0.0003718077995426377 0.00011332236684896678 4.1886664277518625e-06 -3.7607548089658526e-05 3.4010427670581032e-05 -9.4721916548380137e-07 0.00025321909387996034 1.3078905969874344e-05
leaf_weight=579 321 38 28 108 24 109 29 24 25 20 28 65 28 29 171 28 25 28 24 28 20 76 23 20 23 34 443 1066 78 890
leaf_count=579 321 38 28 108 24 109 29 24 25 20 28 65 28 29 171 28 25 28 24 28 20 76 23 20 23 34 443 1066 78 890
internal_value=-0.00326128 -0.0255899 0.000349934 0.00167646 0.000300897 0.000324213 -0.000113994 -0.0028163 -0.00482602 -0.00790891 0.000157569 -0.00159999 -0.00396421 -0.000191487 0.000478684 9.23077e-05 -0.00195411 3.70367e-05 0.00050462 -0.00152827 0.000678916 0.00082696 0.000505937 -0.00327899 0.000936506 -0.0012105 0.000503852 0.000341404 0.00115739 0.000239264
internal_weight=4432 617 3815 136 3679 3655 1069 98 69 44 971 150 56 94 821 650 109 81 541 53 517 497 421 43 378 57 2586 2065 521 1956
internal_count=4432 617 3815 136 3679 3655 1069 98 69 44 971 150 56 94 821 650 109 81 541 53 517 497 421 43 378 57 2586 2065 521 1956
cat_boundaries=0 1
cat_threshold=21
is_linear=0
shrinkage=0.03


Tree=365
num_leaves=31
num_cat=1
split_feature=0 10 1 9 2 8 8 7 19 4 17 7 17 0 0 9 17 8 1 2 7 7 9 7 0 4 16 1 9 0
split_gain=383.565 18.3987 0.409858 0.502314 0.51624 0.325032 0.835816 0.720543 0.718399 0.669654 0.905145 0.615642 0.893324 0.82348 0.676114 1.1379 0.66741 1.13379 0.70135 0.594694 0.475696 0.438367 0.966289 0.485484 0.37965 0.499472 0.373436 0.356975 0.333286 0.316289
threshold=1.0000000180025095e-35 0.25000000000000011 0.0078125000000000017 0.41320204230488705 0.023437500000000003 0.1160777868849175 0.1117864860989408 0.056663942421223447 0 0.013020833333333334 0.30666575698619936 0.030210256171992824 0.3156752616798571 0.2426380079608694 0.38102995081185809 0.54303428154631672 0.31203213813057734 0.10270181630322682 0.018229166666666668 0.033854166666666671 0.043362410548815823 0.051691424267021037 0.57148067104303446 0.061233988916926919 0.41876820771680739 0.039062500000000007 28.500000000000004 0.018229166666666668 0.15681983953318746 0.66731703608882975
decision_type=2 2 2 2 2 2 2 2 1 2 2 2 2 2 2 2 2 2 2 2 2 2 2 2 2 2 2 2 2 2
left_child=1 -1 3 -2 -5 6 7 8 9 10 -4 13 16 -10 -14 -16 17 18 -13 -8 28 22 -21 -23 25 -20 -17 -22 -7 -29
right_child=2 -3 5 4 -6 20 19 -9 11 -11 -12 12 14 -15 15 26 -18 -19 24 21 27 23 -24 -25 -26 -27 -28 29 -30 -31
leaf_value=0 -0.00011168303439218918 0 -3.925675601385283e-05 -2.0861124774305009e-05 3.3199862313700614e-05 -1.8671330837334249e-07 0.00027261916710386106 0.00011814671388569858 -6.9760000156022679e-05 3.3516243893574291e-05 1.6858508348791179e-05 -6.2055558612978792e-05 0.00020299774410450382 4.5038815992886302e-05 -0.00018130257002985605 -2.2063011020987496e-06 -3.5328370566375949e-05 -0.00013585775240679453 1.868129010567926e-06 -0.0003071619715558679 5.2583093637882836e-05 3.2154139069273476e-05 -4.2109377084788795e-05 -0.0002322708725915367 8.7854958526818698e-05 -0.00010418320751575968 0.00010482159498899093 1.3939018118665425e-06 6.704931353690167e-05 0.00060380707159806292
leaf_weight=564 20 32 27 34 33 41 25 197 23 240 55 34 86 183 32 26 30 28 61 20 82 30 21 38 28 29 61 2069 181 37
leaf_count=564 20 32 27 34 33 41 25 197 23 240 55 34 86 183 32 26 30 28 61 20 82 30 21 38 28 29 61 2069 181 37
internal_value=-0.003327 -0.0256912 0.000207637 -0.00182757 -0.000582081 0.0002557 -0.000131868 0.000131579 -0.000213149 0.000921684 -0.00139023 -0.000803485 -0.00148192 0.000524269 -7.31703e-05 -0.0015378 -0.00285713 -0.00216665 -0.00114473 -0.00237312 0.000460581 -0.00333024 -0.00578035 -0.00185291 -5.08469e-05 -0.000999989 0.000241377 0.000326325 0.00178378 0.000250712
internal_weight=4367 596 3771 87 67 3684 1274 1140 943 322 82 621 415 206 205 119 210 180 152 134 2410 109 41 68 118 90 87 2188 222 2106
internal_count=4367 596 3771 87 67 3684 1274 1140 943 322 82 621 415 206 205 119 210 180 152 134 2410 109 41 68 118 90 87 2188 222 2106
cat_boundaries=0 1
cat_threshold=720
is_linear=0
shrinkage=0.03


Tree=366
num_leaves=31
num_cat=2
split_feature=0 10 1 0 0 8 8 11 3 17 11 1 16 16 8 4 19 17 12 4 7 10 0 0 0 0 7 7 19 4
split_gain=382.859 18.3987 0.581132 0.535217 1.29607 0.832311 0.57122 0.400575 0.389026 0.891395 0.514756 0.619889 0.686403 1.0939 1.33756 0.895631 0.626572 0.67315 0.710123 0.907342 0.706489 0.54896 0.926241 0.696101 0.469581 1.30103 0.414596 0.561258 0.847183 0.741964
threshold=1.0000000180025095e-35 0.25000000000000011 0.013020833333333334 0.30326947050547354 0.25116988365912574 0.060322512179489085 0.076479323991404488 0.25000000000000017 0.049479166666666671 0.24210705471874738 -0.9330127018922193 0.028645833333333336 29.500000000000004 23.500000000000004 0.14517803960434378 0.013020833333333334 0 0.29457067483618421 -0.60785761079279388 0.044270833333333336 0.071812787235275108 0.68301270189221941 0.36322322697836107 0.44358963562553105 0.41236253695532932 0.42894486456374797 0.075179065199974346 0.089808076667447473 1 0.054687500000000007
decision_type=2 2 2 2 2 2 2 2 2 2 2 2 2 2 2 2 1 2 2 2 2 2 2 2 2 2 2 2 1 2
left_child=1 -1 3 4 -2 -6 -7 -5 9 -4 -11 -12 13 15 -15 -13 24 -18 20 -20 -19 -14 -23 -24 -17 -26 -10 28 -28 -30
right_child=2 -3 8 7 5 6 -8 -9 26 10 11 12 21 14 -16 16 17 18 19 -21 -22 22 23 -25 25 -27 27 -29 29 -31
leaf_value=0 1.7218487990886039e-05 0 -9.5841264079491435e-05 3.0480434232438058e-05 9.1847399102677552e-07 -0.00015854432566535757 -3.5088827204182329e-05 -3.996108048651782e-05 1.9487296270719548e-05 -1.3840321489263286e-05 7.9482593307154009e-06 -3.8257620885576971e-05 9.9363227270165175e-05 -0.00021733045545101919 2.1772462425626393e-05 5.9300925280717752e-05 4.1436425105399275e-05 0.00018713373609198565 -9.5189360199487966e-05 -9.3686783919438502e-05 -0.00010244845914353971 -0.00023057213402493166 0.00036718185883153357 -1.0066439805633799e-05 -0.0002322571545953817 0.00010898341172561782 7.5172219375661684e-05 8.1164226819468078e-06 1.1209186859735139e-06 -0.00010419447226373072
leaf_weight=564 58 32 46 79 21 22 36 33 928 191 422 23 399 37 31 107 51 26 27 27 20 26 41 37 26 92 121 678 63 103
leaf_count=564 58 32 46 79 21 22 36 33 928 191 422 23 399 37 31 107 51 26 27 27 20 26 41 37 26 92 121 678 63 103
internal_value=-0.00334761 -0.0256912 0.000183771 -0.00121686 -0.00247443 -0.00497462 -0.00682747 0.000321426 0.000282794 -5.70901e-05 6.25396e-05 0.000262931 -0.000154639 -0.000982867 -0.00449993 -0.000383458 -3.19147e-05 -0.00147204 -0.00299997 -0.00533323 -0.000260864 0.000614313 -0.00132691 0.000307688 0.000957443 -0.000305082 0.000575277 0.000139896 -0.000972122 -0.00228408
internal_weight=4367 596 3771 249 137 79 58 112 3522 1629 1583 1392 970 467 68 399 376 151 100 54 46 503 104 78 225 118 1893 965 287 166
internal_count=4367 596 3771 249 137 79 58 112 3522 1629 1583 1392 970 467 68 399 376 151 100 54 46 503 104 78 225 118 1893 965 287 166
cat_boundaries=0 1 2
cat_threshold=849 70
is_linear=0
shrinkage=0.03


Tree=367
num_leaves=31
num_cat=1
split_feature=0 10 1 16 4 19 6 7 1 2 8 18 8 17 7 16 9 8 16 13 7 0 17 6 18 7 7 10 7 6
split_gain=384.744 18.3987 0.426036 0.822833 0.536919 0.424018 0.492358 0.956498 0.628646 0.418071 0.470388 0.556429 0.684028 0.600223 0.671129 1.13291 1.13364 0.677785 0.673777 0.628452 0.591408 0.580633 0.864227 0.532929 0.72236 0.519613 0.505988 0.564138 0.808119 0.499611
threshold=1.0000000180025095e-35 0.25000000000000011 0.0078125000000000017 21.500000000000004 0.028645833333333336 0 0.69262672811059922 0.086056542320642804 0.11197916666666667 0.013020833333333334 0.10757186459095865 0.47500000000000003 0.14266440600799832 0.21947068334609829 0.093614801865352454 8.5000000000000018 0.52808169219547796 0.1497662635424182 18.500000000000004 1.0000000180025095e-35 0.043615254735743278 0.57040581497477094 0.34907667432558936 0.14668679485142225 0.45735294117647063 0.072270684248026615 0.070965636238045124 -0.5 0.077483937672895853 0.15714285714285717
decision_type=2 2 2 2 2 1 2 2 2 2 2 2 2 2 2 2 2 2 2 2 2 2 2 2 2 2 2 2 2 2
left_child=1 -1 3 -2 -5 6 8 -8 -4 -7 23 -12 20 -14 15 25 18 -18 -17 -20 -13 -16 -23 -11 -25 -15 -22 28 -28 -26
right_child=2 -3 5 4 -6 9 7 -9 -10 10 11 12 13 14 21 16 17 -19 19 -21 26 22 -24 24 29 -27 27 -29 -30 -31
leaf_value=0 -5.2147048070032588e-05 0 5.8388638789759892e-06 2.8736522279050253e-05 -3.4304090992241352e-05 6.2091706204383274e-05 -9.9772883925150583e-05 1.3852036996245969e-05 0.00017371742126075004 1.6074221815259708e-06 9.9990516140356759e-06 -8.4271220773182118e-05 3.9489546339768296e-06 -3.1081861394495375e-05 5.1352386341859709e-06 6.4849996166067226e-05 -0.00026350392620774245 0.0002426628637923555 -0.00010982866304567959 -0.00014669327622202213 0.00013092395631481897 -0.00011329457856940537 -4.43422714907791e-06 -4.2124738948061749e-05 -2.2349913447614059e-05 -0.0001075885846207904 -0.00012996015830333294 0.00016831384553565664 1.0860113059870827e-06 -5.7822428175483514e-06
leaf_weight=564 21 32 1165 45 21 134 31 74 200 240 713 35 43 22 117 20 26 86 26 21 191 20 70 21 41 20 20 60 32 256
leaf_count=564 21 32 1165 45 21 134 31 74 200 240 713 35 43 22 117 20 26 86 26 21 191 20 70 21 41 20 20 60 32 256
internal_value=-0.00329265 -0.0256912 0.000247415 -0.00182757 -0.000181815 0.000296417 0.000689189 -0.0012857 0.000846153 3.23742e-05 -7.21152e-05 0.000201051 -0.000337453 -0.00107643 -0.00141588 -0.0025656 -0.00152513 0.000321426 -0.00461187 -0.00657433 0.000692306 -0.000188405 -0.00199998 -0.000817203 -0.00162264 -0.00699983 0.00111881 -0.000482138 -0.00276918 -0.00124242
internal_weight=4367 596 3771 87 66 3684 1470 105 1365 2214 2080 1522 809 471 428 221 179 112 67 47 338 207 90 558 318 42 303 112 52 297
internal_count=4367 596 3771 87 66 3684 1470 105 1365 2214 2080 1522 809 471 428 221 179 112 67 47 338 207 90 558 318 42 303 112 52 297
cat_boundaries=0 1
cat_threshold=562
is_linear=0
shrinkage=0.03


Tree=368
num_leaves=31
num_cat=1
split_feature=0 10 19 17 17 8 17 18 17 12 7 17 8 0 6 8 8 7 12 10 8 5 5 18 10 18 12 8 7 17
split_gain=384.037 18.3987 0.47287 0.583046 0.558787 1.05988 0.593881 0.47345 0.404577 0.852228 0.400694 0.394665 0.517669 0.375041 1.11842 0.488671 0.521094 0.690673 0.59595 0.749218 0.729606 0.72769 0.60901 0.598569 0.870713 0.948561 0.435578 0.400784 0.372248 0.773373
threshold=1.0000000180025095e-35 0.25000000000000011 0 0.19874904263466944 0.24210705471874738 0.24450792551719841 0.25712705301676458 0.47794117647058826 0.15534848098034212 -1.0000000180025095e-35 0.060420512343985253 0.26538166964513665 0.13131333708142751 0.60315093627196148 0.61244239631336417 0.11250973175725602 0.13362524250080873 0.071812787235275108 1.0000000180025095e-35 0.68301270189221941 0.13676480482605258 0.1288032454361055 0.11257606490872211 0.48676470588235299 0.25000000000000011 0.46911764705882358 0.87837969732492682 0.12858095081062174 0.028331971210611692 0.31428058132168429
decision_type=2 2 1 2 2 2 2 2 2 2 2 2 2 2 2 2 2 2 2 2 2 2 2 2 2 2 2 2 2 2
left_child=1 -1 8 -4 5 10 -6 -7 9 -2 -5 12 -8 15 -15 28 17 -17 20 21 -18 -20 -22 24 25 -23 -25 -19 -13 -30
right_child=2 -3 3 4 6 7 11 -9 -10 -11 -12 13 -14 14 -16 16 18 27 19 -21 22 23 -24 26 -26 -27 -28 -29 29 -31
leaf_value=0 -0.00012940411927332774 0 0.0001120415737156226 -3.8550731892081264e-05 0.00025077905232996433 8.4679261915657735e-05 -6.0238264640495602e-05 -7.5385999180176705e-05 7.4792182151128638e-06 4.7087312199818967e-05 -0.00014511775420261589 5.2416113614104975e-06 3.539637319971069e-06 -0.00010338342537264048 0.00021139190626346248 0.00011627349751620227 -4.4596158901604268e-05 -9.7965390842669564e-05 8.7778135118727905e-05 6.6816709701956578e-05 -5.7665278557577162e-05 1.9278992689565763e-05 5.3755275275371436e-05 0.00027103460813898526 -0.00042673798510500701 -0.00016175054138804136 -0.00015777604771345001 4.2397872162957944e-05 -1.6200838943812536e-05 9.5960698422072982e-07
leaf_weight=564 22 32 70 24 54 29 23 20 1839 32 20 162 29 32 36 254 25 63 29 61 23 24 253 34 30 25 26 53 224 255
leaf_count=564 22 32 70 24 54 29 23 20 1839 32 20 162 29 32 36 254 25 63 29 61 23 24 253 34 30 25 26 53 224 255
internal_value=-0.00331326 -0.0256912 0.000223548 -0.000114407 -0.000219026 -0.00248384 -9.62097e-05 0.000551009 0.00055649 -0.00199996 -0.0058635 -0.000196869 -0.00276918 -0.000113735 -0.00229408 -1.7521e-05 0.000433333 0.00129729 -0.000169811 -0.00132314 0.000707639 -0.00235713 0.00115217 -0.00325897 -0.00497462 -0.00251015 -0.000999983 -0.000620684 -0.000650545 -0.00107098
internal_weight=4367 596 3771 1878 1808 93 1715 49 1893 54 44 1661 52 1609 68 1541 900 370 530 229 301 168 276 139 79 49 60 116 641 479
internal_count=4367 596 3771 1878 1808 93 1715 49 1893 54 44 1661 52 1609 68 1541 900 370 530 229 301 168 276 139 79 49 60 116 641 479
cat_boundaries=0 1
cat_threshold=690
is_linear=0
shrinkage=0.03


Tree=369
num_leaves=31
num_cat=1
split_feature=0 16 13 19 1 1 8 7 1 8 13 0 3 0 16 0 6 17 12 18 6 6 17 4 8 18 12 11 8 12
split_gain=383.801 4.49794 2.48557 0.408314 0.710548 1.5373 0.454871 0.409123 0.510129 0.657702 0.817085 0.775693 0.744276 0.499968 0.728318 0.511346 0.461102 0.394619 0.852228 0.400747 0.624547 1.27735 0.493107 0.559959 0.510247 0.464946 0.371773 0.350466 1.03638 0.690447
threshold=1.0000000180025095e-35 29.500000000000004 -0.22252093395631442 0 0.14843750000000003 0.15885416666666669 0.11250973175725602 0.075179065199974346 0.044270833333333336 0.15928412133379541 1.0000000180025095e-35 0.45763877432200306 0.039062500000000007 0.39309753285064181 5.5000000000000009 0.38426443164743768 0.21612903225806454 0.15534848098034212 -1.0000000180025095e-35 0.46029411764705885 0.29539170506912449 0.26682027649769591 0.27207075553364507 0.059895833333333336 0.20833669660143139 0.45735294117647063 0.6078576107927941 -0.9330127018922193 0.09137365290461133 -1.0000000180025095e-35
decision_type=2 2 2 1 2 2 2 2 2 2 2 2 2 2 2 2 2 2 2 2 2 2 2 2 2 2 2 2 2 2
left_child=1 -1 -3 17 6 -6 27 13 -9 10 12 -12 -10 14 -8 26 -15 18 -2 20 21 25 23 -22 -25 -19 -16 28 29 -5
right_child=3 2 -4 4 5 -7 7 8 9 -11 11 -13 -14 16 15 -17 -18 19 -20 -21 22 -23 -24 24 -26 -27 -28 -29 -30 -31
leaf_value=0 -0.00012552199569512834 0 0 -0.000348419390719161 -0.00021151568966738671 4.1097968279270916e-06 -6.9216046146255473e-05 1.1725547394894693e-05 -4.6890715649760366e-05 1.3666027740715153e-06 -8.0887806802563085e-06 -0.00024153691633052135 3.8081432988180605e-05 -0.00023906911111645828 5.5038092464409397e-05 -1.1277831891974251e-05 3.4816719140204397e-05 6.948497802640151e-06 4.5674692833824285e-05 1.3117608218074292e-05 -5.146459597726545e-05 -0.00028409158755098528 3.8456583838545339e-05 0.00022908523994375198 -7.4374312405791262e-05 -3.5659108490789559e-05 -6.3566988411179874e-07 -1.6656507206773409e-06 -0.000156517896676505 0.00030116495873423374
leaf_weight=485 22 34 77 21 21 48 25 104 26 239 20 24 60 27 63 22 509 61 32 1485 21 28 161 29 33 21 25 589 26 29
leaf_count=485 22 34 77 21 21 48 25 104 26 239 20 24 60 27 63 22 509 61 32 1485 21 28 161 29 33 21 25 589 26 29
internal_value=-0.00332013 -0.0256912 -0.0202431 0.000215593 -9.85168e-05 -0.00308691 1.49255e-05 0.000377622 -0.000298097 -0.000821136 -0.00253844 -0.0058635 -0.000837199 0.000853948 -0.000777772 0.000272725 0.00126492 0.00052496 -0.00199996 0.000601957 -0.000305084 -0.0021818 0.000540981 -0.00133733 9.67727e-05 -0.000292679 0.00129544 -0.000609022 -0.00252628 1.11756e-10
internal_weight=4367 596 111 3771 1878 69 1809 1144 473 369 130 44 86 671 135 110 536 1893 54 1839 354 110 244 83 62 82 88 665 76 50
internal_count=4367 596 111 3771 1878 69 1809 1144 473 369 130 44 86 671 135 110 536 1893 54 1839 354 110 244 83 62 82 88 665 76 50
cat_boundaries=0 1
cat_threshold=690
is_linear=0
shrinkage=0.03


Tree=370
num_leaves=31
num_cat=0
split_feature=0 10 17 16 11 0 6 9 9 11 17 12 18 6 0 2 17 6 0 17 2 17 12 1 4 4 4 3 18 3
split_gain=387.812 14.1402 0.334311 0.330121 0.734847 1.38418 1.21128 0.629625 0.869745 0.568824 0.548494 0.602091 0.721268 0.429319 0.41071 0.71367 0.479391 0.566285 1.23971 0.707623 0.365381 0.542 0.782569 0.523398 0.445801 0.408697 0.754288 0.387041 0.369699 0.353285
threshold=1.0000000180025095e-35 0.25000000000000011 0.081227129605991016 6.5000000000000009 0.93301270189221952 0.45763877432200306 0.31290322580645169 0.52808169219547796 0.10977388767323125 0.6830127018922193 0.35129952256447733 -0.8783796973249266 0.48970588235294121 0.11622437629111713 0.64473107689836062 0.20052083333333334 0.37771253510339559 0.4806451612903227 0.60947546798558971 0.39378208946756316 0.085937500000000014 0.23261850055314445 1.0000000180025095e-35 0.13281250000000003 0.15885416666666669 0.11197916666666667 0.096354166666666671 0.085937500000000014 0.48088235294117648 0.059895833333333336
decision_type=2 2 2 2 2 2 2 2 2 2 2 2 2 2 2 2 2 2 2 2 2 2 2 2 2 2 2 2 2 2
left_child=1 -1 -2 4 7 6 -6 8 -4 14 11 -9 13 -13 15 16 20 19 -19 29 23 22 -22 24 25 26 27 -5 -28 -18
right_child=2 -3 3 9 5 -7 -8 10 -10 -11 -12 12 -14 -15 -16 -17 17 18 -20 -21 21 -23 -24 -25 -26 -27 28 -29 -30 -31
leaf_value=0 4.6045029917453033e-05 0 -6.1496776823252868e-05 -8.4422459535761558e-07 -4.9407044747072458e-05 -0.00032305089725158468 1.674425842148205e-05 -0.00010018676281450494 6.8703484968451691e-05 3.3384113622074556e-05 0.00012032574857192741 -5.5698109799699685e-06 -0.00012119409000079105 2.2627491252951446e-06 0.00062136469113209362 -4.6197013041156173e-05 6.5170183058370357e-05 -0.0002051702189773655 7.1582391735226458e-05 0.00020731827314176738 0.00011998107832855659 1.9177685401314686e-05 -0.00014483634058386135 -6.2995849374738406e-05 -2.2600317463354335e-05 0.00015509322345014673 -3.8257843701482042e-06 2.6165889713640992e-05 -0.00024692679043760731 -9.5637991049903824e-05
leaf_weight=566 35 27 33 1733 21 21 46 27 172 589 38 20 28 149 40 21 20 21 28 34 23 389 23 24 20 74 24 129 31 21
leaf_count=566 35 27 33 1733 21 21 46 27 172 589 38 20 28 149 40 21 20 21 28 34 23 389 23 24 20 74 24 129 31 21
internal_value=-0.00341066 -0.0259882 8.13772e-05 5.44881e-05 -0.00062162 -0.00313633 -0.00102984 -0.000147751 0.00109756 0.00017016 -0.00112213 -0.00168749 -0.00111167 -0.000372779 -1.6949e-05 -6.30974e-05 -1.85041e-05 -0.00183869 -0.00434685 -0.000199997 7.28746e-05 0.000862067 -0.00221734 -9.58229e-05 -4.32619e-05 1.50689e-06 -8.29419e-05 1.93342e-05 -0.00354539 -0.00285359
internal_weight=4427 593 3834 3799 555 88 67 467 205 3244 262 224 197 169 2655 2615 2594 124 49 75 2470 435 46 2035 2011 1991 1917 1862 55 41
internal_count=4427 593 3834 3799 555 88 67 467 205 3244 262 224 197 169 2655 2615 2594 124 49 75 2470 435 46 2035 2011 1991 1917 1862 55 41
is_linear=0
shrinkage=0.03


Tree=371
num_leaves=31
num_cat=0
split_feature=20 16 12 13 17 5 8 8 5 13 2 17 18 2 17 20 12 11 5 18 5 2 9 5 5 20 18 8 7 7
split_gain=388.511 3.0286 2.09273 1.36635 0.43884 0.582117 0.58592 0.713547 0.557683 0.409501 0.424202 0.697144 0.806378 0.404667 0.538459 0.7526 0.73144 0.656643 0.412038 0.8864 0.501928 0.514885 0.436344 0.411155 0.635755 0.612474 0.477369 0.421592 0.447465 0.951584
threshold=1.0000000180025095e-35 29.500000000000004 -1.0000000180025095e-35 1.0000000180025095e-35 0.35286358607778068 0.37423935091277893 0.45124786281757862 0.41775497033152903 0.39452332657200817 -0.56174490092936669 0.12239583333333334 0.3752021104586844 0.5102941176470589 0.096354166666666671 0.27814654071993883 0.54802186383041918 1.0000000180025095e-35 -0.68301270189221952 0.28498985801217042 0.48970588235294121 0.25253549695740368 0.091145833333333343 0.61670313639679086 0.22008113590263692 0.22616632860040572 0.50396260866742038 0.49264705882352944 0.23702998767234346 0.071659504697138346 0.07280125748492898
decision_type=2 2 2 2 2 2 2 2 2 2 2 2 2 2 2 2 2 2 2 2 2 2 2 2 2 2 2 2 2 2
left_child=1 -1 -3 -4 5 6 7 13 -7 10 11 -6 -13 18 15 17 -17 -15 20 -20 21 23 -23 25 -25 27 -26 28 -2 -30
right_child=4 2 3 -5 9 8 -8 -9 -10 -11 -12 12 -14 14 -16 16 -18 -19 19 -21 -22 22 -24 24 26 -27 -28 -29 29 -31
leaf_value=0 2.1838572018150698e-07 0 0 0 1.5217991722760997e-05 -0.00011260660613228653 7.1912425843794742e-05 -9.2488833820938361e-05 3.9249842706069704e-05 4.7958333976892702e-05 0.00013738835416350072 -0.00028828833772514119 4.9906863708580771e-05 -0.00015891798839347455 2.9040770285684402e-05 -6.503519680746601e-06 -2.5837069131803438e-05 0.00013522948111638943 -2.4851557837981045e-05 2.951662711803738e-05 0.00012619502498447153 -0.0001657615290511953 3.1636073271786011e-05 -0.00017640411191706531 0.00011979000310299557 0.00020256600632859295 -0.00011868529171621211 1.0977019744156754e-05 -0.00012918488444148171 -4.3301673753801454e-06
leaf_weight=485 1915 39 34 35 64 21 58 32 20 421 42 51 22 26 243 28 23 56 24 28 47 33 22 22 30 78 22 101 29 376
leaf_count=485 1915 39 34 35 64 21 58 32 20 421 42 51 22 26 243 28 23 56 24 28 47 33 22 22 30 78 22 101 29 376
internal_value=-0.00339033 -0.0259882 -0.0214442 -0.0183041 0.000104851 -3.33951e-05 1.22143e-05 -4.30621e-05 -0.00358528 0.000849999 -0.000351953 -0.00116058 -0.00316434 2.90053e-06 0.00092553 -0.000609018 -0.00347052 0.00117072 -0.000124312 -0.00276918 -7.28971e-05 -0.000127854 -0.00299995 -6.64592e-05 -0.00227024 -1.20037e-06 -0.000461529 -8.55017e-05 -0.000168103 -0.00107407
internal_weight=4427 593 108 69 3834 3234 3193 3135 41 600 179 137 73 3103 376 133 51 82 2727 52 2675 2628 55 2573 74 2499 52 2421 2320 405
internal_count=4427 593 108 69 3834 3234 3193 3135 41 600 179 137 73 3103 376 133 51 82 2727 52 2675 2628 55 2573 74 2499 52 2421 2320 405
is_linear=0
shrinkage=0.03


Tree=372
num_leaves=31
num_cat=1
split_feature=0 10 17 16 19 8 13 1 3 6 16 3 6 0 17 8 8 0 17 17 3 16 5 6 3 3 0 6 18 16
split_gain=388.511 14.1402 0.499708 0.396713 0.755081 1.11561 0.742893 0.761132 0.667256 0.685162 0.571383 0.379824 0.377127 0.820969 0.313862 0.896858 0.769032 1.22492 0.496611 0.55006 0.631388 0.395174 0.37834 0.926908 0.469433 0.595145 0.449695 0.681673 0.443824 0.417998
threshold=1.0000000180025095e-35 0.25000000000000011 0.35286358607778068 5.5000000000000009 0 0.35159761643159942 1.0000000180025095e-35 0.023437500000000003 0.059895833333333336 0.24654377880184339 3.5000000000000004 0.080729166666666671 0.27419354838709686 0.38756185137941357 0.34515477772984848 0.096195950467966793 0.15559578809505548 0.53840388049425569 0.34110156435695865 0.33967321930048516 0.044270833333333336 27.500000000000004 0.30730223123732259 0.63271889400921666 0.10677083333333334 0.15885416666666669 0.55673768899067289 0.66175115207373281 0.46323529411764708 12.500000000000002
decision_type=2 2 2 2 1 2 2 2 2 2 2 2 2 2 2 2 2 2 2 2 2 2 2 2 2 2 2 2 2 2
left_child=1 -1 3 4 12 6 7 -6 9 -9 -8 -10 13 -2 18 -16 21 -18 19 22 -21 -17 26 -24 -25 28 27 29 -26 -5
right_child=2 -3 -4 14 5 -7 10 8 11 -11 -12 -13 -14 -15 15 16 17 -19 -20 20 -22 -23 23 24 25 -27 -28 -29 -30 -31
leaf_value=0 5.2446958323326814e-05 0 1.4031580452569002e-05 1.067358177863037e-05 5.5097176040803738e-05 -0.00022412327399229419 3.5691971158079067e-06 -6.6964241504556904e-05 0.00016474990435566246 -0.00010323579058173957 -3.4865487819732504e-06 -4.9514616449831589e-06 5.9165745551795573e-05 -0.00016703627264031711 -0.000165127641503351 -1.444125473520609e-05 -0.00026409417398380792 0.0001775134821571848 0.00014013402237874549 1.9245940279160332e-05 -0.000357324554558833 0.00030144340026400871 -7.0307078500152724e-05 0.00015503236943017475 2.2624416747882073e-06 2.2031377724882611e-05 0.00021353596402719924 -0.00014574829558181937 -8.0234452358273037e-05 2.2039919073641999e-07
leaf_weight=566 32 27 600 443 26 21 82 36 23 33 53 22 83 21 21 24 20 20 91 22 21 63 25 30 22 31 89 28 37 1815
leaf_count=566 32 27 600 443 26 21 82 36 23 33 53 22 83 21 21 24 20 20 91 22 21 63 25 30 22 31 89 28 37 1815
internal_value=-0.00339033 -0.0259882 0.000104851 -4.26715e-05 -0.000888887 -0.00170588 -0.00125454 -0.00278569 -0.00384207 -0.00569557 0.000333331 -0.000999978 0.000945199 -0.000962246 8.77945e-05 -0.00125675 -0.000307084 -0.00374991 0.000162773 8.54468e-05 -0.00327899 0.00127585 0.000142857 -0.00134482 -0.000249998 -0.00133332 0.000233684 0.000152231 -0.00310164 0.00020992
internal_weight=4427 593 3834 3234 432 296 275 140 114 69 135 45 136 53 2802 148 127 40 2654 2563 43 87 2520 145 120 90 2375 2286 59 2258
internal_count=4427 593 3834 3234 432 296 275 140 114 69 135 45 136 53 2802 148 127 40 2654 2563 43 87 2520 145 120 90 2375 2286 59 2258
cat_boundaries=0 1
cat_threshold=266
is_linear=0
shrinkage=0.03


end of trees

feature_importances:
units_sold=1090
rolling_mean_30=841
rolling_std_7=805
rolling_std_30=744
trend_strength=724
seasonality_index=649
days_to_holiday=559
month_sin=537
rolling_mean_7=472
lag_30=401
lag_1=392
lag_14=369
acceleration=360
category=341
lag_7=315
dow_sin=312
month_cos=288
dow_cos=243
anchor=206
is_weekend=13
is_holiday=3

parameters:
[boosting: gbdt]
[objective: quantile]
[metric: quantile]
[tree_learner: serial]
[device_type: cpu]
[data_sample_strategy: bagging]
[data: ]
[valid: ]
[num_iterations: 1000]
[learning_rate: 0.03]
[num_leaves: 31]
[num_threads: 0]
[seed: 42]
[deterministic: 0]
[force_col_wise: 0]
[force_row_wise: 0]
[histogram_pool_size: -1]
[max_depth: -1]
[min_data_in_leaf: 20]
[min_sum_hessian_in_leaf: 0.001]
[bagging_fraction: 0.8]
[pos_bagging_fraction: 1]
[neg_bagging_fraction: 1]
[bagging_freq: 5]
[bagging_seed: 400]
[bagging_by_query: 0]
[feature_fraction: 0.8]
[feature_fraction_bynode: 1]
[feature_fraction_seed: 30056]
[extra_trees: 0]
[extra_seed: 12879]
[early_stopping_round: 0]
[early_stopping_min_delta: 0]
[first_metric_only: 0]
[max_delta_step: 0]
[lambda_l1: 0]
[lambda_l2: 0.001]
[linear_lambda: 0]
[min_gain_to_split: 0]
[drop_rate: 0.1]
[max_drop: 50]
[skip_drop: 0.5]
[xgboost_dart_mode: 0]
[uniform_drop: 0]
[drop_seed: 17869]
[top_rate: 0.2]
[other_rate: 0.1]
[min_data_per_group: 100]
[max_cat_threshold: 32]
[cat_l2: 10]
[cat_smooth: 10]
[max_cat_to_onehot: 4]
[top_k: 20]
[monotone_constraints: ]
[monotone_constraints_method: basic]
[monotone_penalty: 0]
[feature_contri: ]
[forcedsplits_filename: ]
[refit_decay_rate: 0.9]
[cegb_tradeoff: 1]
[cegb_penalty_split: 0]
[cegb_penalty_feature_lazy: ]
[cegb_penalty_feature_coupled: ]
[path_smooth: 0]
[interaction_constraints: ]
[verbosity: -1]
[saved_feature_importance_type: 0]
[use_quantized_grad: 0]
[num_grad_quant_bins: 4]
[quant_train_renew_leaf: 0]
[stochastic_rounding: 1]
[linear_tree: 0]
[max_bin: 255]
[max_bin_by_feature: ]
[min_data_in_bin: 3]
[bin_construct_sample_cnt: 200000]
[data_random_seed: 175]
[is_enable_sparse: 1]
[enable_bundle: 1]
[use_missing: 1]
[zero_as_missing: 0]
[feature_pre_filter: 1]
[pre_partition: 0]
[two_round: 0]
[header: 0]
[label_column: ]
[weight_column: ]
[group_column: ]
[ignore_column: ]
[categorical_feature: 19]
[forcedbins_filename: ]
[precise_float_parser: 0]
[parser_config_file: ]
[objective_seed: 16083]
[num_class: 1]
[is_unbalance: 0]
[scale_pos_weight: 1]
[sigmoid: 1]
[boost_from_average: 1]
[reg_sqrt: 0]
[alpha: 0.1]
[fair_c: 1]
[poisson_max_delta_step: 0.7]
[tweedie_variance_power: 1.5]
[lambdarank_truncation_level: 30]
[lambdarank_norm: 1]
[label_gain: ]
[lambdarank_position_bias_regularization: 0]
[eval_at: ]
[multi_error_top_k: 1]
[auc_mu_weights: ]
[num_machines: 1]
[local_listen_port: 12400]
[time_out: 120]
[machine_list_filename: ]
[machines: ]
[gpu_platform_id: -1]
[gpu_device_id: -1]
[gpu_use_dp: 0]
[num_gpu: 1]

end of parameters

pandas_categorical:[["auto", "bed_bath_table", "computers_accessories", "furniture_decor", "garden_tools", "health_beauty", "housewares", "sports_leisure", "telephony", "watches_gifts"]]
