tree
version=v4
num_class=1
num_tree_per_iteration=1
label_index=0
max_feature_idx=20
objective=regression
feature_names=units_sold lag_1 lag_7 lag_14 lag_30 rolling_mean_7 rolling_mean_30 rolling_std_7 rolling_std_30 seasonality_index month_sin month_cos dow_sin dow_cos is_weekend is_holiday days_to_holiday trend_strength acceleration category anchor
feature_infos=[0:0.77253560138447708] [0:1] [0:1] [0:1] [0:1] [0:1] [0:1] [0:1] [0:1] [0:1] [-1:1] [-1:1] [-0.97492791218182362:0.97492791218182362] [-0.90096886790241903:1] [0:1] [0:1] [1:30] [0.0099565994383455925:1] [0:1] -1:3:7:5:1:2:6:8:4:0:9 [0:0.77253560138447708]
tree_sizes=2807 2929 2929 2951 2919 2938 2941 2933 2905 2945 2939 2960 2948 2951 2961 2969 2942 2943 2993 2982 2952 2922 2912 2938 2977 2952 3011 2959 2986 2996 2934 2961 2970 2944 2996 2957 2938 2941 2940 3002 2952 2965 3010 2989 2959 2985 3026 2982 2999 3008 2978 2981 2971 2984 2969 2978 2996 3003 3006 3013 2983 2981 2996 2998 3016 3046 2973 2996 3023 3013 2968 2972 3001 3011 2951 3015 3029 3028 2992 3039 3041 2964 3021 2989 3020 2975 2999 3000 3036 2992 3065 2998 3046 2997 3005 2998 3015 3034 3003 3060 2969 3026 2987 2990 3033 3024 2974 2995 2978 3027 3015 3031 3041 3016 2992 3069 3048 3061 3013 3060 3066 3055 3057 3038 3038 3062 3022 3049 3038 3068 3065 3026 3139 3091 3025 3062 3030 3022 3048 3065 3042 3030 3070 3069

Tree=0
num_leaves=31
num_cat=0
split_feature=5 0 0 0 10 0 6 0 0 5 0 13 6 6 11 11 6 11 5 6 9 0 17 7 11 16 11 16 17 10
split_gain=100.566 20.1895 5.28984 3.7663 0.975641 0.764175 0.439555 0.31978 0.210651 0.179079 0.163743 0.101992 0.0936046 0.0840635 0.0825813 0.0838419 0.0745969 0.072091 0.0706994 0.0657215 0.0593809 0.0539942 0.0483208 0.0515894 0.0474487 0.0426872 0.0389349 0.0384919 0.0382187 0.0371787
threshold=0.024256254225828267 0.46628748604459441 0.34766968031203666 0.54460969367221124 0.25000000000000011 0.39789993807232954 0.17854759256316546 0.60947546798558971 0.52080508158020811 0.064401622718052748 0.44245385302474427 1.0000000180025095e-35 0.088076669873904903 0.30552995391705079 0.93301270189221952 0.6830127018922193 0.179961862386779 0.6830127018922193 0.60243407707910757 0.1905821282906934 0.12946754194018967 0.56498757140591482 0.34343176467251019 0.057339111088546425 0.93301270189221952 4.5000000000000009 -0.9330127018922193 28.500000000000004 0.33660965024253259 -0.24999999999999994
decision_type=2 2 2 2 2 2 2 2 2 2 2 2 2 2 2 2 2 2 2 2 2 2 2 2 2 2 2 2 2 2
left_child=4 2 6 8 -1 19 9 21 13 12 16 -6 -2 17 15 -15 -7 -3 27 -4 -18 -5 23 26 -10 -21 -11 -9 -17 -19
right_child=1 3 5 7 11 10 -8 18 24 22 -12 -13 -14 14 -16 28 20 29 -20 25 -22 -23 -24 -25 -26 -27 -28 -29 -30 -31
leaf_value=0.37636583297715953 0.3841741862086272 0.39003479589427309 0.38759671214290931 0.39312808700748608 0.38249048207570885 0.38781070933831641 0.38776296558738249 0.39434863229192912 0.39227188504524863 0.38490377477631466 0.38992768943725437 0.37966322010111186 0.38531139337515974 0.39108227877626484 0.39000924216486488 0.39182743247496454 0.38800163766634399 0.39237334993104961 0.39694051698861271 0.38726134757559272 0.38929381760923382 0.39382072134638835 0.38775404418434722 0.38472346252697137 0.39085927752886185 0.38842376077132668 0.38648163814916719 0.39514350528070169 0.39353493736850909 0.39075477168442657
leaf_weight=560 82 146 211 149 20 36 83 94 149 15.999999999999998 380 27 317 405 55 45 34 19 14.999999999999998 32 546 317 17 22 25 255 117 132 15.999999999999998 39
leaf_count=560 82 146 211 149 20 36 83 94 149 16 380 27 317 405 55 45 34 19 15 32 546 317 17 22 25 255 117 132 16 39
internal_value=0.388044 0.389876 0.387973 0.39242 0.376714 0.388958 0.385723 0.394058 0.391132 0.385426 0.389438 0.380866 0.385078 0.390907 0.391109 0.391238 0.389136 0.39039 0.394945 0.387999 0.389218 0.393599 0.386236 0.386069 0.392069 0.388294 0.386292 0.394813 0.392275 0.391285
internal_weight=4361 3754 2148 1606 607 1494 654 707 899 571 996 47 399 725 521 466 616 204 241 498 580 466 172 155 174 287 133 226 61 58
internal_count=4361 3754 2148 1606 607 1494 654 707 899 571 996 47 399 725 521 466 616 204 241 498 580 466 172 155 174 287 133 226 61 58
is_linear=0
shrinkage=1


Tree=1
num_leaves=31
num_cat=0
split_feature=1 0 0 0 0 6 0 0 0 1 16 1 1 6 6 11 11 11 5 0 8 9 13 1 9 1 6 6 11 11
split_gain=94.6331 19.265 5.17791 3.54371 0.719013 0.430417 0.300882 0.198201 0.197696 0.171281 0.108827 0.0902428 0.080289 0.0790953 0.077852 0.0777007 0.0788875 0.0678308 0.066522 0.0639494 0.0619791 0.0555259 0.0528561 0.0508353 0.0483383 0.0461171 0.0453061 0.0449559 0.0552011 0.0365347
threshold=1.0000000180025095e-35 0.46628748604459441 0.34766968031203666 0.54460969367221124 0.39789993807232954 0.17854759256316546 0.60947546798558971 0.52080508158020811 0.26145367489924248 0.049479166666666671 29.500000000000004 0.033854166666666671 0.028645833333333336 0.30552995391705079 0.179961862386779 0.93301270189221952 0.6830127018922193 0.6830127018922193 0.60243407707910757 0.44358963562553105 0.061010204590290239 0.12946754194018967 -0.22252093395631442 0.080729166666666671 0.30233406272793589 0.085937500000000014 0.1905821282906934 0.27419354838709686 0.93301270189221952 0.6830127018922193
decision_type=2 2 2 2 2 2 2 2 2 2 2 2 2 2 2 2 2 2 2 2 2 2 2 2 2 2 2 2 2 2
left_child=10 2 5 7 11 8 23 13 20 14 -1 -4 -10 17 -6 16 -15 -3 -8 -16 -2 -11 -12 -5 -25 -9 -13 -23 29 -29
right_child=1 3 4 6 9 -7 18 25 12 21 22 26 -14 15 19 -17 -18 -19 -20 -21 -22 27 -24 24 -26 -27 -28 28 -30 -31
leaf_value=-0.011284257955177434 -0.0039305134183821614 0.0019735697695360834 -0.00040859165820565603 0.0048463252872537246 -0.00043237956748793277 -0.00023010616271116035 0.0066083552517449259 0.0034581780266618109 -0.0024451208035350161 0.00037789681077860334 -0.011078296604340327 -4.2726866284137479e-05 -0.0015052312404528739 0.0029896280031889832 0.00089585925510207406 0.0019487833182555247 0.0041469463041924198 0.003186330938570557 0.0086721364485964 0.0016376497584748965 -0.0027362548170522549 0.0016318978080185245 -0.0098002001410377407 0.0046151601334461076 0.0057213120423603618 0.0044351606544418614 0.00076678471011746435 0.0022360409687647853 0.0007960433546168299 0.0034613733322676507
leaf_weight=471 94 146 247 104 31 83 226 87 311 23 47 114 111 405 351 55 61 58 14.999999999999998 149 67 256 77 40 322 87 137 139 21 26
leaf_count=471 94 146 247 104 31 83 226 87 311 23 47 114 111 405 351 55 61 58 15 149 67 256 77 40 322 87 137 139 21 26
internal_value=4.21443e-05 0.00179873 -5.14446e-05 0.00428712 0.00092925 -0.00225138 0.00587621 0.00303741 -0.00253914 0.00139462 -0.011076 -1.49233e-06 -0.0021979 0.00281918 0.00102647 0.00301526 0.00314113 0.00231839 0.00673684 0.00111692 -0.00343354 0.00181502 -0.0102847 0.00543111 0.0055991 0.00394669 0.000399119 0.00188981 0.00224477 0.00242914
internal_weight=4361 3766 2160 1606 1494 666 707 899 583 996 595 498 422 725 531 521 466 204 241 500 161 465 124 466 362 174 251 442 186 165
internal_count=4361 3766 2160 1606 1494 666 707 899 583 996 595 498 422 725 531 521 466 204 241 500 161 465 124 466 362 174 251 442 186 165
is_linear=0
shrinkage=0.03


Tree=2
num_leaves=31
num_cat=0
split_feature=5 0 6 5 10 0 0 0 6 0 5 0 13 11 11 5 0 11 9 5 9 8 8 11 11 6 5 16 16 9
split_gain=89.0373 17.8726 4.68686 3.33896 0.882734 0.742442 0.534079 0.360178 0.129058 0.128738 0.116403 0.104875 0.0909269 0.0828395 0.0661669 0.0625916 0.0609629 0.055296 0.0541101 0.0509661 0.0456014 0.0405668 0.0390925 0.0376979 0.046271 0.050506 0.0366113 0.0362198 0.0333938 0.0312589
threshold=0.024256254225828267 0.46628748604459441 0.17854759256316546 0.23630831643002034 0.25000000000000011 0.33458207408886598 0.39691598310638843 0.60947546798558971 0.30552995391705079 0.44245385302474427 0.048005409060175801 0.55485698752022106 1.0000000180025095e-35 0.93301270189221952 0.6830127018922193 0.60243407707910757 0.52080508158020811 0.6830127018922193 0.12946754194018967 0.093982420554428681 0.27425237053245816 0.14899102893320368 0.20622435817705217 0.25000000000000017 0.93301270189221952 0.3000000000000001 0.064401622718052748 28.500000000000004 7.5000000000000009 0.78264040846097749
decision_type=2 2 2 2 2 2 2 2 2 2 2 2 2 2 2 2 2 2 2 2 2 2 2 2 2 2 2 2 2 2
left_child=4 2 5 8 -1 10 19 11 17 18 -2 -5 -6 14 16 27 -10 21 -8 28 -13 -3 -22 -20 25 -25 -12 -9 -4 -7
right_child=1 3 6 7 12 29 9 15 13 -11 26 20 -14 -15 -16 -17 -18 -19 23 -21 22 -23 -24 24 -26 -27 -28 -29 -30 -31
leaf_value=-0.010950792932742578 -0.0032375493229603348 0.002168667225916385 -0.00097490661198317225 0.0044587537860848771 -0.0051364299617858598 -0.00042999985110484765 -1.0714920209092905e-05 0.0059597441186839059 0.0028988456918538938 0.0018427887156245222 -0.0024629009170839696 0.0042934288675102661 -0.0078059168401627497 0.0020840188023273521 0.004041785404598576 0.0084119901268667058 0.00380536154051263 0.0029848326270397138 0.001029475899602378 0.00041213036733076484 0.005774791550026641 0.0010329695436527087 0.0051428806924331714 0.0015284603434637457 0.00046936431796332223 0.0030220302396041939 -0.0018340043212305968 0.0067307699963531373 -3.1250858056094561e-05 -0.0014617315934397485
leaf_weight=560 151 111 45 148 20 222 35 94 404 376 246 31 27 71 69 14.999999999999998 80 56 371 222 198 38 159 135 30 24 126 132 135 30
leaf_count=560 151 111 45 148 20 222 35 94 404 376 246 31 27 71 69 15 80 56 371 222 198 38 159 135 30 24 126 132 135 30
internal_value=4.08801e-05 0.00176458 -2.5297e-05 0.00415851 -0.0106194 -0.00189051 0.00102754 0.00557144 0.0028342 0.00140825 -0.00253505 0.00513831 -0.0066701 0.00304875 0.00317261 0.00653474 0.00304869 0.00218112 0.00113364 0.000107967 0.00539751 0.00187904 0.00549337 0.00120516 0.00155003 0.00175392 -0.00224989 0.00641011 -0.000267169 -0.00055283
internal_weight=4361 3754 2148 1606 607 775 1373 777 829 971 523 536 47 624 553 241 484 205 595 402 388 149 357 560 189 159 372 226 180 252
internal_count=4361 3754 2148 1606 607 775 1373 777 829 971 523 536 47 624 553 241 484 205 595 402 388 149 357 560 189 159 372 226 180 252
is_linear=0
shrinkage=0.03


Tree=3
num_leaves=31
num_cat=0
split_feature=1 20 20 5 20 10 6 20 5 1 6 20 1 11 6 5 1 5 20 6 20 11 9 6 11 11 9 1 6 8
split_gain=83.789 17.0536 4.58691 3.14163 0.636545 0.423923 0.384242 0.338892 0.189651 0.158969 0.12143 0.0988055 0.0847434 0.0779436 0.0675148 0.0667735 0.0629874 0.0588934 0.0576449 0.0575864 0.0566779 0.0520282 0.049591 0.0441475 0.05076 0.0415577 0.0412443 0.0403206 0.0394002 0.0388321
threshold=1.0000000180025095e-35 0.46628748604459441 0.34766968031203666 0.23630831643002034 0.39691598310638843 0.25000000000000011 0.19917368504687752 0.60947546798558971 0.050202839756592295 0.049479166666666671 0.30552995391705079 0.55882118566514938 0.033854166666666671 0.93301270189221952 0.179961862386779 0.065111561866125781 0.070312500000000014 0.60243407707910757 0.44358963562553105 0.088076669873904903 0.52080508158020811 0.6830127018922193 0.12946754194018967 0.27419354838709686 0.93301270189221952 0.6830127018922193 0.27425237053245816 0.028645833333333336 0.1905821282906934 0.20622435817705217
decision_type=2 2 2 2 2 2 2 2 2 2 2 2 2 2 2 2 2 2 2 2 2 2 2 2 2 2 2 2 2 2
left_child=5 2 6 10 12 -1 8 11 19 14 21 -5 -4 16 -6 -10 -12 -9 -16 -2 25 -3 -11 -24 -25 -18 -13 -17 -14 -28
right_child=1 3 4 7 9 -7 -8 17 15 22 13 26 28 -15 18 27 20 -19 -20 -21 -22 -23 23 24 -26 -27 29 -29 -30 -31
leaf_value=-0.010622269408286866 -0.0037500762297966467 0.0018226646090275024 -0.00042025036725854351 0.0044015330637649569 -0.00034342564783125328 -0.0072185699513856259 5.3855691879693761e-05 0.0062178040579510662 -0.0023148201704714967 0.00034567110831540128 0.0027566474072919797 0.0041837432357484826 -4.3279968316310141e-05 0.0020214991247306693 0.00083072630707096149 -0.0018943089571825367 0.0030053307402699795 0.0081596469932393653 0.0015332373550200834 -0.0027086303019109629 0.0042401899719363345 0.0028952893166864042 0.0015237651275967978 0.0023044898052075845 0.00073846350605147467 0.0041602016854877175 0.0056635936680671534 -0.00094801228866765643 0.00072681779485902522 0.0050112750137643039
leaf_weight=560 77 149 241 176 34 35 66 226 226 23 276 29 110 71 357 105 187 14.999999999999998 149 126 57 56 263 165 21 33 179 66 131 152
leaf_count=560 77 149 241 176 34 35 66 226 226 23 276 29 110 71 357 105 187 15 149 126 57 56 263 165 21 33 179 66 131 152
internal_value=3.9654e-05 0.00169253 -4.82164e-05 0.00403376 0.000874814 -0.0104221 -0.0021188 0.0054043 -0.00235779 0.00130217 0.00274918 0.00498416 -2.24641e-05 0.00295729 0.000950641 -0.00197638 0.00307743 0.0063387 0.00103759 -0.00310368 0.00339705 0.00211569 0.00170435 0.00177395 0.00212769 0.00317858 0.00526899 -0.00152908 0.000375322 0.00536406
internal_weight=4361 3766 2160 1606 1494 595 666 777 600 1012 829 536 482 624 540 397 553 241 506 203 277 205 472 449 186 220 360 171 241 331
internal_count=4361 3766 2160 1606 1494 595 666 777 600 1012 829 536 482 624 540 397 553 241 506 203 277 205 472 449 186 220 360 171 241 331
is_linear=0
shrinkage=0.03


Tree=4
num_leaves=31
num_cat=0
split_feature=1 0 0 5 0 10 0 6 6 5 1 11 11 6 1 1 1 11 12 1 0 6 11 16 10 11 0 1 11 6
split_gain=78.8371 16.0485 3.91793 3.45383 0.581129 0.398868 0.320082 0.287306 0.171175 0.144345 0.123122 0.0850539 0.081441 0.0785724 0.0771675 0.0714053 0.0709841 0.0649918 0.0569715 0.0563209 0.0554884 0.050987 0.0508818 0.057679 0.0576489 0.0440898 0.0407442 0.040468 0.0403416 0.0600609
threshold=1.0000000180025095e-35 0.45871292428797134 0.34072235714602689 0.23630831643002034 0.39691598310638843 0.25000000000000011 0.59889677441000055 0.17854759256316546 0.30552995391705079 0.046044624746450311 0.049479166666666671 0.93301270189221952 0.6830127018922193 0.1905821282906934 0.21614583333333334 0.070312500000000014 0.028645833333333336 0.93301270189221952 1.0000000180025095e-35 0.049479166666666671 0.52080508158020811 0.179961862386779 0.25000000000000017 29.500000000000004 0.25000000000000011 0.6830127018922193 0.61912653167645637 0.028645833333333336 0.93301270189221952 0.27419354838709686
decision_type=2 2 2 2 2 2 2 2 2 2 2 2 2 2 2 2 2 2 2 2 2 2 2 2 2 2 2 2 2 2
left_child=5 2 7 8 13 -1 17 9 12 -2 21 15 -3 27 26 -10 -11 22 -7 -15 25 -6 -5 -24 -25 -17 -8 -4 29 -12
right_child=1 3 4 6 10 18 14 -9 11 16 28 -13 -14 19 -16 20 -18 -19 -20 -21 -22 -23 23 24 -26 -27 -28 -29 -30 -31
leaf_value=-0.010303602088694293 -0.0032650906991146017 0.0016505134998210582 -0.0010130025027384978 0.0045251165802256731 -0.00030423355100063862 -0.0082478311898238395 0.0054757575934536633 -0.000205107914703798 0.0026212703859866912 -0.0023453950796356771 0.0013753248552153038 0.0018673937443157906 0.0028344336389638817 3.4587443284157583e-05 0.0074636819135179815 0.0028942590941844213 -0.001445737017167361 0.0034182783851662984 -0.0058250258772990799 0.0010643916603299197 0.004112986525460981 0.00093456523026014986 0.0042279525750896487 0.0068258502214823972 0.0052080491769183552 0.0040646550774202641 0.0061568554335174165 -0.00019847273346832893 0.00035010190492099167 0.002192267115767494
leaf_weight=560 130 216 85 238 32 17 170 60 316 318 245 76 69 235 27 196 105 33 18 60 57 456 40 25 96 34 148 155 23 121
leaf_count=560 130 216 85 238 32 17 170 60 316 318 245 76 69 235 27 196 105 33 18 60 57 456 40 25 96 34 148 155 23 121
internal_value=3.84646e-05 0.00164175 -0.000174118 0.00375384 0.000695343 -0.0101094 0.00524217 -0.00217685 0.00255421 -0.00239079 0.0011707 0.00281321 0.00193716 -8.38822e-05 0.00592355 0.00293241 -0.00212208 0.004698 -0.00700202 0.000244042 0.00327499 0.000853332 0.00480384 0.00521583 0.00554236 0.00306729 0.00579276 -0.000486955 0.00156883 0.00164541
internal_weight=4361 3766 2025 1741 1412 595 777 613 964 553 877 679 285 535 345 603 423 432 35 295 287 488 399 161 121 230 318 240 389 366
internal_count=4361 3766 2025 1741 1412 595 777 613 964 553 877 679 285 535 345 603 423 432 35 295 287 488 399 161 121 230 318 240 389 366
is_linear=0
shrinkage=0.03


Tree=5
num_leaves=31
num_cat=0
split_feature=5 0 6 5 0 10 0 0 0 5 9 0 17 18 6 0 11 11 11 6 12 8 9 9 8 6 18 7 4 17
split_gain=73.2154 15.5914 3.53372 3.07016 0.687948 0.620794 0.305953 0.270954 0.161622 0.108602 0.0901961 0.0712923 0.0712119 0.0666302 0.0571146 0.056469 0.0520244 0.0650931 0.0485191 0.0499977 0.0452585 0.045068 0.0438468 0.0409166 0.0381282 0.0380327 0.0358569 0.0393309 0.0334168 0.0323429
threshold=0.024256254225828267 0.45871292428797134 0.18530465949820793 0.23630831643002034 0.33458207408886598 0.25000000000000011 0.58757867942685726 0.39691598310638843 0.49332608432250175 0.04699121027721434 0.97957695113056176 0.43625255540189894 0.34163049953195485 0.44558823529411767 0.31290322580645169 0.61433241398902261 0.93301270189221952 0.6830127018922193 0.93301270189221952 0.30921658986175121 1.0000000180025095e-35 0.13609311647411021 0.78264040846097749 0.30233406272793589 0.1795928394607082 0.092343140730237527 0.48088235294117648 0.11992761639997179 0.10677083333333334 0.301102033869458
decision_type=2 2 2 2 2 2 2 2 2 2 2 2 2 2 2 2 2 2 2 2 2 2 2 2 2 2 2 2 2 2
left_child=5 2 4 8 9 -1 13 16 26 25 15 18 -11 -5 -10 -8 17 24 19 -9 -7 22 -6 -15 -4 -2 27 -3 -16 -13
right_child=1 3 7 6 21 20 10 11 14 12 -12 29 -14 23 28 -17 -18 -19 -20 -21 -22 -23 -24 -25 -26 -27 -28 -29 -30 -31
leaf_value=-0.0099887330557523728 -0.0035156173883780627 0.002055065996785082 5.4644528381966755e-05 0.0034386434684954247 -0.00052515343829452154 -0.0071768311463863057 0.0051830500519623995 0.00092648818206316906 0.0020761764985857941 -0.0021316753543860127 0.0075219128763191496 0.0018691101926429558 -0.00024859359400449508 0.0036790228654004341 0.0029877444566188856 0.0058939889398199235 -0.00083106560259935797 0.001290151844060939 -5.5975300300844764e-06 0.0020005478646711638 -0.0050937287647093155 0.00074020146945406634 -0.0018403092281152561 0.0047221496318218406 0.0015181572494845298 -0.0025714609631440968 0.0024656317106665744 0.00048027676199584882 0.0037563749615027479 0.0012543821176189724
leaf_weight=559 67 295 278 54 261 17 222 420 54 371 21 131 19 39 285 184 40 52 45 43 21 23 25 257 17 90 243 14.999999999999998 62 187
leaf_count=559 67 295 278 54 261 17 222 420 54 371 21 131 19 39 285 184 40 52 45 43 21 23 25 257 17 90 243 15 62 187
internal_value=3.0219e-05 0.00156462 -0.000193058 0.00366551 -0.00166894 -0.0097365 0.00506548 0.000848452 0.00252529 -0.00230815 0.00560446 0.00115536 -0.00203994 0.00440791 0.00298384 0.00550526 0.000193403 0.000311499 0.00093484 0.00102624 -0.00602581 -0.000537376 -0.000640121 0.00458472 0.000138987 -0.0029744 0.00219277 0.00197887 0.00312509 0.00150762
internal_weight=4397 3800 2069 1731 856 597 777 1213 954 547 427 826 390 350 401 406 387 347 508 463 38 309 286 296 295 157 553 310 347 318
internal_count=4397 3800 2069 1731 856 597 777 1213 954 547 427 826 390 350 401 406 387 347 508 463 38 309 286 296 295 157 553 310 347 318
is_linear=0
shrinkage=0.03


Tree=6
num_leaves=31
num_cat=1
split_feature=1 0 6 5 0 5 0 10 0 6 1 0 6 11 1 6 1 19 11 11 6 1 1 10 1 4 1 10 7 6
split_gain=68.9422 14.8379 3.41851 2.88872 0.424 0.4223 0.287871 0.285231 0.15207 0.118116 0.109503 0.0825762 0.0755835 0.0621432 0.059215 0.0544125 0.0535035 0.0502524 0.0497283 0.047803 0.0602547 0.0399269 0.0397192 0.0366605 0.0359608 0.0345429 0.0326278 0.0313396 0.0311423 0.0304696
threshold=1.0000000180025095e-35 0.45871292428797134 0.1654377880184332 0.23630831643002034 0.39191207165358427 0.0764029749830967 0.58757867942685726 0.25000000000000011 0.49332608432250175 0.088076669873904903 0.049479166666666671 0.61433241398902261 0.19917368504687752 0.93301270189221952 0.033854166666666671 0.29631336405529957 0.091145833333333343 0 0.25000000000000017 0.93301270189221952 0.31105990783410148 0.16406250000000003 0.023437500000000003 1.0000000180025095e-35 0.085937500000000014 0.10677083333333334 0.065104166666666671 -0.6830127018922193 0.11992761639997179 0.27788018433179729
decision_type=2 2 2 2 2 2 2 2 2 2 2 2 2 2 2 2 2 1 2 2 2 2 2 2 2 2 2 2 2 2
left_child=7 2 5 8 12 9 13 -1 16 -2 17 -8 -4 18 -14 -10 28 -6 24 20 -12 23 -11 -13 -5 -17 -27 -7 29 -3
right_child=1 3 4 6 10 27 11 -9 15 22 19 21 14 -15 -16 25 -18 -19 -20 -21 -22 -23 -24 -25 -26 26 -28 -29 -30 -31
leaf_value=-0.009689071070141551 -0.0032121212643505715 0.0016819884563773436 -0.00067427738421087821 0.0036381461693095504 0.00041641962168911453 -0.0013876197000513432 0.0050390823616451386 -0.006585775920354588 0.0016653168771763257 -0.002302107670802292 0.0013743517369930978 0.0045487049589234673 -0.00021073488261837486 0.0030153259069909304 0.00064412921216397835 0.0028627583655303785 0.0029355537156817838 0.0010535875473485152 0.0048812638563592217 0.00028364225481475238 0.0025074762633918676 0.0064303736922157809 -0.0016852692798915824 0.0058099693666898971 0.0044579334076597131 0.00263251967139199 0.0040995012335060827 -0.00049591527960367223 0.00096546539180870125 0.0022246499423696957
leaf_weight=559 106 129 137 84 262 46 224 28 30 274 306 26 160 32 134 308 65 277 121 30 49 74 143 103 113 20 43 155 24 335
leaf_count=559 106 129 137 84 262 46 224 28 30 274 306 26 160 32 134 308 65 277 121 30 49 74 143 103 113 20 43 155 24 335
internal_value=2.93127e-05 0.0015038 -0.000204504 0.00355555 0.000684721 -0.00186873 0.00491352 -0.00954105 0.00244953 -0.0023179 0.00104716 0.00543633 -9.2298e-05 0.00427567 0.000178898 0.00289433 0.00212698 0.000771144 0.00440249 0.00143358 0.00153076 0.00587464 -0.00209058 0.0055558 0.0041084 0.00299371 0.00363384 -0.000699993 0.00201928 0.00207378
internal_weight=4397 3810 2079 1731 1355 724 777 587 954 523 924 427 431 350 294 401 553 539 318 385 355 203 417 129 197 371 63 201 488 464
internal_count=4397 3810 2079 1731 1355 724 777 587 954 523 924 427 431 350 294 401 553 539 318 385 355 203 417 129 197 371 63 201 488 464
cat_boundaries=0 1
cat_threshold=340
is_linear=0
shrinkage=0.03


Tree=7
num_leaves=31
num_cat=0
split_feature=1 0 6 0 0 0 1 10 0 5 0 9 0 11 16 6 1 0 6 11 6 18 7 16 5 4 5 11 11 1
split_gain=64.8691 13.9594 3.22222 2.72105 0.609287 0.276156 0.272254 0.268372 0.133223 0.113384 0.0848553 0.0832454 0.0798332 0.0654246 0.0624637 0.0551122 0.0495828 0.0494599 0.045331 0.0428917 0.0403729 0.0376185 0.0350107 0.03426 0.0333267 0.0321215 0.0314873 0.0308984 0.0320025 0.0298324
threshold=1.0000000180025095e-35 0.45871292428797134 0.18229779119656767 0.53408883435755816 0.33458207408886598 0.58757867942685726 0.033854166666666671 0.25000000000000011 0.49332608432250175 0.04699121027721434 0.43625255540189894 0.97957695113056176 0.39691598310638843 0.93301270189221952 27.500000000000004 0.3175115207373273 0.091145833333333343 0.61433241398902261 0.29631336405529957 0.6830127018922193 0.092343140730237527 0.47794117647058826 0.03471521951185539 27.500000000000004 0.093982420554428681 0.10677083333333334 0.13083164300202843 0.93301270189221952 0.6830127018922193 0.065104166666666671
decision_type=2 2 2 2 2 2 2 2 2 2 2 2 2 2 2 2 2 2 2 2 2 2 2 2 2 2 2 2 2 2
left_child=7 2 4 8 9 13 12 -1 16 20 14 17 27 19 24 -16 -3 -7 -10 -5 -2 -11 -23 -19 -8 -20 -6 28 -4 -27
right_child=1 3 6 5 26 11 10 -9 18 21 -12 -13 -14 -15 15 -17 -18 23 25 -21 -22 22 -24 -25 -26 29 -28 -29 -30 -31
leaf_value=-0.0093983997035131175 -0.0033633622188135154 0.0019655291375954486 -0.0002699119439581791 0.0040853741058072294 -0.00058914758503345412 0.0048763874262893114 -0.00033096252526654989 -0.0063882096800981754 0.001707601465659903 -0.0021932630007835499 0.0015484563924347342 0.0071153154396328498 0.00059470774782904379 0.00286850146808186 0.0010599725599583806 0.0025300634829335286 0.0028474885141117215 0.0050366832329006043 0.0027574386301095098 0.0049165632177408519 -0.0024275172831714625 -0.002023005753148227 -0.0011767327627207266 0.00587385444588769 0.0006785521617144435 0.0025535479508696848 0.00077956433741442263 -0.001305681048094458 0.0008602031951251602 0.0039615792525370622
leaf_weight=559 77 489 170 250 277 222 34 28 32 212 259 21 196 33 280 25 65 73 301 72 90 88 88 111 219 20 15.999999999999998 22 26 42
leaf_count=559 77 489 170 250 277 222 34 28 32 212 259 21 196 33 280 25 65 73 301 72 90 88 88 111 219 20 16 22 26 42
internal_value=2.85338e-05 0.00145881 -0.000198157 0.00344888 -0.00162115 0.00475918 0.000782101 -0.00925482 0.00236916 -0.00220543 0.00109969 0.00527324 0.000155357 0.00414086 0.000891393 0.00118048 0.00206901 0.00517794 0.00279012 0.00427124 -0.00285903 -0.0019241 -0.00159988 0.00554175 0.000542885 0.00288554 -0.000514403 -0.000239657 -0.000119995 0.00350742
internal_weight=4397 3810 2079 1731 848 782 1231 587 949 555 817 427 414 355 558 305 554 406 395 322 167 388 176 184 253 363 293 218 196 62
internal_count=4397 3810 2079 1731 848 782 1231 587 949 555 817 427 414 355 558 305 554 406 395 322 167 388 176 184 253 363 293 218 196 62
is_linear=0
shrinkage=0.03


Tree=8
num_leaves=31
num_cat=0
split_feature=1 5 6 5 5 1 10 5 6 6 11 5 9 11 5 11 9 9 1 8 16 11 16 1 6 5 7 8 11 11
split_gain=61.0354 13.0695 3.39552 2.23423 0.573791 0.275696 0.252511 0.210374 0.11389 0.097079 0.102692 0.0914148 0.0803441 0.0690386 0.0590932 0.0571737 0.0542267 0.0532342 0.0532047 0.0679334 0.048574 0.0463101 0.0454951 0.0450042 0.0407494 0.040103 0.0391936 0.0373852 0.0361212 0.0454484
threshold=1.0000000180025095e-35 0.16125760649087226 0.18530465949820793 0.23630831643002034 0.0764029749830967 0.033854166666666671 0.25000000000000011 0.31947261663286008 0.088076669873904903 0.30921658986175121 0.93301270189221952 0.13488843813387427 0.97957695113056176 0.6830127018922193 0.13286004056795134 0.6830127018922193 0.30233406272793589 0.78264040846097749 0.16406250000000003 0.33361259514664277 29.500000000000004 0.25000000000000017 23.500000000000004 0.013020833333333334 0.22165898617511523 0.21805273833671404 0.098703409235773101 0.14899102893320368 0.93301270189221952 0.6830127018922193
decision_type=2 2 2 2 2 2 2 2 2 2 2 2 2 2 2 2 2 2 2 2 2 2 2 2 2 2 2 2 2 2
left_child=6 2 4 9 8 14 -1 16 -2 15 13 22 18 25 -4 27 -5 -6 19 -9 -15 26 -7 -10 -13 -11 -18 -3 29 -26
right_child=1 3 5 7 17 11 -8 12 23 10 -12 24 -14 20 -16 -17 21 -19 -20 -21 -22 -23 -24 -25 28 -27 -28 -29 -30 -31
leaf_value=-0.0091164481859919017 -0.0030294687045926772 0.0018328890072053395 8.1200399360772454e-06 0.003254827292926964 -0.00040238125227635404 0.000530456004429288 -0.006196570207611083 0.0050117460742664073 -0.0024466708713599648 0.0024601216293374242 0.0015471043201087092 3.0291276959347724e-05 0.0069018661291858907 0.0025860655513874394 0.0008529254106902259 0.0025877644245900604 0.0043697790937581972 -0.0015987445900821505 0.00561705528672082 0.0038243495693310427 0.0042564797312661991 0.0047674603706139218 0.0011118631759706819 -0.0017538761029826774 0.0014695777842802852 0.0031429017046572523 0.0035372254740170203 0.00080462182942075142 0.00048945694462022057 0.0023951621504837077
leaf_weight=559 106 115 311 57 281 207 28 239 114 369 75 17 21 25 98 68 114 38 94 53 42 107 292 325 324 98 92 44 28 56
leaf_count=559 106 115 311 57 281 207 28 239 114 369 75 17 21 25 98 68 114 38 94 53 42 107 292 325 324 98 92 44 28 56
internal_value=2.7678e-05 0.00141504 -9.04893e-05 0.00346566 -0.00155542 0.000859024 -0.00897718 0.0046238 -0.0021469 0.00238925 0.00258663 0.00114607 0.00509449 0.00273263 0.000210544 0.00185972 0.00410604 -0.000544899 0.00499614 0.00479624 0.00363324 0.00426104 0.00087068 -0.00193379 0.0014694 0.00260341 0.00399798 0.00154834 0.00152936 0.00160599
internal_weight=4397 3810 2197 1613 864 1333 587 777 545 836 609 924 407 534 409 227 370 319 386 292 67 313 499 439 425 467 206 159 408 380
internal_count=4397 3810 2197 1613 864 1333 587 777 545 836 609 924 407 534 409 227 370 319 386 292 67 313 499 439 425 467 206 159 408 380
is_linear=0
shrinkage=0.03


Tree=9
num_leaves=31
num_cat=1
split_feature=5 0 6 0 0 0 5 0 6 5 9 11 11 11 11 17 19 11 11 11 0 16 6 16 8 9 8 6 16 8
split_gain=57.3926 12.2224 2.7742 2.41009 0.543785 0.264068 0.226913 0.219175 0.107293 0.0889272 0.0735321 0.0731706 0.087564 0.0675231 0.0617724 0.0613451 0.0601867 0.0461127 0.0583559 0.0459349 0.0458493 0.0421489 0.0408943 0.0397696 0.0397425 0.0388848 0.0368607 0.0350117 0.0388118 0.0342191
threshold=0.024256254225828267 0.45871292428797134 0.18530465949820793 0.53121608501887896 0.33458207408886598 0.58757867942685726 1.0000000180025095e-35 0.39691598310638843 0.30552995391705079 0.04699121027721434 0.97957695113056176 0.93301270189221952 0.6830127018922193 0.6830127018922193 0.93301270189221952 0.34163049953195485 0 0.93301270189221952 0.6830127018922193 0.6830127018922193 0.61433241398902261 29.500000000000004 0.29170506912442401 29.500000000000004 0.13609311647411021 0.78264040846097749 0.20477481889322038 0.20519397970534159 29.500000000000004 0.15723101739870424
decision_type=2 2 2 2 2 2 2 2 2 2 2 2 2 2 2 2 1 2 2 2 2 2 2 2 2 2 2 2 2 2
left_child=6 2 4 8 9 14 23 17 13 -2 20 12 29 -3 19 -11 27 18 -4 -5 -7 -14 -18 -1 25 -6 -21 -9 -29 -10
right_child=1 3 7 5 24 10 -8 16 11 15 -12 -13 21 -15 -16 -17 22 -19 -20 26 -22 -23 -24 -25 -26 -27 -28 28 -30 -31
leaf_value=-0.0088373880679019513 -0.0026497467009679535 0.0014352700559775011 0.00011065076110168281 0.0038118271109935059 -0.0004607359647418998 0.0045836441622827025 -0.0052035345234277908 -0.00034942465688823942 0.0021832656156123829 -0.0018893023951683885 0.0066948200323985732 0.0014876904723049422 0.0025183975842291246 0.0024368288888054978 0.0026889350709699998 -0.00014154311354635214 0.0011001516453163266 -0.00080169983345402065 0.0012006148793034252 0.0054049377395205024 0.0052242473596257064 0.0040432405631018863 0.0017115276984247185 -0.0081915425267796594 0.00072720248398040754 -0.0016992411249777319 0.0040500175367757405 0.00054935378918281885 0.0011777149097146153 0.0026847757822977473
leaf_weight=475 157 205 295 263 261 222 17 26 290 371 21 67 25 86 36 19 270 40 52 33 184 47 155 105 23 25 40 232 143 212
leaf_count=475 157 205 295 263 261 222 17 26 290 371 21 67 25 86 36 19 270 40 52 33 184 47 155 105 23 25 40 232 143 212
internal_value=2.68479e-05 0.00138537 -0.000170869 0.00324548 -0.00147855 0.00445448 -0.00862034 0.00075195 0.00220901 -0.00204686 0.00496354 0.00242589 0.0025354 0.00173127 0.00387013 -0.00180416 0.00102798 0.000162807 0.000273991 0.00399668 0.00487398 0.00351382 0.00129271 -0.00872048 -0.000472519 -0.000569002 0.00466258 0.000697759 0.000788971 0.00239506
internal_weight=4397 3800 2069 1731 856 799 597 1213 932 547 427 641 574 291 372 390 826 387 347 336 406 72 425 580 309 286 73 401 375 502
internal_count=4397 3800 2069 1731 856 799 597 1213 932 547 427 641 574 291 372 390 826 387 347 336 406 72 425 580 309 286 73 401 375 502
cat_boundaries=0 1
cat_threshold=340
is_linear=0
shrinkage=0.03


Tree=10
num_leaves=31
num_cat=0
split_feature=0 5 6 0 5 0 0 5 1 0 1 0 16 0 1 9 1 0 5 8 11 1 16 1 17 9 11 17 16 9
split_gain=56.8089 12.0385 2.85505 2.07903 0.460536 0.30849 0.188417 0.181355 0.133064 0.0936694 0.0744627 0.0741647 0.0698084 0.0633636 0.0599776 0.0585312 0.0485923 0.0476793 0.0456985 0.0432079 0.0451084 0.0347819 0.034318 0.033725 0.0337145 0.0340191 0.0301131 0.0730426 0.0292863 0.0324206
threshold=0.08076589754599578 0.16125760649087226 0.17854759256316546 0.54460969367221124 0.0764029749830967 0.39691598310638843 0.61229581972090841 1.0000000180025095e-35 0.085937500000000014 0.44050775762703082 0.080729166666666671 0.27532017406411402 27.500000000000004 0.50213191564481241 0.049479166666666671 0.8231218088986143 0.049479166666666671 0.52080508158020811 0.54462474645030434 0.23440816817184998 0.93301270189221952 0.028645833333333336 29.500000000000004 0.039062500000000007 0.3353331631350524 0.69876002917578428 0.6830127018922193 0.26946642838907336 26.500000000000004 0.57330415754923425
decision_type=2 2 2 2 2 2 2 2 2 2 2 2 2 2 2 2 2 2 2 2 2 2 2 2 2 2 2 2 2 2
left_child=7 2 4 8 11 14 10 22 13 16 -5 -2 -8 23 19 21 -7 26 -14 20 -4 -6 -1 -3 25 -25 -10 -28 29 -12
right_child=1 3 5 6 15 9 12 -9 17 -11 28 -13 18 -15 -16 -17 -18 -19 -20 -21 -22 -23 -24 24 -26 -27 27 -29 -30 -31
leaf_value=-0.0085737925006849972 -0.0024254368396611418 0.0012662583096855402 -7.950297779275235e-05 0.0035061821287099225 -0.00080843251023640238 0.00060356763537068722 0.004517786459013612 -0.005485527980052184 0.0023899091459185047 0.0014410599101189708 0.003594196492610786 -0.001706928212654183 0.0054524362561395928 0.0025422150882627179 0.0008016385341994101 -0.0018035800255865114 0.0011683405172093386 0.0034530074576039375 0.0071582357854844923 0.001361532924321776 -0.001363260856783916 -0.0001010552720068296 -0.0080050607726184879 0.0021012843046298545 0.0015987764856448428 0.0033700312220149419 0.0016648391759569012 0.0040983447594283677 0.0045935149648803561 0.0044209558345982211
leaf_weight=489 225 67 281 112 104 351 76 19 140 360 72 304 122 192 81 29 225 90 15.999999999999998 17 27 157 119 202 121 21 17 32 240 105
leaf_count=489 225 67 281 112 104 351 76 19 140 360 72 304 122 192 81 29 225 90 16 17 27 157 119 202 121 21 17 32 240 105
internal_value=-8.19918e-06 0.00137698 -8.99759e-05 0.00332781 -0.00148581 0.000761881 0.00449694 -0.00837229 0.00234292 0.00106145 0.00419306 -0.00201254 0.0052481 0.00209226 7.12587e-05 -0.000524995 0.000824184 0.00288465 0.00565026 -0.000110776 -0.000192044 -0.000382924 -0.00846249 0.00188206 0.002002 0.00222078 0.00261398 0.00325412 0.00437754 0.00408467
internal_weight=4413 3786 2161 1625 819 1342 743 627 882 936 529 529 214 603 406 290 576 279 138 325 308 261 608 411 344 223 189 49 417 177
internal_count=4413 3786 2161 1625 819 1342 743 627 882 936 529 529 214 603 406 290 576 279 138 325 308 261 608 411 344 223 189 49 417 177
is_linear=0
shrinkage=0.03


Tree=11
num_leaves=31
num_cat=0
split_feature=20 5 6 20 10 5 20 20 20 20 20 16 16 6 9 12 8 16 18 16 17 4 16 6 5 8 6 10 16 10
split_gain=53.4515 11.3271 2.68632 1.95616 0.436195 0.433319 0.290258 0.17775 0.121728 0.0881336 0.0697816 0.0628103 0.0562042 0.0623368 0.0550721 0.0546651 0.0516188 0.0479531 0.0524496 0.0453374 0.0598825 0.0410305 0.0424841 0.039897 0.0386177 0.0374613 0.0362776 0.0358125 0.0333377 0.0303916
threshold=0.08076589754599578 0.16125760649087226 0.17854759256316546 0.54460969367221124 0.25000000000000011 0.0764029749830967 0.39691598310638843 0.61636054089337511 0.50213191564481241 0.44050775762703082 0.27532017406411402 27.500000000000004 21.500000000000004 0.30921658986175121 0.8231218088986143 1.0000000180025095e-35 0.20477481889322038 27.500000000000004 0.44264705882352945 29.500000000000004 0.27423198025699952 0.028645833333333336 19.500000000000004 0.31290322580645169 0.54462474645030434 0.27719287970000966 0.53963133640553018 -0.5 28.500000000000004 -0.24999999999999994
decision_type=2 2 2 2 2 2 2 2 2 2 2 2 2 2 2 2 2 2 2 2 2 2 2 2 2 2 2 2 2 2
left_child=4 2 5 8 -1 10 12 16 21 19 -2 -9 29 -14 -7 -6 26 -18 -19 -8 -21 -3 -23 -10 -13 -25 -5 28 -24 -4
right_child=1 3 6 7 15 14 9 11 23 -11 -12 24 13 -15 -16 -17 17 18 -20 20 -22 22 27 25 -26 -27 -28 -29 -30 -31
leaf_value=-0.0083304291433229077 -0.0023526740327187413 0.0013966629402917294 0.0001037742488241318 0.0040014483045170126 -0.0064989053884913538 -0.00037143646404620787 0.00052002931974964948 0.0044076705115705444 0.0016563176522796017 0.0013978282371655132 -0.0016557205379673949 0.0053606719241819046 0.00026482041484052145 0.0022709991657618093 -0.0017494744860815806 -0.004252734612710027 0.0032632325353603745 0.0027143158695140477 0.0043270573011474443 0.0020247434770037627 0.00086932923980876091 0.0017572892737556494 0.0020776698077533966 0.0029569120250481943 0.0069435020810581349 0.0021367756450198986 0.0046594892276932889 0.0021590262784607597 0.0035525602662950908 -0.00064916414116919833
leaf_weight=586 225 89 90 139 15.999999999999998 261 274 64 30 360 304 105 197 14.999999999999998 29 25 99 21 134 48 254 185 22 262 15.999999999999998 62 165 195 37 104
leaf_count=586 225 89 90 139 16 261 274 64 30 360 304 105 197 15 29 25 99 21 134 48 254 185 22 262 16 62 165 195 37 104
internal_value=-7.95297e-06 0.00133567 -8.72767e-05 0.00322797 -0.00812112 -0.00144124 0.000739024 0.00436204 0.00227263 0.0010296 -0.00195216 0.00516794 6.9121e-05 0.000406777 -0.000509246 -0.00512943 0.00409484 0.00377911 0.00410858 0.000799458 0.00105298 0.00198404 0.00210312 0.00270306 0.00557003 0.00279998 0.00435862 0.002355 0.00300265 -0.000299864
internal_weight=4413 3786 2161 1625 627 819 1342 743 882 936 529 185 406 212 290 41 558 254 155 576 302 528 439 354 121 324 304 254 59 194
internal_count=4413 3786 2161 1625 627 819 1342 743 882 936 529 185 406 212 290 41 558 254 155 576 302 528 439 354 121 324 304 254 59 194
is_linear=0
shrinkage=0.03


Tree=12
num_leaves=31
num_cat=0
split_feature=0 5 6 0 5 0 0 5 1 0 1 1 16 1 0 9 1 0 7 5 8 11 1 1 17 9 16 11 11 17
split_gain=50.2926 10.6577 2.52756 1.84055 0.407709 0.273104 0.167427 0.161751 0.122603 0.0829249 0.0680521 0.066666 0.0619931 0.0558196 0.0556599 0.0518175 0.045587 0.0433672 0.0430935 0.0403491 0.039488 0.0410021 0.0327264 0.0313871 0.0313101 0.0316683 0.029957 0.0287015 0.0285823 0.0683696
threshold=0.08076589754599578 0.16125760649087226 0.17854759256316546 0.54460969367221124 0.0764029749830967 0.39691598310638843 0.61229581972090841 1.0000000180025095e-35 0.085937500000000014 0.44050775762703082 0.080729166666666671 0.013020833333333334 27.500000000000004 0.049479166666666671 0.50213191564481241 0.8231218088986143 0.049479166666666671 0.52080508158020811 0.035560207127244885 0.54462474645030434 0.23440816817184998 0.93301270189221952 0.028645833333333336 0.039062500000000007 0.3353331631350524 0.69876002917578428 29.500000000000004 0.6830127018922193 0.6830127018922193 0.26946642838907336
decision_type=2 2 2 2 2 2 2 2 2 2 2 2 2 2 2 2 2 2 2 2 2 2 2 2 2 2 2 2 2 2
left_child=7 2 4 8 11 13 10 26 14 16 -5 -2 -8 20 23 22 -7 28 -13 -14 21 -4 -6 -3 25 -25 -1 -26 -10 -30
right_child=1 3 5 6 15 9 12 -9 17 -11 -12 18 19 -15 -16 -17 -18 -19 -20 -21 -22 -23 -24 24 27 -27 -28 -29 29 -31
leaf_value=-0.0080666673815785427 -0.0024143657016165968 0.0011727696549720273 -7.8958553738772729e-05 0.0032880769925642071 -0.00077303679955907146 0.00056178980577927266 0.0042510379517886653 -0.0051512204208259077 0.0022480152103121769 0.0013558935036937305 0.0041210798166644034 -0.0018870237711777918 0.0051323527383069136 0.00077165560438280552 0.0023855663407091731 -0.0016969920687968597 0.0011088191547203325 0.0032664998356615954 -0.0011835200283066955 0.0067352100673164989 0.0012989397299906047 -0.0013028903455454132 -8.6880612476853422e-05 0.0019780909776442599 0.001205104194739125 0.0032022125491454061 -0.0075352898872769868 0.0022330754533379836 0.0015523707951337377 0.0039067389388512215
leaf_weight=489 156 67 281 112 104 351 76 19 140 360 417 261 122 81 192 29 225 90 112 15.999999999999998 17 27 157 202 87 21 119 34 17 32
leaf_count=489 156 67 281 112 104 351 76 19 140 360 417 261 122 81 192 29 225 90 112 16 17 27 157 202 87 21 119 34 17 32
internal_value=-7.71422e-06 0.0012956 -8.46584e-05 0.00313114 -0.001398 0.000716854 0.00423118 -0.00787749 0.00220445 0.000998714 0.00394472 -0.0018936 0.00493925 6.70476e-05 0.00196385 -0.000493969 0.000775475 0.00272445 -0.00167579 0.00531824 -0.000108564 -0.000186255 -0.000360293 0.00176684 0.00188255 0.00209338 -0.00796268 0.00149397 0.00246631 0.00308997
internal_weight=4413 3786 2161 1625 819 1342 743 627 882 936 529 529 214 406 603 290 576 279 373 138 325 308 261 411 344 223 608 121 189 49
internal_count=4413 3786 2161 1625 819 1342 743 627 882 936 529 529 214 406 603 290 576 279 373 138 325 308 261 411 344 223 608 121 189 49
is_linear=0
shrinkage=0.03


Tree=13
num_leaves=31
num_cat=0
split_feature=5 5 6 20 5 10 20 20 1 20 1 20 16 1 20 9 1 5 8 16 12 5 7 1 16 10 8 4 7 8
split_gain=47.3252 10.0608 2.39853 1.73178 0.388476 0.342424 0.256963 0.157945 0.115357 0.078024 0.0718666 0.0671753 0.05571 0.0525207 0.0523704 0.0487552 0.0428928 0.0410974 0.0371544 0.0360948 0.0359967 0.034096 0.0325753 0.0307922 0.0303948 0.0590289 0.0315566 0.0299373 0.0284045 0.0260141
threshold=0.024256254225828267 0.16125760649087226 0.17854759256316546 0.54460969367221124 0.0764029749830967 0.25000000000000011 0.39691598310638843 0.61636054089337511 0.085937500000000014 0.44050775762703082 0.080729166666666671 0.27532017406411402 27.500000000000004 0.049479166666666671 0.50213191564481241 0.8231218088986143 0.049479166666666671 0.22413793103448279 0.23440816817184998 5.5000000000000009 1.0000000180025095e-35 0.54462474645030434 0.020441236365108594 0.028645833333333336 26.500000000000004 -0.5 0.18264427710219064 0.028645833333333336 0.098703409235773101 0.20622435817705217
decision_type=2 2 2 2 2 2 2 2 2 2 2 2 2 2 2 2 2 2 2 2 2 2 2 2 2 2 2 2 2 2
left_child=5 2 4 8 11 -1 13 10 14 16 29 22 -9 18 27 23 -8 -10 19 -4 -7 -14 -2 -6 26 -26 -12 -3 -18 -5
right_child=1 3 6 7 15 20 9 12 17 -11 24 -13 21 -15 -16 -17 28 -19 -20 -21 -22 -23 -24 -25 25 -27 -28 -29 -30 -31
leaf_value=-0.0078418882839556055 -0.0027776407796096282 0.0011674165962908885 -0.00098688352319738389 0.0036161262103363732 -0.00074984590562357295 -0.005929400250039572 0.00054493615159271482 0.0041479133420501933 0.0024259391832239401 0.0013152168096392839 0.0042884699070540747 -0.0015520437126961852 0.005045884175165086 0.00074850621649840017 0.0023139997455616074 -0.0016460840847430684 0.00098545904131712501 0.0032544040847087719 0.0012599738179659198 -4.9844472203071606e-05 -0.0040717670451595146 0.0065331664556831448 -0.0019970122498350245 -8.4274207321406041e-05 0.0056884100302826458 0.0040951135426236709 0.0034604518862670639 0.0018338221116506216 0.0023367445378662203 0.0027126685937490015
leaf_weight=586 69 74 43 60 104 17 351 64 206 360 62 304 105 81 192 29 210 73 17 265 21 15.999999999999998 159 157 23 233 125 337 14.999999999999998 55
leaf_count=586 69 74 43 60 104 17 351 64 206 360 62 304 105 81 192 29 210 73 17 265 21 16 159 157 23 233 125 337 15 55
internal_value=-7.48259e-06 0.00125327 -8.63242e-05 0.0030372 -0.00136248 -0.00766292 0.000695348 0.00410424 0.00213832 0.000968753 0.00385237 -0.001844 0.00486392 6.50362e-05 0.00190494 -0.00047915 0.000752211 0.00264272 -0.000105307 -0.000180668 -0.00490295 0.0052426 -0.00223327 -0.000349485 0.00402585 0.00423828 0.003735 0.00171384 0.00107555 0.00318407
internal_weight=4413 3789 2164 1625 822 624 1342 743 882 936 558 532 185 406 603 290 576 279 325 308 38 121 228 261 443 256 187 411 225 115
internal_count=4413 3789 2164 1625 822 624 1342 743 882 936 558 532 185 406 603 290 576 279 325 308 38 121 228 261 443 256 187 411 225 115
is_linear=0
shrinkage=0.03


Tree=14
num_leaves=31
num_cat=0
split_feature=5 5 6 20 5 20 20 1 5 20 20 1 16 16 11 20 9 16 17 20 5 1 1 17 9 1 8 11 11 17
split_gain=44.5283 9.46624 2.25678 1.62943 0.365517 0.241777 0.149034 0.108539 0.0927394 0.0734128 0.06322 0.0600976 0.054945 0.0505358 0.0725609 0.0492753 0.0458739 0.0424774 0.0563676 0.0390051 0.0356134 0.0293815 0.0289724 0.0289211 0.0299709 0.028469 0.0278399 0.0271599 0.0268403 0.0641982
threshold=0.024256254225828267 0.16125760649087226 0.17854759256316546 0.54460969367221124 0.0764029749830967 0.39691598310638843 0.61229581972090841 0.085937500000000014 1.0000000180025095e-35 0.44050775762703082 0.26145367489924248 0.080729166666666671 27.500000000000004 21.500000000000004 -0.24999999999999994 0.50213191564481241 0.8231218088986143 28.500000000000004 0.27423198025699952 0.52080508158020811 0.54462474645030434 0.039062500000000007 0.028645833333333336 0.3353331631350524 0.69146608315098479 0.023437500000000003 0.36060968689366818 0.6830127018922193 0.6830127018922193 0.26946642838907336
decision_type=2 2 2 2 2 2 2 2 2 2 2 2 2 2 2 2 2 2 2 2 2 2 2 2 2 2 2 2 2 2
left_child=8 2 4 7 10 13 11 15 -1 17 25 -5 26 -4 -15 21 22 -7 -19 28 -14 -3 -6 24 -23 -2 -8 -25 -9 -30
right_child=1 3 5 6 16 9 12 19 -10 -11 -12 -13 20 14 -16 -17 -18 18 -20 -21 -22 23 -24 27 -26 -27 -28 -29 29 -31
leaf_value=-0.0074923744781839833 -0.0024763957163848392 0.0010876458112227269 -0.00028679860361324516 0.0030937784898561844 -0.00072735075661394877 0.00045537841317417043 0.0045318722565730425 0.0021070874596617831 -0.0051778366521599657 0.0012757604241452692 -0.0015722747103240574 0.003876584833797706 0.0048313225601700691 5.0724946774369967e-05 0.0013095965080442463 0.0022445800969361279 -0.0015967032346410883 0.0019041252382573568 0.00079384614267467965 0.0030775025481182315 0.0063371836150126872 0.0018294673898008366 -8.1746001361723302e-05 0.001119912060426789 0.0027970305373160574 -0.0014653124402712085 0.0033795639799590578 0.0021198919642370314 0.0014330285254721921 0.0037144345416536126
leaf_weight=608 131 67 194 112 104 270 41 140 15.999999999999998 360 370 417 122 156 56 192 29 49 257 90 15.999999999999998 189 157 87 34 31 35 34 17 32
leaf_count=608 131 67 194 112 104 270 41 140 16 360 370 417 122 156 56 192 29 49 257 90 16 189 157 87 34 31 35 34 17 32
internal_value=-7.25792e-06 0.00121567 -8.37345e-05 0.00294609 -0.00132161 0.000674488 0.00398112 0.00207417 -0.00743304 0.00093969 -0.00178868 0.00371086 0.00464917 6.30852e-05 0.000383262 0.00184779 -0.000464776 0.000729644 0.000971642 0.00256344 0.00500596 0.00166242 -0.000339 0.00177437 0.001977 -0.00228293 0.00400126 0.00140091 0.00231863 0.00292297
internal_weight=4413 3789 2164 1625 822 1342 743 882 624 936 532 529 214 406 212 603 290 576 306 279 138 411 261 344 223 162 76 121 189 49
internal_count=4413 3789 2164 1625 822 1342 743 882 624 936 532 529 214 406 212 603 290 576 306 279 138 411 261 344 223 162 76 121 189 49
is_linear=0
shrinkage=0.03


Tree=15
num_leaves=31
num_cat=1
split_feature=0 0 0 0 6 0 10 6 0 1 19 6 1 1 11 11 10 16 10 10 9 16 12 6 11 18 1 1 0 0
split_gain=40.6181 9.07965 2.10536 1.72937 0.235792 0.198016 0.195228 0.151219 0.119256 0.102857 0.0958274 0.0673961 0.0634228 0.0622281 0.0575331 0.0531568 0.0507937 0.104453 0.047065 0.0453856 0.0425083 0.0418516 0.0392827 0.0386974 0.0385167 0.0363227 0.0343816 0.0318128 0.0317408 0.0309942
threshold=1.0000000180025095e-35 0.44566508779923081 0.53121608501887896 0.34072235714602689 0.20519397970534159 0.58757867942685726 0.25000000000000011 0.1905821282906934 0.47556016327877837 0.044270833333333336 0 0.061374109761206545 0.033854166666666671 0.21614583333333334 0.93301270189221952 0.6830127018922193 -0.5 29.500000000000004 -0.6830127018922193 1.0000000180025095e-35 0.12946754194018967 5.5000000000000009 0.6078576107927941 0.31290322580645169 0.93301270189221952 0.46911764705882358 0.10156250000000001 0.085937500000000014 0.29001749062968413 0.61912653167645637
decision_type=2 2 2 2 2 2 2 2 2 2 1 2 2 2 2 2 2 2 2 2 2 2 2 2 2 2 2 2 2 2
left_child=6 3 8 7 12 14 -1 10 26 21 11 -2 -5 19 15 27 17 -10 -19 -7 -11 -6 -8 -18 -25 -9 -3 -4 -13 -21
right_child=1 2 5 4 9 13 22 25 16 20 -12 28 -14 -15 -16 -17 23 18 -20 29 -22 -23 -24 24 -26 -27 -28 -29 -30 -31
leaf_value=-0.007386414768070405 -0.003978972547382542 0.0013332880129441694 0.0027780781686788658 -0.00063242409644134691 -0.00038213242072827045 0.0033579277765924038 -0.0060064014521090696 -0.00078958781758459422 0.0019786059463540524 -0.00014856953897107234 -0.00099787990833524916 -0.0022299077312357596 0.00011597092618319245 0.0053842894249529682 0.0021194197459090051 0.0040714930987305158 0.0013269951369423649 0.0026103856900838254 0.0041918152824688215 0.0039979464033041588 0.0010867138329957293 0.0004447987055733332 -0.0039627427745927797 0.0021570026076493738 0.001281082687457732 0.00084430697324726605 0.0026047334926532842 0.0034358569186437801 -0.0016697085147845609 0.0045910323485774214
leaf_weight=560 15.999999999999998 446 111 198 65 68 18 25 184 27 200 213 210 35 37 75 110 36 32 227 351 361 15.999999999999998 234 56 24 20 164 159 122
leaf_count=560 16 446 111 198 65 68 18 25 184 27 200 213 210 35 37 75 110 36 32 227 351 361 16 234 56 24 20 164 159 122
internal_value=4.37901e-05 0.0011825 0.00260678 -0.000324967 0.000340176 0.00374265 -0.00725239 -0.00159051 0.00175437 0.000638258 -0.00172394 -0.00202041 -0.000247221 0.00416912 0.00324454 0.00336347 0.00201631 0.00234993 0.00335464 0.00406711 0.000998479 0.000318623 -0.00504482 0.00180613 0.00198786 1.06881e-05 0.00138786 0.00317036 -0.00199047 0.00420528
internal_weight=4400 3806 1957 1849 1212 839 594 637 1118 804 588 388 408 452 387 350 652 252 68 417 378 426 34 400 290 49 466 275 372 349
internal_count=4400 3806 1957 1849 1212 839 594 637 1118 804 588 388 408 452 387 350 652 252 68 417 378 426 34 400 290 49 466 275 372 349
cat_boundaries=0 1
cat_threshold=533
is_linear=0
shrinkage=0.03


Tree=16
num_leaves=31
num_cat=1
split_feature=0 0 0 0 6 10 0 6 0 19 11 6 6 0 0 4 6 9 7 6 11 11 12 18 9 11 9 18 7 11
split_gain=38.2169 8.54402 1.9816 1.62798 0.221856 0.183689 0.153238 0.142368 0.135531 0.0896959 0.0678049 0.109791 0.0634135 0.0505775 0.0464405 0.0445941 0.0428744 0.0399317 0.0393509 0.0379492 0.0503078 0.0489658 0.0369612 0.0368696 0.0362773 0.0351485 0.0500476 0.0341762 0.0328875 0.032859
threshold=1.0000000180025095e-35 0.44566508779923081 0.53840388049425569 0.34072235714602689 0.20519397970534159 0.25000000000000011 0.59889677441000055 0.1905821282906934 0.49332608432250175 0 0.93301270189221952 0.307373271889401 0.061374109761206545 0.38756185137941357 0.39191207165358427 0.10677083333333334 0.34331797235023048 0.97957695113056176 0.10937795756218473 0.29539170506912449 0.93301270189221952 0.6830127018922193 0.6078576107927941 0.48676470588235299 0.63493800145878942 -0.5 0.44128373450036479 0.46911764705882358 0.098703409235773101 0.6830127018922193
decision_type=2 2 2 2 2 2 2 2 2 1 2 2 2 2 2 2 2 2 2 2 2 2 2 2 2 2 2 2 2 2
left_child=5 3 8 7 13 -1 23 9 19 12 11 14 -2 -5 -6 18 -12 -8 -10 21 29 -3 -7 25 -13 28 -27 -9 -4 -21
right_child=1 2 6 4 10 22 17 27 15 -11 16 24 -14 -15 -16 -17 -18 -19 -20 20 -22 -23 -24 -25 -26 26 -28 -29 -30 -31
leaf_value=-0.0071648226778658732 -0.0038596108796991233 0.0010273662302079014 0.0030931222248636301 -0.00052927882455388469 0.00018441917389524845 -0.005826219766512558 0.004058934718272021 -0.0007659011216809079 0.0021300286204353055 -0.0009693691880690023 -0.0011696482406383373 0.0024439494240866685 -0.0019307589970030097 0.00014560993335256122 0.000747789489986341 0.0028457704263696818 0.0002775483266491169 0.0053782717817821559 0.00105619668377331 0.0016903394516615564 0.00077319991895315936 0.0018986182178988907 -0.0038438679882194324 0.0036585614034633754 0.0011414561056708459 0.0025206461375092116 0.003564085722266244 0.00081897883048035597 0.0017268682825796709 0.0025464046159124057
leaf_weight=560 15.999999999999998 236 35 233 185 18 338 25 318 200 27 38 372 175 457 72 58 22 34 329 49 77 15.999999999999998 164 39 57 151 24 29 46
leaf_count=560 16 236 35 233 185 18 338 25 318 200 27 38 372 175 457 72 58 22 34 329 49 77 16 164 39 57 151 24 29 46
internal_value=4.24085e-05 0.00114695 0.00252858 -0.00031538 0.00032997 -0.00703482 0.00368148 -0.00154327 0.00173812 -0.00167274 0.00061911 0.000713836 -0.0019598 -0.000239805 0.000585448 0.00216547 -0.000182158 0.00413958 0.00202631 0.00149227 0.00167723 0.00124171 -0.00489349 0.00330323 0.00178427 0.00308897 0.00327816 1.03675e-05 0.00247408 0.00179536
internal_weight=4400 3806 1957 1849 1212 594 796 637 1161 588 804 719 388 408 642 424 85 360 352 737 424 313 34 436 77 272 208 49 64 375
internal_count=4400 3806 1957 1849 1212 594 796 637 1161 588 804 719 388 408 642 424 85 360 352 737 424 313 34 436 77 272 208 49 64 375
cat_boundaries=0 1
cat_threshold=533
is_linear=0
shrinkage=0.03


Tree=17
num_leaves=31
num_cat=0
split_feature=0 0 0 5 6 5 6 0 1 0 1 4 1 1 11 6 11 11 6 8 0 1 8 16 16 11 8 0 9 9
split_gain=35.9576 8.03999 1.86647 1.53384 0.215775 0.170786 0.129333 0.117565 0.0937987 0.075011 0.0679575 0.0594846 0.0482823 0.0455274 0.0408097 0.0469338 0.0398884 0.0549265 0.0646013 0.0465913 0.03362 0.032974 0.0325726 0.032085 0.0316078 0.0286189 0.0281998 0.0266207 0.0266053 0.026344
threshold=1.0000000180025095e-35 0.44566508779923081 0.54460969367221124 0.079310344827586213 0.20519397970534159 0.18154158215010144 0.16777371682822187 0.60947546798558971 0.049479166666666671 0.26145367489924248 0.033854166666666671 0.10677083333333334 0.085937500000000014 0.16406250000000003 0.93301270189221952 0.30921658986175121 0.93301270189221952 0.6830127018922193 0.31290322580645169 0.15093115396300516 0.42230543645064583 0.059895833333333336 0.29024861203486146 29.500000000000004 29.500000000000004 0.6830127018922193 0.061010204590290239 0.33458207408886598 0.15681983953318746 0.5977388767323123
decision_type=2 2 2 2 2 2 2 2 2 2 2 2 2 2 2 2 2 2 2 2 2 2 2 2 2 2 2 2 2 2
left_child=23 3 5 6 10 21 9 12 20 26 25 16 29 22 15 -10 17 18 19 -7 28 -3 -9 -1 -19 -5 -2 -11 -6 -4
right_child=1 2 7 4 8 11 -8 13 14 27 -12 -13 -14 -15 -16 -17 -18 24 -20 -21 -22 -23 -24 -25 -26 -27 -28 -29 -30 -31
leaf_value=-0.0069365311012930453 -0.0025170571155272428 0.001172368090140565 0.0032297678903838944 -0.00077028464053273133 -0.00041597852589191525 0.0014894238313329249 -0.00039050453341659736 0.0040995096645877896 0.0010019802623297798 -0.0015069189566312739 0.0001198897521309824 0.0027666838795138032 0.0035494095477391113 0.0046968688834190496 -3.4665740872064206e-05 0.0022278990017850341 0.0011313536618193329 0.0019954782676519876 0.0020994715145986591 -0.00041256705361879899 0.00074410517568966432 0.0016020482633808087 0.0031336107201998344 -0.0063919649824368393 0.0033429373891294685 0.00048626592012556758 -0.0017397945673078387 -0.00058955497889994629 0.00031101915399101801 0.0024103089240932025
leaf_weight=471 99 321 88 174 53 51 82 125 231 349 220 100 348 89 29 32 47 25 283 14.999999999999998 146 322 42 123 42 18 73 31 312 59
leaf_count=471 99 321 88 174 53 51 82 125 231 349 220 100 348 89 29 32 47 25 283 15 146 322 42 123 42 18 73 31 312 59
internal_value=4.10702e-05 0.00111246 0.00245272 -0.000306076 0.000318089 0.00172161 -0.00150223 0.00362678 0.000604457 -0.00166737 -0.000240051 0.00210314 0.00335682 0.00414875 0.00103338 0.00115115 0.00195981 0.00205341 0.00190236 0.00105715 0.000359356 0.00138754 0.00385661 -0.00682378 0.00284019 -0.000652481 -0.00218718 -0.00143208 0.000205454 0.00290089
internal_weight=4400 3806 1957 1849 1215 1206 634 751 803 552 412 563 495 256 292 263 463 416 349 66 511 643 167 594 67 192 172 380 365 147
internal_count=4400 3806 1957 1849 1215 1206 634 751 803 552 412 563 495 256 292 263 463 416 349 66 511 643 167 594 67 192 172 380 365 147
is_linear=0
shrinkage=0.03


Tree=18
num_leaves=31
num_cat=1
split_feature=0 0 0 0 6 10 0 6 6 1 19 11 11 11 6 1 1 11 11 10 7 9 8 12 8 1 18 8 7 7
split_gain=33.8325 7.56483 1.75932 1.4438 0.195959 0.170684 0.166916 0.127823 0.103417 0.0903829 0.0839516 0.0678556 0.0673696 0.0668878 0.0580274 0.0557708 0.055319 0.0514962 0.0473777 0.0412784 0.0390989 0.038234 0.03617 0.0347788 0.0337195 0.0334215 0.0320541 0.0293938 0.0292407 0.0285431
threshold=1.0000000180025095e-35 0.44566508779923081 0.53121608501887896 0.34072235714602689 0.20519397970534159 0.25000000000000011 0.58757867942685726 0.1905821282906934 0.29815668202764983 0.044270833333333336 0 0.6830127018922193 0.93301270189221952 0.6830127018922193 0.061374109761206545 0.21614583333333334 0.033854166666666671 0.93301270189221952 0.6830127018922193 1.0000000180025095e-35 0.08223428479567764 0.12946754194018967 0.15559578809505548 0.6078576107927941 0.16278022763403752 0.091145833333333343 0.46911764705882358 0.20249421316166533 0.020972266000457252 0.034460949511347018
decision_type=2 2 2 2 2 2 2 2 2 2 1 2 2 2 2 2 2 2 2 2 2 2 2 2 2 2 2 2 2 2
left_child=5 3 8 7 16 -1 17 10 11 -6 14 24 13 22 -2 19 -5 18 -4 -8 -13 -11 -10 -7 -3 -15 -9 -20 -16 -12
right_child=1 2 6 4 9 23 15 26 12 21 29 20 -14 25 28 -17 -18 -19 27 -21 -22 -23 -24 -25 -26 -27 -28 -29 -30 -31
leaf_value=-0.0067443791684395401 -0.0036683227848495572 0.0010502103645863815 0.0028903642719928842 -0.00058438406465463849 0.00028297150306665363 -0.0054596943624429803 0.0030361330325246808 -0.00073289393563303186 0.0015881483945692375 -0.00016758311070795123 -0.0012291239870498537 0.0016152368713716163 0.0010052966445014402 0.0023248839861903636 -0.0023615207654690122 0.0049594080574849458 0.00011456479267611471 0.0018957040515117643 0.0044686066567319648 0.0038442262080205553 0.0032877178639064237 0.0010039500537277028 0.0020701057554103584 -0.0035368121751144029 -0.00012743035684710603 0.0036556398280055296 0.00080199290073476451 0.0032559953023920678 -0.0016917683663436891 -0.00049075404892794886
leaf_weight=560 15.999999999999998 248 275 198 426 18 68 25 343 27 124 78 85 65 73 35 210 37 30 349 14.999999999999998 351 237 15.999999999999998 24 23 24 45 299 76
leaf_count=560 16 248 275 198 426 18 68 25 343 27 124 78 85 65 73 35 210 37 30 349 15 351 237 16 24 23 24 45 299 76
internal_value=3.98383e-05 0.00107909 0.00237914 -0.000296894 0.000310857 -0.00661907 0.00341747 -0.00145324 0.00159992 0.000582597 -0.00157592 0.00118549 0.00180081 0.00190203 -0.00185158 0.00380903 -0.000224632 0.00296015 0.00307267 0.00371246 0.00188502 0.000920269 0.00178509 -0.00455494 0.000946301 0.00267273 1.88884e-05 0.00374109 -0.0018232 -0.000903379
internal_weight=4400 3806 1957 1849 1212 594 839 637 1118 804 588 365 753 668 388 452 408 387 350 417 93 378 580 34 272 88 49 75 372 200
internal_count=4400 3806 1957 1849 1212 594 839 637 1118 804 588 365 753 668 388 452 408 387 350 417 93 378 580 34 272 88 49 75 372 200
cat_boundaries=0 1
cat_threshold=533
is_linear=0
shrinkage=0.03


Tree=19
num_leaves=31
num_cat=0
split_feature=1 5 6 20 5 20 10 5 1 1 6 9 1 11 11 6 7 16 7 10 1 16 12 1 6 7 11 6 11 9
split_gain=31.833 7.12407 1.50696 1.50039 0.202062 0.198077 0.160595 0.117788 0.106822 0.0752114 0.0633874 0.0576231 0.0569491 0.0491733 0.0640732 0.0825862 0.0657659 0.0412349 0.0410625 0.0404351 0.0351963 0.0351431 0.0327234 0.0317215 0.0309517 0.029184 0.0270209 0.0599151 0.03175 0.0289299
threshold=1.0000000180025095e-35 0.15111561866125764 0.1654377880184332 0.54460969367221124 0.074442190669371203 0.37807704580811868 0.25000000000000011 0.18154158215010144 0.15364583333333334 0.033854166666666671 0.092343140730237527 0.8231218088986143 0.085937500000000014 0.93301270189221952 0.6830127018922193 0.33317972350230424 0.11227999405523552 29.500000000000004 0.049629439556436873 0.93301270189221952 0.059895833333333336 28.500000000000004 0.6078576107927941 0.033854166666666671 0.46682027649769592 0.090266055694361871 0.93301270189221952 0.34331797235023048 0.25000000000000017 0.57330415754923425
decision_type=2 2 2 2 2 2 2 2 2 2 2 2 2 2 2 2 2 2 2 2 2 2 2 2 2 2 2 2 2 2
left_child=6 2 4 7 10 18 -1 20 12 -7 -2 23 -5 14 15 16 -9 -16 -4 -12 -3 -10 -8 -6 -17 -19 27 28 29 -11
right_child=1 3 5 8 11 9 22 13 21 26 19 -13 -14 -15 17 24 -18 25 -20 -21 -22 -23 -24 -25 -26 -27 -28 -29 -30 -31
leaf_value=-0.0065420480282867748 -0.0022169810279189001 0.0010996063868529218 -0.00056382406255360378 0.0027478060737914914 -0.00071648504158207003 0.00019124871248693133 -0.005295912592214091 0.0015181859090710951 0.0034776678850080536 0.00019814954478841382 -0.0015380020414353878 -0.0019155310442374137 0.0034070820793880318 0.0011565832777242692 0.0018492734870952697 0.0019612277267434973 -0.00056569650294689016 0.0028703766915774568 0.00014800047909542237 -0.00051856642054168799 0.0015864870228111288 0.0043957401333712997 -0.0034307144872360424 3.2663365227867659e-05 0.0025881501076794192 0.0043980093121912299 0.000137539246577928 0.0021268145844872558 0.0011212180941585323 0.00078813330077822481
leaf_weight=560 123 254 163 164 117 240 18 92 57 98 343 25 420 59 25 214 15.999999999999998 38 132 39 282 110 15.999999999999998 90 106 15.999999999999998 50 32 185 316
leaf_count=560 123 254 163 164 117 240 18 92 57 98 343 25 420 59 25 214 16 38 132 39 282 110 16 90 106 16 50 32 185 316
internal_value=3.86433e-05 0.00104672 -0.000217545 0.00237921 -0.00128797 0.000431221 -0.00642049 0.00167449 0.00341329 0.000647918 -0.00162465 -0.000555083 0.00322195 0.00197632 0.00207171 0.0019268 0.00120946 0.00285672 -0.000245313 -0.00143393 0.00135577 0.00408241 -0.0044183 -0.00039077 0.0021689 0.00332308 0.000808859 0.000862053 0.000794483 0.000648476
internal_weight=4400 3806 1953 1853 737 1216 594 1102 751 921 505 232 584 566 507 428 108 79 295 382 536 167 34 207 320 54 681 631 599 414
internal_count=4400 3806 1953 1853 737 1216 594 1102 751 921 505 232 584 566 507 428 108 79 295 382 536 167 34 207 320 54 681 631 599 414
is_linear=0
shrinkage=0.03


Tree=20
num_leaves=31
num_cat=0
split_feature=1 0 0 5 10 0 0 1 5 1 10 9 9 1 0 4 8 9 10 7 4 9 1 0 9 5 8 12 7 18
split_gain=30.6014 6.5322 1.40357 1.37697 0.18257 0.15837 0.148868 0.141002 0.0767949 0.0599712 0.0562704 0.0527706 0.0449492 0.0447227 0.0430778 0.0427382 0.0392855 0.0387983 0.0362907 0.035598 0.0348502 0.034789 0.0286738 0.0286133 0.0264827 0.0252131 0.0237523 0.0223941 0.021643 0.020903
threshold=1.0000000180025095e-35 0.45421979383876848 0.53408883435755816 0.089587559161595678 0.25000000000000011 0.27532017406411402 0.59889677441000055 0.033854166666666671 0.18154158215010144 0.018229166666666668 -0.5 0.12946754194018967 0.30233406272793589 0.065104166666666671 0.39691598310638843 0.12760416666666669 0.1168743981058822 0.97957695113056176 -0.6830127018922193 0.08223428479567764 0.096354166666666671 0.74872355944566016 0.085937500000000014 0.34766968031203666 0.80598103574033564 0.21805273833671404 0.087591098708121498 0.6078576107927941 0.086724821097632201 0.4661764705882353
decision_type=2 2 2 2 2 2 2 2 2 2 2 2 2 2 2 2 2 2 2 2 2 2 2 2 2 2 2 2 2 2
left_child=4 3 8 5 -1 21 12 14 -3 -7 18 -9 -4 26 28 19 23 29 -10 -12 -15 -2 -14 -11 -24 -21 -13 -6 -5 -8
right_child=1 2 6 7 27 9 17 11 10 16 15 13 22 20 -16 -17 -18 -19 -20 25 -22 -23 24 -25 -26 -27 -28 -29 -30 -31
leaf_value=-0.0063408650455753996 -0.0019338411001457896 0.0012892092073054158 0.0021492374340027431 -0.00027070543625947981 -0.0048527782369081644 -0.0013259822123346796 0.0032443277283790593 -0.00026690300455460363 0.0019851033901557178 -0.00096485595256035224 0.0017978299529800739 2.6099011876433819e-05 0.0026216928088198016 0.0010040299749609711 0.00026727540910751423 0.0025041531919938968 7.2826811837307121e-05 0.0048330108446672636 0.002966235738426195 0.00083968489344613646 0.0023954700861529938 -0.00082625673154564116 0.0030756078181608418 -0.00033173436185663833 0.0041613272327297645 0.0016961292720981695 0.00066585608383302032 -0.003288465453262827 -0.0014275695855804538 0.003772491473819339
leaf_weight=584 213 531 67 161 15.999999999999998 186 99 51 138 238 126 58 130 162 200 38 55 25 45 99 18 29 251 88 22 45 525 17 15.999999999999998 212
leaf_count=584 213 531 67 161 16 186 99 51 138 238 126 58 130 162 200 38 55 25 45 99 18 29 251 88 22 45 525 17 16 212
internal_value=-1.80832e-05 0.000981256 0.00227751 -0.000203525 -0.00621819 -0.00115863 0.00321358 0.000445239 0.00153928 -0.000884404 0.00180972 0.000667384 0.00286884 0.000729833 -3.44058e-05 0.00156216 -0.000668828 0.0036958 0.00222638 0.00142957 0.00114319 -0.00180112 0.00298847 -0.000793954 0.00316312 0.00110733 0.00060221 -0.00404704 -0.000375288 0.00360437
internal_weight=4445 3828 1828 2000 617 809 806 1191 1022 567 491 814 470 763 377 308 381 336 183 270 180 242 403 326 273 144 583 33 177 311
internal_count=4445 3828 1828 2000 617 809 806 1191 1022 567 491 814 470 763 377 308 381 336 183 270 180 242 403 326 273 144 583 33 177 311
is_linear=0
shrinkage=0.03


Tree=21
num_leaves=31
num_cat=0
split_feature=1 0 5 0 5 10 0 0 1 1 5 16 6 6 6 6 6 9 8 11 8 9 16 6 11 11 11 1 16 10
split_gain=28.7929 6.14783 1.58416 1.02278 0.177032 0.171779 0.152822 0.101198 0.0669036 0.0647861 0.0635373 0.0543919 0.0594989 0.0434673 0.0425962 0.0411338 0.0401048 0.0365056 0.032389 0.0473098 0.0315075 0.0293883 0.0283121 0.0278029 0.0462811 0.0355777 0.0280437 0.0274126 0.0273978 0.0597127
threshold=1.0000000180025095e-35 0.46801657124517354 0.093982420554428681 0.54665645269236129 0.057809330628803259 0.25000000000000011 0.43051651313122302 0.59889677441000055 0.018229166666666668 0.033854166666666671 0.21805273833671404 28.500000000000004 0.3175115207373273 0.15371047195296364 0.30184331797235031 0.099850610219273842 0.19308755760368668 0.97957695113056176 0.20833669660143139 0.6830127018922193 0.19218106975147189 0.10977388767323125 29.500000000000004 0.27419354838709686 0.93301270189221952 0.6830127018922193 0.6830127018922193 0.080729166666666671 28.500000000000004 -0.5
decision_type=2 2 2 2 2 2 2 2 2 2 2 2 2 2 2 2 2 2 2 2 2 2 2 2 2 2 2 2 2 2
left_child=5 2 4 10 15 -1 9 28 -6 13 14 -11 -13 -4 -3 -2 -10 -9 19 20 -16 -17 -21 26 25 -25 -8 -12 -5 -30
right_child=1 3 6 7 8 -7 23 17 16 11 27 12 -14 -15 18 21 -18 -19 -20 22 -22 -23 -24 24 -26 -27 -28 -29 29 -31
leaf_value=-0.0061506391589056034 -0.001977197767519773 0.0011565079100390352 -0.0011579802531386384 0.0025995677567660701 -0.0012727183176654514 -0.0039256401494367097 0.00060198115014359441 0.0034962426043294902 -0.00069095742609932094 0.0001694073888409816 0.0017863285337634039 0.0006850679709843381 0.0024730873724990907 6.7724558813757424e-05 0.0015992173362539249 -0.0023257359619384419 9.6656506176843971e-07 0.0046880263399350199 0.0012263082243229742 0.0018435210313324053 0.0027059881980455109 -0.0011889800101312598 0.0032067565268195982 0.0011723771717427472 0.00023401910325753173 0.002286908012966363 0.0014620812436267417 0.0024949034489042047 0.0045847385552145008 0.0029318306896178011
leaf_weight=584 141 185 29 178 141 33 232 311 289 222 94 241 18 255 313 23 102 25 107 24 25 186 32 232 43 29 40 103 22 186
leaf_count=584 141 185 29 178 141 33 232 311 289 222 94 241 18 255 313 23 102 25 107 24 25 186 32 232 43 29 40 103 22 186
internal_value=-1.75405e-05 0.000951818 -6.97421e-05 0.00236673 -0.00105723 -0.00603164 0.000579745 0.00320423 -0.000712486 0.000301851 0.00168192 0.000513988 0.000809341 -5.74391e-05 0.00154555 -0.00158123 -0.000510456 0.00358493 0.0016892 0.00181491 0.00168109 -0.00131409 0.00262256 0.000948824 0.00114598 0.00129622 0.000728471 0.00215681 0.00287284 0.00310668
internal_weight=4445 3828 2223 1605 882 617 1341 722 532 765 883 481 259 284 686 350 391 336 501 394 338 209 56 576 304 261 272 197 386 208
internal_count=4445 3828 2223 1605 882 617 1341 722 532 765 883 481 259 284 686 350 391 336 501 394 338 209 56 576 304 261 272 197 386 208
is_linear=0
shrinkage=0.03


Tree=22
num_leaves=31
num_cat=0
split_feature=0 0 0 0 10 0 6 6 0 0 11 6 9 9 11 10 16 8 0 6 11 11 7 4 11 9 7 6 11 16
split_gain=27.0761 5.80293 1.43643 1.0578 0.144783 0.139465 0.130498 0.102871 0.0956697 0.0684105 0.0632929 0.0801707 0.0403035 0.0397126 0.0377621 0.0376343 0.081372 0.034546 0.0343911 0.0327958 0.0326244 0.0325667 0.0455661 0.032522 0.0316631 0.0296883 0.0289385 0.0318145 0.029339 0.0263253
threshold=1.0000000180025095e-35 0.44457804280797869 0.53121608501887896 0.34766968031203666 0.25000000000000011 0.58542297693482837 0.20213956550362086 0.1905821282906934 0.47556016327877837 0.26145367489924248 0.93301270189221952 0.307373271889401 0.97957695113056176 0.6433260393873087 0.93301270189221952 -0.5 29.500000000000004 0.096551327259016217 0.39691598310638843 0.35529953917050699 0.6830127018922193 -0.24999999999999994 0.033816762812312995 0.11197916666666667 0.6830127018922193 0.73340627279358139 0.098703409235773101 0.54239631336405547 -0.68301270189221952 26.500000000000004
decision_type=2 2 2 2 2 2 2 2 2 2 2 2 2 2 2 2 2 2 2 2 2 2 2 2 2 2 2 2 2 2
left_child=4 3 8 7 -1 14 24 9 -3 25 11 18 -7 -13 20 16 -10 21 -8 -12 26 22 -11 -17 -5 -2 27 -4 -28 -24
right_child=1 2 5 6 -6 12 10 -9 15 17 19 13 -14 -15 -16 23 -18 -19 -20 -21 -22 -23 29 -25 -26 -27 28 -29 -30 -31
leaf_value=-0.0059661204459843364 -0.0019835551633080525 0.0010655432487243863 0.0024668600904803341 -0.00029550749327698629 -0.0038619511352654848 0.0033066690187912029 0.00014982586783812325 -9.9209764250920827e-05 0.0015754899477061625 -0.0015272323368487823 -0.0010692859451225329 0.0021699186699863562 0.0045473911581904941 0.00075585031844958882 0.0016681044441774976 0.001319536376728701 0.0028069660756613662 -0.0018696433172118274 0.00061720370831175471 0.00015086115171238424 0.0032525153618002643 -0.00062158342911486982 -2.4558123667971779e-05 0.0020666723915798869 0.00085687766705440566 -0.00082700075701926665 0.001226350570450755 0.0033225091607302893 0.0024206703817928202 -0.0010340808014406668
leaf_weight=584 152 514 106 320 31 412 209 68 180 170 31 39 25 33 36 340 66 51 440 55 73 118 32 62 23 23 24 62 81 85
leaf_count=584 152 514 106 320 31 412 209 68 180 170 31 39 25 33 36 340 66 51 440 55 73 118 32 62 23 23 24 62 81 85
internal_value=-1.70141e-05 0.000921231 0.00204939 -0.000287471 -0.00586006 0.00301163 0.000271958 -0.00120785 0.00137119 -0.00132732 0.000480303 0.000572061 0.00337766 0.00152182 0.0025929 0.00161363 0.0019059 -0.0011338 0.000466693 -0.000288967 0.00268911 -0.00104114 -0.00121364 0.00143477 -0.000218232 -0.00183156 0.00253845 0.00278265 0.0021477 -0.000757975
internal_weight=4445 3830 1981 1849 615 819 1150 699 1162 631 807 721 437 72 382 648 246 456 649 86 346 405 287 402 343 175 273 168 105 117
internal_count=4445 3830 1981 1849 615 819 1150 699 1162 631 807 721 437 72 382 648 246 456 649 86 346 405 287 402 343 175 273 168 105 117
is_linear=0
shrinkage=0.03


Tree=23
num_leaves=31
num_cat=1
split_feature=0 0 0 5 0 10 0 6 6 11 11 6 6 11 11 11 6 9 0 18 7 16 9 11 0 19 6 11 9 2
split_gain=25.4759 5.46134 1.16925 1.16081 0.136788 0.136226 0.131254 0.122961 0.0677089 0.063798 0.0804321 0.0675356 0.0546258 0.0446537 0.0520346 0.0421003 0.0406713 0.0373855 0.0373427 0.0349585 0.0389392 0.0325541 0.0311054 0.0309791 0.0323756 0.0305236 0.0275465 0.0258367 0.025769 0.0247861
threshold=1.0000000180025095e-35 0.45421979383876848 0.53121608501887896 0.089587559161595678 0.27532017406411402 0.25000000000000011 0.58757867942685726 0.20213956550362086 0.29539170506912449 0.93301270189221952 0.6830127018922193 0.3000000000000001 0.18530465949820793 0.93301270189221952 0.6830127018922193 0.6830127018922193 0.30184331797235031 0.97957695113056176 0.34072235714602689 0.48382352941176471 0.098703409235773101 29.500000000000004 0.74872355944566016 0.6830127018922193 0.37510248215901731 0 0.35529953917050699 -0.5 0.5977388767323123 0.059895833333333336
decision_type=2 2 2 2 2 2 2 2 2 2 2 2 2 2 2 2 2 2 2 2 2 2 2 2 2 1 2 2 2 2
left_child=5 3 8 4 22 -1 19 23 15 10 16 -12 18 14 -10 -3 25 -8 -6 20 -4 -21 -2 24 -5 -9 -11 -22 -18 -30
right_child=1 2 6 7 12 -7 17 9 13 26 11 -13 -14 -15 -16 -17 28 -19 -20 21 27 -23 -24 -25 -26 -27 -28 -29 29 -31
leaf_value=-0.0057871373536597581 -0.0017826478949776034 0.00079514627463253367 0.0026175042773017155 -0.00078980216592825349 -0.0011140474727572723 -0.0037460963926616471 0.003215155854721877 0.00027135500005536774 0.0015265675810716849 -0.00096253993212071145 0.0010816546258988549 0.0030857813289765349 -0.0002281167562609253 0.0008919476874418216 0.0023229125783516985 0.0016721309216968681 0.0017133883110646425 0.0044109749045878766 -0.00048030078760888373 0.0024626307682236773 0.00094901543808827669 0.0033149128668795965 -0.00073592855989180778 0.00095822965809361856 -3.1771155031446141e-05 0.00074959306292795484 0.00016834906308870986 0.0021021314213916517 0.0012098998729819872 9.7079639549299733e-05
leaf_weight=584 215 214 134 70 340 31 402 408 563 28 95 18 116 83 85 64 37 25 111 86 23 76 29 21 184 193 63 73 43 31
leaf_count=584 215 214 134 70 340 31 402 408 563 28 95 18 116 83 85 64 37 25 111 86 23 76 29 21 184 193 63 73 43 31
internal_value=-1.65036e-05 0.000893595 0.00207913 -0.000188905 -0.00106432 -0.00568426 0.00292128 0.000407203 0.00139556 0.000574222 0.000657373 0.00140092 -0.000808734 0.00154711 0.00163103 0.000997047 0.000539365 0.00328518 -0.000958071 0.00252489 0.0022871 0.00286248 -0.00165825 -0.000149123 -0.00024068 0.000441921 -0.000179624 0.00182588 0.00106696 0.000743726
internal_weight=4445 3830 1828 2002 811 615 819 1191 1009 916 825 113 567 731 648 278 712 427 451 392 230 162 244 275 254 601 91 96 111 74
internal_count=4445 3830 1828 2002 811 615 819 1191 1009 916 825 113 567 731 648 278 712 427 451 392 230 162 244 275 254 601 91 96 111 74
cat_boundaries=0 1
cat_threshold=348
is_linear=0
shrinkage=0.03


Tree=24
num_leaves=31
num_cat=0
split_feature=1 0 5 0 1 10 0 1 0 1 1 16 8 5 8 1 8 17 4 1 9 9 10 16 10 11 16 10 12 10
split_gain=23.986 5.13052 1.32395 0.853311 0.150362 0.142552 0.127758 0.0892042 0.0591371 0.0587903 0.0548313 0.0482968 0.0468019 0.0424865 0.0404674 0.0345525 0.0303098 0.0289059 0.027161 0.0267871 0.0246467 0.0239432 0.0233291 0.0421159 0.0228508 0.0224746 0.0219237 0.0217948 0.0214759 0.0211446
threshold=1.0000000180025095e-35 0.46801657124517354 0.093982420554428681 0.54665645269236129 0.023437500000000003 0.25000000000000011 0.43051651313122302 0.15364583333333334 0.27141557038743097 0.033854166666666671 0.065104166666666671 28.500000000000004 0.16640278872593822 0.22413793103448279 0.064981882815564593 0.085937500000000014 0.14643828494983713 0.33660965024253259 0.11197916666666667 0.075520833333333343 0.38548504741064926 0.30233406272793589 -0.5 29.500000000000004 1.0000000180025095e-35 0.6830127018922193 7.5000000000000009 -0.6830127018922193 0.6078576107927941 -0.24999999999999994
decision_type=2 2 2 2 2 2 2 2 2 2 2 2 2 2 2 2 2 2 2 2 2 2 2 2 2 2 2 2 2 2
left_child=5 2 4 10 8 -1 9 15 -2 17 -3 -11 -13 18 24 -5 -10 -4 22 29 -15 -17 23 -12 -6 -16 -27 -25 -7 -8
right_child=1 3 6 7 14 28 19 -9 16 11 13 12 -14 20 25 21 -18 -19 -20 -21 -22 -23 -24 27 -26 26 -28 -29 -30 -31
leaf_value=-0.0056135232170669656 -0.0017400274599496028 0.0012651216074296705 7.2905735351777064e-05 0.0023728901018593451 -0.00013542330534868581 -0.0043756210310787981 0.0010350358359780948 0.0035615421920154535 -0.0011483341270616236 0.00015264303685589715 0.0014762249181448186 0.00061524776741518085 0.0019139619207054971 0.0015727908791819704 -0.00046556511100361042 0.0022435529526087235 -5.9655286022438668e-05 -0.00072174632937237312 0.0022795617246197759 0.001379951236140533 0.0025509349817269193 0.0029772171237860468 0.0013011154382179023 0.0019834548399731474 -0.0014564046071920305 -0.00052605844867131932 0.00099113274525470477 0.0034062763437331563 -0.0028438269677870226 0.00063194865023891492
leaf_weight=584 183 382 234 157 14.999999999999998 15.999999999999998 189 156 290 222 99 231 28 33 279 45 25 50 46 79 78 364 206 21 55 14.999999999999998 20 18 17 308
leaf_count=584 183 382 234 157 15 16 189 156 290 222 99 231 28 33 279 45 25 50 46 79 78 364 206 21 55 15 20 18 17 308
internal_value=-1.59394e-05 0.000868812 -6.44069e-05 0.00216136 -0.000967156 -0.00550512 0.000529348 0.00292634 -0.00131111 0.000275261 0.00153586 0.000477343 0.000755656 0.00174229 -0.000521082 0.00275126 -0.00106193 -6.69998e-05 0.0015949 0.000866806 0.00226015 0.0028965 0.00150334 0.00180519 -0.00117334 -0.00037567 0.000340911 0.00264021 -0.00358663 0.000785237
internal_weight=4445 3828 2223 1605 882 617 1341 722 498 765 883 481 259 501 384 566 315 284 390 576 111 409 344 138 70 314 35 39 33 497
internal_count=4445 3828 2223 1605 882 617 1341 722 498 765 883 481 259 501 384 566 315 284 390 576 111 409 344 138 70 314 35 39 33 497
is_linear=0
shrinkage=0.03


Tree=25
num_leaves=31
num_cat=1
split_feature=1 20 5 6 10 5 20 1 6 1 18 5 6 19 16 9 9 16 4 16 4 5 10 6 8 1 8 17 9 10
split_gain=22.3665 4.81966 1.1849 0.929245 0.164046 0.13409 0.12408 0.112925 0.0934837 0.0557177 0.0554837 0.0511779 0.0465593 0.0407543 0.0403135 0.0415285 0.0363156 0.0344526 0.0448094 0.0338632 0.0338161 0.0323896 0.0323437 0.0383979 0.02745 0.0252331 0.0246955 0.0244108 0.023721 0.0234716
threshold=1.0000000180025095e-35 0.44358963562553105 0.23833671399594322 0.16308596853646914 0.25000000000000011 0.0764029749830967 0.60947546798558971 0.028645833333333336 0.30552995391705079 0.065104166666666671 0.44558823529411767 0.09279918864097364 0.092343140730237527 0 25.500000000000004 0.57330415754923425 0.8231218088986143 5.5000000000000009 0.096354166666666671 27.500000000000004 0.11197916666666667 0.54462474645030434 -0.5 0.41705069124423971 0.1003563309957262 0.028645833333333336 0.13362524250080873 0.33082290868862235 0.27169948942377831 0.93301270189221952
decision_type=2 2 2 2 2 2 2 2 2 2 2 2 2 1 2 2 2 2 2 2 2 2 2 2 2 2 2 2 2 2
left_child=4 3 8 5 -1 12 10 -5 25 -10 -4 -9 -2 -13 15 -12 28 -15 26 -8 27 -21 23 -16 29 -3 -19 -11 -7 -14
right_child=1 2 6 7 -6 16 19 11 9 20 14 13 24 17 22 -17 -18 18 -20 21 -22 -23 -24 -25 -26 -27 -28 -29 -30 -31
leaf_value=-0.0054477246776065309 -0.0018424772505439202 4.4301016701023968e-05 0.00176098203171633 -0.00018629433021064335 -0.0032411118859486826 -0.0012821254872887246 0.0028829442403177294 -0.00015295739351174061 0.001211303948845436 0.0014360993940604268 0.0018410593654763297 0.00025869006510365029 -0.0011941634272058293 8.4059472043286135e-05 0.0027851912350126398 0.0026990008426701329 -0.0016249355145498011 0.00066231749917798296 0.0023429759089304107 0.0034678071612375028 0.0023377508680770638 0.0049339222350058406 0.0027691702694592484 0.0047736861323140712 -0.0020013017235772177 0.00099113572251644292 0.0012602614303851962 0.0020188007482558027 -0.0001870548892444559 -0.00040445782745470533
leaf_weight=580 131 27 73 324 32 20 92 101 346 224 87 282 312 56 18 122 21 257 18 142 69 14.999999999999998 220 17 34 410 82 91 162 38
leaf_count=580 131 27 73 324 32 20 92 101 346 224 87 282 312 56 18 122 21 257 18 142 69 15 220 17 34 410 82 91 162 38
internal_value=-1.06934e-05 0.00084841 0.00188612 -0.000254224 -0.00533235 -0.0010967 0.00278651 0.000285867 0.00127968 0.00148742 0.00252983 0.000478054 -0.0013541 0.000569755 0.00265079 0.00234188 -0.000443703 0.000757545 0.000884409 0.00334007 0.00173621 0.00360791 0.00290396 0.00375114 -0.00118749 0.000932636 0.000806956 0.00160444 -0.000307399 -0.00110843
internal_weight=4403 3791 1953 1838 612 718 786 1120 1167 730 537 796 515 695 464 209 203 413 357 249 384 157 255 35 384 437 339 315 182 350
internal_count=4403 3791 1953 1838 612 718 786 1120 1167 730 537 796 515 695 464 209 203 413 357 249 384 157 255 35 384 437 339 315 182 350
cat_boundaries=0 1
cat_threshold=336
is_linear=0
shrinkage=0.03


Tree=26
num_leaves=31
num_cat=1
split_feature=20 20 5 6 5 20 5 6 20 18 19 6 16 8 16 9 9 16 16 8 20 5 6 6 8 9 8 9 20 9
split_gain=21.0328 4.5485 1.11487 0.881585 0.127762 0.116747 0.0950428 0.0879588 0.0529386 0.0522046 0.0493325 0.0460857 0.0381956 0.0380089 0.0379311 0.0390742 0.0341695 0.031862 0.0314242 0.0380146 0.0357068 0.0304758 0.0282568 0.0266928 0.0346142 0.0264282 0.0258278 0.0240119 0.0223203 0.0223192
threshold=1.0000000180025095e-35 0.44358963562553105 0.23833671399594322 0.16308596853646914 0.0764029749830967 0.60947546798558971 0.093982420554428681 0.30552995391705079 0.49332608432250175 0.44558823529411767 0 0.092343140730237527 18.500000000000004 0.21176080412325526 25.500000000000004 0.57330415754923425 0.8231218088986143 27.500000000000004 29.500000000000004 0.16640278872593822 0.40173184401392875 0.54462474645030434 0.40599078341013833 0.27603686635944708 0.11570527351525862 0.48322392414296145 0.1003563309957262 0.18745441283734501 0.35235007425931514 0.27169948942377831
decision_type=2 2 2 2 2 2 2 2 2 2 1 2 2 2 2 2 2 2 2 2 2 2 2 2 2 2 2 2 2 2
left_child=-1 3 7 4 11 9 23 -3 12 -4 -8 -2 13 -9 15 -11 29 -7 20 -20 -12 -19 -21 24 -5 -26 -13 -10 -27 -6
right_child=1 2 5 6 16 17 10 8 27 14 18 26 -14 -15 -16 -17 -18 21 19 22 -22 -23 -24 -25 25 28 -28 -29 -30 -31
leaf_value=-0.005180723459933965 -0.0017998494263538403 0.00090465686892166953 0.0017081532828360339 -0.00049004171840908199 -0.0012436636401728985 0.0027964568463561598 0.00014109956782957662 0.0011080923519001709 0.00071576803279272967 0.0017858282017325588 -0.00025580867226424227 -0.0010751727416417809 0.0014680017020537702 4.7641652014354888e-05 0.0028168469474728368 0.0026180314716174003 -0.0015761897632731838 0.0033637736913367756 0.00068475330252079072 0.0023974899162286182 0.00058973393684081234 0.0047859143977081464 0.00074051611194615578 -0.0013199273890499134 -0.00019482586723935827 0.0017377493993722753 -0.0019412644223419154 0.0017610198063837512 0.00026513651243400546 -0.00018144327717378833
leaf_weight=610 133 437 73 123 20 92 379 127 21 87 64 350 201 40 255 122 21 142 263 22 151 14.999999999999998 15.999999999999998 20 44 15.999999999999998 34 341 22 162
leaf_count=610 133 437 73 123 20 92 379 127 21 87 64 350 201 40 255 122 21 142 263 22 151 15 16 20 44 16 34 341 22 162
internal_value=-1.03548e-05 0.000821158 0.00182953 -0.000249143 -0.00106815 0.00270292 0.000277361 0.00124129 0.0014428 0.00245394 0.000415925 -0.00131856 0.00118941 0.000854094 0.00257127 0.00227162 -0.000430392 0.00323986 0.000603355 0.000812911 0.000338038 0.00349968 0.00169985 -0.000273817 -0.000171751 0.000305685 -0.00115186 0.00170039 0.000885213 -0.000298177
internal_weight=4403 3793 1953 1840 720 786 1120 1167 730 537 895 517 368 167 464 209 203 249 516 301 215 157 38 225 205 82 384 362 38 182
internal_count=4403 3793 1953 1840 720 786 1120 1167 730 537 895 517 368 167 464 209 203 249 516 301 215 157 38 225 205 82 384 362 38 182
cat_boundaries=0 1
cat_threshold=336
is_linear=0
shrinkage=0.03


Tree=27
num_leaves=31
num_cat=1
split_feature=0 5 6 0 0 10 5 0 0 11 11 6 6 6 19 16 11 10 10 17 9 9 16 5 17 6 2 6 10 10
split_gain=19.7898 4.28074 1.11378 0.747927 0.155942 0.14055 0.117282 0.0879355 0.0554298 0.0434661 0.0694401 0.0433621 0.0429251 0.0411714 0.0383826 0.0369335 0.0475052 0.0488601 0.0365686 0.0444731 0.0321992 0.0316468 0.029979 0.0286751 0.0266414 0.0263681 0.0250679 0.0248491 0.0229048 0.0228306
threshold=1.0000000180025095e-35 0.16125760649087226 0.16308596853646914 0.54665645269236129 0.39691598310638843 0.25000000000000011 0.0764029749830967 0.60947546798558971 0.50213191564481241 0.93301270189221952 0.6830127018922193 0.092343140730237527 0.21787360105332459 0.41705069124423971 0 18.500000000000004 0.6830127018922193 -0.24999999999999994 0.68301270189221941 0.23951153093353761 0.20459518599562362 0.8231218088986143 27.500000000000004 0.54462474645030434 0.33907752531699437 0.29170506912442401 0.16927083333333334 0.31290322580645169 -0.5 0.93301270189221952
decision_type=2 2 2 2 2 2 2 2 2 2 2 2 2 2 1 2 2 2 2 2 2 2 2 2 2 2 2 2 2 2
left_child=5 2 6 8 14 -1 11 20 15 10 12 -2 28 -11 18 -3 24 -18 19 -4 -5 -8 -9 -24 -17 -12 -22 -10 -6 -13
right_child=1 3 4 7 9 -7 21 22 27 13 25 29 -14 -15 -16 16 17 -19 -20 -21 26 -23 23 -25 -26 -27 -28 -29 -30 -31
leaf_value=-0.0051288718192546174 -0.0017458543307336052 0.00089095241730140066 -0.0012249194252988392 0.0012966680569208554 -0.00049544922521132584 -0.0030228444488560099 -0.00029862346760971763 0.0027125640599806795 0.00092949913298867397 -0.00093779496983449758 0.0011227703679362042 -0.0011983709586951372 0.00067151658587282198 0.00054044260119077557 0.00025139411408429035 0.0014168134953686867 0.003207381289961037 0.0015561952696307336 -0.00092889649197572038 8.2674213865651603e-05 0.0025568412344234362 -0.0015289063223653913 0.0032628612031353715 0.0046423465943771173 0.0007618005615853136 0.0022290319493494053 0.0016295824699385346 0.0017602276578078306 0.00035763526117465425 -0.00045720330767547439
leaf_weight=580 133 214 27 21 43 30 181 92 36 30 101 342 650 39 220 167 23 54 61 176 419 21 142 14.999999999999998 84 24 28 325 83 42
leaf_count=580 133 214 27 21 43 30 181 92 36 30 101 342 650 39 220 167 23 54 61 176 419 21 142 15 84 24 28 325 83 42
internal_value=-1.00344e-05 0.000796535 -7.36606e-05 0.00196378 0.000403949 -0.0050253 -0.00103951 0.00268718 0.00138938 0.00062341 0.000678984 -0.00127901 0.00057328 -0.000102274 -3.58801e-05 0.00119755 0.00139759 0.00204944 -0.000274404 -9.12474e-05 0.00244482 -0.000426531 0.00314267 0.00339469 0.00119761 0.00133519 0.00249876 0.00167739 6.65016e-05 -0.00111731
internal_weight=4403 3793 2173 1620 1454 610 719 717 903 970 901 517 776 69 484 542 328 77 264 203 468 202 249 157 251 125 447 361 126 384
internal_count=4403 3793 2173 1620 1454 610 719 717 903 970 901 517 776 69 484 542 328 77 264 203 468 202 249 157 251 125 447 361 126 384
cat_boundaries=0 1
cat_threshold=361
is_linear=0
shrinkage=0.03


Tree=28
num_leaves=31
num_cat=1
split_feature=0 0 5 6 10 5 0 5 6 11 11 19 11 9 6 17 11 11 9 6 9 0 11 7 16 10 5 4 10 6
split_gain=18.6204 4.03183 0.986881 0.779185 0.132243 0.113133 0.103117 0.084771 0.0789077 0.0561803 0.0556394 0.0453017 0.0433659 0.0408686 0.0407994 0.0398233 0.0359061 0.0713965 0.0357993 0.0331936 0.0302556 0.0294406 0.0286947 0.0361353 0.0326112 0.0505704 0.0285792 0.0285652 0.0264564 0.0245348
threshold=1.0000000180025095e-35 0.44358963562553105 0.23833671399594322 0.16308596853646914 0.25000000000000011 0.0764029749830967 0.60947546798558971 0.093982420554428681 0.30552995391705079 0.93301270189221952 0.6830127018922193 0 0.6830127018922193 0.30233406272793589 0.099850610219273842 0.33439707258956691 0.93301270189221952 0.6830127018922193 0.41320204230488705 0.43732718894009226 0.8231218088986143 0.50213191564481241 0.25000000000000017 0.099590664592236089 29.500000000000004 0.25000000000000011 0.60243407707910757 0.065104166666666671 1.0000000180025095e-35 0.27603686635944708
decision_type=2 2 2 2 2 2 2 2 2 2 2 1 2 2 2 2 2 2 2 2 2 2 2 2 2 2 2 2 2 2
left_child=4 3 8 5 -1 14 13 29 10 12 -3 -9 21 -4 -2 27 17 -13 -19 -18 -7 -10 23 -15 -24 -26 28 -14 -8 -5
right_child=1 2 6 7 -6 20 26 11 9 -11 -12 16 15 22 -16 -17 19 18 -20 -21 -22 -23 24 -25 25 -27 -28 -29 -30 -31
leaf_value=-0.0049750058232969968 -0.0016298938617027958 0.00066414846713032448 0.0016446148891080738 -0.00016272914686643291 -0.0029321620686275315 -0.00028044804372414581 0.0022036592038068132 0.00012798040670184652 0.0011911390447047561 0.00060926264535188528 0.0014671644513040295 0.00052044926633152929 0.0011856647722489639 0.0025466161287368283 -0.0010581674516716795 0.0033028788178803121 -0.0014008206756321495 0.0011135190528687121 0.002723130932784847 0.00039812340413724164 -0.0014830413133223126 0.0016362255384462063 0.001630604159525745 0.0018723962495438052 0.0041313312131635079 0.0026341638203127172 0.0042750524693031273 0.0024906816029640925 0.003098555497956226 -0.0012635150690516505
leaf_weight=580 165 336 72 205 30 182 35 379 354 80 101 422 36 151 352 19 14.999999999999998 36 19 24 21 215 22 136 24 132 15.999999999999998 26 198 20
leaf_count=580 165 336 72 205 30 182 35 379 354 80 101 422 36 151 352 19 15 36 19 24 21 215 22 136 24 132 16 26 198 20
internal_value=-9.71616e-06 0.000772659 0.00172204 -0.000235023 -0.00487454 -0.00100499 0.00254376 0.00025996 0.00116858 0.00135945 0.000849745 0.000390822 0.00145178 0.00230977 -0.00124064 0.00210125 0.000570344 0.000652955 0.00166961 -0.000293796 -0.000404861 0.00135932 0.00241275 0.00222713 0.00271203 0.00286452 0.00304839 0.00173296 0.00296414 -0.000260582
internal_weight=4403 3793 1953 1840 610 720 786 1120 1167 730 437 895 650 537 517 81 516 477 55 39 203 569 465 287 178 156 249 62 233 225
internal_count=4403 3793 1953 1840 610 720 786 1120 1167 730 437 895 650 537 517 81 516 477 55 39 203 569 465 287 178 156 249 62 233 225
cat_boundaries=0 1
cat_threshold=336
is_linear=0
shrinkage=0.03


Tree=29
num_leaves=31
num_cat=1
split_feature=1 0 6 0 1 10 0 0 1 0 0 16 11 19 9 9 16 11 6 7 11 18 6 11 11 18 18 7 16 11
split_gain=17.5318 3.78184 0.934067 0.707373 0.146754 0.135407 0.0987506 0.0788281 0.0590333 0.0584067 0.048328 0.0378224 0.0642281 0.0332894 0.0323009 0.031442 0.0307496 0.032318 0.0328592 0.0306238 0.0290862 0.0286029 0.0337393 0.0300655 0.0285277 0.0314066 0.0276608 0.0358777 0.0276475 0.026834
threshold=1.0000000180025095e-35 0.46191480048608763 0.16308596853646914 0.55485698752022106 0.028645833333333336 0.25000000000000011 0.30960096628317918 0.50213191564481241 0.054687500000000007 0.60947546798558971 0.37409980390052772 29.500000000000004 0.6830127018922193 0 0.41320204230488705 0.20459518599562362 9.5000000000000018 0.93301270189221952 0.2824884792626729 0.017764635875994323 0.6830127018922193 0.44264705882352945 0.32119815668202772 0.93301270189221952 0.6830127018922193 0.48382352941176471 0.48382352941176471 0.059770957393518474 27.500000000000004 1.0000000180025095e-35
decision_type=2 2 2 2 2 2 2 2 2 2 2 2 2 1 2 2 2 2 2 2 2 2 2 2 2 2 2 2 2 2
left_child=5 2 6 7 -4 -1 13 16 10 15 -6 -10 -13 19 -14 -5 17 18 -3 -2 26 -9 -23 24 -24 -26 27 -8 -11 -18
right_child=1 3 4 9 8 -7 20 21 11 28 -12 12 14 -15 -16 -17 29 -19 -20 -21 -22 22 23 -25 25 -27 -28 -29 -30 -31
leaf_value=-0.0048257559010952593 -0.0021903428024706234 -0.00027428854017531054 -0.00017278499926209185 0.0011080208602449303 -0.00018939441173675966 -0.0028209949625226274 -0.00064147840366997853 0.00090231329588530017 0.00052183932517573905 0.0025439012985674463 0.00048411092501517004 0.00088054163159430234 0.0013613248627259652 -0.00073247131162343198 0.003239468248859797 0.0024269924533229341 0.0010313701234819135 -0.0006020502753018445 0.0010824765755881444 -0.00138150226413467 0.000600327428403704 0.00096355558838204876 0.0018014851106761644 0.00095949008638560019 0.0017758851608814443 0.0034594070153045431 -0.00015799285809424692 -0.0018094858034717741 0.0031989588018509207 0.0014985453413896837
leaf_weight=580 52 19 349 17 116 32 153 43 182 92 553 167 15.999999999999998 162 17 378 269 14.999999999999998 104 222 19 47 271 33 19 21 82 28 157 188
leaf_count=580 52 19 349 17 116 32 153 43 182 92 553 167 16 162 17 378 269 15 104 222 19 47 271 33 19 21 82 28 157 188
internal_value=-9.41577e-06 0.00075119 -9.09436e-05 0.00181732 0.000360232 -0.00472094 -0.000970672 0.0013293 0.000537228 0.00259708 0.00036733 0.000834771 0.00111953 -0.00125362 0.00232892 0.00237023 0.00110505 0.000712571 0.000872894 -0.00148096 -0.0005332 0.00163675 0.00171752 0.00182053 0.00191189 0.0026598 -0.000615092 -0.000822174 0.00295694 0.00122356
internal_weight=4403 3791 2118 1673 1400 612 718 1029 1051 644 669 382 200 436 33 395 595 138 123 274 282 434 391 344 311 40 263 181 249 457
internal_count=4403 3791 2118 1673 1400 612 718 1029 1051 644 669 382 200 436 33 395 595 138 123 274 282 434 391 344 311 40 263 181 249 457
cat_boundaries=0 1
cat_threshold=529
is_linear=0
shrinkage=0.03


Tree=30
num_leaves=31
num_cat=0
split_feature=5 5 5 20 10 1 1 20 4 5 8 10 16 10 4 8 18 10 11 8 11 8 16 5 20 5 17 20 12 1
split_gain=16.5137 3.53026 0.926768 0.638783 0.21053 0.12155 0.0776736 0.0761079 0.0510901 0.0392371 0.0350787 0.0332704 0.0793825 0.0503675 0.0343094 0.0331892 0.031749 0.0310581 0.0302797 0.0446774 0.0388737 0.0275357 0.0272715 0.0299041 0.0267942 0.0263748 0.0251665 0.0235191 0.0234819 0.0216014
threshold=0.03059499661933739 0.16125760649087226 0.093982420554428681 0.54665645269236129 0.25000000000000011 0.023437500000000003 0.033854166666666671 0.61229581972090841 0.10156250000000001 0.072008113590263698 0.063344880755790409 -0.5 28.500000000000004 -0.6830127018922193 0.044270833333333336 0.130061071632813 0.47794117647058826 -0.93301270189221908 0.93301270189221952 0.19374835634870594 0.6830127018922193 0.19814297748565238 28.500000000000004 0.45638945233265721 0.56764902299890541 0.12677484787018259 0.26946642838907336 0.44245385302474427 -1.0000000180025095e-35 0.065104166666666671
decision_type=2 2 2 2 2 2 2 2 2 2 2 2 2 2 2 2 2 2 2 2 2 2 2 2 2 2 2 2 2 2
left_child=4 2 5 8 -1 10 27 21 11 26 -2 12 -3 -14 15 -13 -16 -8 19 20 25 24 -9 -24 -5 -19 -7 -4 -15 -10
right_child=1 3 6 7 -6 9 17 22 29 -11 -12 14 13 28 16 -17 -18 18 -20 -21 -22 -23 23 -25 -26 -27 -28 -29 -30 -31
leaf_value=-0.0046774003405930025 -0.001487200818286336 0.0011157825172504738 -9.1076482224979102e-06 0.002063174629164978 -0.0026292130093342582 0.00030764461209356928 -2.2496386659725437e-05 0.002518593187822612 0.0012509217666958864 -0.00017167856382572423 -0.00094844272213120105 0.0012214240234584214 0.0015047899428780045 0.0022605278428814196 0.00088961796749401751 0.00034910415440474434 0.0015029193754239336 0.00031836314929043375 2.055770468730009e-05 0.0018104419939193274 0.0011426123879118935 0.0020534996772754101 0.0030019728065127154 0.0041935481816176498 0.0027353419947486472 0.00071002389827801821 -0.00091284509479530379 0.00070900648465903077 0.0037955794114638893 0.0019804052393471668
leaf_weight=578 170 199 324 82 49 17 68 84 54 227 302 62 38 17 149 107 155 254 65 31 121 262 108 23 153 396 144 47 19 113
leaf_count=578 170 199 324 82 49 17 68 84 54 227 302 62 38 17 149 107 155 254 65 31 121 262 108 23 153 396 144 47 19 113
internal_value=-7.37258e-06 0.00073854 -5.44094e-05 0.00179548 -0.00451734 -0.000819124 0.000449155 0.00246902 0.00127021 -0.00042575 -0.00114249 0.00116403 0.00142775 0.00226665 0.00101182 0.000669132 0.00120232 0.000594891 0.000643314 0.000693787 0.000648886 0.00226501 0.00294062 0.00321121 0.00250081 0.000556976 -0.000783972 8.1868e-05 0.00307078 0.00174453
internal_weight=4418 3791 2166 1625 627 860 1306 712 913 388 472 746 273 74 473 169 304 935 867 802 771 497 215 131 235 650 161 371 36 167
internal_count=4418 3791 2166 1625 627 860 1306 712 913 388 472 746 273 74 473 169 304 935 867 802 771 497 215 131 235 650 161 371 36 167
is_linear=0
shrinkage=0.03


Tree=31
num_leaves=31
num_cat=2
split_feature=0 0 6 0 10 1 19 0 0 1 1 6 19 7 11 6 11 4 8 6 6 16 7 6 7 8 12 11 8 6
split_gain=15.5239 3.30965 0.82229 0.699527 0.189766 0.107913 0.0968058 0.0716101 0.0646463 0.0597246 0.0482388 0.042903 0.0349456 0.0328829 0.0341841 0.030336 0.0275774 0.0259354 0.0259084 0.0304019 0.0261824 0.0256598 0.0249911 0.0248785 0.0240893 0.0226578 0.0217973 0.021715 0.021612 0.0320482
threshold=0.08076589754599578 0.45871292428797134 0.1654377880184332 0.54665645269236129 0.25000000000000011 0.049479166666666671 0 0.61229581972090841 0.37668253684308667 0.059895833333333336 0.033854166666666671 0.31935483870967746 1 0.090933578475972623 0.6830127018922193 0.088076669873904903 0.93301270189221952 0.11197916666666667 0.19814297748565238 0.51290322580645176 0.45944700460829507 28.500000000000004 0.22769620777782279 0.29631336405529957 0.032490094780800609 0.09742181278566435 1.0000000180025095e-35 0.6830127018922193 0.17890958504461263 0.27603686635944708
decision_type=2 2 2 2 2 2 1 2 2 2 2 2 1 2 2 2 2 2 2 2 2 2 2 2 2 2 2 2 2 2
left_child=4 2 6 9 -1 8 24 18 28 -3 15 27 -10 16 -15 -8 23 -13 19 -5 -20 -9 -23 -7 -2 -17 -6 -11 29 -4
right_child=1 3 5 7 26 13 10 21 12 11 -12 17 -14 14 -16 25 -18 -19 20 -21 -22 22 -24 -25 -26 -27 -28 -29 -30 -31
leaf_value=-0.0045370785839626308 -0.0007676927037903031 0.00088602282149984881 -0.00027541310530378903 0.0020557141207005101 -0.0033748373914894727 0.00058128149753678706 -0.0017938615328146679 0.0024430362889627326 5.6992603602670205e-05 0.00083172179334120035 -0.00050487440294058399 0.0014126659948772156 0.0005156015243268973 0.00083408325424966776 0.0024777677682185496 -0.0010531473442287654 -0.00021573356614778852 0.001994955914599751 0.002601934203082273 0.002740471603752338 0.0018444330267013626 0.0029602590943362769 0.0042259341500325608 0.0012282285252828002 9.9650955303903253e-05 -0.0018046703230937841 -0.0020456121488018329 0.0014750391360092577 0.00052735017482836597 -0.0015998520586708142
leaf_weight=578 41 398 190 108 18 326 72 84 302 160 101 330 309 31 18 371 33 87 51 127 211 115 15.999999999999998 64 97 40 29 67 26 18
leaf_count=578 41 398 190 108 18 326 72 84 302 160 101 330 309 31 18 371 33 87 51 127 211 115 16 64 97 40 29 67 26 18
internal_value=-7.15122e-06 0.000714716 -0.0001072 0.00167018 -0.00438801 0.000338868 -0.000920871 0.00239495 0.000135909 0.00117494 -0.00108259 0.00135349 0.000298296 0.000702216 0.00143792 -0.00122581 0.000616989 0.00153416 0.00219706 0.00242578 0.00199189 0.0028524 0.00311488 0.00068745 -0.000147363 -0.00112629 -0.00255474 0.00102161 -0.000288102 -0.000390035
internal_weight=4418 3793 2039 1754 625 1317 722 712 845 1042 584 644 611 472 49 483 423 417 497 235 262 215 131 390 138 411 47 227 234 208
internal_count=4418 3793 2039 1754 625 1317 722 712 845 1042 584 644 611 472 49 483 423 417 497 235 262 215 131 390 138 411 47 227 234 208
cat_boundaries=0 1 2
cat_threshold=234 340
is_linear=0
shrinkage=0.03


Tree=32
num_leaves=31
num_cat=0
split_feature=5 5 5 0 0 1 1 1 1 4 5 4 8 16 1 5 11 11 17 17 0 7 8 0 11 11 7 17 7 0
split_gain=14.6226 3.05774 0.778033 0.5657 0.242513 0.0985759 0.0695251 0.056707 0.0561929 0.037743 0.0345487 0.0265378 0.0264812 0.0258564 0.0250552 0.0238056 0.0229622 0.0347775 0.0242966 0.0228502 0.0213661 0.0211556 0.0203545 0.0248712 0.018248 0.0290663 0.0311399 0.0204399 0.0180292 0.0168414
threshold=0.034989858012170395 0.16125760649087226 0.093982420554428681 0.55313495128410028 1.0000000180025095e-35 0.023437500000000003 0.033854166666666671 0.15364583333333334 0.085937500000000014 0.11197916666666667 0.072008113590263698 0.028645833333333336 0.14643828494983713 28.500000000000004 0.080729166666666671 0.43306288032454365 0.93301270189221952 0.6830127018922193 0.26397753382690842 0.26946642838907336 0.44245385302474427 0.080750032991943985 0.19814297748565238 0.61433241398902261 0.93301270189221952 0.6830127018922193 0.089132082478676544 0.31244149434090723 0.14507291196543173 0.4145153769509492
decision_type=2 2 2 2 2 2 2 2 2 2 2 2 2 2 2 2 2 2 2 2 2 2 2 2 2 2 2 2 2 2
left_child=4 2 5 8 -1 12 20 22 11 28 19 -3 -2 -9 16 -15 17 18 -8 -7 21 -4 -5 -24 25 27 -27 -13 -10 -20
right_child=1 3 6 7 -6 10 14 13 9 -11 -12 24 -14 15 -16 -17 -18 -19 29 -21 -22 -23 23 -25 -26 26 -28 -29 -30 -31
leaf_value=-0.0043166817013056986 -0.0011037600524042772 0.00056700972817419384 9.0874042066882012e-05 0.0024327880228119897 -0.0018152592502388805 0.00030510243980267574 0.0010447297040395529 0.0023384797961388737 0.0013270585934560407 0.0022138649748292081 -0.00015763476877609354 0.0013314498219312639 -0.00011768108183305073 0.0028703262981102512 0.0010517189262054295 0.0038956557810125611 -6.4676642794990509e-05 0.0010461114926836347 0.00019314448690480645 -0.00085872998149234782 0.00067300078054680676 -0.00058573632330789229 0.0018640488233085941 0.0024913405002452149 0.00067456831792418043 0.0014494656102776438 0.0029704408054843194 0.0009269431228745023 0.0024023501501212472 0.0005263339070911081
leaf_weight=610 428 80 275 218 37 17 61 54 218 65 227 210 26 75 85 28 58 111 203 142 47 49 197 80 65 63 14.999999999999998 242 14.999999999999998 417
leaf_count=610 428 80 275 218 37 17 61 54 218 65 227 210 26 75 85 28 58 111 203 142 47 49 197 80 65 63 15 242 15 417
internal_value=-6.89772e-06 0.000708001 -3.53687e-05 0.00168971 -0.00417364 -0.000747626 0.000422745 0.00237349 0.0012315 0.00157463 -0.000395172 0.00108002 -0.00104729 0.0028703 0.000560625 0.00314909 0.000511515 0.00055371 0.00047345 -0.000734294 7.52572e-05 -1.14543e-05 0.00221591 0.00204522 0.00114899 0.00120718 0.001742 0.00111488 0.00139629 0.000417242
internal_weight=4418 3771 2146 1625 647 840 1306 652 973 298 386 675 454 157 935 103 850 792 681 159 371 324 495 277 595 530 78 452 233 620
internal_count=4418 3771 2146 1625 647 840 1306 652 973 298 386 675 454 157 935 103 850 792 681 159 371 324 495 277 595 530 78 452 233 620
is_linear=0
shrinkage=0.03


Tree=33
num_leaves=31
num_cat=2
split_feature=5 5 6 20 10 20 19 20 4 9 20 19 11 11 8 10 10 4 8 18 11 6 9 7 9 8 6 6 6 10
split_gain=13.7584 2.87703 0.751453 0.532971 0.287705 0.101981 0.0833535 0.0637026 0.0438284 0.0404662 0.0382785 0.0336241 0.0340035 0.0335538 0.0338587 0.0302067 0.0506356 0.0310263 0.0309063 0.0292475 0.0286265 0.0285409 0.0270296 0.0231144 0.0230661 0.0230569 0.0279392 0.0242729 0.0226911 0.0221122
threshold=0.034989858012170395 0.16125760649087226 0.1654377880184332 0.54665645269236129 0.25000000000000011 0.37668253684308667 0 0.61229581972090841 0.10156250000000001 0.12946754194018967 0.34072235714602689 1 0.25000000000000017 0.93301270189221952 0.16640278872593822 -0.5 -0.6830127018922193 0.044270833333333336 0.130061071632813 0.47794117647058826 -0.5 0.33041474654377889 0.50474106491611981 0.038098013149506803 0.57330415754923425 0.19814297748565238 0.51290322580645176 0.45944700460829507 0.27050691244239639 1.0000000180025095e-35
decision_type=2 2 2 2 2 2 1 2 2 2 2 1 2 2 2 2 2 2 2 2 2 2 2 2 2 2 2 2 2 2
left_child=4 2 6 8 -1 -4 -2 25 15 -7 29 20 21 14 -14 16 -3 18 -17 -19 -11 24 -22 -12 28 26 -5 -27 -13 -8
right_child=1 3 5 7 -6 9 10 -9 -10 11 23 12 13 -15 -16 17 -18 19 -20 -21 22 -23 -24 -25 -26 27 -28 -29 -30 -31
leaf_value=-0.0042652279984738521 -0.00012154679489559778 0.0010745291729078114 -0.00016012712614302572 0.001928609872408606 -0.0022023940080867538 -0.00020469992283790993 -0.00084013616615191624 0.0026857045478001244 0.0015985419845736299 -0.00036617022890523426 0.00016386905333747631 -0.00027249843718363942 0.00095875055576088726 0.00013778548645583533 0.0023204196352298694 0.0011229217704511131 0.0020146780842156494 0.00079686891715381627 0.00028113814755897904 0.0013855118146948329 -1.0597891969199665e-05 0.0011195987560784677 0.00066254708419076144 -0.00078844724072076305 0.00052216857022656252 0.0024614279761369044 0.0025850449348406566 0.0017320754142261185 0.00083393516169933464 -0.0012852683429505369
leaf_weight=579 136 204 278 108 68 73 151 215 167 59 32 69 189 41 18 62 69 149 107 155 93 60 127 81 417 51 127 211 22 300
leaf_count=579 136 204 278 108 68 73 151 215 167 59 32 69 189 41 18 62 69 149 107 155 93 60 127 81 417 51 127 211 22 300
internal_value=-6.6906e-06 0.000686761 -3.43076e-05 0.00163902 -0.00404843 0.000356283 -0.000841156 0.00225425 0.00115922 0.000479196 -0.000994884 0.000524789 0.000621174 0.000921867 0.00107717 0.00106088 0.00131216 0.000915842 0.000589963 0.001097 0.000212989 0.000500821 0.000377992 -0.000518766 0.000427735 0.0020676 0.00228337 0.00187406 -5.00277e-06 -0.00113624
internal_weight=4418 3771 2146 1625 647 1446 700 712 913 1168 564 1095 816 248 207 746 273 473 169 304 279 568 220 113 508 497 235 262 91 451
internal_count=4418 3771 2146 1625 647 1446 700 712 913 1168 564 1095 816 248 207 746 273 473 169 304 279 568 220 113 508 497 235 262 91 451
cat_boundaries=0 1 2
cat_threshold=234 272
is_linear=0
shrinkage=0.03


Tree=34
num_leaves=31
num_cat=2
split_feature=5 5 6 0 0 1 19 0 1 1 1 6 11 11 8 11 11 6 7 19 16 7 9 5 6 4 8 4 7 8
split_gain=12.9478 2.76775 0.749243 0.501607 0.0977083 0.0970932 0.0774704 0.0620257 0.0520747 0.0520641 0.0405626 0.0316364 0.0344637 0.0343887 0.041296 0.0295075 0.0354715 0.0262727 0.025661 0.0252663 0.024156 0.0234795 0.0223498 0.0221383 0.0220575 0.0212875 0.0212845 0.0212386 0.0222474 0.0207097
threshold=0.03059499661933739 0.16125760649087226 0.1654377880184332 0.55313495128410028 1.0000000180025095e-35 0.049479166666666671 0 0.37668253684308667 0.15364583333333334 0.091145833333333343 0.033854166666666671 0.31290322580645169 0.93301270189221952 0.6830127018922193 0.16120277903739247 0.93301270189221952 0.6830127018922193 0.21214614878209354 0.032490094780800609 1 28.500000000000004 0.074370269331996156 0.4584245076586434 0.44117647058823534 0.088076669873904903 0.11197916666666667 0.09742181278566435 0.096354166666666671 0.076340200555275337 0.11570527351525862
decision_type=2 2 2 2 2 2 1 2 2 2 2 2 2 2 2 2 2 2 2 1 2 2 2 2 2 2 2 2 2 2
left_child=4 2 6 9 -1 7 18 -4 -5 11 24 13 27 14 -3 16 17 -7 -2 -9 -10 -15 -18 -22 -8 -11 -26 28 -13 -24
right_child=1 3 5 8 -6 15 10 19 20 25 -12 12 -14 21 -16 -17 22 -19 -20 -21 23 -23 29 -25 26 -27 -28 -29 -30 -31
leaf_value=-0.0040624713408792977 -0.00077756064346628736 0.00064130848071623455 -0.00026583781102430495 0.0020827261762327519 -0.0017564761834799221 8.0020237134298874e-05 -0.0016130261909161382 0.00050505145913111395 0.0021957831544489538 0.0013943501779588865 -0.00045523532273606727 0.0013470447606287637 0.00053984501527427583 0.0009343509355463211 -0.0010191303204314843 -0.00014463226926153709 0.00089928115954586029 0.00071609278145426695 0.00011010782970901012 0.00012477235369435442 0.0027236207319944533 0.0021879946844160481 0.0011474401099586043 0.0037362954000212454 -0.00096245704182029918 0.0020814092295003881 -0.0016908472604485801 0.001613540087807512 0.00085731442447892605 0.0026739235744127053
leaf_weight=610 42 133 234 495 17 70 69 294 54 185 101 195 70 46 14.999999999999998 38 51 354 97 373 77 19 15.999999999999998 26 371 52 40 112 146 15.999999999999998
leaf_count=610 42 133 234 495 17 70 69 294 54 185 101 195 70 46 15 38 51 354 97 373 77 19 16 26 371 52 40 112 146 16
internal_value=-6.49805e-06 0.000653987 -4.81232e-05 0.00158985 -0.00399995 0.000345595 -0.00083884 0.000154404 0.00223373 0.00115838 -0.000984749 0.00103385 0.00115937 0.000725639 0.000473015 0.000661674 0.000722107 0.000611081 -0.000147501 0.000301835 0.00270981 0.00130083 0.00128926 0.00297928 -0.00111668 0.00154511 -0.00103335 0.0012551 0.00113737 0.00191074
internal_weight=4418 3791 2166 1625 627 1446 720 901 652 973 581 736 523 213 148 545 507 424 139 667 157 65 83 103 480 237 411 453 341 32
internal_count=4418 3791 2166 1625 627 1446 720 901 652 973 581 736 523 213 148 545 507 424 139 667 157 65 83 103 480 237 411 453 341 32
cat_boundaries=0 1 2
cat_threshold=234 555
is_linear=0
shrinkage=0.03


Tree=35
num_leaves=31
num_cat=0
split_feature=5 0 5 0 10 1 1 1 6 1 4 11 11 7 6 6 7 6 6 0 17 5 6 17 7 12 11 7 6 10
split_gain=12.3619 2.49548 0.673921 0.37768 0.247938 0.103754 0.0907325 0.0525768 0.0436856 0.038856 0.036335 0.0346645 0.055247 0.0530787 0.0323408 0.0287443 0.0276633 0.0254887 0.0236856 0.0224741 0.0211592 0.0211482 0.0208992 0.0196847 0.0193794 0.0202374 0.0187254 0.0181374 0.0224566 0.0171638
threshold=0.034989858012170395 0.47151883933976957 0.093982420554428681 0.55485698752022106 0.25000000000000011 0.023437500000000003 0.033854166666666671 0.11197916666666667 0.21787360105332459 0.22656250000000003 0.10156250000000001 0.93301270189221952 0.6830127018922193 0.088419907194990141 0.15371047195296364 0.53963133640553018 0.11146912280415879 0.34608294930875583 0.19917368504687752 0.50628773408195216 0.24210705471874738 0.064401622718052748 0.46682027649769592 0.30352809298695055 1.0000000180025095e-35 0.6078576107927941 0.93301270189221952 0.095129496739318989 0.28433179723502316 -0.93301270189221908
decision_type=2 2 2 2 2 2 2 2 2 2 2 2 2 2 2 2 2 2 2 2 2 2 2 2 2 2 2 2 2 2
left_child=4 2 5 7 -1 18 14 10 -8 15 16 12 17 -14 -4 22 19 29 -2 -3 -17 -7 -5 -18 25 -6 -21 -16 -29 -10
right_child=1 3 6 9 24 21 8 -9 11 -11 -12 -13 13 -15 27 20 23 -19 -20 26 -22 -23 -24 -25 -26 -27 -28 28 -30 -31
leaf_value=-0.0040132785565738394 -0.0010308686413024754 0.00094420977433783138 -0.00094344749833730863 0.0021096708427495005 -0.0032999249533523247 -0.0006474928626619402 0.00019347375741338328 0.0018953169858070265 1.5323699844378476e-05 0.0032345530292661371 0.0015359349284645013 6.2538662684839434e-05 0.001076913820821468 0.002909697959068403 0.00018138027395568521 0.0016347508550098966 0.0010213624684289166 0.0011672397317155777 -0.00031902263967102814 0.0014569300667860016 0.0023176964784771669 -0.00015285657403415784 0.0015261437905306923 -9.4644246580983575e-05 -0.0015707471467057957 -0.0018959684324106269 0.00052446587558863762 0.00013913488937909941 -0.0014136092578133626 0.00061377886744587212
leaf_weight=583 401 388 28 110 18 107 216 85 47 28 146 76 87 17 334 46 25 71 47 163 364 285 111 33 32 19 22 19 14.999999999999998 524
leaf_count=583 401 388 28 110 18 107 216 85 47 28 146 76 87 17 334 46 25 71 47 163 364 285 111 33 32 19 22 19 15 524
internal_value=4.02187e-06 0.000659637 3.04756e-05 0.00160028 -0.00381202 -0.000644309 0.000425747 0.00118693 0.00057314 0.00214094 0.00110944 0.000672906 0.000735088 0.00137653 3.93986e-05 0.00209241 0.00101075 0.000631177 -0.000956189 0.00107395 0.00224108 -0.000287873 0.0018166 0.000386402 -0.00211146 -0.00257905 0.00134605 0.000114183 -0.000545921 0.000564519
internal_weight=4447 3795 2274 1521 652 840 1434 862 1038 659 777 822 746 104 396 631 631 642 448 573 410 392 221 58 69 37 185 368 34 571
internal_count=4447 3795 2274 1521 652 840 1434 862 1038 659 777 822 746 104 396 631 631 642 448 573 410 392 221 58 69 37 185 368 34 571
is_linear=0
shrinkage=0.03


Tree=36
num_leaves=31
num_cat=0
split_feature=1 0 0 0 0 10 1 1 1 18 7 11 6 16 7 11 1 9 10 6 10 12 0 17 9 16 16 11 11 16
split_gain=11.6242 2.45466 0.671077 0.385361 0.0891125 0.0801592 0.0598902 0.0592569 0.0553279 0.0378499 0.0376756 0.0373453 0.0333455 0.0308191 0.031105 0.0477573 0.0300402 0.0293386 0.0282303 0.0277832 0.0268055 0.0242212 0.022441 0.0238845 0.0216754 0.0204673 0.0198559 0.0195887 0.0207273 0.0194953
threshold=1.0000000180025095e-35 0.43051651313122302 0.52080508158020811 0.34766968031203666 0.58757867942685726 0.25000000000000011 0.059895833333333336 0.013020833333333334 0.039062500000000007 0.44264705882352945 0.036925484664404866 -0.5 0.30368663594470052 29.500000000000004 0.068441601191932266 0.25000000000000017 0.22656250000000003 0.80598103574033564 1.0000000180025095e-35 0.27603686635944708 -0.5 1.0000000180025095e-35 0.39789993807232954 0.21453493319717479 0.18745441283734501 6.5000000000000009 17.500000000000004 0.93301270189221952 0.6830127018922193 5.5000000000000009
decision_type=2 2 2 2 2 2 2 2 2 2 2 2 2 2 2 2 2 2 2 2 2 2 2 2 2 2 2 2 2 2
left_child=5 3 6 7 9 -1 19 -2 22 11 -9 -4 -8 -10 -15 -16 18 27 -6 25 26 -7 23 -5 -14 -3 -21 28 -11 -25
right_child=1 2 4 8 16 21 12 10 13 17 -12 -13 24 14 15 -17 -18 -19 -20 20 -22 -23 -24 29 -26 -27 -28 -29 -30 -31
leaf_value=-0.0038989121269328774 -0.0012540809631041933 -0.00039172214261495934 -0.00017648376105375291 0.000865347414731569 0.0015405388932357956 -0.0032627175246383935 0.00077103390164628049 -0.00083022940877341001 0.00011881444510427041 0.0016029939829204796 -0.00028599387425545033 0.0014324658354749084 0.00059761321197676067 0.0004405366500319471 0.00061109951896040171 0.0026961635696646389 0.0032113615461695326 0.0027045617882625254 0.0022612831620771275 0.00080212963388126904 0.00060516911042681073 -0.0017038247377522634 0.00018363136590807556 -0.00094619026309383217 0.0013061118553963278 0.0004740167596757455 0.0015246889572148486 0.00092717733162810752 0.0021447095581085839 -0.00020484643185274644
leaf_weight=582 186 28 19 17 57 17 240 303 236 283 184 41 44 199 29 14.999999999999998 26 26 345 78 266 19 182 36 333 201 61 30 82 282
leaf_count=582 186 28 19 17 57 17 240 303 236 283 184 41 44 199 29 15 26 26 345 78 266 19 182 36 333 201 61 30 82 282
internal_value=3.9013e-06 0.0006201 0.00128779 -0.000244018 0.00190813 -0.00381393 0.000837042 -0.000798578 0.0001307 0.00162793 -0.000624605 0.000922971 0.00104746 0.000362996 0.000600141 0.00132196 0.00222302 0.00172839 0.00215909 0.000632269 0.000781603 -0.00244004 -8.45218e-05 -0.000230205 0.00122342 0.000368161 0.00111923 0.00166413 0.0017247 -0.000288775
internal_weight=4447 3829 2160 1669 909 618 1251 673 996 481 487 60 617 479 243 44 428 421 402 634 405 36 517 335 377 229 139 395 365 318
internal_count=4447 3829 2160 1669 909 618 1251 673 996 481 487 60 617 479 243 44 428 421 402 634 405 36 517 335 377 229 139 395 365 318
is_linear=0
shrinkage=0.03


Tree=37
num_leaves=31
num_cat=0
split_feature=5 20 5 20 10 1 1 1 9 1 4 6 6 11 11 7 8 7 16 6 6 8 20 5 13 11 10 16 7 16
split_gain=10.948 2.21125 0.597452 0.335209 0.217837 0.093144 0.0809602 0.0477605 0.0397763 0.0355034 0.0333021 0.0325141 0.0299172 0.0288771 0.0461756 0.0481914 0.0274989 0.0257753 0.0258732 0.0218465 0.0203571 0.0200788 0.0283368 0.0187542 0.0183057 0.0181961 0.0408267 0.0315306 0.0207353 0.0178773
threshold=0.034989858012170395 0.47151883933976957 0.093982420554428681 0.55485698752022106 0.25000000000000011 0.023437500000000003 0.033854166666666671 0.11197916666666667 0.12946754194018967 0.14322916666666669 0.10156250000000001 0.21787360105332459 0.15371047195296364 0.93301270189221952 0.6830127018922193 0.088419907194990141 0.20477481889322038 0.11146912280415879 29.500000000000004 0.19917368504687752 0.34608294930875583 0.22299969864982574 0.51352851336407135 0.064401622718052748 1.0000000180025095e-35 -0.5 0.25000000000000011 27.500000000000004 0.18502856309113072 28.500000000000004
decision_type=2 2 2 2 2 2 2 2 2 2 2 2 2 2 2 2 2 2 2 2 2 2 2 2 2 2 2 2 2 2
left_child=4 2 5 7 -1 19 12 10 -8 16 17 -10 -4 14 20 -16 -5 21 -19 -2 -13 22 -3 -7 -6 26 -18 28 -27 -11
right_child=1 3 6 9 24 23 8 -9 11 29 -12 13 -14 -15 15 -17 25 18 -20 -21 -22 -23 -24 -25 -26 27 -28 -29 -30 -31
leaf_value=-0.0037760493980037437 -0.00097405327698728576 0.00095484006625726702 -0.00090956087424412665 0.0020936106233438276 -0.0015117181157702048 -0.00060776200304509215 -0.00021656123057669618 0.0017919690303603601 0.00024536936098824277 0.0020016574806173688 0.0014512585781939937 0.0005653815974244388 0.00010766840678762075 5.7654932349007827e-05 0.0010265091386934663 0.0027728777524075304 0.0024222241543826141 0.00095793191817930285 -0.00031005325327126092 -0.00029040118079457037 0.001105732257648841 0.00054830807387339434 0.0014933237974726536 -0.00014196318859959023 -0.0024892067009324708 0.0016009314686203497 0.00061573674320748771 0.0021658784414769015 0.00041398435565001253 0.0025838820256723319
leaf_weight=583 401 385 28 240 35 107 59 85 201 79 146 540 368 63 87 17 15.999999999999998 30 28 47 71 74 114 285 34 60 38 90 17 119
leaf_count=583 401 385 28 240 35 107 59 85 201 79 146 540 368 63 87 17 16 30 28 47 71 74 114 285 34 60 38 90 17 119
internal_value=3.78432e-06 0.000620768 2.85204e-05 0.00150622 -0.0035874 -0.000606828 0.000400691 0.00111681 0.000539921 0.00201558 0.00104295 0.000585511 3.5741e-05 0.000673387 0.000727641 0.001312 0.00187126 0.000948473 0.000345806 -0.000902332 0.000628174 0.00100947 0.00107786 -0.000269108 -0.00199341 0.00162978 0.00115103 0.00178458 0.00133889 0.00235159
internal_weight=4447 3795 2274 1521 652 840 1434 862 1038 659 777 979 396 778 715 104 461 631 58 448 611 573 499 392 69 221 54 167 77 198
internal_count=4447 3795 2274 1521 652 840 1434 862 1038 659 777 979 396 778 715 104 461 631 58 448 611 573 499 392 69 221 54 167 77 198
is_linear=0
shrinkage=0.03


Tree=38
num_leaves=31
num_cat=0
split_feature=5 0 5 0 10 1 1 1 6 0 16 11 4 6 8 7 16 7 7 1 10 8 16 6 6 0 8 16 10 5
split_gain=10.301 2.08056 0.562142 0.315398 0.204963 0.0876392 0.0761755 0.0450175 0.0372937 0.0337515 0.0321488 0.0371428 0.0307061 0.0281491 0.0265757 0.0265137 0.035701 0.0287189 0.0260058 0.0245435 0.0311575 0.0243921 0.0236684 0.0222225 0.0205554 0.0203371 0.0317157 0.0226056 0.0184157 0.0178544
threshold=0.034989858012170395 0.47151883933976957 0.093982420554428681 0.55485698752022106 0.25000000000000011 0.023437500000000003 0.033854166666666671 0.11718750000000001 0.21787360105332459 0.60947546798558971 5.5000000000000009 0.25000000000000017 0.10156250000000001 0.15371047195296364 0.20477481889322038 0.043362410548815823 18.500000000000004 0.088419907194990141 0.11146912280415879 0.16406250000000003 1.0000000180025095e-35 0.18809772008987066 29.500000000000004 0.33041474654377889 0.19917368504687752 0.50628773408195216 0.23440816817184998 8.5000000000000018 -0.6830127018922193 0.057809330628803259
decision_type=2 2 2 2 2 2 2 2 2 2 2 2 2 2 2 2 2 2 2 2 2 2 2 2 2 2 2 2 2 2
left_child=4 2 5 7 -1 24 13 12 -8 14 21 23 18 -4 28 -13 -17 -18 25 20 -11 -10 -20 -12 -2 27 -27 -3 -5 -7
right_child=1 3 6 9 -6 29 8 -9 10 19 11 15 -14 -15 -16 16 17 -19 22 -21 -22 -23 -24 -25 -26 26 -28 -29 -30 -31
leaf_value=-0.0036627680439494967 -0.0009448317536662501 0.00043174354401596737 -0.0008822750284586525 0.0012297553155429357 -0.0019336077568820451 -0.00070694973132904594 0.00017293028964835303 0.0018362191262983189 0.00043014196294280019 0.0010617488106726117 0.00045568076572217759 0.00039786444762166618 0.0014075575089416339 0.00010443836391025762 0.0015388099866517795 0.0007423919501737974 0.0012979380396878854 0.00256290639086392 0.00089356818297439439 0.0026952641684125961 0.0022134879218906689 -0.00056745442530374102 -0.00030075196037622747 0.0010297379942092446 -0.00028168932916717204 0.001425195384101516 0.00042708005102649378 0.00098676898023277587 0.002108616216060389 -0.00016910640847305486
leaf_weight=583 401 84 28 24 69 67 216 66 71 25 418 51 150 368 196 88 70 21 32 74 137 32 28 71 47 158 35 309 203 325
leaf_count=583 401 84 28 24 69 67 216 66 71 25 418 51 150 368 196 88 70 21 32 74 137 32 28 71 47 158 35 309 203 325
internal_value=3.67091e-06 0.000602146 2.76648e-05 0.00146103 -0.00347978 -0.000588623 0.000388671 0.00108331 0.000523723 0.00195511 0.000615902 0.000686912 0.00102088 3.46687e-05 0.00179474 0.00100131 0.00117324 0.00158988 0.000931088 0.00224256 0.00203576 0.000120207 0.000336223 0.000539033 -0.000875262 0.000991995 0.00124419 0.000868139 0.0020157 -0.000261035
internal_weight=4447 3795 2274 1521 652 840 1434 862 1038 659 822 719 796 396 423 230 179 91 646 236 162 103 60 489 448 586 193 393 227 392
internal_count=4447 3795 2274 1521 652 840 1434 862 1038 659 822 719 796 396 423 230 179 91 646 236 162 103 60 489 448 586 193 393 227 392
is_linear=0
shrinkage=0.03


Tree=39
num_leaves=31
num_cat=0
split_feature=5 0 5 0 10 0 5 6 16 0 18 6 11 4 11 7 18 7 6 4 13 18 5 10 16 6 11 10 11 16
split_gain=9.69222 1.95768 0.432374 0.390597 0.192849 0.0594365 0.0593883 0.0437208 0.0435186 0.0317568 0.0271101 0.0265787 0.0250303 0.0247993 0.0231901 0.0273618 0.0224213 0.0230394 0.0209344 0.0206185 0.020394 0.0196321 0.0194096 0.0216142 0.0193641 0.0252989 0.0247032 0.0405894 0.0244733 0.0190917
threshold=0.034989858012170395 0.45763877432200306 0.093982420554428681 0.55485698752022106 0.25000000000000011 0.50532152180681911 0.065111561866125781 0.20519397970534159 6.5000000000000009 0.60947546798558971 0.49852941176470594 0.29631336405529957 0.6830127018922193 0.039062500000000007 -0.5 0.098703409235773101 0.48088235294117648 0.095129496739318989 0.53502304147465451 0.070312500000000014 1.0000000180025095e-35 0.49264705882352944 0.59736308316430031 1.0000000180025095e-35 9.5000000000000018 0.2824884792626729 0.6830127018922193 -0.24999999999999994 0.93301270189221952 18.500000000000004
decision_type=2 2 2 2 2 2 2 2 2 2 2 2 2 2 2 2 2 2 2 2 2 2 2 2 2 2 2 2 2 2
left_child=4 2 6 5 -1 24 13 12 -9 14 -7 -10 -4 -2 15 18 17 20 -5 -18 -13 -8 23 -11 25 -3 -26 -28 -27 -22
right_child=1 3 7 9 -6 10 21 8 11 22 -12 16 -14 -15 -16 -17 19 -19 -20 -21 29 -23 -24 -25 26 28 27 -29 -30 -31
leaf_value=-0.0035528852769004067 -0.00090100582680057275 -0.00035887009957487516 -0.00011790109907804221 0.0014163088759290793 -0.0018756003504329969 0.0011572557076237845 -0.00038595074406763723 -4.9123588782635437e-05 0.00040418247492381122 0.0013961724845758779 0.0018187236118608599 0.00033191425181533247 0.0008620295190163497 -0.00018357594543743925 0.0018644936733046129 0.00080395941783559211 0.00082771603159602293 -0.00051075564982505748 0.002709977127042169 0.0019762162380685686 0.00055294314533660123 0.00027786247572449753 0.0032196802481175516 0.0022286920889131689 0.00078898283336175474 0.00082999555766000209 0.0021520503260731463 0.00092961627737704838 -0.00045771989052555622 0.0016080393667834401
leaf_weight=583 377 25 240 38 69 310 368 153 591 33 68 58 26 49 323 46 34 14.999999999999998 15.999999999999998 24 29 45 14.999999999999998 188 439 116 34 87 14.999999999999998 33
leaf_count=583 377 25 240 38 69 310 368 153 591 33 68 58 26 49 323 46 34 15 16 24 29 45 15 188 439 116 34 87 15 33
internal_value=3.56088e-06 0.000584081 -4.72387e-05 0.00131948 -0.00337538 0.00097192 -0.000569966 0.000317323 0.000413685 0.00189646 0.00127625 0.000504003 -2.21155e-05 -0.000818485 0.00174089 0.00134165 0.000809668 0.000597716 0.00179966 0.00130298 0.000736279 -0.000313622 0.00217529 0.00210439 0.00081125 0.00051565 0.000893594 0.00127313 0.000682545 0.00111454
internal_weight=4447 3795 2042 1753 652 1094 839 1203 937 659 378 784 266 426 423 100 193 135 54 58 120 413 236 221 716 156 560 121 131 62
internal_count=4447 3795 2042 1753 652 1094 839 1203 937 659 378 784 266 426 423 100 193 135 54 58 120 413 236 221 716 156 560 121 131 62
is_linear=0
shrinkage=0.03


Tree=40
num_leaves=31
num_cat=2
split_feature=1 0 6 0 19 10 1 1 10 17 11 11 7 8 9 7 11 6 1 0 19 0 11 4 9 7 0 9 9 3
split_gain=8.98262 2.04058 0.536572 0.322183 0.110131 0.0745502 0.0636907 0.0633319 0.0522041 0.0441962 0.035804 0.057708 0.0509674 0.0344617 0.0332118 0.033097 0.0314312 0.0305245 0.0274044 0.0242336 0.023644 0.0234459 0.0230122 0.0229896 0.021276 0.0203939 0.020334 0.0198955 0.0239678 0.0198663
threshold=1.0000000180025095e-35 0.46700898086239068 0.18229779119656767 0.53121608501887896 0 1.0000000180025095e-35 0.033854166666666671 0.11718750000000001 0.25000000000000011 0.32478086971321596 0.93301270189221952 0.6830127018922193 0.075870623877683993 0.087591098708121498 0.60649161196207169 0.18502856309113072 0.93301270189221952 0.3175115207373273 0.091145833333333343 0.39691598310638843 1 0.20681904689606379 -0.5 0.033854166666666671 0.97957695113056176 0.022973966340897985 0.58757867942685726 0.73340627279358139 0.32239241429613436 0.049479166666666671
decision_type=2 2 2 2 1 2 2 2 2 2 2 2 2 2 2 2 2 2 2 2 1 2 2 2 2 2 2 2 2 2
left_child=8 2 4 18 5 25 19 15 -1 13 11 17 29 22 -15 16 26 20 -3 -4 -8 -7 -6 -24 -9 -2 -5 28 -27 -13
right_child=1 3 6 7 9 21 10 24 -10 -11 -12 12 -14 14 -16 -17 -18 -19 -20 -21 -22 -23 23 -25 -26 27 -28 -29 -30 -31
leaf_value=-0.0034502981967704997 -0.0011869333649007275 0.00083419908746841769 -0.00020682123343332689 0.0015372468764931944 -0.0007595181170893284 -0.0022738002412352018 0.00015227186239718488 0.0019862737772206374 -0.0022402039044091136 7.3181499490890221e-05 -0.00015710500990080416 0.00054588953028135683 0.0025205473351714597 -0.0011976136312163452 -4.5019338642113873e-05 0.00064237824545089342 0.00081737990197311287 0.00092211499318550511 0.0012659542962443074 0.00024902011333277662 0.00053361726794843027 -0.0012459694530593292 -0.00031816856544059703 0.00059549798117739222 0.0029672851157094187 -0.00072813205947224217 0.0020376430988069526 -0.00074465767646023486 0.00038061239305085776 0.0014348392620436214
leaf_weight=572 34 637 206 246 51 22 321 380 34 184 75 64 20 90 30 36 42 97 167 214 310 217 68 39 21 28 104 67 47 35
leaf_count=572 34 637 206 246 51 22 321 380 34 184 75 64 20 90 30 36 42 97 167 214 310 217 68 39 21 28 104 67 47 35
internal_value=1.2743e-05 0.000546872 -4.54663e-05 0.00135177 -0.000622542 -0.000972119 0.000331654 0.00176675 -0.00338241 -0.000281395 0.000471144 0.000526774 0.00113925 -0.0005262 -0.000909468 0.00151294 0.00159288 0.000426656 0.000923881 2.54408e-05 0.000350491 -0.00134059 -0.000235106 1.48525e-05 0.00203766 -0.00052698 0.00168594 -0.000368956 -3.33231e-05 0.000860176
internal_weight=4458 3852 2219 1633 877 415 1342 829 606 462 922 847 119 278 120 428 392 728 804 420 631 239 158 107 401 176 350 142 75 99
internal_count=4458 3852 2219 1633 877 415 1342 829 606 462 922 847 119 278 120 428 392 728 804 420 631 239 158 107 401 176 350 142 75 99
cat_boundaries=0 1 2
cat_threshold=529 344
is_linear=0
shrinkage=0.03


Tree=41
num_leaves=31
num_cat=3
split_feature=1 0 6 0 19 10 1 1 10 17 16 11 11 4 18 6 1 0 3 0 19 1 0 12 11 10 16 19 10 10
split_gain=8.45199 1.91972 0.505028 0.303143 0.103622 0.0701443 0.0599885 0.0596835 0.0491187 0.0415843 0.0391025 0.0337127 0.0542532 0.0296222 0.0288777 0.0288311 0.0257848 0.0228014 0.0225521 0.0220603 0.0212817 0.0203 0.0190549 0.0186653 0.0179979 0.0168324 0.0402436 0.0189717 0.0183684 0.0165381
threshold=1.0000000180025095e-35 0.46700898086239068 0.18229779119656767 0.53121608501887896 0 1.0000000180025095e-35 0.033854166666666671 0.085937500000000014 0.25000000000000011 0.32478086971321596 26.500000000000004 0.93301270189221952 0.6830127018922193 0.091145833333333343 0.47500000000000003 0.307373271889401 0.091145833333333343 0.39691598310638843 0.044270833333333336 0.20681904689606379 1 0.16406250000000003 0.29001749062968413 1.0000000180025095e-35 -0.24999999999999994 -0.5 29.500000000000004 2 -0.6830127018922193 0.68301270189221941
decision_type=2 2 2 2 1 2 2 2 2 2 2 2 2 2 2 2 2 2 2 2 1 2 2 2 2 2 2 1 2 2
left_child=8 2 4 16 5 22 17 -5 -1 14 29 12 15 18 -6 20 25 -4 -14 -7 -8 -12 -2 -10 -11 26 -3 -27 -28 -9
right_child=1 3 6 7 9 19 11 10 23 24 21 -13 13 -15 -16 -17 -18 -19 -20 -21 -22 -23 -24 -25 -26 27 28 -29 -30 -31
leaf_value=-0.003346789457913708 -0.00096811219465093592 0.00076114284141523775 -0.00020061662339725095 0.0012608246632080692 -0.00082966786788841009 -0.0022055893411046181 0.00056011480753450087 0.0012165389310832737 -0.0029185638283351144 0.00050829593342331192 0.0019282689387558061 -0.00015239192213957269 0.00051160670728954102 0.0021581318761940494 -0.00021757692877268507 0.00082096086859204565 0.001227975895450139 0.00024154953891880314 0.0014308489660941716 -0.001208590543694383 0.00017557874369335361 0.0024445517637237818 -0.00029792534794808581 -0.0015101508064308609 -0.00013031774355636949 0.0003055198151183943 0.0012120427816669922 0.00083392727980562251 0.0022192317477079948 0.0017345442366712078
leaf_weight=572 56 165 206 199 133 22 216 80 15.999999999999998 58 278 75 58 20 145 129 167 214 41 217 383 91 120 18 126 130 39 275 28 181
leaf_count=572 56 165 206 199 133 22 216 80 16 58 278 75 58 20 145 129 167 214 41 217 383 91 120 18 126 130 39 275 28 181
internal_value=1.24069e-05 0.000530519 -4.40096e-05 0.00131122 -0.000603866 -0.000942956 0.000321858 0.00171375 -0.00328094 -0.000272953 0.00185682 0.000457233 0.000511214 0.00110507 -0.000510414 0.000414139 0.000896165 2.46776e-05 0.000892314 -0.00130037 0.000326526 0.0020556 -0.000511171 -0.002173 7.09861e-05 0.000809173 0.00101293 0.000692451 0.00163298 0.00157577
internal_weight=4458 3852 2219 1633 877 415 1342 829 606 462 630 922 847 119 278 728 804 420 99 239 599 369 176 34 184 637 232 405 67 261
internal_count=4458 3852 2219 1633 877 415 1342 829 606 462 630 922 847 119 278 728 804 420 99 239 599 369 176 34 184 637 232 405 67 261
cat_boundaries=0 1 2 3
cat_threshold=529 647 153
is_linear=0
shrinkage=0.03


Tree=42
num_leaves=31
num_cat=1
split_feature=1 0 0 0 8 1 1 10 1 9 7 10 11 1 11 11 19 1 9 8 10 9 7 1 0 7 7 17 11 9
split_gain=7.95311 1.80657 0.452963 0.284921 0.0730975 0.0569101 0.0468773 0.0462155 0.0413582 0.0327708 0.0308197 0.0303838 0.0288782 0.0256205 0.0246778 0.0454515 0.0267283 0.0241968 0.0226013 0.022016 0.0200876 0.0225602 0.024901 0.0197611 0.0188167 0.0190413 0.0185584 0.0181119 0.0178808 0.0178685
threshold=1.0000000180025095e-35 0.46700898086239068 0.37510248215901731 0.53121608501887896 0.064981882815564593 0.11718750000000001 0.075520833333333343 0.25000000000000011 0.049479166666666671 0.12946754194018967 0.18502856309113072 -0.5 0.93301270189221952 0.013020833333333334 0.25000000000000017 0.93301270189221952 0 0.091145833333333343 0.41320204230488705 0.12658369500764458 1.0000000180025095e-35 0.80598103574033564 0.086724821097632201 0.22656250000000003 0.58757867942685726 0.091536193277547223 0.047824124604727077 0.27886988341417757 -0.68301270189221952 0.51677607585703877
decision_type=2 2 2 2 2 2 2 2 2 2 2 2 2 2 2 2 1 2 2 2 2 2 2 2 2 2 2 2 2 2
left_child=7 2 4 17 11 10 9 -1 13 26 12 -2 24 -6 16 27 20 -3 -13 -18 -11 22 -22 -7 25 -5 -4 -16 -27 -20
right_child=1 3 6 5 8 23 -8 -9 -10 14 -12 18 -14 -15 15 -17 19 -19 29 -21 21 -23 -24 -25 -26 28 -28 -29 -30 -31
leaf_value=-0.0032463860395519671 0.00034767112669660825 0.00078543483763328598 0.00051633697364769648 0.0016785423991239837 -0.00085613052822963622 0.0018571097815109736 0.00088062118068730805 -0.0021078136796075578 0.00029177254421780725 0.00088354916112069509 0.00058166257902563206 -0.0017610311415651794 0.00075554135666245725 -0.00036208407568918749 0.0012560515783679985 -0.00015707807520849089 -0.00015334104753987181 0.0011911368446553318 -0.00017451300951495214 0.00031047101037206192 0.00048677649291601065 -0.00055691493925218714 -0.00074335484867676287 0.0026343390808309872 0.001926405298945033 0.00044329255235367525 -0.0005841008323814094 0.00058314689057066191 0.0013585181394704694 -0.0010287612347439153
leaf_weight=572 14.999999999999998 637 18 138 116 369 126 34 75 67 36 34 42 509 42 73 227 167 25 155 199 25 15.999999999999998 32 104 25 59 252 83 186
leaf_count=572 15 637 18 138 116 369 126 34 75 67 36 34 42 509 42 73 227 167 25 155 199 25 16 32 104 25 59 252 83 186
internal_value=1.21609e-05 0.00051475 -4.25899e-05 0.00127209 -0.000533442 0.00166234 0.00033169 -0.00318251 -0.000373899 0.000270643 0.00142173 -0.000962977 0.00149888 -0.00045378 0.000314211 0.00051292 0.000208366 0.000869705 -0.00104322 3.39661e-05 0.000410881 0.000296045 0.000395229 0.00191914 0.00158808 0.00144504 -0.000326852 0.00067928 0.00114667 -0.000927548
internal_weight=4458 3852 2219 1633 960 829 1259 606 700 1133 428 260 392 625 1056 367 689 804 245 382 307 240 215 401 350 246 77 294 108 211
internal_count=4458 3852 2219 1633 960 829 1259 606 700 1133 428 260 392 625 1056 367 689 804 245 382 307 240 215 401 350 246 77 294 108 211
cat_boundaries=0 1
cat_threshold=167
is_linear=0
shrinkage=0.03


Tree=43
num_leaves=31
num_cat=2
split_feature=1 5 6 5 19 10 1 1 10 17 8 1 6 9 8 8 9 1 9 0 5 10 10 19 6 8 0 6 12 7
split_gain=7.48308 1.70918 0.471053 0.247804 0.10096 0.0571798 0.0557265 0.0479362 0.043484 0.0377044 0.0354095 0.0321486 0.0359914 0.0295631 0.0284889 0.0266476 0.024607 0.024412 0.0237211 0.0225776 0.0221887 0.0212599 0.0208344 0.0191312 0.0238677 0.0259161 0.0193467 0.0179283 0.0175626 0.0162833
threshold=1.0000000180025095e-35 0.16531440162271807 0.19917368504687752 0.23630831643002034 0 1.0000000180025095e-35 0.11718750000000001 0.033854166666666671 0.25000000000000011 0.31966905237705384 0.087591098708121498 0.065104166666666671 0.307373271889401 0.72611232676878201 0.34438673485346721 0.11570527351525862 0.60649161196207169 0.013020833333333334 0.12946754194018967 0.20681904689606379 0.34989858012170388 1.0000000180025095e-35 1.0000000180025095e-35 1 0.16308596853646914 0.080994490627458365 0.39395212316942613 0.84562211981566837 1.0000000180025095e-35 0.075179065199974346
decision_type=2 2 2 2 1 2 2 2 2 2 2 2 2 2 2 2 2 2 2 2 2 2 2 1 2 2 2 2 2 2
left_child=8 2 4 11 5 15 14 17 -1 10 22 -3 21 -14 -5 -2 -12 -4 -9 -7 -8 -13 -6 26 25 -25 -11 -16 -10 -20
right_child=1 3 7 6 9 19 20 18 28 23 16 12 13 -15 27 -17 -18 -19 29 -21 -22 -23 -24 24 -26 -27 -28 -29 -30 -31
leaf_value=-0.003148994546932076 -0.0003195557566787384 0.00065797673699377938 -0.00054089305124063931 0.0014812929735658303 -0.00074912336539826327 -0.0021018656266585767 0.001646029953669843 -0.00015082489631913182 -0.0027677819480166478 0.00075739533372604637 -0.0010618177766956761 0.0010318560184625768 0.0011150907866171996 0.0023320492318392263 0.00045794680892369396 -0.0012060345110165918 -0.00011936089971704197 0.00015933405782907222 0.00045070902744423019 -0.0010943008823027119 0.0020924991782955826 8.6339721758938777e-05 6.1849494415151313e-05 -3.58887144133576e-05 0.00027829633096880155 -0.0010148656622308561 -6.0947206125410697e-05 0.0016050504934922245 -0.0014016179293437029 0.00082884005221071043
leaf_weight=572 155 346 52 343 39 22 196 53 15.999999999999998 52 102 38 330 19 44 38 33 324 739 222 205 49 106 53 59 45 52 17 18 119
leaf_count=572 155 346 52 343 39 22 196 53 16 52 102 38 330 19 44 38 33 324 739 222 205 49 106 53 59 45 52 17 18 119
internal_value=1.17962e-05 0.000499308 -2.96567e-05 0.00125426 -0.000525954 -0.000860269 0.00162374 0.000347483 -0.00308703 -0.000235648 -0.000481805 0.000873906 0.00104526 0.00118135 0.00137505 -0.000494101 -0.000831442 6.2493e-05 0.000465107 -0.00118516 0.00187428 0.000499331 -0.000156278 1.94009e-05 -0.00018654 -0.000485425 0.000317681 0.000777653 -0.00204458 0.000503155
internal_weight=4458 3852 2265 1587 978 437 805 1287 606 541 280 782 436 349 404 193 135 376 911 244 401 87 145 261 157 98 104 61 34 858
internal_count=4458 3852 2265 1587 978 437 805 1287 606 541 280 782 436 349 404 193 135 376 911 244 401 87 145 261 157 98 104 61 34 858
cat_boundaries=0 1 2
cat_threshold=529 104
is_linear=0
shrinkage=0.03


Tree=44
num_leaves=31
num_cat=2
split_feature=1 0 6 0 19 10 1 1 10 17 16 11 8 11 0 9 8 19 8 16 16 10 16 11 10 8 6 8 6 0
split_gain=7.04083 1.6004 0.42712 0.251964 0.0888937 0.0593535 0.0531124 0.0511835 0.0409138 0.0357474 0.0355862 0.0341893 0.0305484 0.0298527 0.0293779 0.0293653 0.0284279 0.0282081 0.0258957 0.0330316 0.0253039 0.0230751 0.0619315 0.0296506 0.0230208 0.022275 0.021719 0.0199597 0.0196273 0.0196074
threshold=1.0000000180025095e-35 0.46700898086239068 0.18229779119656767 0.53121608501887896 0 1.0000000180025095e-35 0.054687500000000007 0.085937500000000014 0.25000000000000011 0.32478086971321596 26.500000000000004 0.93301270189221952 0.087591098708121498 0.6830127018922193 0.37409980390052772 0.60649161196207169 0.20622435817705217 1 0.37367877865781685 29.500000000000004 10.500000000000002 -0.5 29.500000000000004 -0.24999999999999994 -0.5 0.09020714578606627 0.19917368504687752 0.14189758641386938 0.53963133640553018 0.31796113298444179
decision_type=2 2 2 2 1 2 2 2 2 2 2 2 2 2 2 2 2 1 2 2 2 2 2 2 2 2 2 2 2 2
left_child=8 2 4 21 5 -2 14 16 -1 12 -9 13 20 -8 -4 29 28 25 -12 -20 -6 22 27 -24 -22 -16 -27 -3 -5 -14
right_child=1 3 6 7 9 -7 11 10 -10 -11 18 -13 15 -15 17 -17 -18 -19 19 -21 24 -23 23 -25 -26 26 -28 -29 -30 -31
leaf_value=-0.0030545248671325692 -0.00047195453743049042 0.00046906858747470864 -0.00017017100472943491 0.0012192931987983135 0.00035503540162764549 -0.0011979189833547662 0.00054646349048834402 0.001428509844219884 -0.0019832474036256013 7.0113919738629154e-05 0.0018101260377170381 -0.00040980942163501197 -0.00067717422339300776 0.001291660612643734 0.0011035832292674765 -1.694428921585564e-05 0.00080882393612826417 0.00044231371815098823 0.0017677850919549192 0.0037275361759282286 -0.0012752794229559865 0.00069638989787461456 0.00093442478246182992 0.0021163007140687405 -0.00022034922374440557 -0.00096501090591061191 7.5825962955671216e-05 0.0010542631188881944 0.0021438608032257906 -0.001563676363080085
leaf_weight=572 176 108 182 62 51 239 320 261 34 184 338 29 47 57 18 30 106 359 15.999999999999998 15.000000000000002 24 509 29 56 83 19 358 102 31 43
leaf_count=572 176 108 182 62 51 239 320 261 34 184 338 29 47 57 18 30 106 359 16 15 24 509 29 56 83 19 358 102 31 43
internal_value=1.14423e-05 0.000484328 -4.02456e-05 0.00119714 -0.000555111 -0.0008691 0.00029622 0.00156413 -0.00299442 -0.000248866 0.00169662 0.000582782 -0.00046894 0.000659136 0.000171921 -0.000829792 0.00114469 0.000254495 0.00188625 0.00271614 -0.000194872 0.000818747 0.00102986 0.00171309 -0.000456979 7.08028e-05 2.33676e-05 0.00075331 0.0015275 -0.00110074
internal_weight=4458 3852 2219 1633 877 415 1342 829 606 462 630 406 278 377 936 120 199 754 369 31 158 804 295 85 107 395 377 210 93 90
internal_count=4458 3852 2219 1633 877 415 1342 829 606 462 630 406 278 377 936 120 199 754 369 31 158 804 295 85 107 395 377 210 93 90
cat_boundaries=0 1 2
cat_threshold=529 340
is_linear=0
shrinkage=0.03


Tree=45
num_leaves=31
num_cat=0
split_feature=5 20 20 5 1 10 6 1 9 18 8 4 20 9 10 10 9 7 4 16 8 16 18 9 9 6 5 9 9 8
split_gain=6.5559 1.33551 0.403768 0.210512 0.0569771 0.0524152 0.0487906 0.0394322 0.0378024 0.0303963 0.0367632 0.0290841 0.0290039 0.0253282 0.0250655 0.0278628 0.0239714 0.033981 0.023032 0.0216993 0.020787 0.0203424 0.0184947 0.0202994 0.036456 0.0183377 0.0182443 0.018056 0.0184395 0.0170998
threshold=0.015973630831643004 0.43051651313122302 0.54460969367221124 0.072008113590263698 0.049479166666666671 0.25000000000000011 0.30184331797235031 0.16406250000000003 0.18745441283734501 0.48088235294117648 0.20833669660143139 0.039062500000000007 0.37668253684308667 0.61159737417943127 1.0000000180025095e-35 -0.93301270189221908 0.69146608315098479 0.094404316164656679 0.059895833333333336 29.500000000000004 0.49432194160291421 6.5000000000000009 0.49558823529411766 0.36725018234865076 0.52224653537563837 0.14433497536945816 0.54462474645030434 0.57622173595915405 0.59263311451495271 0.13293229993885244
decision_type=2 2 2 2 2 2 2 2 2 2 2 2 2 2 2 2 2 2 2 2 2 2 2 2 2 2 2 2 2 2
left_child=5 3 6 11 12 -1 14 20 -8 10 13 -2 -5 29 15 -3 17 -15 -11 -6 -4 -12 23 -16 -25 -21 -9 -26 -29 -10
right_child=1 2 7 4 19 -7 8 26 9 18 21 -13 -14 16 22 -17 -18 -19 -20 25 -22 -23 -24 24 27 -27 -28 28 -30 -31
leaf_value=-0.0029635477358985313 -0.00074237980825267425 -0.00030920539611035345 0.0014832113591494529 -0.00026755139238657163 0.00014930199583538796 -0.0017980563769385363 0.00030731128219354165 0.0018946197955169244 0.00071509740398689509 0.00078470606062435344 -0.00064778081920834204 -0.00012648193074178709 9.8172711682170737e-05 0.00060010826105388437 0.00090993214914116081 0.00079038680320547047 0.0010709127469254532 -0.0008261815403061652 0.0013201259067730355 -0.00026455567755266559 0.00058225885639698598 0.00044609219362808002 0.00072740243728546406 -0.00097949290669660342 0.00079328768068795625 0.00077843996356557555 0.0029577770802380228 -0.00094448900464322457 0.0001642151022486873 0.0013424863737404994
leaf_weight=567 466 23 582 347 136 37 116 100 58 116 18 81 446 72 28 211 61 19 192 17 24 102 63 27 37 141 17 14.999999999999998 135 120
leaf_count=567 466 23 582 347 136 37 116 100 58 116 18 81 446 72 28 211 61 19 192 17 24 102 63 27 37 141 17 15 135 120
internal_value=9.52791e-06 0.000474414 0.000968268 -0.000171164 7.03889e-05 -0.00289215 0.000673225 0.00154489 0.000811663 0.000888846 0.000731674 -0.000651178 -6.18605e-05 0.000895188 0.000448742 0.000682306 0.000610765 0.000302306 0.00111848 0.000427102 0.00144753 0.000282007 0.000269547 0.000150351 5.09627e-05 0.000666218 0.00204912 0.00019975 5.33391e-05 0.00113806
internal_weight=4374 3770 2136 1634 1087 604 1413 723 874 758 450 547 793 330 539 234 152 91 308 294 606 120 305 242 214 158 117 187 150 178
internal_count=4374 3770 2136 1634 1087 604 1413 723 874 758 450 547 793 330 539 234 152 91 308 294 606 120 305 242 214 158 117 187 150 178
is_linear=0
shrinkage=0.03


Tree=46
num_leaves=31
num_cat=2
split_feature=5 20 20 5 1 10 6 11 1 11 11 19 20 1 6 18 8 11 11 8 11 18 20 18 8 5 19 3 8 20
split_gain=6.16845 1.25658 0.379905 0.19807 0.0536098 0.0493174 0.0459071 0.0516127 0.0371019 0.0315983 0.0283077 0.0276978 0.0272898 0.0270876 0.0251997 0.0225679 0.0195585 0.0195274 0.0218014 0.0189512 0.0213324 0.0327138 0.0182507 0.0181314 0.0178815 0.0171662 0.0167509 0.0164438 0.0159086 0.0156101
threshold=0.015973630831643004 0.43051651313122302 0.54460969367221124 0.072008113590263698 0.049479166666666671 0.25000000000000011 0.30184331797235031 0.93301270189221952 0.16406250000000003 0.6830127018922193 0.6830127018922193 0 0.37668253684308667 0.085937500000000014 0.1654377880184332 0.47205882352941181 0.49432194160291421 0.93301270189221952 0.6830127018922193 0.15723101739870424 -0.68301270189221952 0.45147058823529412 0.20681904689606379 0.47500000000000003 0.19123505505912505 0.54462474645030434 1 0.023437500000000003 0.095052845230286204 0.61912653167645637
decision_type=2 2 2 2 2 2 2 2 2 2 2 1 2 2 2 2 2 2 2 2 2 2 2 2 2 2 1 2 2 2
left_child=5 3 6 11 12 -1 10 9 16 19 15 14 -5 -11 22 27 29 18 -6 -8 21 -21 -2 -13 -23 -10 -17 -3 -28 -4
right_child=1 2 8 4 17 -7 7 -9 25 13 -12 23 -14 -15 -16 26 -18 -19 -20 20 -22 24 -24 -25 -26 -27 28 -29 -30 -31
leaf_value=-0.0028746414137548952 -0.0018843517075735404 -0.00092804830075705956 0.0013700860206233532 -0.00025952487285888415 0.00035468247115553911 -0.0017441161393982134 0.00066827186462859942 0.00021765737449105726 0.0018377817602186525 0.0010137451180847429 0.00086709599303981956 -0.00060040079053823412 9.5227539593672195e-05 0.0020705029649186928 0.00028867596919474633 0.00012364850446931506 0.00056479182756517116 -0.0006401321634695676 0.0010757063839701561 -0.00015571549485935904 0.0012391076802211025 0.00024220472240818824 -0.00084356765481925235 -6.0395674845271509e-05 0.0011969216080794129 0.0028690489810022572 0.001546414838540127 0.00012403709171017617 0.00058338601655713856 0.0017905112868330045
leaf_weight=567 15.999999999999998 14.999999999999998 487 347 234 37 378 123 100 61 109 115 446 34 17 107 24 14.999999999999998 45 30 149 23 290 109 76 17 17 123 168 95
leaf_count=567 16 15 487 347 234 37 378 123 100 61 109 115 446 34 17 107 24 15 45 30 149 23 290 109 76 17 17 123 168 95
internal_value=9.24214e-06 0.000460181 0.00093922 -0.000166029 6.82773e-05 -0.00280539 0.000653028 0.000787314 0.00149854 0.000880613 0.00043528 -0.000631642 -6.00047e-05 0.00139197 -0.000810446 0.000325818 0.00140411 0.000414289 0.00047098 0.000806557 0.000994582 0.000712138 -0.000897994 -0.000323203 0.000975123 0.00198765 0.000475228 9.67409e-06 0.000637433 0.00143872
internal_weight=4374 3770 2136 1634 1087 604 1413 874 723 751 539 547 793 95 323 430 606 294 279 656 278 129 306 224 99 117 292 138 185 582
internal_count=4374 3770 2136 1634 1087 604 1413 874 723 751 539 547 793 95 323 430 606 294 279 656 278 129 306 224 99 117 292 138 185 582
cat_boundaries=0 1 2
cat_threshold=529 464
is_linear=0
shrinkage=0.03


Tree=47
num_leaves=31
num_cat=3
split_feature=5 0 0 5 1 10 6 11 1 11 4 11 0 1 18 16 11 19 7 0 5 19 7 12 3 7 0 19 17 16
split_gain=5.80393 1.18235 0.35743 0.186364 0.0504414 0.0464026 0.0431766 0.0485624 0.0349756 0.0297309 0.0266413 0.026626 0.025677 0.0254867 0.0212461 0.0200584 0.0206081 0.0182166 0.0171235 0.0163071 0.0161136 0.0157328 0.0155738 0.0155242 0.0154721 0.0154687 0.0146067 0.0143745 0.0151651 0.0143475
threshold=0.015973630831643004 0.43051651313122302 0.54460969367221124 0.072008113590263698 0.049479166666666671 0.25000000000000011 0.30184331797235031 0.93301270189221952 0.15364583333333334 0.6830127018922193 0.039062500000000007 0.6830127018922193 0.37668253684308667 0.085937500000000014 0.47205882352941181 29.500000000000004 0.6830127018922193 0 0.1598231199900437 0.52260523305345885 0.046044624746450311 1 0.12338484922465606 1.0000000180025095e-35 0.023437500000000003 0.08223428479567764 0.59537384276397409 2 0.31694111139477499 29.500000000000004
decision_type=2 2 2 2 2 2 2 2 2 2 2 2 2 2 2 2 2 1 2 2 2 1 2 2 2 2 2 1 2 2
left_child=5 3 6 10 12 -1 11 9 18 17 20 14 -5 -11 24 -6 -17 -8 26 -19 -2 -16 -21 -10 -3 -13 -4 28 -14 -20
right_child=1 2 8 4 15 -7 7 -9 23 13 -12 25 27 -15 21 16 -18 19 29 22 -22 -23 -24 -25 -26 -27 -28 -29 -30 -31
leaf_value=-0.0027884022887182517 -0.00098359363029365391 -0.00090020871574534569 0.0012788045505118112 -0.00025173915145918554 0.00013477039378000506 -0.001691794066863344 0.0011120530104936585 0.00021112770708335137 0.0022224704896532878 0.00098333325132870554 -0.0001105159664179881 0.00067686318326680395 0.000100376906391247 0.0020083897089139355 0.0001202561230770532 0.00047274297052135079 0.0013699978802378819 0.00057591200355491909 0.00056754824171461628 0.001225001638458766 -0.00059024775649885836 0.00061831014547820474 0.00015842476255611122 0.0016068598813844522 0.0001203160138209302 0.0016188918016441186 0.0016117364313774491 0.00027433284907115503 -0.00039878411020025496 0.0014958488580616399
leaf_weight=567 130 14.999999999999998 313 347 136 37 160 123 62 61 81 90 165 34 107 130 28 412 43 69 336 185 14.999999999999998 91 123 19 191 199 82 23
leaf_count=567 130 15 313 347 136 37 160 123 62 61 81 90 165 34 107 130 28 412 43 69 336 185 15 91 123 19 191 199 82 23
internal_value=8.97343e-06 0.000446386 0.000911061 -0.000161048 6.6229e-05 -0.00272123 0.000633464 0.000763695 0.00145358 0.000854194 -0.000612693 0.000422291 -5.82046e-05 0.00135021 0.00031613 0.00040186 0.000631758 0.000782361 0.00134547 0.000640669 -0.000699981 0.000461098 0.00103455 0.00185634 9.38369e-06 0.000841083 0.00140498 9.23707e-05 -6.27951e-05 0.000891065
internal_weight=4374 3770 2136 1634 1087 604 1413 874 723 751 547 539 793 95 430 294 158 656 570 496 466 292 84 153 138 109 504 446 247 66
internal_count=4374 3770 2136 1634 1087 604 1413 874 723 751 547 539 793 95 430 294 158 656 570 496 466 292 84 153 138 109 504 446 247 66
cat_boundaries=0 1 2 3
cat_threshold=66 464 848
is_linear=0
shrinkage=0.03


Tree=48
num_leaves=31
num_cat=1
split_feature=5 20 20 5 10 6 11 16 11 20 20 11 19 11 9 7 7 17 4 9 7 6 8 9 4 6 16 6 10 8
split_gain=5.46152 1.11293 0.335974 0.175391 0.0436601 0.0406177 0.0457575 0.0368176 0.0372942 0.0356652 0.0296663 0.0279222 0.0259874 0.0250018 0.0248307 0.0246421 0.0222299 0.021923 0.0218157 0.020842 0.0233986 0.0272352 0.0206255 0.019749 0.0288828 0.0192656 0.0273198 0.0191845 0.0198494 0.0211961
threshold=0.015973630831643004 0.43051651313122302 0.54460969367221124 0.072008113590263698 0.25000000000000011 0.30184331797235031 0.93301270189221952 29.500000000000004 0.6830127018922193 0.39789993807232954 0.61912653167645637 0.6830127018922193 0 0.6830127018922193 0.41320204230488705 0.017230474755673648 0.095129496739318989 0.33082290868862235 0.013020833333333334 0.61159737417943127 0.065904323980221752 0.27419354838709686 0.19814297748565238 0.57148067104303446 0.023437500000000003 0.19549411162314392 8.5000000000000018 0.1654377880184332 1.0000000180025095e-35 0.074423100784269183
decision_type=2 2 2 2 2 2 2 2 2 2 2 2 1 2 2 2 2 2 2 2 2 2 2 2 2 2 2 2 2 2
left_child=4 3 5 12 -1 13 11 25 9 -9 22 -7 15 19 -10 -2 17 -13 -16 20 -3 -22 -4 -14 -25 26 -5 28 29 -17
right_child=1 2 10 7 -6 6 -8 8 14 -11 -12 16 23 -15 18 27 -18 -19 -20 -21 21 -23 -24 24 -26 -27 -28 -29 -30 -31
leaf_value=-0.0027047503724424902 -0.0014683404621720023 0.00035196633377265741 0.0014999582131012422 0.00010806593067745965 -0.0016410416125542831 0.00075939844946901018 0.00020479392465088758 -8.8192951123322949e-05 0.00032877246718856612 0.00043905036447327829 0.0017513327473741441 0.00066542778918017315 -0.00058556295093344004 0.00081585148055604659 0.00045153131464450438 -7.9572619572286803e-05 0.0021983837964186714 0.0017186750460503168 0.0018987308138352877 0.00049741749003088447 6.796531941528104e-05 -0.001113828533498098 0.0011311494812509214 -0.00049706430320967088 0.00047998903668610787 2.7365272371766793e-05 -0.00061404203906142692 0.000287564164559216 -0.00092061176869189703 -0.0012533231325102779
leaf_weight=567 42 115 254 75 37 656 123 279 45 197 174 46 115 109 14.999999999999998 60 20 29 25 235 54 26 295 56 53 324 127 17 186 18
leaf_count=567 42 115 254 75 37 656 123 279 45 197 174 46 115 109 15 60 20 29 25 235 54 26 295 56 53 324 127 17 186 18
internal_value=8.85006e-06 0.000433163 0.00088399 -0.000156166 -0.00263959 0.000614853 0.000741166 6.43179e-05 0.000233379 0.000130015 0.00140998 0.000829013 -0.000594313 0.000410033 0.00081221 -0.000766824 0.00130971 0.0010727 0.00135606 0.000307161 7.78766e-05 -0.000316127 0.00130178 -0.000298018 -2.19833e-05 -0.000115993 -0.000345933 -0.000689255 -0.000752157 -0.000350451
internal_weight=4374 3770 2136 1634 604 1413 874 1087 561 476 723 751 547 539 85 323 95 75 40 430 195 80 549 224 109 526 202 281 264 78
internal_count=4374 3770 2136 1634 604 1413 874 1087 561 476 723 751 547 539 85 323 95 75 40 430 195 80 549 224 109 526 202 281 264 78
cat_boundaries=0 1
cat_threshold=529
is_linear=0
shrinkage=0.03


Tree=49
num_leaves=31
num_cat=1
split_feature=5 1 5 6 19 0 1 5 8 17 6 11 4 8 5 11 5 17 11 6 1 17 3 16 11 11 17 9 8 8
split_gain=5.13875 1.05144 0.292619 0.237163 0.0532046 0.0356015 0.0342991 0.0340661 0.0233015 0.021732 0.0216553 0.0258892 0.0202394 0.0190907 0.0189299 0.0159384 0.0158336 0.0151393 0.0199677 0.0151232 0.016561 0.0148445 0.0182379 0.0181901 0.030674 0.014823 0.0148039 0.0148007 0.0154589 0.0194977
threshold=0.015973630831643004 0.049479166666666671 0.23630831643002034 0.18530465949820793 0 0.42230543645064583 0.16406250000000003 0.18154158215010144 0.080994490627458365 0.31329248574589402 0.21214614878209354 0.93301270189221952 0.15364583333333334 0.49432194160291421 0.048005409060175801 0.25000000000000017 0.54462474645030434 0.29881242682207537 0.93301270189221952 0.53963133640553018 0.10156250000000001 0.36282018551612638 0.085937500000000014 27.500000000000004 0.6830127018922193 0.6830127018922193 0.32135636292142422 0.57148067104303446 0.060322512179489085 0.069568684979274639
decision_type=2 2 2 2 1 2 2 2 2 2 2 2 2 2 2 2 2 2 2 2 2 2 2 2 2 2 2 2 2 2
left_child=-1 3 7 4 14 -5 13 10 15 -10 -3 25 21 19 -2 27 -8 18 -7 20 -4 22 23 -9 26 -12 -25 -6 -29 -30
right_child=1 2 6 5 8 17 16 12 9 -11 11 -13 -14 -15 -16 -17 -18 -19 -20 -21 -22 -23 -24 24 -26 -27 -28 28 29 -31
leaf_value=-0.0025604047414525596 -0.0010655041644339555 0.00014336124146408627 0.00089989841377903566 1.4178000473747666e-05 -0.00018187374734162452 0.00075395976381633105 0.0016805865124146719 0.00075456391645790358 -0.00070484582793298384 -0.00011893315341148025 0.00055091879690150893 -5.5700624996252735e-05 0.0018163698439657419 0.00043709531571865226 -0.00061558642127402098 -0.00046138937717677303 0.0026702933382878585 0.00024909708418324191 4.4181047440140631e-05 0.001433427542921206 0.0013554420628570556 0.00031612120807627463 0.00053745801633844079 0.0016137659876379873 0.0022450120255406475 0.0009390392933283382 0.00074501690487275153 -0.0004115035863834479 0.0016034410067106769 0.0003611936068740483
leaf_weight=604 124 133 137 472 58 148 101 113 126 104 514 56 18 24 262 47 17 328 47 344 151 52 105 26 24 107 55 14.999999999999998 14.999999999999998 47
leaf_count=604 124 133 137 472 58 148 101 113 126 104 514 56 18 24 262 47 17 328 47 344 151 52 105 26 24 107 55 15 15 47
internal_value=8.58458e-06 0.000420169 0.00089729 -0.000105916 -0.000491185 0.000203075 0.00135231 0.000604532 -0.00023355 -0.000439913 0.000493331 0.000562084 0.000833723 0.00126761 -0.000740927 1.4407e-05 0.00182319 0.000373551 0.000582886 0.00129914 0.00113875 0.000786551 0.000862285 0.00101873 0.00130302 0.000617794 0.00102389 0.000180057 0.000452679 0.000661758
internal_weight=4374 3770 1977 1793 798 995 774 1203 412 230 810 677 393 656 386 182 118 523 195 632 288 375 323 218 105 621 81 135 77 62
internal_count=4374 3770 1977 1793 798 995 774 1203 412 230 810 677 393 656 386 182 118 523 195 632 288 375 323 218 105 621 81 135 77 62
cat_boundaries=0 1
cat_threshold=529
is_linear=0
shrinkage=0.03


Tree=50
num_leaves=31
num_cat=2
split_feature=0 0 0 6 10 1 19 0 16 9 10 4 1 18 7 10 6 16 10 9 9 0 7 18 19 9 6 9 9 16
split_gain=5.00892 1.01555 0.292955 0.167049 0.0846736 0.0534367 0.0449699 0.0377215 0.0316915 0.0311163 0.0384989 0.0332834 0.0290992 0.0284379 0.0273055 0.0259002 0.0235751 0.022379 0.0303899 0.0253125 0.0209283 0.020081 0.0192649 0.0188977 0.0178146 0.0168529 0.0561204 0.01678 0.028775 0.0157419
threshold=0.14734340017519185 0.43439828646662476 0.52080508158020811 0.18822324628776246 0.25000000000000011 0.085937500000000014 0 0.33458207408886598 22.500000000000004 0.17396061269146609 -0.24999999999999994 0.059895833333333336 0.075520833333333343 0.50441176470588245 0.097920479806488284 1.0000000180025095e-35 0.307373271889401 27.500000000000004 -0.5 0.53610503282275734 0.41320204230488705 0.64473107689836062 0.040067457934811222 0.43970588235294122 1 0.59263311451495271 0.16308596853646914 0.5087527352297595 0.27169948942377831 27.500000000000004
decision_type=2 2 2 2 2 2 1 2 2 2 2 2 2 2 2 2 2 2 2 2 2 2 2 2 1 2 2 2 2 2
left_child=4 3 9 6 -1 -4 7 15 -5 -3 -11 -12 24 14 16 -2 -10 19 -19 -7 -6 23 -9 -20 -13 26 29 28 -24 -8
right_child=1 2 5 8 20 17 25 22 13 10 11 12 -14 -15 -16 -17 -18 18 21 -21 -22 -23 27 -25 -26 -27 -28 -29 -30 -31
leaf_value=-0.0025482268027642429 -0.00038010761264611681 8.334601822401435e-05 0.00089311754213017313 -4.0097690047131502e-05 -0.0020258411893017809 0.0007897536349331522 0.00085156650440500312 0.0001950586800570021 0.00027037636244625944 0.0008459465860551613 0.0002722629718189517 0.00016012938858963097 0.0011046237676246178 0.0015128137734501065 -0.00088257391189159435 -0.00085506607048272927 0.0010364430941164412 0.0022942897428775868 0.00038204466706737487 0.0013988889645562804 -0.00093871363281951487 0.0021996961548532805 -0.00092559551614536644 0.0014430896288646906 0.00074358845578558679 0.00032771039038459064 -0.0010283127970836768 -0.00066312467873737204 0.00076328333399463958 -2.5406398606320731e-05
leaf_weight=587 155 118 252 337 28 89 25 71 376 366 372 110 103 18 17 310 40 45 15.999999999999998 198 37 30 14.999999999999998 271 111 75 51 84 23 70
leaf_count=587 155 118 252 337 28 89 25 71 376 366 372 110 103 18 17 310 40 45 16 198 37 30 15 271 111 75 51 84 23 70
internal_value=-7.61176e-06 0.000414562 0.000856544 -0.000137187 -0.00243446 0.00126389 -0.00042153 -0.000542171 0.000179994 0.00054551 0.000596861 0.000465876 0.000688171 0.000344452 0.000295879 -0.000696748 0.000344039 0.00140786 0.00156472 0.00121 -0.00140704 0.00146115 -0.000197835 0.00138394 0.000494073 -3.6168e-05 -0.00022557 -0.000426486 9.66138e-05 0.000205382
internal_weight=4400 3748 2081 1667 652 901 879 658 788 1180 1062 696 324 451 433 465 416 649 362 287 65 317 193 287 221 221 146 122 38 95
internal_count=4400 3748 2081 1667 652 901 879 658 788 1180 1062 696 324 451 433 465 416 649 362 287 65 317 193 287 221 221 146 122 38 95
cat_boundaries=0 1 2
cat_threshold=789 409
is_linear=0
shrinkage=0.03


Tree=51
num_leaves=31
num_cat=3
split_feature=5 5 20 20 20 1 9 1 19 8 8 17 7 1 13 9 19 9 16 8 8 19 3 11 7 11 20 11 8 7
split_gain=4.72069 0.956053 0.235704 0.15839 0.0825982 0.0548744 0.0290773 0.0274366 0.0262874 0.0322138 0.0247881 0.0245977 0.0244112 0.0229266 0.021737 0.0214199 0.0226579 0.0218907 0.0238373 0.0211499 0.0199573 0.0294597 0.0246179 0.0200362 0.0197839 0.0173685 0.0169944 0.0164497 0.0154712 0.0147874
threshold=0.034989858012170395 0.16531440162271807 0.34281235812728811 0.54802186383041918 1.0000000180025095e-35 0.033854166666666671 0.18745441283734501 0.15364583333333334 0 0.092439340042364718 0.13052933333219532 0.27040251893455886 0.095129496739318989 0.049479166666666671 1.0000000180025095e-35 0.12946754194018967 1 0.70240700218818397 5.5000000000000009 0.18916446128283268 0.18916446128283268 2 0.13281250000000003 -0.9330127018922193 0.031283141932301375 1.0000000180025095e-35 0.26145367489924248 0.6830127018922193 0.20833669660143139 0.1418343327749155
decision_type=2 2 2 2 2 2 2 2 1 2 2 2 2 2 2 2 1 2 2 2 2 1 2 2 2 2 2 2 2 2
left_child=4 2 8 6 -1 12 -3 20 9 24 26 -11 14 -8 -4 -7 -17 18 -18 -16 27 23 29 -22 -2 28 -10 -5 -25 -23
right_child=1 3 5 7 -6 15 13 -9 10 11 -12 -13 -14 -15 19 16 17 -19 -20 -21 21 22 -24 25 -26 -27 -28 -29 -30 -31
leaf_value=-0.0024384330183687074 -0.00019465162571417473 9.4138371934514517e-05 -0.00022722944101387517 0.001361713514451599 -0.0010633919334639072 -0.00023187961553877164 0.00044560328266250721 0.0016671051296257866 -0.00093969958276347322 0.00030523432188333296 0.00035111129544354054 -0.0010227071718743438 -0.00089329977280530354 0.00083565531586205909 0.0001033158679019103 8.477192848271788e-05 7.0071460743645656e-05 0.00014574830737795633 0.00060591809903057746 0.0011456139343498828 0.002372208132154822 0.00098143966185034251 -0.00044743218328565564 0.0012932350092290908 0.00090466242666701095 0.0014217678815920429 -0.00053290188192353042 0.0022532251689182698 0.00046393660902649175 0.00010823768024132167
leaf_weight=616 26 66 219 165 42 60 174 150 124 19 24 37 30 615 225 244 88 179 495 19 14.999999999999998 64 19 41 34 162 363 21 40 24
leaf_count=616 26 66 219 165 42 60 174 150 124 19 24 37 30 615 225 244 88 179 495 19 15 64 19 41 34 162 363 21 40 24
internal_value=-7.32175e-06 0.000404737 1.69974e-07 0.000973106 -0.00235067 0.000197726 0.000699037 0.00130738 -0.000491042 -5.0342e-05 -0.000578772 -0.000572158 -6.39946e-05 0.000749637 -1.02581e-05 0.000318766 0.000351608 0.000430292 0.000525036 0.000184483 0.00120945 0.00108056 0.0004864 0.00125931 0.000428298 0.00124242 -0.000636482 0.00146238 0.000883716 0.000743298
internal_weight=4400 3742 2186 1556 658 1559 855 701 627 116 511 56 493 789 463 1066 1006 762 583 244 551 365 107 258 60 243 487 186 81 88
internal_count=4400 3742 2186 1556 658 1559 855 701 627 116 511 56 493 789 463 1066 1006 762 583 244 551 365 107 258 60 243 487 186 81 88
cat_boundaries=0 1 2 3
cat_threshold=234 272 166
is_linear=0
shrinkage=0.03


Tree=52
num_leaves=31
num_cat=3
split_feature=5 5 0 0 10 8 19 9 9 9 10 16 19 19 17 9 18 0 9 16 10 10 8 16 7 9 9 13 8 0
split_gain=4.44172 0.899529 0.221867 0.14903 0.0797184 0.0387396 0.0323962 0.0368482 0.0273588 0.0259232 0.025348 0.0314192 0.0261654 0.0216717 0.0228266 0.0252122 0.0200824 0.0200263 0.0190306 0.0213683 0.0185844 0.0185745 0.0185391 0.0184863 0.0184077 0.0182665 0.017513 0.0172907 0.0167786 0.0156009
threshold=0.034989858012170395 0.16531440162271807 0.37510248215901731 0.54802186383041918 0.25000000000000011 0.064981882815564593 0 0.1203501094091904 0.18745441283734501 0.20459518599562362 -0.5 28.500000000000004 1 2 0.3161858565228492 0.8231218088986143 0.48088235294117648 0.61636054089337511 0.70240700218818397 5.5000000000000009 1.0000000180025095e-35 -0.6830127018922193 0.15928412133379541 15.500000000000002 0.067795911274033463 0.32239241429613436 0.52552881108679805 1.0000000180025095e-35 0.1813468332704895 0.52260523305345885
decision_type=2 2 2 2 2 2 1 2 2 2 2 2 1 1 2 2 2 2 2 2 2 2 2 2 2 2 2 2 2 2
left_child=4 2 5 8 -1 20 -4 -8 -3 -5 11 -10 -12 14 22 21 24 -11 19 -9 -2 -16 -7 -20 -14 -13 -23 -6 -18 -26
right_child=1 3 6 9 27 13 7 18 10 17 12 25 16 -15 15 -17 28 -19 23 -21 -22 26 -24 -25 29 -27 -28 -29 -30 -31
leaf_value=-0.0023940801663976719 -0.00016370806956582051 9.1314262387430536e-05 -1.0473493480268502e-05 0.00033859702334791382 -0.00091471662373524129 -0.00054229718438579208 -0.00029853333128064145 8.038165875607439e-05 0.00075748870044194323 0.0012084050499146964 0.00019891075207026561 0.0024094260692629956 0.00090012373245685132 1.3053496945792325e-05 -0.00055138663102287291 -0.00087294032659472544 0.00074921498850693961 0.0015834164129911454 0.0011620282116630717 0.00054799052457473732 -0.00083286972491522168 0.0012798729027638552 0.00021398684288948436 6.8725933921880982e-05 0.00013842056618992751 0.0012576832767341357 0.00019003308494107025 -0.001867520352562898 0.0013269895447908682 0.00080325927410833289
leaf_weight=588 47 66 321 26 40 330 74 104 158 503 136 15.999999999999998 90 214 19 22 114 172 14.999999999999998 570 182 19 32 193 98 55 44 30 75 47
leaf_count=588 47 66 321 26 40 330 74 104 158 503 136 16 90 214 19 22 114 172 15 570 182 19 32 193 98 55 44 30 75 47
internal_value=-7.09625e-06 0.000392601 1.76505e-07 0.000943913 -0.00228015 -0.000358048 0.00025517 0.000340909 0.000678066 0.00126816 0.000727148 0.000993057 0.000618408 -0.000244395 -0.000355278 2.88272e-05 0.000731031 0.00130397 0.000398424 0.000475837 -0.000695532 0.000270772 -0.000475443 0.000147575 0.00056311 0.00151726 0.00051873 -0.00132308 0.000978496 0.000353924
internal_weight=4400 3742 2186 1556 658 909 1277 956 855 701 789 229 560 680 466 104 424 675 882 674 229 82 362 208 235 71 63 70 189 145
internal_count=4400 3742 2186 1556 658 909 1277 956 855 701 789 229 560 680 466 104 424 675 882 674 229 82 362 208 235 71 63 70 189 145
cat_boundaries=0 1 2 3
cat_threshold=272 145 309
is_linear=0
shrinkage=0.03


Tree=53
num_leaves=31
num_cat=1
split_feature=5 5 0 0 10 1 4 1 1 19 7 7 13 10 7 0 7 11 16 10 13 10 17 1 11 4 11 18 2 17
split_gain=4.17927 0.846437 0.209054 0.140188 0.0750069 0.0503239 0.0259613 0.0270274 0.0251924 0.0240177 0.0230095 0.0216874 0.0202414 0.0197243 0.024195 0.0184595 0.0177723 0.0234282 0.0204652 0.0196034 0.0162688 0.0151214 0.0141541 0.0140602 0.0145867 0.0138539 0.0135897 0.0357177 0.0182373 0.0134895
threshold=0.034989858012170395 0.16531440162271807 0.34281235812728811 0.54802186383041918 0.25000000000000011 0.033854166666666671 0.044270833333333336 0.065104166666666671 0.15364583333333334 0 0.095129496739318989 0.034936295407687758 1.0000000180025095e-35 -0.24999999999999994 0.11227999405523552 0.42480650353544097 0.10036056523027932 -0.5 28.500000000000004 0.68301270189221941 1.0000000180025095e-35 -0.93301270189221908 0.26019062207471716 0.080729166666666671 0.93301270189221952 0.013020833333333334 0.6830127018922193 0.50147058823529422 0.049479166666666671 0.27207075553364507
decision_type=2 2 2 2 2 2 2 2 2 1 2 2 2 2 2 2 2 2 2 2 2 2 2 2 2 2 2 2 2 2
left_child=4 2 9 6 -1 10 13 -8 16 11 12 -2 -4 -3 -15 23 -5 -18 19 -19 -6 -17 -11 24 -7 -13 28 29 -9 -28
right_child=1 3 5 8 20 15 7 26 -10 22 -12 25 -14 14 -16 21 17 18 -20 -21 -22 -23 -24 -25 -26 -27 27 -29 -30 -31
leaf_value=-0.0023222578836829613 -0.00082004240294364058 0.00073689880265272775 -0.00022161287557365684 0.0012944197165786848 -0.00088727580464582727 0.00017363885593043828 0.00051842710046515271 0.00040875714030197765 0.001574813157062346 0.00052009424274783488 -0.00086955410248730101 -0.0008694012243327091 0.00017568318351392559 0.00034695247676042675 -0.00068198080542259103 -0.00019209460779019114 0.00043429374908272032 0.00039406350694975789 0.0015095221535724275 0.0011754977405013763 -0.0018114965933016109 0.00046073567405250385 -0.00029091453528059294 0.00080099735542941096 -0.00052060826873849737 -0.00016052016368460985 0.00039219583753374767 0.0024001916666476887 0.0009597684645874365 0.0012743911027680945
leaf_weight=588 224 88 219 296 40 448 253 72 150 21 30 33 244 116 25 34 60 47 73 75 30 525 249 30 29 100 26 19 217 39
leaf_count=588 224 88 219 296 40 448 253 72 150 21 30 33 244 116 25 34 60 47 73 75 30 525 249 30 29 100 26 19 217 39
internal_value=-6.86958e-06 0.00038084 1.71567e-07 0.000915634 -0.00221174 0.000186224 0.000657794 0.000757779 0.00123012 -0.000462438 -6.44097e-05 -0.000622433 -1.22388e-05 0.000384472 0.000164514 0.000302137 0.00113628 0.0009527 0.00111221 0.000874459 -0.00128339 0.000421028 -0.000219697 0.000171051 0.00013143 -0.000336413 0.000920125 0.00125601 0.000822494 0.000921524
internal_weight=4400 3742 2186 1556 658 1559 855 626 701 627 493 357 463 229 141 1066 551 255 195 122 70 559 270 507 477 133 373 84 289 65
internal_count=4400 3742 2186 1556 658 1559 855 626 701 627 493 357 463 229 141 1066 551 255 195 122 70 559 270 507 477 133 373 84 289 65
cat_boundaries=0 1
cat_threshold=529
is_linear=0
shrinkage=0.03


Tree=54
num_leaves=31
num_cat=2
split_feature=0 6 6 1 0 11 11 6 1 19 9 11 9 11 5 11 8 11 10 6 19 9 1 8 9 10 9 11 9 6
split_gain=3.93323 0.764137 0.191372 0.15387 0.144382 0.0502173 0.0483563 0.0457181 0.0336833 0.0336705 0.0300306 0.0267849 0.0239905 0.0237537 0.0220694 0.0211833 0.0219015 0.0220853 0.0214053 0.0195412 0.0185966 0.0188015 0.0174943 0.0170311 0.0165185 0.0193748 0.0161751 0.0229799 0.0168578 0.0156813
threshold=0.23559660932262541 0.307373271889401 0.19917368504687752 0.070312500000000014 1.0000000180025095e-35 0.93301270189221952 0.6830127018922193 0.53963133640553018 0.018229166666666668 0 0.23450036469730126 0.25000000000000017 0.18745441283734501 0.6830127018922193 0.49290060851926981 -0.9330127018922193 0.20833669660143139 1.0000000180025095e-35 0.25000000000000011 0.27603686635944708 1 0.50474106491611981 0.013020833333333334 0.12558172954289096 0.39897884755652818 0.93301270189221952 0.89824945295404834 -0.5 0.68088986141502572 0.39861751152073738
decision_type=2 2 2 2 2 2 2 2 2 1 2 2 2 2 2 2 2 2 2 2 1 2 2 2 2 2 2 2 2 2
left_child=4 2 6 5 -1 13 9 12 19 -2 23 -12 -5 -3 15 -9 -17 -18 -19 -4 -13 -22 -11 -10 -6 -26 27 -14 -29 -7
right_child=1 3 8 7 24 29 -8 14 10 22 11 20 26 -15 -16 16 17 18 -20 -21 21 -23 -24 -25 25 -27 -28 28 -30 -31
leaf_value=-0.0022260780248883525 -0.00064811197193673383 0.00055425852889344528 -8.9182685219392079e-05 0.00010221731886536834 -0.0018183907740919219 -0.00055483701582990323 0.00076579888313903341 0.0019554964124552407 0.00016828329488555966 -0.00065913176603422095 0.00024045307239812757 0.00082908042655727902 0.00059557941071503972 0.0012157858497104884 0.0020768293852285648 0.001409857292557039 0.00051268814696205252 0.00074612085499428638 0.0015600030866344361 -0.0012199975713201355 1.6631454448394366e-05 0.0006133074479177167 -0.00017485514400362033 -0.00053443851612996161 -0.00042314106808022075 -0.0015425456836909834 0.0017766455389682727 0.0011135002175292762 0.00044762416901332323 0.00017693839585618761
leaf_weight=616 269 437 72 31 14.999999999999998 38 35 36 73 77 598 147 138 55 32 202 65 52 66 17 89 102 524 54 52 19 21 344 38 86
leaf_count=616 269 437 72 31 15 38 35 36 73 77 598 147 138 55 32 202 65 52 66 17 89 102 524 54 52 19 21 344 38 86
internal_value=-6.66346e-06 0.000384137 -1.04045e-06 0.000866958 -0.00206532 0.000492229 -0.000327512 0.00109216 0.000255432 -0.000371496 0.000302371 0.000361106 0.000913855 0.000628212 0.0013173 0.00125957 0.00119449 0.000956749 0.00120135 -0.000305192 0.000574568 0.000318596 -0.000233024 -0.000130514 -0.000913842 -0.000722718 0.000960363 0.000927394 0.00104726 -4.7318e-05
internal_weight=4400 3698 2057 1641 702 616 905 1025 1152 870 1063 936 572 492 453 421 385 183 118 89 338 191 601 127 86 71 541 520 382 124
internal_count=4400 3698 2057 1641 702 616 905 1025 1152 870 1063 936 572 492 453 421 385 183 118 89 338 191 601 127 86 71 541 520 382 124
cat_boundaries=0 1 2
cat_threshold=17 588
is_linear=0
shrinkage=0.03


Tree=55
num_leaves=31
num_cat=1
split_feature=5 20 5 1 10 1 6 1 6 10 16 11 19 11 6 10 18 20 16 13 11 9 18 9 16 6 10 20 16 9
split_gain=3.70345 0.779953 0.230953 0.102239 0.0651253 0.0364143 0.0330987 0.0307271 0.0289423 0.0373462 0.0319579 0.0449667 0.0256742 0.0241568 0.0225697 0.0212732 0.0221557 0.0173947 0.0160561 0.0158913 0.0147687 0.0193133 0.0170153 0.0140693 0.0138063 0.0135115 0.0134236 0.01594 0.0133273 0.0123347
threshold=0.033603786342123063 0.42141001303737941 0.21805273833671404 0.028645833333333336 0.25000000000000011 0.085937500000000014 0.19549411162314392 0.054687500000000007 0.27603686635944708 -0.24999999999999994 29.500000000000004 -0.24999999999999994 0 -0.9330127018922193 0.30921658986175121 -0.6830127018922193 0.49558823529411766 0.61636054089337511 8.5000000000000018 0.81174490092936691 -0.5 0.53610503282275734 0.44264705882352945 0.59992706053975209 13.500000000000002 0.12981090100111239 1.0000000180025095e-35 0.42967650103131855 25.500000000000004 0.48322392414296145
decision_type=2 2 2 2 2 2 2 2 2 2 2 2 1 2 2 2 2 2 2 2 2 2 2 2 2 2 2 2 2 2
left_child=4 3 8 6 -1 20 -2 19 15 10 -10 -12 13 -11 -15 -3 26 -7 -14 25 22 -22 -4 24 -23 28 -17 -28 -5 -8
right_child=1 2 5 7 -6 17 29 -9 9 12 11 -13 18 14 -16 16 -18 -19 -20 -21 21 23 -24 -25 -26 -27 27 -29 -30 -31
leaf_value=-0.00219515244563241 -0.00054130571350676047 -0.00013837106638794869 -0.00036801636882875658 0.00017401825228966679 -0.0011724272728717603 0.0010952580630655276 -0.00033512367072379356 0.00042291543373578524 0.0006082231999448573 0.00067737407744253937 0.00066100217494299103 0.0018726362267392634 0.00013869680448848898 -0.00097591494292146425 8.0000356106828128e-05 0.0005857450028603563 0.00091108954693432641 0.001437007670417262 0.00058984648786865801 0.00041491081326182241 0.00062904805414498472 0.001233045212724863 0.00068375352277484907 0.00084286012153460873 0.0023542236072104359 -1.9183185115456024e-05 0.00064530919055624174 3.4811788110330929e-06 -0.00067533223298046668 0.00013518146428403128
leaf_weight=583 553 94 19 23 62 480 97 176 256 31 60 51 87 29 49 84 57 186 386 63 101 29 51 41 14.999999999999998 398 44 167 60 104
leaf_count=583 553 94 19 23 62 480 97 176 256 31 60 51 87 29 49 84 57 186 386 63 101 29 51 41 15 398 44 167 60 104
internal_value=4.63513e-06 0.000362181 0.000705394 -0.00017732 -0.00209685 0.00107381 -0.000421473 7.83615e-05 0.000461894 0.000555571 0.000792567 0.00121771 0.000406125 -2.84295e-05 -0.000312591 0.000262566 0.000369635 0.0011907 0.000496372 -3.31123e-05 0.000769713 0.0009095 0.000398272 0.00124273 0.00161531 -9.17939e-05 0.000265012 0.000137325 -0.000439971 -9.17822e-05
internal_weight=4436 3791 2317 1474 645 922 754 720 1395 949 367 111 582 109 78 446 352 666 473 544 256 186 70 85 44 481 295 211 83 201
internal_count=4436 3791 2317 1474 645 922 754 720 1395 949 367 111 582 109 78 446 352 666 473 544 256 186 70 85 44 481 295 211 83 201
cat_boundaries=0 1
cat_threshold=148
is_linear=0
shrinkage=0.03


Tree=56
num_leaves=31
num_cat=1
split_feature=5 20 5 1 10 1 6 1 6 10 16 7 19 20 6 10 12 6 5 8 8 16 4 17 13 9 16 10 7 8
split_gain=3.48458 0.733858 0.217304 0.0961967 0.0612763 0.0342621 0.0311426 0.0289111 0.0272318 0.0351391 0.0300692 0.0258134 0.0241568 0.0230842 0.0223538 0.020016 0.0174045 0.016789 0.0169693 0.0163674 0.0162149 0.0151072 0.017138 0.0149874 0.0149522 0.0147224 0.0144471 0.0174674 0.0152676 0.013641
threshold=0.033603786342123063 0.42141001303737941 0.21805273833671404 0.028645833333333336 0.25000000000000011 0.085937500000000014 0.19549411162314392 0.054687500000000007 0.27603686635944708 -0.24999999999999994 29.500000000000004 0.086724821097632201 0 0.4823181611744996 0.307373271889401 -0.6830127018922193 -1.0000000180025095e-35 0.61244239631336417 0.45638945233265721 0.29024861203486146 0.10569381147397909 8.5000000000000018 0.059895833333333336 0.19874904263466944 0.81174490092936691 0.32676878191101399 28.500000000000004 -0.5 0.1598231199900437 0.088210155466507345
decision_type=2 2 2 2 2 2 2 2 2 2 2 2 1 2 2 2 2 2 2 2 2 2 2 2 2 2 2 2 2 2
left_child=4 3 8 6 -1 -4 20 24 15 10 -10 -8 14 -12 16 -3 -11 26 19 -19 -2 -14 -23 -16 -5 -17 28 -28 -7 -27
right_child=1 2 5 7 -6 17 11 -9 9 12 13 -13 21 -15 23 25 -18 18 -20 -21 -22 22 -24 -25 -26 29 27 -29 -30 -31
leaf_value=-0.0021292978848549615 -0.00047671545325772422 -0.00013421997627231371 0.00074662216780980713 -8.9040082935956389e-05 -0.001137255017611454 0.00094549206838511445 1.0955592678542346e-05 0.00041022804511868234 0.00058997657288606571 -0.0013701652219996524 0.00071190538469033144 -0.0012450268685689201 0.00013453595129570294 0.0015800451103342732 -0.00046371236447477487 0.00091625410375564917 -6.9800552805255526e-05 0.0013871694973046247 0.0020242937362383966 0.00078507906265261806 -0.0010708742600662577 0.00037225032538663443 0.00077204898701479434 0.00053820364831978372 0.00040246368130070654 0.0011175077110108231 0.0019033824474329721 0.0010911467863080923 0.00016722787901766596 0.00024374052920403706
leaf_weight=583 508 94 256 481 62 142 185 176 256 15.999999999999998 51 15.999999999999998 87 60 18 38 22 186 29 52 45 193 193 53 63 17 27 203 27 297
leaf_count=583 508 94 256 481 62 142 185 176 256 16 51 16 87 60 18 38 22 186 29 52 45 193 193 53 63 17 27 203 27 297
internal_value=4.49615e-06 0.000351316 0.000684233 -0.000172001 -0.00203394 0.0010416 -0.000408829 7.60107e-05 0.000448037 0.000538904 0.00076879 -8.90288e-05 0.000393941 0.00118118 -2.75767e-05 0.000254689 -0.000617344 0.00115498 0.00133912 0.00125562 -0.000525067 0.000481481 0.000572151 0.000284194 -3.2119e-05 0.000358546 0.00103176 0.0011865 0.000821156 0.00029105
internal_weight=4436 3791 2317 1474 645 922 754 720 1395 949 367 201 582 111 109 446 38 666 267 238 553 473 386 71 544 352 399 230 169 314
internal_count=4436 3791 2317 1474 645 922 754 720 1395 949 367 201 582 111 109 446 38 666 267 238 553 473 386 71 544 352 399 230 169 314
cat_boundaries=0 1
cat_threshold=148
is_linear=0
shrinkage=0.03


Tree=57
num_leaves=31
num_cat=1
split_feature=0 1 6 0 19 0 6 11 6 8 11 9 0 17 7 6 17 7 6 7 11 17 11 7 7 11 6 9 9 7
split_gain=3.27595 0.700704 0.18936 0.133155 0.0384189 0.0354564 0.0292173 0.0269915 0.0236745 0.0231577 0.021423 0.0183728 0.0182976 0.0181165 0.0175009 0.0187425 0.0170894 0.0160116 0.0149921 0.0138958 0.013821 0.0221292 0.0157244 0.0177562 0.0133724 0.0167135 0.0235762 0.0134662 0.0121997 0.012033
threshold=0.08076589754599578 0.054687500000000007 0.19917368504687752 0.53408883435755816 0 0.42141001303737941 0.30368663594470052 0.6830127018922193 0.54239631336405547 0.080994490627458365 0.6830127018922193 0.18745441283734501 1.0000000180025095e-35 0.3085914918466221 0.092848179558897223 0.36635944700460837 0.4564717896349248 0.047593645554304349 0.27788018433179729 0.017764635875994323 0.93301270189221952 0.29881242682207537 0.6830127018922193 0.12456006935358581 0.12338484922465606 0.25000000000000017 0.61244239631336417 0.47191830780452232 0.4584245076586434 0.026939363447750605
decision_type=2 2 2 2 1 2 2 2 2 2 2 2 2 2 2 2 2 2 2 2 2 2 2 2 2 2 2 2 2 2
left_child=12 2 4 6 7 14 10 19 -5 17 -3 -8 -1 -11 15 18 24 29 -4 -2 21 -7 23 -23 27 26 -26 -10 -12 -6
right_child=1 3 5 8 9 20 11 -9 16 13 28 -13 -14 -15 -16 -17 -18 -19 -20 -21 -22 22 -24 -25 25 -27 -28 -29 -30 -31
leaf_value=-0.0020142566649511734 -0.0011337988533374449 0.00026336423902269967 7.5496264891901135e-05 0.00086719296485939597 0.00039164986251679528 0.00066796716915102847 0.00020786704801491204 0.00035544828969259138 0.0008250522895855997 -0.00060787212905019997 0.00050764810489875697 0.00075225433450827617 -0.00098664421872450884 -0.0001272138881950353 -0.00086062616993144681 0.00081249182866340931 0.0018818239700018518 0.00091105826860209929 -0.00041777798060100695 -0.00059361266075220272 -4.4450994263902753e-05 0.0002428844632818701 0.00069911292793636956 -0.00070153703632926307 -0.00026740245833780426 0.0014213775970195268 0.00092417585477624735 0.0013572003016689858 0.0011881800748275457 -0.00018104296109617695
leaf_weight=620 49 373 347 328 47 187 63 25 52 131 66 488 15.999999999999998 153 20 27 31 19 66 342 71 314 65 19 19 38 70 242 37 111
leaf_count=620 49 373 347 328 47 187 63 25 52 131 66 488 16 153 20 27 31 19 66 342 71 314 65 19 19 38 70 242 37 111
internal_value=4.36132e-06 0.000337888 -5.00139e-05 0.000765718 -0.000379885 0.000209213 0.000541286 -0.000586118 0.00106122 -0.000177224 0.000369126 0.000690011 -0.00198841 -0.000348927 7.27873e-06 4.67308e-05 0.00120201 8.82651e-05 -3.33289e-06 -0.000661311 0.000350813 0.000398785 0.000272309 0.000188997 0.00115195 0.000894687 0.000669794 0.00126308 0.00075212 -1.06836e-05
internal_weight=4436 3800 1993 1807 877 1116 1027 416 780 461 476 551 636 284 460 440 452 177 413 391 656 585 398 333 421 127 89 294 103 158
internal_count=4436 3800 1993 1807 877 1116 1027 416 780 461 476 551 636 284 460 440 452 177 413 391 656 585 398 333 421 127 89 294 103 158
cat_boundaries=0 1
cat_threshold=529
is_linear=0
shrinkage=0.03


Tree=58
num_leaves=31
num_cat=2
split_feature=5 6 6 0 11 10 11 19 11 16 18 0 8 7 10 19 8 16 6 11 7 16 18 8 9 18 6 6 10 8
split_gain=3.08477 0.651065 0.172748 0.105609 0.0631978 0.0561578 0.0415005 0.0364273 0.0332717 0.0299255 0.0365748 0.0360909 0.0267717 0.0265775 0.0262354 0.0345122 0.0411022 0.0329788 0.0422992 0.0379186 0.0315209 0.0329755 0.0213373 0.0200166 0.0200938 0.0185222 0.018237 0.022309 0.0249799 0.0180376
threshold=0.033603786342123063 0.30552995391705079 0.19917368504687752 0.55882118566514938 0.93301270189221952 0.25000000000000011 0.6830127018922193 0 0.6830127018922193 29.500000000000004 0.48382352941176471 0.50774919692187181 0.1439067609595597 0.13361070511376938 -0.24999999999999994 1 0.11336561747834252 29.500000000000004 0.27788018433179729 -0.24999999999999994 0.079237953319248058 8.5000000000000018 0.47500000000000003 0.10757186459095865 0.5977388767323123 0.46323529411764708 0.53041474654377896 0.46682027649769592 0.25000000000000011 0.086364620040429649
decision_type=2 2 2 2 2 2 2 1 2 2 2 2 2 2 2 1 2 2 2 2 2 2 2 2 2 2 2 2 2 2
left_child=5 2 7 4 6 -1 12 8 -2 -8 11 -11 -3 -14 17 16 -16 18 -4 -19 21 25 -9 24 -23 -17 27 -5 -29 -10
right_child=1 3 14 26 -6 -7 9 22 29 10 -12 -13 13 -15 15 20 -18 19 -20 -21 -22 23 -24 -25 -26 -27 -28 28 -30 -31
leaf_value=-0.0020049915292070859 -0.00061578957225841442 0.00040225825428925947 3.3900589909165465e-06 0.0011887282273643856 5.0708695055940757e-05 -0.0010552868425575653 0.00061277648860488289 -0.00037441012638851645 -0.00034231992034299534 0.00176226345625917 0.0023483280179731995 -6.0610360787559873e-05 0.00081126974158965979 -0.00019478386481917289 0.00030489284867515432 -0.0014019737938128778 -0.00048956401317027949 0.00045809527475414126 0.00085381456885113595 0.0014508909572198739 0.00085454472377207401 -0.001053438018983645 1.693885441853661e-05 0.00039559544967522007 0.00013636698368653575 -0.00016418584620497958 0.0011851173260514314 1.4131450536570251e-05 0.00095389281511492707 0.0011056979549267537
leaf_weight=583 393 332 233 86 167 62 46 217 15.000000000000002 23 32 17 432 25 95 15.999999999999998 153 140 68 46 69 18 297 240 44 34 434 46 57 15.999999999999998
leaf_count=583 393 332 233 86 167 62 46 217 15 23 32 17 432 25 95 16 153 140 68 46 69 18 297 240 44 34 434 46 57 16
internal_value=4.23052e-06 0.000330548 -2.33753e-05 0.000767269 0.000587019 -0.0019137 0.000685766 -0.000325869 -0.000528683 0.0012105 0.00159237 0.00098756 0.000607287 0.000756234 0.000222074 0.000100136 -0.000178056 0.000389581 0.000195515 0.000703632 0.000262017 0.00015331 -0.000145451 0.000271458 -0.000209072 -0.000560298 0.001078 0.000832031 0.000534198 0.000405056
internal_weight=4436 3791 2094 1697 1074 645 907 938 424 118 72 40 789 457 1156 669 248 487 301 186 421 352 514 302 62 50 623 189 103 31
internal_count=4436 3791 2094 1697 1074 645 907 938 424 118 72 40 789 457 1156 669 248 487 301 186 421 352 514 302 62 50 623 189 103 31
cat_boundaries=0 1 2
cat_threshold=529 56
is_linear=0
shrinkage=0.03


Tree=59
num_leaves=31
num_cat=2
split_feature=0 1 6 0 0 19 8 6 19 7 17 8 7 6 6 11 16 11 18 0 17 6 17 16 7 4 0 7 16 0
split_gain=2.9008 0.625389 0.166421 0.117218 0.0328328 0.0316643 0.0262519 0.0255997 0.0227433 0.0226537 0.025213 0.0255951 0.0198339 0.0204679 0.0196027 0.0194683 0.0168334 0.0428039 0.0243806 0.016148 0.0157492 0.0239151 0.0156305 0.0162796 0.0147971 0.0180363 0.0196967 0.0146681 0.01472 0.0171778
threshold=0.08076589754599578 0.054687500000000007 0.1905821282906934 0.53408883435755816 0.42141001303737941 0 0.080994490627458365 0.30368663594470052 1 0.16947311116436589 0.40471732902164365 0.20622435817705217 0.33804259110067586 0.53041474654377896 0.14668679485142225 0.6830127018922193 29.500000000000004 0.6830127018922193 0.48382352941176471 1.0000000180025095e-35 0.19874904263466944 0.27603686635944708 0.3085914918466221 6.5000000000000009 0.087230509471486625 0.11718750000000001 0.48998056559818987 0.047593645554304349 10.500000000000002 0.33835026822848241
decision_type=2 2 2 2 2 1 2 2 1 2 2 2 2 2 2 2 2 2 2 2 2 2 2 2 2 2 2 2 2 2
left_child=19 2 5 7 20 14 27 15 12 10 11 -10 13 -5 -2 -3 -9 24 -19 -1 -4 -22 -8 -24 -18 26 -26 28 29 -7
right_child=1 3 4 8 -6 6 22 16 9 -11 -12 -13 -14 -15 -16 -17 17 18 -20 -21 21 -23 23 -25 25 -27 -28 -29 -30 -31
leaf_value=-0.0018953797618707963 -0.00064442233904902027 0.00024959297596152598 0.00065183047520226941 0.00080845120731735834 0.00032085000616698117 0.0011561789168702207 -0.00061343704846284039 0.00050618159385185178 0.00085096362724008739 -5.9669640985207126e-05 0.0014959801548202411 -6.7553517299008651e-05 0.002205737910354688 0.0012130380362077502 7.1918345350935957e-05 0.0007155176419660278 0.00080723289480253704 0.00095189433669967834 0.0023991989587659641 -0.00093001370233197886 5.2112963641373516e-05 -0.00052167921487628977 0.00071887861375565638 -0.00027516208179562536 0.00051133412842640266 0.001003088172211604 -0.00095515176121877216 0.00088630924706898349 -0.00015466398217806179 -0.0001564646494389632
leaf_weight=620 361 373 31 156 669 19 127 313 97 35 35 38 14.999999999999998 404 38 103 146 20 22 15.999999999999998 379 79 17 116 17 17 15.999999999999998 19 121 17
leaf_count=620 361 373 31 156 669 19 127 313 97 35 35 38 15 404 38 103 146 20 22 16 379 79 17 116 17 17 16 19 121 17
internal_value=4.10364e-06 0.000317953 -4.85097e-05 0.000722137 0.000184278 -0.000371346 -0.000179752 0.000511564 0.00099939 0.000605809 0.000778454 0.000592419 0.00110987 0.00110033 -0.000562111 0.000350414 0.000650778 0.000840937 0.00171005 -0.0018711 -2.56629e-06 -4.68608e-05 -0.000375401 -0.0001481 0.000654691 0.000209262 -0.000199697 9.90606e-05 3.78344e-06 0.000536332
internal_weight=4436 3800 1993 1807 1158 835 436 1027 780 205 170 135 575 560 399 476 551 238 42 636 489 458 260 133 196 50 33 176 157 36
internal_count=4436 3800 1993 1807 1158 835 436 1027 780 205 170 135 575 560 399 476 551 238 42 636 489 458 260 133 196 50 33 176 157 36
cat_boundaries=0 1 2
cat_threshold=529 166
is_linear=0
shrinkage=0.03


Tree=60
num_leaves=31
num_cat=1
split_feature=1 6 1 0 6 1 6 9 9 19 10 6 6 13 6 10 6 7 9 10 6 16 9 10 9 7 16 9 9 9
split_gain=2.69728 0.589785 0.143973 0.105471 0.0334381 0.0334112 0.0290105 0.0258609 0.0250765 0.0249873 0.0285403 0.0265868 0.025991 0.0192008 0.0180142 0.0286497 0.023569 0.0173834 0.018931 0.0171097 0.0164421 0.0157626 0.0184152 0.0228472 0.0156485 0.0156408 0.0151577 0.0151209 0.0144047 0.0139368
threshold=1.0000000180025095e-35 0.30552995391705079 0.028645833333333336 0.55882118566514938 0.19917368504687752 0.059895833333333336 0.1494994438264739 0.80598103574033564 0.1203501094091904 0 1.0000000180025095e-35 0.26197362148418885 0.25072302558398224 1.0000000180025095e-35 0.53041474654377896 -0.24999999999999994 0.46682027649769592 0.12106829783344576 0.35922684172137131 0.25000000000000011 0.39861751152073738 29.500000000000004 0.44894237782640417 0.25000000000000011 0.63493800145878942 0.05468897878109228 4.5000000000000009 0.51896425966447868 0.8231218088986143 0.97957695113056176
decision_type=2 2 2 2 2 2 2 2 2 1 2 2 2 2 2 2 2 2 2 2 2 2 2 2 2 2 2 2 2 2
left_child=19 2 4 5 -2 13 28 21 25 12 11 -11 -10 26 16 -16 -5 18 20 -1 -15 27 23 -23 -20 -8 -3 -7 -4 -17
right_child=1 3 6 14 -6 7 8 -9 9 10 -12 -13 -14 17 15 29 -18 -19 24 -21 -22 22 -24 -25 -26 -27 -28 -29 -30 -31
leaf_value=-0.0018851820342777727 -0.00045638589635480767 -0.00046164226212581043 -6.6015454997338875e-05 0.0011449066167901006 -2.275273466278095e-05 0.00031580493759914268 0.00035345409318203236 0.0016029941384877535 0.00067501210900775921 0.00015959748132929663 -1.6261430921936523e-05 0.00086202830253207571 0.00021269551499800173 -0.00016825403804873298 0.0022206831273156413 0.0010466633242194679 0.0004610796000468858 -0.00027698678132075479 0.0012050862177779825 -0.0011503108036915299 0.00072401078268862613 0.0018790217108502938 0.00066681785668724685 0.0007608866856811436 0.00052649450984317339 -0.00068008778703526943 0.00023584084511280988 0.00070148602279113744 -0.00077890945584859178 0.0018784971181831636
leaf_weight=578 602 34 144 86 218 181 19 26 214 134 410 76 224 41 21 395 96 22 57 30 34 29 191 38 66 43 160 185 31 19
leaf_count=578 602 34 144 86 218 181 19 26 214 134 410 76 224 41 21 395 96 22 57 30 34 29 191 38 66 43 160 185 31 19
internal_value=6.19379e-06 0.000303326 -3.00498e-05 0.000722772 -0.000341103 0.000541814 0.000166911 0.000675979 0.000223038 0.000257402 0.000127355 0.000413813 0.000428788 0.000331167 0.00103483 0.00113968 0.000784211 0.000523019 0.00061191 -0.00184892 0.000236244 0.000637351 0.000816938 0.00124488 0.000840971 -0.000363357 0.0001136 0.000510754 -0.000192303 0.00108484
internal_weight=4404 3796 2115 1681 820 1064 1295 650 1120 1058 620 210 438 414 617 435 182 220 198 608 75 624 258 67 123 62 194 366 175 414
internal_count=4404 3796 2115 1681 820 1064 1295 650 1120 1058 620 210 438 414 617 435 182 220 198 608 75 624 258 67 123 62 194 366 175 414
cat_boundaries=0 1
cat_threshold=583
is_linear=0
shrinkage=0.03


Tree=61
num_leaves=31
num_cat=3
split_feature=0 0 0 6 19 11 19 11 6 18 6 0 11 16 8 10 8 11 8 16 6 10 6 8 17 8 10 19 8 18
split_gain=2.53664 0.557026 0.129026 0.104714 0.0466512 0.0238967 0.0288869 0.0268168 0.0310094 0.0233484 0.0205927 0.0200961 0.0197006 0.0441002 0.022528 0.0197635 0.0192973 0.0192539 0.0175965 0.0169856 0.0168972 0.027384 0.0185686 0.0162363 0.0161353 0.0147732 0.0143802 0.0141802 0.0155481 0.0140483
threshold=1.0000000180025095e-35 0.44457804280797869 0.55485698752022106 0.16308596853646914 0 0.25000000000000017 1 0.93301270189221952 0.3000000000000001 0.48088235294117648 0.27880184331797242 0.26145367489924248 0.6830127018922193 29.500000000000004 0.13987323712011002 0.25000000000000011 0.099015322869268382 -0.24999999999999994 0.085061415947347133 7.5000000000000009 0.53041474654377896 -0.24999999999999994 0.46682027649769592 0.21743680224164993 0.21453493319717479 0.19123505505912505 0.25000000000000011 2 0.12535289271839811 0.48970588235294121
decision_type=2 2 2 2 1 2 1 2 2 2 2 2 2 2 2 2 2 2 2 2 2 2 2 2 2 2 2 1 2 2
left_child=26 3 9 4 -2 6 18 8 -7 10 19 -6 25 -14 15 -15 17 -13 -5 -3 22 -22 -4 -12 -9 27 -1 28 -11 -8
right_child=1 2 20 5 11 7 29 24 -10 12 23 16 13 14 -16 -17 -18 -19 -20 -21 21 -23 -24 -25 -26 -27 -28 -29 -30 -31
leaf_value=-0.0018286266587273022 0.0001023393285933092 -0.00088977806120712783 0.0010480947116167812 0.00053574369917891039 -0.00079012606700710813 0.00034457044304839728 0.00010882405273501755 0.0001637791872368817 0.0014153675657610203 0.0012458419150184687 0.00052720879289107857 -0.00047931645139866614 0.00041632270936794351 0.001722741858119325 0.0021119082624596942 0.00035250786774033879 -0.0011763767674230052 -3.3573499062097697e-05 -0.00023218154141931986 0.00015078492202386877 0.0021540657976137322 0.0010439826826777816 0.00048248344943466214 0.00016187542542701484 -0.00064672842781493935 0.00091043645790968297 -0.0011324114765717656 0.00027974554756554659 0.00050960771773892648 0.00058095780525981575
leaf_weight=578 158 15.999999999999998 106 29 149 247 282 60 27 42 447 265 73 18 29 20 26 130 363 120 21 420 103 145 35 72 28 257 67 71
leaf_count=578 158 16 106 29 149 247 282 60 27 42 447 265 73 18 29 20 26 130 363 120 21 420 103 145 35 72 28 257 67 71
internal_value=6.00806e-06 0.000293606 0.000646173 -8.07812e-05 -0.000360587 0.000102072 4.28462e-06 0.000299502 0.000450092 0.000474279 0.000361252 -0.000482241 0.000616637 0.000926429 0.0014822 0.00100159 -0.000384728 -0.000332617 -0.000171007 2.83601e-05 0.000991547 0.00109685 0.000769352 0.000437727 -0.000134833 0.000517614 -0.00179646 0.000440335 0.00072664 0.000198173
internal_weight=4404 3798 1956 1842 728 1114 745 369 274 1306 728 570 578 140 67 38 421 395 392 136 650 441 209 592 95 438 606 366 109 353
internal_count=4404 3798 1956 1842 728 1114 745 369 274 1306 728 570 578 140 67 38 421 395 392 136 650 441 209 592 95 438 606 366 109 353
cat_boundaries=0 1 2 3
cat_threshold=110 312 522
is_linear=0
shrinkage=0.03


Tree=62
num_leaves=31
num_cat=0
split_feature=20 6 5 20 11 11 11 7 5 6 11 18 17 7 16 18 5 6 10 6 10 10 9 9 11 9 18 11 10 9
split_gain=2.38679 0.525581 0.129669 0.0930246 0.0492242 0.0440012 0.0354277 0.0333847 0.0301808 0.0201916 0.0260657 0.0198568 0.0197391 0.0200133 0.0183735 0.0269759 0.0172948 0.0159392 0.0253518 0.021056 0.0135303 0.0131889 0.0131133 0.013686 0.0143636 0.0119913 0.0119148 0.0346705 0.0233623 0.0159746
threshold=1.0000000180025095e-35 0.30552995391705079 0.10158891142663963 0.55882118566514938 0.93301270189221952 0.6830127018922193 0.6830127018922193 0.10036056523027932 0.057809330628803259 0.27603686635944708 0.6830127018922193 0.47205882352941181 0.24891498595864187 0.022453387336832647 29.500000000000004 0.48382352941176471 0.20588235294117649 0.53041474654377896 -0.24999999999999994 0.46682027649769592 0.25000000000000011 0.25000000000000011 0.97957695113056176 0.89824945295404834 -0.9330127018922193 0.69876002917578428 0.4485294117647059 -0.68301270189221952 0.25000000000000011 0.80598103574033564
decision_type=2 2 2 2 2 2 2 2 2 2 2 2 2 2 2 2 2 2 2 2 2 2 2 2 2 2 2 2 2 2
left_child=20 2 8 4 6 11 26 -7 -2 10 12 -4 -10 -14 -8 16 -16 19 -19 -5 -1 25 23 24 -20 -21 27 28 -3 -28
right_child=1 3 5 17 -6 7 14 -9 9 -11 -12 -13 13 -15 15 -17 -18 18 22 21 -22 -23 -24 -25 -26 -27 29 -29 -30 -31
leaf_value=-0.0017737679584711662 -0.0005009543135376344 0.0004608622502490136 -8.3556313013369575e-05 0.0010791173493821969 4.784343782556541e-05 0.00048072040359281522 0.00057443639766290965 0.0018725175251426657 0.00085083322365433632 -0.0012437559687344681 0.00051320810997114994 0.0002077230394197988 0.00056392721300497996 -0.00025894690978113272 0.001373646945420629 0.0020396901216300388 0.00020098347140333082 0.0020894469053448442 0.0016783526161486223 0.00052037912524160416 -0.0010984403243781515 0.00072362908307773885 0.001790827317840237 0.00021928429488470943 0.00097197831263969329 -0.00053202691637216804 0.00053864352753028768 0.00074205644421901286 -0.0010483474996656303 0.0012831752226608946
leaf_weight=578 354 14.999999999999998 324 86 173 177 42 17 15.999999999999998 14.999999999999998 52 602 28 532 28 31 19 21 28 20 28 57 19 20 347 19 658 47 24 27
leaf_count=578 354 15 324 86 173 177 42 17 16 15 52 602 28 532 28 31 19 21 28 20 28 57 19 20 347 19 658 47 24 27
internal_value=5.85391e-06 0.000284828 -2.96476e-05 0.000680869 0.000510923 0.000191875 0.000600837 0.000602691 -0.000278499 -0.000156027 -0.000130044 0.000105807 -0.000188117 -0.000217802 0.00108034 0.00135274 0.000899606 0.000973935 0.00107257 0.000738193 -0.00174257 0.000432773 0.00102098 0.000983944 0.00102473 7.66799e-06 0.000526205 0.000193363 -0.000467885 0.000567992
internal_weight=4404 3798 2117 1681 1064 1120 891 194 997 643 628 926 576 560 120 78 47 617 435 182 606 96 414 395 375 39 771 86 39 685
internal_count=4404 3798 2117 1681 1064 1120 891 194 997 643 628 926 576 560 120 78 47 617 435 182 606 96 414 395 375 39 771 86 39 685
is_linear=0
shrinkage=0.03


Tree=63
num_leaves=31
num_cat=0
split_feature=1 6 1 1 11 11 7 0 6 9 6 9 11 16 10 9 18 17 0 12 5 10 18 16 5 17 7 9 1 9
split_gain=2.24694 0.493207 0.123901 0.0887749 0.0498084 0.0319576 0.030706 0.0301511 0.0283175 0.0274232 0.016781 0.0155262 0.0179707 0.0282097 0.050936 0.0285207 0.0222813 0.0235494 0.0221872 0.0164514 0.0151628 0.0142136 0.0139372 0.0128917 0.0127704 0.0122961 0.0122482 0.0118809 0.0118548 0.0115931
threshold=1.0000000180025095e-35 0.30552995391705079 0.028645833333333336 0.075520833333333343 0.6830127018922193 0.93301270189221952 0.075179065199974346 0.61229581972090841 0.19917368504687752 0.50474106491611981 0.1494994438264739 0.18745441283734501 -0.5 29.500000000000004 0.25000000000000011 0.57330415754923425 0.45147058823529412 0.34707977897699105 0.51931752276443832 1.0000000180025095e-35 0.12018255578093308 0.25000000000000011 0.49558823529411766 28.500000000000004 0.50405679513184587 0.31759145956763773 0.095648249209454236 0.8231218088986143 0.023437500000000003 0.71298322392414315
decision_type=2 2 2 2 2 2 2 2 2 2 2 2 2 2 2 2 2 2 2 2 2 2 2 2 2 2 2 2 2 2
left_child=21 2 8 5 10 20 -6 11 25 -8 27 -5 16 15 19 -14 -13 18 -18 -15 -3 -1 -12 -9 -25 28 29 -4 -2 -19
right_child=1 3 4 7 6 -7 9 23 -10 -11 22 12 13 14 -16 -17 17 26 -20 -21 -22 -23 -24 24 -26 -27 -28 -29 -30 -31
leaf_value=-0.0017205550451490467 -0.00058263749448609703 0.0013360616420020955 -8.3315680407342228e-05 0.00013162402839552362 0.00041428070635811414 -8.9723187350395178e-06 0.00067941037275172573 0.00087788912109578105 -2.3581086640056183e-05 0.0023589102110171917 7.2711588569130298e-05 -0.00056745237501039001 0.00044823091227013648 0.0013703736762143309 0.00091189158695679855 0.0010025648999163253 0.00048248087288968222 -2.5367155842151666e-05 0.0012854932940811179 0.0025801530400018625 0.00047409705262900726 -0.0010507587817295491 0.0003927818603572874 0.0012408107699663853 0.0021479522043304899 -0.00020560762098542911 -0.00050767388294755821 -0.00073838300696268597 -0.00018010464310128086 0.0009760117690295997
leaf_weight=578 352 19 127 34 169 136 21 85 218 14.999999999999998 787 14.999999999999998 176 17 154 159 64 23 60 25 551 30 145 110 15.999999999999998 169 18 31 81 19
leaf_count=578 352 19 127 34 169 136 21 85 218 15 787 15 176 17 154 159 64 23 60 25 551 30 145 110 16 169 18 31 81 19
internal_value=5.67838e-06 0.000276874 -2.79867e-05 0.000660443 0.000154729 0.000404241 0.000583744 0.00084596 -0.000316544 0.00137925 7.40422e-05 0.000758285 0.000787472 0.000878594 0.00116447 0.000711335 0.000544323 0.00063496 0.000871043 0.00209052 0.000502831 -0.00168751 0.000122508 0.00116341 0.00135602 -0.000422633 0.000147049 -0.000211845 -0.000507337 0.00042765
internal_weight=4404 3796 2115 1681 1295 706 205 975 820 36 1090 764 730 531 196 335 199 184 124 42 570 608 932 211 126 602 60 158 433 42
internal_count=4404 3796 2115 1681 1295 706 205 975 820 36 1090 764 730 531 196 335 199 184 124 42 570 608 932 211 126 602 60 158 433 42
is_linear=0
shrinkage=0.03


Tree=64
num_leaves=31
num_cat=0
split_feature=1 20 5 1 11 9 8 9 20 18 11 8 7 18 9 16 11 17 8 7 9 7 10 7 9 4 3 1 16 11
split_gain=2.11415 0.465143 0.108252 0.0864857 0.0333905 0.0273081 0.0371543 0.0277319 0.0237803 0.0255277 0.0478021 0.0216519 0.0196192 0.0192893 0.0165858 0.0203699 0.0152343 0.0195848 0.0158892 0.0149141 0.0156515 0.0146626 0.0133736 0.0132497 0.013168 0.0141703 0.0123302 0.0118968 0.0115355 0.0115732
threshold=1.0000000180025095e-35 0.44457804280797869 0.21805273833671404 0.018229166666666668 0.25000000000000017 0.12946754194018967 0.0708910785345329 0.5948212983223925 0.60947546798558971 0.44264705882352945 -0.5 0.13187153067892349 0.059770957393518474 0.48088235294117648 0.53610503282275734 29.500000000000004 0.6830127018922193 0.37771253510339559 0.20249421316166533 0.11470218836877218 0.80598103574033564 0.032574485205242816 0.25000000000000011 0.125746181198165 0.18745441283734501 0.059895833333333336 0.075520833333333343 0.080729166666666671 8.5000000000000018 1.0000000180025095e-35
decision_type=2 2 2 2 2 2 2 2 2 2 2 2 2 2 2 2 2 2 2 2 2 2 2 2 2 2 2 2 2 2
left_child=22 3 13 21 11 -6 -7 -8 9 10 -4 -5 -9 23 15 -11 17 19 -18 20 -16 -2 -1 28 -15 -26 -20 -13 -3 -30
right_child=1 2 8 4 5 6 7 12 -10 14 -12 27 -14 24 16 -17 18 -19 26 -21 -22 -23 -24 -25 25 -27 -28 -29 29 -31
leaf_value=-0.0016689384806510507 -0.00064447445276751957 2.0661794463631069e-05 -0.00092569425229813531 -0.00012178848408482433 -0.000367816763718186 -0.0010508989714185931 0.00034268988717035083 0.00050424435365311584 0.0010809770333151216 0.00036472937411345549 0.00072172444675384559 0.00015897896540523218 0.0020144766133864604 5.4057662062935522e-05 0.00097499466900663847 0.00093040115749234162 0.0019638171540238363 0.00025648458928058767 0.0015118385388860839 0.00055932836061037641 0.0018071694593782823 -0.00029119257502671425 -0.0010192370937051845 -0.00053733967689151708 0.00042151098530655032 0.00077507124442883406 0.00035150259424485928 0.00099023062560279389 0.00022549235728932019 0.00053584480094808927
leaf_weight=578 189 114 23 809 53 15.999999999999998 310 15.000000000000002 244 136 51 175 15.999999999999998 48 176 99 24 44 17 69 23 240 30 18 229 184 15.999999999999998 17 251 190
leaf_count=578 189 114 23 809 53 16 310 15 244 136 51 175 16 48 176 99 24 44 17 69 23 240 30 18 229 184 16 17 251 190
internal_value=5.50812e-06 0.000268568 0.000590657 -7.38269e-05 3.95828e-05 0.000267614 0.00036195 0.000428245 0.000827003 0.000735601 0.000209683 -5.38167e-05 0.00128376 0.00037991 0.000800034 0.000603037 0.000925491 0.000843095 0.00137648 0.000939403 0.00107118 -0.000446835 -0.00163688 0.000263687 0.00052437 0.000579031 0.000949279 0.000232584 0.000289667 0.000359205
internal_weight=4404 3796 1956 1840 1411 410 357 341 922 678 74 1001 31 1034 604 235 369 312 57 268 199 429 608 573 461 413 33 192 555 441
internal_count=4404 3796 1956 1840 1411 410 357 341 922 678 74 1001 31 1034 604 235 369 312 57 268 199 429 608 573 461 413 33 192 555 441
is_linear=0
shrinkage=0.03


Tree=65
num_leaves=31
num_cat=3
split_feature=1 1 5 6 0 19 18 19 10 7 9 9 10 19 6 4 11 5 17 6 7 11 9 7 8 10 18 8 17 2
split_gain=2.01544 0.394671 0.0947784 0.0919885 0.0724417 0.0385236 0.0290597 0.0248096 0.0242578 0.02216 0.0216303 0.0213503 0.0246404 0.0204169 0.0195798 0.0193646 0.0189713 0.0184017 0.0254033 0.0172758 0.0158071 0.0144762 0.0160735 0.0147135 0.0150756 0.0140034 0.0135279 0.0137772 0.0130922 0.0128875
threshold=0.0078125000000000017 0.054687500000000007 0.21805273833671404 0.19917368504687752 1.0000000180025095e-35 0 0.44264705882352945 1 1.0000000180025095e-35 0.33804259110067586 0.80598103574033564 0.15681983953318746 -0.24999999999999994 2 0.34792626728110604 0.091145833333333343 0.6830127018922193 0.057809330628803259 0.32988681814313686 0.20519397970534159 0.096392604787514213 -0.5 0.41320204230488705 0.13980411543182011 0.15639335566612553 0.25000000000000011 0.48088235294117648 0.21176080412325526 0.33310749330662537 0.096354166666666671
decision_type=2 2 2 2 2 1 2 1 2 2 2 2 2 1 2 2 2 2 2 2 2 2 2 2 2 2 2 2 2 2
left_child=4 3 19 7 25 9 -7 8 16 10 -4 15 -13 -14 -8 -5 17 -2 -19 -3 -12 29 -23 24 -24 -1 27 -21 -22 -15
right_child=1 2 5 11 -6 6 14 -9 -10 -11 20 12 13 21 -16 -17 -18 18 -20 26 28 22 23 -25 -26 -27 -28 -29 -30 -31
leaf_value=-0.0016209696767619877 -0.00079294748592646444 -3.1938680066913467e-05 0.0008708190568329511 -5.5994353525976274e-05 -0.00067066643646617081 -0.00062115729642018809 -0.0004968938091356955 -0.00010549035005441938 -0.00067409286153264768 0.0020987932463432026 0.0022034815734912603 0.00043752259001112793 0.00033962234512635792 -0.00014855644953697984 0.00062706330521925696 -0.0011174144022410722 0.00068144014616680821 0.00023978652591081397 -0.0008036124325270735 0.00035272176937489633 0.00042604155303697678 -0.0002170357059107736 0.00019412310494506643 -0.00062759159469861418 0.00083971345429349753 -0.0010031236268901178 0.00051432171027041593 -0.00019722979204317412 0.0014949930790417924 -0.0010691820615593985
leaf_weight=584 47 82 555 110 89 21 14.999999999999998 462 202 14.999999999999998 18 291 214 156 199 18 20 70 30 251 14.999999999999998 87 134 14.999999999999998 43 35 538 49 33 14.999999999999998
leaf_count=584 47 82 555 110 89 21 15 462 202 15 18 291 214 156 199 18 20 70 30 251 15 87 134 15 43 35 538 49 33 15
internal_value=-4.35404e-06 0.000275906 0.000595993 -2.36107e-05 -0.00147097 0.000820285 0.000425661 -0.000261038 -0.000440978 0.000944552 0.000931879 0.00015857 0.000207336 0.000106455 0.000548279 -0.000205264 -0.00018541 -0.000303353 -7.32381e-05 0.000383647 0.00144531 -1.1716e-05 0.000121234 0.000274513 0.000350965 -0.00158604 0.000424313 0.000262896 0.00116096 -0.000229319
internal_weight=4413 3705 1791 1914 708 871 235 831 369 636 621 1083 955 664 214 128 167 147 100 920 66 450 279 192 177 619 838 300 48 171
internal_count=4413 3705 1791 1914 708 871 235 831 369 636 621 1083 955 664 214 128 167 147 100 920 66 450 279 192 177 619 838 300 48 171
cat_boundaries=0 1 2 3
cat_threshold=166 529 582
is_linear=0
shrinkage=0.03


Tree=66
num_leaves=31
num_cat=2
split_feature=1 1 5 6 0 19 18 19 10 16 9 10 9 10 16 1 9 11 5 5 10 13 6 16 11 18 8 6 5 7
split_gain=1.89637 0.371301 0.0891771 0.0866082 0.0681603 0.0362469 0.0273424 0.0233328 0.0228241 0.0225724 0.0203552 0.0239387 0.0188904 0.018905 0.0205333 0.018596 0.0184623 0.0178501 0.0173142 0.0228506 0.0171461 0.0165466 0.0162548 0.0153041 0.0148534 0.0144412 0.016692 0.0136444 0.0247998 0.0135781
threshold=0.0078125000000000017 0.054687500000000007 0.21805273833671404 0.19917368504687752 1.0000000180025095e-35 0 0.44264705882352945 1 1.0000000180025095e-35 23.500000000000004 0.1203501094091904 -0.24999999999999994 0.80598103574033564 -0.5 28.500000000000004 0.033854166666666671 0.58242159008023353 0.6830127018922193 0.057809330628803259 0.07758620689655174 -0.6830127018922193 1.0000000180025095e-35 0.20519397970534159 7.5000000000000009 0.25000000000000017 0.4661764705882353 0.11901411644934903 0.48525345622119825 0.27687626774847879 0.12338484922465606
decision_type=2 2 2 2 2 1 2 1 2 2 2 2 2 2 2 2 2 2 2 2 2 2 2 2 2 2 2 2 2 2
left_child=4 3 22 7 -1 9 -7 8 17 20 -5 -12 13 14 -11 29 -8 18 -2 -20 -4 25 -3 -24 -25 26 -17 28 -18 -13
right_child=1 2 5 10 -6 6 16 -9 -10 12 11 15 -14 -15 -16 21 27 -19 19 -21 -22 -23 23 24 -26 -27 -28 -29 -30 -31
leaf_value=-0.0015384556119522287 -0.00076915956679342843 -3.0980529109977652e-05 0.00022666613940607969 -0.00034085622309468693 -0.00065054667142586532 -0.00060252345878286564 2.0500324967159095e-05 -0.00010239269803728485 -0.00065387017846937684 0.00097581689468783641 0.00039510645417419017 -5.3867361645500084e-05 0.0016452545156745082 0.00090190701056321217 0.0021956735819899337 0.0004059782372284703 0.00054943089525732796 0.00066099796165213886 0.00045107638881714804 -0.00046492020295407207 0.0008377075023762627 0.00041542770787998055 0.00014031205281894032 0.00036759805235118915 0.0006587925951223603 0.00021142505741029579 -0.00056925928239641682 0.00045238781639204344 0.0017148064461708717 -0.00090765251519696691
leaf_weight=619 47 82 51 70 89 21 49 462 202 27 336 244 47 270 23 22 42 20 43 57 218 191 153 439 246 146 56 96 27 18
leaf_count=619 47 82 51 70 89 21 49 462 202 27 336 244 47 270 23 22 42 20 43 57 218 191 153 439 246 146 56 96 27 18
internal_value=-4.20749e-06 0.000267648 0.000578114 -2.28657e-05 -0.00142684 0.000795677 0.000412891 -0.000253245 -0.000427749 0.000916216 0.000153907 0.000188097 0.00108363 0.00100114 0.00153698 8.53557e-05 0.000531831 -0.000179848 -0.000294253 -7.10411e-05 0.000721861 0.000210284 0.000372138 0.000411584 0.000472174 3.53619e-05 -0.000294191 0.00068368 0.00100547 -0.000112528
internal_weight=4413 3705 1791 1914 708 871 235 831 369 636 1083 1013 367 320 50 677 214 167 147 100 269 415 920 838 685 224 78 165 69 262
internal_count=4413 3705 1791 1914 708 871 235 831 369 636 1083 1013 367 320 50 677 214 167 147 100 269 415 920 838 685 224 78 165 69 262
cat_boundaries=0 1 2
cat_threshold=166 529
is_linear=0
shrinkage=0.03


Tree=67
num_leaves=31
num_cat=2
split_feature=1 1 5 5 0 19 16 1 9 9 7 10 8 19 11 16 10 11 13 5 8 8 3 9 10 12 8 8 13 8
split_gain=1.78428 0.349377 0.0839069 0.0760096 0.064132 0.0341047 0.0212384 0.0207611 0.0183463 0.017774 0.0182222 0.0161328 0.0158472 0.015285 0.0216711 0.0142029 0.0232983 0.0224885 0.0221098 0.0157833 0.0137552 0.0134877 0.0133782 0.0175677 0.0131759 0.0204261 0.0128711 0.017079 0.0119862 0.0197284
threshold=0.0078125000000000017 0.054687500000000007 0.21805273833671404 0.093982420554428681 1.0000000180025095e-35 0 23.500000000000004 0.013020833333333334 0.1203501094091904 0.80598103574033564 0.33804259110067586 -0.6830127018922193 0.06230738714895611 1 -0.5 29.500000000000004 -0.5 -0.24999999999999994 -0.22252093395631442 0.21196754563894527 0.32168781531003504 0.07776067539149624 0.13281250000000003 0.58242159008023353 0.25000000000000011 0.6078576107927941 0.16640278872593822 0.22811993962222285 1.0000000180025095e-35 0.1813468332704895
decision_type=2 2 2 2 2 1 2 2 2 2 2 2 2 1 2 2 2 2 2 2 2 2 2 2 2 2 2 2 2 2
left_child=4 3 15 7 24 6 11 -2 -5 10 20 -4 -9 14 -10 -3 17 -17 -19 -18 -8 -15 23 -7 -1 -26 -16 -28 -23 -30
right_child=1 2 5 8 -6 22 9 12 13 -11 -12 -13 -14 21 26 16 19 18 -20 -21 -22 28 -24 -25 25 -27 27 -29 29 -31
leaf_value=-0.001526187064454836 -0.00060525599312093821 0.00023785802102114245 0.00021986628861577826 -0.00034767241818675436 -0.00063103048551571138 2.9808723495393116e-05 0.00097568211721603599 -0.00044351058929256617 -0.00041451127762167289 0.0015958979460461006 0.0019919237797538102 0.0008125763904990481 -9.8996711093858302e-05 -0.00064787831722162273 0.00024686369262550155 0.0002495780591600546 0.00042500824305569958 0.00068737768742894751 0.0020337875862487431 -0.00056631771419101719 0.00017999603904095108 0.00013733047697193083 -0.0001631058736058904 0.00066861680823161523 -0.0016725938133658744 -0.00022253788395922258 -0.0010307145014576604 0.00010641985091352956 0.00026473070148796957 0.00079828908414344426
leaf_weight=584 125 440 51 67 89 52 284 159 87 47 14.999999999999998 218 492 14.999999999999998 197 24 397 21 23 14.999999999999998 21 356 31 152 17 18 18 35 283 80
leaf_count=584 125 440 51 67 89 52 284 159 87 47 15 218 492 15 197 24 397 21 23 15 21 356 31 152 17 18 18 35 283 80
internal_value=-4.08818e-06 0.000259611 0.00056077 -2.21958e-05 -0.00138404 0.000771807 0.00088873 -0.000251137 0.000133919 0.00105113 0.000971108 0.000700205 -0.000183141 0.000164047 -6.51177e-06 0.000360974 0.000473829 0.000988293 0.00139121 0.000388915 0.000920898 0.000239185 0.000400505 0.000505784 -0.0014923 -0.000926878 0.000135213 -0.000279789 0.000261019 0.000382321
internal_weight=4413 3705 1791 1914 708 871 636 776 1138 367 320 269 651 1071 337 920 480 68 44 412 305 734 235 204 619 35 250 53 719 363
internal_count=4413 3705 1791 1914 708 871 636 776 1138 367 320 269 651 1071 337 920 480 68 44 412 305 734 235 204 619 35 250 53 719 363
cat_boundaries=0 1 2
cat_threshold=166 273
is_linear=0
shrinkage=0.03


Tree=68
num_leaves=31
num_cat=2
split_feature=1 1 5 5 0 19 18 16 1 7 9 9 8 19 16 5 9 8 0 18 7 13 8 8 7 9 17 5 5 9
split_gain=1.67883 0.328729 0.078948 0.0715174 0.0603418 0.0320892 0.0253033 0.0199832 0.0195341 0.017306 0.0172621 0.0165105 0.0149107 0.0143817 0.0133635 0.0133835 0.0129599 0.0126906 0.0122058 0.0115206 0.0176829 0.0112779 0.0185625 0.0124015 0.0112081 0.0104969 0.0112016 0.0104684 0.0106394 0.00995502
threshold=0.0078125000000000017 0.054687500000000007 0.21805273833671404 0.093982420554428681 1.0000000180025095e-35 0 0.44264705882352945 23.500000000000004 0.013020833333333334 0.15643284819623146 0.1203501094091904 0.58242159008023353 0.06230738714895611 1 29.500000000000004 0.21196754563894527 0.80598103574033564 0.07776067539149624 0.36817239475186264 0.47500000000000003 0.096392604787514213 1.0000000180025095e-35 0.1813468332704895 0.21176080412325526 0.078820572627737201 0.71298322392414315 0.34515477772984848 0.060006761325219753 0.044793779580797839 0.57330415754923425
decision_type=2 2 2 2 2 1 2 2 2 2 2 2 2 1 2 2 2 2 2 2 2 2 2 2 2 2 2 2 2 2
left_child=4 3 14 8 -1 7 -7 29 -2 16 -5 -8 -10 19 -3 18 25 -15 -16 20 -12 24 -23 -24 -19 -9 -27 28 -6 -4
right_child=1 2 5 10 27 6 11 9 12 -11 13 -13 -14 17 15 -17 -18 21 -20 -21 -22 22 23 -25 -26 26 -28 -29 -30 -31
leaf_value=-0.0014475331045006974 -0.00058709845804040908 0.00023072229569745992 0.00049047941564877868 -0.00033724240453031731 -0.00073365966515834703 -0.00058869924289290342 1.8991083911295472e-05 0.00092310604113628398 -0.00043020535468129867 0.0014161411782378978 -5.8828028175992863e-05 0.00064613576080359194 -9.6026816438051055e-05 -0.00062844324324315534 -0.00025184851145687028 -0.00030008712718673959 0.0015141041627614452 0.00022164183593732591 0.00052472127980161723 0.0002015673503536326 -0.00099989243264661932 0.00025678880973734297 0.0012976556023964504 0.00050772685786480828 -0.00018720789664553874 -0.00025467072842565305 0.00080848286640120655 -0.0010359353693235158 9.8139808259281231e-05 0.00085569461887524212
leaf_weight=619 125 440 130 67 31 21 49 223 159 78 177 165 492 14.999999999999998 19 20 29 279 441 140 20 283 27 53 77 14.999999999999998 22 33 25 139
leaf_count=619 125 440 130 67 31 21 49 223 159 78 177 165 492 15 19 20 29 279 441 140 20 283 27 53 77 15 22 33 25 139
internal_value=-3.96551e-06 0.000251822 0.000543947 -2.15299e-05 -0.00134251 0.000748653 0.00038849 0.000862068 -0.000243603 0.00101959 0.000129901 0.000502538 -0.000177647 0.000159125 0.000350144 0.000459614 0.000912562 0.00023201 0.000492645 -6.31652e-06 -0.000154372 0.000253188 0.000370852 0.000774341 0.000133211 0.000845461 0.000377479 -0.0006121 -0.000362325 0.000679199
internal_weight=4413 3705 1791 1914 708 871 235 636 776 367 1138 214 651 1071 920 480 289 734 460 337 197 719 363 80 356 260 37 89 56 269
internal_count=4413 3705 1791 1914 708 871 235 636 776 367 1138 214 651 1071 920 480 289 734 460 337 197 719 363 80 356 260 37 89 56 269
cat_boundaries=0 1 2
cat_threshold=166 273
is_linear=0
shrinkage=0.03


Tree=69
num_leaves=31
num_cat=2
split_feature=1 1 5 6 0 19 6 19 10 6 16 11 11 8 1 11 5 17 6 6 10 8 8 16 11 17 8 10 10 16
split_gain=1.57961 0.309301 0.0742823 0.073642 0.0567756 0.0301928 0.0217601 0.0208113 0.0205128 0.018976 0.0188022 0.0180777 0.0176417 0.0175357 0.0165457 0.0164839 0.0158664 0.0230459 0.0157492 0.015083 0.0149374 0.0140274 0.0136494 0.0135988 0.0131343 0.0135325 0.0126539 0.012968 0.019061 0.0147298
threshold=0.0078125000000000017 0.054687500000000007 0.21805273833671404 0.19917368504687752 1.0000000180025095e-35 0 0.57880184331797246 1 1.0000000180025095e-35 0.34792626728110604 23.500000000000004 0.93301270189221952 0.6830127018922193 0.18264427710219064 0.13281250000000003 0.6830127018922193 0.057809330628803259 0.32988681814313686 0.32764976958525355 0.20519397970534159 -0.6830127018922193 0.092976158837091025 0.17796410352255287 5.5000000000000009 0.25000000000000017 0.36673474597906569 0.087591098708121498 0.68301270189221941 0.93301270189221952 20.500000000000004
decision_type=2 2 2 2 2 1 2 1 2 2 2 2 2 2 2 2 2 2 2 2 2 2 2 2 2 2 2 2 2 2
left_child=4 3 19 7 -1 10 9 8 15 -7 20 12 18 -13 -12 16 -2 -18 21 -3 -4 -5 -23 -21 -25 -26 -9 -28 -29 -30
right_child=1 2 5 11 -6 6 -8 26 -10 -11 14 13 -14 -15 -16 -17 17 -19 -20 23 -22 22 -24 24 25 -27 27 28 29 -31
leaf_value=-0.0014041071962634813 -0.00072737090039805459 -4.8676034030517492e-05 0.00019662288110831511 0.00061436248597375464 -0.0005937373570068928 -0.0004971660389273447 -0.00022595643098171519 6.2502423166698655e-05 -0.00061219425435347268 0.00061389167120482553 0.00082057789081245718 -0.00096957828098667037 0.00049559171571083183 -3.3226194453906532e-05 0.0012299281949177791 0.00064521227345553376 0.00023906964669814318 -0.00075473898762317944 0.00038118813050885575 5.8331722100456592e-05 0.00076695126031117364 8.6795909370922444e-07 0.00079790136753256672 0.00032611543407970505 0.00064403118468392667 -0.00023024435333013747 1.6603871130817096e-05 -0.00076867191090453058 -0.00077069083931144205 0.00025143290571485506
leaf_weight=619 47 82 51 39 89 14.999999999999998 42 233 202 178 216 22 141 99 151 20 70 30 179 105 218 583 20 462 254 17 95 73 18 43
leaf_count=619 47 82 51 39 89 15 42 233 202 178 216 22 141 99 151 20 70 30 179 105 218 583 20 462 254 17 95 73 18 43
internal_value=-3.84653e-06 0.000244268 0.000527629 -2.08841e-05 -0.00130224 0.000726193 0.000376835 -0.000233319 -0.00039803 0.000527538 0.000836206 0.00014212 0.00018559 -0.000203479 0.000989006 -0.000162814 -0.000272753 -5.90775e-05 0.000132349 0.00033964 0.000658823 6.29681e-05 2.73048e-05 0.000377638 0.000423377 0.000589187 -9.11749e-05 -0.000251518 -0.000441602 -5.01851e-05
internal_weight=4413 3705 1791 1914 708 871 235 831 369 193 636 1083 962 121 367 167 147 100 821 920 269 642 603 838 733 271 462 229 134 61
internal_count=4413 3705 1791 1914 708 871 235 831 369 193 636 1083 962 121 367 167 147 100 821 920 269 642 603 838 733 271 462 229 134 61
cat_boundaries=0 1 2
cat_threshold=166 529
is_linear=0
shrinkage=0.03


Tree=70
num_leaves=31
num_cat=3
split_feature=1 0 6 0 0 16 19 18 0 11 11 9 0 6 19 16 7 6 11 17 7 9 0 7 9 6 6 6 0 19
split_gain=1.5016 0.302549 0.0924755 0.0544953 0.0423147 0.0380058 0.0283805 0.0197097 0.0183524 0.0199262 0.0152773 0.0263812 0.0190688 0.0189239 0.0157601 0.0150139 0.0258874 0.0226146 0.0172813 0.0182852 0.0239356 0.0148021 0.0146923 0.026508 0.0144893 0.0158833 0.0144206 0.0136874 0.0152145 0.0136145
threshold=0.0078125000000000017 0.4823181611744996 0.20519397970534159 0.55882118566514938 1.0000000180025095e-35 6.5000000000000009 0 0.46323529411764708 0.29001749062968413 0.6830127018922193 0.25000000000000017 0.50474106491611981 0.44358963562553105 0.32488479262672815 1 28.500000000000004 0.125746181198165 0.51658986175115229 1.0000000180025095e-35 0.42745298272487459 0.10459879533739259 0.18745441283734501 0.57229813476139524 0.1598231199900437 0.59263311451495271 0.10624049397289508 0.22165898617511523 0.12841252184967428 0.28385204976237033 2
decision_type=2 2 2 2 2 2 1 2 2 2 2 2 2 2 1 2 2 2 2 2 2 2 2 2 2 2 2 2 2 1
left_child=4 2 6 21 -1 7 8 -4 -2 -10 13 -12 -13 14 -7 16 -5 -18 19 20 -17 -3 -20 -24 27 -26 -9 28 -8 -23
right_child=1 3 5 15 -6 10 24 26 9 -11 11 12 -14 -15 -16 18 17 -19 22 -21 -22 29 23 -25 25 -27 -28 -29 -30 -31
leaf_value=-0.0013602875018405886 -0.00065176597750017868 -0.000106000766230805 -0.00061936830393751645 0.00083053903830418224 -0.00066772569867690559 0.00034129082216985022 -0.00037387718063147787 -0.00072015565351752514 -0.00032802905857977111 0.00062180385896048378 0.00025121382913152659 0.0011634097741722148 0.00032110550505363105 0.0004988034970562368 1.4820134148536545e-05 0.00085893697744505277 -0.00060450103162098254 0.00048170828303940665 0.0018664855187029892 0.0013841806349503317 2.0988457466473787e-05 7.9705240990409089e-05 0.00083058517413960855 0.0017182528296209242 0.00097504258988792764 4.5605515302560104e-05 0.00010373848726491307 -0.00031265449679119308 0.00049450479872029606 0.00049521968428517071
leaf_weight=623 165 47 65 177 91 174 30 22 206 22 283 59 41 131 498 77 23 69 20 27 51 100 149 38 18 205 146 230 46 599
leaf_count=623 165 47 65 177 91 174 30 22 206 22 283 59 41 131 498 77 23 69 20 27 51 100 149 38 18 205 146 230 46 599
internal_value=-1.19226e-05 0.000230065 2.25114e-05 0.000582922 -0.00127202 0.000174499 -0.000211404 -0.000175784 -0.000400585 -0.000236376 0.000243315 0.00039922 0.000818072 0.000168954 0.000104652 0.000788127 0.000618364 0.000210152 0.000914275 0.000674729 0.00052507 0.000409349 0.00109364 0.00101098 -6.21129e-05 0.000120631 -4.15606e-06 -0.000197319 0.000151722 0.000444001
internal_weight=4432 3718 2341 1377 714 1419 922 233 393 228 1186 383 100 803 672 631 269 92 362 155 128 746 207 187 529 223 168 306 76 699
internal_count=4432 3718 2341 1377 714 1419 922 233 393 228 1186 383 100 803 672 631 269 92 362 155 128 746 207 187 529 223 168 306 76 699
cat_boundaries=0 1 2 3
cat_threshold=529 162 273
is_linear=0
shrinkage=0.03


Tree=71
num_leaves=31
num_cat=3
split_feature=1 0 6 1 10 16 19 10 19 7 9 5 17 18 12 19 1 7 9 9 16 10 7 9 10 18 9 6 6 9
split_gain=1.41301 0.284752 0.0870452 0.0518006 0.045677 0.0357755 0.0267032 0.0279483 0.0267013 0.0259109 0.0207582 0.0186737 0.029109 0.0185448 0.0148279 0.0147794 0.0156593 0.0144731 0.0144178 0.0136559 0.0323522 0.0590188 0.0176027 0.0175154 0.0161655 0.0144373 0.013633 0.0149447 0.0135891 0.0129651
threshold=0.0078125000000000017 0.4823181611744996 0.20519397970534159 0.11718750000000001 1.0000000180025095e-35 6.5000000000000009 0 1.0000000180025095e-35 1 0.12106829783344576 0.18745441283734501 0.057809330628803259 0.33037833904084474 0.46323529411764708 0.6078576107927941 2 0.049479166666666671 0.125746181198165 0.52808169219547796 0.5977388767323123 26.500000000000004 -0.5 0.066485721843107512 0.80598103574033564 0.25000000000000011 0.43382352941176472 0.59263311451495271 0.10624049397289508 0.22026060702367714 0.44894237782640417
decision_type=2 2 2 2 2 2 1 2 1 2 2 2 2 2 2 1 2 2 2 2 2 2 2 2 2 2 2 2 2 2
left_child=4 2 6 8 -1 13 7 11 10 -10 -3 -2 -13 -4 -6 -7 17 -17 -16 20 -12 22 -22 25 -23 -21 29 -28 -15 -8
right_child=1 3 5 -5 14 15 26 -9 9 -11 19 12 -14 28 18 16 -18 -19 -20 23 21 24 -24 -25 -26 -27 27 -29 -30 -31
leaf_value=-0.0013368100500575075 -0.00061075418663996967 -9.51907353780846e-05 -0.00060078752850742292 0.00083542366085637685 -0.00092977430744942851 0.00040480107872700911 0.00015746979121594531 -0.00064445861184960721 0.00027172927435583277 -0.00070650693404991736 0.00048264460208260785 0.00037946426754467021 -0.00052887191298617959 -0.00075958554295889726 -0.00071049297700360634 8.2961929686660657e-05 0.00031062156397381949 -0.00080834694619375815 0.00045271166731349202 -0.00043583586443431073 0.0012331439124493979 -8.1609793864240862e-05 0.0025332244404021186 0.0011919315812442403 0.00087316852064343452 0.0004247370301998447 0.00094579293742187351 4.4237354778262131e-05 9.2318786093044736e-05 -0.00030070207443414496
leaf_weight=603 54 42 65 437 72 335 73 202 250 27 209 87 50 19 22 461 373 17 17 19 14.999999999999998 20 25 25 79 229 18 205 149 233
leaf_count=603 54 42 65 437 72 335 73 202 250 27 209 87 50 19 22 461 373 17 17 19 15 20 25 25 79 229 18 205 149 233
internal_value=-1.15018e-05 0.000223239 2.18817e-05 0.00056556 -0.00123386 0.000169339 -0.000205062 -0.000388567 0.000440101 0.00017023 0.000542108 -0.00013828 4.79533e-05 -0.00017051 -0.000674586 0.000236106 0.000163025 5.1261e-05 -0.000203456 0.000593939 0.000718543 0.00107323 0.00204574 0.000435102 0.000680285 0.000358805 -6.02494e-05 0.000117013 -4.03148e-06 -0.000191399
internal_weight=4432 3718 2341 1377 714 1419 922 393 940 277 663 191 137 233 111 1186 851 478 39 621 348 139 40 273 99 248 529 223 168 306
internal_count=4432 3718 2341 1377 714 1419 922 393 940 277 663 191 137 233 111 1186 851 478 39 621 348 139 40 273 99 248 529 223 168 306
cat_boundaries=0 1 2 3
cat_threshold=529 174 674
is_linear=0
shrinkage=0.03


Tree=72
num_leaves=31
num_cat=2
split_feature=1 6 1 6 1 19 19 11 9 16 9 18 9 17 8 11 8 7 16 11 9 7 6 8 8 6 16 8 17 9
split_gain=1.32956 0.266409 0.071992 0.0642152 0.0371177 0.0295729 0.0251251 0.024949 0.0223558 0.0201035 0.0195335 0.0205451 0.0184986 0.0171316 0.0169803 0.0194068 0.015731 0.019723 0.0145234 0.0138781 0.0192389 0.0283407 0.027671 0.0238387 0.0181969 0.0158089 0.0136446 0.0135177 0.0147086 0.0135013
threshold=0.0078125000000000017 0.307373271889401 0.065104166666666671 0.20519397970534159 1.0000000180025095e-35 0 1 0.93301270189221952 0.1203501094091904 24.500000000000004 0.97957695113056176 0.44264705882352945 0.35922684172137131 0.4564717896349248 0.064981882815564593 0.6830127018922193 0.080994490627458365 0.047593645554304349 9.5000000000000018 0.25000000000000017 0.5970094821298324 0.089132082478676544 0.27235023041474665 0.12297886568393225 0.093489381430176807 0.22442396313364057 29.500000000000004 0.093489381430176807 0.33037833904084474 0.5977388767323123
decision_type=2 2 2 2 2 1 1 2 2 2 2 2 2 2 2 2 2 2 2 2 2 2 2 2 2 2 2 2 2 2
left_child=4 3 7 6 -1 13 14 29 9 -5 11 26 18 -4 -2 27 17 -8 -13 -10 21 24 -23 -22 -21 -26 -7 28 -16 -3
right_child=1 2 5 8 -6 10 16 -9 19 -11 -12 12 -14 -15 15 -17 -18 -19 -20 20 23 22 -24 -25 25 -27 -28 -29 -30 -31
leaf_value=-0.0012789919572679781 -0.00062955761745400751 0.00048528452465785806 0.00080731529170531666 -0.00065668744970755395 -0.00062728176237587189 0.00035466083358412818 5.5997180158230578e-05 -0.000178330660744912 9.2799523207681516e-05 0.00055402222740888853 0.0013310549530070434 -0.00051478036815294915 0.00057088320035232859 0.0016010965104470054 5.8108980372094282e-06 0.00056400850254042937 -0.00017901999731140928 0.0010538590540070836 0.00032912929385783103 0.001186047501671004 0.00032880387432938582 0.00020103257953154363 -0.0015435793253481211 0.0017490502602929478 -0.00019028771291614629 0.00038230159611333468 -0.00075347254658180741 -0.00065377696448985117 -0.0007629233603001352 0.00013958361043679221
leaf_weight=624 156 209 416 54 90 20 164 118 677 15.999999999999998 24 24 543 26 112 25 345 20 78 21 26 18 14.999999999999998 18 54 221 20 72 28 198
leaf_count=624 156 209 416 54 90 20 164 118 677 16 24 24 543 26 112 25 345 20 78 21 26 18 15 18 54 221 20 72 28 198
internal_value=-1.11294e-05 0.000216574 0.00049688 -1.34907e-05 -0.00119684 0.000629671 -0.00019891 0.000205751 0.000139149 -0.00037995 0.000483 0.000460336 0.000501251 0.000835118 -0.00037691 -0.000226512 -5.84419e-05 0.000164466 0.000130559 0.000173756 0.000320693 0.000241899 -0.000591996 0.00090984 0.000334869 0.000269866 -0.000199411 -0.000319736 -0.00014794 0.000317106
internal_weight=4432 3718 1676 2042 714 1151 922 525 1120 70 709 685 645 442 393 237 529 184 102 1050 373 329 33 44 296 275 40 212 140 407
internal_count=4432 3718 1676 2042 714 1151 922 525 1120 70 709 685 645 442 393 237 529 184 102 1050 373 329 33 44 296 275 40 212 140 407
cat_boundaries=0 1 2
cat_threshold=34 529
is_linear=0
shrinkage=0.03


Tree=73
num_leaves=31
num_cat=3
split_feature=1 20 6 1 20 16 19 7 19 9 11 16 7 9 6 20 11 18 8 8 8 7 8 19 11 9 6 18 8 17
split_gain=1.25098 0.252412 0.0769959 0.0467003 0.0358204 0.032924 0.0245621 0.02412 0.0236402 0.0194326 0.0212225 0.0293414 0.0252731 0.0244099 0.019651 0.0174348 0.0231501 0.0173979 0.016281 0.0155142 0.0148014 0.0185574 0.0147247 0.0143094 0.0194906 0.0216281 0.0151404 0.0140038 0.0136422 0.0134097
threshold=0.0078125000000000017 0.4823181611744996 0.20519397970534159 0.11718750000000001 1.0000000180025095e-35 6.5000000000000009 0 0.12106829783344576 1 0.18745441283734501 -0.5 26.500000000000004 0.095648249209454236 0.59992706053975209 0.51658986175115229 0.20681904689606379 0.6830127018922193 0.46323529411764708 0.13902392545863385 0.088210155466507345 0.080994490627458365 0.047593645554304349 0.13821614325936291 2 0.6830127018922193 0.41320204230488705 0.30184331797235031 0.46911764705882358 0.10757186459095865 0.36282018551612638
decision_type=2 2 2 2 2 2 1 2 1 2 2 2 2 2 2 2 2 2 2 2 2 2 2 1 2 2 2 2 2 2
left_child=4 2 8 6 -1 17 9 -8 15 -3 12 22 14 18 -11 -2 -17 -4 -13 -7 21 -10 -12 27 26 -26 -25 -21 -29 -22
right_child=1 3 5 -5 -6 19 7 -9 20 10 11 13 -14 -15 -16 16 -18 -19 -20 23 29 -23 -24 24 25 -27 -28 28 -30 -31
leaf_value=-0.0012421505392994946 -0.0013779497114173747 -0.00010584885280911316 -0.00058359993438081628 0.00078860746443956459 -0.00060494735039659747 0.00096263822666647447 0.00025291530675065362 -0.00069090888541375171 5.4317276237909353e-05 0.00037895431921689308 -0.00038226104852653284 0.0021344329596845223 -0.00016524413636822489 0.00017925133203520574 0.0013048602827616007 -0.00039757836741592797 0.00054708893090424837 -5.5917697765754708e-06 0.0010771714454343704 -0.00012163211560760701 -0.00022592737736676314 0.0010222448669575143 0.00055636890697411724 0.00013261559647151862 0.00043303641576457211 0.0014536468142128829 0.00047431585998035017 -0.00023360527952115686 0.00029431301387689436 0.00049549076620828043
leaf_weight=623 14.999999999999998 42 65 437 91 25 250 27 164 118 15.999999999999998 14.999999999999998 67 25 25 353 25 168 104 189 320 20 251 393 74 25 166 53 261 25
leaf_count=623 15 42 65 437 91 25 250 27 164 118 16 15 67 25 25 353 25 168 104 189 320 20 251 393 74 25 166 53 261 25
internal_value=-1.07955e-05 0.000210077 2.0499e-05 0.000532373 -0.00116094 0.000159184 0.000413251 0.000155309 -0.000192943 0.000510968 0.000560914 0.000686275 0.000315562 0.00103143 0.000540834 -0.000365603 -0.000335099 -0.00016684 0.00121046 0.000223234 -5.66886e-05 0.000159532 0.00050012 0.000207311 0.000298267 0.000690778 0.000234087 8.07914e-05 0.000205205 -0.000173649
internal_weight=4432 3718 2341 1377 714 1419 940 277 922 663 621 411 210 144 143 393 378 233 119 1186 529 184 267 1161 658 99 559 503 314 345
internal_count=4432 3718 2341 1377 714 1419 940 277 922 663 621 411 210 144 143 393 378 233 119 1186 529 184 267 1161 658 99 559 503 314 345
cat_boundaries=0 1 2 3
cat_threshold=174 529 277
is_linear=0
shrinkage=0.03


Tree=74
num_leaves=31
num_cat=2
split_feature=1 0 6 0 10 16 19 10 5 5 10 16 18 4 10 16 10 7 6 6 9 6 6 19 6 6 9 6 6 0
split_gain=1.17705 0.237494 0.0724454 0.0442005 0.0396539 0.0309782 0.0222431 0.0253449 0.0172793 0.0259023 0.0172038 0.0459282 0.0163697 0.0149015 0.015426 0.0134941 0.0547293 0.0238535 0.0201401 0.0128743 0.0126747 0.0136984 0.0125258 0.0125196 0.0162247 0.0129376 0.0195142 0.0151816 0.0124328 0.0144103
threshold=0.0078125000000000017 0.4823181611744996 0.20519397970534159 0.55882118566514938 1.0000000180025095e-35 6.5000000000000009 0 1.0000000180025095e-35 0.057809330628803259 0.09279918864097364 -0.5 28.500000000000004 0.46323529411764708 0.075520833333333343 -0.6830127018922193 28.500000000000004 -0.5 0.125746181198165 0.51658986175115229 0.40599078341013833 0.59263311451495271 0.10624049397289508 0.22026060702367714 1 0.30184331797235031 0.44930875576036872 0.41320204230488705 0.52764976958525367 0.12841252184967428 0.28385204976237033
decision_type=2 2 2 2 2 2 1 2 2 2 2 2 2 2 2 2 2 2 2 2 2 2 2 1 2 2 2 2 2 2
left_child=4 2 6 10 -1 12 7 8 -2 -10 11 19 -4 14 -13 17 -17 -5 -19 -3 28 -22 -14 -7 -25 26 -26 -27 29 -8
right_child=1 3 5 15 -6 23 20 -9 9 -11 -12 13 22 -15 -16 16 -18 18 -20 -21 21 -23 -24 24 25 27 -28 -29 -30 -31
leaf_value=-0.0012220335650167428 -0.00057039036573770243 0.00011438014745235776 -0.00056609220635320408 0.00074393921959465376 -0.00060501343418226626 9.8054875649988994e-05 -0.00036024559760264248 -0.00059792506128109415 0.00041143954394462186 -0.00042544452770550736 0.00025810766794410659 0.00090857727715446413 -0.00073081684170836741 0.00067902926864084313 0.0020704496066576042 0.0020947910782151582 0.00071399651890210135 -0.00062036922408501797 0.00040469136814171383 0.00064172884420140295 0.00090946105599232024 4.6314222579733837e-05 8.7080022955395004e-05 0.00020447042368181053 0.00031234702556007943 -0.0006039581331368797 0.00095918838784088737 0.00050517632785922119 -0.00029130826799381545 0.00048487496890221762
leaf_weight=603 54 113 65 177 111 513 30 202 80 57 497 18 19 28 24 28 334 23 69 66 18 205 149 458 82 18 86 29 230 46
leaf_count=603 54 113 65 177 111 513 30 202 80 57 497 18 19 28 24 28 334 23 69 66 18 205 149 458 82 18 86 29 230 46
internal_value=-1.04716e-05 0.000203775 1.9884e-05 0.000516402 -0.00112611 0.000154408 -0.000187155 -0.000354635 -0.000115899 6.32463e-05 0.000360082 0.000563618 -0.000161835 0.00121515 0.00157254 0.000701211 0.000820804 0.000540269 0.000148422 0.000308824 -5.49879e-05 0.000115989 -5.42402e-06 0.000216537 0.000300922 0.000520382 0.000643472 8.03976e-05 -0.000181386 0.000151274
internal_weight=4432 3718 2341 1377 714 1419 922 393 191 137 746 249 233 70 42 631 362 269 92 179 529 223 168 1186 673 215 168 47 306 76
internal_count=4432 3718 2341 1377 714 1419 922 393 191 137 746 249 233 70 42 631 362 269 92 179 529 223 168 1186 673 215 168 47 306 76
cat_boundaries=0 1 2
cat_threshold=529 277
is_linear=0
shrinkage=0.03


Tree=75
num_leaves=31
num_cat=0
split_feature=0 0 1 1 8 9 0 11 11 7 4 16 9 4 9 16 11 11 7 4 8 9 11 0 16 7 1 7 9 9
split_gain=1.10698 0.195736 0.0750975 0.0677937 0.0197214 0.0227885 0.0178793 0.0158767 0.0304684 0.0315358 0.0165899 0.0164405 0.0196463 0.0150872 0.0150716 0.0150342 0.0195042 0.0146311 0.0127555 0.0137406 0.0127448 0.0180093 0.0120108 0.0117633 0.0112663 0.0107655 0.0107494 0.010564 0.0102296 0.00998689
threshold=0.26145367489924248 0.51552759237848311 1.0000000180025095e-35 0.033854166666666671 0.071778949822086865 0.1203501094091904 0.58542297693482837 0.93301270189221952 0.6830127018922193 0.10036056523027932 0.096354166666666671 10.500000000000002 0.29431072210065656 0.0078125000000000017 0.41320204230488705 6.5000000000000009 0.6830127018922193 0.6830127018922193 0.12201822244818451 0.013020833333333334 0.15928412133379541 0.26659372720641877 0.93301270189221952 0.48493823695648747 29.500000000000004 0.096876202392636931 0.0078125000000000017 0.047824124604727077 0.18745441283734501 0.71298322392414315
decision_type=2 2 2 2 2 2 2 2 2 2 2 2 2 2 2 2 2 2 2 2 2 2 2 2 2 2 2 2 2 2
left_child=2 3 -1 15 -5 27 28 8 13 10 -10 12 -9 -7 -4 -2 18 -16 19 -17 -15 -22 -18 29 -25 -26 -21 -6 -3 -23
right_child=1 6 14 4 5 7 -8 11 9 -11 -12 -13 -14 20 17 16 22 -19 -20 26 21 23 -24 24 25 -27 -28 -29 -30 -31
leaf_value=-0.0011737803063417978 -0.00038783205761844702 -0.00029967862546295432 -0.0010320451159635483 -0.00042794228334807444 0.00031874628136278318 -0.00041041778002712964 0.00073049549752355995 -4.0154521003183645e-05 0.00038613751388229717 0.0017560717834689183 0.0012079612531785179 0.00038200135614413499 -0.0011227647210602769 0.00018595385540500506 -0.00043934316520596813 -0.00038205946920289856 0.00060760568690630646 0.00047938807484456395 -0.00097205319136587764 -0.00067924221192490518 0.0012118069626616615 0.00040308890378965896 -0.00021370459555130854 0.00048676460573463795 0.00011403632480850807 -0.00086445938214036496 -3.3803879661328999e-06 -0.00052446837095059722 0.00049540961264023351 0.0011479142843217518
leaf_weight=609 146 14.999999999999998 33 43 18 34 454 48 191 19 25 40 22 1046 117 119 59 18 14.999999999999998 22 24 110 22 29 25 17 567 52 500 19
leaf_count=609 146 15 33 43 18 34 454 48 191 19 25 40 22 1046 117 119 59 18 15 22 24 110 22 29 25 17 567 52 500 19
internal_value=1.00718e-05 0.000227266 -0.00101887 9.65009e-05 0.000206637 0.000222511 0.000593246 0.000245016 0.000269903 0.000584338 0.000481261 -0.000103171 -0.000380415 0.000213236 -0.000457334 -0.000107773 -5.69157e-05 -0.000316843 -0.000106373 -8.80312e-05 0.000229933 0.000435298 0.000384534 0.000342112 3.19856e-05 -0.000282033 -2.86259e-05 -0.00030764 0.000472251 0.0005128
internal_weight=4458 3681 777 2712 1762 1719 969 1649 1539 235 216 110 70 1304 168 950 804 135 723 708 1270 224 81 200 71 42 589 70 515 129
internal_count=4458 3681 777 2712 1762 1719 969 1649 1539 235 216 110 70 1304 168 950 804 135 723 708 1270 224 81 200 71 42 589 70 515 129
is_linear=0
shrinkage=0.03


Tree=76
num_leaves=31
num_cat=2
split_feature=1 1 6 5 19 6 9 13 8 9 11 1 17 16 8 19 11 18 4 8 7 11 11 7 16 9 5 11 6 6
split_gain=1.03349 0.229331 0.0632912 0.0513047 0.0221673 0.0264676 0.0378808 0.0162748 0.0221149 0.0155088 0.0154569 0.0154386 0.014984 0.0173372 0.0206092 0.015229 0.0133154 0.0156533 0.0145441 0.0133078 0.0142107 0.0130188 0.0230711 0.0282842 0.0167785 0.0168455 0.0130372 0.0116727 0.0167983 0.0111961
threshold=1.0000000180025095e-35 0.054687500000000007 0.18229779119656767 0.21805273833671404 0 0.16027331956141747 0.59992706053975209 1.0000000180025095e-35 0.089560300767560053 0.51677607585703877 0.93301270189221952 0.013020833333333334 0.40471732902164365 29.500000000000004 0.33361259514664277 1 -0.24999999999999994 0.45147058823529412 0.10677083333333334 0.1813468332704895 0.066733341775971358 0.93301270189221952 0.6830127018922193 0.097920479806488284 11.500000000000002 0.27425237053245816 0.21399594320486817 0.6830127018922193 0.5055299539170508 0.16777371682822187
decision_type=2 2 2 2 1 2 2 2 2 2 2 2 2 2 2 1 2 2 2 2 2 2 2 2 2 2 2 2 2 2
left_child=-1 2 4 21 5 9 29 8 -4 -2 16 -6 15 27 -15 -5 17 -10 -18 -9 -21 22 26 -24 25 -23 -3 -14 -29 -7
right_child=1 3 7 12 11 6 -8 19 10 -11 -12 -13 13 14 -16 -17 18 -19 -20 20 -22 24 23 -25 -26 -27 -28 28 -30 -31
leaf_value=-0.0011385669813335614 -2.000780619893129e-05 0.00026363275746499841 0.00082974463546521093 0.00062407624135222216 -0.00057387054919635515 -0.0003703938452445207 0.00066467217396976757 0.00015266172975575903 -0.00067446369328824217 0.00083999911121380576 -0.00048152860948924906 -0.00022906017455869717 0.0011466381586303516 0.00089928311723468243 0.0020299655539303282 0.00025194310988809409 0.00011623843491304825 -3.4934511932877926e-05 0.0010776587474924089 0.00097846264679254513 0.00027403075013070785 5.4868657863807955e-05 0.00051736427325498383 0.0018937011664643519 0.00041062671379421762 -0.0012450195264893096 -0.00062999692006396346 -0.00030120116981629462 0.00083956610312778748 -0.0013622025483354184
leaf_weight=609 32 716 28 512 151 20 22 467 40 46 62 517 15.999999999999998 99 17 181 253 248 14.999999999999998 39 76 19 129 14.999999999999998 29 17 14.999999999999998 26 21 21
leaf_count=609 32 716 28 512 151 20 22 467 40 46 62 517 16 99 17 181 253 248 15 39 76 19 129 15 29 17 15 26 21 21
internal_value=9.7696e-06 0.000191463 -2.69419e-05 0.000436988 -0.000232968 0.000109987 -0.000339557 0.000108787 5.12353e-06 0.00048718 -3.22392e-05 -0.000302476 0.000602727 0.000847419 0.001065 0.000539523 1.78622e-05 -0.00012376 0.000170053 0.00022385 0.000512931 0.000283237 0.000313667 0.000660745 -0.000126389 -0.000558985 0.000245295 0.000446779 0.00020851 -0.000878414
internal_weight=4458 3849 2037 1812 809 141 63 1228 646 78 618 668 872 179 116 693 556 288 268 582 115 940 875 144 65 36 731 63 47 41
internal_count=4458 3849 2037 1812 809 141 63 1228 646 78 618 668 872 179 116 693 556 288 268 582 115 940 875 144 65 36 731 63 47 41
cat_boundaries=0 1 2
cat_threshold=106 226
is_linear=0
shrinkage=0.03


Tree=77
num_leaves=31
num_cat=2
split_feature=20 1 1 20 6 9 19 6 13 16 4 9 11 11 11 6 18 10 7 20 5 19 20 12 9 7 16 7 7 6
split_gain=0.981785 0.174217 0.0657346 0.0490726 0.0352989 0.0189028 0.0225995 0.0210355 0.0153343 0.0181386 0.0147677 0.0140867 0.0138188 0.0133807 0.013304 0.01228 0.0116058 0.0116036 0.0111958 0.0115272 0.0111614 0.0108411 0.0149375 0.0142598 0.0099881 0.00997084 0.00937775 0.00907327 0.00884748 0.00886963
threshold=0.26145367489924248 0.054687500000000007 1.0000000180025095e-35 0.56764902299890541 0.18229779119656767 0.18745441283734501 0 0.57281105990783432 1.0000000180025095e-35 6.5000000000000009 0.059895833333333336 0.41320204230488705 0.6830127018922193 0.25000000000000017 0.6830127018922193 0.29539170506912449 0.4485294117647059 -0.24999999999999994 0.059770957393518474 0.39901254266984126 0.1179851250845166 1 0.50292584880915914 0.6078576107927941 0.50474106491611981 0.53431165869313146 6.5000000000000009 0.053878726895501002 0.079791135151608045 0.27050691244239639
decision_type=2 2 2 2 2 2 1 2 2 2 2 2 2 2 2 2 2 2 2 2 2 1 2 2 2 2 2 2 2 2
left_child=2 4 -1 5 12 -3 10 17 9 18 28 -4 -2 16 -13 -10 -11 -8 19 -6 -17 23 26 -19 -15 -5 -23 -26 -7 -30
right_child=1 3 11 25 8 6 7 -9 15 13 -12 14 -14 24 -16 20 -18 21 -20 -21 -22 22 -24 -25 27 -27 -28 -29 29 -31
leaf_value=-0.0011044100014748113 -0.00019670803324019277 -5.4222385783525029e-05 -0.00098972850419879062 0.00063655634196309481 -0.00059195189977641653 0.00024759966004094978 0.00044880228279475879 -0.0007768777576849194 9.9222272257883169e-05 -0.0005354223813524169 0.00068708606636763952 -0.00041510136840326359 0.00052270235410410519 0.00018281323112166931 0.00046097453812233576 0.00095368519040183797 3.0245020792811133e-05 0.00047991184460154774 -0.00078085380819318346 0.00022804813563458631 0.0003072277943969107 -0.00040140115869503797 -0.00084751026251078697 -1.7566803687985699e-06 0.00022415881239547784 0.001420607393571861 0.00017962329155429759 0.0012231938373099816 0.0011338438316149599 0.00035078936851066893
leaf_weight=609 619 111 33 544 27 173 206 18 336 36 247 117 25 126 18 27 350 162 37 36 219 30 17 84 14.999999999999998 14.999999999999998 150 18 23 30
leaf_count=609 619 111 33 544 27 173 206 18 336 36 247 117 25 126 18 27 350 162 37 36 219 30 17 84 15 15 150 18 23 30
internal_value=9.53552e-06 0.00021408 -0.000959482 0.000423916 1.10841e-05 0.000319497 0.000355886 0.000231256 0.000105487 4.74466e-06 0.000515836 -0.000434112 -0.00016878 7.28916e-05 -0.000298289 0.000217134 -2.25128e-05 0.000262781 -0.000366653 -0.000123384 0.000378184 0.000176278 2.38026e-06 0.000303118 0.000304501 0.000657598 8.27842e-05 0.000769108 0.000351497 0.00069062
internal_weight=4458 3681 777 1810 1871 1251 1140 667 1227 645 473 168 644 545 135 582 386 649 100 63 246 443 197 246 159 559 180 33 226 53
internal_count=4458 3681 777 1810 1871 1251 1140 667 1227 645 473 168 644 545 135 582 386 649 100 63 246 443 197 246 159 559 180 33 226 53
cat_boundaries=0 1 2
cat_threshold=102 648
is_linear=0
shrinkage=0.03


Tree=78
num_leaves=31
num_cat=1
split_feature=0 0 1 6 11 11 7 11 19 16 17 4 6 17 6 6 17 4 10 16 8 17 8 16 8 6 8 4 11 16
split_gain=0.923761 0.16444 0.0618496 0.058833 0.0295931 0.0314439 0.0309356 0.0263057 0.0195694 0.0169239 0.0252568 0.0258097 0.0164602 0.0149789 0.0152848 0.0145032 0.0301952 0.0136388 0.0135201 0.0323083 0.0132864 0.0130802 0.0155716 0.0146242 0.0154959 0.0181553 0.0138476 0.0136205 0.0127199 0.012056
threshold=0.26145367489924248 0.51552759237848311 1.0000000180025095e-35 0.20519397970534159 0.93301270189221952 0.6830127018922193 0.10036056523027932 0.6830127018922193 0 8.5000000000000018 0.21453493319717479 0.085937500000000014 0.3175115207373273 0.4564717896349248 0.7009216589861752 0.78755760368663608 0.22423623521402439 0.096354166666666671 0.25000000000000011 29.500000000000004 0.088210155466507345 0.3161858565228492 0.096551327259016217 9.5000000000000018 0.13187153067892349 0.10430107526881723 0.10962305582349027 0.065104166666666671 -0.5 6.5000000000000009
decision_type=2 2 2 2 2 2 2 2 1 2 2 2 2 2 2 2 2 2 2 2 2 2 2 2 2 2 2 2 2 2
left_child=2 3 -1 7 5 12 17 21 13 10 -6 -12 20 14 -3 16 -10 18 19 -7 -5 22 27 -23 25 -25 -27 29 -16 -2
right_child=1 8 -4 4 9 6 -8 -9 15 -11 11 -13 -14 -15 28 -17 -18 -19 -20 -21 -22 23 -24 24 -26 26 -28 -29 -30 -31
leaf_value=-0.0010712777421996043 -0.00062912005752328252 0.00078290996326650544 -0.00042108910923274241 0.00076533698973996927 -6.8154328345121952e-06 0.00025963035899284007 0.0017594955047256933 0.00059366963394111955 -0.0009518426954242123 0.00019210522738045727 -0.0016875583275890453 -0.00030330088714024608 0.00031560509958097356 0.0014151001676008137 -0.00020086678952758769 0.0010755303009191302 0.00041317140547505316 0.0010857299099223596 0.00012859416026089296 0.0013982057113913217 7.8067731651625377e-05 0.00042330447978553053 -0.00063802372360417152 0.00056127230669038015 0.00067932051554479931 -0.00016381107479318107 -0.00084891409024708952 0.00059798304019004222 0.00059494007167374004 -0.00014605270901566267
leaf_weight=609 56 294 168 26 60 75 17 44 14.999999999999998 65 22 27 447 27 28 28 526 26 112 32 961 55 84 28 21 231 30 19 51 274
leaf_count=609 56 294 168 26 60 75 17 44 15 65 22 27 447 27 28 28 526 26 112 32 961 55 84 28 21 231 30 19 51 274
internal_value=9.24947e-06 0.000207657 -0.000930697 8.78014e-05 0.000181562 0.000219788 0.000521992 -0.000120432 0.000543105 -0.000191029 -0.000419504 -0.000924826 0.000164573 0.000714885 0.000683361 0.000402704 0.000375323 0.000436118 0.00035899 0.000600149 9.61728e-05 -0.000159807 -0.000271321 -2.75178e-05 -0.000107504 -0.00016468 -0.000242561 -0.000183059 0.000312883 -0.000228029
internal_weight=4458 3681 777 2712 1870 1696 262 842 969 174 109 49 1434 400 373 569 541 245 219 107 987 798 433 365 310 289 261 349 79 330
internal_count=4458 3681 777 2712 1870 1696 262 842 969 174 109 49 1434 400 373 569 541 245 219 107 987 798 433 365 310 289 261 349 79 330
cat_boundaries=0 1
cat_threshold=34
is_linear=0
shrinkage=0.03


Tree=79
num_leaves=31
num_cat=2
split_feature=20 1 7 20 6 9 19 6 13 8 11 4 11 8 7 11 4 9 4 2 9 10 8 20 19 6 6 7 20 16
split_gain=0.869167 0.155643 0.0582041 0.0435733 0.0313646 0.0173341 0.0207167 0.0194144 0.0143213 0.0200896 0.0137015 0.0133853 0.0121805 0.0117288 0.0131823 0.0116763 0.0131382 0.0112354 0.0126262 0.0110984 0.0120849 0.0106428 0.0106015 0.0224613 0.0173316 0.0191157 0.0121231 0.0107719 0.0140419 0.0146302
threshold=0.26145367489924248 0.054687500000000007 0.016245047390400568 0.56764902299890541 0.18229779119656767 0.18745441283734501 0 0.57281105990783432 1.0000000180025095e-35 0.089560300767560053 0.93301270189221952 0.059895833333333336 0.6830127018922193 0.1813468332704895 0.066733341775971358 -0.24999999999999994 0.10677083333333334 0.41320204230488705 1.0000000180025095e-35 0.059895833333333336 0.52954048140043775 -0.24999999999999994 0.096551327259016217 0.35371632274308884 1 0.13870967741935489 0.16777371682822187 0.034936295407687758 0.29908500877598854 7.5000000000000009
decision_type=2 2 2 2 2 2 1 2 2 2 2 2 2 2 2 2 2 2 2 2 2 2 2 2 1 2 2 2 2 2
left_child=2 4 -1 5 12 -3 11 21 9 -6 15 -7 22 -10 -15 19 -17 -4 -19 20 -11 -8 24 -24 25 -2 -27 28 29 -26
right_child=1 3 17 -5 8 6 7 -9 13 10 -12 -13 -14 14 -16 16 -18 18 -20 -21 -22 -23 23 -25 27 26 -28 -29 -30 -31
leaf_value=-0.0010245018168433696 -0.00017057086694342594 -5.6508802771083571e-05 -0.00089871687651100509 0.00061996184138381129 0.00078711498467919051 0.00033270697879738472 0.00042549433734690828 -0.0007514552383906971 0.00013961026163826693 -0.00050334716021968259 -0.0004612869040606673 0.00065220439746281893 0.00048921253055502162 0.00092620188957303999 0.0002477389438850991 0.00010371520506339197 0.0010174879379350457 0.00056323682945712901 -0.00034634164968112179 -0.00041798293853399581 0.00010139902533959553 0.00016449645736017209 -0.00092326170195228816 1.053703786808955e-05 -0.00074560902001004153 0.0010277360887864394 0.00016655667001163233 -5.6208831278501297e-05 -0.00058755758733629434 8.7059997709686225e-05
leaf_weight=637 65 111 27 559 28 226 206 18 467 36 61 247 25 39 76 253 14.999999999999998 15.999999999999998 97 81 171 443 49 44 25 28 31 176 122 79
leaf_count=637 65 111 27 559 28 226 206 18 467 36 61 247 25 39 76 253 15 16 97 81 171 443 49 44 25 28 31 176 122 79
internal_value=8.97203e-06 0.000201428 -0.000902776 0.000399763 9.55851e-06 0.000301368 0.000336214 0.00021713 9.85452e-05 1.18717e-06 -3.44801e-05 0.000489207 -0.000159986 0.000206442 0.000477832 1.23465e-05 0.000154863 -0.000348922 -0.000217548 -0.000120273 -3.77615e-06 0.000247341 -0.000186206 -0.000481469 -0.000134001 0.000170549 0.000575262 -0.000226549 -0.000369227 -0.000113106
internal_weight=4458 3681 777 1810 1871 1251 1140 667 1227 645 617 473 644 582 115 556 268 140 113 288 207 649 619 93 526 124 59 402 226 104
internal_count=4458 3681 777 1810 1871 1251 1140 667 1227 645 617 473 644 582 115 556 268 140 113 288 207 649 619 93 526 124 59 402 226 104
cat_boundaries=0 1 2
cat_threshold=102 166
is_linear=0
shrinkage=0.03


Tree=80
num_leaves=31
num_cat=3
split_feature=5 1 0 19 6 8 19 5 12 18 16 11 9 19 6 5 8 17 11 8 7 6 9 9 7 7 9 5 17 11
split_gain=0.823548 0.157099 0.0490826 0.0436787 0.0276423 0.0188418 0.0179044 0.0325464 0.0216988 0.0156382 0.0138484 0.012483 0.01246 0.0155887 0.0322848 0.0230663 0.0170079 0.0155525 0.0124557 0.0112041 0.010952 0.0121704 0.0197631 0.0107781 0.0148977 0.0105489 0.0102219 0.0114288 0.0128741 0.0111947
threshold=0.048005409060175801 0.054687500000000007 1.0000000180025095e-35 0 0.18229779119656767 0.14517803960434378 1 0.21517917511832321 0.6078576107927941 0.5220588235294118 6.5000000000000009 0.93301270189221952 0.36323851203501106 2 0.16027331956141747 0.09279918864097364 0.099015322869268382 0.30772582817603206 0.25000000000000017 0.19814297748565238 0.22769620777782279 0.7009216589861752 0.72611232676878201 0.27169948942377831 0.04793894859859054 0.10150446750004584 0.41320204230488705 0.13691683569979718 0.28267146743197213 0.6830127018922193
decision_type=2 2 2 1 2 2 1 2 2 2 2 2 2 1 2 2 2 2 2 2 2 2 2 2 2 2 2 2 2 2
left_child=2 4 -1 5 12 -3 7 25 9 -8 19 18 23 14 17 -16 -15 -14 -6 -10 21 22 -7 24 -2 -5 -20 28 -28 -29
right_child=1 3 -4 6 11 20 8 -9 10 -11 -12 -13 13 16 15 -17 -18 -19 26 -21 -22 -23 -24 -25 -26 -27 27 29 -30 -31
leaf_value=-0.0010109479636536761 0.00028245118872067442 0.00029067644354736108 -0.00044338384070128359 2.8249232883125012e-05 3.6802078430843781e-05 0.00070113989849638118 0.00038920393870341753 -0.0012549510130664334 -2.2486273483102292e-05 0.0010073759970518645 0.00021579015105106309 -0.00021995292023591659 0.0014256254353153669 -0.00025604237593595522 -0.0011728439048671892 7.381189653272149e-05 -0.00095440897504871084 0.00030373906323481509 0.00014075866970594678 -0.00096882120039850424 0.0015092779432205063 0.00033626292629012863 0.0016526115189835623 0.00072813204233221839 -0.00084753951314695442 0.00071915508096011716 0.0015548222031131779 -0.00039344867140965971 0.00052063481578038071 0.00055702063787139695
leaf_weight=621 35 123 176 147 778 305 662 17 38 39 326 122 14.999999999999998 408 22 34 34 43 201 15.999999999999998 14.999999999999998 74 21 23 14.999999999999998 23 14.999999999999998 19 39 27
leaf_count=621 35 123 176 147 778 305 662 17 38 39 326 122 15 408 22 34 34 43 201 16 15 74 21 23 15 23 15 19 39 27
internal_value=-1.22425e-05 0.000179198 -0.000885615 0.000377699 -1.66995e-05 0.000605533 0.000274094 -3.25618e-06 0.000321662 0.000423597 0.000142082 6.76799e-05 -0.000177812 -0.000226193 8.99415e-05 -0.000415958 -0.000302912 0.000593902 0.000100202 -0.000302895 0.000713442 0.000683595 0.000762436 0.000190681 -5.65562e-05 0.000121728 0.000264072 0.000511929 0.000807933 0.000164435
internal_weight=4433 3636 797 1806 1830 538 1268 187 1081 701 380 1201 629 556 114 56 442 58 1079 54 415 400 326 73 50 170 301 100 54 46
internal_count=4433 3636 797 1806 1830 538 1268 187 1081 701 380 1201 629 556 114 56 442 58 1079 54 415 400 326 73 50 170 301 100 54 46
cat_boundaries=0 1 2 3
cat_threshold=34 272 106
is_linear=0
shrinkage=0.03


Tree=81
num_leaves=31
num_cat=3
split_feature=5 0 0 6 19 11 6 11 11 18 9 16 17 4 0 4 19 0 16 10 9 16 0 19 16 11 9 4 18 9
split_gain=0.774876 0.133475 0.0461818 0.0439238 0.0304105 0.0242662 0.023377 0.0417226 0.0189835 0.0186267 0.0173366 0.017255 0.0309949 0.0245046 0.0161299 0.0129994 0.0118929 0.0170294 0.0112504 0.0264441 0.0203775 0.020285 0.0293201 0.0111352 0.0131786 0.0109436 0.0267596 0.0104477 0.00994205 0.0223801
threshold=0.048005409060175801 0.50105252437683734 1.0000000180025095e-35 0.20519397970534159 0 0.93301270189221952 0.58571428571428585 1.0000000180025095e-35 0.6830127018922193 0.47794117647058826 0.18745441283734501 7.5000000000000009 0.21947068334609829 0.085937500000000014 0.55313495128410028 0.0078125000000000017 1 0.33191062339496863 24.500000000000004 -0.5 0.80598103574033564 29.500000000000004 0.56498757140591482 2 6.5000000000000009 0.6830127018922193 0.5970094821298324 0.065104166666666671 0.44264705882352945 0.5977388767323123
decision_type=2 2 2 2 1 2 2 2 2 2 2 2 2 2 2 2 1 2 2 2 2 2 2 1 2 2 2 2 2 2
left_child=2 3 -1 8 10 9 7 -6 15 23 -3 12 -7 -14 -9 -2 17 -17 -12 21 28 -20 -23 24 -5 -11 27 -27 29 -21
right_child=1 4 -4 5 6 11 -8 14 -10 25 18 -13 13 -15 -16 16 -18 -19 19 20 -22 22 -24 -25 -26 26 -28 -29 -30 -31
leaf_value=-0.00098061951386145801 -0.00048829070713340289 -0.00033975507060628261 -0.00043008240109408468 -0.00022664912895970345 0.00073463821959100426 -5.8696989326845939e-06 -0.00086017124061068303 2.3054809855978419e-06 0.00041330830957879053 0.00023401626384667674 0.00043159555819563441 0.00019448451559479196 -0.0018765936218001938 -0.00040580720893455694 -0.00097395564044484926 0.00080952688446704754 -0.00018054597730756834 -2.6308338770316005e-05 0.00061566332383100998 0.00074919517580447712 0.0012136725242627247 0.001015136749560265 0.0025800593059052972 -2.0307486192599849e-05 0.00027526495928644135 0.000198421236348746 0.0016118890330262478 0.00086756315360567572 0.00052731374247979516 -0.00074676159126926714
leaf_weight=621 97 20 176 55 82 57 20 99 55 586 379 58 19 22 18 27 531 117 40 18 37 33 15.999999999999998 458 327 84 18 28 317 18
leaf_count=621 97 20 176 55 82 57 20 99 55 586 379 58 19 22 18 27 531 117 40 18 37 33 16 458 327 84 18 28 317 18
internal_value=-1.18752e-05 0.000173822 -0.000859046 5.43458e-05 0.000450349 0.00014107 0.00011237 0.000215763 -0.000125185 0.000176833 0.000527365 -0.000215637 -0.000458362 -0.00108742 -0.000147896 -0.000163549 -0.000116882 0.000121947 0.000553725 0.000650356 0.00054387 0.00111697 0.00152617 8.10024e-05 0.000197821 0.000289259 0.000538271 0.000365713 0.000473661 1.21683e-06
internal_weight=4433 3636 797 2539 1097 1712 219 199 827 1556 878 156 98 41 117 772 675 144 858 479 390 89 49 840 382 716 130 112 353 36
internal_count=4433 3636 797 2539 1097 1712 219 199 827 1556 878 156 98 41 117 772 675 144 858 479 390 89 49 840 382 716 130 112 353 36
cat_boundaries=0 1 2 3
cat_threshold=174 202 738
is_linear=0
shrinkage=0.03


Tree=82
num_leaves=31
num_cat=4
split_feature=1 1 1 19 6 4 4 10 16 19 12 13 6 16 9 9 19 8 17 10 19 17 1 5 0 16 0 8 17 9
split_gain=0.730452 0.129472 0.0597072 0.0399387 0.0275102 0.0195619 0.0176668 0.0139212 0.0194215 0.0192793 0.0116891 0.0141774 0.010935 0.0225704 0.0126639 0.0105938 0.00994968 0.0145943 0.0120778 0.0139375 0.00979532 0.00983729 0.00961686 0.00943624 0.00882613 0.00881965 0.0145268 0.00878274 0.00864336 0.00943676
threshold=0.013020833333333334 0.054687500000000007 1.0000000180025095e-35 0 0.18229779119656767 0.059895833333333336 0.044270833333333336 -0.24999999999999994 29.500000000000004 1 0.6078576107927941 1.0000000180025095e-35 0.7009216589861752 25.500000000000004 0.65134938001458809 0.76549963530269882 2 0.10569381147397909 0.32784443877116848 1.0000000180025095e-35 3 0.34766520237455956 0.15364583333333334 0.057809330628803259 0.31169009447681623 15.500000000000002 0.39789993807232954 0.19374835634870594 0.31464967031419194 0.49051787016776083
decision_type=2 2 2 1 2 2 2 2 2 1 2 2 2 2 2 2 1 2 2 2 1 2 2 2 2 2 2 2 2 2
left_child=2 4 -1 5 16 -3 -5 8 9 -6 11 22 13 -7 -14 -10 17 18 19 23 21 -12 -8 -2 -9 -11 -27 -23 29 -18
right_child=1 3 -4 6 7 12 10 24 15 25 20 -13 14 -15 -16 -17 28 -19 -20 -21 -22 27 -24 -25 -26 26 -28 -29 -30 -31
leaf_value=-0.00095076358484136347 -0.00024971003718191108 0.00029357087161656988 -0.00039287943948859949 9.2763128862790819e-05 0.00035788247784926766 0.00051983988815833119 0.00027353053682043497 0.0007254470764809759 0.00068916036257846527 8.1508392281647737e-06 -0.00018038742475732499 0.0006474527782591112 0.00065962782583111213 0.0010309894489093586 -0.00014664045279820555 0.00013037529153069827 0.00046154016930263504 -0.00099132130214689765 -0.00066323950819364541 -0.00029258959955016321 0.0003317988746464088 0.00075925602477868175 0.00077407176464796732 0.00040477928407580332 -9.702026907695037e-06 4.8377760258520351e-05 -0.00095519956539010312 -0.00015598789639023643 0.00013700212160813735 -0.00029487007040902776
leaf_weight=622 31 150 239 395 109 155 380 14.999999999999998 95 101 97 165 50 156 27 45 17 24 48 187 154 23 38 55 728 25 27 15.999999999999998 142 117
leaf_count=622 31 150 239 395 109 155 380 15 95 101 97 165 50 156 27 45 17 24 48 187 154 23 38 55 728 25 27 16 142 117
internal_value=-1.15325e-05 0.000177534 -0.000795904 0.000356137 -5.11515e-06 0.000573849 0.00025721 8.20847e-05 0.000224297 7.18691e-05 0.000334562 0.000411985 0.000696992 0.000776239 0.000376912 0.000509553 -0.000165894 -0.000269919 -0.000224388 -0.000147225 0.000178914 -1.73292e-05 0.000319036 0.000168859 5.14043e-06 -0.000145757 -0.000472719 0.000383777 -2.51713e-05 -0.000198905
internal_weight=4433 3572 861 1806 1766 538 1268 1145 402 262 873 583 388 311 77 140 621 345 321 273 290 136 418 86 743 153 52 39 276 134
internal_count=4433 3572 861 1806 1766 538 1268 1145 402 262 873 583 388 311 77 140 621 345 321 273 290 136 418 86 743 153 52 39 276 134
cat_boundaries=0 1 2 3 4
cat_threshold=34 682 657 29
is_linear=0
shrinkage=0.03


Tree=83
num_leaves=31
num_cat=4
split_feature=1 1 0 19 6 4 4 10 16 19 12 18 13 18 16 9 19 8 17 10 10 19 17 1 16 8 0 10 0 16
split_gain=0.687367 0.121816 0.0561803 0.0375571 0.0259045 0.0184058 0.0166388 0.0131314 0.0182385 0.0182061 0.010965 0.0138441 0.0130307 0.0106145 0.0111602 0.0099677 0.00936167 0.0137319 0.011364 0.0131138 0.00933257 0.00924925 0.00925592 0.00857595 0.00856461 0.0119995 0.0148035 0.00873567 0.00830454 0.00829842
threshold=0.013020833333333334 0.054687500000000007 1.0000000180025095e-35 0 0.18229779119656767 0.059895833333333336 0.044270833333333336 -0.24999999999999994 29.500000000000004 1 0.6078576107927941 0.5220588235294118 1.0000000180025095e-35 0.48088235294117648 25.500000000000004 0.76549963530269882 2 0.10569381147397909 0.32784443877116848 1.0000000180025095e-35 -0.5 3 0.34766520237455956 0.023437500000000003 29.500000000000004 0.22299969864982574 0.51352851336407135 -0.5 0.31169009447681623 15.500000000000002
decision_type=2 2 2 1 2 2 2 2 2 1 2 2 2 2 2 2 1 2 2 2 2 1 2 2 2 2 2 2 2 2
left_child=2 4 -1 5 16 -3 24 8 9 -6 11 12 -8 -7 -15 -10 17 18 19 23 -16 22 -12 -2 -5 26 27 -26 -9 -11
right_child=1 3 -4 6 7 13 10 28 15 29 21 -13 -14 14 20 -17 -18 -19 -20 -21 -22 -23 -24 -25 25 -27 -28 -29 -30 -31
leaf_value=-0.00092267817166093559 -0.0001574693648900003 0.00028476380329234182 -0.00038221611749931404 -6.1142654852489419e-05 0.00034804831078548047 0.00051753961654930816 0.00027115791821146385 0.0007036851149819864 0.00066848577389999251 7.9063162392722721e-06 -0.00017497585216292853 0.00098706358478202081 0.00059522484266780044 0.0005469206304215226 0.0014911168817177823 0.00012646411876450703 -2.4416109076664491e-05 -0.00096158289901501195 -0.00064334273687071503 -0.00028381196037826571 0.00086557045878393789 0.00032245191111905094 0.00037226412451431859 0.0004431486413451122 0.00082009342301791294 0.0007978846014820791 -0.000740635083661435 0.00013731274821967532 -9.4109637198365903e-06 -0.00045853777564815607
leaf_weight=621 40 150 240 182 109 192 393 14.999999999999998 95 101 97 34 156 76 28 45 276 24 48 187 92 154 39 46 19 28 15.999999999999998 150 728 52
leaf_count=621 40 150 240 182 109 192 393 15 95 101 97 34 156 76 28 45 276 24 48 187 92 154 39 46 19 28 16 150 728 52
internal_value=-1.11399e-05 0.000172266 -0.000772027 0.000345508 -4.90091e-06 0.000556633 0.000249572 7.97159e-05 0.000217835 7.01227e-05 0.000324639 0.000399626 0.000363243 0.000676083 0.000831387 0.000494267 -0.000160917 -0.000261821 -0.000217656 -0.000142808 0.00101154 0.00017389 -1.68092e-05 0.000163793 8.99802e-05 0.000219108 0.000131506 0.000214079 4.98625e-06 -0.000141385
internal_weight=4433 3572 861 1806 1766 538 1268 1145 402 262 873 583 549 388 196 140 621 345 321 273 120 290 136 86 395 213 185 169 743 153
internal_count=4433 3572 861 1806 1766 538 1268 1145 402 262 873 583 549 388 196 140 621 345 321 273 120 290 136 86 395 213 185 169 743 153
cat_boundaries=0 1 2 3 4
cat_threshold=34 682 657 29
is_linear=0
shrinkage=0.03


Tree=84
num_leaves=31
num_cat=2
split_feature=1 1 1 19 6 4 4 6 16 9 12 18 13 9 1 9 13 18 7 6 16 7 1 19 17 11 9 17 16 11
split_gain=0.64682 0.114616 0.0528678 0.0353175 0.0244136 0.0173964 0.0156707 0.0108431 0.0198697 0.0111836 0.0102855 0.013026 0.0122606 0.0101198 0.00967438 0.00985414 0.00925708 0.0105473 0.00987935 0.0115707 0.00955112 0.0179012 0.00930209 0.00873362 0.00870891 0.00856413 0.00851156 0.00832428 0.00805845 0.0150411
threshold=0.013020833333333334 0.054687500000000007 1.0000000180025095e-35 0 0.19917368504687752 0.065104166666666671 0.044270833333333336 0.7009216589861752 25.500000000000004 0.65134938001458809 0.6078576107927941 0.5220588235294118 1.0000000180025095e-35 0.72611232676878201 0.023437500000000003 0.36323851203501106 1.0000000180025095e-35 0.4485294117647059 0.12338484922465606 0.38847926267281113 6.5000000000000009 0.059770957393518474 0.044270833333333336 1 0.34766520237455956 -0.68301270189221952 0.88366156090444947 0.3269817095536991 29.500000000000004 0.6830127018922193
decision_type=2 2 2 1 2 2 2 2 2 2 2 2 2 2 2 2 2 2 2 2 2 2 2 1 2 2 2 2 2 2
left_child=2 4 -1 5 14 -3 28 8 -7 -9 11 12 -8 -10 -2 27 17 25 19 26 21 22 -19 24 -12 -6 -18 -16 -5 -30
right_child=1 3 -4 6 16 7 10 9 13 -11 23 -13 -14 -15 15 -17 18 20 -20 -21 -22 -23 -24 -25 -26 -27 -28 -29 29 -31
leaf_value=-0.00089458650861832416 -0.00027517279812442778 0.00029897599817202707 -0.00036962667115513008 -5.9308388556684469e-05 -0.00081921516818347798 0.0005004083441091621 0.00026302320312276696 0.00061089129114410981 0.00089007607304467866 -0.00015886534051126115 -0.0001697266316327417 0.00095745254059849925 0.00057736821198381817 0.001587849901953121 0.00076707706973029534 -0.00010131936083301514 0.0001275199623480117 -0.00018572520018161724 -0.00034906430484437143 0.00060173956198369689 0.00010144166789009884 -0.00083474437711178158 0.00071964904341371635 0.00031336826117446867 0.00036109647893407907 -5.8906904784733119e-05 0.00079438331601154632 -2.3739672101309585e-05 3.6152796831632749e-05 0.00057285388389902744
leaf_weight=622 287 170 239 182 24 146 393 49 125 26 97 34 156 22 23 375 400 32 30 60 417 30 14.999999999999998 154 39 30 18 25 143 70
leaf_count=622 287 170 239 182 24 146 393 49 125 26 97 34 156 22 23 375 400 32 30 60 417 30 15 154 39 30 18 25 143 70
internal_value=-1.07619e-05 0.000167152 -0.000748867 0.000335197 -4.69891e-06 0.000539935 0.00024216 0.000665918 0.000748307 0.000344044 0.000315011 0.000387637 0.000352346 0.000994515 -0.000140732 -4.95149e-05 8.67626e-05 1.24256e-06 0.000179016 0.00021216 4.47573e-05 -0.000262219 0.000103233 0.000169007 -1.63049e-05 -0.000396831 0.000156238 0.000355201 8.72809e-05 0.000212535
internal_weight=4433 3572 861 1806 1766 538 1268 368 293 75 873 583 549 147 710 423 1056 548 508 478 494 77 47 290 136 54 418 48 395 213
internal_count=4433 3572 861 1806 1766 538 1268 368 293 75 873 583 549 147 710 423 1056 548 508 478 494 77 47 290 136 54 418 48 395 213
cat_boundaries=0 1 2
cat_threshold=34 29
is_linear=0
shrinkage=0.03


Tree=85
num_leaves=31
num_cat=4
split_feature=1 6 19 20 9 11 18 6 9 8 8 19 16 16 11 9 19 9 9 7 2 19 17 20 2 6 8 5 20 8
split_gain=0.616777 0.105902 0.0569969 0.0545332 0.0243823 0.0238213 0.0324297 0.0206113 0.0189641 0.0188576 0.0187175 0.0177084 0.03395 0.0155523 0.0236304 0.02634 0.0177241 0.0170535 0.0139975 0.0137503 0.0130619 0.0122693 0.0121882 0.014812 0.0121528 0.0118879 0.0109131 0.0105601 0.0101122 0.00983765
threshold=0.013020833333333334 0.31935483870967746 0 1.0000000180025095e-35 0.35922684172137131 -0.5 0.45147058823529412 0.19917368504687752 0.80598103574033564 0.12628659435416911 0.37367877865781685 1 24.500000000000004 6.5000000000000009 0.25000000000000017 0.50474106491611981 2 0.35922684172137131 0.65134938001458809 0.053878726895501002 0.070312500000000014 3 0.34766520237455956 0.61229581972090841 0.049479166666666671 0.22776100429048152 0.13902392545863385 0.50405679513184587 0.44927585088026639 0.099015322869268382
decision_type=2 2 1 2 2 2 2 2 2 2 2 1 2 2 2 2 1 2 2 2 2 1 2 2 2 2 2 2 2 2
left_child=3 7 9 -1 11 6 18 21 22 -3 -11 26 -13 20 16 17 -15 -16 -6 29 -9 -2 -8 -24 -21 -18 -4 28 -7 -17
right_child=1 2 4 -5 5 27 8 13 -10 10 -12 12 -14 14 15 19 25 -19 -20 24 -22 -23 23 -25 -26 -27 -28 -29 -30 -31
leaf_value=-0.00086560541328365847 0.00020669405604872404 0.00010621276492030329 -0.00063839987940989581 -0.00034037540971193053 -0.0010212590102483003 0.0013194854195648137 0.00046151584219408949 -3.8577890496482278e-05 0.00093144754649715836 -0.001589060886847781 -0.00035830196640114313 0.0002141639835584222 0.0012376778199885584 0.0002534956690071875 0.00034936482466963489 -0.00020686507338419174 0.00025068029447452043 -0.00018118566933192842 -3.6348182023278271e-05 0.0013937535364873621 -0.00075608206578508261 -0.00013066710354315284 -0.00019936903587376568 0.00073770292289638878 0.00061775263066895657 -0.00012744469047007358 5.3165848955247528e-05 0.001169601289486515 0.00055587278895725392 0.00077182383864231655
leaf_weight=611 105 53 25 251 17 15.999999999999998 192 148 57 14.999999999999998 43 175 35 254 176 19 93 79 55 34 27 663 63 20 39 383 115 28 636 18
leaf_count=611 105 53 25 251 17 16 192 148 57 15 43 175 35 254 176 19 93 79 55 34 27 663 63 20 39 383 115 28 636 18
internal_value=7.80747e-06 0.00018114 0.000368461 -0.000712668 0.000417513 0.000490716 0.000308261 3.91321e-05 0.00043343 -0.000277811 -0.000676624 0.00020272 0.000367266 0.000113323 0.000155292 0.000352382 5.67468e-05 0.000184998 -0.000268908 0.000740402 -0.000149282 -8.35534e-05 0.000330202 2.64376e-05 0.000979192 -5.24648e-05 -6.5643e-05 0.000599115 0.000574614 0.000269262
internal_weight=4445 3583 1545 862 1434 1084 404 2038 332 111 58 350 210 1270 1095 365 730 255 72 110 175 768 275 83 73 476 140 680 652 37
internal_count=4445 3583 1545 862 1434 1084 404 2038 332 111 58 350 210 1270 1095 365 730 255 72 110 175 768 275 83 73 476 140 680 652 37
cat_boundaries=0 1 2 3 4
cat_threshold=273 588 163 14
is_linear=0
shrinkage=0.03


Tree=86
num_leaves=31
num_cat=4
split_feature=1 6 19 0 9 11 18 6 9 8 8 19 8 9 19 17 0 11 9 0 9 19 3 10 8 8 17 8 7 12
split_gain=0.580363 0.099613 0.0536285 0.0513103 0.0229413 0.0224134 0.0305131 0.0193993 0.0178434 0.0177431 0.0176114 0.0166618 0.0151013 0.0131703 0.011587 0.0114679 0.0139367 0.0112047 0.031669 0.0227361 0.0148307 0.0143367 0.0114711 0.0109402 0.0154762 0.0102682 0.00996184 0.00987909 0.00971606 0.00971597
threshold=0.013020833333333334 0.31935483870967746 0 1.0000000180025095e-35 0.35922684172137131 -0.5 0.45147058823529412 0.19917368504687752 0.80598103574033564 0.12628659435416911 0.37367877865781685 1 0.088210155466507345 0.65134938001458809 2 0.34766520237455956 0.61229581972090841 0.25000000000000017 0.51531728665207888 0.43504883349834955 0.12946754194018967 3 0.049479166666666671 0.68301270189221941 0.12224515550543266 0.13902392545863385 0.16173091651774321 0.13293229993885244 0.036925484664404866 1.0000000180025095e-35
decision_type=2 2 1 2 2 2 2 2 2 2 2 1 2 2 1 2 2 2 2 2 2 1 2 2 2 2 2 2 2 2
left_child=3 7 9 -1 11 6 13 14 15 -3 -11 25 -9 -6 -2 -8 -17 -14 20 22 -19 -22 -20 24 -21 -4 -13 -23 -16 -12
right_child=1 2 4 -5 5 -7 8 12 -10 10 29 26 17 -15 28 16 -18 18 19 23 21 27 -24 -25 -26 -27 -28 -29 -30 -31
leaf_value=-0.00083963730794907375 0.00020103248493650742 0.00010302644071055648 -0.00061924865339915789 -0.0003301641835922282 -0.00099062304486930938 0.00058114160109895693 0.00044767044251795593 0.00075341912031821672 0.0009035046156300726 -0.0015413922336905727 3.5096957904413441e-05 -0.00017645418483922323 2.4551421248667776e-05 -3.5257758632301203e-05 -0.00023998026014727302 -0.00019338805832580077 0.00071557293649110779 -0.00062088791917606857 0.00074689132044953297 0.00019477356837210765 -0.0001318834562014787 0.00043149465483899719 0.0018851823338297744 -0.00013442156835187586 0.0014333708831719705 5.1570889555575166e-05 0.00045088306949064215 1.0014449584184591e-05 -1.0176392416348174e-05 -0.00087898409488273012
leaf_weight=611 105 53 25 251 17 680 192 32 57 14.999999999999998 25 26 783 55 342 63 20 25 14.999999999999998 23 116 143 17 24 14.999999999999998 115 184 77 321 18
leaf_count=611 105 53 25 251 17 680 192 32 57 15 25 26 783 55 342 63 20 25 15 23 116 143 17 24 15 115 184 77 321 18
internal_value=7.59551e-06 0.000175733 0.000357408 -0.000691288 0.000404987 0.000475994 0.000299013 3.80067e-05 0.000420428 -0.000269478 -0.000656326 0.000196639 0.000109983 -0.000260841 -8.10171e-05 0.000320296 2.56447e-05 9.3351e-05 0.000211746 0.000702225 8.40303e-05 0.000136481 0.00135165 0.000367022 0.000683718 -6.36738e-05 0.000356248 0.000271631 -0.000126805 -0.000347553
internal_weight=4445 3583 1545 862 1434 1084 404 2038 332 111 58 350 1270 72 768 275 83 1238 455 94 361 336 32 62 38 140 210 220 663 43
internal_count=4445 3583 1545 862 1434 1084 404 2038 332 111 58 350 1270 72 768 275 83 1238 455 94 361 336 32 62 38 140 210 220 663 43
cat_boundaries=0 1 2 3 4
cat_threshold=273 588 14 273
is_linear=0
shrinkage=0.03


Tree=87
num_leaves=31
num_cat=2
split_feature=0 6 19 1 9 11 18 9 11 7 10 1 16 9 9 17 10 6 10 16 19 10 0 0 7 6 6 10 10 16
split_gain=0.54626 0.115619 0.0399572 0.0309873 0.0240888 0.0257725 0.0250598 0.0191834 0.0172323 0.0304922 0.0154167 0.0155277 0.0153564 0.0196548 0.0151118 0.0148691 0.0141634 0.0136593 0.0156495 0.0136377 0.0135903 0.023545 0.0135029 0.0125792 0.0123847 0.0123786 0.0123488 0.012319 0.0121948 0.0145556
threshold=0.20681904689606379 0.307373271889401 0 0.018229166666666668 0.35922684172137131 -0.5 0.45147058823529412 0.72611232676878201 0.6830127018922193 0.10298321911602835 0.25000000000000011 0.080729166666666671 8.5000000000000018 0.27425237053245816 0.18745441283734501 0.34766520237455956 0.25000000000000011 0.3147465437788019 0.68301270189221941 5.5000000000000009 1 1.0000000180025095e-35 0.44927585088026639 0.37133434752357647 0.02149017771572934 0.68525345622119838 0.27603686635944708 -0.24999999999999994 0.25000000000000011 28.500000000000004
decision_type=2 2 1 2 2 2 2 2 2 2 2 2 2 2 2 2 2 2 2 2 1 2 2 2 2 2 2 2 2 2
left_child=16 3 17 26 12 6 10 15 20 19 -6 -12 13 -4 -14 -8 -1 -3 -19 27 -5 -22 -7 -21 -23 -9 -2 -10 29 -16
right_child=1 2 4 8 5 22 7 25 9 -11 11 -13 14 -15 28 -17 -18 18 -20 23 21 24 -24 -25 -26 -27 -28 -29 -30 -31
leaf_value=-0.00084053963179864851 -0.00020835136526975085 0.00057863241253056791 0.00010436475264275542 -8.1349231425197511e-05 0.00029651698986268024 0.0013537433459987391 0.00039990994501181549 0.0009953113780266996 0.00011528560178379859 0.0014345993353148524 -0.00097156093640215753 0.00018568889605033082 2.7092335115674561e-06 -0.00079017765442978953 0.00047015774902792195 -8.0517172417826762e-05 -0.0004236326207593175 -0.00054681885145826492 9.7917102813865106e-05 0.00087235395297457423 0.00032063640482471158 0.00074508727436993776 0.00054275220029097106 0.00019546977813795219 -5.7188450649386686e-05 3.1776682321426988e-05 -0.0010353493225996257 -0.00089063395130094204 -9.1338239978120951e-05 0.0013438021507022253
leaf_weight=578 368 21 105 706 31 19 204 60 28 19 30 15.999999999999998 92 28 121 81 84 72 64 29 279 18 671 167 456 14.999999999999998 17 18 28 20
leaf_count=578 368 21 105 706 31 19 204 60 28 19 30 16 92 28 121 81 84 72 64 29 279 18 671 167 456 15 17 18 28 20
internal_value=7.37233e-06 0.000146494 0.000332253 -1.58289e-06 0.00037784 0.000450915 0.000270645 0.000375711 5.28741e-05 0.000277384 -0.000220572 -0.000569044 0.000178404 -8.39645e-05 0.000312101 0.000263368 -0.00078764 -0.000125465 -0.000243415 0.000186522 1.27115e-05 0.000100645 0.000565086 0.000295625 -2.67208e-05 0.000802607 -0.000244871 -0.000278346 0.000480526 0.000594088
internal_weight=4445 3783 1678 2105 1521 1127 437 360 1720 261 77 46 394 133 261 285 662 157 136 242 1459 753 690 196 474 75 385 46 169 141
internal_count=4445 3783 1678 2105 1521 1127 437 360 1720 261 77 46 394 133 261 285 662 157 136 242 1459 753 690 196 474 75 385 46 169 141
cat_boundaries=0 1 2
cat_threshold=273 337
is_linear=0
shrinkage=0.03


Tree=88
num_leaves=31
num_cat=3
split_feature=1 1 0 19 8 19 11 5 8 8 5 7 11 9 7 11 9 8 8 0 0 9 9 5 13 19 8 7 4 9
split_gain=0.514507 0.0888308 0.0450571 0.0324465 0.0233279 0.0196842 0.0177558 0.0181347 0.0158809 0.0212362 0.0153536 0.0153047 0.0133243 0.0289554 0.0145281 0.0119906 0.011424 0.0107279 0.0146954 0.0149779 0.0123285 0.0100298 0.0098485 0.00952361 0.00889453 0.00875431 0.0176388 0.013885 0.0100696 0.00992314
threshold=0.013020833333333334 0.075520833333333343 1.0000000180025095e-35 0 0.057563221496375404 1 -0.5 0.054597701149425297 0.18579397213266124 0.22811993962222285 0.49290060851926981 0.10150446750004584 0.6830127018922193 0.30415754923413574 0.12338484922465606 -0.5 0.13785557986870897 0.18460672248384172 0.096195950467966793 0.43842350831776183 0.44050775762703082 0.53610503282275734 0.92924872355944577 0.14503042596348886 1.0000000180025095e-35 2 0.10757186459095865 0.051797676022028317 0.023437500000000003 0.5977388767323123
decision_type=2 2 2 1 2 1 2 2 2 2 2 2 2 2 2 2 2 2 2 2 2 2 2 2 2 1 2 2 2 2
left_child=2 3 -1 6 -5 10 -2 -8 11 -10 16 -9 14 -14 17 -16 -3 18 19 -6 22 -15 25 -23 -19 26 29 -28 -29 -20
right_child=1 5 -4 4 12 -7 7 8 9 -11 -12 -13 13 21 15 -17 -18 24 20 -21 -22 23 -24 -25 -26 -27 27 28 -30 -31
leaf_value=-0.00078990755582821273 -0.00027217455002571847 -0.00029851496143969776 -0.00031248753164004364 -0.00061010561848328683 0.00025360057695135923 0.00025046110616262708 -0.00046588574205737424 0.00010091083547969466 -0.0013229041536385829 -3.8564533868135191e-05 0.001211905493758872 0.001045867486003432 4.170542807750411e-05 0.00050237123743982685 -0.00080579832776186684 8.826883870405067e-05 0.00051589398566454783 0.00014543024697603977 -0.0010866082511391769 0.0012301467868155078 0.00016169191923499758 0.0016703860509293088 0.0005486613438747429 0.00070673412294180386 0.00063086656418242723 -0.00021486665480527115 0.00074181671066491631 0.00065302959901007674 -0.00015919072837188589 -7.6344031063167229e-05
leaf_weight=611 298 15.999999999999998 251 36 245 592 63 429 15.999999999999998 42 28 15.999999999999998 130 91 27 27 497 66 14.999999999999998 14.999999999999998 439 14.999999999999998 22 24 70 230 37 18 58 21
leaf_count=611 298 16 251 36 245 592 63 429 16 42 28 16 130 91 27 27 497 66 15 15 439 15 22 24 70 230 37 18 58 21
internal_value=7.1457e-06 0.000165457 -0.000650891 6.38759e-05 0.000143933 0.000385115 -8.37772e-05 1.39345e-05 7.40321e-05 -0.000392882 0.000518253 0.000134889 0.000162375 0.000358298 0.000122887 -0.000358771 0.000490493 0.00014393 0.000112853 0.000309944 5.18478e-05 0.000674888 -6.84056e-05 0.0010774 0.00039529 -0.000104226 7.58889e-05 0.000265218 3.31833e-05 -0.000497306
internal_weight=4445 3583 862 2450 1586 1133 864 566 503 58 541 445 1550 260 1290 54 513 1236 1100 260 840 130 401 39 136 379 149 113 76 36
internal_count=4445 3583 862 2450 1586 1133 864 566 503 58 541 445 1550 260 1290 54 513 1236 1100 260 840 130 401 39 136 379 149 113 76 36
cat_boundaries=0 1 2 3
cat_threshold=273 38 646
is_linear=0
shrinkage=0.03


Tree=89
num_leaves=31
num_cat=3
split_feature=0 6 19 1 9 11 18 9 11 7 17 7 0 7 17 19 19 11 11 6 0 6 7 5 11 0 9 9 0 11
split_gain=0.484243 0.103372 0.0361562 0.0271842 0.0219025 0.0237152 0.0233144 0.0179892 0.0154575 0.0284036 0.0140622 0.0128586 0.0125494 0.0125381 0.0181397 0.0120653 0.0120463 0.0161122 0.0132102 0.0117167 0.0116106 0.0115209 0.0104135 0.0101872 0.00969078 0.00983801 0.00962177 0.00943309 0.0133058 0.0112759
threshold=0.20681904689606379 0.307373271889401 0 0.018229166666666668 0.35922684172137131 -0.5 0.45147058823529412 0.72611232676878201 0.6830127018922193 0.10298321911602835 0.34766520237455956 0.10220618182554275 0.44927585088026639 0.067795911274033463 0.31661135222534265 1 2 -0.9330127018922193 -0.5 0.68525345622119838 0.51769651683048701 0.27603686635944708 0.02149017771572934 0.50405679513184587 0.93301270189221952 0.37133434752357647 0.42924872355944577 0.92924872355944577 0.42967650103131855 1.0000000180025095e-35
decision_type=2 2 1 2 2 2 2 2 2 2 2 2 2 2 2 1 1 2 2 2 2 2 2 2 2 2 2 2 2 2
left_child=-1 3 11 21 15 6 13 10 16 24 20 26 -7 -6 -15 -4 27 -18 -19 -9 -8 -2 -20 -14 25 -10 -3 29 -29 -5
right_child=1 2 4 8 5 12 7 19 9 -11 -12 -13 23 14 -16 -17 17 18 22 -21 -22 -23 -24 -25 -26 -27 -28 28 -30 -31
leaf_value=-0.00074159041474365867 -0.00019469025699228373 -0.00056110054889291477 0.00035640027183320871 -0.00019181225255067446 0.00055813663920679295 0.0012964172478755248 0.00023463555476060751 0.00095588786513110238 0.00073790678449886179 0.0013784259694425152 -8.82010291570944e-05 -0.00078466949944102694 0.00049019075734330021 -0.00088945643975399467 0.00013896519160899138 1.9561283605248109e-05 -0.00027251537915029127 0.00029203376043257734 0.0007961487448336275 1.8470863978429443e-05 0.00073381066571374769 -0.00099348553555135229 -1.1574949296844716e-05 0.0010747438408131055 -0.00034063857174979918 0.00015975295256000181 0.00010186551008789541 0.001004431009288001 -7.4904919922733515e-05 7.313408693032353e-05
leaf_weight=662 368 24 161 450 14.999999999999998 19 145 60 31 19 81 23 643 33 29 233 94 305 14.999999999999998 14.999999999999998 59 17 339 28 29 182 110 17 26 213
leaf_count=662 368 24 161 450 15 19 145 60 31 19 81 23 643 33 29 233 94 305 15 15 59 17 339 28 29 182 110 17 26 213
internal_value=6.93376e-06 0.000137921 0.000313566 -2.09461e-06 0.000356938 0.000426597 0.000253671 0.000355013 4.89112e-05 0.000261546 0.000246222 -0.000121615 0.000536116 -0.00022013 -0.000408426 0.000166746 1.08729e-05 9.36735e-05 0.000147329 0.000768407 0.000379008 -0.000229964 2.26528e-05 0.000514585 0.000173851 0.0002439 -1.6878e-05 -7.76666e-05 0.000351823 -0.000106694
internal_weight=4445 3783 1678 2105 1521 1127 437 360 1720 261 285 157 690 77 62 394 1459 753 659 75 204 385 354 671 242 213 134 706 43 663
internal_count=4445 3783 1678 2105 1521 1127 437 360 1720 261 285 157 690 77 62 394 1459 753 659 75 204 385 354 671 242 213 134 706 43 663
cat_boundaries=0 1 2 3
cat_threshold=273 34 337
is_linear=0
shrinkage=0.03


Tree=90
num_leaves=31
num_cat=0
split_feature=6 6 10 9 11 17 9 7 6 7 4 13 17 18 6 4 10 10 16 17 16 6 10 6 6 6 16 11 5 7
split_gain=0.446798 0.0876714 0.0290461 0.0234728 0.021916 0.0228415 0.0154571 0.0198012 0.01495 0.0156782 0.0139865 0.0196674 0.0164977 0.0156226 0.0115579 0.0113868 0.0112248 0.0116507 0.0112009 0.0160751 0.0119506 0.0274666 0.0119781 0.0109234 0.0100287 0.00920476 0.00908428 0.0205357 0.0190619 0.0197664
threshold=0.088076669873904903 0.30921658986175121 0.25000000000000011 0.17396061269146609 0.6830127018922193 0.24427708280146376 0.5970094821298324 0.066485721843107512 0.19917368504687752 0.12106829783344576 0.044270833333333336 1.0000000180025095e-35 0.30297185109541513 0.48676470588235299 0.10624049397289508 0.096354166666666671 0.93301270189221952 0.68301270189221941 10.500000000000002 0.30638478309989764 17.500000000000004 0.16027331956141747 0.93301270189221952 0.60230414746543792 0.20761163197203245 0.14433497536945816 24.500000000000004 -0.68301270189221952 0.074442190669371203 0.033308946083840184
decision_type=2 2 2 2 2 2 2 2 2 2 2 2 2 2 2 2 2 2 2 2 2 2 2 2 2 2 2 2 2 2
left_child=2 4 -1 15 8 -6 24 -8 14 -10 12 13 -5 -12 16 -3 17 -2 19 -16 21 -20 26 -15 25 -7 -22 28 -28 -30
right_child=1 3 -4 10 5 6 7 -9 9 -11 11 -13 -14 23 18 -17 -18 -19 20 -21 22 -23 -24 -25 -26 -27 27 -29 29 -31
leaf_value=-0.00076923174469790587 0.00028969653575634243 -7.5089297607823973e-06 -0.00030053011002723155 -0.00027102003321490903 -0.0007790424722034651 0.00012962424325313511 0.00022029009249319067 0.0017374759564422924 6.1326692931929083e-05 -0.00073139108615405434 0.00015725222865229234 0.00051079126439741804 0.00027481545192896282 0.00032727684545453184 -0.00021635999125115059 -0.00089821552087417935 0.00091934816771630846 -0.00041636239715838385 -0.0011922168013492837 0.00039738265509756208 0.0002158507106205948 -5.0005938194988102e-05 0.00010184211881547744 0.00072413241212105381 0.00014996930643189601 0.0011026482758790355 -0.0004300624234955618 -0.00069087307928410115 0.0010245512434749165 -5.7881601451638633e-05
leaf_weight=591 58 93 149 70 18 14.999999999999998 16.000000000000004 14.999999999999998 945 23 454 509 173 243 90 14.999999999999998 14.999999999999998 33 36 67 32 40 102 84 185 21 119 93 18 97
leaf_count=591 58 93 149 70 18 15 16 15 945 23 454 509 173 243 90 15 15 33 36 67 32 40 102 84 185 21 119 93 18 97
internal_value=-2.24798e-06 0.000133042 -0.000674859 0.000296247 1.62934e-06 0.000253373 0.000327119 0.000954445 -3.68158e-05 4.24907e-05 0.000326363 0.000365691 0.000117578 0.000271125 -0.000132777 -0.000131225 0.000158993 3.36514e-05 -0.000177341 4.55565e-05 -0.000242508 -0.000591062 -0.000185045 0.000429223 0.00023912 0.000697236 -0.000266556 -0.000313765 -0.000163886 0.00011155
internal_weight=4419 3679 740 1641 2038 270 252 31 1768 968 1533 1290 243 781 800 108 106 91 694 157 537 76 461 327 221 36 359 327 234 115
internal_count=4419 3679 740 1641 2038 270 252 31 1768 968 1533 1290 243 781 800 108 106 91 694 157 537 76 461 327 221 36 359 327 234 115
is_linear=0
shrinkage=0.03


Tree=91
num_leaves=31
num_cat=1
split_feature=1 19 0 7 6 16 11 7 9 11 16 4 9 3 10 16 9 9 11 6 4 2 6 9 6 16 11 7 11 0
split_gain=0.42969 0.076325 0.0394011 0.0328129 0.0176097 0.0185339 0.0225808 0.0179738 0.0167465 0.015424 0.0170988 0.0155705 0.0150466 0.01396 0.013948 0.0158434 0.0135753 0.0132195 0.0160069 0.0125636 0.0146865 0.012443 0.0118274 0.0118213 0.0105773 0.0105523 0.0144149 0.0105233 0.0105171 0.0167195
threshold=0.013020833333333334 0 0.50532152180681911 0.017230474755673648 0.20213956550362086 4.5000000000000009 -0.24999999999999994 0.1418343327749155 0.52954048140043775 0.6830127018922193 13.500000000000002 0.059895833333333336 0.35922684172137131 0.028645833333333336 1.0000000180025095e-35 18.500000000000004 0.18745441283734501 0.88366156090444947 -0.5 0.27788018433179729 0.075520833333333343 0.054687500000000007 0.20761163197203245 0.64697301239970828 0.22588590497378044 12.500000000000002 0.25000000000000017 0.049629439556436873 -0.5 0.60199702478080097
decision_type=2 1 2 2 2 2 2 2 2 2 2 2 2 2 2 2 2 2 2 2 2 2 2 2 2 2 2 2 2 2
left_child=3 4 9 -1 8 6 -6 17 -2 14 -11 -12 -13 -10 15 25 -4 18 19 20 24 -9 -20 -15 -7 -3 -27 -19 29 -18
right_child=1 2 16 -5 5 7 -8 21 13 10 11 12 -14 23 -16 -17 28 27 22 -21 -22 -23 -24 -25 -26 26 -28 -29 -30 -31
leaf_value=-0.00070857301852739587 1.4925022084827768e-05 0.00016413593230782918 -0.00039172330512745343 -0.00027952654404861778 0.00038014041577202884 -0.00029354866814281601 -0.00066826649134359162 7.1561274429162339e-05 -0.00021485918299629411 0.00012851270618309389 0.00036206737885247179 0.00050075045564534687 0.0016828031679995427 -0.0011125296858398427 1.3875369299891728e-05 0.00038355262216266942 3.1403116275258577e-05 -0.0002914827646026778 0.00097889365180208105 -0.0005632072266739251 -0.0007345367093525984 -0.0010090604406316657 0.00012312164987842659 -0.00032709816722910562 0.00052184890567266381 -0.00063656933498150707 0.00045772813427623403 0.00053890972861564087 0.00047506137843646612 0.00059080130146733098
leaf_weight=650 204 134 19 213 26 22 64 17 187 111 58 18 21 34 662 258 134 15.999999999999998 14.999999999999998 56 18 22 468 35 41 39 14.999999999999998 97 690 75
leaf_count=650 204 134 19 213 26 22 64 17 187 111 58 18 21 34 662 258 134 16 15 56 18 22 468 35 41 39 15 97 690 75
internal_value=-2.18053e-06 0.000143554 0.00024985 -0.000602679 -3.76785e-05 4.2021e-05 -0.000365393 8.95179e-05 -0.000187848 0.000145742 0.000382786 0.000673754 0.00113727 -0.000349431 0.000101242 0.000230921 0.000401817 0.000122908 6.85174e-05 -0.000217696 2.11796e-05 -0.00053803 0.0001497 -0.000714133 0.000237107 2.14569e-05 -0.000332595 0.00042133 0.000418589 0.000232146
internal_weight=4419 3556 2234 863 1322 862 90 772 460 1316 208 97 39 256 1108 446 918 733 620 137 81 39 483 69 63 188 54 113 899 209
internal_count=4419 3556 2234 863 1322 862 90 772 460 1316 208 97 39 256 1108 446 918 733 620 137 81 39 483 69 63 188 54 113 899 209
cat_boundaries=0 1
cat_threshold=337
is_linear=0
shrinkage=0.03


Tree=92
num_leaves=31
num_cat=1
split_feature=1 19 20 7 6 5 16 11 11 16 18 4 11 6 6 7 10 17 20 10 16 17 16 11 10 6 6 6 7 4
split_gain=0.404295 0.0718143 0.0372128 0.0308737 0.0165689 0.0191674 0.0192996 0.0212463 0.0133392 0.0213733 0.0191429 0.0140403 0.0120089 0.011496 0.0108424 0.016367 0.00969272 0.0108268 0.00866588 0.0131237 0.014907 0.0139894 0.00992867 0.013563 0.00838391 0.00836358 0.0133266 0.00933873 0.00913837 0.00961332
threshold=0.013020833333333334 0 0.57040581497477094 0.017230474755673648 0.20213956550362086 0.35801217038539557 4.5000000000000009 -0.24999999999999994 0.6830127018922193 29.500000000000004 0.50147058823529422 0.10156250000000001 0.6830127018922193 0.20761163197203245 0.43732718894009226 0.099590664592236089 0.68301270189221941 0.36418177176410527 0.50532152180681911 1.0000000180025095e-35 18.500000000000004 0.32659142728865342 12.500000000000002 0.25000000000000017 1.0000000180025095e-35 0.3147465437788019 0.35898617511520742 0.30552995391705079 0.052639969885266709 0.070312500000000014
decision_type=2 1 2 2 2 2 2 2 2 2 2 2 2 2 2 2 2 2 2 2 2 2 2 2 2 2 2 2 2 2
left_child=3 4 8 24 12 6 7 -6 18 -10 11 -11 -2 -8 16 -16 25 -18 19 20 22 -22 -3 -24 -1 27 -27 28 29 -15
right_child=1 2 -4 -5 5 -7 13 -9 9 10 -12 -13 -14 14 15 -17 17 -19 -20 -21 21 -23 23 -25 -26 26 -28 -29 -30 -31
leaf_value=-0.00072135845001027727 -0.00021973013440993133 0.0001592118910066792 0.00046685482754845446 -0.00027114078901293681 0.00036873663928479235 -0.00095657246505822873 0.00083889794745177374 -0.0006482188065417185 0.00014264020593981647 0.00031744851448605409 0.0014289021659483329 0.0011961952523620737 0.00044403297523648236 -6.7572831000872359e-05 0.00099912301270803209 -9.4318671240805913e-05 0.0002644390772735369 -0.0005427320005045816 0.00028166554503370524 1.3459109571057537e-05 0.00052961500363043167 6.2339135253509768e-05 -0.00061747273688305424 0.00044399721472653301 -0.00034630620175794623 -0.00082749573527173762 0.00011571054256864916 0.00071268247676122866 0.0001112533530425995 -0.00067225537251855341
leaf_weight=591 434 134 516 213 26 17 19 64 184 90 23 20 26 112 28 22 229 15.999999999999998 293 662 171 87 39 14.999999999999998 59 28 26 17 228 30
leaf_count=591 434 134 516 213 26 17 19 64 184 90 23 20 26 112 28 22 229 16 293 662 171 87 39 15 59 28 26 17 228 30
internal_value=-2.11511e-06 0.000139247 0.000242355 -0.000584599 -3.65482e-05 4.07604e-05 6.08262e-05 -0.000354431 0.000176337 0.000352074 0.000641814 0.00047723 -0.000182212 0.000110327 9.15181e-05 0.000518016 6.04315e-05 0.000211724 0.000136573 9.82049e-05 0.000223993 0.000372046 2.08132e-05 -0.000322617 -0.000687316 -2.36201e-05 -0.000373366 2.51824e-05 -6.40723e-06 -0.000195326
internal_weight=4419 3556 2234 863 1322 862 845 90 1718 317 133 110 460 755 736 50 686 245 1401 1108 446 258 188 54 650 441 54 387 370 142
internal_count=4419 3556 2234 863 1322 862 845 90 1718 317 133 110 460 755 736 50 686 245 1401 1108 446 258 188 54 650 441 54 387 370 142
cat_boundaries=0 1
cat_threshold=337
is_linear=0
shrinkage=0.03


Tree=93
num_leaves=31
num_cat=1
split_feature=1 19 0 7 9 6 5 16 9 9 6 3 9 9 6 9 9 9 16 6 5 17 9 5 7 18 10 9 10 9
split_gain=0.380401 0.0675701 0.0350135 0.029049 0.0169794 0.0155897 0.0180347 0.018159 0.0202827 0.0155313 0.0134092 0.013135 0.01156 0.0111227 0.0101012 0.0164162 0.0238181 0.0149613 0.0171642 0.0141376 0.0135831 0.0134263 0.0124934 0.0113681 0.0108717 0.0121047 0.0103997 0.0101259 0.00979491 0.0129907
threshold=0.013020833333333334 0 0.57040581497477094 0.017230474755673648 0.89824945295404834 0.20213956550362086 0.35801217038539557 4.5000000000000009 0.52808169219547796 0.52954048140043775 0.24557444779914192 0.028645833333333336 0.88366156090444947 0.64697301239970828 0.27603686635944708 0.57148067104303446 0.51677607585703877 0.66411378555798695 26.500000000000004 0.14433497536945816 0.079310344827586213 0.28267146743197213 0.78264040846097749 0.11578769438810006 0.067795911274033463 0.47794117647058826 0.68301270189221941 0.70240700218818397 0.68301270189221941 0.64697301239970828
decision_type=2 1 2 2 2 2 2 2 2 2 2 2 2 2 2 2 2 2 2 2 2 2 2 2 2 2 2 2 2 2
left_child=3 5 4 -1 14 9 7 8 10 -2 -7 -11 28 -13 15 16 21 18 -17 -18 27 -3 -22 26 -16 -26 -20 -19 29 -9
right_child=1 2 -4 -5 -6 6 -8 12 -10 11 -12 13 -14 -15 24 17 19 20 23 -21 22 -23 -24 -25 25 -27 -28 -29 -30 -31
leaf_value=-0.00066669642017963668 1.8531237272938835e-05 0.00081913417503376364 0.00045284921229726875 -0.00026300660403828714 -0.00060505961159948299 -0.00031110923800482148 -0.00092787697443875636 6.5950757723670582e-05 0.00015972157318067459 -0.00020182157130907476 -0.0013008416865539459 -0.0010725630684816378 0.00038682037317306912 -0.00031069379705870903 0.00036756499462390669 3.0272161173111611e-05 -0.00019508114512667234 -0.00018082252863716665 0.0012698179465224627 -0.0012469467760061399 2.017882721036822e-05 -4.1751045223912194e-05 -0.00061751964886089825 0.0003490555673321811 3.5625466970147675e-05 0.00030148359292192864 0.00046636980610590464 0.00072040433802760657 0.00020644157229363796 -0.00032824470156382255
leaf_weight=650 204 18 516 213 25 28 17 295 40 187 22 34 113 35 388 99 23 17 29 23 95 173 39 110 317 300 29 33 246 101
leaf_count=650 204 18 516 213 25 28 17 295 40 187 22 34 113 35 388 99 23 17 29 23 95 173 39 110 317 300 29 33 246 101
internal_value=-2.05164e-06 0.00013507 0.000235084 -0.000567061 0.000171047 -3.54518e-05 3.95376e-05 5.90014e-05 -0.000343798 -0.000176746 -0.000746609 -0.000332357 0.000107018 -0.000686118 0.000182508 9.39415e-05 -0.00010821 0.000200172 0.000343612 -0.00072103 -7.97265e-06 3.93834e-05 -0.000165423 0.000528257 0.000243138 0.000164892 0.000868109 0.00041399 5.77683e-05 -3.45896e-05
internal_weight=4419 3556 2234 863 1718 1322 862 845 90 460 50 256 755 69 1693 688 237 451 267 46 184 191 134 168 1005 617 58 50 642 396
internal_count=4419 3556 2234 863 1718 1322 862 845 90 460 50 256 755 69 1693 688 237 451 267 46 184 191 134 168 1005 617 58 50 642 396
cat_boundaries=0 1
cat_threshold=337
is_linear=0
shrinkage=0.03


Tree=94
num_leaves=31
num_cat=2
split_feature=1 19 0 10 8 4 11 16 8 17 8 17 4 17 9 10 16 11 11 18 9 10 19 8 16 0 8 16 10 0
split_gain=0.35792 0.0635768 0.0331192 0.0273378 0.0161149 0.014523 0.0132345 0.018386 0.0134616 0.0153015 0.0134959 0.0131262 0.013017 0.011883 0.0187819 0.0232724 0.0120799 0.0129376 0.0112806 0.0218404 0.0115841 0.0111667 0.0187787 0.0172626 0.0126632 0.0109559 0.010774 0.0104167 0.0101886 0.00980044
threshold=0.013020833333333334 0 0.50532152180681911 1.0000000180025095e-35 0.057563221496375404 0.023437500000000003 0.6830127018922193 29.500000000000004 0.096943484910633357 0.34665134882137699 0.14104009938217046 0.39588120159986395 0.096354166666666671 0.37771253510339559 0.88366156090444947 0.68301270189221941 3.5000000000000004 -0.24999999999999994 -0.5 0.44264705882352945 0.47191830780452232 1.0000000180025095e-35 1 0.12450006889054512 18.500000000000004 0.43842350831776183 0.12496481496433699 9.5000000000000018 -0.93301270189221908 0.20681904689606379
decision_type=2 1 2 2 2 2 2 2 2 2 2 2 2 2 2 2 2 2 2 2 2 2 1 2 2 2 2 2 2 2
left_child=3 5 4 29 -3 -2 8 -8 9 25 21 18 -9 14 15 16 26 -18 19 -4 -20 24 23 -23 28 -6 -7 -25 -10 -1
right_child=1 2 11 -5 6 13 7 12 10 -11 -12 -13 -14 -15 -16 -17 17 -19 20 -21 -22 22 -24 27 -26 -27 -28 -29 -30 -31
leaf_value=-0.00068338634146775069 -0.00019384618358373316 -0.00057941854221538842 -0.0009213994274900948 -0.00025041664904647487 0.00030341032266070468 -0.00013441926462321718 0.00013293050626758085 0.00050895413200086428 -0.00057989587578906798 -0.0005025346264035265 0.00022014873087217255 0.00059865408930229647 0.0014031815560866226 -0.00043761921281070746 0.00043296829185942789 0.00021157162562830464 -0.00025226499441598465 6.4331533962432786e-05 0.00018985337217493459 0.00021093991295899063 0.00047497602008382756 0.00051906420022307636 -0.00032830505699593362 -0.00087841807694476008 0.00029922764986752172 0.0010729476323792168 -0.0012024835153733146 7.5088950511624172e-05 4.813718294471045e-05 -0.00029255624282270153
leaf_weight=591 371 28 17 208 222 17 120 64 32 20 272 178 19 47 103 300 217 250 196 156 371 58 193 15.999999999999998 140 18 17 29 85 64
leaf_count=591 371 28 17 208 222 17 120 64 32 20 272 178 19 47 103 300 217 250 196 156 371 58 193 16 140 18 17 29 85 64
internal_value=-1.99011e-06 0.000131018 0.000228032 -0.000550049 0.000132578 -3.43883e-05 0.000148057 0.000370379 0.00010646 0.000294692 4.71386e-05 0.000367354 0.000713671 2.74572e-05 5.16375e-05 2.602e-06 -0.00012253 -8.2781e-05 0.000311716 9.96649e-05 0.000376416 -3.79589e-05 -0.000163574 0.000161311 0.000106718 0.00036113 -0.000668471 -0.000263948 -0.000123636 -0.000645199
internal_weight=4419 3556 2234 863 1316 1322 1288 203 1085 260 825 918 83 951 904 801 501 467 740 173 567 553 296 103 257 240 34 45 117 655
internal_count=4419 3556 2234 863 1316 1322 1288 203 1085 260 825 918 83 951 904 801 501 467 740 173 567 553 296 103 257 240 34 45 117 655
cat_boundaries=0 1 2
cat_threshold=337 514
is_linear=0
shrinkage=0.03


Tree=95
num_leaves=31
num_cat=2
split_feature=6 1 19 10 6 3 14 4 1 9 3 19 4 9 6 1 6 13 11 18 18 6 2 11 3 6 7 9 4 3
split_gain=0.35248 0.0702125 0.0188837 0.0182086 0.0139064 0.0128825 0.0116639 0.0107264 0.00959302 0.00897609 0.0100678 0.00873495 0.00891528 0.00827161 0.00821623 0.00764287 0.00985118 0.00917842 0.00988078 0.0119455 0.00905996 0.00865665 0.00716491 0.006907 0.00733275 0.00933758 0.00665046 0.0101818 0.00812509 0.00662795
threshold=0.088076669873904903 0.075520833333333343 0 0.25000000000000011 0.29170506912442401 0.16927083333333334 1.0000000180025095e-35 0.013020833333333334 0.15364583333333334 0.41320204230488705 1.0000000180025095e-35 1 0.059895833333333336 0.94493070751276453 0.72995391705069135 0.013020833333333334 0.12981090100111239 1.0000000180025095e-35 -0.5 0.47794117647058826 0.46911764705882358 0.33041474654377889 0.085937500000000014 0.6830127018922193 0.013020833333333334 0.15371047195296364 0.081225236952003121 0.17396061269146609 0.12760416666666669 0.054687500000000007
decision_type=2 2 1 2 2 2 2 2 2 2 2 1 2 2 2 2 2 2 2 2 2 2 2 2 2 2 2 2 2 2
left_child=3 2 7 -1 23 26 11 -2 -8 -5 -11 12 -3 -13 -14 16 20 21 -19 22 -9 -17 -20 24 25 -4 27 -6 -28 -23
right_child=1 6 4 9 5 -7 8 15 -10 10 -12 13 14 -15 -16 17 -18 18 19 -21 -22 29 -24 -25 -26 -27 28 -29 -30 -31
leaf_value=-0.00066293395345300729 -0.00028561488960038523 0.00011541267012112608 1.7215052822728481e-05 -0.00079930056403854739 -2.0532771956547045e-05 -0.00058443854639028258 0.00044191836258529324 0.00044181781381425752 0.0010015525025374255 0.00032612610630146968 -0.00032885095364852527 0.00017339882268296107 0.00057098915673316067 0.00066262710984664886 5.6204242607171954e-05 -2.2426582639874547e-05 -0.00057397770204730466 -7.028641723073817e-05 -2.0066737056131779e-05 0.00049765922223424708 -0.00043503357581572717 5.9194264116372391e-05 0.00050971670270358327 0.00033216027770036294 -1.7079088549028146e-05 0.00077192022328158717 4.8288501427643902e-05 0.00040463679334431526 0.00055846303697534481 -0.00061862545794313126
leaf_weight=586 144 67 36 26 61 17 199 24 32 27 97 541 218 33 32 495 47 148 128 98 19 19 28 66 668 25 189 300 33 41
leaf_count=586 144 67 36 26 61 17 199 24 32 27 97 541 218 33 32 495 47 148 128 98 19 19 28 66 668 25 189 300 33 41
internal_value=1.22584e-05 0.000131292 4.53037e-05 -0.000587439 0.000119709 0.000229598 0.00032948 -4.24949e-05 0.000519447 -0.000292503 -0.000186234 0.000280228 0.000409808 0.000198076 0.000505097 -9.4628e-06 -0.00027377 1.53939e-05 0.000124559 0.00023809 5.43707e-05 -6.36768e-05 7.50253e-05 3.828e-05 1.16731e-05 0.000326528 0.000253336 0.000332794 0.000124127 -0.000403985
internal_weight=4444 3708 2586 736 1395 600 1122 1191 231 150 124 891 317 574 250 1047 90 957 402 254 43 555 156 795 729 61 583 361 222 60
internal_count=4444 3708 2586 736 1395 600 1122 1191 231 150 124 891 317 574 250 1047 90 957 402 254 43 555 156 795 729 61 583 361 222 60
cat_boundaries=0 1 2
cat_threshold=277 34
is_linear=0
shrinkage=0.03


Tree=96
num_leaves=31
num_cat=1
split_feature=6 1 19 10 16 10 11 10 16 0 8 9 7 6 8 10 6 6 8 4 17 9 6 16 8 5 9 9 17 13
split_gain=0.331649 0.066063 0.0177677 0.0171324 0.0155591 0.0215488 0.025647 0.0192896 0.0162733 0.0275331 0.0150985 0.0113515 0.0128446 0.010359 0.0175617 0.0161753 0.0219238 0.0122043 0.0116142 0.0100925 0.0122904 0.010068 0.012363 0.0112344 0.00989174 0.00977579 0.0110109 0.0105312 0.00946924 0.0092204
threshold=0.088076669873904903 0.075520833333333343 0 0.25000000000000011 27.500000000000004 -0.5 -0.24999999999999994 0.68301270189221941 29.500000000000004 0.54973724893015385 0.057563221496375404 0.73668854850474119 0.15278835336889349 0.29170506912442401 0.09742181278566435 0.68301270189221941 0.25399650405212143 0.1905821282906934 0.22119407178140213 0.013020833333333334 0.31759145956763773 0.24507658643326041 0.24322262831717786 13.500000000000002 0.10569381147397909 0.098377281947261683 0.44894237782640417 0.48322392414296145 0.33310749330662537 -0.22252093395631442
decision_type=2 2 1 2 2 2 2 2 2 2 2 2 2 2 2 2 2 2 2 2 2 2 2 2 2 2 2 2 2 2
left_child=3 2 19 -1 7 6 -6 -3 -8 29 -4 12 -7 14 -12 21 17 24 -15 20 -2 22 23 -16 -17 27 -27 -23 -22 -10
right_child=1 4 10 -5 5 11 8 -9 9 -11 13 -13 -14 18 15 16 -18 -19 -20 -21 28 25 -24 -25 -26 26 -28 -29 -30 -31
leaf_value=-0.00064304597024930925 -0.000501381380515269 1.0330634090706131e-05 -0.00068136495803913647 -0.00028372814742423104 -2.3387811279444972e-05 0.00023121870488556004 0.00038596519323724722 0.00038115421541455629 0.00044032602562898255 0.0024435779297012294 0.00025524353135403434 0.00063763057829906438 0.00083901099494450044 0.00030196401021112789 -0.0004705875322681915 -9.0109654214090454e-05 -0.0013498305669309117 0.00029914744435889445 2.8937010473036313e-06 -9.178926655935637e-06 0.00045886893850581557 5.7589802482503056e-05 -0.00074886404196395035 0.00044266830054888885 -0.00080805455749150088 0.00050340210909465574 -1.3177760898430951e-05 0.0011640337550938482 -0.00031457814564328208 0.0014284166284493846
leaf_weight=586 87 252 21 150 23 393 19 253 17 15.999999999999998 264 98 34 441 22 39 17 32 159 1047 28 15.000000000000002 29 27 31 44 238 15.999999999999998 29 17
leaf_count=586 87 252 21 150 23 393 19 253 17 16 264 98 34 441 22 39 17 32 159 1047 28 15 29 27 31 44 238 16 29 17
internal_value=1.18907e-05 0.000127354 4.39446e-05 -0.000569816 0.000319596 0.000420665 0.000844186 0.00019611 0.00113337 0.00141738 0.000116118 0.000346447 0.000279616 0.000129152 5.66265e-05 -4.61873e-05 -0.000352437 -0.000186193 0.000222711 -4.122e-05 -0.000277047 4.70197e-05 -0.000257929 3.26338e-05 -0.000408064 0.000123014 6.74249e-05 0.000628677 6.53622e-05 0.000934399
internal_weight=4444 3708 2586 736 1122 617 92 505 69 50 1395 525 427 1374 774 510 119 102 600 1191 144 391 78 49 70 313 282 31 57 34
internal_count=4444 3708 2586 736 1122 617 92 505 69 50 1395 525 427 1374 774 510 119 102 600 1191 144 391 78 49 70 313 282 31 57 34
cat_boundaries=0 1
cat_threshold=277
is_linear=0
shrinkage=0.03


Tree=97
num_leaves=31
num_cat=1
split_feature=6 1 19 10 16 10 20 10 9 8 9 7 12 10 16 9 4 8 9 10 9 7 7 6 9 8 9 4 18 8
split_gain=0.312048 0.0621588 0.0167176 0.0161199 0.0146396 0.0202754 0.0237165 0.0181496 0.0156903 0.0142062 0.0106806 0.0120855 0.0105484 0.00989562 0.012523 0.0173367 0.00949602 0.00898334 0.00844564 0.00897651 0.00841298 0.00828158 0.0134551 0.0109522 0.0134073 0.00921748 0.013472 0.00812373 0.00797678 0.00799735
threshold=0.088076669873904903 0.075520833333333343 0 0.25000000000000011 27.500000000000004 -0.5 0.54973724893015385 0.68301270189221941 0.38548504741064926 0.057563221496375404 0.73668854850474119 0.15278835336889349 1.0000000180025095e-35 -0.24999999999999994 29.500000000000004 0.57622173595915405 0.013020833333333334 0.09742181278566435 0.41320204230488705 0.68301270189221941 0.18745441283734501 0.065904323980221752 0.044612303615735018 0.28617511520737338 0.60649161196207169 0.20477481889322038 0.5977388767323123 0.0078125000000000017 0.4485294117647059 0.092976158837091025
decision_type=2 2 1 2 2 2 2 2 2 2 2 2 2 2 2 2 2 2 2 2 2 2 2 2 2 2 2 2 2 2
left_child=3 2 16 -1 7 6 8 -3 -6 -4 11 -7 13 14 20 -16 -2 -14 -5 -20 -11 22 -15 24 -23 -25 -27 -19 -24 -30
right_child=1 4 9 18 5 10 -8 -9 -10 12 -12 -13 17 21 15 -17 -18 27 19 -21 -22 23 28 25 -26 26 -28 -29 29 -31
leaf_value=-0.00062375461001442983 -0.00026873518166504708 1.0020714610155791e-05 -0.00066092499741077031 -0.00076681096236722447 0.0010724375375912925 0.00022428216442015451 0.0015862771625484093 0.00036971963398282177 0.00013164917816860339 -9.8194724257769171e-05 0.00061850185225904408 0.00081384140489857034 0.00024865859940839289 -1.8518889950049911e-05 0.0012249956827444827 0.00036172623376031263 -8.9035593285287879e-06 -0.00073652442733558338 0.00010459956259685026 -0.00040756342847104787 0.00031527658138429809 -0.00071460836865177722 0.0010479932711176284 0.00032152759343754932 0.00015053452723600206 0.00015209640246848636 -0.00061593574025742672 -2.4636258287750626e-05 0.00083030543154576834 0.00023696780594472945
leaf_weight=586 144 252 21 26 27 393 26 253 39 65 98 34 116 127 28 83 1047 14.999999999999998 57 67 139 38 14.999999999999998 89 28 61 31 377 24 138
leaf_count=586 144 252 21 26 27 393 26 253 39 65 98 34 116 127 28 83 1047 15 57 67 139 38 15 89 28 61 31 377 24 138
internal_value=1.1534e-05 0.000123533 4.26263e-05 -0.000552721 0.000310008 0.000408045 0.000818862 0.000190227 0.000516528 0.000112635 0.000336053 0.000271228 0.000125278 0.000188942 0.000323065 0.000579497 -3.99835e-05 1.67483e-05 -0.000275216 -0.000172135 0.000183533 0.000112265 0.000217101 -1.67652e-05 -0.000347581 0.000103865 -0.000106701 -5.18787e-05 0.000386161 0.000324874
internal_weight=4444 3708 2586 736 1122 617 92 505 66 1395 525 427 1374 866 315 111 1191 508 150 124 204 551 304 247 66 181 92 392 177 162
internal_count=4444 3708 2586 736 1122 617 92 505 66 1395 525 427 1374 866 315 111 1191 508 150 124 204 551 304 247 66 181 92 392 177 162
cat_boundaries=0 1
cat_threshold=277
is_linear=0
shrinkage=0.03


Tree=98
num_leaves=31
num_cat=0
split_feature=6 1 6 12 16 11 7 11 0 11 8 7 17 7 8 4 1 7 16 4 9 7 11 2 11 8 9 17 17 17
split_gain=0.293606 0.0584852 0.015549 0.0142199 0.0137744 0.0159693 0.0127554 0.0126354 0.0117041 0.0115551 0.0115074 0.0113743 0.0109776 0.0144207 0.0109702 0.0100922 0.00995564 0.00988716 0.0143694 0.00967769 0.0143128 0.0145815 0.0100193 0.0091868 0.00902936 0.0085673 0.00848097 0.00849686 0.00867013 0.00810889
threshold=0.088076669873904903 0.075520833333333343 0.19917368504687752 1.0000000180025095e-35 27.500000000000004 -0.24999999999999994 0.017230474755673648 0.6830127018922193 0.37133434752357647 0.6830127018922193 0.09742181278566435 0.15278835336889349 0.40894391966641147 0.10459879533739259 0.089560300767560053 0.039062500000000007 0.028645833333333336 0.097920479806488284 29.500000000000004 0.033854166666666671 0.44894237782640417 0.065485879597367638 -0.68301270189221952 0.049479166666666671 -0.68301270189221952 0.43871151078150539 0.92924872355944577 0.32079294792226054 0.2803591183729045 0.2758488639264744
decision_type=2 2 2 2 2 2 2 2 2 2 2 2 2 2 2 2 2 2 2 2 2 2 2 2 2 2 2 2 2 2
left_child=6 2 7 16 9 12 -1 10 -9 -3 -2 15 13 26 -5 -7 17 -4 -19 20 -16 -22 -21 -17 -12 -11 27 28 -6 -26
right_child=1 4 3 14 5 11 -8 8 -10 25 24 -13 -14 -15 19 23 -18 18 -20 22 21 -23 -24 -25 29 -27 -28 -29 -30 -31
leaf_value=-0.00058005877998124685 -3.1753348797391847e-05 0.00026769971236614918 5.6735535356579148e-05 0.00075585815086322869 9.603105679853986e-05 1.7471236950554747e-05 -0.00018099046157235124 0.001055926387173618 -1.4716291148341255e-05 -0.00023625748810472059 0.00028554990400153835 0.00094086228994779656 0.00073825547908606569 -0.00022748176111556399 -0.00021736931700303892 0.00097230549186531499 0.00020233331377497076 0.00012684615293861529 -0.0011862622667470301 -0.00031181541327067371 0.00010927346793728241 0.00091552563715309714 -1.427171778671307e-05 0.00045492714751352981 0.0002020627778512088 0.0002874717761525336 0.00085144380612021909 4.0589227152021267e-05 0.00071970596276138056 -0.00047797177411664367
leaf_weight=655 636 378 188 15.999999999999998 35 39 81 17 20 85 20 54 35 62 50 37 886 15 15 144 52 33 348 187 18 42 22 99 47 128
leaf_count=655 636 378 188 16 35 39 81 17 20 85 20 54 35 62 50 37 886 15 15 144 52 33 348 187 18 42 22 99 47 128
internal_value=1.1188e-05 0.000119827 4.13475e-05 9.23266e-05 0.000300708 0.000395804 -0.00053614 -6.48032e-05 0.000477216 0.00018452 -8.98096e-05 0.000544279 0.000238915 0.000172962 -1.98241e-05 0.000462848 0.000157646 -2.39722e-05 -0.000529726 -3.96194e-05 0.000185383 0.000422296 -0.000101358 0.000540391 -0.000312241 -6.30548e-05 0.000295265 0.000227659 0.000453508 -0.000394131
internal_weight=4444 3708 2586 1747 1122 617 736 839 37 505 802 317 300 265 643 263 1104 218 30 627 135 85 492 224 166 127 203 181 82 146
internal_count=4444 3708 2586 1747 1122 617 736 839 37 505 802 317 300 265 643 263 1104 218 30 627 135 85 492 224 166 127 203 181 82 146
is_linear=0
shrinkage=0.03


Tree=99
num_leaves=31
num_cat=1
split_feature=6 1 19 10 12 1 3 16 16 10 6 10 8 13 1 7 9 7 9 3 0 4 8 8 7 8 7 1 0 16
split_gain=0.276254 0.0550288 0.0157437 0.0146103 0.0141893 0.0136108 0.013212 0.0243137 0.0129604 0.0186088 0.0219005 0.0165909 0.0118288 0.0103483 0.0100465 0.00965804 0.00964014 0.0110292 0.00785941 0.00933366 0.00751653 0.00966476 0.00765588 0.00751346 0.00739798 0.00872222 0.00700855 0.0065232 0.00720166 0.00643522
threshold=0.088076669873904903 0.075520833333333343 0 0.25000000000000011 1.0000000180025095e-35 0.018229166666666668 0.054687500000000007 8.5000000000000018 27.500000000000004 -0.5 0.39493087557603695 0.68301270189221941 0.12558172954289096 1.0000000180025095e-35 0.13802083333333334 0.077483937672895853 0.73668854850474119 0.15278835336889349 0.41320204230488705 1.0000000180025095e-35 0.46101389626997746 0.039062500000000007 0.19123505505912505 0.14189758641386938 0.092343480677863826 0.24450792551719841 0.12338484922465606 0.044270833333333336 0.5513258104366211 15.500000000000002
decision_type=2 2 1 2 2 2 2 2 2 2 2 2 2 2 2 2 2 2 2 2 2 2 2 2 2 2 2 2 2 2
left_child=3 2 6 -1 5 -4 7 -2 11 10 12 -3 -10 27 -12 -14 17 20 -5 -20 23 22 -22 -11 -18 -26 -13 29 -29 -7
right_child=1 8 4 18 -6 13 -8 -9 9 16 14 26 15 -15 -16 -17 24 -19 19 -21 21 -23 -24 -25 25 -27 -28 28 -30 -31
leaf_value=-0.00058768114383732405 -0.0009751815133055814 6.6898221761290707e-06 -0.00013127544134447833 -0.00073008997479950767 -6.8615276433976071e-05 -0.00027265765395421293 0.00061959424668927101 0.00033649579825221977 0.0011588136375776871 0.00027529823194849735 0.001904209840727879 0.00043187948100207376 -0.00028185251943785603 0.00020324119517053696 0.00085675468528855685 0.00060798263604430443 0.00094091101743329982 0.00077173095566812307 0.00033690049631355173 -0.00029374323308598189 -0.00063473757905942662 0.00021709537782973708 0.00021977402483027025 0.0010696194092827732 -0.00014567035048916558 0.00062087247345043734 4.3868915519187433e-05 0.00016147076019479363 -0.00051292841430187509 2.6396687497314031e-05
leaf_weight=586 15.999999999999998 252 232 26 966 96 78 62 14.999999999999998 29 17 200 21 637 15.999999999999998 23 34 34 27 97 23 308 15.999999999999998 17 19 45 53 285 14.999999999999998 199
leaf_count=586 16 252 232 26 966 96 78 62 15 29 17 200 21 637 16 23 34 34 27 97 23 308 16 17 19 45 53 285 15 199
internal_value=1.08524e-05 0.000116232 4.01071e-05 -0.000520056 2.05446e-05 7.95158e-05 0.000322818 6.74247e-05 0.000291687 0.00038393 0.0007775 0.000178984 0.000431321 0.00011921 0.00139639 0.000183292 0.000314961 0.000253374 -0.000255864 -0.000156424 0.000208526 0.000160756 -0.000284172 0.000568869 0.000583299 0.000393306 0.000350597 2.92478e-05 0.000127749 -7.09233e-05
internal_weight=4444 3708 2586 736 2430 1464 156 78 1122 617 92 505 59 1232 33 44 525 427 150 124 393 347 39 46 98 64 253 595 300 295
internal_count=4444 3708 2586 736 2430 1464 156 78 1122 617 92 505 59 1232 33 44 525 427 150 124 393 347 39 46 98 64 253 595 300 295
cat_boundaries=0 1
cat_threshold=2
is_linear=0
shrinkage=0.03


Tree=100
num_leaves=31
num_cat=3
split_feature=0 6 19 9 11 7 0 10 9 18 6 19 11 8 0 4 10 19 6 7 0 16 16 11 6 0 0 8 8 6
split_gain=0.243841 0.0565962 0.029431 0.0234999 0.020538 0.028535 0.0164502 0.0229454 0.0142082 0.0141839 0.0135116 0.0165725 0.0273207 0.0164738 0.0237131 0.0136043 0.0129179 0.0192669 0.051152 0.0246436 0.0212794 0.019816 0.0146516 0.0163298 0.013485 0.0133599 0.012959 0.0176194 0.0129305 0.012831
threshold=0.20681904689606379 0.29815668202764983 0 0.35922684172137131 -0.5 0.10150446750004584 0.60785668035134688 0.25000000000000011 0.92924872355944577 0.49264705882352944 0.15371047195296364 1 -0.5 0.099015322869268382 0.37409980390052772 0.023437500000000003 -0.24999999999999994 2 0.27788018433179729 0.081764945460434418 0.45871292428797134 8.5000000000000018 29.500000000000004 0.6830127018922193 0.27788018433179729 0.44836881218107716 0.42967650103131855 0.10895533537673048 0.15376901510591112 0.27603686635944708
decision_type=2 2 1 2 2 2 2 2 2 2 2 1 2 2 2 2 2 1 2 2 2 2 2 2 2 2 2 2 2 2
left_child=-1 10 -3 9 5 8 7 -7 -5 -4 11 12 -2 14 -13 -14 22 18 20 21 -18 -19 24 28 25 -12 27 -23 -24 -29
right_child=1 2 3 4 -6 6 -8 -9 -10 -11 16 13 15 -15 -16 -17 17 19 -20 -21 -22 26 23 -25 -26 -27 -28 29 -30 -31
leaf_value=-0.00053360261818816048 -0.00035669939753135005 0.00040102627891346569 -0.00022249803686696777 9.6233010861121327e-05 0.00030546636561282729 0.00011871739493059614 0.00019186408074696774 -0.0011474309697456805 0.00085356290838889198 0.00033846465089483447 4.864884171734176e-05 -9.995644197320836e-05 0.00012030705531169733 -0.00066413082524313823 -0.0011841040092619079 0.00083181590922669617 -0.00016226449941357673 -0.00046382629673699937 -0.0013821709716398099 0.00060902149234644254 0.00096454901087480386 -1.2429406475674823e-05 0.0003526060924150526 0.0011158516761476717 0.0004939374264965622 -0.00050263768677546994 -0.00010549483893867514 0.00066357452633897967 -0.00052097804414791065 -0.00028645868720574919
leaf_weight=658 60 540 215 206 609 19 24 40 25 50 250 409 51 64 19 46 263 71 31 68 15.999999999999998 120 148 23 50 47 186 87 17 14.999999999999998
leaf_count=658 60 540 215 206 609 19 24 40 25 50 250 409 51 64 19 46 263 71 31 68 16 120 148 23 50 47 186 87 17 15
internal_value=-7.34384e-07 9.2295e-05 0.000218638 0.000131254 0.000203852 6.77168e-06 -0.000470328 -0.000739693 0.000178198 -0.000116655 -1.46726e-05 -0.000127717 0.000137711 -0.000210929 -0.000148087 0.000457729 3.80329e-05 -3.41749e-05 -0.000219033 7.32543e-05 -9.76411e-05 -1.27628e-06 0.0001537 0.000366991 3.81415e-05 -3.85932e-05 7.92174e-05 0.000233976 0.000262598 0.000523862
internal_weight=4427 3769 1728 1188 923 314 83 59 231 265 2041 649 157 492 428 97 1392 857 310 547 279 479 535 188 347 297 408 222 165 102
internal_count=4427 3769 1728 1188 923 314 83 59 231 265 2041 649 157 492 428 97 1392 857 310 547 279 479 535 188 347 297 408 222 165 102
cat_boundaries=0 1 2 3
cat_threshold=34 352 56
is_linear=0
shrinkage=0.03


Tree=101
num_leaves=31
num_cat=1
split_feature=0 19 0 0 16 4 5 18 4 9 4 1 9 5 9 18 5 3 16 9 9 10 18 18 10 9 10 17 9 0
split_gain=0.229454 0.0489913 0.0299276 0.0230668 0.0142095 0.0139502 0.011866 0.0115792 0.0114105 0.0112936 0.0111201 0.0101571 0.0106354 0.0129554 0.0133596 0.00980632 0.00943141 0.00937392 0.00953161 0.00912103 0.00892574 0.0102884 0.00886209 0.00998621 0.00731526 0.00850888 0.00727092 0.0137798 0.0144359 0.00709355
threshold=0.20681904689606379 0 0.50532152180681911 0.51155345578130385 7.5000000000000009 0.0078125000000000017 0.10158891142663963 0.4661764705882353 1.0000000180025095e-35 0.18745441283734501 0.11197916666666667 0.039062500000000007 0.55725747629467559 0.13083164300202843 0.51239970824215908 0.49852941176470594 0.074442190669371203 0.028645833333333336 6.5000000000000009 0.13785557986870897 0.10977388767323125 -0.5 0.4661764705882353 0.48382352941176471 0.25000000000000011 0.54303428154631672 0.68301270189221941 0.23261850055314445 0.27425237053245816 0.41741515485649366
decision_type=2 1 2 2 2 2 2 2 2 2 2 2 2 2 2 2 2 2 2 2 2 2 2 2 2 2 2 2 2 2
left_child=24 3 4 11 6 8 -3 -8 -6 -4 -7 12 13 14 20 26 -16 -13 29 -9 -2 -22 -12 -24 -1 -26 27 28 -11 -19
right_child=1 2 9 -5 5 10 7 19 -10 15 22 17 -14 -15 16 -17 -18 18 -20 -21 21 -23 23 -25 25 -27 -28 -29 -30 -31
leaf_value=-0.00055454320775545163 -0.00040464259735565602 -0.00037509780885127997 -0.00036814746756842244 -0.0010011628319468468 0.00028990244663434542 0.0001253407405808417 -0.00032013395037972512 -0.00041173401699869691 -0.00050800302627986168 0.00021076626474144901 -9.8030126592672036e-05 -0.00017961280162387335 -0.00024537284502905681 -0.00069123430541382475 0.001185621623786483 0.00047273140351799386 0.00016707380871011112 0.00022425713450085937 0.00020630872769364898 0.00026281457741899439 0.00037849656532991589 -0.00010674431583737854 0.0011948152877836382 0.00035331396388417648 -0.0004524562348839967 0.0002245274459233789 0.00036020348364257707 0.00022923270617537718 -0.00085211955777072927 -0.00050337713608054684
leaf_weight=579 43 98 23 24 23 1237 62 21 54 23 15.999999999999998 117 357 22 14.999999999999998 236 18 19 268 128 64 102 22 30 55 24 313 378 23 33
leaf_count=579 43 98 23 24 23 1237 62 21 54 23 16 117 357 22 15 236 18 19 268 128 64 102 22 30 55 24 313 378 23 33
internal_value=-6.85176e-07 8.95581e-05 0.000157851 -8.07516e-05 8.15999e-05 0.000122721 -0.000102313 2.43841e-05 -0.000269667 0.000288895 0.000145873 -6.0635e-05 -0.00013861 5.76231e-06 6.91282e-05 0.000304427 0.000630072 5.0172e-05 0.000134187 0.000167742 -1.94444e-05 8.03377e-05 0.000519379 0.00070935 -0.000517595 -0.00024679 0.000250532 0.000169571 -0.000320684 -0.000237512
internal_weight=4427 3769 2687 1082 1691 1382 309 211 77 996 1305 1058 621 264 242 973 33 437 320 149 209 166 68 52 658 79 737 424 46 52
internal_count=4427 3769 2687 1082 1691 1382 309 211 77 996 1305 1058 621 264 242 973 33 437 320 149 209 166 68 52 658 79 737 424 46 52
cat_boundaries=0 1
cat_threshold=273
is_linear=0
shrinkage=0.03


Tree=102
num_leaves=31
num_cat=4
split_feature=6 6 19 9 18 10 18 16 9 16 10 10 18 10 6 19 17 6 6 9 10 19 19 6 3 7 4 16 8 7
split_gain=0.216115 0.0470072 0.0273335 0.0214314 0.0130278 0.012831 0.0107715 0.0107017 0.0139012 0.0106226 0.0146525 0.0109614 0.0106068 0.0155566 0.012761 0.0112694 0.0196232 0.0105844 0.0138105 0.0105599 0.0100551 0.023856 0.0136333 0.0201216 0.0144886 0.0133289 0.0101278 0.0102681 0.0123826 0.0183202
threshold=0.088076669873904903 0.29815668202764983 0 0.35922684172137131 0.49264705882352944 0.25000000000000011 0.49558823529411766 6.5000000000000009 0.27425237053245816 23.500000000000004 -0.5 -0.6830127018922193 0.44264705882352945 0.68301270189221941 0.41705069124423971 1 0.33864730188447328 0.7009216589861752 0.59032258064516141 0.17396061269146609 -0.24999999999999994 2 3 0.28433179723502316 0.0078125000000000017 0.03766259298495573 0.0078125000000000017 8.5000000000000018 0.0917847730396293 0.038670947752277481
decision_type=2 2 1 2 2 2 2 2 2 2 2 2 2 2 2 1 2 2 2 2 2 1 1 2 2 2 2 2 2 2
left_child=5 6 9 4 7 -1 20 8 19 -3 11 -11 13 14 -5 16 -14 18 -12 -4 21 -2 23 -22 -24 -23 -26 28 29 -28
right_child=1 2 3 12 -6 -7 -8 -9 -10 10 17 -13 15 -15 -16 -17 -18 -19 -20 -21 22 25 24 -25 26 -27 27 -29 -30 -31
leaf_value=-0.00053790694235638845 -0.00012763779455238645 0.00024680972202553784 -0.00078282884641405024 0.0002857040135984974 0.00032159094509509454 -0.00022233387775007229 0.00020251694409534422 -8.2815043163080626e-05 -0.0010957583849651017 0.00059862936534850692 0.00033879883318599634 0.001451804389363514 0.00011944059310296645 0.00039054923580297368 -0.00068846367909913277 0.00026460596526528291 -0.0009517762663500053 5.3332939836995579e-05 0.00090747965997909534 0.0002593338956235902 -0.00016368177974755382 0.0005945058503048355 0.00092444514403025688 -0.00099371645915842868 -0.00046906540419456959 0.0001390082463920484 -0.00061968016749519475 6.756921531948791e-05 -0.000541669556334245 0.00071443870208646337
leaf_weight=579 315 252 14.999999999999998 17 50 145 197 154 25 33 118 23 81 35 42 729 19 57 57 21 429 73 14.999999999999998 28 42 278 15.999999999999998 501 59 22
leaf_count=579 315 252 15 17 50 145 197 154 25 33 118 23 81 35 42 729 19 57 57 21 429 73 15 28 42 278 16 501 59 22
internal_value=-6.64629e-07 9.20186e-05 0.00020629 0.000122186 -0.000114587 -0.000474706 -7.96185e-06 -0.000216025 -0.000552319 0.000381982 0.00051352 0.00094906 0.000191489 -0.000110523 -0.000407771 0.000225735 -7.64529e-05 0.000408386 0.00052403 -0.00017491 -3.12827e-05 6.09031e-05 -8.64948e-05 -0.000209945 2.80067e-06 0.000227268 -1.8758e-05 1.28696e-05 -0.000269649 0.000152703
internal_weight=4427 3703 1728 1188 265 724 1975 215 61 540 288 56 923 94 59 829 100 232 175 36 1778 666 1112 457 655 351 640 598 97 38
internal_count=4427 3703 1728 1188 265 724 1975 215 61 540 288 56 923 94 59 829 100 232 175 36 1778 666 1112 457 655 351 640 598 97 38
cat_boundaries=0 1 2 3 4
cat_threshold=34 17 321 540
is_linear=0
shrinkage=0.03


Tree=103
num_leaves=31
num_cat=3
split_feature=5 6 19 9 10 7 8 8 16 9 10 19 0 6 1 7 9 19 8 8 7 16 9 9 6 7 6 7 16 10
split_gain=0.203418 0.0419465 0.0264468 0.0198544 0.0151014 0.0123341 0.0121914 0.0116933 0.011547 0.0146745 0.0108794 0.0185364 0.0208032 0.013334 0.0140978 0.0139303 0.0133665 0.0119996 0.0160419 0.0136541 0.013398 0.0114475 0.0113717 0.0199812 0.0107439 0.0164867 0.0106112 0.0100527 0.0100208 0.0138965
threshold=0.04699121027721434 0.29631336405529957 0 0.35922684172137131 1.0000000180025095e-35 0.077908510372592374 0.13676480482605258 0.130061071632813 6.5000000000000009 0.27425237053245816 -0.24999999999999994 1 0.326218804716498 0.2824884792626729 0.039062500000000007 0.10298321911602835 0.5970094821298324 2 0.078811545216678311 0.15928412133379541 0.040747545603109198 8.5000000000000018 0.55725747629467559 0.10977388767323125 0.25072302558398224 0.039024697107341577 0.19917368504687752 0.069517593745565695 23.500000000000004 -0.5
decision_type=2 2 1 2 2 2 2 2 2 2 2 1 2 2 2 2 2 1 2 2 2 2 2 2 2 2 2 2 2 2
left_child=4 10 28 8 -1 -5 7 -7 9 -4 11 22 -13 15 -15 17 -17 18 20 -19 -12 24 23 -2 25 -20 -23 -21 -3 -30
right_child=1 2 3 5 -6 6 -8 -9 -10 -11 13 12 -14 14 -16 16 -18 19 21 27 -22 26 -24 -25 -26 -27 -28 -29 29 -31
leaf_value=-0.00051282873517377765 -0.00029261726776395549 0.00024096088892708393 -0.00010145790512748704 0.00030584378719599755 -0.00019057036784281303 4.2576552785558376e-05 0.00012694948694180405 -0.0010157991721750372 5.1974824125450868e-06 -0.0010083218423100138 0.00021392658451971971 0.0011065284876824366 0.00017616028864821253 -0.00095659686387158634 -0.00014878433505506012 -0.00010295888795162768 0.0010949929815981081 -0.00019936856281507138 -0.00079975188118202385 0.00060113251941337493 0.0011671681987753691 -0.00012571473446794734 -0.00032267687695375867 0.00029853113333500069 -0.0009486360722115965 0.00030500966778848864 0.00018685365164728594 -0.00030657284823454377 0.00091894288204371277 0.00039613425641814542
leaf_weight=605 89 254 42 412 167 21 488 17 197 26 44 23 363 29 59 14.999999999999998 19 491 20 35 19 170 114 122 20 31 230 15.999999999999998 57 232
leaf_count=605 89 254 42 412 167 21 488 17 197 26 44 23 363 29 59 15 19 491 20 35 19 170 114 122 20 31 230 16 57 232
internal_value=-6.35402e-07 9.28247e-05 0.000199094 0.000117172 -0.000443118 0.000182925 8.66463e-05 -0.000430922 -0.00011115 -0.00044821 -4.37049e-06 8.85934e-05 0.000225751 -5.95436e-05 -0.000415003 -3.13627e-05 0.000566497 -5.02547e-05 5.08847e-05 -0.000148107 0.000501426 -8.29936e-06 -7.88285e-05 4.9184e-05 -0.000359346 -0.000128237 5.40121e-05 0.000316362 0.000371588 0.000499252
internal_weight=4427 3655 1746 1203 772 938 526 38 265 68 1909 711 386 1198 88 1110 34 1076 534 542 63 471 325 211 71 51 400 51 543 289
internal_count=4427 3655 1746 1203 772 938 526 38 265 68 1909 711 386 1198 88 1110 34 1076 534 542 63 471 325 211 71 51 400 51 543 289
cat_boundaries=0 1 2 3
cat_threshold=34 321 458
is_linear=0
shrinkage=0.03


Tree=104
num_leaves=31
num_cat=1
split_feature=6 6 19 9 11 7 17 12 9 17 9 18 10 0 11 16 8 18 6 6 16 11 10 6 8 8 8 17 17 4
split_gain=0.191788 0.0416082 0.0241613 0.0190004 0.0188644 0.0261193 0.0238876 0.0137878 0.013236 0.0129616 0.0141216 0.0121136 0.0112592 0.0106164 0.0103476 0.0171243 0.0164676 0.0102437 0.00949836 0.0189331 0.00940835 0.0133083 0.0110013 0.0106406 0.0132651 0.00883098 0.0110386 0.010319 0.0133404 0.00833396
threshold=0.088076669873904903 0.29815668202764983 0 0.35922684172137131 -0.5 0.10150446750004584 0.31729214534933203 -0.60785761079279388 0.92924872355944577 0.59399200068079316 0.88366156090444947 0.49264705882352944 0.25000000000000011 0.41876820771680739 0.6830127018922193 5.5000000000000009 0.096195950467966793 0.49558823529411766 0.34608294930875583 0.33317972350230424 23.500000000000004 0.6830127018922193 -0.24999999999999994 0.7009216589861752 0.21375244721673287 0.1237024423506968 0.15839388229963916 0.32570922397320157 0.22423623521402439 0.0078125000000000017
decision_type=2 2 1 2 2 2 2 2 2 2 2 2 2 2 2 2 2 2 2 2 2 2 2 2 2 2 2 2 2 2
left_child=12 14 20 11 5 8 -7 -8 25 10 13 18 -1 -6 17 -16 -17 29 19 -4 -3 23 -23 24 -22 -5 -27 28 -28 -2
right_child=1 2 3 4 9 6 7 -9 -10 -11 -12 -13 -14 -15 15 16 -18 -19 -20 -21 21 22 -24 -25 -26 26 27 -29 -30 -31
leaf_value=-0.00050638494582570847 -0.00032768830575622147 0.00023217666188206013 -0.00014500480526761901 0.00077728439233351555 0.00098603557471203915 -0.0012869526095165042 -0.00090396695175885583 0.00012439593387055829 0.00080735911856395781 -0.00059315049055407238 0.00099758648954939512 0.00031277953488578465 -0.00021077102002272196 0.00024567512873512515 -0.00038819718402236962 0.0010047454676225386 0.00018442411765518633 0.00019585297939803768 -8.2999743862347041e-05 -0.0012802911464985973 0.00035246280358582055 0.0013806850767122403 0.00057995247140953826 2.3585087222278718e-06 0.001025445667959018 -0.0002999192072886699 -0.00015755637203299869 -0.00036295780938192153 0.0005650978061986626 -3.9181752143088659e-05
leaf_weight=579 96 252 39 14.999999999999998 18 23 15.999999999999998 44 25 14.999999999999998 25 50 145 551 41 25 185 159 156 20 131 23 47 54 33 64 35 25 67 1469
leaf_count=579 96 252 39 15 18 23 16 44 25 15 25 50 145 551 41 25 185 159 156 20 131 23 47 54 33 64 35 25 67 1469
internal_value=-6.16344e-07 8.66948e-05 0.000194204 0.000115125 0.00018038 -8.50044e-06 -0.000464959 -0.000149845 0.00015551 0.000277766 0.00029976 -0.000107815 -0.000447181 0.000269098 -7.36901e-06 0.000172596 0.000282086 -3.35705e-05 -0.000205629 -0.000529863 0.000359391 0.000483181 0.000843066 0.000367618 0.000487886 7.63981e-05 2.13509e-05 0.000183252 0.000317129 -5.68795e-05
internal_weight=4427 3703 1728 1188 923 314 83 60 231 609 594 265 724 569 1975 251 210 1724 215 59 540 288 70 218 164 206 191 127 102 1565
internal_count=4427 3703 1728 1188 923 314 83 60 231 609 594 265 724 569 1975 251 210 1724 215 59 540 288 70 218 164 206 191 127 102 1565
cat_boundaries=0 1
cat_threshold=34
is_linear=0
shrinkage=0.03


Tree=105
num_leaves=31
num_cat=3
split_feature=6 6 19 9 6 9 6 10 19 6 9 6 9 6 16 20 9 9 9 19 10 11 2 6 5 9 9 16 5 6
split_gain=0.173569 0.0450188 0.0228216 0.0167 0.0157213 0.0120839 0.0117115 0.0110005 0.0108586 0.0249971 0.0206623 0.0166389 0.0139751 0.0108264 0.0147736 0.0106627 0.00932178 0.00854351 0.0277848 0.00839378 0.0176196 0.0130031 0.0103183 0.00956698 0.00865929 0.0128496 0.0101409 0.00839178 0.0083282 0.0082818
threshold=0.088076669873904903 0.36820276497695864 0 0.10977388767323125 0.18229779119656767 0.36323851203501106 0.10624049397289508 0.25000000000000011 1 0.25072302558398224 0.23450036469730126 0.31935483870967746 0.88366156090444947 0.11884280593958016 27.500000000000004 0.29001749062968413 0.30415754923413574 0.52808169219547796 0.61159737417943127 2 0.68301270189221941 0.25000000000000017 0.018229166666666668 0.11622437629111713 0.067782285327924283 0.57148067104303446 0.8231218088986143 25.500000000000004 0.089587559161595678 0.45576036866359454
decision_type=2 2 1 2 2 2 2 2 1 2 2 2 2 2 2 2 2 2 2 1 2 2 2 2 2 2 2 2 2 2
left_child=7 3 -3 13 5 28 15 -1 9 16 -11 -12 -10 -2 -15 -7 -6 -9 -19 20 -8 24 23 -21 25 -22 -26 -13 -5 -4
right_child=1 2 29 4 8 6 19 17 12 10 11 27 -14 14 -16 -17 -18 18 -20 22 21 -23 -24 -25 26 -27 -28 -29 -30 -31
leaf_value=-0.00048908176438641987 0.0003332692445010008 0.00039502141613607206 0.00024132527241882914 0.00075047976923267145 0.00020131031373071763 -4.6155998910885218e-06 0.00084019867754725019 -0.00045795552439727323 -1.7344295172260296e-06 -0.00089382591188117094 -4.8549711880417481e-05 0.00066038732165314359 0.00081918482997045275 -0.00058889351101336894 0.0003721211536570355 0.00073039940511242945 0.00064225845489934718 0.00097266446441569539 -0.00029933665424113472 -0.00048167437088944792 -0.0001514425504021172 -0.00068879280165497377 -0.00036607016900932847 0.00012138481590970514 5.2491098947979824e-05 0.0010508529259976047 -0.00080924502434334114 0.00017866751072421054 -5.0038822573469286e-06 3.7616912885255792e-05
leaf_weight=582 19 445 304 24 71 78 20 68 1051 20 257 52 19 94 17 23 110 20 68 32 15.999999999999998 28 275 91 53 15.999999999999998 15.999999999999998 87 29 439
leaf_count=582 19 445 304 24 71 78 20 68 1051 20 257 52 19 94 17 23 110 20 68 32 16 28 275 91 53 16 16 87 29 439
internal_value=-9.16518e-06 7.49163e-05 0.000226946 2.61392e-06 2.07885e-05 -9.84133e-05 -0.000134035 -0.000429117 7.09148e-05 0.000172113 4.69478e-05 9.44637e-05 1.27245e-05 -0.000328441 -0.000441709 0.00016277 0.000469292 -0.000205398 -1.02377e-05 -0.000188838 1.09606e-05 -0.000116759 -0.000257444 -3.55113e-05 4.18295e-05 0.000449719 -0.000147341 0.000358883 0.00033711 0.000119358
internal_weight=4424 3686 1188 2498 2368 701 648 738 1667 597 416 396 1070 130 111 101 181 156 88 547 149 129 398 123 101 32 69 139 53 743
internal_count=4424 3686 1188 2498 2368 701 648 738 1667 597 416 396 1070 130 111 101 181 156 88 547 149 129 398 123 101 32 69 139 53 743
cat_boundaries=0 1 2 3
cat_threshold=34 708 46
is_linear=0
shrinkage=0.03


Tree=106
num_leaves=31
num_cat=3
split_feature=1 8 19 7 8 19 6 1 5 16 8 9 6 11 16 3 5 9 6 0 6 8 16 6 19 6 6 8 6 6
split_gain=0.173362 0.0378008 0.0247826 0.0123057 0.0130408 0.0205634 0.0243316 0.0169396 0.0173274 0.0187319 0.015946 0.0121954 0.0123204 0.0121948 0.0114699 0.0106388 0.0105791 0.0192282 0.0119369 0.0250806 0.0099147 0.0110826 0.0135413 0.0098525 0.0116764 0.0186742 0.0117262 0.0161383 0.0137773 0.0106534
threshold=0.013020833333333334 0.14189758641386938 0 0.38780974986680611 0.20833669660143139 1 0.45576036866359454 0.12760416666666669 0.15838404327248143 29.500000000000004 0.35159761643159942 0.52224653537563837 0.15371047195296364 0.6830127018922193 3.5000000000000004 0.054687500000000007 0.34989858012170388 0.88366156090444947 0.26682027649769591 0.39901254266984126 0.2649769585253457 0.10494867527518857 29.500000000000004 0.25399650405212143 2 0.10624049397289508 0.20519397970534159 0.099015322869268382 0.13870967741935489 0.15161290322580648
decision_type=2 2 1 2 2 1 2 2 2 2 2 2 2 2 2 2 2 2 2 2 2 2 2 2 1 2 2 2 2 2
left_child=11 13 16 4 -4 -6 10 8 -8 -10 -7 -1 -13 20 -15 -16 17 18 -3 -20 23 22 -22 24 25 -2 27 28 -27 -30
right_child=1 2 3 -5 5 6 7 -9 9 -11 -12 12 -14 14 15 -17 -18 -19 19 -21 21 -23 -24 -25 -26 26 -28 -29 29 -31
leaf_value=-0.00045667306356043436 0.00077979822532215422 0.00021705210127106266 0.00032812480090856229 0.00097258461185708222 0.00028515126666973478 0.00055674265673777022 0.00031438336638688351 0.00025653246026775687 -0.00021675029633481279 -0.0010801498579625672 -0.00025299063919689542 -0.00030206575263621135 0.00028578781670970531 -0.00040918587879308123 0.00014493242201936519 0.00063349086350390088 -0.00075282370421738884 0.00048198334098191069 -0.0011746420814602637 -0.00011303742636145445 7.9261354704239842e-05 2.8904910461992006e-05 0.0010335731934243428 -0.00040623605128015084 -0.00014089170974319702 -0.00022284911741039446 0.00017687914838803459 -0.00055018264392307304 0.00091858639837022623 0.00011104842147923222
leaf_weight=642 30 68 687 21 323 65 19 34 42 49 33 181 39 25 156 54 18 59 23 155 32 483 23 78 633 104 202 62 19 65
leaf_count=642 30 68 687 21 323 65 19 34 42 49 33 181 39 25 156 54 18 59 23 155 32 483 23 78 633 104 202 62 19 65
internal_value=-8.86341e-06 8.35208e-05 0.000191988 0.000250434 0.00024032 0.000133556 -7.7366e-05 -0.000328721 -0.000509619 -0.000681665 0.000284078 -0.000390618 -0.000197855 -4.5333e-06 0.000198249 0.000270564 -4.47241e-05 -4.39867e-06 -0.000121053 -0.000250217 -3.2063e-05 7.48526e-05 0.000478349 -8.02782e-05 -5.74754e-05 5.38788e-05 6.88865e-06 -0.000130464 7.95627e-06 0.000293715
internal_weight=4424 3562 1596 1273 1252 565 242 144 110 91 98 862 220 1966 235 210 323 305 246 178 1731 538 55 1193 1115 482 452 250 188 84
internal_count=4424 3562 1596 1273 1252 565 242 144 110 91 98 862 220 1966 235 210 323 305 246 178 1731 538 55 1193 1115 482 452 250 188 84
cat_boundaries=0 1 2 3
cat_threshold=81 38 182
is_linear=0
shrinkage=0.03


Tree=107
num_leaves=31
num_cat=3
split_feature=6 6 19 9 6 8 16 9 6 19 6 9 6 9 10 0 8 17 9 8 6 19 16 5 6 8 0 9 16 8
split_gain=0.154135 0.0400678 0.0207179 0.0153091 0.013977 0.0130061 0.0143696 0.0113672 0.0107241 0.0100878 0.0233817 0.0192431 0.0154796 0.0130319 0.00989772 0.00974455 0.00918238 0.00880098 0.00864901 0.00858391 0.0154682 0.011627 0.0147176 0.0154648 0.00986715 0.0150978 0.00978243 0.0085484 0.00805536 0.0163675
threshold=0.088076669873904903 0.36820276497695864 0 0.10977388767323125 0.18229779119656767 0.072578775498485251 27.500000000000004 0.36323851203501106 0.10624049397289508 1 0.25072302558398224 0.23450036469730126 0.31935483870967746 0.88366156090444947 0.25000000000000011 0.29001749062968413 0.10757186459095865 0.31529818445385432 0.09700948212983225 0.11336561747834252 0.23572223105037346 2 16.500000000000004 0.13488843813387427 0.32764976958525355 0.16016043406048669 0.4646856256676653 0.30415754923413574 25.500000000000004 0.12764341896183354
decision_type=2 2 1 2 2 2 2 2 2 1 2 2 2 2 2 2 2 2 2 2 2 1 2 2 2 2 2 2 2 2
left_child=14 3 -3 5 7 -2 18 -5 15 10 27 -12 16 19 -1 -9 -13 -18 -7 20 -11 22 -21 -24 25 -23 -27 -6 -14 -30
right_child=1 2 -4 4 9 6 -8 8 -10 13 11 12 28 -15 -16 -17 17 -19 -20 21 -22 24 23 -25 -26 26 -28 -29 29 -31
leaf_value=-0.00046121125256423217 0.00041073612870942488 0.00037417407745344444 0.00011164616087528115 0.00032985246759529289 0.00019539974840195891 -0.00042948414913134762 0.00036394416384342396 -3.1052014006508821e-06 -0.00017954904034234157 -8.8722279461450301e-05 -0.00086433659636631912 -0.00074446336183184552 0.00063984958775980096 0.0007897980249353592 -0.00019212214246408857 0.00069955327382642345 0.0001843094607976208 -0.00017842577021098127 -0.0011203571807853509 0.00017502394406115776 0.00028999106482350948 1.98311077510202e-05 -0.00027794257883620124 -0.0010907716044869604 -0.00021598776895674515 0.0011899849001889467 0.00018648668799657885 0.00061766043704886326 -0.000637733391110237 0.00037805195016853209
leaf_weight=582 19 445 743 53 71 73 17 78 547 186 20 15.999999999999998 52 19 156 23 117 124 21 40 203 343 77 29 138 17 18 110 18 69
leaf_count=582 19 445 743 53 71 73 17 78 547 186 20 16 52 19 156 23 117 124 21 40 203 343 77 29 138 17 18 110 18 69
internal_value=-8.58772e-06 7.06469e-05 0.000214073 2.43608e-06 1.98374e-05 -0.000314533 -0.000438681 -9.25573e-05 -0.000127107 6.71012e-05 0.000164638 4.35542e-05 8.94094e-05 1.10391e-05 -0.000404331 0.000156911 -4.85319e-05 -2.32606e-06 -0.000583838 -2.93502e-06 0.00010891 -6.86566e-05 -0.000295089 -0.000500329 1.1092e-06 8.03965e-05 0.00067392 0.000452024 0.00034445 0.000167885
internal_weight=4424 3686 1188 2498 2368 130 111 701 648 1667 597 416 396 1070 738 101 257 241 94 1051 389 662 146 106 516 378 35 181 139 87
internal_count=4424 3686 1188 2498 2368 130 111 701 648 1667 597 416 396 1070 738 101 257 241 94 1051 389 662 146 106 516 378 35 181 139 87
cat_boundaries=0 1 2 3
cat_threshold=34 708 16
is_linear=0
shrinkage=0.03


Tree=108
num_leaves=31
num_cat=3
split_feature=1 8 19 7 8 19 6 1 5 16 8 11 9 6 16 5 9 6 0 3 11 6 6 8 9 9 6 9 6 19
split_gain=0.154186 0.0339141 0.0226103 0.0115419 0.0122169 0.0188252 0.0230716 0.0159385 0.0163034 0.0176249 0.0147941 0.0110826 0.0109119 0.0112436 0.0108689 0.0100325 0.0177526 0.0111096 0.0236261 0.00991339 0.00954985 0.00896342 0.0109072 0.00951638 0.0102187 0.0144332 0.0107877 0.0139515 0.00932175 0.0107975
threshold=0.013020833333333334 0.14189758641386938 0 0.38780974986680611 0.20833669660143139 1 0.45576036866359454 0.12760416666666669 0.15838404327248143 29.500000000000004 0.35159761643159942 0.6830127018922193 0.52224653537563837 0.15371047195296364 3.5000000000000004 0.34989858012170388 0.88366156090444947 0.26682027649769591 0.39901254266984126 0.054687500000000007 -0.9330127018922193 0.2649769585253457 0.35898617511520742 0.12021827079589249 0.80598103574033564 0.65134938001458809 0.2824884792626729 0.30598103574033558 0.25399650405212143 2
decision_type=2 2 1 2 2 1 2 2 2 2 2 2 2 2 2 2 2 2 2 2 2 2 2 2 2 2 2 2 2 1
left_child=12 11 15 4 -4 20 10 8 -8 -10 -7 21 -1 -14 -13 16 17 -3 -19 -16 -6 28 23 24 25 26 -23 -28 29 -2
right_child=1 2 3 -5 5 6 7 -9 9 -11 -12 14 13 -15 19 -17 -18 18 -20 -21 -22 22 -24 -25 -26 -27 27 -29 -30 -31
leaf_value=-0.00043080190545331863 5.2573229771017106e-05 0.00020889159981295452 0.00031254827605218665 0.00093673833822690037 0.00072438573810210756 0.00053714492712923811 0.00030160315572908848 0.00024548742212800515 -0.00021359724649179263 -0.0010510953633123706 -0.00024279362660927271 -0.00040256738731392702 -0.00028553398046371378 0.00027604235089700779 0.00013785927806846468 -0.0007340334253701777 0.00046214898300480332 -0.0011391138176793782 -0.00010875275649290698 0.00060946729360970104 0.00021809116156877454 0.00064265874479399888 -0.00027559229684369905 9.3444927108866479e-06 -0.00028193344654345363 0.00064350056663624311 0.00028454931446022608 -0.0006288668817039367 -0.000393721431466381 -0.00013470657412776373
leaf_weight=642 482 68 687 21 38 65 19 34 42 49 33 25 181 39 156 18 59 23 155 54 285 23 71 273 25 85 34 27 78 633
leaf_count=642 482 68 687 21 38 65 19 34 42 49 33 25 181 39 156 18 59 23 155 54 285 23 71 273 25 85 34 27 78 633
internal_value=-8.29714e-06 7.88278e-05 0.000181568 0.000237397 0.000227563 0.000124226 -7.73644e-05 -0.000322209 -0.00049768 -0.000664564 0.000274513 -4.57659e-06 -0.000368319 -0.000185981 0.000188737 -4.44407e-05 -5.19819e-06 -0.000117287 -0.000241895 0.000259132 0.000269319 -3.08209e-05 7.08363e-05 0.000123506 0.000284155 0.000367897 8.90075e-05 -0.000119753 -7.66647e-05 -5.44846e-05
internal_weight=4424 3562 1596 1273 1252 565 242 144 110 91 98 1966 862 220 235 323 305 246 178 210 323 1731 538 467 194 169 84 61 1193 1115
internal_count=4424 3562 1596 1273 1252 565 242 144 110 91 98 1966 862 220 235 323 305 246 178 210 323 1731 538 467 194 169 84 61 1193 1115
cat_boundaries=0 1 2 3
cat_threshold=81 38 182
is_linear=0
shrinkage=0.03


Tree=109
num_leaves=31
num_cat=4
split_feature=1 6 19 9 16 6 9 6 9 17 19 10 11 7 2 20 19 6 16 7 9 7 9 9 10 16 19 11 16 9
split_gain=0.145069 0.0318746 0.0183639 0.0114537 0.011271 0.013454 0.0103032 0.00953019 0.0124223 0.00963587 0.00875961 0.0222053 0.0157596 0.0226181 0.009744 0.0113248 0.00873185 0.0187519 0.0158287 0.0118185 0.0116429 0.0169051 0.0151414 0.028622 0.0113668 0.00888051 0.010202 0.0120857 0.00975421 0.00955308
threshold=0.013020833333333334 0.36820276497695864 0 0.10977388767323125 27.500000000000004 0.13449864929286512 0.54303428154631672 0.18229779119656767 0.36323851203501106 0.24657475959492811 1 0.68301270189221941 0.25000000000000017 0.055089635996602375 0.018229166666666668 0.2426380079608694 2 0.25072302558398224 10.500000000000002 0.069872590815374724 0.88366156090444947 0.086724821097632201 0.65864332603938747 0.57330415754923425 -0.6830127018922193 6.5000000000000009 3 0.25000000000000017 12.500000000000002 0.73668854850474119
decision_type=2 2 1 2 2 2 2 2 2 2 1 2 2 2 2 2 1 2 2 2 2 2 2 2 2 2 1 2 2 2
left_child=6 3 -3 4 5 -2 -1 8 -5 -9 11 -10 13 -13 15 -12 17 -11 24 -20 21 25 23 -23 -19 -18 29 28 -28 -27
right_child=1 2 -4 7 -6 -7 -8 9 10 16 14 12 -14 -15 -16 -17 20 18 19 -21 -22 22 -24 -25 -26 26 27 -29 -30 -31
leaf_value=-0.00041223308575639159 0.00023393239715121161 0.00035424295363861361 0.00010671148044631305 0.00038954870200007827 0.00045795148385301137 -0.00059546057398371605 -0.00016155078285077693 -0.00034322616152866324 0.00092440247453379936 0.00043849407306644471 -0.0006340363277197303 0.00040431041100162142 -0.00097343039260852767 -0.00075015853626725522 -0.00027305888415181026 9.1080085076971918e-05 -0.00018593804073428936 -0.00012445904329039877 -0.00017129816523739856 0.00018667885696075658 0.00076156616331316852 -0.00079143429557944995 -0.00081243987818937049 0.00041591148816060101 0.00083254048510079492 0.00027535804375854173 0.00035411687637499489 0.00022416999934949148 -0.00017216847672273087 -0.00035981903762719503
leaf_weight=673 23 445 739 49 15.999999999999998 75 189 50 25 171 22 56 14.999999999999998 21 294 163 118 15.999999999999998 189 148 19 30 39 43 37 290 36 145 265 23
leaf_count=673 23 445 739 49 16 75 189 50 25 171 22 56 15 21 294 163 118 16 189 148 19 30 39 43 37 290 36 145 265 23
internal_value=-8.05379e-06 7.64561e-05 0.000203638 1.31323e-05 -0.000280276 -0.000400807 -0.000357269 2.79065e-05 -6.96097e-05 6.67565e-05 -0.00010736 0.000121229 -8.38548e-05 8.94496e-05 -0.000162337 4.84706e-06 7.98218e-05 0.000173466 6.17088e-05 -1.40856e-05 2.57279e-05 1.18508e-05 -0.000335222 -8.02621e-05 0.000543638 5.61751e-05 9.38161e-05 -8.14434e-07 -0.000109223 0.000221603
internal_weight=4424 3562 1184 2378 114 98 862 2264 645 1619 596 117 92 77 479 185 1569 561 390 337 1008 989 112 73 53 877 759 446 301 313
internal_count=4424 3562 1184 2378 114 98 862 2264 645 1619 596 117 92 77 479 185 1569 561 390 337 1008 989 112 73 53 877 759 446 301 313
cat_boundaries=0 1 2 3 4
cat_threshold=34 44 708 11
is_linear=0
shrinkage=0.03


Tree=110
num_leaves=31
num_cat=2
split_feature=1 19 16 6 2 19 6 6 3 8 9 0 7 7 17 16 9 7 6 17 8 7 0 9 7 5 0 9 9 8
split_gain=0.139911 0.0298842 0.0193007 0.0138103 0.0148592 0.0126853 0.0194765 0.0159459 0.0122445 0.0115588 0.011456 0.0110202 0.0144112 0.00998543 0.00921781 0.00828335 0.00805878 0.00781754 0.00755427 0.00952196 0.010071 0.00717567 0.00714549 0.00707741 0.0066907 0.011955 0.00678463 0.00642046 0.0155072 0.0249457
threshold=0.013020833333333334 0 23.500000000000004 0.27788018433179729 0.070312500000000014 1 0.65483870967741953 0.53963133640553018 0.11197916666666667 0.057563221496375404 0.76549963530269882 0.51155345578130385 0.10937795756218473 0.032574485205242816 0.32570922397320157 29.500000000000004 0.20459518599562362 0.037074078764428503 0.43732718894009226 0.350651008424815 0.11517469369506907 0.047129306201442851 0.56082586125926026 0.41320204230488705 0.068200183856979943 0.19168356997971606 0.43625255540189894 0.51677607585703877 0.57148067104303446 0.1117864860989408
decision_type=2 1 2 2 2 1 2 2 2 2 2 2 2 2 2 2 2 2 2 2 2 2 2 2 2 2 2 2 2 2
left_child=13 11 3 4 -3 7 9 8 10 -7 14 12 -2 -1 27 -14 22 -15 19 20 -16 -12 -5 -21 26 -26 -18 -4 29 -29
right_child=1 2 5 16 -6 6 -8 -9 -10 -11 21 -13 15 17 18 -17 24 -19 -20 23 -22 -23 -24 -25 25 -27 -28 28 -30 -31
leaf_value=-0.0003933226670544877 -7.3778314378286788e-05 -7.3887956383908259e-05 0.00086184324801741091 -1.8360348670039628e-05 -0.00083767084433807753 -0.00059142979778987364 -0.00095041887496310183 0.00053146899124161331 -0.00038793162315381771 0.00015697052986259354 0.00020095428195090648 -0.00068580153344517854 5.1622803819076074e-05 0.00038937358533057626 0.0002972932118417243 0.00087571127753929736 -0.00017570684105996007 -0.00021562693023379357 -0.00020201599022731426 0.0010146734458747972 -0.00035949688564044586 -0.0003980230992686158 -0.0006686892367515515 0.00035225757598211484 -0.00029350069021942234 0.00015166184868935432 0.00036292626780388883 -0.001067897864750826 0.00060556247729318027 0.00053388068341522299
leaf_weight=714 890 276 33 144 25 19 14.999999999999998 195 29 825 36 25 21 23 55 23 24 117 37 18 34 36 17 75 64 358 171 14.999999999999998 88 21
leaf_count=714 890 276 33 144 25 19 15 195 29 825 36 25 21 23 55 23 24 117 37 18 34 36 17 75 64 358 171 15 88 21
internal_value=-2.96653e-06 7.95697e-05 0.000131896 3.52236e-05 -0.000137328 0.000200888 0.000119684 0.000298466 0.00020947 0.000140122 0.000248142 -6.35522e-05 -4.75764e-05 -0.000347898 0.000314527 0.000482406 0.000101982 -0.000116232 0.000188758 0.000268202 4.63834e-05 -9.85358e-05 -8.70323e-05 0.000480477 0.000151303 8.41485e-05 0.000296632 0.00048996 0.000390986 -0.000133538
internal_weight=4423 3569 2610 1079 301 1531 859 672 477 844 448 959 934 854 376 44 778 140 219 182 89 72 161 93 617 422 195 157 124 36
internal_count=4423 3569 2610 1079 301 1531 859 672 477 844 448 959 934 854 376 44 778 140 219 182 89 72 161 93 617 422 195 157 124 36
cat_boundaries=0 1 2
cat_threshold=273 38
is_linear=0
shrinkage=0.03


Tree=111
num_leaves=31
num_cat=0
split_feature=1 1 13 16 10 0 9 4 10 9 12 9 7 7 7 16 11 9 9 7 16 16 7 0 17 9 4 11 2 3
split_gain=0.131642 0.0238256 0.0148116 0.0116781 0.0475763 0.0290286 0.0156092 0.0155431 0.0234521 0.0147374 0.0124274 0.0118627 0.00939529 0.00735554 0.00707714 0.00742172 0.01065 0.0197584 0.00746936 0.00682887 0.00661905 0.00636305 0.0106247 0.00894154 0.0062803 0.00720496 0.00618706 0.00594456 0.00570212 0.00537912
threshold=0.013020833333333334 0.049479166666666671 1.0000000180025095e-35 29.500000000000004 -0.5 0.56498757140591482 0.88366156090444947 0.080729166666666671 -0.6830127018922193 0.57330415754923425 -1.0000000180025095e-35 0.97957695113056176 0.032574485205242816 0.037074078764428503 0.03795342813778662 6.5000000000000009 0.93301270189221952 0.27425237053245816 0.18745441283734501 0.12456006935358581 13.500000000000002 6.5000000000000009 0.040747545603109198 0.45545294682155407 0.26946642838907336 0.6433260393873087 0.059895833333333336 -0.9330127018922193 0.028645833333333336 0.096354166666666671
decision_type=2 2 2 2 2 2 2 2 2 2 2 2 2 2 2 2 2 2 2 2 2 2 2 2 2 2 2 2 2 2
left_child=12 2 21 6 5 7 9 8 -5 14 -10 26 -1 -14 -3 16 -16 -18 -17 28 -11 22 -2 -24 25 -4 -6 -23 -20 -22
right_child=1 3 24 4 11 -7 -8 -9 10 20 -12 -13 13 -15 15 18 17 -19 19 -21 29 27 23 -25 -26 -27 -28 -29 -30 -31
leaf_value=-0.00038152300178487632 -0.00061835300884357169 0.00051855413618135987 0.00040687747897538094 0.00032318357273276334 4.5491785542725535e-05 0.0019748787692554829 -0.00083029032996700361 -0.00017360798511386518 0.00069090359582955679 0.00032216654193765971 0.0018215584753382846 0.00080190278258692913 0.00037769289557058351 -0.00020915818024188129 -6.464294428627894e-05 -0.00023149269334648125 -0.000116943395036339 -0.0015048848607304027 -0.00029231819427212493 -0.00018323354961620982 -4.3247463406466582e-05 -0.00027454336009513863 8.0125749930321899e-05 -0.00063911722242403039 5.0278989899545386e-05 -0.00013941268525648608 0.00020328199095377548 -2.3241727319386792e-05 0.00022744609696984434 0.00028884022195171873
leaf_weight=714 52 21 97 45 438 15.999999999999998 17 19 14.999999999999998 239 21 24 23 117 98 78 24 14.999999999999998 21 60 115 98 70 20 586 28 457 625 199 71
leaf_count=714 52 21 97 45 438 16 17 19 15 239 21 24 23 117 98 78 24 15 21 60 115 98 70 20 586 28 457 625 199 71
internal_value=-2.87754e-06 7.71826e-05 -9.98308e-06 0.00014611 0.000215976 0.000788473 7.06289e-05 0.000598631 0.000779773 8.69056e-05 0.00135048 0.000143713 -0.000337461 -0.000112745 -2.08416e-05 -4.37261e-05 -0.000231506 -0.000650792 2.81345e-05 0.00010046 0.000217723 -9.33649e-05 -0.000276963 -7.97113e-05 9.14589e-05 0.000284508 0.000126062 -5.73051e-05 0.000177831 8.35181e-05
internal_weight=4423 3569 1576 1993 1035 116 958 100 81 941 36 919 854 140 516 495 137 39 358 280 425 865 142 90 711 125 895 723 220 186
internal_count=4423 3569 1576 1993 1035 116 958 100 81 941 36 919 854 140 516 495 137 39 358 280 425 865 142 90 711 125 895 723 220 186
is_linear=0
shrinkage=0.03


Tree=112
num_leaves=31
num_cat=2
split_feature=6 19 16 11 9 8 10 16 0 7 0 4 6 19 6 8 6 11 8 0 13 7 7 6 9 4 17 6 7 7
split_gain=0.122731 0.0289194 0.0182738 0.0248042 0.0150093 0.0135817 0.0127535 0.0261102 0.0230634 0.0160184 0.0147331 0.0124441 0.0119143 0.016663 0.0171558 0.0125342 0.0150818 0.0113923 0.0162921 0.0123319 0.0113759 0.0109704 0.0105948 0.0103472 0.0111981 0.00945339 0.0111373 0.0107155 0.00981233 0.00909637
threshold=0.088076669873904903 0 23.500000000000004 -0.24999999999999994 0.17396061269146609 0.057563221496375404 -0.24999999999999994 29.500000000000004 0.56498757140591482 0.10811401452739054 0.58542297693482837 0.033854166666666671 0.23244875258223427 1 0.5986175115207375 0.26495406874879129 0.73963133640553014 -0.5 0.057563221496375404 0.50532152180681911 1.0000000180025095e-35 0.12338484922465606 0.10937795756218473 0.26197362148418885 0.57622173595915405 0.10156250000000001 0.30400966934908297 0.45391705069124427 0.092848179558897223 0.13980411543182011
decision_type=2 1 2 2 2 2 2 2 2 2 2 2 2 1 2 2 2 2 2 2 2 2 2 2 2 2 2 2 2 2
left_child=-1 17 4 5 -3 -4 7 -5 20 -8 -11 -6 -7 15 21 -14 -17 18 -2 22 -9 23 -19 24 -15 26 -25 -27 -28 -24
right_child=1 2 3 6 11 12 9 8 -10 10 -12 -13 13 14 -16 16 -18 19 -20 -21 -22 -23 29 25 -26 27 28 -29 -30 -31
leaf_value=-0.00036117670922421961 0.00053464512952280919 -0.00021937362342705656 -0.00073808979745512433 5.5849510824803606e-05 -0.00016707013537208546 0.00031679492758208348 0.00016743679381806898 0.00038196600871546256 0.0019425569161396251 0.0014123610109621624 0.0004290872711661679 0.00012534207780471218 9.9249001927340948e-05 -0.00079650247916148776 -0.00088407187470594662 0.00080044388372422907 -0.00027932507557073405 3.8766911406878476e-06 -0.00025900218504708083 -0.0006111047929976039 0.0011134323080780112 -0.00071541567369717233 0.0010699119093382583 0.00053688685332823152 -4.3461253369104529e-05 0.00016420101108205996 -0.00012536981741154515 -0.00065181010799301986 0.00060232040553882024 5.8320133931295508e-05
leaf_weight=720 25 187 18 58 158 173 437 50 14.999999999999998 15.999999999999998 96 766 264 27 24 52 14.999999999999998 599 338 28 31 21 15.999999999999998 61 52 30 81 28 21 15.999999999999998
leaf_count=720 25 187 18 58 158 173 437 50 15 16 96 766 264 27 24 52 15 599 338 28 31 21 16 61 52 30 81 28 21 16
internal_value=-2.79119e-06 6.68923e-05 0.0001184 0.000184728 2.57352e-05 7.73533e-05 0.000317152 0.000558411 0.000862038 0.000249475 0.000569566 7.53407e-05 9.46426e-05 3.77897e-05 -0.000107295 0.000186614 0.000558704 -6.8714e-05 -0.000204342 4.9521e-06 0.00066192 -5.25578e-05 3.22899e-05 -6.15547e-06 -0.000300837 9.91839e-05 0.000216225 -0.00022974 2.44532e-05 0.000564134
internal_weight=4423 3703 2681 1570 1111 867 703 154 96 549 112 924 849 676 345 331 67 1022 363 659 81 321 631 300 79 221 163 58 102 32
internal_count=4423 3703 2681 1570 1111 867 703 154 96 549 112 924 849 676 345 331 67 1022 363 659 81 321 631 300 79 221 163 58 102 32
cat_boundaries=0 1 2
cat_threshold=273 98
is_linear=0
shrinkage=0.03


Tree=113
num_leaves=31
num_cat=2
split_feature=1 19 16 11 6 18 10 16 0 7 0 19 6 13 0 7 18 7 6 6 6 16 6 9 5 6 7 11 6 9
split_gain=0.11744 0.0256354 0.016773 0.023754 0.0120478 0.0114083 0.0112643 0.0245671 0.0217005 0.014278 0.0138624 0.0111138 0.0196707 0.0107036 0.00982521 0.0126688 0.00928266 0.00823622 0.00803712 0.014511 0.00899878 0.00761854 0.00759029 0.00775492 0.00752056 0.00744036 0.00734183 0.00703439 0.0136467 0.0082063
threshold=0.013020833333333334 0 23.500000000000004 -0.24999999999999994 0.27788018433179729 0.45441176470588235 -0.24999999999999994 29.500000000000004 0.56498757140591482 0.10811401452739054 0.58542297693482837 1 0.5986175115207375 1.0000000180025095e-35 0.51155345578130385 0.10937795756218473 0.44264705882352945 0.032574485205242816 0.37741935483870975 0.7009216589861752 0.60875576036866375 29.500000000000004 0.2483870967741936 0.72611232676878201 0.30527383367139965 0.34331797235023048 0.026939363447750605 -0.5 0.10624049397289508 0.65864332603938747
decision_type=2 1 2 2 2 2 2 2 2 2 2 1 2 2 2 2 2 2 2 2 2 2 2 2 2 2 2 2 2 2
left_child=17 14 4 11 5 -3 7 -5 13 -8 -11 18 16 -9 15 27 -13 -1 22 20 24 -17 -4 25 -20 -24 -18 28 29 -2
right_child=1 2 3 6 -6 -7 9 8 -10 10 -12 12 -14 -15 -16 21 26 -19 19 -21 -22 -23 23 -25 -26 -27 -28 -29 -30 -31
leaf_value=-0.00035998164416660975 0.00083359393272440443 -0.00093635292932998102 0.00034313807664269473 5.4174056504287137e-05 9.3603705630631432e-05 -8.7615431629910599e-05 0.00017210161684329649 0.00037050726530567083 0.0018842840843753461 0.0013699928468199091 0.00041621478666421211 -0.00053735109609193924 -0.00085755081330525171 0.0010800304082801938 -0.00064717602085583525 3.9230123793144066e-05 0.00052697739771193997 -0.00010832838819258776 0.00053524848776892204 -0.00027016794835125422 0.00085370697199607702 0.00082955667142904112 0.00063937586975795714 -0.00017771990246155531 -7.666831505230604e-05 -0.00013692895552509167 2.4107254607498721e-05 -8.0632901305854606e-06 -0.00026219889263312123 -4.3979066832543995e-05
leaf_weight=714 17 14.999999999999998 71 58 778 286 429 50 14.999999999999998 15.999999999999998 96 25 24 31 25 21 28 140 51 26 44 23 25 103 28 20 391 584 267 22
leaf_count=714 17 15 71 58 778 286 429 50 15 16 96 25 24 31 25 21 28 140 51 26 44 23 25 103 28 20 391 584 267 22
internal_value=-2.70743e-06 7.29107e-05 0.000121376 0.000185687 3.12506e-05 -0.000129914 0.000315289 0.000541659 0.000836178 0.00025085 0.00055248 7.79429e-05 -2.05743e-05 0.000642063 -5.96362e-05 -4.45476e-05 2.42061e-05 -0.000318727 0.000198399 0.000373761 0.000509877 0.000452365 8.81464e-05 -3.41823e-05 0.000318368 0.000294356 5.77131e-05 -6.91145e-05 -0.00018563 0.000338564
internal_weight=4423 3569 2610 1531 1079 301 695 154 96 541 112 836 468 81 959 934 444 854 368 149 123 44 219 148 79 45 419 890 306 39
internal_count=4423 3569 2610 1531 1079 301 695 154 96 541 112 836 468 81 959 934 444 854 368 149 123 44 219 148 79 45 419 890 306 39
cat_boundaries=0 1 2
cat_threshold=273 98
is_linear=0
shrinkage=0.03


Tree=114
num_leaves=31
num_cat=2
split_feature=1 19 9 11 8 9 4 13 0 7 7 6 8 6 19 10 6 7 6 6 9 6 3 1 6 5 3 7 7 8
split_gain=0.110499 0.0241204 0.0132224 0.0134079 0.0125385 0.00980848 0.0111273 0.0111914 0.00924456 0.0119201 0.00853025 0.0161231 0.0151224 0.0111251 0.0165133 0.0112557 0.0109972 0.0155332 0.010831 0.0115648 0.010353 0.0102069 0.00956556 0.00928972 0.00829773 0.00830924 0.00822799 0.00822352 0.00774946 0.0074737
threshold=0.013020833333333334 0 0.17396061269146609 0.25000000000000017 0.057563221496375404 0.53610503282275734 0.10156250000000001 1.0000000180025095e-35 0.51155345578130385 0.10937795756218473 0.12201822244818451 0.32119815668202772 0.09742181278566435 0.25399650405212143 1 0.68301270189221941 0.27050691244239639 0.066733341775971358 0.35898617511520742 0.53963133640553018 0.89824945295404834 0.61244239631336417 0.12239583333333334 0.044270833333333336 0.22165898617511523 0.13488843813387427 0.16927083333333334 0.13980411543182011 0.032574485205242816 0.12628659435416911
decision_type=2 1 2 2 2 2 2 2 2 2 2 2 2 2 1 2 2 2 2 2 2 2 2 2 2 2 2 2 2 2
left_child=28 8 29 4 -4 -5 7 -7 9 -2 11 12 -6 14 24 16 17 -15 -13 20 22 27 -20 -17 -14 -26 -21 -12 -1 -3
right_child=1 2 3 5 10 6 -8 -9 -10 -11 21 18 13 15 -16 23 -18 -19 19 26 -22 -23 -24 -25 25 -27 -28 -29 -30 -31
leaf_value=-0.00034918221639984012 -6.7041061055506893e-05 8.4842383585166585e-05 -0.00057874900607342197 0.00018423795785091658 0.00023044588564737016 7.1453713850384683e-05 0.00090869217675657 0.00062373144725287339 -0.0006277615381611875 0.00043879448286472753 -0.00012256471513132018 0.00057316083134922164 1.2558054405394856e-05 -0.00067250719226848068 -0.00012988788873013947 -0.0011783187167999371 4.3459567536257748e-05 0.00018288394090570866 8.3391622950154191e-05 0.0004296500175202415 0.0007501676918141879 0.00012278548012957912 -0.00049975779871372003 -0.0002764466601086829 0.000918169991037345 0.00025491413264629181 -7.0293581271991924e-05 -0.000743090616307133 -0.00010507855922061614 -0.00026194980501227926
leaf_weight=714 890 104 25 644 235 75 36 59 25 44 57 76 34 56 132 17 156 29 264 193 19 92 28 26 34 34 35 29 140 121
leaf_count=714 890 104 25 644 235 75 36 59 25 44 57 76 34 56 132 17 156 29 264 193 19 92 28 26 34 34 35 29 140 121
internal_value=-2.62617e-06 7.07234e-05 0.000117735 0.000138926 8.77245e-05 0.000237743 0.000440431 0.000314624 -5.78471e-05 -4.32111e-05 9.85022e-05 0.000123922 3.08443e-05 -5.97088e-05 9.34561e-05 -0.000185908 -0.00010613 -0.000380669 0.000237884 0.000190609 7.16258e-05 -9.6855e-05 2.74717e-05 -0.00063302 0.000359934 0.000586551 0.000352904 -0.000331818 -0.000309165 -0.000101655
internal_weight=4423 3569 2610 2385 1571 814 170 134 959 934 1546 1368 753 518 234 284 241 85 615 539 311 178 292 43 102 68 228 86 854 225
internal_count=4423 3569 2610 2385 1571 814 170 134 959 934 1546 1368 753 518 234 284 241 85 615 539 311 178 292 43 102 68 228 86 854 225
cat_boundaries=0 1 2
cat_threshold=273 194
is_linear=0
shrinkage=0.03


Tree=115
num_leaves=31
num_cat=2
split_feature=6 0 19 0 19 10 8 0 6 6 2 7 16 8 7 7 0 8 8 0 6 16 17 6 7 12 5 18 4 12
split_gain=0.101985 0.0242766 0.0225304 0.014277 0.0127067 0.0217574 0.0156594 0.014787 0.0110877 0.010432 0.0112857 0.0103962 0.0100758 0.0126611 0.00972555 0.00858183 0.00801612 0.0078158 0.0171485 0.0163316 0.0145972 0.00852293 0.00843442 0.0209163 0.00853965 0.00743732 0.0130585 0.00908759 0.00739989 0.0111658
threshold=0.19917368504687752 1.0000000180025095e-35 0 0.59294530418543168 1 0.68301270189221941 0.080994490627458365 0.40444634706958454 0.24101382488479264 0.28617511520737338 0.044270833333333336 0.038670947752277481 8.5000000000000018 0.25928284646248428 0.098703409235773101 0.043362410548815823 0.20681904689606379 0.20048501969437313 0.22614163575611029 0.49630345877563281 0.40599078341013833 24.500000000000004 0.24210705471874738 0.27880184331797242 0.12106829783344576 -1.0000000180025095e-35 0.20098039215686275 0.48970588235294121 0.11718750000000001 -1.0000000180025095e-35
decision_type=2 2 1 2 1 2 2 2 2 2 2 2 2 2 2 2 2 2 2 2 2 2 2 2 2 2 2 2 2 2
left_child=1 -1 3 8 5 7 11 -3 -2 10 -10 -7 13 -11 -14 -12 -6 20 19 -19 22 -22 23 -4 -24 27 -27 -20 -16 -30
right_child=2 4 17 -5 16 6 -8 -9 9 12 15 -13 14 -15 28 -17 -18 18 25 -21 21 -23 24 -25 -26 26 -28 -29 29 -31
leaf_value=-0.00035426601182664112 0.00038131229692969727 0.00089072102686023867 0.0003240460425203196 0.00034512628177018093 -0.0006783697367773935 0.00060005854632279288 -0.0002620023970173701 -8.8209791643419799e-05 0.00014458260504935744 8.8228143009792603e-05 0.00036229042041187608 -0.00021184885010395354 0.00025885394099924681 -0.00047836505888543414 -0.00014513997874999326 -0.00035943874092704922 -0.00016015058471908667 -0.0014486815436997491 2.8751687133062915e-05 -0.00026852814263160474 0.00015384334451976669 0.0008705422397765328 3.8164747233270915e-05 -0.0012352456391145456 -0.00049377692600788075 0.00012999290108896142 -0.00055254252194112687 0.00082450165351274571 -0.00012039464770514046 0.0008179397169862635
leaf_weight=616 134 41 15.000000000000002 332 28 40 138 21 109 145 17 22 515 47 110 116 662 15.999999999999998 67 31 32 28 906 15.999999999999998 28 52 49 15.999999999999998 25 21
leaf_count=616 134 41 15 332 28 40 138 21 109 145 17 22 515 47 110 116 662 16 67 31 32 28 906 16 28 52 49 16 25 21
internal_value=-1.34746e-05 -0.000207519 9.41523e-05 0.000169338 -0.000112564 6.56373e-05 -8.40723e-05 0.000559152 0.000123601 9.23486e-05 -8.17199e-05 0.000311964 0.00014116 -5.04709e-05 0.000195994 -0.000267186 -0.000178592 -1.2283e-06 -0.000158879 -0.000670305 3.42888e-05 0.000488312 6.05896e-06 -0.000480764 2.22174e-05 -2.82397e-05 -0.00020114 0.000182157 -1.15254e-05 0.000307984
internal_weight=4395 1568 2827 1571 952 262 200 62 1239 1105 242 62 863 192 671 133 690 1256 231 47 1025 60 965 31 934 184 101 83 156 46
internal_count=4395 1568 2827 1571 952 262 200 62 1239 1105 242 62 863 192 671 133 690 1256 231 47 1025 60 965 31 934 184 101 83 156 46
cat_boundaries=0 1 2
cat_threshold=678 110
is_linear=0
shrinkage=0.03


Tree=116
num_leaves=31
num_cat=2
split_feature=1 0 12 13 7 1 19 7 19 8 11 10 18 8 7 6 6 0 6 8 0 7 0 8 7 3 1 6 6 13
split_gain=0.100074 0.0210556 0.0180157 0.014091 0.0240622 0.0133335 0.0126002 0.01362 0.0114937 0.00940031 0.00896267 0.0236727 0.0123256 0.00878615 0.00822813 0.0087662 0.00793154 0.00759005 0.0102614 0.0149296 0.00903991 0.00804107 0.00756841 0.0075694 0.00713107 0.00862691 0.00683133 0.00753348 0.00793901 0.00675448
threshold=0.028645833333333336 0.226510671605367 1.0000000180025095e-35 1.0000000180025095e-35 0.24899844287090053 0.054687500000000007 0 0.096392604787514213 1 0.33361259514664277 0.6830127018922193 -0.24999999999999994 0.49264705882352944 0.43871151078150539 0.089132082478676544 0.22259653583346581 0.60875576036866375 0.39191207165358427 0.10624049397289508 0.061010204590290239 0.26145367489924248 0.023562053596043318 0.25848548626356976 0.060322512179489085 0.093614801865352454 0.075520833333333343 0.13281250000000003 0.29354838709677428 0.49631336405529963 1.0000000180025095e-35
decision_type=2 2 2 2 2 2 1 2 1 2 2 2 2 2 2 2 2 2 2 2 2 2 2 2 2 2 2 2 2 2
left_child=1 -1 3 4 8 -4 7 17 -2 10 16 12 -12 -11 15 -10 -7 18 19 20 -3 -20 -8 -24 25 -13 27 -16 -29 -23
right_child=2 6 5 -5 -6 9 22 -9 14 13 11 24 -14 -15 26 -17 -18 -19 21 -21 -22 29 23 -25 -26 -27 -28 28 -30 -31
leaf_value=-0.00033785471161800005 0.00014479827001837592 -0.00050147608680354389 -0.00012800626315003121 0.00025334607662564853 0.0012266576072680383 1.1136146361317898e-05 0.00052394670269565824 -0.00095819074770940431 -0.00026282810708610772 -0.00052669546986638754 0.0011886890607955775 6.3199185939842193e-05 0.0002893097962940277 0.0001038646237046104 -6.7338106940770975e-05 0.00010224258852248108 0.00029609786921000133 7.7332961497712528e-05 5.5760333817667083e-06 0.00087190283681892571 0.00014982166414769416 -0.00056557352377554549 -0.00055883476738430174 3.0909025893390627e-05 0.00036333502762843752 -0.00072464006001751724 0.00010990456633223124 -0.001337537384389075 -0.00039060965021971942 -0.00024177748850965857
leaf_weight=668 486 34 437 739 15.999999999999998 540 26 21 85 43 32 41 24 37 18 195 105 86 54 15.999999999999998 44 114 21 291 35 18 19 14.999999999999998 17 118
leaf_count=668 486 34 437 739 16 540 26 21 85 43 32 41 24 37 18 195 105 86 54 16 44 114 21 291 35 18 19 15 17 118
internal_value=-1.30704e-05 -0.000212652 8.9609e-05 0.000157508 7.42838e-05 7.32235e-06 -0.000111276 -0.000206608 5.22009e-05 7.49094e-05 0.000106102 0.000314978 0.000803253 -0.000235064 -7.86412e-05 -8.58299e-06 5.75257e-05 -0.00017717 -0.000234768 3.71585e-05 -0.00013408 -0.000324142 3.12689e-05 -8.78693e-06 2.40856e-05 -0.000177167 -0.000374328 -0.000558335 -0.00083451 -0.000400886
internal_weight=4395 1493 2902 1590 851 1312 825 487 835 875 795 150 56 80 349 280 645 466 380 94 78 286 338 312 94 59 69 50 32 232
internal_count=4395 1493 2902 1590 851 1312 825 487 835 875 795 150 56 80 349 280 645 466 380 94 78 286 338 312 94 59 69 50 32 232
cat_boundaries=0 1 2
cat_threshold=281 682
is_linear=0
shrinkage=0.03


Tree=117
num_leaves=31
num_cat=1
split_feature=1 0 12 17 1 19 7 6 16 3 8 8 7 11 7 5 0 6 8 0 7 12 16 0 8 8 0 5 0 7
split_gain=0.0941692 0.0198112 0.0169573 0.0136615 0.0125455 0.0118555 0.0128151 0.0103992 0.00942201 0.00912307 0.00883648 0.00976305 0.00782422 0.0118572 0.0169308 0.00776784 0.00714148 0.00965493 0.0140473 0.00850567 0.00756584 0.00711856 0.00698892 0.00741654 0.00736423 0.00675546 0.00851353 0.00780944 0.00667207 0.0102088
threshold=0.028645833333333336 0.226510671605367 1.0000000180025095e-35 0.40471732902164365 0.054687500000000007 0 0.096392604787514213 0.21787360105332459 7.5000000000000009 0.023437500000000003 0.33361259514664277 0.43871151078150539 0.061948112052887368 0.6830127018922193 0.070186626513688774 0.13286004056795134 0.39191207165358427 0.10624049397289508 0.061010204590290239 0.26145367489924248 0.023562053596043318 -1.0000000180025095e-35 10.500000000000002 0.25848548626356976 0.060322512179489085 0.1117864860989408 0.36122051423350005 0.12457741717376607 0.35719109297700841 0.03471521951185539
decision_type=2 2 2 2 2 1 2 2 2 2 2 2 2 2 2 2 2 2 2 2 2 2 2 2 2 2 2 2 2 2
left_child=1 -1 3 7 28 6 16 15 -7 -6 12 -12 -11 -14 -15 21 17 18 19 -3 -19 -2 -10 -24 -25 27 -27 -9 -4 -30
right_child=2 5 4 -5 9 8 -8 25 22 10 11 -13 13 14 -16 -17 -18 20 -20 -21 -22 -23 23 24 -26 26 -28 -29 29 -31
leaf_value=-0.00032771909899985147 -8.7642880332966516e-05 -0.00048643224622294662 0.00011095064591584764 0.0004605893049064102 -0.0003294204577949477 -0.00025795367888688459 -0.00092944639960115772 -3.0104190792253312e-05 0.00072536338656175941 -2.4899918710425467e-05 -0.00051089496975988363 0.00015873916728802273 0.00012275108404027739 0.0013197859873677828 0.00030028280638549421 -0.0005823846596853256 7.501299667614444e-05 5.4087513000965369e-06 0.00084574737342613593 0.00014532712240450493 -0.00038885944079328195 0.00036355000565148072 0.00061711492512041093 -0.00057271071187497751 7.6921413330282833e-05 0.00080163935059278889 0.0001250216049449392 0.00047096998142905034 0.00020969409664976514 -0.00024952468352975341
leaf_weight=668 163 34 87 120 48 78 21 37 15.999999999999998 215 43 36 436 18 79 23 86 54 15.999999999999998 44 232 39 21 17 206 17 1076 115 51 299
leaf_count=668 163 34 87 120 48 78 21 37 16 215 43 36 436 18 79 23 86 54 16 44 232 39 21 17 206 17 1076 115 51 299
internal_value=-1.26684e-05 -0.000206273 8.69357e-05 0.000152811 7.10271e-06 -0.000107937 -0.000200409 0.000127685 3.03308e-05 7.26622e-05 9.59998e-05 -0.000205747 0.000127869 0.000189493 0.000489481 -6.00108e-05 -0.000171854 -0.000227725 3.60439e-05 -0.000130058 -0.000314417 -5.30014e-07 0.000117983 7.81524e-05 2.73955e-05 0.000161606 0.000135546 0.000348999 -0.000124166 -0.00018261
internal_weight=4395 1493 2902 1590 1312 825 487 1470 338 875 827 79 748 533 97 225 466 380 94 78 286 202 260 244 223 1245 1093 152 437 350
internal_count=4395 1493 2902 1590 1312 825 487 1470 338 875 827 79 748 533 97 225 466 380 94 78 286 202 260 244 223 1245 1093 152 437 350
cat_boundaries=0 1
cat_threshold=281
is_linear=0
shrinkage=0.03


Tree=118
num_leaves=31
num_cat=0
split_feature=1 0 12 13 7 1 3 6 16 16 6 8 8 8 8 1 7 11 0 7 11 10 16 0 7 6 4 0 8 8
split_gain=0.0886038 0.0186403 0.0159551 0.0131059 0.022248 0.0118041 0.00858391 0.00841224 0.00836287 0.00884148 0.0108723 0.00831426 0.00918607 0.00828372 0.00802462 0.00752782 0.0086068 0.0107854 0.00736648 0.00736182 0.0111565 0.0208917 0.0527485 0.00627776 0.0096055 0.00907464 0.00702443 0.00693765 0.00611293 0.00592911
threshold=0.028645833333333336 0.226510671605367 1.0000000180025095e-35 1.0000000180025095e-35 0.24899844287090053 0.054687500000000007 0.023437500000000003 0.22026060702367714 7.5000000000000009 10.500000000000002 0.10624049397289508 0.33361259514664277 0.43871151078150539 0.11250973175725602 0.060322512179489085 0.15364583333333334 0.099590664592236089 -0.5 0.29001749062968413 0.061948112052887368 0.6830127018922193 -0.24999999999999994 29.500000000000004 0.35719109297700841 0.03471521951185539 0.23244875258223427 0.018229166666666668 0.37668253684308667 0.09020714578606627 0.23115397234354332
decision_type=2 2 2 2 2 2 2 2 2 2 2 2 2 2 2 2 2 2 2 2 2 2 2 2 2 2 2 2 2 2
left_child=1 -1 3 4 7 23 -7 -2 -3 28 18 19 -13 -9 -12 16 -15 -18 -11 -8 -21 22 -22 26 25 -25 -4 -26 -10 -16
right_child=2 8 5 -5 -6 6 11 13 9 10 14 12 -14 15 29 -17 17 -19 -20 20 21 -23 -24 24 27 -27 -28 -29 -30 -31
leaf_value=-0.00031788753525634016 -0.0001654292611937161 -0.00029288175870318582 -0.00026394507566026177 0.00024065320267526138 0.0011760433619524952 -0.00031953805601369625 -2.4152925155980845e-05 0.00036879779274969366 0.00070710934696973109 6.9804942714855558e-05 -0.00056909783073731646 -0.00049556848258470098 0.00015397711992202741 8.8247242269630732e-05 -0.00013329364943333801 0.0004543326952168273 -0.00066687328077800687 -3.6340053820630625e-05 0.00070970680998244055 0.00011906855889272291 -0.00031084959536719324 0.00013656419847387206 0.0020183923121079288 -9.2148686310487553e-05 -0.0006669245305122067 0.00074522390654689814 0.00030318507072510316 -0.00019288945186677096 7.6346560422045868e-06 0.00038246225784211872
leaf_weight=668 140 169 30 739 15.999999999999998 48 215 84 22 85 37 43 36 437 448 39 32 103 20 436 14.999999999999998 61 21 33 31 18 57 268 23 21
leaf_count=668 140 169 30 739 16 48 215 84 22 85 37 43 36 437 448 39 32 103 20 436 15 61 21 33 31 18 57 268 23 21
internal_value=-1.22883e-05 -0.000200084 8.43277e-05 0.000148226 6.79634e-05 6.88965e-06 7.04823e-05 4.67293e-05 -0.000104699 -5.6219e-05 -8.61086e-05 9.31199e-05 -0.000199575 8.94664e-05 -0.000143756 5.10636e-05 2.35672e-05 -0.000185804 0.000191697 0.000124033 0.000183808 0.000474797 0.00104789 -0.000120441 -0.000177131 0.000203403 0.000107622 -0.000242039 0.000349608 -0.000110199
internal_weight=4395 1493 2902 1590 851 1312 875 835 825 656 611 827 79 695 506 611 572 135 105 748 533 97 36 437 350 51 87 299 45 469
internal_count=4395 1493 2902 1590 851 1312 875 835 825 656 611 827 79 695 506 611 572 135 105 748 533 97 36 437 350 51 87 299 45 469
is_linear=0
shrinkage=0.03


Tree=119
num_leaves=31
num_cat=3
split_feature=1 0 6 12 19 7 13 7 19 7 16 1 7 10 10 16 0 17 19 17 6 0 6 0 7 9 16 16 7 16
split_gain=0.0833673 0.0175387 0.0154088 0.012405 0.0112417 0.0120733 0.00942225 0.0164364 0.00973053 0.0105291 0.00853975 0.00818586 0.0088916 0.00998911 0.0300016 0.0317121 0.00746688 0.00700306 0.00981744 0.0106774 0.011565 0.00673969 0.00858579 0.0120676 0.00712763 0.00952156 0.00658945 0.00657626 0.00651024 0.0107345
threshold=0.028645833333333336 0.226510671605367 0.55253456221198172 1.0000000180025095e-35 0 0.096392604787514213 1.0000000180025095e-35 0.16947311116436589 1 0.089132082478676544 7.5000000000000009 0.054687500000000007 0.18502856309113072 -0.5 -0.6830127018922193 29.500000000000004 0.47407937031367969 0.3161858565228492 2 0.081227129605991016 0.66635944700460847 0.39191207165358427 0.10624049397289508 0.29001749062968413 0.023562053596043318 0.55725747629467559 11.500000000000002 12.500000000000002 0.04618662484735897 16.500000000000004
decision_type=2 2 2 2 1 2 2 2 1 2 2 2 2 2 2 2 2 2 1 2 2 2 2 2 2 2 2 2 2 2
left_child=1 -1 3 6 5 21 7 8 9 -2 -6 -5 13 14 -13 -16 -11 18 26 -20 -21 22 23 27 -24 28 -4 -3 29 -26
right_child=2 4 17 11 10 -7 -8 -9 -10 16 -12 12 -14 -15 15 -17 -18 -19 19 20 -22 -23 24 -25 25 -27 -28 -29 -30 -31
leaf_value=-0.00030835092505372322 -6.3861547575049489e-05 -0.00067519927626475925 2.1250387999526179e-05 -0.00012635840940079012 -0.00024142882706792494 -0.00089918724571872062 0.00020005796550368992 0.0009602769349478362 9.7739464548909683e-05 -0.00020495174334741111 0.00011647475103660779 2.2423444018348119e-05 -0.00058122742231038439 -1.9544157944708712e-05 -4.3603407848685084e-05 0.0014662742335358333 -0.001136629802518998 0.00035979581364283745 0.0006793259344580301 7.0091094756773802e-05 -0.00055849309057929121 7.5973398189045917e-05 1.0549096289717873e-05 0.00072904417076729146 0.000755805115087401 -0.00054840822871523643 0.00044590962302085743 9.2971356027085944e-06 -0.00038898388308829994 -0.0001993841926833271
leaf_weight=668 212 15.999999999999998 49 429 78 21 601 17 451 16.000000000000004 260 153 20 440 21 31 14.999999999999998 221 14.999999999999998 68 43 86 54 18 14.999999999999998 126 100 60 55 36
leaf_count=668 212 16 49 429 78 21 601 17 451 16 260 153 20 440 21 31 15 221 15 68 43 86 54 18 15 126 100 60 55 36
internal_value=-1.19196e-05 -0.000194082 8.17979e-05 5.04109e-05 -0.000101558 -0.000191625 0.000112614 3.86989e-05 1.61228e-05 -0.000133868 3.29076e-05 -2.41877e-05 4.1724e-05 6.10412e-05 0.000234004 0.000856527 -0.000655786 0.00023405 0.000132995 -6.66093e-05 -0.000173417 -0.000163849 -0.000218124 3.06114e-05 -0.000299877 -0.000372131 0.000286996 -0.000134814 -0.00016259 8.15631e-05
internal_weight=4395 1493 2902 2406 825 487 1312 711 694 243 338 1094 665 645 205 52 31 496 275 126 111 466 380 94 286 232 149 76 106 51
internal_count=4395 1493 2902 2406 825 487 1312 711 694 243 338 1094 665 645 205 52 31 496 275 126 111 466 380 94 286 232 149 76 106 51
cat_boundaries=0 1 2 3
cat_threshold=281 277 194
is_linear=0
shrinkage=0.03


Tree=120
num_leaves=31
num_cat=1
split_feature=6 19 6 6 10 16 9 18 6 7 16 16 7 9 18 4 16 17 4 17 5 9 4 10 3 7 17 6 9 6
split_gain=0.0760785 0.0250392 0.0217245 0.0118822 0.0144511 0.0207295 0.0153226 0.0114089 0.0109259 0.0103109 0.00984809 0.0138259 0.01363 0.0122321 0.00944003 0.0109988 0.00857066 0.0146954 0.00854013 0.00835498 0.00831864 0.0154832 0.00793258 0.0077223 0.0100431 0.00714166 0.00706422 0.00873697 0.00696586 0.00670734
threshold=0.088076669873904903 0 0.58571428571428585 0.54239631336405547 -0.24999999999999994 29.500000000000004 0.57622173595915405 0.44264705882352945 0.54884792626728129 0.022453387336832647 2.5000000000000004 22.500000000000004 0.028717457926122739 0.80598103574033564 0.48088235294117648 0.039062500000000007 5.5000000000000009 0.28756173355752562 0.085937500000000014 0.32570922397320157 0.36612576064908725 0.80598103574033564 0.018229166666666668 0.68301270189221941 0.065104166666666671 0.054386548930127905 0.26946642838907336 0.30552995391705079 0.1203501094091904 0.41705069124423971
decision_type=2 1 2 2 2 2 2 2 2 2 2 2 2 2 2 2 2 2 2 2 2 2 2 2 2 2 2 2 2 2
left_child=-1 3 8 4 5 26 -7 -6 14 -9 -11 -12 -13 -14 16 -16 17 -3 23 20 21 -5 -18 29 -25 -20 -2 28 -28 -17
right_child=1 2 -4 19 7 6 -8 9 -10 10 11 12 13 -15 15 18 22 -19 25 -21 -22 -23 -24 24 -26 -27 27 -29 -30 -31
leaf_value=-0.00028198068841732427 0.00041231654948283822 -0.00068153950296902786 -0.00092465813119940873 0.00014897462236458694 -0.00047889024666369803 0.00085928405783934788 0.00028584431538523816 0.00076490596284521553 0.00068134128628904544 0.00049680510154079792 -0.00022763309720446844 0.0009596427009438413 8.2615602936480888e-05 -0.00044315862614593103 -6.2183764991739535e-05 7.6782801204324387e-05 -0.00022120816093205211 -3.9488275945001379e-05 -0.00065106362875505617 0.000409707699491266 -0.00031660801719540798 0.0010599419632917786 -1.8451293978179447e-07 0.00069398586021061969 5.5958650649617885e-05 6.4457481335197038e-05 -0.00030690855032785295 -7.5911283520667757e-05 0.00040638481759621049 0.00072232150574026515
leaf_weight=714 46 55 24 250 41 56 167 17 20 37 189 14.999999999999998 539 43 313 153 186 77 17 195 30 18 682 64 34 48 14.999999999999998 243 69 15.999999999999998
leaf_count=714 46 55 24 250 41 56 167 17 20 37 189 15 539 43 313 153 186 77 17 195 30 18 682 64 34 48 15 243 69 16
internal_value=1.28525e-06 5.65605e-05 -2.83556e-05 0.000128854 8.69413e-05 0.000201031 0.00042985 9.75915e-06 -1.56056e-05 3.36104e-05 1.85038e-05 -4.01228e-06 6.67825e-05 4.3769e-05 -2.40796e-05 6.54043e-05 -8.17967e-05 -0.000307013 0.000185691 0.000257035 0.000157131 0.000210163 -4.75469e-05 0.000260764 0.000472632 -0.000122686 6.4229e-05 1.52614e-05 0.000279009 0.000137903
internal_weight=4373 3659 1689 1970 1477 596 223 881 1665 840 823 786 597 582 1645 645 1000 132 332 493 298 268 868 267 98 65 373 327 84 169
internal_count=4373 3659 1689 1970 1477 596 223 881 1665 840 823 786 597 582 1645 645 1000 132 332 493 298 268 868 267 98 65 373 327 84 169
cat_boundaries=0 1
cat_threshold=174
is_linear=0
shrinkage=0.03


Tree=121
num_leaves=31
num_cat=1
split_feature=1 19 16 10 9 16 5 7 8 4 7 17 8 18 16 9 17 3 8 0 8 18 7 17 8 0 17 9 3 1
split_gain=0.07769 0.0246673 0.0106918 0.0150571 0.0125966 0.018149 0.0185346 0.0101812 0.0104708 0.0100543 0.0134642 0.0188097 0.01002 0.00975555 0.0136982 0.00919131 0.00910578 0.00894232 0.00889226 0.00884986 0.0086395 0.00791538 0.00977182 0.0116914 0.00850961 0.00865263 0.00732397 0.00746086 0.010967 0.00727046
threshold=0.013020833333333334 0 24.500000000000004 -0.5 0.63493800145878942 29.500000000000004 0.2748478701825558 0.15643284819623146 0.095476969969421524 0.039062500000000007 0.14842600721355023 0.4150285082120671 0.13902392545863385 0.48088235294117648 5.5000000000000009 0.42924872355944577 0.36418177176410527 0.13802083333333334 0.114683379880801 0.46038902396614806 0.12896556527388528 0.49558823529411766 0.12338484922465606 0.32306906777164635 0.130061071632813 0.4652230214593141 0.31729214534933203 0.57330415754923425 0.039062500000000007 0.054687500000000007
decision_type=2 1 2 2 2 2 2 2 2 2 2 2 2 2 2 2 2 2 2 2 2 2 2 2 2 2 2 2 2 2
left_child=-1 2 12 4 5 -4 -7 8 29 -3 11 13 20 14 15 -11 -15 18 19 26 -2 22 24 -24 -10 -26 27 28 -16 -5
right_child=1 9 3 7 -6 6 -8 -9 21 10 -12 -13 -14 16 17 -17 -18 -19 -20 -21 -22 -23 23 -25 25 -27 -28 -29 -30 -31
leaf_value=-0.00025807917424839336 -8.3793867111405257e-06 -9.9131349909286818e-05 0.00013416064294535982 0.00029394337597519077 6.147894649347009e-05 0.00068026434375900659 0.0018699557886931205 0.00058156870252379616 -7.8663010470527971e-05 -0.00094429606981031298 -0.00071746507826555542 0.0010577571089079565 0.00012938189965167952 0.00023079989657677271 -0.00034626591753617102 -0.00015806505640831957 -0.00025765117046882386 -0.00069805304465508607 0.00014186935855023817 0.00048466864723418422 -0.00042204969238005392 0.00027362654582926711 -0.0010408759424443707 -2.3733627655034941e-06 0.00039703844711849083 7.036552924830174e-05 -0.0008628517189905175 -0.0004783824633995851 0.00071971505078027918 0.00096224264227128616
leaf_weight=840 224 806 40 106 48 55 14.999999999999998 47 215 23 20 17 529 288 19 32 39 14.999999999999998 262 14.999999999999998 57 165 15.999999999999998 25 100 270 17 35 15.999999999999998 17
leaf_count=840 224 806 40 106 48 55 15 47 215 23 20 17 529 288 19 32 39 15 262 15 57 165 16 25 100 270 17 35 16 17
internal_value=1.24672e-06 6.29037e-05 0.000134796 0.000195585 0.000466985 0.00064393 0.000935221 0.000150964 0.00012882 -2.42445e-05 5.10894e-05 7.08474e-05 5.24801e-05 4.87995e-05 -4.44365e-05 -0.000486864 0.000172544 1.9769e-05 4.93515e-05 -0.000188292 -9.22924e-05 8.87795e-05 4.00574e-05 -0.000407658 7.14364e-05 0.000158656 -0.000304323 -0.00016867 0.000141046 0.000386317
internal_weight=4373 3533 1929 1119 158 110 70 961 914 1604 798 778 810 761 434 55 327 379 364 102 281 791 626 41 585 370 87 70 35 123
internal_count=4373 3533 1929 1119 158 110 70 961 914 1604 798 778 810 761 434 55 327 379 364 102 281 791 626 41 585 370 87 70 35 123
cat_boundaries=0 1
cat_threshold=174
is_linear=0
shrinkage=0.03


Tree=122
num_leaves=31
num_cat=1
split_feature=6 19 6 11 16 6 10 20 8 10 12 9 17 10 20 18 8 8 16 17 10 4 10 16 8 20 9 9 8 8
split_gain=0.0679376 0.0220759 0.0200482 0.0120503 0.0313139 0.0157579 0.0138174 0.0166297 0.0126741 0.0177506 0.0120972 0.0101847 0.0177365 0.00993059 0.0105049 0.00990897 0.00956796 0.015818 0.0123762 0.0115079 0.013737 0.00899781 0.0168158 0.0111165 0.0150079 0.0144142 0.00969368 0.0130361 0.00917345 0.0132525
threshold=0.088076669873904903 0 0.58571428571428585 0.6830127018922193 28.500000000000004 0.53963133640553018 0.25000000000000011 0.41741515485649366 0.096195950467966793 1.0000000180025095e-35 -1.0000000180025095e-35 0.92924872355944577 0.35129952256447733 0.68301270189221941 0.40444634706958454 0.44264705882352945 0.13480005795791297 0.14899102893320368 21.500000000000004 0.32570922397320157 0.68301270189221941 0.023437500000000003 0.68301270189221941 5.5000000000000009 0.12450006889054512 0.41342993139342915 0.51531728665207888 0.51239970824215908 0.15928412133379541 0.15376901510591112
decision_type=2 1 2 2 2 2 2 2 2 2 2 2 2 2 2 2 2 2 2 2 2 2 2 2 2 2 2 2 2 2
left_child=-1 3 11 5 -5 8 10 -8 13 -10 -6 21 -13 14 -2 -11 18 -18 -17 -19 -21 26 23 24 -23 -26 27 -3 29 -25
right_child=1 2 -4 4 6 -7 7 -9 9 15 -12 12 -14 -15 -16 16 17 19 -20 20 -22 22 -24 28 25 -27 -28 -29 -30 -31
leaf_value=-0.00026647216111392653 0.0012468346203398266 -5.4517760994657975e-05 -0.00088731678109076669 1.6715978141525769e-05 0.00054464792401004555 0.00025303763908144473 0.0012551654916057788 0.00027455566854587199 0.00012338427964467326 -0.0006884451320720203 0.0015185974592679165 0.00059972065607051886 -0.00034323023253708153 0.00012290242117752909 0.00032682817081301725 -0.00060898824495003723 0.00061518302885192535 8.6928385563743142e-05 -0.00011518771537208036 -0.00091140910403341541 4.5554699191313047e-05 7.6333858250905243e-05 0.00017761164428175272 -5.776497723399522e-05 -0.00036488129802137505 -0.0014248107040167189 -0.00026411495190695335 0.00086871852253069025 0.00017458595117893639 -0.00088637050872012683
leaf_weight=714 15.999999999999998 167 24 201 24 384 18 115 475 27 22 58 26 141 37 57 37 132 230 27 27 38 376 497 36 17 259 14.999999999999998 158 18
leaf_count=714 16 167 24 201 24 384 18 115 475 27 22 58 26 141 37 57 37 132 230 27 27 38 376 497 36 17 259 15 158 18
internal_value=1.20933e-06 5.34435e-05 -2.6293e-05 0.000121324 0.000273713 8.56669e-05 0.000562294 0.000407278 3.23746e-05 -1.02067e-05 0.00101047 -1.40392e-05 0.000307854 0.000254498 0.000604584 -0.000128374 -9.87217e-05 4.86908e-05 -0.000213261 -6.40013e-05 -0.000432935 -3.11419e-05 1.33715e-05 -6.74588e-05 -0.000378661 -0.000704879 -0.00014621 2.15775e-05 -2.53789e-05 -8.67276e-05
internal_weight=4373 3659 1689 1970 380 1590 179 133 1206 1012 46 1665 84 194 53 537 510 223 287 186 54 1581 1140 764 91 53 441 182 673 515
internal_count=4373 3659 1689 1970 380 1590 179 133 1206 1012 46 1665 84 194 53 537 510 223 287 186 54 1581 1140 764 91 53 441 182 673 515
cat_boundaries=0 1
cat_threshold=174
is_linear=0
shrinkage=0.03


Tree=123
num_leaves=31
num_cat=1
split_feature=1 19 11 9 8 4 4 7 17 13 17 0 8 0 17 9 7 0 5 9 8 7 10 0 8 0 0 8 7 0
split_gain=0.0692622 0.0218662 0.0101097 0.0141715 0.0111187 0.00958993 0.00911399 0.0123984 0.0177706 0.010228 0.00910065 0.0111122 0.00819747 0.0162661 0.00799698 0.00773037 0.00759373 0.0096845 0.00777017 0.0073954 0.00836888 0.0067755 0.00753753 0.00657196 0.00899687 0.00643773 0.0115881 0.00610738 0.00601179 0.00600032
threshold=0.013020833333333334 0 0.6830127018922193 0.30233406272793589 0.070280936010108666 0.11197916666666667 0.039062500000000007 0.14842600721355023 0.4150285082120671 1.0000000180025095e-35 0.27207075553364507 0.59537384276397409 0.09742181278566435 0.39511013716867388 0.29080723870895808 0.59263311451495271 0.038670947752277481 0.3863258506154254 0.087390128465179198 0.76549963530269882 0.19814297748565238 0.066485721843107512 0.68301270189221941 0.48493823695648747 0.27323002848564254 0.46376833820953017 0.49403747443035323 0.14517803960434378 0.048735142171201735 0.45956809332532095
decision_type=2 1 2 2 2 2 2 2 2 2 2 2 2 2 2 2 2 2 2 2 2 2 2 2 2 2 2 2 2 2
left_child=-1 2 4 -4 -2 -5 -3 8 9 -8 15 12 16 14 -14 25 18 -18 -12 20 27 -22 -23 29 -25 -6 -27 -17 -15 -11
right_child=1 6 3 5 10 -7 7 -9 -10 23 11 -13 13 28 -16 19 17 -19 -20 -21 21 22 -24 24 -26 26 -28 -29 -30 -31
leaf_value=-0.00024368340649161518 0.00081454829633562163 -9.3959484273571818e-05 3.54503992572511e-06 0.00032792087804207318 0.00061018938478636902 0.00091553065947256207 -3.263654471181966e-05 -0.00068844186437150138 0.0010272868563331833 0.00018019356385946713 0.00027135620500465984 0.00023798733010422986 -0.00016257552882812006 0.00022345290485486298 -0.00078722191474015629 -9.7167620558733767e-05 2.0717902803267242e-05 0.00059722768941163507 -0.00038472058378621811 0.0005593823982625181 0.00031052527691689417 -0.00069267994180193177 7.4690167652088655e-05 0.00012608900260393637 -0.00069140786407260232 -0.00036127419726374296 0.0004289154338530225 0.00053304418476583185 -2.5204247641787395e-05 0.00054986821409870178
leaf_weight=840 19 806 126 233 65 28 501 20 17 124 32 227 39 101 35 25 46 61 33 24 14.999999999999998 32 18 63 14.999999999999998 23 61 31 655 58
leaf_count=840 19 806 126 233 65 28 501 20 17 124 32 227 39 101 35 25 46 61 33 24 15 32 18 63 15 23 61 31 655 58
internal_value=1.17306e-06 5.93898e-05 0.000127077 0.000264827 9.33292e-05 0.000390963 -2.26629e-05 4.90644e-05 6.80243e-05 4.6594e-05 8.43312e-05 4.84633e-05 5.52697e-06 -3.35349e-05 -0.000458023 0.000234268 0.000194022 0.000349385 -6.17297e-05 7.83277e-05 -1.7092e-05 -0.000248669 -0.000416431 0.000199265 -3.11288e-05 0.000386021 0.000212552 0.000251703 8.01607e-06 0.000298004
internal_weight=4373 3533 1929 387 1542 261 1604 798 778 761 1523 1229 1002 830 74 294 172 107 65 145 121 65 50 260 78 149 84 56 756 182
internal_count=4373 3533 1929 387 1542 261 1604 798 778 761 1523 1229 1002 830 74 294 172 107 65 145 121 65 50 260 78 149 84 56 756 182
cat_boundaries=0 1
cat_threshold=174
is_linear=0
shrinkage=0.03


Tree=124
num_leaves=31
num_cat=1
split_feature=1 19 16 11 7 17 8 8 8 8 8 8 11 7 8 8 11 18 3 0 7 8 9 0 9 8 8 18 18 18
split_gain=0.0651688 0.0205739 0.00955317 0.0215343 0.0158183 0.0116514 0.00967601 0.00961948 0.00876626 0.00870051 0.0206148 0.0105251 0.0113035 0.00881061 0.0120429 0.0080937 0.0100747 0.00789185 0.00863586 0.00774096 0.0152203 0.00769364 0.0151278 0.0185995 0.0102936 0.0126715 0.00758048 0.00747262 0.00742875 0.00707819
threshold=0.013020833333333334 0 24.500000000000004 0.6830127018922193 0.026465403638603436 0.3269817095536991 0.26948736383125999 0.20249421316166533 0.13902392545863385 0.20833669660143139 0.22614163575611029 0.19218106975147189 -0.9330127018922193 0.095648249209454236 0.13052933333219532 0.12896556527388528 0.25000000000000017 0.48088235294117648 0.13281250000000003 0.36643735909897551 0.040747545603109198 0.07776067539149624 0.55725747629467559 0.32319281828654317 0.22137126185266232 0.088210155466507345 0.098555133216983518 0.47205882352941181 0.48676470588235299 0.49558823529411766
decision_type=2 1 2 2 2 2 2 2 2 2 2 2 2 2 2 2 2 2 2 2 2 2 2 2 2 2 2 2 2 2
left_child=-1 2 8 4 -4 7 9 -5 15 11 28 12 13 14 -6 -2 -17 18 21 20 -14 22 -3 -24 -23 -26 -21 -8 -11 -7
right_child=1 17 3 5 6 29 27 -9 -10 10 -12 -13 19 -15 -16 16 -18 -19 -20 26 -22 24 23 -25 25 -27 -28 -29 -30 -31
leaf_value=-0.00023637291476425997 -8.7599018491949514e-06 0.00022900253863687448 0.00086219945169568369 0.0012588442028797255 -0.00028361834874649628 0.00019769374794453669 5.0550958574088136e-05 0.00030480730071992654 0.00011736402982768943 -0.0011859254358757558 7.5146327077159616e-05 0.00048321175705634518 0.00021803781907004169 -0.00077769821180832268 0.00042071566954524276 -0.00072535478433410027 9.3912840714175012e-05 5.5548286137636816e-05 -0.00060776218626446617 0.00043134543774460415 -0.00076868189734173825 -0.00035834961413758827 -0.00024951773576922776 -0.001226763646010359 0.00058114156969079137 -1.3699911271767788e-05 0.00011842392357408616 0.00070385051638033986 -0.00029281858562415906 0.00060545787478905283
leaf_weight=840 224 45 25 26 74 106 26 14.999999999999998 529 19 90 62 34 19 31 35 22 679 27 86 24 73 106 21 34 619 367 40 14.999999999999998 60
leaf_count=840 224 45 25 26 74 106 26 15 529 19 90 62 34 19 31 35 22 679 27 86 24 73 106 21 34 619 367 40 15 60
internal_value=1.13789e-06 5.76081e-05 0.000123265 0.000180705 0.000118006 0.000456942 9.70296e-05 0.000909822 4.54339e-05 6.89357e-05 -0.000162604 0.000110128 7.37002e-05 -0.000183244 -7.56701e-05 -8.9979e-05 -0.00040915 -2.1983e-05 -7.91329e-05 0.000136051 -0.000190266 -6.3238e-05 -0.000243644 -0.000411118 -2.04969e-05 1.72728e-05 0.000177831 0.000446495 -0.000791928 0.000345081
internal_weight=4373 3533 1929 1119 912 207 887 41 810 821 124 697 635 124 105 281 57 1604 925 511 58 898 172 127 726 653 453 66 34 166
internal_count=4373 3533 1929 1119 912 207 887 41 810 821 124 697 635 124 105 281 57 1604 925 511 58 898 172 127 726 653 453 66 34 166
cat_boundaries=0 1
cat_threshold=174
is_linear=0
shrinkage=0.03


Tree=125
num_leaves=31
num_cat=1
split_feature=1 19 12 17 8 8 17 7 17 10 6 17 17 7 11 17 6 7 16 16 8 11 18 7 17 8 6 10 7 7
split_gain=0.0625636 0.0137269 0.0117526 0.0140996 0.0108579 0.0129468 0.00870852 0.0099931 0.0118247 0.00968006 0.00817564 0.00785566 0.011142 0.00720386 0.0118379 0.00729279 0.00713381 0.00706127 0.00670466 0.00668113 0.0115538 0.00957169 0.0135798 0.0112071 0.00771299 0.0091487 0.0121141 0.00797455 0.00781178 0.00748412
threshold=0.018229166666666668 0 1.0000000180025095e-35 0.51523274614926406 0.14517803960434378 0.10962305582349027 0.35549811363571898 0.1136185938746033 0.42051740277423205 -0.5 0.29539170506912449 0.40471732902164365 0.34707977897699105 0.11872966494569266 -0.5 0.34907667432558936 0.27419354838709686 0.017230474755673648 4.5000000000000009 5.5000000000000009 0.19814297748565238 1.0000000180025095e-35 0.4485294117647059 0.081764945460434418 0.31464967031419194 0.089560300767560053 0.14433497536945816 -0.5 0.061413298199477807 0.045947932681796547
decision_type=2 1 2 2 2 2 2 2 2 2 2 2 2 2 2 2 2 2 2 2 2 2 2 2 2 2 2 2 2 2
left_child=10 4 11 6 5 -2 13 9 -9 -8 16 12 -3 15 -15 19 17 -1 -7 20 -4 22 -21 24 25 26 -24 -26 -29 -23
right_child=1 2 3 -5 -6 18 7 8 -10 -11 -12 -13 -14 14 -16 -17 -18 -19 -20 21 -22 29 23 -25 27 -27 -28 28 -30 -31
leaf_value=-0.00025520012979848606 0.00024240926138998284 0.00011787837316341866 -8.3564762316861615e-05 -0.0009150486386500814 0.00027211922122252953 -0.00075882136910278655 0.00050963197666259647 0.00096622864775736822 3.8086616192351074e-06 -0.00014061827424055728 0.00036581542064245432 0.00038951654766380749 -0.00011253579487230987 -0.0010980638291495058 -0.00012757545849600922 -0.00043728996141101031 -0.00081552402104032669 -8.861505767018249e-05 -8.9517513012166375e-05 -0.00073719825217371593 -0.00084157453992651549 -9.1053625739769174e-05 7.5457846265415321e-05 0.00036460483998291524 -0.00066748398073837242 -0.00010009733387841714 0.0010311522380632276 -0.00032837539155417461 0.00027129281854635701 0.0002243468600307737
leaf_weight=642 144 1150 102 15.999999999999998 484 14.999999999999998 28 27 20 78 23 78 226 14.999999999999998 46 38 17 356 132 26 22 93 47 56 35 186 15.999999999999998 60 29 249
leaf_count=642 144 1150 102 16 484 15 28 27 20 78 23 78 226 15 46 38 17 356 132 26 22 93 47 56 35 186 16 60 29 249
internal_value=1.05005e-05 7.24478e-05 3.92811e-05 -3.05271e-05 0.000182692 4.02325e-05 -1.84613e-05 0.000192595 0.000556697 3.11491e-05 -0.000193484 9.66366e-05 8.00341e-05 -5.01198e-05 -0.000366234 -3.00121e-05 -0.000206158 -0.000195777 -0.000157819 -1.32075e-05 -0.000218056 1.86637e-05 -7.14713e-05 -3.11225e-05 -9.05355e-05 5.73434e-06 0.000318186 -0.00028385 -0.000132977 0.00013858
internal_weight=4456 3418 2643 1189 775 291 1173 153 47 106 1038 1454 1376 1020 61 959 1015 998 147 921 124 797 455 429 373 249 63 124 89 342
internal_count=4456 3418 2643 1189 775 291 1173 153 47 106 1038 1454 1376 1020 61 959 1015 998 147 921 124 797 455 429 373 249 63 124 89 342
cat_boundaries=0 1
cat_threshold=34
is_linear=0
shrinkage=0.03


Tree=126
num_leaves=31
num_cat=4
split_feature=1 19 4 6 17 11 6 16 10 8 20 6 3 20 19 16 2 11 16 8 19 16 17 4 16 19 6 18 2 17
split_gain=0.0588661 0.0129156 0.0104427 0.00927204 0.00793579 0.00829579 0.017577 0.0119001 0.0362337 0.0121903 0.0137605 0.0109342 0.010758 0.0115167 0.00989201 0.0128676 0.0106939 0.00978739 0.0102176 0.0212818 0.0108573 0.00962987 0.00923389 0.00912496 0.00874442 0.00844492 0.0144231 0.0105413 0.0081547 0.010681
threshold=0.018229166666666668 0 0.085937500000000014 0.78755760368663608 0.54246447110884188 -0.5 0.58571428571428585 29.500000000000004 0.25000000000000011 0.076479323991404488 0.39191207165358427 0.099850610219273842 0.023437500000000003 0.43144704750910573 1 18.500000000000004 0.096354166666666671 -0.24999999999999994 6.5000000000000009 0.18809772008987066 2 11.500000000000002 0.26538166964513665 0.080729166666666671 8.5000000000000018 3 0.46682027649769592 0.49852941176470594 0.070312500000000014 0.33660965024253259
decision_type=2 1 2 2 2 2 2 2 2 2 2 2 2 2 1 2 2 2 2 2 1 2 2 2 2 1 2 2 2 2
left_child=-1 2 -2 4 5 6 14 9 28 11 -11 -7 -10 -14 -3 -16 -17 24 19 -19 21 -20 -23 -21 -12 -15 27 -27 -9 -30
right_child=1 3 -4 -5 -6 7 -8 8 12 10 17 -13 13 25 15 16 -18 18 20 23 -22 22 -24 -25 -26 26 -28 -29 29 -31
leaf_value=-0.0001876793222220871 8.5911414778174709e-05 8.105559736538409e-05 0.00030907913437577106 0.00061324486083703359 -0.00056252970724953724 -0.00028497258004879397 -0.00073711949142155064 0.00052761367757239697 -0.00024054089777824625 -0.00022410601237047621 0.00040617877314342161 0.00064069146349160142 0.00042576489240832738 0.00023201340612657377 -0.00075302433140716888 -3.9206850797628791e-05 -0.0007692533660624963 9.978313844865874e-06 0.00022372777687296644 -0.0012418993930167061 0.00020449065095657192 0.00021830783785020707 -0.00032600721462483517 -0.00041836166436792549 -3.5002916063723644e-08 -0.00012954803209294126 -0.00092829338508096544 0.00052968079714293341 0.00057548667338499972 0.0016898252392166233
leaf_weight=1038 450 482 325 25 20 14.999999999999998 31 68 79 204 114 49 97 112 27 364 19 138 66 18 244 36 127 37 82 114 17 27 16.000000000000004 14.999999999999998
leaf_count=1038 450 482 325 25 20 15 31 68 79 204 114 49 97 112 27 364 19 138 66 18 244 36 127 37 82 114 17 27 16 15
internal_value=1.01855e-05 7.02743e-05 0.000177212 3.81027e-05 3.27558e-05 3.73387e-05 -3.48779e-05 7.71332e-05 0.000192274 2.16006e-05 -2.54315e-06 0.000423738 7.70265e-05 0.000145386 -1.04718e-05 -0.000117191 -7.54252e-05 4.98919e-05 -4.94754e-06 -0.000188902 7.01122e-05 -7.85674e-05 -0.00020579 -0.000687901 0.000236233 4.46563e-05 -9.67173e-05 -3.30986e-06 0.000711464 0.00111472
internal_weight=4456 3418 775 2643 2618 2598 923 1675 545 1130 1066 64 446 367 892 410 383 862 666 193 473 229 163 55 196 270 158 141 99 31
internal_count=4456 3418 775 2643 2618 2598 923 1675 545 1130 1066 64 446 367 892 410 383 862 666 193 473 229 163 55 196 270 158 141 99 31
cat_boundaries=0 1 2 3 4
cat_threshold=34 712 92 388
is_linear=0
shrinkage=0.03


Tree=127
num_leaves=31
num_cat=2
split_feature=1 12 7 13 19 17 7 17 18 0 11 0 10 7 18 17 17 4 1 7 17 9 5 19 7 7 15 1 17 5
split_gain=0.0554073 0.0126242 0.0100767 0.0121856 0.0100235 0.010913 0.00927953 0.00846876 0.0169391 0.0104618 0.00913151 0.0129319 0.00934531 0.00813129 0.00764402 0.00758378 0.0138021 0.00738738 0.00673233 0.00670099 0.00608624 0.00862302 0.00592888 0.00541491 0.00532751 0.00853403 0.00516632 0.00449861 0.00435067 0.00692639
threshold=0.018229166666666668 1.0000000180025095e-35 0.38780974986680611 1.0000000180025095e-35 0 0.49697898051229689 0.063091324822079201 0.26397753382690842 0.47500000000000003 0.48652783205086364 0.6830127018922193 0.45956809332532095 -0.5 0.02149017771572934 0.48382352941176471 0.33660965024253259 0.36886222449153272 0.085937500000000014 0.070312500000000014 0.017230474755673648 0.34018381414347726 0.6433260393873087 0.054597701149425297 1 0.12106829783344576 0.15643284819623146 1.0000000180025095e-35 0.028645833333333336 0.22878903923070382 0.17545638945233269
decision_type=2 2 2 2 1 2 2 2 2 2 2 2 2 2 2 2 2 2 2 2 2 2 2 1 2 2 2 2 2 2
left_child=19 2 3 22 17 6 -6 8 9 -8 11 12 -9 -5 -13 -12 -17 27 20 -1 -15 -22 -2 24 -24 -26 -21 -3 29 -19
right_child=1 4 -4 13 5 -7 7 10 -10 -11 15 14 -14 18 -16 16 -18 28 -20 26 21 -23 23 -25 25 -27 -28 -29 -30 -31
leaf_value=-0.00024191377278407828 -0.00042544064593520129 0.00032083936347292391 0.00089458320870956776 0.00079153455264147771 -0.0001344510505426447 -0.00086378847212781427 -0.0012946047238858054 -4.8798817297498399e-05 0.00033857981704213033 -0.00023476716615258665 5.1350714409360521e-05 7.7257733905843645e-05 0.00053133564067202354 0.00017627226757462624 -0.00033636714133042524 0.0012871173559755426 0.00011048489612820869 0.00039624207616457128 0.00031612845719656456 -6.1348363524353275e-05 8.7756072381024735e-05 -0.00047220500365966617 9.1200363829545248e-06 0.00011101164857539418 -0.00066068065110441818 0.00010408090229542482 -0.00058154354996606315 -1.4061710637045602e-05 0.00028884649498706711 -0.00040998973161395955
leaf_weight=642 24 40 14.999999999999998 20 489 14.999999999999998 14.999999999999998 41 24 19 25 83 64 511 78 19 17 17 238 378 99 33 338 556 29 24 18 370 193 22
leaf_count=642 24 40 15 20 489 15 15 41 24 19 25 83 64 511 78 19 17 17 238 378 99 33 338 556 29 24 18 370 193 22
internal_value=9.91474e-06 6.82115e-05 0.000120144 0.000113938 4.20321e-06 -6.08007e-05 -4.77142e-05 6.2453e-05 -0.000271632 -0.000702367 0.00012171 4.5792e-05 0.000304809 0.000193396 -0.000123133 0.000452758 0.000731504 9.37039e-05 0.000179817 -0.000182049 0.000129362 -5.22367e-05 4.02079e-05 5.20094e-05 -3.38647e-05 -0.000314378 -8.4995e-05 1.86123e-05 0.000230447 -5.85542e-05
internal_weight=4456 3418 1887 1872 1531 889 874 385 58 34 327 266 105 901 161 61 36 642 881 1038 643 132 971 947 391 53 396 410 232 39
internal_count=4456 3418 1887 1872 1531 889 874 385 58 34 327 266 105 901 161 61 36 642 881 1038 643 132 971 947 391 53 396 410 232 39
cat_boundaries=0 1 2
cat_threshold=554 92
is_linear=0
shrinkage=0.03


Tree=128
num_leaves=31
num_cat=2
split_feature=1 12 7 13 19 7 7 8 7 4 8 8 17 11 4 4 7 1 7 3 3 17 5 3 0 10 19 7 8 17
split_gain=0.0521369 0.0118819 0.00948076 0.0114602 0.00943112 0.0102985 0.0093451 0.00947904 0.00765076 0.00697991 0.0110945 0.0116344 0.00654371 0.00901669 0.00888221 0.00753226 0.0063944 0.00633446 0.00630495 0.00830238 0.00588596 0.00572655 0.00557934 0.00557553 0.00557449 0.00858247 0.00509913 0.00501266 0.00881055 0.00495242
threshold=0.018229166666666668 1.0000000180025095e-35 0.38780974986680611 1.0000000180025095e-35 0 0.19614921917087011 0.063091324822079201 0.12224515550543266 0.02149017771572934 0.080729166666666671 0.096551327259016217 0.073250994533297364 0.28912432984426867 0.6830127018922193 0.028645833333333336 0.10156250000000001 0.077908510372592374 0.070312500000000014 0.017230474755673648 0.013020833333333334 0.023437500000000003 0.34018381414347726 0.054597701149425297 0.044270833333333336 0.4563480107523985 -0.5 1 0.12106829783344576 0.23702998767234346 0.34971491787932951
decision_type=2 2 2 2 1 2 2 2 2 2 2 2 2 2 2 2 2 2 2 2 2 2 2 2 2 2 1 2 2 2
left_child=18 2 3 22 9 6 -6 23 -5 10 11 -3 15 24 -15 16 -9 21 -1 -20 -12 -10 -2 -8 25 -14 27 -24 -29 -26
right_child=1 4 -4 8 5 -7 7 12 17 -11 20 -13 13 14 -16 -17 -18 -19 19 -21 -22 -23 26 -25 29 -27 -28 28 -30 -31
leaf_value=-0.0002346563690057433 -0.00041267795014525319 -0.00032742236065885381 0.00086774749907968045 0.00076778970552054905 -0.00013041752809461382 -0.00071608216857121563 0.00017531618160977256 -0.00010722400116800293 0.000170984109642981 0.00021576939674443796 -0.00055413948448548606 0.00051950397997287373 -0.00016632781627191854 -5.0969598829250577e-05 0.00085421872898931944 8.5705306938342141e-05 -0.0007601340442535484 0.00030664464342869868 0.00017643101789583968 -0.00015533302197516204 -3.3911567440622005e-05 -5.0669697214859108e-05 8.8464378252417458e-06 0.00080865895769805505 3.8940756260512082e-05 0.00060392667088075066 0.00010774014556388683 -0.00086779985272836507 -3.9138760510208618e-05 -0.00034592899089606926
leaf_weight=642 24 19 14.999999999999998 20 489 21 29 27 511 251 21 63 23 15.999999999999998 25 47 27 238 87 309 288 132 338 22 87 30 556 17 36 46
leaf_count=642 24 19 15 20 489 21 29 27 511 251 21 63 23 16 25 47 27 238 87 309 288 132 338 22 87 30 556 17 36 46
internal_value=9.62477e-06 6.61749e-05 0.000116557 0.000110538 4.07712e-06 -5.89767e-05 -4.37577e-05 6.80542e-05 0.000187595 9.08928e-05 1.30533e-05 0.000323263 8.89315e-06 9.82738e-05 0.000500982 -0.000191991 -0.000433687 0.000174422 -0.000176588 -8.24452e-05 -6.92685e-05 0.000125481 3.9036e-05 0.000448533 9.50265e-06 0.000269668 5.04842e-05 -3.28488e-05 -0.000304947 -9.41737e-05
internal_weight=4456 3418 1887 1872 1531 889 868 379 901 642 391 82 328 227 41 101 54 881 1038 396 309 643 971 51 186 53 947 391 53 133
internal_count=4456 3418 1887 1872 1531 889 868 379 901 642 391 82 328 227 41 101 54 881 1038 396 309 643 971 51 186 53 947 391 53 133
cat_boundaries=0 1 2
cat_threshold=554 92
is_linear=0
shrinkage=0.03


Tree=129
num_leaves=31
num_cat=1
split_feature=1 19 12 17 13 17 17 7 17 7 8 7 9 0 17 7 11 11 16 2 7 4 7 11 7 4 11 16 1 5
split_gain=0.0490595 0.0112944 0.0111311 0.00940012 0.00957563 0.00701372 0.00845024 0.00994399 0.00919159 0.00766918 0.0103932 0.00728295 0.00712094 0.0109232 0.0116681 0.00698776 0.00875624 0.00717683 0.0138842 0.00664546 0.00645266 0.00645109 0.0064104 0.00654323 0.0101126 0.0102592 0.00656937 0.00739799 0.00618088 0.00614522
threshold=0.018229166666666668 0 1.0000000180025095e-35 0.40471732902164365 1.0000000180025095e-35 0.51523274614926406 0.35549811363571898 0.1136185938746033 0.42051740277423205 0.11872966494569266 0.18579397213266124 0.093614801865352454 0.70240700218818397 0.4646856256676653 0.33864730188447328 0.086724821097632201 1.0000000180025095e-35 1.0000000180025095e-35 5.5000000000000009 0.054687500000000007 0.12456006935358581 0.059895833333333336 0.02149017771572934 -0.5 0.12201822244818451 0.018229166666666668 -0.24999999999999994 8.5000000000000018 0.13802083333333334 0.14503042596348886
decision_type=2 1 2 2 2 2 2 2 2 2 2 2 2 2 2 2 2 2 2 2 2 2 2 2 2 2 2 2 2 2
left_child=-1 -2 3 4 20 6 9 -8 28 11 -11 12 15 14 19 17 -17 -4 -19 21 -3 -14 -6 24 25 -24 -25 29 -9 -28
right_child=1 2 5 -5 22 -7 7 8 -10 10 -12 -13 13 -15 -16 16 -18 18 -20 -21 -22 -23 23 26 -26 -27 27 -29 -30 -31
leaf_value=-0.00017128987962755965 0.00021557184848919908 2.7701239393461744e-05 -0.00015194440837294911 0.00037387689894213615 0.00071426218850615222 -0.00057690213159904559 2.6143970056542536e-05 0.0012823646323653318 7.0008548494184165e-05 -0.00096538726614883773 -0.00013104621376775312 0.00024931673173094409 0.00032689242384581008 0.00053498001815919464 -0.00076776582961786768 4.3239525825233893e-07 -0.00091161097098017287 -0.00036804677731349647 0.00011391823379624013 -0.00026985357713560636 -0.00033088778898802729 -0.00026167839538095085 -0.00037967013657343879 0.000425101718115818 -0.00073813161484981077 0.00015266280016079401 0.0001887106465360009 0.0002233814159697268 0.0004577797768460286 -0.0003045794561356802
leaf_weight=1038 384 764 397 103 18 20 121 14.999999999999998 25 18 53 83 83 44 15.999999999999998 18 20 65 312 35 48 21 39 98 14.999999999999998 198 41 295 18 51
leaf_count=1038 384 764 397 103 18 20 121 15 25 18 53 83 83 44 16 18 20 65 312 35 48 21 39 98 15 198 41 295 18 51
internal_value=9.34329e-06 6.41992e-05 4.41844e-05 9.62615e-05 7.80134e-05 -1.92518e-05 -1.0953e-05 0.000180954 0.000503914 -4.04393e-05 -0.00034258 -2.08303e-05 -4.30087e-05 0.00011782 -6.01777e-07 -8.24238e-05 -0.000479602 -6.29235e-05 3.08201e-05 8.77098e-05 6.50348e-06 0.000208045 0.000154922 0.00014126 1.72506e-05 6.50625e-05 0.000205694 0.000150132 0.000832619 -8.4744e-05
internal_weight=4456 3418 3034 1670 1567 1364 1344 179 58 1165 71 1094 1011 199 155 812 38 774 377 139 812 104 755 737 252 237 485 387 33 92
internal_count=4456 3418 3034 1670 1567 1364 1344 179 58 1165 71 1094 1011 199 155 812 38 774 377 139 812 104 755 737 252 237 485 387 33 92
cat_boundaries=0 1
cat_threshold=2
is_linear=0
shrinkage=0.03


Tree=130
num_leaves=31
num_cat=2
split_feature=6 19 9 17 5 2 7 6 6 10 9 6 6 1 7 9 9 6 11 19 7 0 0 9 9 9 6 7 6 7
split_gain=0.0480497 0.010748 0.0107921 0.0100662 0.00876511 0.00854179 0.00833461 0.00917486 0.0087149 0.0077512 0.0113742 0.00841849 0.00933722 0.00746889 0.00743605 0.00727645 0.0128752 0.0152045 0.0106607 0.0154414 0.0080883 0.00830509 0.00807193 0.0149748 0.009191 0.0133354 0.0103586 0.00893563 0.00665165 0.00664749
threshold=0.18229779119656767 0 0.1203501094091904 0.40471732902164365 0.19371196754563896 0.054687500000000007 0.017230474755673648 0.10865814623958596 0.10205478614822332 0.68301270189221941 0.59117432530999292 0.3147465437788019 0.35529953917050699 0.033854166666666671 0.043362410548815823 0.37272064186725029 0.27169948942377831 0.12841252184967428 0.25000000000000017 1 0.034460949511347018 0.35371632274308884 0.31796113298444179 0.52808169219547796 0.72611232676878201 0.60649161196207169 0.1762116637533768 0.055089635996602375 0.13870967741935489 0.047593645554304349
decision_type=2 1 2 2 2 2 2 2 2 2 2 2 2 2 2 2 2 2 2 1 2 2 2 2 2 2 2 2 2 2
left_child=6 4 14 -4 9 -6 -1 8 -8 11 13 -2 -13 -11 -3 16 17 -9 19 -17 -20 -22 23 -21 25 26 -24 -26 -18 -12
right_child=1 2 3 -5 5 -7 7 15 -10 10 29 12 -14 -15 -16 18 28 -19 20 22 21 -23 24 -25 27 -27 -28 -29 -30 -31
leaf_value=-0.00023059384261115418 -5.0274417296902999e-05 0.00036563446937233314 8.145979295943548e-05 0.00031851795512091838 -3.5403030097125758e-06 -0.00078379160654467499 -3.1473502312748418e-05 0.00048275339964909359 0.00042020134955735066 1.7851794067658255e-05 -0.00025031757821175577 -0.0010437701861810405 -0.00015246152209665739 0.00082046391368163112 -0.00034282165653624338 -0.00027907481644509678 0.00012536761416255432 -0.00066254120188321685 -0.00014030080180709023 -0.00018586096396822576 -0.0014099607924699113 -0.00042735718035890962 0.00012142910723067623 0.00098088667922517398 -5.092964329614905e-05 0.0007445793606505488 -0.00071903137194010141 -0.00095883101300797322 0.00095284796784450858 0.00015265060909368654
leaf_weight=680 312 15.999999999999998 2046 175 23 28 140 17 53 15.999999999999998 58 17 28 30 80 270 17 27 21 18 15.000000000000002 15.999999999999998 59 22 25 24 17 15.999999999999998 18 101
leaf_count=680 312 16 2046 175 23 28 140 17 53 16 58 17 28 30 80 270 17 27 21 18 15 16 59 22 25 24 17 16 18 101
internal_value=-1.30173e-05 5.69636e-05 8.63052e-05 0.000100139 -5.44601e-05 -0.000431921 -0.000153941 -8.6684e-05 9.25631e-05 -2.11749e-05 0.000125851 -0.000105602 -0.000489194 0.000541301 -0.000224743 -0.000146125 0.000121538 -0.00022004 -0.000188164 -0.000141266 -0.000594901 -0.000902841 7.55498e-05 0.000455859 -2.69836e-05 0.000128107 -6.65756e-05 -0.000405247 0.000550944 5.65527e-06
internal_weight=4385 2930 2317 2221 613 51 1455 775 193 562 205 357 45 46 96 582 79 44 503 451 52 31 181 40 141 100 76 41 35 159
internal_count=4385 2930 2317 2221 613 51 1455 775 193 562 205 357 45 46 96 582 79 44 503 451 52 31 181 40 141 100 76 41 35 159
cat_boundaries=0 1 2
cat_threshold=273 785
is_linear=0
shrinkage=0.03


Tree=131
num_leaves=31
num_cat=3
split_feature=6 19 8 6 8 9 17 11 17 16 16 11 6 8 6 5 9 8 9 19 8 10 8 6 17 1 17 19 6 6
split_gain=0.0452354 0.0102356 0.012541 0.0231065 0.018682 0.0238909 0.0171116 0.0139972 0.0103019 0.00843762 0.00817075 0.0126201 0.0126395 0.00951789 0.00918394 0.0116236 0.00859904 0.00883436 0.00844898 0.00789702 0.0083273 0.0078918 0.0101861 0.0113175 0.00871692 0.00777837 0.00758796 0.00741948 0.0104055 0.0105105
threshold=0.18229779119656767 0 0.13187153067892349 0.2824884792626729 0.22119407178140213 0.59117432530999292 0.32010041698578856 1.0000000180025095e-35 0.40894391966641147 14.500000000000002 7.5000000000000009 1.0000000180025095e-35 0.7009216589861752 0.0917847730396293 0.53041474654377896 0.28296146044624754 0.1203501094091904 0.34438673485346721 0.27425237053245816 1 0.22299969864982574 1.0000000180025095e-35 0.22299969864982574 0.21612903225806454 0.27207075553364507 0.059895833333333336 0.36282018551612638 2 0.45576036866359454 0.40599078341013833
decision_type=2 1 2 2 2 2 2 2 2 2 2 2 2 2 2 2 2 2 2 1 2 2 2 2 2 2 2 1 2 2
left_child=26 2 6 9 5 -5 -2 -7 10 -4 16 12 14 -13 15 19 -3 -18 -19 20 -12 24 23 -23 -21 -8 -1 -15 29 -29
right_child=1 8 3 4 -6 7 25 -9 -10 -11 11 13 -14 27 -16 -17 17 18 -20 21 -22 22 -24 -25 -26 -27 -28 28 -30 -31
leaf_value=-0.00015880077639799644 0.00029450310596920666 -0.00056805937097631953 0.00073611920050823223 -0.0017370961847330507 -5.8883154533142171e-06 -0.00093409818320200442 -0.00047403068350817531 0.00012871409569135953 0.00030188369248213112 -4.4164125548087645e-05 0.00014755776590979943 0.00090067874719151008 -0.00056606545845984163 0.00028649639734105255 0.00025114620595829355 -0.00055869554679446518 2.4909063820332325e-05 3.9936431291630358e-05 -0.00085971750719719762 0.00069330195468382788 -0.0004390188507350421 9.8416924011064956e-05 0.00035511068379837573 -0.00035692405397741401 1.6943915953723574e-05 0.00011622344087570972 0.00034884669809223093 0.0001119982133139306 -0.00017553927674231342 0.00064100489350681306
leaf_weight=1428 126 28 14.999999999999998 20 34 27 54 19 172 74 411 15.999999999999998 32 275 157 32 342 17 21 19 23 68 30 177 176 32 27 391 105 37
leaf_count=1428 126 28 15 20 34 27 54 19 172 74 411 16 32 275 157 32 342 17 21 19 23 68 30 177 176 32 27 391 105 37
internal_value=-1.26458e-05 5.52547e-05 -8.44684e-05 -0.00026426 -0.000577192 -0.000871495 7.18337e-05 -0.000495117 7.74372e-05 8.73511e-05 6.13868e-05 8.6943e-05 2.16098e-05 0.000176142 3.88158e-05 3.2003e-06 -6.06941e-05 -2.33079e-05 -0.00045725 2.3091e-05 0.000113848 -6.18211e-05 -0.000166653 -0.000230544 8.28487e-05 -0.000254402 -0.00014938 0.000161793 9.03819e-05 0.000157731
internal_weight=4385 2930 401 189 100 66 212 46 2529 89 2357 1949 1125 824 1093 936 408 380 38 904 434 470 275 245 195 86 1455 808 533 428
internal_count=4385 2930 401 189 100 66 212 46 2529 89 2357 1949 1125 824 1093 936 408 380 38 904 434 470 275 245 195 86 1455 808 533 428
cat_boundaries=0 1 2 3
cat_threshold=17 706 134
is_linear=0
shrinkage=0.03


Tree=132
num_leaves=31
num_cat=0
split_feature=1 1 10 17 16 5 12 18 10 0 5 7 7 17 0 4 0 8 8 8 9 7 16 7 9 8 8 9 10 15
split_gain=0.0423661 0.0111799 0.00818959 0.0071349 0.0135728 0.0067373 0.00564581 0.00738877 0.00596814 0.00582985 0.00563955 0.00554301 0.00501074 0.00460087 0.00439312 0.00704826 0.00572511 0.0125684 0.00971316 0.0146798 0.0101412 0.00461917 0.00798851 0.00941428 0.00789237 0.0055296 0.00504824 0.0046031 0.00451488 0.00438581
threshold=0.018229166666666668 0.075520833333333343 -0.24999999999999994 0.3353331631350524 29.500000000000004 0.054597701149425297 -0.60785761079279388 0.50147058823529422 -0.24999999999999994 0.46896267166687183 0.16734279918864101 0.092848179558897223 0.042075404493665751 0.25861628797549152 0.29908500877598854 0.0078125000000000017 0.36531888204622426 0.076479323991404488 0.1102151217543471 0.09742181278566435 0.48322392414296145 0.053262949793462168 6.5000000000000009 0.040067457934811222 0.60357403355215189 0.06230738714895611 0.085061415947347133 0.58825674690007312 0.93301270189221952 1.0000000180025095e-35
decision_type=2 2 2 2 2 2 2 2 2 2 2 2 2 2 2 2 2 2 2 2 2 2 2 2 2 2 2 2 2 2
left_child=29 2 3 5 -5 -2 7 8 -3 -8 -11 -10 -6 -7 15 -4 18 -18 19 21 -20 22 -16 24 26 -26 -24 -22 -17 -1
right_child=1 6 14 4 12 13 9 -9 11 10 -12 -13 -14 -15 16 28 17 -19 20 -21 27 -23 23 -25 25 -27 -28 -29 -30 -31
leaf_value=-0.00016597868895104707 -0.00039453937399103217 -0.00040394785231479241 -0.0002400241836359106 -0.00035647175782348687 -0.00023323820545379301 0.00052072441418679963 0.00027325651744128832 0.00048142173909036502 0.00036348525006672799 -0.00047304257923636998 6.4201942425245201e-05 -1.8748908897206345e-05 0.00031076223288027156 0.0001324461136727343 -0.00090121919216344648 0.00017228806814677873 0.00080554258952793951 -4.1266081572735621e-05 -0.00034702888650017143 -0.00096884318367910442 0.00084945887388192015 0.00028863645603794254 0.00057069385362062876 -0.0007823473319074364 -0.00076732693877835771 -6.1887427780479577e-05 -0.00012319788873860568 0.00012984374283945237 0.00073012479752466064 -0.00047199796273640962
leaf_weight=1002 21 17 33 85 20 29 124 80 76 18 761 62 64 519 14.999999999999998 71 15.999999999999998 1114 22 26 15.999999999999998 15.999999999999998 23 18 14.999999999999998 30 15.999999999999998 15.999999999999998 15.999999999999998 44
leaf_count=1002 21 17 33 85 20 29 124 80 76 18 761 62 64 519 15 71 16 1114 22 26 16 16 23 18 15 30 16 16 16 44
internal_value=-1.22469e-05 3.99451e-05 4.72756e-07 8.19499e-05 -8.92087e-05 0.000132786 0.000116288 0.000247273 0.00012642 8.21999e-05 5.17875e-05 0.000191758 0.000181237 0.000152995 -4.06278e-05 0.000133285 -5.61674e-05 -2.92752e-05 -0.000198834 -0.000316896 0.000148791 -0.000189441 -0.000254821 -0.000159755 -2.63344e-05 -0.000297046 0.000286024 0.000489667 0.000274886 -0.000178852
internal_weight=4385 3339 2201 738 169 569 1138 235 155 903 779 138 84 548 1463 120 1343 1130 213 159 54 133 117 102 84 45 39 32 87 1046
internal_count=4385 3339 2201 738 169 569 1138 235 155 903 779 138 84 548 1463 120 1343 1130 213 159 54 133 117 102 84 45 39 32 87 1046
is_linear=0
shrinkage=0.03


Tree=133
num_leaves=31
num_cat=1
split_feature=6 19 8 6 8 9 11 9 16 16 5 7 6 6 20 7 11 16 8 8 7 20 7 7 7 5 11 6 4 6
split_gain=0.0404903 0.00939767 0.0118419 0.0216954 0.0175405 0.0224099 0.0131481 0.00949191 0.00864344 0.0079403 0.0077337 0.00744484 0.00860789 0.00822 0.00706235 0.00713495 0.00691065 0.00726092 0.0119281 0.0111771 0.0143541 0.0138284 0.00997259 0.0107767 0.00985921 0.0143237 0.0153285 0.00851961 0.0109019 0.00742561
threshold=0.18229779119656767 0 0.13187153067892349 0.2824884792626729 0.22119407178140213 0.59117432530999292 1.0000000180025095e-35 0.1203501094091904 24.500000000000004 14.500000000000002 0.49594320486815419 0.017230474755673648 0.10865814623958596 0.10205478614822332 0.35235007425931514 0.044241043594304037 0.6830127018922193 10.500000000000002 0.057563221496375404 0.087591098708121498 0.031283141932301375 0.326218804716498 0.043866641571054833 0.030027715188598088 0.040067457934811222 0.10598377281947263 0.25000000000000017 0.11884280593958016 0.033854166666666671 0.13870967741935489
decision_type=2 1 2 2 2 2 2 2 2 2 2 2 2 2 2 2 2 2 2 2 2 2 2 2 2 2 2 2 2 2
left_child=11 2 -2 9 5 -5 -7 8 -3 -4 -9 -1 13 -13 -11 -16 17 19 -19 20 -14 -22 23 -21 29 26 27 -26 -29 -20
right_child=1 7 3 4 -6 6 -8 10 -10 14 -12 12 16 -15 15 -17 -18 18 24 22 21 -23 -24 -25 25 -27 -28 28 -30 -31
leaf_value=-0.00021368947348783391 7.0389784669548446e-05 -0.00034117763634148007 0.0007138635610750469 -0.0016829386692663458 -5.8529571171887408e-06 -0.00090552889313392203 0.00012454182332988882 7.8627651466710186e-05 0.00044279463940773313 0.0004738456164560948 0.00050450684107351709 -2.4520935540010667e-05 -0.00022027923607591271 0.00041414174516377186 -0.00074463051032668654 4.9375730787002556e-06 0.00031616152140019117 -0.00095793615580020731 -0.00019515611326210658 -0.00016425519445269953 0.001319303984446863 0.00022720719635271037 0.00018913717019374541 -0.0011613132335717292 0.00026904566894010018 9.5747139904369736e-05 -0.00129258715499146 -0.00062653604901373211 0.00015371358645117423 0.0001751859636938469
leaf_weight=680 212 81 14.999999999999998 20 34 27 19 2394 14.999999999999998 18 39 140 32 53 15.999999999999998 40 29 19 118 25 15.999999999999998 30 27 15.999999999999998 15.999999999999998 49 19 83 20 83
leaf_count=680 212 81 15 20 34 27 19 2394 15 18 39 140 32 53 16 40 29 19 118 25 16 30 27 16 16 49 19 83 20 83
internal_value=-1.18795e-05 5.23611e-05 -8.15071e-05 -0.000256201 -0.000559427 -0.000844597 -0.000480071 7.36186e-05 -0.000218679 8.45051e-05 8.54545e-05 -0.000141244 -7.76781e-05 9.59424e-05 -4.30755e-05 -0.000209234 -0.000135253 -0.000158927 -0.000224034 2.25728e-05 0.000267656 0.000607087 -0.000258552 -0.00055337 -0.000188093 -0.000344877 -0.000501331 -0.000374986 -0.000475031 -4.22287e-05
internal_weight=4385 2930 401 189 100 66 46 2529 96 89 2433 1455 775 193 74 56 582 553 407 146 78 46 68 41 388 187 138 119 103 201
internal_count=4385 2930 401 189 100 66 46 2529 96 89 2433 1455 775 193 74 56 582 553 407 146 78 46 68 41 388 187 138 119 103 201
cat_boundaries=0 1
cat_threshold=17
is_linear=0
shrinkage=0.03


Tree=134
num_leaves=31
num_cat=2
split_feature=6 19 8 9 17 16 8 8 6 8 9 7 11 8 17 6 9 6 7 6 9 6 9 9 8 9 6 11 19 8
split_gain=0.0380973 0.00887386 0.0117073 0.0093525 0.00854273 0.00813263 0.00747909 0.0085342 0.0224244 0.0156206 0.0185888 0.0203989 0.00765911 0.00857437 0.00743248 0.00779944 0.0123907 0.00742914 0.00700484 0.00809918 0.00819518 0.010526 0.007019 0.00667946 0.0134947 0.0116301 0.0141017 0.0107526 0.0101004 0.0181684
threshold=0.18229779119656767 0 0.088210155466507345 0.1203501094091904 0.40471732902164365 24.500000000000004 0.095476969969421524 0.13293229993885244 0.27419354838709686 0.22119407178140213 0.59117432530999292 0.10298321911602835 1.0000000180025095e-35 0.15559578809505548 0.34707977897699105 0.22588590497378044 0.68088986141502572 0.47695852534562216 0.017230474755673648 0.10865814623958596 0.41320204230488705 0.10205478614822332 0.61159737417943127 0.37272064186725029 0.057563221496375404 0.27169948942377831 0.12841252184967428 0.25000000000000017 1 0.075223422284331695
decision_type=2 1 2 2 2 2 2 2 2 2 2 2 2 2 2 2 2 2 2 2 2 2 2 2 2 2 2 2 1 2
left_child=18 2 -2 5 -5 -3 -4 14 -9 10 -10 12 13 -12 15 -8 -17 -11 -1 20 -20 22 -22 25 -25 26 -21 28 -26 -30
right_child=1 3 6 4 -6 -7 7 8 9 17 11 -13 -14 -15 -16 16 -18 -19 19 23 21 -23 -24 24 27 -27 -28 -29 29 -31
leaf_value=-0.00020727880364979575 0.00055951390302106101 -0.00033094243595414185 -0.0004466059960900816 7.3112361510126997e-05 0.00029149655701136317 0.0004295116871184138 -0.00010012280203422922 0.00021518173083278779 -0.0013645442756335462 0.00025679447921731359 -0.0014407835846222199 0.00047257231942744125 -0.00018783466991442065 -0.00047315588862595088 -0.00033260718371317326 0.00048728895966509002 -2.345908273027026e-05 -0.00044672198431328991 -0.00039164988826066456 0.00047743515045276403 0.00030799364055024956 0.00056362878056748374 -0.00015905876031683288 -0.00093507289970848209 -0.0002097167318326836 0.00053336766682042524 -0.00062554185988562177 -0.00055639452257296947 0.00083487281825904967 -3.6250270644941774e-05
leaf_weight=680 27 81 46 2046 175 14.999999999999998 100 81 24 35 17 18 17 15.999999999999998 39 86 85 22 27 17 48 45 73 20 252 35 27 50 25 156
leaf_count=680 27 81 46 2046 175 15 100 81 24 35 17 18 17 16 39 86 85 22 27 17 48 45 73 20 252 35 27 50 25 156
internal_value=-1.15231e-05 5.07903e-05 -5.0435e-05 7.74545e-05 9.03197e-05 -0.000212118 -7.94001e-05 -4.81188e-05 -0.000186578 -0.000404984 -0.000646762 -0.000393411 -0.000705168 -0.000971659 5.46092e-05 0.000110335 0.00023341 -1.47413e-05 -0.000137006 -7.53478e-05 9.30642e-05 0.000171905 2.62192e-05 -0.000131196 -0.000171473 0.000125252 -0.00019939 -0.000139852 -9.17513e-05 7.96728e-05
internal_weight=4385 2930 613 2317 2221 96 586 540 230 149 92 68 50 33 310 271 171 57 1455 775 193 166 121 582 503 79 44 483 433 181
internal_count=4385 2930 613 2317 2221 96 586 540 230 149 92 68 50 33 310 271 171 57 1455 775 193 166 121 582 503 79 44 483 433 181
cat_boundaries=0 1 2
cat_threshold=273 785
is_linear=0
shrinkage=0.03


Tree=135
num_leaves=31
num_cat=1
split_feature=0 19 17 16 10 18 16 7 11 8 12 8 10 1 1 2 16 16 17 7 6 17 7 5 18 17 16 11 6 11
split_gain=0.0346363 0.0109456 0.0107366 0.0159902 0.0100641 0.00704735 0.00772444 0.00677866 0.0114875 0.00534473 0.00518857 0.00774024 0.00901268 0.0101884 0.00845605 0.00714407 0.00908132 0.00863164 0.00815027 0.00702754 0.00575353 0.00555686 0.0050914 0.0059637 0.0050361 0.0048585 0.00937993 0.0114442 0.00503993 0.00575744
threshold=0.26145367489924248 0 0.40471732902164365 29.500000000000004 -0.5 0.47794117647058826 2.5000000000000004 0.12201822244818451 -0.5 0.18579397213266124 1.0000000180025095e-35 0.20833669660143139 0.68301270189221941 0.075520833333333343 0.065104166666666671 0.049479166666666671 2.5000000000000004 4.5000000000000009 0.21947068334609829 0.087670594114355446 0.10865814623958596 0.28393328227384912 0.037074078764428503 0.16734279918864101 0.50147058823529422 0.33712024508552468 22.500000000000004 1.0000000180025095e-35 0.7009216589861752 -0.24999999999999994
decision_type=2 1 2 2 2 2 2 2 2 2 2 2 2 2 2 2 2 2 2 2 2 2 2 2 2 2 2 2 2 2
left_child=-1 25 5 -4 -5 7 24 10 -9 -10 15 14 13 -13 20 18 -17 -18 -3 -16 -12 -22 -19 -24 -7 28 27 -27 29 -2
right_child=1 2 3 4 -6 6 -8 8 9 -11 11 12 -14 -15 19 16 17 22 -20 -21 21 -23 23 -25 -26 26 -28 -29 -30 -31
leaf_value=-0.00018078675087777803 0.00020173288806393073 0.00059133909857934854 -0.00018366476793693509 0.0011341539886192563 0.00034096517730334457 -0.00010892148500901937 7.5863889821215776e-05 -0.00072736093635844372 -0.00054848178906327693 6.650301049796671e-05 0.00035924939318021816 -0.00014061066771264133 0.00025703815301609384 -0.00083130969601156481 7.6115402974652574e-05 0.00074710025508860562 -0.00034965636813018546 -0.00021287974990114017 -0.00010129892640710373 0.00066872167760146468 3.8964833230467853e-05 -0.00019192278060237175 0.00024657846728675813 2.0004318715552102e-05 -0.00070899477709636741 -0.00095634127276585275 0.00021318902319791957 8.8409212656531463e-05 7.4217697430480046e-06 0.00053047102482742042
leaf_weight=767 110 15.999999999999998 50 17 94 59 1348 33 15.999999999999998 62 24 40 19 37 83 19 39 39 344 23 138 293 234 189 15.999999999999998 15.999999999999998 94 23 50 85
leaf_count=767 110 16 50 17 94 59 1348 33 16 62 24 40 19 37 83 19 39 39 344 23 138 293 234 189 16 16 94 23 50 85
internal_value=2.29904e-06 4.11985e-05 2.29189e-05 0.000261796 0.000462454 1.04701e-05 5.9377e-05 -3.17596e-05 -0.000258166 -5.96531e-05 -1.54088e-05 -7.92008e-05 -0.00032812 -0.000472511 -3.66044e-05 3.22178e-05 0.000103339 7.89239e-05 -7.05135e-05 0.000204705 -9.28219e-05 -0.000117996 0.000115103 0.000145343 -0.000236945 0.000191813 5.09099e-05 -0.00034022 0.000276131 0.000345031
internal_weight=4377 3610 3232 161 111 3071 1423 1648 111 78 1537 657 96 77 561 880 520 501 360 106 455 431 462 423 75 378 133 39 245 195
internal_count=4377 3610 3232 161 111 3071 1423 1648 111 78 1537 657 96 77 561 880 520 501 360 106 455 431 462 423 75 378 133 39 245 195
cat_boundaries=0 1
cat_threshold=2
is_linear=0
shrinkage=0.03


Tree=136
num_leaves=31
num_cat=3
split_feature=4 9 19 4 17 19 7 16 9 6 3 16 16 17 11 11 4 18 17 5 18 7 17 11 6 9 19 3 20 6
split_gain=0.037835 0.0116195 0.0140931 0.00978168 0.00868912 0.00685265 0.0122795 0.00822385 0.00786145 0.00747585 0.00891239 0.00729399 0.00673703 0.00758257 0.0116542 0.00737117 0.00960967 0.0106544 0.00907219 0.00717162 0.00664306 0.00951876 0.00992751 0.00852592 0.0086056 0.00875834 0.00726599 0.00677716 0.00748974 0.00655481
threshold=0.0078125000000000017 0.17396061269146609 0 0.096354166666666671 0.40471732902164365 1 0.05326294979346325 18.500000000000004 0.1203501094091904 0.13122517082472593 0.070312500000000014 20.500000000000004 4.5000000000000009 0.31661135222534265 -0.24999999999999994 -0.5 0.039062500000000007 0.4661764705882353 0.27125351033954564 0.11054766734279921 0.48676470588235299 0.076340200555275337 0.24891498595864187 -0.9330127018922193 0.27050691244239639 0.66411378555798695 2 0.049479166666666671 0.44836881218107716 0.48894009216589868
decision_type=2 2 1 2 2 1 2 2 2 2 2 2 2 2 2 2 2 2 2 2 2 2 2 2 2 2 1 2 2 2
left_child=-1 3 12 5 20 6 -2 9 11 -7 -11 -8 13 -3 -15 16 18 19 -14 -18 21 22 29 24 25 -24 27 28 -23 -4
right_child=1 2 4 -5 -6 7 8 -9 -10 10 -12 -13 15 14 -16 -17 17 -19 -20 -21 -22 26 23 -25 -26 -27 -28 -29 -30 -31
leaf_value=-0.0001928340822910565 0.00049354389244973612 -0.00036858680019584249 0.0006258401874527262 -0.00072975558495663804 0.00033230227225298771 0.00021987737604821632 -3.5502250588092038e-05 7.466913431353329e-05 0.00011206916734589746 -0.00066252529702444428 0.00012667757235568708 -0.00086676333516029968 0.0005999290215749659 0.00069769697528110819 -0.00027407770394528245 6.6362160263571117e-05 -0.0010968223673188391 -0.0001143049015185271 -2.2166271513984236e-05 -0.00035626530587127116 0.00018009869420048319 0.00016654535077458127 -0.0008972711869958544 0.00011188624387989125 0.0002500801697570357 -0.00013736202506679605 -0.00018348832629665901 0.00012258839949401857 -0.00073018579352765684 0.00015393267005895983
leaf_weight=743 43 94 52 23 146 14.999999999999998 19 51 54 66 15.999999999999998 19 23 18 29 727 18 150 255 34 541 14.999999999999998 21 656 26 39 205 206 19 54
leaf_count=743 43 94 52 23 146 15 19 51 54 66 16 19 23 18 29 727 18 150 255 34 541 15 21 656 26 39 205 206 19 54
internal_value=2.23007e-06 4.21125e-05 5.83789e-05 -0.000134797 0.000109012 -8.64414e-05 6.9867e-05 -0.000218947 -0.000120565 -0.000395893 -0.000508535 -0.000451145 -1.66775e-05 -0.000213026 9.80982e-05 6.1216e-06 -8.51177e-05 -0.000242589 2.9304e-05 -0.000612628 9.18302e-05 5.48979e-05 0.000113863 7.50659e-05 -0.000205794 -0.000403341 -5.74667e-05 5.55095e-05 -0.000334576 0.000385438
internal_weight=4377 3634 3328 306 1980 283 135 148 92 97 82 38 1348 141 47 1207 480 202 278 52 1834 1293 848 742 86 60 445 240 34 106
internal_count=4377 3634 3328 306 1980 283 135 148 92 97 82 38 1348 141 47 1207 480 202 278 52 1834 1293 848 742 86 60 445 240 34 106
cat_boundaries=0 1 2 3
cat_threshold=401 292 70
is_linear=0
shrinkage=0.03


Tree=137
num_leaves=31
num_cat=0
split_feature=4 9 8 16 8 4 7 3 11 16 18 11 9 11 5 7 6 8 8 6 4 8 5 9 9 9 1 20 4 7
split_gain=0.0355942 0.0109308 0.012878 0.0101105 0.0122881 0.00827879 0.0078189 0.011154 0.00889451 0.015492 0.0126417 0.0119882 0.00788527 0.0152751 0.0103738 0.00782292 0.00756929 0.0136651 0.0108691 0.0120579 0.0106372 0.00710994 0.00644147 0.00766417 0.00643092 0.00669884 0.0118657 0.00631398 0.00622878 0.0123225
threshold=0.0078125000000000017 0.17396061269146609 0.0708910785345329 28.500000000000004 0.092976158837091025 0.096354166666666671 0.052639969885266709 0.0078125000000000017 -0.5 8.5000000000000018 0.44264705882352945 -0.24999999999999994 0.22137126185266232 0.93301270189221952 0.12457741717376607 0.077908510372592374 0.7009216589861752 0.22614163575611029 0.20833669660143139 0.48894009216589868 0.075520833333333343 0.12257353191986238 0.2281947261663286 0.92924872355944577 0.5948212983223925 0.59992706053975209 0.12760416666666669 0.47407937031367969 0.033854166666666671 0.094404316164656679
decision_type=2 2 2 2 2 2 2 2 2 2 2 2 2 2 2 2 2 2 2 2 2 2 2 2 2 2 2 2 2 2
left_child=-1 2 -2 4 -4 -6 -3 -8 10 11 15 -10 -13 27 -15 -9 17 18 19 28 -19 -5 -22 -24 -11 26 -26 -14 -12 -30
right_child=1 6 3 21 5 -7 7 8 9 24 16 12 13 14 -16 -17 -18 20 -20 -21 22 -23 23 -25 25 -27 -28 -29 29 -31
leaf_value=-0.00018704906662554067 0.00067165647980750316 -4.4644477676224364e-06 -0.00093979895285899097 0.00064874463318865963 -0.00012397930318528189 -0.00073565292050178531 -0.00065237043542263533 0.00012033202150749873 0.0001875497808971092 0.00015792109429454867 0.00015323504576526139 0.00019819588053855054 0.00015617771003049611 -0.00022938022539887304 -0.0012262789999650324 -0.00062717547564308991 -0.00050978112130687378 0.00099806836467486058 -0.00064560212258415962 0.00047353681362878684 -5.6298482467580409e-06 -0.00020640150581459642 0.00079618776549373726 -2.6883335332298015e-05 0.0010907685340365283 0.00026730862506545194 4.4536393800010364e-05 -0.00025572286622578994 -8.377279185742507e-06 -0.00052705122862345768
leaf_weight=743 17 1204 21 21 210 22 18 18 151 698 145 45 53 17 21 42 21 20 22 51 48 14.999999999999998 28 15.999999999999998 25 238 15.999999999999998 91 292 48
leaf_count=743 17 1204 21 21 210 22 18 18 151 698 145 45 53 17 21 42 21 20 22 51 48 15 28 16 25 238 16 91 292 48
internal_value=2.15058e-06 4.0834e-05 -0.000130754 -0.000177956 -0.000244891 -0.000181986 5.6611e-05 9.12319e-05 9.75878e-05 0.000143487 1.47739e-05 -1.95952e-05 -0.000157388 -0.000245308 -0.000780316 -0.000402925 5.10435e-05 6.86224e-05 7.92299e-06 3.47479e-05 0.000371033 0.000292438 0.000234711 0.000496895 0.000206583 0.000328324 0.000682494 -0.000104121 -1.13936e-05 -8.16032e-05
internal_weight=4377 3634 306 289 253 232 3328 2124 2106 1355 751 378 227 182 38 60 691 670 558 536 112 36 92 44 977 279 41 144 485 340
internal_count=4377 3634 306 289 253 232 3328 2124 2106 1355 751 378 227 182 38 60 691 670 558 536 112 36 92 44 977 279 41 144 485 340
is_linear=0
shrinkage=0.03


Tree=138
num_leaves=31
num_cat=3
split_feature=4 19 6 16 11 17 6 7 7 17 11 17 16 10 9 6 16 10 19 17 6 19 16 2 7 17 16 6 0 0
split_gain=0.0334906 0.0107388 0.00900043 0.00820567 0.015432 0.0181225 0.00966387 0.0107212 0.008925 0.00828894 0.00973825 0.00771785 0.0125455 0.00808998 0.00651102 0.00739781 0.00767291 0.00675463 0.00758085 0.00767895 0.00916036 0.00727735 0.0122918 0.0102269 0.00977588 0.0092067 0.0089524 0.00837468 0.00757383 0.00882613
threshold=0.0078125000000000017 0 0.7009216589861752 24.500000000000004 0.6830127018922193 0.36886222449153272 0.61244239631336417 0.057339111088546425 0.033308946083840184 0.26019062207471716 1.0000000180025095e-35 0.40471732902164365 29.500000000000004 1.0000000180025095e-35 0.17396061269146609 0.11884280593958016 17.500000000000004 -0.24999999999999994 1 0.31856863245681227 0.27788018433179729 2 12.500000000000002 0.070312500000000014 0.036925484664404866 0.31661135222534265 7.5000000000000009 0.12324805339265853 0.41236253695532932 0.4652230214593141
decision_type=2 1 2 2 2 2 2 2 2 2 2 2 2 2 2 2 2 2 1 2 2 1 2 2 2 2 2 2 2 2
left_child=-1 3 11 6 8 -6 7 -2 -5 -9 -11 14 -13 -14 15 -3 -17 18 19 -16 -21 22 25 27 26 -19 -23 -24 -28 -30
right_child=1 2 -4 4 5 -7 -8 9 -10 10 -12 12 13 -15 17 16 -18 21 -20 20 -22 24 23 -25 -26 -27 28 -29 29 -31
leaf_value=-0.00018143760279437451 0.00024743744690471347 0.00040795999329764986 -0.00047198420676914765 0.00070294414300485974 0.0012244509009463518 0.00026032901884422155 0.00028559623386385335 0.00013622634756810245 0.00010299935814005317 -0.00059316914845666889 -4.6845149012269859e-05 -0.00017554718153668471 0.0010861128082762105 0.00032554971392935526 0.00037780626432674843 -0.00033996375983669328 3.1177869924998068e-05 -1.6571010652362924e-05 1.7863639930182211e-05 -0.00016695342866209165 0.0003462065171397105 -0.00046594929770510163 -5.2074553550543453e-05 0.00029432379147398946 5.1462593868739107e-05 0.00083489259594127468 3.4433185842058655e-05 -0.00055426452769679355 -0.00060946081481857365 0.00022727411757074594
leaf_weight=743 66 20 34 24 28 47 94 46 318 63 55 39 15.999999999999998 59 147 129 82 48 405 71 56 60 43 22 1307 14.999999999999998 187 98 39 15.999999999999998
leaf_count=743 66 20 34 24 28 47 94 46 318 63 55 39 16 59 147 129 82 48 405 71 56 60 43 22 1307 15 187 98 39 16
internal_value=2.08605e-06 3.9609e-05 1.31915e-05 0.000140671 0.000230567 0.000620279 2.93123e-05 -7.54306e-05 0.000145103 -0.000205366 -0.000338529 1.90076e-05 0.000260876 0.000487815 8.96274e-06 -0.00014346 -0.000195729 2.29682e-05 0.000103807 0.000222084 5.93228e-05 -6.94452e-06 -0.000162514 -0.000307252 1.58186e-05 0.000186168 -0.000137918 -0.000401116 -5.65862e-05 -0.000366047
internal_weight=4377 3634 2893 741 417 75 324 230 342 164 118 2859 114 75 2745 231 211 2514 679 274 127 1835 226 163 1609 63 302 141 242 55
internal_count=4377 3634 2893 741 417 75 324 230 342 164 118 2859 114 75 2745 231 211 2514 679 274 127 1835 226 163 1609 63 302 141 242 55
cat_boundaries=0 1 2 3
cat_threshold=6 536 16
is_linear=0
shrinkage=0.03


Tree=139
num_leaves=31
num_cat=2
split_feature=4 19 9 16 17 20 4 7 7 7 13 4 9 2 5 5 19 17 3 7 7 9 11 3 3 3 11 7 10 7
split_gain=0.0315117 0.0101358 0.0112617 0.00928231 0.00823821 0.00750218 0.00730746 0.0066606 0.00874226 0.00663465 0.00837732 0.00798768 0.00627246 0.00614634 0.00682864 0.00614538 0.00591901 0.0104535 0.00777884 0.00742139 0.00792011 0.00903285 0.00667809 0.00718416 0.00733568 0.00718173 0.00635283 0.00682282 0.00634819 0.00584824
threshold=0.0078125000000000017 0 0.17396061269146609 28.500000000000004 0.40471732902164365 0.50927314443444693 0.096354166666666671 0.10298321911602835 0.086724821097632201 0.064385198188347884 1.0000000180025095e-35 0.091145833333333343 0.53610503282275734 0.018229166666666668 0.052400270453008796 0.096179851250845175 1 0.33967321930048516 0.18489583333333334 0.16947311116436589 0.060420512343985253 0.94493070751276453 -0.24999999999999994 0.018229166666666668 0.028645833333333336 0.018229166666666668 0.6830127018922193 0.070965636238045124 -0.24999999999999994 0.11992761639997179
decision_type=2 1 2 2 2 2 2 2 2 2 2 2 2 2 2 2 1 2 2 2 2 2 2 2 2 2 2 2 2 2
left_child=-1 5 3 6 16 7 -3 8 9 10 11 13 -6 14 -2 -11 17 19 28 20 22 -22 25 -24 -25 -4 -19 -28 -18 -9
right_child=1 2 4 -5 12 -7 -8 29 -10 15 -12 -13 -14 -15 -16 -17 18 26 -20 -21 21 -23 23 24 -26 -27 27 -29 -30 -31
leaf_value=-0.00017599448159476015 -0.00023850242285708615 -0.00013245373548562264 0.00046289095981539706 0.0003805240233779166 8.0990407668196369e-05 -0.00056658537750344082 -0.00070921731789780383 0.00072301186838911059 -0.00060104964211821861 -0.00041923877011973908 4.7674705654801429e-05 -0.00079001204965421497 0.00045695262476803944 -0.00019494740795333615 0.00024535740137960108 0.00022256309830713048 0.00014590445539943827 -0.00010398453155130235 -0.00050182584660458127 -0.00034196479587207527 0.00027020066926683944 0.00088455332339259889 -0.00015221240346203631 0.0010116846736429391 0.00027673176941268044 -0.0001238637242647294 -0.00011802184005811259 0.00057386632770179671 2.0626584571074402e-07 5.0362554248628509e-05
leaf_weight=743 42 195 22 29 70 24 22 19 25 14.999999999999998 328 17 93 314 70 128 382 202 24 22 339 23 27 14.999999999999998 66 128 23 29 911 30
leaf_count=743 42 195 22 29 70 24 22 19 25 15 328 17 93 314 70 128 382 202 24 22 339 23 27 15 66 128 23 29 911 30
internal_value=2.02472e-06 3.84222e-05 6.9397e-05 -0.000123563 8.96673e-05 -4.21004e-05 -0.00019093 -2.97855e-05 -4.75792e-05 -3.24399e-05 -6.72495e-05 -0.00015234 0.000295498 -0.000126891 6.39095e-05 0.000155239 7.45065e-05 0.000133558 3.30665e-05 0.000199502 0.000218716 0.000309236 9.17064e-05 0.000271581 0.000412845 -3.78039e-05 -2.78617e-05 0.000267842 4.3251e-05 0.000311195
internal_weight=4377 3634 2622 246 2376 1012 217 988 939 914 771 443 163 426 112 143 2213 896 1317 642 620 362 258 108 81 150 254 52 1293 49
internal_count=4377 3634 2622 246 2376 1012 217 988 939 914 771 443 163 426 112 143 2213 896 1317 642 620 362 258 108 81 150 254 52 1293 49
cat_boundaries=0 1 2
cat_threshold=273 70
is_linear=0
shrinkage=0.03


Tree=140
num_leaves=31
num_cat=1
split_feature=4 9 19 0 8 8 16 8 8 11 8 9 10 17 8 6 5 5 7 17 16 9 5 7 9 2 8 0 2 4
split_gain=0.0288831 0.0114431 0.00902885 0.014404 0.0128057 0.00868239 0.0090216 0.00943544 0.00774002 0.00608752 0.01261 0.0142684 0.0135184 0.00972203 0.00967307 0.0116211 0.0128184 0.0105765 0.010112 0.00998114 0.00962985 0.010752 0.00957007 0.0075784 0.00744391 0.00702722 0.00611538 0.00736952 0.00704682 0.00592363
threshold=0.0078125000000000017 0.17396061269146609 0 0.51155345578130385 0.057563221496375404 0.0708910785345329 28.500000000000004 0.094246451924224248 0.12421201642130983 0.6830127018922193 0.20477481889322038 0.47191830780452232 0.25000000000000011 0.42051740277423205 0.092976158837091025 0.23103448275862074 0.09279918864097364 0.09279918864097364 0.036173359327714573 0.28103991149689395 8.5000000000000018 0.27425237053245816 0.20588235294117649 0.086724821097632201 0.70240700218818397 0.075520833333333343 0.12421201642130983 0.51352851336407135 0.070312500000000014 0.096354166666666671
decision_type=2 2 1 2 2 2 2 2 2 2 2 2 2 2 2 2 2 2 2 2 2 2 2 2 2 2 2 2 2 2
left_child=-1 5 3 -3 -4 -2 7 -7 -8 13 11 26 25 14 15 16 -6 19 -18 -16 21 -12 -22 -24 -20 -13 28 -28 -11 -9
right_child=1 2 4 -5 9 6 8 29 -10 10 20 12 -14 -15 17 -17 18 -19 24 -21 22 -23 23 -25 -26 -27 27 -29 -30 -31
leaf_value=-0.0001744394422085143 0.00048766326728012479 -1.4308733406037633e-05 -0.000384752097119304 -0.00074404075231218635 0.00032433441828602356 -0.00091861676539262182 0.0006438735051121653 -0.00015706109361185083 -0.00025760387349544733 0.00025204490930195794 6.2699659568511275e-05 -2.949946259713917e-05 0.0013870134628673301 0.0004930776061186857 -1.0397651627748584e-05 0.00089195372143016226 -0.0008754390027702081 4.4125715487553097e-05 0.00036906766314252082 -0.00066119383195927016 0.00074146027690464244 -0.00078920444076101867 -0.0003313417919709526 0.00016116565288278422 -0.00040741764239122987 0.00080010017026140349 0.00019836557984742481 -0.00042848682993489295 0.0010199614375050914 -0.00071099493239023181
leaf_weight=759 18 927 53 25 138 18 20 203 14.999999999999998 38 30 17 20 46 48 22 14.999999999999998 1501 25 38 21 24 35 143 20 20 86 21 14.999999999999998 19
leaf_count=759 18 927 53 25 138 18 20 203 15 38 30 17 20 46 48 22 15 1501 25 38 21 24 35 143 20 20 86 21 15 19
internal_value=-6.17223e-06 2.90984e-05 4.49226e-05 -3.31247e-05 7.60135e-05 -0.000150638 -0.000192419 -0.000258037 0.00025753 8.68534e-05 0.000183282 0.000351069 0.000758635 6.23949e-05 5.1431e-05 0.000237854 0.000165172 2.55876e-05 -0.000200899 -0.000297963 3.93687e-05 -0.000315932 0.000135783 6.4323e-05 2.39617e-05 0.000418942 0.00020587 7.53356e-05 0.000469395 -0.000204473
internal_weight=4380 3621 3328 952 2376 293 275 240 35 2323 470 217 57 1853 1807 220 198 1587 60 86 253 54 199 178 45 37 160 107 53 222
internal_count=4380 3621 3328 952 2376 293 275 240 35 2323 470 217 57 1853 1807 220 198 1587 60 86 253 54 199 178 45 37 160 107 53 222
cat_boundaries=0 1
cat_threshold=273
is_linear=0
shrinkage=0.03


Tree=141
num_leaves=31
num_cat=1
split_feature=4 9 8 6 19 6 6 9 16 17 9 8 20 6 5 8 16 8 16 9 16 17 8 10 5 3 17 9 16 8
split_gain=0.0271762 0.0107668 0.00854425 0.0127865 0.0109713 0.0139937 0.0138164 0.0124695 0.0125232 0.0114306 0.0107942 0.0116138 0.00895831 0.0136193 0.00822421 0.00816929 0.00848844 0.00887784 0.00806497 0.00900835 0.0106038 0.00883815 0.00807817 0.0107364 0.00930691 0.00857968 0.00742556 0.00730033 0.00780087 0.00728261
threshold=0.0078125000000000017 0.17396061269146609 0.14189758641386938 0.2600985221674878 0 0.58571428571428585 0.30921658986175121 0.58242159008023353 9.5000000000000018 0.23500127648710753 0.51239970824215908 0.15093115396300516 0.46376833820953017 0.41705069124423971 0.23427991886409741 0.0708910785345329 28.500000000000004 0.094246451924224248 7.5000000000000009 0.30598103574033558 11.500000000000002 0.36782929699306594 0.11870210046869774 -0.6830127018922193 0.10040567951318459 0.033854166666666671 0.3085914918466221 0.60357403355215189 29.500000000000004 0.12421201642130983
decision_type=2 2 2 2 1 2 2 2 2 2 2 2 2 2 2 2 2 2 2 2 2 2 2 2 2 2 2 2 2 2
left_child=-1 15 18 10 5 6 -5 8 9 -8 -4 -12 13 27 -10 -2 17 -17 22 -20 -21 -22 23 -3 25 -25 -24 28 -6 -18
right_child=1 2 3 4 12 -7 7 -9 14 -11 11 -13 -14 -15 -16 16 29 -19 19 20 21 -23 26 24 -26 -27 -28 -29 -30 -31
leaf_value=-0.00016920626386524005 0.00047303418252017172 0.0005714620352346763 -7.0868221404734485e-05 -0.00027471879714567013 0.00037835586437862546 -0.00081102249016697862 -7.2044439901631659e-05 0.00032348419455407101 0.00046664889417403067 -0.0011428265862110348 0.001051153344688387 0.00032381901844376831 8.4581201228308466e-05 -0.00014812950514489674 -0.00034446665038520623 -0.00089105976877985405 0.00062455825924060901 -0.00019833876576142489 0.00029632684441193905 0.0002587891881571351 -8.6812552791277151e-06 -0.00049918597333030446 -6.3581243269064154e-05 -0.00016424817902957979 0.00015154066208142682 -0.00081135331181384396 -0.00068154976354565437 0.00015919859624164039 0.0010411125809170385 -0.0002498762718492554
leaf_weight=759 18 22 34 127 31 22 19 118 30 17 29 62 977 36 18 18 20 222 103 134 1196 34 30 93 67 23 42 31 33 14.999999999999998
leaf_count=759 18 22 34 127 31 22 19 118 30 17 29 62 977 36 18 18 20 222 103 134 1196 34 30 93 67 23 42 31 33 15
internal_value=-5.98706e-06 2.82255e-05 4.35749e-05 9.40134e-05 6.90646e-05 -7.63442e-05 -2.95349e-05 0.000124616 -0.000154747 -0.000577709 0.000385213 0.000555616 0.000114781 0.000348773 0.00016248 -0.000146119 -0.000186647 -0.000250296 -2.23623e-06 2.57971e-05 5.36832e-06 -2.22403e-05 -0.000150701 -5.46879e-05 -0.000129965 -0.000292559 -0.000424067 0.000537073 0.000720101 0.000249804
internal_weight=4380 3621 3328 1584 1459 351 329 202 84 36 125 91 1108 131 48 293 275 240 1744 1467 1364 1230 277 205 183 116 72 95 64 35
internal_count=4380 3621 3328 1584 1459 351 329 202 84 36 125 91 1108 131 48 293 275 240 1744 1467 1364 1230 277 205 183 116 72 95 64 35
cat_boundaries=0 1
cat_threshold=593
is_linear=0
shrinkage=0.03


Tree=142
num_leaves=31
num_cat=1
split_feature=4 9 19 0 8 12 7 7 8 16 8 7 0 10 8 11 8 9 16 0 9 7 8 5 7 6 6 9 4 16
split_gain=0.02557 0.0101305 0.00828672 0.0136192 0.0119955 0.00829769 0.00774541 0.0137214 0.0076865 0.00798679 0.0083532 0.00728542 0.00829707 0.00717174 0.00685223 0.00673301 0.0120327 0.012118 0.00830087 0.00896573 0.00863861 0.00657771 0.00654093 0.00616124 0.00580671 0.0056355 0.00791105 0.0064306 0.00557357 0.00553162
threshold=0.0078125000000000017 0.17396061269146609 0 0.51155345578130385 0.057563221496375404 -0.60785761079279388 0.033653789512837727 0.036925484664404866 0.0708910785345329 28.500000000000004 0.094246451924224248 0.10220618182554275 0.60478778918727494 0.68301270189221941 0.12421201642130983 0.6830127018922193 0.20249421316166533 0.47191830780452232 9.5000000000000018 0.53546325041373666 0.27425237053245816 0.10811401452739054 0.13293229993885244 0.089587559161595678 0.089132082478676544 0.32488479262672815 0.34976958525345631 0.73668854850474119 0.096354166666666671 29.500000000000004
decision_type=2 2 1 2 2 2 2 2 2 2 2 2 2 2 2 2 2 2 2 2 2 2 2 2 2 2 2 2 2 2
left_child=-1 8 3 -3 -4 11 -7 13 -2 10 -10 25 -13 -8 -11 -9 17 22 20 -20 -18 -21 -17 -15 -19 -6 -27 -28 -12 -23
right_child=1 2 4 -5 5 6 7 15 9 14 28 12 -14 23 -16 16 18 24 19 21 -22 29 -24 -25 -26 26 27 -29 -30 -31
leaf_value=-0.00016413007880786192 0.0004588439481804845 -1.4199022097279939e-05 -0.00037390369469371876 -0.0007237722741603173 0.00013561884447058667 0.00029388546755230159 4.0954866727074131e-06 1.269857987286144e-05 -0.00086432947205721791 0.00060582244684225439 -0.00014639914976919175 -0.00017783338450542798 0.00028979373619869933 -0.00032339556742792049 -0.00024238048235816079 0.0005004479572824985 6.8984610508555228e-06 0.0012882726172488274 0.00065075835409606148 -0.00026683961678407959 -0.00089349517159566423 -6.6713406789088332e-05 2.2930233217700203e-05 -0.0011832647915994371 0.00052954724242659779 0.00087756050609143264 0.00022240758998200245 0.00076463551530898532 -0.0006837163508853863 0.00047100990536439521
leaf_weight=759 18 927 53 25 276 107 18 1186 18 20 203 96 53 15.000000000000002 14.999999999999998 42 22 14.999999999999998 23 48 17 36 67 14.999999999999998 23 22 187 22 19 33
leaf_count=759 18 927 53 25 276 107 18 1186 18 20 203 96 53 15 15 42 22 15 23 48 17 36 67 15 23 22 187 22 19 33
internal_value=-5.80745e-06 2.73787e-05 4.22676e-05 -3.24922e-05 7.20554e-05 8.25405e-05 4.69724e-05 3.00365e-05 -0.000141735 -0.000181047 -0.000242788 0.000172924 -1.14954e-05 -0.000469317 0.00024231 4.58893e-05 0.000166638 0.00036776 1.46946e-06 0.000109296 -0.000385594 2.85023e-06 0.000206931 -0.000753355 0.00082907 0.000227122 0.00033645 0.000279488 -0.000192389 0.000190462
internal_weight=4380 3621 3328 952 2376 2323 1667 1560 293 275 240 656 149 48 35 1512 326 147 179 140 39 117 109 30 38 507 231 209 222 69
internal_count=4380 3621 3328 952 2376 2323 1667 1560 293 275 240 656 149 48 35 1512 326 147 179 140 39 117 109 30 38 507 231 209 222 69
cat_boundaries=0 1
cat_threshold=273
is_linear=0
shrinkage=0.03


Tree=143
num_leaves=31
num_cat=2
split_feature=4 9 19 20 14 11 16 10 20 2 7 9 17 17 7 16 7 7 20 5 17 7 7 7 18 20 19 10 17 5
split_gain=0.0240589 0.00953177 0.00779699 0.0128143 0.00790631 0.00680879 0.0125928 0.0115021 0.0138965 0.0128467 0.00935295 0.00782688 0.00715641 0.00635227 0.00620096 0.00856289 0.00612274 0.00602932 0.00780672 0.00772624 0.00549124 0.0127486 0.0135886 0.00613795 0.00545169 0.00623851 0.00508576 0.00847588 0.00772788 0.00749398
threshold=0.0078125000000000017 0.17396061269146609 0 0.51155345578130385 1.0000000180025095e-35 0.6830127018922193 29.500000000000004 0.25000000000000011 0.45871292428797134 0.075520833333333343 0.10811401452739054 0.41320204230488705 0.42051740277423205 0.40894391966641147 0.05222052120960112 28.500000000000004 0.084671772017281502 0.10220618182554275 0.60478778918727494 0.12677484787018259 0.36886222449153272 0.12201822244818451 0.10298321911602835 0.087670594114355446 0.47794117647058826 0.55882118566514938 1 1.0000000180025095e-35 0.24891498595864187 0.09279918864097364
decision_type=2 2 1 2 2 2 2 2 2 2 2 2 2 2 2 2 2 2 2 2 2 2 2 2 2 2 1 2 2 2
left_child=-1 14 3 20 5 13 -7 9 11 -8 -10 -9 -12 26 -2 16 -16 19 24 -6 21 22 23 -3 -19 -26 28 29 -4 -28
right_child=1 2 4 -5 17 6 7 8 10 -11 12 -13 -14 -15 15 -17 -18 18 -20 -21 -22 -23 -24 -25 25 -27 27 -29 -30 -31
leaf_value=-0.00015920618166180944 4.8567278393776284e-05 -1.3511663018913711e-05 0.00042652753551948553 -0.00070205995659759811 3.3688062386377694e-05 -2.7453551508700297e-05 0.00014373758295283811 0.0002686550402297996 -0.00019826615935773461 0.0011619461931348671 0.00087906180223665763 0.0012377980891256307 7.0845835265994211e-06 0.00037322364400637779 -0.00042029705303740707 0.00036414198432909573 -2.033552140759327e-05 -0.00038485522392975649 0.00028110008850119525 0.00028253009084094855 0.00046580646870536557 -0.00079377503657784008 0.00074560713706034335 -0.00051022410555138348 0.00035658028273694259 -0.00036442673188355815 0.00059617970141866118 -0.00011816609261225434 2.8663485185354126e-05 4.0519113808332417e-05
leaf_weight=759 104 843 48 25 163 172 19 15.000000000000002 64 27 15.999999999999998 14.999999999999998 18 41 122 19 48 51 53 361 21 19 21 23 27 18 25 551 519 173
leaf_count=759 104 843 48 25 163 172 19 15 64 27 16 15 18 41 122 19 48 51 53 361 21 19 21 23 27 18 25 551 519 173
internal_value=-5.63322e-06 2.65573e-05 4.09996e-05 -3.15175e-05 6.98938e-05 3.57858e-05 0.000154581 0.000334523 0.000188299 0.000741394 1.53485e-05 0.000753252 0.000417441 5.49592e-06 -0.000137483 -0.00023986 -0.000307368 0.000157241 -1.11505e-05 0.000205123 -1.37731e-05 -2.48896e-05 -8.41883e-06 -2.67044e-05 -0.000172498 6.81758e-05 -5.96092e-06 -5.69099e-05 6.12653e-05 0.000110681
internal_weight=4380 3621 3328 952 2376 1703 346 174 128 46 98 30 34 1357 293 189 170 673 149 524 927 906 887 866 96 45 1316 749 567 198
internal_count=4380 3621 3328 952 2376 1703 346 174 128 46 98 30 34 1357 293 189 170 673 149 524 927 906 887 866 96 45 1316 749 567 198
cat_boundaries=0 1 2
cat_threshold=273 98
is_linear=0
shrinkage=0.03


end of trees

feature_importances:
rolling_mean_30=507
seasonality_index=406
units_sold=367
month_cos=365
rolling_std_30=335
rolling_std_7=323
lag_1=309
days_to_holiday=306
month_sin=263
rolling_mean_7=234
category=210
trend_strength=184
lag_30=129
acceleration=114
anchor=107
dow_sin=47
lag_14=44
dow_cos=41
lag_7=25
is_weekend=2
is_holiday=2

parameters:
[boosting: gbdt]
[objective: regression]
[metric: l1]
[tree_learner: serial]
[device_type: cpu]
[data_sample_strategy: bagging]
[data: ]
[valid: ]
[num_iterations: 1000]
[learning_rate: 0.03]
[num_leaves: 31]
[num_threads: 0]
[seed: 42]
[deterministic: 0]
[force_col_wise: 0]
[force_row_wise: 0]
[histogram_pool_size: -1]
[max_depth: -1]
[min_data_in_leaf: 15]
[min_sum_hessian_in_leaf: 0.001]
[bagging_fraction: 0.8]
[pos_bagging_fraction: 1]
[neg_bagging_fraction: 1]
[bagging_freq: 5]
[bagging_seed: 400]
[bagging_by_query: 0]
[feature_fraction: 0.8]
[feature_fraction_bynode: 1]
[feature_fraction_seed: 30056]
[extra_trees: 0]
[extra_seed: 12879]
[early_stopping_round: 0]
[early_stopping_min_delta: 0]
[first_metric_only: 0]
[max_delta_step: 0]
[lambda_l1: 0]
[lambda_l2: 0.001]
[linear_lambda: 0]
[min_gain_to_split: 0]
[drop_rate: 0.1]
[max_drop: 50]
[skip_drop: 0.5]
[xgboost_dart_mode: 0]
[uniform_drop: 0]
[drop_seed: 17869]
[top_rate: 0.2]
[other_rate: 0.1]
[min_data_per_group: 100]
[max_cat_threshold: 32]
[cat_l2: 10]
[cat_smooth: 10]
[max_cat_to_onehot: 4]
[top_k: 20]
[monotone_constraints: ]
[monotone_constraints_method: basic]
[monotone_penalty: 0]
[feature_contri: ]
[forcedsplits_filename: ]
[refit_decay_rate: 0.9]
[cegb_tradeoff: 1]
[cegb_penalty_split: 0]
[cegb_penalty_feature_lazy: ]
[cegb_penalty_feature_coupled: ]
[path_smooth: 0]
[interaction_constraints: ]
[verbosity: -1]
[saved_feature_importance_type: 0]
[use_quantized_grad: 0]
[num_grad_quant_bins: 4]
[quant_train_renew_leaf: 0]
[stochastic_rounding: 1]
[linear_tree: 0]
[max_bin: 255]
[max_bin_by_feature: ]
[min_data_in_bin: 3]
[bin_construct_sample_cnt: 200000]
[data_random_seed: 175]
[is_enable_sparse: 1]
[enable_bundle: 1]
[use_missing: 1]
[zero_as_missing: 0]
[feature_pre_filter: 1]
[pre_partition: 0]
[two_round: 0]
[header: 0]
[label_column: ]
[weight_column: ]
[group_column: ]
[ignore_column: ]
[categorical_feature: 19]
[forcedbins_filename: ]
[precise_float_parser: 0]
[parser_config_file: ]
[objective_seed: 16083]
[num_class: 1]
[is_unbalance: 0]
[scale_pos_weight: 1]
[sigmoid: 1]
[boost_from_average: 1]
[reg_sqrt: 0]
[alpha: 0.9]
[fair_c: 1]
[poisson_max_delta_step: 0.7]
[tweedie_variance_power: 1.5]
[lambdarank_truncation_level: 30]
[lambdarank_norm: 1]
[label_gain: ]
[lambdarank_position_bias_regularization: 0]
[eval_at: ]
[multi_error_top_k: 1]
[auc_mu_weights: ]
[num_machines: 1]
[local_listen_port: 12400]
[time_out: 120]
[machine_list_filename: ]
[machines: ]
[gpu_platform_id: -1]
[gpu_device_id: -1]
[gpu_use_dp: 0]
[num_gpu: 1]

end of parameters

pandas_categorical:[["auto", "bed_bath_table", "computers_accessories", "furniture_decor", "garden_tools", "health_beauty", "housewares", "sports_leisure", "telephony", "watches_gifts"]]
