tree
version=v4
num_class=1
num_tree_per_iteration=1
label_index=0
max_feature_idx=20
objective=quantile
feature_names=units_sold lag_1 lag_7 lag_14 lag_30 rolling_mean_7 rolling_mean_30 rolling_std_7 rolling_std_30 seasonality_index month_sin month_cos dow_sin dow_cos is_weekend is_holiday days_to_holiday trend_strength acceleration category anchor
feature_infos=[0:0.77253560138447708] [0:1] [0:1] [0:1] [0:1] [0:1] [0:1] [0:1] [0:1] [0:1] [-1:1] [-1:1] [-0.97492791218182362:0.97492791218182362] [-0.90096886790241903:1] [0:1] [0:1] [1:30] [0.0099565994383455925:1] [0:1] -1:3:7:5:1:2:6:8:4:0:9 [0:0.77253560138447708]
tree_sizes=2667 2811 2813 2823 2814 2812 2825 2807 2832 2829 2822 2807 2841 2811 2811 2830 2823 2825 2830 2833 2850 2835 2838 2861 2857 2865 2857 2853 2835 2862 2898 2866 2878 2867 2868 2882 2855 2855 2866 2860 2882 2877 2851 2873 2910 2859 2901 2891 2891 2878 2876 2909 2912 2926 2871 2881 2881 2897 2920 2912 2885 2897 2898 2872

Tree=0
num_leaves=31
num_cat=0
split_feature=0 10 0 0 16 6 9 11 7 16 9 6 9 6 17 6 17 7 5 11 16 7 13 17 9 7 6 6 2 0
split_gain=165.619 11.8568 6.96631 6.24338 5.9195 4.47868 4.26257 3.23292 3.10076 2.97712 2.76882 2.76175 2.43275 2.4183 1.90305 1.89036 1.53966 1.5165 1.38793 1.65098 4.91113 1.33783 1.1766 1.0658 0.927549 1.23115 0.878089 0.663378 0.622847 0.439102
threshold=0.56286410739646286 1.0000000180025095e-35 0.53408883435755816 0.60947546798558971 24.500000000000004 0.5055299539170508 0.59263311451495271 1.0000000180025095e-35 0.13674255023899876 27.500000000000004 0.65134938001458809 0.39493087557603695 0.72611232676878201 0.53502304147465451 0.32570922397320157 0.67235023041474673 0.40471732902164365 0.078330781814401104 0.18154158215010144 0.6830127018922193 29.500000000000004 0.11596544270602603 -0.22252093395631442 0.32570922397320157 0.53610503282275734 0.11146912280415879 0.56267281105990796 0.54239631336405547 0.085937500000000014 0.61636054089337511
decision_type=2 2 2 2 2 2 2 2 2 2 2 2 2 2 2 2 2 2 2 2 2 2 2 2 2 2 2 2 2 2
left_child=2 4 18 6 27 -6 13 10 23 24 -8 -11 -9 -3 15 -15 -10 -13 -1 -20 -21 -12 -22 29 -4 28 -25 -2 -26 -5
right_child=1 3 9 8 5 -7 7 12 16 11 21 17 -14 14 -16 -17 -18 -19 19 20 22 -23 -24 26 25 -27 -28 -29 -30 -31
leaf_value=0.58461231592963958 0.58700555103310958 0.58805754258990606 0.58698576667222679 0.58898261124092788 0.59060663223767074 0.5923006830327826 0.5872989203677963 0.58916472314938206 0.59016232633624854 0.58778136726079788 0.58931371569061097 0.58905153701670465 0.58818049037775733 0.58825316666029281 0.58887671764719496 0.58863941545189813 0.59099015532611365 0.58840604306749578 0.58666507308461857 0.5856828590643387 0.58873995750207941 0.58867865342199344 0.59032088621555656 0.59026272823591996 0.58779888488684717 0.58723397010557055 0.58939074502336353 0.58791710734367375 0.58824346885308609 0.58913784497747412
leaf_weight=3079 29 30 53 21 38 22 25 37 32 34 29 20 26 31 36 21 25 34 377 74 24 20 25 22 20 25 75 34 23 20
leaf_count=3079 29 30 53 21 38 22 25 37 32 34 29 20 26 31 36 21 25 34 377 74 24 20 25 22 20 25 75 34 23 20
internal_value=0.587674 0.602705 0.5854 0.604962 0.594451 0.601195 0.601871 0.598272 0.609003 0.590724 0.594019 0.594922 0.603266 0.606051 0.608558 0.604887 0.603116 0.599139 0.585089 0.586555 0.589573 0.598164 0.59694 0.611434 0.58767 0.589989 0.613148 0.588028 0.593067 0.607377
internal_weight=4361 573 3788 450 123 60 255 137 195 209 74 88 63 118 88 52 57 54 3579 500 123 49 49 138 121 68 97 63 43 41
internal_count=4361 573 3788 450 123 60 255 137 195 209 74 88 63 118 88 52 57 54 3579 500 123 49 49 138 121 68 97 63 43 41
is_linear=0
shrinkage=1


Tree=1
num_leaves=31
num_cat=0
split_feature=0 6 9 0 7 11 16 17 8 16 6 9 0 1 5 5 17 17 5 11 16 13 9 8 17 0 0 1 6 16
split_gain=161.199 10.7055 9.10673 7.30146 5.70922 7.00056 3.9699 3.79041 3.66642 3.65502 3.09759 2.38652 1.91341 1.81519 1.76891 1.94286 1.76753 1.76017 1.29191 1.45591 4.4323 1.51418 1.25744 0.962958 2.18685 0.587547 0.562971 0.47346 0.289453 0.678313
threshold=0.56764902299890541 0.54239631336405547 0.44128373450036479 0.53408883435755816 0.12201822244818451 0.25000000000000017 26.500000000000004 0.4150285082120671 0.20833669660143139 27.500000000000004 0.39493087557603695 0.5977388767323123 0.59537384276397409 0.080729166666666671 0.30121703853955378 0.35192697768762687 0.42745298272487459 0.27985797898996784 0.18154158215010144 0.6830127018922193 29.500000000000004 -0.22252093395631442 0.60649161196207169 0.18375450283017666 0.32570922397320157 0.55485698752022106 0.61090751480435135 0.14843750000000003 0.41336405529953929 27.500000000000004
decision_type=2 2 2 2 2 2 2 2 2 2 2 2 2 2 2 2 2 2 2 2 2 2 2 2 2 2 2 2 2 2
left_child=3 6 -3 18 17 7 16 8 -6 22 -11 14 -13 -12 -8 -16 -2 -4 -1 28 -21 -22 -5 -19 -25 -15 -26 -10 -20 -30
right_child=1 2 4 9 5 -7 11 -9 27 10 13 12 -14 25 15 -17 -18 23 19 20 21 -23 -24 24 26 -27 -28 -29 29 -31
leaf_value=-0.0029902060274213903 -0.00043433389321874709 0.00021544164419174061 0.0006806867761647565 -0.00024618321789792661 0.00079864284326196559 0.0032217219334467304 0.0039612363099417189 0.0020626902727899064 -0.00059746754300798012 3.2553572986206982e-05 0.00041460039094162542 4.1833197745451589e-05 0.0024570148517728705 0.00092981489260680395 0.00040575670551901301 0.0015054069036038685 0.0014819055184380841 0.0012440138976544336 -0.0013350512503153644 -0.0019517791867631994 0.0010136062978453274 0.0025471071499181342 0.0005057337937373873 0.001525413258825785 0.0014124558997284265 0.0025965270500555378 0.0019403926872735044 0.0024979648859002035 -0.00074441279316498797 0.00017286895580323369
leaf_weight=3079 29 34 37 94 22 40 21 20 24 38 22 27 22 20 29 20 21 76 266 74 24 25 38 34 27 25 42 20 60 51
leaf_count=3079 29 34 37 94 22 40 21 20 24 38 22 27 22 20 29 20 21 76 266 74 24 25 38 34 27 25 42 20 60 51
internal_value=-9.69968e-05 0.0151651 0.017984 -0.00227673 0.0194561 0.0143808 0.00889344 0.00955803 0.00609082 0.00282277 0.00699993 0.0118738 0.00679578 0.0108804 0.0154284 0.0123059 0.00179996 0.0224166 -0.00261442 -0.0012 0.00163413 0.00863248 -0.000499997 0.0236479 0.0217571 0.014333 0.0248257 0.00109088 -0.00212466 -0.000837831
internal_weight=4361 545 376 3816 342 126 169 86 66 237 105 119 49 67 70 49 50 216 3579 500 123 49 132 179 103 45 69 44 377 111
internal_count=4361 545 376 3816 342 126 169 86 66 237 105 119 49 67 70 49 50 216 3579 500 123 49 132 179 103 45 69 44 377 111
is_linear=0
shrinkage=0.03


Tree=2
num_leaves=31
num_cat=0
split_feature=0 10 8 0 0 16 6 7 16 6 18 11 8 6 9 7 18 5 11 16 0 6 9 8 7 13 2 7 8 7
split_gain=154.155 11.7811 8.34678 6.94348 6.87999 4.00222 3.41708 6.84679 2.918 3.32549 2.71177 2.66731 2.05261 1.86459 1.81948 1.79415 1.4129 1.17001 1.2731 3.97802 1.18931 1.16641 1.13639 1.01086 1.2725 0.791831 0.727744 0.690999 0.403231 0.33282
threshold=0.56764902299890541 1.0000000180025095e-35 0.19010694606400499 0.53408883435755816 0.61912653167645637 26.500000000000004 0.54239631336405547 0.11596544270602603 27.500000000000004 0.42534562211981575 0.4661764705882353 1.0000000180025095e-35 0.43871151078150539 0.42903225806451623 0.57330415754923425 0.14842600721355023 0.50441176470588245 0.18154158215010144 0.6830127018922193 29.500000000000004 0.50774919692187181 0.47142857142857153 0.60649161196207169 0.17796410352255287 0.10370144050200945 -0.22252093395631442 0.12760416666666669 0.075870623877683993 0.23288439984612844 0.065485879597367638
decision_type=2 2 2 2 2 2 2 2 2 2 2 2 2 2 2 2 2 2 2 2 2 2 2 2 2 2 2 2 2 2
left_child=3 5 14 17 6 12 13 28 22 27 -11 -9 -2 -4 -3 25 -17 -1 -19 -20 -21 -7 29 -16 -25 -6 -15 -10 -8 -5
right_child=1 2 4 8 15 21 7 11 9 10 -12 -13 -14 26 23 16 -18 18 19 20 -22 -23 -24 24 -26 -27 -28 -29 -30 -31
leaf_value=-0.0029004998465987485 -0.00068599248062659729 0.00033523852392309178 0.00076525629557054392 5.6031365259025409e-07 0.0015133791903958107 0.0038423990199723764 0.00084093472565080149 9.4297103118433641e-05 -0.00022694057050203891 0.0001932123583926258 0.0013712488484165343 0.0015114813322377909 0.00043822517304599917 -7.8670064422518146e-05 0.0012076867966789194 0.0020000343328935711 0.0031250703529157923 -0.00099361772600582623 -0.0018932258111603051 0.0019560078068560668 0.0012203743610846494 0.0037482010439814826 0.00049056177992526481 0.00082513089252978422 0.0011140243089491336 0.0022291564058062774 0.00062857499807102753 0.00034111146727786848 0.0016973048697121883 -0.00048714490805044154
leaf_weight=3079 38 23 25 21 28 21 33 29 22 20 33 21 32 32 65 21 20 377 74 25 24 21 38 32 22 37 21 30 24 73
leaf_count=3079 38 23 25 21 28 21 33 29 22 20 33 21 32 32 65 21 20 377 74 25 24 21 38 32 22 37 21 30 24 73
internal_value=-0.000145151 0.0147798 0.0170231 -0.00227673 0.0141134 0.00610709 0.0106216 0.0141027 0.00269619 0.00642851 0.0117168 0.00599988 0.00171426 0.00584608 0.0229858 0.0202074 0.0152923 -0.00260604 -0.00126 0.00139023 0.00802024 0.0134283 -0.000272726 0.0244788 0.021444 0.0233073 0.00266033 0.00103844 0.0212102 -0.00204253
internal_weight=4361 545 433 3816 291 112 185 107 237 105 53 50 70 78 142 106 41 3579 500 123 49 42 132 119 54 65 53 52 57 94
internal_count=4361 545 433 3816 291 112 185 107 237 105 53 50 70 78 142 106 41 3579 500 123 49 42 132 119 54 65 53 52 57 94
is_linear=0
shrinkage=0.03


Tree=3
num_leaves=31
num_cat=0
split_feature=20 6 8 16 20 11 10 20 16 11 8 5 20 6 7 9 3 20 7 9 5 11 16 10 18 8 16 8 7 18
split_gain=145.756 12.8737 8.58919 9.07476 5.82793 4.30089 5.76245 3.87869 2.86411 2.7173 4.69517 2.6351 2.26623 2.14433 1.85766 1.97381 1.70549 1.60784 1.66686 1.41982 1.20697 1.68181 4.16883 1.8331 1.14219 1.10741 0.759771 0.745409 1.0366 0.72799
threshold=0.56286410739646286 0.54239631336405547 0.20345608835639697 26.500000000000004 0.53408883435755816 1.0000000180025095e-35 0.25000000000000011 0.61912653167645637 26.500000000000004 -0.24999999999999994 0.22119407178140213 0.39046653144016236 0.6006938435474457 0.60230414746543792 0.1136185938746033 0.41320204230488705 0.075520833333333343 0.55485698752022106 0.077908510372592374 0.47191830780452232 0.16937119675456394 0.6830127018922193 29.500000000000004 0.25000000000000011 0.47794117647058826 0.43871151078150539 12.500000000000002 0.18264427710219064 0.10036056523027932 0.48382352941176471
decision_type=2 2 2 2 2 2 2 2 2 2 2 2 2 2 2 2 2 2 2 2 2 2 2 2 2 2 2 2 2 2
left_child=4 7 12 25 20 6 -5 8 26 -10 -11 -8 13 -3 15 -6 29 18 -18 -7 -1 -22 -23 -24 -12 -4 -2 -14 -29 -17
right_child=1 2 3 5 14 19 11 -9 9 10 24 -13 27 -15 -16 16 17 -19 -20 -21 21 22 23 -25 -26 -27 -28 28 -30 -31
leaf_value=-0.0029748666663082244 0.00091730218216159141 0.00070435998230290405 -0.00052546448845426272 0.0018795936923869754 -0.00055747839852318703 0.0013102229882247267 -0.00085986794621398677 0.001578455037879057 0.00063381292171715657 0.0039345942884616344 0.00093311564995884064 0.0022378242263796726 0.0011684762520209305 0.0010678761139995864 -0.00023663336230262178 -6.3493451334976889e-05 0.0006207955090486801 0.00069860537492545238 0.00012777121984427556 0.0032074868699469186 -0.0010539872378778181 -0.0018625571526755726 0.0023983160920373284 0.00037443620420181785 0.00027665328298337471 0.00040595804860985967 -0.00075916554597718817 0.00093669657168609234 0.0011018112421159851 0.00026268760333161866
leaf_weight=2894 20 34 32 26 39 23 22 27 37 23 22 25 68 29 58 24 21 20 27 46 510 104 38 33 30 34 31 20 24 20
leaf_count=2894 20 34 32 26 39 23 22 27 37 23 22 25 68 29 58 24 21 20 27 46 510 104 38 33 30 34 31 20 24 20
internal_value=-0.000138272 0.0139633 0.0171305 0.0130096 -0.00227138 0.0172816 0.0122053 0.00757891 0.00583432 0.00851778 0.0117998 0.00593604 0.0220284 0.0174759 0.00259807 0.00435096 0.00637494 0.0093528 0.00637487 0.0226518 -0.00255574 -0.00142336 0.00111428 0.00671821 0.00680756 0.00381812 -5.88231e-05 0.0245891 0.021545 0.00177269
internal_weight=4361 573 383 208 3788 142 73 190 163 112 75 47 175 63 209 151 112 68 48 69 3579 685 175 71 52 66 51 112 44 44
internal_count=4361 573 383 208 3788 142 73 190 163 112 75 47 175 63 209 151 112 68 48 69 3579 685 175 71 52 66 51 112 44 44
is_linear=0
shrinkage=0.03


Tree=4
num_leaves=31
num_cat=0
split_feature=0 6 8 0 0 5 8 0 11 16 6 2 0 6 16 8 0 5 8 11 16 10 5 8 6 11 6 16 1 8
split_gain=139.456 13.5983 9.36754 6.42444 4.45467 4.13845 3.31892 3.93013 2.7878 2.67448 2.98228 2.75052 2.03957 2.42049 1.88008 1.56128 1.42161 1.40175 1.34688 1.31501 3.28212 2.0236 1.16701 0.745409 0.680243 0.588919 0.583198 1.20653 0.907363 0.515212
threshold=0.56764902299890541 0.54239631336405547 0.32168781531003504 0.53408883435755816 0.61912653167645637 0.53448275862068972 0.20345608835639697 0.61912653167645637 1.0000000180025095e-35 27.500000000000004 0.42534562211981575 0.11197916666666667 0.6006938435474457 0.60230414746543792 29.500000000000004 0.26495406874879129 0.47964949943148871 0.29513184584178503 0.43871151078150539 0.6830127018922193 29.500000000000004 0.25000000000000011 0.34381338742393514 0.18264427710219064 0.45944700460829507 0.25000000000000017 0.41336405529953929 27.500000000000004 0.075520833333333343 0.19218106975147189
decision_type=2 2 2 2 2 2 2 2 2 2 2 2 2 2 2 2 2 2 2 2 2 2 2 2 2 2 2 2 2 2
left_child=3 4 6 16 14 18 12 8 -8 29 25 -12 13 -3 24 -9 -1 -16 -4 26 -21 -22 -19 -14 -2 -11 -18 -28 -29 -5
right_child=1 2 5 9 -6 -7 7 15 -10 10 11 -13 23 -15 17 -17 19 22 -20 20 21 -23 -24 -25 -26 -27 27 28 -30 -31
leaf_value=-0.00281779016579219 0.00086752159372733022 0.00069005082115530998 -0.0007215950692594453 0.00047205442911850149 0.0015311013867426867 0.0029188465457666876 0.0012607962643798631 0.0013360548469043812 0.0014641956812623536 -0.00019206194928663646 0.0013220016590588862 0.0003763328174461996 0.0011334219644603041 0.0010358398305795981 0.0036090894227379581 0.002523473375816316 -0.001461198330310417 0.00019955412530314162 0.00032563421976984836 -0.0016270324168714712 0.002371264904550056 0.00014975159538226275 0.001336569771441268 0.0010519358344164415 -0.00053074960440281475 0.00029566894720020387 -0.00070970130938583279 -0.00019396676451669315 0.00052217259345177958 -0.00019642554660759181
leaf_weight=2980 21 33 22 45 27 21 39 32 22 20 32 21 68 29 21 39 334 51 27 84 33 31 21 44 28 32 63 27 27 87
leaf_count=2980 21 33 22 45 27 21 39 32 22 20 32 21 68 29 21 39 334 51 27 84 33 31 21 44 28 32 63 27 27 87
internal_value=-0.000186426 0.0140091 0.0171861 -0.00221384 0.00694079 0.00728561 0.0194509 0.0158635 0.0102785 0.00256961 0.0061428 0.0111507 0.0221723 0.0178062 0.00481687 0.0206617 -0.0025306 0.0073225 0.00251015 -0.00119699 0.00125675 0.0063749 0.00533326 0.0245891 6.12225e-05 0.00103844 -0.00200221 -0.000179486 0.00311105 -0.000272726
internal_weight=4361 545 376 3816 169 70 306 132 61 237 105 53 174 62 142 71 3579 93 49 599 148 64 72 112 49 52 451 117 54 132
internal_count=4361 545 376 3816 169 70 306 132 61 237 105 53 174 62 142 71 3579 93 49 599 148 64 72 112 49 52 451 117 54 132
is_linear=0
shrinkage=0.03


Tree=5
num_leaves=31
num_cat=0
split_feature=0 9 6 0 7 17 10 9 17 8 17 8 8 5 7 0 11 8 5 0 4 17 7 9 11 9 6 9 8 11
split_gain=122.862 14.3257 9.12518 6.6046 5.62703 6.59717 3.6998 3.62975 3.55683 3.12085 2.67908 3.04023 2.17907 2.69492 1.76753 1.54203 2.12967 2.93747 2.08333 1.62557 1.30521 1.27317 1.06851 0.973843 1.40258 1.13213 0.899915 0.814445 1.31475 0.673393
threshold=0.56764902299890541 0.44128373450036479 0.54239631336405547 0.53840388049425569 0.12201822244818451 0.31329248574589402 0.68301270189221941 0.73668854850474119 0.39378208946756316 0.26495406874879129 0.32570922397320157 0.18264427710219064 0.25928284646248428 0.34584178498985801 0.079237953319248058 0.47964949943148871 0.6830127018922193 0.22299969864982574 0.18965517241379312 0.50927314443444693 0.11197916666666667 0.29617288624005594 0.1136185938746033 0.30233406272793589 0.6830127018922193 0.60649161196207169 0.49262672811059915 0.27425237053245816 0.41775497033152903 1.0000000180025095e-35
decision_type=2 2 2 2 2 2 2 2 2 2 2 2 2 2 2 2 2 2 2 2 2 2 2 2 2 2 2 2 2 2
left_child=3 27 8 15 10 -6 9 22 14 -7 11 29 13 -10 -3 -1 -17 18 -18 -20 -13 -22 23 -5 25 -25 -27 -2 -29 -4
right_child=1 2 4 7 5 6 -8 -9 12 -11 -12 20 -14 -15 -16 16 17 -19 19 -21 21 -23 -24 24 -26 26 -28 28 -30 -31
leaf_value=-0.0027271303606562322 -0.00037890000674958466 0.0037601504653490508 0.0011053791965147108 -0.00086816812687280805 0.00031949226873157974 0.00064235462216494135 0.0028833337974708433 0.00084396119024932146 0.0019972801025812947 0.0019938459484607103 0.0013435320096873741 0.00068452604798354257 0.0012643541772555155 0.0019841913077968511 -0.00040715876005336792 -0.00088768881605197022 -3.3243947339314878e-06 -0.0021937267078763101 0.001598920078730294 0.0017307779891428986 0.0010600606184949261 0.0011089373739137415 -0.00047954699436574493 -3.4816284297784221e-05 0.0023100703097039647 0.00037908452156282246 0.00071073965241615598 -2.1312455505232602e-05 0.00029771115605025804 0.0010289071363998974
leaf_weight=3020 35 21 22 28 32 24 41 25 26 39 96 21 33 21 29 471 42 64 25 22 24 20 46 36 21 20 20 26 22 25
leaf_count=3020 35 21 22 28 32 24 41 25 26 39 96 21 33 21 29 471 42 64 25 22 24 20 46 36 21 20 20 26 22 25
internal_value=-0.000332273 0.0128348 0.0148481 -0.00224219 0.0174069 0.0126617 0.0163268 0.00312243 0.00807686 0.0117617 0.0205095 0.017357 0.0119998 0.0161486 0.00179996 -0.00253074 -0.00117308 0.00190195 0.0054269 0.00976575 0.0131536 0.0160905 0.00156139 0.00299998 0.00442263 0.00252628 0.00599985 0.00133733 0.00387492 0.0231697
internal_weight=4397 557 474 3840 344 136 104 196 130 63 208 112 80 47 50 3644 624 153 89 47 65 44 171 125 97 76 40 83 48 47
internal_count=4397 557 474 3840 344 136 104 196 130 63 208 112 80 47 50 3644 624 153 89 47 65 44 171 125 97 76 40 83 48 47
is_linear=0
shrinkage=0.03


Tree=6
num_leaves=31
num_cat=0
split_feature=0 10 0 8 5 8 8 7 7 6 11 6 7 3 11 10 17 8 5 11 8 5 0 8 1 10 7 6 4 12
split_gain=119.25 13.1576 10.2997 8.38873 6.13199 4.2548 2.3083 1.77405 1.66747 2.76867 1.8577 1.52239 1.90979 2.48874 1.40257 1.46286 1.39075 2.49572 1.29695 2.17246 3.0388 1.60204 1.77075 1.18418 1.80843 0.956177 0.792052 0.629974 0.622847 0.592543
threshold=0.56764902299890541 1.0000000180025095e-35 0.60947546798558971 0.19814297748565238 0.23022312373225154 0.30935014610256384 0.17890958504461263 0.088419907194990141 0.088419907194990141 0.42534562211981575 -0.68301270189221952 0.63271889400921666 0.14507291196543173 0.049479166666666671 0.6830127018922193 -0.24999999999999994 0.33712024508552468 0.18375450283017666 0.16734279918864101 0.6830127018922193 0.22299969864982574 0.18965517241379312 0.50532152180681911 0.20477481889322038 0.12239583333333334 0.25000000000000011 0.13162077050603302 0.54516129032258076 0.10156250000000001 1.0000000180025095e-35
decision_type=2 2 2 2 2 2 2 2 2 2 2 2 2 2 2 2 2 2 2 2 2 2 2 2 2 2 2 2 2 2
left_child=4 14 3 6 18 16 -3 -8 9 -6 -11 12 13 -5 -2 29 17 -4 -1 -20 21 25 -23 24 -10 -21 -18 -15 -12 -16
right_child=1 2 5 11 8 -7 7 -9 23 10 28 -13 -14 27 15 -17 26 -19 19 20 -22 22 -24 -25 -26 -27 -28 -29 -30 -31
leaf_value=-0.0027450123360891507 -0.00052102854457376953 0.0011261635381741718 0.0010514208827382774 0.00046668217087009162 -0.00016232155029282167 0.0027551916490159505 0.00058297441718369101 0.00068943659818738426 -1.2835169265020125e-05 0.00096043029878014219 0.00027702753375168646 0.0012479455409335183 0.0015259385796190185 -0.00015192671288854332 0.0030797865391806144 0.00016177536735849761 0.001492486427528519 0.0017317682843582107 -0.0009979088792948696 0.0018744099771605494 -0.0023483093513995651 0.0015824112497059189 0.0016168871527008463 -0.00046394324006771714 0.0010287879740656601 -0.0021360027165409066 0.0023017993622273933 0.00047690912404243509 0.0009965233042274731 0.0037090820555342819
leaf_weight=2895 24 36 25 20 48 29 31 32 52 22 20 37 21 50 24 39 84 27 515 23 75 21 23 73 20 30 33 20 23 25
leaf_count=2895 24 36 25 20 48 29 31 32 52 22 20 37 21 50 24 39 84 27 515 23 75 21 23 73 20 30 33 20 23 25
internal_value=-0.000352741 0.0126194 0.0149325 0.0108461 -0.00223438 0.0200302 0.0176059 0.0141426 0.00223255 0.00496456 0.00899986 0.00632428 0.00456753 0.00266664 0.00342854 0.00518176 0.0218519 0.0177689 -0.00255611 -0.00138428 0.00153487 0.00504118 0.00927252 0.000103447 0.00283329 0.00152827 0.0236665 -7.15246e-10 0.00537197 0.00863248
internal_weight=4397 557 445 247 3840 198 99 63 258 113 65 148 111 90 112 88 169 52 3582 687 172 97 44 145 72 53 117 70 43 49
internal_count=4397 557 445 247 3840 198 99 63 258 113 65 148 111 90 112 88 169 52 3582 687 172 97 44 145 72 53 117 70 43 49
is_linear=0
shrinkage=0.03


Tree=7
num_leaves=31
num_cat=0
split_feature=0 9 0 0 9 9 6 7 7 16 11 5 11 16 7 16 11 6 18 12 9 9 6 0 9 7 6 6 9 6
split_gain=116.794 13.4016 8.96352 6.00068 5.49795 5.43104 4.27256 4.17352 4.12847 3.59296 4.51211 1.38209 1.99423 3.97009 1.28469 1.21324 1.59901 1.1901 1.0715 1.05047 0.981382 1.40171 0.888788 0.843899 0.814445 1.02077 0.782549 0.576977 0.550826 0.736989
threshold=0.56764902299890541 0.44128373450036479 0.60947546798558971 0.53121608501887896 0.80598103574033564 0.69876002917578428 0.54516129032258076 0.13674255023899876 0.11742592553505851 29.500000000000004 0.25000000000000017 0.18154158215010144 0.6830127018922193 29.500000000000004 0.077483937672895853 27.500000000000004 0.6830127018922193 0.706451612903226 0.49264705882352944 -1.0000000180025095e-35 0.5977388767323123 0.57330415754923425 0.33317972350230424 0.58757867942685726 0.27425237053245816 0.11470218836877218 0.62811059907834121 0.56267281105990796 0.53610503282275734 0.51658986175115229
decision_type=2 2 2 2 2 2 2 2 2 2 2 2 2 2 2 2 2 2 2 2 2 2 2 2 2 2 2 2 2 2
left_child=3 24 5 11 15 6 20 14 23 -9 -11 -1 -13 -14 -4 28 18 27 -17 -7 21 -3 -15 -8 -2 -26 -25 -16 -5 -30
right_child=1 2 7 4 -6 19 8 9 -10 10 -12 12 13 22 17 16 -18 -19 -20 -21 -22 -23 -24 26 25 -27 -28 -29 29 -31
leaf_value=-0.0024979648326267432 -0.00036009581375797149 0.0018637388684263729 0.00094744571453531546 -0.00093331087237152562 0.00080076494377293755 -3.2085706450847015e-05 0.00058776482662536295 0.00051175216353229001 0.0011717073970607965 0.0018649766494237652 0.0029091254239511193 -0.0008323919280568186 -0.0017944109165242026 0.0015768328743577841 0.0017566710604423911 -0.00010541560357650017 0.0021974670639689875 0.00242425866592601 0.00062851908284105597 0.00048002998319610633 0.00048014943148316509 0.0035173167261460521 0.001153292440659423 0.00079325743273773704 -2.9800275170648927e-05 0.00019051084368361729 0.00130052215046756 0.0011396037654512355 0.00046538621424591136 -0.00010399489013662178
leaf_weight=3123 35 27 20 61 21 33 24 21 29 29 24 357 66 32 24 48 22 25 21 39 28 22 20 24 24 24 35 70 34 35
leaf_count=3123 35 27 20 61 21 33 24 21 29 29 24 357 66 32 24 48 22 25 21 39 28 22 20 24 24 24 35 70 34 35
internal_value=-0.000380032 0.0124578 0.014405 -0.00224219 0.00233057 0.0106781 0.0133491 0.0189717 0.0170891 0.013216 0.017377 -0.00254975 -0.0010421 0.00233896 0.0220358 0.000936647 0.00359337 0.0232183 0.00134781 0.00366662 0.00790899 0.0104692 0.0085383 0.0204937 0.00133733 0.00387492 0.0224233 0.0247657 -0.000923071 0.00091303
internal_weight=4397 557 474 3840 242 261 189 213 112 74 53 3598 475 118 139 221 91 119 69 72 77 49 52 83 83 48 59 94 130 69
internal_count=4397 557 474 3840 242 261 189 213 112 74 53 3598 475 118 139 221 91 119 69 72 77 49 52 83 83 48 59 94 130 69
is_linear=0
shrinkage=0.03


Tree=8
num_leaves=31
num_cat=0
split_feature=5 10 5 8 7 11 5 16 9 9 7 6 11 8 11 6 5 8 17 2 6 2 8 6 6 16 1 8 1 4
split_gain=107.212 13.3907 12.6984 5.53077 4.33726 4.48509 3.96277 3.8173 3.33565 2.5037 2.11672 3.95009 2.07695 5.17061 1.99377 1.51736 1.48944 4.14807 2.55234 1.44765 1.37623 1.23615 0.933314 0.899945 0.869549 1.50339 0.767698 0.734892 0.675503 0.523078
threshold=0.26673427991886417 1.0000000180025095e-35 0.33569979716024351 0.18809772008987066 0.13162077050603302 0.25000000000000017 0.18965517241379312 27.500000000000004 0.80598103574033564 0.8231218088986143 0.1136185938746033 0.54239631336405547 0.6830127018922193 0.23288439984612844 1.0000000180025095e-35 0.43456221198156691 0.34989858012170388 0.19010694606400499 0.34163049953195485 0.075520833333333343 0.44930875576036872 0.10677083333333334 0.43871151078150539 0.69078341013824895 0.41336405529953929 27.500000000000004 0.11197916666666667 0.1966496734981962 0.091145833333333343 0.096354166666666671
decision_type=2 2 2 2 2 2 2 2 2 2 2 2 2 2 2 2 2 2 2 2 2 2 2 2 2 2 2 2 2 2
left_child=6 7 3 21 16 9 29 22 12 -6 11 15 24 19 -12 -5 17 -4 27 -14 -9 -3 -2 -24 -8 -26 -13 -18 -27 -1
right_child=1 2 4 10 5 -7 8 20 -10 -11 14 26 13 -15 -16 -17 18 -19 -20 -21 -22 -23 23 -25 25 28 -28 -29 -30 -31
leaf_value=-0.0024616391935819693 -0.00067859740394541029 0.00059588128427532012 0.0012433353222544151 0.00029305806875764689 0.0020485923664840399 0.00265136021812346 -0.00090872826932779957 0.0032617421352419689 0.00084229548756241466 -8.718378230914701e-05 -0.00034465046500301499 0.00047666165416339985 0.00073156187871625279 -0.0018093865089761623 0.0007353825739690211 -0.00012377176909161771 0.00094472623449589656 0.00052579036421334334 0.0013870967168230588 0.0015091435896064302 0.0037610818882936278 0.0008937438631910126 0.00018242865592952594 -0.00015291624323955047 -0.00012997308713562139 0.0001953667329763193 0.00080965463668776732 0.0024689480332371226 0.00079707768568428462 -0.00050907108412053296
leaf_weight=3050 56 27 24 25 39 39 229 20 27 22 40 21 35 63 25 37 23 20 77 23 23 31 20 20 109 33 20 21 21 177
leaf_count=3050 56 27 24 25 39 39 229 20 27 22 40 21 35 63 25 37 23 20 77 23 23 31 20 20 109 33 20 21 21 177
internal_value=-0.000407324 0.0110476 0.0133747 0.00815041 0.0178301 0.0128999 -0.00232307 0.00282732 5.55547e-05 0.00781954 0.00539282 0.00806788 -0.00048538 0.00295039 0.00115383 0.00329027 0.0208181 0.0160905 0.022537 0.00941363 0.0102556 0.0161377 -0.000499996 0.00299992 -0.00154592 0.000128833 0.0152923 0.0167723 0.00422214 -0.0027211
internal_weight=4397 630 491 226 265 100 3767 139 540 61 168 103 513 121 65 62 165 44 121 58 43 58 96 40 392 163 41 44 54 3227
internal_count=4397 630 491 226 265 100 3767 139 540 61 168 103 513 121 65 62 165 44 121 58 43 58 96 40 392 163 41 44 54 3227
is_linear=0
shrinkage=0.03


Tree=9
num_leaves=31
num_cat=1
split_feature=0 9 0 8 17 7 11 5 9 19 11 5 5 17 4 7 7 3 8 5 7 16 6 3 8 2 7 6 4 16
split_gain=107.438 13.3878 11.7625 6.61128 5.06868 8.67266 3.39373 2.81227 2.69435 2.17872 2.75933 2.15126 2.0483 2.02475 1.81962 2.0717 1.66801 1.42637 1.3166 1.00567 0.959556 0.885809 2.01659 0.857902 0.636852 0.631038 0.41942 0.706106 0.37296 0.31511
threshold=0.55485698752022106 0.44128373450036479 0.60947546798558971 0.30935014610256384 0.34707977897699105 0.11596544270602603 -0.5 0.18154158215010144 0.80598103574033564 0 0.6830127018922193 0.33569979716024351 0.57707910750507108 0.33712024508552468 0.096354166666666671 0.082700960608481922 0.089808076667447473 0.054687500000000007 0.18375450283017666 0.30933062880324552 0.13162077050603302 27.500000000000004 0.41336405529953929 0.070312500000000014 0.20622435817705217 0.10156250000000001 0.061413298199477807 0.3626728110599079 0.096354166666666671 29.500000000000004
decision_type=2 2 2 2 2 2 2 2 2 1 2 2 2 2 2 2 2 2 2 2 2 2 2 2 2 2 2 2 2 2
left_child=7 23 4 13 5 11 -6 28 9 10 21 14 -5 18 25 -16 -8 -18 -4 -7 -15 -9 -23 -2 -19 -3 27 -11 -1 -30
right_child=1 2 3 12 6 19 16 8 -10 26 -12 -13 -14 20 15 -17 17 24 -20 -21 -22 22 -24 -25 -26 -27 -28 -29 29 -31
leaf_value=-0.0024445237393117369 0.0001485139422491255 0.0011634415375648779 0.00094250474023424178 0.0003161209046681553 -0.00019672187959383252 -9.5981048126774594e-05 0.00025181020247403894 -0.00045225665729257795 0.0015117144679866895 -0.0013033383299866793 0.0010050824377817679 0.001283428754979044 0.0025005160727746317 0.001373180737712449 0.00094629601172238555 0.0010815801352772147 0.00056248346741095392 0.0018449847154357285 0.0015210080014710114 0.00065820594223801356 0.0021153383108833373 -0.00065710010066010491 0.00072442085428409662 -0.00012952692916661388 0.0012103118472850919 0.000194674464206942 -0.0006564836575245781 0.00057398872314595555 -0.0017913946473550242 -0.00027445674703417076
leaf_weight=2960 32 22 25 24 51 22 25 47 29 47 32 20 20 84 36 38 23 20 27 28 33 30 30 62 24 20 390 33 83 80
leaf_count=2960 32 22 25 24 51 22 25 47 29 47 32 20 20 84 36 38 23 20 27 28 33 30 30 62 24 20 390 33 83 80
internal_value=-0.000441438 0.0109622 0.0127749 0.0182675 0.00921882 0.0124838 0.00497199 -0.00236985 -0.000554859 -0.000980295 0.00223488 0.0164116 0.00790891 0.0209644 0.0148447 0.0176754 0.00841295 0.0108804 0.0160382 0.00179996 0.0231536 8.41106e-05 0.00249996 0.000510632 0.0140451 0.00985691 -0.0019375 -7.15247e-10 -0.00274063 -0.00134355
internal_weight=4397 636 542 213 329 186 143 3761 638 609 139 136 44 169 116 74 92 67 52 50 117 107 60 94 44 42 470 80 3123 163
internal_count=4397 636 542 213 329 186 143 3761 638 609 139 136 44 169 116 74 92 67 52 50 117 107 60 94 44 42 470 80 3123 163
cat_boundaries=0 1
cat_threshold=6
is_linear=0
shrinkage=0.03


Tree=10
num_leaves=31
num_cat=0
split_feature=0 0 8 6 8 16 1 1 11 18 16 11 6 6 2 3 16 11 8 13 8 8 11 11 16 5 9 8 0 0
split_gain=112.883 16.0158 7.18026 5.00561 7.12027 4.41577 4.08275 4.07021 3.52335 2.70259 2.49809 5.72011 4.42959 1.53357 1.3654 1.34489 1.26686 1.09639 2.91648 1.40823 1.36104 0.940793 1.43686 2.1509 1.76897 0.748309 1.06524 0.795032 1.62357 0.736883
threshold=0.55485698752022106 0.60947546798558971 0.30935014610256384 0.53041474654377896 0.19814297748565238 20.500000000000004 0.080729166666666671 0.16406250000000003 1.0000000180025095e-35 0.48088235294117648 27.500000000000004 0.6830127018922193 0.42903225806451623 0.31935483870967746 0.10156250000000001 0.12760416666666669 26.500000000000004 -0.24999999999999994 0.21375244721673287 -0.56174490092936669 0.17662210150131016 0.17733378743684181 0.25000000000000017 -0.9330127018922193 10.500000000000002 0.16328600405679514 0.71298322392414315 0.14104009938217046 0.49403747443035323 0.52923474082410504
decision_type=2 2 2 2 2 2 2 2 2 2 2 2 2 2 2 2 2 2 2 2 2 2 2 2 2 2 2 2 2 2
left_child=6 3 21 16 8 -6 25 -4 -5 -7 -8 12 -12 -13 -10 -16 -2 20 -19 -20 -18 -3 23 -23 -25 -1 -27 -28 -29 -14
right_child=1 2 7 4 5 9 10 -9 14 -11 11 13 29 -15 15 -17 17 18 19 -21 -22 22 -24 24 -26 26 27 28 -30 -31
leaf_value=-0.0026721200708448288 -7.6084643192980564e-05 0.00093404168140453917 6.1862819597692189e-05 0.0011836751719421436 8.2627641849464251e-05 0.00057812709847566513 -0.00059237206003743647 0.0024159969760705557 0.00057872758624037007 0.0018816869240109461 -0.0008880246679351505 0.0012423786675524338 0.00025570976069597579 0.0023616149625874834 0.00091138368526396979 0.0012060570770851468 0.0005177125911323123 0.0028995074382801565 0.0011285885958225072 0.00023031679814690948 -0.0003219846364923909 0.0015073279981164716 0.0022905405785932954 0.001220804228154988 0.0013182385278783038 -0.00096771845782347163 -0.0027310214817100067 0.0021362169080981035 -0.00021828053000458338 0.00089134623104617752
leaf_weight=2741 52 26 33 30 68 35 230 38 22 24 125 25 21 31 29 23 20 23 20 40 25 22 53 20 52 495 21 20 27 22
leaf_count=2741 52 26 33 30 68 35 230 38 22 24 125 25 21 31 29 23 20 23 20 40 25 22 53 20 52 495 21 20 27 22
internal_value=-0.000294358 0.0111985 0.0172868 0.00758392 0.0105064 0.00574011 -0.0022975 0.00925339 0.0163268 0.0117456 0.000370043 0.00262499 -0.000142857 0.0109284 0.0128106 0.0154612 0.00383331 0.00543746 0.00748184 0.00399993 0.00166663 0.0205837 0.0196529 0.0174253 0.0149165 -0.00266404 -0.00166785 0.00185291 0.00402119 0.0081626
internal_weight=4413 655 244 411 231 127 3758 71 104 59 454 224 168 56 74 52 180 128 83 60 45 173 147 94 72 3304 563 68 47 43
internal_count=4413 655 244 411 231 127 3758 71 104 59 454 224 168 56 74 52 180 128 83 60 45 173 147 94 72 3304 563 68 47 43
is_linear=0
shrinkage=0.03


Tree=11
num_leaves=31
num_cat=0
split_feature=20 20 20 8 8 6 9 2 16 16 9 10 8 5 17 7 8 16 10 10 6 16 7 18 8 5 16 17 6 6
split_gain=106.471 12.1678 7.43068 6.53602 6.21359 5.4478 4.95002 2.80511 2.54108 1.97202 2.08855 2.17698 1.84056 1.76845 1.55646 1.97215 1.46086 1.45004 3.02419 1.82165 1.42703 1.3449 1.297 1.41925 1.61151 1.28318 1.2314 1.22466 0.962742 0.718053
threshold=0.57040581497477094 0.60947546798558971 0.53408883435755816 0.30935014610256384 0.20163812288966401 0.54239631336405547 0.80598103574033564 0.11197916666666667 26.500000000000004 27.500000000000004 0.5977388767323123 0.68301270189221941 0.17890958504461263 0.16531440162271807 0.33310749330662537 0.1598231199900437 0.18375450283017666 27.500000000000004 -0.5 -0.6830127018922193 0.53963133640553018 26.500000000000004 0.084671772017281502 0.44558823529411767 0.23440816817184998 0.36409736308316437 29.500000000000004 0.31805476456995485 0.3626728110599079 0.50921658986175122
decision_type=2 2 2 2 2 2 2 2 2 2 2 2 2 2 2 2 2 2 2 2 2 2 2 2 2 2 2 2 2 2
left_child=2 4 13 14 5 21 9 -7 -5 -4 11 -11 -9 -1 16 25 -3 -15 19 28 -20 -2 -6 -24 -25 -16 -26 -14 -19 -12
right_child=1 3 6 8 22 7 -8 12 -10 10 29 -13 27 17 15 -17 -18 18 20 -21 -22 -23 23 24 26 -27 -28 -29 -30 -31
leaf_value=-0.0024905024877263705 -0.00011020678795293415 0.00090444772921889779 -0.00014057425655529689 7.4211160989039684e-05 -0.00025003722149125762 0.00066007228088272641 0.0010526443523281362 0.00091546502453303301 0.0023600829932895278 0.0030726598780486244 -1.923408031226504e-05 4.6199603839252894e-05 0.00046903754998737081 -0.0010918248181909064 0.00087708863273809232 0.0017618547999376194 0.0029021295261969448 -0.0011374780161273398 -0.0006085655529025892 0.0020797450789064582 0.00073315639532504061 0.0026273009641995474 -0.00014443694542709849 0.00027110933085080911 0.00016717153738154215 0.0015166294389463342 0.0012959180895092516 0.0010855265057501263 0.00072804952714863359 0.00057156543234978304
leaf_weight=2855 22 27 139 31 28 38 24 27 40 27 27 23 20 368 27 23 23 23 269 36 24 23 28 48 21 73 39 20 20 20
leaf_count=2855 22 27 139 31 28 38 24 27 40 27 27 23 20 368 27 23 23 23 269 36 24 23 28 48 21 73 39 20 20 20
internal_value=-0.000355541 0.0118925 -0.0021284 0.016918 0.00798723 0.0123999 0.00276922 0.0161427 0.00925339 0.00144915 0.00473191 0.00899982 0.0198355 -0.00248261 0.0200635 0.0218779 0.0155997 -0.00117567 0.00014516 0.00535436 -0.00125938 0.00366658 0.00395119 0.00516173 0.00672216 0.0236998 0.00999983 0.0157496 0.00118602 0.000191485
internal_weight=4413 558 3855 244 314 150 260 105 71 236 97 50 67 3595 173 123 50 740 372 79 293 45 164 136 108 100 60 40 43 47
internal_count=4413 558 3855 244 314 150 260 105 71 236 97 50 67 3595 173 123 50 740 372 79 293 45 164 136 108 100 60 40 43 47
is_linear=0
shrinkage=0.03


Tree=12
num_leaves=31
num_cat=0
split_feature=0 0 8 6 8 1 1 11 9 16 11 16 11 6 7 17 7 8 6 5 17 9 6 16 11 9 17 17 9 9
split_gain=101.222 13.1523 7.15245 6.50297 6.46235 5.17812 4.13812 3.45904 3.23849 2.91491 2.169 1.98296 3.84338 3.0862 1.86857 1.73809 1.85256 1.33296 1.19794 1.14908 1.0763 1.12878 0.982607 0.969021 3.49993 0.860365 0.840441 0.750812 0.650569 1.48914
threshold=0.56286410739646286 0.60947546798558971 0.30935014610256384 0.52764976958525367 0.19814297748565238 0.085937500000000014 0.16406250000000003 1.0000000180025095e-35 0.80598103574033564 27.500000000000004 1.0000000180025095e-35 27.500000000000004 0.6830127018922193 0.42903225806451623 0.095648249209454236 0.33310749330662537 0.1598231199900437 0.18051107774196509 0.31935483870967746 0.36409736308316437 0.39378208946756316 0.5948212983223925 0.30921658986175121 27.500000000000004 0.6830127018922193 0.72611232676878201 0.31099480895242965 0.29652795506765389 0.60649161196207169 0.68490153172866541
decision_type=2 2 2 2 2 2 2 2 2 2 2 2 2 2 2 2 2 2 2 2 2 2 2 2 2 2 2 2 2 2
left_child=5 3 15 20 7 22 -4 -5 11 26 -11 28 13 -13 27 17 19 -3 -14 -17 -2 -22 -1 -24 25 -25 -6 -9 -7 -30
right_child=1 2 6 4 9 8 -8 14 -10 10 -12 12 18 -15 -16 16 -18 -19 -20 -21 21 -23 23 24 -26 -27 -28 -29 29 -31
leaf_value=-0.0027035130362335811 -0.00015788600743045991 0.00088803529515784187 2.8145025025813272e-05 0.0011343281074414004 -0.00011570252098659579 -0.00072586467687108859 0.0022727145769897549 0.00045597892151278487 0.0010032492218456073 0.0015032996032341463 0.0012022883833820658 -0.0006182377134794075 0.00084712859232223287 0.00055384554638780107 0.0004560730404880897 0.00085077597375595067 0.0017089991559394908 0.0022711684341657243 0.0023052440891073423 0.0014711305557779429 5.6257808374777307e-05 0.00074834403144069842 -0.00098833351288579968 -0.00037177253279099636 0.0010603207607545468 0.00026051173330805967 0.00023259781586317424 0.0015996009568584994 0.00083651060553875667 -0.00070012916913281687
leaf_weight=2682 57 20 33 29 38 151 38 20 25 31 23 105 21 38 26 27 23 30 29 73 39 41 430 210 37 37 24 25 20 31
leaf_count=2682 57 20 33 29 38 151 38 20 25 31 23 105 21 38 26 27 23 30 29 73 39 41 430 210 37 37 24 25 20 31
internal_value=-0.000416724 0.0110703 0.0164262 0.00736825 0.0106111 -0.00221384 0.00840833 0.0161998 0.000928569 0.00579305 0.0108887 0.000265821 0.0024404 -6.29373e-05 0.0126336 0.0197166 0.021634 0.0149997 0.00959981 0.0233998 0.00225546 0.00449994 -0.00260247 -0.00161344 -0.000253521 -0.0015425 0.00135482 0.016333 -0.00181187 0.00111762
internal_weight=4413 597 244 353 216 3816 71 100 420 116 54 395 193 143 71 173 123 50 50 100 137 80 3396 714 284 247 62 45 202 51
internal_count=4413 597 244 353 216 3816 71 100 420 116 54 395 193 143 71 173 123 50 50 100 137 80 3396 714 284 247 62 45 202 51
is_linear=0
shrinkage=0.03


Tree=13
num_leaves=31
num_cat=0
split_feature=20 20 8 20 8 9 9 9 5 17 8 7 5 6 16 1 6 17 7 3 16 10 10 8 12 9 5 5 17 10
split_gain=96.1208 11.3973 8.02736 7.08468 5.8029 4.49527 4.1225 3.54421 3.35521 2.06677 2.06129 1.85256 1.74593 1.6197 1.61795 1.89603 1.56235 2.8499 1.89939 1.50218 1.45004 2.59934 2.11014 1.42493 1.31481 1.23633 1.19922 1.14908 0.947318 0.700914
threshold=0.57040581497477094 0.60947546798558971 0.30935014610256384 0.53408883435755816 0.18809772008987066 0.57330415754923425 0.80598103574033564 0.69876002917578428 0.54462474645030434 0.33310749330662537 0.18051107774196509 0.1598231199900437 0.16531440162271807 0.7009216589861752 27.500000000000004 0.091145833333333343 0.54239631336405547 0.31099480895242965 0.1418343327749155 0.059895833333333336 27.500000000000004 -0.5 -0.6830127018922193 0.1813468332704895 1.0000000180025095e-35 0.5977388767323123 0.17545638945233269 0.36409736308316437 0.35286358607778068 0.68301270189221941
decision_type=2 2 2 2 2 2 2 2 2 2 2 2 2 2 2 2 2 2 2 2 2 2 2 2 2 2 2 2 2 2
left_child=3 4 9 12 5 -2 14 10 -4 13 -7 27 -1 -3 29 -16 18 24 19 -6 -14 22 -22 -23 -18 -17 -25 -11 -19 -5
right_child=1 2 8 6 16 7 -8 -9 -10 11 -12 -13 20 -15 15 25 17 28 -20 -21 21 23 -24 26 -26 -27 -28 -29 -30 -31
leaf_value=-0.0023412096033873118 5.7843368277900853e-05 0.00061925358724516618 0.00028543856274131974 -0.00047242926667334195 0.00062829800130150817 0.00092002098515972649 0.00099096754510292562 0.00035748105171259134 0.0022848369105281153 0.00082525269454327267 0.0011701319098841919 0.0016577291812613065 -0.0010364994690204288 0.0025915313856016888 -3.7445948408407931e-05 0.0021718744069962404 -0.00010004854633125797 0.0012048725077039332 0.0011769351543391929 -0.000240321880368261 1.1329901755897903e-05 -0.0017456108062099489 0.0020984581176262743 0.0006661121747427067 0.00051573436801652861 0.00041033350181743887 -1.0798186226454922e-05 0.0014269966391046039 0.00055216199244144924 4.5287667489535299e-05
leaf_weight=2855 24 25 44 62 23 28 24 27 27 27 22 23 368 25 39 27 31 38 21 55 43 191 36 22 23 31 80 73 22 77
leaf_count=2855 24 25 44 62 23 28 24 27 27 27 22 23 368 25 39 27 31 38 21 55 43 191 36 22 23 31 80 73 22 77
internal_value=-0.000443916 0.0111935 0.0160573 -0.0021284 0.00741399 0.0133365 0.00265384 0.0168699 0.00756327 0.0195432 0.0215996 0.021634 -0.00247427 0.0143997 0.00144915 0.00442263 0.00460561 0.00699994 0.00184847 -0.000307689 -0.00117567 0.00014516 0.00497462 -0.00115699 0.00199996 0.00786193 0.00170586 0.0233998 0.0114998 -0.000625895
internal_weight=4413 558 244 3855 314 101 260 77 71 173 50 123 3595 50 236 97 213 114 99 78 740 372 79 293 54 58 102 100 60 139
internal_count=4413 558 244 3855 314 101 260 77 71 173 50 123 3595 50 236 97 213 114 99 78 740 372 79 293 54 58 102 100 60 139
is_linear=0
shrinkage=0.03


Tree=14
num_leaves=31
num_cat=0
split_feature=20 20 9 20 8 8 9 17 17 17 16 6 6 5 9 6 16 11 17 6 11 11 16 11 8 6 8 1 8 18
split_gain=93.0163 11.3028 8.79337 5.99763 6.52581 3.89153 3.85003 3.27606 2.70695 2.63654 2.23011 3.14705 1.99971 1.77762 1.76477 1.62982 2.24489 9.12738 1.60366 1.5308 1.44024 1.59715 1.35439 1.0449 1.40811 0.893638 0.809161 0.803973 0.79261 0.590866
threshold=0.58757867942685726 0.53408883435755816 0.44128373450036479 0.60947546798558971 0.17890958504461263 0.30935014610256384 0.80598103574033564 0.35984171559867256 0.32570922397320157 0.33310749330662537 26.500000000000004 0.52764976958525367 0.7009216589861752 0.54462474645030434 0.5977388767323123 0.307373271889401 27.500000000000004 0.6830127018922193 0.2675707716731372 0.39493087557603695 -0.5 -0.9330127018922193 27.500000000000004 -0.24999999999999994 0.19522708183397192 0.40599078341013833 0.13676480482605258 0.065104166666666671 0.41775497033152903 0.48382352941176471
decision_type=2 2 2 2 2 2 2 2 2 2 2 2 2 2 2 2 2 2 2 2 2 2 2 2 2 2 2 2 2 2
left_child=1 15 28 4 -4 9 10 8 22 12 23 14 -5 -7 19 -1 -17 25 -13 -12 21 -11 -6 24 -3 -18 -19 -27 -2 -29
right_child=2 6 3 5 7 13 -8 -9 -10 20 11 18 -14 -15 -16 16 17 26 -20 -21 -22 -23 -24 -25 -26 27 -28 29 -30 -31
leaf_value=-0.002532676313278661 -0.00016734272341903787 0.00046974688906693975 0.00090894708268951681 0.00060067597962781231 3.2719720830122598e-05 0.00017153195484868229 0.00099687007609904174 0.00014658327520434414 0.0011385814686331612 0.0013296654591581085 0.00013632278524360682 0.00049120583190314054 0.0025137854440336399 0.0022542945718792449 -0.0001285945013446998 -0.0010234292233399424 -0.00078804308728245285 0.0020480528426959784 0.0033391629009778532 0.001971112415607254 0.0012310338765406611 0.0017320501267271489 0.00091026807613450603 -0.00046908798802574204 -5.0076159760184384e-05 -0.00024771319066960976 0.0012960097537045505 0.00084132567886947287 0.00026645717660838178 -1.876204139624949e-05
leaf_weight=2751 21 33 34 25 26 20 32 55 34 22 33 21 25 25 51 493 187 23 32 30 69 29 20 97 47 56 32 30 37 23
leaf_count=2751 21 33 34 25 26 20 32 55 34 22 33 21 25 25 51 493 187 23 32 30 69 29 20 97 47 56 32 30 37 23
internal_value=-0.000511897 -0.001965 0.012543 0.0141875 0.00995852 0.0175115 0.00298403 0.00699995 0.0108749 0.0195881 0.00205813 0.00454488 0.0137997 0.00966645 0.00173683 -0.00248261 -0.00132938 0.000504271 0.0105847 0.00509516 0.0219998 0.0181761 0.0061303 -0.000288135 0.00224997 -0.00158108 0.0117271 0.000577976 0.00165514 0.00322635
internal_weight=4413 3971 442 384 169 215 376 135 80 170 344 167 50 45 114 3595 844 351 53 63 120 51 46 177 80 296 55 109 58 53
internal_count=4413 3971 442 384 169 215 376 135 80 170 344 167 50 45 114 3595 844 351 53 63 120 51 46 177 80 296 55 109 58 53
is_linear=0
shrinkage=0.03


Tree=15
num_leaves=31
num_cat=0
split_feature=0 0 9 6 9 8 16 0 1 6 16 11 9 11 2 11 7 17 8 10 0 17 16 7 18 6 6 7 8 0
split_gain=81.1615 9.27747 7.66417 5.90338 4.28237 3.63998 5.14989 3.13822 2.63487 1.81243 2.7434 11.3282 1.63892 3.22369 1.44346 1.40303 1.29525 1.26948 1.31879 2.51899 1.06317 0.96488 1.36104 0.914022 0.788631 0.764032 0.663606 0.672756 0.624828 0.549573
threshold=0.58757867942685726 0.53840388049425569 0.44128373450036479 0.59032258064516141 0.80598103574033564 0.17890958504461263 27.500000000000004 0.61636054089337511 0.13802083333333334 0.30921658986175121 29.500000000000004 0.6830127018922193 0.53610503282275734 0.25000000000000017 0.15885416666666669 1.0000000180025095e-35 0.17708840336715329 0.25582268860463825 0.19374835634870594 0.25000000000000011 0.49403747443035323 0.32478086971321596 13.500000000000002 0.14507291196543173 0.48970588235294121 0.54884792626728129 0.40599078341013833 0.064385198188347884 0.19123505505912505 0.63245318005513651
decision_type=2 2 2 2 2 2 2 2 2 2 2 2 2 2 2 2 2 2 2 2 2 2 2 2 2 2 2 2 2 2
left_child=1 9 16 7 12 -5 21 23 15 -1 -11 26 24 17 29 -8 -2 -14 19 -19 -13 22 -7 25 -3 -4 -12 -28 -15 -10
right_child=2 4 3 5 -6 6 8 -9 14 10 11 20 13 28 -16 -17 -18 18 -20 -21 -22 -23 -24 -25 -26 -27 27 -29 -30 -31
leaf_value=-0.0024225044496818124 -9.0458060431463673e-05 -0.00011876536052068593 0.00014820296107416378 0.00079001334752936856 0.0011630771395552224 0.00040664183409671857 0.00091503726117695599 0.0016096675757679361 0.0016410217302019483 -0.00095406478082911287 -0.00072178354643756527 0.0015605891657843288 0.00058493997701617134 0.0034658048447961712 0.001671486937498036 0.00086021301364320741 0.00022458958469275667 -0.00041777363028918383 -0.00013323698008743282 0.0004400268588313732 0.0014091363132955734 0.00051202522700013488 -2.116995346768644e-05 0.0010416154301527624 0.00022936808160316905 0.00059216370866601795 0.00039497211242456439 -0.00019809568266660309 0.00175702278725241 0.00240973105677299
leaf_weight=2733 40 88 50 57 23 25 27 30 21 533 175 26 21 20 30 31 23 31 55 36 29 22 20 20 50 22 29 79 20 34
leaf_count=2733 40 88 50 57 23 25 27 30 21 533 175 26 21 20 30 31 23 31 55 36 29 22 20 20 50 22 29 79 20 34
internal_value=-0.000572728 -0.00195137 0.011469 0.0130411 0.00275581 0.0155393 0.0137142 0.00757371 0.01693 -0.00240067 -0.00120895 0.000905322 0.00185981 0.00372129 0.0202939 0.0119998 0.00176188 0.00161537 0.000442619 0.00326861 0.0133634 0.00685064 0.00433324 0.00482603 -0.000608692 0.00324995 -0.0015159 0.00033333 0.0112497 0.0231814
internal_weight=4400 3948 452 389 344 267 210 122 143 3604 871 338 321 183 85 58 63 143 122 67 55 67 45 92 138 72 283 108 40 55
internal_count=4400 3948 452 389 344 267 210 122 143 3604 871 338 321 183 85 58 63 143 122 67 55 67 45 92 138 72 283 108 40 55
is_linear=0
shrinkage=0.03


Tree=16
num_leaves=31
num_cat=0
split_feature=0 0 9 6 9 0 9 9 6 10 0 6 9 3 6 16 11 9 11 0 7 7 7 16 6 6 0 18 6 2
split_gain=77.4664 8.35992 7.1491 5.10002 3.59798 3.13822 3.02583 4.27361 2.47735 4.15243 2.18026 2.07937 2.30384 1.88898 1.81243 2.45799 10.6 1.40011 2.87233 1.3428 1.29525 0.914022 0.824567 1.15067 1.63328 0.809792 0.816815 0.788631 0.764032 0.69395
threshold=0.58757867942685726 0.53840388049425569 0.44128373450036479 0.59032258064516141 0.80598103574033564 0.61636054089337511 0.97957695113056176 0.8231218088986143 0.66175115207373281 0.93301270189221952 0.61229581972090841 0.69631336405529975 0.5948212983223925 0.10677083333333334 0.30921658986175121 27.500000000000004 0.6830127018922193 0.53610503282275734 0.25000000000000017 0.49403747443035323 0.17708840336715329 0.14507291196543173 0.11470218836877218 9.5000000000000018 0.52764976958525367 0.40599078341013833 0.48998056559818987 0.48970588235294121 0.54884792626728129 0.080729166666666671
decision_type=2 2 2 2 2 2 2 2 2 2 2 2 2 2 2 2 2 2 2 2 2 2 2 2 2 2 2 2 2 2
left_child=1 14 20 5 17 21 7 8 10 11 13 -10 -13 -5 -1 -16 25 27 22 -18 -2 28 23 -19 -25 -17 -27 -3 -4 -28
right_child=2 4 3 6 -6 -7 -8 -9 9 -11 -12 12 -14 -15 15 16 19 18 -20 -21 -22 -23 -24 24 -26 26 29 -29 -30 -31
leaf_value=-0.0023498293161913573 -8.7744318618518415e-05 -0.00011520239970506524 0.0001437568722419376 0.00081017166809213103 0.001128184825368566 0.0015613775484948969 0.0024701129383286869 0.00025688432738031679 0.0012522613861375037 7.2628998030428141e-05 0.00074688902465017549 0.00069880380250920504 0.00047021538992998105 0.00106971359544153 -0.00094248487194978294 -0.00073313176142939288 0.0015137714908108005 0.0004661241253272881 0.0032529928853938638 0.0013668622238967073 0.00021785189715197459 0.0010103669672481784 -0.00030825240255339694 -0.00023673495506891238 0.00044149401541823853 -0.00060909787800318747 0.0010657540737410022 0.00022248703915507542 0.00057439879740603817 -2.4569909380536499e-05
leaf_weight=2733 40 88 50 21 23 30 22 29 36 39 39 35 22 24 515 191 26 23 40 29 23 20 40 48 32 57 24 50 22 29
leaf_count=2733 40 88 50 21 23 30 22 29 36 39 39 35 22 24 515 191 26 23 40 29 23 20 40 48 32 57 24 50 22 29
internal_value=-0.000627273 -0.00197416 0.0111371 0.0126555 0.00249418 0.00757371 0.0149775 0.0140204 0.0154721 0.012909 0.0194998 0.0163547 0.0127892 0.0149997 -0.00240067 -0.00120895 0.000707862 0.00167289 0.00339342 0.0128179 0.00176188 0.00482603 0.00140558 0.00282521 0.00112499 -0.00150498 0.000545449 -0.000608692 0.00324995 0.00322635
internal_weight=4400 3948 452 389 344 122 267 245 216 132 84 93 57 45 3604 871 356 321 183 55 63 92 143 103 80 301 110 138 72 53
internal_count=4400 3948 452 389 344 122 267 245 216 132 84 93 57 45 3604 871 356 321 183 55 63 92 143 103 80 301 110 138 72 53
is_linear=0
shrinkage=0.03


Tree=17
num_leaves=31
num_cat=0
split_feature=0 0 9 6 8 17 1 0 9 6 16 11 16 6 2 1 2 18 0 17 17 17 9 9 9 11 6 16 8 16
split_gain=76.9523 7.18444 7.04823 4.9464 3.24173 5.86813 3.55663 3.13822 2.31911 1.7872 2.45799 10.6 1.54464 2.07728 2.05872 1.51814 1.43513 1.42751 1.3428 1.07374 0.960266 0.941556 0.845852 0.835214 0.811048 0.768246 0.761862 0.628558 0.585597 1.39772
threshold=0.58757867942685726 0.53840388049425569 0.44128373450036479 0.59032258064516141 0.17890958504461263 0.32478086971321596 0.13802083333333334 0.61636054089337511 0.80598103574033564 0.30921658986175121 27.500000000000004 0.6830127018922193 27.500000000000004 0.52764976958525367 0.11197916666666667 0.16927083333333334 0.11718750000000001 0.51617647058823535 0.49403747443035323 0.30352809298695055 0.4759594928091227 0.36886222449153272 0.69876002917578428 0.57330415754923425 0.60649161196207169 -0.24999999999999994 0.39861751152073738 18.500000000000004 0.1966496734981962 9.5000000000000018
decision_type=2 2 2 2 2 2 2 2 2 2 2 2 2 2 2 2 2 2 2 2 2 2 2 2 2 2 2 2 2 2
left_child=1 9 20 7 27 16 21 23 12 -1 -11 22 28 25 -15 -8 -6 -17 -13 -18 -2 -7 -12 -4 -25 -14 -27 -5 29 -3
right_child=2 8 3 4 5 6 15 -9 -10 10 11 18 13 14 -16 17 19 -19 -20 -21 -22 -23 -24 24 -26 26 -28 -29 -30 -31
leaf_value=-0.0022793344367056179 -6.8534068214815583e-05 0.0004470549718152343 -2.4996128418705912e-05 0.00083828190200300838 0.00076500958079619053 0.00060299951018523337 0.0017543144291355477 0.0015145362220400486 0.0010943392806075085 -0.00091421032579128852 -0.00065145285257277937 0.0014683583460864771 -0.00028796494020939481 0.0015165279273387287 0.00093721866772381165 0.0010147038345178305 -1.1408043969937951e-05 0.0018961480870864818 0.0013258563571798062 0.00047522975423492069 0.00039827413015552666 0.0010729190557693328 4.7893558571962471e-05 0.00058531130359233674 0.00047991614498244965 2.2575341119540269e-06 0.0017697370727861013 0.00065257433018933784 -0.00022675712095691751 -8.4803982564987931e-05
leaf_weight=2733 42 33 22 31 33 27 32 30 23 515 245 26 38 31 21 22 26 26 29 21 21 23 56 39 31 36 27 26 95 40
leaf_count=2733 42 33 22 31 33 27 32 30 23 515 245 26 38 31 21 22 26 26 29 21 21 23 56 39 31 36 27 26 95 40
internal_value=-0.000654546 -0.00199696 0.0110708 0.0125784 0.0148651 0.0131428 0.0170768 0.00757371 0.00214534 -0.00239234 -0.00120895 0.000707862 0.00148598 0.00366664 0.0085383 0.0209997 0.00674991 0.0176246 0.0128179 0.00338291 0.00176188 0.0107998 -0.00150498 0.00482603 0.00642848 0.0011584 0.00319042 0.0212102 -0.000499998 0.00152053
internal_weight=4400 3948 452 389 267 210 130 122 344 3604 871 356 321 153 52 80 80 48 55 47 63 50 301 92 70 101 63 57 168 73
internal_count=4400 3948 452 389 267 210 130 122 344 3604 871 356 321 153 52 80 80 48 55 47 63 50 301 92 70 101 63 57 168 73
is_linear=0
shrinkage=0.03


Tree=18
num_leaves=31
num_cat=0
split_feature=0 9 0 9 8 11 9 9 6 7 11 11 8 2 9 11 10 2 6 7 2 7 9 18 6 3 1 7 6 1
split_gain=74.1206 6.65194 6.37986 4.62838 4.5765 4.65586 4.19631 2.45286 1.7872 1.29525 1.28811 5.73622 2.53528 1.68579 1.11021 2.2304 1.09066 1.4253 2.1497 1.16261 2.60151 1.53379 1.04776 0.906712 0.893186 0.840164 0.682793 0.646145 0.829724 0.7763
threshold=0.58757867942685726 0.44128373450036479 0.53840388049425569 0.97957695113056176 0.17890958504461263 -0.9330127018922193 0.50474106491611981 0.80598103574033564 0.30921658986175121 0.17708840336715329 0.6830127018922193 0.93301270189221952 0.1813468332704895 0.075520833333333343 0.53610503282275734 0.25000000000000017 0.93301270189221952 0.15885416666666669 0.61244239631336417 0.098703409235773101 0.085937500000000014 0.13980411543182011 0.59263311451495271 0.48970588235294121 0.59308755760368681 0.10156250000000001 0.12760416666666669 0.11470218836877218 0.5055299539170508 0.096354166666666671
decision_type=2 2 2 2 2 2 2 2 2 2 2 2 2 2 2 2 2 2 2 2 2 2 2 2 2 2 2 2 2 2
left_child=2 9 8 4 25 -6 -7 14 -1 -2 24 12 13 -12 23 27 17 18 19 -8 -21 -22 -20 -4 -10 -3 -18 28 -16 -30
right_child=1 3 7 -5 5 6 16 -9 10 -11 11 -13 -14 -15 15 -17 26 -19 22 20 21 -23 -24 -25 -26 -27 -28 -29 29 -31
leaf_value=-0.0022109544036044504 -8.3055967013519495e-05 0.00059832833845793818 -0.00013986288774562623 0.0023429546142005138 0.0013247546274747384 0.00076076631755974853 0.00011950114324882318 0.0010615091021892824 -0.00065910482712541437 0.00021057150574811973 -9.9474797399939837e-05 -0.0019568032688248608 0.00069460312956187232 0.0015168397207168602 -2.6271893582820849e-05 0.0031030706070215475 2.5847187584111156e-06 0.000244788000899612 0.0010287818547604075 0.00016103621687431225 0.00101199929020147 0.00069882686836121762 0.0013615116556308993 0.00021120194384882272 0.00095731300551273176 0.00074381699326241406 0.00030321639323404947 -0.00029036588227051208 0.00013947330587817865 0.00035333535789124434
leaf_weight=2733 40 22 88 22 25 39 26 23 601 23 41 159 23 26 55 40 28 32 21 23 20 24 26 50 21 50 31 40 26 22
leaf_count=2733 40 22 88 22 25 39 26 23 601 23 41 159 23 26 55 40 28 32 21 23 20 24 26 50 21 50 31 40 26 22
internal_value=-0.000702273 0.0108053 -0.00201976 0.0122699 0.0114686 0.00981353 0.00866663 0.00188371 -0.00239234 0.00176188 -0.00120895 0.000614455 0.00666659 0.00371636 0.0012056 0.00273769 0.00712984 0.00833716 0.00964279 0.00699992 0.00908942 0.0133633 0.014872 -0.000826082 -0.0019389 0.0182497 0.00361011 0.000986006 0.0022427 0.00512489
internal_weight=4400 452 3948 389 367 295 270 344 3604 63 871 249 90 67 321 183 231 172 140 93 67 44 47 138 622 72 59 143 103 48
internal_count=4400 452 3948 389 367 295 270 344 3604 63 871 249 90 67 321 183 231 172 140 93 67 44 47 138 622 72 59 143 103 48
is_linear=0
shrinkage=0.03


Tree=19
num_leaves=31
num_cat=0
split_feature=20 5 9 9 11 9 6 16 11 6 7 17 9 1 9 6 11 7 6 10 7 7 2 9 16 1 7 11 9 17
split_gain=66.8975 6.21218 5.71136 4.2272 3.91905 3.09877 2.76176 2.66073 3.91799 2.62907 2.322 2.28467 2.05091 1.96424 1.95318 1.93658 4.54434 4.12195 2.96336 1.78656 1.75261 1.29525 1.13629 1.00528 1.78263 0.98613 0.722386 1.90561 2.65834 0.568098
threshold=0.58757867942685726 0.18965517241379312 0.44128373450036479 0.97957695113056176 -0.9330127018922193 0.73668854850474119 0.59308755760368681 27.500000000000004 0.6830127018922193 0.42073732718894014 0.084671772017281502 0.36533061016083745 0.57148067104303446 0.085937500000000014 0.67177242888402644 0.65483870967741953 1.0000000180025095e-35 0.10150446750004584 0.62350230414746555 0.25000000000000011 0.14842600721355023 0.17708840336715329 0.085937500000000014 0.60649161196207169 9.5000000000000018 0.12760416666666669 0.090266055694361871 0.6830127018922193 0.41320204230488705 0.27516807080248495
decision_type=2 2 2 2 2 2 2 2 2 2 2 2 2 2 2 2 2 2 2 2 2 2 2 2 2 2 2 2 2 2
left_child=1 26 21 4 -4 6 10 23 9 -9 -6 19 -8 -11 -15 18 17 -17 -14 -10 -7 -2 -12 -3 -25 -24 -1 -28 -29 -26
right_child=2 7 3 -5 5 20 12 8 11 13 22 -13 15 14 -16 16 -18 -19 -20 -21 -22 -23 25 24 29 -27 27 28 -30 -31
leaf_value=-0.0018318305263977912 -8.0564288003113799e-05 -0.0004374615327715872 0.0012850119886504967 0.0022726659757744978 -9.4585250033687199e-05 0.00092067607940419984 0.00092797631623711555 -0.00060958124950863044 0.0032889983501549216 -3.2892878140945853e-05 0.00022009045247813719 0.00084351258877588583 0.00050316070502258448 0.0001750356100485836 0.0010910647054131856 0.00065999743535205936 5.7072112621722893e-05 0.0012086004979732379 0.00077902728683690422 0.00063509066285998646 -0.00065327137220262297 0.00020425436057567664 0.0008686660433552914 0.00064227253842541281 0.00024941821777181035 0.00064190277999793828 -0.0014248921144331074 -0.0025178379468902669 0.0018159754165166938 -0.0005557551868633501
leaf_weight=3016 40 296 25 22 22 25 39 138 27 60 22 52 28 35 31 29 46 30 23 24 28 23 27 28 20 23 122 24 26 49
leaf_count=3016 40 296 25 22 22 25 39 138 27 60 22 52 28 35 31 29 46 30 23 24 28 23 27 28 20 23 122 24 26 49
internal_value=-0.00079091 -0.00204255 0.0101416 0.0114987 0.0107329 0.00989471 0.0111176 0.000394736 0.0022316 0.000295453 0.00689354 0.0071941 0.0131538 0.00342854 0.00699989 0.0116153 0.00928563 0.0147964 0.0164114 0.0117057 0.00322635 0.00176188 0.00949987 -0.00132061 0.00132988 0.0119998 -0.00262359 -0.000732555 0.00419992 -0.00126085
internal_weight=4400 3948 452 389 367 342 289 760 367 264 94 103 195 126 66 156 105 59 51 51 53 63 72 393 97 50 3188 172 50 69
internal_count=4400 3948 452 389 367 342 289 760 367 264 94 103 195 126 66 156 105 59 51 51 53 63 72 393 97 50 3188 172 50 69
is_linear=0
shrinkage=0.03


Tree=20
num_leaves=31
num_cat=2
split_feature=0 0 9 19 8 7 9 9 0 18 1 4 9 10 7 19 7 12 10 5 0 0 12 2 2 9 18 5 9 8
split_gain=61.5426 6.25312 5.35494 6.46687 4.41045 3.80202 2.63286 2.36049 2.09014 2.39045 1.92024 1.78578 1.21491 1.74234 1.89053 1.20911 1.11143 1.23257 0.946921 0.735108 0.704869 0.703197 0.618771 1.06556 1.12945 0.695919 0.57298 0.941374 0.541227 0.454326
threshold=0.58757867942685726 0.52628531952766189 0.97957695113056176 0 0.18916446128283268 0.085704493569116261 0.57622173595915405 0.80598103574033564 0.59743234789882671 0.4485294117647059 0.13281250000000003 0.096354166666666671 0.27425237053245816 -0.5 0.10150446750004584 1 0.10036056523027932 1.0000000180025095e-35 0.25000000000000011 0.16531440162271807 0.48998056559818987 0.50292584880915914 -0.60785761079279388 0.085937500000000014 0.059895833333333336 0.5970094821298324 0.47500000000000003 0.347870182555781 0.57622173595915405 0.30935014610256384
decision_type=2 2 2 1 2 2 2 2 2 2 2 2 2 2 2 1 2 2 2 2 2 2 2 2 2 2 2 2 2 2
left_child=1 11 3 5 10 6 -2 12 -7 -10 -5 19 -3 14 -14 18 -11 28 20 -1 -13 -22 23 24 -15 -24 27 -6 -18 -28
right_child=2 7 -4 4 26 8 -8 -9 9 16 -12 15 13 22 -16 -17 17 -19 -20 -21 21 -23 25 -25 -26 -27 29 -29 -30 -31
leaf_value=-0.0020477377891910124 0.00010497800105250823 -0.00074951732790048606 0.0023094663167889384 0.00022958425889919344 0.00058282514676297442 0.00068413879596970078 0.0006411688839209228 0.00087284824886735182 0.00083547028531941246 0.00083637397721609229 0.00058647000634507243 -0.00078961347399897016 0.002685163302373937 0.00054723917233240023 0.00016022179398494994 -0.00056743908608055782 0.001173732771793106 0.00094182592243092686 0.00058025304706825357 -0.00076693881768846619 0.00075087348941058486 -5.9662470228356516e-05 -8.2149974948929059e-05 0.00043658466509245692 -0.00024110400618858089 0.00019696881949099129 -0.00025678907800417896 -7.4829036597171868e-06 0.0010053037687072512 0.00019158404227658847
leaf_weight=2756 39 66 25 26 22 20 29 32 23 34 21 38 32 25 32 125 26 41 30 592 20 22 94 21 34 99 40 25 25 31
leaf_count=2756 39 66 25 26 22 20 29 32 23 34 21 38 32 25 32 125 26 41 30 592 20 22 94 21 34 99 40 25 25 31
internal_value=-0.000901013 -0.00205177 0.00992738 0.00908953 0.00368569 0.0121821 0.00670578 0.00134482 0.0151064 0.0163287 0.0116806 -0.00246414 0.000722082 0.00145103 0.00590616 6.38288e-05 0.0179522 0.016239 0.00224998 -0.00264158 0.00074999 0.00342849 0.000406591 0.00262497 0.000559312 -0.000512951 0.000813552 0.00338291 0.0193526 -0.000887312
internal_weight=4445 4018 427 402 165 237 68 435 169 149 47 3583 403 337 64 235 126 92 110 3348 80 42 273 80 59 193 118 47 51 71
internal_count=4445 4018 427 402 165 237 68 435 169 149 47 3583 403 337 64 235 126 92 110 3348 80 42 273 80 59 193 118 47 51 71
cat_boundaries=0 1 2
cat_threshold=546 166
is_linear=0
shrinkage=0.03


Tree=21
num_leaves=31
num_cat=0
split_feature=0 6 8 16 0 16 10 6 8 11 4 17 11 0 2 7 5 11 16 10 10 7 6 9 7 7 8 8 2 2
split_gain=60.411 5.48209 4.67635 5.9119 5.2882 4.23879 4.91411 2.32327 2.05144 2.02348 1.82535 2.3305 1.31325 2.02487 1.31272 1.16861 0.873964 1.59999 1.55074 2.36611 0.694283 0.681455 0.648996 0.625894 0.862894 0.595246 0.587731 0.799823 0.465746 0.436344
threshold=0.58757867942685726 0.37465437788018441 0.1813468332704895 27.500000000000004 0.61090751480435135 27.500000000000004 -0.5 0.62350230414746555 0.27719287970000966 -0.24999999999999994 0.075520833333333343 0.44987660624627707 0.6830127018922193 0.56286410739646286 0.11197916666666667 0.073252975929760156 0.16531440162271807 0.6830127018922193 29.500000000000004 0.25000000000000011 0.68301270189221941 0.097920479806488284 0.57281105990783432 0.53610503282275734 0.065904323980221752 0.060055430377196566 0.43871151078150539 0.1966496734981962 0.075520833333333343 0.049479166666666671
decision_type=2 2 2 2 2 2 2 2 2 2 2 2 2 2 2 2 2 2 2 2 2 2 2 2 2 2 2 2 2 2
left_child=1 16 15 9 7 23 28 22 12 -4 -6 14 25 -14 -12 -2 -1 -18 -19 -20 -16 -17 -5 -3 -25 -8 27 -11 -7 -21
right_child=2 5 3 4 10 6 8 -9 -10 26 11 -13 13 -15 20 21 17 18 19 29 -22 -23 -24 24 -26 -27 -28 -29 -30 -31
leaf_value=-0.0019888737064346117 0.00056540345121487083 -0.00088942773434365927 0.0012301530125092563 0.00013493944762240064 0.0009823462243269388 0.0013985921675615332 0.00016990110884613764 0.00091425674354854132 0.0010781632902124205 0.00016797852763783013 0.00093560658955040867 0.0018777280272319879 0.00047745113453541232 -7.3730992096649787e-05 0.00055371976561560991 0.00070413259204025439 -0.00078354657229335895 -0.00085654846257839686 0.0020911171386995709 0.00060896807724433982 0.0020981195102857384 0.00029061611635873167 0.0006495524960875279 0.00018786035852264872 -7.7416348909016783e-05 -6.4940057504497134e-05 0.00025016430944892909 -0.00053948488168825898 0.0028419353718380255 -0.0013019737250675586
leaf_weight=2774 22 287 24 48 40 20 29 20 39 21 23 23 20 20 20 33 390 42 31 20 25 22 30 21 121 157 33 43 23 24
leaf_count=2774 22 287 24 48 40 20 29 20 39 21 23 23 20 20 20 33 390 42 31 20 25 22 30 21 121 157 33 43 23 24
internal_value=-0.000941508 -0.00208163 0.00978686 0.00831426 0.0111484 0.000256444 0.00294155 0.00587749 0.00141509 0.00295039 0.0150915 0.0174394 0.000318582 0.00524987 0.0146468 0.0164803 -0.00260683 -0.00146154 0.00161537 0.00419994 0.0116664 0.0188178 0.00353842 -0.00167133 -4.22539e-05 -0.000741932 0.00102061 -0.00065624 0.0123485 -0.000272722
internal_weight=4445 4018 427 350 229 737 308 98 265 121 131 91 226 40 68 77 3281 507 117 75 45 55 78 429 142 186 97 64 43 44
internal_count=4445 4018 427 350 229 737 308 98 265 121 131 91 226 40 68 77 3281 507 117 75 45 55 78 429 142 186 97 64 43 44
is_linear=0
shrinkage=0.03


Tree=22
num_leaves=31
num_cat=0
split_feature=0 6 8 9 11 16 10 8 16 9 0 7 11 11 0 12 16 11 7 9 10 2 16 10 4 9 3 8 9 2
split_gain=59.7734 5.14082 4.77504 5.83881 5.76876 4.24843 4.957 2.01331 1.7686 2.25634 3.78137 2.10464 1.89688 1.28658 2.02487 1.24626 0.911979 0.865776 2.52867 3.21312 1.09926 0.933693 0.838839 2.29153 0.693358 0.677329 0.751146 0.598284 0.937134 0.558314
threshold=0.58757867942685726 0.37465437788018441 0.1813468332704895 0.97957695113056176 -0.9330127018922193 29.500000000000004 -0.5 0.27719287970000966 27.500000000000004 0.58825674690007312 0.60199702478080097 0.12106829783344576 -0.24999999999999994 0.6830127018922193 0.56286410739646286 0.6078576107927941 18.500000000000004 0.6830127018922193 0.069872590815374724 0.5948212983223925 -0.24999999999999994 0.028645833333333336 29.500000000000004 0.25000000000000011 0.10677083333333334 0.60649161196207169 0.12239583333333334 0.19374835634870594 0.70386579139314387 0.096354166666666671
decision_type=2 2 2 2 2 2 2 2 2 2 2 2 2 2 2 2 2 2 2 2 2 2 2 2 2 2 2 2 2 2
left_child=1 17 15 4 -4 25 -7 13 12 10 -10 -12 -6 27 -15 16 -2 -1 21 20 -20 -19 -23 -24 -11 -3 -27 28 -8 -14
right_child=2 5 3 -5 8 6 7 -9 9 24 11 -13 29 14 -16 -17 -18 18 19 -21 -22 22 23 -25 -26 26 -28 -29 -30 -31
leaf_value=-0.0016898031940680925 0.00060270089593504497 -0.00055731306770923084 0.00096380743704033828 0.0021973226419704384 0.0011932484221339778 0.0023799472957152729 -9.8635294434134578e-05 0.0010458183915060494 5.3642120123035311e-05 0.00037263894825028505 0.00064362871814455536 0.00088367339758487016 -9.6315998045185994e-05 0.00046312760049934862 -7.1519062333751148e-05 0.00072123290078492 0.00049976635467578853 -0.0050706142863886769 0.00086948602068587547 0.0020871435407728194 -0.0011898420324444347 -0.001017241425127594 0.0019576199095039737 -0.0012154673348536928 0.0015552119873049274 -7.8206710969137597e-05 0.00028618161377166288 -8.4652673261857088e-05 0.00018536844869045528 0.00015861601297226607
leaf_weight=2374 27 347 25 25 24 37 38 39 21 77 31 20 21 20 20 21 29 593 29 27 54 96 29 79 30 71 21 117 27 76
leaf_count=2374 27 347 25 25 24 37 38 39 21 77 31 20 21 20 20 21 29 593 29 27 54 96 29 79 30 71 21 117 27 76
internal_value=-0.000955006 -0.0020891 0.0097166 0.00822855 0.00715382 0.000175033 0.00293959 0.00148275 0.00599998 0.00789381 0.0119998 0.0164114 0.00319832 0.000378376 0.00524987 0.0164803 0.0141426 -0.00259768 -0.00180926 0.00245452 -0.000469875 -0.00239774 -0.000647056 0.00116666 0.00513079 -0.00170159 0.000586949 -0.000692305 0.00161536 0.00132988
internal_weight=4445 4018 427 350 325 737 298 261 300 179 72 51 121 222 40 77 56 3281 907 110 83 797 204 108 107 439 92 182 65 97
internal_count=4445 4018 427 350 325 737 298 261 300 179 72 51 121 222 40 77 56 3281 907 110 83 797 204 108 107 439 92 182 65 97
is_linear=0
shrinkage=0.03


Tree=23
num_leaves=31
num_cat=2
split_feature=0 0 9 19 7 6 9 9 4 2 7 4 9 17 12 16 19 16 11 10 3 17 7 5 11 16 10 17 3 3
split_gain=55.2898 5.78198 4.91318 7.0802 3.71977 2.75691 3.50606 2.19627 1.95829 1.57577 1.54676 2.23834 2.37061 1.33152 1.84179 1.19038 1.17548 1.30305 2.55416 1.10321 1.03161 0.821442 0.681786 0.659482 0.92707 2.26064 2.9332 0.506665 0.46 0.435718
threshold=0.58757867942685726 0.52628531952766189 0.97957695113056176 0 0.085704493569116261 0.64746543778801857 0.57148067104303446 0.57622173595915405 0.096354166666666671 0.16406250000000003 0.078820572627737201 0.065104166666666671 0.53610503282275734 0.42051740277423205 -1.0000000180025095e-35 23.500000000000004 1 18.500000000000004 0.25000000000000017 0.68301270189221941 0.091145833333333343 0.39378208946756316 0.071659504697138346 0.16531440162271807 0.6830127018922193 29.500000000000004 0.25000000000000011 0.34515477772984848 0.054687500000000007 0.10156250000000001
decision_type=2 2 2 1 2 2 2 2 2 2 2 2 2 2 2 2 1 2 2 2 2 2 2 2 2 2 2 2 2 2
left_child=1 8 3 4 7 6 -6 -2 23 19 11 -3 -13 14 27 -16 17 -10 22 -7 -14 -12 -19 -1 -25 -26 -27 -5 -15 -8
right_child=2 10 -4 13 5 9 29 -9 16 -11 21 12 20 28 15 -17 -18 18 -20 -21 -22 -23 -24 24 25 26 -28 -29 -30 -31
leaf_value=-0.0018759453485002013 8.4515014246544008e-05 -8.1198844748153851e-05 0.002131402962711324 -0.0003093145823867406 0.00063956669339546902 0.00088084736824053868 0.001592860355927663 0.00058390064826783757 -0.00050702097011795771 0.00020198710775338409 -5.6923663971710238e-05 -2.7946344579747124e-05 0.00070268507329525136 7.8292390748938999e-05 0.00017312827404891555 0.00058355005978721658 -0.00061042161853129052 0.00077074063891225037 0.0012747492269648256 0.00031801001005780016 0.00090059264461563656 0.00066176755901469159 -0.00060952834126915922 -0.00078149726023271605 -0.0012648392296536227 0.0019586827951691044 -0.00093379731119915313 0.00022852266651543995 -0.00014927752393473348 0.001035346806785496
leaf_weight=2756 39 59 25 20 40 29 24 29 44 27 242 28 29 21 27 36 119 20 28 29 38 39 24 450 79 25 38 29 32 20
leaf_count=2756 39 59 25 20 40 29 24 29 44 27 242 28 29 21 27 36 119 20 28 29 38 39 24 450 79 25 38 29 32 20
internal_value=-0.000968504 -0.00205923 0.00929506 0.00849252 0.0116963 0.0145739 0.0184284 0.00626461 -0.00245576 0.0107646 0.00120689 0.00362335 0.00647362 0.00299998 0.00503567 0.00842844 0.000191488 0.00223808 0.0049166 0.0135515 0.00953717 -0.000117438 0.000409081 -0.00264158 -0.00173311 0.000380278 0.00461897 0.000673455 -0.000735836 0.0242722
internal_weight=4445 4018 427 402 237 169 84 68 3583 85 435 154 95 165 112 63 235 116 72 58 67 281 44 3348 592 142 63 49 53 44
internal_count=4445 4018 427 402 237 169 84 68 3583 85 435 154 95 165 112 63 235 116 72 58 67 281 44 3348 592 142 63 49 53 44
cat_boundaries=0 1 2
cat_threshold=546 46
is_linear=0
shrinkage=0.03


Tree=24
num_leaves=31
num_cat=1
split_feature=0 0 8 16 0 16 10 4 16 10 8 5 9 17 16 9 8 19 16 11 16 1 11 16 13 16 9 17 1 9
split_gain=52.9418 4.96829 4.91982 5.34899 4.61732 2.50697 2.05101 1.92256 1.72627 3.96489 2.6404 1.48497 3.6849 1.58296 1.24632 1.17939 1.15666 1.05302 1.67716 3.67785 0.92062 0.74259 1.18425 2.08033 0.668506 0.674947 0.66703 0.572761 0.54439 0.420899
threshold=0.58757867942685726 0.52628531952766189 0.17890958504461263 27.500000000000004 0.64473107689836062 5.5000000000000009 0.25000000000000011 0.10156250000000001 29.500000000000004 -0.5 0.27719287970000966 0.33569979716024351 0.58825674690007312 0.34766520237455956 17.500000000000004 0.60649161196207169 0.30935014610256384 0 18.500000000000004 -0.24999999999999994 16.500000000000004 0.080729166666666671 0.6830127018922193 29.500000000000004 -0.22252093395631442 16.500000000000004 0.58825674690007312 0.33161080935151527 0.15885416666666669 0.70386579139314387
decision_type=2 2 2 2 2 2 2 2 2 2 2 2 2 2 2 2 2 1 2 2 2 2 2 2 2 2 2 2 2 2
left_child=1 7 14 5 6 -4 -5 21 15 -10 27 26 -13 -14 -2 -3 -6 18 -9 -20 -17 -1 -23 -24 -7 -26 -8 29 -15 -11
right_child=2 8 3 4 16 24 11 17 9 10 -12 12 13 28 -16 20 -18 -19 19 -21 -22 22 23 -25 25 -27 -28 -29 -30 -31
leaf_value=-0.0015683404732829182 0.00063127544248524803 -0.00023238160044733818 0.0011637220137512695 0.0013295148673399765 0.00095752853286197397 -6.0055088593276582e-05 -8.1074777739418687e-05 -0.00051656084150846491 0.0025582046047321031 -8.1946901396428196e-06 0.00097506052236771975 0.00060773874942863138 0.001956148216390341 -2.2024892419137799e-05 0.00054422890202243516 0.00041306462218642596 0.0016724057960193573 -0.00047072698444425152 -0.00032415136079373051 0.00084149398885479429 -0.0001100784916184156 -0.00094704646963304719 -0.00086042948306142052 0.0016508647682405323 0.00026573157869815375 1.2995270948852261e-05 0.00024037967598572921 -9.6592701613908721e-05 0.0015082456891896527 0.00017476094948740093
leaf_weight=3103 24 161 22 29 21 48 21 39 27 44 21 39 20 33 42 45 24 105 36 26 28 206 39 29 20 40 24 88 20 21
leaf_count=3103 24 161 22 29 21 48 21 39 27 44 21 39 20 33 42 45 24 105 36 26 28 206 39 29 20 40 24 88 20 21
internal_value=-0.00102925 -0.00209657 0.00901403 0.0076371 0.0103766 0.00276921 0.00829028 -0.00246414 0.000931032 0.00297013 0.00131034 0.00693626 0.00878564 0.00480815 0.0165452 -0.00082051 0.0189996 0.000349512 0.00240538 0.00570958 0.00234243 -0.00263577 -0.00113868 0.00229408 0.00088888 0.00299995 0.00233328 -5.88239e-05 0.0020943 0.00207689
internal_weight=4445 4018 427 361 231 130 186 3583 435 201 174 157 112 73 66 234 45 206 101 62 73 3377 274 68 108 60 45 153 53 65
internal_count=4445 4018 427 361 231 130 186 3583 435 201 174 157 112 73 66 234 45 206 101 62 73 3377 274 68 108 60 45 153 53 65
cat_boundaries=0 1
cat_threshold=166
is_linear=0
shrinkage=0.03


Tree=25
num_leaves=31
num_cat=1
split_feature=20 1 9 19 17 8 8 20 16 8 5 16 10 10 6 20 4 17 16 9 9 5 3 9 13 20 1 13 3 5
split_gain=49.736 6.13229 5.19299 2.94699 3.06221 2.68917 2.67592 2.07971 2.2641 3.6362 1.91125 1.74525 3.22306 2.40487 2.04952 2.17244 1.28164 1.21892 1.00981 0.84423 0.830027 0.818049 0.760581 0.7078 0.705255 0.625531 0.588773 0.463453 0.427887 0.41648
threshold=0.58757867942685726 0.085937500000000014 0.44128373450036479 0 0.4564717896349248 0.32168781531003504 0.19218106975147189 0.59537384276397409 27.500000000000004 0.17890958504461263 0.39249492900608524 27.500000000000004 -0.5 -0.6830127018922193 0.44285714285714295 0.56498757140591482 0.096354166666666671 0.34163049953195485 27.500000000000004 0.53610503282275734 0.60649161196207169 0.23833671399594322 0.054687500000000007 0.57148067104303446 1.0000000180025095e-35 0.53546325041373666 0.065104166666666671 -0.22252093395631442 0.096354166666666671 0.17917511832319136
decision_type=2 2 2 1 2 2 2 2 2 2 2 2 2 2 2 2 2 2 2 2 2 2 2 2 2 2 2 2 2 2
left_child=1 16 -2 4 5 7 17 -4 9 -9 23 19 13 -13 -14 21 29 -5 -18 -3 -8 -16 -20 -10 -12 -21 -24 -27 -17 -1
right_child=2 11 3 6 -6 -7 20 8 10 -11 24 12 14 -15 15 28 18 -19 22 25 -22 -23 26 -25 -26 27 -28 -29 -30 -31
leaf_value=-0.0016942868356618727 4.0364211813654647e-06 -0.00087177717090490732 0.0003142330497813208 0.00021670599051740687 0.0014633228770243539 0.00016400457308315353 0.00024585068765968255 0.00062895786869948613 0.00059732419142276088 5.6832750237075658e-05 0.00058310968699915359 0.00024576530737703821 -0.00013399880479309393 0.0020482951508149073 0.00023523593250608123 0.00063444630895210304 -0.0004182969070897988 0.00051360908039414994 -0.00013294567801725818 -0.00026257811771932541 -0.00033589971981692098 0.00056560888286253785 4.0409208883208879e-05 0.0018911390210181148 0.0011483254398839439 -7.4461559007194923e-06 0.00089819371120283624 0.00031528680453762371 -0.00015026985507501759 -0.00047532998432713236
leaf_weight=2832 57 127 26 23 38 26 30 38 23 33 27 21 129 33 22 20 126 26 43 53 31 22 39 36 23 27 36 31 23 382
leaf_count=2832 57 127 26 23 38 26 30 38 23 33 27 21 129 33 22 20 126 26 43 53 31 22 39 36 23 27 36 31 23 382
internal_value=-0.00100363 -0.00206203 0.00860181 0.00986839 0.0115714 0.0107068 0.00424996 0.0118543 0.0129999 0.00883086 0.0157155 0.00101575 0.00266666 0.00922205 0.00102777 0.00458615 -0.00251417 0.00985694 -0.000418032 -0.00085714 0.000442615 0.00927252 0.00157626 0.0193726 0.0113998 0.00105404 0.00339995 0.00320684 -0.000209298 -0.0026733
internal_weight=4403 3966 437 380 270 232 110 206 180 71 109 508 270 54 216 87 3458 49 244 238 61 44 118 59 50 111 75 58 43 3214
internal_count=4403 3966 437 380 270 232 110 206 180 71 109 508 270 54 216 87 3458 49 244 238 61 44 118 59 50 111 75 58 43 3214
cat_boundaries=0 1
cat_threshold=550
is_linear=0
shrinkage=0.03


Tree=26
num_leaves=31
num_cat=2
split_feature=20 20 9 19 17 8 8 16 8 20 20 16 4 19 9 2 6 8 16 3 7 9 5 16 9 7 8 4 5 9
split_gain=46.313 5.61116 4.77938 2.86711 2.80039 2.75775 2.46458 2.16107 3.04748 1.68708 2.27888 1.68018 1.38248 1.35271 1.75717 1.3216 1.31483 1.69198 1.12536 0.968762 0.866952 0.748568 0.739514 0.881252 2.72525 0.884763 1.67107 0.749932 0.694388 0.657415
threshold=0.58757867942685726 0.52080508158020811 0.44128373450036479 0 0.4564717896349248 0.1813468332704895 0.32168781531003504 28.500000000000004 0.17890958504461263 0.6006938435474457 0.61636054089337511 27.500000000000004 0.11197916666666667 1 0.71298322392414315 0.11197916666666667 0.41705069124423971 0.21176080412325526 20.500000000000004 0.054687500000000007 0.069319605145613042 0.72611232676878201 0.13691683569979718 29.500000000000004 0.30598103574033558 0.10036056523027932 0.14721395781728094 0.049479166666666671 0.17139959432048682 0.60649161196207169
decision_type=2 2 2 1 2 2 2 2 2 2 2 2 2 1 2 2 2 2 2 2 2 2 2 2 2 2 2 2 2 2
left_child=1 12 -2 4 6 -5 7 8 -4 -9 -11 29 22 14 16 -7 -13 -18 -14 -20 -15 -12 -1 -24 27 -26 -27 -25 -21 -3
right_child=2 11 3 5 -6 15 -8 9 -10 10 21 13 18 20 -16 -17 17 -19 19 28 -22 -23 23 24 25 26 -28 -29 -30 -31
leaf_value=-0.002293275684597358 3.9153285459232211e-06 -0.00027361082934701454 0.00059865192457407037 0.00049592278592130383 0.0014194231907136239 -4.8570308994296639e-05 0.00015908443589065792 0.00051905368417775992 6.4785212465672982e-05 0.0017249086209293496 0.00038484115928894556 4.0555428300406392e-05 -0.0010513569846968111 0.00082931756020870146 -7.6181077107840303e-05 0.00030263754191880586 0.0026366295996171339 0.00035260982227834593 -6.2945135796443061e-05 0.00013993257421427853 -5.6747232787874532e-05 0.0017925656515172491 -0.00094195163616567288 0.00097346733964503377 -0.00069500893894284329 0.002181384944916057 -0.0015073253702027583 0.0017090155621836301 0.00081944759326779302 0.00030974746567595209
leaf_weight=2256 57 176 42 21 38 55 26 20 42 25 50 24 67 37 28 34 25 31 40 20 84 27 547 24 419 21 58 24 25 60
leaf_count=2256 57 176 42 21 38 55 26 20 42 25 50 24 67 37 28 34 25 31 40 20 84 27 547 24 419 21 58 24 25 60
internal_value=-0.00101045 -0.00203177 0.00825856 0.00947366 0.0111428 0.00399997 0.0103189 0.0114174 0.00771419 0.0139671 0.0155293 0.00106451 -0.00244302 0.00289518 0.00513555 0.00205616 0.0078749 0.0103927 0.00035526 0.00264703 0.000435111 0.0129739 -0.00257002 -0.00192955 -0.00107692 -0.00173494 0.0011772 0.00574988 0.00566654 -0.000711862
internal_weight=4403 3966 437 380 270 110 232 206 84 122 102 465 3501 229 108 89 80 56 152 85 121 77 3349 1093 546 498 79 48 45 236
internal_count=4403 3966 437 380 270 110 232 206 84 122 102 465 3501 229 108 89 80 56 152 85 121 77 3349 1093 546 498 79 48 45 236
cat_boundaries=0 1 2
cat_threshold=550 14
is_linear=0
shrinkage=0.03


Tree=27
num_leaves=31
num_cat=1
split_feature=0 5 9 19 17 16 10 6 6 6 17 16 16 7 5 5 3 16 6 11 5 9 11 11 7 16 3 16 10 17
split_gain=43.9405 5.41368 4.46085 3.3799 2.39536 1.74551 3.81171 2.36367 1.92415 2.08062 1.89389 1.64853 3.43873 3.10044 3.06154 1.99422 1.61801 1.42043 2.14045 1.26467 0.926255 0.849225 0.688843 0.683327 2.32762 2.79878 0.993774 2.2743 4.58604 1.61199
threshold=0.58757867942685726 0.18154158215010144 0.44128373450036479 0 0.4564717896349248 27.500000000000004 -0.5 0.39861751152073738 0.44285714285714295 0.46682027649769592 0.36171389668964354 28.500000000000004 19.500000000000004 0.10150446750004584 0.33367139959432052 0.39249492900608524 0.14322916666666669 18.500000000000004 0.61244239631336417 -0.9330127018922193 0.33569979716024351 0.53610503282275734 0.25000000000000017 0.6830127018922193 0.088419907194990141 29.500000000000004 0.023437500000000003 29.500000000000004 0.25000000000000011 0.28622068848139121
decision_type=2 2 2 1 2 2 2 2 2 2 2 2 2 2 2 2 2 2 2 2 2 2 2 2 2 2 2 2 2 2
left_child=1 23 -2 4 11 21 7 10 -8 -10 -7 12 13 -4 -13 16 -16 -5 20 -11 -19 -3 -17 -1 26 -26 -25 -28 -29 -30
right_child=2 5 3 17 -6 6 8 -9 9 19 -12 14 -14 -15 15 22 -18 18 -20 -21 -22 -23 -24 24 25 -27 27 28 29 -31
leaf_value=-0.0015483443715927682 3.7978686895452105e-06 -0.00078637416202728401 0.00058328411372823299 -6.656219269739117e-05 0.0013768404949922146 0.0015032104563062402 -0.00018579897136083634 0.002526810200347558 0.00040363667128821216 0.00099897481934560538 -0.00071235597525119297 3.1747673382056841e-05 -2.6120235653698365e-05 0.00018775823325969623 0.0014938028743850318 0.00088912088569461679 0.00071817428462071613 0.00051367387182996388 0.00035862193283111942 -1.5851325567555629e-05 -1.7272865305022991e-05 1.479931085536364e-05 0.00064955239300956843 -0.0051136228140613166 -0.0012381319533328172 0.001949168963010781 -0.0010867335246357844 0.0017204384264042525 0.0011893992044325603 -0.0010673332603603066
leaf_weight=2194 57 249 41 22 38 34 188 28 21 23 29 20 27 29 39 23 21 24 27 102 37 170 32 585 27 21 178 22 28 67
leaf_count=2194 57 249 41 22 38 34 188 28 21 23 29 20 27 29 39 23 21 24 27 102 37 170 32 585 27 21 178 22 28 67
internal_value=-0.00104452 -0.00203933 0.00798396 0.00915787 0.0109285 9.24162e-05 0.00144705 0.00689003 -3.59288e-05 0.00254793 0.00366661 0.0101896 0.00720611 0.0107141 0.0123332 0.0142173 0.0179997 0.00349997 0.00552266 0.00107999 0.0024098 -0.00128162 0.0100907 -0.00261563 -0.00193319 0.00449991 -0.00228409 -0.000864405 0.00238459 -0.00047368
internal_weight=4403 3966 437 380 270 844 425 91 334 146 63 232 97 70 135 115 60 110 88 125 61 419 55 3122 928 48 880 295 117 95
internal_count=4403 3966 437 380 270 844 425 91 334 146 63 232 97 70 135 115 60 110 88 125 61 419 55 3122 928 48 880 295 117 95
cat_boundaries=0 1
cat_threshold=550
is_linear=0
shrinkage=0.03


Tree=28
num_leaves=31
num_cat=1
split_feature=0 5 9 19 17 16 10 6 10 3 2 7 0 16 16 7 16 6 5 5 7 6 0 7 4 10 7 9 12 2
split_gain=41.6304 5.45217 4.1533 3.40133 2.62956 1.77875 4.02322 1.93906 1.89335 2.51457 1.62641 1.60157 1.70832 2.1736 3.88234 4.18699 1.3843 1.86278 1.0661 0.926255 0.915259 0.907463 0.848228 0.854662 0.754557 0.732624 0.816996 1.02079 0.637334 1.20059
threshold=0.58757867942685726 0.18154158215010144 0.44128373450036479 0 0.4564717896349248 29.500000000000004 -0.5 0.3728110599078342 -0.6830127018922193 0.070312500000000014 0.12760416666666669 0.18502856309113072 0.59743234789882671 28.500000000000004 17.500000000000004 0.099590664592236089 19.500000000000004 0.61244239631336417 0.37018255578093312 0.33569979716024351 0.12106829783344576 0.59032258064516141 0.53546325041373666 0.12201822244818451 0.11718750000000001 0.25000000000000011 0.089808076667447473 0.6433260393873087 -1.0000000180025095e-35 0.096354166666666671
decision_type=2 2 2 1 2 2 2 2 2 2 2 2 2 2 2 2 2 2 2 2 2 2 2 2 2 2 2 2 2 2
left_child=1 -1 -2 4 11 22 8 -8 -7 -10 21 12 -4 14 15 -14 -5 19 -15 -18 24 25 -3 28 -20 -9 27 -27 -24 -30
right_child=2 5 3 16 -6 6 7 10 9 -11 -12 -13 13 18 -16 -17 17 -19 20 -21 -22 -23 23 -25 -26 26 -28 -29 29 -31
leaf_value=-0.001465212515584428 3.6839326288591063e-06 -0.0006764865110532825 0.00018361359148353344 -4.5493072334837555e-05 0.0013355352801424486 0.00026441697574517461 -0.00050041735359430484 -8.1294501480384072e-05 0.0010878798375072748 0.002566039877659269 -0.00035114114910403887 0.0012568727638409116 0.00072505516079279754 0.0016852507599061177 -1.6841664138484998e-05 0.00019159349697280755 0.00049826365567506425 0.00035889338068346131 0.00043045351493261453 -1.6754679345871118e-05 0.00042466027497566235 0.00093337533057288207 -8.8375748384025032e-05 -0.00037062351393346359 0.0010197665561724513 -0.00016354970148318651 0.00031353770961785668 0.0001201458151478241 0.00034971899592467601 3.6406295450342289e-05
leaf_weight=3122 57 262 35 23 38 27 129 42 28 20 46 29 24 32 24 27 24 26 20 37 20 26 51 61 21 24 38 24 25 41
leaf_count=3122 57 262 35 23 38 27 129 42 28 20 46 29 24 32 24 27 24 26 20 37 20 26 51 61 21 24 38 24 25 41
internal_value=-0.00107858 -0.0020469 0.00770936 0.00884208 0.0106071 9.24162e-05 0.0015297 0.000100303 0.0077999 0.0113748 0.00194999 0.00980168 0.0107438 0.0119999 0.00819989 0.0128821 0.00324997 0.0052758 0.0150644 0.0024098 0.0127375 0.00342855 -0.00122727 0.000370784 0.0101705 0.00239061 0.0039767 0.00137497 0.00187178 0.00381812
internal_weight=4403 3966 437 380 270 844 404 329 75 48 200 232 203 168 75 51 110 87 93 61 61 154 440 178 41 128 86 48 117 66
internal_count=4403 3966 437 380 270 844 404 329 75 48 200 232 203 168 75 51 110 87 93 61 61 154 440 178 41 128 86 48 117 66
cat_boundaries=0 1
cat_threshold=550
is_linear=0
shrinkage=0.03


Tree=29
num_leaves=31
num_cat=1
split_feature=0 1 9 19 8 17 11 16 10 7 6 8 9 17 7 1 0 9 8 8 9 6 16 0 16 11 9 0 3 6
split_gain=38.6282 5.37219 3.78431 2.83648 3.23855 3.04415 2.1938 4.35345 3.36748 3.21413 2.2043 1.89222 2.75922 1.5931 1.97891 1.7725 1.69371 1.25723 1.19969 1.12651 0.794541 0.7884 0.76495 1.50316 0.729561 2.5306 1.57042 0.585255 0.60946 0.492713
threshold=0.58757867942685726 0.075520833333333343 0.44128373450036479 0 0.1813468332704895 0.4564717896349248 0.6830127018922193 29.500000000000004 0.25000000000000011 0.10036056523027932 0.38847926267281113 0.29024861203486146 0.72611232676878201 0.38128669900434015 0.073925378384792365 0.10156250000000001 0.60315093627196148 0.80598103574033564 0.17890958504461263 0.23115397234354332 0.60649161196207169 0.27419354838709686 18.500000000000004 0.56082586125926026 29.500000000000004 0.6830127018922193 0.47191830780452232 0.51352851336407135 0.11197916666666667 0.55714285714285727
decision_type=2 2 2 1 2 2 2 2 2 2 2 2 2 2 2 2 2 2 2 2 2 2 2 2 2 2 2 2 2 2
left_child=1 21 -2 5 -5 11 10 -8 -9 -10 -3 12 13 14 -4 -16 -17 22 -18 -20 -6 -1 -12 27 -23 29 -27 -24 -29 -26
right_child=2 6 3 4 20 -7 7 8 9 -11 17 -13 -14 -15 15 16 18 -19 19 -21 -22 24 23 -25 25 26 -28 28 -30 -31
leaf_value=-0.0020379915678945199 3.5734146499939187e-06 -0.00058413700099721477 0.00032378543790455928 0.0004552429744739699 0.00021269412160035555 0.0012954692217381763 -0.00079721337921222419 0.0019036710024887792 -0.00014307210839412872 0.00086318756591785984 -0.0001169893385487524 0.00030059898923237295 0.0018624953216728175 8.6985173275822613e-05 0.0006874795853757217 0.00013168012751969002 0.00054403394785101195 0.00078213909900017888 0.00016648386937871519 0.00028023749872293992 -1.5615299451441168e-05 -0.00059849277123222842 -1.1648540129564441e-05 -6.7555793267651626e-05 -0.00034468822472798232 0.00014844040462001296 0.0020890178240972591 0.00034621238788952246 2.4553312680265208e-05 0.0002587020270539824
leaf_weight=2319 57 282 29 21 43 38 84 38 43 21 101 36 27 28 21 21 21 25 25 24 46 552 22 48 299 38 24 28 20 22
leaf_count=2319 57 282 29 21 43 38 84 38 43 21 101 36 27 28 21 21 21 25 25 24 46 552 22 48 299 38 24 28 20 22
internal_value=-0.00109902 -0.00203177 0.00736612 0.00844735 0.00324997 0.0100714 0.000328651 0.00312901 0.00729405 0.0030937 -0.000661596 0.00915513 0.0103163 0.00889344 0.0101914 0.0119999 0.0101867 0.00142622 0.0124284 0.00985694 0.00104493 -0.00254825 0.000698626 0.00233896 -0.00181283 -0.000806787 0.00474186 0.00514278 0.00699985 -0.0018785
internal_weight=4403 3966 437 380 110 270 712 186 102 64 526 232 196 169 141 112 91 244 70 49 89 3254 219 118 935 383 62 70 48 321
internal_count=4403 3966 437 380 110 270 712 186 102 64 526 232 196 169 141 112 91 244 70 49 89 3254 219 118 935 383 62 70 48 321
cat_boundaries=0 1
cat_threshold=550
is_linear=0
shrinkage=0.03


Tree=30
num_leaves=31
num_cat=1
split_feature=20 20 8 16 20 17 16 12 4 18 19 16 11 18 16 11 5 8 5 11 10 16 7 17 7 18 17 5 7 13
split_gain=40.5237 6.19326 3.37522 4.57405 4.40714 2.78174 2.24066 2.12565 1.64221 1.61048 1.23529 3.58886 2.52288 1.21718 1.01698 2.35333 0.961515 0.949785 0.891303 1.44024 2.8928 3.69196 0.769854 0.730453 0.709661 0.694722 0.586779 0.613993 0.701225 0.742158
threshold=0.59743234789882671 0.53408883435755816 0.17890958504461263 28.500000000000004 0.61912653167645637 0.4564717896349248 13.500000000000002 1.0000000180025095e-35 0.091145833333333343 0.46029411764705885 0 26.500000000000004 0.6830127018922193 0.48382352941176471 29.500000000000004 0.6830127018922193 0.26470588235294129 0.17504284937821005 0.14300202839756596 0.6830127018922193 -0.24999999999999994 29.500000000000004 0.060055430377196566 0.31329248574589402 0.073627290967515566 0.49852941176470594 0.25582268860463825 0.2991886409736309 0.12201822244818451 -0.22252093395631442
decision_type=2 2 2 2 2 2 2 2 2 2 1 2 2 2 2 2 2 2 2 2 2 2 2 2 2 2 2 2 2 2
left_child=1 8 17 6 7 9 -4 -5 18 -6 11 24 16 -11 -10 22 -13 -2 -1 -20 21 -21 -16 -18 -3 -22 -12 -28 29 -29
right_child=2 10 3 4 5 -7 -8 -9 14 13 26 12 -14 -15 15 -17 23 -19 19 20 25 -23 -24 -25 -26 -27 27 28 -30 -31
leaf_value=-0.0019906889585462021 0.00058160479411151569 0.00015006893205587611 0.0004348839569594204 -4.8005204893899426e-05 0.00035327541555814763 0.0012540166358180563 -2.9257804323326542e-06 0.00080339479407734958 -0.00041245328687027598 0.0012477019235746468 0.00024845325304030891 0.00027996629268499634 0.0023539829463473591 0.0015902125933260898 0.00031748875705570902 0.0013685216328673537 0.00049119913416669967 0.00043061676042985714 -0.0007285638716256756 -0.00013551102336523544 -0.00098766613183581993 0.0018671183079804975 -0.00031959313008582483 -6.5038082468120111e-05 -0.00028626430881767987 0.00065173788194378655 -8.9522245290309726e-05 -2.3439252043038137e-05 -0.00022378180836665713 0.00025410384609472113
leaf_weight=2320 39 20 36 32 21 30 72 39 163 23 32 26 34 32 25 34 21 22 751 50 132 36 94 27 94 20 115 22 33 23
leaf_count=2320 39 20 36 32 21 30 72 39 163 23 32 26 34 32 25 34 21 22 751 50 132 36 94 27 94 20 115 22 33 23
internal_value=-0.00106474 -0.00190226 0.00879188 0.00742103 0.0103898 0.014264 0.00255553 0.00460557 -0.0023131 0.0112104 0.00142953 0.00294826 0.00699993 0.0139088 -0.000246835 0.00150979 0.00389184 0.0151965 -0.00251043 -0.00175632 0.000277309 0.00467436 -0.000478988 0.00137497 -0.000631574 -0.00221051 -0.000191489 -0.000823831 0.00123075 0.00366658
internal_weight=4418 4072 346 285 177 106 108 71 3625 76 447 222 108 55 316 153 74 61 3309 989 238 86 119 48 114 152 225 193 78 45
internal_count=4418 4072 346 285 177 106 108 71 3625 76 447 222 108 55 316 153 74 61 3309 989 238 86 119 48 114 152 225 193 78 45
cat_boundaries=0 1
cat_threshold=14
is_linear=0
shrinkage=0.03


Tree=31
num_leaves=31
num_cat=2
split_feature=0 6 16 11 8 16 0 6 18 10 7 16 0 18 9 2 6 7 0 1 12 19 19 6 13 7 2 4 4 16
split_gain=36.0544 5.62258 3.55196 6.62289 3.51443 3.46208 4.27953 3.29295 3.44121 2.77178 2.55354 2.40718 1.80517 1.71781 2.12178 1.50889 1.1617 1.01925 0.993441 0.981707 0.959805 0.727194 0.711455 1.557 0.682181 0.64298 0.627083 0.954494 0.576183 0.56467
threshold=0.59743234789882671 0.29815668202764983 29.500000000000004 0.6830127018922193 0.1813468332704895 28.500000000000004 0.61433241398902261 0.59308755760368681 0.47500000000000003 0.25000000000000011 0.11146912280415879 10.500000000000002 0.48167596075519353 0.46029411764705885 0.72611232676878201 0.075520833333333343 0.65483870967741953 0.092343480677863826 0.53546325041373666 0.14322916666666669 0.87837969732492682 0 1 0.34976958525345631 1.0000000180025095e-35 0.060055430377196566 0.091145833333333343 0.075520833333333343 0.12239583333333334 16.500000000000004
decision_type=2 2 2 2 2 2 2 2 2 2 2 2 2 2 2 2 2 2 2 2 2 1 1 2 2 2 2 2 2 2
left_child=1 -1 18 7 16 11 19 21 -9 15 12 -6 -11 -8 24 -5 -2 -18 22 -7 28 25 23 -3 -15 -4 -27 -28 -20 -30
right_child=4 2 3 9 5 6 13 8 -10 10 -12 -13 -14 14 -16 -17 17 -19 20 -21 -22 -23 -24 -25 -26 26 27 -29 29 -31
leaf_value=-0.0016899582777626246 0.00058672741259543513 0.0011735882008973751 0.00018786639070384039 0.001473835141135413 0.00071867978692450999 -1.2491957568253544e-05 0.00070223774409736899 0.0001675389816683639 0.00095380665095263898 0.0016004734872150234 0.00060269135320807654 -4.9826308746479001e-06 -9.0877517604430228e-05 0.00037578206489095249 0.0017443878926790058 0.002767290441160366 0.00044915100008092719 0.00024393679515368085 -0.00019319664586285752 0.0012960865855625931 0.00023633708403580976 -0.00028930728218055473 -0.00079953038160819308 -0.00061549695402589929 0.00027072025452108922 -0.00016262416934737466 4.7368020580706387e-05 -0.00013968181487003766 -3.9072010579723646e-06 0.00017611528065520639
leaf_weight=2674 29 25 36 26 25 36 27 37 20 21 20 74 43 29 38 20 23 20 135 23 24 186 483 84 22 130 21 33 34 20
leaf_count=2674 29 25 36 26 25 36 27 37 20 21 20 74 43 29 38 20 23 20 135 23 24 186 483 84 22 130 21 33 34 20
internal_value=-0.00111227 -0.00190226 -0.000360515 0.00140135 0.00818495 0.00663501 0.00917138 -0.000278618 0.00647357 0.00738456 0.00414281 0.00215149 0.00121873 0.0125171 0.0145279 0.0133041 0.0140831 0.0109532 -0.00165838 0.00259318 9.85904e-05 -0.0012266 -0.00229054 2.52092e-05 0.0105292 -6.84155e-10 -0.000717388 0.00199996 -0.000619045 0.00199996
internal_weight=4418 4072 1398 593 346 274 175 463 57 130 84 99 64 116 89 46 72 43 805 59 213 406 592 109 51 220 184 54 189 54
internal_count=4418 4072 1398 593 346 274 175 463 57 130 84 99 64 116 89 46 72 43 805 59 213 406 592 109 51 220 184 54 189 54
cat_boundaries=0 1 2
cat_threshold=78 514
is_linear=0
shrinkage=0.03


Tree=32
num_leaves=31
num_cat=1
split_feature=0 0 8 16 0 16 5 18 4 16 11 1 19 16 7 2 17 1 11 16 8 7 5 11 8 7 17 17 11 5
split_gain=34.1164 5.41601 3.78234 3.40172 3.88896 1.85179 1.65342 1.76667 1.60229 1.41801 2.85182 1.514 1.14222 3.08536 1.99607 1.41756 1.66186 1.10166 0.931426 0.89555 0.718923 0.709661 0.605625 1.05619 1.23574 2.43615 1.63818 0.695103 0.549431 0.71891
threshold=0.59743234789882671 0.53408883435755816 0.17890958504461263 28.500000000000004 0.61433241398902261 13.500000000000002 0.45131845841784995 0.46029411764705885 0.065104166666666671 29.500000000000004 0.6830127018922193 0.065104166666666671 0 26.500000000000004 0.11146912280415879 0.11718750000000001 0.31329248574589402 0.13281250000000003 0.25000000000000017 16.500000000000004 0.29888286581140178 0.073627290967515566 0.13691683569979718 0.6830127018922193 0.16016043406048669 0.067389213475357965 0.33660965024253259 0.33310749330662537 -0.24999999999999994 0.15838404327248143
decision_type=2 2 2 2 2 2 2 2 2 2 2 2 1 2 2 2 2 2 2 2 2 2 2 2 2 2 2 2 2 2
left_child=1 8 19 5 17 -4 7 -6 22 -10 20 -12 13 21 15 16 -15 -5 -9 -2 28 -3 -1 -24 25 27 -27 -25 -11 -30
right_child=2 12 3 4 6 -7 -8 18 9 10 11 -13 -14 14 -16 -17 -18 -19 -20 -21 -22 -23 23 24 -26 26 -28 -29 29 -31
leaf_value=-0.0021550210040369873 0.00062103646358633267 0.00013976534692552016 0.0004043199696981848 -1.4086198781749476e-05 0.00010025858125029821 -2.6885280931213073e-06 0.0017054314161574825 0.0011629557580217576 -0.00068399763831242038 -0.00053359299287783577 0.00043213602865958741 0.0011333851586142671 -8.3045986140089603e-06 0.00078479912060981899 0.0010992817651448653 -5.2913158648724474e-05 0.00050736175547342027 0.0011754380133492243 0.00052975138475707642 0.00039142674206592721 0.00073548285110091281 -0.0002804872262566883 -0.00080368710979210345 0.00018737777242349186 -0.0010115845692980293 0.0004375047438399745 0.0018474857263723514 -0.00090702565351983352 0.00018651774976398067 -0.00035747515195376961
leaf_weight=2055 26 20 36 31 21 72 26 27 415 188 40 27 225 24 20 29 35 30 42 35 20 94 621 25 77 20 22 57 21 37
leaf_count=2055 26 20 36 31 21 72 26 27 415 188 40 27 225 24 20 29 35 30 42 35 20 94 621 25 77 20 22 57 21 37
internal_value=-0.00111906 -0.00188752 0.00792483 0.00647366 0.00903385 0.00227776 0.0122585 0.0103332 -0.00227172 -0.00103476 0.000423421 0.00595513 0.00122818 0.00268964 0.00644438 0.00449995 0.00716937 0.00290159 0.012652 0.0147047 -0.000969922 -0.000631574 -0.00259333 -0.00190511 -1.4926e-05 0.00183869 0.0077141 -0.00117072 -0.00141463 0.00113791
internal_weight=4418 4072 346 285 177 108 116 90 3625 748 333 67 447 222 108 88 59 61 69 61 266 114 2877 822 201 124 42 82 246 58
internal_count=4418 4072 346 285 177 108 116 90 3625 748 333 67 447 222 108 88 59 61 69 61 266 114 2877 822 201 124 42 82 246 58
cat_boundaries=0 1
cat_threshold=14
is_linear=0
shrinkage=0.03


Tree=33
num_leaves=31
num_cat=2
split_feature=20 6 8 9 19 17 8 8 19 9 11 8 8 6 7 7 4 8 8 11 9 13 20 4 7 9 9 8 8 7
split_gain=31.4984 4.19141 3.38281 2.87944 3.66318 3.88535 2.24476 2.27821 1.81519 1.53472 4.49782 2.54524 4.61225 2.03133 4.07565 1.28194 0.986501 1.8173 0.767691 1.12599 0.712918 1.34045 0.647866 0.830437 0.515851 0.49967 1.40266 0.641031 1.04207 0.575278
threshold=0.58757867942685726 0.29815668202764983 0.17890958504461263 0.97957695113056176 0 0.46476895583354622 0.30935014610256384 0.25928284646248428 1 0.30233406272793589 0.6830127018922193 0.20477481889322038 0.18264427710219064 0.5986175115207375 0.075179065199974346 0.13674255023899876 0.096354166666666671 0.20345608835639697 0.17504284937821005 1.0000000180025095e-35 0.47191830780452232 -0.22252093395631442 0.59294530418543168 0.12239583333333334 0.067389213475357965 0.66411378555798695 0.65134938001458809 0.17403941676705595 0.23115397234354332 0.092343480677863826
decision_type=2 2 2 2 1 2 2 2 1 2 2 2 2 2 2 2 2 2 2 2 2 2 2 2 2 2 2 2 2 2
left_child=1 -1 18 4 5 6 7 15 9 16 13 12 24 25 -15 20 -3 -18 19 -2 -4 -22 -6 -24 -12 26 27 -11 29 -29
right_child=2 8 3 -5 22 -7 -8 -9 -10 10 11 -13 -14 14 -16 -17 17 -19 -20 -21 21 -23 23 -25 -26 -27 -28 28 -30 -31
leaf_value=-0.0016054089159438165 0.00037590670512586987 -0.000962818853308902 -0.00018983965815323273 0.0018951641316762879 0.0001236365169718419 0.00092887137798085284 -0.00056338923335687502 0.0011327566480210454 -0.00033714716307988411 -0.00059850396594646194 0.00016582929877360564 -0.0001241865534722175 0.0021881495525786854 0.0008035730969489979 -0.00010999262703713089 0.00081320434286299439 0.00024843663459063811 -0.0006457692071844813 0.00037878967451801602 0.00051588735350091694 -1.1120069257341182e-05 0.00040659474640396536 -5.302188412257854e-05 0.00034814907989535088 0.0007383055016604201 -0.0001714275197623837 0.0011610548924518526 0.00029010706084257485 -0.00049838483715638376 -1.249875178643986e-05
leaf_weight=2674 26 166 21 20 21 35 23 29 515 81 34 31 23 21 40 26 31 40 24 21 24 33 87 29 31 165 25 41 48 33
leaf_count=2674 26 166 21 20 21 35 23 29 515 81 34 31 23 21 40 26 31 40 24 21 24 33 87 29 31 165 25 41 48 33
internal_value=-0.0011598 -0.00197975 0.00666585 0.00544826 0.00477437 0.00729847 0.00565381 0.00715032 -0.0006 0.000292682 0.00113612 0.00632768 0.00893172 -0.00022467 0.00486877 0.00507687 -0.00173417 0.00122533 0.0126336 0.010404 0.00315381 0.00489465 0.000673464 -0.000155172 0.00484608 -0.00101527 -0.000105263 -0.000931031 0.000442619 0.00267564
internal_weight=4418 3999 419 348 328 191 156 133 1325 810 573 119 88 454 61 104 237 71 71 47 78 57 137 116 65 393 228 203 122 74
internal_count=4418 3999 419 348 328 191 156 133 1325 810 573 119 88 454 61 104 237 71 71 47 78 57 137 116 65 393 228 203 122 74
cat_boundaries=0 1 2
cat_threshold=546 558
is_linear=0
shrinkage=0.03


Tree=34
num_leaves=31
num_cat=2
split_feature=0 6 8 16 11 6 18 16 8 8 9 6 11 18 16 5 5 0 0 6 19 6 7 13 6 11 9 8 19 7
split_gain=28.953 4.67356 4.11116 3.06884 6.67209 3.03755 2.80529 2.54822 2.8004 2.49648 2.47863 1.65847 1.62359 1.44039 1.11663 1.06471 1.07495 0.971561 0.969064 1.23805 0.939366 1.37968 0.930295 0.728073 0.552162 1.72309 3.29307 1.13479 0.498837 0.53107
threshold=0.59743234789882671 0.29815668202764983 0.17890958504461263 29.500000000000004 0.6830127018922193 0.59308755760368681 0.47500000000000003 28.500000000000004 0.22811993962222285 0.20622435817705217 0.47191830780452232 0.49631336405529963 1.0000000180025095e-35 0.46029411764705885 16.500000000000004 0.2991886409736309 0.31947261663286008 0.51155345578130385 0.62953366514144282 0.73963133640553014 0 0.34976958525345631 0.096876202392636931 -0.22252093395631442 0.20519397970534159 0.6830127018922193 0.5970094821298324 0.099015322869268382 1 0.061948112052887368
decision_type=2 2 2 2 2 2 2 2 2 2 2 2 2 2 2 2 2 2 2 2 1 2 2 2 2 2 2 2 1 2
left_child=1 24 14 15 5 28 -7 12 -9 10 17 -10 -4 -13 -2 20 23 -6 -15 -20 21 -3 -11 -17 -1 -26 27 -27 29 -5
right_child=2 3 7 4 9 6 -8 8 11 22 -12 13 -14 18 -16 16 -18 -19 19 -21 -22 -23 -24 -25 25 26 -28 -29 -30 -31
leaf_value=-0.003154386955127608 0.00058692874907371377 0.001126223245678296 0.00082839491622810075 0.00018041334430828366 0.0013126537691426849 0.00013687494755531076 0.0008794587808187899 6.6214493008672542e-05 0.00046700494585850353 -6.3942798441468857e-05 0.0020693941607866574 0.00060292469052382824 -9.7245769642923614e-07 0.001308377588645345 0.0003684067386501726 2.5261944830437244e-05 -0.00016990501865076939 0.00049630208406795291 0.00053891559651454159 0.0017641482241961589 -0.0005712812383575057 -0.00033559191433424893 0.00045311365853527438 0.00033162876853744141 -0.0011257053494516558 0.00098925007081859004 0.0019761809370429911 -0.00073171803697314494 -0.00027452642764479407 -7.1614414393824521e-05
leaf_weight=1606 26 25 22 43 22 37 20 43 22 25 29 28 86 27 35 22 25 20 36 21 586 127 34 20 847 21 24 176 186 177
leaf_count=1606 26 25 22 43 22 37 20 43 22 25 29 28 86 27 35 22 25 20 36 21 586 127 34 20 847 21 24 176 186 177
internal_value=-0.00118696 -0.00189489 0.00714449 -0.000489271 0.0011484 -0.000537797 0.00594726 0.00563156 0.00784741 0.00715379 0.0109435 0.009985 0.00199998 0.0114642 0.0142129 -0.00169565 0.00192534 0.00628556 0.0134284 0.0112103 -0.00202439 0.000148147 0.00259318 0.00485703 -0.00262977 -0.00210112 0.000257917 -0.0010203 -0.00144827 -0.000391303
internal_weight=4418 4072 346 1398 593 463 57 285 177 130 71 134 108 112 61 805 67 42 84 57 738 152 59 42 2674 1068 221 197 406 220
internal_count=4418 4072 346 1398 593 463 57 285 177 130 71 134 108 112 61 805 67 42 84 57 738 152 59 42 2674 1068 221 197 406 220
cat_boundaries=0 1 2
cat_threshold=514 78
is_linear=0
shrinkage=0.03


Tree=35
num_leaves=31
num_cat=1
split_feature=0 6 19 4 9 4 9 2 0 11 10 6 6 6 7 10 1 7 11 0 9 6 11 17 9 11 17 7 2 5
split_gain=25.0777 6.17158 2.4413 2.37696 2.29148 1.80872 1.70291 1.69472 1.02133 2.07229 2.09613 0.961682 1.9275 1.94509 1.43567 1.27101 1.22492 1.22466 1.22389 1.14032 1.25207 0.934781 2.11191 0.876212 0.830959 0.968554 0.741664 1.1571 0.628359 0.595351
threshold=0.59743234789882671 0.37004608294930885 0 0.12239583333333334 0.44128373450036479 0.13802083333333334 0.97957695113056176 0.085937500000000014 0.39789993807232954 0.6830127018922193 -0.24999999999999994 0.54884792626728129 0.66175115207373281 0.62811059907834121 0.10220618182554275 0.93301270189221952 0.13281250000000003 0.11227999405523552 0.6830127018922193 0.61433241398902261 0.57622173595915405 0.38387096774193558 0.6830127018922193 0.30638478309989764 0.53610503282275734 1.0000000180025095e-35 0.32049069925083423 0.067389213475357965 0.075520833333333343 0.28296146044624754
decision_type=2 2 1 2 2 2 2 2 2 2 2 2 2 2 2 2 2 2 2 2 2 2 2 2 2 2 2 2 2 2
left_child=1 8 3 24 -2 -5 11 -7 -1 -10 23 18 13 14 -13 19 -16 -15 -6 -14 -21 22 -4 -11 -3 28 -25 -28 -26 -30
right_child=4 2 21 5 6 7 -8 -9 9 10 -12 12 15 17 16 -17 -18 -19 -20 20 -22 -23 -24 26 25 -27 27 -29 29 -31
leaf_value=-0.0027345192696760132 -2.2973708171556568e-05 -0.00011220869484051312 -0.00043819060987360472 0.00038898669705522373 0.00087241669799387428 0.00065887838133859363 0.0017234191688762293 -4.2131511341202276e-06 -0.00072944171327024728 -7.4598598241452422e-05 -0.00065555727334127591 0.00076326148415116393 0.00040694111625270627 0.00026726956107110238 0.0005844865553889249 6.2861963733958109e-05 -4.9454611125495374e-05 0.00060169281416040524 -7.787788488457844e-05 0.00027505873941392972 0.00029641052167439372 -0.00011707897500204364 0.00049879076709109143 0.0014448918162366584 -0.00015746749418693427 0.00068363516905262621 -0.00088176060841363532 0.0012502155066586472 0.00028969230986374987 -5.9493521182717597e-05
leaf_weight=1815 42 129 56 29 20 29 21 47 1159 30 141 29 20 20 20 45 20 20 34 24 41 433 20 21 25 29 35 35 38 20
leaf_count=1815 42 129 56 29 20 29 21 47 1159 30 141 29 20 20 20 45 20 20 34 24 41 433 20 21 25 29 35 35 38 20
internal_value=-0.00119879 -0.00186336 0.000403508 0.00230898 0.00643818 0.0061428 0.00731845 0.00371048 -0.0024623 -0.00185996 0.000549616 0.00672694 0.0075439 0.0104861 0.00743467 0.00507688 0.00374991 0.0157496 0.00311105 0.00723521 0.00530761 -0.000919074 0.00213155 0.00344625 0.000734436 0.00262498 0.00491203 0.00342852 0.000975891 0.00268961
internal_weight=4447 4091 855 346 356 105 314 76 3236 1421 262 293 239 109 69 130 40 40 54 85 65 509 76 121 241 112 91 70 83 58
internal_count=4447 4091 855 346 356 105 314 76 3236 1421 262 293 239 109 69 130 40 40 54 85 65 509 76 121 241 112 91 70 83 58
cat_boundaries=0 1
cat_threshold=38
is_linear=0
shrinkage=0.03


Tree=36
num_leaves=31
num_cat=3
split_feature=0 6 16 11 0 10 9 19 9 6 19 6 6 4 9 9 7 10 0 7 7 6 19 6 4 6 11 9 2 0
split_gain=23.6166 5.47763 3.48186 3.7689 2.32682 2.3791 2.18421 2.60523 2.28448 2.93462 2.01331 1.82263 3.7463 1.41717 1.33134 1.10696 1.14578 0.738955 0.64343 0.745673 0.624893 0.584357 0.578902 0.938497 0.604861 0.566682 1.42653 1.55773 1.24385 0.636358
threshold=0.59743234789882671 0.307373271889401 27.500000000000004 0.6830127018922193 0.51155345578130385 0.25000000000000011 0.97957695113056176 0 0.44128373450036479 0.64746543778801857 1 0.59032258064516141 0.68525345622119838 0.12239583333333334 0.57330415754923425 0.57148067104303446 0.095648249209454236 -0.5 0.53840388049425569 0.065904323980221752 0.077483937672895853 0.69631336405529975 2 0.34792626728110604 0.096354166666666671 0.20519397970534159 0.25000000000000017 0.49781181619256026 0.028645833333333336 0.44457804280797869
decision_type=2 2 2 2 2 2 2 1 2 2 1 2 2 2 2 2 2 2 2 2 2 2 1 2 2 2 2 2 2 2
left_child=1 25 18 10 -5 -6 7 8 -2 14 11 17 -13 -9 -10 -11 20 -4 22 -20 -17 -18 23 -3 -25 -1 -27 29 -29 -28
right_child=6 2 3 4 5 -7 -8 13 9 15 -12 12 -14 -15 -16 16 21 -19 19 -21 -22 -23 -24 24 -26 26 27 28 -30 -31
leaf_value=-0.0028985931731880521 -3.1642330307785768e-05 0.0012755845832661938 0.00020046207472163951 0.0011180874773699724 0.0019790251139231922 -5.0277076578622221e-05 0.0016717165938099434 1.1674506017967544e-05 0.00039001484303818055 0.00035311341593567485 -7.5815721855946049e-05 0.00089990318743437972 -9.1815352469547284e-05 0.00033809133138138566 0.0011650129183603819 0.00010009037904947272 0.00086497449293102284 -9.2487669613638447e-05 7.7917788324883514e-05 -7.5474354017950699e-05 0.00029557867591172048 -9.8461578340587014e-05 -0.00071835633200084312 -0.00060621007393331339 0.00024087949110658435 -0.0010000806974394931 -0.0013207657085211764 0.0017267148720345508 0.00017948451896662439 -5.4103853683767239e-05
leaf_weight=1635 25 21 20 43 34 54 21 98 24 27 332 20 21 28 45 20 23 63 36 172 20 25 409 62 20 752 175 28 94 100
leaf_count=1635 25 21 20 43 34 54 21 98 24 27 332 20 21 28 45 20 23 63 36 172 20 25 409 62 20 752 175 28 94 100
internal_value=-0.00122577 -0.00187069 -0.000268554 0.00144633 0.00593125 0.00313633 0.00618538 0.005597 0.00754791 0.00906517 0.000157894 0.00326863 0.0087071 0.00163234 0.0139563 0.00613038 0.00449995 0.000975891 -0.00166667 -0.000259615 0.00824979 0.00137497 -0.00223828 -7.9646e-05 -0.00153657 -0.00262284 -0.00211227 -0.00065743 0.00216392 -0.00190908
internal_weight=4447 4091 1307 587 131 88 356 335 209 184 456 124 41 126 69 115 88 83 720 208 40 48 512 103 82 2784 1149 397 122 275
internal_count=4447 4091 1307 587 131 88 356 335 209 184 456 124 41 126 69 115 88 83 720 208 40 48 512 103 82 2784 1149 397 122 275
cat_boundaries=0 1 2 3
cat_threshold=546 34 514
is_linear=0
shrinkage=0.03


Tree=37
num_leaves=31
num_cat=0
split_feature=20 6 16 10 9 8 10 8 16 1 17 5 6 8 9 16 8 16 5 7 4 11 4 17 6 11 9 10 16 17
split_gain=22.1993 5.45953 2.35008 3.15919 2.30347 2.50501 2.05257 2.02813 1.44187 1.2348 1.01998 1.68275 1.6132 1.13101 1.0176 1.12066 1.46659 1.00333 0.899735 2.41336 0.820744 1.12175 0.723015 0.94227 0.679417 1.88303 3.38981 1.81597 3.48794 0.677426
threshold=0.59743234789882671 0.31935483870967746 29.500000000000004 -0.5 0.97957695113056176 0.17890958504461263 -0.6830127018922193 0.27719287970000966 29.500000000000004 0.075520833333333343 0.3560973534167306 0.3600405679513185 0.5986175115207375 0.23115397234354332 0.53610503282275734 4.5000000000000009 0.1966496734981962 17.500000000000004 0.37018255578093312 0.11872966494569266 0.059895833333333336 0.6830127018922193 0.12760416666666669 0.23500127648710753 0.20519397970534159 0.6830127018922193 0.5970094821298324 -0.24999999999999994 29.500000000000004 0.25261679857033453
decision_type=2 2 2 2 2 2 2 2 2 2 2 2 2 2 2 2 2 2 2 2 2 2 2 2 2 2 2 2 2 2
left_child=1 24 14 6 5 17 -4 20 18 -9 13 -12 -13 -10 22 16 -16 -2 19 -7 -5 -22 -3 -24 -1 -26 27 28 -27 -17
right_child=4 2 3 7 -6 8 -8 9 10 -11 11 12 -14 -15 15 29 -18 -19 -20 -21 21 -23 23 -25 25 26 -28 -29 -30 -31
leaf_value=-0.0028116353779924098 0.00037117726087588127 -0.00074184415357562961 0.00018315370614441651 -0.00019282660174584426 0.0016215650959956454 -3.2640581016019462e-05 0.0018148642777267934 0.00017744717001619222 0.00037680119904240264 0.00084174590038431189 -5.0400182151904649e-05 0.00093705080169696297 0.00037923937483314604 0.00077206833300486174 0.00074859049721929095 0.00011394484453406203 -0.00019926027953161141 0.00026027614947364064 -3.0490165718709749e-05 0.000753698922617567 -2.8318822981314869e-06 0.00017652200422036939 -0.001103983377909692 0.00023964415884620237 -0.00091331462721012577 -0.00023168547841228288 0.0018530259684608184 -0.00081573994637729489 0.0015450785517645961 -5.3680370393284594e-05
leaf_weight=1635 26 357 32 137 21 44 38 21 25 23 38 26 48 22 24 20 20 29 52 25 231 34 26 26 1028 52 27 139 27 194
leaf_count=1635 26 357 32 137 21 44 38 21 25 23 38 26 48 22 24 20 20 29 52 25 231 34 26 26 1028 52 27 139 27 194
internal_value=-0.00125276 -0.00187803 -0.000159764 0.00136046 0.00593257 0.00532834 0.00728561 0.000430492 0.00417856 0.00654531 0.00605656 0.00449996 0.00713504 0.00976575 -0.00133583 0.000139534 0.0044999 0.0111816 0.00171073 0.00395646 -0.000238806 0.000735846 -0.0022665 0.00103844 -0.00257703 -0.00205734 0.00030612 -0.000935776 0.00269617 -0.000757007
internal_weight=4447 4091 1183 516 356 335 70 446 280 44 159 112 74 47 667 258 44 55 121 69 402 265 409 52 2908 1273 245 218 79 214
internal_count=4447 4091 1183 516 356 335 70 446 280 44 159 112 74 47 667 258 44 55 121 69 402 265 409 52 2908 1273 245 218 79 214
is_linear=0
shrinkage=0.03


Tree=38
num_leaves=31
num_cat=0
split_feature=0 6 16 10 6 8 18 8 16 6 5 5 7 16 5 7 8 4 11 1 16 17 17 6 11 10 16 7 13 8
split_gain=22.1993 5.45953 2.33654 2.66894 3.83411 2.0778 2.91192 1.99144 2.3932 1.62532 1.68683 1.14382 1.27248 1.00333 0.899735 2.41336 0.790426 0.788521 1.16552 0.666116 0.639825 0.965219 0.627812 0.619194 1.72876 1.36747 5.02192 0.667117 0.570668 0.531823
threshold=0.59743234789882671 0.31935483870967746 26.500000000000004 -0.5 0.39861751152073738 0.27719287970000966 0.47205882352941181 0.17890958504461263 29.500000000000004 0.63271889400921666 0.3600405679513185 0.39249492900608524 0.16947311116436589 17.500000000000004 0.37018255578093312 0.11872966494569266 0.14104009938217046 0.059895833333333336 0.6830127018922193 0.065104166666666671 4.5000000000000009 0.29652795506765389 0.35984171559867256 0.20519397970534159 0.6830127018922193 -0.24999999999999994 29.500000000000004 0.075870623877683993 -0.22252093395631442 0.088210155466507345
decision_type=2 2 2 2 2 2 2 2 2 2 2 2 2 2 2 2 2 2 2 2 2 2 2 2 2 2 2 2 2 2
left_child=1 23 19 4 16 17 -7 13 14 10 22 -11 -13 -2 15 -9 -4 -5 28 -3 21 -21 -10 -1 29 26 -26 -27 -19 -25
right_child=7 2 3 5 -6 6 -8 8 9 11 -12 12 -14 -15 -16 -17 -18 18 -20 20 -22 -23 -24 24 25 27 -28 -29 -30 -31
leaf_value=-0.0027272863166526362 0.000360041943049605 -0.00053751305414483596 0.00093937305858143264 -0.00015588767494756109 0.002083067228384086 -0.00040994900512038833 0.00084765371479981837 -3.1661363585538224e-05 0.0003461646233853931 0.0013767692274262941 0.00070478467730091031 0.00024236360319643109 0.0010314605464558475 0.00025246786498943087 -2.9575460747150093e-05 0.00073108795493904012 -0.00044511127558137504 -9.1180436188418343e-05 0.00017122634409375863 -0.00016693014176517553 -9.9363929605581698e-05 0.00044098499443861268 -9.6018343964434735e-05 0.00020320836352742287 -0.00035969818007347575 -0.00073021758240392469 0.0016897381057687812 0.001135646627330222 6.3222492185510649e-05 -0.00094165075717582403
leaf_weight=1635 26 285 28 140 28 24 20 44 22 24 39 31 29 29 52 25 34 123 34 37 279 35 35 26 62 124 33 26 116 1002
leaf_count=1635 26 285 28 140 28 24 20 44 22 24 39 31 29 29 52 25 34 123 34 37 279 35 35 26 62 124 33 26 116 1002
internal_value=-0.00125276 -0.00187803 -0.000159764 0.00127788 0.00599993 0.00034792 0.00654531 0.00593257 0.0049734 0.00716663 0.00449995 0.0102142 0.00799987 0.0111816 0.00171073 0.00395646 0.00183868 -0.000312349 0.000626371 -0.00139622 -0.000521367 0.00199997 0.0012105 -0.00257703 -0.00208091 0.000183672 0.00299997 -0.00159999 -0.000112971 -0.00262062
internal_weight=4447 4091 1183 547 90 457 44 356 301 180 96 84 60 55 121 69 62 413 273 636 351 72 57 2908 1273 245 95 150 239 1028
internal_count=4447 4091 1183 547 90 457 44 356 301 180 96 84 60 55 121 69 62 413 273 636 351 72 57 2908 1273 245 95 150 239 1028
is_linear=0
shrinkage=0.03


Tree=39
num_leaves=31
num_cat=0
split_feature=0 6 9 16 10 6 9 4 6 6 9 16 6 7 7 7 5 17 18 3 2 16 6 6 5 2 11 17 6 11
split_gain=20.3644 5.18731 2.46741 2.15176 2.83495 1.91817 1.76737 1.29075 1.27281 2.32958 1.18433 1.4302 1.15218 1.14019 1.90275 1.17303 1.05147 1.66688 1.14625 0.960418 0.921554 0.833815 0.682329 0.915827 1.38536 1.44919 1.03271 0.677426 0.65271 1.64895
threshold=0.59743234789882671 0.31935483870967746 0.97957695113056176 29.500000000000004 -0.5 0.39861751152073738 0.47191830780452232 0.054687500000000007 0.59308755760368681 0.67235023041474673 0.53610503282275734 4.5000000000000009 0.52764976958525367 0.12106829783344576 0.11227999405523552 0.13980411543182011 0.37829614604462486 0.36418177176410527 0.48970588235294121 0.085937500000000014 0.15364583333333334 17.500000000000004 0.36635944700460837 0.45944700460829507 0.26064908722109537 0.091145833333333343 0.25000000000000017 0.25261679857033453 0.20519397970534159 0.25000000000000017
decision_type=2 2 2 2 2 2 2 2 2 2 2 2 2 2 2 2 2 2 2 2 2 2 2 2 2 2 2 2 2 2
left_child=1 28 6 10 5 7 -2 -5 22 -10 -3 12 -12 14 16 -15 17 18 21 -17 -21 -8 -6 24 25 26 -24 -13 -1 -30
right_child=2 3 -4 4 8 -7 13 -9 9 -11 11 27 -14 15 -16 19 -18 -19 -20 20 -22 -23 23 -25 -26 -27 -28 -29 29 -31
leaf_value=-0.0026454677271530568 6.3041383339441524e-06 -0.00064201671275315752 0.0015656472237317615 -0.00028336945722052907 -0.00035998947514588326 0.0022526858428392042 0.00030145824877767571 0.00090005952374659908 0.0007368674959028909 -7.9848342687327339e-05 0.00082484964188065529 0.00011350741708620846 -6.0224837696966806e-06 -7.9847180179546003e-05 0.00044138624505222541 -0.00011404109793072122 0.00052584743012317966 -2.2279001982581201e-05 0.00036116405199866018 0.00085151349885908873 0.00050955938371076892 0.00021174027996202221 -1.7101020068114709e-05 -5.4588405569477273e-05 -7.0717780271942768e-05 0.00026053443031880743 0.0001533517066463976 -5.5550298720435007e-05 -0.00090148100012878965 -0.0001673209113923152
leaf_weight=1635 57 409 21 23 113 23 25 24 25 30 20 20 24 27 27 21 27 36 25 33 25 32 46 143 41 21 27 194 824 449
leaf_count=1635 57 409 21 23 113 23 25 24 25 30 20 20 24 27 27 21 27 36 25 33 25 32 46 143 41 21 27 194 824 449
internal_value=-0.00128649 -0.00188536 0.00559549 -0.000210482 0.00124418 0.00685704 0.00497013 0.00338291 0.000363227 0.00463628 -0.00133583 0.000255812 0.0051817 0.00595681 0.00746507 0.0035094 0.00610341 0.00488131 0.00724381 0.00535436 0.0073447 0.00489465 -0.000237852 0.000561148 0.00233332 0.00434038 0.00234243 -0.000757007 -0.00256671 -0.00205734
internal_weight=4447 4091 356 1183 516 70 335 47 446 55 667 258 44 278 172 106 145 118 82 79 58 57 391 278 135 94 73 214 2908 1273
internal_count=4447 4091 356 1183 516 70 335 47 446 55 667 258 44 278 172 106 145 118 82 79 58 57 391 278 135 94 73 214 2908 1273
is_linear=0
shrinkage=0.03


Tree=40
num_leaves=31
num_cat=2
split_feature=0 6 9 8 19 17 4 19 11 2 8 8 0 6 0 0 8 0 6 9 8 10 4 8 6 6 11 9 10 4
split_gain=19.2748 4.61793 3.26726 3.86152 1.95905 2.12014 1.67955 1.48393 2.50557 1.35618 1.42475 1.29926 1.86917 1.13867 1.09379 0.992595 0.916912 0.88412 0.782765 0.732065 0.717891 1.91987 0.686995 0.684198 0.609685 0.515714 1.68648 2.115 2.21112 0.908173
threshold=0.59743234789882671 0.29815668202764983 0.97957695113056176 0.17796410352255287 0 0.32256682483368998 0.10677083333333334 1 -0.68301270189221952 0.14322916666666669 0.23115397234354332 0.20477481889322038 0.57229813476139524 0.66635944700460847 0.61433241398902261 0.63632896856031052 0.10494867527518857 0.53840388049425569 0.37741935483870975 0.5948212983223925 0.19374835634870594 0.25000000000000011 0.12239583333333334 0.27323002848564254 0.63824884792626746 0.20519397970534159 0.6830127018922193 0.5970094821298324 -0.24999999999999994 0.044270833333333336
decision_type=2 2 2 2 1 2 2 1 2 2 2 2 2 2 2 2 2 2 2 2 2 2 2 2 2 2 2 2 2 2
left_child=1 25 3 14 5 -5 16 8 -8 10 -7 12 -10 -11 -2 -12 -3 -18 -9 -19 21 -21 -6 -22 -20 -1 -27 28 29 -28
right_child=2 6 -4 4 22 9 7 18 11 13 15 -13 -14 -15 -16 -17 17 19 24 20 23 -23 -24 -25 -26 26 27 -29 -30 -31
leaf_value=-0.0026174499950449518 0.00053557759184175125 0.0012420758393347619 0.0015355991833648315 -3.7210776053978822e-05 -5.4148394591389068e-05 0.0004264155489832738 0.00065003501392132761 0.00019738152912254382 0.00025283184058627617 0.00043469131790927742 0.000970336922141411 -0.00010303964690796895 -4.8722320897144312e-05 -4.9195292169841901e-05 0.00024074303619159171 0.00040995481678034824 -0.00032395732211341232 -7.079319372370068e-05 -0.00016173472076075367 0.00012030999999846324 -6.7563054940902851e-05 0.0004031999405287518 0.00010907933404247766 0.00053978322129332118 0.00020750186069990565 -0.00098245759068271645 0.00027561026327798023 0.0017434628868080355 -0.00082327760434055056 0.0014666903733705687
leaf_weight=1623 33 23 26 35 98 29 25 58 39 33 24 32 26 23 22 26 780 143 125 30 41 20 24 20 26 863 31 27 130 23
leaf_count=1623 33 23 26 35 98 29 25 58 39 33 24 32 26 23 22 26 780 143 125 30 41 20 24 20 26 863 31 27 130 23
internal_value=-0.00132436 -0.00192044 0.00520374 0.00443515 0.00306163 0.00499997 -0.00051441 0.00135045 0.00381815 0.00699995 0.00953152 0.00194843 0.00438455 0.00342851 0.0117271 0.0125997 -0.00109839 -0.00123017 -0.000260273 0.000307085 0.00213512 0.0047999 -4.54549e-05 -4.91802e-05 -0.00141059 -0.00264405 -0.00213408 0.00027014 -0.000880431 0.00422214
internal_weight=4458 4085 373 347 292 170 1388 331 122 135 79 97 65 56 55 50 1057 1034 209 254 111 50 122 61 151 2697 1074 211 184 54
internal_count=4458 4085 373 347 292 170 1388 331 122 135 79 97 65 56 55 50 1057 1034 209 254 111 50 122 61 151 2697 1074 211 184 54
cat_boundaries=0 1 2
cat_threshold=546 34
is_linear=0
shrinkage=0.03


Tree=41
num_leaves=31
num_cat=2
split_feature=0 0 6 19 11 18 11 11 4 10 6 11 13 11 3 4 17 2 10 17 10 16 19 6 16 11 17 18 0 4
split_gain=17.242 3.59463 1.87503 1.76593 1.36517 1.27099 1.2309 3.98854 1.61998 1.11732 1.26655 2.89767 1.22454 1.13811 1.56585 0.811698 0.778996 0.774304 1.48433 1.09099 0.764258 1.59574 0.735275 0.559387 0.458741 1.07168 0.51624 0.493201 0.529075 0.453171
threshold=0.53840388049425569 0.59743234789882671 0.27419354838709686 0 -0.9330127018922193 0.53382352941176481 0.6830127018922193 0.93301270189221952 0.065104166666666671 1.0000000180025095e-35 0.64377880184331815 0.6830127018922193 1.0000000180025095e-35 0.25000000000000017 0.14322916666666669 0.14322916666666669 0.3560973534167306 0.15364583333333334 0.93301270189221952 0.32478086971321596 0.25000000000000011 29.500000000000004 1 0.33041474654377889 29.500000000000004 0.6830127018922193 0.34409837460641657 0.50147058823529422 0.54802186383041918 0.054687500000000007
decision_type=2 2 2 1 2 2 2 2 2 2 2 2 2 2 2 2 2 2 2 2 2 2 1 2 2 2 2 2 2 2
left_child=2 4 -1 5 -2 9 15 8 20 -3 11 12 -11 17 -15 -4 -5 18 19 -12 21 -8 -6 -10 27 26 -26 28 -24 -18
right_child=1 3 6 16 22 -7 7 -9 23 10 13 -13 -14 14 -16 -17 29 -19 -20 -21 -22 -23 24 -25 25 -27 -28 -29 -30 -31
leaf_value=-0.0015324398427459189 0.00062632177565423116 4.6131917465026588e-05 -0.00041085714370379516 0.00017475436841758138 -5.5615361814824902e-05 0.0007204539096055181 -3.1336841662304922e-06 -0.0011867296022089625 0.0013158130561174944 0.00074410675265868594 0.00037761335096226934 0.00016464098680436253 0.0013531523123014931 0.0010755151960886705 0.0011246074390822984 0.00013692273412520243 0.00019594872538615952 -1.6428757164338951e-05 -6.7212779618420134e-05 0.00036915162675511159 -0.00070684669124870879 0.0016824386250398797 5.0795884597170725e-05 0.00028572695624121347 0.00010510042982734289 0.0017807374138359055 -9.8925108329117153e-05 0.00036303124673670544 -0.00013631123076498049 -9.988825226452416e-05
leaf_weight=2434 26 29 874 35 140 20 39 182 25 22 20 29 23 23 20 39 20 36 26 22 33 20 32 29 34 36 33 26 83 48
leaf_count=2434 26 29 874 35 140 20 39 182 25 22 20 29 23 23 20 39 20 36 26 22 33 20 32 29 34 36 33 26 83 48
internal_value=-0.00137147 0.00267049 -0.00223265 0.00480159 0.000731705 0.00599998 -0.00128364 0.000292681 0.00398627 0.00563998 0.00636649 0.00956744 0.014333 0.00475507 0.00886026 -0.00184994 0.000982292 0.00305766 0.0049411 0.00842837 0.0015652 0.00361011 0.000281249 0.00811096 0.00125196 0.00282521 0.00058208 0.000191487 -0.000652169 -0.000794107
internal_weight=4458 783 3675 373 410 270 1241 328 146 250 221 74 45 147 43 913 103 104 68 42 92 59 384 54 244 103 67 141 115 68
internal_count=4458 783 3675 373 410 270 1241 328 146 250 221 74 45 147 43 913 103 104 68 42 92 59 384 54 244 103 67 141 115 68
cat_boundaries=0 1 2
cat_threshold=550 160
is_linear=0
shrinkage=0.03


Tree=42
num_leaves=31
num_cat=0
split_feature=0 9 7 17 1 0 8 0 11 10 9 8 9 9 17 11 0 9 2 7 10 12 7 17 4 2 2 0 3 17
split_gain=15.3776 4.6045 3.43706 2.08493 2.11632 2.07951 3.42787 1.38732 1.57264 3.36143 1.38395 1.14158 0.868098 2.33544 1.12199 1.37101 0.842911 0.831686 0.813848 0.884769 0.782503 1.79926 0.709673 0.799225 0.571041 1.01247 0.624953 0.570812 0.620376 0.691997
threshold=0.52080508158020811 0.80598103574033564 0.092343480677863826 0.44413241426261602 0.14322916666666669 0.59743234789882671 0.17890958504461263 0.42230543645064583 0.6830127018922193 -0.24999999999999994 0.32239241429613436 0.17403941676705595 0.5948212983223925 0.68088986141502572 0.29770833883543302 -0.5 0.55882118566514938 0.47191830780452232 0.14322916666666669 0.10036056523027932 -0.24999999999999994 1.0000000180025095e-35 0.070965636238045124 0.31966905237705384 0.10677083333333334 0.059895833333333336 0.091145833333333343 0.60315093627196148 0.085937500000000014 0.38128669900434015
decision_type=2 2 2 2 2 2 2 2 2 2 2 2 2 2 2 2 2 2 2 2 2 2 2 2 2 2 2 2 2 2
left_child=7 5 -3 4 -4 12 11 -1 24 10 -10 -7 20 14 -14 -16 -17 -11 19 -8 21 -2 23 -12 -9 -26 -27 -21 -29 -30
right_child=1 2 3 -5 -6 6 18 8 9 17 22 -13 13 -15 15 16 -18 -19 -20 27 -22 -23 -24 -25 25 26 -28 28 29 -31
leaf_value=-0.0017036267545814884 -0.00019120965546814419 0.0010466029609727872 -0.00026389786270153382 0.00093861635303918954 0.0011228974945835602 0.00035206465510409854 -1.7041567381558635e-05 -0.00059521914244542006 0.0016928311392695749 -0.00075260609255773693 9.3138531688931369e-05 0.00028335878773550193 0.00045275575030284015 -9.2579079875448645e-05 -0.00032703766060182082 0.00030750556268760801 0.0013253560459025216 0.00011571653404441388 -2.2072310469532507e-05 -7.398144715320912e-06 -8.497661976946552e-05 0.00087246928235186624 0.0014970453705383606 -0.0011503555753828376 -0.0003401991981449725 0.00054447580584846271 -8.7537378899133354e-05 0.0003265206648072061 0.00016785666880315077 0.00079524588426337507
leaf_weight=2182 46 27 36 29 27 29 53 975 20 170 23 23 28 86 31 20 26 32 79 20 236 38 31 24 40 20 20 37 22 28
leaf_count=2182 46 27 36 29 27 29 53 975 20 170 23 23 28 86 31 20 26 32 79 20 236 38 31 24 40 20 20 37 22 28
internal_value=-0.00137147 0.00208143 0.00758817 0.00482603 0.00176188 0.00126434 0.00328865 -0.00227057 -0.0015166 0.000399998 0.00495913 0.010269 0.000111545 0.00171203 0.00471424 0.00284412 0.0061303 -0.00181187 0.00176987 0.00299998 -0.000843748 0.00164284 0.00315381 0.000829769 -0.00206161 0.000374995 0.00374991 0.00457005 0.00562062 0.00779984
internal_weight=4458 921 119 92 63 802 291 3537 1355 300 98 52 511 191 105 77 46 202 239 160 320 84 78 47 1055 80 40 107 87 50
internal_count=4458 921 119 92 63 802 291 3537 1355 300 98 52 511 191 105 77 46 202 239 160 320 84 78 47 1055 80 40 107 87 50
is_linear=0
shrinkage=0.03


Tree=43
num_leaves=31
num_cat=1
split_feature=5 9 7 17 1 0 8 6 8 19 9 9 7 8 9 0 8 4 8 6 7 12 13 8 8 0 8 10 10 9
split_gain=15.498 4.59066 3.43706 2.08493 2.11632 1.80183 2.9783 1.70923 1.46188 1.33114 1.43807 2.11113 1.34903 1.0866 2.4007 1.00826 0.884467 0.687897 0.733176 1.0273 0.652209 1.46656 0.595732 0.841379 0.659551 0.897385 0.480058 0.345568 4.02756 1.63846
threshold=0.21517917511832321 0.80598103574033564 0.092343480677863826 0.44413241426261602 0.14322916666666669 0.59743234789882671 0.17890958504461263 0.20519397970534159 0.17005089429037465 0 0.69146608315098479 0.53610503282275734 0.090266055694361871 0.092976158837091025 0.59117432530999292 0.57705635284861878 0.19010694606400499 0.10677083333333334 0.21743680224164993 0.3728110599078342 0.17708840336715329 -1.0000000180025095e-35 -0.22252093395631442 0.26495406874879129 0.22119407178140213 0.60600593573569095 0.14104009938217046 -0.6830127018922193 -0.5 0.38548504741064926
decision_type=2 2 2 2 2 2 2 2 2 1 2 2 2 2 2 2 2 2 2 2 2 2 2 2 2 2 2 2 2 2
left_child=7 5 -3 4 -4 9 8 -1 -7 10 11 16 -13 14 -9 -14 -2 27 19 -19 22 -22 -8 24 25 -24 -11 -15 29 -29
right_child=1 2 3 -5 -6 6 20 13 -10 26 -12 12 15 17 -16 -17 -18 18 -20 -21 21 -23 23 -25 -26 -27 -28 28 -30 -31
leaf_value=-0.002441739487163962 7.7762759416399399e-05 0.001015204872143603 -0.00025598092682048781 0.00091045786244801485 0.0010892105697460519 0.00029878343959685051 -1.5747862287333089e-05 0.0012663294324746935 0.00028470416373480625 0.0007417376957110025 -0.00010027353601648456 0.0012517221207303726 0.00021040064212196952 -0.00081099339694052784 -0.00066901708613738612 0.00052966826598334902 -8.3283086701521649e-05 -0.00012812674305717474 -0.00045135366470527811 0.00023912053558533921 0.00096040049481052451 -4.4325234662433506e-06 0.0010775624096898404 -0.00030731839927656917 0.00026306123395487976 -2.1174082790578691e-05 -9.2222859206012801e-05 0.0011191748638545438 -0.00068864135217162317 7.2833802124279214e-05
leaf_weight=1622 22 27 36 29 27 22 78 28 30 27 73 37 40 448 35 20 70 65 73 28 22 33 21 21 25 39 246 42 1103 69
leaf_count=1622 22 27 36 29 27 22 78 28 30 27 73 37 40 448 35 20 70 65 73 28 22 33 21 21 25 39 246 42 1103 69
internal_value=-0.00133109 0.00207936 0.00758817 0.00482603 0.00176188 0.00128571 0.00318556 -0.00224851 0.00969212 0.000252335 0.00174264 0.00319046 0.00627829 -0.00163564 0.00223806 0.00349994 -6.52174e-05 -0.00176915 7.2288e-05 0.00183869 0.00176987 0.00463628 0.000913038 0.00237734 0.00370584 0.00199997 -0.00119788 -0.00195307 -0.00169028 0.00375672
internal_weight=4458 945 119 92 63 826 291 3513 52 535 262 189 97 1891 63 60 92 1828 166 93 239 55 184 106 85 60 273 1662 1214 111
internal_count=4458 945 119 92 63 826 291 3513 52 535 262 189 97 1891 63 60 92 1828 166 93 239 55 184 106 85 60 273 1662 1214 111
cat_boundaries=0 1
cat_threshold=14
is_linear=0
shrinkage=0.03


Tree=44
num_leaves=31
num_cat=1
split_feature=0 9 6 11 6 0 8 8 16 9 11 8 19 17 6 11 12 16 8 9 9 6 6 6 11 9 10 16 2 18
split_gain=14.2467 4.21707 2.37173 1.90109 2.37074 1.41146 2.51377 1.79484 1.20873 2.87716 1.67139 1.38106 1.04782 1.65947 0.988454 1.74518 0.876009 0.638313 0.624918 0.609336 1.05445 0.845499 1.12353 0.604011 1.72841 2.30507 2.27309 2.03111 0.578134 0.720206
threshold=0.54460969367221124 0.97957695113056176 0.29354838709677428 -0.9330127018922193 0.56267281105990796 0.59537384276397409 0.17890958504461263 0.17504284937821005 29.500000000000004 0.30598103574033558 0.6830127018922193 0.19123505505912505 0 0.44987660624627707 0.69631336405529975 1.0000000180025095e-35 -1.0000000180025095e-35 24.500000000000004 0.13987323712011002 0.57148067104303446 0.68490153172866541 0.32764976958525355 0.35161290322580652 0.20519397970534159 0.6830127018922193 0.5970094821298324 -0.24999999999999994 11.500000000000002 0.075520833333333343 0.44558823529411767
decision_type=2 2 2 2 2 2 2 2 2 2 2 2 1 2 2 2 2 2 2 2 2 2 2 2 2 2 2 2 2 2
left_child=2 3 23 4 -2 -5 7 -7 19 -10 11 -11 13 14 15 -8 -12 -17 -18 -4 21 -21 -23 -1 -25 26 27 -26 -13 -30
right_child=1 -3 8 5 -6 6 12 -9 9 10 16 28 -14 -15 -16 17 18 -19 -20 20 -22 22 -24 24 25 -27 -28 -29 29 -31
leaf_value=-0.0023685923126588629 -0.00012951792615650891 0.0014009375541715924 -0.00069445093280165611 1.7195830316742026e-06 0.00058723577622885915 0.00033262363969968449 0.0013279251183616499 0.00026877458774517333 0.00097852904628311374 -0.00061449638718151099 -4.5108641411077919e-05 -2.566839797911474e-05 -1.9738266723327347e-05 0.00081163203987624929 -6.5355728226652835e-05 -0.00023537663387701363 0.00025017034094812333 0.00030589121473835489 0.0016279811727187374 -0.00047866460226920067 -0.00038825009588545672 0.0011481806999064684 3.9439882496669721e-05 -0.00093322288513780077 -6.0365191950235331e-05 0.0017367131660035058 -0.00074607289450721859 0.0016719455543260959 -0.00019200324673965299 0.00026618717563853635
leaf_weight=1623 21 26 419 323 30 39 21 21 33 198 24 75 127 34 45 21 20 31 20 44 117 22 45 825 32 25 121 20 24 32
leaf_count=1623 21 26 419 323 30 39 21 21 33 198 24 75 127 34 45 21 20 31 20 44 117 22 45 825 32 25 121 20 24 32
internal_value=-0.00136474 0.00243978 -0.00212073 0.00200701 0.00758809 0.00157704 0.00292919 0.00849986 -0.000931034 0.000309858 -0.00040458 -0.00126747 0.00173118 0.00329628 0.00183049 0.00398625 0.00403119 0.00103844 0.00674983 -0.00174807 -0.000499999 0.00159458 0.00371636 -0.00260317 -0.00203226 0.000484845 -0.000745661 0.00449991 0.00112213 0.00342851
internal_weight=4458 739 3719 713 51 662 339 60 1073 426 393 329 279 152 118 73 64 52 40 647 228 111 67 2646 1023 198 173 52 131 56
internal_count=4458 739 3719 713 51 662 339 60 1073 426 393 329 279 152 118 73 64 52 40 647 228 111 67 2646 1023 198 173 52 131 56
cat_boundaries=0 1
cat_threshold=546
is_linear=0
shrinkage=0.03


Tree=45
num_leaves=31
num_cat=0
split_feature=6 6 9 8 9 7 4 5 8 16 10 10 3 8 20 9 9 8 18 16 8 8 16 7 7 8 3 5 7 5
split_gain=13.0726 3.00243 2.49169 2.28552 2.04805 1.8074 1.76079 1.51187 1.14157 0.93405 3.33248 2.9095 1.47252 1.20054 1.0014 1.5096 2.2868 0.81166 0.721758 1.5939 1.56682 1.36858 0.625788 0.647655 0.578134 0.574495 0.481077 0.470489 0.35468 0.353718
threshold=0.54239631336405547 0.20519397970534159 0.97957695113056176 0.088210155466507345 0.27425237053245816 0.10298321911602835 0.16927083333333334 0.36815415821501019 0.43871151078150539 29.500000000000004 -0.5 -0.6830127018922193 0.065104166666666671 0.16531796151224473 0.45545294682155407 0.62472647702407025 0.51677607585703877 0.14517803960434378 0.48676470588235299 19.500000000000004 0.20345608835639697 0.1813468332704895 19.500000000000004 0.16947311116436589 0.11596544270602603 0.095052845230286204 0.096354166666666671 0.20098039215686275 0.14507291196543173 0.1288032454361055
decision_type=2 2 2 2 2 2 2 2 2 2 2 2 2 2 2 2 2 2 2 2 2 2 2 2 2 2 2 2 2 2
left_child=1 -1 4 -3 -2 6 18 9 22 29 11 17 27 25 15 16 -15 -11 19 21 -20 -6 -7 24 -24 -12 -21 -13 -16 -5
right_child=2 3 -4 7 5 8 -8 -9 -10 10 13 12 -14 14 28 -17 -18 -19 20 26 -22 -23 23 -25 -26 -27 -28 -29 -30 -31
leaf_value=-0.0023253941780543965 -0.00080072034860606664 0.00062030390122878745 0.0011358203304109385 -0.0012929825967580226 0.00039065824662246805 -0.00013314143723749405 0.00073859033905495329 0.00026821401411968943 0.00029997303681054131 -0.00076677092985573219 8.3631562853437889e-05 0.0015583125629702122 0.0015639649581527472 -2.7944480053823196e-05 -5.0635981110340403e-05 -0.00081335267540966205 0.00046080815175483092 0.0003513823356844811 0.00022454313913442402 0.00019191647650241241 0.00038543273020075853 2.7889494471039167e-05 0.00028566013702420717 0.00032842745461386473 -3.4652443169705678e-05 -0.00068626625334650463 -8.6185493178433315e-05 0.00068516400795694222 0.00022686982755383716 -0.00031385892325154973
leaf_weight=1601 60 30 20 270 23 67 22 34 26 45 21 21 20 27 229 24 22 21 39 27 27 34 37 36 55 627 52 23 20 814
leaf_count=1601 60 30 20 270 23 67 22 34 26 45 21 21 20 27 229 24 22 21 39 27 27 34 37 36 55 627 52 23 20 814
internal_value=-0.00132648 -0.00193219 0.00311428 -0.00122509 0.00270296 0.00340449 0.00530355 -0.00133634 0.00147963 -0.00143407 -0.000818182 0.00369228 0.00824987 -0.00142268 7.45332e-05 0.00316434 0.00618355 -0.000727262 0.00442572 0.00317645 0.00699989 0.00699988 0.000692303 0.00192186 0.000586949 -0.00216666 0.000417716 0.0051817 -0.000831323 -0.00205904
internal_weight=4374 3849 525 2248 505 445 224 2218 221 2184 1100 130 64 970 322 73 49 66 202 136 66 57 195 128 92 648 79 44 249 1084
internal_count=4374 3849 525 2248 505 445 224 2218 221 2184 1100 130 64 970 322 73 49 66 202 136 66 57 195 128 92 648 79 44 249 1084
is_linear=0
shrinkage=0.03


Tree=46
num_leaves=31
num_cat=2
split_feature=20 4 19 10 3 11 17 6 4 8 8 8 1 19 8 8 11 18 5 6 8 8 10 6 11 8 5 1 6 1
split_gain=13.0588 2.36022 1.77049 1.78004 1.16501 1.18739 2.87093 1.25394 1.14779 1.11412 1.63762 1.33314 1.13044 1.01073 0.875477 1.24242 1.00855 0.793813 0.709332 0.693477 1.64828 0.683418 0.625752 1.36935 1.06436 0.540087 0.530678 0.452058 0.41794 0.394332
threshold=0.55485698752022106 0.059895833333333336 0 1.0000000180025095e-35 0.15885416666666669 0.6830127018922193 0.4150285082120671 0.50000000000000022 0.091145833333333343 0.1795928394607082 0.26495406874879129 0.17403941676705595 0.096354166666666671 1 0.15639335566612553 0.17293610086023539 0.25000000000000017 0.47794117647058826 0.28296146044624754 0.20519397970534159 0.088889909737814618 0.43871151078150539 1.0000000180025095e-35 0.59308755760368681 0.25000000000000017 0.20345608835639697 0.40060851926977692 0.11197916666666667 0.42073732718894014 0.065104166666666671
decision_type=2 2 1 2 2 2 2 2 2 2 2 2 2 1 2 2 2 2 2 2 2 2 2 2 2 2 2 2 2 2
left_child=1 19 3 26 5 6 8 -7 -5 11 12 -10 -11 14 16 -16 -3 -18 -4 -1 -21 28 25 24 -24 -17 -2 -6 -20 -15
right_child=2 13 18 4 27 7 -8 -9 9 10 -12 -13 -14 29 15 22 17 -19 21 20 -22 -23 23 -25 -26 -27 -28 -29 -30 -31
leaf_value=-0.0023051789681880204 -0.00010551250202583804 -0.00085562360894699018 9.7711682214840406e-05 -3.7764962943568512e-06 0.00036774221032592665 -0.00020135160637755635 0.00083103568315871085 0.00025868270598612025 0.00033840292201266654 0.00031113899124201303 0.001068627534573696 0.00026405445104037568 -4.8829574521307803e-05 -0.00059454717383258923 0.00034084087582097149 0.00026756231074437912 -0.00041865681592916554 0.0013565908096663524 0.00013707600794846941 0.00048150111508701247 -0.00050977043651197565 0.00012179974460050908 -1.484056057831061e-05 0.00035018641083153524 0.00029056048156240018 -0.00087068697964100272 0.00036887899714148912 -2.4014446224940188e-05 -9.1538246925515533e-05 -0.00013047799976362168
leaf_weight=1561 75 139 39 37 22 27 39 26 28 20 36 21 46 338 21 39 23 27 22 30 1162 26 83 31 28 55 20 28 124 201
leaf_count=1561 75 139 39 37 22 27 39 26 28 20 36 21 46 338 21 39 23 27 22 30 1162 26 83 31 28 55 20 28 124 201
internal_value=-0.00136077 -0.00203692 0.0026132 0.00368965 0.00481817 0.00557141 0.00651539 0.00152827 0.0049787 0.00613903 0.0043529 0.00985694 0.00154543 -0.00077665 0.000289472 0.00143579 -0.00125396 0.00239995 0.000257917 -0.00248783 -0.00194295 -0.000558137 0.000813555 0.00207041 0.000513508 -0.0010851 0.000157892 0.000599987 -0.00135616 -0.00163388
internal_weight=4374 3738 636 425 330 280 227 53 188 151 102 49 66 985 446 257 189 50 211 2753 1192 172 236 142 111 94 95 50 146 539
internal_count=4374 3738 636 425 330 280 227 53 188 151 102 49 66 985 446 257 189 50 211 2753 1192 172 236 142 111 94 95 50 146 539
cat_boundaries=0 1 2
cat_threshold=550 46
is_linear=0
shrinkage=0.03


Tree=47
num_leaves=31
num_cat=2
split_feature=0 6 9 19 9 9 16 11 9 10 6 5 6 18 0 7 1 0 12 5 16 7 5 19 9 9 9 11 0 3
split_gain=11.5072 2.68093 2.10354 1.73591 2.6144 1.48809 0.920406 3.00667 3.36857 2.84884 2.05156 1.93904 1.38259 1.48778 1.80432 0.788417 1.50158 2.86874 1.04868 1.28602 0.977917 0.785261 0.688769 0.686774 0.684266 0.64901 0.626481 0.560661 0.790697 0.949787
threshold=0.55485698752022106 0.20519397970534159 0.97957695113056176 0 0.47191830780452232 0.80598103574033564 29.500000000000004 0.6830127018922193 0.5970094821298324 0.25000000000000011 0.32119815668202772 0.18965517241379312 0.37741935483870975 0.47500000000000003 0.48998056559818987 0.12201822244818451 0.10677083333333334 0.57943289321425384 0.6078576107927941 0.33367139959432052 26.500000000000004 0.16947311116436589 0.38843813387423937 1 0.5977388767323123 0.49781181619256026 0.20459518599562362 1.0000000180025095e-35 0.59102031964221136 0.11197916666666667
decision_type=2 2 2 1 2 2 2 2 2 2 2 2 2 2 2 2 2 2 2 2 2 2 2 1 2 2 2 2 2 2
left_child=1 -1 3 4 22 15 23 12 9 11 -11 -9 24 -14 -15 16 17 -6 19 -18 -21 -17 -2 26 25 -8 -3 -5 29 -29
right_child=2 6 -4 27 5 -7 7 8 -10 10 -12 -13 13 14 -16 21 18 -19 -20 20 -22 -23 -24 -25 -26 -27 -28 28 -30 -31
leaf_value=-0.0021945929134938708 -0.00015728951404256109 -0.0013320846439523371 0.0010729648055549446 -9.7002079084218711e-05 0.00035982885914061187 0.00085687653870767451 -0.00039958989214800781 0.0020318795463698902 0.001722437128290296 -0.00064027946292329898 0.00021440946538848842 0.00035324846167000471 -0.00011355348762274337 -0.00012768139086479042 0.00038325589134379298 -1.3966346408078873e-05 -6.5328907155792279e-05 0.00041970197111779867 0.00031315097921388277 0.00025448224814834106 7.0206593962114463e-05 0.00066100775563892927 0.00027917141576868412 -0.00068333735203365744 -0.00062341252379807268 8.9815549509771392e-05 -1.3628532648289688e-05 0.00018646080199969661 -2.5396116198621595e-05 0.00035391988747804137
leaf_weight=1601 64 123 20 91 30 29 134 21 27 103 20 29 81 30 38 37 34 26 37 22 25 20 23 635 444 113 339 43 112 23
leaf_count=1601 64 123 20 91 30 29 134 21 27 103 20 29 81 30 38 37 34 26 37 22 25 20 23 635 444 113 339 43 112 23
internal_value=-0.0013059 -0.00194061 0.00242452 0.00211363 0.00347058 0.0050769 -0.0012452 -0.000605769 0.00269999 0.00116184 -0.00129267 0.00719986 -0.00139286 0.00122818 0.00449993 0.00427271 0.00527583 0.00932126 0.0033559 0.00144443 0.00465947 0.0012105 -0.000931024 -0.00185141 -0.00195803 -0.000692306 -0.000902541 0.000225805 0.00121348 0.00381812
internal_weight=4374 3738 636 616 347 260 2137 1040 200 173 123 50 840 149 68 231 174 56 118 81 47 57 87 1097 691 247 462 269 178 66
internal_count=4374 3738 636 616 347 260 2137 1040 200 173 123 50 840 149 68 231 174 56 118 81 47 57 87 1097 691 247 462 269 178 66
cat_boundaries=0 1 2
cat_threshold=546 526
is_linear=0
shrinkage=0.03


Tree=48
num_leaves=31
num_cat=2
split_feature=20 6 9 19 9 9 8 7 7 13 17 8 16 19 16 6 11 10 9 20 2 9 17 8 5 2 11 20 3 17
split_gain=10.7674 2.94346 2.07652 1.79274 2.14849 1.39198 1.28623 1.04836 1.48118 2.02111 1.61405 1.21899 1.07954 0.84518 1.20943 2.47294 2.6046 1.68652 1.04581 0.865749 0.748057 0.728088 0.695214 0.936361 0.626167 0.624938 0.600192 0.761889 0.555018 0.543229
threshold=0.56286410739646286 0.23572223105037346 0.97957695113056176 0 0.80598103574033564 0.47191830780452232 0.092976158837091025 0.073925378384792365 0.12201822244818451 -0.22252093395631442 0.350651008424815 0.26495406874879129 18.500000000000004 1 17.500000000000004 0.56267281105990796 0.25000000000000017 -0.24999999999999994 0.94493070751276453 0.45421979383876848 0.065104166666666671 0.61159737417943127 0.27814654071993883 0.15723101739870424 0.38843813387423937 0.096354166666666671 1.0000000180025095e-35 0.59102031964221136 0.10677083333333334 0.40102969960003415
decision_type=2 2 2 1 2 2 2 2 2 2 2 2 2 1 2 2 2 2 2 2 2 2 2 2 2 2 2 2 2 2
left_child=1 -1 3 4 5 24 21 28 9 12 -11 -10 -9 14 -8 16 20 -18 -15 -19 -16 -3 -22 -24 -2 -25 -5 29 -7 -28
right_child=2 6 -4 26 -6 7 13 8 11 10 -12 -13 -14 18 15 -17 17 19 -20 -21 22 -23 23 25 -26 -27 27 -29 -30 -31
leaf_value=-0.0015993450830618483 -0.00010165666768748815 0.00044470186009201311 0.0010407758613882956 -0.00013750802334136888 0.00083117024254644365 -2.2630844182039527e-05 -0.0003456581305348319 0.00024849834937671592 -3.1660835328281757e-05 0.00051701060850625725 0.00010869910428563946 0.0006282005662381192 -2.4130066258052082e-05 -0.00041422144955338919 -0.00053254182817090337 0.00033101229725699809 0.0013442506291788253 0.00068595121878356328 8.4874576481711421e-05 -1.5893256007460516e-05 -0.00081446220711789831 -0.00024292245483832902 -0.00060007995635723711 0.00039195487056449004 0.00027079627329562253 1.6981997942562403e-05 0.00033419525157491164 -2.4634232712661415e-05 0.0003309598552830213 -2.456760741327184e-06
leaf_weight=1921 52 22 20 72 29 24 397 21 35 30 27 21 33 861 242 31 38 38 25 58 40 20 63 20 23 20 36 112 23 20
leaf_count=1921 52 22 20 72 29 24 397 21 35 30 27 21 33 861 242 31 38 38 25 58 40 20 63 20 23 20 36 112 23 20
internal_value=-0.00131276 -0.00189357 0.00250173 0.00216129 0.00358535 0.00291694 -0.001048 0.00414951 0.00526344 0.0072702 0.0112103 0.00128569 0.00311105 -0.00116694 -0.000523511 0.000381817 -0.000109827 0.00349251 -0.00182812 0.00137498 -0.00136363 0.00414276 0.00035664 0.00166018 -0.000599993 0.00524987 0.000119999 0.00110714 0.000191485 0.00396421
internal_weight=4374 3796 578 558 318 289 1875 214 167 111 57 56 54 1833 947 550 519 134 886 96 385 42 143 103 75 40 240 168 47 56
internal_count=4374 3796 578 558 318 289 1875 214 167 111 57 56 54 1833 947 550 519 134 886 96 385 42 143 103 75 40 240 168 47 56
cat_boundaries=0 1 2
cat_threshold=546 62
is_linear=0
shrinkage=0.03


Tree=49
num_leaves=31
num_cat=2
split_feature=5 9 19 6 8 6 6 9 5 11 8 17 1 0 16 5 19 11 16 4 8 16 2 6 0 9 16 11 8 5
split_gain=11.1757 2.48192 2.63768 2.16158 2.35907 1.86727 3.17175 3.36026 3.72366 2.24896 1.41478 1.31668 1.22492 1.13199 0.979676 1.1898 0.826665 1.26058 1.87374 1.36517 0.950163 0.750712 0.733054 0.614854 0.604134 0.60404 0.603351 0.602658 1.31354 0.624968
threshold=0.21517917511832321 0.53610503282275734 0 0.20519397970534159 0.088210155466507345 0.51658986175115229 0.64377880184331815 0.5970094821298324 0.3600405679513185 0.25000000000000017 0.1966496734981962 0.4150285082120671 0.10156250000000001 0.60199702478080097 28.500000000000004 0.29310344827586216 1 0.25000000000000017 18.500000000000004 0.065104166666666671 0.10133922723468335 29.500000000000004 0.15364583333333334 0.55253456221198172 0.54033000023206745 0.35922684172137131 6.5000000000000009 1.0000000180025095e-35 0.19010694606400499 0.34178498985801226
decision_type=2 2 1 2 2 2 2 2 2 2 2 2 2 2 2 2 1 2 2 2 2 2 2 2 2 2 2 2 2 2
left_child=3 13 5 -1 -5 11 7 12 -9 22 14 24 -7 -2 26 -16 17 20 25 -20 -6 -15 27 -18 -3 -19 -4 28 -8 -29
right_child=1 2 10 4 16 6 9 8 -10 -11 -12 -13 -14 21 15 -17 23 18 19 -21 -22 -23 -24 -25 -26 -27 -28 29 -30 -31
leaf_value=-0.0020807747735971985 -9.1496238571791641e-05 0.00017026002179675129 0.00022032913090760353 0.00057335609982539124 6.4591894729769961e-05 0.0009195180845771564 0.00033939016454161483 0.00065348664051944672 0.00019909287416745766 0.00093412955227533659 -0.00013682639160849625 0.00071010320418632487 -1.5106406021642552e-05 -0.0001030303769228909 0.00079602565471631091 -4.6765643670829324e-06 -0.00054363055068865974 -0.00047319269273182122 0.00025469604487658043 0.00058269278296813553 -0.0006895668748732258 0.00028703221120634446 -2.8297192571918268e-05 0.00029484612143085498 -0.00016130641997903967 6.9648953247265921e-05 -4.3522890309824644e-05 9.945605048844893e-05 0.00010737498583604198 -0.00013142689305525933
leaf_weight=1601 248 24 25 30 25 21 27 21 22 24 129 23 22 36 24 22 1226 93 29 32 364 43 46 27 55 22 44 20 29 20
leaf_count=1601 248 24 25 30 25 21 27 21 22 24 129 23 22 36 24 22 1226 93 29 32 364 43 46 27 55 22 44 20 29 20
internal_value=-0.00125789 0.00167027 0.00281939 -0.0020432 -0.00134416 0.00441757 0.00592855 0.0106045 0.0165345 0.003506 0.000307085 0.00111764 0.00467431 -0.000431192 0.00273911 0.0061303 -0.00148185 -0.000495652 0.00160226 0.00585236 -0.00145758 0.00269617 0.00207041 -0.00190736 -0.000721511 -0.000652169 0.000478253 0.00356246 0.00557133 0.000749981
internal_weight=4374 925 598 3449 1848 354 252 86 43 166 244 102 43 327 115 46 1818 565 176 61 389 79 142 1253 79 115 69 96 56 40
internal_count=4374 925 598 3449 1848 354 252 86 43 166 244 102 43 327 115 46 1818 565 176 61 389 79 142 1253 79 115 69 96 56 40
cat_boundaries=0 1 2
cat_threshold=550 14
is_linear=0
shrinkage=0.03


Tree=50
num_leaves=31
num_cat=2
split_feature=6 9 1 9 19 7 6 6 9 0 6 16 9 7 10 9 4 18 7 19 9 12 6 10 0 0 13 4 18 18
split_gain=11.3323 4.00164 2.32696 2.31912 2.08087 1.708 1.94222 1.42414 1.4545 1.24183 1.14863 1.11833 2.32743 1.06072 1.20284 1.62795 1.09238 1.0084 1.21071 0.990728 0.981211 0.929275 0.863905 0.933145 1.0625 1.44277 1.04216 0.830744 0.762276 0.878198
threshold=0.31935483870967746 0.80598103574033564 0.075520833333333343 0.47191830780452232 0 0.092343480677863826 0.78755760368663608 0.34331797235023048 0.69146608315098479 0.55882118566514938 0.23103448275862074 28.500000000000004 0.30415754923413574 0.11596544270602603 0.68301270189221941 0.59992706053975209 0.10677083333333334 0.46323529411764708 0.085704493569116261 1 0.92924872355944577 1.0000000180025095e-35 0.24182424916573975 0.93301270189221952 0.46376833820953017 0.42230543645064583 -0.22252093395631442 0.096354166666666671 0.48676470588235299 0.47205882352941181
decision_type=2 2 2 2 1 2 2 2 2 2 2 2 2 2 2 2 2 2 2 1 2 2 2 2 2 2 2 2 2 2
left_child=10 3 -3 11 7 -4 20 -5 9 21 -1 -2 -13 14 15 -11 -17 -16 -19 22 -7 28 -12 24 25 -24 -27 -15 29 -9
right_child=1 2 5 4 -6 6 -8 8 -10 13 19 12 -14 27 17 16 -18 18 -20 -21 -22 -23 23 -25 -26 26 -28 -29 -30 -31
leaf_value=-0.0015895858303384715 -0.00040316939876513847 -0.00010497189867118563 0.00097947392705638307 0.00073321275099443646 -4.1122367718805319e-05 0.00073512224916768838 0.00083402141328836469 3.1514529726163606e-05 -4.8390720236776933e-05 0.0015772093284848563 -0.0011965885311805136 0.00087836445996859595 -7.4083980267918733e-05 0.00048304431857793114 0.00020182901130779866 2.4633334916470648e-05 0.00038206835975650844 -4.0649711452335782e-05 0.00027762965560563325 -0.00056655137382644386 -0.00020700284009142819 -3.15835258633651e-05 -1.9326722646510836e-06 -0.001990582953405943 -0.00020202137659020155 0.00039289912321382721 0.00038123995967003334 -0.00017663626517411667 -3.0064998356117878e-05 0.00045156350770778113
leaf_weight=1901 367 33 30 34 349 29 20 33 120 23 58 28 113 39 22 23 20 35 43 735 25 60 46 38 51 21 30 26 23 25
leaf_count=1901 367 33 30 34 349 29 20 33 120 23 58 28 113 39 22 23 20 35 43 735 25 60 46 38 51 21 30 26 23 25
internal_value=-0.00122727 0.00086842 0.00575908 0.000383947 0.00132 0.00796146 0.00551344 0.00248507 0.00212195 0.00304838 -0.00233333 -0.00122834 0.00104255 0.00440258 0.00567466 0.00881805 0.00537197 0.00359996 0.00199997 -0.00149847 0.00255551 0.000829781 0.000188975 0.00119354 0.00227025 0.00411336 0.00758809 0.00115383 0.00292589 0.00475854
internal_weight=4400 1520 137 1383 875 104 74 526 492 372 2880 508 141 231 166 66 43 100 78 979 54 141 244 186 148 97 51 65 81 58
internal_count=4400 1520 137 1383 875 104 74 526 492 372 2880 508 141 231 166 66 43 100 78 979 54 141 244 186 148 97 51 65 81 58
cat_boundaries=0 1 2
cat_threshold=554 24
is_linear=0
shrinkage=0.03


Tree=51
num_leaves=31
num_cat=1
split_feature=20 5 9 8 11 8 13 19 8 16 16 8 2 9 11 16 8 9 16 2 5 8 8 5 8 17 11 8 1 16
split_gain=10.8434 3.29881 2.78125 1.90762 1.38749 1.18912 1.84337 1.15163 1.60057 0.814212 1.05419 1.19245 1.53204 0.768751 1.01359 1.34912 1.53654 1.11792 0.888861 0.598654 0.599641 0.586323 0.609668 0.899953 0.548649 0.541036 0.571659 0.76987 0.556544 0.508201
threshold=0.57705635284861878 0.1288032454361055 0.97957695113056176 0.16640278872593822 -0.9330127018922193 0.19010694606400499 1.0000000180025095e-35 0 0.095052845230286204 3.5000000000000004 28.500000000000004 0.18460672248384172 0.070312500000000014 0.4584245076586434 0.6830127018922193 7.5000000000000009 0.27719287970000966 0.60649161196207169 29.500000000000004 0.19531250000000003 0.33569979716024351 0.18916446128283268 0.43871151078150539 0.43103448275862072 0.18691356651965157 0.29770833883543302 0.6830127018922193 0.15242185369161029 0.080729166666666671 29.500000000000004
decision_type=2 2 2 2 2 2 2 1 2 2 2 2 2 2 2 2 2 2 2 2 2 2 2 2 2 2 2 2 2 2
left_child=1 5 3 -2 -5 -1 -7 8 -3 -6 21 -12 -13 -10 15 17 -17 -15 -16 20 -14 -11 -23 -24 -20 29 -27 28 -28 -9
right_child=2 7 -4 4 9 6 -8 25 13 10 11 12 19 14 18 16 -18 -19 24 -21 -22 22 23 -25 -26 26 27 -29 -30 -31
leaf_value=-0.0014197232522686017 0.00044910081239543675 0.00033898466693122983 0.0012221420406579393 0.00042078247707882813 0.0003059042613176508 -0.0015805617534187916 0.00044595387959328326 -0.00023473688336535969 -0.00022249450571584626 0.00012355296596262475 0.00037247321783404525 0.00030031130223054077 -0.0002148743548160817 -0.00010385690947277684 -2.034380483022498e-06 -5.4193517080248764e-05 0.00049588398322562182 0.00066624123538765916 0.0017228892147023722 0.00046948888778708186 0.00018515157956339507 -0.00012523547447345975 0.00012358723017622447 -0.00010305602143347389 0.00031128535745433031 -0.00057873979275929787 -7.8106295960060198e-05 -0.00030193830828534638 0.0012876971406723971 8.6745806404514396e-05
leaf_weight=2096 21 22 22 29 20 33 25 169 351 59 29 22 52 22 40 375 31 25 28 21 91 84 20 20 22 468 49 54 20 80
leaf_count=2096 21 22 22 29 20 33 25 169 351 59 29 22 52 22 40 375 31 25 28 21 91 84 20 20 22 468 49 54 20 80
internal_value=-0.00126818 -0.0017954 0.00293877 0.00244871 0.00203355 -0.00258217 0.00165514 -0.000830296 -8.42339e-05 0.0015933 0.00129648 0.00272092 0.0018387 -0.00028188 0.000425413 -0.000152318 -0.000709359 0.00465947 0.0033333 0.000841458 0.000146851 -0.000377048 -0.00154838 0.00149996 0.00599988 -0.00162353 -0.00213705 -0.000317071 0.00178258 -0.000469878
internal_weight=4400 3910 490 468 447 2154 58 1756 916 418 398 215 186 894 543 453 406 47 90 164 143 183 124 40 50 840 591 123 69 249
internal_count=4400 3910 490 468 447 2154 58 1756 916 418 398 215 186 894 543 453 406 47 90 164 143 183 124 40 50 840 591 123 69 249
cat_boundaries=0 1
cat_threshold=570
is_linear=0
shrinkage=0.03


Tree=52
num_leaves=31
num_cat=1
split_feature=0 9 5 8 7 17 7 8 8 9 7 5 9 9 18 18 9 0 18 16 10 16 2 2 12 5 19 8 9 9
split_gain=9.09255 2.74791 2.63242 1.9771 1.93197 1.70256 1.02644 1.10125 2.08876 1.204 1.19042 1.09052 0.944422 3.04469 1.21174 1.09372 0.900543 0.999951 0.899915 0.719021 1.66533 0.682541 0.64693 0.55057 0.521251 0.517001 0.722874 1.47586 0.885659 1.65738
threshold=0.54665645269236129 0.80598103574033564 0.084178498985801223 0.18916446128283268 0.092343480677863826 0.40471732902164365 0.02149017771572934 0.18579397213266124 0.19814297748565238 0.48322392414296145 0.094404316164656679 0.18762677484787021 0.66411378555798695 0.5948212983223925 0.46911764705882358 0.48382352941176471 0.52552881108679805 0.47407937031367969 0.45147058823529412 28.500000000000004 0.25000000000000011 5.5000000000000009 0.070312500000000014 0.17447916666666669 0.6078576107927941 0.1288032454361055 0 0.096551327259016217 0.30233406272793589 0.30598103574033558
decision_type=2 2 2 2 2 2 2 2 2 2 2 2 2 2 2 2 2 2 2 2 2 2 2 2 2 2 1 2 2 2
left_child=2 3 -1 12 -3 -6 -4 25 10 -10 -9 16 13 14 18 -15 -11 -18 -2 21 -21 -5 -22 -24 -13 -8 27 -27 -29 -30
right_child=1 4 6 19 5 -7 7 8 9 11 -12 24 -14 15 -16 -17 17 -19 -20 20 22 -23 23 -25 -26 26 -28 28 29 -31
leaf_value=-0.0028387256482316353 5.5420769923723051e-06 0.0010617316647349398 0.00022669521646284926 0.00021797240274314852 -6.8180042280505571e-06 0.00070238344275062869 -0.00088061149241135692 0.00057046700494448965 -0.00065213495065114598 0.00020568297926250369 -5.0971499346333239e-06 -3.49616794105536e-05 -1.7783589628343255e-06 0.00048916900572911154 -8.0604492050084166e-06 0.0003327744694302195 -0.0012299848387560749 0.00049983580753893558 0.00040825100235973751 0.00077926367534700432 0.00024461668488345297 -8.3669816463117385e-05 -3.8135837354138142e-05 0.0003007679481495321 8.5918056851568781e-05 0.00034511411044915242 -0.00051732938762810807 -0.00072188353589646337 0.0013014682307298023 -0.00014087154478788357
leaf_weight=1346 20 23 22 34 46 38 732 36 198 31 27 65 57 24 64 20 25 20 20 32 24 152 139 23 20 20 546 148 22 426
leaf_count=1346 20 23 22 34 46 38 732 36 198 31 27 65 57 24 64 20 25 20 20 32 24 152 139 23 20 20 546 148 22 426
internal_value=-0.001275 0.00181843 -0.00187622 0.00103941 0.00625228 0.00414281 -0.00126775 -0.00132902 5.68712e-05 -0.000827296 0.00509516 0.00109937 0.00343901 0.00470267 0.00190383 0.0113179 0.00371048 0.000999977 0.00599985 -0.000178218 0.00099082 -0.00154838 -9.67744e-05 -0.000777774 -0.00123528 -0.0016378 -0.00124441 -0.000507987 -0.000785234 -0.000120536
internal_weight=4400 716 3684 609 107 84 2338 2316 422 359 63 161 205 148 104 44 76 45 40 404 218 186 186 162 85 1894 1162 616 596 448
internal_count=4400 716 3684 609 107 84 2338 2316 422 359 63 161 205 148 104 44 76 45 40 404 218 186 186 162 85 1894 1162 616 596 448
cat_boundaries=0 1
cat_threshold=632
is_linear=0
shrinkage=0.03


Tree=53
num_leaves=31
num_cat=1
split_feature=0 4 16 5 10 5 7 18 10 17 11 11 16 7 10 5 19 17 17 0 5 3 17 4 11 16 10 17 4 3
split_gain=9.85261 3.05593 1.37714 2.29395 1.24134 1.11331 1.79553 1.38416 1.08455 1.0226 0.871912 0.841162 2.37895 1.23396 1.57591 1.54039 0.896419 1.33232 0.593901 0.588392 0.567375 0.62539 0.825675 0.618443 0.527225 0.737872 2.57257 1.99667 0.439727 0.557804
threshold=0.55485698752022106 0.044270833333333336 28.500000000000004 0.44117647058823534 0.25000000000000011 0.31947261663286008 0.11742592553505851 0.4661764705882353 -0.24999999999999994 0.36782929699306594 1.0000000180025095e-35 0.6830127018922193 29.500000000000004 0.10036056523027932 0.25000000000000011 0.11054766734279921 0 0.20913113777550851 0.39378208946756316 0.34281235812728811 0.38438133874239355 0.10677083333333334 0.33037833904084474 0.075520833333333343 0.25000000000000017 17.500000000000004 -0.24999999999999994 0.34018381414347726 0.065104166666666671 0.033854166666666671
decision_type=2 2 2 2 2 2 2 2 2 2 2 2 2 2 2 2 1 2 2 2 2 2 2 2 2 2 2 2 2 2
left_child=1 19 8 4 9 -6 7 -7 -2 -4 -9 16 -13 14 -14 -16 28 -18 -11 -1 21 23 -23 -10 -21 -26 27 -27 -3 -30
right_child=2 11 3 -5 5 6 -8 10 20 18 -12 12 13 -15 15 -17 17 -19 -20 24 -22 22 -24 -25 25 26 -28 -29 29 -31
leaf_value=-0.0033640658776802989 -0.00018992228853239427 -0.00025103046709761098 0.0015674305701785158 0.00090039942573477347 -3.7429569266026045e-05 0.00070090803197657404 -1.0943628556882524e-05 0.00034289007071511664 0.00017164067050690825 -5.2468279979891755e-05 4.1535275583888542e-05 -0.00047424340505890157 0.00081875055496519731 0.0013511293338839255 0.0012491409868351808 -0.00024650160178932138 0.00019474002972761023 -0.00047432938875142559 0.00057423384548261844 -0.00077120306892966182 -0.00023460359388155762 0.00015077210106479482 0.00032688761281249757 -2.6767564124074032e-05 -0.00089890928239152968 0.0014263053466480942 -0.00055924600819956614 -0.00011428825777631008 0.00037279169705058661 1.8540115011932509e-05
leaf_weight=1202 59 149 20 35 97 29 75 21 33 20 39 202 37 20 21 58 42 710 24 738 22 88 27 53 156 23 157 21 21 201
leaf_count=1202 59 149 20 35 97 29 75 21 33 20 39 202 37 20 21 58 42 710 24 738 22 88 27 53 156 23 157 21 21 201
internal_value=-0.00124773 -0.00183449 0.00218691 0.00341666 0.00263076 0.00171264 0.00321949 0.00610105 0.000617018 0.0063749 0.00349994 -0.000761807 0.000550294 0.00361762 0.00243101 3.79735e-05 -0.00115672 -0.00174016 0.00381809 -0.00251676 0.00157398 0.00207462 0.00352171 0.000139533 -0.0020137 -0.00106722 0.000134327 0.00654531 7.08653e-05 0.000918914
internal_weight=4400 3758 642 360 325 261 164 89 282 64 60 1461 338 136 116 79 1123 752 44 2297 223 201 115 86 1095 357 201 44 371 222
internal_count=4400 3758 642 360 325 261 164 89 282 64 60 1461 338 136 116 79 1123 752 44 2297 223 201 115 86 1095 357 201 44 371 222
cat_boundaries=0 1
cat_threshold=522
is_linear=0
shrinkage=0.03


Tree=54
num_leaves=31
num_cat=1
split_feature=6 9 1 7 6 9 6 6 8 9 11 9 8 8 9 9 10 0 0 6 9 1 6 8 7 6 19 5 8 5
split_gain=9.30531 3.31426 1.90733 1.63271 1.62148 1.556 1.30158 1.25915 1.73427 1.55932 1.27453 1.28817 1.58378 1.18144 1.05803 1.41919 1.01425 1.2099 0.753512 2.02214 0.746866 0.72086 0.839825 0.802758 0.689659 0.678286 0.689607 0.662806 0.632407 1.02284
threshold=0.31935483870967746 0.80598103574033564 0.075520833333333343 0.092343480677863826 0.78755760368663608 0.47191830780452232 0.61244239631336417 0.23103448275862074 0.095476969969421524 0.59117432530999292 0.25000000000000017 0.5970094821298324 0.14266440600799832 0.1795928394607082 0.65864332603938747 0.65134938001458809 -0.5 0.55673768899067289 0.4652230214593141 0.41336405529953929 0.92924872355944577 0.10156250000000001 0.68064516129032271 0.2538063739792234 0.092848179558897223 0.32488479262672815 0 0.21805273833671404 0.12113624105212735 0.15517241379310348
decision_type=2 2 2 2 2 2 2 2 2 2 2 2 2 2 2 2 2 2 2 2 2 2 2 2 2 2 1 2 2 2
left_child=7 5 -3 -4 20 25 14 -1 9 -9 -10 28 -13 24 15 16 17 -7 19 -18 -5 22 -15 -23 -8 -2 -27 -20 29 -12
right_child=1 2 3 4 -6 6 13 8 10 -11 11 12 -14 21 -16 -17 18 -19 27 -21 -22 23 -24 -25 -26 26 -28 -29 -30 -31
leaf_value=-0.0014544707092136932 0.0005701097248014366 -0.00011353809551972307 0.00086076496004935282 0.00067145472291929294 0.00074340147232178724 6.3910579081208943e-06 0.00033090203329737489 0.00034515135698361962 -0.00069075813159374532 -0.00029541814112730085 0.00039195281104145951 -0.00010418066782767021 0.0014845238639800322 0.00041990265103105474 -0.00012054997042970624 0.0010986048347108681 0.00019244160296880868 0.0015204076530731607 -0.00025545169022345496 -0.0011605275204427383 -0.00022613501123763344 -4.953230518189546e-05 -0.00015993426393638065 0.00019062027008971946 9.1078065617151643e-05 -5.5638928167374757e-05 -0.0013282404732113768 1.6916994809486373e-05 -0.00049328068504679188 -0.0004335935692021093
leaf_weight=1901 28 33 30 29 20 25 37 24 604 35 53 20 23 27 220 28 23 20 80 20 25 60 20 36 22 308 172 257 188 32
leaf_count=1901 28 33 30 29 20 25 37 24 604 35 53 20 23 27 220 28 23 20 80 20 25 60 20 36 22 308 172 257 188 32
internal_value=-0.00124773 0.000651315 0.00510215 0.00709608 0.00470264 0.000210411 0.000977141 -0.00225 -0.00137589 0.00361011 -0.00169565 -0.000151899 0.00467431 0.00308909 0.000343238 0.00117218 0.000741174 0.00499989 0.000236841 0.00397665 0.00199996 0.00161537 0.00465947 0.000124998 0.0066609 -0.00111023 -0.001375 -0.000240356 -0.000912085 0.00123528
internal_weight=4400 1520 137 104 74 1383 875 2880 979 59 920 316 43 202 673 453 425 45 380 43 54 143 47 96 59 508 480 337 273 85
internal_count=4400 1520 137 104 74 1383 875 2880 979 59 920 316 43 202 673 453 425 45 380 43 54 143 47 96 59 508 480 337 273 85
cat_boundaries=0 1
cat_threshold=674
is_linear=0
shrinkage=0.03


Tree=55
num_leaves=31
num_cat=2
split_feature=6 6 19 9 6 9 11 10 16 20 18 9 6 9 2 16 6 12 10 19 3 6 5 20 5 16 6 5 11 10
split_gain=7.58696 2.87365 2.67196 3.29496 2.38597 3.24362 1.40719 2.73642 5.76694 2.28664 1.86057 1.64763 2.56083 1.26148 1.33929 1.16492 1.01455 0.7885 0.725372 0.689487 0.615448 0.565922 0.840561 1.71951 0.546298 0.514276 0.642838 0.809947 0.506602 0.969789
threshold=0.53041474654377896 0.19549411162314392 0 0.57330415754923425 0.64377880184331815 0.5970094821298324 0.6830127018922193 -0.24999999999999994 29.500000000000004 0.49332608432250175 0.48382352941176471 0.5970094821298324 0.38847926267281113 0.97957695113056176 0.15364583333333334 29.500000000000004 0.33594470046082953 0.6078576107927941 0.68301270189221941 1 0.096354166666666671 0.24182424916573975 0.16734279918864101 0.43918682946971144 0.34178498985801226 10.500000000000002 0.27880184331797242 0.16531440162271807 1.0000000180025095e-35 0.25000000000000011
decision_type=2 2 1 2 2 2 2 2 2 2 2 2 2 2 2 2 2 2 2 1 2 2 2 2 2 2 2 2 2 2
left_child=1 -1 3 15 5 -5 16 8 25 -10 -11 -9 -13 14 17 -2 19 24 -17 21 28 -3 23 -23 -6 26 -8 -28 29 -18
right_child=2 6 -4 4 13 -7 7 11 9 10 -12 12 -14 -15 -16 18 20 -19 -20 -21 -22 22 -24 -25 -26 -27 27 -29 -30 -31
leaf_value=-0.00212110830623707 -0.00012992172622429963 -0.0008840139074328152 -5.2344724457865387e-05 0.00029269210360379524 0.00029990348498128405 0.00067117019078059912 -0.00094639023691124298 -0.00021813155765654558 0.0014522291380919708 -0.00012190770985029338 0.00086185764593750406 0.0016923654847371854 -0.00030084013130127289 0.0010810700639313894 -9.6290147089633145e-05 0.001524767542063951 -3.8417680606926037e-05 0.00025647995742584281 3.3637620323790153e-06 -0.00062663424163669041 -0.00019017550297799538 2.8570882832476871e-05 -0.00027960227488621443 0.00033116110629812098 7.634038838476725e-05 -0.0002331664597196056 0.00021171391652660397 -0.00017642339899451472 -0.00016417483198754364 0.00031582757657110111
leaf_weight=1563 90 57 211 27 33 30 25 322 32 20 21 20 21 22 35 27 198 21 47 999 146 49 29 20 39 56 20 25 135 96
leaf_count=1563 90 57 211 27 33 30 25 322 32 20 21 20 21 22 35 27 198 21 47 999 146 49 29 20 39 56 20 25 135 96
internal_value=-0.00129576 -0.00177789 0.0018969 0.00337794 0.00598548 0.0112103 -0.00110127 0.000202846 0.00303013 0.00973959 0.00504866 -0.0013471 0.00431697 0.00399997 0.00285935 0.00029268 -0.00152516 0.00474188 0.00308104 -0.00203813 -0.000495652 -9.09092e-05 0.0012857 0.00308691 0.00324995 -0.000857137 0.00085713 0.00299993 7.69222e-05 0.000775507
internal_weight=4436 3854 582 371 207 57 2291 562 199 73 41 363 41 150 128 164 1729 93 74 1154 575 155 98 69 72 126 70 45 429 294
internal_count=4436 3854 582 371 207 57 2291 562 199 73 41 363 41 150 128 164 1729 93 74 1154 575 155 98 69 72 126 70 45 429 294
cat_boundaries=0 1 2
cat_threshold=38 8
is_linear=0
shrinkage=0.03


Tree=56
num_leaves=31
num_cat=3
split_feature=6 6 19 9 7 8 16 9 6 5 10 4 16 9 8 8 4 19 8 19 9 20 10 10 16 7 17 7 9 5
split_gain=6.66876 2.98144 2.29152 2.65806 1.38687 1.32476 1.16492 1.01655 1.95537 1.67115 2.30906 0.912895 0.968324 3.3711 1.38353 1.70149 0.846052 0.787562 0.707186 0.62118 0.76124 0.578808 0.548876 0.976193 1.54966 0.665443 0.517586 1.60175 0.514509 1.00604
threshold=0.53041474654377896 0.1905821282906934 0 0.57330415754923425 0.061413298199477807 0.088210155466507345 29.500000000000004 0.97957695113056176 0.68525345622119838 0.38640973630831649 0.68301270189221941 0.059895833333333336 29.500000000000004 0.30598103574033558 0.18579397213266124 0.1966496734981962 0.12760416666666669 1 0.18264427710219064 2 0.24507658643326041 0.44566508779923081 -0.5 -0.6830127018922193 29.500000000000004 0.061054153025151298 0.28622068848139121 0.053081945743596072 0.5948212983223925 0.25253549695740368
decision_type=2 2 1 2 2 2 2 2 2 2 2 2 2 2 2 2 2 1 2 1 2 2 2 2 2 2 2 2 2 2
left_child=1 -1 3 6 -5 -3 -2 8 9 10 -6 19 17 -14 -15 -16 -8 26 -4 20 -7 -17 23 -22 25 -25 -13 -28 -29 -30
right_child=2 5 18 4 7 11 16 -9 -10 -11 -12 12 13 14 15 21 -18 -19 -20 -21 22 -23 -24 24 -26 -27 27 28 29 -31
leaf_value=-0.0021537651729237098 -0.0001260240744375712 0.00044868525187862239 0.00013298165591106925 0.00043857600414093519 0.00081175317965208316 -0.0011061065524646135 0.00047922356980536156 0.0010486379620134464 5.8933444496193799e-05 -8.2161676340409146e-06 0.00023405612536943755 -0.0002389970787046933 0.0010277153158020202 -0.00027689468387118383 0.00044847296489349713 0.00019191734104242615 -4.4460508473416575e-05 -0.00053833391421584473 -8.6156520761105984e-05 -0.00038708819996542714 -0.00077418153205503532 -7.1240862719621252e-06 -0.00022221089999558937 7.1714154642417657e-05 0.0013718937472887304 -0.00023572887210150146 0.00029098805298683671 -0.00018215408706350231 0.00035708422086605551 -0.00017029980511588095
leaf_weight=1528 90 35 20 21 20 156 51 22 84 21 39 92 29 258 32 23 23 298 191 521 106 105 445 20 32 39 24 53 27 31
leaf_count=1528 90 35 20 21 20 156 51 22 84 21 39 92 29 258 32 23 23 298 191 521 106 105 445 20 32 39 24 53 27 31
internal_value=-0.00130253 -0.00175454 0.00169072 0.00306298 0.00540577 -0.00107825 0.00029268 0.00458062 0.00376827 0.00712491 0.0097117 -0.00116674 -0.000469136 0.000557045 -0.000129187 0.00206249 0.00308104 -0.00134286 -0.000828051 -0.00168082 -0.00110643 0.00051562 -0.000663551 0.000654818 0.00293403 5.08459e-05 3.79738e-05 0.00122221 -0.000297295 0.00165514
internal_weight=4436 3854 582 371 207 2326 164 186 164 80 59 2291 972 447 418 160 74 525 211 1319 798 128 642 197 91 59 227 135 111 58
internal_count=4436 3854 582 371 207 2326 164 186 164 80 59 2291 972 447 418 160 74 525 211 1319 798 128 642 197 91 59 227 135 111 58
cat_boundaries=0 1 2 3
cat_threshold=38 523 604
is_linear=0
shrinkage=0.03


Tree=57
num_leaves=31
num_cat=1
split_feature=6 6 9 8 8 19 11 9 7 11 9 8 8 8 8 9 9 1 1 12 7 8 18 6 17 3 7 9 0 1
split_gain=7.10523 2.79153 2.01251 1.72151 1.64102 1.30274 1.42829 1.19724 1.44915 1.07743 1.92403 3.13718 1.36098 1.21483 1.02291 1.21287 0.945536 1.04314 0.907725 0.795227 0.787945 1.33174 0.947499 0.716928 0.688407 0.624918 0.607751 0.543575 0.83444 0.501451
threshold=0.52764976958525367 0.1905821282906934 0.97957695113056176 0.1795928394607082 0.088889909737814618 0 -0.9330127018922193 0.57622173595915405 0.092848179558897223 0.6830127018922193 0.5948212983223925 0.24855113226519951 0.18809772008987066 0.14266440600799832 0.1237024423506968 0.31400437636761497 0.47191830780452232 0.080729166666666671 0.049479166666666671 -0.8783796973249266 0.092343480677863826 0.19944284209539223 0.46029411764705885 0.28433179723502316 0.39378208946756316 0.11718750000000001 0.024592161741940167 0.47191830780452232 0.54802186383041918 0.13281250000000003
decision_type=2 2 2 2 2 1 2 2 2 2 2 2 2 2 2 2 2 2 2 2 2 2 2 2 2 2 2 2 2 2
left_child=1 -1 3 7 18 6 -5 -2 -9 12 14 13 24 -12 15 -11 -8 25 -3 -19 21 -14 -23 -17 26 -18 -6 -16 -29 -22
right_child=2 4 -4 5 9 -7 16 8 -10 10 11 -13 20 -15 27 23 17 19 -20 -21 29 22 -24 -25 -26 -27 -28 28 -30 -31
leaf_value=-0.0020891522177359989 -1.3673691233944633e-05 -1.6436650793066209e-05 0.0010171788231530417 0.00058695467475037384 5.8593424198015804e-05 -8.2158871698028764e-05 -8.1859744634558959e-05 0.00023170142851521708 6.756495501022996e-05 0.0010868823886180945 0.0012700734531784265 -0.00020708550140954599 0.00041907745976902332 0.0013704757473477307 -0.00024260150057063537 -0.0004335432843746369 0.00032253669253562141 0.00028586929940095803 0.0005330963430438514 1.967104432887711e-06 -7.8020122622147193e-05 0.00020155301095237568 -0.00015395408649901112 0.00018242813198775492 0.0001023789056102161 0.0009457875214343226 -0.00049282962995355316 0.00017383899324554484 -3.3320867004163768e-05 0.00022019161697095946
leaf_weight=1528 23 20 22 29 28 208 68 35 24 36 20 34 31 31 306 62 20 22 23 125 84 20 61 20 25 20 1442 20 29 20
leaf_count=1528 23 20 22 29 28 208 68 35 24 36 20 34 31 31 306 62 20 22 23 125 84 20 61 20 25 20 1442 20 29 20
internal_value=-0.00131605 -0.00178906 0.00173154 0.00139024 -0.00113149 0.00071951 0.00199999 0.00541457 0.00767784 -0.00124152 -9.67747e-05 0.00405878 -0.00161484 0.00876453 -0.000843551 0.00157626 0.00135294 0.00245453 0.00467431 0.0012857 0.000611108 0.00235712 0.000333329 -0.00043902 -0.00193645 0.00674983 -0.00202041 -0.00164788 0.00128569 -0.00126922
internal_weight=4436 3840 596 574 2312 492 284 82 59 2269 558 85 1711 51 473 118 255 187 43 147 216 112 81 82 1495 40 1470 355 49 104
internal_count=4436 3840 596 574 2312 492 284 82 59 2269 558 85 1711 51 473 118 255 187 43 147 216 112 81 82 1495 40 1470 355 49 104
cat_boundaries=0 1
cat_threshold=38
is_linear=0
shrinkage=0.03


Tree=58
num_leaves=31
num_cat=2
split_feature=6 9 0 4 8 3 16 6 11 8 9 3 6 5 11 11 0 8 7 9 7 7 2 18 8 19 16 19 10 4
split_gain=6.54816 2.79864 1.73085 1.6155 1.66685 1.21926 1.40227 0.938493 1.81813 1.92427 1.4896 0.837119 0.904428 1.70615 0.781846 1.17473 1.18004 1.0568 1.70005 0.912138 0.721452 1.05496 0.689533 0.619813 1.33159 0.617735 0.702471 0.576373 0.565903 0.534853
threshold=0.28064516129032263 0.97957695113056176 0.56764902299890541 0.20052083333333334 0.18916446128283268 0.080729166666666671 8.5000000000000018 0.13870967741935489 0.6830127018922193 0.098555133216983518 0.5970094821298324 0.14843750000000003 0.61244239631336417 0.34584178498985801 0.93301270189221952 0.6830127018922193 0.46896267166687183 0.18691356651965157 0.090266055694361871 0.41320204230488705 0.064214130984395643 0.071197677084720135 0.070312500000000014 0.48088235294117648 0.14331531426208988 0 3.5000000000000004 1 -0.24999999999999994 0.12239583333333334
decision_type=2 2 2 2 2 2 2 2 2 2 2 2 2 2 2 2 2 2 2 2 2 2 2 2 2 1 2 1 2 2
left_child=7 2 14 4 5 -4 -7 -1 -9 -10 28 12 -8 -14 15 17 19 25 20 -17 -19 -22 -23 -18 -25 26 -2 29 -11 -6
right_child=1 -3 3 -5 27 6 11 8 9 10 -12 -13 13 -15 -16 16 23 18 -20 -21 21 22 -24 24 -26 -27 -28 -29 -30 -31
leaf_value=-0.0029855320092716641 0.0002422826550223629 0.00098666345845845179 -4.9300275420292752e-05 0.00039101769821313175 0.00019275852057073941 -2.2787149533573309e-05 0.00048803327838201814 -0.00075144895598082981 0.0010840219634630083 0.00048820679154267264 0.0015181535430694403 8.9369809243187981e-05 0.00027808056251334509 0.00019273537119282342 -0.00101017023219093 0.00034167559416378588 -0.00012880615965240645 0.00034031104203091189 -7.2919176914767203e-05 0.00031361636037995685 -7.6289685953138083e-05 7.4234125678061173e-05 0.00025520450608043226 0.00085210478431994982 -2.3044605216219563e-05 -0.00043087398654344429 -9.7286900774303024e-05 -0.00019007091361160382 -0.00045825788918478814 -3.6916784055957661e-05
leaf_weight=1164 24 22 29 22 196 29 30 1139 22 37 25 21 21 25 184 21 57 47 140 26 33 41 39 25 43 380 317 115 107 55
leaf_count=1164 24 22 29 22 196 29 30 1139 22 37 25 21 21 25 184 21 57 47 140 26 33 41 39 25 43 380 317 115 107 55
internal_value=-0.00130929 -3.09031e-06 -0.000125001 0.00130939 0.000973126 0.00358062 0.0048571 -0.00232638 -0.00178195 0.000926696 -0.000159763 0.00658756 0.00805252 0.0106954 -0.000690632 -0.000409891 0.00188371 -0.000796278 0.000699997 0.00593604 0.00281248 0.00151326 0.00337496 0.000359996 0.00229408 -0.00141886 -0.000435897 -0.000131148 -0.00133332 0.000678158
internal_weight=4436 1942 1920 543 521 155 126 2494 1330 191 169 97 76 46 1377 1193 172 1021 300 47 160 113 80 125 68 721 341 366 144 251
internal_count=4436 1942 1920 543 521 155 126 2494 1330 191 169 97 76 46 1377 1193 172 1021 300 47 160 113 80 125 68 721 341 366 144 251
cat_boundaries=0 1 2
cat_threshold=586 674
is_linear=0
shrinkage=0.03


Tree=59
num_leaves=31
num_cat=2
split_feature=6 0 8 7 19 8 4 0 11 8 19 8 6 7 1 3 18 17 17 7 8 8 8 0 7 8 7 16 17 7
split_gain=6.09175 2.34137 1.89738 1.39715 1.35142 1.14785 1.61988 1.05558 1.2479 2.42553 0.916041 1.93019 0.893036 0.597909 0.593418 0.548418 0.541902 0.881809 1.3068 1.52717 2.20513 1.06867 2.45563 0.667773 0.456332 1.35533 0.881676 0.413944 0.624707 0.885298
threshold=0.28064516129032263 0.59537384276397409 0.1795928394607082 0.092848179558897223 0 0.28376229104135253 0.096354166666666671 0.34766968031203666 0.6830127018922193 0.095052845230286204 1 0.10707025556729419 0.77741935483870983 0.077483937672895853 0.096354166666666671 0.054687500000000007 0.50441176470588245 0.31856863245681227 0.28103991149689395 0.079791135151608045 0.15723101739870424 0.12711936694370876 0.11949420284674021 0.51931752276443832 0.063784656901514372 0.18691356651965157 0.05578386221791292 29.500000000000004 0.31027880239099248 0.071197677084720135
decision_type=2 2 2 2 1 2 2 2 2 2 1 2 2 2 2 2 2 2 2 2 2 2 2 2 2 2 2 2 2 2
left_child=7 10 3 -3 5 6 -4 -1 -9 -10 11 -2 -7 15 -6 -11 17 18 24 20 21 22 -20 -18 25 -13 -27 -12 29 -29
right_child=1 2 4 -5 14 12 -8 8 9 13 27 16 -14 -15 -16 -17 23 -19 19 -21 -22 -23 -24 -25 -26 26 -28 28 -30 -31
leaf_value=-0.0024524876258891484 0.00087767310914826815 0.00020568897858728449 0.00049889639064697557 3.3501626448261466e-05 0.00027383529573156591 -4.938700190426597e-05 0.001088908122623697 -0.00066982786399014387 0.0011462241374883861 -0.0004033789197457272 -0.00037278726798125667 -0.00030037518510506156 0.00034263452969904865 0.0010734396835399556 -3.2243543196204274e-05 0.00022585159384757669 -0.00019700025250967706 -0.00014281624940105226 -4.4375684229445774e-05 -3.8629079773977713e-05 0.00086029722028714757 -0.00039825500291280306 0.00015026941185166296 0.00019226352506877418 -8.7001802548512255e-05 -1.0365474370592296e-05 0.00054840528557543891 -9.1683326138671499e-05 -0.00011317250077164054 7.2887766412319251e-05
leaf_weight=1295 23 38 25 31 35 41 25 1018 20 113 438 67 24 21 160 27 38 221 28 69 22 22 21 42 173 25 23 79 209 63
leaf_count=1295 23 38 25 31 35 41 25 1018 20 113 438 67 24 21 160 27 38 221 28 69 22 22 21 42 173 25 23 79 209 63
internal_value=-0.00130929 -4.94343e-05 0.00206596 0.00656512 0.00106451 0.00347997 0.00719986 -0.0022903 -0.00164887 0.000646405 -0.00056238 0.000176019 0.00115383 -0.000577637 -0.000512193 -0.00128571 -8.38888e-05 -0.000362146 0.000399998 0.00255554 0.00506446 0.00249292 0.00495908 0.00224997 -0.000812498 0.000652168 0.00449991 -0.00127284 -0.000521367 0.00101408
internal_weight=4436 1942 379 69 310 115 50 2494 1199 181 1563 774 65 161 195 140 751 671 450 162 93 71 49 80 288 115 48 789 351 142
internal_count=4436 1942 379 69 310 115 50 2494 1199 181 1563 774 65 161 195 140 751 671 450 162 93 71 49 80 288 115 48 789 351 142
cat_boundaries=0 1 2
cat_threshold=36 554
is_linear=0
shrinkage=0.03


Tree=60
num_leaves=31
num_cat=3
split_feature=6 6 19 9 7 9 7 6 3 9 19 5 10 2 3 9 9 4 6 9 10 10 16 13 9 9 19 9 7 0
split_gain=6.94451 2.84873 2.06925 3.50348 3.60815 1.27999 1.26216 1.05303 2.73264 0.928092 1.26018 0.899933 0.821355 0.83504 0.866045 0.676993 0.677108 0.644659 1.1233 0.884637 1.51508 1.03985 0.926313 0.599662 0.557928 0.494728 0.478755 0.648545 0.46222 0.417251
threshold=0.53963133640553018 0.18229779119656767 0 0.80598103574033564 0.11146912280415879 0.53610503282275734 0.02149017771572934 0.63271889400921666 0.10677083333333334 0.17396061269146609 1 0.4269776876267749 0.93301270189221952 0.15364583333333334 0.14843750000000003 0.69401896425966469 0.94493070751276453 0.065104166666666671 0.38387096774193558 0.5948212983223925 0.25000000000000011 -0.5 29.500000000000004 -0.22252093395631442 0.53610503282275734 0.24215900802334064 2 0.65134938001458809 0.098703409235773101 0.47781967737816494
decision_type=2 2 1 2 2 2 2 2 2 2 1 2 2 2 2 2 2 2 2 2 2 2 2 2 2 2 1 2 2 2
left_child=1 -1 3 5 -5 -2 -3 8 -7 -8 -11 -6 13 14 28 17 -17 26 19 21 -21 22 -19 -20 25 -25 -12 29 -9 -28
right_child=2 6 -4 4 11 7 9 12 -10 10 15 -13 -14 -15 -16 16 -18 18 23 20 -22 -23 -24 24 -26 -27 27 -29 -30 -31
leaf_value=-0.0019610556379104907 -7.3014975209714271e-06 0.00022836795456581408 -4.0710853129294756e-05 0.00092886933952266175 -0.00010913509958050082 4.5892585981546354e-05 -0.0010641170880929859 0.00033636431062354926 0.0010821390615366692 -0.0006157924785031299 -0.00023177078711562849 0.00058681388303447144 -3.123682643847661e-05 -0.00013438178767169776 -3.2526099627844164e-06 -0.00031697780971826745 0.00018762301390095993 -3.225118236484771e-05 -0.00012981398971711198 -8.3997142753985091e-06 0.0011762949726342054 -6.7974429297431042e-05 0.00094360462525621086 0.00024816497554827697 0.00034153844242199803 -4.2981187392002537e-05 4.300131262835785e-05 0.00023314615171255934 0.00054762374263239721 -0.00013412233861820986
leaf_weight=1469 120 24 196 21 20 26 253 22 24 598 192 20 40 21 20 319 33 24 130 33 33 110 22 24 40 71 246 36 27 190
leaf_count=1469 120 24 196 21 20 26 253 22 24 598 192 20 40 21 20 319 33 24 130 33 33 110 22 24 40 71 246 36 27 190
internal_value=-0.00128338 -0.00173668 0.00184739 0.00314554 0.00978672 0.00189999 -0.00109504 0.00349998 0.00719986 -0.00116483 -0.000958115 0.00449989 0.00207691 0.00366663 0.00526079 -0.000481825 -0.00163636 -0.000132928 0.000696096 0.00227026 0.00518174 0.00103845 0.00482598 -0.00062264 0.000777771 -0.00047368 -0.000740963 -0.00019917 0.00740801 -0.000522935
internal_weight=4404 3847 557 361 61 300 2378 180 50 2354 2101 40 130 90 69 1503 352 1151 487 222 66 156 46 265 135 95 664 472 49 436
internal_count=4404 3847 557 361 61 300 2378 180 50 2354 2101 40 130 90 69 1503 352 1151 487 222 66 156 46 265 135 95 664 472 49 436
cat_boundaries=0 1 2 3
cat_threshold=38 273 130
is_linear=0
shrinkage=0.03


Tree=61
num_leaves=31
num_cat=2
split_feature=6 6 19 11 11 16 10 13 0 8 11 2 5 19 8 0 16 0 16 4 6 16 12 18 10 8 0 8 8 8
split_gain=6.55994 2.9952 1.98361 1.50853 1.37003 2.50574 3.01946 2.98639 2.76799 1.1899 2.0084 2.39138 1.31068 1.06451 0.919152 0.814299 0.950346 1.18931 0.911966 0.761659 0.744752 0.966936 0.666627 0.651547 0.610831 0.980862 1.31778 0.597164 0.513721 0.914458
threshold=0.53963133640553018 0.18229779119656767 0 0.93301270189221952 0.6830127018922193 29.500000000000004 0.25000000000000011 1.0000000180025095e-35 0.41625612619461377 0.26495406874879129 0.25000000000000017 0.080729166666666671 0.39046653144016236 1 0.095052845230286204 0.5896914389629998 16.500000000000004 0.60600593573569095 29.500000000000004 0.10677083333333334 0.27788018433179729 2.5000000000000004 1.0000000180025095e-35 0.50441176470588245 0.93301270189221952 0.12896556527388528 0.48167596075519353 0.15463481449481423 0.1966496734981962 0.21743680224164993
decision_type=2 2 1 2 2 2 2 2 2 2 2 2 2 1 2 2 2 2 2 2 2 2 2 2 2 2 2 2 2 2
left_child=1 -1 3 9 13 -6 7 22 -8 12 11 -11 15 14 -3 -2 17 -17 -18 23 27 -22 -7 -10 25 26 -23 -16 -15 -30
right_child=2 4 -4 -5 5 6 8 -9 19 10 -12 -13 -14 28 20 16 18 -19 -20 -21 21 24 -24 -25 -26 -27 -28 -29 29 -31
leaf_value=-0.0019022239687731758 2.2621520631222764e-05 0.00025831217517925653 -3.9489527535416095e-05 -0.00053596155571007133 -0.00024662607183522246 0.00022465509865470789 0.0012427541078916815 0.0012106576026818783 -0.00021103176731883654 0.00052362986484329492 0.00095994139517766475 2.572268085199722e-05 -1.4865846545452343e-05 -0.00055083669057957841 -0.00075260353311970454 0.00042907326588882813 -9.8115050198657912e-05 0.00018407417829385483 0.0001854051423375019 3.5466975825393305e-05 0.00042100217712662269 0.0001429471498871219 0.0013773345619342799 0.00029110743217604666 -0.00039876454302313044 -6.8174997111813935e-05 -0.00024415284757511044 0.00021961498219337801 6.2297586706972722e-05 -6.2306895342762464e-05
leaf_weight=1469 47 33 196 41 286 27 45 21 124 27 33 69 34 895 283 25 26 24 35 22 24 39 27 21 89 309 40 20 21 52
leaf_count=1469 47 33 196 41 286 27 45 21 124 27 33 69 34 895 283 25 26 24 35 22 24 39 27 21 89 309 40 20 21 52
internal_value=-0.00124932 -0.00168989 0.00179353 0.00306468 -0.00103196 0.000246072 0.00222647 0.0073999 0.000396224 0.00384374 0.00606972 0.00387496 0.0023403 -0.00143767 -0.000626919 0.00349679 0.00490905 0.00802024 0.0024098 -0.00138323 -0.000835821 -0.000125749 0.0036666 -0.0021724 -0.000421383 9.27826e-05 0.00307591 -0.0020099 -0.00211043 0.000287667
internal_weight=4404 3847 557 361 2378 573 287 75 212 320 129 96 191 1805 837 157 110 49 61 167 804 501 54 145 477 388 79 303 968 73
internal_count=4404 3847 557 361 2378 573 287 75 212 320 129 96 191 1805 837 157 110 49 61 167 804 501 54 145 477 388 79 303 968 73
cat_boundaries=0 1 2
cat_threshold=38 586
is_linear=0
shrinkage=0.03


Tree=62
num_leaves=31
num_cat=0
split_feature=6 6 5 7 16 11 9 20 10 16 17 16 5 9 18 7 17 4 7 16 5 13 20 6 5 6 11 17 17 10
split_gain=6.24351 3.05609 1.7688 1.22521 1.21801 1.17264 2.33398 3.13033 1.55026 2.13747 1.49988 0.758321 1.28327 0.746879 1.87068 1.14987 0.798953 0.984486 0.790919 0.935947 0.739423 0.937899 0.728204 0.694059 0.597467 0.531761 0.517113 0.909396 0.797239 0.646353
threshold=0.53963133640553018 0.18229779119656767 0.52839756592292109 0.02149017771572934 8.5000000000000018 0.6830127018922193 0.5948212983223925 0.45245807143466038 -0.24999999999999994 29.500000000000004 0.33260705618597397 3.5000000000000004 0.30121703853955378 0.72611232676878201 0.50735294117647067 0.075870623877683993 0.20376989192409165 0.059895833333333336 0.10220618182554275 16.500000000000004 0.33164300202839764 1.0000000180025095e-35 0.61636054089337511 0.307373271889401 0.28904665314401629 0.3000000000000001 1.0000000180025095e-35 0.24891498595864187 0.26308399285167228 0.68301270189221941
decision_type=2 2 2 2 2 2 2 2 2 2 2 2 2 2 2 2 2 2 2 2 2 2 2 2 2 2 2 2 2 2
left_child=1 -1 4 -3 11 23 8 -8 9 25 -11 12 -2 16 15 -15 -6 -18 19 -19 21 -9 -17 -5 -21 -7 28 -28 -25 -30
right_child=2 3 -4 5 13 6 7 20 -10 10 -12 -13 -14 14 -16 22 17 18 -20 24 -22 -23 -24 26 -26 -27 27 -29 29 -31
leaf_value=-0.001845157249709981 -0.00053234086615449022 0.00021772827218908322 0.00093961231811265822 -0.00054243244339396632 -0.00014834609645743819 6.9485067943984765e-05 0.0015522195329533714 -1.2393910850199184e-05 -0.00017301061727723063 0.0012628984858914425 0.00057383068139076857 -0.00019922587110119357 0.00047725807588961159 0.00043201237319685261 0.00084355307900856426 -6.8358343293175081e-05 0.00031955433612291709 0.00018358023186535588 -1.2744628232567691e-05 0.00017413865193912438 -0.00022360544909823008 0.0011472896119721747 0.00013049381560485671 -0.00054697096220835523 -3.1118792008144486e-06 -8.5979617097994054e-05 0.00010528169826424608 -0.00028449226768134455 -5.5565601199348857e-06 0.00029669017006728378
leaf_weight=1469 22 24 20 1027 34 39 20 29 324 21 37 78 20 25 28 42 30 37 89 21 22 21 37 77 74 53 21 238 333 92
leaf_count=1469 22 24 20 1027 34 39 20 29 324 21 37 78 20 25 28 42 30 37 89 21 22 21 37 77 74 53 21 238 333 92
internal_value=-0.00122888 -0.0016587 0.00173967 -0.000994113 0.0014134 -0.00106287 0.000127208 0.00449995 -0.000721518 0.00179999 0.00631024 -0.00124999 0.00199995 0.00217985 0.00404542 0.00219229 0.00131578 0.00190039 0.00120814 0.0026818 0.00158331 0.00359993 0.000417716 -0.0014396 0.00110525 -0.00104347 -0.000752956 -0.00184169 -0.000191235 0.000317646
internal_weight=4404 3847 557 2378 537 2354 566 92 474 150 58 120 42 417 132 104 285 251 221 132 72 50 79 1788 95 92 761 259 502 425
internal_count=4404 3847 557 2378 537 2354 566 92 474 150 58 120 42 417 132 104 285 251 221 132 72 50 79 1788 95 92 761 259 502 425
is_linear=0
shrinkage=0.03


Tree=63
num_leaves=31
num_cat=0
split_feature=0 6 9 7 16 11 9 10 8 6 9 10 16 8 6 7 16 17 18 9 1 3 5 17 8 0 6 8 9 6
split_gain=6.27781 2.69424 1.48897 1.24434 1.12647 1.79848 4.08777 1.6091 2.46282 1.118 0.972378 0.983373 4.02357 1.09514 0.966998 0.933309 2.40812 0.657721 0.633273 0.930204 0.913409 0.899283 0.678182 0.859432 0.583564 1.26286 0.791237 0.677288 0.584962 0.681787
threshold=0.55313495128410028 0.18229779119656767 0.94493070751276453 0.02149017771572934 29.500000000000004 0.6830127018922193 0.5970094821298324 0.25000000000000011 0.12558172954289096 0.59308755760368681 0.52552881108679805 -0.5 28.500000000000004 0.1795928394607082 0.32119815668202772 0.096392604787514213 16.500000000000004 0.36673474597906569 0.50147058823529422 0.72611232676878201 0.10156250000000001 0.075520833333333343 0.30527383367139965 0.34409837460641657 0.10192442018860086 0.43741959702800254 0.307373271889401 0.096551327259016217 0.92924872355944577 0.26853646909264267
decision_type=2 2 2 2 2 2 2 2 2 2 2 2 2 2 2 2 2 2 2 2 2 2 2 2 2 2 2 2 2 2
left_child=1 17 10 -3 -5 9 7 8 -7 24 -2 12 -12 15 -9 16 -13 -1 20 -20 21 -15 -23 -24 25 -6 28 -27 -26 -30
right_child=2 3 -4 4 5 6 -8 14 -10 -11 11 13 -14 18 -16 -17 -18 -19 19 -21 -22 22 23 -25 26 27 -28 -29 29 -31
leaf_value=-0.0018763158683317391 -1.0570128759590989e-05 0.00021119642402340973 0.00085593182093950018 -0.00038909788534308609 -0.00053655708923351587 0.0010820047228349244 0.0015134294375281228 -0.00035742146501155267 -0.0001786492960805302 0.00034619484045128471 -0.00047196362709637553 0.00035030560509720208 0.0021831773286950448 -0.00011720191136458199 0.00013560431531508353 -9.4238678547959409e-06 7.4780983461480166e-05 3.1794143262641077e-05 8.9526722461448178e-07 0.00052931101271830826 -4.7670777098134657e-05 -4.162202650472922e-05 0.00020976265948877823 0.00038754566129137554 -0.00056294591108741365 0.00039634070439592892 -6.9533831088586029e-06 1.8793993790214483e-05 0.00020777319365887539 -0.0011421849765978697
leaf_weight=1447 191 24 34 1102 89 21 29 103 34 20 21 20 21 25 20 24 40 22 47 34 129 30 20 28 450 20 294 21 24 20
leaf_count=1447 191 24 34 1102 89 21 29 103 34 20 21 20 21 25 20 24 40 22 47 34 129 30 20 28 450 20 294 21 24 20
internal_value=-0.00121526 -0.00169251 0.00147289 -0.00104491 -0.00111749 -0.000458516 0.00207245 0.000370784 0.00463628 -0.00101706 0.00114285 0.00192027 0.00628556 0.00145843 -0.00153657 0.00449995 0.00649989 -0.00269367 0.00064217 0.00292589 -0.000155172 0.00195144 0.00353842 0.00574988 -0.00116993 0.000692302 -0.00147716 0.00504866 -0.00221052 0.00109088
internal_weight=4404 3740 664 2271 2247 1145 207 178 55 938 630 439 42 397 123 84 60 1469 313 81 232 103 78 48 918 130 788 41 494 44
internal_count=4404 3740 664 2271 2247 1145 207 178 55 938 630 439 42 397 123 84 60 1469 313 81 232 103 78 48 918 130 788 41 494 44
is_linear=0
shrinkage=0.03


end of trees

feature_importances:
seasonality_index=224
rolling_mean_30=212
rolling_std_30=209
days_to_holiday=170
rolling_std_7=150
units_sold=144
month_cos=140
rolling_mean_7=106
trend_strength=100
month_sin=92
category=59
lag_30=54
lag_7=52
lag_1=48
acceleration=44
anchor=40
lag_14=37
dow_cos=20
dow_sin=19

parameters:
[boosting: gbdt]
[objective: quantile]
[metric: quantile]
[tree_learner: serial]
[device_type: cpu]
[data_sample_strategy: bagging]
[data: ]
[valid: ]
[num_iterations: 1000]
[learning_rate: 0.03]
[num_leaves: 31]
[num_threads: 0]
[seed: 42]
[deterministic: 0]
[force_col_wise: 0]
[force_row_wise: 0]
[histogram_pool_size: -1]
[max_depth: -1]
[min_data_in_leaf: 20]
[min_sum_hessian_in_leaf: 0.001]
[bagging_fraction: 0.8]
[pos_bagging_fraction: 1]
[neg_bagging_fraction: 1]
[bagging_freq: 5]
[bagging_seed: 400]
[bagging_by_query: 0]
[feature_fraction: 0.8]
[feature_fraction_bynode: 1]
[feature_fraction_seed: 30056]
[extra_trees: 0]
[extra_seed: 12879]
[early_stopping_round: 0]
[early_stopping_min_delta: 0]
[first_metric_only: 0]
[max_delta_step: 0]
[lambda_l1: 0]
[lambda_l2: 0.001]
[linear_lambda: 0]
[min_gain_to_split: 0]
[drop_rate: 0.1]
[max_drop: 50]
[skip_drop: 0.5]
[xgboost_dart_mode: 0]
[uniform_drop: 0]
[drop_seed: 17869]
[top_rate: 0.2]
[other_rate: 0.1]
[min_data_per_group: 100]
[max_cat_threshold: 32]
[cat_l2: 10]
[cat_smooth: 10]
[max_cat_to_onehot: 4]
[top_k: 20]
[monotone_constraints: ]
[monotone_constraints_method: basic]
[monotone_penalty: 0]
[feature_contri: ]
[forcedsplits_filename: ]
[refit_decay_rate: 0.9]
[cegb_tradeoff: 1]
[cegb_penalty_split: 0]
[cegb_penalty_feature_lazy: ]
[cegb_penalty_feature_coupled: ]
[path_smooth: 0]
[interaction_constraints: ]
[verbosity: -1]
[saved_feature_importance_type: 0]
[use_quantized_grad: 0]
[num_grad_quant_bins: 4]
[quant_train_renew_leaf: 0]
[stochastic_rounding: 1]
[linear_tree: 0]
[max_bin: 255]
[max_bin_by_feature: ]
[min_data_in_bin: 3]
[bin_construct_sample_cnt: 200000]
[data_random_seed: 175]
[is_enable_sparse: 1]
[enable_bundle: 1]
[use_missing: 1]
[zero_as_missing: 0]
[feature_pre_filter: 1]
[pre_partition: 0]
[two_round: 0]
[header: 0]
[label_column: ]
[weight_column: ]
[group_column: ]
[ignore_column: ]
[categorical_feature: 19]
[forcedbins_filename: ]
[precise_float_parser: 0]
[parser_config_file: ]
[objective_seed: 16083]
[num_class: 1]
[is_unbalance: 0]
[scale_pos_weight: 1]
[sigmoid: 1]
[boost_from_average: 1]
[reg_sqrt: 0]
[alpha: 0.9]
[fair_c: 1]
[poisson_max_delta_step: 0.7]
[tweedie_variance_power: 1.5]
[lambdarank_truncation_level: 30]
[lambdarank_norm: 1]
[label_gain: ]
[lambdarank_position_bias_regularization: 0]
[eval_at: ]
[multi_error_top_k: 1]
[auc_mu_weights: ]
[num_machines: 1]
[local_listen_port: 12400]
[time_out: 120]
[machine_list_filename: ]
[machines: ]
[gpu_platform_id: -1]
[gpu_device_id: -1]
[gpu_use_dp: 0]
[num_gpu: 1]

end of parameters

pandas_categorical:[["auto", "bed_bath_table", "computers_accessories", "furniture_decor", "garden_tools", "health_beauty", "housewares", "sports_leisure", "telephony", "watches_gifts"]]
