tree
version=v4
num_class=1
num_tree_per_iteration=1
label_index=0
max_feature_idx=20
objective=quantile
feature_names=units_sold lag_1 lag_7 lag_14 lag_30 rolling_mean_7 rolling_mean_30 rolling_std_7 rolling_std_30 seasonality_index month_sin month_cos dow_sin dow_cos is_weekend is_holiday days_to_holiday trend_strength acceleration category anchor
feature_infos=[0:0.77253560138447708] [0:1] [0:1] [0:1] [0:1] [0:1] [0:1] [0:1] [0:1] [0:1] [-1:1] [-1:1] [-0.97492791218182362:0.97492791218182362] [-0.90096886790241903:1] [0:1] [0:1] [1:30] [0.0099565994383455925:1] [0:1] -1:3:7:5:1:2:6:8:4:0:9 [0:0.77253560138447708]
tree_sizes=2285 2245 2417 2427 2315 2477 2771 2849 2851 2852 2842 2862 2834 2837 2850 2847 2849 2843 2835 2844 2847 2856 2857 2851 2872 2850 2842 2858 2848 2868 2845 2859 2855 2879 2858 2867 2869 2838 2868 2869 2882 2872 2875 2873 2879 2884 2899 2868 2888 2892 2889 2897 2885 2891 2900 2916 2902 2926 2892 2919 2913 2914 2890 2908 2908 2909 2888 2906 2931 2924 2923 2894 2893 2893 2909 2904 2909 2934 2908 2928 2924 2923 2873 2916 2934 2938 2936 2931 2935 2929 2907 2939 2903 2916 2940 2933 2920 2934 2927 2945 2909 2947 2917 2926 2915 2960 2912 2934 2953 2932 2940 2951 2954 2931 2944 2943 2956 2965 2926 2961 2948 2969 2960 2958 2977 2933 2934 2941 2962 2948 2961 2953 2939 2953 2955 2940 2974 2931 2951 2959 2937 2964 2935 2937 2946 2961 2961 2911 2970 2936 2959 2956 2947 2946 2953 2924 2958 2965 2944 2991 2942 2945 2915 2927 2942 2942 2973 2941 2962

Tree=0
num_leaves=26
num_cat=0
split_feature=0 0 0 10 13 7 7 9 5 2 7 9 0 4 6 6 11 9 0 2 6 4 2 17 9
split_gain=277.7 11.2888 7.296 4.72396 1.46263 2.35453 1.26222 1.42463 1.22464 1.16641 0.944551 0.683567 0.578788 0.816749 0.495065 0.416384 0.323544 0.164464 0.154759 0.278287 0.0410681 0.0370081 0.026954 0.00647154 0.0432394
threshold=0.58542297693482837 0.56286410739646286 0.60785668035134688 1.0000000180025095e-35 1.0000000180025095e-35 0.095129496739318989 0.10459879533739259 0.70386579139314387 0.2991886409736309 0.11197916666666667 0.16947311116436589 0.57330415754923425 0.61912653167645637 0.070312500000000014 0.61244239631336417 0.56267281105990796 0.25000000000000017 0.70386579139314387 0.54802186383041918 0.075520833333333343 0.51290322580645176 0.11718750000000001 0.14322916666666669 0.36060320618347969 0.34390955506929255
decision_type=2 2 2 2 2 2 2 2 2 2 2 2 2 2 2 2 2 2 2 2 2 2 2 2 2
left_child=1 10 3 -2 8 9 11 15 16 -6 18 -5 13 -4 -13 -8 -3 -15 22 -20 -14 -21 23 -1 -25
right_child=2 4 12 6 5 -7 7 -9 -10 -11 -12 14 20 17 -16 -17 -18 -19 19 21 -22 -23 -24 24 -26
leaf_value=0.58406977063497723 0.58709172051433312 0.58661614523646588 0.58832842519425821 0.58718727694594419 0.5871780276003864 0.58688152444268615 0.58745297367512761 0.58749594321846166 0.58744575987049941 0.58687980708326193 0.58702369972534596 0.58744881840666641 0.58941976425568532 0.58792367849403493 0.58753198727893841 0.58766946893215011 0.58678313381857805 0.58783270825396872 0.58673520372469168 0.5863311043581354 0.58967795369120712 0.58621337272575058 0.58585381298862305 0.58552848711345051 0.58534224785801103
leaf_weight=3469 28 20 22 23 21 25 21 22 24 21 37 30 21 33 37 22 23 29 21 57 151 20 36 20 128
leaf_count=3469 28 20 22 23 21 25 21 22 24 21 37 30 21 33 37 22 23 29 21 57 151 20 36 20 128
internal_value=0.586615 0.584083 0.609243 0.604668 0.59264 0.595774 0.606717 0.603531 0.589506 0.600113 0.58378 0.609018 0.612513 0.61047 0.61055 0.606708 0.586476 0.612233 0.583733 0.584909 0.61351 0.584074 0.583701 0.583693 0.583888
internal_weight=4361 3922 439 183 134 67 155 65 67 42 3788 90 256 84 67 43 43 62 3751 98 172 77 3653 3617 148
internal_count=4361 3922 439 183 134 67 155 65 67 42 3788 90 256 84 67 43 43 62 3751 98 172 77 3653 3617 148
is_linear=0
shrinkage=1


Tree=1
num_leaves=24
num_cat=0
split_feature=0 0 0 8 3 8 1 16 17 13 2 7 0 4 8 17 0 2 6 3 2 17 3
split_gain=273.528 10.1767 7.6932 3.08249 2.28677 2.24999 1.87823 1.42052 1.33372 1.15707 0.997925 0.944551 0.722959 1.1815 0.282752 0.261235 0.154759 0.278287 0.0410681 0.0370081 0.026954 0.00647154 0.0432394
threshold=0.58542297693482837 0.56286410739646286 0.60785668035134688 0.20833669660143139 0.085937500000000014 0.1813468332704895 0.11718750000000001 24.500000000000004 0.36171389668964354 1.0000000180025095e-35 0.10677083333333334 0.16947311116436589 0.61912653167645637 0.070312500000000014 0.20477481889322038 0.28912432984426867 0.54802186383041918 0.075520833333333343 0.51290322580645176 0.13281250000000003 0.14322916666666669 0.36060320618347969 0.070312500000000014
decision_type=2 2 2 2 2 2 2 2 2 2 2 2 2 2 2 2 2 2 2 2 2 2 2
left_child=1 11 3 8 -5 -3 -6 -7 10 -9 -2 16 13 -4 -15 -12 20 -18 -14 -19 21 -1 -23
right_child=2 5 12 4 6 7 -8 9 -10 -11 15 -13 18 14 -16 -17 17 19 -20 -21 -22 22 -24
leaf_value=-0.0025366008291801455 0.0007131108132033266 0.00049422888754426615 0.0015942940933224659 0.00098880949768441191 0.00015632434636516209 -3.0241077933553464e-05 0.00083394478873480163 0.00053433875094349216 0.00065731102826614533 0.00030600391792322544 0.00080368981940175826 0.00032871038847756659 0.0026528929829066736 0.0011772509349313842 0.0013406442909629662 0.00095367761318095761 4.8869267842918115e-05 -0.00034310711771674552 0.0029033367353628334 -0.00044880473853063039 -0.00080607974614363301 -0.0014221430955277036 -0.0010059763929904789
leaf_weight=3469 23 28 22 35 24 36 25 35 22 35 21 37 21 41 21 33 21 57 151 20 36 128 20
leaf_count=3469 23 28 22 35 24 36 25 35 22 35 21 37 21 41 21 33 21 57 151 20 36 128 20
internal_value=-0.000103876 -0.00261754 0.022353 0.0176556 0.0134284 0.00550742 0.00924471 0.0035094 0.0212422 0.00599991 0.0231036 -0.00290496 0.0257108 0.0234283 0.025548 0.0253329 -0.00295201 -0.00177549 0.0268254 -0.00261036 -0.00298358 -0.00299171 -0.00279728
internal_weight=4361 3922 439 183 84 134 49 106 99 70 77 3788 256 84 62 54 3751 98 172 77 3653 3617 148
internal_count=4361 3922 439 183 84 134 49 106 99 70 77 3788 256 84 62 54 3751 98 172 77 3653 3617 148
is_linear=0
shrinkage=0.03


Tree=2
num_leaves=26
num_cat=0
split_feature=0 0 0 10 8 0 8 2 8 5 7 9 6 2 0 8 5 18 16 4 7 2 4 18 0
split_gain=265.015 11.7827 6.95782 4.36273 2.57176 1.79832 1.49521 1.66958 1.31496 1.18267 1.04343 0.756134 0.624963 0.586349 0.427215 0.617319 0.284024 0.672163 0.23533 0.113037 0.0393572 0.0304208 0.0279631 0.00914762 0.0405617
threshold=0.58757867942685726 0.56286410739646286 0.60785668035134688 1.0000000180025095e-35 0.1813468332704895 0.59294530418543168 0.21743680224164993 0.11197916666666667 0.23702998767234346 0.27079107505070998 0.08223428479567764 0.38548504741064926 0.53041474654377896 0.11197916666666667 0.61912653167645637 0.20833669660143139 0.24442190669371197 0.49558823529411766 17.500000000000004 0.11718750000000001 0.069872590815374724 0.14322916666666669 0.11197916666666667 0.50735294117647067 0.50927314443444693
decision_type=2 2 2 2 2 2 2 2 2 2 2 2 2 2 2 2 2 2 2 2 2 2 2 2 2
left_child=1 9 3 -2 -3 -5 10 -8 13 16 -6 -4 -11 -7 15 22 21 20 -15 -12 -18 23 -13 -1 -25
right_child=2 4 11 5 6 8 7 -9 -10 12 19 14 -14 18 -16 -17 17 -19 -20 -21 -22 -23 -24 24 -26
leaf_value=-0.002527993606796662 0.00060092683781998906 0.0005034105813063515 0.0020956710998318753 0.00051558453620338457 0.00027784955402236855 0.00095559327529811582 0.0007993122226673488 0.00021876103592810569 0.00079498915861128856 0.00071003882563976822 -0.00021183696343472959 0.0010628201813414684 -0.00059662862047317195 0.00077235092742910399 0.0028463968522864122 0.001487438548516659 -0.00067900612902580448 0.0001829074711351597 0.00094960181934124796 3.4058417635871583e-05 -0.00039167480616973216 -0.00082684701727895433 0.0011541528414117763 -0.0016939369107851143 -0.0005604289908557569
leaf_weight=3490 22 31 30 36 23 30 21 26 30 20 26 20 20 22 150 29 20 26 30 20 74 32 27 86 20
leaf_count=3490 22 31 30 36 23 30 21 26 30 20 26 20 20 22 150 29 20 26 30 20 74 32 27 86 20
internal_value=-0.000124513 -0.00255781 0.0223521 0.017647 0.00577547 0.0194999 0.00372411 0.0078509 0.0213748 -0.0028812 0.00091303 0.0254765 0.00224994 0.0233412 0.0260707 0.0242365 -0.00293597 -0.00149999 0.0252687 -0.00169562 -0.00268082 -0.00298346 0.0263611 -0.00299166 -0.00271696
internal_weight=4361 3935 426 170 147 148 116 47 112 3788 69 256 40 82 226 76 3748 120 52 46 94 3628 47 3596 106
internal_count=4361 3935 426 170 147 148 116 47 112 3788 69 256 40 82 226 76 3748 120 52 46 94 3628 47 3596 106
is_linear=0
shrinkage=0.03


Tree=3
num_leaves=26
num_cat=0
split_feature=20 20 20 10 8 8 13 9 7 18 20 9 16 20 8 5 20 2 5 10 6 2 8 18 8
split_gain=263.842 11.2548 7.27503 4.24007 2.71033 1.9961 1.30622 2.02488 1.15645 1.11245 0.865673 0.756134 0.652459 0.427215 0.617319 0.346482 0.278167 0.224598 0.188023 0.425478 0.0398946 0.0304194 0.0279631 0.00923702 0.0404719
threshold=0.58757867942685726 0.56286410739646286 0.60785668035134688 1.0000000180025095e-35 0.1813468332704895 0.21743680224164993 1.0000000180025095e-35 0.5948212983223925 0.1598231199900437 0.49264705882352944 0.59889677441000055 0.38548504741064926 26.500000000000004 0.61912653167645637 0.20833669660143139 0.2991886409736309 0.60315093627196148 0.11197916666666667 0.24442190669371197 -0.24999999999999994 0.60875576036866375 0.14322916666666669 0.18264427710219064 0.50735294117647067 0.1237024423506968
decision_type=2 2 2 2 2 2 2 2 2 2 2 2 2 2 2 2 2 2 2 2 2 2 2 2 2
left_child=1 8 3 -2 -3 10 15 -8 18 -7 17 -4 -10 14 22 -6 -12 -5 21 -20 -21 23 -13 -1 -25
right_child=2 4 11 5 6 9 7 -9 12 -11 16 13 -14 -15 -16 -17 -18 -19 19 20 -22 -23 -24 24 -26
leaf_value=-0.0024540438756000325 0.00058289903268538956 0.00048830826386716197 0.0020328009668369187 0.0005352952308476268 -5.4089037498308756e-05 0.00056751316407785564 0.00013203261103910159 0.00044524895643618359 -0.00099436017195339891 0.00094423596445229079 0.00075234232772322716 0.0011717356089716417 0.00068873766087057422 0.002761004946717821 0.0014428153920611601 0.00067182257284138086 0.0010416709312280035 0.00065402910693361288 0.00017221991760070219 -0.00038248145203566568 -0.00063917975457768563 -0.00080204160676058511 0.00088878390340315857 -0.0018489481090283911 -0.0010389842132304092
leaf_weight=3485 22 31 30 20 37 35 34 21 21 22 24 27 20 150 29 24 27 20 26 79 20 32 20 20 85
leaf_count=3485 22 31 30 20 37 35 34 21 21 22 24 27 20 150 29 24 27 20 26 79 20 32 20 20 85
internal_value=-0.000145151 -0.00257306 0.0222816 0.0174705 0.00557139 0.0192972 0.00346549 0.00681806 -0.00288912 0.0148945 0.0220547 0.0254765 0.0021219 0.0260707 0.0242365 0.000442615 0.0246466 0.0187495 -0.00294396 -0.00179999 -0.00269694 -0.00298343 0.0263611 -0.00299164 -0.00271426
internal_weight=4361 3935 426 170 147 148 116 55 3788 57 91 256 41 226 76 61 51 40 3747 125 99 3622 47 3590 105
internal_count=4361 3935 426 170 147 148 116 55 3788 57 91 256 41 226 76 61 51 40 3747 125 99 3622 47 3590 105
is_linear=0
shrinkage=0.03


Tree=4
num_leaves=25
num_cat=0
split_feature=0 0 0 8 0 8 1 8 13 6 5 8 1 8 10 5 10 4 8 5 2 1 8 2
split_gain=259.536 10.175 7.84807 2.33907 1.94396 2.49926 2.86617 1.40878 1.4806 1.19283 0.935165 0.856436 0.623773 0.405783 0.749964 0.273566 0.546138 0.241125 0.21395 0.491685 0.151638 0.0354862 0.148493 0.0453454
threshold=0.58757867942685726 0.56286410739646286 0.59889677441000055 0.1813468332704895 0.61912653167645637 0.23702998767234346 0.13281250000000003 0.21743680224164993 1.0000000180025095e-35 0.56820276497695865 0.27281947261663292 0.20048501969437313 0.12239583333333334 0.20345608835639697 0.25000000000000011 0.24442190669371197 -0.5 0.10156250000000001 0.32168781531003504 0.48478701825557813 0.070312500000000014 0.091145833333333343 0.1160777868849175 0.12239583333333334
decision_type=2 2 2 2 2 2 2 2 2 2 2 2 2 2 2 2 2 2 2 2 2 2 2 2
left_child=1 10 11 -3 5 9 -7 13 -9 -4 15 -2 -13 14 -5 21 -17 -11 -6 -20 -18 -1 -23 -24
right_child=2 3 4 7 18 6 -8 8 -10 17 -12 12 -14 -15 -16 16 20 -19 19 -21 -22 22 23 -25
leaf_value=-0.0025557214327293709 0.00059232563928947617 0.00047365901595114766 0.00088969569224809926 -0.00034325234389870205 0.0020281612232641156 0.00056878841610543459 0.0016629238819454483 0.00059718267139915267 0.00040385528469922199 0.0010087286834158417 0.00026053221014122886 0.00025018461628990699 0.0006032224246709702 -0.00023429995893503922 0.00032810092228834032 0.00040090687958873716 -0.00021772743160566795 0.0010104560411301111 0.0019929006821475764 0.0042458495838050055 -0.00040973247140391731 -0.0014921220521404799 -0.000932865904989561 -0.00064396071560956819
leaf_weight=3391 34 31 24 24 120 25 29 24 23 39 37 25 22 21 24 20 21 56 20 32 82 22 195 20
leaf_count=3391 34 31 24 24 120 25 29 24 23 39 37 25 22 21 24 20 21 56 20 32 82 22 195 20
internal_value=-0.000172667 -0.00258069 0.0220704 0.00516323 0.0240434 0.0217976 0.0164441 0.00320687 0.00721261 0.0242267 -0.0028812 0.0136665 0.0110423 0.000478253 0.00199996 -0.00292802 -0.00153657 0.0257366 0.0263022 0.0246918 -0.00241745 -0.00297519 -0.00262024 -0.00286045
internal_weight=4361 3935 426 147 345 173 54 116 47 119 3788 81 47 69 48 3751 123 95 172 52 103 3628 237 215
internal_count=4361 3935 426 147 345 173 54 116 47 119 3788 81 47 69 48 3751 123 95 172 52 103 3628 237 215
is_linear=0
shrinkage=0.03


Tree=5
num_leaves=27
num_cat=0
split_feature=0 0 0 8 18 18 7 6 17 7 5 9 17 4 0 6 9 0 18 8 17 11 18 0 8 2
split_gain=261.029 8.8945 7.73002 2.34915 2.14019 1.75734 1.69995 1.31114 2.36328 1.24021 0.910197 0.899595 0.623317 0.513649 0.509796 0.40008 0.399398 0.34523 0.412547 0.341362 0.123916 0.11403 0.113037 0.043301 0.195872 0.0473298
threshold=0.58542297693482837 0.56286410739646286 0.60785668035134688 0.20048501969437313 0.48676470588235299 0.4485294117647059 0.093614801865352454 0.45391705069124427 0.38128669900434015 0.15643284819623146 0.31338742393509134 0.5970094821298324 0.31173942643179314 0.096354166666666671 0.61229581972090841 0.52396313364055314 0.57148067104303446 0.54802186383041918 0.49558823529411766 0.49432194160291421 0.33310749330662537 -0.5 0.46029411764705885 0.52080508158020811 0.13902392545863385 0.14322916666666669
decision_type=2 2 2 2 2 2 2 2 2 2 2 2 2 2 2 2 2 2 2 2 2 2 2 2 2 2
left_child=1 9 3 10 6 -5 16 -7 11 17 -2 -9 -4 -12 -14 -6 -3 23 21 20 -16 -19 -8 25 -25 -1
right_child=2 4 12 5 15 7 22 8 -10 -11 13 -13 14 -15 19 -17 -18 18 -20 -21 -22 -23 -24 24 -26 -27
leaf_value=-0.0025670450976511138 0.00044821682617886217 6.3399467076923194e-05 0.0011807377270660556 0.00064228864803929776 0.0011489762778788188 0.00088151159599131595 -9.0545916803352048e-05 0.00037423276808747422 0.00039787000684514504 0.00025271624383699232 0.00079229626609230439 0.00071477186257183428 0.00104546986330364 0.00067621291868733208 0.0011644309603992685 0.0002975804511029841 0.0003114763927322285 -0.000386873623441393 6.1668564168238324e-05 0.004258612276025987 0.0023109440570054252 -0.00042310948694438755 -0.00014136703449842017 -0.0010508442128876966 -0.00055295282153578276 -0.0022322061155649296
leaf_weight=3470 21 23 38 22 22 24 20 20 21 38 24 20 30 34 27 20 25 24 22 20 143 52 26 37 153 21
leaf_count=3470 21 23 38 22 22 24 20 20 21 38 24 20 30 34 27 20 25 24 22 20 143 52 26 37 153 21
internal_value=-0.000148056 -0.00259777 0.0216621 0.0169999 0.00494114 0.0141027 0.00242551 0.0160586 0.0137211 -0.00286639 0.0209238 0.0179995 0.0250232 0.0228617 0.0256362 0.0105712 0.00637487 -0.00292061 -0.00116325 0.0262104 0.0266469 -0.0022105 -0.00169562 -0.0029674 -0.0025263 -0.00299141
internal_weight=4397 3953 444 186 136 107 94 85 61 3817 79 40 258 58 220 42 48 3779 98 190 170 76 46 3681 190 3491
internal_count=4397 3953 444 186 136 107 94 85 61 3817 79 40 258 58 220 42 48 3779 98 190 170 76 46 3681 190 3491
is_linear=0
shrinkage=0.03


Tree=6
num_leaves=30
num_cat=0
split_feature=0 5 0 8 1 7 6 6 13 5 0 8 8 5 6 0 8 5 3 0 6 7 0 17 3 0 8 1 11
split_gain=254.132 7.97628 7.67952 2.28121 1.95021 1.72311 1.93591 2.46511 1.4442 0.909687 0.788384 1.58066 0.834179 0.785588 0.735363 0.624578 0.474868 0.447966 0.428971 0.390707 0.251012 0.253602 0.141089 0.139833 0.115953 0.0276519 0.160623 0.00569333 0.0225771
threshold=0.58542297693482837 0.26673427991886417 0.60785668035134688 0.20048501969437313 0.080729166666666671 0.10459879533739259 0.49262672811059915 0.59032258064516141 1.0000000180025095e-35 0.27890466531440167 0.61912653167645637 0.20833669660143139 0.49432194160291421 0.31338742393509134 0.47695852534562216 0.59889677441000055 0.17890958504461263 0.23833671399594322 0.11197916666666667 0.57229813476139524 0.45944700460829507 0.077483937672895853 0.55313495128410028 0.3269817095536991 0.11197916666666667 0.52080508158020811 0.13131333708142751 0.091145833333333343 0.6830127018922193
decision_type=2 2 2 2 2 2 2 2 2 2 2 2 2 2 2 2 2 2 2 2 2 2 2 2 2 2 2 2 2
left_child=1 17 3 13 18 15 -7 -8 14 -10 11 24 23 -2 -6 -5 -15 25 -3 -16 21 -19 -22 -12 -4 27 -27 -1 -29
right_child=2 4 10 5 8 6 7 -9 9 -11 12 -13 -14 16 19 -17 -18 20 -20 -21 22 -23 -24 -25 -26 26 -28 28 -30
leaf_value=-0.0026081459874098701 0.00043477032139349506 -0.00032309946800094033 0.0010185729052084014 0.0003947742343033749 0.0012241323347615453 0.00086662587625152294 -4.8757998345112025e-05 0.00066672269753063809 0.00012780179493904659 0.00051357769351824184 0.0012541778746600995 0.0013555083694651319 0.0040876959853030021 0.00078532100824483121 5.9484669215440958e-05 0.00055488336460120735 0.00061121090589203689 -0.00027304845950610072 5.8296811260771016e-05 -7.1733009487476626e-05 -0.00048031430132178119 0.00018752419022616588 -0.00021104024345124114 0.0023421742778390151 0.00085589463119568985 -0.00091000163106442849 -0.00062248903114601442 -0.0014652490961578905 -0.00090281734585461956
leaf_weight=3332 21 37 28 20 20 21 21 25 21 36 24 34 23 23 23 20 35 25 23 26 60 28 21 129 20 21 113 132 35
leaf_count=3332 21 37 28 20 20 21 21 25 21 36 24 34 23 23 23 20 35 25 23 26 60 28 21 129 20 21 113 132 35
internal_value=-0.000195816 -0.00261295 0.0213243 0.0166773 0.00345159 0.0138223 0.0108804 0.00743462 0.00557138 0.0091051 0.0246743 0.0222436 0.0258067 0.020544 0.00265213 0.0187495 0.0223444 -0.0029124 -0.000999984 0.000673455 -0.00120895 0.000396218 -0.00225923 0.0266077 0.0257495 -0.00297523 -0.00255222 -0.00299143 -0.00282034
internal_weight=4397 3953 444 186 186 107 67 46 126 57 258 82 176 79 69 40 58 3767 60 49 134 53 81 153 48 3633 134 3499 167
internal_count=4397 3953 444 186 186 107 67 46 126 57 258 82 176 79 69 40 58 3767 60 49 134 53 81 153 48 3633 134 3499 167
is_linear=0
shrinkage=0.03


Tree=7
num_leaves=31
num_cat=0
split_feature=0 0 0 6 0 6 18 7 7 4 6 16 6 4 1 18 6 11 18 7 0 16 0 16 0 6 4 7 18 9
split_gain=241.698 7.46701 7.36317 1.77267 1.70574 3.84401 1.59693 1.44685 1.24383 1.15951 0.952269 0.62766 0.70984 0.618336 0.595117 0.575772 0.559956 0.518957 0.487019 0.727368 0.238012 0.24489 0.136065 0.113037 0.043301 0.102626 0.160337 0.0385056 0.0059547 0.0437463
threshold=0.58542297693482837 0.56286410739646286 0.59889677441000055 0.55253456221198172 0.62715923987447197 0.706451612903226 0.48676470588235299 0.093614801865352454 0.15643284819623146 0.049479166666666671 0.48894009216589868 18.500000000000004 0.61244239631336417 0.080729166666666671 0.12239583333333334 0.48382352941176471 0.54239631336405547 1.0000000180025095e-35 0.47205882352941181 0.15278835336889349 0.54802186383041918 27.500000000000004 0.55673768899067289 23.500000000000004 0.52080508158020811 0.38387096774193558 0.065104166666666671 0.095648249209454236 0.4485294117647059 0.70386579139314387
decision_type=2 2 2 2 2 2 2 2 2 2 2 2 2 2 2 2 2 2 2 2 2 2 2 2 2 2 2 2 2 2
left_child=1 8 3 10 5 9 7 16 20 -4 -2 17 13 -13 -8 -5 -3 -11 19 -6 24 -22 -23 -9 28 26 -26 -20 29 -1
right_child=2 6 4 15 18 -7 14 23 -10 11 -12 12 -14 -15 -16 -17 -18 -19 27 -21 21 22 -24 -25 25 -27 -28 -29 -30 -31
leaf_value=-0.0019906540286435204 0.0005167208269234386 4.2970467158300776e-05 0.00083010865600229185 0.00049134089051770889 0.001331933855874361 0.0010815865035327258 0.000435114445423205 -0.00042680551197591695 0.00022972742571633398 0.00084618188478996265 0.00034204839238731195 0.0010011967125890969 0.00097256892675174917 0.0007969015405097712 0.00065302316571353445 0.00061298906586541315 0.0002458029364631292 0.00097992173935176267 0.0011903013929022114 0.0022251651779851877 -0.00042522777073899441 5.1879400814921444e-05 -0.00014235716449207802 -4.8836876899938441e-06 -0.0010306014843889581 -0.00053284987549106935 -0.00017333647676424113 0.0033642867918630601 -0.002431759896980946 -0.0024559383429593176
leaf_weight=140 28 26 22 35 20 22 21 26 38 25 20 25 57 32 21 21 22 21 20 23 48 27 23 20 31 130 29 73 3331 20
leaf_count=140 28 26 22 35 20 22 21 26 38 25 20 25 57 32 21 21 22 21 20 23 48 27 23 20 31 130 29 73 3331 20
internal_value=-0.000270867 -0.00262813 0.0207162 0.0137306 0.0228529 0.0211175 0.00427938 0.00210636 -0.00287425 0.0225493 0.0094998 0.0234374 0.0246314 0.0222628 0.00914264 0.0173568 0.00574988 0.0204778 0.0254557 0.0228134 -0.00292855 -0.00146937 -7.15241e-10 -0.00169562 -0.0029674 -0.0025263 -0.00149998 0.0266771 -0.00299141 -0.00281248
internal_weight=4397 3953 444 104 340 204 136 94 3817 182 48 160 114 57 42 56 48 46 136 43 3779 98 50 46 3681 190 60 93 3491 160
internal_count=4397 3953 444 104 340 204 136 94 3817 182 48 160 114 57 42 56 48 46 136 43 3779 98 50 46 3681 190 60 93 3491 160
is_linear=0
shrinkage=0.03


Tree=8
num_leaves=31
num_cat=0
split_feature=5 5 5 7 17 7 4 2 16 12 7 17 1 6 7 5 12 5 16 2 1 7 17 8 6 3 5 8 2 6
split_gain=227.537 11.4222 6.10882 3.97093 2.50138 2.46035 2.09446 1.72435 1.49089 1.46651 1.25755 3.5903 1.03545 0.812878 0.624828 0.557337 0.696481 0.443787 0.425949 0.417194 0.332457 0.639971 0.299351 0.133266 0.0390552 0.0373369 0.0341803 0.166352 0.0497032 0.0407995
threshold=0.30324543610547666 0.32758620689655177 0.26673427991886417 0.10459879533739259 0.28393328227384912 0.097920479806488284 0.049479166666666671 0.11197916666666667 27.500000000000004 1.0000000180025095e-35 0.12709435447866013 0.34343176467251019 0.11718750000000001 0.54239631336405547 0.077908510372592374 0.34584178498985801 0.6078576107927941 0.23833671399594322 27.500000000000004 0.075520833333333343 0.080729166666666671 0.11146912280415879 0.40471732902164365 0.26948736383125999 0.7009216589861752 0.065104166666666671 0.20385395537525358 0.12257353191986238 0.13802083333333334 0.32304147465437794
decision_type=2 2 2 2 2 2 2 2 2 2 2 2 2 2 2 2 2 2 2 2 2 2 2 2 2 2 2 2 2 2
left_child=2 3 17 9 -3 7 8 14 -6 -2 15 -12 -13 -5 -4 16 -8 26 25 -20 -7 -22 -14 24 -17 -19 28 -28 -1 -29
right_child=1 4 5 13 6 20 10 -9 -10 -11 11 12 22 -15 -16 23 -18 18 19 -21 21 -23 -24 -25 -26 -27 27 29 -30 -31
leaf_value=-0.0024756112008219866 0.00046256875374163888 0.00051314174412488861 0.00035327546063993311 0.00048319840049456883 0.00071621016253851661 -0.00026646826226058262 0.00063362686207397913 6.7354134884738259e-05 0.0020613347215635352 0.00063143664657127837 0.0011162738724295139 0.00098658289710180079 0.0015399041020166379 0.0006499602174017794 0.00024021115253164679 0.0010125810201241979 0.00063839930172349439 -0.00069467105395810069 0.0002866986525541547 -0.00015661856501435548 -0.00011982152950041936 0.00045199015113116773 0.0033683517598119103 0.0012281130030261417 0.0010179419159807594 -0.00047291737765484343 -0.00076382171893191295 -0.0014760773175973522 -0.001896298023712725 -0.00066497237582061324
leaf_weight=3378 34 22 20 29 20 32 34 39 34 21 27 25 21 20 20 78 20 20 21 34 20 25 49 20 20 59 20 22 20 193
leaf_count=3378 34 22 20 29 20 32 34 39 34 21 27 25 21 20 20 78 20 20 21 34 20 25 49 20 20 59 20 22 20 193
internal_value=-0.000291336 0.0193417 -0.00266352 0.0105576 0.0218108 0.00315383 0.022431 0.00687333 0.0169997 0.0160906 0.0234285 0.0210982 0.0238419 0.00434685 0.0112497 0.0250812 0.0225551 -0.00290443 -0.00120895 0.000818166 -0.00066233 0.000999977 0.0257139 0.0262371 0.0266936 -0.00262022 -0.00296697 -0.00261701 -0.00299117 -0.00286045
internal_weight=4397 474 3923 104 370 156 348 79 54 55 294 122 95 49 40 172 54 3767 134 55 77 45 70 118 98 79 3633 235 3398 215
internal_count=4397 474 3923 104 370 156 348 79 54 55 294 122 95 49 40 172 54 3767 134 55 77 45 70 118 98 79 3633 235 3398 215
is_linear=0
shrinkage=0.03


Tree=9
num_leaves=31
num_cat=0
split_feature=0 0 5 6 9 6 8 17 4 7 2 17 5 16 2 7 5 8 3 4 4 8 0 17 5 8 2 0 8 4
split_gain=226.857 9.26096 6.2068 2.77326 2.37644 2.11515 2.06712 1.4453 1.44311 1.36372 1.08783 0.721244 0.507002 0.434588 0.625516 0.431836 1.21968 0.503598 0.281733 0.275996 0.104755 0.101655 0.0378001 0.0374918 0.0341803 0.166352 0.0497032 0.0407995 0.0325812 0.0267376
threshold=0.58542297693482837 0.60947546798558971 0.26876267748478705 0.55253456221198172 0.57330415754923425 0.48894009216589868 0.20477481889322038 0.31173942643179314 0.054687500000000007 0.098703409235773101 0.11197916666666667 0.38822227895498268 0.23833671399594322 27.500000000000004 0.075520833333333343 0.12709435447866013 0.39249492900608524 0.49432194160291421 0.10156250000000001 0.10677083333333334 0.091145833333333343 0.26948736383125999 0.54033000023206745 0.33310749330662537 0.20385395537525358 0.12257353191986238 0.13802083333333334 0.50532152180681911 0.29888286581140178 0.065104166666666671
decision_type=2 2 2 2 2 2 2 2 2 2 2 2 2 2 2 2 2 2 2 2 2 2 2 2 2 2 2 2 2 2
left_child=2 3 12 5 -5 8 18 -3 -2 10 -4 19 24 22 -15 21 -17 28 -6 29 -16 23 -14 -9 26 -26 -1 -27 -18 -11
right_child=1 7 9 4 6 -7 -8 15 -10 11 -12 -13 13 14 20 16 17 -19 -20 -21 -22 -23 -24 -25 25 27 -28 -29 -30 -31
leaf_value=-0.0024013428647973278 0.00052776831613298607 0.0010469179918396903 0.00036726414143860964 0.00041076245422776733 0.00061839627282598761 0.00034857914254306037 0.00056290794417393822 0.00091775582574255021 0.00074555591822923447 -8.7106338777550002e-05 7.2211452812354768e-05 0.00055529502713339343 -0.0005427457358482226 0.00021973095632280595 -1.1603641820996768e-05 0.0012686602019456703 0.0019496480807913782 0.0038062438716358693 0.00076284988518209669 2.7665808096412414e-05 -0.0003376757170409158 0.0019001900148954516 -0.00047304305790226705 0.00099820193493205256 -0.00074090706736395389 -0.001417665859289932 -0.0018394090830013434 -0.00064502320454599407 0.0026806071051018484 -0.00016448809063512152
leaf_weight=3378 24 34 35 32 26 31 27 20 25 20 38 21 20 24 20 21 20 20 36 35 22 23 62 65 20 22 20 193 40 23
leaf_count=3378 24 34 35 32 26 31 27 20 25 20 38 21 20 24 20 21 20 20 36 35 22 23 62 65 20 22 20 193 40 23
internal_value=-0.000359564 0.0199729 -0.00264331 0.0152089 0.0180742 0.0108749 0.0205953 0.0239135 0.0147548 0.00293021 0.00604101 0.000636356 -0.00289685 -0.00117567 0.000636353 0.0248468 0.0234354 0.0251247 0.0236125 -0.0006923 -0.00157139 0.0261664 -0.00263411 0.0266467 -0.00296697 -0.00261701 -0.00299117 -0.00286045 0.0264996 -0.00230227
internal_weight=4397 444 3953 201 121 80 89 243 49 172 73 99 3781 148 66 209 101 80 62 78 42 108 82 85 3633 235 3398 215 60 43
internal_count=4397 444 3953 201 121 80 89 243 49 172 73 99 3781 148 66 209 101 80 62 78 42 108 82 85 3633 235 3398 215 60 43
is_linear=0
shrinkage=0.03


Tree=10
num_leaves=31
num_cat=0
split_feature=0 0 0 8 1 2 17 16 8 18 13 8 16 8 16 1 6 3 8 9 5 16 18 18 0 1 11 17 6 1
split_gain=213.329 12.4667 6.02864 3.22857 2.83554 1.77296 1.62944 1.60638 1.57404 1.4044 1.44246 1.36921 1.18326 1.79711 0.911969 0.868248 0.775085 0.509147 0.458518 0.402645 0.390667 0.479099 1.00539 0.347219 0.128237 0.0494187 0.181418 0.357288 0.0414489 0.0393588
threshold=0.59102031964221136 0.56286410739646286 0.60947546798558971 0.22119407178140213 0.13281250000000003 0.21093750000000003 0.40894391966641147 22.500000000000004 0.17796410352255287 0.4485294117647059 1.0000000180025095e-35 0.23440816817184998 26.500000000000004 0.29024861203486146 14.500000000000002 0.10677083333333334 0.61244239631336417 0.11718750000000001 0.23702998767234346 0.5977388767323123 0.23833671399594322 27.500000000000004 0.48382352941176471 0.48676470588235299 0.59889677441000055 0.085937500000000014 0.6830127018922193 0.33116330525061705 0.45576036866359454 0.12239583333333334
decision_type=2 2 2 2 2 2 2 2 2 2 2 2 2 2 2 2 2 2 2 2 2 2 2 2 2 2 2 2 2 2
left_child=1 6 3 7 24 12 20 8 -2 -3 11 14 13 17 -11 -12 -9 -4 23 -16 25 28 -23 -14 -5 -1 -27 -28 -22 -20
right_child=2 9 5 4 -6 -7 -8 16 -10 10 15 -13 18 -15 19 -17 -18 -19 29 -21 21 22 -24 -25 -26 26 27 -29 -30 -31
leaf_value=-0.0022860630912669403 0.0005975824331185788 -4.1214821115485578e-05 0.00082902735425882863 0.00045026487267026111 0.00099221046993961857 0.0025799870832047831 0.00047459808903592117 0.00072505110700732162 0.00056013547980691026 0.00030704064166255606 0.00023947401101442328 0.00083663752321698882 0.0010018854038222635 0.0017339537045186224 0.00026023823187876015 0.00039564041444646169 0.00076074030829586603 0.000765259710206552 0.0018811346736485844 -0.00011550066854107546 -0.00078935594218590454 -0.00026536671854519427 0.0007099483401964942 0.00063414816774189369 0.00035043488599559688 -0.00081810123837781088 -0.001274224083363558 0.00016442559338348991 -0.00043196156075238709 0.0028908465168912532
leaf_weight=3302 21 34 26 21 25 23 29 33 27 20 33 22 23 23 28 24 22 25 20 23 20 45 26 23 20 229 41 27 97 81
leaf_count=3302 21 34 26 21 25 23 29 33 27 20 33 22 23 23 28 24 22 25 20 23 20 45 26 23 20 229 41 27 97 81
internal_value=-0.000355541 -0.002475 0.0201719 0.0158165 0.0106362 0.0231884 -0.00284277 0.0191357 0.0151247 0.00515215 0.00639996 0.00409673 0.0240135 0.0209186 0.00207039 0.0101577 0.022636 0.0240584 0.0255713 -5.88231e-05 -0.00289702 -0.00156382 0.000380276 0.0230865 0.00578035 -0.00296666 -0.00259595 -0.00123528 -0.00274357 0.0267027
internal_weight=4413 4000 413 169 66 244 3816 103 48 184 150 93 221 74 71 57 55 51 147 51 3787 188 71 46 41 3599 297 68 117 101
internal_count=4413 4000 413 169 66 244 3816 103 48 184 150 93 221 74 71 57 55 51 147 51 3787 188 71 46 41 3599 297 68 117 101
is_linear=0
shrinkage=0.03


Tree=11
num_leaves=31
num_cat=0
split_feature=20 20 20 8 7 17 16 7 7 7 6 17 18 8 13 18 10 12 7 16 5 20 7 20 9 16 18 20 8 20
split_gain=204.92 12.4178 5.80701 2.93123 1.73724 1.62221 1.58146 3.90447 1.42973 2.26592 1.71678 1.52336 0.940066 0.976009 1.17656 0.925257 1.02506 0.899865 0.813237 0.76834 0.479445 0.549281 0.458939 0.435718 0.254337 0.22933 0.437591 0.0500851 0.140464 0.13846
threshold=0.59102031964221136 0.56286410739646286 0.60947546798558971 0.33361259514664277 0.066485721843107512 0.40894391966641147 25.500000000000004 0.12709435447866013 0.096392604787514213 0.071812787235275108 0.59032258064516141 0.32418044799969753 0.43970588235294122 0.23440816817184998 1.0000000180025095e-35 0.49264705882352944 0.68301270189221941 -1.0000000180025095e-35 0.11742592553505851 14.500000000000002 0.23833671399594322 0.54033000023206745 0.085704493569116261 0.60315093627196148 0.57330415754923425 27.500000000000004 0.48382352941176471 0.50292584880915914 0.11830434959454363 0.50532152180681911
decision_type=2 2 2 2 2 2 2 2 2 2 2 2 2 2 2 2 2 2 2 2 2 2 2 2 2 2 2 2 2 2
left_child=1 5 3 8 -3 20 7 22 9 -2 -10 -12 -6 14 19 16 18 -15 -8 -14 27 -22 -4 -11 -21 -23 -27 -1 -29 -30
right_child=2 4 6 -5 12 -7 15 -9 10 23 11 -13 13 17 -16 -17 -18 -19 -20 24 21 25 -24 -25 -26 26 -28 28 29 -31
leaf_value=-0.0023633523329096955 0.00055524454573517958 0.00029875080303926179 0.00038300249282550454 0.00078270894334225198 -0.00038008570924370132 0.00046036014636484303 0.0011180688244146033 0.00068281658268014604 0.00043864577054378908 0.00056621045931073933 0.00074830048515269268 0.00090443792033877515 0.00029782942241267992 0.00030730658525035287 0.00037830692482603072 0.0029222624320390071 0.0024433295642954244 0.00064063095287047653 0.0013552858203837465 0.00021345984824531401 6.6028342413189042e-05 -0.00045283774332412273 0.00089116788621374594 0.00065381956159056434 -0.00012284984635139583 -0.0002574057169888396 0.00034335617007259399 -0.00078223313374601255 -0.0006908316946199509 -0.00060554908716726975
leaf_weight=3317 23 20 20 24 22 29 25 29 36 24 21 21 20 20 36 81 35 20 27 20 27 96 27 20 26 45 20 22 26 234
leaf_count=3317 23 20 20 24 22 29 25 29 36 24 21 21 20 20 36 81 35 20 27 20 27 96 27 20 26 45 20 22 26 234
internal_value=-0.000382733 -0.00246 0.019736 0.0154614 0.00515215 -0.00282704 0.0226966 0.019105 0.0170688 0.0202833 0.0143075 0.0184281 0.00413412 0.00502813 0.00347055 0.0243213 0.0221722 0.00899977 0.0194996 0.00109089 -0.00288117 -0.00140425 0.0244463 0.0242722 -0.00104346 -0.00206831 -0.000692298 -0.00295832 -0.00257446 -0.00276922
internal_weight=4413 4000 413 169 184 3816 244 76 145 67 78 42 164 142 102 168 87 40 52 66 3787 188 47 44 46 161 65 3599 282 260
internal_count=4413 4000 413 169 184 3816 244 76 145 67 78 42 164 142 102 168 87 40 52 66 3787 188 47 44 46 161 65 3599 282 260
is_linear=0
shrinkage=0.03


Tree=12
num_leaves=31
num_cat=0
split_feature=0 0 11 0 7 7 16 7 17 6 16 5 12 2 5 1 7 11 3 5 0 1 17 0 2 16 2 6 0 11
split_gain=197.088 11.9155 4.76905 3.85648 1.87203 2.13528 1.91317 1.80577 1.62221 1.52098 1.13889 0.947287 1.0542 1.02644 1.19683 0.820623 1.55533 0.80611 0.89639 0.479445 0.549281 0.439102 0.40959 0.304517 0.236583 0.22933 0.400003 0.153865 0.0500851 0.214445
threshold=0.59102031964221136 0.56286410739646286 0.93301270189221952 0.60947546798558971 0.097920479806488284 0.071812787235275108 26.500000000000004 0.066485721843107512 0.40894391966641147 0.53963133640553018 8.5000000000000018 0.2991886409736309 0.6078576107927941 0.096354166666666671 0.3113590263691684 0.12239583333333334 0.13980411543182011 1.0000000180025095e-35 0.10156250000000001 0.23833671399594322 0.54033000023206745 0.11718750000000001 0.33439707258956691 0.60315093627196148 0.11718750000000001 27.500000000000004 0.080729166666666671 0.60875576036866375 0.50292584880915914 0.6830127018922193
decision_type=2 2 2 2 2 2 2 2 2 2 2 2 2 2 2 2 2 2 2 2 2 2 2 2 2 2 2 2 2 2
left_child=1 8 3 4 5 -2 -6 -3 19 -8 -5 12 22 -13 -15 16 24 18 -17 28 -21 -11 -9 -7 -12 -22 -27 -19 -1 -30
right_child=2 7 -4 10 6 23 9 11 -10 21 15 13 -14 14 -16 17 -18 27 -20 20 25 -23 -24 -25 -26 26 -28 -29 29 -31
leaf_value=-0.0022924517629224032 0.00053858720936312394 0.00028978827894808232 0.00026625505623621118 0.00059670148554589022 0.00074908698617615478 0.00054864874682156162 0.00051089208902898762 5.9299196716509445e-05 0.0004465493419738973 0.00079389802638895972 0.00087238110190905702 0.00061595365728586596 0.00021895784212098076 0.00048122277327774968 -6.3637529278199706e-05 0.0015445895495006673 0.0017840420588276125 0.0019162990936176481 0.0013685630301824691 6.4047492140792899e-05 -0.0004392526110243978 0.00057947739163735396 -0.00010935104263247493 0.0006342049747428462 0.0011208594372786153 9.2633257597253917e-05 -0.00023812983556755784 0.0028875606287338046 -0.00058676838382897489 -0.00063894082215834233
leaf_weight=3317 23 20 25 22 23 27 23 30 29 20 23 31 24 28 22 26 20 20 31 27 96 21 29 20 21 21 44 68 223 59
leaf_count=3317 23 20 25 22 23 27 23 30 29 20 23 31 24 28 22 26 20 20 31 27 96 21 29 20 21 21 44 68 223 59
internal_value=-0.00043032 -0.0024675 0.0193002 0.0201185 0.0164903 0.0201426 0.0135516 0.0049891 -0.00282704 0.0162185 0.0225843 0.00395119 0.00169877 0.00625918 0.00359993 0.0232678 0.0204372 0.0245171 0.0217365 -0.00288117 -0.00140425 0.0196824 -0.00045762 0.023808 0.0235904 -0.00206831 -0.000692298 0.0263179 -0.00295832 -0.00257446
internal_weight=4413 4000 413 388 157 70 87 184 3816 64 231 164 83 81 50 209 64 145 57 3787 188 41 59 47 44 161 65 88 3599 282
internal_count=4413 4000 413 388 157 70 87 184 3816 64 231 164 83 81 50 209 64 145 57 3787 188 41 59 47 44 161 65 88 3599 282
is_linear=0
shrinkage=0.03


Tree=13
num_leaves=31
num_cat=0
split_feature=20 5 5 8 7 5 1 1 2 8 16 8 13 8 5 20 3 1 10 5 8 4 9 10 5 7 4 9 2 20
split_gain=184.81 10.1528 3.93364 7.25079 3.09498 1.97564 1.8012 1.65067 1.91047 1.36872 1.61671 1.34233 1.12726 1.00831 0.899899 0.876532 0.806502 0.692173 0.856031 0.639401 0.540842 0.532288 0.4934 0.293836 0.239203 0.669028 0.219258 0.163067 0.099355 0.0786685
threshold=0.59102031964221136 0.27687626774847879 0.39452332657200817 0.28621043842988975 0.12201822244818451 0.34584178498985801 0.13281250000000003 0.080729166666666671 0.070312500000000014 0.21743680224164993 22.500000000000004 0.20048501969437313 1.0000000180025095e-35 0.22299969864982574 0.23833671399594322 0.57705635284861878 0.11718750000000001 0.10677083333333334 0.68301270189221941 0.37829614604462486 0.17796410352255287 0.091145833333333343 0.5970094821298324 0.68301270189221941 0.48073022312373231 0.15278835336889349 0.091145833333333343 0.65134938001458809 0.11718750000000001 0.50292584880915914
decision_type=2 2 2 2 2 2 2 2 2 2 2 2 2 2 2 2 2 2 2 2 2 2 2 2 2 2 2 2 2 2
left_child=1 14 3 4 5 9 -4 26 -9 10 20 12 -10 -13 29 -15 -6 27 21 23 -2 -19 -5 -7 25 -8 -3 -16 -12 -1
right_child=2 7 6 22 16 19 24 8 11 -11 28 13 -14 15 17 -17 -18 18 -20 -21 -22 -23 -24 -25 -26 -27 -28 -29 -30 -31
leaf_value=-0.0022240960197682136 0.00053954354533814711 9.0842870641371042e-06 0.0017783155211729918 8.3886881667192165e-05 0.0006752834773649729 0.00086396249476263453 0.0014914459679717849 0.00088812286940828384 0.00024485912331480747 0.00046389041479069534 0.00075727207327546959 -7.8380332109131759e-05 0.00038143385532051941 -3.2333080946481525e-06 -0.00036559773822794861 0.00073328697187742726 0.00073422826972975455 0.0004225056094554819 -0.00022951134667420072 0.0010265688440869096 0.00021565858589237232 7.2143896153400975e-05 0.00076062784619513441 0.00086360116885007832 0.0030381571095337654 0.0012508793026207421 -0.00026281780223811338 -5.1387386638724659e-05 0.00061545559151350354 -0.00056576121980324496
leaf_weight=3330 22 21 25 22 25 30 27 26 29 28 20 27 20 21 84 24 28 20 26 24 20 29 23 37 41 21 22 38 20 283
leaf_count=3330 22 21 25 22 25 30 27 26 29 28 20 27 20 21 84 24 28 20 26 24 20 29 23 37 41 21 22 38 20 283
internal_value=-0.000532292 -0.002505 0.0185738 0.0167658 0.0187322 0.0204327 0.0233156 0.00426313 0.00577547 0.0177271 0.0196827 0.00419005 0.00802024 0.00158331 -0.00284252 0.00433324 0.0122828 -0.000868017 0.00139998 0.023703 0.0155711 0.00373462 0.00566654 0.0252086 0.0253143 0.0238745 -0.000906956 -0.00226228 0.0239994 -0.00295018
internal_weight=4413 4000 413 299 254 201 114 190 147 110 82 121 49 72 3810 45 53 197 75 91 42 49 45 67 89 48 43 122 40 3613
internal_count=4413 4000 413 299 254 201 114 190 147 110 82 121 49 72 3810 45 53 197 75 91 42 49 45 67 89 48 43 122 40 3613
is_linear=0
shrinkage=0.03


Tree=14
num_leaves=31
num_cat=0
split_feature=20 5 11 5 4 16 18 1 18 20 8 5 8 8 16 13 18 18 17 11 9 9 8 12 6 5 11 16 20 4
split_gain=176.861 10.5631 4.79748 3.58995 2.78031 2.9125 1.64416 1.47061 1.38071 2.21166 2.23281 0.885602 0.797874 1.4803 1.1157 0.925734 0.539219 0.514355 0.459555 0.438546 0.325996 0.258022 0.212767 0.182408 0.123071 0.110793 0.197688 0.484202 0.489975 0.0992726
threshold=0.59102031964221136 0.27687626774847879 0.93301270189221952 0.39452332657200817 0.054687500000000007 8.5000000000000018 0.45441176470588235 0.13802083333333334 0.49264705882352944 0.60199702478080097 0.23440816817184998 0.23833671399594322 0.20048501969437313 0.22299969864982574 29.500000000000004 -0.22252093395631442 0.47500000000000003 0.50735294117647067 0.33208765798362 0.6830127018922193 0.58825674690007312 0.65134938001458809 0.18460672248384172 0.6078576107927941 0.45944700460829507 0.18154158215010144 0.6830127018922193 29.500000000000004 0.50292584880915914 0.11197916666666667
decision_type=2 2 2 2 2 2 2 2 2 2 2 2 2 2 2 2 2 2 2 2 2 2 2 2 2 2 2 2 2 2
left_child=1 11 3 4 -2 -6 18 -5 9 -7 20 25 15 -14 -15 -8 -13 29 -3 21 -11 24 -22 -9 -18 -1 -27 -28 -29 -10
right_child=2 6 -4 7 5 8 12 23 17 10 -12 16 13 14 -16 -17 19 -19 -20 -21 22 -23 -24 -25 -26 26 27 28 -30 -31
leaf_value=-0.0024456103859440692 0.00059377861486229952 -0.00030709796423081698 0.00023041475870797911 0.0017386966301496188 0.00046391876757912511 0.00038122991420428413 0.00029755522058980073 0.0027075028630191306 0.00074335386696535452 0.00084233611377896082 0.00091679659723782343 -0.00043388858249096183 -6.1433454366388536e-06 7.0210473107531782e-05 0.00068963944364243109 0.00033122165914758832 -7.8364344183713157e-06 0.00085237353378862335 0.00056249966921727713 0.00043127948103621495 0.00079088371410963962 2.2859007648979702e-05 0.00074576543644630717 0.002660943375668242 -0.00022321320108861553 -0.00069401189863980788 -0.0011041982110963876 -6.3957616519464411e-05 0.00019883001052195133 0.00055428417352397703
leaf_weight=3115 38 27 25 30 39 35 30 47 20 25 28 86 31 23 30 29 20 26 20 26 30 33 20 30 32 384 69 25 20 20
leaf_count=3115 38 27 25 30 39 35 30 47 20 25 28 86 31 23 30 29 20 26 20 26 30 33 20 30 32 384 69 25 20 20
internal_value=-0.000552686 -0.0024825 0.018138 0.0189587 0.0171779 0.0183579 0.00442103 0.0236353 0.019794 0.0180868 0.0203008 -0.00282677 0.00602094 0.00414281 0.00718854 0.00869477 -0.000868017 0.0233633 -0.0004468 0.000513508 0.0229997 -0.000529406 0.0215996 0.0258308 -0.00184612 -0.00293357 -0.00251807 -0.00142104 0.000999977 0.0254994
internal_weight=4413 4000 413 388 281 243 190 107 204 138 103 3810 143 84 53 59 197 66 47 111 75 85 50 77 52 3613 498 114 45 40
internal_count=4413 4000 413 388 281 243 190 107 204 138 103 3810 143 84 53 59 197 66 47 111 75 85 50 77 52 3613 498 114 45 40
is_linear=0
shrinkage=0.03


Tree=15
num_leaves=31
num_cat=0
split_feature=0 0 0 0 8 18 18 18 10 1 7 17 12 7 6 17 17 2 8 13 7 0 11 2 0 0 11 8 13 7
split_gain=186.275 7.89787 6.43325 2.57745 3.93085 3.03312 2.12407 1.80469 1.77214 1.74763 2.00891 1.73611 1.28101 1.22476 1.09726 1.40663 0.903794 0.902643 0.582545 0.563023 0.55698 0.535035 0.523792 0.971588 0.396502 0.307928 0.269885 1.23219 0.208139 0.381912
threshold=0.58542297693482837 0.59889677441000055 0.56286410739646286 0.62460857321909224 0.26948736383125999 0.46911764705882358 0.50735294117647067 0.49852941176470594 0.68301270189221941 0.15885416666666669 0.1598231199900437 0.4150285082120671 -1.0000000180025095e-35 0.096392604787514213 0.61244239631336417 0.29582662077181993 0.39588120159986395 0.096354166666666671 0.20345608835639697 -0.22252093395631442 0.11596544270602603 0.63632896856031052 -0.24999999999999994 0.091145833333333343 0.50292584880915914 0.63632896856031052 0.6830127018922193 0.14189758641386938 0.81174490092936691 0.086724821097632201
decision_type=2 2 2 2 2 2 2 2 2 2 2 2 2 2 2 2 2 2 2 2 2 2 2 2 2 2 2 2 2 2
left_child=2 7 11 4 6 -6 14 8 16 10 21 24 22 -10 19 -16 -2 -14 -19 -3 -17 -5 -4 -24 -1 -11 28 -28 -26 -30
right_child=1 3 12 9 5 -7 -8 -9 13 25 -12 -13 17 -15 15 20 -18 18 -20 -21 -22 -23 23 -25 26 -27 27 -29 29 -31
leaf_value=-0.0020762919001611636 -0.00011077283660275993 0.00042014286261761073 -0.00013094073793529904 0.00079408377958968329 4.2921233244725689e-05 0.0011176340961929218 0.00072396559601948672 0.00046282998582534881 0.00037038197596188095 0.0012267226820864648 0.0016848543614867253 0.00041486114289956142 0.00061314967952160024 0.00022687215541973058 0.00061225764702659544 0.0007375920586338968 0.00039943446036643844 0.00043968480608786473 6.0755828179628775e-05 0.00061974217080161054 0.00081657895586612083 0.0014254971509544061 0.00037203122314244239 -4.3234973470490781e-05 -0.00041274329633350502 0.002718518795792543 0.00088809312345396185 -0.00044046682683884634 -0.00072891183912413221 1.9959450610271674e-05
leaf_weight=3300 22 20 22 28 21 26 20 25 20 21 31 27 20 20 23 46 21 25 27 30 20 20 20 22 314 54 20 84 28 23
leaf_count=3300 22 20 22 28 21 26 20 25 20 21 31 27 20 20 23 46 21 25 27 30 20 20 20 22 314 54 20 84 28 23
internal_value=-0.000443182 0.0174487 -0.00257274 0.0195833 0.0173883 0.00976575 0.0196414 0.0103332 0.00820472 0.0225193 0.0194048 -0.00280242 0.00383821 0.0127497 0.0209567 0.0229548 0.00397665 0.00658324 0.00449991 0.0173997 0.0251814 0.0232495 0.000749988 0.00271422 -0.00285673 0.0257997 -0.00204051 -0.000692302 -0.00242465 -0.000647047
internal_weight=4400 468 3932 360 206 47 159 108 83 154 79 3796 136 40 139 89 43 72 52 50 66 48 64 42 3769 75 469 104 365 51
internal_count=4400 468 3932 360 206 47 159 108 83 154 79 3796 136 40 139 89 43 72 52 50 66 48 64 42 3769 75 469 104 365 51
is_linear=0
shrinkage=0.03


Tree=16
num_leaves=31
num_cat=0
split_feature=0 0 0 4 7 0 17 9 17 17 13 17 16 17 17 7 10 9 6 17 7 7 7 0 16 11 10 10 0 6
split_gain=173.812 6.83812 6.53805 3.61532 2.88175 1.77984 1.72526 1.52365 1.59967 1.20758 1.40138 1.75949 1.18751 1.07485 1.0648 1.59891 1.30623 0.994115 0.799606 0.784835 0.767867 0.543223 0.398008 0.275136 0.256154 0.759555 1.05546 0.245578 0.144667 0.194795
threshold=0.58757867942685726 0.56286410739646286 0.62460857321909224 0.049479166666666671 0.11742592553505851 0.59889677441000055 0.4150285082120671 0.61670313639679086 0.33864730188447328 0.40471732902164365 1.0000000180025095e-35 0.33712024508552468 26.500000000000004 0.32784443877116848 0.44413241426261602 0.10698939372466877 0.68301270189221941 0.72611232676878201 0.62350230414746555 0.30149451697434415 0.089808076667447473 0.12709435447866013 0.15643284819623146 0.47880175080509063 27.500000000000004 0.6830127018922193 0.25000000000000011 0.25000000000000011 0.54973724893015385 0.42903225806451623
decision_type=2 2 2 2 2 2 2 2 2 2 2 2 2 2 2 2 2 2 2 2 2 2 2 2 2 2 2 2 2 2
left_child=1 6 3 21 5 13 22 -6 -9 10 27 -12 -4 -5 15 -14 -17 18 20 -20 -7 -2 23 -1 -25 28 -27 -3 -26 -30
right_child=2 9 12 4 7 17 -8 8 -10 -11 11 -13 14 -15 -16 16 -18 -19 19 -21 -22 -23 -24 24 25 26 -28 -29 29 -31
leaf_value=-0.0025257032358182697 0.00040389444175968002 0.00050265438662133949 0.0012637940156615013 0.00036721983454603678 0.00068636231365687948 0.00034284673491356875 0.00040241530861257434 0.00054658184693647492 0.0010905239794865111 0.00050608035935826949 0.00044985642400854171 5.5668195203934259e-06 0.00078858906986917178 0.00034443656884216613 0.0027173699362385145 0.00130314336664494 0.001885315301935898 0.00080108990757504685 0.00065045740170960049 0.00078975854766986876 0.00061595605303243692 0.00038821174091318341 6.7843094558950839e-06 -0.00061736884487203385 -0.00058558832789974041 0.00096935553717309526 -0.00038899841350377342 -3.4621096187136929e-05 -0.00059314027022057284 2.3725668891038685e-05
leaf_weight=2948 26 26 38 26 35 21 27 20 20 23 37 29 26 27 49 20 21 24 25 30 24 20 21 430 250 35 43 37 20 22
leaf_count=2948 26 26 38 26 35 21 27 20 20 23 37 29 26 27 49 20 21 24 25 30 24 20 21 430 250 35 43 37 20 22
internal_value=-0.000511364 -0.00252888 0.0171106 0.0145167 0.0159285 0.0180168 -0.00277871 0.0109999 0.0149996 0.0037105 0.00258137 0.00563628 0.0221297 0.0134148 0.0236377 0.0211788 0.0174874 0.0199837 0.0212998 0.0237268 0.0183329 0.00678246 -0.00283285 -0.00285592 -0.0023625 -0.00178378 0.000846142 -0.000619039 -0.00248629 -0.000857123
internal_weight=4400 3948 452 298 252 177 3796 75 40 152 129 66 154 53 116 67 41 124 100 55 45 46 3769 3748 800 370 78 63 292 42
internal_count=4400 3948 452 298 252 177 3796 75 40 152 129 66 154 53 116 67 41 124 100 55 45 46 3769 3748 800 370 78 63 292 42
is_linear=0
shrinkage=0.03


Tree=17
num_leaves=31
num_cat=0
split_feature=0 5 0 8 1 2 17 1 16 13 17 4 4 6 13 3 18 8 18 3 5 11 16 1 8 13 1 11 8 5
split_gain=163.4 8.32925 7.09049 4.26849 3.47116 2.66274 1.93273 1.91934 1.88065 1.06765 1.0648 1.06831 1.02697 0.932918 1.18167 0.722667 0.649796 0.641862 0.624893 0.53569 0.469697 0.430738 1.39129 1.07286 0.39962 0.353285 0.294377 0.234839 0.193199 0.0929264
threshold=0.58757867942685726 0.27079107505070998 0.62460857321909224 0.20833669660143139 0.13281250000000003 0.13281250000000003 0.4150285082120671 0.12760416666666669 26.500000000000004 -0.56174490092936669 0.44413241426261602 0.096354166666666671 0.059895833333333336 0.55714285714285727 -0.22252093395631442 0.091145833333333343 0.4485294117647059 0.17796410352255287 0.4661764705882353 0.11197916666666667 0.18154158215010144 0.6830127018922193 29.500000000000004 0.085937500000000014 0.26948736383125999 1.0000000180025095e-35 0.14843750000000003 -0.24999999999999994 0.27719287970000966 0.23833671399594322
decision_type=2 2 2 2 2 2 2 2 2 2 2 2 2 2 2 2 2 2 2 2 2 2 2 2 2 2 2 2 2 2
left_child=1 20 3 5 15 7 13 17 -4 -9 11 -10 -6 19 -15 -5 -7 -2 -16 27 -1 28 -23 -24 -14 -17 -13 -3 29 -22
right_child=2 6 8 4 12 16 -8 9 10 -11 -12 26 24 14 18 25 -18 -19 -20 -21 21 22 23 -25 -26 -27 -28 -29 -30 -31
leaf_value=-0.0022351685626880412 0.00055134836729883762 -2.3210263721277349e-05 0.0012258801951916575 0.00034499161532877416 0.00086019433298298407 0.00065589038294414787 0.00063376943083413265 0.00033339353506832295 0.00067336329938100844 0.0006310647649247934 0.0026358488381513596 0.00084458633154745955 0.00076099553366505419 -4.6331321941488951e-05 0.00040257078736701506 0.00037711832886397204 0.00065849891892921797 0.00041508669137113081 0.00054491452304780252 0.00033471158408594521 -0.00069152412512688672 -0.00077216196362138445 -5.8606267539254684e-06 0.00091757010237209966 0.0008883419407395073 -7.0908146432425328e-05 0.0016341974636064965 3.1610088117425402e-05 -5.149684920074903e-05 -0.00027478198671493256
leaf_weight=3083 23 31 38 33 23 21 31 20 21 25 49 20 20 28 20 21 33 39 20 20 374 98 37 26 20 20 26 33 34 113
leaf_count=3083 23 31 38 33 23 21 31 20 21 25 49 20 20 28 20 21 33 39 20 20 374 98 37 26 20 20 26 33 34 113
internal_value=-0.000572728 -0.00252888 0.0165132 0.013812 0.00991963 0.0171241 0.00372129 0.014383 0.0217401 0.00966645 0.0236377 0.0211788 0.015095 0.00232893 0.0049411 0.00551344 0.0225551 0.0178062 0.00824979 0.000214282 -0.00283267 -0.00212023 -0.000763971 0.00271424 0.0179995 0.00285359 0.0237386 -0.00112498 -0.00253934 -0.00269199
internal_weight=4400 3948 452 298 137 161 183 107 154 45 116 67 63 152 68 74 54 62 40 84 3765 682 161 63 40 41 46 64 521 487
internal_count=4400 3948 452 298 137 161 183 107 154 45 116 67 63 152 68 74 54 62 40 84 3765 682 161 63 40 41 46 64 521 487
is_linear=0
shrinkage=0.03


Tree=18
num_leaves=31
num_cat=0
split_feature=0 0 0 0 7 9 7 8 7 1 1 2 7 7 6 18 3 12 13 13 7 6 0 11 8 12 0 0 13 7
split_gain=152.208 6.83812 6.48877 2.87247 3.09434 3.17372 1.73617 1.49945 1.46096 1.63893 1.40717 1.49478 1.25514 1.52703 1.39084 1.0396 0.914214 0.882572 0.772701 0.745339 0.60173 0.562845 0.399928 0.398376 1.23086 1.22492 0.389681 0.355164 0.23671 0.435356
threshold=0.58757867942685726 0.56286410739646286 0.59889677441000055 0.62460857321909224 0.11872966494569266 0.61670313639679086 0.077908510372592374 0.18051107774196509 0.15643284819623146 0.10156250000000001 0.080729166666666671 0.091145833333333343 0.092848179558897223 0.078330781814401104 0.58571428571428585 0.5102941176470589 0.11718750000000001 1.0000000180025095e-35 -0.22252093395631442 1.0000000180025095e-35 0.14507291196543173 0.46682027649769592 0.50292584880915914 0.6830127018922193 0.18916446128283268 1.0000000180025095e-35 0.66731703608882975 0.64473107689836062 0.81174490092936691 0.086724821097632201
decision_type=2 2 2 2 2 2 2 2 2 2 2 2 2 2 2 2 2 2 2 2 2 2 2 2 2 2 2 2 2 2
left_child=1 8 6 4 7 -6 -2 18 22 -10 -3 21 13 -9 -14 17 -8 27 -4 -13 -19 -12 -1 28 25 -25 -17 -5 -24 -30
right_child=2 10 3 15 5 -7 16 12 9 -11 11 19 14 -15 -16 26 -18 20 -20 -21 -22 -23 23 24 -26 -27 -28 -29 29 -31
leaf_value=-0.0019117009694873375 0.00032983632230393963 -8.860469046537001e-06 0.00063768736095122459 0.00093971006908743007 0.00040769029276906284 0.00086278038785840734 0.00026397029987444595 0.00044504601153291578 -0.00094168070862137422 0.0004271697085858079 0.0007573434329086608 -5.838728279120323e-05 0.00039997405418148248 0.00032925467079869644 0.00079595705984320713 0.0012332959085196769 0.00029758134292316935 0.00074767506132180652 0.0007283566476329439 0.00036950003773652141 0.00147223411478828 0.00039159796878047125 -0.00037760825455401522 -4.466084816079474e-05 -0.00055018893966876615 0.0010810900150995627 0.0031721158993981923 0.0018485782872941859 -0.00067219575751822284 4.4359949372545266e-05
leaf_weight=3304 22 37 20 32 35 37 35 20 21 20 20 40 23 22 23 29 35 26 26 33 20 22 300 20 62 20 24 23 28 21
leaf_count=3304 22 37 20 32 35 37 35 20 21 20 20 40 23 22 23 29 35 26 26 33 20 22 300 20 62 20 24 23 28 21
internal_value=-0.00064091 -0.00252888 0.0158495 0.0176666 0.0153494 0.0103332 0.00873903 0.0180446 -0.00277871 0.00285359 0.0037105 0.00534778 0.0157498 0.0119997 0.0191735 0.0207661 0.00642848 0.01898 0.0224343 0.00275339 0.0159127 0.00985691 -0.00284021 -0.00200221 -0.000352938 0.00374991 0.0241694 0.0215451 -0.00248423 -0.00055101
internal_weight=4400 3948 452 360 206 72 92 134 3796 41 152 115 88 42 46 154 70 101 46 73 46 42 3755 451 102 40 53 55 349 49
internal_count=4400 3948 452 360 206 72 92 134 3796 41 152 115 88 42 46 154 70 101 46 73 46 42 3755 451 102 40 53 55 349 49
is_linear=0
shrinkage=0.03


Tree=19
num_leaves=31
num_cat=0
split_feature=20 5 20 5 7 9 6 5 1 7 11 13 17 13 1 6 6 3 6 6 16 20 5 11 16 1 10 6 3 5
split_gain=148.214 7.12612 6.01326 2.9856 2.08091 2.43299 3.35621 2.59642 1.86254 1.73617 1.49477 1.55897 1.35452 1.15528 1.10708 1.29363 0.977014 0.914214 0.735128 0.552224 0.550825 0.540038 0.469697 0.430738 1.39129 1.07286 0.377711 0.159794 0.118361 0.100327
threshold=0.58757867942685726 0.27079107505070998 0.59889677441000055 0.47565922920892501 0.10698939372466877 0.61670313639679086 0.69631336405529975 0.38843813387423937 0.080729166666666671 0.077908510372592374 -0.24999999999999994 -0.56174490092936669 0.4150285082120671 1.0000000180025095e-35 0.11718750000000001 0.65115207373271911 0.62811059907834121 0.11718750000000001 0.55714285714285727 0.57281105990783432 27.500000000000004 0.61090751480435135 0.18154158215010144 0.6830127018922193 29.500000000000004 0.085937500000000014 0.25000000000000011 0.57880184331797246 0.10677083333333334 0.23833671399594322
decision_type=2 2 2 2 2 2 2 2 2 2 2 2 2 2 2 2 2 2 2 2 2 2 2 2 2 2 2 2 2 2
left_child=1 22 9 4 10 7 16 19 28 -2 21 -12 13 26 -13 -16 -7 -11 -15 -6 -5 -4 -1 27 -25 -26 -10 29 -3 -24
right_child=2 8 3 20 5 6 -8 -9 12 17 11 14 -14 18 15 -17 -18 -19 -20 -21 -22 -23 23 24 25 -27 -28 -29 -30 -31
leaf_value=-0.0021107624767227806 0.00031994123263481996 -0.00024853728462792633 0.00058961010691184815 0.0021019862309260163 9.0370548218122296e-05 0.00066647978513137873 0.00071350132152340291 0.00098819299679156849 0.00088507000729483364 0.00025605119087821209 0.00029228477206904771 0.00056445401809864188 0.00063040974473726769 0.00017441786468551078 0.00056355949078151822 0.00052750406821094377 0.00099530990142660284 0.00028865390263547558 0.00037180445679504232 0.00063526719158034763 0.0026752498735339359 0.00091572626104490852 -0.00065592178139065971 -0.00072924330385725259 -1.410302222223134e-06 0.00088570438464100607 -1.8072474396153429e-05 -6.1571551488319418e-05 4.5507145710395257e-05 -0.00025435589680718542
leaf_weight=3083 22 29 26 24 20 24 28 27 21 35 22 27 28 23 20 23 31 35 21 24 27 37 375 98 37 26 41 39 20 107
leaf_count=3083 22 29 26 24 20 24 28 27 21 35 22 27 28 23 20 23 31 35 21 24 27 37 375 98 37 26 41 39 20 107
internal_value=-0.000688637 -0.00255167 0.015584 0.0173333 0.0162232 0.0137532 0.0172408 0.00967592 0.00322949 0.00873903 0.0186773 0.016239 0.00505966 0.0035094 0.0184283 0.0214181 0.0215451 0.00642848 0.00722711 0.0051817 0.0240584 0.0222377 -0.00283267 -0.00212023 -0.000763971 0.00271424 0.000870953 -0.00253934 -0.00177547 -0.00268879
internal_weight=4400 3948 452 360 309 154 83 71 183 92 155 92 134 106 70 43 55 70 44 44 51 63 3765 682 161 63 62 521 49 482
internal_count=4400 3948 452 360 309 154 83 71 183 92 155 92 134 106 70 43 55 70 44 44 51 63 3765 682 161 63 62 521 49 482
is_linear=0
shrinkage=0.03


Tree=20
num_leaves=31
num_cat=0
split_feature=0 5 5 8 9 13 9 5 7 8 1 18 4 9 0 0 2 13 3 5 3 13 13 0 18 0 4 9 2 4
split_gain=133.037 6.90965 5.10647 4.38164 2.83412 2.13583 1.68276 1.28792 2.01729 1.25325 1.16886 0.843354 0.805425 1.18908 0.800106 0.648124 0.646326 0.909229 0.639929 0.439941 0.399418 0.386214 0.271127 0.273472 0.189914 0.162252 0.226775 0.128024 0.10697 0.0976456
threshold=0.58757867942685726 0.39452332657200817 0.27687626774847879 0.17796410352255287 0.61670313639679086 -0.22252093395631442 0.71298322392414315 0.45638945233265721 0.15278835336889349 0.32168781531003504 0.080729166666666671 0.4661764705882353 0.075520833333333343 0.53610503282275734 0.60478778918727494 0.6006938435474457 0.085937500000000014 1.0000000180025095e-35 0.075520833333333343 0.22008113590263692 0.11197916666666667 1.0000000180025095e-35 0.81174490092936691 0.54460969367221124 0.5102941176470589 0.55485698752022106 0.085937500000000014 0.57330415754923425 0.10677083333333334 0.11197916666666667
decision_type=2 2 2 2 2 2 2 2 2 2 2 2 2 2 2 2 2 2 2 2 2 2 2 2 2 2 2 2 2 2
left_child=2 3 19 5 9 -2 -6 8 20 12 28 -8 15 -14 -15 -5 18 27 -12 29 -3 -9 24 -24 25 -21 -27 -18 -4 -1
right_child=1 7 10 4 6 -7 11 21 -10 -11 16 -13 13 14 -16 -17 17 -19 -20 22 -22 -23 23 -25 -26 26 -28 -29 -30 -31
leaf_value=-0.001720337656331462 0.0006043675429756387 0.0013035363277852051 -0.00053736109574280006 0.00046181948434358475 0.00062046530640651025 0.00053415818564973806 0.00050035547217335561 0.0021474099739971879 0.0008419952086663765 6.8247979688574391e-05 0.0010146778400854429 0.00076052544842730653 0.00061363506645787931 0.0001831284095738246 0.0006480314841298228 0.00016333302093595028 -9.4784561194772882e-05 0.00031793249523347916 0.00027991972266506478 -0.00035379955183281335 0.00053279643578099222 0.0026082311782940825 5.4617590649092579e-05 -0.000164011795841603 3.9927673809180983e-05 -0.00020265496302845752 3.3469970257919521e-05 2.1957205289134589e-05 4.4141931339083602e-05 -0.00082121618134648247
leaf_weight=3392 27 20 23 20 35 32 21 30 28 24 25 34 28 29 25 28 24 28 20 185 20 26 20 24 28 29 33 20 20 147
leaf_count=3392 27 20 23 20 35 32 21 30 28 24 25 34 28 29 25 28 24 28 20 185 20 26 20 24 28 29 33 20 20 147
internal_value=-0.000934759 0.0149859 -0.00262668 0.0125445 0.0107704 0.019881 0.0149998 0.0209514 0.0181762 0.00829865 0.00262498 0.0117271 0.00946146 0.0112682 0.00866651 0.00637487 0.00417945 0.00241663 0.00699984 -0.00284448 0.0224994 0.024321 -0.00177742 0.000409081 -0.00212727 -0.0023927 -0.0010645 -0.000272722 -0.00160461 -0.00294066
internal_weight=4445 427 4018 303 244 59 90 124 68 154 160 55 130 82 54 48 117 72 45 3858 40 56 319 44 275 247 62 44 43 3539
internal_count=4445 427 4018 303 244 59 90 124 68 154 160 55 130 82 54 48 117 72 45 3858 40 56 319 44 275 247 62 44 43 3539
is_linear=0
shrinkage=0.03


Tree=21
num_leaves=31
num_cat=0
split_feature=0 5 5 8 9 6 17 16 16 5 17 7 2 1 2 8 6 3 16 17 4 0 3 16 5 9 3 4 4 0
split_gain=126.554 7.15575 4.38639 4.33842 2.89576 2.77855 3.206 1.52002 1.45458 1.7976 1.36255 2.10736 1.13455 1.02226 0.983935 0.937134 0.906987 0.854287 0.662819 0.574479 0.515677 0.460134 0.49998 0.265133 0.178537 0.352252 0.0952308 0.0947937 0.278211 0.0303511
threshold=0.58542297693482837 0.39452332657200817 0.27687626774847879 0.17796410352255287 0.61670313639679086 0.68801843317972355 0.3752021104586844 26.500000000000004 26.500000000000004 0.45334685598377283 0.35354437920177018 0.10370144050200945 0.12760416666666669 0.080729166666666671 0.085937500000000014 0.20249421316166533 0.69631336405529975 0.070312500000000014 10.500000000000002 0.39588120159986395 0.049479166666666671 0.55882118566514938 0.10156250000000001 19.500000000000004 0.18154158215010144 0.80598103574033564 0.096354166666666671 0.065104166666666671 0.070312500000000014 0.51155345578130385
decision_type=2 2 2 2 2 2 2 2 2 2 2 2 2 2 2 2 2 2 2 2 2 2 2 2 2 2 2 2 2 2
left_child=2 3 19 12 7 6 -6 18 -3 16 -9 -12 -2 26 17 -16 -10 -15 -5 21 -13 24 -23 -20 -1 27 -4 -26 -29 -30
right_child=1 8 13 4 5 -7 -8 10 9 -11 11 20 -14 14 15 -17 -18 -19 23 -21 -22 22 -24 -25 25 -27 -28 28 29 -31
leaf_value=-0.0020308240165185921 0.00049841713903815547 0.0011945848088981046 -0.00047401304006464487 0.0004005827581547391 0.00066840039000363907 0.00056582736844126857 0.00061464847320514767 0.00069976719791643033 0.0010517978486451966 0.0023699672893895329 0.00033123815573435128 0.00025913777142002551 0.00058939988402630756 0.00098394808617254621 0.00027422704236793196 -6.9056323995974009e-05 0.00045842901202040008 0.00058108074401736246 -1.0306995961877118e-05 0.00016377629466749318 8.6776120298883848e-05 -5.6709391342314283e-05 0.00017907013620801175 0.00014160200416662248 -0.0007130446633813811 6.1606316352527514e-05 -3.1478968244460271e-06 -0.00017092459906209724 -0.00058408152281277926 -0.0002985067097937615
leaf_weight=3136 38 29 21 24 34 34 25 29 27 41 21 20 23 20 27 38 27 23 22 26 23 25 25 20 291 34 21 38 111 172
leaf_count=3136 38 29 21 24 34 34 25 29 27 41 21 20 23 20 27 38 27 23 22 26 23 25 25 20 291 34 21 38 111 172
internal_value=-0.000961755 0.0143684 -0.00263323 0.011952 0.0102142 0.0144192 0.0183556 0.00775467 0.0204676 0.0222629 0.0102257 0.00778113 0.0191308 0.00239998 0.00394441 0.00161536 0.0186663 0.00746494 0.00427266 -0.00282893 0.00397665 -0.00285908 -7.15241e-10 0.00199995 -0.00289688 -0.00244272 -0.00157139 -0.00260784 -0.00225233 -0.00257596
internal_weight=4445 437 4008 313 252 93 59 159 124 95 93 64 61 150 108 65 54 43 66 3858 43 3832 50 42 3782 646 42 612 321 283
internal_count=4445 437 4008 313 252 93 59 159 124 95 93 64 61 150 108 65 54 43 66 3858 43 3832 50 42 3782 646 42 612 321 283
is_linear=0
shrinkage=0.03


Tree=22
num_leaves=31
num_cat=0
split_feature=0 0 8 0 16 4 13 18 3 9 0 7 7 8 13 7 3 10 3 18 18 0 9 3 6 3 7 0 8 9
split_gain=124.629 5.82721 3.47786 3.18566 3.06668 2.94764 2.22231 2.13214 2.36022 1.95195 1.58049 1.47132 1.09362 0.988771 0.906471 0.749011 0.650335 0.560874 0.520304 0.334517 0.293002 0.234619 0.215212 0.326227 0.146836 0.136848 0.0999925 0.0688601 0.335487 0.096051
threshold=0.58542297693482837 0.63245318005513651 0.17796410352255287 0.56286410739646286 26.500000000000004 0.054687500000000007 1.0000000180025095e-35 0.49264705882352944 0.11197916666666667 0.57330415754923425 0.67858564256313125 0.15643284819623146 0.11596544270602603 0.24281010727125305 -0.22252093395631442 0.16947311116436589 0.11718750000000001 0.25000000000000011 0.11718750000000001 0.48676470588235299 0.52500000000000002 0.47680365491675797 0.80598103574033564 0.085937500000000014 0.2600985221674878 0.18489583333333334 0.084085449125830131 0.53121608501887896 0.1439067609595597 0.67177242888402644
decision_type=2 2 2 2 2 2 2 2 2 2 2 2 2 2 2 2 2 2 2 2 2 2 2 2 2 2 2 2 2 2
left_child=3 2 6 15 9 -6 -2 8 -7 26 11 18 -11 -9 19 20 17 -16 -3 -5 21 -1 24 -24 -23 27 -4 -26 -29 -30
right_child=1 10 4 14 5 7 -8 13 -10 12 -12 -13 -14 -15 16 -17 -18 -19 -20 -21 -22 22 23 -25 25 -27 -28 28 29 -31
leaf_value=-0.002199639769203442 0.00054343071182591496 0.0010878305738842619 0.00013735394404162525 -0.0001653627921631166 0.0003388462062007074 0.0006459715967398245 0.00048398376512013858 0.00038048736280876674 0.00056174099990438718 0.00013491656937917649 0.0023436387929558163 0.0013072703513549444 0.00046257126837397994 0.0010260496867729018 -5.0480591360784944e-05 0.00031464057145401701 0.00048107316662898757 0.00016719316104076438 0.00058710641169712463 0.00021728381815000334 -0.00015071361243380551 -0.00044773407005703307 0.00011831010785283717 -0.0002004659079323844 -0.00078248417747849019 -0.0004049934565640848 3.7310202300895621e-06 0.00023066458997540558 -0.00027072300867933118 -4.6083515955164443e-05
leaf_weight=2977 37 24 20 35 37 39 24 23 38 33 30 35 32 21 24 31 33 28 24 27 28 20 24 23 557 22 20 20 126 33
leaf_count=2977 37 24 20 35 37 39 24 23 38 33 30 35 32 21 24 31 33 28 24 27 28 20 24 23 557 22 20 20 126 33
internal_value=-0.000982003 0.0142311 0.0121851 -0.00264072 0.0106882 0.013329 0.018639 0.0155949 0.0125843 0.00671422 0.0200972 0.0179636 0.00992292 0.0208632 0.00169387 -0.00280575 0.00370584 0.00161535 0.0213746 -0.0010645 -0.00284334 -0.00286586 -0.00241818 -0.0004468 -0.00253727 -0.00260422 0.00149996 -0.00267391 -0.002162 -0.00262263
internal_weight=4445 437 324 4008 263 158 61 121 77 105 113 83 65 44 147 3861 85 52 48 62 3830 3802 825 47 778 758 40 736 179 159
internal_count=4445 437 324 4008 263 158 61 121 77 105 113 83 65 44 147 3861 85 52 48 62 3830 3802 825 47 778 758 40 736 179 159
is_linear=0
shrinkage=0.03


Tree=23
num_leaves=31
num_cat=0
split_feature=0 5 5 9 6 17 16 17 16 5 9 4 18 7 6 6 7 9 17 5 9 5 16 11 7 7 17 17 4 0
split_gain=117.416 8.06504 4.03221 3.37696 2.78717 2.12472 2.12404 3.53115 1.87313 1.7976 1.53238 1.65589 1.0598 1.01705 1.00602 0.906987 0.59985 0.738875 0.570466 0.313709 0.461508 0.208392 0.189069 0.148936 0.447436 0.594715 0.102716 0.0950114 0.102432 0.0353134
threshold=0.58542297693482837 0.39452332657200817 0.27687626774847879 0.61670313639679086 0.706451612903226 0.35354437920177018 23.500000000000004 0.3752021104586844 26.500000000000004 0.45334685598377283 0.47191830780452232 0.11197916666666667 0.48676470588235299 0.084671772017281502 0.52764976958525367 0.69631336405529975 0.10370144050200945 0.5948212983223925 0.39588120159986395 0.18154158215010144 0.80598103574033564 0.35395537525354975 29.500000000000004 0.6830127018922193 0.079237953319248058 0.063091324822079201 0.22878903923070382 0.36418177176410527 0.028645833333333336 0.48493823695648747
decision_type=2 2 2 2 2 2 2 2 2 2 2 2 2 2 2 2 2 2 2 2 2 2 2 2 2 2 2 2 2 2
left_child=2 3 18 5 6 10 -5 21 -3 15 -2 -12 13 -4 -14 -10 -7 -18 19 27 23 -8 -15 26 25 -25 -21 -1 -29 -28
right_child=1 8 12 4 -6 16 7 -9 9 -11 11 -13 14 22 -16 -17 17 -19 -20 20 -22 -23 -24 24 -26 -27 29 28 -30 -31
leaf_value=-0.0019316697242400193 0.00027540476269918732 0.0010884381008424858 0.00012922514657295848 0.00041726235418434711 0.00041305271677166791 0.00029992043653095831 0.00053108435602204661 0.00058886858316938365 0.00099770885156983844 0.0022285591365699101 0.00064205684600625952 0.00032126022895254076 0.00094693344260504708 -0.00053305865067601425 -2.4584440069117632e-05 0.00041873705750167906 -4.411009510763687e-05 0.00027675825135631521 0.00016085940071645802 -0.00016145981585815645 0.00010353327201335864 0.00073653466385237016 4.0529999401662533e-06 -0.00046126120664516103 -0.00054866737837422526 0.0001076390841807322 -0.00074058017546622013 -0.0017126114975763837 -0.00044017956385427047 -0.00040237047921343519
leaf_weight=3095 20 29 25 38 22 37 23 24 27 41 33 38 37 40 20 27 29 27 26 30 38 22 28 37 90 27 22 21 20 452
leaf_count=3095 20 29 25 38 22 37 23 24 27 41 33 38 37 40 20 27 29 27 26 30 38 22 28 37 90 27 22 21 20 452
internal_value=-0.00101575 0.0137505 -0.00262575 0.0111853 0.0149069 0.00857604 0.0169064 0.0200432 0.0202256 0.0222629 0.011835 0.0139012 0.00219998 0.000225803 0.00542096 0.0186663 0.00538704 0.00342851 -0.00281337 -0.00284342 -0.00226724 0.0249994 -0.00167645 -0.00245288 -0.00163635 0.000281245 -0.00270238 -0.0029713 -0.00153655 -0.00281012
internal_weight=4445 437 4008 313 129 184 107 69 124 95 91 71 150 93 57 54 93 56 3858 3832 696 45 68 658 154 64 504 3136 41 474
internal_count=4445 437 4008 313 129 184 107 69 124 95 91 71 150 93 57 54 93 56 3858 3832 696 45 68 658 154 64 504 3136 41 474
is_linear=0
shrinkage=0.03


Tree=24
num_leaves=31
num_cat=0
split_feature=0 5 5 8 13 9 16 9 17 17 16 17 18 13 16 13 0 11 17 10 5 1 18 9 4 16 11 13 1 17
split_gain=111.374 7.88676 3.60253 3.40709 3.24049 2.87467 2.19502 2.12208 1.87604 1.67872 1.12318 2.09239 1.11411 0.957351 0.822991 0.725219 0.829506 0.664334 0.621227 0.526506 0.336644 0.329204 0.284359 0.276938 0.237325 0.261989 0.802814 0.403603 0.151297 0.132998
threshold=0.58542297693482837 0.39452332657200817 0.26876267748478705 0.17796410352255287 1.0000000180025095e-35 0.61670313639679086 26.500000000000004 0.71298322392414315 0.46476895583354622 0.33864730188447328 26.500000000000004 0.35354437920177018 0.48676470588235299 -0.22252093395631442 10.500000000000002 1.0000000180025095e-35 0.57040581497477094 0.6830127018922193 0.39588120159986395 0.68301270189221941 0.18154158215010144 0.10677083333333334 0.50147058823529422 0.80598103574033564 0.065104166666666671 28.500000000000004 0.6830127018922193 0.81174490092936691 0.10677083333333334 0.31388817972938482
decision_type=2 2 2 2 2 2 2 2 2 2 2 2 2 2 2 2 2 2 2 2 2 2 2 2 2 2 2 2 2 2
left_child=2 3 18 4 -2 10 -3 -7 19 -9 14 -12 15 -13 -5 -4 -17 22 20 -8 28 -16 -14 24 -22 27 29 -26 -1 -27
right_child=1 6 12 5 -6 7 8 9 -10 -11 11 13 17 -15 21 16 -18 -19 -20 -21 23 -23 -24 -25 25 26 -28 -29 -30 -31
leaf_value=-0.0018843940912869669 0.00050876221017030928 0.0010557849578172115 -0.00024909033544837837 0.00036545084902076528 0.00045020254678634588 0.00055069935643061135 0.00048005432455713604 0.00037464892756035561 0.0021266054664928033 0.0007269036702085384 0.00063464345508788269 7.1050477399442087e-05 0.0002224679967216616 0.0003797831129100283 -1.6129940348983113e-05 -0.00035519631948095293 0.00012901422465896341 0.00092152679596511477 0.00015959414366340305 0.0015562410240961872 -0.00066671838234673441 9.7993034396483785e-05 -2.2156165564860418e-05 3.1948648371001168e-05 -0.00043820145047505015 -9.6044123822219151e-05 0.00010503437107678682 5.5891304840122414e-05 -0.0013710288802922463 -0.00028031765901395038
leaf_weight=3110 37 29 53 24 24 35 29 30 39 28 29 30 20 34 20 29 34 31 24 27 290 22 23 36 174 58 26 20 26 54
leaf_count=3110 37 29 53 24 24 35 29 30 39 28 29 30 20 34 20 29 34 31 24 27 290 22 23 36 174 58 26 20 26 54
internal_value=-0.00104275 0.0133386 -0.00261078 0.0108019 0.0171637 0.00926187 0.0197418 0.0134515 0.0219471 0.00993086 0.00681128 0.00893539 0.00142104 0.00590616 0.00381812 -0.00041379 0.00176188 0.00429724 -0.00281142 0.0184282 -0.00284186 0.00128568 0.00188368 -0.00222492 -0.00237299 -0.0018253 -0.000826082 -0.00253607 -0.0029713 -0.00192855
internal_weight=4445 437 4008 313 61 252 124 93 95 58 159 93 190 64 66 116 63 74 3818 56 3794 42 43 658 622 332 138 194 3136 112
internal_count=4445 437 4008 313 61 252 124 93 95 58 159 93 190 64 66 116 63 74 3818 56 3794 42 43 658 622 332 138 194 3136 112
is_linear=0
shrinkage=0.03


Tree=25
num_leaves=31
num_cat=0
split_feature=20 5 9 20 6 13 5 16 8 20 20 16 10 17 17 1 7 17 8 6 1 5 16 9 5 4 8 9 1 14
split_gain=99.8077 5.5459 4.46204 4.07991 2.34239 1.99016 1.93663 1.87591 1.84551 1.7511 1.74217 1.74736 1.41732 1.23693 1.02539 0.984751 0.971561 0.857796 0.760865 0.815162 0.80972 0.556387 0.439337 0.731145 1.06576 0.431594 0.39998 0.330382 0.266316 0.164382
threshold=0.58757867942685726 0.38843813387423937 0.57330415754923425 0.56498757140591482 0.50921658986175122 1.0000000180025095e-35 0.54056795131845847 26.500000000000004 0.17733378743684181 0.60785668035134688 0.60199702478080097 27.500000000000004 0.25000000000000011 0.3128317766059529 0.40102969960003415 0.080729166666666671 0.11470218836877218 0.40894391966641147 0.18264427710219064 0.45944700460829507 0.096354166666666671 0.18154158215010144 27.500000000000004 0.48322392414296145 0.19979716024340774 0.12239583333333334 0.22119407178140213 0.80598103574033564 0.12239583333333334 1.0000000180025095e-35
decision_type=2 2 2 2 2 2 2 2 2 2 2 2 2 2 2 2 2 2 2 2 2 2 2 2 2 2 2 2 2 2
left_child=3 2 10 17 16 13 7 -3 -7 -10 26 -12 -9 -6 -14 -5 -4 21 -17 -20 -21 -1 -23 24 -24 -15 -2 29 -22 -25
right_child=1 6 4 15 5 8 -8 12 9 -11 11 -13 14 25 -16 18 -18 -19 19 20 28 22 23 27 -26 -27 -28 -29 -30 -31
leaf_value=-0.0018276580907957646 8.6289407996420381e-05 0.000173325159761009 0.00018753255671094798 -0.00020477403141428861 0.00053753830821619449 0.00058139363627354994 0.0025955336020911267 0.0010631667069521738 0.00038886552035843474 0.00048938096389667036 0.00021974208611943863 0.00065567917447955715 0.00072585593367926332 0.0004774303463087583 0.0010591014970065453 0.00029328361231767142 0.00052411953224241895 0.00025719949098929854 0.00055115025462330099 0.00010319187484058922 -9.0887278624421562e-05 -0.00048675052702593671 -0.00028161778966114757 -0.00042169067917106017 0.00023945930021163349 0.00054906625716611053 -3.6969128651637803e-05 9.1048110822975823e-05 4.8754436208265439e-05 -0.00022280851358067128
leaf_weight=3118 20 20 20 24 38 21 27 22 26 21 28 22 39 31 26 20 22 27 23 20 29 363 38 148 38 34 20 31 20 67
leaf_count=3118 20 20 20 24 38 21 27 22 26 21 28 22 39 31 26 20 22 27 23 20 29 363 38 148 38 34 20 31 20 67
internal_value=-0.00109221 0.0125148 0.0102673 -0.00259153 0.0126337 0.0141929 0.0175969 0.0157849 0.0181762 0.014872 0.00466661 0.00839983 0.0176895 0.011563 0.0154613 0.00251469 0.00628556 -0.00277285 0.00369639 0.00254345 0.00091303 -0.00281068 -0.00203649 -0.00122981 0.00134209 0.0140767 -7.15238e-10 -0.00202438 -0.00116324 -0.00244185
internal_weight=4403 437 303 3966 213 171 134 107 68 47 90 50 87 103 65 136 42 3830 112 92 69 3803 685 322 76 65 40 246 49 215
internal_count=4403 437 303 3966 213 171 134 107 68 47 90 50 87 103 65 136 42 3830 112 92 69 3803 685 322 76 65 40 246 49 215
is_linear=0
shrinkage=0.03


Tree=26
num_leaves=31
num_cat=0
split_feature=20 5 9 5 8 7 7 9 3 5 7 4 17 16 8 6 5 7 5 2 18 16 18 8 16 9 5 9 18 3
split_gain=92.5863 5.2819 4.04611 3.79659 2.57953 2.43907 1.63057 2.13789 2.0314 1.53187 1.47672 1.12147 1.04398 0.962199 0.896292 0.853477 0.705591 0.641603 0.541015 0.488696 0.483116 0.370066 0.418703 0.355211 0.313435 0.492897 0.820491 0.30153 0.35335 0.237072
threshold=0.58757867942685726 0.38843813387423937 0.60649161196207169 0.26876267748478705 0.20048501969437313 0.22769620777782279 0.085254260469666679 0.70386579139314387 0.091145833333333343 0.34381338742393514 0.075179065199974346 0.091145833333333343 0.4150285082120671 28.500000000000004 0.1795928394607082 0.50921658986175122 0.18154158215010144 0.14842600721355023 0.3600405679513185 0.12239583333333334 0.45441176470588235 27.500000000000004 0.47205882352941181 0.24281010727125305 27.500000000000004 0.48322392414296145 0.19979716024340774 0.80598103574033564 0.51323529411764712 0.10156250000000001
decision_type=2 2 2 2 2 2 2 2 2 2 2 2 2 2 2 2 2 2 2 2 2 2 2 2 2 2 2 2 2 2
left_child=3 2 4 16 10 11 -4 -8 -9 23 -2 -3 14 -7 -5 -11 -1 -13 -10 -12 -16 29 -23 -6 -18 26 -26 28 -27 -22
right_child=1 5 6 12 9 13 7 8 18 15 19 17 -14 -15 20 -17 24 -19 -20 -21 21 22 -24 -25 25 27 -28 -29 -30 -31
leaf_value=-0.0017729515923866589 0.000359904552033567 0.00068004798025659457 0.00044051944640472975 0.00026239075539342309 -9.8272528664666599e-06 0.0024237748020520091 0.0005669923859853138 0.00054607861961805345 0.00038361609705855253 0.00019542651691084598 0.00043682589665053123 0.00050882396745596543 0.00049911151076168707 0.0020112639573178727 -0.00024255980804807698 0.00058348794111162737 -0.00047111236510280979 0.0011571467430890375 0.00069569050930029844 0.00044997897136549528 -0.00012758734122755581 9.6641491246369848e-05 6.825790740724379e-06 0.0001537377920384516 -0.00029548040137883694 -0.00045108768721497712 0.00014196154373487778 8.8316667498287491e-05 0.00011398374649893847 2.8950543746698159e-05
leaf_weight=3122 26 33 33 23 24 20 37 21 22 21 29 32 27 23 41 26 330 26 20 21 26 20 34 23 39 193 39 31 20 21
leaf_count=3122 26 33 33 23 24 20 37 21 22 21 29 32 27 23 41 26 330 26 20 21 26 20 34 23 39 193 39 31 20 21
internal_value=-0.00113991 0.0119656 0.00977224 -0.00258396 0.00670584 0.0169252 0.0136916 0.0155998 0.0122379 0.00338294 0.0108156 0.0141427 0.00153124 0.0228134 0.000636359 0.00721261 -0.00279332 0.0166549 0.00842837 0.00779984 -0.00025352 0.000861377 0.00255551 -0.0004468 -0.0018957 -0.00122981 0.000846142 -0.00189344 -0.00229576 -0.00108508
internal_weight=4403 437 303 3966 170 134 133 100 63 94 76 91 192 43 165 47 3774 58 42 50 142 101 54 47 652 322 78 244 213 47
internal_count=4403 437 303 3966 170 134 133 100 63 94 76 91 192 43 165 47 3774 58 42 50 142 101 54 47 652 322 78 244 213 47
is_linear=0
shrinkage=0.03


Tree=27
num_leaves=31
num_cat=0
split_feature=0 5 9 5 5 6 16 10 17 7 7 11 0 16 2 17 16 7 10 17 3 0 16 7 5 11 16 12 12 6
split_gain=84.3503 6.77729 4.29555 2.92583 2.44995 2.09527 2.05126 1.89796 1.87148 1.32599 1.29836 1.27334 1.26499 1.27274 0.872488 2.29143 0.904348 1.04787 0.759077 0.667649 1.2177 0.592603 0.414009 1.1958 0.280483 0.423573 1.00017 0.986691 0.21038 0.169243
threshold=0.58542297693482837 0.38843813387423937 0.57330415754923425 0.23833671399594322 0.54056795131845847 0.50921658986175122 26.500000000000004 0.25000000000000011 0.40894391966641147 0.12338484922465606 0.068200183856979943 1.0000000180025095e-35 0.60199702478080097 27.500000000000004 0.10677083333333334 0.34515477772984848 13.500000000000002 0.094404316164656679 0.68301270189221941 0.30239979576206288 0.11197916666666667 0.59889677441000055 27.500000000000004 0.092848179558897223 0.18154158215010144 0.6830127018922193 29.500000000000004 1.0000000180025095e-35 -0.60785761079279388 0.56267281105990796
decision_type=2 2 2 2 2 2 2 2 2 2 2 2 2 2 2 2 2 2 2 2 2 2 2 2 2 2 2 2 2 2
left_child=3 2 12 24 6 21 -3 -8 19 10 -7 -11 -2 -14 15 -12 -16 -18 -9 28 22 -4 -21 -24 -1 29 -27 -28 -5 -26
right_child=1 4 5 8 -6 9 7 18 -10 11 14 -13 13 -15 16 -17 17 -19 -20 20 -22 -23 23 -25 25 26 27 -29 -30 -31
leaf_value=-0.0017197630446150588 -4.2318703169688333e-06 0.00014629267575569003 0.00017778519323235535 -6.6148517686494917e-06 0.0024573296753088582 0.00020339990599048106 0.00095979600041231619 0.00088804453227660782 0.00045951300480966795 0.00018937669462982311 0.00051044145521338168 0.00054507577546979873 0.00020420818383333182 0.00062246403400935521 0.00049957137816012819 0.00055132984777606943 0.00046005652694551194 0.00052313268749776016 0.00065359679374103958 -0.00028736047788638526 0.00020477871632224403 0.00044162897832959909 -6.8115329578838688e-05 0.00049999798442424423 -0.0005698733703961102 -0.00069045215396900457 -0.00027595155268087944 0.0006326583400927926 -0.00028203725372664279 -0.00015598724906572107
leaf_weight=3122 45 20 24 32 27 23 22 36 29 24 20 20 28 22 23 24 23 20 29 62 35 23 53 27 363 65 23 24 95 20
leaf_count=3122 45 20 24 32 27 23 22 36 29 24 20 20 28 22 23 24 23 20 29 62 35 23 53 27 363 65 23 24 95 20
internal_value=-0.00122167 0.0110397 0.00866141 -0.00262785 0.0167014 0.0109285 0.0146634 0.016655 6.30622e-05 0.0124237 0.0139172 0.00790891 0.00331575 0.00659987 0.0152726 0.0119997 0.0174543 0.0200228 0.0140767 -0.000631578 0.000559318 0.00529776 -0.000676052 0.00074999 -0.00287559 -0.00221212 -0.000589281 0.00274462 -0.00229132 -0.00268668
internal_weight=4403 453 319 3950 134 224 107 87 333 177 133 44 95 50 110 44 66 43 65 304 177 47 142 80 3617 495 112 47 127 383
internal_count=4403 453 319 3950 134 224 107 87 333 177 133 44 95 50 110 44 66 43 65 304 177 47 142 80 3617 495 112 47 127 383
is_linear=0
shrinkage=0.03


Tree=28
num_leaves=31
num_cat=0
split_feature=0 5 9 5 5 17 16 10 0 17 2 16 11 10 7 9 3 5 11 17 4 9 5 12 17 16 0 0 9 6
split_gain=81.639 6.71708 4.24072 3.39731 2.5877 2.12208 1.92064 2.07374 1.8922 1.41025 1.17676 1.10701 1.00794 0.965493 0.854674 1.51862 1.76466 0.835708 0.772877 1.4476 1.02283 0.762456 0.609223 0.588915 0.403264 0.375526 0.551742 0.100996 0.25155 0.15119
threshold=0.58542297693482837 0.38843813387423937 0.60649161196207169 0.27687626774847879 0.54056795131845847 0.35549811363571898 26.500000000000004 0.25000000000000011 0.59537384276397409 0.30539954046464141 0.13281250000000003 29.500000000000004 0.6830127018922193 0.68301270189221941 0.085254260469666679 0.70386579139314387 0.091145833333333343 0.18154158215010144 0.6830127018922193 0.31142030465492304 0.065104166666666671 0.4584245076586434 0.33569979716024351 -1.0000000180025095e-35 0.20913113777550851 24.500000000000004 0.60478778918727494 0.52800106982563555 0.26659372720641877 0.37465437788018441
decision_type=2 2 2 2 2 2 2 2 2 2 2 2 2 2 2 2 2 2 2 2 2 2 2 2 2 2 2 2 2 2
left_child=3 2 5 17 6 9 -3 -8 -4 -2 11 23 -13 -9 -10 -16 -17 -1 24 -20 21 -21 -11 -5 -19 -7 -27 -26 -29 -30
right_child=1 4 8 10 -6 25 7 13 14 22 -12 12 -14 -15 15 16 -18 18 19 20 -22 -23 -24 -25 27 26 -28 28 29 -31
leaf_value=-0.0016681701532766068 0.00017064052305265111 0.00014190389548301838 0.00012876080664111453 -0.00019444428053388987 0.0023836097850495918 -2.7267807757609903e-05 0.00093100212039994739 0.00086140319630830854 0.00046475200966813887 0.00022811141731631754 -0.00036012529055070636 9.4124340414760178e-05 0.00097905988039083533 0.00063398888992880962 0.0005344642838846982 0.00051361735096901531 0.00053701266183712754 3.027905351944508e-05 -0.00055552833270190423 -0.00070676396601507675 0.00011707373580554213 0.00022027184233574832 0.00061011641043220424 2.4916091998443846e-05 -0.00068250876500323965 0.00012772934816994647 0.00019606253561959056 -2.1739735643149092e-05 -0.0002585546666893716 -0.00018022612990085474
leaf_weight=3122 35 20 21 32 27 20 22 36 23 31 32 30 23 29 35 20 39 30 76 36 25 23 27 20 317 39 29 23 20 141
leaf_count=3122 35 20 21 32 27 20 22 36 23 31 32 30 23 29 35 20 39 30 76 36 25 23 27 20 317 39 29 23 20 141
internal_value=-0.00122167 0.010841 0.00847333 -0.00260506 0.0164775 0.00545301 0.014383 0.0163102 0.0124347 0.00861281 0.00203648 0.00357139 0.00662252 0.0136152 0.013923 0.0151913 0.012254 -0.00277183 -0.00182778 -7.15251e-10 0.00271425 0.000559312 0.0114826 0.000461529 -0.00237853 0.00211361 0.00317642 -0.00258083 -0.00202173 -0.00244098
internal_weight=4403 453 319 3950 134 181 107 87 138 93 137 105 53 65 117 94 59 3813 691 160 84 59 58 52 531 88 68 501 184 161
internal_count=4403 453 319 3950 134 181 107 87 138 93 137 105 53 65 117 94 59 3813 691 160 84 59 58 52 531 88 68 501 184 161
is_linear=0
shrinkage=0.03


Tree=29
num_leaves=31
num_cat=0
split_feature=0 0 17 8 0 17 16 17 8 9 9 8 9 18 12 12 18 6 8 9 11 11 0 11 16 17 17 17 18 16
split_gain=73.7952 5.24504 3.23647 3.19091 2.88002 2.83856 2.3106 2.28856 1.87686 1.82815 1.47487 1.44945 1.35469 1.24939 1.08252 0.907939 0.556182 0.611853 0.751762 0.572944 0.535121 0.524237 0.461076 0.775274 1.9437 0.418933 0.3287 0.284359 0.183306 0.0836815
threshold=0.58542297693482837 0.62126974362323695 0.3560973534167306 0.23288439984612844 0.54460969367221124 0.32943579269849382 26.500000000000004 0.4150285082120671 0.37367877865781685 0.73668854850474119 0.57330415754923425 0.24855113226519951 0.61670313639679086 0.49558823529411766 1.0000000180025095e-35 -1.0000000180025095e-35 0.45441176470588235 0.42073732718894014 0.17796410352255287 0.67177242888402644 1.0000000180025095e-35 1.0000000180025095e-35 0.50213191564481241 0.6830127018922193 29.500000000000004 0.38822227895498268 0.31499446855586766 0.42745298272487459 0.5220588235294118 9.5000000000000018
decision_type=2 2 2 2 2 2 2 2 2 2 2 2 2 2 2 2 2 2 2 2 2 2 2 2 2 2 2 2 2 2
left_child=4 2 5 -3 22 10 -5 16 11 13 -2 -8 -7 25 -13 20 -6 -18 -19 26 -12 -17 28 29 -25 -4 -20 -27 -1 -24
right_child=1 3 9 6 7 12 8 -9 -10 -11 15 14 -14 -15 -16 21 17 18 19 -21 -22 -23 23 24 -26 27 -28 -29 -30 -31
leaf_value=-0.0014162849658812234 3.9364469363676748e-05 0.00022266543455761272 -0.00010626067667052762 0.00076228772107308357 -0.00030745169012229534 0.00058026955020471719 0.00070561824319221591 0.00051485646077033297 0.0023549854912655746 0.00065782478302091069 0.00045865947537744502 0.0010378723834971086 0.00055103732170201896 0.00042059086620783905 0.0007176134465890628 0.00040484210130221037 -0.00038408044725633643 0.00018071417617624902 -0.00025035990866756244 1.9110909188735009e-05 0.00014018607802318 0.00048149151519398899 -0.00038927212514168935 -0.00054792348266602517 0.0001746213513365205 0.00019615493807385886 1.1419627134296337e-05 -5.9095810970671846e-06 -0.00022869607860945602 -0.00044048685465018875
leaf_weight=3304 26 39 25 20 59 31 22 21 25 22 21 36 20 36 21 20 40 33 58 32 20 26 65 47 31 20 36 23 21 203
leaf_count=3304 26 39 25 20 59 31 22 21 25 22 21 36 20 36 21 20 40 33 58 32 20 26 65 47 31 20 36 23 21 203
internal_value=-0.0012898 0.0101788 0.00775859 0.0144846 -0.00260506 0.0105365 0.0168386 0.000333331 0.0186344 0.00414282 0.00788489 0.0163669 0.0164114 0.00248074 0.0138419 0.00975851 -0.000441859 0.000316581 0.00115094 9.52366e-05 0.00651204 0.0126519 -0.00282838 -0.00178612 0.000846142 8.82333e-05 -0.0010851 0.00188368 -0.00293684 -0.00255223
internal_weight=4403 453 290 163 3950 164 124 279 104 126 113 79 51 104 57 87 258 199 159 126 41 46 3671 346 78 68 94 43 3325 268
internal_count=4403 453 290 163 3950 164 124 279 104 126 113 79 51 104 57 87 258 199 159 126 41 46 3671 346 78 68 94 43 3325 268
is_linear=0
shrinkage=0.03


Tree=30
num_leaves=31
num_cat=0
split_feature=5 5 5 11 7 8 8 7 17 11 16 16 5 3 16 13 7 17 7 13 5 18 11 5 16 10 7 8 3 13
split_gain=79.8966 6.69803 4.74563 4.31473 2.78955 3.2369 2.33278 2.10929 1.52217 1.82471 1.32118 1.10255 1.3354 1.00039 0.64038 0.662549 1.17805 1.75567 0.803539 0.547865 0.439813 0.363881 0.72799 0.277142 0.231564 0.597405 1.04322 0.410024 0.544337 0.17266
threshold=0.31947261663286008 0.44523326572008121 0.25253549695740368 0.6830127018922193 0.12338484922465606 0.23702998767234346 0.19522708183397192 0.058759783341775416 0.34409837460641657 1.0000000180025095e-35 27.500000000000004 26.500000000000004 0.347870182555781 0.10156250000000001 7.5000000000000009 1.0000000180025095e-35 0.095129496739318989 0.35984171559867256 0.13162077050603302 1.0000000180025095e-35 0.18154158215010144 0.49264705882352944 -0.24999999999999994 0.30324543610547666 28.500000000000004 -0.5 0.066733341775971358 0.19218106975147189 0.085937500000000014 0.81174490092936691
decision_type=2 2 2 2 2 2 2 2 2 2 2 2 2 2 2 2 2 2 2 2 2 2 2 2 2 2 2 2 2 2
left_child=2 3 20 4 5 6 8 -4 9 -2 -3 -5 -13 -6 -9 21 17 -17 -18 -15 -1 23 -23 -16 29 26 -26 -27 -29 -22
right_child=1 10 7 11 13 -7 -8 14 -10 -11 -12 12 -14 19 15 16 18 -19 -20 -21 24 22 -24 -25 25 27 -28 28 -30 -31
leaf_value=-0.0015404593348204093 0.00044341965644870162 0.0009691585866466576 0.00013214317105043303 -2.7498404650470141e-05 0.00045281510775598883 0.00087419256835960264 0.00024275605108633268 -7.6864226534518006e-05 0.00051722350276931102 0.00030196547523142161 0.002012342303363948 0.0002905755070549899 0.00075843507076153705 0.00051722050496126463 -0.00018812041724437082 0.00023023426558300977 -0.00032555880507516841 -1.249583112051747e-05 0.00020097202127628661 0.0001491572282129037 -0.00052138265015424536 -5.5680036929801687e-05 0.0003490418675277041 2.4597509398534356e-05 -0.00069280217414984435 -0.0005347658069763579 0.00026063421511765344 6.3019385058109788e-05 -0.00035997673450482 -0.00034384359521361964
leaf_weight=3129 32 22 20 27 21 36 36 42 35 34 39 31 36 27 65 31 36 23 20 29 276 24 20 20 26 149 29 32 30 41
leaf_count=3129 32 22 20 27 21 36 36 42 35 34 39 31 36 27 65 31 36 23 20 29 276 24 20 20 26 149 29 32 30 41
internal_value=-0.00125487 0.0114444 -0.00253651 0.00981974 0.01188 0.0139941 0.0118904 0.00108637 0.0142276 0.0115453 0.0206062 0.00434038 0.00640289 0.00712978 0.000416368 0.00101673 0.00272725 0.00588878 -0.000321424 0.00503562 -0.00283028 -0.000441858 0.00177269 -0.00158822 -0.00207375 -0.00142105 0.00136361 -0.00214691 -9.67733e-05 -0.00262144
internal_weight=4418 405 4013 344 250 173 137 301 101 66 61 94 67 77 281 239 110 54 56 56 3712 129 44 85 583 266 55 211 62 317
internal_count=4418 405 4013 344 250 173 137 301 101 66 61 94 67 77 281 239 110 54 56 56 3712 129 44 85 583 266 55 211 62 317
is_linear=0
shrinkage=0.03


Tree=31
num_leaves=31
num_cat=0
split_feature=0 0 0 9 6 16 6 7 7 6 4 4 6 0 8 6 7 8 7 2 7 8 1 7 0 0 9 8 18 11
split_gain=77.0539 4.54524 4.09903 2.57988 2.47117 1.53666 2.01105 1.42373 1.58814 1.26948 1.42655 1.22904 1.09582 0.964425 1.06618 0.842511 0.769141 0.701832 0.631388 0.500766 0.618049 0.49759 0.663403 0.338546 0.318907 0.239027 0.264373 0.223629 0.203188 0.278855
threshold=0.59294530418543168 0.53121608501887896 0.65204532230327683 0.61670313639679086 0.67695852534562229 25.500000000000004 0.69631336405529975 0.15278835336889349 0.11742592553505851 0.63824884792626746 0.096354166666666671 0.12239583333333334 0.77741935483870983 0.56764902299890541 0.17890958504461263 0.58571428571428585 0.094404316164656679 0.29888286581140178 0.096392604787514213 0.11718750000000001 0.13162077050603302 0.20477481889322038 0.11718750000000001 0.058759783341775416 0.54033000023206745 0.47680365491675797 0.80598103574033564 0.24281010727125305 0.50735294117647067 0.25000000000000017
decision_type=2 2 2 2 2 2 2 2 2 2 2 2 2 2 2 2 2 2 2 2 2 2 2 2 2 2 2 2 2 2
left_child=1 25 3 4 7 16 9 8 15 10 -7 -6 -4 19 -15 18 -5 21 -2 20 23 22 -16 -3 -25 -1 28 -23 -27 -30
right_child=2 13 12 5 11 6 -8 -9 -10 -11 -12 -13 -14 14 17 -17 -18 -19 -20 -21 -22 27 -24 24 -26 26 -28 -29 29 -31
leaf_value=-0.0016908790454875186 0.0003660603412585238 5.0079396294142629e-05 0.0014696231707840893 0.00016047515430571223 0.00045057090046794036 0.00078520694303011276 0.00065776898783264379 0.00066785890266467523 -0.00010549964968034502 0.00064048681990770901 0.00038687487099380388 0.0004767406694952255 0.0022362242765887126 0.00026407083874790445 -4.545936779639291e-06 0.00049657992282682161 0.0004659604790495803 0.00038276496048440014 -1.5281564555528677e-05 -0.00032247605164886778 0.00030584522354578947 -0.00011250562891972921 0.00042813394733368901 8.9903548400447581e-05 -0.00016573164119947951 -0.00058082486113490098 -3.1851802506019283e-05 1.1137969548059939e-05 -0.00076261462494475361 0.00010612369433772145
leaf_weight=2972 21 28 29 20 29 20 30 21 22 26 23 22 23 29 35 36 32 24 22 68 24 41 23 36 102 560 24 25 24 27
leaf_count=2972 21 28 29 20 29 20 30 21 22 26 23 22 23 29 35 36 32 24 22 68 24 41 23 36 102 560 24 25 24 27
internal_value=-0.00130919 -0.00251757 0.0116808 0.0104259 0.00792481 0.0132913 0.0154847 0.00560651 0.00412867 0.0183041 0.0151392 0.0134703 0.0194996 0.000379309 0.00208473 0.00611385 0.00911521 0.00105405 0.00327899 -0.000790695 -7.15252e-10 0.000145159 0.00217238 -0.000650599 -0.00126086 -0.00286693 -0.00233858 -0.00163634 -0.0024599 -0.000647047
internal_weight=4418 4042 376 324 173 151 99 122 101 69 43 51 52 435 177 79 52 148 43 258 190 124 58 166 138 3607 635 66 611 51
internal_count=4418 4042 376 324 173 151 99 122 101 69 43 51 52 435 177 79 52 148 43 258 190 124 58 166 138 3607 635 66 611 51
is_linear=0
shrinkage=0.03


Tree=32
num_leaves=31
num_cat=0
split_feature=5 5 5 11 7 8 8 7 4 3 7 16 16 5 3 5 16 5 12 17 5 8 18 18 3 18 16 11 1 8
split_gain=73.5129 6.84624 3.58073 3.40685 2.28564 2.75032 2.21119 2.266 2.14494 1.14487 1.13717 1.10934 1.10255 1.3354 0.775706 0.576129 0.525935 0.481808 0.399858 0.39357 0.900827 0.599567 0.568562 0.317126 0.41768 0.278531 0.277122 0.712232 0.466646 0.262218
threshold=0.31947261663286008 0.44523326572008121 0.25253549695740368 0.6830127018922193 0.12338484922465606 0.23702998767234346 0.1795928394607082 0.10298321911602835 0.11197916666666667 0.10156250000000001 0.058759783341775416 27.500000000000004 26.500000000000004 0.347870182555781 0.11718750000000001 0.38235294117647062 7.5000000000000009 0.18154158215010144 -1.0000000180025095e-35 0.36060320618347969 0.30527383367139965 0.18264427710219064 0.49852941176470594 0.4485294117647059 0.091145833333333343 0.47205882352941181 28.500000000000004 0.6830127018922193 0.070312500000000014 0.17733378743684181
decision_type=2 2 2 2 2 2 2 2 2 2 2 2 2 2 2 2 2 2 2 2 2 2 2 2 2 2 2 2 2 2
left_child=2 3 17 4 5 6 8 14 -2 -6 -4 -3 -5 -14 -8 -11 -12 -1 -10 20 21 -18 -21 -23 -25 -26 -19 29 -29 -28
right_child=1 11 10 12 9 -7 7 -9 18 15 16 -13 13 -15 -16 -17 19 26 -20 22 -22 23 -24 24 25 -27 27 28 -30 -31
leaf_value=-0.0014530911721872264 0.00050314058788224463 0.00087299710074959392 0.00012538083418504113 -3.9521083396632309e-05 0.00042525183740798017 0.00082387497862654714 -3.2980889478941835e-05 0.00046119877008628279 0.00050247174405546751 0.00022702226466711874 -7.5719973975979564e-05 0.001889484891764191 0.00026696084660073895 0.00072433577315542791 0.00021987884868930569 0.00050343415335291932 0.00026057738233832296 -0.00045520671577689348 0.00028394399310167911 -0.00013780362843645108 0.00024187946540195227 -0.00039281096472454504 0.0001251594111230706 -0.00011109063636974937 7.3935592358973805e-05 -3.5796019238363403e-06 -0.00047171628949113235 -0.00090395161356228242 0.00010144007710845811 -0.00015195168016794169
leaf_weight=3129 27 22 20 27 21 36 24 26 20 35 42 39 31 36 20 21 22 317 20 62 20 28 26 31 23 27 143 20 28 75
leaf_count=3129 27 22 20 27 21 36 24 26 20 35 42 39 31 36 20 21 22 317 20 62 20 28 26 31 23 27 143 20 28 75
internal_value=-0.00132956 0.0108518 -0.00255893 0.00920927 0.01104 0.0129537 0.0110145 0.00728561 0.0149102 0.00674017 0.000588037 0.0201144 0.00434038 0.00640289 0.00313629 0.00449992 9.60844e-05 -0.00281412 0.0104997 0.000640164 0.00156953 0.000664116 -0.000954535 -0.000247705 0.000703694 0.00239995 -0.0020223 -0.00130827 0.00199996 -0.00203669
internal_weight=4418 405 4013 344 250 173 137 70 67 77 301 61 94 67 44 56 281 3712 40 239 151 131 88 109 81 50 583 266 48 218
internal_count=4418 405 4013 344 250 173 137 70 67 77 301 61 94 67 44 56 281 3712 40 239 151 131 88 109 81 50 583 266 48 218
is_linear=0
shrinkage=0.03


Tree=33
num_leaves=31
num_cat=1
split_feature=5 5 5 8 19 13 17 7 13 8 9 5 7 17 20 13 6 10 20 20 6 8 8 4 17 11 11 6 18 6
split_gain=69.5085 7.4047 3.14147 2.89854 2.64964 2.33928 2.27582 1.72825 1.22804 0.964634 0.951665 0.749719 0.749464 0.564268 0.505686 0.94995 0.965077 0.489447 0.462437 0.441812 0.399978 0.321582 0.226856 0.151168 0.608463 0.154019 0.127479 0.240686 0.118494 0.10697
threshold=0.31947261663286008 0.44523326572008121 0.25253549695740368 0.17796410352255287 0 1.0000000180025095e-35 0.38435026806229261 0.15278835336889349 -0.56174490092936669 0.23702998767234346 0.70386579139314387 0.56085192697768771 0.058759783341775416 0.43633165971690363 0.57040581497477094 1.0000000180025095e-35 0.55714285714285727 0.25000000000000011 0.47474271117275768 0.5513258104366211 0.5202764976958526 0.24855113226519951 0.20833669660143139 0.11197916666666667 0.32010041698578856 -0.9330127018922193 -0.5 0.49262672811059915 0.51323529411764712 0.60875576036866375
decision_type=2 2 2 2 1 2 2 2 2 2 2 2 2 2 2 2 2 2 2 2 2 2 2 2 2 2 2 2 2 2
left_child=2 3 18 5 8 -2 7 9 22 -6 21 -3 -4 -8 19 17 -17 -16 28 20 -14 29 -5 -20 25 -25 27 -21 -1 -10
right_child=1 11 12 4 6 -7 13 -9 10 -11 -12 -13 14 -15 15 16 -18 -19 23 26 -22 -23 -24 24 -26 -27 -28 -29 -30 -31
leaf_value=-0.0016526586162751917 0.00040305863236118135 0.00092468158887770984 0.0001216194091594909 0.00048278290981462898 0.00038798579183959512 0.00041760311673156653 0.00014419047730801932 0.00063809919068211348 -7.6101736791778056e-05 0.00062417415002045148 0.00033953526154265306 0.0021476780008413457 0.00016071037088348858 0.00046801358567847033 8.3227125065228662e-05 1.6548055802618977e-05 0.00042541717755852516 -6.5655077161214031e-05 -0.0004876544493201873 -0.0003857808682864382 -0.00051500912161479091 0.00020403356363788675 0.00071254852615988175 -0.00011515825329504206 5.1160118988175824e-05 -0.00034428804980011146 -0.00017406168236253113 1.8842506631772955e-05 -0.00057068477966828145 2.2013655077677647e-05
leaf_weight=2908 37 38 20 20 22 24 21 21 23 38 37 23 20 38 27 30 22 52 659 23 20 20 23 20 25 67 67 20 33 20
leaf_count=2908 37 38 20 20 22 24 21 21 23 38 37 23 20 38 27 30 22 52 659 23 20 20 23 20 25 67 67 20 33 20
internal_value=-0.00136351 0.0104815 -0.00255893 0.00877323 0.00749467 0.0147047 0.0103999 0.0144072 0.00366664 0.0169997 0.00209998 0.0201144 0.000388702 0.0066609 -1.06768e-05 0.00135113 0.00449991 -0.000721511 -0.00279795 -0.00119999 0.00149996 -0.000142856 0.0081626 -0.00214397 -0.00112499 -0.00231032 -0.0021818 -0.000906956 -0.0029694 -0.00160461
internal_weight=4418 405 4013 344 283 61 140 81 143 60 100 61 301 59 281 131 52 79 3712 150 40 63 43 771 112 87 110 43 2941 43
internal_count=4418 405 4013 344 283 61 140 81 143 60 100 61 301 59 281 131 52 79 3712 150 40 63 43 771 112 87 110 43 2941 43
cat_boundaries=0 1
cat_threshold=232
is_linear=0
shrinkage=0.03


Tree=34
num_leaves=31
num_cat=0
split_feature=5 5 5 8 9 13 3 1 3 16 9 16 18 9 2 4 9 13 7 6 4 5 6 6 16 11 1 7 9 6
split_gain=66.3079 7.86723 2.9967 2.76051 2.72191 2.66537 2.11853 1.25983 1.80043 1.10934 1.0142 1.449 0.857484 0.64134 0.594965 0.419033 0.456851 0.404438 0.800821 1.34167 0.885465 0.394493 0.290426 0.543559 0.285735 0.691579 1.09031 1.90135 0.210519 0.121739
threshold=0.31947261663286008 0.44523326572008121 0.23630831643002034 0.17796410352255287 0.60649161196207169 1.0000000180025095e-35 0.13281250000000003 0.15364583333333334 0.12760416666666669 27.500000000000004 0.50474106491611981 26.500000000000004 0.48088235294117648 0.80598103574033564 0.13802083333333334 0.054687500000000007 0.57622173595915405 1.0000000180025095e-35 0.095129496739318989 0.48894009216589868 0.080729166666666671 0.16125760649087226 0.47142857142857153 0.41059907834101389 28.500000000000004 0.6830127018922193 0.065104166666666671 0.063091324822079201 0.59263311451495271 0.3728110599078342
decision_type=2 2 2 2 2 2 2 2 2 2 2 2 2 2 2 2 2 2 2 2 2 2 2 2 2 2 2 2 2 2
left_child=2 3 21 5 6 -2 10 8 12 -3 11 -5 -6 17 -9 -12 -17 22 19 -19 -21 -1 23 -4 -23 29 -27 -28 -20 -26
right_child=1 9 13 4 7 -7 -8 14 -10 -11 15 -13 -14 -15 -16 16 -18 18 28 20 -22 24 -24 -25 25 26 27 -29 -30 -31
leaf_value=-0.0018525932999767802 0.00039096687339034445 0.00078237684770186432 -0.00019379055682934302 -4.3859688195048022e-05 0.00053008967672299857 0.0004050750232296198 0.00043874493003502889 0.00042924615561554355 0.00023823533711568012 0.0017977219521138489 -0.00015117667910996774 0.00060776564304188029 0.00060710331254038854 0.00011218183406325306 0.00072902608057052001 -2.4008415473774804e-05 0.00037994357488884935 -2.5021659937998905e-05 -0.00041895147141778494 0.0002983843634810287 3.9513824130625328e-05 -0.0005503839061546345 -9.6438514884409076e-05 0.00025711615466774334 -0.00053670346652072215 -0.00073427968966487285 -0.00088841040068024296 0.0008996436400710503 1.9785155816080803e-05 -0.00031286716662775276
leaf_weight=2793 37 22 46 22 22 24 39 21 25 39 22 36 27 23 21 26 22 37 38 22 23 427 130 27 221 41 22 28 38 97
leaf_count=2793 37 22 46 22 22 24 39 21 25 39 22 36 27 23 21 26 22 37 38 22 23 427 130 27 221 41 22 28 38 97
internal_value=-0.00138388 0.0101852 -0.00255146 0.00842439 0.00717665 0.0142129 0.00472452 0.0107068 0.00835124 0.0201144 0.00285935 0.005793 0.0116936 -3.12506e-05 0.0148568 0.000428565 0.00199996 -0.00034072 0.000797463 0.00285362 0.00633319 -0.00281813 -0.0012266 0.000287667 -0.00224641 -0.0016797 0.000626366 0.00359993 -0.00142103 -0.00233962
internal_weight=4418 405 4013 344 283 61 167 116 74 61 128 58 49 384 42 70 48 361 158 82 45 3629 203 73 836 409 91 50 76 318
internal_count=4418 405 4013 344 283 61 167 116 74 61 128 58 49 384 42 70 48 361 158 82 45 3629 203 73 836 409 91 50 76 318
is_linear=0
shrinkage=0.03


Tree=35
num_leaves=31
num_cat=1
split_feature=5 5 0 3 17 6 9 0 3 17 3 11 3 9 5 6 12 19 11 17 7 0 17 17 17 4 3 9 1 6
split_gain=59.4506 5.36634 2.99477 2.84785 2.47743 2.47285 2.1582 1.95716 1.47622 1.33452 0.91106 0.874993 0.931458 0.793824 0.944658 0.663175 0.703183 0.571926 0.673734 1.63347 0.504525 0.547214 0.715753 0.56355 0.428839 0.475054 0.881676 0.348763 0.157336 0.148028
threshold=0.2991886409736309 0.44523326572008121 0.59889677441000055 0.17447916666666669 0.3560973534167306 0.77741935483870983 0.60649161196207169 0.49630345877563281 0.059895833333333336 0.34515477772984848 0.14322916666666669 1.0000000180025095e-35 0.12239583333333334 0.70386579139314387 0.37829614604462486 0.56267281105990796 1.0000000180025095e-35 0 -0.5 0.31142030465492304 0.068441601191932266 0.52080508158020811 0.2941818597976989 0.36171389668964354 0.32784443877116848 0.054687500000000007 0.096354166666666671 0.44128373450036479 0.091145833333333343 0.60875576036866375
decision_type=2 2 2 2 2 2 2 2 2 2 2 2 2 2 2 2 2 1 2 2 2 2 2 2 2 2 2 2 2 2
left_child=7 2 8 4 9 -3 15 -1 -2 11 24 -4 -13 -8 -15 16 -6 18 28 27 21 -19 -23 -24 -10 -26 -27 -20 -9 -22
right_child=1 5 3 -5 6 -7 13 17 10 -11 -12 12 -14 14 -16 -17 -18 20 19 -21 29 22 23 -25 25 26 -28 -29 -30 -31
leaf_value=-0.0012559107457621045 0.00050682019688528385 0.00097853887236805143 0.00037332382940722292 -0.00011598673739669236 0.00036225905152895984 0.0018248096544957332 0.00038102913663820315 -0.00025378293530717186 -3.608000862119468e-05 0.00055605618867491237 0.00014026835831729395 0.00026098919890949569 0.00052453160711930791 0.00016836635780828081 0.00068991148358250951 -4.4291129954987492e-05 0.00015046371138899655 -0.00043232706400729744 -0.00038935332040335396 0.00025450412824771444 -0.00017316115849617028 -8.8453559204634016e-05 0.00015406627742578987 -9.9952483080109641e-05 -6.2868992427331282e-05 0.00047199772002155316 2.1231318765203687e-05 5.7832165362765918e-05 -8.1169437636627463e-06 -0.0001303994320329709
leaf_weight=3289 27 37 34 21 22 20 29 45 35 21 25 38 33 22 21 25 20 68 43 31 288 21 29 21 25 23 25 39 33 37
leaf_count=3289 27 37 34 21 22 20 29 45 35 21 25 38 33 22 21 25 20 68 43 31 288 21 29 21 25 23 25 39 33 37
internal_value=-0.00138093 0.00833199 0.0072242 0.0090629 0.00990562 0.0169997 0.00714383 -0.00261968 0.00393747 0.0129523 0.00263908 0.0115713 0.00967592 0.0107498 0.0081626 0.00326861 0.0055713 -0.00112214 0.00028358 0.00177874 -0.00167088 -0.000194244 0.00164786 0.00359993 0.00144443 0.00275339 0.00449991 -0.00043902 -0.00184613 -0.00235384
internal_weight=4447 503 446 286 265 57 139 3944 160 126 133 105 71 72 43 67 42 655 191 113 464 139 71 50 108 73 48 82 78 325
internal_count=4447 503 446 286 265 57 139 3944 160 126 133 105 71 72 43 67 42 655 191 113 464 139 71 50 108 73 48 82 78 325
cat_boundaries=0 1
cat_threshold=6
is_linear=0
shrinkage=0.03


Tree=36
num_leaves=31
num_cat=0
split_feature=0 0 0 11 0 3 6 1 7 17 12 17 3 0 17 18 17 7 0 11 16 1 3 2 12 1 4 0 3 2
split_gain=54.6103 4.91033 2.94957 2.46304 1.9101 2.54073 1.6756 1.67382 1.0346 1.59553 1.05955 0.984306 0.970084 1.9175 1.49279 1.32969 1.15707 0.726269 0.556136 0.635479 1.29515 0.899933 0.539579 1.02909 0.400732 0.331783 0.749969 0.292074 0.332173 0.549533
threshold=0.58542297693482837 0.67858564256313125 0.53121608501887896 0.93301270189221952 0.59889677441000055 0.17447916666666669 0.62811059907834121 0.18489583333333334 0.10220618182554275 0.44413241426261602 -0.60785761079279388 0.40102969960003415 0.14843750000000003 0.61912653167645637 0.31173942643179314 0.47500000000000003 0.36966948439376329 0.060055430377196566 0.49332608432250175 0.6830127018922193 29.500000000000004 0.075520833333333343 0.096354166666666671 0.11718750000000001 -1.0000000180025095e-35 0.13281250000000003 0.10677083333333334 0.53546325041373666 0.11197916666666667 0.11718750000000001
decision_type=2 2 2 2 2 2 2 2 2 2 2 2 2 2 2 2 2 2 2 2 2 2 2 2 2 2 2 2 2 2
left_child=2 3 18 4 22 6 7 8 10 -10 -6 17 13 14 -8 -15 -17 24 -1 -20 -21 -22 -2 -24 -4 27 -27 -19 -29 -30
right_child=1 -3 11 -5 5 -7 12 -9 9 -11 -12 -13 -14 15 -16 16 -18 25 19 20 21 -23 23 -25 -26 26 -28 28 29 -31
leaf_value=-0.0012306000138984866 0.00019475666583489154 0.0017426196036787031 7.6799532526791796e-05 -0.00014041068236526932 0.00054420015767932316 -0.00010106824331360776 0.00036812916180389225 0.00076624875641684222 -3.4818943722426632e-05 0.00055257962848869239 0.00033149716575707819 0.00045303409049323546 0.00078496296498594342 0.00041312978599885431 0.0004493389462655816 -6.6371086689050903e-06 0.00043334304322956157 0.00012006944075556404 -0.00042905790974286654 -0.00044288424759760008 -0.00021227896571347592 0.00010372650704662061 0.00011690936014660956 -8.8248205762203462e-06 -0.00020342588322119458 -0.00010672333787967365 0.00021421554266270651 -0.00012143553840013663 8.8403813637224978e-05 -0.00025919456911716325
leaf_weight=3250 41 21 24 23 20 22 35 23 35 30 27 29 26 21 22 21 24 26 285 43 20 20 23 30 20 21 28 149 39 49
leaf_count=3250 41 21 24 23 20 22 35 23 35 30 27 29 26 21 22 21 24 26 285 43 20 20 23 30 20 21 28 149 39 49
internal_value=-0.00142815 0.00855403 -0.00253535 0.00785104 0.00839998 0.00954899 0.0103098 0.00788883 0.00637494 0.00392302 0.00976575 -3.89617e-05 0.0125033 0.0113902 0.0154208 0.00790897 0.00499989 -0.00047191 -0.00280099 -0.00169565 0.00061445 0.00449989 0.00465952 0.00266033 0.00313629 -0.000980767 0.00128569 -0.00140304 -0.00173417 -0.000272725
internal_weight=4447 444 4003 423 400 306 284 135 112 65 47 385 149 123 57 66 45 356 3618 368 83 40 94 53 44 312 49 263 237 88
internal_count=4447 444 4003 423 400 306 284 135 112 65 47 385 149 123 57 66 45 356 3618 368 83 40 94 53 44 312 49 263 237 88
is_linear=0
shrinkage=0.03


Tree=37
num_leaves=31
num_cat=0
split_feature=5 5 11 5 5 3 8 16 5 1 9 8 9 8 5 7 17 5 1 9 1 11 8 6 1 7 3 6 8 1
split_gain=53.6087 5.00354 2.61707 2.86992 1.88769 1.59358 1.69852 1.70628 2.95882 1.78009 1.3332 1.23775 1.66698 1.19553 1.00079 0.869397 1.44006 1.58246 0.927543 0.627626 1.12816 0.421784 1.20482 0.672986 0.532537 0.535693 0.514216 0.3809 0.328077 0.301129
threshold=0.2991886409736309 0.57505070993914809 0.93301270189221952 0.33772819472616639 0.17917511832319136 0.17447916666666669 0.17662210150131016 27.500000000000004 0.37018255578093312 0.096354166666666671 0.57622173595915405 0.17796410352255287 0.5948212983223925 0.23440816817184998 0.31744421906693715 0.22769620777782279 0.35286358607778068 0.36815415821501019 0.15364583333333334 0.80598103574033564 0.075520833333333343 0.6830127018922193 0.20477481889322038 0.57880184331797246 0.065104166666666671 0.079237953319248058 0.12760416666666669 0.37741935483870975 0.20477481889322038 0.11718750000000001
decision_type=2 2 2 2 2 2 2 2 2 2 2 2 2 2 2 2 2 2 2 2 2 2 2 2 2 2 2 2 2 2
left_child=4 2 3 11 -1 6 -5 8 10 -9 -8 -2 28 14 -14 16 -11 -18 -19 21 -21 23 24 -6 -23 27 -25 -26 29 -13
right_child=1 -3 -4 5 19 -7 7 9 -10 15 -12 12 13 -15 -16 -17 17 18 -20 20 -22 22 -24 26 25 -27 -28 -29 -30 -31
leaf_value=-0.0013125829717876224 0.000273793731256247 0.0019063615960894782 -0.0001397164063083781 0.00042798282825929127 -0.00021088306844778358 6.8400192346219487e-05 0.00027217779250689672 0.00030675446674754216 -5.2128156075287995e-05 0.00048944720397663555 0.00041430022742656335 -1.0027310319359756e-06 -5.0473855402459107e-05 0.00067322665947610553 0.00018295554948510864 0.00073720977519911969 0.00013314553514677378 0.00065884143009792631 0.00056291991372554504 -0.00051037889639171598 0.00017733593796747464 -7.8641299187660196e-05 -0.00035573248863124987 6.5908445645815247e-05 0.00020787286336763528 -6.0024887234706317e-05 -0.00037823049631912817 0.00029934464597551955 -6.6100419074660696e-05 0.00020801002765629323
leaf_weight=3118 35 20 27 30 531 20 21 23 24 30 28 21 22 23 20 23 22 23 31 22 26 24 95 31 21 28 27 21 37 23
leaf_count=3118 35 20 27 30 531 20 21 23 24 30 28 21 22 23 20 23 22 23 31 22 26 24 95 31 21 28 27 21 37 23
internal_value=-0.00142815 0.00779521 0.00718632 0.00772367 -0.00260446 0.00965451 0.0102941 0.00939996 0.00563006 0.0112105 0.00985694 0.00479003 0.00357532 0.00715374 0.00414276 0.0125813 0.0114339 0.00923672 0.0119998 -0.0013293 0.00199996 -0.0015347 -0.000301586 -0.00193039 0.00210636 0.00342852 0.00113791 0.0055713 0.000703694 0.00245449
internal_weight=4447 503 483 456 3944 275 255 225 73 152 49 181 146 65 42 129 106 76 54 826 48 778 189 589 94 70 58 42 81 44
internal_count=4447 503 483 456 3944 275 255 225 73 152 49 181 146 65 42 129 106 76 54 826 48 778 189 589 94 70 58 42 81 44
is_linear=0
shrinkage=0.03


Tree=38
num_leaves=31
num_cat=0
split_feature=5 5 11 5 5 3 2 5 8 8 8 8 12 1 1 6 8 7 12 5 1 11 1 16 6 11 4 12 4 6
split_gain=49.0152 5.29172 2.37232 2.07871 2.03958 1.30909 1.37793 1.30874 1.4985 1.23775 0.865741 0.863743 0.840906 0.652655 1.2427 1.32327 1.21102 0.62574 0.663589 0.552375 0.462636 0.434078 1.06171 1.24452 1.66298 0.422382 0.419547 0.317905 0.303336 0.399978
threshold=0.2991886409736309 0.57505070993914809 0.93301270189221952 0.21805273833671404 0.33772819472616639 0.17447916666666669 0.16927083333333334 0.43509127789046659 0.17662210150131016 0.17796410352255287 0.23440816817184998 0.20477481889322038 -1.0000000180025095e-35 0.096354166666666671 0.13802083333333334 0.62350230414746555 0.23702998767234346 0.068441601191932266 0.6078576107927941 0.16531440162271807 0.13281250000000003 0.6830127018922193 0.065104166666666671 29.500000000000004 0.31935483870967746 -0.24999999999999994 0.11197916666666667 -1.0000000180025095e-35 0.075520833333333343 0.56820276497695865
decision_type=2 2 2 2 2 2 2 2 2 2 2 2 2 2 2 2 2 2 2 2 2 2 2 2 2 2 2 2 2 2
left_child=3 2 4 19 9 6 7 8 -6 -2 11 12 -11 -10 15 -15 -16 18 28 -1 -19 -21 -23 -24 -25 -22 -14 -18 -5 -30
right_child=1 -3 -4 17 5 -7 -8 -9 13 10 -12 -13 26 14 16 -17 27 20 -20 21 25 22 23 24 -26 -27 -28 -29 29 -31
leaf_value=-0.0015683756135719063 0.00026557991931855965 0.0018491707482067941 -0.00013552491411912646 0.00012937109078126871 0.00040940429627678662 6.6348186575832931e-05 0.00043229971974566766 0.00079098855294324779 0.0001570174639284875 0.00025197546836111474 0.00038329176936313913 -4.6901675255334494e-05 -2.6373213755715202e-05 0.00035701891201920887 4.3826743805198794e-06 0.00049721852712234253 0.0006373645062975569 -9.9978782740166449e-05 -0.00024722350101452655 -0.00046669139196815437 -1.9109212616186802e-05 -0.0005674384969255301 -0.00032531119339461462 -2.6914800001200607e-05 0.00023186032217577016 8.6172570036008807e-05 0.00019667008931081135 0.00039727760524623814 -2.9066992268641445e-05 6.4823660223265882e-05
leaf_weight=2895 35 20 27 28 28 20 35 27 35 30 37 38 21 30 36 23 21 274 32 480 21 78 27 23 21 25 20 20 20 20
leaf_count=2895 35 20 27 28 28 20 35 27 35 30 37 38 21 30 36 23 21 274 32 480 21 78 27 23 21 25 20 20 20 20
internal_value=-0.00144165 0.00737772 0.00675154 -0.00256643 0.00726314 0.00889088 0.00947055 0.00859087 0.00772535 0.00479003 0.00357532 0.00222934 0.00418304 0.00663632 0.00761533 0.0111507 0.00518175 -0.000571428 0.00149998 -0.0028042 -0.00121875 -0.00199841 -0.000583889 0.00207039 0.0051817 0.00156518 0.00139021 0.0087071 0.00317642 0.00149996
internal_weight=4447 503 483 3944 456 275 255 220 193 181 146 109 71 165 130 53 77 420 100 3524 320 629 149 71 44 46 41 41 68 40
internal_count=4447 503 483 3944 456 275 255 220 193 181 146 109 71 165 130 53 77 420 100 3524 320 629 149 71 44 46 41 41 68 40
is_linear=0
shrinkage=0.03


Tree=39
num_leaves=31
num_cat=0
split_feature=5 5 11 0 5 3 17 5 17 3 4 12 16 6 6 6 3 2 18 5 7 9 11 16 6 16 10 7 18 16
split_gain=46.1195 5.5025 2.20485 2.13829 2.07871 1.68127 2.05924 1.8375 1.49962 1.13225 1.0684 0.938103 0.911336 1.21353 0.952705 0.847932 0.77367 0.573777 0.592989 0.552375 0.457616 0.801115 0.434078 0.928281 1.75996 0.297928 0.520364 0.32142 0.882325 0.267984
threshold=0.2991886409736309 0.57505070993914809 0.93301270189221952 0.59889677441000055 0.21805273833671404 0.17447916666666669 0.3560973534167306 0.36409736308316437 0.34515477772984848 0.059895833333333336 0.15885416666666669 -1.0000000180025095e-35 27.500000000000004 0.56820276497695865 0.63824884792626746 0.53963133640553018 0.14322916666666669 0.12760416666666669 0.49558823529411766 0.16531440162271807 0.068441601191932266 0.65134938001458809 0.6830127018922193 29.500000000000004 0.31935483870967746 10.500000000000002 0.93301270189221952 0.10811401452739054 0.46911764705882358 28.500000000000004
decision_type=2 2 2 2 2 2 2 2 2 2 2 2 2 2 2 2 2 2 2 2 2 2 2 2 2 2 2 2 2 2
left_child=4 2 3 9 19 6 8 15 10 -2 11 -5 -9 -14 -15 -8 17 18 -11 -1 21 -6 -21 -24 -25 -22 27 -27 -29 -13
right_child=1 -3 -4 5 20 -7 7 12 -10 16 -12 29 13 14 -16 -17 -18 -19 -20 22 25 -23 23 24 -26 26 -28 28 -30 -31
leaf_value=-0.0015213243451647485 0.00048544655631142547 0.0017936956257605906 -0.00013145916669555144 0.00049383893860245533 -1.0944743798350801e-05 2.2145405434170884e-05 0.00022253966739254694 0.00027092807586361826 0.00051966675610023018 -6.7126238590609557e-05 0.00027097711928037984 0.00035332248310447655 0.00067517106122500794 0.00033813183403140056 0.00057027313410313457 -6.1336385200326507e-05 0.00012499815053928923 0.0003915344795130165 0.00025410286183836557 -0.0004526906502091084 -0.00029945041371096223 6.8233605741490247e-05 -0.00043770656463411447 -0.00023309564280354133 0.00020374798698185621 -0.00011060311180074637 7.5021880999714334e-06 -0.00023303610099970932 0.00012521000839170124 0.00035494436196724925
leaf_weight=2895 26 20 27 34 66 24 35 22 20 47 23 21 25 20 36 24 22 29 26 480 85 34 73 48 28 149 22 30 34 22
leaf_count=2895 26 20 27 34 66 24 35 22 20 47 23 21 25 20 36 24 22 29 26 480 85 34 73 48 28 149 22 30 34 22
internal_value=-0.00147538 0.00707951 0.00644098 0.00693419 -0.00256643 0.00837252 0.00902124 0.00681477 0.0119999 0.00399997 0.0104999 0.0121946 0.00923292 0.0107036 0.00824985 0.00259318 0.00280643 0.00170586 0.000287667 -0.0028042 -0.000571428 0.00119999 -0.00199841 -0.000583889 0.00173682 -0.001125 -0.000574466 -0.00102816 0.000749988 0.0151392
internal_weight=4447 503 483 456 3944 306 282 162 120 150 100 77 103 81 56 59 124 102 73 3524 420 100 629 149 76 320 235 213 64 43
internal_count=4447 503 483 456 3944 306 282 162 120 150 100 77 103 81 56 59 124 102 73 3524 420 100 629 149 76 320 235 213 64 43
is_linear=0
shrinkage=0.03


Tree=40
num_leaves=31
num_cat=1
split_feature=0 1 9 8 4 0 9 8 19 11 17 3 9 1 2 10 7 9 1 6 2 0 13 4 1 1 0 9 7 7
split_gain=39.6643 6.00799 3.38033 2.81476 2.19719 1.82191 1.3043 1.77262 1.72176 1.49028 0.921672 0.848031 1.14291 0.895244 1.34708 1.16732 0.749947 0.569578 0.620172 0.399918 0.378465 0.379078 0.385058 0.320737 0.34683 0.563428 0.300857 0.252091 0.250204 0.232909
threshold=0.56764902299890541 0.22656250000000003 0.97957695113056176 0.17890958504461263 0.11197916666666667 0.48396969785105232 0.30233406272793589 0.38688432820736812 0 -0.9330127018922193 0.39588120159986395 0.14843750000000003 0.47191830780452232 0.12239583333333334 0.10677083333333334 0.68301270189221941 0.077483937672895853 0.80598103574033564 0.075520833333333343 0.58571428571428585 0.14843750000000003 0.59294530418543168 -0.22252093395631442 0.10677083333333334 0.085937500000000014 0.10156250000000001 0.60478778918727494 0.57148067104303446 0.11992761639997179 0.10698939372466877
decision_type=2 2 2 2 2 2 2 2 1 2 2 2 2 2 2 2 2 2 2 2 2 2 2 2 2 2 2 2 2 2
left_child=5 2 3 4 -2 -1 29 8 9 -8 17 12 -11 14 -14 19 -6 23 -19 -15 21 -10 -23 -7 -25 -26 -16 -27 -13 -5
right_child=1 -3 -4 6 16 10 7 -9 20 11 -12 28 13 15 26 -17 -18 18 -20 -21 -22 22 -24 24 25 27 -28 -29 -30 -31
leaf_value=-0.0012255735197820306 0.00039548728925525655 0.0016800207362405435 0.00099775234505414582 1.5033199559913262e-05 6.8500208275941346e-05 -0.00033093864262830319 0.00065048533350361385 0.00048540581465768555 -3.4212344701293087e-05 -3.6060286821258324e-05 0.00025266808899734779 6.5438724617948116e-05 0.00016486280970917102 0.00023024163534630696 0.00049992926662883726 -9.7743621991595028e-06 0.00028558502265302392 -0.00033521954347070246 0.0002403587044862877 0.00037635021529786321 0.00040774952019881908 -9.8588250633887368e-05 0.00010969623703924906 -0.00015298909462683254 3.9709697609839336e-05 1.9298677157173308e-05 0.00056593635271022752 -0.00013180648186432813 -5.4356803708436906e-05 -1.2490507745384165e-05
leaf_weight=3105 36 30 21 21 21 569 26 32 35 30 24 20 30 20 21 32 28 22 21 20 22 24 28 66 36 21 20 30 22 25
leaf_count=3105 36 30 21 21 21 569 26 32 35 30 24 20 30 20 21 32 28 22 21 20 22 24 28 66 36 21 20 30 22 25
internal_value=-0.00149933 0.00593616 0.00520224 0.00471929 0.00970577 -0.00257627 0.00372896 0.00430365 0.0036857 0.00500795 -0.00128897 0.00439533 0.00532367 0.00644051 0.00883086 0.00408328 0.00557131 -0.00147059 0.00188368 0.00749981 0.000277308 -0.000586201 0.00103844 -0.00167036 -0.000450978 0.000793094 0.0123656 -0.00123527 0.000571414 -0.00104346
internal_weight=4458 564 534 513 85 3894 428 382 350 241 789 215 173 143 71 72 49 765 43 40 109 87 52 722 153 87 41 51 42 46
internal_count=4458 564 534 513 85 3894 428 382 350 241 789 215 173 143 71 72 49 765 43 40 109 87 52 722 153 87 41 51 42 46
cat_boundaries=0 1
cat_threshold=554
is_linear=0
shrinkage=0.03


Tree=41
num_leaves=31
num_cat=0
split_feature=0 0 0 11 0 3 11 16 18 6 18 6 16 0 13 4 1 1 3 12 6 3 13 2 2 1 0 4 13 0
split_gain=37.4402 5.39964 2.39448 1.53545 1.47297 1.38625 1.22879 3.14578 1.20669 1.06136 1.58133 1.03296 2.21535 2.58567 1.62592 1.43666 1.38445 1.20937 0.843624 0.772588 0.761587 0.674484 0.534056 0.348389 0.232744 0.223373 0.154759 0.148442 0.283827 0.126163
threshold=0.57705635284861878 0.67858564256313125 0.48396969785105232 0.93301270189221952 0.59294530418543168 0.16406250000000003 0.6830127018922193 29.500000000000004 0.49852941176470594 0.60875576036866375 0.47205882352941181 0.62811059907834121 27.500000000000004 0.63632896856031052 -0.56174490092936669 0.11197916666666667 0.12239583333333334 0.10677083333333334 0.070312500000000014 1.0000000180025095e-35 0.69631336405529975 0.085937500000000014 1.0000000180025095e-35 0.11718750000000001 0.12760416666666669 0.13802083333333334 0.5513258104366211 0.065104166666666671 0.81174490092936691 0.46038902396614806
decision_type=2 2 2 2 2 2 2 2 2 2 2 2 2 2 2 2 2 2 2 2 2 2 2 2 2 2 2 2 2 2
left_child=2 3 29 4 21 11 9 26 19 25 -11 14 16 20 23 17 -13 -16 -19 -9 -14 -2 -23 -6 -18 27 -8 -4 -29 -1
right_child=1 -3 6 -5 5 -7 7 8 -10 10 -12 12 13 -15 15 -17 24 18 -20 -21 -22 22 -24 -25 -26 -27 -28 28 -30 -31
leaf_value=-0.0017568635060616644 0.00023354082269099784 0.0016248052638283828 -0.00042173862339374635 -1.3277607533903165e-05 -9.509670197549085e-05 3.5118017515648815e-05 -0.00040689071961636089 -7.4423593613552616e-05 0.00069186100812257682 -0.00031490368177597113 7.6188113765740924e-05 0.00032064024093012152 0.0004200318129351148 0.00068709371779542884 6.2390830837694817e-05 0.00045113883918809972 -1.7549510741960779e-05 0.00057578016554254605 0.00046256243786944114 0.00095201021496504618 0.00055582253195779322 -9.053045959858612e-05 0.00035566774346777632 5.6505464860242241e-05 0.00037514249123436749 -1.9557934207422789e-06 -0.00033334533352996973 -0.00015834809901122088 6.8108964162550559e-05 -0.00032479303551151038
leaf_weight=2721 38 29 247 31 29 36 91 34 27 29 20 32 27 33 33 20 22 22 34 33 21 32 27 21 21 24 21 289 30 384
leaf_count=2721 38 29 247 31 29 36 91 34 27 29 20 32 27 33 33 20 22 22 34 33 21 32 27 21 21 24 21 289 30 384
internal_value=-0.00151279 0.00615353 -0.00249873 0.00539247 0.00583927 0.00674357 -0.00108284 0.000932034 0.00497867 -0.00173239 0.00251015 0.00738093 0.00911533 0.0125554 0.00567921 0.00773387 0.00539993 0.00610105 0.00878556 0.00282085 0.0169996 0.00256698 0.000559312 0.00119998 0.00188368 -0.00208474 -0.00246426 -0.00220494 -0.00177742 -0.00288406
internal_weight=4458 508 3950 479 448 351 845 206 94 639 49 315 156 81 159 109 75 89 56 67 48 97 59 50 43 590 112 566 319 3105
internal_count=4458 508 3950 479 448 351 845 206 94 639 49 315 156 81 159 109 75 89 56 67 48 97 59 50 43 590 112 566 319 3105
is_linear=0
shrinkage=0.03


Tree=42
num_leaves=31
num_cat=0
split_feature=0 0 0 8 4 8 1 1 4 4 1 3 1 17 0 13 4 9 7 11 9 3 0 7 11 18 10 2 7 1
split_gain=35.7706 5.21936 3.27636 1.95465 1.90367 1.24539 2.44291 1.21751 1.04133 1.44804 1.21366 0.915223 0.829184 0.744002 0.688759 0.645312 0.631184 0.624893 0.622694 0.595166 0.592351 1.08287 0.587139 0.551777 0.504539 0.791812 0.490257 0.567842 0.461266 0.47346
threshold=0.58542297693482837 0.67858564256313125 0.53121608501887896 0.17890958504461263 0.11197916666666667 0.23288439984612844 0.10677083333333334 0.12239583333333334 0.091145833333333343 0.14843750000000003 0.17447916666666669 0.10677083333333334 0.14322916666666669 0.3560973534167306 0.60947546798558971 -0.22252093395631442 0.11197916666666667 0.58825674690007312 0.091536193277547223 1.0000000180025095e-35 0.53610503282275734 0.11718750000000001 0.46038902396614806 0.061413298199477807 0.6830127018922193 0.50441176470588245 -0.24999999999999994 0.065104166666666671 0.13162077050603302 0.075520833333333343
decision_type=2 2 2 2 2 2 2 2 2 2 2 2 2 2 2 2 2 2 2 2 2 2 2 2 2 2 2 2 2 2
left_child=2 3 22 4 -2 7 11 13 10 -10 15 -7 18 17 16 -8 -9 -5 20 -6 -4 23 -1 -22 -24 26 27 -26 -20 -30
right_child=1 -3 12 5 19 6 8 14 9 -11 -12 -13 -14 -15 -16 -17 -18 -19 28 -21 21 -23 24 -25 25 -27 -28 -29 29 -31
leaf_value=-0.0017041576008798153 0.00037236839988421578 0.001576061105913532 -9.9464539791913663e-05 0.00045081499812381012 0.00025578355640687266 0.00027232772834789702 -2.9395980458105352e-05 -5.7358306357072186e-05 0.00068695220897740201 0.00024624704195327105 0.00096785571535201731 -7.9874026927147159e-05 0.00025665682810509851 4.1545053403601436e-05 -1.9248293132615975e-05 0.00045018409985513123 0.00012296089330670782 0.00019509172194953186 -0.0001789429783141399 5.4810299820696609e-05 3.9077376684058225e-05 0.00031679798656557761 -0.00039453238591930423 -2.3625573039305414e-05 -2.523477841568493e-05 0.00016935064457712667 -0.00040017389136413623 0.00016576372942021277 -0.00048265569215376537 0.00034437456434634845
leaf_weight=2721 26 29 67 20 21 32 27 26 41 25 22 27 30 30 35 31 23 20 120 21 20 38 687 54 41 25 130 25 24 20
leaf_count=2721 26 29 67 20 21 32 27 26 41 25 22 27 30 30 35 31 23 20 120 21 20 38 687 54 41 25 130 25 24 20
internal_value=-0.00155316 0.00640788 -0.00246027 0.00557141 0.0102351 0.00468801 0.00621948 0.00264933 0.00830131 0.0110907 0.00599992 0.00106778 0.000217157 0.00557135 0.000214282 0.00372407 0.00251015 0.00824979 -0.000201166 0.00628556 0.00102234 0.00235712 -0.00273546 0.000243239 -0.00207489 -0.000828051 -0.00146938 0.000636353 -0.00153658 0.00109088
internal_weight=4458 456 4002 427 68 359 205 154 146 66 80 59 373 70 84 58 49 40 343 42 179 112 3629 74 908 221 196 66 164 44
internal_count=4458 456 4002 427 68 359 205 154 146 66 80 59 373 70 84 58 49 40 343 42 179 112 3629 74 908 221 196 66 164 44
is_linear=0
shrinkage=0.03


Tree=43
num_leaves=31
num_cat=0
split_feature=5 5 5 8 9 4 17 4 17 6 18 7 18 9 8 7 18 13 9 7 1 7 5 5 17 18 17 8 4 5
split_gain=35.2907 6.41693 2.86715 2.52939 2.61558 1.93859 1.11484 1.40442 1.23863 1.16275 1.03813 0.959882 0.922593 0.874529 0.953219 0.827058 0.720559 0.654204 0.629156 0.607392 0.596608 0.483303 0.468814 0.424599 0.230939 0.358963 0.888899 0.227451 0.224938 0.202457
threshold=0.30730223123732259 0.57505070993914809 0.21805273833671404 0.17890958504461263 0.97957695113056176 0.11197916666666667 0.46476895583354622 0.091145833333333343 0.4150285082120671 0.39493087557603695 0.46323529411764708 0.11872966494569266 0.47500000000000003 0.53610503282275734 0.23702998767234346 0.085254260469666679 0.50441176470588245 1.0000000180025095e-35 0.57148067104303446 0.068441601191932266 0.13802083333333334 0.24899844287090053 0.36612576064908725 0.14638269100743748 0.31099480895242965 0.45441176470588235 0.34610700776749753 0.19522708183397192 0.13802083333333334 0.34381338742393514
decision_type=2 2 2 2 2 2 2 2 2 2 2 2 2 2 2 2 2 2 2 2 2 2 2 2 2 2 2 2 2 2
left_child=2 3 23 5 6 -2 7 10 11 -8 18 15 24 16 17 -9 -14 19 -5 -15 -17 -11 -13 -1 -4 -26 -27 -21 -7 -12
right_child=1 -3 12 4 -6 28 9 8 -10 21 29 22 13 14 -16 20 -18 -19 -20 27 -22 -23 -24 -25 25 26 -28 -29 -30 -31
leaf_value=-0.0019894760575021875 0.00036289337668158565 0.0016188937619786906 -0.00012959366911981346 -1.3288460975465508e-05 0.00097562225542250779 0.00013357109695595466 6.4970190125980263e-05 5.5501176850770711e-05 0.0005783063586195556 0.00055703703613775297 -8.6566463122612238e-05 0.00017460652124536393 -0.00014367649843544206 0.00020846545445501709 0.00010337999692225928 0.00043463175353709437 4.5017764738136619e-05 0.00020497758801145443 0.00036753405615432829 -0.00015073024160845946 0.00012725786533828313 0.00066529088533257756 -1.9463041797705501e-05 -0.0004003861339027529 -0.00024042826862899052 0.00018479027181671936 -3.0986935812274282e-05 5.3959896329166122e-07 0.0002513019237168549 -3.0637248952837579e-06
leaf_weight=2514 25 25 127 27 20 20 20 21 20 21 38 30 77 20 21 27 31 39 35 37 26 22 33 1015 32 20 32 24 20 39
leaf_count=2514 25 25 127 27 20 20 20 21 20 21 38 30 77 20 21 27 31 39 35 37 26 22 33 1015 32 20 32 24 20 39
internal_value=-0.00157335 0.00621107 -0.00248859 0.00537837 0.00444062 0.010846 0.00385236 0.00308107 0.00502544 0.00747607 0.000884885 0.00400727 -0.00026087 0.000975899 0.0025319 0.00632424 -0.00105555 0.00149999 0.00377413 -3.70373e-05 0.0083206 0.0102556 0.00128569 -0.00277897 -0.00172037 -0.000499995 0.00103844 -0.00152457 0.00674983 -0.00144154
internal_weight=4458 469 3989 444 379 65 359 296 157 63 139 137 460 249 141 74 108 120 62 81 53 43 63 3529 211 84 52 61 40 77
internal_count=4458 469 3989 444 379 65 359 296 157 63 139 137 460 249 141 74 108 120 62 81 53 43 63 3529 211 84 52 61 40 77
is_linear=0
shrinkage=0.03


Tree=44
num_leaves=31
num_cat=1
split_feature=0 0 8 0 17 17 16 10 9 19 9 17 16 8 2 17 6 16 11 8 6 18 16 6 17 8 1 0 6 3
split_gain=30.7459 4.38522 2.3748 1.98474 1.40287 1.18805 1.1217 1.35265 1.03295 1.07071 0.854683 1.30538 1.53709 1.06071 1.03348 0.987115 0.668133 0.633659 0.554706 1.72623 1.10727 1.58133 0.981718 1.06145 0.82822 0.402645 0.193809 0.156995 0.129738 0.160401
threshold=0.57705635284861878 0.67858564256313125 0.17890958504461263 0.48396969785105232 0.54246447110884188 0.40894391966641147 15.500000000000002 0.68301270189221941 0.44128373450036479 0 0.65134938001458809 0.3560973534167306 27.500000000000004 0.32168781531003504 0.16406250000000003 0.39080606492770981 0.46682027649769592 19.500000000000004 0.6830127018922193 0.20477481889322038 0.60875576036866375 0.47205882352941181 8.5000000000000018 0.32488479262672815 0.32010041698578856 0.24450792551719841 0.11718750000000001 0.46038902396614806 0.33594470046082953 0.059895833333333336
decision_type=2 2 2 2 2 2 2 2 2 1 2 2 2 2 2 2 2 2 2 2 2 2 2 2 2 2 2 2 2 2
left_child=3 2 6 27 8 18 -2 -8 26 10 11 12 -10 14 15 -12 -11 -18 20 22 28 -22 -20 -24 -25 -13 -4 -1 -5 -30
right_child=1 -3 4 5 -6 -7 7 -9 9 16 13 25 -14 -15 -16 -17 17 -19 19 -21 21 -23 23 24 -26 -27 -28 -29 29 -31
leaf_value=-0.0015993583992382537 0.00035845323231903175 0.0014956509889170154 -4.6917522545675985e-05 -0.0006921313375145105 0.00090928968584129259 0.00025631726605398309 0.00031940070236116181 1.4966499398393174e-05 0.00023918697489834449 0.00021244978218129272 0.0006553665350899101 -7.2953545044237897e-05 0.00047166587837628655 5.0091400115184634e-06 0.00024284730017924377 0.00064899444344216901 0.00010072176253946628 -2.7103838619660648e-05 -0.00020460578144030389 -0.00044953139556354479 -0.00031107270084606469 6.8795591089118835e-05 -9.6324341252341605e-07 0.00016257063112961294 0.00094326325352552497 6.0994151089091968e-05 7.8353159282768317e-05 -0.00029108321878261115 -0.0001476072335362493 -0.0001295111207880299
leaf_weight=2721 30 29 31 135 24 20 22 25 35 20 24 23 29 21 26 31 27 56 21 89 29 20 35 20 23 28 27 384 120 333
leaf_count=2721 30 29 31 135 24 20 22 25 35 20 24 23 29 21 26 31 27 56 21 89 29 20 35 20 23 28 27 384 120 333
internal_value=-0.00162046 0.00532676 0.00464091 -0.00251392 0.00371641 -0.00122485 0.00946741 0.00657433 0.00326983 0.00393749 0.00506165 0.00352171 0.0063749 0.00729405 0.00885174 0.0111816 0.000982292 -0.000108433 -0.0014 3.1914e-05 -0.0018226 0.00251015 0.00275755 0.00430764 0.00746494 -5.88231e-05 -0.000413787 -0.00286473 -0.00218367 -0.00194039
internal_weight=4458 508 479 3950 402 845 77 47 378 320 217 115 64 102 81 55 103 83 825 188 637 49 99 78 43 51 58 3105 588 453
internal_count=4458 508 479 3950 402 845 77 47 378 320 217 115 64 102 81 55 103 83 825 188 637 49 99 78 43 51 58 3105 588 453
cat_boundaries=0 1
cat_threshold=550
is_linear=0
shrinkage=0.03


Tree=45
num_leaves=31
num_cat=0
split_feature=20 5 13 18 7 16 5 5 10 6 18 20 10 9 9 8 10 18 2 16 10 7 5 3 16 2 7 20 2 12
split_gain=28.3479 6.11312 1.85364 2.32485 3.3053 1.66321 1.58695 1.52869 1.2322 1.09275 1.0414 1.0039 1.13042 0.878707 0.847895 0.774572 0.870367 0.765981 0.734636 0.692428 0.634387 0.565056 0.439008 0.414914 0.253843 0.258443 0.602221 0.29086 0.537017 0.2394
threshold=0.56764902299890541 0.57505070993914809 1.0000000180025095e-35 0.50441176470588245 0.11470218836877218 12.500000000000002 0.21805273833671404 0.33367139959432052 1.0000000180025095e-35 0.59308755760368681 0.47500000000000003 0.62126974362323695 0.68301270189221941 0.61670313639679086 0.5970094821298324 0.19814297748565238 0.25000000000000011 0.49558823529411766 0.14843750000000003 29.500000000000004 0.25000000000000011 0.12709435447866013 0.14638269100743748 0.091145833333333343 18.500000000000004 0.070312500000000014 0.05326294979346325 0.45245807143466038 0.039062500000000007 -0.60785761079279388
decision_type=2 2 2 2 2 2 2 2 2 2 2 2 2 2 2 2 2 2 2 2 2 2 2 2 2 2 2 2 2 2
left_child=6 2 7 4 5 -4 22 20 -7 -10 -8 12 17 -14 23 16 -16 -9 -6 -13 -2 -21 -1 -12 -24 27 -27 28 -26 -28
right_child=1 -3 3 -5 18 8 10 11 9 -11 14 19 13 -15 15 -17 -18 -19 -20 21 -22 -23 24 -25 25 26 29 -29 -30 -31
leaf_value=-0.0018594007643276905 0.00017982466487315762 0.0015053137506930762 0.00024350016318176027 0.00052531212109947236 -4.7788308847878035e-05 -9.8544671441746248e-06 -0.00022034989198364201 9.1074418730520925e-06 0.00049730318357773975 0.00016010602970085021 -0.00026452873661877508 -4.3587045549522848e-05 0.00027561555180381233 0.00038616130497959767 -0.00023691883542471324 9.5362986860617909e-05 0.00018555830070485886 0.00061721936595857086 0.00040073945887371729 0.0002016573027088595 -6.9655035312669343e-05 0.0004086964544959352 -0.00046409423203598691 1.7587028030793354e-05 0.00019701053506864807 3.5800658105833964e-05 0.00010826175432070125 -0.00037083936583762515 -0.00091701824104763955 -0.00029127137513983045
leaf_weight=2476 38 20 23 35 47 21 165 29 34 36 85 28 24 23 25 30 22 23 26 29 89 23 383 37 25 39 22 360 29 128
leaf_count=2476 38 20 23 35 47 21 165 29 34 36 85 28 24 23 25 30 22 23 26 29 89 23 383 37 25 39 22 360 29 128
internal_value=-0.00166255 0.00471897 0.00410226 0.00618916 0.00486094 0.00805256 -0.00257658 0.00258823 0.0062307 0.00814274 -0.000692307 0.00437428 0.00639387 0.00976575 0.00076884 0.00323372 0.000829769 0.00334609 -0.000123287 0.00187498 7.08649e-05 0.003923 -0.0027747 -0.00078688 -0.00223935 -0.00185572 -0.000936504 -0.00227536 -0.000222219 -0.00179999
internal_weight=4374 548 528 222 187 114 3826 306 91 70 364 179 99 47 199 77 47 52 73 80 127 52 3462 122 986 603 189 414 54 150
internal_count=4374 548 528 222 187 114 3826 306 91 70 364 179 99 47 199 77 47 52 73 80 127 52 3462 122 986 603 189 414 54 150
is_linear=0
shrinkage=0.03


Tree=46
num_leaves=31
num_cat=1
split_feature=20 5 17 8 5 18 4 4 5 2 20 17 8 3 1 6 17 5 19 18 8 5 2 13 8 2 2 1 18 2
split_gain=26.4947 6.27868 1.75207 2.17934 1.68771 1.6596 1.62424 1.33709 1.11796 1.05611 0.96536 0.988295 1.33184 0.858901 0.830255 0.771977 0.594355 0.483089 0.435641 0.707891 0.419988 0.399958 0.276395 0.242387 0.240686 0.210136 0.258415 0.180125 0.2784 0.581368
threshold=0.56764902299890541 0.57505070993914809 0.46476895583354622 0.17796410352255287 0.21805273833671404 0.49264705882352944 0.10156250000000001 0.091145833333333343 0.347870182555781 0.15885416666666669 0.59294530418543168 0.31027880239099248 0.2538063739792234 0.059895833333333336 0.12239583333333334 0.35898617511520742 0.40894391966641147 0.14503042596348886 0 0.49264705882352944 0.19814297748565238 0.35598377281947263 0.13802083333333334 0.81174490092936691 0.24281010727125305 0.12239583333333334 0.096354166666666671 0.049479166666666671 0.4661764705882353 0.085937500000000014
decision_type=2 2 2 2 2 2 2 2 2 2 2 2 2 2 2 2 2 2 1 2 2 2 2 2 2 2 2 2 2 2
left_child=4 2 3 6 17 -4 -2 9 -8 16 20 -12 14 -7 -13 -6 -5 -1 19 25 -9 -11 -14 -20 -22 26 -17 -19 29 -29
right_child=1 -3 5 7 15 13 8 10 -10 21 11 12 22 -15 -16 18 -18 27 23 -21 24 -23 -24 -25 -26 -27 -28 28 -30 -31
leaf_value=-0.0018619888668996347 0.00031302091101438888 0.0014601543381722842 9.9112062545176675e-05 -3.5950482213761671e-05 0.00018287433075704312 0.00031077819345241175 2.5230378377482535e-05 0.00014607993465061414 0.00026440921583481753 0.00029838465622586603 0.00033333369432677885 0.00027925414942689544 0.00040360279006316385 0.00061206609733038939 -2.8109368691731362e-05 -0.00020045643208390927 0.00021395932682040971 -0.00057802071973964793 -0.00020693734694960425 0.00011590231370176005 -0.00011714002543303725 0.00019786493489137489 0.00053987161902418188 -2.3429412060922563e-05 3.2883603892977715e-05 -0.00045418971467656508 4.3629392764486233e-06 0.00012830646270774952 -0.00032510068967879269 -0.00031756230323157886
leaf_weight=2434 27 20 20 92 30 20 38 26 20 20 39 25 21 22 41 25 34 315 192 33 23 20 20 34 20 29 21 30 602 81
leaf_count=2434 27 20 20 92 30 20 38 26 20 20 39 25 21 22 41 25 34 315 192 33 23 20 20 34 20 29 21 30 602 81
internal_value=-0.00166941 0.00449999 0.00387499 0.00324463 -0.00255306 0.00861276 0.00758815 0.00227558 0.00475854 0.00025301 0.00383719 0.00521914 0.00372894 0.0119997 0.00109089 -0.000609889 -0.00109523 -0.00275737 -0.00102395 0.000559317 0.00091303 0.00449989 0.00797541 -0.00172881 -0.000906956 -0.000999987 0.000260863 -0.00221206 -0.0019481 -0.000567563
internal_weight=4374 548 528 466 3826 62 85 381 58 166 215 146 107 42 66 364 126 3462 334 108 69 40 41 226 43 75 46 1028 713 111
internal_count=4374 548 528 466 3826 62 85 381 58 166 215 146 107 42 66 364 126 3462 334 108 69 40 41 226 43 75 46 1028 713 111
cat_boundaries=0 1
cat_threshold=6
is_linear=0
shrinkage=0.03


Tree=47
num_leaves=31
num_cat=0
split_feature=0 5 16 5 0 17 17 17 11 3 3 1 0 1 6 6 5 6 10 7 7 6 9 1 16 11 1 7 17 17
split_gain=24.7237 5.87795 2.76862 1.73433 1.31155 1.61499 2.21217 1.29367 2.57124 0.800105 0.894585 2.39371 0.774156 0.587481 0.728592 1.16382 0.520127 0.454209 0.430954 0.388536 0.381377 0.380932 0.341868 0.472355 0.322094 0.441494 1.35997 0.439503 0.316417 0.43034
threshold=0.56286410739646286 0.44726166328600409 27.500000000000004 0.21805273833671404 0.59294530418543168 0.3560973534167306 0.34457082155884028 0.42745298272487459 0.6830127018922193 0.15364583333333334 0.096354166666666671 0.12239583333333334 0.52080508158020811 0.080729166666666671 0.64377880184331815 0.55253456221198172 0.14503042596348886 0.35898617511520742 -0.5 0.10585281245293768 0.060055430377196566 0.42073732718894014 0.5970094821298324 0.11197916666666667 18.500000000000004 0.6830127018922193 0.075520833333333343 0.073627290967515566 0.31099480895242965 0.30501495781046467
decision_type=2 2 2 2 2 2 2 2 2 2 2 2 2 2 2 2 2 2 2 2 2 2 2 2 2 2 2 2 2 2
left_child=3 4 -3 16 13 6 9 19 -9 10 -6 -12 -5 -2 15 18 -1 -14 -15 -7 -19 -10 -20 -24 -18 28 -27 -28 29 -26
right_child=1 2 -4 12 5 7 -8 8 21 -11 11 -13 17 14 -16 -17 24 20 22 -21 -22 -23 23 -25 25 26 27 -29 -30 -31
leaf_value=-0.0018061292008926455 -4.5462056891159338e-05 0.00021005328343124676 0.0010104417204104877 6.1075508051958177e-05 0.00011573420665877386 0.00013326311424551764 0.00049122515856730217 0.0005923057895236601 0.00012800869956617778 1.5421155509525367e-06 0.00035602092437599558 0.00012561212142756016 0.00017394993643274248 0.00036923823262231413 -0.00010431293997505618 0.00013178573283375813 -0.00044064954355259002 5.0906625379304261e-06 -7.6024472731938382e-05 -5.9223655630123324e-05 -0.00016074556908693953 -4.7281619803764807e-05 8.4098426859723654e-05 -3.405230599057485e-05 -0.00032476831002547742 -0.00029062690812412038 1.3584835573077298e-05 0.00050566055899030425 -0.00046038067566794855 0.00012808889776616224
leaf_weight=2434 47 23 37 23 26 39 21 21 21 31 31 42 25 27 31 29 399 40 20 59 246 21 23 29 158 87 21 20 323 20
leaf_count=2434 47 23 37 23 26 39 21 21 21 31 31 42 25 27 31 29 399 40 20 59 246 21 23 29 158 87 21 20 323 20
internal_value=-0.00166941 0.00411072 0.0129998 -0.00254953 0.00308107 0.00430768 0.00653638 0.00221738 0.00557134 0.00507688 0.00639387 0.00809578 -0.000485029 0.00122329 0.00209433 0.00309373 -0.0027487 -0.000877811 0.00154544 6.12231e-05 -0.00121678 0.00128568 0.000333328 0.00161535 -0.00218288 -0.00175993 -0.000187499 0.00431697 -0.00216167 -0.00114606
internal_weight=4374 578 60 3796 518 312 151 161 63 130 99 73 334 206 159 128 3462 311 99 98 286 42 72 52 1028 629 128 41 501 178
internal_count=4374 578 60 3796 518 312 151 161 63 130 99 73 334 206 159 128 3462 311 99 98 286 42 72 52 1028 629 128 41 501 178
is_linear=0
shrinkage=0.03


Tree=48
num_leaves=31
num_cat=0
split_feature=20 5 5 17 8 16 16 16 5 4 8 6 3 8 2 10 20 16 5 17 6 7 7 3 2 16 7 16 11 20
split_gain=24.1958 5.4221 2.22998 1.69031 1.74301 2.46373 1.76392 1.53389 1.37703 1.13437 0.901894 0.994829 1.16652 0.872996 0.716034 0.711861 0.711263 0.698675 0.520127 0.513783 0.393805 0.409192 0.72799 0.339537 0.384633 0.421866 0.573388 0.322094 0.426945 0.426175
threshold=0.56764902299890541 0.56085192697768771 0.21805273833671404 0.46476895583354622 0.17890958504461263 13.500000000000002 25.500000000000004 27.500000000000004 0.40466531440162273 0.091145833333333343 0.23288439984612844 0.7009216589861752 0.085937500000000014 0.20477481889322038 0.15885416666666669 0.68301270189221941 0.52080508158020811 23.500000000000004 0.14503042596348886 0.40894391966641147 0.35898617511520742 0.060055430377196566 0.054386548930127905 0.080729166666666671 0.11718750000000001 10.500000000000002 0.090933578475972623 18.500000000000004 1.0000000180025095e-35 0.45245807143466038
decision_type=2 2 2 2 2 2 2 2 2 2 2 2 2 2 2 2 2 2 2 2 2 2 2 2 2 2 2 2 2 2
left_child=2 3 18 4 5 -2 -7 -5 -9 14 13 12 -12 17 19 -13 -4 -11 -1 -6 -18 22 -22 -23 25 -25 -27 -20 -29 -30
right_child=1 -3 16 7 9 6 -8 8 -10 10 11 15 -14 -15 -16 -17 20 -19 27 -21 21 23 -24 24 -26 26 -28 28 29 -31
leaf_value=-0.0017519453248658666 0.00031981282116224188 0.0013590127279709849 5.9243242810397848e-05 7.6687694742900775e-05 -3.4070918427836425e-05 -3.9051509180668389e-05 0.0002477983558784603 0.00024527069244931107 0.00062869967422400131 5.6054671886211167e-05 0.00035474134508499655 -8.5277260892799745e-05 0.00047648838324362646 -7.413021015745315e-05 0.00027652744135929058 0.00031265305576569526 0.00016873143833976101 0.00027085837575117422 -0.00042743005724601182 0.00019434525158950407 -0.00013474019319963546 -0.00021939296453018795 5.0395989909935254e-05 -0.00047509523324667521 -0.00032669620049907027 -5.369385242458614e-05 0.00012224233014575432 -0.00038852120891534901 0.00015847526052427296 -0.0001311463809145095
leaf_weight=2434 28 22 23 20 92 29 32 20 21 47 21 20 21 27 40 39 25 35 399 34 24 123 20 32 53 35 29 365 34 230
leaf_count=2434 28 22 23 20 92 29 32 20 21 47 21 20 21 27 40 39 25 35 399 34 24 123 20 32 53 35 29 365 34 230
internal_value=-0.00166941 0.00422627 -0.00251385 0.00361596 0.00299999 0.0067752 0.00339339 0.00831134 0.0116339 0.00210638 0.00357141 0.00561381 0.00914264 0.00167888 0.00025301 0.00310164 -0.00028022 0.00321947 -0.0027487 -0.000857137 -0.000624632 -0.00091139 0.00177269 -0.00134558 -0.000382548 0.000749991 0.00215622 -0.00218288 -0.00175993 -0.000840907
internal_weight=4374 548 3826 526 465 89 61 61 41 376 210 101 42 109 166 59 364 82 3462 126 341 316 44 272 149 96 64 1028 629 264
internal_count=4374 548 3826 526 465 89 61 61 41 376 210 101 42 109 166 59 364 82 3462 126 341 316 44 272 149 96 64 1028 629 264
is_linear=0
shrinkage=0.03


Tree=49
num_leaves=31
num_cat=0
split_feature=0 5 5 11 17 8 2 8 8 16 8 5 1 9 17 3 8 17 8 6 17 17 16 14 16 11 1 2 17 6
split_gain=22.9662 4.54439 4.50411 1.11575 2.1542 2.05267 0.994101 1.7385 0.839663 1.10328 0.917419 0.796037 0.774737 0.909854 0.923662 0.636588 0.619626 1.10589 0.473353 0.459853 0.586847 0.895663 0.934887 0.438083 0.402466 0.452933 0.567617 0.789931 0.325731 0.881506
threshold=0.59537384276397409 0.56085192697768771 0.2281947261663286 1.0000000180025095e-35 0.42745298272487459 0.18375450283017666 0.15885416666666669 0.26495406874879129 0.2538063739792234 26.500000000000004 0.17504284937821005 0.14503042596348886 0.085937500000000014 0.80598103574033564 0.40471732902164365 0.10156250000000001 0.19944284209539223 0.3156752616798571 0.26495406874879129 0.64377880184331815 0.33967321930048516 0.32256682483368998 21.500000000000004 1.0000000180025095e-35 18.500000000000004 1.0000000180025095e-35 0.075520833333333343 0.039062500000000007 0.31099480895242965 0.33870967741935493
decision_type=2 2 2 2 2 2 2 2 2 2 2 2 2 2 2 2 2 2 2 2 2 2 2 2 2 2 2 2 2 2
left_child=2 3 11 4 5 -2 8 -8 10 -10 -5 -1 16 14 19 -11 17 -4 -7 20 21 22 -14 -12 -13 28 -27 -28 29 -26
right_child=1 -3 12 6 -6 18 7 -9 9 15 23 24 13 -15 -16 -17 -18 -19 -20 -21 -22 -23 -24 -25 25 26 27 -29 -30 -31
leaf_value=-0.00169938696511989 0.00024227309490989528 0.0013182423461318546 0.00022502989326190012 0.00030880195623175387 0.00056115635498102021 -3.7186820635694028e-05 0.00033764026919099886 0.00012358190865932101 -3.098376877171214e-05 0.0005689948020664564 -0.00011926872464336214 -0.00040920407573429783 -1.9528409985396025e-05 8.7006782318102023e-05 0.00017164863702316918 0.00054454964849338786 -0.0002533700595943512 -8.208418555108457e-05 0.00034437794242121923 -0.000111471548651514 -1.6093424352840803e-05 0.00010669866501924043 4.1076249905882674e-05 0.00011371888417127569 0.00013152338540876784 -0.00020864839978757967 0.00017041563174342305 -6.0220600332760011e-06 -0.0005501742085380184 -0.00030834089265093818
leaf_weight=2434 40 22 22 20 35 35 22 25 24 21 46 434 59 20 41 25 102 56 20 35 93 23 35 24 26 188 23 67 244 113
leaf_count=2434 40 22 22 20 35 35 22 25 24 21 46 434 59 20 41 25 102 56 20 35 93 23 35 24 26 188 23 67 244 113
internal_value=-0.00166255 0.00560723 -0.00231258 0.00474479 0.00692302 0.0045789 0.00337679 0.00721261 0.00224999 0.00471422 0.000333329 -0.00268546 0.00039506 0.00131372 0.000881115 0.00743462 -0.00116666 0.000846142 0.000818166 0.000183672 0.000714282 0.00212819 0.000829778 -0.0012857 -0.0020137 -0.00154765 -0.000625898 0.00133332 -0.00221671 -0.00105755
internal_weight=4374 359 4015 337 130 95 207 47 160 70 90 3529 486 306 286 46 180 78 55 245 210 117 94 70 1095 661 278 90 383 139
internal_count=4374 359 4015 337 130 95 207 47 160 70 90 3529 486 306 286 46 180 78 55 245 210 117 94 70 1095 661 278 90 383 139
is_linear=0
shrinkage=0.03


Tree=50
num_leaves=31
num_cat=2
split_feature=0 0 0 19 9 16 16 4 6 7 1 7 9 16 3 4 7 1 7 3 7 16 7 7 1 9 1 3 19 0
split_gain=23.2494 3.98571 2.52358 1.30479 1.58866 1.43868 1.39443 1.3135 1.06551 2.54442 0.797568 1.36082 0.689627 0.66882 0.546815 0.516069 0.505827 0.470978 0.374841 0.61259 0.361736 0.410855 0.580307 0.318354 0.631569 0.959959 0.303524 0.254342 0.200487 0.287937
threshold=0.57705635284861878 0.67858564256313125 0.4724571835247911 0 0.89824945295404834 12.500000000000002 25.500000000000004 0.10156250000000001 0.54516129032258076 0.11742592553505851 0.091145833333333343 0.1418343327749155 0.53610503282275734 14.500000000000002 0.10677083333333334 0.044270833333333336 0.10585281245293768 0.12760416666666669 0.079791135151608045 0.085937500000000014 0.084085449125830131 18.500000000000004 0.19614921917087011 0.093614801865352454 0.065104166666666671 0.60357403355215189 0.10677083333333334 0.10156250000000001 1 0.47964949943148871
decision_type=2 2 2 1 2 2 2 2 2 2 2 2 2 2 2 2 2 2 2 2 2 2 2 2 2 2 2 2 1 2
left_child=2 3 23 4 5 7 17 -2 16 14 28 13 -11 -12 -10 -15 -8 -7 26 -20 -5 -22 27 -1 -25 -26 -17 -23 -4 -30
right_child=1 -3 10 20 -6 6 8 -9 9 12 11 -13 -14 15 -16 18 -18 -19 19 -21 21 22 -24 24 25 -27 -28 -29 29 -31
leaf_value=-0.0012039104081900539 0.00029788202514276625 0.0013489581532851924 -0.00023994180808270221 9.4163750375535863e-05 0.00056734431417359687 -0.00010009813277318333 -6.4623800994801609e-05 0.00018918226942111306 0.00041292486428843407 -5.6526006015829281e-05 -0.00018475372466615064 0.00021619217652762288 0.00045341760302274075 -0.00034343381605327365 0.00024930847598267071 8.0252146395130654e-05 0.00024736624579769427 0.0001337449185363923 -0.00021032314241930158 1.500511889240379e-05 0.00016765511777065221 -1.2130244022028754e-05 0.00036495095187801386 -0.00089752351156283756 0.00035760569794248223 -0.00061633534740987786 9.7449530712829882e-06 -6.1414772559732555e-05 1.3420924698875302e-05 -0.00022680055373907855
leaf_weight=2756 30 25 293 33 28 34 26 36 27 20 101 24 29 30 33 39 20 21 56 34 25 45 20 84 25 24 32 38 78 334
leaf_count=2756 30 25 293 33 28 34 26 36 27 20 101 24 29 30 33 39 20 21 56 34 25 45 20 84 25 24 32 38 78 334
internal_value=-0.00162955 0.0045306 -0.00240153 0.00390322 0.00502546 0.00449998 0.0032857 0.00836351 0.0047419 0.00635774 -0.00111949 0.00013291 0.00128569 -0.000431506 0.0104998 0.000612562 0.000913023 -0.000818168 0.00128571 -7.15248e-10 0.00138596 0.000749993 -8.73785e-05 -0.00285462 -0.00142104 0.00128569 0.00291545 -0.00119276 -0.00168085 -0.00115166
internal_weight=4400 490 3910 465 304 276 210 66 155 109 1021 316 49 292 60 191 46 55 161 90 161 128 103 2889 133 49 71 83 705 412
internal_count=4400 490 3910 465 304 276 210 66 155 109 1021 316 49 292 60 191 46 55 161 90 161 128 103 2889 133 49 71 83 705 412
cat_boundaries=0 1 2
cat_threshold=550 387
is_linear=0
shrinkage=0.03


Tree=51
num_leaves=31
num_cat=1
split_feature=5 5 5 13 8 16 16 19 9 7 17 16 7 5 18 13 20 17 9 2 11 1 16 7 16 16 20 3 17 9
split_gain=21.8338 3.62346 2.92811 2.02894 1.9738 2.40342 1.81542 1.15129 1.38264 1.63953 1.45256 1.12237 1.66031 0.796432 0.607473 0.555223 1.07997 2.16107 0.74871 0.519911 0.512335 1.04876 1.36875 1.34293 0.491199 0.445399 0.545443 1.11357 0.431531 0.289876
threshold=0.2991886409736309 0.46348884381338745 0.15720081135902639 1.0000000180025095e-35 0.17890958504461263 13.500000000000002 26.500000000000004 0 0.80598103574033564 0.12201822244818451 0.3560973534167306 22.500000000000004 0.11742592553505851 0.21805273833671404 0.4485294117647059 1.0000000180025095e-35 0.55882118566514938 0.33831163305250628 0.5948212983223925 0.075520833333333343 0.6830127018922193 0.065104166666666671 29.500000000000004 0.067389213475357965 18.500000000000004 14.500000000000002 0.54033000023206745 0.075520833333333343 0.4150285082120671 0.69146608315098479
decision_type=2 2 2 2 2 2 2 1 2 2 2 2 2 2 2 2 2 2 2 2 2 2 2 2 2 2 2 2 2 2
left_child=2 4 -1 -3 5 -2 -7 24 10 -10 11 -9 -13 20 -15 25 18 -18 -17 -12 29 -22 -23 -24 -6 -16 27 -27 -26 -4
right_child=1 3 13 -5 7 6 -8 8 9 -11 19 12 -14 14 15 16 17 -19 -20 -21 21 22 23 -25 28 26 -28 -29 -30 -31
leaf_value=-0.0012991880201025619 0.00029582918064423921 0.00065898978338128965 -0.00036482106216437812 0.0013683701699768696 0.00012260869159886776 -5.7197549204406536e-05 0.00021412561197570141 0.00012943635618400679 0.00058958292233426642 0.00028461672539257756 0.00041390087778025709 0.00031840277151143061 0.00043903749672190447 -0.00028274740183291538 -0.00028979409679373303 -0.00029626550343008905 5.9447866405548585e-05 -2.2868525698661359e-05 0.00010785451661273465 -4.920296402905871e-05 -0.00033692444424730117 -0.00019268109336017573 -5.6545090498528994e-05 0.00068601418006524471 -3.7205054716610414e-05 -7.1396756359855233e-05 -5.2865360670583463e-05 9.6060320950744604e-05 0.00016686304210901189 -0.00010033596389555271
leaf_weight=2695 24 28 470 22 34 24 26 39 20 27 26 33 20 73 69 62 28 22 38 75 104 39 26 25 61 22 88 22 31 127
leaf_count=2695 24 28 470 22 34 24 26 39 20 27 26 33 20 73 69 62 28 22 38 75 104 39 26 25 61 22 88 22 31 127
internal_value=-0.00162273 0.00434693 -0.00237084 0.0119998 0.00347726 0.00794584 0.00419992 0.00257376 0.00371998 0.00848918 0.00275128 0.0054782 0.0083206 -0.00114815 -9.90571e-05 0.000418802 0.00179999 0.00539989 -7.15249e-10 0.000267323 -0.00171049 -0.000371133 0.00199998 0.00523519 8.8234e-05 -0.000611938 0.000409087 0.00313629 -0.00104347 -0.00214573
internal_weight=4400 490 3910 50 440 74 50 366 240 47 193 92 53 1215 424 351 150 50 100 101 791 194 90 51 126 201 132 44 92 597
internal_count=4400 490 3910 50 440 74 50 366 240 47 193 92 53 1215 424 351 150 50 100 101 791 194 90 51 126 201 132 44 92 597
cat_boundaries=0 1
cat_threshold=200
is_linear=0
shrinkage=0.03


Tree=52
num_leaves=31
num_cat=2
split_feature=5 5 5 8 16 13 16 19 9 7 17 16 7 5 8 18 9 13 18 8 2 16 17 0 2 0 19 7 2 12
split_gain=21.2896 3.68167 2.8189 2.0345 2.40342 2.02894 1.81542 1.07614 1.45857 1.63953 1.27645 0.958256 1.59627 0.692626 0.620172 0.57344 0.543306 0.875181 0.612599 0.863746 0.519911 0.491199 0.431531 0.348923 0.528855 0.338759 0.576188 0.486541 0.555883 0.404994
threshold=0.2991886409736309 0.46348884381338745 0.15720081135902639 0.17890958504461263 13.500000000000002 1.0000000180025095e-35 26.500000000000004 0 0.80598103574033564 0.12201822244818451 0.3560973534167306 25.500000000000004 0.11742592553505851 0.21805273833671404 0.19944284209539223 0.4485294117647059 0.53610503282275734 1.0000000180025095e-35 0.47794117647058826 0.19522708183397192 0.075520833333333343 18.500000000000004 0.4150285082120671 0.53408883435755816 0.091145833333333343 0.47964949943148871 1 0.068961761325797011 0.049479166666666671 0.87837969732492682
decision_type=2 2 2 2 2 2 2 1 2 2 2 2 2 2 2 2 2 2 2 2 2 2 2 2 2 2 1 2 2 2
left_child=2 3 -1 4 -2 -3 -6 21 10 -10 11 14 -13 25 -9 -15 -17 23 19 -19 -12 -5 -23 -18 -25 26 27 -4 -29 -27
right_child=1 5 13 7 6 -7 -8 8 9 -11 20 12 -14 15 -16 16 17 18 -20 -21 -22 22 -24 24 -26 29 -28 28 -30 -31
leaf_value=-0.0012602123794994858 0.00028695430522491345 0.00063922008987985055 0.00012945768482239273 0.00011893043085090205 -5.5481622728274145e-05 0.0013273190648775651 0.00020770184361643202 0.00025135408675248022 0.00057189543466423917 0.00027607822363079972 0.00040148385144684928 0.00032207427056141669 0.00042586637182024696 -0.00027426497977792917 -5.1990177605190919e-05 -6.0754562923050358e-05 2.579471618309003e-05 4.9094071888502307e-05 0.00010461888111435152 -3.219842352685083e-05 -4.7726875108185566e-05 -3.6088903075112267e-05 0.00016185715084574188 -0.0001719564907232911 2.9798382475015398e-06 -0.00034758385576242473 -0.0004022239164663143 0.00014417375054322831 -0.00019078413480089334 -8.3998676439353974e-06
leaf_weight=2695 24 28 35 34 24 22 26 21 20 27 26 29 20 73 22 142 26 26 38 22 75 61 31 57 40 402 210 24 47 73
leaf_count=2695 24 28 35 34 24 22 26 21 20 27 26 29 20 73 22 142 26 26 38 22 75 61 31 57 40 402 210 24 47 73
internal_value=-0.00160909 0.0042857 -0.00234783 0.00340908 0.00794584 0.0119998 0.00419992 0.0024918 0.00359998 0.00848918 0.00259584 0.00515212 0.00802024 -0.00114815 0.00188368 -0.000169812 0.000333332 0.00130621 0.00362786 0.00137497 0.000267323 8.8234e-05 -0.00104347 -0.000317071 -0.00114432 -0.00167256 -0.00091139 0.000879302 -0.000464783 -0.00217894
internal_weight=4400 490 3910 440 74 50 50 366 240 47 193 92 49 1215 43 424 351 209 86 48 101 126 92 123 97 791 316 106 71 475
internal_count=4400 490 3910 440 74 50 50 366 240 47 193 92 49 1215 43 424 351 209 86 48 101 126 92 123 97 791 316 106 71 475
cat_boundaries=0 1 2
cat_threshold=200 648
is_linear=0
shrinkage=0.03


Tree=53
num_leaves=31
num_cat=1
split_feature=5 5 5 1 16 16 5 11 5 17 3 5 0 7 5 16 17 17 11 13 5 13 17 17 0 17 0 16 19 11
split_gain=20.1966 3.52907 3.03797 1.08678 1.08219 1.69082 1.26373 1.59313 1.22327 1.3287 1.19683 1.72532 1.18106 1.19992 0.910631 0.742233 0.761571 0.881595 0.638117 0.543452 0.537737 1.09375 0.467521 0.570133 0.39982 0.351995 0.467667 0.372136 0.544115 1.02234
threshold=0.30527383367139965 0.56085192697768771 0.14097363083164302 0.091145833333333343 12.500000000000002 26.500000000000004 0.36612576064908725 1.0000000180025095e-35 0.45334685598377283 0.3560973534167306 0.10156250000000001 0.3600405679513185 0.60199702478080097 0.11742592553505851 0.2281947261663286 14.500000000000002 0.33490766743255901 0.39588120159986395 0.6830127018922193 -0.22252093395631442 0.2505070993914808 -0.22252093395631442 0.35984171559867256 0.31729214534933203 0.61229581972090841 0.32079294792226054 0.55313495128410028 18.500000000000004 0 0.25000000000000017
decision_type=2 2 2 2 2 2 2 2 2 2 2 2 2 2 2 2 2 2 2 2 2 2 2 2 2 2 2 2 1 2
left_child=2 4 -1 25 6 22 7 -2 9 12 11 -11 -7 24 18 -16 20 -18 -5 -20 -17 -22 23 -6 -14 26 27 -4 29 -29
right_child=1 -3 3 14 5 8 -8 -9 -10 10 -12 -13 13 -15 15 16 17 -19 19 -21 21 -23 -24 -25 -26 -27 -28 28 -30 -31
leaf_value=-0.0016428034152090765 0.00025034639239780514 0.00120627966458136 -0.00028561171163793571 -0.00022253704850593487 -1.3083502988240709e-05 7.9116624958290813e-05 4.2391038191248674e-05 0.00017054253842561394 0.0004992006366290251 0.00011025009637080298 -4.2274174588879448e-05 0.00050184911006551699 0.00028790433762153626 0.00011523177966888831 -5.8069472085452404e-05 3.1793326484211525e-05 -2.3476914792026652e-05 0.00015700143816369555 -6.8223198466781191e-05 0.00015734726140846639 -9.9445557202685461e-05 0.00020960874553809303 -0.0001252699696453272 0.00014486622810294837 0.00046614008278610363 -0.00032214921736539411 2.0522159951260327e-05 -7.1597014389885265e-05 -0.00026146057535744092 0.0001711838361574971
leaf_weight=2381 35 22 273 131 41 27 23 24 21 58 57 30 20 20 66 20 49 21 23 23 23 30 36 22 20 569 35 86 188 26
leaf_count=2381 35 22 273 131 41 27 23 24 21 58 57 30 20 20 66 20 49 21 23 23 23 30 36 22 20 569 35 86 188 26
internal_value=-0.00160909 0.00436841 -0.0023002 -0.00127255 0.00377418 0.00305113 0.00687796 0.00920323 0.00435176 0.00372412 0.0019655 0.00415904 0.0066551 0.00899985 0.000108807 0.00144975 0.00266432 0.000428565 -0.00147457 0.00156518 0.00480815 0.00322635 -0.000272725 0.00128569 0.0119997 -0.00172557 -0.00122368 -0.00142932 -0.000699998 0.000934418
internal_weight=4400 456 3944 1563 434 352 82 59 253 232 145 88 87 60 386 209 143 70 177 46 73 53 99 63 40 1177 608 573 300 112
internal_count=4400 456 3944 1563 434 352 82 59 253 232 145 88 87 60 386 209 143 70 177 46 73 53 99 63 40 1177 608 573 300 112
cat_boundaries=0 1
cat_threshold=674
is_linear=0
shrinkage=0.03


Tree=54
num_leaves=31
num_cat=2
split_feature=5 5 7 8 4 9 19 7 8 12 5 0 6 6 9 1 4 3 2 5 7 6 5 6 9 19 5 6 6 3
split_gain=18.3695 3.22485 2.89757 1.88486 2.72673 2.2382 1.20397 1.2654 2.04235 1.14279 0.964527 0.851707 0.715332 0.599042 0.655916 0.593901 0.554505 0.530366 0.635494 0.838603 0.908638 0.572952 0.477522 0.419028 0.334636 0.55743 0.469394 0.709348 1.75338 0.887947
threshold=0.30527383367139965 0.14097363083164302 0.38780974986680611 0.17890958504461263 0.10156250000000001 0.97957695113056176 0 0.11742592553505851 0.24281010727125305 -0.60785761079279388 0.21517917511832321 0.51769651683048701 0.35898617511520742 0.49262672811059915 0.57330415754923425 0.12760416666666669 0.10156250000000001 0.075520833333333343 0.11718750000000001 0.26064908722109537 0.095648249209454236 0.53041474654377896 0.36612576064908725 0.62350230414746555 0.21188913202042306 1 0.18965517241379312 0.3175115207373273 0.33041474654377889 0.070312500000000014
decision_type=2 2 2 2 2 2 1 2 2 2 2 2 2 2 2 2 2 2 2 2 2 2 2 2 2 1 2 2 2 2
left_child=1 -1 3 4 -2 6 16 8 9 -8 24 -12 -13 -9 -15 -6 -5 -14 19 -19 21 -21 -16 -11 -3 26 27 -26 -29 -30
right_child=2 10 -4 5 15 -7 7 13 -10 23 11 12 17 14 22 -17 -18 18 -20 20 -22 -23 -24 -25 25 -27 -28 28 29 -31
leaf_value=-0.0015935193127528046 0.00027518817897526646 -0.00057117565033673145 0.0011700912746439207 -2.4084893630400149e-05 -7.8852368594544555e-06 0.00054663545814802978 0.00035253630798550312 0.00022479163832907475 0.00040549805466505174 -6.1345739351931068e-05 4.0844184958850818e-05 0.00017884049548207138 -0.00010285002491085423 -7.5465125689245859e-05 0.00027240495034452163 0.00016003428261819559 4.9264279774177209e-05 -7.5892263365473931e-05 -6.3659241020532791e-05 5.2167504843925416e-05 -6.1173429287403269e-06 0.00023735002554888278 2.0067826891056735e-05 0.00028212253621640173 -0.00019799631869836068 -0.00029857952897201164 -0.00036874712889608754 0.00026011600473871524 0.00017015055441225619 -0.00031111357387418826
leaf_weight=2381 23 150 22 80 20 22 21 29 37 22 20 23 153 34 20 24 38 92 97 21 39 24 44 20 133 600 105 21 44 41
leaf_count=2381 23 150 22 80 20 22 21 29 37 22 20 23 153 34 20 24 38 92 97 21 39 24 44 20 133 600 105 21 44 41
internal_value=-0.00159545 -0.00225456 0.00410525 0.00356681 0.00819391 0.00272206 0.00213043 0.0033291 0.00599994 0.00271424 -0.00119578 -5.75699e-05 -0.000327394 0.00148818 0.000367342 0.00381809 -0.000421872 -0.000605633 0.000186812 0.00126136 0.00342853 0.00633319 0.00215622 -0.000142854 -0.00168373 -0.00147458 -0.000457627 0.000263597 0.00209432 0.000176468
internal_weight=4400 3944 456 434 67 367 345 227 100 63 1563 469 449 127 98 44 118 426 273 176 84 45 64 42 1094 944 344 239 106 85
internal_count=4400 3944 456 434 67 367 345 227 100 63 1563 469 449 127 98 44 118 426 273 176 84 45 64 42 1094 944 344 239 106 85
cat_boundaries=0 1 2
cat_threshold=200 554
is_linear=0
shrinkage=0.03


Tree=55
num_leaves=31
num_cat=1
split_feature=5 18 5 5 13 3 17 17 20 6 18 6 6 20 18 1 11 16 10 19 12 20 20 20 13 2 5 5 1 13
split_gain=18.069 2.91252 2.76844 1.53459 0.961509 0.960202 1.11156 1.2085 0.986342 1.42676 0.769995 0.964439 0.768094 0.645891 0.857083 0.535522 1.06142 2.18579 0.839914 0.754795 0.594198 0.953957 0.546346 0.490088 0.404936 0.538456 0.400294 0.556613 0.587834 0.613912
threshold=0.27079107505070998 0.53382352941176481 0.14300202839756596 0.33367139959432052 0.81174490092936691 0.054687500000000007 0.32170093543593681 0.29881242682207537 0.62126974362323695 0.62350230414746555 0.48676470588235299 0.5986175115207375 0.52764976958525367 0.58164690265879859 0.50147058823529422 0.075520833333333343 0.6830127018922193 29.500000000000004 0.25000000000000011 0 1.0000000180025095e-35 0.47964949943148871 0.46628748604459441 0.65204532230327683 -0.22252093395631442 0.14843750000000003 0.21805273833671404 0.24442190669371197 0.10677083333333334 1.0000000180025095e-35
decision_type=2 2 2 2 2 2 2 2 2 2 2 2 2 2 2 2 2 2 2 1 2 2 2 2 2 2 2 2 2 2
left_child=2 3 -1 10 5 -5 7 -7 9 12 24 13 -8 14 -12 19 26 -18 -19 20 21 22 -4 -10 -2 -26 -17 28 29 -28
right_child=1 -3 15 4 -6 6 8 -9 23 -11 11 -13 -14 -15 -16 16 17 18 -20 -21 -22 -23 -24 -25 25 -27 27 -29 -30 -31
leaf_value=-0.0014759745907962406 -6.5332045343665404e-05 0.0010625758392807199 9.219421404979188e-05 0.00037887156650548773 0.00035302853134355479 0.00019880618185299441 0.00015224037003312704 0.00032232252476590157 -5.7394773592774508e-05 0.00028206957804263256 0.00024379200725594126 0.00015960834766260272 -1.5035677733621274e-05 -1.2094716182880542e-05 -2.7795531517378251e-05 -0.00029361130760444565 -0.0002854225728145746 0.00086678496254293891 2.7219988086347929e-05 -0.00031852080422501447 -0.00046020364146860394 -0.00019199762352629799 0.00025530393106944519 0.00045474483158707002 -3.3016718067934874e-06 5.5591060518843135e-05 2.8040278610944397e-05 -0.00012904215435868317 -0.00013477547995768821 -0.00012883045732184337
leaf_weight=2413 65 35 20 25 46 33 23 28 78 22 21 20 40 36 21 263 62 25 35 702 53 67 21 23 79 28 28 77 26 21
leaf_count=2413 65 35 20 25 46 33 23 28 78 22 21 20 40 36 21 263 62 25 35 702 53 67 21 23 79 28 28 77 26 21
internal_value=-0.00157304 0.00316372 -0.00234697 0.00266326 0.00407546 0.00339705 0.00282995 0.00634416 0.00167741 0.00405878 0.000999996 0.00312242 0.00176188 0.00161536 0.00414276 -0.00128571 -0.000541899 0.00191802 0.0059999 -0.00174855 0.000157893 0.00144443 0.00504866 -0.00032673 -0.000209302 0.000925224 -0.00126506 -3.94741e-05 0.00179998 0.00373462
internal_weight=4436 623 3813 588 318 272 247 61 186 85 270 98 63 78 42 1400 537 122 60 863 161 108 41 101 172 107 415 152 75 49
internal_count=4436 623 3813 588 318 272 247 61 186 85 270 98 63 78 42 1400 537 122 60 863 161 108 41 101 172 107 415 152 75 49
cat_boundaries=0 1
cat_threshold=514
is_linear=0
shrinkage=0.03


Tree=56
num_leaves=31
num_cat=2
split_feature=5 5 7 9 8 3 1 20 7 4 5 20 20 1 19 7 4 9 9 4 1 17 6 6 20 12 3 9 1 19
split_gain=16.3772 3.54734 3.22981 2.08489 0.952678 1.12109 1.20628 0.969434 1.17418 1.1595 0.842831 1.00369 0.740978 0.501511 0.449164 0.447692 0.428555 0.417974 0.405828 0.988372 0.468627 0.402311 0.656431 0.459445 0.555935 0.716394 0.714182 0.66458 0.722318 0.401081
threshold=0.2991886409736309 0.14300202839756596 0.38780974986680611 0.97957695113056176 0.35159761643159942 0.065104166666666671 0.10677083333333334 0.60785668035134688 0.12106829783344576 0.096354166666666671 0.21517917511832321 0.51931752276443832 0.61912653167645637 0.075520833333333343 0 0.060420512343985253 0.11197916666666667 0.71298322392414315 0.57148067104303446 0.070312500000000014 0.13802083333333334 0.33439707258956691 0.38847926267281113 0.2824884792626729 0.48050469162831005 1.0000000180025095e-35 0.049479166666666671 0.65134938001458809 0.054687500000000007 1
decision_type=2 2 2 2 2 2 2 2 2 2 2 2 2 2 1 2 2 2 2 2 2 2 2 2 2 2 2 2 2 1
left_child=1 -1 3 4 5 6 -2 17 9 -9 14 -12 -11 -13 -3 -15 -10 18 -7 -20 -21 22 23 -16 25 27 -26 28 -25 -17
right_child=2 10 -4 -5 -6 7 -8 8 16 12 11 13 -14 15 21 29 -18 -19 19 20 -22 -23 -24 24 26 -27 -28 -29 -30 -31
leaf_value=-0.0014316953530723534 0.00015547591650805592 -0.00038679216505882344 0.0011160987539266271 0.00050327185023246875 -2.5417243833895882e-05 -2.8838930738058348e-05 0.00035232170619828686 0.00040429501441425521 -9.0460726927767842e-05 0.00027536913824564608 7.9498289766439566e-05 -0.00021590693959787442 1.1222507277445056e-05 3.2705750992401248e-05 -0.00036907786017068261 2.3647434829685373e-05 0.00025003587379382203 -3.0722703062547845e-05 0.00024734336836497553 -1.434539180132797e-05 0.00015169238003241158 -0.00034891054499663459 -0.00028809683913879274 -6.667750931460549e-05 0.0001579419103990307 -5.57167438793386e-05 -0.00035866078827947925 0.00027129519070064555 0.00014028387240366957 -8.3180751205397894e-05
leaf_weight=2413 21 401 22 22 67 42 36 42 36 26 23 130 39 37 44 102 27 34 21 50 24 244 185 27 21 54 71 20 22 133
leaf_count=2413 21 401 22 22 67 42 36 42 36 26 23 130 39 37 44 102 27 34 21 50 24 244 185 27 21 54 71 20 22 133
internal_value=-0.0015798 -0.00223606 0.00348329 0.00297535 0.00254838 0.00310552 0.00699988 0.00245454 0.0040588 0.00597191 -0.00109775 3.52933e-05 0.00346148 -0.000313433 -0.00153994 0.000419115 0.00080951 0.000859643 0.00159853 0.00268418 0.00105404 -0.00102292 -0.0005 0.000474901 0.00104651 0.00236583 -0.000717384 0.00439124 0.00251015 -6.38302e-05
internal_weight=4436 3927 509 487 465 398 57 341 170 107 1514 425 65 402 1089 272 63 171 137 95 74 688 444 259 215 123 92 69 49 235
internal_count=4436 3927 509 487 465 398 57 341 170 107 1514 425 65 402 1089 272 63 171 137 95 74 688 444 259 215 123 92 69 49 235
cat_boundaries=0 1 2
cat_threshold=293 38
is_linear=0
shrinkage=0.03


Tree=57
num_leaves=31
num_cat=1
split_feature=0 0 18 9 17 17 0 8 12 1 7 17 4 19 9 3 17 8 9 4 18 17 8 9 0 9 1 0 8 12
split_gain=15.5437 3.19182 3.04131 1.56527 1.13368 0.963864 0.918264 1.18765 0.874927 0.772563 0.652132 0.569207 0.588973 0.543425 0.509857 0.666819 0.623034 0.416375 0.4106 0.40519 0.465374 0.393984 0.474925 1.52764 0.313951 0.339136 0.429577 0.557683 0.462672 0.308119
threshold=0.56498757140591482 0.44457804280797869 0.53382352941176481 0.94493070751276453 0.46476895583354622 0.34907667432558936 0.59889677441000055 0.18264427710219064 1.0000000180025095e-35 0.091145833333333343 0.13980411543182011 0.40471732902164365 0.080729166666666671 0 0.57622173595915405 0.13281250000000003 0.32256682483368998 0.17504284937821005 0.73668854850474119 0.10677083333333334 0.48382352941176471 0.28622068848139121 0.19944284209539223 0.41320204230488705 0.52080508158020811 0.68088986141502572 0.10677083333333334 0.54247262211610925 0.19123505505912505 1.0000000180025095e-35
decision_type=2 2 2 2 2 2 2 2 2 2 2 2 2 1 2 2 2 2 2 2 2 2 2 2 2 2 2 2 2 2
left_child=1 -1 3 4 5 6 7 -2 -6 13 18 17 -13 29 -8 16 -16 -7 24 -9 -21 22 23 -15 -11 26 27 -26 -28 -3
right_child=2 9 -4 -5 8 11 14 19 -10 10 -12 12 -14 21 15 -17 -18 -19 -20 20 -22 -23 -24 -25 25 -27 28 -29 -30 -31
leaf_value=-0.001410354875919187 0.00023380223357356668 2.4335435711616631e-05 0.001082615723438926 0.00039336598039482642 0.00034447860295350619 0.00014209838935330362 0.00030828785902287776 -2.4144715645995424e-05 6.4494725989135436e-05 -0.00033637121170049011 0.00013375561356685159 -4.9268046566141781e-05 0.00025947274419935493 -0.00012563202118145791 0.00015397651160974755 -5.4332824658149386e-07 6.5757927254013265e-05 -3.845751861753708e-05 1.096788743719305e-05 -3.6719167963241824e-05 0.00012175450338523237 -0.00032213833745126444 -0.00027371044211630503 0.00013242728283192461 0.00015320370054555413 -0.00011766579440393877 7.8286089737602063e-05 -0.00024681549813355383 -0.00020201672177786389 -0.00017860244080846897
leaf_weight=2452 24 227 32 33 28 21 37 49 28 129 22 41 28 28 32 42 20 109 29 31 24 565 120 23 21 21 36 20 31 133
leaf_count=2452 24 227 32 33 28 21 37 49 28 129 22 41 28 28 32 42 20 109 29 31 24 565 120 23 21 21 36 20 31 133
internal_value=-0.00157304 -0.00226108 0.00301036 0.00248446 0.00207782 0.00158515 0.00279149 0.000984367 0.00610703 -0.001121 0.000203882 1.50746e-05 0.00221736 -0.00149452 0.00455722 0.00338294 0.00565374 -0.00115384 -0.0001777 -0.000403843 0.00136361 -0.00195442 -0.000719295 0.00170585 -0.000558138 0.000488368 0.00116666 0.00358528 -0.000313429 -0.000486486
internal_weight=4436 3857 579 547 514 458 259 128 56 1405 309 199 69 1096 131 94 52 130 287 104 55 736 171 51 258 129 108 41 67 360
internal_count=4436 3857 579 547 514 458 259 128 56 1405 309 199 69 1096 131 94 52 130 287 104 55 736 171 51 258 129 108 41 67 360
cat_boundaries=0 1
cat_threshold=578
is_linear=0
shrinkage=0.03


Tree=58
num_leaves=31
num_cat=1
split_feature=5 5 7 9 8 19 8 9 5 5 6 8 4 2 9 11 5 13 5 13 6 18 4 11 16 6 8 8 4 4
split_gain=15.5988 4.7088 3.02086 1.74962 1.04457 1.10327 1.61465 2.07453 0.800632 0.668968 1.59027 0.753378 0.646194 0.59391 0.557771 1.07884 0.939071 0.703183 0.531529 0.710693 0.715907 1.02871 0.512163 0.463916 0.985384 1.05918 0.599005 0.56156 0.512221 0.438922
threshold=0.33367139959432052 0.15720081135902639 0.38780974986680611 0.97957695113056176 0.1795928394607082 0 0.29888286581140178 0.65134938001458809 0.23427991886409741 0.39655172413793111 0.63271889400921666 0.20249421316166533 0.11197916666666667 0.11197916666666667 0.53610503282275734 0.6830127018922193 0.24442190669371197 -0.22252093395631442 0.27079107505070998 -0.22252093395631442 0.55714285714285727 0.46911764705882358 0.10156250000000001 0.6830127018922193 29.500000000000004 0.307373271889401 0.19218106975147189 0.21743680224164993 0.080729166666666671 0.13802083333333334
decision_type=2 2 2 2 2 1 2 2 2 2 2 2 2 2 2 2 2 2 2 2 2 2 2 2 2 2 2 2 2 2
left_child=1 -1 3 4 12 6 7 -6 23 10 -7 -12 -2 -8 22 16 -16 -17 -18 -20 -21 -22 -10 26 -25 -26 -3 28 -28 -24
right_child=2 8 -4 -5 5 9 13 -9 14 -11 11 -13 -14 -15 15 17 18 -19 19 20 21 -23 29 24 25 -27 27 -29 -30 -31
leaf_value=-0.0010368517172932822 0.00026619700532174286 -0.00028792854014409982 0.001078604026923803 0.00047637271531364905 0.00020925048373363208 -2.6227598572442502e-05 0.00018685772978389224 0.00047116113918647392 -4.3816273717782478e-05 -9.6963710983454483e-05 0.00010474715525883651 0.00040112400793372566 0.00014371692429235541 -4.0624046416552747e-05 4.5547840149740708e-05 0.00023335086717391179 -0.00015663589165063624 0.00052864851434684967 -5.0839035927161554e-05 -1.1780489180197317e-05 7.573146811746574e-05 0.00023290896423564848 7.3685878850252809e-05 -0.0002840791804440047 -6.8508998019979622e-05 0.00015955142089397388 -6.7894241329749571e-05 -0.00019690678443205049 8.3813713587479192e-05 -3.2638128943623765e-05
leaf_weight=2697 24 581 21 22 29 66 22 25 126 36 22 20 26 33 28 20 79 22 64 31 34 21 31 109 57 40 22 82 23 23
leaf_count=2697 24 581 21 22 29 66 22 25 126 36 22 20 26 33 28 20 79 22 64 31 34 21 31 109 57 40 22 82 23 23
internal_value=-0.00157304 -0.00209046 0.00454334 0.00383076 0.00323761 0.00245454 0.00456299 0.00866651 -0.000674085 0.00050649 0.00172221 0.00628556 0.00719986 0.00136361 0.000319414 0.00111371 0.000385212 0.0055713 -0.000248908 0.000799994 0.00258136 0.00463628 -0.000999995 -0.00119475 5.82514e-05 0.00225771 -0.00155932 0.000307083 0.00299993 0.00144442
internal_weight=4436 4090 346 325 303 253 109 54 1393 144 108 42 50 55 479 299 257 42 229 150 86 55 180 914 206 97 708 127 45 54
internal_count=4436 4090 346 325 303 253 109 54 1393 144 108 42 50 55 479 299 257 42 229 150 86 55 180 914 206 97 708 127 45 54
cat_boundaries=0 1
cat_threshold=548
is_linear=0
shrinkage=0.03


Tree=59
num_leaves=31
num_cat=1
split_feature=0 0 7 0 8 17 4 1 17 13 17 6 13 17 17 0 19 1 17 8 1 8 17 16 3 4 13 18 0 0
split_gain=14.1692 3.45359 3.07994 1.0297 1.16743 1.23199 0.916598 0.913931 0.891344 1.05796 0.753405 0.697115 0.691266 0.683865 0.604016 0.674731 0.521189 0.520165 0.587212 0.805985 0.630763 0.554144 0.469335 0.457251 0.417254 0.393334 0.425478 0.362471 0.55069 1.15085
threshold=0.57705635284861878 0.44457804280797869 0.33804259110067586 0.60785668035134688 0.39631553043457918 0.32204889385789626 0.10677083333333334 0.16927083333333334 0.36673474597906569 1.0000000180025095e-35 0.40471732902164365 0.7009216589861752 -0.22252093395631442 0.40894391966641147 0.33831163305250628 0.5896914389629998 0 0.091145833333333343 0.28622068848139121 0.19944284209539223 0.065104166666666671 0.12297886568393225 0.39378208946756316 14.500000000000002 0.080729166666666671 0.044270833333333336 0.81174490092936691 0.45147058823529412 0.46628748604459441 0.48050469162831005
decision_type=2 2 2 2 2 2 2 2 2 2 2 2 2 2 2 2 1 2 2 2 2 2 2 2 2 2 2 2 2 2
left_child=1 -1 3 12 5 11 7 8 -7 -10 -8 -5 24 16 15 -14 25 18 19 20 -18 -19 -16 -17 -2 26 -3 -27 -29 -30
right_child=2 13 -4 4 -6 6 10 -9 9 -11 -12 -13 14 -15 22 23 17 21 -20 -21 -22 -23 -24 -25 -26 27 -28 28 29 -31
leaf_value=-0.0013369386781228131 0.0001747804444358719 -0.00019829615672875813 0.00090391236952537882 0.00017179645564845757 -4.5501128476710265e-05 0.00040539223347569459 -3.6595180475162597e-05 0.00028756428646577886 -0.00011342257591208203 0.00033745729324711322 0.00019851207610077035 0.00030267962654402595 0.00032869485816694807 0.00022529491480694389 -6.3136013608596292e-05 0.00019719042152261052 -5.3289140055634127e-05 0.00015043452378838947 -0.00028773083483645136 -0.00023773126622257394 0.00018137827351788572 -6.3479324688536689e-06 8.3054138502618467e-05 5.4544746437788303e-06 -2.6038664082436608e-05 -0.00024396342584778342 0.00016691898423308219 -0.0003323188703791905 0.00018146361123575535 2.4828566394581503e-06
leaf_weight=2452 35 99 26 22 20 20 50 28 25 33 21 23 23 27 32 20 31 20 566 122 22 187 29 29 76 46 26 50 47 229
leaf_count=2452 35 99 26 22 20 20 50 28 25 33 21 23 23 27 32 20 31 20 566 122 22 187 29 29 76 46 26 50 47 229
internal_value=-0.00160009 -0.00221254 0.00309374 0.00255555 0.00394213 0.00456755 0.00344066 0.0052075 0.00353842 0.00165514 0.000802805 0.0089998 0.00118032 -0.00106386 0.00263908 0.00449994 -0.00115225 -0.0015595 -0.00194737 -0.00042857 0.00266033 -0.000246376 0.000442615 0.00251015 -0.000567563 -0.000337278 -0.00179999 0.00014516 0.00049693 0.00102173
internal_weight=4436 3924 512 486 242 222 177 106 78 58 71 45 244 1472 133 72 1445 948 741 175 53 207 61 49 111 497 125 372 326 276
internal_count=4436 3924 512 486 242 222 177 106 78 58 71 45 244 1472 133 72 1445 948 741 175 53 207 61 49 111 497 125 372 326 276
cat_boundaries=0 1
cat_threshold=578
is_linear=0
shrinkage=0.03


Tree=60
num_leaves=31
num_cat=1
split_feature=5 5 1 7 7 16 5 9 13 9 9 4 3 6 5 6 5 19 3 6 1 13 3 7 5 7 0 1 16 9
split_gain=14.6173 3.94212 1.6972 1.15703 1.24854 1.14396 0.877306 0.82885 0.840788 0.788951 0.73314 0.713269 0.591093 0.689269 1.11789 0.662798 0.54976 0.891103 0.713522 0.719933 0.527372 0.497267 0.58773 0.471492 0.443558 0.386672 0.3809 0.353341 0.330256 0.898333
threshold=0.33164300202839764 0.15720081135902639 0.22656250000000003 0.10298321911602835 0.097920479806488284 22.500000000000004 0.21805273833671404 0.53610503282275734 1.0000000180025095e-35 0.71298322392414315 0.65134938001458809 0.075520833333333343 0.059895833333333336 0.62811059907834121 0.36612576064908725 0.50000000000000022 0.16937119675456394 0 0.039062500000000007 0.41059907834101389 0.14322916666666669 1.0000000180025095e-35 0.11718750000000001 0.13162077050603302 0.12677484787018259 0.068441601191932266 0.55485698752022106 0.065104166666666671 28.500000000000004 0.41320204230488705
decision_type=2 2 2 2 2 2 2 2 2 2 2 2 2 2 2 2 2 1 2 2 2 2 2 2 2 2 2 2 2 2
left_child=1 24 3 4 5 -2 16 23 25 10 11 26 -5 15 -15 -14 17 -3 -19 27 -7 22 -16 -8 -1 -9 -10 -20 -18 -30
right_child=2 6 -4 12 -6 20 7 8 9 -11 -12 -13 13 14 21 -17 28 18 19 -21 -22 -23 -24 -25 -26 -27 -28 -29 29 -31
leaf_value=-0.0018409399677116001 0.00010571505234580575 -0.00026688718797400008 0.0010147994962151131 0.00023970916936304822 0.00037680021561386611 0.00015986526835255079 -7.8970722985502207e-05 2.5172506623445895e-05 0.00012262785354333257 -1.7063038238574734e-05 0.0001856270229026008 2.0845216661529506e-06 4.6102049515532421e-05 0.00022721856377667455 0.00010811351591473885 -4.4946239532351764e-05 -0.00033665790821179442 -0.0002904904476111798 7.6562689233730679e-05 -0.00022030420176315729 0.00021427671380104299 -4.9231150085740863e-05 0.00028565785015123964 1.3571727468752847e-05 -0.00034463692056989879 -4.1449190378252485e-05 0.00018034304840868469 0.00019941193845591503 2.3394039685945861e-05 -0.00021037076672380815
leaf_weight=2106 40 112 24 29 21 34 194 48 21 42 23 47 22 22 25 51 285 32 39 21 24 33 20 38 574 143 21 22 70 221
leaf_count=2106 40 112 24 29 21 34 194 48 21 42 23 47 22 22 25 51 285 32 39 21 24 33 20 38 574 143 21 22 70 221
internal_value=-0.00162398 -0.00212786 0.00430433 0.00372896 0.00607558 0.00465301 -0.000824511 6.75902e-05 0.000999996 0.00264933 0.00396425 0.00273031 0.00234652 0.00168207 0.00329997 -0.00053424 -0.00146633 -0.000212389 0.00159676 0.00321947 0.0073447 0.00161536 0.00366658 -0.00131896 -0.00279851 -0.000329842 0.0055713 0.00486877 -0.00195833 -0.00124742
internal_weight=4404 4059 345 321 119 98 1379 577 345 154 112 89 202 173 100 73 802 226 114 82 58 78 45 232 2680 191 42 61 576 291
internal_count=4404 4059 345 321 119 98 1379 577 345 154 112 89 202 173 100 73 802 226 114 82 58 78 45 232 2680 191 42 61 576 291
cat_boundaries=0 1
cat_threshold=356
is_linear=0
shrinkage=0.03


Tree=61
num_leaves=31
num_cat=2
split_feature=5 5 17 17 17 2 6 6 13 5 5 5 8 11 10 10 2 19 6 11 5 8 4 5 19 11 16 11 12 8
split_gain=13.7397 3.93959 1.42616 1.05349 1.46602 1.10196 0.878889 0.929221 0.915185 0.738251 0.623878 0.671342 0.522051 1.03413 0.634086 1.20532 0.51423 0.476224 0.465595 0.447001 0.439172 0.432089 0.399978 0.382826 0.824013 0.749938 0.487741 0.872875 1.1719 0.434565
threshold=0.33164300202839764 0.15720081135902639 0.59399200068079316 0.3560973534167306 0.34457082155884028 0.17447916666666669 0.56820276497695865 0.69262672811059922 1.0000000180025095e-35 0.21805273833671404 0.36612576064908725 0.347870182555781 0.20477481889322038 0.6830127018922193 0.25000000000000011 0.68301270189221941 0.080729166666666671 0 0.4806451612903227 1.0000000180025095e-35 0.12457741717376607 0.19814297748565238 0.065104166666666671 0.16937119675456394 1 -0.68301270189221952 28.500000000000004 0.6830127018922193 1.0000000180025095e-35 0.12450006889054512
decision_type=2 2 2 2 2 2 2 2 2 2 2 2 2 2 2 2 2 1 2 2 2 2 2 2 1 2 2 2 2 2
left_child=1 20 3 4 5 10 8 -8 22 23 11 -2 13 14 -11 -16 -15 18 -14 21 -1 -17 -5 24 -3 -26 -25 -28 -29 -27
right_child=2 9 -4 6 -6 -7 7 -9 -10 12 -12 -13 17 16 15 19 -18 -19 -20 -21 -22 -23 -24 26 25 29 27 28 -30 -31
leaf_value=-0.0018434251469304575 9.0597261188280788e-05 -0.0002206274213128156 0.00089602480954909945 0.00018157057510716573 0.0003341519088458454 0.00018450670058022366 -4.3472213375317008e-05 0.00026642213746259859 0.0002603622286266469 -0.00015794603136504422 -2.9287104067063512e-06 0.00023811072276774437 0.0001517305553669148 0.0009237153457111989 7.5640866654958777e-05 6.8448402291669465e-05 1.1017117523182407e-05 -0.00011418066781461109 -2.0082487183990065e-05 -2.2667157405252164e-05 -0.00035021223010864267 -4.8182425595905551e-05 -1.2811294593833817e-05 -0.00032655817096544033 -0.00046203659397741704 0.00021842253694420014 -0.00019580763614662032 -0.00048178706654719057 0.00023531862360281352 5.8286198284753502e-05
leaf_weight=2066 32 103 23 20 26 20 76 31 35 101 35 27 26 21 27 44 24 119 89 106 614 20 20 285 53 25 227 31 33 45
leaf_count=2066 32 103 23 20 26 20 76 31 35 101 35 27 26 21 27 44 24 119 89 106 614 20 20 285 53 25 227 31 33 45
internal_value=-0.00161717 -0.00210569 0.00413042 0.00361489 0.00557139 0.00410523 0.00210988 0.000364482 0.00459994 -0.000802756 0.00274465 0.00462704 1.55972e-05 0.00076093 0.000120804 0.00111167 0.00499989 -0.00107692 0.000359996 0.000176469 -0.00277612 0.00215622 0.00149996 -0.00139152 -0.000345132 0.0012857 -0.00180208 -0.000938142 0.00215622 0.00342852
internal_weight=4404 4059 345 322 140 114 182 107 75 1379 94 59 577 343 298 197 45 234 115 170 2680 64 40 802 226 123 576 291 64 70
internal_count=4404 4059 345 322 140 114 182 107 75 1379 94 59 577 343 298 197 45 234 115 170 2680 64 40 802 226 123 576 291 64 70
cat_boundaries=0 1 2
cat_threshold=14 353
is_linear=0
shrinkage=0.03


Tree=62
num_leaves=31
num_cat=0
split_feature=5 5 17 17 2 9 3 6 17 17 5 5 9 11 7 17 2 20 4 5 3 9 17 17 7 6 11 2 7 17
split_gain=13.7397 3.68087 1.42616 1.05349 1.3299 1.19233 1.19175 1.13575 1.11361 1.2841 0.81884 0.672317 0.626263 0.660962 0.595794 0.73581 0.899733 0.815686 0.543435 0.472799 0.471363 0.433826 0.800942 0.904787 0.432433 0.34781 0.345567 0.471367 0.343781 0.299898
threshold=0.33164300202839764 0.15720081135902639 0.59399200068079316 0.3560973534167306 0.17447916666666669 0.8231218088986143 0.065104166666666671 0.66635944700460847 0.32010041698578856 0.29881242682207537 0.21805273833671404 0.16937119675456394 0.53610503282275734 0.6830127018922193 0.097920479806488284 0.34665134882137699 0.11718750000000001 0.55313495128410028 0.059895833333333336 0.12457741717376607 0.12239583333333334 0.4584245076586434 0.31856863245681227 0.30539954046464141 0.13162077050603302 0.36451612903225811 0.25000000000000017 0.13802083333333334 0.085704493569116261 0.33864730188447328
decision_type=2 2 2 2 2 2 2 2 2 2 2 2 2 2 2 2 2 2 2 2 2 2 2 2 2 2 2 2 2 2
left_child=1 19 3 4 7 6 -5 -2 9 -9 11 21 24 14 15 16 17 -14 -15 -1 -18 -3 23 25 28 -23 27 -8 -12 -16
right_child=2 10 -4 5 -6 -7 26 8 -10 -11 12 -13 13 18 29 -17 20 -19 -20 -21 -22 22 -24 -25 -26 -27 -28 -29 -30 -31
leaf_value=-0.001788122392522543 0.00024770414374336152 -0.00026915818408922658 0.00086914406526262676 0.00018118766521641572 0.0002291800062606988 0.00038745887984417156 0.00015800538875679755 7.9699932044526652e-05 -6.0000465447869633e-05 0.00038343934121568072 -6.2900404436416483e-05 -0.00022664401420029775 1.2823091539713576e-05 0.00018590580467830851 -6.4920829721410429e-05 -2.330331684883658e-05 1.2234162692439446e-05 0.00015521203300251866 0.00067887328373891775 -0.00033970586320538422 -8.040914293408786e-05 -0.00028341585390148513 -0.00021242250559090308 0.00013259847015799673 9.879076200372199e-06 8.6643732666931631e-05 -5.5988613184233071e-05 -4.6453577828887979e-05 -8.4718443376523089e-05 4.3091737884637984e-06
leaf_weight=2066 36 67 23 34 24 36 33 32 25 23 95 576 34 23 85 58 27 39 23 614 28 23 92 21 38 23 51 28 99 28
leaf_count=2066 36 67 23 34 24 36 33 32 25 23 95 576 34 23 85 58 27 39 23 614 28 23 92 21 38 23 51 28 99 28
internal_value=-0.00161717 -0.00210569 0.00413042 0.00361489 0.00557139 0.00210988 0.000904103 0.00424134 0.00224997 0.00463628 -0.000846266 -0.00146633 1.55972e-05 0.000826084 0.000311035 0.00135483 0.00262498 0.00480815 0.00417382 -0.00275373 -0.000272723 -7.96464e-05 0.000773579 0.00326861 -0.00118965 0.000913023 -0.000589281 0.00093441 -0.00176288 -0.00140707
internal_weight=4404 4059 345 322 140 182 146 116 80 55 1379 802 577 345 299 186 128 73 46 2680 55 226 159 67 232 46 112 61 194 113
internal_count=4404 4059 345 322 140 182 146 116 80 55 1379 802 577 345 299 186 128 73 46 2680 55 226 159 67 232 46 112 61 194 113
is_linear=0
shrinkage=0.03


Tree=63
num_leaves=31
num_cat=0
split_feature=0 5 1 9 0 17 17 2 17 9 11 18 9 5 16 16 6 1 10 16 1 3 8 7 5 10 18 18 12 9
split_gain=11.9424 2.63128 2.42739 1.22945 0.860785 1.39039 1.33442 1.14221 0.785704 0.732558 0.699596 2.10176 0.672362 0.626996 0.955605 0.98177 0.50953 0.449593 0.417744 0.517273 0.786801 0.396874 0.449781 0.374011 0.349357 0.361399 0.58325 0.593633 0.538093 0.311549
threshold=0.55882118566514938 0.13083164300202843 0.22656250000000003 0.94493070751276453 0.59889677441000055 0.35549811363571898 0.34457082155884028 0.15885416666666669 0.42051740277423205 0.21188913202042306 0.6830127018922193 0.50441176470588245 0.53610503282275734 0.36612576064908725 13.500000000000002 22.500000000000004 0.32304147465437794 0.10677083333333334 -0.24999999999999994 29.500000000000004 0.065104166666666671 0.091145833333333343 0.10133922723468335 0.041944532000914164 0.27281947261663292 0.68301270189221941 0.48088235294117648 0.4485294117647059 -1.0000000180025095e-35 0.5977388767323123
decision_type=2 2 2 2 2 2 2 2 2 2 2 2 2 2 2 2 2 2 2 2 2 2 2 2 2 2 2 2 2 2
left_child=1 -1 3 4 24 6 7 13 -7 -3 16 18 -10 14 -6 -16 21 29 19 -12 -21 22 23 -11 -2 26 27 -26 -29 -18
right_child=2 9 -4 -5 5 8 -8 -9 12 10 11 -13 -14 -15 15 -17 17 -19 -20 20 -22 -23 -24 -25 25 -27 -28 28 -30 -31
leaf_value=-0.0015568504891270106 1.0299732875907748e-05 -0.00047250824402252149 0.00092995738919297811 0.00025074361901177158 0.00030215666243421765 -3.8915784333132624e-05 0.00030538831607191541 0.00019590419647086554 4.4057603172929762e-06 -0.00033893882011907823 -4.3215980175839581e-05 0.00067543284179113865 0.00032517881975841997 -3.1190738250177588e-05 -8.7333518384785766e-05 0.00013046079571501172 -0.00016439495013615245 -0.00018697308839338582 -9.2011526351054712e-05 -0.00021648105587049543 0.00021629142650594942 8.3536750047836605e-05 -0.00037463521625292952 9.679739317303104e-05 -5.8077030224194729e-05 -2.2748307375327512e-05 -1.4595521611111754e-05 5.0156054230784884e-07 0.00019044778731546166 4.7804000447771033e-06
leaf_weight=2187 34 206 25 27 20 77 20 31 39 20 65 36 38 27 24 20 221 95 148 21 30 27 451 35 27 98 65 21 25 244
leaf_count=2187 34 206 25 27 20 77 20 31 39 20 65 36 38 27 24 20 221 95 148 21 30 27 451 35 27 98 65 21 25 244
internal_value=-0.00162398 -0.00225515 0.00224271 0.00185666 0.0015583 0.00267567 0.00481687 0.00363931 0.000701293 -0.00133021 -0.00108327 0.000199999 0.00284412 0.00194503 0.00356244 0.00109088 -0.0014355 -0.000803571 -0.000727271 0.000620684 0.0028823 -0.00209943 -0.00228853 0.000272722 0.000333331 -7.62716e-05 0.000913036 0.00275339 0.00482598 -0.000419355
internal_weight=4404 3786 618 593 566 296 142 122 154 1599 1393 300 77 91 64 44 1093 560 264 116 51 533 506 55 270 236 138 73 46 465
internal_count=4404 3786 618 593 566 296 142 122 154 1599 1393 300 77 91 64 44 1093 560 264 116 51 533 506 55 270 236 138 73 46 465
is_linear=0
shrinkage=0.03


Tree=64
num_leaves=31
num_cat=0
split_feature=20 5 1 5 7 7 16 9 13 9 17 8 18 7 18 17 5 9 13 4 1 1 11 18 16 13 3 8 17 17
split_gain=11.256 2.7654 2.05998 1.67077 1.51314 1.44542 0.813221 0.717199 0.846439 0.848472 0.6883 0.907725 0.756381 0.603987 0.680207 0.595275 0.5238 0.502626 0.426194 0.47346 0.331138 0.296291 0.32635 0.692002 0.798224 0.804749 0.320386 0.343581 0.307583 0.882182
threshold=0.52800106982563555 0.33164300202839764 0.22656250000000003 0.12018255578093308 0.10298321911602835 0.097920479806488284 22.500000000000004 0.57622173595915405 1.0000000180025095e-35 0.71298322392414315 0.33490766743255901 0.26495406874879129 0.49558823529411766 0.10036056523027932 0.46911764705882358 0.32418044799969753 0.24442190669371197 0.21188913202042306 -0.56174490092936669 0.065104166666666671 0.13802083333333334 0.039062500000000007 0.25000000000000017 0.49852941176470594 17.500000000000004 -0.22252093395631442 0.039062500000000007 0.10133922723468335 0.3156752616798571 0.30666575698619936
decision_type=2 2 2 2 2 2 2 2 2 2 2 2 2 2 2 2 2 2 2 2 2 2 2 2 2 2 2 2 2 2
left_child=3 7 4 -1 5 6 -3 -2 16 13 11 -6 -12 14 -10 -8 -9 -5 -14 -20 -18 -19 26 -24 -25 -26 -23 -28 29 -29
right_child=1 2 -4 17 10 -7 15 8 9 -11 12 -13 18 -15 -16 -17 20 21 19 -21 -22 22 23 24 25 -27 27 28 -30 -31
leaf_value=-0.0018035282726152351 -1.7761256815045018e-05 7.6317035888204458e-05 0.00090350172340851996 -0.00047513299903243205 0.00023554957321977009 0.00033853926774790203 0.00014982156473093727 8.4492881709269943e-06 2.522135260889161e-05 -1.2196313954745771e-05 -2.2535196121620734e-05 -5.9080644964268682e-05 0.00035681380499007193 1.1755492567092291e-06 0.00014205938573678094 0.0001460854159648561 -9.4489035117005071e-05 -0.0004905037042690233 -8.6394036302422578e-06 0.00020335839188197568 8.5014945855589242e-05 -0.00041172715390459336 -5.1236821683787047e-05 -0.00032266426417557634 5.4392143448751857e-05 0.00018018368932256308 6.5518816595178987e-05 -0.00017171069610409263 -0.00027012668429562389 0.00011156950101117013
leaf_weight=1988 232 40 24 217 23 21 20 29 21 39 92 20 23 33 28 38 97 270 24 20 25 186 310 21 28 29 31 222 209 44
leaf_count=1988 232 40 24 217 23 21 20 29 21 39 92 20 23 33 28 38 97 270 24 20 25 186 310 21 28 29 31 222 209 44
internal_value=-0.00165123 0.00145229 0.00352173 -0.00239241 0.00288784 0.00557138 0.00404077 3.57135e-05 0.00108088 0.00295039 0.00130692 0.00467431 0.000396223 0.00468287 0.00679578 0.00631024 -0.000417216 -0.00165986 0.00282085 0.00109088 -0.00127868 -0.00144444 -0.00122222 -0.000525773 0.00199997 0.00384204 -0.00161272 -0.00122134 -0.00142105 -0.000744359
internal_weight=4404 849 345 3555 321 119 98 504 272 121 202 43 159 82 49 58 151 1567 67 44 122 1350 1080 388 78 57 692 506 475 266
internal_count=4404 849 345 3555 321 119 98 504 272 121 202 43 159 82 49 58 151 1567 67 44 122 1350 1080 388 78 57 692 506 475 266
is_linear=0
shrinkage=0.03


Tree=65
num_leaves=31
num_cat=0
split_feature=5 7 5 9 7 18 1 6 8 9 17 0 5 6 9 6 8 8 8 2 7 13 4 11 8 10 0 0 17 0
split_gain=11.4623 5.80852 3.37875 1.30711 1.12268 1.30726 1.02767 0.865483 0.730914 0.728085 0.699646 0.678929 0.564358 0.47346 0.372593 0.403898 0.367691 1.43161 0.832848 0.713857 0.358947 0.599442 0.707596 0.385058 0.285208 0.503518 0.457977 0.331542 0.285568 0.219861
threshold=0.34381338742393514 0.38780974986680611 0.13286004056795134 0.97957695113056176 0.11146912280415879 0.48088235294117648 0.091145833333333343 0.65115207373271911 0.29888286581140178 0.80598103574033564 0.36966948439376329 0.62953366514144282 0.35395537525354975 0.64377880184331815 0.19730123997082422 0.33041474654377889 0.20345608835639697 0.19218106975147189 0.19944284209539223 0.039062500000000007 0.069872590815374724 -0.56174490092936669 0.091145833333333343 0.25000000000000017 0.15463481449481423 0.68301270189221941 0.50628773408195216 0.50213191564481241 0.26946642838907336 0.52080508158020811
decision_type=2 2 2 2 2 2 2 2 2 2 2 2 2 2 2 2 2 2 2 2 2 2 2 2 2 2 2 2 2 2
left_child=2 3 -1 4 5 10 14 12 11 20 -2 -9 -6 -7 -4 -16 17 24 -19 -18 21 -8 23 -23 25 26 -17 -27 -26 -22
right_child=1 -3 6 -5 7 13 9 8 -10 -11 -12 -13 -14 -15 15 16 19 18 -20 -21 29 22 -24 -25 28 27 -28 -29 -30 -31
leaf_value=-0.0014013338089912235 0.00025499214819840927 0.00087928278348892879 -0.00039746526079257498 0.00060847682088168028 0.00015650714131929533 0.00015107837122854047 -0.00014236244736932934 0.00024936754545287369 -5.9569282798527819e-05 0.00014984241006561226 0.00032838300011479393 0.0001590544303242252 -0.00010166316395720024 -8.5270708744516989e-05 -0.00024960427421896888 7.7106990803075412e-05 0.00016296805393527599 0.00028464336903107881 1.8792410459348397e-05 -0.00023941660735808879 -0.00015642218780830973 -5.4350892456184657e-05 0.00011408398577705287 6.7912232282210403e-05 3.5897415720647738e-05 -0.00027634973564931626 -7.7449175575412888e-05 3.1251650165339585e-05 -7.2262202131685013e-05 -2.5962076783824709e-06
leaf_weight=2228 27 22 151 24 21 20 35 26 35 33 21 21 60 24 644 20 25 23 24 195 125 28 29 24 21 63 22 37 121 264
leaf_count=2228 27 22 151 24 21 20 35 26 35 33 21 21 60 24 644 20 25 23 24 195 125 28 29 24 21 63 22 37 121 264
internal_value=-0.00167437 0.00397673 -0.00208804 0.00280644 0.00217646 0.00482603 -0.00115287 0.000680977 0.00285362 -4.46103e-05 0.00824983 0.00529776 -0.0015185 0.00109088 -0.00159584 -0.00141841 -0.000822141 -0.000190332 0.00465947 -0.00177272 -0.000326733 0.00113792 0.00255552 0.000461529 -0.000992955 -4.22539e-05 0.00271422 -0.00119999 -0.00194365 -0.000763495
internal_weight=4413 301 4112 279 255 92 1884 163 82 538 48 47 81 44 1346 1195 551 331 47 220 505 116 81 52 284 142 42 100 142 389
internal_count=4413 301 4112 279 255 92 1884 163 82 538 48 47 81 44 1346 1195 551 331 47 220 505 116 81 52 284 142 42 100 142 389
is_linear=0
shrinkage=0.03


Tree=66
num_leaves=31
num_cat=0
split_feature=5 7 5 13 8 6 0 6 7 1 16 10 12 10 9 9 6 5 5 0 5 5 1 9 6 9 1 18 0 1
split_gain=11.3523 5.80852 3.63273 1.16046 1.10555 1.07561 1.19806 0.874443 0.864249 0.818073 0.482687 0.683997 0.877851 0.731692 0.660717 0.434083 0.389236 0.459926 0.995966 0.511228 0.35456 0.350492 0.584108 0.39997 0.29999 0.283031 0.25546 0.290149 0.305129 0.25285
threshold=0.34381338742393514 0.38780974986680611 0.13286004056795134 0.81174490092936691 0.36060968689366818 0.63271889400921666 0.61636054089337511 0.72995391705069135 0.10370144050200945 0.091145833333333343 21.500000000000004 -0.5 -0.60785761079279388 -0.6830127018922193 0.73668854850474119 0.19730123997082422 0.3175115207373273 0.16937119675456394 0.16328600405679514 0.44927585088026639 0.38032454361054774 0.30527383367139965 0.11718750000000001 0.60649161196207169 0.52764976958525367 0.5977388767323123 0.039062500000000007 0.4661764705882353 0.43504883349834955 0.080729166666666671
decision_type=2 2 2 2 2 2 2 2 2 2 2 2 2 2 2 2 2 2 2 2 2 2 2 2 2 2 2 2 2 2
left_child=2 3 -1 4 5 8 -7 20 -2 15 21 13 -13 -12 -14 -4 25 18 19 -18 -8 -11 -23 -24 -10 26 -17 -28 -29 -19
right_child=1 -3 9 -5 -6 6 7 -9 24 10 11 12 14 -15 -16 16 17 29 -20 -21 -22 22 23 -25 -26 -27 27 28 -30 -31
leaf_value=-0.0013592937947214871 0.00021806647523582958 0.0008529042999842611 -0.00038554130296879712 0.00030911112414149319 -0.0001203912790852549 0.00027068473842938858 9.0959321877775241e-05 0.00046508168187142337 0.00012961005084557772 -0.00012584142059625055 1.8547498726537852e-06 9.5740767964911066e-05 -4.0219533033256811e-05 0.00085684637648916707 0.0001818353074662531 -0.00048586033930670167 0.00020157539083937557 -4.4228757642282819e-05 9.5018701894737634e-05 -0.00019121347075147456 -2.7965145416343461e-05 -5.4362754421925097e-05 7.393716176635432e-05 -1.3385493101866242e-05 -4.604374619070917e-05 -0.00029535734378430121 0.0003018556305511346 0.00021553337958554899 -0.00024396721359789148 -6.1540881532749355e-05
leaf_weight=2228 21 22 151 36 43 30 21 29 20 175 27 37 183 26 27 51 36 373 38 61 39 23 20 20 40 323 21 23 158 111
leaf_count=2228 21 22 151 36 43 30 21 29 20 175 27 37 183 26 27 51 36 373 38 61 39 23 20 20 40 323 21 23 158 111
internal_value=-0.00164718 0.00397673 -0.00205885 0.00280644 0.00206172 0.00299998 0.00481508 0.00306738 0.000333329 -0.00108917 -0.000100372 0.000699997 3.64364e-05 0.00379238 -0.000714283 -0.0014844 -0.00129289 -0.000770597 0.000777771 -0.000835044 0.000999983 -0.00110924 0.00080951 0.00299992 -0.00149998 -0.00185416 -0.00110276 -0.00062376 -0.00101104 -0.00120248
internal_weight=4413 301 4112 279 243 200 119 89 81 1884 538 300 247 53 210 1346 1195 619 135 97 60 238 63 40 60 576 253 202 181 484
internal_count=4413 301 4112 279 243 200 119 89 81 1884 538 300 247 53 210 1346 1195 619 135 97 60 238 63 40 60 576 253 202 181 484
is_linear=0
shrinkage=0.03


Tree=67
num_leaves=31
num_cat=1
split_feature=0 7 5 11 1 9 1 2 16 10 11 7 7 1 9 9 0 3 7 9 1 9 7 0 7 1 19 2 2 4
split_gain=10.3735 5.0862 3.54128 1.05956 0.874952 0.719883 0.869679 1.11011 0.593936 0.806913 1.3513 0.568875 0.58773 0.537663 0.528826 0.615936 1.10604 0.501768 0.590732 0.489843 0.503866 0.436147 0.403797 0.346756 0.337291 0.328883 0.30218 0.347319 0.793255 0.767081
threshold=0.59889677441000055 0.38780974986680611 0.13286004056795134 0.6830127018922193 0.091145833333333343 0.97957695113056176 0.13281250000000003 0.13281250000000003 15.500000000000002 -0.5 0.25000000000000017 0.10220618182554275 0.089808076667447473 0.10677083333333334 0.51677607585703877 0.5977388767323123 0.57040581497477094 0.13281250000000003 0.11227999405523552 0.73668854850474119 0.10677083333333334 0.19730123997082422 0.15643284819623146 0.52923474082410504 0.11742592553505851 0.039062500000000007 0 0.091145833333333343 0.065104166666666671 0.065104166666666671
decision_type=2 2 2 2 2 2 2 2 2 2 2 2 2 2 2 2 2 2 2 2 2 2 2 2 2 2 1 2 2 2
left_child=2 3 -1 5 21 6 7 17 -6 10 -10 12 -8 -9 -11 16 -16 18 -2 20 23 -4 -13 -17 -5 -23 -27 28 29 -28
right_child=1 -3 4 24 8 -7 11 13 9 14 -12 22 -14 -15 15 19 -18 -19 -20 -21 -22 25 -24 -25 -26 26 27 -29 -30 -31
leaf_value=-0.0013185149808798422 0.00027104335764596975 0.0008871811752731466 -0.00037397506387973296 6.2640596317507848e-05 -9.0489502493614054e-05 0.00057627006579908584 4.0290625975916401e-07 0.00015393170658796847 -1.5384747499078034e-05 -0.00011715254255354656 0.0007117594998500051 -7.4282720602893834e-05 0.00019385238097827885 0.0003116244516733749 7.142617688451065e-05 -7.1848978361586265e-05 5.4533033812579235e-06 -6.560601594647886e-05 5.735460060376512e-06 4.6315856732758805e-05 -9.2986402748939634e-05 -0.00035522300420357797 0.00016131073116571162 0.00010100068529689854 -0.00015880840301521517 -0.00024816076645098887 -0.00026910954782353357 -8.3820808689970736e-05 5.8324470392088724e-05 8.0650352637648102e-06
leaf_weight=2228 27 20 151 36 160 24 25 25 37 61 37 46 20 20 20 21 37 21 25 30 65 223 29 22 34 152 292 176 197 152
leaf_count=2228 27 20 151 36 160 24 25 25 37 61 37 46 20 20 20 21 37 21 25 30 65 223 29 22 34 152 292 176 197 152
internal_value=-0.00163358 0.00330681 -0.00206181 0.00242168 -0.00108511 0.0032977 0.00279831 0.00462708 -7.15254e-10 0.00072727 0.00348644 0.000999991 0.00366658 0.00833315 -7.03129e-05 0.000692303 0.00331573 0.00234243 0.003923 -0.000391302 -0.00133332 -0.00148101 -0.000599993 0.00118602 -0.000857131 -0.00128859 -0.00104954 -0.000787182 -0.000472699 -0.00117567
internal_weight=4413 352 4061 332 1833 262 238 118 490 330 74 120 45 45 256 195 57 73 52 138 108 1343 75 43 70 1192 969 817 641 444
internal_count=4413 352 4061 332 1833 262 238 118 490 330 74 120 45 45 256 195 57 73 52 138 108 1343 75 43 70 1192 969 817 641 444
cat_boundaries=0 1
cat_threshold=257
is_linear=0
shrinkage=0.03


Tree=68
num_leaves=31
num_cat=2
split_feature=0 7 5 19 8 9 17 1 1 16 8 18 7 0 8 7 4 18 9 18 1 4 17 19 7 7 12 17 17 18
split_gain=10.4307 5.0862 3.41225 1.03926 0.902421 1.72446 1.65471 1.87521 0.736252 0.669309 0.63933 0.631038 0.609355 0.590923 0.518558 0.478732 0.578221 0.436344 0.436147 0.419029 0.328883 0.325744 0.547751 0.30218 0.342966 0.441515 0.402298 0.483274 0.506468 0.451366
threshold=0.59889677441000055 0.38780974986680611 0.13286004056795134 0 0.32168781531003504 0.72611232676878201 0.3560973534167306 0.12239583333333334 0.091145833333333343 21.500000000000004 0.29888286581140178 0.49264705882352944 0.10220618182554275 0.61912653167645637 0.18809772008987066 0.069872590815374724 0.049479166666666671 0.45735294117647063 0.19730123997082422 0.52500000000000002 0.039062500000000007 0.085937500000000014 0.32745381791537814 1 0.12338484922465606 0.11227999405523552 1.0000000180025095e-35 0.33439707258956691 0.32943579269849382 0.47794117647058826
decision_type=2 2 2 1 2 2 2 2 2 2 2 2 2 2 2 2 2 2 2 2 2 2 2 1 2 2 2 2 2 2
left_child=2 3 -1 4 5 6 7 -2 18 -10 15 -7 -8 -9 -5 16 -11 -6 -4 21 -20 22 -17 -22 25 26 27 28 29 -25
right_child=1 -3 8 14 17 11 12 13 9 10 -12 -13 -14 -15 -16 19 -18 -19 20 -21 23 -23 -24 24 -26 -27 -28 -29 -30 -31
leaf_value=-0.001278959531453448 0.00026291205243167859 0.00086056574001495067 -0.00036275581196334181 0.00011912763970429155 6.8471380613019931e-05 0.00030284514184173643 0.00010957759416203539 8.1294827775983336e-05 -4.5375528358723904e-05 -4.1863521573244815e-05 0.00026123377775060734 0.0004336691408099489 -0.00010705959591969147 -3.459067375664821e-05 -3.9760253006710857e-05 7.6376845328709445e-05 8.0151920877289217e-05 -9.1268417225466301e-05 -0.00034456631407747034 0.00024286192261352616 -0.0002407159434574602 -6.1012414605927191e-05 -9.9421709386053082e-05 9.116337505573756e-05 -0.00031628528732841174 0.0001266196349928048 -0.00017321796847115413 -8.0694985037827669e-05 0.00020105574737728119 -5.0641425277538457e-05
leaf_weight=2228 37 20 151 30 20 20 25 22 208 20 20 22 39 23 70 25 43 24 223 23 152 78 73 130 59 38 290 161 23 116
leaf_count=2228 37 20 151 30 20 20 25 22 208 20 20 22 39 23 70 25 43 24 223 23 152 78 73 130 59 38 290 161 23 116
internal_value=-0.00164718 0.00330681 -0.00207658 0.00242168 0.00344627 0.00449998 0.00295888 0.00578042 -0.00111784 -0.000122449 0.000829784 0.00985691 -0.00065624 0.00166663 -0.000272725 0.000435112 0.00271424 -0.000272722 -0.00148101 -0.000286431 -0.00128859 -0.000784087 0.000367342 -0.00104954 -0.000787182 -0.00062533 -0.000791666 -0.000209303 0.00056877 0.00017073
internal_weight=4413 352 4061 332 232 188 146 82 1833 490 282 42 64 45 100 262 63 44 1343 199 1192 176 98 969 817 758 720 430 269 246
internal_count=4413 352 4061 332 232 188 146 82 1833 490 282 42 64 45 100 262 63 44 1343 199 1192 176 98 969 817 758 720 430 269 246
cat_boundaries=0 1 2
cat_threshold=38 257
is_linear=0
shrinkage=0.03


Tree=69
num_leaves=31
num_cat=1
split_feature=5 1 5 5 17 8 5 16 11 1 5 16 8 4 10 19 0 6 8 0 17 10 13 8 8 17 4 11 13 0
split_gain=9.82189 3.64265 2.53233 0.829061 1.12563 1.75489 0.697407 0.678042 0.886954 1.61323 0.659774 0.724253 0.912679 0.559855 0.554825 0.554749 0.674514 0.552226 0.507932 0.441638 0.851916 0.412755 0.344924 0.391638 0.392055 0.276715 0.31488 0.637089 0.333726 0.361897
threshold=0.26876267748478705 0.22656250000000003 0.1288032454361055 0.34381338742393514 0.32010041698578856 0.24450792551719841 0.2748478701825558 29.500000000000004 0.6830127018922193 0.080729166666666671 0.34989858012170388 27.500000000000004 0.24281010727125305 0.049479166666666671 0.25000000000000011 0 0.45421979383876848 0.30921658986175121 0.10192442018860086 0.63245318005513651 0.42051740277423205 0.25000000000000011 1.0000000180025095e-35 0.20249421316166533 0.1482181984897806 0.23951153093353761 0.14322916666666669 1.0000000180025095e-35 -0.22252093395631442 0.57040581497477094
decision_type=2 2 2 2 2 2 2 2 2 2 2 2 2 2 2 1 2 2 2 2 2 2 2 2 2 2 2 2 2 2
left_child=2 3 -1 6 5 -5 -2 -4 13 21 -6 -12 -13 18 -11 -15 17 -17 -9 -14 -21 -10 -18 24 -24 -8 28 -28 -27 -30
right_child=1 -3 7 4 10 -7 25 8 9 14 11 12 19 15 -16 16 22 -19 -20 20 -22 -23 23 -25 -26 26 27 -29 29 -31
leaf_value=-0.0013764028769087506 2.1429130381704196e-05 0.0007734417041942444 -0.00022982880671235123 0.00025949304501396637 0.00015048844719438496 1.1095696458004488e-05 -0.00013839151614858093 2.9544039368982626e-05 0.00025812610939847684 0.00081985232750710318 -3.716398804105595e-05 -3.373095117542574e-05 0.00026815140881293457 -0.00016289720667251486 0.00011484116210444553 3.0026588569108636e-05 -6.7935029456706462e-05 0.00031486725077773661 -0.00036884029586863504 -7.7130813644391013e-05 0.00039547421311170237 -0.00033636620102249699 -0.00021900999854031986 -0.0001870604805175304 8.5856172850862746e-05 -3.6262316591686392e-05 0.00019463553505196679 -3.8341849039474656e-05 -6.515508532632204e-05 2.3559797852054151e-05
leaf_weight=2151 32 33 826 26 22 24 28 36 28 22 72 45 33 113 30 24 122 20 252 23 26 80 22 25 30 80 24 20 22 122
leaf_count=2151 32 33 826 26 22 24 28 36 28 22 72 45 33 113 30 24 122 20 252 23 26 80 22 25 30 80 24 20 22 122
internal_value=-0.00161999 0.00184177 -0.00219862 0.00130718 0.00253505 0.00659987 0.000292681 -0.00130675 -0.000686567 0.00131249 0.00161538 0.00107035 0.00243305 -0.00118323 0.00565374 -0.00038764 0.000438733 0.00381809 -0.00216666 0.00431702 0.00251015 -0.000777771 -0.000286431 0.0012857 0.00276918 -0.000162162 0.000134327 0.00245449 -0.000321428 0.000541662
internal_weight=4413 632 3781 599 271 50 328 1630 804 160 221 199 127 644 52 356 243 44 288 82 49 108 199 77 52 296 268 44 224 144
internal_count=4413 632 3781 599 271 50 328 1630 804 160 221 199 127 644 52 356 243 44 288 82 49 108 199 77 52 296 268 44 224 144
cat_boundaries=0 1
cat_threshold=293
is_linear=0
shrinkage=0.03


Tree=70
num_leaves=31
num_cat=1
split_feature=0 5 5 9 7 16 17 4 9 11 5 1 7 3 18 11 17 12 9 0 19 7 3 3 2 6 6 2 18 17
split_gain=11.5207 2.68525 2.00013 1.20122 1.37224 1.0317 0.885737 1.72826 1.11165 0.876137 0.870778 1.2427 0.923395 0.790699 0.771228 0.734137 0.671227 0.558601 0.4509 0.444425 0.429601 0.444835 0.585818 0.422434 0.348434 0.573664 0.493114 0.848325 0.601917 0.655646
threshold=0.55882118566514938 0.12018255578093308 0.59330628803245444 0.80598103574033564 0.099590664592236089 27.500000000000004 0.3560973534167306 0.075520833333333343 0.57148067104303446 0.6830127018922193 0.33164300202839764 0.13281250000000003 0.086056542320642804 0.033854166666666671 0.50441176470588245 1.0000000180025095e-35 0.35286358607778068 0.87837969732492682 0.72611232676878201 0.61912653167645637 0 0.053262949793462168 0.044270833333333336 0.080729166666666671 0.039062500000000007 0.3175115207373273 0.26958525345622125 0.075520833333333343 0.44264705882352945 0.31099480895242965
decision_type=2 2 2 2 2 2 2 2 2 2 2 2 2 2 2 2 2 2 2 2 1 2 2 2 2 2 2 2 2 2
left_child=1 -1 3 6 -5 -3 7 8 -2 13 -9 12 -12 -7 17 -6 20 -11 -8 -13 23 -22 -23 -15 25 -24 -26 -28 -29 -30
right_child=2 5 -4 4 15 9 18 10 -10 14 11 19 -14 16 -16 -17 -18 -19 -20 -21 21 22 24 -25 26 -27 27 28 29 -31
leaf_value=-0.0015564052396101118 6.353480129055991e-05 -0.00026796382882209897 0.00073869386344993363 0.00037804380411900814 -4.2812296029254328e-05 -0.00031361761955492416 -1.6599039995372175e-05 -5.4791766086939185e-07 0.00021542296662243872 -1.4246079137582818e-05 6.8067764207217212e-05 0.00010875947499089465 0.00028252243766875178 -0.00016092824552391529 0.00057412802877719691 0.00027470129125381243 -0.00037622001999137029 9.5451462653153437e-05 0.0002111312859807742 -5.2253874998676145e-05 -0.0002745549881822836 0.00026437972550074002 -4.8100921719331221e-05 7.1707184963528837e-05 9.3338475613857007e-05 0.00017201441081615134 -0.00022660894467828327 -0.000785380266677544 0.00023169258531474234 -0.00012845445035210748
leaf_weight=1992 31 888 21 29 29 155 213 132 21 116 21 20 37 97 22 31 89 29 21 25 96 36 24 26 27 23 93 21 46 21
leaf_count=1992 31 888 21 29 29 155 213 132 21 116 21 20 37 97 22 31 89 29 21 25 96 36 24 26 27 23 93 21 46 21
internal_value=-0.00157175 -0.00219495 0.00218225 0.00186885 0.00508983 -0.00135821 0.00131861 0.00243553 0.00738447 -0.000654723 0.00134042 0.00340773 0.00631024 -0.00109018 0.00131137 0.00249996 -0.000595993 0.000517237 -5.12825e-05 -0.000333327 -0.000176471 0.000324936 0.000917522 -0.0016466 0.000411762 0.00274462 -0.000115385 -0.000679555 0.0014318 0.00282085
internal_weight=4432 3801 631 610 89 1809 521 287 52 921 235 103 58 754 167 60 599 145 234 45 510 387 291 123 255 47 208 181 88 67
internal_count=4432 3801 631 610 89 1809 521 287 52 921 235 103 58 754 167 60 599 145 234 45 510 387 291 123 255 47 208 181 88 67
cat_boundaries=0 1
cat_threshold=261
is_linear=0
shrinkage=0.03


Tree=71
num_leaves=31
num_cat=1
split_feature=0 5 5 9 7 19 17 17 4 16 6 0 10 13 4 2 2 1 5 10 6 1 9 5 0 7 0 12 9 6
split_gain=10.5811 2.62975 2.08458 1.09881 1.03828 0.940748 0.99178 1.2782 1.18416 0.80744 0.774477 0.858576 0.930188 1.06509 1.67286 0.808536 0.674984 0.6268 1.102 0.55027 0.479873 0.373796 0.352311 0.342906 0.486946 0.523103 0.317432 0.38803 0.302586 0.472575
threshold=0.55882118566514938 0.12018255578093308 0.59330628803245444 0.80598103574033564 0.099590664592236089 0 0.3560973534167306 0.34457082155884028 0.080729166666666671 27.500000000000004 0.307373271889401 0.44927585088026639 -0.5 1.0000000180025095e-35 0.075520833333333343 0.054687500000000007 0.14322916666666669 0.15364583333333334 0.347870182555781 0.68301270189221941 0.63824884792626746 0.11718750000000001 0.61670313639679086 0.18762677484787021 0.48998056559818987 0.075471023833399251 0.59743234789882671 -1.0000000180025095e-35 0.35922684172137131 0.57880184331797246
decision_type=2 2 2 2 2 1 2 2 2 2 2 2 2 2 2 2 2 2 2 2 2 2 2 2 2 2 2 2 2 2
left_child=1 -1 3 5 -5 16 7 8 -7 28 -11 15 13 14 -13 -12 -2 18 21 -6 22 -10 26 24 25 -14 27 -8 -3 -30
right_child=2 9 -4 4 19 6 20 -9 17 10 11 12 23 -15 -16 -17 -18 -19 -20 -21 -22 -23 -24 -25 -26 -27 -28 -29 29 -31
leaf_value=-0.0015097130824218092 -2.815037489262605e-05 -0.00033912080614590111 0.00071653304754643564 0.00036670248999543848 -4.1362147516276722e-05 0.00018300093686828207 -1.4815521992696774e-05 0.00026041223263407564 -3.7568828581224347e-05 -0.0002323449203008734 0.00030763863330049147 0.00082317324972798098 -0.00013805314513813921 -0.00010393369834629706 4.1473891963714573e-05 -7.5946325500970152e-05 5.9722369359021424e-05 -2.9599323576322853e-05 0.00018732377825653643 0.00022711375476978547 0.00020963581873585671 5.5464790638509228e-05 -3.6615288096059793e-05 -0.00010790225633479785 3.563192557883049e-05 6.7177025381993556e-05 -4.7604688985416801e-05 0.00017966406530137597 -0.00017299581452266563 2.723102045923081e-05
leaf_weight=1992 96 403 21 29 32 38 23 20 52 498 21 20 58 29 31 20 24 25 38 28 38 37 37 181 20 43 71 22 465 20
leaf_count=1992 96 403 21 29 32 38 23 20 52 498 21 20 58 29 31 20 24 25 38 28 38 37 37 181 20 43 71 22 465 20
internal_value=-0.0016056 -0.00220284 0.00199207 0.00167213 0.00475275 0.00114587 0.00181751 0.0032857 0.0025263 -0.00137479 -0.000752443 0.000191488 -0.000251309 0.00262497 0.00523519 0.00431697 -0.00115384 0.0013421 0.00219683 0.00249996 0.000298427 0.000370782 -0.000450978 -0.00101324 0.000223138 -0.000623757 0.000362065 0.00233328 -0.00202027 -0.00151546
internal_weight=4432 3801 631 610 89 521 401 210 190 1809 921 423 382 80 51 41 120 152 127 60 191 89 153 302 121 101 116 45 888 485
internal_count=4432 3801 631 610 89 521 401 210 190 1809 921 423 382 80 51 41 120 152 127 60 191 89 153 302 121 101 116 45 888 485
cat_boundaries=0 1
cat_threshold=640
is_linear=0
shrinkage=0.03


Tree=72
num_leaves=31
num_cat=2
split_feature=5 5 5 9 7 19 9 18 5 4 16 17 6 6 2 8 8 18 3 3 5 3 18 4 8 11 3 8 5 19
split_gain=10.0084 2.5326 1.59509 1.24534 1.13991 0.823016 0.872948 1.01201 0.857048 0.791645 0.727234 0.699874 1.17731 1.35032 0.723549 0.572473 1.45857 0.620379 0.714075 0.525044 0.551616 0.773934 0.523406 0.5193 0.546346 0.506289 0.452915 0.477302 0.595205 0.470756
threshold=0.26064908722109537 0.12018255578093308 0.59330628803245444 0.80598103574033564 0.096392604787514213 0 0.44128373450036479 0.45147058823529412 0.34381338742393514 0.15885416666666669 27.500000000000004 0.3560973534167306 0.66635944700460847 0.58571428571428585 0.13281250000000003 0.19218106975147189 0.21743680224164993 0.47500000000000003 0.059895833333333336 0.11197916666666667 0.3113590263691684 0.14322916666666669 0.45147058823529412 0.10677083333333334 0.28621043842988975 0.6830127018922193 0.033854166666666671 0.096943484910633357 0.13894523326572011 1
decision_type=2 2 2 2 2 1 2 2 2 2 2 2 2 2 2 2 2 2 2 2 2 2 2 2 2 2 2 2 2 1
left_child=1 -1 3 5 -5 6 -2 8 -8 11 -3 12 13 -9 -14 25 -17 -18 -19 22 21 -21 -7 24 -6 26 -12 28 -28 -29
right_child=2 10 -4 4 23 19 7 9 -10 -11 15 -13 14 -15 -16 16 17 18 -20 20 -22 -23 -24 -25 -26 -27 27 29 -30 -31
leaf_value=-0.0014644216899491547 -6.0134567516969641e-05 -0.0002567223212977328 0.00069503705612004103 0.00034795803958366018 6.0839312903884794e-05 0.00010877045092657324 0.00019998958081679196 3.0658155840108664e-05 0.00021663584045549544 -5.9762953263761454e-05 -0.000338687672888004 1.2103820895917198e-05 -2.5741332415796556e-05 0.00026191899771345882 0.00021867764207677133 0.00033886652126478199 -0.00047995839932815838 -0.00013268000207457539 0.00010268786719942361 0.00032178121931509537 -6.0207042282667284e-05 -8.7379997547927303e-06 -2.7644372980933755e-05 -4.0334453432655271e-05 0.00026770115546995951 4.2811974052146003e-05 -0.00053075527785369789 -1.9361149157175956e-05 0.00013392386157779266 -0.00034673532416806612
leaf_weight=1992 56 855 21 22 20 27 21 32 21 26 139 73 43 20 20 36 56 27 26 22 42 21 148 31 21 136 21 243 21 193
leaf_count=1992 56 855 21 22 20 27 21 32 21 26 139 73 43 20 20 36 56 27 26 22 42 21 148 31 21 136 21 243 21 193
internal_value=-0.00161236 -0.00222296 0.00171615 0.00145946 0.00465952 0.000933564 0.00193788 0.00274218 0.00699983 0.00190653 -0.00139133 0.00258509 0.00404344 0.00738447 0.00128569 -0.0007951 0.000931027 -0.000798159 0.00152827 -0.000333333 0.00158822 0.00397665 -0.00128571 0.00283329 0.00504866 -0.00112749 -0.0014927 -0.00105439 0.00199995 -0.00134862
internal_weight=4432 3745 687 666 94 572 312 256 42 214 1753 188 115 52 63 898 145 109 53 260 85 43 175 72 41 753 617 478 42 436
internal_count=4432 3745 687 666 94 572 312 256 42 214 1753 188 115 52 63 898 145 109 53 260 85 43 175 72 41 753 617 478 42 436
cat_boundaries=0 1 2
cat_threshold=34 722
is_linear=0
shrinkage=0.03


Tree=73
num_leaves=31
num_cat=3
split_feature=5 5 5 19 16 9 1 7 17 3 18 17 18 5 11 3 19 7 4 5 3 9 18 5 1 3 17 19 6 8
split_gain=9.48261 3.12432 1.38166 0.987963 0.809066 0.712137 1.07645 1.1205 2.7383 0.94884 0.684618 0.653909 0.619452 0.657582 0.498221 0.462178 0.461471 0.502869 0.724234 1.00667 0.502489 0.991999 0.421385 0.408488 0.39825 0.389583 0.380915 0.354976 0.428753 1.16094
threshold=0.30527383367139965 0.12018255578093308 0.59330628803245444 0 27.500000000000004 0.72611232676878201 0.13802083333333334 0.085254260469666679 0.3560973534167306 0.13802083333333334 0.49264705882352944 0.32079294792226054 0.4485294117647059 0.26064908722109537 -0.24999999999999994 0.028645833333333336 1 0.053262949793462168 0.049479166666666671 0.19776876267748481 0.054687500000000007 0.67177242888402644 0.47205882352941181 0.32150101419878302 0.11197916666666667 0.13802083333333334 0.29331619612710885 2 0.22776100429048152 0.13480005795791297
decision_type=2 2 2 1 2 2 2 2 2 2 2 2 2 2 2 2 1 2 2 2 2 2 2 2 2 2 2 1 2 2
left_child=1 -1 3 23 -3 6 7 24 9 -9 25 12 -6 15 -13 -14 -17 -18 -19 20 -20 -22 -10 -2 -5 -7 -15 -16 -29 -30
right_child=2 4 -4 5 11 10 -8 8 22 -11 -12 14 13 26 27 16 17 18 19 -21 21 -23 -24 -25 -26 -27 -28 28 29 -31
leaf_value=-0.0014204890392506802 0.00015764886495316552 -0.00020714613417339918 0.00067418594443643921 -6.0773558189981605e-05 -0.00052419591970442045 0.00018801317836857537 -3.7727704424797106e-06 0.00035666713224615849 -6.0537584137492357e-05 0.00017056690272417556 0.00029086636688687139 -0.00020802402415384658 -0.00024748545840147946 1.7182051623672028e-06 -0.00012517128487469953 -7.2580877603882713e-05 -0.00012572973237090124 -0.0001466353712714276 0.00043262730747366474 -1.3073102858262696e-05 -0.00013712584017814376 8.1257189594370881e-05 0.00011230212509611804 -2.5384194335440308e-05 5.5620444285016226e-05 -8.4623922487797826e-05 0.00048004080792170864 -0.00075778173746156264 0.0003885224443013014 -8.0175181142255456e-06
leaf_weight=1992 24 950 21 23 66 25 100 23 25 22 37 300 37 21 123 110 59 44 28 36 24 21 33 109 21 21 21 21 27 68
leaf_count=1992 24 950 21 23 66 25 100 23 25 22 37 300 37 21 123 110 59 44 28 36 24 21 33 109 21 21 21 21 27 68
internal_value=-0.00163267 -0.00211854 0.00233057 0.0019892 -0.00126687 0.00282352 0.00210121 0.00373467 0.00544655 0.0109998 0.00531319 -0.000673956 0.000147751 0.00059102 -0.0013859 0.000175486 0.00054037 0.00132432 0.0022941 0.00360547 0.00563006 0.00366658 0.00113791 -0.000272726 -0.000272722 0.0028695 0.00414276 -0.000364016 0.000809517 0.00173682
internal_weight=4432 3948 484 463 1956 330 247 147 103 45 83 1006 467 401 539 359 322 212 153 109 73 45 58 133 44 46 42 239 116 95
internal_count=4432 3948 484 463 1956 330 247 147 103 45 83 1006 467 401 539 359 322 212 153 109 73 45 58 133 44 46 42 239 116 95
cat_boundaries=0 1 2 3
cat_threshold=648 281 777
is_linear=0
shrinkage=0.03


Tree=74
num_leaves=31
num_cat=1
split_feature=0 5 1 19 9 6 3 5 7 1 3 3 16 4 1 3 16 2 4 9 4 5 5 9 13 9 2 4 0 7
split_gain=10.1078 2.75169 1.52358 1.00371 1.1737 0.849019 1.93739 0.92556 0.916136 0.894844 0.910824 0.760231 0.722211 0.686486 0.635407 0.627916 0.516265 0.482479 0.622504 0.458708 0.448162 0.41389 1.35439 0.375172 0.979282 0.61753 0.827481 1.43912 0.637035 0.429141
threshold=0.55882118566514938 0.12018255578093308 0.22656250000000003 0 0.44128373450036479 0.42073732718894014 0.059895833333333336 0.28296146044624754 0.077483937672895853 0.16927083333333334 0.096354166666666671 0.10677083333333334 27.500000000000004 0.070312500000000014 0.091145833333333343 0.039062500000000007 25.500000000000004 0.14843750000000003 0.065104166666666671 0.58825674690007312 0.11197916666666667 0.37018255578093312 0.33772819472616639 0.73668854850474119 -0.56174490092936669 0.5977388767323123 0.039062500000000007 0.039062500000000007 0.4652230214593141 0.049629439556436873
decision_type=2 2 2 1 2 2 2 2 2 2 2 2 2 2 2 2 2 2 2 2 2 2 2 2 2 2 2 2 2 2
left_child=1 -1 3 4 -2 -6 -7 -8 -9 10 16 -12 -3 -13 -15 -14 -10 18 19 -5 -11 22 -16 25 -25 26 27 -17 -29 -28
right_child=2 12 -4 17 5 6 7 8 9 20 11 13 15 14 21 23 -18 -19 -20 -21 -22 -23 -24 24 -26 -27 29 28 -30 -31
leaf_value=-0.0013778743680731597 -5.7759490774283687e-05 -0.00024081898585762244 0.00065828967970568339 -9.5326401704783778e-06 -0.0002684782183745133 0.00031107049822485166 0.00017221039076794099 -2.3821059968653291e-05 -0.00013464385419436278 0.00021438650107623457 0.00039592785633016993 0.00018508416516377206 -0.0001907820517525617 -6.4218861814027342e-05 5.1562975173270136e-05 -0.00066837112546322278 0.00011875017960993202 4.6133555361873907e-05 -4.3927700988273126e-05 2.5556467392913812e-05 -7.942323563063576e-05 0.00012612701523428377 0.00028959234107119432 0.00019389905243246211 -6.355108785014273e-05 -0.00011733840249403686 4.0834217584852224e-05 0.00044474826611732725 7.1048741624255119e-05 -9.4667987175456377e-05
leaf_weight=1992 60 888 28 21 20 28 31 46 22 21 20 26 261 21 26 21 36 30 89 24 30 32 20 30 71 295 39 20 24 160
leaf_count=1992 60 888 28 21 20 28 31 46 22 21 20 26 261 21 26 21 36 30 89 24 30 32 20 30 71 295 39 20 24 160
internal_value=-0.00157175 -0.00215549 0.00194453 0.00162686 0.00234521 0.00301582 0.00335096 0.00270996 0.00219999 0.0029055 0.00379801 0.00506893 -0.00130846 0.00419997 0.00306057 -0.00071987 0.000620678 -0.000413791 -0.00120895 0.00166663 -0.000647047 0.00430764 0.0061303 -0.000227273 0.00145543 -0.000531306 0.000522725 0.00346148 0.00654531 -0.000437184
internal_weight=4432 3801 631 603 439 379 359 331 300 254 203 145 1809 125 99 921 58 164 134 45 51 78 46 660 101 559 264 65 44 199
internal_count=4432 3801 631 603 439 379 359 331 300 254 203 145 1809 125 99 921 58 164 134 45 51 78 46 660 101 559 264 65 44 199
cat_boundaries=0 1
cat_threshold=46
is_linear=0
shrinkage=0.03


Tree=75
num_leaves=31
num_cat=0
split_feature=5 0 5 16 3 0 5 9 4 7 8 8 0 11 8 7 9 17 1 5 9 12 17 9 1 17 7 8 1 7
split_gain=10.483 3.67922 2.59053 0.850003 1.55454 1.71797 0.919253 0.728291 0.62653 0.579219 0.719206 2.6281 0.913687 0.617035 0.810431 1.05212 1.12086 0.681067 0.73522 0.878962 1.24645 0.561886 0.553643 0.766844 0.545231 0.462624 0.428457 0.808119 0.397724 0.963318
threshold=0.31947261663286008 0.40444634706958454 0.59330628803245444 28.500000000000004 0.065104166666666671 0.64473107689836062 0.36612576064908725 0.18745441283734501 0.039062500000000007 0.046424089779448369 0.19944284209539223 0.19374835634870594 0.45421979383876848 0.6830127018922193 0.12186878796828471 0.060647555628343786 0.5948212983223925 0.30149451697434415 0.070312500000000014 0.16328600405679514 0.57148067104303446 0.6078576107927941 0.3560973534167306 0.89824945295404834 0.12239583333333334 0.32988681814313686 0.085254260469666679 0.19944284209539223 0.075520833333333343 0.057339111088546425
decision_type=2 2 2 2 2 2 2 2 2 2 2 2 2 2 2 2 2 2 2 2 2 2 2 2 2 2 2 2 2 2
left_child=1 -1 3 6 -5 22 21 -3 -9 -10 11 13 -12 17 -15 -16 -17 18 19 -11 -21 26 24 -24 -6 -26 -2 -28 -19 -30
right_child=2 7 -4 4 5 -7 -8 8 9 10 12 -13 -14 14 15 16 -18 28 -20 20 -22 -23 23 -25 25 -27 27 -29 29 -31
leaf_value=-0.0016145165940125643 -4.8775150880246129e-05 -0.00039472483719063951 0.00070706332895091573 0.00022197305957552814 0.00018814735835407222 0.00038342388061821326 -8.7830489395935958e-05 -0.00030609254186281308 -0.00015128585653865337 2.497077724561464e-05 0.00015564823162864374 0.00026621364160521894 -9.9011401189344324e-05 -0.00031482180247058582 0.00022919397058472084 -5.774436886712837e-06 0.00065888891098940278 -0.00027031217870243619 -6.378921410888734e-05 -1.9248294711333313e-05 0.00033417337102119294 0.00012262137683251526 -5.0254205689430824e-05 7.8026735780731212e-05 -2.1494378490931496e-05 0.00013608193444443175 0.00018855794318760436 -4.6571948939970756e-06 0.00013970045689687733 -4.1973675193267175e-05
leaf_weight=1906 27 199 20 40 28 26 63 516 184 89 34 35 327 47 27 51 21 271 69 24 22 30 70 24 23 25 20 32 20 188
leaf_count=1906 27 199 20 40 28 26 63 516 184 89 34 35 327 47 27 51 21 271 69 24 22 30 70 24 23 25 20 32 20 188
internal_value=-0.00150606 -0.00198015 0.00295794 0.00244117 0.00361015 0.00251019 0.000837204 -0.00112147 -0.000942857 -0.00061533 -0.000379592 9.0277e-05 -0.00150415 -0.000249699 0.00152054 0.00306057 0.00116665 -0.000628111 0.000823525 0.00211109 0.00547814 0.00250456 0.00141176 -0.000127659 0.00331575 0.00137497 0.0011772 0.00276918 -0.00124634 -0.000259615
internal_weight=4458 4030 428 408 236 196 172 2124 1925 1409 1225 864 361 829 146 99 72 683 204 135 46 109 170 94 76 48 79 52 479 208
internal_count=4458 4030 428 408 236 196 172 2124 1925 1409 1225 864 361 829 146 99 72 683 204 135 46 109 170 94 76 48 79 52 479 208
is_linear=0
shrinkage=0.03


Tree=76
num_leaves=31
num_cat=1
split_feature=5 6 18 11 11 9 19 3 17 6 5 9 17 18 16 8 7 16 6 1 18 17 9 7 1 2 6 17 8 1
split_gain=9.5555 3.6745 2.58792 0.911687 1.19721 0.903168 0.978104 1.11546 0.814798 0.71068 0.828097 0.866142 1.16659 0.600123 1.13275 0.676784 0.888905 0.754332 0.503484 0.612516 0.493443 0.898407 0.512922 1.05741 0.467724 0.359948 0.354813 0.606173 0.46261 1.03597
threshold=0.2991886409736309 0.23917050691244243 0.54852941176470593 0.93301270189221952 0.6830127018922193 0.80598103574033564 0 0.054687500000000007 0.43633165971690363 0.32304147465437794 0.16937119675456394 0.65134938001458809 0.26538166964513665 0.45147058823529412 28.500000000000004 0.1813468332704895 0.1598231199900437 13.500000000000002 0.3626728110599079 0.054687500000000007 0.50441176470588245 0.34822568292060257 0.4584245076586434 0.057339111088546425 0.13802083333333334 0.14843750000000003 0.42903225806451623 0.3269817095536991 0.19944284209539223 0.075520833333333343
decision_type=2 2 2 2 2 2 1 2 2 2 2 2 2 2 2 2 2 2 2 2 2 2 2 2 2 2 2 2 2 2
left_child=1 -1 5 4 9 6 7 -2 24 -3 11 18 -13 14 -9 17 -17 -15 -11 -20 21 22 -6 -24 -7 -8 -12 28 29 -28
right_child=2 3 -4 -5 20 8 25 13 -10 10 26 12 -14 15 -16 16 -18 -19 19 -21 -22 -23 23 -25 -26 -27 27 -29 -30 -31
leaf_value=-0.0011052945469627259 0.00013404291887465593 -0.00027175257513474934 0.00090593882640932076 -0.00051826751203228364 7.7949053895648224e-06 -1.6327126444782224e-05 -2.6424023419357467e-05 9.60985543239657e-06 0.00034683330895178186 -0.0002190807919006355 -0.00013971447559263183 0.0002371140093917859 0.00036062093438023798 0.00021025775263783323 0.00018077528195664522 -2.6989830106545824e-05 0.00027725095093678032 5.8542505193827482e-05 -0.00022786386714134511 7.5807407303393976e-05 0.0003693912419055815 -0.00030607190644463364 0.00019414511778886116 0.000192193864374261 0.00016862035396072317 0.00024896060797440785 0.00012187717372216554 1.7300701449188983e-05 -0.00010739389739417662 -1.0056892835335883e-05
leaf_weight=1994 23 754 21 218 88 23 106 26 24 36 297 32 24 25 24 122 26 37 31 21 26 58 22 43 33 21 39 38 164 62
leaf_count=1994 23 754 21 218 88 23 106 26 24 36 297 32 24 25 24 122 26 37 31 21 26 58 22 43 33 21 39 38 164 62
internal_value=-0.00145895 -0.0019587 0.00240117 -0.00103379 -0.000804035 0.00195918 0.00139024 0.00232422 0.00487494 -0.00111749 -0.000459678 0.00158332 0.00449992 0.00184615 0.0047999 0.00114285 4.05396e-05 0.00377413 -0.000272725 0.00161535 0.00117721 0.000696678 0.00190195 0.00392302 0.0028928 -0.000810214 -0.000949999 -0.000227723 -0.000735847 0.000861377
internal_weight=4458 3947 511 1953 1735 490 410 283 80 1498 744 144 56 260 50 210 148 62 88 52 237 211 153 65 56 127 600 303 265 101
internal_count=4458 3947 511 1953 1735 490 410 283 80 1498 744 144 56 260 50 210 148 62 88 52 237 211 153 65 56 127 600 303 265 101
cat_boundaries=0 1
cat_threshold=42
is_linear=0
shrinkage=0.03


Tree=77
num_leaves=31
num_cat=1
split_feature=5 20 18 1 9 19 9 11 9 4 9 7 11 6 12 6 10 13 16 12 5 2 4 5 6 5 16 20 5 5
split_gain=9.07492 4.13263 2.4683 1.03567 0.928185 1.16517 0.810701 0.952247 0.865581 0.643295 1.34005 1.25863 0.640339 0.962742 0.629578 0.606927 0.60163 0.621225 0.525806 0.612606 0.475305 0.694428 1.02077 0.53717 0.510587 0.533664 1.00237 0.440055 0.984406 0.419412
threshold=0.31744421906693715 0.39191207165358427 0.54852941176470593 0.039062500000000007 0.94493070751276453 0 0.21188913202042306 0.6830127018922193 0.5970094821298324 0.10156250000000001 0.51677607585703877 0.11872966494569266 -0.9330127018922193 0.26682027649769591 1.0000000180025095e-35 0.23917050691244243 -0.24999999999999994 -0.56174490092936669 22.500000000000004 -0.60785761079279388 0.14503042596348886 0.033854166666666671 0.049479166666666671 0.14097363083164302 0.32304147465437794 0.17139959432048682 21.500000000000004 0.47964949943148871 0.16125760649087226 0.39452332657200817
decision_type=2 2 2 2 2 1 2 2 2 2 2 2 2 2 2 2 2 2 2 2 2 2 2 2 2 2 2 2 2 2
left_child=1 -1 4 12 5 14 -5 15 16 10 -7 -12 13 -3 -2 -8 17 -9 -11 -20 21 22 -17 -23 -22 26 -26 28 -18 -21
right_child=2 3 -4 6 -6 9 7 8 -10 18 11 -13 -14 -15 -16 20 27 -19 19 29 24 23 -24 -25 25 -27 -28 -29 -30 -31
leaf_value=-0.0019762034470777652 -1.8104406888182576e-05 -0.00069525498050354074 0.00087876066161704102 -0.00028753842865444272 0.00028179437906141152 4.5258665096521232e-05 -0.00039834034993057682 0.00037583763527322439 0.00039777050847371434 -4.7576912454528526e-05 0.00021874578619754124 0.00018585653475267652 -0.00048980902294894907 0.00027556562286628255 4.5456455935022206e-05 -0.00028834270129302932 -0.00033868058668178605 1.0000031413186628e-05 0.00029646271344701126 0.00010312896695760392 -0.0002949036215094586 -0.00010550965213624317 0.00027608648634089387 0.00028920517188002498 0.00014645961824063183 -1.7869041198675295e-05 -0.00012889410782915706 -0.00020127779757971815 8.9165608686154937e-05 -7.4178681871209988e-05
leaf_weight=1724 70 23 21 218 29 53 178 36 36 46 33 37 432 20 58 24 59 83 24 38 268 123 24 21 29 571 43 84 29 24
leaf_count=1724 70 23 21 218 29 53 178 36 36 46 33 37 432 20 58 24 59 83 24 38 268 123 24 21 29 571 43 84 29 24
internal_value=-0.00144549 -0.00188944 0.00268129 -0.00105737 0.0021699 0.00177806 -0.000732749 -0.0005 0.000944951 0.00288678 0.00456094 0.00728561 -0.00230526 0.00118602 -0.000608692 -0.000868852 0.00040206 0.002042 0.00154544 0.0029302 -0.000606528 0.000749995 0.00387492 -0.000291665 -0.000892426 -0.000433904 0.00199997 -0.000732555 0.000749991 0.00135482
internal_weight=4458 4025 433 2301 412 383 1826 1608 327 255 123 70 475 43 128 1281 291 119 132 86 1103 192 48 144 911 643 72 172 88 62
internal_count=4458 4025 433 2301 412 383 1826 1608 327 255 123 70 475 43 128 1281 291 119 132 86 1103 192 48 144 911 643 72 172 88 62
cat_boundaries=0 1
cat_threshold=140
is_linear=0
shrinkage=0.03


Tree=78
num_leaves=31
num_cat=2
split_feature=0 0 1 17 19 8 7 16 7 13 17 19 4 0 6 6 7 11 17 13 8 1 16 11 7 4 3 0 6 2
split_gain=8.39594 3.32041 1.9629 1.11142 0.837469 1.00918 0.90891 0.857501 1.35683 1.42795 1.10979 0.793073 0.830461 0.824633 0.802264 1.15427 0.947459 0.694167 0.624363 0.567328 0.543897 0.519669 0.44448 0.879314 1.14597 0.718287 0.54439 0.424848 0.49624 0.758846
threshold=0.54665645269236129 0.39191207165358427 0.22656250000000003 0.30810143817547447 0 0.17293610086023539 0.074812514672966332 26.500000000000004 0.1598231199900437 0.81174490092936691 0.3560973534167306 1 0.044270833333333336 0.48050469162831005 0.29815668202764983 0.38387096774193558 0.066485721843107512 0.25000000000000017 0.32784443877116848 1.0000000180025095e-35 0.11949420284674021 0.044270833333333336 29.500000000000004 0.6830127018922193 0.075179065199974346 0.049479166666666671 0.049479166666666671 0.52080508158020811 0.52764976958525367 0.070312500000000014
decision_type=2 2 2 2 1 2 2 2 2 2 2 1 2 2 2 2 2 2 2 2 2 2 2 2 2 2 2 2 2 2
left_child=1 -1 3 -2 18 6 -6 -7 9 10 -9 12 -3 14 20 19 -17 -10 -5 -16 21 -14 -13 -24 25 26 -25 -15 29 -29
right_child=2 11 -4 4 5 7 -8 8 17 -11 -12 22 13 27 15 16 -18 -19 -20 -21 -22 -23 23 24 -26 -27 -28 28 -30 -31
leaf_value=-0.0019169173436654318 -1.2293200596402101e-05 -0.00023205007267838122 0.00060174015752553463 3.9819557458158403e-05 9.8606675174278517e-05 -6.068407399198124e-06 0.00024359602122848108 0.00013659319953548453 0.00017682629336047899 0.00023762163245724254 -5.0075373924429774e-05 -0.00031931549575006305 -0.00035651688867083725 -0.00015051234671943861 0.00016482751310394815 0.00024763850221708671 -0.00025186175117949782 0.00026529853599073012 -3.1066756235002134e-05 0.000366890691671435 -0.00038407666096321327 0.00019607532666588177 -0.00019022379391561462 -0.00033884674119277931 0.00061790865435249192 -0.00032831581692347128 0.00045304375710102644 -0.00017016922533501455 -0.00030605233423873095 7.5699055823409976e-05
leaf_weight=1724 207 279 30 21 23 120 27 43 20 23 96 595 20 213 51 22 47 32 87 28 58 22 452 33 24 47 20 27 23 44
leaf_count=1724 207 279 30 21 23 120 27 43 20 23 96 595 20 213 51 22 47 32 87 28 58 22 452 33 24 47 20 27 23 44
internal_value=-0.00145895 -0.00203459 0.00148559 0.00116309 0.00193902 0.00255837 0.00659987 0.00202993 0.00316821 0.0018148 0.000669059 -0.00120449 -0.000476303 0.000189188 0.0014758 0.00287836 4.34769e-05 0.00738447 -0.000457624 0.00535436 -0.000599995 0.00199995 -0.00170449 -0.001125 0.00111289 -0.000299998 0.0020943 -0.000850161 0.000829778 0.00207039
internal_weight=4458 3729 729 699 492 384 50 334 214 162 139 2005 834 555 248 148 69 52 108 79 100 42 1171 576 124 100 53 307 94 71
internal_count=4458 3729 729 699 492 384 50 334 214 162 139 2005 834 555 248 148 69 52 108 79 100 42 1171 576 124 100 53 307 94 71
cat_boundaries=0 1 2
cat_threshold=640 650
is_linear=0
shrinkage=0.03


Tree=79
num_leaves=31
num_cat=2
split_feature=5 5 5 1 19 2 8 9 20 5 2 4 9 11 9 6 5 8 6 11 6 12 10 5 13 11 8 6 20 19
split_gain=8.19302 3.89162 1.50404 0.964796 0.827523 1.12323 1.10891 0.977819 0.859054 0.901748 0.771731 1.35374 0.766306 0.820547 0.813693 0.614739 0.760607 1.41416 0.596648 0.553409 0.964242 0.516094 0.51532 0.881607 0.550458 0.51503 0.621095 0.511306 0.425156 0.420451
threshold=0.31947261663286008 0.10598377281947263 0.59330628803245444 0.039062500000000007 0 0.075520833333333343 0.32168781531003504 0.72611232676878201 0.62953366514144282 0.34381338742393514 0.11197916666666667 0.10677083333333334 0.21188913202042306 0.6830127018922193 0.5970094821298324 0.23917050691244243 0.14503042596348886 0.17890958504461263 0.65115207373271911 -0.9330127018922193 0.26682027649769591 1.0000000180025095e-35 -0.24999999999999994 0.14503042596348886 -0.56174490092936669 1.0000000180025095e-35 0.11570527351525862 0.26384872080088989 0.52080508158020811 1
decision_type=2 2 2 2 1 2 2 2 2 2 2 2 2 2 2 2 2 2 2 2 2 2 2 2 2 2 2 2 2 1
left_child=1 -1 4 19 21 -6 7 8 9 -7 -11 -12 -5 15 22 -14 17 25 -9 20 -3 -2 23 -15 -25 26 -17 -28 -26 -18
right_child=2 3 -4 12 5 6 -8 18 -10 10 11 -13 13 14 -16 16 29 -19 -20 -21 -22 -23 -24 24 28 -27 27 -29 -30 -31
leaf_value=-0.001850962296783029 -1.6684610506056416e-05 -0.00077984168644722011 0.00061425823971583064 -0.00028585147137975576 0.00018660884448088165 3.0807448478464365e-05 -2.6556346077310436e-05 0.00021756762085545626 -1.678598399474036e-05 7.4270773538663007e-05 0.00019657360140871644 8.9748591213115636e-05 -0.0003693384712878631 0.00023244347740312133 0.00033484041494717746 0.0003046852254742807 -1.1588437387459196e-05 0.00036454524381212774 0.00055569023168443061 -0.00047181349215189965 0.00024574891607922897 7.7020444841774003e-05 -4.6833376119534352e-05 0.00052497624962442337 -3.4182967782271462e-05 -0.00019173299837406085 8.0467508154063113e-05 -0.00024314966675301365 4.428050792229508e-05 -9.3652821159625436e-05
leaf_weight=1713 63 27 20 219 32 58 49 26 42 26 22 21 184 20 38 29 477 21 22 426 21 47 177 30 49 72 22 47 21 437
leaf_count=1713 63 27 20 219 32 58 49 26 42 26 22 21 184 20 38 29 477 21 22 426 21 47 177 30 49 72 22 47 21 437
internal_value=-0.00147914 -0.00189826 0.00246728 -0.00109668 0.00207352 0.00284415 0.00230074 0.00322118 0.00214792 0.00337793 0.00569557 0.0081626 -0.000786218 -0.000561577 0.000761191 -0.000905353 -0.000638009 0.00108376 0.00699985 -0.00230379 0.000749984 -0.000249999 0.000232322 0.00174998 0.000599993 0.000176469 0.00159182 4.34769e-05 -0.000857131 -0.000997811
internal_weight=4458 4030 428 2317 408 298 266 217 169 127 69 43 1843 1624 335 1289 1105 191 48 474 48 110 297 120 100 170 98 69 70 914
internal_count=4458 4030 428 2317 408 298 266 217 169 127 69 43 1843 1624 335 1289 1105 191 48 474 48 110 297 120 100 170 98 69 70 914
cat_boundaries=0 1 2
cat_threshold=648 586
is_linear=0
shrinkage=0.03


Tree=80
num_leaves=31
num_cat=1
split_feature=6 1 3 5 9 19 3 18 6 3 12 9 9 0 17 6 8 16 8 0 9 3 0 11 7 0 17 0 3 0
split_gain=6.92165 1.58769 1.3433 1.28411 0.992138 1.13274 0.808703 0.78537 0.735179 0.710877 0.775261 0.859676 1.65163 0.587779 1.12782 0.604603 0.587533 0.556188 0.557565 0.767985 0.537655 0.510852 0.459555 0.45476 0.573177 0.664818 0.443833 0.7729 0.402645 0.399958
threshold=0.29539170506912449 0.096354166666666671 0.12239583333333334 0.10598377281947263 0.21188913202042306 0 0.11197916666666667 0.53970588235294126 0.59032258064516141 0.12760416666666669 -1.0000000180025095e-35 0.58825674690007312 0.52224653537563837 0.48167596075519353 0.30772582817603206 0.33317972350230424 0.26495406874879129 7.5000000000000009 0.13241653228399899 0.4465628893442356 0.20459518599562362 0.039062500000000007 0.60315093627196148 0.6830127018922193 0.060647555628343786 0.45029684738397663 0.34515477772984848 0.54460969367221124 0.059895833333333336 0.62715923987447197
decision_type=2 2 2 2 2 1 2 2 2 2 2 2 2 2 2 2 2 2 2 2 2 2 2 2 2 2 2 2 2 2
left_child=3 4 7 -1 -2 6 8 20 13 -4 -11 12 -12 14 17 -15 22 -6 28 -20 -3 -5 -13 -23 25 -25 -17 -28 -19 -18
right_child=1 2 9 21 5 -7 -8 -9 -10 10 11 16 -14 15 -16 26 29 18 19 -21 -22 23 -24 24 -26 -27 27 -29 -30 -31
leaf_value=-0.0018322133466324988 -0.00028037786623710955 0.00013789856847007298 0.00023818633719036421 -0.00031738033211603473 -0.00045338470169555125 -7.5887590049420633e-05 -0.0001056027775940104 0.00050995318612907954 0.00012335177486858033 -3.8739463397463146e-05 3.6167641543495114e-05 -9.5090180335756445e-05 0.00012142280981011324 -0.00011909821468128735 0.00027462767567104954 -3.5223687622859102e-05 0.0001164062146055467 -0.00066069209891058008 0.00041956240211135572 8.0611524918379831e-05 -6.6950051391451081e-06 -0.00027608891621482587 7.2297487903508979e-05 0.00028543557380271927 -0.00010518230705312941 -0.00017610020768722053 0.0002806943344671745 -2.8520018051409434e-06 0.00013715793727957592 5.1108513533283916e-05
leaf_weight=1692 174 25 21 458 22 438 100 25 22 36 26 27 23 49 20 115 20 23 20 38 405 426 20 20 50 21 24 45 28 20
leaf_count=1692 174 25 21 458 22 438 100 25 22 36 26 27 23 49 20 115 20 23 20 38 405 426 20 20 50 21 24 45 28 20
internal_value=-0.00151793 -6.11558e-05 0.00112037 -0.00248256 -0.000745975 -0.000362288 0.000604649 0.000230768 0.00121182 0.0032176 0.00258138 0.00361762 0.00679578 0.000906247 0.00236422 -3.86272e-05 0.00182756 0.00135113 0.00222934 0.00424131 -6.9768e-05 -0.00161538 -0.0004468 -0.000969051 0.000956033 0.00358528 0.000749995 0.00265213 -5.88231e-05 0.00449989
internal_weight=4433 1766 648 2667 1118 944 506 455 406 193 172 136 49 384 151 233 87 131 109 58 430 975 47 517 91 41 184 69 51 40
internal_count=4433 1766 648 2667 1118 944 506 455 406 193 172 136 49 384 151 233 87 131 109 58 430 975 47 517 91 41 184 69 51 40
cat_boundaries=0 1
cat_threshold=618
is_linear=0
shrinkage=0.03


Tree=81
num_leaves=31
num_cat=1
split_feature=6 11 5 19 6 3 4 18 5 9 11 5 4 10 13 18 3 4 17 17 17 18 6 9 0 8 0 9 18 18
split_gain=7.28457 1.49072 1.39268 1.27605 1.35054 1.04122 0.963836 0.997646 1.88993 0.790515 0.810455 1.42738 0.713668 0.814445 0.777172 0.653301 0.594709 0.507604 0.490176 0.926327 0.480697 0.6744 0.45303 0.446684 0.435107 1.08518 1.0788 0.534657 0.960266 0.395776
threshold=0.29539170506912449 0.93301270189221952 0.10425963488843815 0 0.58571428571428585 0.16927083333333334 0.12239583333333334 0.48970588235294121 0.36612576064908725 0.94493070751276453 0.6830127018922193 0.16734279918864101 0.10156250000000001 0.25000000000000011 0.81174490092936691 0.47794117647058826 0.039062500000000007 0.039062500000000007 0.31805476456995485 0.2666185416354882 0.31729214534933203 0.46029411764705885 0.28617511520737338 0.47191830780452232 0.41625612619461377 0.10842040085988129 0.42967650103131855 0.50474106491611981 0.48088235294117648 0.50441176470588245
decision_type=2 2 2 1 2 2 2 2 2 2 2 2 2 2 2 2 2 2 2 2 2 2 2 2 2 2 2 2 2 2
left_child=2 3 -1 4 12 6 7 8 -6 10 -5 -12 14 -14 29 17 -4 -13 19 -8 21 -18 24 -16 27 -26 -27 -23 -29 -2
right_child=1 -3 16 9 5 -7 18 -9 -10 -11 11 15 13 -15 23 -17 20 -19 -20 -21 -22 22 -24 -25 25 26 -28 28 -30 -31
leaf_value=-0.0018781086249063826 -5.4925085944734917e-05 -0.00028992537189733868 -0.00031872115827902048 -4.4417000083346956e-05 0.00017627027096006286 -6.3102206168785691e-05 -4.607070860968361e-05 0.00051345261319540967 -5.2643915977115538e-05 3.9970276336975714e-05 0.00021734258179624232 0.00015040029588597202 0.00030954124411360421 -4.0589913315121442e-05 -2.3024583315147086e-07 -4.9318870036897166e-05 -0.00068111701922652333 6.2246187925222272e-05 -1.5634057177882769e-05 0.00021947847596696346 -0.00027173794938201303 -0.00074759956389294834 -0.00014925143568533998 0.00012765189120849711 -0.00040533139096397662 0.00022267790078559104 -3.0010731751670683e-05 -0.00051726945153997706 0.00036189146097467334 0.00024025943263092424
leaf_weight=1652 167 213 482 828 35 27 22 27 25 45 20 22 41 28 20 94 49 39 36 24 294 32 23 23 25 25 22 42 21 30
leaf_count=1652 167 213 482 828 35 27 22 27 25 45 20 22 41 28 20 94 49 39 36 24 294 32 23 23 25 25 22 42 21 30
internal_value=-0.00143672 5.77569e-05 -0.00242632 0.000380553 0.00160194 0.00358161 0.00445559 0.0066551 0.00449992 -0.000221173 -0.000397807 0.00145713 0.000398056 0.00308691 -0.000374999 0.000483867 -0.00155172 0.00290159 0.00212192 0.00417382 -0.000861162 0.000138074 0.000947363 0.00327899 0.00149101 0.00324995 0.00593604 0.000157892 0.00176188 -0.00117258
internal_weight=4433 1766 2667 1553 505 196 169 87 60 1048 1003 175 309 69 240 155 1015 61 82 46 533 239 190 43 167 72 47 95 63 197
internal_count=4433 1766 2667 1553 505 196 169 87 60 1048 1003 175 309 69 240 155 1015 61 82 46 533 239 190 43 167 72 47 95 63 197
cat_boundaries=0 1
cat_threshold=34
is_linear=0
shrinkage=0.03


Tree=82
num_leaves=31
num_cat=0
split_feature=1 6 16 2 8 10 4 9 0 5 16 8 16 6 3 4 4 6 8 8 10 10 8 17 12 17 13 9 17 9
split_gain=7.29224 2.04197 0.986815 2.06331 1.27306 1.17539 1.29535 1.00755 0.887757 2.20084 1.12111 1.09116 0.810144 0.693351 0.634269 0.75137 0.879624 0.887542 0.666373 0.655113 0.494656 0.745553 0.701737 0.52897 0.692278 0.449466 0.399656 0.516533 0.369381 0.365992
threshold=0.039062500000000007 0.36635944700460837 25.500000000000004 0.039062500000000007 0.19944284209539223 -0.5 0.096354166666666671 0.53610503282275734 0.61912653167645637 0.34381338742393514 11.500000000000002 0.17796410352255287 18.500000000000004 0.2141744795804863 0.033854166666666671 0.096354166666666671 0.14322916666666669 0.63824884792626746 0.20477481889322038 0.26495406874879129 -0.6830127018922193 -0.5 0.11389472806119225 0.31856863245681227 1.0000000180025095e-35 0.32010041698578856 0.81174490092936691 0.94493070751276453 0.3353331631350524 0.60357403355215189
decision_type=2 2 2 2 2 2 2 2 2 2 2 2 2 2 2 2 2 2 2 2 2 2 2 2 2 2 2 2 2 2
left_child=-1 13 4 -4 7 6 -5 12 9 10 11 -9 -3 -2 -7 26 17 18 -17 -19 -15 22 -22 -24 -25 -18 27 -16 -28 -23
right_child=1 2 3 5 -6 14 -8 8 -10 -11 -12 -13 -14 20 15 16 25 19 -20 -21 21 29 23 24 -26 -27 28 -29 -30 -31
leaf_value=-0.0010150955943019045 -0.00070687015925736181 -0.00024571328566182774 0.00019463987635689109 0.00023418152803628202 -0.00013880413040094945 0.00012917954180765914 0.001005717620372625 0.00013644097970942956 -9.231304711367068e-05 0.00017948595948710631 -2.8328177985379202e-05 1.4943366300379657e-05 9.6448072162219446e-05 -0.00021251567822353691 -5.6740339391629677e-05 7.3828371449722867e-05 9.79116555041311e-06 5.4664953213701802e-05 -7.9171301129795624e-05 0.00022400534825509199 -0.00018872643552697354 -5.3770815896315416e-06 0.00019056029845855447 -0.00015754537020955421 0.00036695427585217407 -5.2166503071960291e-05 -3.6039733476554088e-06 5.7020150752067027e-06 0.0001101927127581625 -0.00016910638047117304
leaf_weight=1968 266 95 26 54 263 21 22 35 24 22 64 39 21 245 167 37 41 21 47 23 20 341 24 26 26 43 20 20 26 386
leaf_count=1968 266 95 26 54 263 21 22 35 24 22 64 39 21 245 167 37 41 21 47 23 20 341 24 26 26 43 20 20 26 386
internal_value=-0.00147056 -0.000383368 0.000554375 0.00143662 -0.000335702 0.00104059 0.00449994 0.000999996 0.00238042 0.00318748 0.0017826 0.00429724 -0.00118965 -0.00117841 0.000476393 0.000235954 0.00152829 0.00309373 0.0012857 0.00654531 -0.000837079 -0.000484812 0.00199998 0.00331575 0.00161535 -0.000857133 -0.000939911 -0.00155614 0.00156518 -0.000812929
internal_weight=4433 2465 1131 568 563 542 76 300 184 160 138 74 116 1334 466 445 212 128 84 44 1068 823 96 76 52 84 233 187 46 727
internal_count=4433 2465 1131 568 563 542 76 300 184 160 138 74 116 1334 466 445 212 128 84 44 1068 823 96 76 52 84 233 187 46 727
is_linear=0
shrinkage=0.03


Tree=83
num_leaves=31
num_cat=2
split_feature=1 6 18 9 0 19 9 3 3 1 6 6 16 4 8 1 6 10 19 10 2 17 12 8 6 12 6 0 0 0
split_gain=6.98728 1.85873 1.06568 0.764175 1.75964 0.744329 0.929072 0.745058 0.829327 1.27726 0.836913 0.693351 0.640656 0.947211 0.995149 0.527777 0.501452 0.494656 0.704268 0.690002 0.513541 0.462624 0.406063 0.399759 0.382626 0.320297 0.488956 0.709431 0.579235 0.483929
threshold=0.039062500000000007 0.36635944700460837 0.53970588235294126 0.48322392414296145 0.46896267166687183 0 0.94493070751276453 0.065104166666666671 0.12239583333333334 0.096354166666666671 0.64746543778801857 0.2141744795804863 12.500000000000002 0.10156250000000001 0.23440816817184998 0.096354166666666671 0.67695852534562229 -0.6830127018922193 1 -0.5 0.049479166666666671 0.33260705618597397 1.0000000180025095e-35 0.20249421316166533 0.59032258064516141 1.0000000180025095e-35 0.2600985221674878 0.48050469162831005 0.46191480048608763 0.45871292428797134
decision_type=2 2 2 2 2 1 2 2 2 2 2 2 2 2 2 2 2 2 1 2 2 2 2 2 2 2 2 2 2 2
left_child=-1 11 3 12 -5 7 -7 -6 15 -10 -11 -2 -3 22 -15 24 -17 -13 -19 20 -20 -22 -14 -24 -9 29 -27 28 -28 -21
right_child=1 2 -4 4 5 6 -8 8 9 10 -12 17 13 14 -16 16 -18 18 19 25 21 -23 23 -25 -26 26 27 -29 -30 -31
leaf_value=-0.00098464272647284736 -0.00068566405447964107 -0.0003127849436443593 0.0004817651598086883 0.00027549633440413537 0.00015857680773211221 -5.8767040539500086e-06 3.2381533832418998e-05 -1.8261307604085998e-05 -5.1267896959273073e-05 0.00014302532705430244 6.3506684530211131e-05 -0.0002061402078768302 -5.2920169216303508e-05 0.0002755789009586843 -4.1315136311948965e-06 -5.5894759641047118e-05 0.00018088912085322667 -0.00017510190560098701 0.00048489578786717981 0.00010919290106893898 0.00016459576739593745 -7.3651853963027262e-05 0.00016570275102742164 -9.2318473742607473e-05 0.00019957376394185594 -0.00054486385082660343 -6.4794112582633947e-05 -0.00026676243624302291 0.00011209530373510773 -3.2282948188395225e-05
leaf_weight=1968 266 127 25 26 20 437 42 28 27 22 46 245 93 29 33 70 21 372 21 91 25 23 21 43 21 72 49 41 24 105
leaf_count=1968 266 127 25 26 20 437 42 28 27 22 46 245 93 29 33 70 21 372 21 91 25 23 21 43 21 72 49 41 24 105
internal_value=-0.0014841 -0.000419879 0.0004748 0.000336346 0.000868419 0.000596729 -0.000116565 0.00186792 0.00146808 0.00363154 0.00582344 -0.00117841 -0.000832368 0.000150684 0.00329027 -7.15251e-10 -0.00135163 -0.000837079 -0.000484812 0.000318871 0.00308691 0.00137497 -0.00108917 0.000749988 0.00251015 -0.000172775 -0.00106451 0.000157893 0.00193148 0.000673465
internal_weight=4433 2465 1131 1106 760 734 479 255 235 95 68 1334 346 219 62 140 91 1068 823 451 69 48 157 64 49 382 186 114 73 196
internal_count=4433 2465 1131 1106 760 734 479 255 235 95 68 1334 346 219 62 140 91 1068 823 451 69 48 157 64 49 382 186 114 73 196
cat_boundaries=0 1 2
cat_threshold=34 275
is_linear=0
shrinkage=0.03


Tree=84
num_leaves=31
num_cat=2
split_feature=6 0 19 0 0 1 9 18 1 9 16 2 19 18 17 17 6 0 17 7 7 7 13 1 9 6 2 17 6 4
split_gain=6.44691 1.82544 1.10567 1.50523 1.17985 1.10271 1.02331 0.902643 0.861501 0.775759 0.58636 0.590034 0.50869 0.584055 0.52082 0.595996 0.44543 0.450291 0.49467 0.404349 0.393833 0.770054 0.914595 0.596257 0.575221 0.809354 0.535121 0.496717 1.17177 0.568118
threshold=0.23244875258223427 0.60199702478080097 0 0.61912653167645637 0.64473107689836062 0.039062500000000007 0.94493070751276453 0.49264705882352944 0.12239583333333334 0.18745441283734501 4.5000000000000009 0.018229166666666668 1 0.44264705882352945 0.4150285082120671 0.36886222449153272 0.55714285714285727 0.44761952423483969 0.27040251893455886 0.10298321911602835 0.051797676022028317 0.060647555628343786 1.0000000180025095e-35 0.044270833333333336 0.4584245076586434 0.36082949308755768 0.054687500000000007 0.27311395361803403 0.48525345622119825 0.085937500000000014
decision_type=2 2 1 2 2 2 2 2 2 2 2 2 1 2 2 2 2 2 2 2 2 2 2 2 2 2 2 2 2 2
left_child=-1 5 3 7 8 -2 -4 19 -5 -7 -11 -12 16 -14 15 20 17 18 -13 -3 23 22 24 -15 -22 -26 -24 28 29 -23
right_child=1 2 6 4 -6 9 -8 -9 -10 10 11 12 13 14 -16 -17 -18 -19 -20 -21 21 27 26 -25 25 -27 -28 -29 -30 -31
leaf_value=-0.0010599388257526614 -0.00034695355152271996 0.00010702416180066611 -6.192331445900221e-05 0.00012040142460447227 0.00046295444032681327 -0.000258221719804637 4.1192968200366107e-05 0.00021328787710709585 -3.4192663371726393e-05 -0.00019794803343861736 0.00039278934292455919 -0.00013327066322660794 -0.00020443268943759105 0.00014558320450824079 0.00013355962739510123 -7.67957528213168e-05 7.8617539972696937e-05 -0.00015117153201000478 8.5003642976886373e-05 0.00010720549225236557 -0.00018466147051698347 0.00015285913927106919 8.2743195323183629e-05 -0.00011507398546298238 -3.8905429775172184e-05 0.00013036244712104597 0.0002705789245679761 -6.3277175283649836e-06 -2.6490906274054884e-06 0.00014024387100580439
leaf_weight=1915 441 31 116 21 30 147 27 20 55 158 36 24 70 23 35 112 20 216 45 21 23 22 20 138 39 20 21 457 108 22
leaf_count=1915 441 31 116 21 30 147 27 20 55 158 36 24 70 23 35 112 20 216 45 21 23 22 20 138 39 20 21 457 108 22
internal_value=-0.00153147 -0.000533757 0.00157943 0.00306381 0.000962254 -0.000842513 -0.000450978 0.00658324 -0.0010263 -0.000505695 -0.000315103 -0.000126121 -0.000222615 8.03564e-05 0.000259614 0.000134328 -0.00128571 -0.00163157 0.000478253 0.00449991 0.000393056 0.000688523 0.00285363 -0.000950305 0.00102438 0.00259318 0.00651204 0.00025123 0.00173683 0.0058635
internal_weight=4433 2518 321 178 106 2197 143 72 76 1756 1609 1451 1415 1110 1040 1005 305 285 69 52 893 732 123 161 82 59 41 609 152 44
internal_count=4433 2518 321 178 106 2197 143 72 76 1756 1609 1451 1415 1110 1040 1005 305 285 69 52 893 732 123 161 82 59 41 609 152 44
cat_boundaries=0 1 2
cat_threshold=34 261
is_linear=0
shrinkage=0.03


Tree=85
num_leaves=31
num_cat=1
split_feature=6 5 1 16 8 5 9 19 20 6 17 9 11 18 9 13 8 12 9 6 5 20 12 11 7 7 5 17 17 9
split_gain=7.32303 3.76966 1.32223 0.920782 1.84737 0.868212 0.85453 1.18033 1.13562 1.05421 1.34153 0.789973 0.653876 0.666388 1.22179 1.03789 0.796285 0.630576 0.546929 0.651647 0.675939 0.674531 0.538563 0.493934 0.48673 0.421348 0.656338 0.395676 0.881627 0.427819
threshold=0.25852534562211987 0.33164300202839764 0.22656250000000003 27.500000000000004 0.09742181278566435 0.10425963488843815 0.97957695113056176 0 0.61912653167645637 0.66635944700460847 0.3560973534167306 0.67177242888402644 0.6830127018922193 0.49558823529411766 0.5977388767323123 -0.22252093395631442 0.20345608835639697 0.87837969732492682 0.52552881108679805 0.32304147465437794 0.17139959432048682 0.46376833820953017 0.6078576107927941 0.6830127018922193 0.073627290967515566 0.10585281245293768 0.16734279918864101 0.31329248574589402 0.30638478309989764 0.66411378555798695
decision_type=2 2 2 2 2 2 2 1 2 2 2 2 2 2 2 2 2 2 2 2 2 2 2 2 2 2 2 2 2 2
left_child=5 3 6 18 -5 -1 7 8 9 10 -3 -10 13 27 15 -15 -16 25 -2 -20 21 -21 -9 -7 -25 26 -14 28 29 -6
right_child=1 2 -4 4 12 23 -8 22 11 -11 -12 -13 17 14 16 -17 -18 -19 19 20 -22 -23 -24 24 -26 -27 -28 -29 -30 -31
leaf_value=-0.0018503108536134299 -0.00019846977468655872 0.00020261933264252387 0.00045429512474214512 0.00019108354581520457 -9.090317482577493e-05 -0.00034036701783956159 0.00028189113001413486 -5.8878610777075246e-05 -1.7054479297141906e-06 4.0507059753968622e-05 8.218489351130036e-05 0.00027326616522673115 0.00012394487719492154 4.7464269841464203e-06 -0.00023699845738149551 0.00017821930088380555 0.00010302237561830656 0.00023540429376782681 -0.00022197302821393077 -3.226010037614991e-05 -6.0565296657390488e-06 0.00016901296362336439 2.9336899273744065e-05 -0.00017324377787136282 0.00015437434229520695 0.00040439621359017474 -1.9680907453070475e-05 -0.00015283422997434243 0.00010855353938399717 5.8543469089448774e-06
leaf_weight=1582 481 20 24 20 188 531 22 85 71 34 21 38 20 26 67 28 21 33 154 22 267 24 32 111 21 32 83 223 40 124
leaf_count=1582 481 20 24 20 188 531 22 85 71 34 21 38 20 26 67 28 21 33 154 22 267 24 32 111 21 32 83 223 40 124
internal_value=-0.0013937 -0.000163637 0.00270604 -0.000701026 -1.65753e-05 -0.00259911 0.00220123 0.00178405 0.00318555 0.00619992 0.00943879 0.00140366 -0.000220339 -0.000615063 0.00122534 0.00477769 -0.000954535 0.00146428 -0.00135443 -0.000623126 0.000162938 0.00352166 -0.000637791 -0.00168778 -4.54549e-05 0.000555551 -0.000378638 -0.00106956 -0.000443181 -0.000980767
internal_weight=4445 2200 347 1853 905 2245 323 301 184 75 41 109 885 717 142 54 88 168 948 467 313 46 117 663 132 135 103 575 352 312
internal_count=4445 2200 347 1853 905 2245 323 301 184 75 41 109 885 717 142 54 88 168 948 467 313 46 117 663 132 135 103 575 352 312
cat_boundaries=0 1
cat_threshold=546
is_linear=0
shrinkage=0.03


Tree=86
num_leaves=31
num_cat=1
split_feature=6 9 1 0 11 19 18 18 1 1 18 0 1 17 7 7 9 7 7 17 3 6 18 11 0 1 13 7 7 6
split_gain=7.00724 2.2416 1.81891 1.78621 1.23598 0.833818 1.28685 0.919993 1.05261 1.26595 0.818834 0.706707 1.23773 0.568315 0.459264 0.729708 0.462818 0.82697 0.466472 0.447944 0.699106 0.514804 0.684661 0.739388 0.354889 0.500484 0.448127 0.338533 0.693031 0.486634
threshold=0.32304147465437794 0.94493070751276453 0.22656250000000003 0.39191207165358427 0.93301270189221952 0 0.49264705882352944 0.49852941176470594 0.12760416666666669 0.15364583333333334 0.47500000000000003 0.60199702478080097 0.12239583333333334 0.36886222449153272 0.065485879597367638 0.046424089779448369 0.38548504741064926 0.061948112052887368 0.052430665001144454 0.32079294792226054 0.039062500000000007 0.28617511520737338 0.49264705882352944 0.6830127018922193 0.4201331308126896 0.059895833333333336 -0.22252093395631442 0.098703409235773101 0.11146912280415879 0.37004608294930885
decision_type=2 2 2 2 2 1 2 2 2 2 2 2 2 2 2 2 2 2 2 2 2 2 2 2 2 2 2 2 2 2
left_child=3 2 4 -1 5 6 11 -8 -9 -10 -3 -2 13 -13 15 -7 -17 18 -18 20 -5 22 23 24 -22 26 -26 29 -29 -16
right_child=1 10 -4 19 -6 14 7 8 9 -11 -12 12 -14 -15 27 16 17 -19 -20 -21 21 -23 -24 -25 25 -27 -28 28 -30 -31
leaf_value=-0.001590787428581885 -6.2437599056653156e-06 7.2977759157453415e-05 0.00043543695545268695 -0.00026045201916733048 -0.00024244143151245734 -0.00010363742951280526 0.00028464321932193426 -3.3400679147185815e-05 0.00026849041841105323 3.2810335056550646e-05 0.00035835453952845969 0.00018164513652316782 -1.5158716236028073e-05 8.0475837766587878e-05 1.5956685735823154e-05 -6.9915780074202591e-05 9.39324530868569e-05 0.00021468308209036591 -2.4510316339042928e-07 -0.00025994123445326542 -0.00036302369720006745 -9.0013595343269983e-05 0.0001952815482420572 0.00047238593562438019 -9.3807057623427926e-05 -0.00051483526683840678 0.00011367798850168296 0.00012512701918497855 -2.1308650616234055e-05 -9.8918775344574572e-05
leaf_weight=1696 227 23 20 194 205 56 32 32 26 37 28 33 40 20 109 31 26 21 56 672 78 157 29 21 24 20 30 69 195 238
leaf_count=1696 227 23 20 194 205 56 32 32 26 37 28 33 40 20 109 31 26 21 56 672 78 157 29 21 24 20 30 69 195 238
internal_value=-0.0014207 0.000228346 1.42559e-05 -0.00228107 -0.000109429 0.000245191 0.00126695 0.00385036 0.0023684 0.00461897 0.00641164 0.000281248 0.00248384 0.00549046 -0.000336622 0.000947363 0.00214924 0.00311647 0.00175608 -0.00140816 -0.000775768 8.35581e-06 0.0010099 0.000294795 -0.000434208 0.00105404 0.00255551 -0.000741407 6.81808e-05 -0.00135735
internal_weight=4445 1524 1473 2921 1453 1248 447 127 95 63 51 320 93 53 801 190 134 103 82 1225 553 359 202 173 152 74 54 611 264 347
internal_count=4445 1524 1473 2921 1453 1248 447 127 95 63 51 320 93 53 801 190 134 103 82 1225 553 359 202 173 152 74 54 611 264 347
cat_boundaries=0 1
cat_threshold=34
is_linear=0
shrinkage=0.03


Tree=87
num_leaves=31
num_cat=2
split_feature=0 0 1 6 17 17 9 19 11 16 0 12 3 3 18 18 9 18 6 0 6 7 19 17 0 17 17 17 6 9
split_gain=7.21696 2.93661 1.2889 0.742522 0.864696 1.06612 0.717337 0.769232 0.635832 0.749698 0.696634 0.620757 0.549439 0.546844 0.536609 0.808536 0.505844 0.496014 0.599252 0.515513 0.817241 0.805209 0.926309 1.26377 1.19631 0.93101 0.788139 0.45926 0.743792 0.489716
threshold=0.41096985593637786 0.59889677441000055 0.22656250000000003 0.53963133640553018 0.42745298272487459 0.36966948439376329 0.18745441283734501 0 0.6830127018922193 26.500000000000004 0.45029684738397663 -1.0000000180025095e-35 0.16927083333333334 0.12239583333333334 0.48088235294117648 0.46323529411764708 0.58825674690007312 0.44558823529411767 0.26197362148418885 0.48167596075519353 0.42534562211981575 0.045545301323032777 1 0.29491107139817901 0.46968181644835522 0.29376877908917742 0.27207075553364507 0.33082290868862235 0.4806451612903227 0.67177242888402644
decision_type=2 2 2 2 2 2 2 1 2 2 2 2 2 2 2 2 2 2 2 2 2 2 1 2 2 2 2 2 2 2
left_child=-1 6 3 -3 5 12 -2 -8 17 -10 -11 -12 13 14 15 -5 -15 -9 -19 21 -21 -20 23 26 -25 -24 -23 29 -29 -22
right_child=1 2 -4 4 -6 -7 7 8 9 10 11 -13 -14 16 -16 -17 -18 18 19 20 27 22 25 24 -26 -27 -28 28 -30 -31
leaf_value=-0.001061145142982545 -0.00034494761362698339 -1.29267233328927e-05 0.00042934626821134603 -7.7637081515368324e-05 0.00028088519250044205 -4.7116034211428694e-05 -0.00019299084700718082 -0.00024850514310877005 -1.5980901819428819e-05 0.00038295062495333378 -2.0221604785171784e-05 0.00012887602433243786 -1.4719902443239714e-05 0.00010873708160085949 -4.1043367334787093e-05 0.00019227279249080855 0.0001766953815174758 -0.0002869040736530106 -0.00015436554951136843 -0.00013447503690951516 -1.3718075208426143e-05 0.00021558093128050968 0.00019731856817937826 0.00012935349636382298 0.00020128460567571876 -0.00020602572666072357 -0.00010520880398914459 9.6056620728963919e-05 -2.7408036556035165e-05 1.0489692573282099e-05
leaf_weight=1987 187 64 22 20 37 54 394 113 143 20 65 93 21 25 38 21 41 221 52 268 158 39 29 31 27 87 37 29 40 82
leaf_count=1987 187 64 22 20 37 54 394 113 143 20 65 93 21 25 38 21 41 221 52 268 158 39 29 31 27 87 37 29 40 82
internal_value=-0.00141395 -0.000327096 0.00224781 0.00176635 0.00248637 0.00177272 -0.000744681 -0.000572615 -0.000260363 0.00092523 0.00222471 0.00155695 0.00296384 0.00362066 0.00193668 0.00431697 0.00563628 -0.000576257 -0.000381819 -3.07174e-05 -0.000556326 0.000973506 0.00167999 0.00324998 0.00682747 -0.00038095 0.000947355 0.000495143 0.00265213 -0.000125
internal_weight=4445 2458 343 321 257 220 2115 1928 1534 321 178 158 166 145 79 41 66 1213 1100 879 577 302 250 134 58 116 76 309 69 240
internal_count=4445 2458 343 321 257 220 2115 1928 1534 321 178 158 166 145 79 41 66 1213 1100 879 577 302 250 134 58 116 76 309 69 240
cat_boundaries=0 1 2
cat_threshold=273 586
is_linear=0
shrinkage=0.03


Tree=88
num_leaves=31
num_cat=2
split_feature=0 5 1 3 7 7 4 5 2 11 11 0 4 3 2 5 19 5 2 1 12 4 1 4 9 3 8 19 8 7
split_gain=6.39001 3.29429 1.46092 0.716559 0.651287 0.759806 0.718826 0.771675 0.686454 0.582265 0.582347 1.09179 0.544143 0.534899 0.533992 0.431332 0.806141 0.657142 0.727643 0.576999 0.901837 0.799993 0.542923 0.834609 0.958793 0.636846 0.527667 0.405429 0.474237 0.399958
threshold=0.39191207165358427 0.33164300202839764 0.23177083333333334 0.039062500000000007 0.11872966494569266 0.085254260469666679 0.091145833333333343 0.37829614604462486 0.11197916666666667 0.93301270189221952 0.6830127018922193 0.42795921805502896 0.039062500000000007 0.13802083333333334 0.14843750000000003 0.17139959432048682 0 0.16328600405679514 0.044270833333333336 0.13281250000000003 1.0000000180025095e-35 0.12760416666666669 0.054687500000000007 0.054687500000000007 0.59117432530999292 0.054687500000000007 0.1237024423506968 1 0.19010694606400499 0.055089635996602375
decision_type=2 2 2 2 2 2 2 2 2 2 2 2 2 2 2 2 1 2 2 2 2 2 2 2 2 2 2 1 2 2
left_child=-1 3 4 27 5 -3 8 -8 -7 10 12 -12 -5 -6 -15 16 17 18 29 -17 -21 -22 -18 24 -24 -25 -20 28 -2 -14
right_child=1 2 -4 9 13 6 7 -9 -10 -11 11 -13 15 14 -16 19 22 -19 26 20 21 -23 23 25 -26 -27 -28 -29 -30 -31
leaf_value=-0.0014821542589232147 -0.00019407612990919546 -1.8517728086088895e-05 0.00041733743310252871 -0.00020862564426367517 -1.1977906863453542e-05 0.00010536555487171516 0.00015063446524972657 -1.1636279587784299e-05 0.00024771022670757177 -0.00027322578273371149 0.00057309869979097882 3.6545625941715633e-06 1.8024009731768206e-05 -8.0771906126974103e-06 0.00020560805668538666 -2.5243330366855785e-05 -0.00015301586894126256 5.1703115645774183e-05 0.00015367178289843312 -3.6275368624116875e-05 -9.0712639190935351e-05 0.00016016615165374314 0.00019045283781522158 0.00017121349802715779 1.2867979088548708e-05 -0.00033249967983225352 -0.00018846767060685577 -0.00025498543961782207 0.0001021625666488874 0.00020544434150589766
leaf_weight=1722 257 44 21 303 125 20 42 25 27 171 24 204 20 21 22 574 151 29 25 24 21 25 20 26 27 51 48 323 33 20
leaf_count=1722 257 44 21 303 125 20 42 25 27 171 24 204 20 21 22 574 151 29 25 24 21 25 20 26 27 51 48 323 33 20
internal_value=-0.00144769 -0.000543151 0.00218731 -0.00094192 0.00169325 0.00307593 0.00436838 0.0023731 0.00721261 -0.000634714 -0.000456031 0.000947364 -0.000690616 0.000392854 0.00327899 -0.000370406 0.000381293 0.00213156 0.00124778 -0.000857142 0.00171426 0.00417382 -0.000578946 0.00087096 0.00402119 -0.00105194 -0.00053424 -0.00182545 -0.000899998 0.00449989
internal_weight=4445 2723 347 2376 326 158 114 67 47 1763 1592 228 1364 168 43 1061 417 142 113 644 70 46 275 124 47 77 73 613 290 40
internal_count=4445 2723 347 2376 326 158 114 67 47 1763 1592 228 1364 168 43 1061 417 142 113 644 70 46 275 124 47 77 73 613 290 40
cat_boundaries=0 1 2
cat_threshold=706 714
is_linear=0
shrinkage=0.03


Tree=89
num_leaves=31
num_cat=2
split_feature=6 5 1 5 11 11 9 19 0 1 5 1 17 18 17 2 1 1 4 0 6 0 19 0 5 18 12 11 7 9
split_gain=6.76657 2.43293 1.49405 1.0321 0.902602 0.734507 0.563993 0.946283 0.755163 0.792592 0.742355 0.511769 0.47916 0.469957 0.667239 0.860149 1.18064 0.490477 0.84999 0.481718 0.637735 0.464311 0.797394 0.907973 0.761487 0.596144 0.462518 0.415656 0.48673 0.397285
threshold=0.25852534562211987 0.33164300202839764 0.23177083333333334 0.10425963488843815 0.93301270189221952 0.6830127018922193 0.97957695113056176 0 0.61912653167645637 0.10677083333333334 0.34381338742393514 0.11718750000000001 0.46476895583354622 0.4485294117647059 0.27125351033954564 0.039062500000000007 0.049479166666666671 0.13281250000000003 0.12239583333333334 0.46376833820953017 0.48525345622119825 0.48050469162831005 1 0.46968181644835522 0.16937119675456394 0.48970588235294121 0.6078576107927941 0.6830127018922193 0.073627290967515566 0.5970094821298324
decision_type=2 2 2 2 2 2 2 1 2 2 2 2 2 2 2 2 2 2 2 2 2 2 1 2 2 2 2 2 2 2
left_child=3 4 6 -1 5 13 7 26 9 -9 -11 -10 -13 -2 15 16 -15 21 -19 -17 -21 22 23 25 -25 -16 -3 -5 -29 -7
right_child=1 2 -4 27 -6 29 -8 8 11 10 -12 12 -14 14 17 19 -18 18 -20 20 -22 -23 -24 24 -26 -27 -28 28 -30 -31
leaf_value=-0.00167263986891507 -0.00015091809686306466 -5.1835479359816944e-05 0.0004048173101094516 -0.00031042217824142068 -0.00033914785531034114 5.1828638307045801e-06 0.0002525228444688504 3.1659064092750553e-05 0.00014041494714927725 5.0334665475424525e-05 0.00018425208196231357 -9.9662108379896223e-06 0.00018818576865642692 -0.00021619491390091429 -0.00022775758978507972 -0.00014918096613448763 0.00031585355358354451 -6.3045965615324588e-05 0.00011131428297668135 8.0476504979508777e-05 -4.3766700391846455e-08 -6.5326736165198629e-05 -0.00012130180164478238 0.00018866746581563856 2.8070059736079317e-05 0.00017534071545095077 4.6155620914072275e-05 -0.00014679365601707827 0.00016132468513459545 0.00023584583052653818
leaf_weight=1582 154 80 21 531 218 211 23 26 28 25 30 62 23 29 52 91 25 27 28 30 108 500 288 22 21 21 29 111 21 28
leaf_count=1582 154 80 21 531 218 211 23 26 28 25 30 62 23 29 52 91 25 27 28 30 108 500 288 22 21 21 29 111 21 28
internal_value=-0.00138695 -0.000204546 0.00210086 -0.00254566 -0.000636266 -0.000394496 0.00160122 0.00125742 0.00244116 0.00477772 0.00681806 0.000982291 -0.000176469 -0.000657593 -0.000463768 0.000816251 0.00422214 -0.000841501 0.00190906 1.30997e-05 0.00113043 -0.00100885 -0.000252475 0.00176189 0.00537197 -0.000123287 -0.000983186 -0.00155203 -4.54549e-05 0.00114225
internal_weight=4445 2200 347 2245 1853 1635 326 303 194 81 55 113 85 1396 1242 283 54 959 55 229 138 904 404 116 43 73 109 663 132 239
internal_count=4445 2200 347 2245 1853 1635 326 303 194 81 55 113 85 1396 1242 283 54 959 55 229 138 904 404 116 43 73 109 663 132 239
cat_boundaries=0 1 2
cat_threshold=204 650
is_linear=0
shrinkage=0.03


Tree=90
num_leaves=31
num_cat=0
split_feature=6 5 18 9 18 9 5 6 17 4 4 6 0 5 3 9 16 3 5 5 2 7 9 0 0 3 13 5 5 11
split_gain=6.85328 2.1613 1.30141 0.837307 0.734327 0.941231 0.685789 0.551101 0.626285 0.569905 0.685912 0.806656 0.98238 2.20104 0.514495 0.557683 0.488999 0.452324 0.618518 0.61733 0.893642 1.03645 1.3995 0.645698 0.980153 1.14589 0.701277 0.660312 0.541211 0.516819
threshold=0.24557444779914192 0.30527383367139965 0.54264705882352948 0.29431072210065656 0.45147058823529412 0.44128373450036479 0.10598377281947263 0.53963133640553018 0.42745298272487459 0.15364583333333334 0.12760416666666669 0.62811059907834121 0.61912653167645637 0.347870182555781 0.14322916666666669 0.5970094821298324 2.5000000000000004 0.039062500000000007 0.18356997971602437 0.15720081135902639 0.044270833333333336 0.053878726895501002 0.58242159008023353 0.47680365491675797 0.46968181644835522 0.065104166666666671 -0.22252093395631442 0.17917511832319136 0.21805273833671404 0.6830127018922193
decision_type=2 2 2 2 2 2 2 2 2 2 2 2 2 2 2 2 2 2 2 2 2 2 2 2 2 2 2 2 2 2
left_child=6 3 4 -2 5 -3 -1 -6 9 10 11 -9 13 -13 15 -7 -5 29 19 20 21 -19 -23 24 26 -26 -21 -25 -20 -18
right_child=1 2 -4 16 7 14 -8 8 -10 -11 -12 12 -14 -15 -16 -17 17 18 28 23 -22 22 -24 27 25 -27 -28 -29 -30 -31
leaf_value=-0.0016350725759617451 -0.00018494481179927796 -8.3409483989829917e-05 0.00045180785153254704 -0.00024253135987908415 -1.125924422862851e-05 0.00015182820012273835 -0.0002953232519893955 -4.0127636333571919e-05 0.000283898780971633 -5.917318767984724e-05 8.6986346831787964e-05 4.0661009890826857e-06 -2.6435916082865154e-05 0.00020656766851750991 9.8089728155242376e-05 -3.4583833382781991e-05 -0.0001691561436667745 -0.0001725928572575436 -0.0001518214753227184 0.00012506857028801941 -0.00010831533657727013 0.00034815295656821229 3.7755172856835006e-05 -0.00010897419438718788 0.00020308354282141209 3.99485014845597e-05 -0.00011794209684385527 8.2139892557578446e-05 -1.8178238513763031e-07 2.2037984668026032e-06
leaf_weight=1592 385 22 20 63 103 21 494 60 28 54 36 35 44 21 22 20 220 60 207 33 249 22 47 76 26 29 42 31 299 58
leaf_count=1592 385 22 20 63 103 21 494 60 28 54 36 35 44 21 22 20 220 60 207 33 249 22 47 76 26 29 42 31 299 58
internal_value=-0.00139104 -0.000273897 0.00150617 -0.000742285 0.00118455 0.00370584 -0.00264046 0.000622045 0.00131654 0.000839996 0.00159183 0.000749995 0.00239998 0.00503562 0.00557134 0.00358528 -0.000414501 -0.000298071 -2.94387e-05 0.000609754 -0.000142857 0.00188371 0.00439124 0.00181012 0.00323074 0.00627261 0.000999986 8.41106e-05 -0.000806323 -0.00138129
internal_weight=4419 2333 486 1847 466 85 2086 381 278 250 196 160 100 56 63 41 1462 1399 1121 615 378 129 69 237 130 55 75 107 506 278
internal_count=4419 2333 486 1847 466 85 2086 381 278 250 196 160 100 56 63 41 1462 1399 1121 615 378 129 69 237 130 55 75 107 506 278
is_linear=0
shrinkage=0.03


Tree=91
num_leaves=31
num_cat=2
split_feature=6 0 1 9 6 4 7 16 13 3 9 16 1 3 0 0 13 3 19 12 3 9 1 6 7 10 6 19 10 16
split_gain=6.82763 2.28252 0.77696 0.768314 0.511432 1.34933 0.869768 0.658184 0.565747 0.734639 0.973086 0.498011 0.466871 0.666835 0.781575 0.789118 0.711232 0.839734 0.613343 0.861574 0.712946 1.04348 0.699657 0.498258 0.698492 0.79954 0.492877 0.478666 1.27068 0.446838
threshold=0.23244875258223427 0.57040581497477094 0.23177083333333334 0.21188913202042306 0.62811059907834121 0.10156250000000001 0.072270684248026615 17.500000000000004 1.0000000180025095e-35 0.065104166666666671 0.70386579139314387 27.500000000000004 0.028645833333333336 0.039062500000000007 0.48050469162831005 0.46968181644835522 -0.56174490092936669 0.065104166666666671 0 0.6078576107927941 0.054687500000000007 0.67177242888402644 0.049479166666666671 0.27050691244239639 0.053878726895501002 0.25000000000000011 0.33317972350230424 1 0.25000000000000011 29.500000000000004
decision_type=2 2 2 2 2 2 2 2 2 2 2 2 2 2 2 2 2 2 1 2 2 2 2 2 2 2 2 1 2 2
left_child=-1 3 4 11 6 7 -3 -6 -8 -10 -11 -2 -5 -14 15 18 -17 -18 23 20 22 -22 -20 24 -15 -26 -16 28 -28 -7
right_child=1 2 -4 12 5 29 8 -9 9 10 -12 -13 13 14 26 16 17 -19 19 -21 21 -23 -24 -25 25 -27 27 -29 -30 -31
leaf_value=-0.00089408351018597241 -0.00033334698153845651 5.4951345549024273e-05 0.00037040292297484817 -0.00063366215400519857 0.00017056170747812926 -3.6242260545700008e-05 -2.9690775542749201e-05 9.0702986023050928e-05 0.00012155821538322452 -1.0055362393151226e-05 0.00027159879254961384 3.677241432482245e-05 -0.00013850508302449725 -0.0002560530350548463 -0.00017356517762216205 -0.0003476970326851153 0.00018095009777286877 9.1649245083847652e-06 0.00041322627659899592 -5.6830575328929879e-05 -4.8390653169639275e-05 0.0003669369497468628 0.00011690362821819332 -0.00023837304943337087 -1.9985804066944244e-06 0.00026331535552418092 0.00018775428255784305 -4.0513726666418095e-05 -5.3906032715377092e-07 9.137544248459455e-05
leaf_weight=1893 243 35 21 168 24 94 156 55 23 58 21 26 330 60 146 30 40 41 21 70 65 21 27 161 30 23 27 343 101 66
leaf_count=1893 243 35 21 168 24 94 156 55 23 58 21 26 330 60 146 30 40 41 21 70 65 21 27 161 30 23 27 343 101 66
internal_value=-0.00138425 -0.000363421 0.00133996 -0.000840852 0.00111654 0.00214643 0.000276449 0.00535436 -0.000325581 0.00141175 3.79735e-05 -0.00233085 -0.000605634 -0.000441407 -0.000114428 0.000667231 0.00294592 0.00440735 0.000138074 0.00134579 0.00282087 0.00118603 0.00574988 -0.000781688 0.000716807 0.00322635 -0.000860615 -0.000388535 0.00113043 0.000562496
internal_weight=4419 2526 553 1973 532 239 293 79 258 102 79 269 1704 1536 1206 589 111 81 478 204 134 86 48 274 113 53 617 471 128 160
internal_count=4419 2526 553 1973 532 239 293 79 258 102 79 269 1704 1536 1206 589 111 81 478 204 134 86 48 274 113 53 617 471 128 160
cat_boundaries=0 1 2
cat_threshold=345 44
is_linear=0
shrinkage=0.03


Tree=92
num_leaves=31
num_cat=0
split_feature=6 5 18 16 6 4 7 5 4 11 1 5 1 5 1 7 7 4 12 2 17 11 7 17 6 18 4 6 16 6
split_gain=6.51359 2.39694 1.30141 0.73461 0.599992 1.11917 1.0146 1.49092 0.645288 0.567895 0.644707 0.740852 0.530911 0.50286 0.566558 0.529987 0.490887 0.634589 0.45363 0.444425 0.439816 0.418902 0.460279 0.58641 0.416654 0.411476 0.4626 0.563284 0.379155 0.368918
threshold=0.23244875258223427 0.30527383367139965 0.54264705882352948 27.500000000000004 0.62811059907834121 0.14322916666666669 0.085254260469666679 0.36409736308316437 0.12760416666666669 0.6830127018922193 0.049479166666666671 0.16734279918864101 0.039062500000000007 0.18154158215010144 0.11197916666666667 0.075870623877683993 0.15643284819623146 0.10677083333333334 -1.0000000180025095e-35 0.12239583333333334 0.36060320618347969 0.6830127018922193 0.052639969885266709 0.32170093543593681 0.73963133640553014 0.50147058823529422 0.075520833333333343 0.53963133640553018 2.5000000000000004 0.32304147465437794
decision_type=2 2 2 2 2 2 2 2 2 2 2 2 2 2 2 2 2 2 2 2 2 2 2 2 2 2 2 2 2 2
left_child=12 3 4 28 8 6 19 -8 18 20 -11 -12 -1 -13 15 -15 17 -9 -3 -6 -5 -14 -23 -24 -7 26 27 -20 -2 -30
right_child=1 2 -4 9 5 24 7 16 -10 10 11 13 21 14 -16 -17 -18 -19 25 -21 -22 22 23 -25 -26 -27 -28 -29 29 -31
leaf_value=-0.0014307285293286116 -0.00038588742068563451 -5.1086768512225976e-05 0.00043386033878406503 -7.340254114269365e-06 2.83564983224933e-05 -5.4430042538238129e-05 0.00010596987295547034 0.00020646492460595696 5.4239755835989209e-05 -0.00025263498692895307 0.00020422138431989216 -0.00035760857825985692 -0.00035975214755119551 4.0807434975126805e-06 -4.8227252180667052e-05 0.00064758935225652154 9.8406589251232111e-05 -0.00010846258051046982 1.135962248880917e-05 -7.6274023816908862e-05 -0.00024901206920954712 -0.00058990601368596682 0.00046892585179013249 -0.00024596028070658719 0.00014879957314417469 -2.8561730727139018e-05 -4.1429433987460868e-06 0.00025388721329427032 -0.00017689976778234711 -1.0373999696177004e-05
leaf_weight=1527 119 82 20 753 20 40 37 26 35 48 28 21 295 31 24 32 40 22 30 25 85 24 20 27 24 34 31 20 383 516
leaf_count=1527 119 82 20 753 20 40 37 26 35 48 28 21 295 31 24 32 40 22 30 25 85 24 20 27 24 34 31 20 383 516
internal_value=-0.00138425 -0.000387174 0.00150617 -0.000838236 0.00118455 0.0022564 0.00352939 0.00491996 0.000103447 -0.000270059 0.00123912 0.0022941 -0.00271474 0.00116666 0.00217239 0.00366661 0.00279542 0.000749984 -0.00056345 -0.000333327 -0.000601432 -0.00168852 0.000380276 0.00210634 -0.00112498 0.000652168 0.00181479 0.00359993 -0.00140864 -0.001198
internal_weight=4419 2526 486 2040 466 234 170 125 232 1022 184 136 1893 108 87 63 88 48 197 45 838 366 71 47 64 115 81 50 1018 899
internal_count=4419 2526 486 2040 466 234 170 125 232 1022 184 136 1893 108 87 63 88 48 197 45 838 366 71 47 64 115 81 50 1018 899
is_linear=0
shrinkage=0.03


Tree=93
num_leaves=31
num_cat=2
split_feature=6 5 18 6 4 7 5 4 16 9 18 9 6 7 4 5 19 7 4 4 1 4 6 18 5 9 0 19 6 6
split_gain=6.73712 2.18539 1.32294 0.674229 1.11917 1.0146 1.49092 0.690514 0.624957 0.636428 1.10602 0.610146 0.500181 0.490887 0.634589 0.489822 0.47115 0.840967 0.569988 0.613079 0.464701 0.452083 0.416654 0.406331 0.386433 0.544434 0.36006 0.511738 1.42999 1.12955
threshold=0.23244875258223427 0.30527383367139965 0.54264705882352948 0.62811059907834121 0.14322916666666669 0.085254260469666679 0.36409736308316437 0.12760416666666669 27.500000000000004 0.31400437636761497 0.48970588235294121 0.35922684172137131 0.32304147465437794 0.15643284819623146 0.10677083333333334 0.16734279918864101 0 0.11146912280415879 0.11197916666666667 0.070312500000000014 0.039062500000000007 0.080729166666666671 0.73963133640553014 0.47205882352941181 0.32150101419878302 0.80598103574033564 0.47964949943148871 1 0.2600985221674878 0.33870967741935493
decision_type=2 2 2 2 2 2 2 2 2 2 2 2 2 2 2 2 1 2 2 2 2 2 2 2 2 2 2 1 2 2
left_child=20 8 3 7 5 23 -7 24 11 10 15 -2 21 14 -8 -10 17 18 19 -14 -1 -13 -6 -5 -3 -26 27 28 -11 -30
right_child=1 2 -4 4 22 6 13 -9 9 26 -12 12 16 -15 -16 -17 -18 -19 -20 -21 -22 -23 -24 -25 25 -27 -28 -29 29 -31
leaf_value=-0.0013878066734487528 -0.00022649611424419849 7.5060431982033982e-05 0.00042084452862054141 -4.8597214707200311e-05 -5.279714126209078e-05 0.0001027907767668046 0.000200270976867778 5.2612563160910385e-05 3.5889449518505564e-05 -0.00028465843119400463 0.00022827230756084543 -0.00017738321548539711 6.8805648852969431e-05 9.5454391573696155e-05 -0.00010520870309515635 -8.7289984839648984e-05 -1.243611551182738e-05 -0.00039202324261021102 -9.1474547443268288e-05 0.00011380088989495093 -0.00030832871948167028 0.00015546473861231805 0.00014433558594984942 2.5840799914116665e-05 -3.071518891710238e-05 0.00025171415494999928 -2.5346008249986371e-05 -5.5099106801871555e-05 0.00021201451530127618 -5.871832923956711e-05
leaf_weight=1527 472 35 20 24 40 37 26 35 26 75 26 222 47 40 22 27 180 27 20 28 366 22 24 21 135 27 395 369 57 47
leaf_count=1527 472 35 20 24 40 37 26 35 26 75 26 222 47 40 22 27 180 27 20 28 366 22 24 21 135 27 395 369 57 47
internal_value=-0.00137746 -0.000363421 0.00144444 0.00112017 0.0022564 0.00352939 0.00491996 -2.58627e-05 -0.000794118 -0.000270059 0.00231643 -0.00132024 -0.000637362 0.00279542 0.000749984 -0.000169809 0.000178807 0.00154544 0.00299997 0.00419994 -0.00273059 -0.00164753 -0.00112498 -0.000333327 -0.000715733 -0.00133333 -0.000486745 1.09482e-05 0.00128571 0.00363458
internal_weight=4419 2526 486 466 234 170 125 232 2040 1022 79 1018 546 88 48 53 302 122 95 75 1893 244 64 45 197 162 943 548 179 104
internal_count=4419 2526 486 466 234 170 125 232 2040 1022 79 1018 546 88 48 53 302 122 95 75 1893 244 64 45 197 162 943 548 179 104
cat_boundaries=0 1 2
cat_threshold=104 778
is_linear=0
shrinkage=0.03


Tree=94
num_leaves=31
num_cat=1
split_feature=0 0 16 9 17 0 8 0 13 9 4 19 9 16 13 17 8 8 17 2 8 8 4 2 2 16 18 18 17 4
split_gain=6.72437 2.09898 0.848291 0.612077 0.602245 1.09781 0.896446 0.554837 1.21014 0.512052 0.590383 0.616053 0.491839 0.473324 0.625858 0.383727 0.79363 0.506807 0.910903 0.500828 0.445106 0.432121 0.416681 0.382084 0.646249 0.372774 0.381255 0.415741 0.478038 0.42571
threshold=0.39054903600795815 0.57040581497477094 29.500000000000004 0.61159737417943127 0.27423198025699952 0.42698937538429221 0.21743680224164993 0.65204532230327683 -0.22252093395631442 0.35922684172137131 0.044270833333333336 0 0.66411378555798695 12.500000000000002 1.0000000180025095e-35 0.36171389668964354 0.17662210150131016 0.19522708183397192 0.2803591183729045 0.13802083333333334 0.2538063739792234 0.20249421316166533 0.14322916666666669 0.14322916666666669 0.11718750000000001 19.500000000000004 0.48970588235294121 0.47205882352941181 0.29292738108862354 0.065104166666666671
decision_type=2 2 2 2 2 2 2 2 2 2 2 1 2 2 2 2 2 2 2 2 2 2 2 2 2 2 2 2 2 2
left_child=-1 2 9 4 5 -4 -7 15 -9 -2 -11 13 -5 14 -12 17 -17 22 -19 20 21 -20 23 24 -3 26 27 28 -13 -29
right_child=1 7 3 12 -6 6 -8 8 -10 10 11 25 -14 -15 -16 16 -18 18 19 -21 -22 -23 -24 -25 -26 -27 -28 29 -30 -31
leaf_value=-0.0013797384056589471 -0.00021970123162582428 2.4428788617369606e-05 0.00019508598058870239 -0.00019318072438577255 -1.9692867623095413e-08 4.7269496871667235e-05 -0.00013127070687369617 -8.9159971539647565e-05 0.00025943212491578548 -0.00022677117648052904 4.7873394080691162e-05 5.9295255829625124e-05 -2.132038463535963e-05 -2.7375579427487027e-05 9.1968850752608916e-05 0.00016284638823632719 -5.9296712030829999e-06 -6.3772998915995912e-05 4.1715656055932876e-05 0.00019454503092307911 0.00013122143603567986 -4.7085501314895982e-05 -8.4127745624275162e-05 0.00010254317821320992 -3.6286479071555312e-05 -0.00040026483396077479 -0.00023322448972128981 -9.8794056685180068e-06 -0.00026384657566916401 0.00017152726405311272
leaf_weight=1700 492 43 24 203 442 21 37 21 34 191 34 41 350 57 32 21 208 35 21 39 23 24 27 24 33 64 58 34 49 37
leaf_count=1700 492 43 24 203 442 21 37 21 34 191 34 41 350 57 32 21 208 35 21 39 23 24 27 24 33 64 58 34 49 37
internal_value=-0.00134352 -0.000418169 -0.000839336 -0.00024234 0.000492365 0.00285362 0.000620678 0.00123146 0.00409083 -0.00142975 -0.000839195 -0.000192118 -0.000938516 0.00151127 0.00336358 0.00091566 1.30997e-05 0.00168401 0.00291547 0.00428968 0.00273525 0.000999977 0.000307083 0.00119999 0.000157892 -0.000952216 -0.000397259 0.000354034 -0.00099999 0.00207039
internal_weight=4419 2719 2166 1077 524 82 58 553 55 1089 597 406 553 123 66 498 229 269 142 107 68 45 127 100 76 283 219 161 90 71
internal_count=4419 2719 2166 1077 524 82 58 553 55 1089 597 406 553 123 66 498 229 269 142 107 68 45 127 100 76 283 219 161 90 71
cat_boundaries=0 1
cat_threshold=104
is_linear=0
shrinkage=0.03


Tree=95
num_leaves=31
num_cat=2
split_feature=0 5 9 4 14 19 5 7 7 7 0 4 1 5 5 3 19 9 13 4 1 2 0 4 3 18 5 2 4 13
split_gain=6.50633 1.82028 0.577956 0.578761 0.557982 0.758731 0.678212 1.16379 0.627524 0.818075 0.577576 0.689627 0.543813 0.464009 0.915267 0.685812 0.459302 0.734752 0.676393 1.64424 0.602789 0.647518 0.635888 0.441058 0.62361 0.558617 0.646837 0.56925 0.673004 0.422539
threshold=0.40444634706958454 0.27079107505070998 0.21188913202042306 0.039062500000000007 1.0000000180025095e-35 0 0.13894523326572011 0.06472586299055598 0.048395520318080192 0.05781654739842261 0.46101389626997746 0.054687500000000007 0.044270833333333336 0.10040567951318459 0.10818120351588913 0.039062500000000007 1 0.44128373450036479 0.81174490092936691 0.070312500000000014 0.075520833333333343 0.19010416666666669 0.56764902299890541 0.065104166666666671 0.065104166666666671 0.51911764705882357 0.33367139959432052 0.11718750000000001 0.10156250000000001 0.81174490092936691
decision_type=2 2 2 2 2 1 2 2 2 2 2 2 2 2 2 2 1 2 2 2 2 2 2 2 2 2 2 2 2 2
left_child=12 2 -2 -4 29 10 -7 8 -8 -10 11 -6 -1 -14 15 -15 -3 -18 20 -20 -19 22 -22 -24 -25 26 -26 -28 -29 -5
right_child=1 16 3 4 5 6 7 -9 9 -11 -12 -13 13 14 -16 -17 17 18 19 -21 21 -23 23 24 25 -27 27 28 -30 -31
leaf_value=-0.0013102248042381453 -0.00018512360903484831 -3.7659974014309307e-07 -0.00017642060273673064 -5.1665260828757119e-05 -0.00026666537088947649 -0.00012451209530876307 1.3143819926022645e-05 8.9839249870021445e-06 0.00020622845558777983 0.00010173595860760733 -0.00017736258518589142 0.00017736779793015917 -0.00068800840207522136 -0.00041476067629674232 -0.00023798701757627537 0.00027518056196592624 -5.6861526734554218e-05 -0.00011598672956200826 0.0002122787065782883 -4.0846130069091556e-07 0.00017496772334773329 -0.00014772187017971205 -1.3214955145897795e-05 0.00022454570564983751 -9.3575961283997608e-08 -2.3889801866776603e-05 0.00022883517841209609 0.00017646210413188807 7.1316111450730368e-06 2.6096533398147481e-05
leaf_weight=1663 250 151 521 722 20 32 20 110 22 22 67 29 111 24 73 25 70 36 30 35 20 22 34 24 59 29 32 21 50 120
leaf_count=1663 250 151 521 722 20 32 20 110 22 22 67 29 111 24 73 25 70 36 30 35 20 22 34 24 59 29 32 21 50 120
internal_value=-0.00135284 -0.000362638 -0.000813954 -0.000614244 -0.000242269 0.000819873 0.0018611 0.00268964 0.00590616 0.00790891 -0.00109523 0.00128569 -0.00268354 -0.00132618 -4.91806e-05 0.00312238 0.00106199 0.00151271 0.00205101 0.00484608 0.00149541 0.00194845 0.00235315 0.00193975 0.00244185 0.0018691 0.00255554 0.00399025 0.00249292 -0.000648456
internal_weight=4444 2548 1935 1685 1164 322 206 174 64 44 116 49 1896 233 122 49 613 462 392 65 327 291 269 249 215 191 162 103 71 842
internal_count=4444 2548 1935 1685 1164 322 206 174 64 44 116 49 1896 233 122 49 613 462 392 65 327 291 269 249 215 191 162 103 71 842
cat_boundaries=0 1 2
cat_threshold=401 704
is_linear=0
shrinkage=0.03


Tree=96
num_leaves=31
num_cat=0
split_feature=0 5 16 4 13 17 8 8 7 6 9 10 8 1 8 7 9 17 4 17 16 16 17 17 9 13 10 7 4 0
split_gain=6.23715 1.8417 0.701219 0.634383 0.559274 0.910054 0.82546 1.16598 0.679334 1.28555 1.21692 1.87354 0.591602 0.572414 0.600109 0.763729 0.519669 0.516093 0.539929 0.79053 0.952726 0.571034 0.474285 1.08371 0.435805 0.837027 0.405061 0.756137 0.40281 0.871905
threshold=0.38756185137941357 0.30730223123732259 4.5000000000000009 0.028645833333333336 1.0000000180025095e-35 0.32784443877116848 0.19944284209539223 0.18809772008987066 0.050725144218469499 0.45576036866359454 0.69146608315098479 0.25000000000000011 0.19522708183397192 0.039062500000000007 0.096943484910633357 0.043866641571054833 0.59263311451495271 0.34907667432558936 0.10677083333333334 0.33116330525061705 19.500000000000004 8.5000000000000018 0.29652795506765389 0.31966905237705384 0.53610503282275734 0.81174490092936691 -0.6830127018922193 0.075870623877683993 0.085937500000000014 0.44358963562553105
decision_type=2 2 2 2 2 2 2 2 2 2 2 2 2 2 2 2 2 2 2 2 2 2 2 2 2 2 2 2 2 2
left_child=-1 2 -2 -4 13 6 7 8 10 26 11 -6 -7 -5 15 -15 -13 18 19 20 -3 -20 -23 -24 -19 -26 -10 -28 -16 -30
right_child=1 17 3 4 5 12 -8 -9 9 -11 -12 16 -14 14 28 -17 -18 24 21 -21 -22 22 23 -25 25 -27 27 -29 29 -31
leaf_value=-0.0013306014118073368 -0.00025816349151341092 2.4335520229448404e-05 -0.0002774040018509296 -0.00029006634114996598 0.00022161273898446167 -7.0942549358000442e-05 -2.4116869868017356e-05 0.00026939106938916169 -9.3614089968597854e-05 9.5148652728082106e-05 -0.0001927227318834314 -7.1255499537807639e-05 3.6633517687567896e-05 -7.2957130216019743e-05 -7.2363564269013864e-05 0.00024058347030757936 0.00022913979392148672 -4.3135403870693676e-05 -5.4904794850996553e-05 0.00035121957145617508 -2.253352995025865e-05 -4.6247428091139985e-06 0.00014014115162735887 3.5776716245358589e-06 1.1608127859280732e-05 8.5398081583634675e-05 -0.00018690356604025182 9.0608784519902354e-05 0.00019586091051000687 -4.0750778055125507e-06
leaf_weight=1680 241 21 356 168 23 192 141 24 65 25 34 20 25 26 541 21 22 89 23 22 24 42 26 29 150 26 66 27 30 265
leaf_count=1680 241 21 356 168 23 192 141 24 65 25 34 20 25 26 541 21 22 89 23 22 24 42 26 29 150 26 66 27 30 265
internal_value=-0.00137984 -0.000503618 -0.000846021 -0.000667794 -0.000428572 0.000253011 0.00102684 0.00190195 0.0013617 0.000278686 0.0033636 0.00576914 -0.00134101 -0.000859182 -0.000553794 0.00274462 0.00199995 0.00124778 0.00245453 0.00461187 0.00233328 0.00124999 0.00225771 0.00409083 0.000396224 0.00126136 -0.000721515 0.00054838 -0.000739234 0.000152541
internal_weight=4444 2764 2312 2071 1715 664 447 306 282 183 99 65 217 1051 883 47 42 452 187 67 45 120 97 55 265 176 158 93 836 295
internal_count=4444 2764 2312 2071 1715 664 447 306 282 183 99 65 217 1051 883 47 42 452 187 67 45 120 97 55 265 176 158 93 836 295
is_linear=0
shrinkage=0.03


Tree=97
num_leaves=31
num_cat=2
split_feature=20 5 16 9 6 7 13 7 8 20 9 10 7 8 19 8 5 8 9 16 8 20 19 1 7 8 5 7 9 18
split_gain=6.41362 1.77386 0.708076 0.597093 0.620665 0.612289 0.504361 0.852074 1.06408 0.931519 1.00895 0.780385 0.664216 0.917527 0.584748 0.762411 0.838552 0.530115 0.47779 0.830952 0.47346 0.404698 0.597423 0.962426 0.649974 0.759965 0.704903 0.624968 0.587165 0.543678
threshold=0.38756185137941357 0.30730223123732259 3.5000000000000004 0.20459518599562362 0.20519397970534159 0.049184323483876809 1.0000000180025095e-35 0.055388226996607351 0.1102151217543471 0.4823181611744996 0.65134938001458809 0.25000000000000011 0.051797676022028317 0.099015322869268382 0 0.13422374372751167 0.19168356997971606 0.19123505505912505 0.52552881108679805 12.500000000000002 0.12113624105212735 0.58757867942685726 1 0.13802083333333334 0.085704493569116261 0.18264427710219064 0.3600405679513185 0.067795911274033463 0.97957695113056176 0.49264705882352944
decision_type=2 2 2 2 2 2 2 2 2 2 2 2 2 2 1 2 2 2 2 2 2 2 1 2 2 2 2 2 2 2
left_child=-1 2 -2 5 -5 20 12 8 -8 10 11 -10 -6 -14 15 -9 17 -17 -18 -20 -4 -3 23 24 27 -26 -27 -23 -24 -25
right_child=1 21 3 4 6 -7 7 14 9 -11 -12 -13 13 -15 -16 16 18 -19 19 -21 -22 22 28 29 25 26 -28 -29 -30 -31
leaf_value=-0.001290683369453116 -0.00028911966328169526 0.00016324186864649816 7.750744925778473e-05 -0.00032543374191909167 -0.00012802801451126285 -0.00024036893608289173 -0.00010298551581543804 -0.00018037658612845992 0.00020838269531156604 -4.3903870092816572e-06 0.0001130209605565762 0.00011749471122167872 0.00039740917055325098 -1.5302557449722762e-05 -3.0113048312360492e-05 0.00031020825433022119 -0.00011279896729105842 1.4817662692400308e-05 0.00018369620966421173 -1.8751006071228922e-06 -0.00020487794980138447 3.3806326339624928e-05 -1.3410626144713969e-05 -3.6659727740336196e-05 0.00017078292559276532 -0.0001151078651783866 0.00018632690399666464 -4.5477242525482693e-05 0.00025867757810845137 6.4439371028408705e-05
leaf_weight=1680 173 32 20 162 224 188 67 85 25 38 42 36 20 759 284 20 38 27 21 59 24 20 161 48 20 23 39 20 20 69
leaf_count=1680 173 32 20 162 224 188 67 85 25 38 42 36 20 759 284 20 38 27 21 59 24 20 161 48 20 23 39 20 20 69
internal_value=-0.00135959 -0.000471057 -0.000807094 -0.000657784 -0.000482958 -0.00209482 -0.000318052 0.000274932 0.00190384 0.00338295 0.00486403 0.00732775 -0.00075673 -0.000342747 -0.000359551 0.000692304 0.00190908 0.00529776 0.000559317 0.00187498 0.00109088 0.00124778 0.000999997 0.00193975 0.00388521 0.00541457 0.00377413 0.000749981 -0.000329842 7.69217e-05
internal_weight=4444 2764 2312 2139 1907 232 1745 742 208 141 103 61 1003 779 534 250 165 47 118 80 44 452 420 239 122 82 62 40 181 117
internal_count=4444 2764 2312 2139 1907 232 1745 742 208 141 103 61 1003 779 534 250 165 47 118 80 44 452 420 239 122 82 62 40 181 117
cat_boundaries=0 1 2
cat_threshold=526 98
is_linear=0
shrinkage=0.03


Tree=98
num_leaves=31
num_cat=0
split_feature=5 5 16 1 17 11 4 2 3 5 2 5 6 5 2 18 17 4 17 9 5 5 5 12 5 17 18 6 18 3
split_gain=6.54512 1.65149 0.913318 0.97698 0.707144 0.788216 0.814947 0.824467 0.797263 1.58187 0.601896 0.858535 0.571149 0.740677 2.23732 0.598738 0.546346 0.531676 0.514402 0.597796 0.666471 0.742716 1.06763 1.77934 1.074 0.438778 0.769997 0.697942 0.558876 1.54949
threshold=0.10040567951318459 0.30730223123732259 27.500000000000004 0.039062500000000007 0.36533061016083745 0.6830127018922193 0.10156250000000001 0.039062500000000007 0.039062500000000007 0.11054766734279921 0.091145833333333343 0.2281947261663286 0.24654377880184339 0.14300202839756596 0.044270833333333336 0.4661764705882353 0.30149451697434415 0.033854166666666671 0.33260705618597397 0.20459518599562362 0.13894523326572011 0.17139959432048682 0.15720081135902639 1.0000000180025095e-35 0.14503042596348886 0.34907667432558936 0.436764705882353 0.61797235023041486 0.48676470588235299 0.12760416666666669
decision_type=2 2 2 2 2 2 2 2 2 2 2 2 2 2 2 2 2 2 2 2 2 2 2 2 2 2 2 2 2 2
left_child=-1 2 18 -4 5 8 7 -7 -5 -10 11 12 -11 14 -14 -15 -13 -9 19 -2 -21 22 24 -24 -22 26 -3 -28 -29 -30
right_child=1 25 3 4 -6 6 -8 17 9 10 -12 16 13 15 -16 -17 -18 -19 -20 20 21 -23 23 -25 -26 -27 27 28 29 -31
leaf_value=-0.0014213780832907652 -0.00028845323620347967 0.00014040387585490389 -0.00022077075555729621 -0.00013618079520564072 -0.00010430139349375313 0.00060106082081245798 0.00098352139312445682 0.00012139955131148593 0.00018083482722875517 -0.00025876130338123169 -3.6435586366988316e-05 6.095371885605901e-06 0.00020716509492712664 0.00012608850606852883 -5.6949970824888057e-05 -9.3389489082053543e-06 0.00015025403460588814 -3.3068140594018736e-05 -0.00021794625918841664 -0.00022224566000476941 0.000186928712607369 -1.6159962500765564e-05 0.00021361078180335584 -3.4632259807773951e-05 -0.00018932155699315583 1.6155098928039118e-05 0.00011111862254686675 -3.3349321652485946e-06 -4.5617097226516409e-05 0.00021919086969535875
leaf_weight=1584 214 23 275 174 129 21 22 25 20 65 107 20 23 23 37 199 21 71 267 214 27 311 34 34 75 265 22 96 24 22
leaf_count=1584 214 23 275 174 129 21 22 25 20 65 107 20 23 23 37 199 21 71 267 214 27 311 34 34 75 265 22 96 24 22
internal_value=-0.00133933 -0.000482518 -0.000794851 -0.000224027 0.000228839 0.000550723 0.00261149 0.00161537 0.000134977 0.000728153 0.000393938 0.000943296 0.000458211 0.00104255 0.00399993 0.000243241 0.00504866 0.000437495 -0.00139286 -0.0010528 -0.000625899 -6.23771e-06 0.00158823 0.00449993 -0.000352938 0.00118141 0.0022941 0.00157316 0.000802811 0.00352166
internal_weight=4444 2860 2408 1232 957 828 139 117 689 515 495 388 347 282 60 222 41 96 1176 909 695 481 170 68 102 452 187 164 142 46
internal_count=4444 2860 2408 1232 957 828 139 117 689 515 495 388 347 282 60 222 41 96 1176 909 695 481 170 68 102 452 187 164 142 46
is_linear=0
shrinkage=0.03


Tree=99
num_leaves=31
num_cat=1
split_feature=6 0 16 9 0 8 7 9 0 9 19 12 0 0 7 13 2 6 7 16 6 4 2 2 10 2 0 18 18 16
split_gain=6.44352 1.46002 0.96173 0.996726 1.04416 0.630256 0.809354 0.606662 0.591179 0.589476 0.606808 0.78148 1.20404 2.44988 0.55626 0.543198 1.06446 0.758712 0.519517 0.50764 0.479761 0.740843 0.761163 0.918239 0.805166 0.779379 0.509623 0.524736 0.625289 0.481364
threshold=0.20519397970534159 0.57040581497477094 28.500000000000004 0.30598103574033558 0.48652783205086364 0.096943484910633357 0.047824124604727077 0.94493070751276453 0.41625612619461377 0.20459518599562362 0 1.0000000180025095e-35 0.48396969785105232 0.4646856256676653 0.070186626513688774 1.0000000180025095e-35 0.028645833333333336 0.24654377880184339 0.05468897878109228 18.500000000000004 0.53963133640553018 0.049479166666666671 0.19010416666666669 0.17447916666666669 0.25000000000000011 0.11197916666666667 0.59889677441000055 0.51911764705882357 0.49558823529411766 9.5000000000000018
decision_type=2 2 2 2 2 2 2 2 2 2 1 2 2 2 2 2 2 2 2 2 2 2 2 2 2 2 2 2 2 2
left_child=-1 2 8 4 14 6 -5 15 -2 -10 -11 12 13 19 -4 18 17 -17 -7 -12 -3 -22 23 24 25 -23 -26 28 29 -28
right_child=1 20 3 5 -6 7 -8 -9 9 10 11 -13 -14 -15 -16 16 -18 -19 -20 -21 21 22 -24 -25 26 -27 27 -29 -30 -31
leaf_value=-0.0011342702439708957 -0.00037341977325292751 -3.2731278596531293e-06 0.00011354915998010164 -3.0919757435872622e-05 0.00044252207604642929 -0.0002710799837173583 0.00038964453454283889 1.9736629982221997e-05 -0.00026884844959927922 -0.00017857321314605808 0.00010125787236629 -5.9740173664132161e-05 -1.9559932120718827e-05 0.00027988574098454901 -0.00017463748050195604 -0.00019806803134207268 -2.3835007031794704e-05 0.00021065588174467201 -4.0176143486285844e-05 -8.0704811561463314e-05 0.00016446410442468219 0.00027964584718637885 -0.00010430815580140912 0.00013499001157324061 -1.5306722685816401e-05 0.00015753090420404231 -6.2816592810270859e-05 -3.8358963593855825e-05 0.0001988820052773058 7.0240925854463942e-05
leaf_weight=1629 236 163 39 39 20 156 20 26 193 343 37 155 132 30 20 21 367 29 388 23 21 23 35 23 79 28 22 21 35 91
leaf_count=1629 236 163 39 39 20 156 20 26 193 343 37 155 132 30 20 21 367 29 388 23 21 23 35 23 79 28 22 21 35 91
internal_value=-0.00133258 -0.000463588 -0.000796834 -0.000173334 0.00307591 -0.000418738 0.00259318 -0.000598784 -0.00140731 -0.00106134 -0.000666666 0.000178293 0.00132432 0.00399995 0.00106778 -0.000721124 9.35242e-05 0.00419992 -0.00134559 0.000499991 0.000937151 0.0015238 0.00120168 0.00165838 0.00121404 0.00464697 0.000508062 0.00143786 0.00206755 0.000982291
internal_weight=4444 2815 2274 1125 79 1046 59 987 1149 913 720 377 222 90 59 961 417 50 544 60 541 378 357 322 299 51 248 169 148 113
internal_count=4444 2815 2274 1125 79 1046 59 987 1149 913 720 377 222 90 59 961 417 50 544 60 541 378 357 322 299 51 248 169 148 113
cat_boundaries=0 1
cat_threshold=405
is_linear=0
shrinkage=0.03


Tree=100
num_leaves=31
num_cat=1
split_feature=6 0 10 16 13 9 19 6 0 13 3 9 13 0 4 18 2 9 6 6 0 8 10 9 7 3 3 11 1 1
split_gain=7.25997 1.56969 0.98762 2.29699 1.33341 0.811428 0.590657 0.651672 1.0391 1.2523 0.937644 0.568223 0.595971 1.24715 0.511731 0.592972 0.694994 0.493864 0.488638 0.834847 0.876703 0.567245 1.04944 0.474446 0.44226 0.456502 0.410244 0.404827 0.400205 1.07745
threshold=0.20519397970534159 0.52800106982563555 -0.5 26.500000000000004 1.0000000180025095e-35 0.19730123997082422 0 0.29631336405529957 0.48050469162831005 1.0000000180025095e-35 0.059895833333333336 0.52552881108679805 -0.22252093395631442 0.64012436066452116 0.11197916666666667 0.48676470588235299 0.080729166666666671 0.36323851203501106 0.67235023041474673 0.60875576036866375 0.6006938435474457 0.19944284209539223 0.25000000000000011 0.65134938001458809 0.04793894859859054 0.054687500000000007 0.096354166666666671 0.6830127018922193 0.070312500000000014 0.049479166666666671
decision_type=2 2 2 2 2 2 1 2 2 2 2 2 2 2 2 2 2 2 2 2 2 2 2 2 2 2 2 2 2 2
left_child=-1 5 3 26 -5 24 7 -7 9 17 -11 -4 14 18 -13 -16 -17 -9 19 21 -21 22 -14 -24 25 -2 -3 -23 29 -19
right_child=1 2 11 4 -6 6 -8 8 -10 10 -12 12 13 -15 15 16 -18 28 -20 20 -22 27 23 -25 -26 -27 -28 -29 -30 -31
leaf_value=-0.0011004548503822569 6.0722593936048041e-05 -0.00014421898672515278 -2.6135883635200228e-05 0.00091431883434063999 9.8851345997438998e-05 -7.0078406536104018e-05 -9.5398524072460068e-05 -0.00037188071539513912 -5.2232770760834894e-06 0.00034083450497362458 1.1252228459771785e-05 -3.9320793671506679e-05 -0.00026437202505811262 0.00036150500973352944 -1.8095217931752619e-05 -4.9270977651685852e-05 5.2445380124320919e-05 -0.0002154135031128035 -2.0548511597447037e-05 0.00017786003323676445 1.4296445014842972e-05 -8.0893653931556446e-05 2.6900661025535419e-05 0.0002261672936191592 -0.00030750899322412817 -0.00026050573601126838 6.5106050194706542e-05 7.2343455878110172e-05 -9.4365673058022898e-05 0.00032418934400713317
leaf_weight=1640 25 52 189 33 27 421 883 28 224 28 50 94 21 28 54 26 34 22 66 21 26 65 32 21 201 21 26 21 22 26
leaf_count=1640 25 52 189 33 27 421 883 28 224 28 50 94 21 28 54 26 34 22 66 21 26 65 32 21 201 21 26 21 22 26
internal_value=-0.00125164 -0.000319699 0.000767941 0.00308693 0.00749987 -0.000785751 -0.000552817 3.24902e-05 0.000899997 0.00262498 0.00546147 0.000309454 0.000831039 0.00168438 -0.000403845 0.000947359 0.00299995 0.000367342 0.00106593 0.0017826 0.00529776 0.000749995 0.00267564 0.00492443 -0.0023927 0.000260863 -0.000307689 -0.000906967 0.00171426 0.00324993
internal_weight=4427 2787 836 138 60 1951 1704 821 400 176 78 698 509 301 208 114 60 98 273 207 47 160 74 53 247 46 78 86 70 48
internal_count=4427 2787 836 138 60 1951 1704 821 400 176 78 698 509 301 208 114 60 98 273 207 47 160 74 53 247 46 78 86 70 48
cat_boundaries=0 1
cat_threshold=618
is_linear=0
shrinkage=0.03


Tree=101
num_leaves=31
num_cat=1
split_feature=5 5 9 19 5 5 9 9 17 18 3 17 17 4 17 5 4 0 5 2 17 3 1 9 9 1 3 4 0 17
split_gain=7.03043 1.31774 0.728616 0.611934 0.562796 0.542055 0.57231 0.460335 0.7854 0.680506 0.511047 0.456474 0.656992 0.568664 0.711199 0.474874 0.451857 0.430998 0.697401 0.696293 0.391838 0.373104 0.361548 0.48276 0.503264 0.445311 0.433625 0.315775 0.910164 0.838983
threshold=0.10158891142663963 0.30730223123732259 0.18745441283734501 0 0.57707910750507108 0.32150101419878302 0.5977388767323123 0.61670313639679086 0.43633165971690363 0.50735294117647067 0.12760416666666669 0.32170093543593681 0.30539954046464141 0.070312500000000014 0.30945715551721215 0.12677484787018259 0.039062500000000007 0.62715923987447197 0.34381338742393514 0.13281250000000003 0.36966948439376329 0.13281250000000003 0.065104166666666671 0.44128373450036479 0.72611232676878201 0.049479166666666671 0.049479166666666671 0.091145833333333343 0.43439828646662476 0.33208765798362
decision_type=2 2 2 1 2 2 2 2 2 2 2 2 2 2 2 2 2 2 2 2 2 2 2 2 2 2 2 2 2 2
left_child=-1 2 -2 16 5 6 -3 17 9 10 20 12 -5 14 -14 -16 22 18 -7 -20 -9 27 23 26 -25 -26 -4 -18 -29 -30
right_child=1 4 3 11 -6 7 -8 8 -10 -11 -12 -13 13 -15 15 -17 21 -19 19 -21 -22 -23 -24 24 25 -27 -28 28 29 -31
leaf_value=-0.0012312015569593752 -0.00026878065190533916 0.00028908087187196144 0.00028146543775052772 -7.4671065182408723e-05 0.00035966256119399266 -3.8454420866578101e-05 1.1566007819285532e-05 0.00012381166321893968 0.00022561852425887784 0.00010518951000164805 -4.5620377310860514e-05 -0.00017317310681364844 0.00011292071449938722 -0.00031545153611857793 9.7391546473099631e-05 -3.6831192393396157e-05 2.6056300642111783e-06 -5.186380683624008e-05 9.5419155181976372e-06 6.1720862997542947e-05 -5.0509296998529706e-05 -7.0466202227040654e-05 -0.00016682731450776695 -0.00024581609112340406 -0.00032575130496063692 0.00033183660217185536 -8.9592302478388601e-05 0.00025425185160115997 -1.1023404125936641e-06 6.6183642271262812e-05
leaf_weight=1639 240 28 21 372 20 76 26 44 30 26 54 409 35 39 31 76 517 48 55 26 23 71 86 117 42 25 23 24 154 50
leaf_count=1639 240 28 21 372 20 76 26 44 30 26 54 409 35 39 31 76 517 48 55 26 23 71 86 117 42 25 23 24 154 50
internal_value=-0.00131263 -0.000395983 -0.000684392 -0.000504781 0.00107894 0.000853208 0.0036666 0.000455495 0.00157626 0.000673464 -0.000272726 -0.00105556 -0.000504521 0.000977894 0.00185914 0.000644853 -2.63165e-05 -0.000512193 0.000248405 0.00218516 0.00147759 0.000345587 -0.000993628 -0.00036842 -0.00104347 0.00102983 0.00245449 0.000543623 0.00147368 0.000823525
internal_weight=4427 2788 2332 2092 456 436 54 382 177 147 121 962 553 181 142 107 1130 205 157 81 67 816 314 228 184 67 44 745 228 204
internal_count=4427 2788 2332 2092 456 436 54 382 177 147 121 962 553 181 142 107 1130 205 157 81 67 816 314 228 184 67 44 745 228 204
cat_boundaries=0 1
cat_threshold=618
is_linear=0
shrinkage=0.03


Tree=102
num_leaves=31
num_cat=1
split_feature=6 9 6 17 2 1 17 17 1 6 16 8 18 8 7 3 3 6 12 8 8 0 0 19 18 3 10 10 6 2
split_gain=6.84971 1.2701 1.10809 1.46099 1.08986 0.771391 0.512391 0.696029 1.37989 0.617782 0.516064 0.910491 0.787222 0.565579 0.444268 0.456502 0.37697 0.565048 0.479681 0.53034 1.25999 0.427529 0.912513 0.60689 0.70902 0.588257 0.650573 1.04552 0.562903 0.878382
threshold=0.20519397970534159 0.18745441283734501 0.54239631336405547 0.43633165971690363 0.14843750000000003 0.039062500000000007 0.35549811363571898 0.30666575698619936 0.10156250000000001 0.67235023041474673 15.500000000000002 0.28376229104135253 0.45735294117647063 0.20163812288966401 0.04793894859859054 0.054687500000000007 0.039062500000000007 0.39861751152073738 -0.8783796973249266 0.15463481449481423 0.12329638088264598 0.48050469162831005 0.46700898086239068 0 0.51911764705882357 0.049479166666666671 -0.5 -0.6830127018922193 0.48525345622119825 0.080729166666666671
decision_type=2 2 2 2 2 2 2 2 2 2 2 2 2 2 2 2 2 2 2 2 2 2 2 1 2 2 2 2 2 2
left_child=-1 14 5 6 -5 -3 7 9 -9 10 12 13 -4 -12 15 -2 17 18 19 20 -7 22 -18 24 25 -23 27 28 29 -27
right_child=1 2 3 4 -6 16 -8 8 -10 -11 11 -13 -14 -15 -16 -17 21 -19 -20 -21 -22 23 -24 -25 -26 26 -28 -29 -30 -31
leaf_value=-0.0010454822468610582 6.6964335675127252e-05 -0.00019815139041693056 0.00029792145588060392 0.00029517905375640104 2.1475699255666476e-05 -0.00010454123557734028 -3.1896952698040203e-05 0.00023139493194282532 1.7864372582583777e-05 -3.5366374801641552e-05 4.1767608443452903e-05 0.00018253668673216871 -0.00021348077042653721 -2.9535951591812616e-05 -0.00033462431084142649 -0.00024462714437377024 3.4805201199645653e-07 6.1878006995601275e-05 -0.00013608576334825321 -0.00018356758166675739 0.00025315133100499817 -0.00014913609607609629 0.00011931356037331227 -3.0881136268377222e-05 0.00013302309940848092 -9.0913914106743914e-05 -5.7628410674082675e-06 0.00064572799501241222 -0.00016618962798371165 5.949273919149723e-05
leaf_weight=1640 25 488 21 21 20 26 93 28 99 105 30 21 41 28 206 21 402 23 256 22 22 45 119 338 20 30 150 38 28 21
leaf_count=1640 25 488 21 21 20 26 93 28 99 105 30 21 41 28 206 21 402 23 256 22 22 45 119 338 20 30 150 38 28 21
internal_value=-0.00127874 -0.00037352 -0.000171598 0.00108284 0.00651204 -0.000485208 0.000605148 0.00110187 0.00290549 0.00017073 0.00146807 0.00307591 -0.000580637 0.00113791 -0.00240475 0.000260863 -0.000155845 -0.00102292 -0.00134355 0.00085713 0.00262494 9.8236e-05 0.0007428 -0.000402985 0.00050877 0.000173076 0.000707862 0.00238459 0.000417716 0.00229407
internal_weight=4427 2787 2535 507 41 2028 466 373 127 246 141 79 62 58 252 46 1540 349 326 70 48 1191 521 670 332 312 267 117 79 51
internal_count=4427 2787 2535 507 41 2028 466 373 127 246 141 79 62 58 252 46 1540 349 326 70 48 1191 521 670 332 312 267 117 79 51
cat_boundaries=0 1
cat_threshold=62
is_linear=0
shrinkage=0.03


Tree=103
num_leaves=31
num_cat=2
split_feature=5 9 19 6 13 3 9 7 7 17 17 0 8 9 0 13 7 9 19 7 7 17 8 8 8 7 6 6 3 17
split_gain=7.00588 1.07922 0.929749 0.90353 0.819317 1.30509 1.03566 0.805956 0.731104 0.488299 0.680525 0.588188 0.861063 1.06495 0.427335 1.00019 0.592767 0.586699 0.499221 0.64625 0.911024 1.25394 0.419547 0.414387 0.792384 0.389173 0.371186 0.758306 0.359595 0.419193
threshold=0.10158891142663963 0.18745441283734501 0 0.29631336405529957 0.81174490092936691 0.059895833333333336 0.53610503282275734 0.079791135151608045 0.049184323483876809 0.32347650530108968 0.30539954046464141 0.55313495128410028 0.1117864860989408 0.59117432530999292 0.48050469162831005 1.0000000180025095e-35 0.05781654739842261 0.4584245076586434 1 0.087230509471486625 0.095648249209454236 0.32988681814313686 0.12058476568728339 0.28085358773915364 0.36060968689366818 0.077908510372592374 0.36820276497695864 0.33317972350230424 0.15364583333333334 0.36060320618347969
decision_type=2 2 1 2 2 2 2 2 2 2 2 2 2 2 2 2 2 2 1 2 2 2 2 2 2 2 2 2 2 2
left_child=-1 8 3 -3 14 -6 -7 -8 22 10 -4 12 13 -12 15 17 -17 -5 19 25 21 -21 -2 -11 -25 -16 27 -20 29 -22
right_child=1 2 9 4 5 6 7 -9 -10 23 11 -13 -14 -15 18 16 -18 -19 26 20 28 -23 -24 24 -26 -27 -28 -29 -30 -31
leaf_value=-0.0011762288196697178 9.6134088022960406e-05 -6.4420043204903112e-05 -3.8373078266188615e-05 -6.5829301414540363e-05 0.00015634046976100943 -5.1116746471499478e-05 -8.3415743212411776e-06 0.00017786692548338803 -0.00032130596817713701 -0.00011828273386777015 0.00027080490293697419 9.6173096122842368e-05 -3.2309172427779979e-05 -4.0887331157792523e-05 8.4886041886930761e-07 0.00010375653651719173 0.00023416809908130773 0.00013402175698249655 -0.0001810026170172916 1.7641971241857897e-08 5.6644266497857915e-05 0.00019437514332204834 -7.7492690004484955e-05 0.00041017484090469101 -7.547939392755884e-05 -8.703286401167105e-05 -0.00014357497773401627 0.00012921033786633001 -6.1059676875168219e-05 -6.1955002901477439e-06
leaf_weight=1639 20 458 404 34 21 47 29 44 204 428 32 20 133 27 152 24 26 61 26 29 115 22 21 28 37 79 116 30 33 88
leaf_count=1639 20 458 404 34 21 47 29 44 204 428 32 20 133 27 152 24 26 61 26 29 115 22 21 28 37 79 116 30 33 88
internal_value=-0.00127874 -0.000363702 -0.000180496 0.000324099 0.000842212 0.00295743 0.00174998 0.00398625 -0.0022653 -0.000828418 -0.000272728 0.00110377 0.000593746 0.00361011 0.000485029 0.0019655 0.00539989 0.000157892 0.000173912 0.000636362 0.0015993 0.00523519 0.00139021 -0.00153955 0.000692296 -0.000532466 -0.00118681 0.000749986 0.000813555 0.00128571
internal_weight=4427 2788 2543 1434 976 141 120 73 245 1109 616 212 192 59 835 145 50 95 690 518 287 51 41 493 65 231 172 56 236 203
internal_count=4427 2788 2543 1434 976 141 120 73 245 1109 616 212 192 59 835 145 50 95 690 518 287 51 41 493 65 231 172 56 236 203
cat_boundaries=0 1 2
cat_threshold=618 42
is_linear=0
shrinkage=0.03


Tree=104
num_leaves=31
num_cat=2
split_feature=0 6 17 4 12 9 1 19 19 6 17 9 2 11 4 2 1 13 13 17 11 9 16 18 8 7 7 18 7 11
split_gain=6.61345 1.19515 1.50296 0.94877 0.753378 0.710111 0.65107 0.599798 0.553693 1.13979 1.21039 0.561455 0.740968 0.491401 0.79785 0.873492 0.893374 0.869177 0.616784 1.07715 1.22491 0.632616 0.827959 0.489443 0.702326 0.673504 0.43921 0.437573 0.42969 0.412955
threshold=0.37258187964270556 0.54239631336405547 0.43633165971690363 0.028645833333333336 1.0000000180025095e-35 0.15681983953318746 0.028645833333333336 0 1 0.64746543778801857 0.3560973534167306 0.5970094821298324 0.11197916666666667 0.6830127018922193 0.075520833333333343 0.049479166666666671 0.075520833333333343 -0.56174490092936669 0.81174490092936691 0.30945715551721215 -0.5 0.22137126185266232 15.500000000000002 0.50735294117647067 0.23440816817184998 0.083692218058272358 0.049960674197568812 0.47794117647058826 0.057339111088546425 -0.9330127018922193
decision_type=2 2 2 2 2 2 2 1 1 2 2 2 2 2 2 2 2 2 2 2 2 2 2 2 2 2 2 2 2 2
left_child=-1 3 8 -2 -4 26 -7 29 9 10 11 12 -3 18 15 16 28 -17 21 20 -20 22 -9 24 25 -11 -5 -21 -15 -8
right_child=1 2 4 5 -6 6 7 13 -10 23 -12 -13 -14 14 -16 17 -18 -19 19 27 -22 -23 -24 -25 -26 -27 -28 -29 -30 -31
leaf_value=-0.0013193314246666393 -0.00020355861898771233 5.866549129561389e-07 0.00028016028904619258 2.9939290148891142e-05 0.00018461800461496637 -0.00042961002944636909 -0.00019310870296313285 -0.0002357940220672743 -1.9709037210287606e-05 -3.6416135659345294e-05 -1.0961081229562069e-05 0.00031807049161472137 0.00015775838547625858 0.00015278996304764696 -4.7614075920195615e-05 0.00016052418208738914 0.00039691704821271035 -2.2817157987732043e-05 0.0003137923598606541 -4.4376024132568431e-05 -5.9104024029379854e-05 -8.1340880991861267e-05 0.0001845155474607488 0.0001383747025405736 -6.2178777289500058e-05 0.00015245148907477326 -0.00025655271332190302 0.00020071052526496653 -8.2394285229707689e-05 6.3161825143745161e-05
leaf_weight=1552 462 41 20 30 22 146 46 31 149 29 31 26 38 32 104 39 22 94 20 39 20 724 22 22 107 38 140 23 26 332
leaf_count=1552 462 41 20 30 22 146 46 31 149 29 31 26 38 32 104 39 22 94 20 39 20 724 22 22 107 38 140 23 26 332
internal_value=-0.00130585 -0.000453914 0.00084321 -0.000742347 0.00628556 -0.000444445 -0.000261628 -8.38634e-05 0.000367982 0.00103508 0.00317645 0.00471424 0.00345565 -0.000412936 0.000596212 0.00164788 0.00412495 0.000157893 -0.00078157 0.00141175 0.00524987 -0.0010695 0.0020943 -0.000397958 -0.00093103 0.00147759 -0.0022941 -0.0010645 0.00217238 0.000943296
internal_weight=4427 2875 523 2352 42 1890 1720 1574 481 332 136 105 79 1196 317 213 80 133 879 102 40 777 53 196 174 67 170 62 58 378
internal_count=4427 2875 523 2352 42 1890 1720 1574 481 332 136 105 79 1196 317 213 80 133 879 102 40 777 53 196 174 67 170 62 58 378
cat_boundaries=0 1 2
cat_threshold=72 550
is_linear=0
shrinkage=0.03


Tree=105
num_leaves=31
num_cat=1
split_feature=20 6 17 13 16 9 9 16 4 17 16 2 17 18 12 2 19 12 17 17 18 5 12 9 16 2 4 3 13 9
split_gain=6.27523 1.33991 1.88099 1.58992 0.698423 0.569411 0.579108 0.962663 0.569473 0.562755 0.619874 0.620259 0.573859 1.26875 0.709618 1.23981 0.3625 0.682903 0.759685 0.859904 1.28431 0.720566 0.411381 0.393869 0.607441 0.789424 0.522047 0.519221 0.641984 0.419805
threshold=0.37258187964270556 0.54239631336405547 0.42745298272487459 1.0000000180025095e-35 2.5000000000000004 0.18745441283734501 0.23450036469730126 15.500000000000002 0.033854166666666671 0.37141519870649314 6.5000000000000009 0.19010416666666669 0.30980342098544816 0.46029411764705885 1.0000000180025095e-35 0.10156250000000001 0 -0.60785761079279388 0.36060320618347969 0.31142030465492304 0.48676470588235299 0.15517241379310348 -0.60785761079279388 0.60357403355215189 28.500000000000004 0.059895833333333336 0.091145833333333343 0.070312500000000014 0.81174490092936691 0.51531728665207888
decision_type=2 2 2 2 2 2 2 2 2 2 2 2 2 2 2 2 1 2 2 2 2 2 2 2 2 2 2 2 2 2
left_child=-1 4 9 -4 -2 -6 7 -7 -8 10 -3 12 14 -14 -12 -16 17 18 19 21 -21 -10 -18 24 -24 26 29 -25 -29 -26
right_child=1 2 3 -5 5 6 8 -9 16 -11 11 -13 13 -15 15 -17 22 -19 -20 20 -22 -23 23 27 25 -27 -28 28 -30 -31
leaf_value=-0.0013393074340550025 -0.00018991307994593618 -3.6072684088855214e-05 7.744372841217591e-05 0.00028586080321339188 -0.00016267303847795092 -0.00024300147998020832 -0.00015838547579225212 0.00014365438431361289 -0.00025379490534881973 -6.8097000348488432e-05 -7.6765280066827037e-06 -0.0001564871028001383 0.00016938229638139879 3.7935801146341997e-05 9.1386357468474277e-05 -1.289171516664298e-06 -4.9676242804173519e-05 -6.7971824882034852e-06 -6.1562163180535156e-05 8.1836223889104583e-05 0.00019254650423198549 8.7972136939124175e-05 -6.8959340547793309e-05 -0.00010498600257368355 0.00044535698969018625 -2.9797020613803112e-06 -0.00014722986967194386 -5.8300796908698692e-05 0.00011904058829960417 9.44769560937634e-05
leaf_weight=1534 125 64 26 21 233 33 513 29 34 58 119 30 21 101 32 67 255 386 32 26 23 34 127 200 35 98 22 96 22 28
leaf_count=1534 125 64 26 21 233 33 513 29 34 58 119 30 21 101 32 67 255 386 32 26 23 34 127 200 35 98 22 96 22 28
internal_value=-0.00133183 -0.000508651 0.000840443 0.00657433 -0.00081795 -0.000695418 -0.00053136 0.00232254 -0.000622994 0.000292682 0.000663592 0.00113513 0.00149999 0.00314751 0.000577978 0.00245452 -0.000313118 0.000302751 0.00203354 0.00315382 0.00618355 0.000970573 -0.000681971 -0.00027707 0.000483869 0.00159015 0.00370584 -0.00101887 0.000559317 0.00509516
internal_weight=4424 2890 539 47 2351 2226 1993 62 1931 492 434 370 340 122 218 99 1418 535 149 117 49 68 883 628 310 183 85 318 118 63
internal_count=4424 2890 539 47 2351 2226 1993 62 1931 492 434 370 340 122 218 99 1418 535 149 117 49 68 883 628 310 183 85 318 118 63
cat_boundaries=0 1
cat_threshold=584
is_linear=0
shrinkage=0.03


Tree=106
num_leaves=31
num_cat=0
split_feature=0 5 9 16 6 3 11 8 3 3 9 0 8 8 16 1 9 13 16 7 3 16 18 18 8 0 9 7 9 7
split_gain=6.49667 1.31049 0.964722 0.868631 0.819176 0.611055 0.572066 0.833604 0.674953 0.758885 0.67314 0.507159 0.999224 0.4905 0.412665 0.971692 0.5498 1.13815 0.506756 0.586003 0.439503 0.343725 0.374736 1.17939 0.972535 0.65785 0.647032 0.872145 1.32126 0.610365
threshold=0.37258187964270556 0.57707910750507108 0.18745441283734501 2.5000000000000004 0.40599078341013833 0.033854166666666671 0.6830127018922193 0.19123505505912505 0.023437500000000003 0.065104166666666671 0.4584245076586434 0.452818509754082 0.11649458497201322 0.19218106975147189 13.500000000000002 0.080729166666666671 0.27169948942377831 -0.22252093395631442 9.5000000000000018 0.062302104146139965 0.059895833333333336 6.5000000000000009 0.44264705882352945 0.45735294117647063 0.20048501969437313 0.54802186383041918 0.73668854850474119 0.10937795756218473 0.92924872355944577 0.1598231199900437
decision_type=2 2 2 2 2 2 2 2 2 2 2 2 2 2 2 2 2 2 2 2 2 2 2 2 2 2 2 2 2 2
left_child=-1 2 -2 -4 6 -6 13 8 -8 11 -11 12 -10 14 15 18 17 -16 -5 -20 -17 -7 -23 24 -24 -26 29 28 -28 -25
right_child=1 -3 3 4 5 21 7 -9 9 10 -12 -13 -14 -15 16 20 -18 -19 19 -21 -22 22 23 26 25 -27 27 -29 -30 -31
leaf_value=-0.0012991282110333519 -0.00023619030746550683 0.00027728497655087628 -0.00012953774188788908 -0.00021547253285071898 0.00017697180973105618 -3.5714864654488651e-05 0.00017389755412842588 -8.7143605778440609e-05 -0.00033639947611985001 5.175413575676437e-05 0.00022088882782670048 -7.7857581339329143e-05 0.00017744616677242459 0.00017435956041848716 -5.8871158648275079e-05 0.00014246961106570999 -0.00015640012443763246 0.00034476634732172356 5.0618386108077133e-05 -0.00031914717653475051 5.0283196977648866e-07 -2.9498586107392198e-05 0.00017035187010027019 -6.9027211326546353e-06 9.5289282178251118e-05 -1.3721957309745182e-05 0.00020596214002484002 -1.6102061623483235e-05 6.7911251510866584e-05 0.00013441581592536816
leaf_weight=1534 271 21 127 129 21 91 32 90 37 30 22 82 44 31 20 20 953 21 27 33 21 97 36 421 20 39 29 42 33 50
leaf_count=1534 271 21 127 129 21 91 32 90 37 30 22 82 44 31 20 20 953 21 27 33 21 97 36 421 20 39 29 42 33 50
internal_value=-0.0013047 -0.000467129 -0.000521785 -0.000344111 -0.00021975 0.000515357 -0.000625628 0.000471808 0.00137246 0.000767438 0.003923 -0.000239263 0.00144443 -0.000920319 -0.00101471 0.000130434 -0.00127968 0.0021219 -0.000777774 0.00149997 0.00431697 0.000391607 0.000598434 0.000850744 0.00394733 0.00157624 0.000339129 0.00248074 0.00474186 -0.000133758
internal_weight=4424 2890 2869 2598 2471 879 1592 337 247 215 52 163 81 1255 1224 230 994 41 189 60 41 858 767 670 95 59 575 104 62 471
internal_count=4424 2890 2869 2598 2471 879 1592 337 247 215 52 163 81 1255 1224 230 994 41 189 60 41 858 767 670 95 59 575 104 62 471
is_linear=0
shrinkage=0.03


Tree=107
num_leaves=31
num_cat=2
split_feature=0 5 9 4 9 4 0 2 19 17 2 16 8 0 13 2 6 17 17 17 19 9 0 5 10 8 5 8 8 4
split_gain=6.44095 1.31413 0.952913 0.66971 0.624221 0.458061 0.348133 0.674929 0.345956 0.515671 0.423624 1.27587 0.684345 0.371346 0.331417 1.47751 0.655055 0.28622 0.267244 0.258944 0.254432 0.438546 0.371427 0.989351 0.27602 0.248069 0.377055 0.247708 0.557009 0.516086
threshold=0.37258187964270556 0.57707910750507108 0.18745441283734501 0.044270833333333336 0.2538293216630198 0.23177083333333334 0.56286410739646286 0.10156250000000001 0 0.32347650530108968 0.10677083333333334 12.500000000000002 0.15723101739870424 0.39054903600795815 1.0000000180025095e-35 0.044270833333333336 0.34147465437788027 0.34457082155884028 0.26946642838907336 0.30810143817547447 1 0.52808169219547796 0.46968181644835522 0.17342799188640975 -0.5 0.11870210046869774 0.14300202839756596 0.12224515550543266 0.1237024423506968 0.049479166666666671
decision_type=2 2 2 2 2 2 2 2 1 2 2 2 2 2 2 2 2 2 2 2 1 2 2 2 2 2 2 2 2 2
left_child=-1 2 25 4 -4 8 17 -8 9 10 12 -12 14 -10 16 -16 19 18 -6 -5 21 -20 -22 -24 -25 26 -2 29 -29 -15
right_child=1 -3 3 5 6 -7 7 -9 13 -11 11 -13 -14 27 15 -17 -18 -19 20 -21 22 -23 23 24 -26 -27 -28 28 -30 -31
leaf_value=-0.0012601543647023515 9.3108653555015449e-05 0.00026896642725434972 0.00014399946687945043 -0.00058807731508107679 -0.00053320481710967518 0.00014273902354354858 0.00012842837668469761 -1.9961671286910377e-06 -0.0001009424154909379 -0.00010634028328957882 -0.00013651342282397922 0.0001821534780272506 -8.3230406057654583e-05 5.2131299102765016e-05 0.00018946142636364779 -0.00024863763251599505 8.9966871753831312e-05 -0.00020358415132414815 0.00016886469954467903 0.00022467325819154068 -0.00015791558072269788 -8.0811249713796363e-05 0.00014275146184746787 1.8094223190976357e-06 -0.00021728097446890244 -0.00030294017063324627 -5.1644646212206923e-05 0.00022010453037957787 4.9782110092686734e-06 -0.00010996449536858107
leaf_weight=1534 21 21 36 45 55 20 22 38 32 152 24 33 105 39 20 26 20 215 26 23 310 85 24 21 38 210 40 22 1010 157
leaf_count=1534 21 21 36 45 55 20 22 38 32 152 24 33 105 39 20 26 20 215 26 23 310 85 24 21 38 210 40 22 1010 157
internal_value=-0.00131148 -0.000477509 -0.000532242 -0.000355659 -0.00103448 -1.38896e-05 -0.00120144 0.000999983 -6.67454e-05 -0.000772925 -6.08113e-05 0.00226312 -0.000615061 0.000188976 0.000805963 0.0028695 -0.000272725 -0.00137209 -0.00101431 -0.00167645 -0.000797618 0.00047107 -0.00113896 0.00061445 -0.00147455 -0.00222508 -0.000540975 0.000273615 0.000459301 -0.000704079
internal_weight=4424 2890 2869 2598 870 1728 834 60 1708 448 296 57 239 1260 134 46 88 774 559 68 504 111 393 83 59 271 61 1228 1032 196
internal_count=4424 2890 2869 2598 870 1728 834 60 1708 448 296 57 239 1260 134 46 88 774 559 68 504 111 393 83 59 271 61 1228 1032 196
cat_boundaries=0 1 2
cat_threshold=400 96
is_linear=0
shrinkage=0.03


Tree=108
num_leaves=31
num_cat=1
split_feature=6 5 9 7 1 16 8 6 8 8 2 8 0 18 19 6 7 3 8 18 3 8 7 5 7 13 6 1 9 16
split_gain=6.44099 1.28748 1.01162 0.75474 0.792359 0.520048 0.393944 2.78677 0.418403 0.662948 0.659329 0.376349 0.370068 0.36653 0.575913 0.981167 0.579935 0.562956 0.561962 0.867497 0.776549 0.849873 1.55208 0.722527 0.571296 0.438026 0.712878 0.614021 0.426795 0.631388
threshold=0.1905821282906934 0.57707910750507108 0.18745441283734501 0.045947932681796547 0.023437500000000003 2.5000000000000004 0.10460156880180856 0.26197362148418885 0.12186878796828471 0.1237024423506968 0.059895833333333336 0.09958636803033781 0.38426443164743768 0.45735294117647063 0 0.23834759710335751 0.065904323980221752 0.085937500000000014 0.15463481449481423 0.44264705882352945 0.14322916666666669 0.20048501969437313 0.090266055694361871 0.36409736308316437 0.10937795756218473 1.0000000180025095e-35 0.30921658986175121 0.075520833333333343 0.2538293216630198 12.500000000000002
decision_type=2 2 2 2 2 2 2 2 2 2 2 2 2 2 1 2 2 2 2 2 2 2 2 2 2 2 2 2 2 2
left_child=-1 2 -2 -4 -5 -6 7 11 12 10 -10 -7 -8 18 15 -15 25 -18 -11 23 21 22 -21 -20 -23 27 -27 -16 29 -17
right_child=1 -3 3 4 5 6 8 -9 9 13 -12 -13 -14 14 16 28 17 -19 19 20 -22 24 -24 -25 -26 26 -28 -29 -30 -31
leaf_value=-0.0011358647299705754 -0.00022797120245432757 0.00026089743443671832 -7.7351813355341329e-05 -0.00055522309954648009 -0.00011269348049581612 -0.0002314291568261364 3.4155534104213033e-05 0.00015465971441915651 0.0002788334239161669 -0.00016612595900338629 -5.4447007422297683e-05 2.1108330366826562e-05 -0.00014336917352196962 0.0001841102643746266 -3.4945223073505704e-05 -0.00021237070011504724 -0.00010532947429583958 -3.9448130535475851e-07 -0.00016981166361337521 1.5490202698214956e-05 -4.1679548907024196e-05 7.7693148020455244e-05 0.00040474551902051952 8.1476610361784712e-06 -7.8949416439642623e-05 0.00023785136609993538 -1.6640483057120715e-05 3.4184062406934387e-05 3.0352024742356743e-06 0.00021874334630263533
leaf_weight=1538 284 21 394 131 96 45 20 20 23 49 26 22 271 21 60 22 296 194 91 23 22 36 22 24 22 24 23 35 548 21
leaf_count=1538 284 21 394 131 96 45 20 20 23 49 26 22 271 21 60 22 296 194 91 23 22 36 22 24 22 24 23 35 548 21
internal_value=-0.00123689 -0.000401248 -0.000455498 -0.000268501 -5.07552e-05 9.33845e-05 0.000198979 0.00217239 0.000107314 0.00029962 0.00373462 -0.000761183 -0.000938142 0.000189823 -3.37627e-05 0.000617362 -0.000663551 -0.00116326 0.00115224 0.00174999 0.00347997 0.00457277 0.0076665 -0.000130434 0.00217238 0.00101408 0.00338291 -0.000157894 0.000401014 0.00327899
internal_weight=4424 2886 2865 2581 2187 2056 1960 87 1873 1582 49 67 291 1533 1244 612 632 490 289 240 125 103 45 115 58 142 47 95 591 43
internal_count=4424 2886 2865 2581 2187 2056 1960 87 1873 1582 49 67 291 1533 1244 612 632 490 289 240 125 103 45 115 58 142 47 95 591 43
cat_boundaries=0 1
cat_threshold=582
is_linear=0
shrinkage=0.03


Tree=109
num_leaves=31
num_cat=0
split_feature=20 20 7 9 16 11 17 3 20 20 2 4 17 18 18 18 9 13 3 17 16 1 7 18 2 1 6 4 10 20
split_gain=6.79149 1.3959 0.714302 0.576823 0.52194 0.571005 0.645737 0.497888 0.488749 0.663687 0.593901 0.46765 0.468919 0.451667 0.549864 0.447694 0.498641 0.983478 1.13795 0.82023 0.903409 0.675682 0.847982 0.621157 0.902793 1.13635 0.576162 0.383328 0.349528 0.455234
threshold=0.36322322697836107 0.52800106982563555 0.38780974986680611 0.18745441283734501 2.5000000000000004 0.6830127018922193 0.25582268860463825 0.023437500000000003 0.49186532472164229 0.41342993139342915 0.085937500000000014 0.19531250000000003 0.24891498595864187 0.48970588235294121 0.48382352941176471 0.51911764705882357 0.5948212983223925 0.81174490092936691 0.11197916666666667 0.36060320618347969 23.500000000000004 0.12239583333333334 0.097920479806488284 0.45735294117647063 0.10156250000000001 0.12760416666666669 0.47142857142857153 0.10677083333333334 -0.93301270189221908 0.42584125295821557
decision_type=2 2 2 2 2 2 2 2 2 2 2 2 2 2 2 2 2 2 2 2 2 2 2 2 2 2 2 2 2 2
left_child=-1 3 11 -2 -5 6 8 -7 9 -6 -10 12 -3 14 -9 16 19 23 -19 20 -14 22 -22 27 25 26 -25 -18 -8 -30
right_child=1 2 -4 4 5 7 28 13 10 -11 -12 -13 15 -15 -16 -17 17 18 -20 -21 21 -23 -24 24 -26 -27 -28 -29 29 -31
leaf_value=-0.0015972585014914231 -0.00019363519218835334 -2.0482462719473067e-05 0.00025036564728341172 -0.00012311187793839594 3.3354398199329439e-05 0.00016380712494469885 0.00010950591665564577 7.1664983503957127e-06 8.0986059206783085e-05 -7.1670115283346803e-05 -0.00025650173784378207 7.786036715222208e-05 -1.9553631324752605e-06 -6.2175485952292275e-05 1.8018479380421968e-05 -1.1657028286887651e-05 1.8378231355543314e-06 0.00017825430334345195 1.1651710315901774e-05 -6.1214362076998538e-05 1.6636470048545424e-05 -1.4197777395573455e-05 0.00024511406998869621 0.00010150505937412065 -2.6165135527514298e-05 0.00019695718752233429 -1.8225486552016212e-05 0.00013507897871210868 -0.00021663944875852562 -3.7044710122779779e-05
leaf_weight=1432 266 78 24 101 33 40 28 202 24 58 20 29 129 76 32 57 27 22 27 119 32 30 20 30 111 25 62 25 466 799
leaf_count=1432 266 78 24 101 33 40 28 202 24 58 20 29 129 76 32 57 27 22 27 119 32 30 20 30 111 25 62 25 466 799
internal_value=-0.0011962 -0.000383022 0.000648169 -0.00079021 -0.000605109 -0.00048594 -0.000752101 0.000599998 0.00122221 -3.29674e-05 0.00381809 0.000499391 0.000362719 0.000193547 0.00084615 0.00060335 0.000823974 0.00165045 0.00557131 -7.15254e-10 0.00112322 0.00358532 0.00565374 0.000964282 0.000289472 0.00212819 0.000586949 0.003923 -0.000958237 -0.00103162
internal_weight=4424 2992 847 2145 1879 1778 1428 350 135 91 44 823 794 310 234 716 659 329 49 330 211 82 52 280 228 117 92 52 1293 1265
internal_count=4424 2992 847 2145 1879 1778 1428 350 135 91 44 823 794 310 234 716 659 329 49 330 211 82 52 280 228 117 92 52 1293 1265
is_linear=0
shrinkage=0.03


Tree=110
num_leaves=31
num_cat=1
split_feature=6 0 13 9 7 16 8 17 16 17 2 16 1 9 3 0 8 1 4 4 8 8 9 1 9 2 8 2 19 17
split_gain=7.01211 1.44425 1.2444 1.11825 1.00632 0.636158 0.613977 1.06772 0.600807 0.534517 1.4674 1.22692 1.76058 0.625728 0.650543 0.60359 1.15527 0.494177 0.435554 0.600775 0.682291 0.477491 0.431216 0.463748 0.6502 0.754243 0.782561 0.565422 0.501452 0.874031
threshold=0.20519397970534159 0.65204532230327683 -0.22252093395631442 0.18745441283734501 0.043615254735743278 4.5000000000000009 0.09742181278566435 0.30539954046464141 29.500000000000004 0.27311395361803403 0.044270833333333336 18.500000000000004 0.049479166666666671 0.94493070751276453 0.091145833333333343 0.40580938271521055 0.16120277903739247 0.054687500000000007 0.085937500000000014 0.11718750000000001 0.23115397234354332 0.30935014610256384 0.21188913202042306 0.12239583333333334 0.59992706053975209 0.10677083333333334 0.20345608835639697 0.14322916666666669 0 0.3358437579780445
decision_type=2 2 2 2 2 2 2 2 2 2 2 2 2 2 2 2 2 2 2 2 2 2 2 2 2 2 2 2 1 2
left_child=-1 3 -3 8 -5 -6 7 -7 -2 10 11 -8 -13 17 -15 -12 -17 -11 -18 20 -20 -22 -19 27 -25 26 -26 28 29 -24
right_child=1 2 -4 4 5 6 9 -9 -10 13 15 12 -14 14 -16 16 18 22 19 -21 21 -23 23 24 25 -27 -28 -29 -30 -31
leaf_value=-0.00086303336009755998 -0.00027550294473969414 -0.00011212905158117397 0.0004453578407098725 -8.1413625844611799e-05 -8.9051697667349414e-05 -0.00020160489557200274 -0.00039046868680323824 0.00031037926352425228 5.0351731470742503e-05 -0.00013237846302775305 -0.00064046818261833131 0.00025694506191081427 0.00023552150213340922 0.00017558636640015209 -2.1515637920889557e-05 0.00014667424443153237 -0.00016944773997385273 6.040823726186419e-05 4.7014928521781131e-05 -2.055642932111979e-05 -0.00020489324405962127 8.3240225047333114e-05 1.06008333618854e-05 -4.1835171741880369e-05 -2.5166454560633552e-05 -1.0095120438383263e-05 0.00011595017833183465 5.8806582028418834e-05 3.0420424310637553e-05 -5.0333181539698436e-05
leaf_weight=1599 228 20 36 301 193 20 21 25 22 485 46 34 27 25 23 24 75 20 28 91 27 21 224 130 23 62 23 45 339 186
leaf_count=1599 228 20 36 301 193 20 21 25 22 485 46 34 27 25 23 24 75 20 28 91 27 21 224 130 23 62 23 45 339 186
internal_value=-0.00116866 -0.000269831 0.00449992 -0.00036633 -0.000176331 4.46542e-05 0.00020158 0.00366658 -0.00227999 0.000122789 0.00111167 0.00468287 0.00683595 -0.000123029 0.00324993 0.000173076 0.000721801 -0.000228368 9.91724e-05 0.000952089 0.00292101 0.000749984 0.000136881 5.23248e-05 -0.00110924 0.000611105 0.00352166 0.000400503 0.000204271 -0.0005
internal_weight=4423 2824 56 2768 2518 2217 2024 45 250 1979 394 82 61 1585 48 312 266 1537 242 167 76 48 1052 1032 238 108 46 794 749 410
internal_count=4423 2824 56 2768 2518 2217 2024 45 250 1979 394 82 61 1585 48 312 266 1537 242 167 76 48 1052 1032 238 108 46 794 749 410
cat_boundaries=0 1
cat_threshold=395
is_linear=0
shrinkage=0.03


Tree=111
num_leaves=31
num_cat=0
split_feature=5 9 0 13 16 7 3 17 7 7 13 7 0 0 17 4 1 0 9 3 16 0 9 13 7 7 12 2 17 17
split_gain=7.04496 1.17738 0.85947 1.04708 0.76452 0.829305 0.927869 0.806603 0.589291 0.576606 0.742459 0.870762 0.824552 1.05425 1.15127 0.552774 0.61117 0.694236 0.36294 0.398547 0.357854 0.356624 0.347743 0.49602 0.337002 0.69972 0.372433 0.446084 0.358827 0.825847
threshold=0.084178498985801223 0.18745441283734501 0.65204532230327683 1.0000000180025095e-35 4.5000000000000009 0.02149017771572934 0.039062500000000007 0.2675707716731372 0.043866641571054833 0.056078756936442743 1.0000000180025095e-35 0.053878726895501002 0.47474271117275768 0.4465628893442356 0.28103991149689395 0.19531250000000003 0.028645833333333336 0.37668253684308667 0.58242159008023353 0.054687500000000007 29.500000000000004 0.57040581497477094 0.4584245076586434 -0.56174490092936669 0.058759783341775416 0.060647555628343786 0.87837969732492682 0.039062500000000007 0.27886988341417757 0.26397753382690842
decision_type=2 2 2 2 2 2 2 2 2 2 2 2 2 2 2 2 2 2 2 2 2 2 2 2 2 2 2 2 2 2
left_child=-1 20 4 -4 21 -6 7 -7 18 10 11 22 13 14 -12 16 -11 -18 19 -8 -2 -3 -10 -24 -19 -26 28 -28 29 -27
right_child=1 2 3 -5 5 6 8 -9 9 15 12 -13 -14 -15 -16 -17 17 24 -20 -21 -22 -23 23 -25 25 26 27 -29 -30 -31
leaf_value=-0.0018416737257278997 -0.00025981926018782837 -0.00016624608720635669 -6.993626270865838e-06 0.00051191667096443945 0.00026179123347824443 7.7610201601518923e-05 8.0900980446682759e-05 -0.00013015565562354112 -0.00019108072521222829 -0.00053321659419083053 8.424807006903583e-05 0.00032676340133849801 -1.5645897202662167e-05 0.00028052289237888797 -1.9084091634509878e-05 7.4236535155485924e-05 0.00047918139141514028 -5.5073079568962495e-05 -5.6773868964773625e-05 -0.0001584600114781519 4.0327011588731326e-05 2.6737848401873071e-06 8.0637070536272577e-05 -8.8952819301359881e-05 0.00011665814764229433 5.355334446876386e-06 7.8344948473495863e-05 -5.6213769558222036e-05 8.6678512618152569e-08 0.0001638458009818861
leaf_weight=1300 241 226 31 24 20 32 23 642 41 90 22 25 41 28 31 29 26 62 112 51 32 27 42 48 37 152 20 147 771 50
leaf_count=1300 241 226 31 24 20 32 23 642 41 90 22 25 41 28 31 29 26 62 112 51 32 27 42 48 37 152 20 147 771 50
internal_value=-0.00112119 -0.000348704 -0.000168422 0.00354539 -0.000241503 -8.49731e-05 -0.000133228 -0.00108605 0.000214285 0.000393501 0.00164028 0.000269228 0.00339341 0.00514808 0.00266033 0.000143063 5.53498e-05 0.000225296 -0.00138709 0.000243239 -0.00223076 -0.00181422 -0.000709919 0.000333329 0.000123486 0.000237042 0.000105262 -0.00120359 0.000329906 0.00145544
internal_weight=4423 3123 2850 55 2795 2542 2522 674 1848 1662 278 156 122 81 53 1384 1355 1265 186 74 273 253 131 90 1239 1177 1140 167 973 202
internal_count=4423 3123 2850 55 2795 2542 2522 674 1848 1662 278 156 122 81 53 1384 1355 1265 186 74 273 253 131 90 1239 1177 1140 167 973 202
is_linear=0
shrinkage=0.03


Tree=112
num_leaves=31
num_cat=0
split_feature=5 16 5 7 6 4 13 7 17 9 17 7 8 7 0 0 2 0 9 11 0 10 17 2 2 18 2 9 7 6
split_gain=7.46298 1.02584 0.830756 0.842723 0.800095 0.730778 0.708191 0.670677 0.80141 1.37028 0.695688 0.640853 0.831104 0.615251 0.767467 0.821912 1.23514 0.769202 0.551424 0.816893 0.519471 1.16084 0.513035 0.541591 0.769356 0.992913 0.550336 1.22588 0.779195 0.523847
threshold=0.084178498985801223 4.5000000000000009 0.57707910750507108 0.02149017771572934 0.20519397970534159 0.22135416666666669 1.0000000180025095e-35 0.059963812581092742 0.40471732902164365 0.59992706053975209 0.33907752531699437 0.043866641571054833 0.09742181278566435 0.036173359327714573 0.48050469162831005 0.4646856256676653 0.028645833333333336 0.56082586125926026 0.18745441283734501 -0.68301270189221952 0.44245385302474427 0.25000000000000011 0.17279380478257175 0.070312500000000014 0.096354166666666671 0.47500000000000003 0.049479166666666671 0.35922684172137131 0.080750032991943985 0.45391705069124427
decision_type=2 2 2 2 2 2 2 2 2 2 2 2 2 2 2 2 2 2 2 2 2 2 2 2 2 2 2 2 2 2
left_child=-1 -2 3 -3 -5 6 11 13 10 -10 22 -6 -13 -8 15 16 -15 -16 -14 -20 -18 -22 -9 26 25 29 27 -24 -29 -25
right_child=1 2 -4 4 5 -7 7 8 9 -11 -12 12 18 14 17 -17 20 -19 19 -21 21 -23 23 24 -26 -27 -28 28 -30 -31
leaf_value=-0.0017864235139560623 -0.00015378535099720925 0.00025393749647389697 0.00029691669289175546 -0.00019859557854028001 -0.00015416614178316633 0.00015339346497211066 -7.8359424697279595e-05 -0.00058069799031674541 -1.1914237376270756e-06 0.00016480542063640149 -5.1832831150013168e-05 0.00022758253599796912 -0.00017720723167300061 0.00033547392014805831 -0.00015975232480851132 0.00012685539388515086 3.2417052332165019e-07 2.1835039171521699e-05 -6.0614553176598338e-05 3.3275037145885931e-06 0.00034331493372423026 -7.799653895623098e-05 0.00017089433975399219 -6.0656935843673345e-05 2.2065405332811436e-05 0.00014933760667868985 -0.00010473954216691556 -0.0002118548425205375 0.00020521940611168023 3.8240998731485635e-05
leaf_weight=1300 306 20 20 306 145 21 44 37 36 26 209 32 108 23 52 35 106 20 366 748 23 25 24 43 131 29 97 48 22 21
leaf_count=1300 306 20 20 306 145 21 44 37 36 26 209 32 108 23 52 35 106 20 366 748 23 25 24 43 131 29 97 48 22 21
internal_value=-0.00106692 -0.000271855 -9.26524e-05 -0.000136218 -0.000180411 -1.2148e-06 -4.89803e-05 0.000539485 2.90449e-05 0.00329027 -0.000276854 -0.000491065 -0.000272728 0.00166463 0.00217605 0.00308489 0.00225422 -0.000499994 -0.000397709 -0.000199282 0.00128571 0.00387492 0.000384954 0.000686745 0.00168749 0.00377415 -0.000486909 0.00114892 -0.000857131 0.00168747
internal_weight=4423 3123 2817 2797 2777 2471 2450 1051 723 62 661 1399 1254 328 284 212 177 72 1222 1114 154 48 452 415 224 93 191 94 70 64
internal_count=4423 3123 2817 2797 2777 2471 2450 1051 723 62 661 1399 1254 328 284 212 177 72 1222 1114 154 48 452 415 224 93 191 94 70 64
is_linear=0
shrinkage=0.03


Tree=113
num_leaves=31
num_cat=0
split_feature=5 9 6 5 9 16 7 6 7 5 3 3 13 0 7 9 13 7 6 7 7 1 3 10 3 3 0 1 9 18
split_gain=7.23146 1.25059 0.934793 0.815861 0.808711 0.64971 0.82253 0.718905 0.632248 0.624245 0.573957 0.72494 0.988424 0.460008 0.431818 0.558439 0.577193 1.16049 0.909292 1.02785 0.473489 0.558683 0.573357 0.804183 0.589119 1.07006 0.807249 0.584326 0.710528 0.574919
threshold=0.084178498985801223 0.18745441283734501 0.73963133640553014 0.50405679513184587 0.8231218088986143 4.5000000000000009 0.02149017771572934 0.20519397970534159 0.043615254735743278 0.093982420554428681 0.13281250000000003 0.12239583333333334 1.0000000180025095e-35 0.55882118566514938 0.056078756936442743 0.68088986141502572 1.0000000180025095e-35 0.053878726895501002 0.23244875258223427 0.050725144218469499 0.086724821097632201 0.028645833333333336 0.054687500000000007 0.25000000000000011 0.096354166666666671 0.10156250000000001 0.54460969367221124 0.096354166666666671 0.60357403355215189 0.48382352941176471
decision_type=2 2 2 2 2 2 2 2 2 2 2 2 2 2 2 2 2 2 2 2 2 2 2 2 2 2 2 2 2 2
left_child=-1 -2 5 4 -4 13 -7 -8 -9 -10 11 14 -13 -3 15 16 17 -11 -18 -20 -16 -22 23 29 -24 -26 -27 28 -25 -23
right_child=1 2 3 -5 -6 6 7 8 9 10 -12 12 -14 -15 20 -17 18 -19 19 -21 21 22 24 27 25 26 -28 -29 -30 -31
leaf_value=-0.0017328308085373799 -0.00020734370880200827 -0.00015664514331227865 -1.8220500673702226e-05 0.00078043732566095896 0.00010965574171315542 0.00024631937157968 -0.00014732418026753292 -7.1579625329615184e-05 0.00017284341506218457 -2.0307873994844715e-05 -1.5117235247836203e-05 3.6967651092404937e-06 0.00010834729603914509 9.098481689849354e-06 -7.2355629805458117e-06 -3.2283506676203993e-05 -0.00017474357506114314 0.00025204951609008095 0.00020928820586317025 2.3715878679223918e-06 -0.00062483296233957692 0.0001341309387727341 -5.1112146773852755e-06 0.00025049328417088893 0.00015008926397668562 0.00014318092699824297 -1.7668276917041619e-05 3.3226992099223076e-05 5.0389086258976939e-05 -0.00015821794358769829
leaf_weight=1300 273 216 46 22 24 20 285 228 27 114 187 37 28 32 806 94 22 30 42 34 35 39 247 25 26 21 66 28 21 48
leaf_count=1300 273 216 46 22 24 20 285 228 27 114 187 37 28 32 806 94 22 30 42 34 35 39 247 25 26 21 66 28 21 48
internal_value=-0.00107371 -0.000291067 -0.000105264 0.00286953 0.0012857 -0.000204497 -5.97616e-05 -0.000108434 7.48292e-05 0.000247344 0.000184615 0.00035224 0.00346148 -0.00166935 0.000233215 0.00119642 0.00195867 0.000749994 0.00373466 0.0052894 -4.406e-06 0.000669063 0.000915545 0.00240371 0.000249999 0.00204423 0.00044827 0.00470264 0.00678246 0.00044827
internal_weight=4423 3123 2850 92 70 2758 2510 2490 2205 1977 1950 1763 65 248 1698 336 242 144 98 76 1362 556 521 161 360 113 87 74 46 87
internal_count=4423 3123 2850 92 70 2758 2510 2490 2205 1977 1950 1763 65 248 1698 336 242 144 98 76 1362 556 521 161 360 113 87 74 46 87
is_linear=0
shrinkage=0.03


Tree=114
num_leaves=31
num_cat=1
split_feature=5 6 2 9 19 1 6 13 3 18 6 9 5 18 7 6 6 5 4 4 2 2 9 8 1 5 5 6 10 6
split_gain=7.33619 0.98065 1.43856 0.797302 0.685576 0.651871 0.566099 0.511927 0.525232 0.607704 0.469639 0.691385 0.879045 0.466444 0.460361 0.728626 0.896834 1.58761 1.11287 0.912628 0.438497 0.799998 0.942915 0.554869 0.446484 0.586013 0.862799 0.432162 0.392135 0.351347
threshold=0.084178498985801223 0.76728110599078359 0.11197916666666667 0.18745441283734501 0 0.018229166666666668 0.87695852534562235 0.81174490092936691 0.054687500000000007 0.46323529411764708 0.25072302558398224 0.49781181619256026 0.11578769438810006 0.45441176470588235 0.039235516998999381 0.25072302558398224 0.20519397970534159 0.13286004056795134 0.049479166666666671 0.044270833333333336 0.059895833333333336 0.080729166666666671 0.60357403355215189 0.13131333708142751 0.080729166666666671 0.32555780933062889 0.27079107505070998 0.29631336405529957 0.68301270189221941 0.29815668202764983
decision_type=2 2 2 2 1 2 2 2 2 2 2 2 2 2 2 2 2 2 2 2 2 2 2 2 2 2 2 2 2 2
left_child=-1 3 -3 -2 10 -6 -4 14 27 13 -5 -12 -13 28 -7 16 -16 18 -18 -19 -14 22 -22 -24 -23 26 -26 -9 -10 -17
right_child=1 2 6 4 5 7 -8 8 9 -11 11 12 20 -15 15 29 17 19 -20 -21 21 24 23 -25 25 -27 -28 -29 -30 -31
leaf_value=-0.0016808458842812589 -0.00020112339753794862 0.00019848609951994805 5.7111991200071757e-05 -0.0002155775691565427 -0.00058752891518125828 -7.4302083636959969e-05 -0.00012055217370022295 2.4340834415820758e-05 -1.2077257580646314e-05 -4.6635136301016008e-06 -0.00024690318661455988 0.00017926072296708807 -4.3761259164882524e-05 0.00016742165442871796 -9.9324701408345304e-05 -8.5052300611589845e-05 0.00040283086048640106 -0.00027043424191843711 4.05410092646526e-05 0.00014709857893014061 0.0004304931675880688 -0.00028958005681957417 -2.4447089814404589e-05 0.00019011799992119403 -1.7391547176785632e-05 -7.1406262162867479e-05 4.787861369440985e-05 0.00015061347140617014 7.1873171097081891e-05 1.551970379442434e-06
leaf_weight=1300 273 25 23 425 57 119 25 46 48 83 108 29 197 28 83 214 26 32 21 34 25 66 58 22 34 25 20 20 20 937
leaf_count=1300 273 25 23 425 57 119 25 46 48 83 108 29 197 28 83 214 26 32 21 34 25 66 58 22 34 25 20 20 20 937
internal_value=-0.00106014 -0.000271855 0.00316434 -0.000354099 -0.000202017 0.00015523 0.000124997 0.00026125 0.00153061 0.000687146 -0.000821393 -0.000277398 0.000214285 0.00231248 4.91125e-05 0.000207126 0.00189795 0.00363714 0.0078509 0.000636353 -0.000114094 0.000719996 0.00271426 0.00112499 -0.000724134 0.000797458 0.00255551 0.00381812 0.000970573 -8.08e-05
internal_weight=4423 3123 73 3050 2777 1768 48 1711 245 179 1009 584 476 96 1466 1347 196 113 47 66 447 250 105 80 145 79 54 66 68 1151
internal_count=4423 3123 73 3050 2777 1768 48 1711 245 179 1009 584 476 96 1466 1347 196 113 47 66 447 250 105 80 145 79 54 66 68 1151
cat_boundaries=0 1
cat_threshold=281
is_linear=0
shrinkage=0.03


Tree=115
num_leaves=31
num_cat=1
split_feature=0 19 7 16 5 7 4 10 3 0 6 6 18 17 8 8 6 16 4 2 8 5 6 16 8 6 5 0 0 12
split_gain=6.76441 1.16213 1.19213 0.864377 0.838838 0.714428 0.567612 0.713656 0.561682 0.555537 1.37133 0.534164 0.450749 0.534001 0.612356 1.30228 0.420838 0.586619 0.39731 0.483598 0.372991 0.373668 0.8471 0.615032 0.476569 0.347806 0.30916 0.991321 0.640153 0.39856
threshold=0.34766968031203666 0 0.22769620777782279 29.500000000000004 0.372210953346856 0.02611026060480048 0.028645833333333336 1.0000000180025095e-35 0.18489583333333334 0.46038902396614806 0.23917050691244243 0.36820276497695864 0.47205882352941181 0.34163049953195485 0.1497662635424182 0.18051107774196509 0.27419354838709686 20.500000000000004 0.049479166666666671 0.033854166666666671 0.20163812288966401 0.18154158215010144 0.32304147465437794 10.500000000000002 0.19123505505912505 0.30552995391705079 0.098377281947261683 0.3863258506154254 0.37807704580811868 -0.60785761079279388
decision_type=2 1 2 2 2 2 2 2 2 2 2 2 2 2 2 2 2 2 2 2 2 2 2 2 2 2 2 2 2 2
left_child=-1 2 26 8 5 -5 -7 9 16 10 -8 -11 -9 14 18 -16 -3 20 19 -14 21 22 23 -18 -23 -25 -2 28 -28 -29
right_child=1 3 -4 4 -6 6 7 12 -10 11 -12 -13 13 -15 15 -17 17 -19 -20 -21 -22 24 -24 25 -26 -27 27 29 -30 -31
leaf_value=-0.001958491558979827 -0.00018265987609440633 -0.00027671004203211905 0.00018322123267404264 0.00021928689582751863 0.00031453459074228836 -0.00015264511713596239 -0.00011214862654937733 -0.00012017026447497328 2.952515280383684e-05 -4.2481353121145289e-05 0.00015112465291492103 0.00069019131934699377 -0.0002788956548289269 -3.951442386995401e-05 0.00022570003687092226 3.4990263576293612e-06 -0.00019648725111034177 -0.00010349392205231154 -0.00025359499276442362 0.00021926283967453264 -0.00016178253265961796 -0.00013144834131844353 0.00010770304618816763 0.00012149717932138598 5.1596116259787217e-05 -0.00010964089859874316 6.3845709077034764e-06 3.0099913982746912e-05 0.00027007588444444134 -3.25412492223717e-06
leaf_weight=1279 72 273 29 23 26 213 28 203 26 52 20 20 35 95 26 60 56 128 63 36 155 98 38 23 20 23 27 366 21 861
leaf_count=1279 72 273 29 23 26 213 28 203 26 52 20 20 35 95 26 60 56 128 63 36 155 98 38 23 20 23 27 366 21 861
internal_value=-0.00111604 -0.000362003 0.000290042 -0.000874286 -0.000233334 -0.000391305 -0.000532315 -8.46401e-05 -0.00157143 0.00199998 0.00449991 0.000333328 -0.000567567 0.000142856 0.00095454 0.0029302 -0.00171007 -0.00122551 -0.000313431 0.00122533 -0.000675544 2.3255e-05 0.00107142 -0.000352938 -0.00122033 0.00221734 0.000162583 0.000270587 0.00449991 0.000105134
internal_weight=4395 3116 1376 1740 900 874 851 638 840 120 48 72 518 315 220 86 814 541 134 71 413 258 140 102 118 46 1347 1275 48 1227
internal_count=4395 3116 1376 1740 900 874 851 638 840 120 48 72 518 315 220 86 814 541 134 71 413 258 140 102 118 46 1347 1275 48 1227
cat_boundaries=0 1
cat_threshold=610
is_linear=0
shrinkage=0.03


Tree=116
num_leaves=31
num_cat=1
split_feature=0 19 5 1 6 7 7 4 10 8 6 6 6 13 1 0 7 18 7 2 5 11 7 3 8 18 6 8 2 3
split_gain=6.96698 0.921061 1.10919 0.625879 0.56055 0.533853 0.516847 0.443038 0.40709 0.927156 0.601062 0.399745 0.899295 0.373293 0.572662 1.79371 0.455275 0.783125 1.21792 0.661269 0.891879 0.816 0.760852 0.508538 1.09389 0.496828 0.746392 0.462958 0.433378 1.32766
threshold=0.34766968031203666 0 0.52839756592292109 0.018229166666666668 0.24654377880184339 0.073252975929760156 0.044241043594304037 0.028645833333333336 -0.24999999999999994 0.12450006889054512 0.35161290322580652 0.14199904655966952 0.1654377880184332 1.0000000180025095e-35 0.049479166666666671 0.39309753285064181 0.053878726895501002 0.47500000000000003 0.045406247467067069 0.075520833333333343 0.17917511832319136 1.0000000180025095e-35 0.076340200555275337 0.054687500000000007 0.15463481449481423 0.44558823529411767 0.61797235023041486 0.12808689612673749 0.11718750000000001 0.14843750000000003
decision_type=2 1 2 2 2 2 2 2 2 2 2 2 2 2 2 2 2 2 2 2 2 2 2 2 2 2 2 2 2 2
left_child=-1 2 3 -2 -3 6 -6 -8 9 -9 -11 -5 -13 14 -14 -16 17 18 27 23 -21 22 -22 24 -18 -24 -27 -15 29 -17
right_child=1 4 -4 11 5 -7 7 8 -10 10 -12 12 13 16 15 28 19 -19 -20 20 21 -23 25 -25 -26 26 -28 -29 -30 -31
leaf_value=-0.0018997368122104326 -0.00049062455819574022 -0.00024046686493182126 0.00076434425524233305 -0.00039358233237801732 -4.5324073507877413e-05 -4.5914415662506498e-05 -0.0001730657247305025 0.00029802913125703725 1.6679355754132355e-06 -0.00030743331413398702 6.8144017033965279e-05 7.2399746194139447e-05 -0.00017758023046545623 0.0001653262504360066 0.00040037875502859477 -1.3897296589633071e-06 -8.8567487485510259e-05 -1.6625042555635976e-06 0.0002060260815020348 0.00011139608855310414 -2.5163349721496817e-05 -9.3634023598258721e-06 8.7180416178763647e-06 -8.7379536061372624e-05 0.0001686523890511983 0.00015200821506459076 1.4088575785897405e-05 -9.079319163437682e-05 -1.8031811661148086e-05 0.00014013722444783876
leaf_weight=1279 58 474 21 35 94 476 51 25 223 31 36 23 227 21 24 492 98 74 38 34 28 115 32 121 22 35 22 26 132 28
leaf_count=1279 58 474 21 35 94 476 51 25 223 31 36 23 227 21 24 492 98 74 38 34 28 115 32 121 22 35 22 26 132 28
internal_value=-0.00108874 -0.000323492 0.000146852 6.23138e-05 -0.000887324 -0.000467949 0.000260868 0.000770489 0.00119047 0.00286953 0.00102983 0.00017148 0.000241205 0.000154875 -0.000242525 0.000195265 0.000693692 0.00209433 0.00405878 0.000254437 0.00128571 0.000620686 0.00238459 -0.000883814 0.000499995 0.00374153 0.00542096 0.000829769 -0.000101228 0.00028846
internal_weight=4395 3116 1706 1685 1410 936 460 366 315 92 67 1627 1592 1569 903 676 666 159 85 507 266 232 117 241 120 89 57 47 652 520
internal_count=4395 3116 1706 1685 1410 936 460 366 315 92 67 1627 1592 1569 903 676 666 159 85 507 266 232 117 241 120 89 57 47 652 520
cat_boundaries=0 1
cat_threshold=614
is_linear=0
shrinkage=0.03


Tree=117
num_leaves=31
num_cat=1
split_feature=0 7 16 19 1 6 7 7 17 5 0 6 6 18 18 3 17 1 3 17 3 8 11 12 12 3 6 8 8 8
split_gain=6.8939 0.914198 0.751288 0.875457 0.681805 0.524309 0.74495 1.06628 2.82247 1.00302 0.506745 0.463382 0.788771 0.545038 0.543178 1.40025 0.877392 0.753683 0.751071 0.503529 0.496408 0.565771 0.62157 0.832688 0.633136 0.553656 0.572503 0.51355 0.789309 0.682622
threshold=0.34766968031203666 0.38780974986680611 4.5000000000000009 0 0.018229166666666668 0.25072302558398224 0.06607095970507626 0.058759783341775416 0.2858054633648201 0.11054766734279921 0.57040581497477094 0.14199904655966952 0.1654377880184332 0.51911764705882357 0.48676470588235299 0.14843750000000003 0.27814654071993883 0.080729166666666671 0.10156250000000001 0.4150285082120671 0.018229166666666668 0.12421201642130983 0.6830127018922193 -0.60785761079279388 -0.8783796973249266 0.075520833333333343 0.24322262831717786 0.16640278872593822 0.20048501969437313 0.19218106975147189
decision_type=2 2 2 1 2 2 2 2 2 2 2 2 2 2 2 2 2 2 2 2 2 2 2 2 2 2 2 2 2 2
left_child=-1 2 10 5 -5 -4 7 9 -9 -7 -2 -6 -13 14 20 16 17 -16 -19 -18 -14 22 23 24 -22 26 -25 -23 29 -29
right_child=1 -3 3 4 11 6 -8 8 -10 -11 -12 12 13 -15 15 -17 19 18 -20 -21 21 27 -24 25 -26 -27 -28 28 -30 -31
leaf_value=-0.0018427447078441191 -0.00017779124477475903 0.00016410455189685896 -0.00024649261084727978 -0.00041522683357701767 -0.00033987818603516026 0.00013880215059369717 -0.00010168519706350429 -0.00049152928781237299 0.00033766483066898428 -4.2216896453688276e-05 9.6618920032335783e-06 6.7605591886225308e-05 -0.00019309598215159598 -2.2917591405299405e-05 0.00024161433409028375 0.00013593310771440375 -4.5362412577702233e-07 -0.00011646408920541825 3.7969958399706875e-05 0.00014135186640535646 -2.305966618157377e-05 -5.3202964645032381e-05 0.00015122469347448678 1.4909401683912067e-05 0.00023402954943419076 3.9587585804314717e-05 -0.00016922114283546974 1.6383098739204753e-06 -8.0451216329366854e-06 0.00037486788777788303
leaf_weight=1279 267 25 396 59 38 31 295 25 31 162 31 24 47 76 24 28 384 25 20 42 33 316 33 66 35 27 84 133 325 34
leaf_count=1279 267 25 396 59 38 31 295 25 31 162 31 24 47 76 24 28 384 25 20 42 33 316 33 66 35 27 84 133 325 34
internal_value=-0.00107509 -0.000313865 -0.000360078 -0.000207305 0.000172302 -0.000947368 -0.000352941 0.000855418 0.00449992 -0.000202072 -0.00179194 0.000277591 0.000348518 0.000273671 0.00038768 0.00118738 0.000818179 0.00395646 0.00166663 0.000309858 1.85341e-05 0.00014917 0.00131654 0.000795914 0.00361759 -0.000288135 -0.000999994 -0.000252476 0.000353657 0.00202993
internal_weight=4395 3116 3091 2793 1853 940 544 249 56 193 298 1794 1756 1732 1656 523 495 69 45 426 1133 1086 278 245 68 177 150 808 492 167
internal_count=4395 3116 3091 2793 1853 940 544 249 56 193 298 1794 1756 1732 1656 523 495 69 45 426 1133 1086 278 245 68 177 150 808 492 167
cat_boundaries=0 1
cat_threshold=281
is_linear=0
shrinkage=0.03


Tree=118
num_leaves=31
num_cat=0
split_feature=5 7 9 6 13 7 6 0 7 8 4 7 7 7 9 0 12 1 1 9 10 9 16 6 0 0 7 8 3 1
split_gain=6.97204 0.899172 0.743269 0.645258 0.820618 1.08788 1.0906 0.70349 0.690904 0.653728 0.914243 0.758115 0.612061 0.737684 1.46272 0.658547 0.442111 0.42861 0.512246 0.428955 0.508534 0.736571 0.829649 0.548929 0.98301 0.463523 0.47513 0.422858 0.411725 0.395699
threshold=0.084178498985801223 0.38780974986680611 0.97957695113056176 0.25576036866359453 1.0000000180025095e-35 0.061233988916926919 0.2649769585253457 0.57943289321425384 0.022453387336832647 0.20622435817705217 0.091145833333333343 0.099590664592236089 0.046424089779448369 0.053878726895501002 0.38548504741064926 0.46968181644835522 -0.8783796973249266 0.044270833333333336 0.13281250000000003 0.35922684172137131 -0.24999999999999994 0.61852662290299076 29.500000000000004 0.29539170506912449 0.49403747443035323 0.44836881218107716 0.058759783341775416 0.11960370671186522 0.11197916666666667 0.16406250000000003
decision_type=2 2 2 2 2 2 2 2 2 2 2 2 2 2 2 2 2 2 2 2 2 2 2 2 2 2 2 2 2 2
left_child=-1 2 3 8 17 6 -6 -7 -2 10 -9 -11 -8 14 -14 -16 -10 -5 19 -19 21 22 -21 -23 -25 26 -22 -15 -20 -30
right_child=1 -3 -4 4 5 7 12 9 16 11 -12 -13 13 27 15 -17 -18 18 28 20 25 23 -24 24 -26 -27 -28 -29 29 -31
leaf_value=-0.0015403581784058766 0.00025112258444767363 0.00015918141533995318 0.0004053150854065068 -0.00028060548144192719 0.00031302103839168319 -1.0560205414747792e-05 -2.3673956146128986e-06 0.00013451471204680243 1.9793625667313123e-05 0.00013822066755723891 6.3002762699189345e-05 -1.9980609509314282e-05 7.3360826467961345e-05 3.2250926250100976e-05 0.00024672068967440669 -4.3068860896713599e-05 -0.00018422981089946517 -8.2691841411930363e-05 -6.9468882143768236e-05 -1.6016692516125245e-06 -3.4760019619274249e-05 -0.00021284888063484236 0.00093812619184470121 0.00027057241594394726 -0.00016647479701231019 -9.5113903899673225e-06 0.00017661327845972695 -1.5863746069385704e-05 6.7101917555753335e-05 -4.5623030169662111e-05
leaf_weight=1300 20 25 22 189 20 489 95 35 129 23 35 75 20 20 23 27 773 215 105 25 25 31 30 36 40 416 30 51 34 37
leaf_count=1300 20 25 22 189 20 489 95 35 129 23 35 75 20 20 23 27 773 215 105 25 25 31 30 36 40 416 30 51 34 37
internal_value=-0.00104096 -0.00026656 -0.000312704 -0.000352363 -6.49113e-05 0.000614456 0.00227343 -3.19641e-05 -0.00101518 0.00164285 0.00385709 6.12231e-05 0.00170338 0.00295743 0.00514278 0.00239995 -0.00113747 -0.000576257 -0.000333985 -2.83026e-05 0.000364928 0.0018148 0.00463628 0.000364482 0.00173682 -0.000133758 0.0024545 0.000802805 -0.00180681 -4.22536e-05
internal_weight=4395 3095 3070 3048 2126 913 256 657 922 168 70 98 236 141 70 50 902 1213 1024 848 633 162 55 107 76 471 55 71 176 71
internal_count=4395 3095 3070 3048 2126 913 256 657 922 168 70 98 236 141 70 50 902 1213 1024 848 633 162 55 107 76 471 55 71 176 71
is_linear=0
shrinkage=0.03


Tree=119
num_leaves=31
num_cat=1
split_feature=0 19 9 0 13 16 1 6 7 16 6 0 17 10 10 7 17 10 18 9 10 12 7 18 0 18 18 17 17 18
split_gain=6.55479 0.972131 0.862221 0.757123 0.777124 0.559677 0.524758 0.521495 0.577827 0.625188 0.464282 0.97188 1.41933 1.01511 0.974609 0.460748 0.684712 0.529975 0.522072 1.12161 0.583447 0.818138 0.447927 0.419028 0.418977 0.448254 0.614089 0.832493 0.522785 0.59014
threshold=0.34573198218960854 0 0.15681983953318746 0.65204532230327683 1.0000000180025095e-35 28.500000000000004 0.018229166666666668 0.2483870967741936 0.073252975929760156 4.5000000000000009 0.14199904655966952 0.39309753285064181 0.2666185416354882 -0.6830127018922193 0.68301270189221941 0.044241043594304037 0.33439707258956691 -0.24999999999999994 0.47794117647058826 0.64697301239970828 0.68301270189221941 -1.0000000180025095e-35 0.034936295407687758 0.48970588235294121 0.41625612619461377 0.5220588235294118 0.50735294117647067 0.35437189498179184 0.350651008424815 0.49558823529411766
decision_type=2 1 2 2 2 2 2 2 2 2 2 2 2 2 2 2 2 2 2 2 2 2 2 2 2 2 2 2 2 2
left_child=-1 2 5 6 -5 -2 -4 -3 9 -9 -8 12 -12 -14 -15 22 17 -17 20 -20 -19 -22 -11 -21 -13 26 28 -28 -26 -30
right_child=1 7 3 4 -6 -7 10 8 -10 15 11 24 13 14 -16 16 -18 18 19 23 21 -23 -24 -25 25 -27 27 -29 29 -31
leaf_value=-0.0018286657377366549 -0.00020433312234051525 -0.00022297889392898751 -0.00048736474912834633 1.0534653652772943e-05 0.00056149944442692888 2.6531679741434611e-05 -0.00033948241159276914 -0.00028182571844080574 -4.1469133662523126e-05 3.5298668449135413e-05 -0.00013471112612064987 -0.00028110862895969408 -7.1638628411284022e-05 0.00039014690138674163 2.4751333669502822e-05 0.00013866600009345976 -0.00010415216417975794 -0.000148073471513542 7.5714198854671106e-05 7.9325218444897496e-05 2.5906103178333928e-05 -0.00037105165247791302 -0.00028001991218570355 -0.00028290249184850921 6.966414233583151e-06 -2.4795000870248967e-05 4.1898770268496882e-06 0.00026961662702947741 -6.3565363415155234e-05 3.378238171426522e-05
leaf_weight=1258 172 506 43 25 21 20 36 47 474 34 31 93 20 26 23 61 73 63 32 20 22 22 53 22 801 50 43 30 220 54
leaf_count=1258 172 506 43 25 21 20 36 47 474 34 31 93 20 26 23 61 73 63 32 20 22 22 53 22 801 50 43 30 220 54
internal_value=-0.00107509 -0.00034141 0.000143189 0.000383904 0.00417382 -0.00174999 0.000265305 -0.000915219 -0.000497292 0.000273941 0.000363699 0.000450754 0.00329997 0.00569557 0.00802024 0.000656714 0.00119047 0.00195867 0.00114364 0.00308104 -0.000196261 0.00245449 -0.00127585 -0.000142854 0.000230053 0.000380633 0.000501741 0.00316434 0.000320929 -0.000810217
internal_weight=4395 3137 1708 1516 46 192 1470 1429 923 449 1427 1391 100 69 49 402 315 242 181 74 107 44 87 42 1291 1198 1148 73 1075 274
internal_count=4395 3137 1708 1516 46 192 1470 1429 923 449 1427 1391 100 69 49 402 315 242 181 74 107 44 87 42 1291 1198 1148 73 1075 274
cat_boundaries=0 1
cat_threshold=614
is_linear=0
shrinkage=0.03


Tree=120
num_leaves=31
num_cat=0
split_feature=5 9 6 0 7 7 3 7 0 5 4 18 18 3 10 3 16 13 17 9 5 5 18 6 3 9 7 7 18 16
split_gain=7.03287 0.656394 0.478241 1.12022 0.512366 0.457819 0.542335 0.703904 0.493277 0.825885 0.548992 0.626897 0.446993 0.445719 0.428632 0.4541 0.410755 0.70206 0.7198 0.382414 0.413787 1.67121 0.726298 0.718036 0.5599 0.975176 0.784395 0.727479 0.556384 0.960815
threshold=0.079310344827586213 0.18745441283734501 0.20519397970534159 0.35371632274308884 0.02965926301154265 0.043362410548815823 0.080729166666666671 0.03795342813778662 0.37668253684308667 0.096179851250845175 0.028645833333333336 0.44264705882352945 0.48676470588235299 0.10677083333333334 1.0000000180025095e-35 0.028645833333333336 15.500000000000002 1.0000000180025095e-35 0.31428058132168429 0.97957695113056176 0.14503042596348886 0.14097363083164302 0.46029411764705885 0.78755760368663608 0.14322916666666669 0.69876002917578428 0.092343480677863826 0.12201822244818451 0.48088235294117648 24.500000000000004
decision_type=2 2 2 2 2 2 2 2 2 2 2 2 2 2 2 2 2 2 2 2 2 2 2 2 2 2 2 2 2 2
left_child=-1 16 4 -4 -3 6 -5 -8 9 -7 13 -12 -6 -10 -14 -16 -2 -18 -19 20 21 28 24 -24 25 26 -22 -28 -13 -30
right_child=1 2 3 5 12 8 7 -9 10 -11 11 19 14 -15 15 -17 17 18 -20 -21 22 -23 23 -25 -26 -27 27 -29 29 -31
leaf_value=-0.0017670593920352227 -0.00025367618957500678 0.00012697791452356369 0.00028479328951459327 -0.00011142942385586266 -0.00024717800683490382 -0.00019819822196572988 0.00011988796521621643 -5.8029110688377351e-05 -0.00023873823352443032 0.00016381059324244423 -4.3651836862414035e-05 -8.7855408362167559e-05 -0.00076727171739234283 6.0771425542949001e-05 7.6150887649641312e-05 -9.9737259625386169e-05 -0.00022908318332207328 5.0895805989705756e-05 -7.1022783181416311e-05 0.00043153920144568255 -4.7504969406271855e-06 0.00020866702122190092 -6.7029440771435428e-06 0.00010695949336507268 -9.8181399326181348e-05 0.00015160701002471806 0.00010201878766524901 -5.7869219988310833e-06 -0.00012261461468751164 0.0001744097373011143
leaf_weight=1230 160 25 26 224 226 22 20 23 226 34 153 186 28 20 42 34 79 28 31 20 99 34 1162 22 31 33 33 21 38 63
leaf_count=1230 160 25 26 224 226 22 20 23 226 34 153 186 28 20 42 34 79 28 31 20 99 34 1162 22 31 33 33 21 38 63
internal_value=-0.00100366 -0.000251035 -0.000110721 3.61438e-05 -0.00114084 -2.92215e-05 -0.00120224 0.00188368 0.000113336 0.0028928 4.06345e-05 0.000213719 -0.00145454 -0.00129268 0.000173075 0.00134209 -0.0015906 -0.000391302 0.00208471 0.00037543 0.000327525 0.00129906 0.000104924 -0.000187501 0.00170045 0.00232257 0.00131372 0.00422214 0.000554004 0.00234651
internal_weight=4373 3143 2845 2490 355 2464 267 43 2197 56 2141 1895 330 246 104 76 298 138 59 1742 1722 321 1401 1184 217 186 153 54 287 101
internal_count=4373 3143 2845 2490 355 2464 267 43 2197 56 2141 1895 330 246 104 76 298 138 59 1742 1722 321 1401 1184 217 186 153 54 287 101
is_linear=0
shrinkage=0.03


Tree=121
num_leaves=31
num_cat=1
split_feature=5 9 16 9 19 16 3 8 10 7 7 1 2 1 17 9 17 18 1 5 5 9 9 10 17 17 7 12 2 18
split_gain=6.68603 0.623339 0.960712 0.760035 0.753925 1.56634 0.557104 0.577927 0.94657 0.554259 0.905039 0.594608 0.541409 1.47297 0.506496 0.581972 1.21794 0.591623 0.601787 0.621496 0.697132 0.476465 0.550963 1.01331 0.659092 1.38035 0.654176 0.464766 0.619622 0.639669
threshold=0.079310344827586213 0.30233406272793589 16.500000000000004 0.30598103574033558 0 18.500000000000004 0.080729166666666671 0.12421201642130983 0.25000000000000011 0.022973966340897985 0.038098013149506803 0.018229166666666668 0.018229166666666668 0.054687500000000007 0.33907752531699437 0.37272064186725029 0.29240798288626951 0.49852941176470594 0.10156250000000001 0.18762677484787021 0.17748478701825562 0.47191830780452232 0.61852662290299076 0.25000000000000011 0.34822568292060257 0.33116330525061705 0.05468897878109228 0.6078576107927941 0.11197916666666667 0.48676470588235299
decision_type=2 2 2 2 1 2 2 2 2 2 2 2 2 2 2 2 2 2 2 2 2 2 2 2 2 2 2 2 2 2
left_child=-1 2 -2 -3 -4 -6 9 8 -8 -5 -11 -12 13 -13 15 16 -14 18 19 20 -17 -9 23 -23 25 26 -25 28 29 -16
right_child=1 3 4 6 5 -7 7 21 -10 10 11 12 14 -15 27 17 -18 -19 -20 -21 -22 22 -24 24 -26 -27 -28 -29 -30 -31
leaf_value=-0.0017140476102741669 -0.00020223490634468046 9.8716127100429866e-05 -0.00015034316421444772 0.00018552280128371408 5.7925506325904799e-05 4.6686798637330903e-06 0.00042182263527327396 -6.0919540854300647e-05 -2.8263467731907923e-05 -0.00013778800853345597 -0.00048660298252482852 -0.00013192134941169875 0.0001824030710710163 0.00023733348819271591 -0.00021160924808418958 5.9167986955468892e-06 2.2449659742955648e-07 -0.00012268919078463564 7.482540866979595e-05 -8.5333033832588536e-05 6.5929727346216485e-05 0.00065471947646055873 -1.161205291392737e-06 3.2648121044086934e-05 -1.6426968869836792e-05 0.00022549004966245106 7.6848978104614669e-07 -0.00014125227516810675 0.00012474432405137317 1.739536176314773e-05
leaf_weight=1230 391 38 118 20 22 104 25 68 37 184 89 58 20 37 176 567 54 93 28 89 31 27 316 20 77 23 149 116 33 133
leaf_count=1230 391 38 118 20 22 104 25 68 37 184 89 58 20 37 176 567 54 93 28 89 31 27 316 20 77 23 149 116 33 133
internal_value=-0.00105168 -0.00031785 -0.00115748 -0.000105264 0.00031967 0.00185293 -0.000170041 0.000517519 0.00329027 -0.000465278 -0.00052342 -0.000283465 -0.000135889 0.00205261 -0.000291045 0.000129251 0.00267564 -0.000103961 0.00018881 1.30997e-05 0.000361203 0.000264705 0.00052941 0.00145945 0.000903342 0.00184374 0.000905319 -0.00110043 -0.000543859 -0.000961163
internal_weight=4373 3143 635 2508 244 126 2470 742 62 1728 1708 1524 1435 95 1340 882 74 808 715 687 598 680 612 296 269 192 169 458 342 309
internal_count=4373 3143 635 2508 244 126 2470 742 62 1728 1708 1524 1435 95 1340 882 74 808 715 687 598 680 612 296 269 192 169 458 342 309
cat_boundaries=0 1
cat_threshold=836
is_linear=0
shrinkage=0.03


Tree=122
num_leaves=31
num_cat=1
split_feature=20 11 11 17 18 6 18 6 18 8 19 9 8 17 7 7 17 16 13 11 6 20 18 20 4 8 20 3 8 9
split_gain=6.43358 0.606391 0.851102 1.12452 1.20326 0.695109 0.754911 0.537261 0.532318 0.601099 0.471188 0.60196 0.914278 1.15334 0.718764 0.512099 0.598636 0.820329 1.52257 0.554176 0.848786 0.541629 0.465257 0.490098 0.655743 0.677288 0.46443 0.44633 0.436344 0.413862
threshold=0.32838837274029392 0.93301270189221952 0.6830127018922193 0.32049069925083423 0.45441176470588235 0.37741935483870975 0.47205882352941181 0.31290322580645169 0.50441176470588245 0.21743680224164993 0 0.51677607585703877 0.12150897627527692 0.29491107139817901 0.044241043594304037 0.039930004843826368 0.34343176467251019 11.500000000000002 1.0000000180025095e-35 -0.68301270189221952 0.26958525345622125 0.39789993807232954 0.42794117647058827 0.45029684738397663 0.075520833333333343 0.23115397234354332 0.41342993139342915 0.10677083333333334 0.41775497033152903 0.97957695113056176
decision_type=2 2 2 2 2 2 2 2 2 2 1 2 2 2 2 2 2 2 2 2 2 2 2 2 2 2 2 2 2 2
left_child=-1 2 7 5 -5 6 -4 10 27 -10 -2 12 13 -12 -15 -13 17 18 -17 20 21 -19 -9 24 -24 -26 -8 -6 -11 -25
right_child=1 -3 3 4 8 -7 26 22 9 28 11 15 -14 14 -16 16 -18 19 -20 -21 -22 -23 23 29 25 -27 -28 -29 -30 -31
leaf_value=-0.0019593227301349606 -0.0001354171749071935 -0.00020790625239114073 2.1404850126518468e-05 0.00034505664688313278 -6.5694580633067286e-05 -1.3558379594860612e-05 0.00023254041832859577 -0.00017637407920102923 0.00049160798387037376 -0.00025195815258632421 0.00034782867282953851 -0.00014989602282328425 -5.389495521364948e-05 0.00010505468080177505 -0.00011283600634653604 -0.00018325508177958528 -0.00021815600921891082 0.00020468280227254509 0.00026952118202162357 -0.00014771030218028997 -0.00016200753761762236 2.6408530307823721e-05 -9.0700558461870002e-06 -8.0193661972043684e-07 0.00013315846576382082 7.1643488900674961e-06 0.00018602621448845092 6.5893061865170228e-05 0.00011503987104212622 0.00040377981942976612
leaf_weight=1170 585 246 43 32 190 36 35 44 20 24 26 125 82 20 52 23 100 26 25 141 60 78 36 1018 20 21 33 21 20 21
leaf_count=1170 585 246 43 32 190 36 35 44 20 24 26 125 82 20 52 23 100 26 25 141 60 78 36 1018 20 21 33 21 20 21
internal_value=-0.00104482 -0.000349361 -0.000230302 0.000964755 -6.84044e-05 0.00312243 0.00429726 -0.000447064 -0.000709089 0.00168747 -0.000855547 -0.00034375 0.00116666 0.00312242 0.00116665 -0.000820069 -0.000350993 0.00022946 0.00387492 -0.000344262 0.000841458 0.00248074 2.58613e-05 0.00014516 0.00245451 0.00504866 0.00626461 -0.00143601 -0.000272722 -2.59872e-05
internal_weight=4373 3203 2957 454 307 147 111 2503 275 64 1343 758 180 98 72 578 453 353 48 305 164 104 1160 1116 77 41 68 211 44 1039
internal_count=4373 3203 2957 454 307 147 111 2503 275 64 1343 758 180 98 72 578 453 353 48 305 164 104 1160 1116 77 41 68 211 44 1039
cat_boundaries=0 1
cat_threshold=780
is_linear=0
shrinkage=0.03


Tree=123
num_leaves=31
num_cat=1
split_feature=5 11 11 17 18 17 9 8 18 8 17 18 1 18 9 17 18 8 18 4 3 0 7 19 7 17 8 9 13 8
split_gain=6.56161 0.634396 0.65903 0.784379 1.17595 0.632445 0.731681 0.512073 0.646979 0.56888 1.99912 0.497496 1.09199 0.469346 0.789624 0.702514 0.595227 0.647063 0.430528 0.422344 0.422025 0.393751 0.357122 0.413551 0.497099 0.651337 0.911397 1.44662 0.730096 0.574061
threshold=0.079310344827586213 0.93301270189221952 0.6830127018922193 0.32049069925083423 0.45441176470588235 0.31244149434090723 0.54303428154631672 0.19010694606400499 0.44264705882352945 0.19944284209539223 0.32049069925083423 0.50441176470588245 0.13802083333333334 0.47205882352941181 0.94493070751276453 0.31099480895242965 0.51617647058823535 0.28376229104135253 0.4661764705882353 0.085937500000000014 0.10677083333333334 0.58315943199673659 0.12456006935358581 0 0.039930004843826368 0.2941818597976989 0.12224515550543266 0.52808169219547796 0.81174490092936691 0.096943484910633357
decision_type=2 2 2 2 2 2 2 2 2 2 2 2 2 2 2 2 2 2 2 2 2 2 2 1 2 2 2 2 2 2
left_child=-1 2 7 5 -5 6 18 22 -9 10 -10 20 -13 15 16 -11 17 19 -4 -15 -6 -12 23 -2 -25 26 27 -26 -28 -27
right_child=1 -3 3 4 11 -7 -8 8 9 13 21 12 -14 14 -16 -17 -18 -19 -20 -21 -22 -23 -24 24 25 29 28 -29 -30 -31
leaf_value=-0.0016064116847259546 -8.9675265463554199e-05 -0.00020166906481940808 -0.00027879772928421571 0.00033470494747663942 -6.4876995580108338e-05 0.00026653205759578165 0.00014053057688109895 -0.00015429205570794628 0.00021108218146155265 -4.6477171509785001e-05 2.0734622454910117e-05 0.00047685974435426252 -2.2894266905948472e-05 1.2016782576547233e-05 0.00036587859816750298 0.00013300869493259362 -2.3197326234130942e-05 0.00011741150355401369 4.5784199045022056e-05 -5.3213001354440072e-05 6.3916270009213666e-05 -1.4486864891689505e-05 -0.00028766143524756242 -0.00013136917534007565 0.00019074697950850108 4.4766682472123666e-05 -5.5173817289677492e-06 3.0775296416715916e-05 9.548127797176765e-05 -1.0605781602952117e-05
leaf_weight=1230 731 246 24 32 194 32 22 73 37 97 23 20 44 41 22 31 35 39 71 95 21 30 55 135 29 69 149 41 27 678
leaf_count=1230 731 246 24 32 194 32 22 73 37 97 23 20 44 41 22 31 35 39 71 95 21 30 55 135 29 69 149 41 27 678
internal_value=-0.00104482 -0.00031785 -0.000193649 0.000847824 -9.64699e-06 0.00263757 0.00161537 -0.000390234 0.000441681 0.000866664 0.00299997 -0.000634407 0.00168747 0.000333332 0.00113793 -0.00112499 0.000571425 0.00128571 0.000473679 0.000308821 -0.00132558 -0.000735836 -0.000617555 -0.000547069 -0.000179262 5.13587e-05 0.00139024 0.00428565 0.000238634 -0.000389558
internal_weight=4373 3143 2897 460 311 149 117 2437 523 450 90 279 64 360 232 128 210 175 95 136 215 53 1914 1859 1128 993 246 70 176 747
internal_count=4373 3143 2897 460 311 149 117 2437 523 450 90 279 64 360 232 128 210 175 95 136 215 53 1914 1859 1128 993 246 70 176 747
cat_boundaries=0 1
cat_threshold=780
is_linear=0
shrinkage=0.03


Tree=124
num_leaves=31
num_cat=1
split_feature=5 9 9 1 7 7 2 2 1 17 7 17 8 7 7 16 18 2 0 18 1 17 7 7 9 12 8 2 19 17
split_gain=6.51323 0.784591 0.53613 0.493168 0.434546 0.469463 0.633898 0.44557 1.1449 0.550024 0.659373 0.484866 0.449649 0.438636 0.481242 0.417421 0.3875 0.500161 0.723503 0.516467 1.13116 1.00035 0.969675 0.63854 0.495549 0.457602 0.417955 0.766622 0.673823 0.911265
threshold=0.079310344827586213 0.18745441283734501 0.97957695113056176 0.013020833333333334 0.02149017771572934 0.039930004843826368 0.085937500000000014 0.018229166666666668 0.054687500000000007 0.34665134882137699 0.040882472730218208 0.34515477772984848 0.1497662635424182 0.0428522467845582 0.043866641571054833 7.5000000000000009 0.42794117647058827 0.065104166666666671 0.47964949943148871 0.48088235294117648 0.070312500000000014 0.27311395361803403 0.047824124604727077 0.079237953319248058 0.35922684172137131 0.6078576107927941 0.28376229104135253 0.10156250000000001 0 0.33394810126210833
decision_type=2 2 2 2 2 2 2 2 2 2 2 2 2 2 2 2 2 2 2 2 2 2 2 2 2 2 2 2 1 2
left_child=-1 -2 3 -3 -5 6 -6 8 -7 10 -9 13 -10 -12 -15 -16 -17 18 19 22 21 -21 -18 25 -24 -23 28 -28 -19 -30
right_child=1 2 -4 4 5 7 -8 9 12 -11 11 -13 -14 14 15 16 17 26 -20 20 -22 23 24 -25 -26 -27 27 -29 29 -31
leaf_value=-0.0015582193341841756 -0.00016080002517699388 -0.0005549689984861041 0.00027753876018436508 0.00014958627106632775 -9.9514197458329943e-05 -0.00010278532217900083 1.6038203483838352e-05 0.00014995352489770769 0.00018438006655424908 -1.6291338104841532e-05 -0.00035928199872097287 0.000110033501597198 0.00013517287768217493 8.8237409816264057e-06 -4.4201595365706516e-05 -0.00019119726223245598 0.00026004688192636023 -4.9222820204999526e-06 -0.00018522053900418389 0.00022886898277827973 -6.5410333023748212e-05 -8.9003877201268778e-05 0.00010586084744411401 0.00036884271122742144 -0.0001479297237168401 0.00015257670921134053 6.4048975690224924e-05 1.4392690004097967e-05 2.4849824948058692e-05 0.000246824643031981
leaf_weight=1230 298 56 25 21 238 72 24 27 20 631 43 25 21 25 289 49 33 258 140 23 108 70 35 22 229 30 31 43 230 27
leaf_count=1230 298 56 25 21 238 72 24 27 20 631 43 25 21 25 289 49 33 258 140 23 108 70 35 22 229 30 31 43 230 27
internal_value=-0.00105168 -0.000327395 -0.00017399 -0.000212767 -0.000156296 -0.00018921 -0.00139694 -6.16694e-05 0.00177874 -0.000149494 0.000126079 5.26308e-05 0.00578035 -8.90279e-06 6.94268e-05 5.56514e-06 0.000230421 0.000330726 -0.000217392 0.000272726 0.00126877 0.00299998 -0.000575756 0.00191802 -0.00118181 0.00089999 0.000972833 0.00308104 0.000669901 0.00171909
internal_weight=4373 3143 2845 2820 2764 2743 262 2481 113 2368 1737 1710 41 1685 1642 1617 1328 1279 690 550 253 145 297 122 264 100 589 74 515 257
internal_count=4373 3143 2845 2820 2764 2743 262 2481 113 2368 1737 1710 41 1685 1642 1617 1328 1279 690 550 253 145 297 122 264 100 589 74 515 257
cat_boundaries=0 1
cat_threshold=932
is_linear=0
shrinkage=0.03


Tree=125
num_leaves=31
num_cat=2
split_feature=0 2 7 18 16 11 17 0 7 2 17 9 10 12 19 9 17 17 16 8 17 17 16 9 1 8 2 8 18 19
split_gain=6.89136 1.05065 0.604832 0.596974 0.653981 0.663278 0.693012 0.621463 1.02791 0.578739 0.755455 0.902966 0.533927 0.906538 0.514254 0.580783 0.888008 0.63588 0.575106 1.2827 0.998809 1.2278 0.899627 0.810376 0.928821 0.726653 1.64647 0.544854 0.478041 0.476616
threshold=0.32838837274029392 0.070312500000000014 0.020972266000457252 0.4661764705882353 19.500000000000004 0.6830127018922193 0.27125351033954564 0.41625612619461377 0.053878726895501002 0.059895833333333336 0.30149451697434415 0.65134938001458809 0.68301270189221941 1.0000000180025095e-35 0 0.49781181619256026 0.4150285082120671 0.37141519870649314 14.500000000000002 0.19944284209539223 0.33116330525061705 0.29617288624005594 22.500000000000004 0.57622173595915405 0.10156250000000001 0.16278022763403752 0.096354166666666671 0.20622435817705217 0.44558823529411767 1
decision_type=2 2 2 2 2 2 2 2 2 2 2 2 2 2 1 2 2 2 2 2 2 2 2 2 2 2 2 2 2 1
left_child=-1 2 -2 -4 29 6 12 8 -7 -8 -11 -12 13 -6 15 -3 17 18 19 20 21 -17 -20 24 -24 -25 -27 -28 -16 -5
right_child=1 14 3 4 5 7 9 -9 -10 10 11 -13 -14 -15 28 16 -18 -19 22 -21 -22 -23 23 25 -26 26 27 -29 -30 -31
leaf_value=-0.0018087418942345486 0.00012798894572198558 -8.2968469596153429e-06 -0.00023939379539823061 -0.00015530882093081752 -4.5975549734290173e-05 -0.00031216307231248555 -8.735330628769661e-05 1.1631454049604753e-05 0.00048198253323214913 -8.4548776744017878e-05 0.00019737961993992716 -3.2077212067625641e-06 0.00021271597804357041 9.9317902854829227e-05 -0.00015776009842178668 0.00013080502131391169 0.00014078107200442652 -4.346726255830511e-05 -0.00013294232510309371 -6.2840785589398534e-05 0.00013503702898608178 -3.2069017218260205e-06 0.0001687418689328919 -0.00029756735680035407 1.2226970305072065e-05 0.00036768589978399403 9.8672442897730203e-06 -0.00015194465394149866 2.6062907110638623e-06 -3.6107913965565711e-05
leaf_weight=1166 20 209 296 265 52 22 675 136 26 25 30 39 24 37 142 31 36 52 44 22 22 36 21 48 27 26 26 34 500 367
leaf_count=1166 20 209 296 265 52 22 675 136 26 25 30 39 24 37 142 31 36 52 44 22 22 36 21 48 27 26 26 34 500 367
internal_value=-0.000966787 -0.000264438 -0.000691162 -0.00074323 -0.000526502 -7.31714e-05 -0.000414966 0.00156521 0.00449991 -0.000737321 0.00146807 0.00308691 0.00177874 0.000707856 0.00040909 0.00100621 0.00165882 0.00124164 0.0017181 0.00348645 0.00508983 0.00326861 0.000849553 0.00178021 0.00512489 0.000582084 0.00223253 -0.000499992 -0.000193252 -0.00129114
internal_weight=4456 3290 2014 1994 1698 1066 882 184 48 769 94 69 113 89 1276 634 425 389 337 111 89 67 226 182 48 134 86 60 642 632
internal_count=4456 3290 2014 1994 1698 1066 882 184 48 769 94 69 113 89 1276 634 425 389 337 111 89 67 226 182 48 134 86 60 642 632
cat_boundaries=0 1 2
cat_threshold=298 156
is_linear=0
shrinkage=0.03


Tree=126
num_leaves=31
num_cat=2
split_feature=5 2 19 16 18 17 11 8 20 8 1 8 17 8 6 6 5 8 17 18 19 17 17 17 17 8 13 20 6 20
split_gain=7.05372 0.70041 0.465986 0.597841 0.723886 1.05204 0.887209 0.83492 0.543435 0.482367 0.402827 0.532953 0.434752 0.821163 1.33654 1.48605 1.17434 1.34821 2.03126 1.21378 0.740407 1.07916 0.831185 0.927917 0.403619 0.768519 0.962316 0.604423 0.400726 0.399918
threshold=0.079310344827586213 0.065104166666666671 0 29.500000000000004 0.47205882352941181 0.31142030465492304 0.25000000000000017 0.11960370671186522 0.39054903600795815 0.075223422284331695 0.22656250000000003 0.49432194160291421 0.34907667432558936 0.29024861203486146 0.64746543778801857 0.55714285714285727 0.34381338742393514 0.20048501969437313 0.24657475959492811 0.48088235294117648 1 0.32347650530108968 0.34110156435695865 0.33394810126210833 0.4150285082120671 0.29024861203486146 1.0000000180025095e-35 0.6006938435474457 0.77741935483870983 0.61912653167645637
decision_type=2 2 1 2 2 2 2 2 2 2 2 2 2 2 2 2 2 2 2 2 1 2 2 2 2 2 2 2 2 2
left_child=-1 2 -2 9 -5 6 7 8 -6 -4 11 12 13 16 15 -15 17 18 -3 29 -20 -22 23 -23 -14 26 27 -26 -16 -18
right_child=1 10 3 4 5 -7 -8 -9 -10 -11 -12 -13 24 14 28 -17 19 -19 20 -21 21 22 -24 -25 25 -27 -28 -29 -30 -31
leaf_value=-0.001532210477403614 -1.0831609687518344e-06 0.00026261757382368733 4.1167228585209572e-05 -0.00036283458460415477 -2.7378890458488118e-06 -4.9157488221053067e-05 0.00033187116574687545 -2.7014236432264357e-05 0.00014589096709014896 -0.00020956813408203769 0.0005187763289669936 -0.0002002364215543319 -2.5117711145299695e-05 -3.4137047669932213e-05 -0.00036854329093635285 0.00034314748773140612 0.00014733355528844013 -7.1803092206787876e-05 -5.8759648712742696e-06 -6.0249508182067904e-06 5.0552724971226201e-06 2.692855402293531e-05 -8.4812438675820872e-06 0.00022804962266769721 8.987744636601325e-05 -7.107255152715271e-05 0.00012886705958446018 -9.7859754785338003e-05 1.9628913352079693e-05 0.00013269178785872687
leaf_weight=1222 701 21 21 131 23 302 35 74 23 503 20 45 243 25 27 34 20 189 310 33 226 24 26 20 22 43 26 25 22 20
leaf_count=1222 701 21 21 131 23 302 35 74 23 503 20 45 243 25 27 34 20 189 310 33 226 24 26 20 22 43 26 25 22 20
internal_value=-0.000960054 -0.000226346 -0.000617209 -0.000994652 -0.000346939 0.000216629 0.00222579 0.000999991 0.00417382 -0.00174046 0.000272343 0.000211991 0.000318583 0.000640921 0.00311108 0.00615244 0.000340831 1.47051e-05 0.000684209 0.00398625 0.000366335 0.00141176 0.00471422 0.00722711 -0.000576601 0.000879302 0.00275339 0.000191485 -0.00055101 0.00749981
internal_weight=4456 3234 1813 1112 588 457 155 120 46 524 1421 1401 1356 997 108 59 889 816 627 73 606 296 70 44 359 116 73 47 49 40
internal_count=4456 3234 1813 1112 588 457 155 120 46 524 1421 1401 1356 997 108 59 889 816 627 73 606 296 70 44 359 116 73 47 49 40
cat_boundaries=0 1 2
cat_threshold=610 677
is_linear=0
shrinkage=0.03


Tree=127
num_leaves=31
num_cat=2
split_feature=0 5 7 9 17 17 1 19 11 1 7 17 18 7 19 17 17 18 12 11 18 5 17 7 7 12 9 4 7 4
split_gain=6.98533 0.62388 0.534055 0.472306 0.512242 1.06864 0.884402 1.03897 1.68148 0.689687 0.620229 0.611417 0.874689 0.48846 0.455707 0.506293 1.15955 1.01146 0.627664 0.800639 0.577401 0.415019 0.775547 0.414267 0.714462 1.08974 0.784946 1.46223 0.711958 0.440152
threshold=0.32838837274029392 0.26064908722109537 0.057482738463101604 0.94493070751276453 0.33907752531699437 0.33660965024253259 0.059895833333333336 0 0.6830127018922193 0.044270833333333336 0.092343480677863826 0.3560973534167306 0.49558823529411766 0.020972266000457252 1 0.37141519870649314 0.30980342098544816 0.52500000000000002 0.6078576107927941 -0.24999999999999994 0.43970588235294122 0.34584178498985801 0.40471732902164365 0.043362410548815823 0.057339111088546425 -0.60785761079279388 0.64697301239970828 0.065104166666666671 0.05326294979346325 0.075520833333333343
decision_type=2 2 2 2 2 2 2 1 2 2 2 2 2 2 1 2 2 2 2 2 2 2 2 2 2 2 2 2 2 2
left_child=-1 3 -3 4 5 13 -6 8 11 -7 -9 12 -8 -2 15 16 20 21 19 -18 -4 22 -17 -15 25 26 27 28 -25 -27
right_child=1 2 14 -5 6 9 7 10 -10 -11 -12 -13 -14 23 -16 17 18 -19 -20 -21 -22 -23 -24 24 -26 29 -28 -29 -30 -31
leaf_value=-0.0017109751391358493 0.00012305861018861237 3.6606029692787778e-06 2.0855501686228702e-05 3.798273937646369e-05 -0.00024488017984139205 0.00010118078731897368 -8.9741331077871207e-05 -0.00014977805703662281 0.00045451597050467473 8.1040046650699362e-06 2.9043791403907309e-05 -0.0003125507654055022 8.5484430070131184e-05 -9.0871460750231416e-05 -3.8733977732526694e-06 -5.5193154367996289e-05 9.6628391392779701e-05 0.00050321303909798307 9.2408175917523784e-06 0.00032866546537071138 -6.7037694133299574e-06 -6.385018699846014e-05 5.3919177301986457e-05 9.6564028741876289e-05 -2.6569827855599234e-05 8.3351962691710974e-06 -3.7013721254439812e-05 -0.00014565144720023824 0.00010458978348109868 -0.00021230848974945564
leaf_weight=1166 21 33 21 35 268 22 27 134 21 36 28 41 20 421 320 37 33 20 37 38 78 62 23 39 1021 291 43 23 23 74
leaf_count=1166 21 33 21 35 268 22 27 134 21 36 28 41 20 421 320 37 33 20 37 38 78 62 23 39 1021 291 43 23 23 74
internal_value=-0.000953322 -0.000246201 0.000547007 -0.000461361 -0.000508814 -0.000288978 -0.00133024 -0.000121771 0.002042 0.00372407 -0.00160464 0.000409086 0.00274462 -0.000407976 0.000363227 0.0010947 0.00207245 -0.00025352 0.00422218 0.00587316 -0.000272725 -0.00127868 0.000499991 -0.000457365 -0.000225892 0.000711965 0.00309373 0.00476465 0.00716117 -0.000123288
internal_weight=4456 3290 702 2588 2553 2014 539 271 109 58 162 88 47 1956 669 349 207 142 108 71 99 122 60 1935 1514 493 128 85 62 365
internal_count=4456 3290 702 2588 2553 2014 539 271 109 58 162 88 47 1956 669 349 207 142 108 71 99 122 60 1935 1514 493 128 85 62 365
cat_boundaries=0 1 2
cat_threshold=240 14
is_linear=0
shrinkage=0.03


Tree=128
num_leaves=31
num_cat=1
split_feature=0 2 7 13 11 4 4 2 17 3 17 17 17 7 10 0 13 7 5 4 13 3 19 11 1 17 17 2 7 8
split_gain=6.93826 0.526747 0.581298 0.420234 0.644253 0.612939 0.445698 0.799511 1.57156 0.525176 0.43444 0.676793 0.549157 0.610991 0.520824 0.528751 0.500151 0.805592 0.472046 0.471348 0.581644 1.06526 0.373421 0.462278 0.59323 0.681953 0.452707 0.590739 0.372656 0.744304
threshold=0.32838837274029392 0.065104166666666671 0.020972266000457252 -0.56174490092936669 -0.68301270189221952 0.19531250000000003 0.091145833333333343 0.10156250000000001 0.37141519870649314 0.085937500000000014 0.40894391966641147 0.34907667432558936 0.32204889385789626 0.070965636238045124 -0.93301270189221908 0.61229581972090841 1.0000000180025095e-35 0.11742592553505851 0.16328600405679514 0.096354166666666671 0.81174490092936691 0.059895833333333336 0 0.6830127018922193 0.044270833333333336 0.34766520237455956 0.27040251893455886 0.044270833333333336 0.091536193277547223 0.32168781531003504
decision_type=2 2 2 2 2 2 2 2 2 2 2 2 2 2 2 2 2 2 2 2 2 2 1 2 2 2 2 2 2 2
left_child=-1 2 -2 4 -3 10 7 9 -9 -6 11 12 14 18 -5 28 -12 -18 -14 20 21 -15 23 26 -25 -26 27 -4 29 -16
right_child=1 3 22 5 6 -7 -8 8 -10 -11 16 -13 13 19 15 -17 17 -19 -20 -21 -22 -23 -24 24 25 -27 -28 -29 -30 -31
leaf_value=-0.0016596458849617731 0.00012133437559207792 -3.7930469789429212e-05 0.00016375869968840076 0.0001466144090224324 -2.929062598916066e-05 0.00010383826671067203 -1.2033904666175307e-05 0.00013338901401860754 -0.00011210637665650526 5.6762501677473729e-05 -1.8305261480941495e-05 -2.4467410084564903e-05 0.00015430068512050052 4.7704473724609212e-05 -1.5373249959713448e-06 0.00011022667750637449 0.0001263017580342632 0.00012914179640776652 -2.8570501550919288e-05 8.6514358585471218e-05 0.00010721832761718378 -4.7068519358718504e-05 -8.1401687076261041e-05 7.5121978781608918e-05 -9.5094891308941605e-05 0.00031246129457261 -8.4520529390693768e-05 -9.7219858875599024e-05 -6.5504939526094037e-05 5.7051263819860346e-05
leaf_weight=1166 20 102 30 30 85 21 124 36 26 23 42 177 23 20 321 25 20 34 47 23 22 29 1132 34 61 30 520 38 158 37
leaf_count=1166 20 102 30 30 85 21 124 36 26 23 42 177 23 20 321 25 20 34 47 23 22 29 1132 34 61 30 520 38 158 37
internal_value=-0.000960054 -0.00025532 -0.000587132 0.000178947 -0.000651514 0.000498541 6.12236e-05 0.00105882 0.00377413 -0.000499996 0.000392856 0.000190789 0.000591835 0.00212194 0.000152363 -6.09988e-05 0.00231248 0.00422214 -7.15246e-10 0.00370209 0.00249292 0.000673455 -0.000642277 -9.54363e-05 0.00155999 0.000296699 -0.00044898 0.00185291 -0.000267442 0.000268155
internal_weight=4456 3290 1865 1425 396 1029 294 170 62 108 1008 912 735 164 571 541 96 54 70 94 71 49 1845 713 125 91 588 68 516 358
internal_count=4456 3290 1865 1425 396 1029 294 170 62 108 1008 912 735 164 571 541 96 54 70 94 71 49 1845 713 125 91 588 68 516 358
cat_boundaries=0 1
cat_threshold=610
is_linear=0
shrinkage=0.03


Tree=129
num_leaves=31
num_cat=1
split_feature=5 16 7 1 8 7 8 8 1 9 9 9 18 19 0 5 8 2 17 2 2 9 8 7 4 4 7 9 5 17
split_gain=6.95066 0.523338 0.63084 0.759789 0.584196 0.863778 0.676552 1.34676 1.33483 0.546682 0.959959 0.415202 0.770381 0.408332 0.648479 1.48363 0.503809 0.855799 0.568584 0.453292 0.542734 0.424493 1.17552 1.28436 0.451286 0.483618 0.693183 0.801415 0.589869 1.06852
threshold=0.0764029749830967 3.5000000000000004 0.02149017771572934 0.039062500000000007 0.11081914048169972 0.05781654739842261 0.15463481449481423 0.11960370671186522 0.028645833333333336 0.5948212983223925 0.64843180160466829 0.94493070751276453 0.47500000000000003 0 0.38756185137941357 0.11054766734279921 0.09742181278566435 0.049479166666666671 0.3156752616798571 0.19010416666666669 0.17447916666666669 0.80598103574033564 0.1439067609595597 0.10937795756218473 0.15885416666666669 0.096354166666666671 0.10585281245293768 0.57622173595915405 0.16937119675456394 0.32306906777164635
decision_type=2 2 2 2 2 2 2 2 2 2 2 2 2 1 2 2 2 2 2 2 2 2 2 2 2 2 2 2 2 2
left_child=-1 9 -3 4 -4 6 7 8 -6 -2 -11 13 -13 14 -5 -16 17 18 -15 20 21 24 -23 -24 25 28 -27 -28 29 -17
right_child=1 2 3 11 5 -7 -8 -9 -10 10 -12 12 -14 16 15 19 -18 -19 -20 -21 -22 22 23 -25 -26 26 27 -29 -30 -31
leaf_value=-0.0015769593694316846 -0.00012298987484953214 0.00013146692494452159 -0.00020455973221083056 -0.0002223305989842336 0.00021953361901595858 -0.0002169341781424282 0.00011141679215999826 -0.00022616446845432912 -0.00010723503037947636 2.838973857714405e-05 -0.00014968321599911257 -7.5941611152653709e-05 0.00015341148197080048 0.0001125943924070138 0.00037159812610440681 0.0001419315046413312 -2.4596222202938222e-05 0.00014049426084002391 -0.00026095268441107551 -4.9346144133274568e-05 0.00010654486825123653 -0.00025377309203272362 0.00029676356541346352 -4.4600423820107542e-05 -9.3023638233182484e-05 1.6611372851878786e-06 0.00070111298362602258 3.3461100169738386e-05 -6.5174719754304608e-06 -3.9914535070942439e-05
leaf_weight=1172 200 23 303 64 21 289 37 61 24 25 24 23 36 20 25 129 889 21 56 34 22 30 25 20 53 194 31 42 457 106
leaf_count=1172 200 23 303 64 21 289 37 61 24 25 24 23 36 20 25 129 889 21 56 34 22 30 25 20 53 194 31 42 457 106
internal_value=-0.000939857 -0.000232035 -0.000123559 -0.000161355 -0.000999999 -0.000291667 0.00161537 0.000396222 0.00433324 -0.00155421 0.00128569 0.000109354 0.00259318 4.32815e-05 0.000405796 0.000570204 -0.000409639 0.00163916 0.000157892 0.000412072 0.000516681 0.000422262 0.00259996 0.00566654 0.000260869 0.000409801 0.00149438 0.00398625 -8.67122e-06 0.00121276
internal_weight=4456 3284 3035 3012 735 432 143 106 45 249 49 2277 59 2218 1232 1168 986 97 76 1143 1109 1087 75 45 1012 959 267 73 692 235
internal_count=4456 3284 3035 3012 735 432 143 106 45 249 49 2277 59 2218 1232 1168 986 97 76 1143 1109 1087 75 45 1012 959 267 73 692 235
cat_boundaries=0 1
cat_threshold=690
is_linear=0
shrinkage=0.03


Tree=130
num_leaves=31
num_cat=2
split_feature=5 1 7 11 6 3 17 2 7 17 7 7 1 2 19 6 17 5 9 9 17 13 9 2 9 19 13 1 17 4
split_gain=6.61156 0.873949 0.560625 0.50724 0.773868 0.57023 0.663937 0.815453 0.620427 0.498729 0.877546 0.651936 0.496258 0.385942 0.480705 0.387339 0.349325 0.504946 0.87502 0.339721 0.436842 0.332661 1.20928 0.414061 0.305497 0.357136 0.973735 0.342332 0.29261 0.964939
threshold=0.082995267072346182 0.023437500000000003 0.046424089779448369 0.93301270189221952 0.78755760368663608 0.13281250000000003 0.27040251893455886 0.033854166666666671 0.0428522467845582 0.23951153093353761 0.071659504697138346 0.083098882524043419 0.12760416666666669 0.033854166666666671 0 0.22442396313364057 0.4150285082120671 0.46855983772819482 0.5948212983223925 0.57622173595915405 0.30352809298695055 -0.22252093395631442 0.57148067104303446 0.080729166666666671 0.64697301239970828 1 1.0000000180025095e-35 0.054687500000000007 0.33907752531699437 0.070312500000000014
decision_type=2 2 2 2 2 2 2 2 2 2 2 2 2 2 1 2 2 2 2 2 2 2 2 2 2 1 2 2 2 2
left_child=-1 2 -2 4 5 6 7 -3 -9 10 -10 21 -5 24 15 -15 28 18 -18 20 -7 22 -11 -23 25 26 27 -8 -16 -30
right_child=1 3 -4 12 -6 19 13 8 9 11 -12 -13 -14 14 16 -17 17 -19 -20 -21 -22 23 -24 -25 -26 -27 -28 -29 29 -31
leaf_value=-0.001350916101710791 5.6709187698825092e-05 0.00017496960986598237 -0.00043548328884203196 -0.00024398549635739052 0.00024532148094238895 -3.455608281199008e-05 0.00015427127601931885 -0.00016756349135664723 7.6966488661236077e-06 5.4765653409758613e-05 -0.00043299553470336311 0.00022873456312277806 2.9039466951165826e-06 6.4915230233617772e-05 1.1006445427101502e-05 -5.3788231644636999e-05 -9.4777209711593242e-06 -6.9865911122623403e-05 0.00011485491563184741 -4.582010031741619e-05 1.0008072252984367e-05 -0.0003870480323821765 -6.9803893338911372e-05 1.2287433643675337e-06 -0.00017214706650530229 -0.00012546539746189199 0.00032186246650050583 -0.00019051610015920485 -9.280086956078215e-05 2.0308897605224248e-05
leaf_weight=1269 33 39 192 201 37 34 37 46 26 21 45 32 20 27 812 330 39 24 38 145 31 25 22 21 116 227 38 38 275 145
leaf_count=1269 33 39 192 201 37 34 37 46 26 21 45 32 20 27 812 330 39 24 38 145 31 25 22 21 116 227 38 38 275 145
internal_value=-0.00100912 -0.000265726 -0.00206666 -0.000125563 -1.12367e-05 -7.17819e-05 5.81916e-05 0.00144043 0.000781509 0.00153124 -0.000464783 0.00270246 -0.00150678 -0.000120224 8.87566e-05 -0.000874658 0.000350706 0.00204948 0.00323372 -0.00157142 0.000230765 0.00138201 0.00327899 -0.000391297 -0.000894736 -0.000441176 0.000902431 -0.000999987 0.000214285 -0.000428571
internal_weight=4385 3116 225 2891 2670 2633 2423 277 238 192 71 121 221 2146 1690 357 1333 101 77 210 65 89 43 46 456 340 113 75 1232 420
internal_count=4385 3116 225 2891 2670 2633 2423 277 238 192 71 121 221 2146 1690 357 1333 101 77 210 65 89 43 46 456 340 113 75 1232 420
cat_boundaries=0 1 2
cat_threshold=132 678
is_linear=0
shrinkage=0.03


Tree=131
num_leaves=31
num_cat=0
split_feature=0 1 18 16 9 9 3 8 17 17 1 3 18 3 8 17 18 17 12 16 8 17 17 6 2 11 17 16 11 2
split_gain=6.27686 0.861543 0.704619 0.525903 0.71698 0.667029 0.43886 0.614869 0.50587 0.874877 0.692942 0.595732 0.530949 0.524325 0.50053 0.537592 1.28788 1.03691 0.792372 0.650421 0.629279 0.78348 0.623998 0.382607 0.485701 0.487728 0.652232 0.410462 0.36899 0.595648
threshold=0.32838837274029392 0.023437500000000003 0.55441176470588249 3.5000000000000004 0.5948212983223925 0.65134938001458809 0.13281250000000003 0.42989024801819237 0.33907752531699437 0.33831163305250628 0.075520833333333343 0.033854166666666671 0.50735294117647067 0.023437500000000003 0.41775497033152903 0.27040251893455886 0.45735294117647063 0.2666185416354882 1.0000000180025095e-35 16.500000000000004 0.15928412133379541 0.24210705471874738 0.19138796698153357 0.33317972350230424 0.059895833333333336 0.25000000000000017 0.42745298272487459 13.500000000000002 0.6830127018922193 0.080729166666666671
decision_type=2 2 2 2 2 2 2 2 2 2 2 2 2 2 2 2 2 2 2 2 2 2 2 2 2 2 2 2 2 2
left_child=-1 -2 3 4 -3 -6 8 -8 9 12 -10 13 14 -12 15 16 18 19 -5 -18 -21 22 -22 -13 -25 26 27 -26 -17 -30
right_child=1 2 -4 6 5 -7 7 -9 10 -11 11 23 -14 -15 -16 28 17 -19 -20 20 21 -23 -24 24 25 -27 -28 -29 29 -31
leaf_value=-0.0016085140686379455 -0.00036156527773054537 -9.6970968058148862e-05 0.00043631371403847372 0.00015729415267675849 5.0030810127239646e-05 -5.2023522497758147e-05 -1.7503488460224987e-05 3.0519430280269562e-05 -0.00013433215742631675 0.00010611200655605833 -1.5464232159179623e-05 -0.00030653524388175597 -0.00012406043715523638 7.0464779085120088e-05 -0.0001930236081949254 -8.7084115682298822e-07 -0.00013447416229169892 0.00013998953621902801 1.1918810079523981e-06 -9.386162912830219e-05 0.00034031246128342384 0.00017699454014203549 -6.9944908069565132e-05 0.00013670664646049755 0.00012566908592327532 -7.1082499017764795e-05 0.00011355557298965752 -2.5671881123970341e-05 9.1016946229770072e-05 -4.0698710893599903e-05
leaf_weight=1180 261 159 22 34 21 24 228 32 345 23 21 72 76 26 39 1066 82 31 31 47 20 37 35 37 22 125 25 104 127 33
leaf_count=1180 261 159 22 34 21 24 228 32 345 23 21 72 76 26 39 1066 82 31 31 47 20 37 35 37 22 125 25 104 127 33
internal_value=-0.00100228 -0.000313573 -0.00016712 -0.000207393 -0.00167646 0.00166663 -9.71309e-05 -0.00126923 2.68504e-05 0.000319452 -0.000606178 0.000194443 0.000238841 0.00338291 0.00035651 0.000441347 0.00154258 0.000571426 0.00530761 -0.000149321 0.00110071 0.00254345 0.000272722 -0.000194805 0.000258784 -0.000173913 0.000973503 9.52366e-05 0.000156606 0.00149999
internal_weight=4385 3205 2944 2922 204 45 2718 260 2458 1681 777 432 1658 47 1582 1543 317 252 65 221 139 92 55 385 313 276 151 126 1226 160
internal_count=4385 3205 2944 2922 204 45 2718 260 2458 1681 777 432 1658 47 1582 1543 317 252 65 221 139 92 55 385 313 276 151 126 1226 160
is_linear=0
shrinkage=0.03


Tree=132
num_leaves=31
num_cat=0
split_feature=0 18 1 4 11 5 2 18 4 7 9 4 8 11 17 3 16 16 12 1 4 17 17 7 3 12 7 16 16 9
split_gain=6.24791 0.7416 0.679419 0.544983 0.552029 0.523044 0.754848 0.58941 0.72049 0.502957 0.75723 0.500508 0.468412 0.469404 0.781745 1.45099 0.736242 0.7239 1.00128 0.715308 0.655551 0.723549 0.839586 0.695745 0.54583 0.666373 0.528208 0.462626 1.43281 0.950267
threshold=0.326218804716498 0.55441176470588249 0.023437500000000003 0.028645833333333336 0.93301270189221952 0.11578769438810006 0.039062500000000007 0.47500000000000003 0.018229166666666668 0.054588354999843228 0.5087527352297595 0.0078125000000000017 0.079541139994146345 0.25000000000000017 0.28622068848139121 0.096354166666666671 14.500000000000002 11.500000000000002 -1.0000000180025095e-35 0.12239583333333334 0.065104166666666671 0.32135636292142422 0.31099480895242965 0.051691424267021037 0.033854166666666671 1.0000000180025095e-35 0.10150446750004584 12.500000000000002 8.5000000000000018 0.61670313639679086
decision_type=2 2 2 2 2 2 2 2 2 2 2 2 2 2 2 2 2 2 2 2 2 2 2 2 2 2 2 2 2 2
left_child=-1 2 9 5 12 6 11 8 -8 10 -2 -4 -5 27 15 17 -16 -15 -19 20 21 22 -18 -23 -25 -26 -22 28 -14 -30
right_child=1 -3 3 4 -6 -7 7 -9 -10 -11 -12 -13 13 14 16 -17 19 18 -20 -21 26 23 -24 24 25 -27 -28 -29 29 -31
leaf_value=-0.0016131783496434677 6.7107286915896714e-05 0.00042322430261731823 0.00011970200038037219 9.1327814349531535e-05 -0.00013447621045400095 -0.00012495727094523565 -9.3912098705535368e-05 0.00012181162405096847 0.00015594863619566079 -0.00041348971291828963 -0.00034443670722221432 -0.00020434216082165877 -1.3863936390734841e-05 7.3488828550364357e-05 -8.0470371057022151e-05 -0.00021235375553511001 7.7581612872548164e-05 0.0002214721256822569 3.2816543824810825e-05 -4.4039299350431077e-05 -2.2391060121571942e-05 -0.00031139857268042511 0.00029239749470999287 8.103576551064302e-05 -4.4240426539165679e-05 0.00033112946600617803 7.781981871845056e-05 -8.1095162032274542e-06 3.0415660085981842e-06 9.65226640621036e-05
leaf_weight=1165 31 22 20 31 203 301 33 22 23 165 75 108 247 34 159 28 36 25 29 104 98 25 20 30 47 37 34 1123 60 50
leaf_count=1165 31 22 20 31 203 301 33 22 23 165 75 108 247 34 159 28 36 25 29 104 98 25 20 30 47 37 34 1123 60 50
internal_value=-0.000988598 -0.000307454 -0.000345216 -0.000212163 -2.47941e-05 -0.00110651 5.82514e-05 0.00238458 0.000749986 -0.00178228 -0.00016981 -0.00135937 0.000112313 6.03835e-05 0.000696882 0.00294825 0.000254236 0.00484085 0.00699987 0.000897909 0.00158715 0.00269229 0.00557133 0.00153236 0.00252629 0.0012857 -4.54549e-05 -0.000243244 0.000697476 0.00354542
internal_weight=4385 3220 3198 2927 2420 507 206 78 56 271 106 128 2217 2186 706 116 590 88 54 431 327 195 56 139 114 84 132 1480 357 110
internal_count=4385 3220 3198 2927 2420 507 206 78 56 271 106 128 2217 2186 706 116 590 88 54 431 327 195 56 139 114 84 132 1480 357 110
is_linear=0
shrinkage=0.03


Tree=133
num_leaves=31
num_cat=1
split_feature=20 18 4 4 7 7 19 4 8 18 9 10 8 8 8 8 11 6 8 7 9 16 16 11 8 8 18 18 11 2
split_gain=6.15742 0.746643 0.479315 0.589997 0.397951 0.490503 0.612937 0.5632 0.619105 1.66661 0.740304 0.83983 0.645634 0.566825 0.488568 1.09085 0.463837 0.455209 0.486854 1.0415 0.454874 1.00583 0.452458 0.602178 0.672509 1.26715 0.446108 0.563636 0.749803 0.915664
threshold=0.326218804716498 0.55441176470588249 0.028645833333333336 0.018229166666666668 0.042465602066792146 0.064214130984395643 0 0.11718750000000001 0.14266440600799832 0.47794117647058826 0.4584245076586434 1.0000000180025095e-35 0.12113624105212735 0.1160777868849175 0.10631676495396537 0.095052845230286204 0.93301270189221952 0.29170506912442401 0.1117864860989408 0.068961761325797011 0.24215900802334064 14.500000000000002 6.5000000000000009 1.0000000180025095e-35 0.12186878796828471 0.13549404229770393 0.5220588235294118 0.49264705882352944 0.6830127018922193 0.080729166666666671
decision_type=2 2 2 2 2 2 1 2 2 2 2 2 2 2 2 2 2 2 2 2 2 2 2 2 2 2 2 2 2 2
left_child=-1 2 3 -2 -4 6 7 8 10 -10 -6 -12 13 14 15 -13 17 18 19 -7 21 -19 -8 -24 -25 -26 27 -22 -29 -30
right_child=1 -3 4 -5 5 16 22 -9 9 -11 11 12 -14 -15 -16 -17 -18 20 -20 -21 26 -23 23 24 25 -27 -28 28 29 -31
leaf_value=-0.0015647829991541633 -1.5568572595170982e-05 0.00041052757353879864 -3.4965936388773197e-05 -0.00012594689799869037 -0.00020591432330050786 -0.00025235739821364005 -0.00019204703755302085 -0.00031903580661611099 0.00016618035324380127 -2.9595213843090161e-05 0.00022353241929670857 -0.00016906656661396226 -0.00039206242511662342 0.0002099280067930533 -0.00018416282883799187 0.00013043996081445419 -0.00015181803707372616 -0.00020261941051375051 -0.00017182622884389691 0.00023265629823695236 -3.4032650696894885e-06 5.9477497396995201e-05 -6.1802641300641306e-06 -7.4493923303953251e-05 0.00010590242798217687 -4.1852427854756402e-06 -4.6105472962522594e-05 2.7283674411586458e-06 0.00054545464039852914 -4.4447837001823912e-05
leaf_weight=1165 309 22 314 311 64 22 80 23 40 24 40 44 28 27 32 22 145 27 257 23 723 38 172 48 37 54 62 186 26 20
leaf_count=1165 309 22 314 311 64 22 80 23 40 24 40 44 28 27 32 22 145 27 257 23 723 38 172 48 37 54 62 186 26 20
internal_value=-0.00100228 -0.000326088 -0.000363978 -0.0011129 -0.000183864 -4.50537e-05 0.000591835 0.00149152 0.00185981 0.00449993 0.00120233 0.00212952 0.00111764 0.00203998 0.000979581 0.00245451 -0.00035121 -0.000182082 -0.00121192 0.00166663 0.00010536 0.00253842 -0.00023192 0.000279741 0.00174819 0.0032637 -5.01482e-05 0.000109947 0.00139654 0.00482598
internal_weight=4385 3220 3198 620 2578 2264 735 344 321 64 257 193 153 125 98 66 1529 1384 302 45 1082 65 391 311 139 91 1017 955 232 46
internal_count=4385 3220 3198 620 2578 2264 735 344 321 64 257 193 153 125 98 66 1529 1384 302 45 1082 65 391 311 139 91 1017 955 232 46
cat_boundaries=0 1
cat_threshold=908
is_linear=0
shrinkage=0.03


Tree=134
num_leaves=31
num_cat=0
split_feature=5 18 4 4 0 2 7 4 17 5 8 7 8 0 6 7 6 9 6 7 6 7 8 16 18 9 8 16 5 17
split_gain=5.92205 0.766424 0.523031 0.579683 0.562643 0.550942 0.426746 0.406893 0.422309 0.398319 0.470309 0.544187 0.651868 0.813653 0.800999 0.87996 0.818579 0.579235 0.545991 0.456981 0.382637 0.351868 0.592445 0.936587 0.347861 0.593169 0.618621 0.68859 0.506031 0.980301
threshold=0.064401622718052748 0.55441176470588249 0.028645833333333336 0.018229166666666668 0.4465628893442356 0.070312500000000014 0.030027715188598088 0.23697916666666669 0.24210705471874738 0.46855983772819482 0.19374835634870594 0.087670594114355446 0.20163812288966401 0.58164690265879859 0.45391705069124427 0.092848179558897223 0.62811059907834121 0.59263311451495271 0.39493087557603695 0.12338484922465606 0.69262672811059922 0.067389213475357965 0.32168781531003504 11.500000000000002 0.46323529411764708 0.69401896425966469 0.075223422284331695 2.5000000000000004 0.09279918864097364 0.27040251893455886
decision_type=2 2 2 2 2 2 2 2 2 2 2 2 2 2 2 2 2 2 2 2 2 2 2 2 2 2 2 2 2 2
left_child=-1 2 3 4 6 -6 -2 8 21 10 19 -12 13 -13 18 -16 -17 -18 -14 24 -19 22 -4 -24 -10 26 -26 -28 -29 -30
right_child=1 -3 7 -5 5 -7 -8 -9 9 -11 11 12 14 -15 15 16 17 20 -20 -21 -22 -23 23 -25 25 -27 27 28 29 -31
leaf_value=-0.001837917345693057 6.1628374571659036e-05 0.00039821174633263565 -9.714591870088817e-06 -0.00013804637883580963 -5.8161869228153303e-05 0.00018357213699601516 -0.00014847363399214393 0.00011678333159934528 -5.4635484928709995e-05 -7.0661042708037593e-05 -7.2253192541874474e-06 0.00014226103251595607 1.5906996955970628e-05 2.054475383895278e-06 1.904096661133866e-05 -7.7828539565461362e-05 9.2715401014060306e-05 -5.3915839258515597e-06 9.0865040047619333e-05 -0.00016753378577955943 5.9409645228955653e-05 -0.00022158892694455106 -0.00042834315963842935 0.00017378194461401542 8.0730373049001962e-05 -4.994956528720224e-05 -0.00020537040089572094 -0.00020765241444404642 0.00010500343974695441 5.69840241448886e-06
leaf_weight=1063 26 22 83 328 34 29 259 22 331 43 138 27 30 25 20 127 24 21 31 55 28 181 21 20 27 276 58 82 57 897
leaf_count=1063 26 22 83 328 34 29 259 22 331 43 138 27 30 25 20 127 24 21 31 55 28 181 21 20 27 276 58 82 57 897
internal_value=-0.00102281 -0.000399158 -0.000436364 -0.00118047 -0.000327586 0.00223806 -0.000894734 -0.000244665 -0.000279017 -0.000139748 -8.51826e-05 0.000757959 0.00141441 0.00449991 0.000843413 -7.15252e-10 -0.000599998 0.00193148 0.00388518 -0.000307909 6.12225e-05 -0.00132787 -9.67741e-05 0.00285359 -0.000222223 -1.50329e-05 0.000291703 0.000180986 0.000359072 0.000553458
internal_weight=4385 3322 3300 676 348 63 285 2624 2602 2297 2254 471 333 52 281 220 200 73 61 1783 49 305 124 41 1728 1397 1121 1094 1036 954
internal_count=4385 3322 3300 676 348 63 285 2624 2602 2297 2254 471 333 52 281 220 200 73 61 1783 49 305 124 41 1728 1397 1121 1094 1036 954
is_linear=0
shrinkage=0.03


Tree=135
num_leaves=31
num_cat=1
split_feature=5 1 9 10 6 0 0 16 2 9 6 16 6 17 17 6 17 2 9 2 2 9 16 18 19 9 7 12 10 16
split_gain=6.75447 0.667683 0.533184 0.599231 0.958414 1.18189 1.12266 1.2203 0.97494 0.970652 0.781307 0.635091 0.882571 0.851588 0.581114 0.509809 0.506603 0.617784 0.619014 0.735833 0.581287 0.525439 0.474866 0.788136 0.675089 1.39211 0.738071 0.596217 0.698054 0.521418
threshold=0.064401622718052748 0.028645833333333336 0.10977388767323125 -0.5 0.28433179723502316 0.36531888204622426 0.49186532472164229 26.500000000000004 0.039062500000000007 0.35922684172137131 0.30552995391705079 6.5000000000000009 0.35529953917050699 0.3058037613820101 0.29995523328739293 0.42073732718894014 0.35286358607778068 0.018229166666666668 0.5977388767323123 0.075520833333333343 0.091145833333333343 0.28191101385849759 9.5000000000000018 0.4485294117647059 0 0.51896425966447868 0.053674252811010556 -1.0000000180025095e-35 0.25000000000000011 17.500000000000004
decision_type=2 2 2 2 2 2 2 2 2 2 2 2 2 2 2 2 2 2 2 2 2 2 2 2 1 2 2 2 2 2
left_child=-1 -2 -3 4 5 -4 8 -8 -6 -9 -10 -12 13 -13 22 -11 21 -18 -19 -20 -21 -16 23 -5 -24 26 -26 -27 -29 -30
right_child=1 2 3 14 6 -7 7 9 10 15 11 12 -14 -15 16 -17 17 18 19 20 -22 -23 24 -25 25 27 -28 28 29 -31
leaf_value=-0.0017367111775052546 -0.00024430008275535842 -0.00033725265846785095 0.00016160135814148098 9.9303155605381829e-06 -0.00016790473379905122 -8.222199018676392e-05 -0.0001086292005635761 0.00017014395517338514 0.00014034720018508506 -2.2578388954585553e-05 -0.00013189286239232489 -6.128998941859587e-05 0.00021379989052393276 0.00012865183100023583 4.1010913162665359e-05 0.00060836531800785706 0.00016837823377226628 -6.7472462933829393e-05 -7.9495697733784144e-05 0.00010439629175253674 1.2207305526975125e-05 8.349960513169863e-06 -5.5888218472388263e-05 -0.00028086076560311727 1.1677516208085688e-05 -0.00010091035854829366 0.00014943934412212133 0.00018410014528398444 9.95871914528067e-05 -2.8230888470479421e-05
leaf_weight=1031 526 71 25 26 26 202 165 24 41 49 21 37 25 25 22 33 20 185 89 24 116 852 289 175 29 67 53 27 33 69
leaf_count=1031 526 71 25 26 26 202 165 24 41 49 21 37 25 25 22 33 20 185 89 24 116 852 289 175 29 67 53 27 33 69
internal_value=-0.000847842 -0.000193665 -1.0639e-05 5.56559e-05 0.000833579 -0.000753301 0.00164125 0.000431732 0.00351426 0.00294337 0.00444963 0.00311108 0.00424133 0.00232254 -0.000196532 0.00139023 0.000188073 -0.000649769 -0.000898549 0.000144103 0.00149999 0.000604118 -0.000851562 -0.00210447 -0.000407407 0.00064583 0.00395117 -0.000704079 0.000488368 -0.000647053
internal_weight=4377 3346 2820 2749 673 227 446 271 175 106 149 108 87 62 2076 82 1308 434 414 229 140 874 768 201 567 278 82 196 129 102
internal_count=4377 3346 2820 2749 673 227 446 271 175 106 149 108 87 62 2076 82 1308 434 414 229 140 874 768 201 567 278 82 196 129 102
cat_boundaries=0 1
cat_threshold=330
is_linear=0
shrinkage=0.03


Tree=136
num_leaves=31
num_cat=1
split_feature=5 7 17 11 17 3 2 6 3 17 2 13 17 7 17 20 5 20 5 7 9 18 11 20 9 17 13 17 19 9
split_gain=6.35728 0.553558 0.463476 0.570078 0.989714 0.615872 0.615325 0.509649 1.10962 1.08721 0.501598 0.440983 0.609744 0.600004 0.440725 0.346095 0.661684 0.459516 0.877525 1.52371 0.554089 0.48748 0.497689 0.427042 0.567781 0.571836 0.703213 0.873175 0.400859 0.704077
threshold=0.064401622718052748 0.38780974986680611 0.26308399285167228 0.6830127018922193 0.2758488639264744 0.12239583333333334 0.018229166666666668 0.37465437788018441 0.059895833333333336 0.33394810126210833 0.070312500000000014 1.0000000180025095e-35 0.25151050974385164 0.066485721843107512 0.42745298272487459 0.35950272462447269 0.10598377281947263 0.44050775762703082 0.14503042596348886 0.05578386221791292 0.57622173595915405 0.4661764705882353 -0.24999999999999994 0.39594411674465352 0.70240700218818397 0.32988681814313686 -0.56174490092936669 0.3058037613820101 0 0.23450036469730126
decision_type=2 2 2 2 2 2 2 2 2 2 2 2 2 2 2 2 2 2 2 2 2 2 2 2 2 2 2 2 1 2
left_child=-1 2 10 14 -5 6 -6 8 -8 -10 -2 -12 13 -13 15 -4 28 21 19 20 -19 -18 23 -23 25 26 -25 -28 -17 -30
right_child=1 -3 3 4 5 -7 7 -9 9 -11 11 12 -14 -15 -16 16 17 18 -20 -21 -22 22 -24 24 -26 -27 27 -29 29 -31
leaf_value=-0.0016846098421800975 -0.00011408376609025502 3.2793063836413304e-05 -0.00016262165829812145 0.00021767248420952206 0.00023103389551261307 0.00027132187669341035 -1.2495006020484814e-05 -3.7757871009332183e-05 1.9158910294106049e-05 0.00033512066637511818 -8.5620652739933173e-05 0.00011567657224350685 3.055035727084502e-05 -8.5069012684430541e-05 0.00010679083870086767 -0.00011052248220293195 -0.00028979938770408155 7.545673560762946e-05 -3.0906899527691994e-06 0.00020453774821478719 -2.586115660951105e-05 0.00024028501588580024 -0.00014214794018918228 -0.00017485360505072568 -0.00017409916949938983 -0.00019086670006493052 5.8704243671017939e-05 0.00035649770049889137 0.00021129005378151287 1.9067724973866403e-05
leaf_weight=1031 270 25 250 25 28 32 210 144 40 29 126 25 20 68 42 101 133 21 1176 21 33 20 179 22 73 42 28 22 24 117
leaf_count=1031 270 25 250 25 28 32 210 144 40 29 126 25 20 68 42 101 133 21 1176 21 33 20 179 22 73 42 28 22 24 117
internal_value=-0.000882112 -0.00024746 -0.00028094 -0.000130157 0.000779525 0.000478259 0.000192904 -9.21991e-05 0.000655911 0.00395646 -0.00111395 -0.000112971 0.00124778 0.000225803 -0.00033073 -0.000387268 -0.000256462 -0.000457628 -0.000146284 0.00299996 0.000333326 -0.00120809 -0.000668393 0.000333331 -0.0001123 0.00121051 0.00283329 0.0047999 0.00121487 0.00216555
internal_weight=4377 3346 3321 2812 508 483 451 423 279 69 509 239 113 93 2304 2262 2012 1770 1251 75 54 519 386 207 187 114 72 50 242 141
internal_count=4377 3346 3321 2812 508 483 451 423 279 69 509 239 113 93 2304 2262 2012 1770 1251 75 54 519 386 207 187 114 72 50 242 141
cat_boundaries=0 1
cat_threshold=389
is_linear=0
shrinkage=0.03


Tree=137
num_leaves=31
num_cat=0
split_feature=5 1 3 11 9 18 11 7 20 20 5 16 16 12 2 11 1 9 7 20 12 4 3 8 3 5 18 7 4 9
split_gain=6.18916 0.55124 0.575839 0.92748 0.542196 0.493597 0.461848 0.426001 0.498186 0.707679 0.470447 0.403252 0.389095 0.475658 0.367999 0.34025 0.718619 0.780836 1.01848 0.803473 0.6259 0.516687 0.462809 1.28612 0.338403 0.740864 0.946643 1.42999 0.607392 0.417693
threshold=0.064401622718052748 0.028645833333333336 0.013020833333333334 0.6830127018922193 0.58242159008023353 0.55147058823529427 0.93301270189221952 0.045406247467067069 0.3696574416718979 0.35950272462447269 0.18559837728194728 9.5000000000000018 15.500000000000002 1.0000000180025095e-35 0.028645833333333336 0.6830127018922193 0.12239583333333334 0.51677607585703877 0.090266055694361871 0.5513258104366211 1.0000000180025095e-35 0.070312500000000014 0.054687500000000007 0.14331531426208988 0.13281250000000003 0.33772819472616639 0.48088235294117648 0.12201822244818451 0.085937500000000014 0.8231218088986143
decision_type=2 2 2 2 2 2 2 2 2 2 2 2 2 2 2 2 2 2 2 2 2 2 2 2 2 2 2 2 2 2
left_child=-1 -2 3 4 -3 6 7 10 9 14 -4 -8 13 -13 -9 24 17 21 20 -20 -19 22 -17 -24 25 -10 27 -27 -28 -26
right_child=1 2 5 -5 -6 -7 11 8 15 -11 -12 12 -14 -15 -16 16 -18 18 19 -21 -22 -23 23 -25 29 26 28 -29 -30 -31
leaf_value=-0.0016340715469146943 -0.0002352134217531256 -0.00010733932114201395 -4.0111947548276309e-05 0.00019591151466493304 4.2835274242352804e-05 0.00023593801249016376 -0.00045297247154483893 0.00013029782136153947 -3.6087348374210071e-06 0.00011314454590361287 1.1779787828624707e-05 7.4577286148187069e-05 -8.0712278929720002e-05 -5.2947973629879058e-05 -9.8313327772797042e-05 -2.3478757537987601e-06 -1.7686801581889691e-05 -0.00010542195913680946 0.00059940768362212824 0.00024476285427112653 0.00024522440682573293 -7.6747081571853671e-05 0.00033839462057497281 -2.7602043335974425e-05 -3.8321725879863752e-05 0.00016528633636777562 9.602508655872807e-05 -2.792392479580835e-05 -2.1213904437344505e-05 2.8383086252810957e-05
leaf_weight=1031 526 35 393 23 34 20 97 32 1324 30 25 23 71 20 30 78 74 30 21 24 24 34 28 24 146 32 20 24 61 43
leaf_count=1031 526 35 393 23 34 20 97 32 1324 30 25 23 71 20 30 78 74 30 21 24 24 34 28 24 146 32 20 24 61 43
internal_value=-0.000909528 -0.000283324 -0.000117022 0.00221737 0.000478253 -0.000195748 -0.000230429 -0.000116541 5.91623e-05 0.00221737 -0.000990429 -0.00157819 -0.000368419 0.00188368 0.00038709 -4.07657e-05 0.00082789 0.00156273 0.00366663 0.00699984 0.000888872 0.00029268 0.00115384 0.00334609 -0.000218182 -6.36557e-05 0.00203648 0.00503562 -3.70373e-05 -0.00141269
internal_weight=4377 3346 2820 92 69 2728 2708 2497 2079 92 418 211 114 43 62 1987 337 263 99 45 54 164 130 52 1650 1461 137 56 81 189
internal_count=4377 3346 2820 92 69 2728 2708 2497 2079 92 418 211 114 43 62 1987 337 263 99 45 54 164 130 52 1650 1461 137 56 81 189
is_linear=0
shrinkage=0.03


Tree=138
num_leaves=31
num_cat=2
split_feature=0 7 2 19 7 3 0 17 7 0 17 4 16 11 3 7 3 11 2 9 17 18 17 19 9 7 7 16 13 6
split_gain=6.10683 0.565784 0.422095 0.899796 1.22025 0.7487 0.665754 0.429538 0.40821 0.665293 0.514748 0.48984 0.666804 0.470281 0.45819 0.39242 1.0227 0.405268 0.376524 0.369699 0.332456 0.306744 0.344649 0.29912 0.382351 0.813688 0.740945 0.804355 0.586041 0.322096
threshold=0.30761688447424484 0.38780974986680611 0.018229166666666668 0 0.081764945460434418 0.033854166666666671 0.35950272462447269 0.24891498595864187 0.12456006935358581 0.60478778918727494 0.36282018551612638 0.085937500000000014 15.500000000000002 0.25000000000000017 0.0078125000000000017 0.10370144050200945 0.054687500000000007 -0.5 0.075520833333333343 0.60357403355215189 0.30903752872095996 0.50147058823529422 0.25582268860463825 1 0.57622173595915405 0.077908510372592374 0.066733341775971358 20.500000000000004 1.0000000180025095e-35 0.25852534562211987
decision_type=2 2 2 1 2 2 2 2 2 2 2 2 2 2 2 2 2 2 2 2 2 2 2 1 2 2 2 2 2 2
left_child=-1 2 3 -2 5 19 -4 18 9 10 14 13 -13 -11 -9 21 -17 -18 -8 -5 -19 22 -16 24 25 26 27 -24 -29 -25
right_child=1 -3 6 4 -6 -7 7 8 -10 11 -12 12 -14 -15 15 16 17 20 -20 -21 -22 -23 23 29 -26 -27 -28 28 -30 -31
leaf_value=-0.0016389144492581769 -9.561165554085988e-05 2.9296373846154858e-05 -0.00019922994480262311 0.00012370218704022465 0.00040101523909288043 -6.5305102060238853e-05 -0.00017695044637374097 5.2385236781920359e-05 -2.4565002224165709e-05 0.0001117206581189054 -6.3647727543616521e-05 0.00013701132609754478 -8.6292249889770558e-06 9.6328805824031671e-06 1.8062367987489934e-05 0.0001924628059705635 -0.00016299759608878381 -6.7740107218307663e-05 -5.1543840798071018e-06 6.4041443429110927e-05 4.3369036029657161e-05 -7.2764718045593209e-05 -7.125880452334611e-05 -0.0001081218084238563 -1.6400654576477692e-06 -0.00019625965853622694 0.00025615764600305912 6.1460022382894621e-05 0.00020077903860677682 -8.9686722121420472e-07
leaf_weight=1026 110 25 248 31 22 34 152 20 249 27 211 27 78 22 43 33 29 30 170 24 33 128 67 430 242 41 27 35 30 733
leaf_count=1026 110 25 248 31 22 34 152 20 249 27 211 27 78 22 43 33 29 30 170 24 33 128 67 430 242 41 27 35 30 733
internal_value=-0.000916382 -0.00029633 -0.000330127 0.000936647 0.00270246 0.00138201 -0.00042029 -0.000290865 -0.000159764 -3.41214e-05 -0.00017167 0.00187012 0.000714278 0.00434685 -1.71793e-05 -6.47035e-05 0.00155999 -6.52174e-05 -0.00132298 0.00354539 0.00128569 -0.000179055 -6.91754e-05 -0.000140188 0.000517697 0.00149999 0.00247168 0.00154544 0.00392302 -0.000391305
internal_weight=4377 3351 3326 221 111 89 3105 2857 2535 2286 2132 154 105 49 1921 1901 125 92 322 55 63 1776 1648 1605 442 200 159 132 65 1163
internal_count=4377 3351 3326 221 111 89 3105 2857 2535 2286 2132 154 105 49 1921 1901 125 92 322 55 63 1776 1648 1605 442 200 159 132 65 1163
cat_boundaries=0 1 2
cat_threshold=569 82
is_linear=0
shrinkage=0.03


Tree=139
num_leaves=31
num_cat=2
split_feature=5 18 7 4 7 7 3 13 5 4 13 16 4 5 5 19 9 12 7 18 4 17 17 10 17 5 19 3 9 20
split_gain=5.89039 0.467478 0.410627 0.353685 0.395481 0.615329 0.756283 0.690751 0.543245 0.47646 0.529606 0.387159 0.339296 0.461688 0.588212 0.706453 0.898 0.628963 0.458172 0.384151 0.681648 0.741575 0.97567 0.733299 0.651143 0.92368 0.609088 0.567081 0.538486 0.472171
threshold=0.064401622718052748 0.55147058823529427 0.020972266000457252 0.23697916666666669 0.12456006935358581 0.10585281245293768 0.054687500000000007 -0.56174490092936669 0.38640973630831649 0.12239583333333334 -0.56174490092936669 8.5000000000000018 0.028645833333333336 0.11257606490872211 0.084178498985801223 0 0.59992706053975209 0.6078576107927941 0.043866641571054833 0.46911764705882358 0.049479166666666671 0.33967321930048516 0.33310749330662537 -0.24999999999999994 0.3085914918466221 0.11578769438810006 1 0.17447916666666669 0.26659372720641877 0.44245385302474427
decision_type=2 2 2 2 2 2 2 2 2 2 2 2 2 2 2 1 2 2 2 2 2 2 2 2 2 2 1 2 2 2
left_child=-1 2 -2 4 5 8 7 -7 12 10 -8 -12 13 14 -4 16 17 -16 -17 29 21 22 23 24 25 -21 -25 -22 -26 -14
right_child=1 -3 3 -5 -6 6 9 -9 -10 -11 11 -13 19 -15 15 18 -18 -19 -20 20 27 -23 -24 26 28 -27 -28 -29 -30 -31
leaf_value=-0.0015523336629040751 0.00010900129375198615 0.0001982190351240975 -0.00024122701757540654 0.00011035426570398806 -2.4598498089550207e-05 5.0492128530733605e-06 0.00013259221101136415 0.00021172646490841084 0.00010048387180252201 -9.3367840542307092e-05 1.9044260094402758e-05 -6.3971686800043731e-05 -0.00025015896835486461 -0.00017123591297222977 7.0092606247079643e-05 3.0235042513788592e-05 0.0001093074793677656 -0.00015991734561416785 -0.00027404113307533015 5.6537596760324307e-05 -5.9873773104102813e-06 -8.5562527689327637e-05 9.3066791553697825e-05 7.5246871189373047e-05 0.0001331041204186335 0.00015505473529999365 -0.00016950711970945082 3.5204942612268015e-05 -7.0283122444284602e-05 -2.1749890534370422e-06
leaf_weight=1031 29 21 133 24 292 26 39 33 20 34 25 72 278 288 57 44 22 24 56 32 866 136 40 104 24 27 101 20 46 433
leaf_count=1031 29 21 133 24 292 26 39 33 20 34 25 72 278 288 57 44 22 24 56 32 866 136 40 104 24 27 101 20 46 433
internal_value=-0.00093009 -0.000319188 -0.000347369 -0.000378641 -0.000405257 -0.000302014 0.00119213 0.00411857 -0.000426391 0.000176469 0.00097058 -0.000216493 -0.000462469 -0.00107692 -0.000321428 0.000694577 0.00230971 0.00107406 -0.0010909 -0.000280494 8.59527e-06 0.00088235 0.00157219 0.00104191 0.00281393 0.00513551 -7.31711e-05 -0.000494357 0.00085713 -0.000848101
internal_weight=4377 3346 3325 3296 3272 2980 229 59 2751 170 136 97 2731 624 336 203 103 81 100 2107 1396 510 374 334 129 59 205 886 70 711
internal_count=4377 3346 3325 3296 3272 2980 229 59 2751 170 136 97 2731 624 336 203 103 81 100 2107 1396 510 374 334 129 59 205 886 70 711
cat_boundaries=0 1 2
cat_threshold=121 391
is_linear=0
shrinkage=0.03


Tree=140
num_leaves=31
num_cat=2
split_feature=0 18 11 17 17 11 7 7 3 3 9 19 8 2 0 6 7 3 4 7 19 7 6 17 3 17 4 7 3 17
split_gain=6.53283 0.855082 0.701642 0.474327 0.774301 0.747294 0.838731 0.856689 0.816378 0.590089 0.53222 0.446145 1.01884 0.74964 0.806662 1.72846 0.837199 0.902021 0.999189 0.542321 0.43304 0.455111 0.696863 0.502647 0.985912 0.681792 0.547684 0.429173 0.429315 0.419547
threshold=0.30761688447424484 0.55441176470588249 0.93301270189221952 0.33967321930048516 0.33831163305250628 0.6830127018922193 0.061233988916926919 0.054386548930127905 0.028645833333333336 0.059895833333333336 0.94493070751276453 0 0.09137365290461133 0.070312500000000014 0.49771850048640126 0.32119815668202772 0.085704493569116261 0.15364583333333334 0.11197916666666667 0.02149017771572934 1 0.090266055694361871 0.27603686635944708 0.37141519870649314 0.096354166666666671 0.3560973534167306 0.085937500000000014 0.10811401452739054 0.054687500000000007 0.29881242682207537
decision_type=2 2 2 2 2 2 2 2 2 2 2 1 2 2 2 2 2 2 2 2 1 2 2 2 2 2 2 2 2 2
left_child=-1 2 3 4 5 10 7 8 -7 -10 11 12 -2 -14 15 -15 -16 18 -18 -13 -5 -22 -23 24 25 -24 27 -25 -29 -20
right_child=1 -3 -4 20 -6 6 -8 -9 9 -11 -12 19 13 14 16 -17 17 -19 29 -21 21 22 23 26 -26 -27 -28 28 -30 -31
leaf_value=-0.0016534043413435351 4.6347709238419542e-05 0.0004080929098034055 -0.00020048188214984522 -6.1283975771716644e-05 8.5702846148444863e-05 0.000267747125527614 -9.4138586010953724e-06 0.00013258865641779558 -2.9886569312328933e-05 6.8455096394621161e-05 9.4908539808270857e-05 0.00015169885371286955 -4.3988939574100407e-05 -0.00021386135667885041 -9.5321794233881897e-06 0.00035899754068683515 3.1326510934324212e-05 -3.8267622367916627e-05 -1.5446452521683012e-05 -2.9951434043114301e-05 -4.1855833530235141e-05 0.00012749166089211244 -9.6960973568266525e-05 0.00010847696440736989 0.00010880208632740676 0.00016109076766271591 -3.0009280841549469e-05 6.9458165638603783e-05 -5.1646748243226493e-05 0.00021572825050283066
leaf_weight=1034 35 20 244 292 36 21 94 35 39 34 31 33 182 24 86 21 25 20 21 1443 313 30 33 20 28 22 63 26 55 20
leaf_count=1034 35 20 244 292 36 21 94 35 39 34 31 33 182 24 86 21 25 20 21 1443 313 30 33 20 28 22 63 26 55 20
internal_value=-0.000828768 -0.000184699 -0.000221889 -9.92869e-05 0.000136363 6.37701e-05 0.00170851 0.00327904 0.00178721 0.000287667 -0.000125194 -0.000188482 0.000648646 0.000233081 0.00142396 0.00499989 0.000488369 0.00258136 0.00427266 -0.00043607 -0.000687075 -0.0002 0.000682307 0.000157893 0.00206022 -0.000272723 -0.000804874 0.00056435 -0.000407403 0.00139021
internal_weight=4380 3346 3326 3082 2200 2164 223 129 94 73 1941 1910 434 399 217 45 172 86 66 1476 882 590 277 247 83 55 164 101 81 41
internal_count=4380 3346 3326 3082 2200 2164 223 129 94 73 1941 1910 434 399 217 45 172 86 66 1476 882 590 277 247 83 55 164 101 81 41
cat_boundaries=0 1 2
cat_threshold=34 417
is_linear=0
shrinkage=0.03


Tree=141
num_leaves=31
num_cat=1
split_feature=20 16 2 2 9 18 19 8 20 16 17 5 17 9 8 17 17 4 2 20 20 9 17 18 17 10 4 16 8 9
split_gain=6.27774 0.597042 0.54387 0.533295 0.441486 0.647243 0.446023 0.969331 0.90422 0.910898 0.645461 0.536202 0.639091 0.562161 0.654757 0.589253 0.41845 0.510477 0.755238 0.964267 1.58722 0.610121 0.533039 0.73124 0.954108 0.609522 0.775508 0.464944 0.395468 0.401723
threshold=0.30761688447424484 2.5000000000000004 0.11197916666666667 0.19010416666666669 0.94493070751276453 0.47500000000000003 0 0.075223422284331695 0.35950272462447269 22.500000000000004 0.46476895583354622 0.089587559161595678 0.34018381414347726 0.30415754923413574 0.12297886568393225 0.29150710577823175 0.37771253510339559 0.070312500000000014 0.070312500000000014 0.49332608432250175 0.46038902396614806 0.51896425966447868 0.32943579269849382 0.46911764705882358 0.28912432984426867 0.68301270189221941 0.10156250000000001 22.500000000000004 0.29888286581140178 0.60357403355215189
decision_type=2 2 2 2 2 2 1 2 2 2 2 2 2 2 2 2 2 2 2 2 2 2 2 2 2 2 2 2 2 2
left_child=-1 2 -2 4 6 -6 10 8 9 -8 16 -9 13 14 15 -13 17 18 21 20 -20 -3 23 24 27 26 -24 -19 29 -15
right_child=1 3 -4 -5 5 -7 7 11 -10 -11 -12 12 -14 28 -16 -17 -18 22 19 -21 -22 -23 25 -25 -26 -27 -28 -29 -30 -31
leaf_value=-0.001603802211103229 -0.00017425404348359147 2.9990326310186383e-05 5.3746065724722716e-06 -6.205170003300588e-05 -0.00017001627066012327 0.00013118427379520174 0.00014860469068160231 -0.00024682722178825153 0.00027298235625774348 -0.00020453421482188584 0.00014988491984618325 6.2540054907908834e-05 -2.4268961155446403e-05 1.5390586841345903e-05 -0.00017742226955545255 -3.6258169536177154e-05 -5.2820139545114815e-05 5.2873460300206547e-05 -6.6955818755432632e-05 -4.9143717913819383e-05 0.00035966130780098446 -0.00012825767324343057 -0.00019202411926632265 -1.6742434067594348e-05 0.00017137192231204203 0.00018777415351980267 0.00014246469108513952 -5.7901370925817764e-05 0.00010031250221583531 -7.8084534905945167e-06
leaf_weight=1034 134 174 23 58 30 38 26 171 26 38 26 21 545 487 243 56 77 22 36 48 28 218 25 128 29 22 24 29 38 526
leaf_count=1034 134 174 23 58 30 38 26 171 26 38 26 21 545 487 243 56 77 22 36 48 28 218 25 128 29 22 24 29 38 526
internal_value=-0.000869864 -0.000238494 -0.00204457 -0.000149577 -9.67749e-05 0.00229408 -0.000149854 -0.000379973 0.00266664 0.000749988 0.000415177 -0.000513177 -0.00036952 -2.40707e-05 -0.001125 0.0012857 0.000279069 0.000486589 -8.33339e-05 0.00208927 0.00449993 -0.000704081 0.00151612 0.000749996 0.00299996 0.00376051 0.00189792 0.000529401 0.000311131 0.00019842
internal_weight=4380 3346 157 3189 3131 68 3063 2177 90 64 886 2087 1916 1371 320 77 860 783 504 112 64 392 279 208 80 71 49 51 1051 1013
internal_count=4380 3346 157 3189 3131 68 3063 2177 90 64 886 2087 1916 1371 320 77 860 783 504 112 64 392 279 208 80 71 49 51 1051 1013
cat_boundaries=0 1
cat_threshold=530
is_linear=0
shrinkage=0.03


Tree=142
num_leaves=31
num_cat=0
split_feature=0 11 9 18 18 8 6 16 6 1 7 9 9 18 0 6 9 16 6 8 0 2 6 8 8 8 0 6 7 5
split_gain=6.43717 0.743738 0.432434 0.503792 0.899933 0.407166 1.35365 1.00556 0.516023 0.437981 0.383978 0.51543 0.504078 1.10128 0.874609 0.947499 0.768218 0.979828 0.66781 0.980688 0.651189 0.623066 0.800904 0.576914 0.535984 0.933479 0.521757 0.489783 0.479456 0.441891
threshold=0.30761688447424484 0.93301270189221952 0.94493070751276453 0.47500000000000003 0.49852941176470594 0.075223422284331695 0.14199904655966952 22.500000000000004 0.1762116637533768 0.013020833333333334 0.067795911274033463 0.47191830780452232 0.51896425966447868 0.47500000000000003 0.45421979383876848 0.31105990783410148 0.34390955506929255 7.5000000000000009 0.30368663594470052 0.11298084989203815 0.37807704580811868 0.11718750000000001 0.55714285714285727 0.13241653228399899 0.12224515550543266 0.10842040085988129 0.40444634706958454 0.18229779119656767 0.044241043594304037 0.24847870182555784
decision_type=2 2 2 2 2 2 2 2 2 2 2 2 2 2 2 2 2 2 2 2 2 2 2 2 2 2 2 2 2 2
left_child=-1 2 5 -4 -5 6 7 -2 -7 -10 12 29 13 14 23 -16 -15 -18 27 -20 -19 22 -21 24 25 26 -11 -14 -29 -12
right_child=1 -3 3 4 -6 8 -8 -9 9 10 11 -13 18 16 15 -17 17 20 19 21 -22 -23 -24 -25 -26 -27 -28 28 -30 -31
leaf_value=-0.001555688144770132 0.00012039945329051269 -0.0001913666129026798 -6.3402058479798316e-05 0.00019734691954422938 -1.2932599902694395e-05 -0.0001576275660719332 0.00027684161204599532 -0.00019839824060358894 -0.00052169435569648427 -0.00017508841378340058 -0.00014397828877247878 -2.2230433426163611e-07 7.4670889085473621e-05 -9.2637173911772666e-05 0.00018402939996394819 -4.7885638341822692e-05 8.6444676152594419e-05 0.00015025549612796601 6.2951379401513001e-05 7.3301054805519359e-06 -5.5785749828332897e-05 -4.546985062675364e-05 1.9122585372572837e-05 0.00015387131825332981 -0.00012728940955281827 0.00017840269259853208 0.00011508794566982479 -0.00010795887621908454 -4.2778502377244171e-05 1.0388022683901145e-06
leaf_weight=1034 38 244 35 20 20 228 25 78 45 22 249 997 23 128 20 61 20 28 29 173 113 39 22 20 24 38 23 182 303 99
leaf_count=1034 38 244 35 20 20 228 25 78 45 22 249 997 23 128 20 61 20 28 29 173 113 39 22 20 24 38 23 182 303 99
internal_value=-0.000815069 -0.000175733 -5.02908e-05 0.00219997 0.00449989 -0.000106046 0.00146807 0.000103447 -0.000182953 -6.54634e-05 -1.49261e-05 -0.00036803 0.00035962 0.00110462 0.00276922 0.000333329 -9.3426e-05 0.00128571 -0.000120623 0.00110646 0.000404252 0.000461536 0.00115384 0.0043228 0.00344857 0.00459031 0.00166663 -0.000755905 -0.000958762 -0.00136207
internal_weight=4380 3346 3102 75 40 3027 141 116 2886 2658 2613 1345 1268 497 208 81 289 161 771 263 141 234 195 127 107 83 45 508 485 348
internal_count=4380 3346 3102 75 40 3027 141 116 2886 2658 2613 1345 1268 497 208 81 289 161 771 263 141 234 195 127 107 83 45 508 485 348
is_linear=0
shrinkage=0.03


Tree=143
num_leaves=31
num_cat=3
split_feature=20 11 17 17 11 20 9 13 9 19 2 17 7 7 1 5 4 7 19 3 5 19 11 17 2 11 7 1 7 2
split_gain=6.39462 0.735399 0.473118 1.08106 0.722311 0.776512 0.891201 0.664482 0.744275 0.704493 0.59818 0.876513 0.521803 0.499689 0.878382 0.471918 0.468219 0.489854 0.421387 0.428741 0.559657 0.409244 0.440489 0.558483 0.403859 1.1743 0.75058 0.738425 0.562107 0.905382
threshold=0.30761688447424484 0.93301270189221952 0.33967321930048516 0.33831163305250628 0.6830127018922193 0.4465628893442356 0.51677607585703877 -0.56174490092936669 0.94493070751276453 0 0.033854166666666671 0.3106250678592285 0.042465602066792146 0.049629439556436873 0.049479166666666671 0.21805273833671404 0.16406250000000003 0.022453387336832647 1 0.10156250000000001 0.098377281947261683 2 0.25000000000000017 0.35209769381329253 0.033854166666666671 -0.68301270189221952 0.049184323483876809 0.028645833333333336 0.049184323483876809 0.070312500000000014
decision_type=2 2 2 2 2 2 2 2 2 1 2 2 2 2 2 2 2 2 1 2 2 1 2 2 2 2 2 2 2 2
left_child=-1 2 3 4 7 6 10 12 9 24 -6 -12 -2 14 -14 21 17 -11 19 20 -15 22 -4 -24 25 -9 -27 -26 -29 -30
right_child=1 -3 15 -5 5 -7 -8 8 -10 16 11 -13 13 18 -16 -17 -18 -19 -20 -21 -22 -23 23 -25 27 26 -28 28 29 -31
leaf_value=-0.0015090175004270278 -0.00019163315415878998 -0.00018562561451560049 -0.00012658921522698492 8.1118582568171416e-05 -0.00036546228638184179 -3.8067752525146866e-06 0.00010500470134593463 -6.4247836206327621e-05 9.0835112147744237e-05 0.0001962440676245846 6.9477631655200759e-05 0.00034904494015552267 -0.00015394663524766124 4.8448727141149031e-05 3.1368454124257833e-05 2.9451769603178419e-08 9.1587523163404446e-05 -2.6344732946297565e-05 -7.2224101094270235e-05 8.2121234932115559e-06 -0.00010681326462160423 -0.00016026365021046726 -1.5181203726330635e-05 0.0001546278294835436 -0.00036223678894300673 4.727242155073453e-05 0.0001684493946800967 6.0472142688622162e-05 -0.00010482601754398165 2.367999127034842e-05
leaf_weight=1034 118 244 92 36 41 99 27 26 20 21 36 20 30 21 21 479 21 909 231 26 102 270 30 31 41 26 20 67 93 148
leaf_count=1034 118 244 92 36 41 99 27 26 20 21 36 20 30 21 21 479 21 909 231 26 102 270 30 31 41 26 20 67 93 148
internal_value=-0.000821918 -0.000184699 -5.9962e-05 0.000177272 9.14965e-05 0.00170851 0.0032903 -9.4282e-05 0.000254309 0.000170553 0.00194843 0.00396421 -0.000978141 -0.000494199 0.00229407 -0.000638581 -0.000284079 -0.000387097 -0.000868419 0.000396223 -0.000317071 -0.00136879 -5.52151e-05 0.001918 0.00117633 0.00324995 0.0061303 0.000782232 0.00128571 0.000609955
internal_weight=4380 3346 3102 2200 2164 223 124 1941 1392 1372 97 56 549 431 51 902 951 930 380 149 123 423 153 61 421 72 46 349 308 241
internal_count=4380 3346 3102 2200 2164 223 124 1941 1392 1372 97 56 549 431 51 902 951 930 380 149 123 423 153 61 421 72 46 349 308 241
cat_boundaries=0 1 2 3
cat_threshold=546 432 84
is_linear=0
shrinkage=0.03


Tree=144
num_leaves=31
num_cat=2
split_feature=0 7 7 11 7 9 17 17 4 17 3 18 18 19 3 4 1 1 9 10 9 0 0 19 8 8 4 10 0 1
split_gain=6.13053 0.733728 0.991422 0.645357 0.467856 0.409772 0.52751 0.430202 0.533904 0.522839 0.447591 0.500001 0.422607 0.54611 0.529469 0.515932 0.492903 0.497016 0.448001 0.39453 0.392084 0.385481 0.692173 0.379099 0.669852 0.675692 0.56946 0.50439 0.97467 0.760523
threshold=0.29908500877598854 0.020972266000457252 0.017230474755673648 0.93301270189221952 0.032574485205242816 0.18745441283734501 0.2858054633648201 0.33967321930048516 0.19531250000000003 0.33831163305250628 0.13281250000000003 0.50735294117647067 0.49558823529411766 0 0.033854166666666671 0.080729166666666671 0.11718750000000001 0.15364583333333334 0.5948212983223925 -0.5 0.94493070751276453 0.46968181644835522 0.48493823695648747 1 0.09137365290461133 0.10842040085988129 0.023437500000000003 1.0000000180025095e-35 0.46968181644835522 0.018229166666666668
decision_type=2 2 2 2 2 2 2 2 2 2 2 2 2 1 2 2 2 2 2 2 2 2 2 1 2 2 2 2 2 2
left_child=-1 2 -2 4 19 6 -6 8 9 10 11 23 20 14 -14 -15 -16 -18 -17 -3 -9 -5 -23 24 -7 -26 -27 28 29 -25
right_child=1 3 -4 21 5 7 -8 12 -10 -11 -12 -13 13 15 16 18 17 -19 -20 -21 -22 22 -24 27 25 26 -28 -29 -30 -31
leaf_value=-0.0017072536650968211 -6.1873233236649567e-05 6.5543175602245804e-05 0.00016583755527778231 -0.00044857031938120683 3.5896023912045551e-05 3.8930646070517765e-05 -0.00013162448981755465 -3.6165082570744123e-05 7.8736380088639802e-05 8.1087067013632576e-05 -6.3333346519993036e-06 -8.4510210580521298e-05 0.00014881961002947289 -6.7955382236818893e-05 -0.00029241407314195133 -3.8445277103699198e-06 0.00017415053866933039 2.6950229548108648e-07 4.3073775793307998e-05 -0.00010623609486244764 8.5567365940250245e-05 9.4861603996966305e-05 -9.2951928793474543e-05 0.00020627175625573333 -0.00018534197091807988 0.00015429490078462782 9.1747536765990241e-06 -1.0797469181812144e-05 0.00028353198314369309 -8.5084496338661798e-06
leaf_weight=976 20 45 26 119 37 49 166 566 23 35 163 71 23 98 21 22 29 46 30 176 27 20 106 25 68 40 500 624 29 200
leaf_count=976 20 45 26 119 37 49 166 566 23 35 163 71 23 98 21 22 29 46 30 176 27 20 106 25 68 40 500 624 29 200
internal_value=-0.000842466 -0.000241481 0.00352166 -0.000293032 -0.000176358 -7.46895e-05 -0.00137438 2.34281e-05 0.000284071 0.000226163 0.000154324 0.00030635 -0.000529002 0.000457247 0.00188371 -0.000749996 0.00106249 0.00219997 0.00161535 -0.00150678 -0.00097639 -0.0017755 -0.000619043 0.000420194 0.000958019 0.000700656 0.00105555 6.75604e-06 0.00113385 0.000466664
internal_weight=4380 3404 46 3358 3113 2892 203 2689 1827 1804 1769 1606 862 269 119 150 96 75 52 221 593 245 126 1535 657 608 540 878 254 225
internal_count=4380 3404 46 3358 3113 2892 203 2689 1827 1804 1769 1606 862 269 119 150 96 75 52 221 593 245 126 1535 657 608 540 878 254 225
cat_boundaries=0 1 2
cat_threshold=534 226
is_linear=0
shrinkage=0.03


Tree=145
num_leaves=31
num_cat=1
split_feature=0 16 1 7 1 2 17 17 4 8 3 17 7 1 6 6 5 8 2 18 17 19 8 7 3 7 11 0 6 3
split_gain=6.62757 0.596858 0.579087 0.559657 0.537756 0.607738 0.581909 0.898211 0.577943 0.747495 0.470439 0.547051 0.46294 0.410387 0.400108 0.535501 0.39354 0.422701 0.39103 0.736708 1.44654 0.557315 0.716686 0.656509 0.60902 0.539668 0.556956 0.711067 0.481727 0.517174
threshold=0.29908500877598854 2.5000000000000004 0.039062500000000007 0.020972266000457252 0.065104166666666671 0.018229166666666668 0.27207075553364507 0.2666185416354882 0.039062500000000007 0.10359946987571743 0.044270833333333336 0.29331619612710885 0.090266055694361871 0.10156250000000001 0.36082949308755768 0.40599078341013833 0.084178498985801223 0.079541139994146345 0.19010416666666669 0.45735294117647063 0.33208765798362 0 0.2538063739792234 0.05781654739842261 0.085937500000000014 0.072270684248026615 -0.24999999999999994 0.55882118566514938 0.53963133640553018 0.054687500000000007
decision_type=2 2 2 2 2 2 2 2 2 2 2 2 2 2 2 2 2 2 2 2 2 1 2 2 2 2 2 2 2 2
left_child=-1 -2 3 -3 6 -6 7 -4 14 -10 12 -12 -11 -14 -7 -16 -8 -18 19 20 -13 23 25 -21 -24 26 -23 -28 29 -25
right_child=1 2 4 -5 5 8 16 -9 9 10 11 18 13 -15 15 -17 17 -19 -20 21 -22 22 24 28 -26 -27 27 -29 -30 -31
leaf_value=-0.0016246989698555242 -0.00010547345813632502 0.00010550958625402658 1.0353766226376976e-05 -0.00011338978926922964 0.00010801855493373514 -0.00010650831860840106 -9.8225786211115189e-05 0.00017872687843003562 0.00017608723801228554 -0.00012085360940125593 -9.9135059351971334e-06 0.00036681553088508838 3.9691979221450131e-05 -4.8172620249064165e-05 4.6719695521422964e-05 -5.1019212920374698e-05 5.8255282894395528e-05 9.1625815577632716e-06 -2.5303032576207717e-05 8.3028331275374569e-05 1.3032866878281066e-06 -4.2131735016067271e-05 -1.1083435391110818e-05 7.0047796560493715e-05 9.7362853974411362e-05 -1.5347596580660812e-05 -5.4084035988218476e-06 0.00018829549486465628 0.00025155186351623061 -2.4419865815362213e-05
leaf_weight=982 152 35 158 900 30 150 46 26 21 110 294 20 22 25 21 58 30 722 26 21 41 41 26 20 36 250 36 24 27 73
leaf_count=982 152 35 158 900 30 150 46 26 21 110 294 20 22 25 21 58 30 722 26 21 41 41 26 20 36 250 36 24 27 73
internal_value=-0.000795614 -0.00017524 -9.03017e-05 -0.000721925 0.000160577 -0.000223033 0.000696536 0.00221738 -0.000317437 -3.50411e-05 -0.000142858 0.000112299 -0.00166241 0.000829769 -0.00168995 3.79735e-05 0.000345864 0.000510637 0.000603742 0.000756096 0.00388518 0.000411551 -0.000163121 0.00196687 0.00280641 -0.000692306 0.0011584 0.00299995 0.00124999 0.000225803
internal_weight=4423 3441 3289 935 2354 1372 982 184 1342 1113 1092 935 157 47 229 79 798 752 641 615 61 554 413 141 62 351 101 60 120 93
internal_count=4423 3441 3289 935 2354 1372 982 184 1342 1113 1092 935 157 47 229 79 798 752 641 615 61 554 413 141 62 351 101 60 120 93
cat_boundaries=0 1
cat_threshold=580
is_linear=0
shrinkage=0.03


Tree=146
num_leaves=31
num_cat=2
split_feature=0 16 1 7 7 17 2 8 6 8 7 7 1 2 2 2 17 7 8 6 19 0 1 17 19 7 13 17 17 8
split_gain=6.62757 0.596858 0.467397 0.540525 0.422798 0.49308 0.695851 0.757258 1.51598 0.550331 0.420359 0.617107 0.413185 0.601461 0.561467 0.534543 0.510001 0.577061 0.928306 0.904613 0.850164 0.66228 0.790294 0.980544 0.830993 0.800381 1.14157 0.695977 0.617633 0.92442
threshold=0.29908500877598854 2.5000000000000004 0.039062500000000007 0.020972266000457252 0.036021049769851064 0.32784443877116848 0.028645833333333336 0.1168743981058822 0.26384872080088989 0.076479323991404488 0.070965636238045124 0.065317751259371823 0.065104166666666671 0.018229166666666668 0.054687500000000007 0.15885416666666669 0.33907752531699437 0.046424089779448369 0.092976158837091025 0.22026060702367714 0 0.51352851336407135 0.054687500000000007 0.27040251893455886 1 0.088419907194990141 -0.56174490092936669 0.30539954046464141 0.31329248574589402 0.11517469369506907
decision_type=2 2 2 2 2 2 2 2 2 2 2 2 2 2 2 2 2 2 2 2 1 2 2 2 1 2 2 2 2 2
left_child=-1 -2 3 -3 -5 6 7 9 -9 -6 11 -8 16 -14 -15 -16 17 20 -19 -20 28 22 24 -24 -21 26 -26 -28 29 -4
right_child=1 2 12 4 5 -7 10 8 -10 -11 -12 -13 13 14 15 -17 -18 18 19 21 -22 -23 23 -25 25 -27 27 -29 -30 -31
leaf_value=-0.0015759580007598589 -0.00010230925439223532 0.00010234429866640512 -0.00025994625331682481 -0.00015731721012637105 0.00036132677095546492 -0.00025359981026164394 -4.0975267133589412e-05 0.00027010141286396808 -0.00038758081400499931 -0.00017208298062952739 -0.00020640611546142695 0.00018309565432997899 0.00010477799828572271 -5.8510478110346487e-05 1.4560142097097523e-06 -4.0867783822984092e-05 -6.6319357894287827e-05 0.00018275062798534834 -0.00018317307092542923 -7.2586478548637592e-05 -1.4117221342423032e-05 -0.00017804980966996931 0.00014540909381440502 0.00011174709813999891 -1.2820114636828273e-05 -0.00029981228360318124 5.2667197848507504e-05 0.00033929568699220725 8.8215857075368557e-05 0.00012023800149488826
leaf_weight=982 152 35 39 173 21 181 244 34 22 60 129 36 30 318 913 111 219 23 53 105 135 55 38 105 41 27 37 31 38 36
leaf_count=982 152 35 39 173 21 181 244 34 22 60 129 36 30 318 913 111 219 23 53 105 135 55 38 105 41 27 37 31 38 36
internal_value=-0.000795614 -0.00017524 -9.03017e-05 -0.000657754 -0.0008 -0.000482806 -3.29677e-05 0.0018175 0.00449992 -3.70373e-05 -0.000652811 -7.15253e-10 0.000135088 -0.000201167 -0.000295082 4.68742e-05 0.000604887 0.000971164 0.00154369 0.00126829 -0.000217742 0.00171526 0.00215624 0.00392305 0.00110788 0.00254793 0.0038807 0.00626461 0.00163413 0.000199997
internal_weight=4423 3441 3289 935 900 727 546 137 56 81 409 280 2354 1372 1342 1024 982 763 515 492 248 439 384 143 241 136 109 68 113 75
internal_count=4423 3441 3289 935 900 727 546 137 56 81 409 280 2354 1372 1342 1024 982 763 515 492 248 439 384 143 241 136 109 68 113 75
cat_boundaries=0 1 2
cat_threshold=354 612
is_linear=0
shrinkage=0.03


Tree=147
num_leaves=31
num_cat=0
split_feature=0 11 11 16 6 6 8 13 6 16 8 8 17 6 13 17 8 18 16 9 16 18 16 0 7 7 18 8 8 13
split_gain=6.79403 0.537178 0.703784 0.656254 0.679835 0.734146 0.627359 0.88478 1.34293 0.622821 0.618989 1.08952 2.79986 0.672848 0.514461 0.511081 0.475282 0.646969 0.459304 0.616075 0.446417 0.467204 0.435893 0.797799 0.974375 0.521393 0.423733 0.758962 0.701229 0.6691
threshold=0.29908500877598854 0.93301270189221952 -0.5 10.500000000000002 0.50276497695852551 0.7009216589861752 0.075223422284331695 -0.56174490092936669 0.12184967424122044 9.5000000000000018 0.095052845230286204 0.09742181278566435 0.30539954046464141 0.21787360105332459 -0.22252093395631442 0.39080606492770981 0.20833669660143139 0.47794117647058826 2.5000000000000004 0.5948212983223925 16.500000000000004 0.46029411764705885 6.5000000000000009 0.42894486456374797 0.055089635996602375 0.099590664592236089 0.47205882352941181 0.11901411644934903 0.11389472806119225 -0.56174490092936669
decision_type=2 2 2 2 2 2 2 2 2 2 2 2 2 2 2 2 2 2 2 2 2 2 2 2 2 2 2 2 2 2
left_child=-1 2 3 -2 -5 14 7 -4 -9 -3 -8 12 -12 -13 -6 16 -16 -18 19 -15 21 -11 23 -20 -25 -26 27 28 -24 -28
right_child=1 9 6 4 5 -7 10 8 -10 20 11 13 -14 18 15 -17 17 -19 22 -21 -22 -23 26 24 25 -27 29 -29 -30 -31
leaf_value=-0.0015286792607370624 8.9092913229570233e-05 -0.00041492643961277959 -0.00024042872462016581 -5.1932695218266558e-05 -9.2453809647301217e-06 -9.19924134902922e-05 -0.00012995067874501041 -7.2824329079178991e-06 9.83393181460389e-05 9.2016398599646462e-05 -0.00037503502665663297 -0.00011709031626020703 0.00034003826773407967 -0.00012830145282339428 0.00013136970893828887 0.00011363304538915255 -9.3236371251029999e-05 4.4073310243365038e-05 0.00024997072705731943 3.3177252164480982e-06 -9.22557871153005e-05 -3.8312731435244832e-05 6.7505978662800163e-06 6.1323835485810983e-05 -0.00010706474770027816 1.1547054173562246e-05 -3.8526978681325809e-06 -1.064747859805897e-05 9.72512542407973e-05 6.1994022949249207e-05
leaf_weight=982 25 123 24 989 65 35 214 26 25 21 21 201 24 67 25 20 25 21 28 20 65 32 45 35 72 52 227 386 25 503
leaf_count=982 25 123 24 989 65 35 214 26 25 21 21 201 24 67 25 20 25 21 28 20 65 32 45 35 72 52 227 386 25 503
internal_value=-0.000768483 -0.000140367 -3.75007e-05 -0.000609959 -0.000711865 0.000926696 0.00030827 0.00299996 0.00523519 -0.00150622 0.000203124 0.000393903 0.00499989 0.000269114 0.00180768 0.0032637 0.00207039 0.000260863 0.00049315 -0.00162067 5.08463e-05 0.0020943 0.000627093 0.00197325 0.00115094 -9.67741e-05 0.000414839 -0.000302632 0.00257139 0.000863012
internal_weight=4423 3441 3200 1205 1180 191 1995 75 51 241 1920 1706 45 1661 156 91 71 46 1460 87 118 53 1373 187 159 124 1186 456 70 730
internal_count=4423 3441 3200 1205 1180 191 1995 75 51 241 1920 1706 45 1661 156 91 71 46 1460 87 118 53 1373 187 159 124 1186 456 70 730
is_linear=0
shrinkage=0.03


Tree=148
num_leaves=31
num_cat=1
split_feature=0 19 17 5 5 8 18 18 16 2 18 1 8 16 8 2 6 6 6 1 1 6 3 8 12 5 6 18 3 3
split_gain=6.54511 0.364672 0.372863 0.541383 0.71955 0.618029 0.449058 1.42049 0.34443 0.349122 0.33619 0.272719 0.363613 0.263243 0.610611 0.222063 0.242673 0.723068 0.853538 0.428157 0.526722 0.722133 0.450763 0.702425 0.770547 0.524364 0.458634 0.470784 0.457782 0.660021
threshold=0.29908500877598854 0 0.33864730188447328 0.089587559161595678 0.11460446247464504 0.088210155466507345 0.48676470588235299 0.47794117647058826 2.5000000000000004 0.091145833333333343 0.42794117647058827 0.028645833333333336 0.09958636803033781 26.500000000000004 0.071778949822086865 0.19010416666666669 0.32304147465437794 0.33870967741935493 0.33317972350230424 0.028645833333333336 0.044270833333333336 0.50921658986175122 0.059895833333333336 0.1497662635424182 -0.8783796973249266 0.26064908722109537 0.78755760368663608 0.5220588235294118 0.13281250000000003 0.096354166666666671
decision_type=2 1 2 2 2 2 2 2 2 2 2 2 2 2 2 2 2 2 2 2 2 2 2 2 2 2 2 2 2 2
left_child=-1 2 3 13 5 -5 7 -6 9 -3 -10 -7 -13 14 -2 16 -12 18 -18 -19 21 -21 23 -22 -25 -24 27 28 29 -27
right_child=1 8 -4 4 6 11 -8 -9 10 -11 15 12 -14 -15 -16 -17 17 19 -20 20 22 -23 25 24 -26 26 -28 -29 -30 -31
leaf_value=-0.0014828188829149502 0.00012317807346999427 -0.00019363904519749509 -0.00027197223665626093 0.00026536064822845975 -6.5845235429491553e-05 -0.00067126662175446172 -0.00027689346549897742 0.00013233370970052789 -0.00015114323771726857 1.4138466855443575e-06 -1.0350101974587372e-05 -0.00011225843708188373 8.2316532408109478e-05 -0.00035892858641724441 -0.00030259632065274223 -3.4336578412392145e-05 1.1018717558764137e-05 -0.00041501412623300697 0.00019719428237865359 5.8030966365449069e-06 0.00010319230704799294 3.0155488910778258e-05 -1.1855398149025419e-05 -5.1361144455222881e-05 5.1567105805969993e-05 -2.9616442269440291e-06 0.00048711752846714533 -7.2068634267893038e-05 -6.8374811097963035e-06 6.1773728229284417e-05
leaf_weight=982 24 100 111 21 118 22 57 36 81 27 1382 22 22 91 34 21 46 36 25 62 37 24 355 54 138 168 24 37 122 144
leaf_count=982 24 100 111 21 118 22 57 36 81 27 1382 22 22 91 34 21 46 36 25 62 37 24 355 54 138 168 24 37 122 144
internal_value=-0.00080918 -0.000192677 -0.000887323 -0.000516778 0.000221475 0.00251721 -0.000725116 0.000116882 -5.49609e-05 -0.00158267 1.52388e-05 0.00109089 0.00245449 -0.00199328 -0.000413787 7.28965e-05 9.7211e-05 0.000396225 0.00333798 0.000222314 0.000321887 0.00258136 0.000141797 0.00132314 0.000593746 -0.000176471 0.000454544 0.000248406 0.000525344 0.00113461
internal_weight=4423 3441 558 447 298 87 211 154 2883 127 2756 66 44 149 58 2675 2654 1272 71 1201 1165 86 1079 229 192 850 495 471 434 312
internal_count=4423 3441 558 447 298 87 211 154 2883 127 2756 66 44 149 58 2675 2654 1272 71 1201 1165 86 1079 229 192 850 495 471 434 312
cat_boundaries=0 1
cat_threshold=257
is_linear=0
shrinkage=0.03


Tree=149
num_leaves=31
num_cat=1
split_feature=0 9 9 13 7 2 7 7 16 0 1 7 6 6 6 17 8 8 9 6 17 10 9 10 0 12 4 16 0 19
split_gain=6.3613 0.542037 0.470412 0.357765 0.536631 0.639349 0.593876 0.714386 0.51194 0.658599 0.492388 0.500162 0.627394 0.715091 1.04211 0.68987 0.684949 0.596471 0.518611 0.64786 0.543604 0.443452 0.415777 0.392821 0.397749 0.46 0.377002 0.829176 0.775706 0.466459
threshold=0.29908500877598854 0.97957695113056176 0.10977388767323125 0.81174490092936691 0.039024697107341577 0.080729166666666671 0.087670594114355446 0.091536193277547223 19.500000000000004 0.59889677441000055 0.023437500000000003 0.06607095970507626 0.41059907834101389 0.307373271889401 0.25852534562211987 0.31142030465492304 0.085061415947347133 0.15376901510591112 0.52552881108679805 0.59032258064516141 0.34457082155884028 -0.24999999999999994 0.94493070751276453 -0.5 0.36531888204622426 -0.60785761079279388 0.028645833333333336 8.5000000000000018 0.39309753285064181 0
decision_type=2 2 2 2 2 2 2 2 2 2 2 2 2 2 2 2 2 2 2 2 2 2 2 2 2 2 2 2 2 1
left_child=-1 2 -2 4 23 22 -7 -8 9 -9 -5 12 13 14 16 -16 -12 -13 -19 20 -20 -10 26 24 -4 -26 27 28 -6 -29
right_child=1 -3 3 10 5 6 7 8 21 -11 11 17 -14 -15 15 -17 -18 18 19 -21 -22 -23 -24 -25 25 -27 -28 29 -30 -31
leaf_value=-0.0014383343164275013 -0.00021491610001257239 0.00022636854623303446 0.00012663077625037447 -0.00035195971593861449 6.8116007300823421e-05 -3.0034962209795674e-05 2.9407837397371454e-05 -3.8170362711312386e-07 0.00020391479494806091 0.00010795812514174961 0.00017274312973758222 -0.00014086445893210614 2.6641827134840588e-05 -1.520096639113493e-05 0.00030653706314236174 0.00016747108213138889 -5.9066713522227217e-05 -6.5480649500349896e-05 0.00018460417884813996 -2.0497924866884165e-05 7.0233055101247244e-05 -2.377100954947288e-05 7.6529502223284307e-05 -8.6782929801572484e-05 5.3840689823218722e-05 -0.00015546914768732676 6.9450538398964062e-06 5.8671608064094039e-06 -3.4610850909437518e-05 -0.00016376972474077973
leaf_weight=982 125 25 21 70 20 328 34 98 38 36 21 61 21 37 20 21 74 53 29 37 22 220 20 319 21 32 1303 104 24 207
leaf_count=982 125 25 21 70 20 328 34 98 38 36 21 61 21 37 20 21 74 53 29 37 22 220 20 319 21 32 1303 104 24 207
internal_value=-0.00080918 -0.000201396 -0.000233607 -0.000164996 -0.000292036 -0.000125823 -0.000851458 -0.000112677 -0.000474489 0.00102984 0.000605148 0.00101515 0.00210308 0.00150866 0.00251469 0.00651204 0.000789465 -2.97035e-05 0.00104255 0.00245452 0.00464697 -0.00125581 0.000200238 -0.00132061 0.000648639 -0.000735836 0.000148371 -0.000718309 0.00313629 -0.00126366
internal_weight=4423 3441 3416 3291 2825 2432 754 426 392 134 466 396 194 173 136 41 95 202 141 88 51 258 1678 393 74 53 1658 355 44 311
internal_count=4423 3441 3416 3291 2825 2432 754 426 392 134 466 396 194 173 136 41 95 202 141 88 51 258 1678 393 74 53 1658 355 44 311
cat_boundaries=0 1
cat_threshold=99
is_linear=0
shrinkage=0.03


Tree=150
num_leaves=31
num_cat=1
split_feature=5 7 19 9 17 7 7 4 8 6 13 17 8 4 6 7 16 16 9 6 16 18 18 9 7 8 10 9 8 4
split_gain=6.62888 0.760863 0.614231 0.498229 0.431507 0.614063 0.745591 0.730219 0.852313 0.914898 1.53128 0.794547 0.545112 0.537006 0.472545 0.794664 0.460346 0.417692 0.602598 1.3248 0.961046 0.630263 0.777135 0.626538 0.876782 1.09708 0.875133 0.503846 0.444579 0.437604
threshold=0.055780933062880331 0.020972266000457252 0 0.1203501094091904 0.33967321930048516 0.043362410548815823 0.065485879597367638 0.10156250000000001 0.11517469369506907 0.29815668202764983 1.0000000180025095e-35 0.33082290868862235 0.14577832249560671 0.14843750000000003 0.38202764976958536 0.090933578475972623 11.500000000000002 3.5000000000000004 0.30598103574033558 0.22165898617511523 10.500000000000002 0.50735294117647067 0.48088235294117648 0.58242159008023353 0.054588354999843228 0.16822606371660098 -0.24999999999999994 0.29431072210065656 0.11775028083749341 0.10156250000000001
decision_type=2 2 1 2 2 2 2 2 2 2 2 2 2 2 2 2 2 2 2 2 2 2 2 2 2 2 2 2 2 2
left_child=-1 -2 4 -4 5 -3 7 8 11 10 -10 -7 16 -8 -6 -16 -11 -5 19 -19 23 22 27 26 -25 -26 -20 28 -21 -30
right_child=1 2 3 17 14 6 13 -9 9 12 -12 -13 -14 -15 15 -17 -18 18 20 21 -22 -23 -24 24 25 -27 -28 -29 29 -31
leaf_value=-0.0017329566716147572 0.00011530369300893185 -0.00017412046400390566 -0.00026802178972546971 -5.6071983529437145e-05 -0.00015179775655415465 -5.2632516896329098e-05 -4.1867532872664801e-05 -0.0001003617372301856 2.0355637122891355e-05 3.3396223403040929e-05 0.0003195663333918145 9.6412450493598261e-05 -8.3328285942669071e-06 1.4218922788963457e-05 1.5974866568639637e-05 -1.3994750595233474e-05 4.4329441275321305e-05 0.00023066851868937913 7.5505283481347882e-05 4.1475927124280768e-05 -2.6972843413101265e-06 0.00031246424390305165 -1.1454377940245252e-05 -1.9841622736040498e-05 0.00028936879618034488 2.911253915176376e-05 -1.378426553562546e-06 0.00010184484927616912 -0.00014609163962763208 5.7942905751462963e-05
leaf_weight=903 38 261 91 142 214 139 362 37 39 22 31 34 49 30 29 82 31 36 28 23 1357 20 93 23 26 20 104 24 90 21
leaf_count=903 38 261 91 142 214 139 362 37 39 22 31 34 49 30 29 82 31 36 28 23 1357 20 93 23 26 20 104 24 90 21
internal_value=-0.000708571 -0.000116705 -0.000163101 0.000159392 -0.000656935 -0.000362319 6.20147e-05 0.00100523 0.00143478 0.00293021 0.00557135 -5.20235e-05 0.00111764 -0.000857141 -0.00161538 -2.70275e-05 0.00322635 0.000258594 0.000378015 0.00159283 0.000138638 0.000874535 0.000466133 0.00207462 0.00439124 0.00678246 0.000863629 0.00174682 0.00102984 0.00024324
internal_weight=4399 3496 3458 2098 1360 1035 774 382 345 172 70 173 102 392 325 111 53 2007 1865 307 1558 271 251 201 69 46 132 158 134 111
internal_count=4399 3496 3458 2098 1360 1035 774 382 345 172 70 173 102 392 325 111 53 2007 1865 307 1558 271 251 201 69 46 132 158 134 111
cat_boundaries=0 1
cat_threshold=393
is_linear=0
shrinkage=0.03


Tree=151
num_leaves=31
num_cat=1
split_feature=5 7 1 10 6 9 12 19 13 12 9 7 0 0 0 1 7 13 18 16 8 8 18 16 7 6 9 9 13 2
split_gain=6.78765 0.748542 0.613634 0.900361 0.546166 0.543996 0.453846 0.488994 0.434527 0.701147 0.375923 0.365633 0.644962 0.34589 0.744184 1.00421 0.646201 0.634611 0.724118 0.630142 0.691628 1.62666 0.905459 0.622377 0.478093 0.468949 0.404353 0.397679 0.614263 0.383426
threshold=0.055780933062880331 0.020972266000457252 0.028645833333333336 0.93301270189221952 0.13449864929286512 0.60357403355215189 -0.8783796973249266 0 1.0000000180025095e-35 0.6078576107927941 0.10977388767323125 0.068961761325797011 0.32838837274029392 0.48167596075519353 0.4724571835247911 0.070312500000000014 0.039024697107341577 -0.56174490092936669 0.47794117647058826 4.5000000000000009 0.16531796151224473 0.18051107774196509 0.46911764705882358 7.5000000000000009 0.070965636238045124 0.28617511520737338 0.49781181619256026 0.34390955506929255 1.0000000180025095e-35 0.033854166666666671
decision_type=2 2 2 2 2 2 2 1 2 2 2 2 2 2 2 2 2 2 2 2 2 2 2 2 2 2 2 2 2 2
left_child=-1 -2 3 5 -5 6 -3 -8 -9 11 -4 12 -10 14 16 17 -12 -16 -19 -18 23 -22 24 29 -23 -15 -24 28 -25 -21
right_child=1 2 10 4 -6 -7 7 8 9 -11 13 -13 -14 25 15 -17 19 18 -20 20 21 22 26 27 -26 -27 -28 -29 -30 -31
leaf_value=-0.0016809679714663141 0.00011184458221866367 6.1224591883336405e-05 -0.00025511850674913802 8.6778726681431759e-05 -2.1499049966094391e-05 -0.000383595240113201 -0.00034817818403532592 -0.00025530924835397189 -0.00046521631087657791 0.000243735016166183 -5.8006058901939207e-05 -0.00037005795358726706 0.00013811661749530511 -0.00014940229372306478 -0.00027493703491909257 -0.00011588673676541854 -0.00018155776253190624 0.00013868749703885186 0.00015851562036369606 0.00022422285799596613 0.00028895108339273203 0.00018919319462168697 -0.00026863912456175971 1.1620352073072999e-05 2.9096306286414234e-05 -1.7281421964104506e-06 1.1502483328230463e-05 -1.2595346654400485e-06 0.00023367064324355074 -3.4005963522717184e-06
leaf_weight=903 38 47 69 23 37 210 113 63 22 30 268 30 37 53 21 46 108 39 29 26 23 22 35 63 20 1292 41 636 32 23
leaf_count=903 38 47 69 23 37 210 113 63 22 30 268 30 37 53 21 46 108 39 29 26 23 22 35 63 20 1292 41 636 32 23
internal_value=-0.000681292 -8.23806e-05 -0.000128399 -0.000990195 0.00249996 -0.00136956 -0.000631578 -0.00106779 -3.12505e-05 0.0010336 5.69213e-05 -0.000303368 0.00106778 0.00011127 0.000435753 0.00255554 0.000215111 0.00441568 0.00582344 0.00055685 0.000811073 0.00274466 0.00132202 0.000461537 0.00485703 -0.000234201 -0.000631571 0.000242133 0.00205261 0.00373462
internal_weight=4399 3496 3458 612 60 552 342 295 182 119 2846 89 59 2777 1432 135 1297 89 68 1029 921 141 118 780 42 1345 76 731 95 49
internal_count=4399 3496 3458 612 60 552 342 295 182 119 2846 89 59 2777 1432 135 1297 89 68 1029 921 141 118 780 42 1345 76 731 95 49
cat_boundaries=0 1
cat_threshold=804
is_linear=0
shrinkage=0.03


Tree=152
num_leaves=31
num_cat=1
split_feature=20 1 19 11 6 6 12 8 13 20 2 2 16 8 2 16 17 9 20 3 9 16 6 20 17 12 8 17 11 16
split_gain=6.38787 0.585179 0.7774 0.774862 0.772666 1.006 0.569946 0.498639 0.497993 0.565556 0.628304 0.628812 0.767985 0.611754 0.607015 0.43289 0.427976 0.427793 0.420786 0.374254 0.367167 0.762729 0.361513 0.769529 0.351193 0.6856 0.418616 0.281541 0.276201 0.485787
threshold=0.28110326190941948 0.028645833333333336 0 1.0000000180025095e-35 0.25399650405212143 0.22026060702367714 0.6078576107927941 0.12150897627527692 0.81174490092936691 0.40915544381338381 0.070312500000000014 0.091145833333333343 13.500000000000002 0.28621043842988975 0.044270833333333336 12.500000000000002 0.30080198603787212 0.10977388767323125 0.41542199475783687 0.0078125000000000017 0.13785557986870897 18.500000000000004 0.12841252184967428 0.31796113298444179 0.32256682483368998 1.0000000180025095e-35 0.096195950467966793 0.32478086971321596 0.93301270189221952 9.5000000000000018
decision_type=2 2 1 2 2 2 2 2 2 2 2 2 2 2 2 2 2 2 2 2 2 2 2 2 2 2 2 2 2 2
left_child=-1 2 4 -4 5 15 18 -7 17 14 16 12 -12 -13 -10 -2 -11 -3 27 -19 21 -21 -22 -24 25 26 -17 -5 -25 -30
right_child=1 8 3 6 -6 7 -8 -9 9 10 11 13 -14 -15 -16 24 -18 19 -20 20 22 -23 23 28 -26 -27 -28 -29 29 -31
leaf_value=-0.001763740905649896 -0.00034559246954450813 -0.0002570025549858511 -0.00036498368227274897 -0.0004775702596092941 -0.00033257722980236737 0.00030437198665588346 3.8104480500433699e-05 6.7695979245725152e-05 0.00028771603412975873 1.9040266179523065e-05 0.0001756352262995519 -2.9013484966861342e-06 5.5137443653884657e-05 0.00011320694108783041 -2.1745028592633225e-05 0.00012287708358438637 -9.1978795286703618e-05 1.2702419335926322e-05 5.725802466463939e-05 6.998589396164172e-05 -0.00036556949716898561 -8.3031501042066355e-05 0.00018715582361504663 -2.4642516828112506e-07 -0.00061004648582408923 -0.00031070678529765059 1.2346788555245053e-05 5.5590336252024971e-05 -0.00030055137952145867 8.0221284723520182e-06
leaf_weight=885 29 63 272 59 72 20 25 22 31 31 20 110 38 34 26 23 84 28 28 27 57 22 26 2093 26 32 20 23 79 94
leaf_count=885 29 63 272 59 72 20 25 22 31 31 20 110 38 34 26 23 84 28 28 27 57 22 26 2093 26 32 20 23 79 94
internal_value=-0.000688111 -0.0001144 -0.000926267 -0.00170503 0.000425194 0.00153487 0.00011111 0.0055713 7.02053e-05 0.00109091 0.000596212 0.00160395 0.00424131 0.000541662 0.00384204 0.000230767 -0.0011739 -8.31666e-05 -0.000818175 -1.97864e-05 -6.00507e-05 0.00251015 -0.000113666 -5.49745e-05 0.0011584 0.00219997 0.00467431 -0.00190242 -0.000113858 -0.00126589
internal_weight=4399 3514 651 407 244 172 135 42 2863 374 317 202 58 144 57 130 115 2489 110 2426 2398 49 2349 2292 101 75 43 82 2266 173
internal_count=4399 3514 651 407 244 172 135 42 2863 374 317 202 58 144 57 130 115 2489 110 2426 2398 49 2349 2292 101 75 43 82 2266 173
cat_boundaries=0 1
cat_threshold=150
is_linear=0
shrinkage=0.03


Tree=153
num_leaves=31
num_cat=0
split_feature=5 7 7 7 11 17 9 17 17 18 6 5 17 9 9 16 11 17 20 18 7 16 18 17 3 11 13 14 8 9
split_gain=6.62888 0.760863 0.498048 0.746174 0.57417 0.84001 0.525135 0.375583 0.92779 0.626449 0.727473 0.898976 0.771877 0.999918 0.599807 0.85422 0.564695 0.921022 1.15713 1.8985 1.04132 0.661917 0.664806 0.901789 0.643718 1.10892 0.611396 0.575942 0.892806 1.13744
threshold=0.055780933062880331 0.020972266000457252 0.032574485205242816 0.033653789512837727 -0.24999999999999994 0.31099480895242965 0.1203501094091904 0.33907752531699437 0.33831163305250628 0.49558823529411766 0.65483870967741953 0.32150101419878302 0.35209769381329253 0.31400437636761497 0.60357403355215189 2.5000000000000004 0.93301270189221952 0.27730581990087427 0.45421979383876848 0.48088235294117648 0.058759783341775416 9.5000000000000018 0.46911764705882358 0.22878903923070382 0.059895833333333336 -0.9330127018922193 1.0000000180025095e-35 1.0000000180025095e-35 0.15093115396300516 0.30233406272793589
decision_type=2 2 2 2 2 2 2 2 2 2 2 2 2 2 2 2 2 2 2 2 2 2 2 2 2 2 2 2 2 2
left_child=-1 -2 4 -4 -3 -6 -5 8 14 -9 11 12 -11 -14 15 -8 17 18 19 20 26 -18 23 -23 25 -19 -17 -27 29 -29
right_child=1 2 3 6 5 -7 7 9 -10 10 -12 -13 13 -15 -16 16 21 24 -20 -21 -22 22 -24 -25 -26 27 -28 28 -30 -31
leaf_value=-0.0016097810115280446 0.00010295011464887726 -0.00021055731858966826 4.3569355386781692e-05 -0.00022984210831453601 -7.6271664065024421e-05 9.4110077638315649e-05 -0.00021994376323034994 -3.2397382846860044e-05 5.4924843259993786e-05 -9.4511263926775092e-05 0.00031223467389857458 -5.6061989688464032e-05 0.00030349202783920884 1.0814592887868803e-05 -1.1420271391904962e-05 2.2367419935729637e-05 -0.00035313532579154535 -0.00026510398486300781 4.8449644425456923e-06 0.00041502321466491203 -0.00015572352380760585 0.00012074468098996858 -6.7115248855748193e-05 -5.2364799109800333e-05 -7.3829119450882317e-06 2.1261217852408644e-05 0.00034308075348867689 0.0001604225351920415 -6.7518198392895888e-05 7.2739869701829457e-05
leaf_weight=903 38 166 21 123 39 33 88 644 33 46 35 88 20 80 873 21 88 83 129 32 30 22 44 24 297 238 27 28 24 82
leaf_count=903 38 166 21 123 39 33 88 644 33 46 35 88 20 80 873 21 88 83 129 32 30 22 44 24 297 238 27 28 24 82
internal_value=-0.000708571 -0.000116705 -0.000163101 -6.52181e-05 -0.00148739 0.000749989 -0.00010222 -2.53583e-05 0.000190013 -0.000535597 0.000680294 7.6922e-05 0.00152054 0.00299997 0.000112675 0.000532218 0.000746791 0.00102623 0.00264852 0.00490905 0.00238458 -0.000808985 0.000999988 0.00352166 0.000510637 0.00121978 0.00512489 0.00191935 0.00349251 0.00463632
internal_weight=4399 3496 3458 3220 238 72 3199 3076 2163 913 269 234 146 100 2130 1257 1169 991 239 110 78 178 90 46 752 455 48 372 134 110
internal_count=4399 3496 3458 3220 238 72 3199 3076 2163 913 269 234 146 100 2130 1257 1169 991 239 110 78 178 90 46 752 455 48 372 134 110
is_linear=0
shrinkage=0.03


Tree=154
num_leaves=31
num_cat=1
split_feature=5 7 7 7 10 19 2 0 4 17 17 17 8 8 18 2 18 3 17 7 2 7 7 6 10 16 8 2 8 18
split_gain=6.2451 0.518118 0.562172 0.756073 0.373172 0.34908 0.57438 0.543469 0.554483 0.469847 0.617053 0.771369 0.556151 1.72905 0.714271 0.809959 0.555179 0.816998 0.436277 0.404105 0.398651 0.382947 0.674716 0.923181 0.681291 0.64998 0.639934 0.418616 0.391427 0.433262
threshold=0.055780933062880331 0.020972266000457252 0.032574485205242816 0.033653789512837727 -0.5 0 0.018229166666666668 0.39395212316942613 0.028645833333333336 0.23951153093353761 0.31173942643179314 0.30980342098544816 0.12058476568728339 0.11517469369506907 0.46911764705882358 0.049479166666666671 0.45735294117647063 0.039062500000000007 0.28912432984426867 0.16947311116436589 0.15885416666666669 0.042465602066792146 0.067389213475357965 0.37465437788018441 0.93301270189221952 22.500000000000004 0.1160777868849175 0.075520833333333343 0.13676480482605258 0.46911764705882358
decision_type=2 2 2 2 2 1 2 2 2 2 2 2 2 2 2 2 2 2 2 2 2 2 2 2 2 2 2 2 2 2
left_child=-1 -2 4 -4 -3 6 7 8 -5 -8 11 12 13 14 15 -11 17 -12 -15 -18 -14 -7 23 24 -23 26 -26 -25 -24 -30
right_child=1 2 3 5 -6 21 9 -9 -10 10 16 -13 20 18 -16 -17 19 -19 -20 -21 -22 22 28 27 25 -27 -28 -29 29 -31
leaf_value=-0.0015614875811822038 9.9861611209410502e-05 6.5407094310733789e-05 4.226227472517779e-05 -6.3854780451725221e-05 -0.0001471863910726505 -0.00011234700021310414 -6.5157469640032701e-05 -4.9214145636949071e-06 0.00040800545710296146 -0.00043505341371789536 9.5207517634743363e-05 0.00022629061036358981 -7.1210265133495983e-07 0.00039961939873099374 -0.00021364519153576169 5.1745636345923797e-05 -1.3590137229183346e-05 2.1227801745685858e-06 0.0001467291583719644 5.1416049720190405e-05 3.149949386560365e-05 -1.5456245802199632e-05 -0.00017690634737651536 0.00013966728859801062 0.00011233348246659244 -0.00023632958108063355 4.2889190350667082e-05 0.00010850921171080666 -0.00017556896238880019 1.7660130538088759e-06
leaf_weight=903 38 48 21 24 190 190 149 43 34 20 26 32 413 20 60 25 683 101 24 48 21 494 212 20 25 20 20 23 176 296
leaf_count=903 38 48 21 24 190 190 149 43 34 20 26 32 413 20 60 25 683 101 24 48 21 494 212 20 25 20 20 23 176 296
internal_value=-0.000742669 -0.000168193 -0.000206478 -0.000102485 -0.00161344 -0.000139732 0.000150605 0.00234651 0.00424131 1.47958e-05 0.000177189 0.000902437 0.000653514 0.00223488 0.000142855 0.00299993 -0.000342658 0.00148818 0.00722711 -0.000660739 0.000110598 -0.000476447 -0.000293935 0.000438537 0.0001127 0.00299995 0.00499989 0.00467431 -0.000938596 -0.000457627
internal_weight=4399 3496 3458 3220 238 3199 1723 101 58 1622 1473 615 583 149 105 45 858 127 44 731 434 1476 1286 602 559 65 45 43 684 472
internal_count=4399 3496 3458 3220 238 3199 1723 101 58 1622 1473 615 583 149 105 45 858 127 44 731 434 1476 1286 602 559 65 45 43 684 472
cat_boundaries=0 1
cat_threshold=242
is_linear=0
shrinkage=0.03


Tree=155
num_leaves=31
num_cat=3
split_feature=5 6 8 17 2 7 19 19 11 3 0 2 6 0 6 0 13 2 8 11 18 6 2 19 8 0 16 3 8 16
split_gain=5.30923 0.347263 0.607881 0.535216 0.863945 1.79408 0.918015 0.51695 0.507292 1.0331 0.692215 0.49205 0.628143 0.46396 1.30397 0.579369 0.446265 0.695196 0.735984 1.00079 0.762671 0.418616 0.409985 0.518416 0.646245 1.30269 1.45188 0.484329 0.475569 0.63296
threshold=0.054597701149425297 0.55253456221198172 0.22119407178140213 0.27125351033954564 0.028645833333333336 0.044241043594304037 0 1 0.6830127018922193 0.028645833333333336 0.43842350831776183 0.070312500000000014 0.26682027649769591 0.52628531952766189 0.61797235023041486 0.56082586125926026 1.0000000180025095e-35 0.091145833333333343 0.28085358773915364 0.25000000000000017 0.44264705882352945 0.38847926267281113 0.039062500000000007 2 0.093489381430176807 0.37258187964270556 21.500000000000004 0.075520833333333343 0.19010694606400499 11.500000000000002
decision_type=2 2 2 2 2 2 1 1 2 2 2 2 2 2 2 2 2 2 2 2 2 2 2 1 2 2 2 2 2 2
left_child=-1 2 3 4 5 -2 -6 -4 22 10 -10 12 -8 14 -3 -15 -17 -18 20 -20 -19 -13 -5 27 25 -25 -27 -24 -26 -30
right_child=1 13 7 8 6 -7 11 -9 9 -11 -12 21 -14 15 -16 16 17 18 19 -21 -22 -23 23 24 28 26 -28 -29 29 -31
leaf_value=-0.0016246830396212258 -8.0048899006382918e-05 0.00024140468509740306 -5.1299426510758902e-07 -7.8972005094582446e-05 -0.00013870675525344818 0.00026123849878868164 3.5234503133905119e-05 -0.00010478446517962864 7.1126025092864604e-05 -4.2062810178335989e-06 0.00016939706824084381 0.00011885770171390502 -1.6889505111287405e-05 -0.00011599113674409158 -0.00040099653323761751 -7.3891420749577995e-06 1.3942367752021289e-05 0.00010909874764442355 -1.8557751542554567e-05 0.00033282146456814482 -4.9888882202819119e-06 1.019797423510175e-05 1.6334099695475237e-05 -0.00014489936778590691 -3.8169537031549832e-05 -1.9596175536354529e-06 0.00030856731696301436 0.00012022406871427741 3.2508407481035094e-05 -2.3893663195830359e-06
leaf_weight=883 28 24 102 851 133 25 29 233 51 244 25 23 52 65 31 225 26 20 22 20 70 20 146 42 839 30 29 21 20 71
leaf_count=883 28 24 102 851 133 25 29 233 51 244 25 23 52 65 31 225 26 20 22 20 70 20 146 42 839 30 29 21 20 71
internal_value=-0.000852273 -0.000330112 -0.000451892 -0.000301232 0.000870964 0.00435841 0.00015175 -0.00165671 -0.000454623 0.000656247 0.00371048 0.00192536 0.000703694 0.000399601 0.00299994 8.03562e-05 0.000524802 0.00174682 0.000863629 0.00414276 -0.00066666 0.00467431 -0.000628112 -0.000270451 -0.000521614 0.00175246 0.00462704 0.00123728 -0.000774193 0.0012857
internal_weight=4400 3517 3014 2679 310 53 257 335 2369 320 76 124 81 503 55 448 383 158 132 42 90 43 2049 1198 1031 101 59 167 930 91
internal_count=4400 3517 3014 2679 310 53 257 335 2369 320 76 124 81 503 55 448 383 158 132 42 90 43 2049 1198 1031 101 59 167 930 91
cat_boundaries=0 1 2 3
cat_threshold=787 552 17
is_linear=0
shrinkage=0.03


Tree=156
num_leaves=31
num_cat=1
split_feature=5 9 6 19 17 11 16 17 2 8 2 8 18 9 18 17 17 13 9 10 5 2 8 18 16 16 0 18 16 0
split_gain=5.45222 0.671884 0.322054 0.367321 0.403209 0.380426 0.800968 0.567012 0.475195 0.719523 0.532149 0.436701 0.423434 1.2071 0.403958 0.740446 0.605227 0.533585 0.622795 0.433117 1.13932 0.427647 0.727366 0.669367 0.408579 0.669221 0.606003 0.680995 0.478853 0.698498
threshold=0.052400270453008796 0.10977388767323125 0.87695852534562235 0 0.36282018551612638 -0.5 10.500000000000002 0.42745298272487459 0.091145833333333343 0.28376229104135253 0.033854166666666671 0.070280936010108666 0.436764705882353 0.47191830780452232 0.49264705882352944 0.27040251893455886 0.31244149434090723 1.0000000180025095e-35 0.53610503282275734 -0.24999999999999994 0.10598377281947263 0.044270833333333336 0.17662210150131016 0.50147058823529422 8.5000000000000018 10.500000000000002 0.38102995081185809 0.46911764705882358 26.500000000000004 0.32838837274029392
decision_type=2 2 2 1 2 2 2 2 2 2 2 2 2 2 2 2 2 2 2 2 2 2 2 2 2 2 2 2 2 2
left_child=-1 -2 3 4 -3 6 -5 8 9 10 11 -8 13 -7 19 -16 -17 21 -19 20 -14 -18 -23 -24 -21 -26 27 -27 -29 -30
right_child=1 2 -4 5 -6 12 7 -9 -10 -11 -12 -13 14 -15 15 16 17 18 -20 24 -22 22 23 -25 25 26 -28 28 29 -31
leaf_value=-0.0017063715231341624 -0.00030440501735848585 -1.270166787584128e-05 -0.00015598275914099465 8.699482592588789e-05 -0.00016519828455072215 -0.00019450375426647716 6.2947856186806652e-05 7.8293581136905054e-05 -3.7892516359287057e-05 0.00026905608136326893 -3.9797028796515472e-06 -0.00012941093194189819 0.00016033127102723055 0.00011241712274920631 7.1546029879052787e-05 -7.4282167185682783e-05 -8.4831956603609519e-05 2.0294360683936543e-06 0.00010493643233399857 -6.3612249378224939e-05 3.7669909962848826e-06 0.00019173383985804037 0.00052059269419370226 -4.7560587910315562e-05 8.720049906337753e-05 -0.00011234022705571407 -7.8543092195500742e-06 -0.00023509647294405692 2.5707174538681379e-05 0.00054875234617700829
leaf_weight=853 120 919 37 22 63 28 36 27 175 23 449 170 28 35 37 62 63 38 31 225 282 38 20 55 34 31 422 23 31 23
leaf_count=853 120 919 37 22 63 28 36 27 175 23 449 170 28 35 37 62 63 38 31 225 282 38 20 55 34 31 422 23 31 23
internal_value=-0.000811364 -0.000293488 -0.000216225 -0.000185841 -0.000671371 1.48876e-05 -0.000472284 -0.000613636 -0.000749121 -0.000389381 -0.000572519 -0.00183494 0.000306772 0.00271424 0.000201662 0.00109883 0.000615632 0.00128571 0.00352169 -7.91635e-05 0.000870964 0.000409088 0.00151326 -0.000199998 -0.000452472 -2.12773e-05 -0.000283019 0.00172221 0.00323372 0.00477769
internal_weight=4400 3547 3427 3390 982 2408 902 880 853 678 655 206 1506 63 1443 344 307 245 69 1099 310 176 113 75 789 564 530 108 77 54
internal_count=4400 3547 3427 3390 982 2408 902 880 853 678 655 206 1506 63 1443 344 307 245 69 1099 310 176 113 75 789 564 530 108 77 54
cat_boundaries=0 1
cat_threshold=385
is_linear=0
shrinkage=0.03


Tree=157
num_leaves=31
num_cat=1
split_feature=5 9 4 8 8 7 7 19 17 7 5 0 11 8 5 8 9 7 0 17 6 10 8 0 5 8 17 9 9 4
split_gain=5.34914 0.65652 0.405653 0.45794 1.28189 0.818371 0.403142 0.397301 0.622646 0.60999 0.94947 0.784838 0.631392 0.615787 0.55894 1.40074 0.937375 0.488101 0.829636 0.461523 0.595688 0.459469 0.449741 0.420282 0.386039 0.806808 0.832605 0.369486 0.63956 0.846431
threshold=0.052400270453008796 0.10977388767323125 0.23697916666666669 0.19944284209539223 0.19374835634870594 0.099590664592236089 0.12456006935358581 0 0.34457082155884028 0.075870623877683993 0.12677484787018259 0.59294530418543168 -0.24999999999999994 0.17890958504461263 0.086206896551724158 0.079541139994146345 0.49051787016776083 0.038670947752277633 0.38935559325542718 0.33831163305250628 0.28064516129032263 -0.24999999999999994 0.068397051887474206 0.40990151892147353 0.1179851250845166 0.12535289271839811 0.31729214534933203 0.69401896425966469 0.57622173595915405 0.096354166666666671
decision_type=2 2 2 2 2 2 2 1 2 2 2 2 2 2 2 2 2 2 2 2 2 2 2 2 2 2 2 2 2 2
left_child=-1 -2 3 4 6 -6 7 9 14 12 -11 19 22 17 16 -16 -9 18 -14 -12 -21 23 -3 -19 -24 26 -26 28 -17 -30
right_child=1 2 -4 -5 5 -7 -8 8 -10 10 11 -13 13 -15 15 27 -18 21 -20 20 -22 -23 24 -25 25 -27 -28 -29 29 -31
leaf_value=-0.0016551803774401369 -0.00029527286683773052 0.00038113882897110248 0.0001025032248410652 -1.4404429066491046e-05 4.5465700238606207e-05 3.2033199890473934e-05 -0.00012040608975630074 9.6089107434072375e-05 -7.1581409206219749e-05 0.00020664801628576614 -1.2054334472096124e-05 9.2949698325141657e-05 7.3737881609790544e-05 0.00042610883857491759 0.00010999617537468429 -2.7718364971182107e-06 -0.00019846949068294135 7.7596300024595968e-05 -0.00025955496925050186 0.00016951417863634883 -2.8091728514123433e-05 -3.20000090034639e-05 -0.00029733692748277758 2.0129846046720835e-07 0.00013599502359022315 -4.9153212960160189e-05 -7.9267778111628372e-06 -7.4443769625552882e-05 1.649835034607624e-05 6.5827334434058888e-05
leaf_weight=853 120 25 22 763 34 23 64 32 263 27 90 38 38 20 37 448 266 27 22 24 50 153 143 71 20 149 47 210 296 25
leaf_count=853 120 25 22 763 34 23 64 32 263 27 90 38 38 20 37 448 266 27 22 24 50 153 143 71 20 149 47 210 296 25
internal_value=-0.000831819 -0.000318862 -0.000242487 -0.000268723 -8.17569e-05 0.00436834 -0.000179885 -0.000120191 -0.000410208 0.000364779 0.00171615 0.0010099 -6.29377e-05 0.000897278 -0.000146119 0.000188975 -0.00128859 0.000569129 0.00299995 0.000109755 0.00186484 -1.19529e-05 -0.000890623 0.00159182 -0.00116156 -0.00036111 0.0023731 -2.75798e-05 0.000276982 0.00129906
internal_weight=4400 3547 3427 3405 2642 57 2585 2521 1577 944 229 202 715 331 1314 1016 298 311 60 164 74 251 384 98 359 216 67 979 769 321
internal_count=4400 3547 3427 3405 2642 57 2585 2521 1577 944 229 202 715 331 1314 1016 298 311 60 164 74 251 384 98 359 216 67 979 769 321
cat_boundaries=0 1
cat_threshold=86
is_linear=0
shrinkage=0.03


Tree=158
num_leaves=31
num_cat=0
split_feature=5 9 6 0 17 18 17 18 2 6 18 8 2 17 16 9 3 7 3 11 8 8 1 18 7 1 1 8 7 0
split_gain=5.17419 0.510147 0.312006 0.350943 0.342312 0.578045 0.473288 0.543445 0.467505 0.979891 0.435143 0.429914 0.315611 0.62175 0.731907 1.10171 0.526837 0.749968 0.395187 0.578011 0.355635 1.03006 1.24307 0.573525 0.535688 0.518095 0.601319 0.726833 0.497529 1.59241
threshold=0.052400270453008796 0.10977388767323125 0.87695852534562235 0.65204532230327683 0.36282018551612638 0.49558823529411766 0.35984171559867256 0.48382352941176471 0.091145833333333343 0.41336405529953929 0.41911764705882354 0.17890958504461263 0.033854166666666671 0.27125351033954564 29.500000000000004 0.51677607585703877 0.013020833333333334 0.056078756936442743 0.044270833333333336 -0.9330127018922193 0.19944284209539223 0.19010694606400499 0.080729166666666671 0.43970588235294122 0.10298321911602835 0.11718750000000001 0.15885416666666669 0.24450792551719841 0.10585281245293768 0.53546325041373666
decision_type=2 2 2 2 2 2 2 2 2 2 2 2 2 2 2 2 2 2 2 2 2 2 2 2 2 2 2 2 2 2
left_child=-1 -2 3 4 6 -6 10 -8 9 11 -3 -7 13 14 -12 -16 17 -14 19 -15 21 23 -23 -18 -24 28 27 -27 -22 -30
right_child=1 2 -4 -5 5 8 7 -9 -10 -11 12 -13 16 18 15 -17 20 -19 -20 -21 25 22 24 -25 -26 26 -28 -29 29 -31
leaf_value=-0.0016055249661169335 -0.00028641468083259877 2.3462559170558428e-05 -0.00015087114349476965 8.3076403173609233e-05 -5.0689078084797561e-05 7.869722539417424e-05 -5.0032811722776422e-05 0.00013914137192848507 -3.6941636313691473e-05 0.00012698190704442012 -6.2621457351854924e-05 -9.1249128398405901e-05 9.4842379860973769e-05 -0.00043263458058205031 0.00038695154467121402 5.6691100635960218e-06 0.00010507213091786605 -0.00013176163449701199 -0.00016192975736063837 -1.2590310693242631e-05 -6.0665122742570722e-05 0.00032497102300517141 -1.0380296862239296e-05 -1.034048362445219e-06 7.4244901062691652e-06 -4.3477695321234642e-05 -7.6980283229741091e-05 0.00013078235004408418 0.00039226326515489599 -0.00011663984143710275
leaf_weight=853 120 34 37 37 256 39 23 23 42 35 42 34 30 80 23 36 36 20 173 444 272 25 28 1461 20 36 24 35 29 53
leaf_count=853 120 34 37 37 256 39 23 23 42 35 42 34 30 80 23 36 36 20 173 444 272 25 28 1461 20 36 24 35 29 53
internal_value=-0.000831819 -0.000327319 -0.000259995 -0.000230089 -0.000262154 -0.00107882 -0.000149644 0.0028695 0.000399997 0.00144443 -0.000197519 -0.00053424 -0.000237531 -0.000744361 0.00145543 0.00361011 -4.205e-05 0.00299994 -0.00106313 -0.000652671 -0.000117386 9.55406e-05 0.00357529 -7.4149e-05 0.000749984 -0.000861914 0.00110525 0.00249292 -0.00138983 0.000658528
internal_weight=4400 3547 3427 3390 3353 406 2947 46 150 108 2901 73 2867 798 101 59 2069 50 697 524 2019 1570 73 1497 48 449 95 71 354 82
internal_count=4400 3547 3427 3390 3353 406 2947 46 150 108 2901 73 2867 798 101 59 2069 50 697 524 2019 1570 73 1497 48 449 95 71 354 82
is_linear=0
shrinkage=0.03


Tree=159
num_leaves=31
num_cat=1
split_feature=20 9 19 20 11 7 20 13 6 16 6 7 18 8 6 13 1 7 17 17 7 8 13 17 17 7 7 7 8 8
split_gain=5.05927 0.502333 0.383975 0.563362 0.403143 0.514718 0.825413 0.73458 0.619439 0.485409 0.91568 0.854618 0.734236 0.381474 1.27995 0.384665 0.381107 0.556098 0.339521 0.333366 0.319062 1.27262 0.497855 0.380271 0.688719 0.488483 0.370979 0.419632 0.33216 0.496667
threshold=0.28110326190941948 0.10977388767323125 0 0.30125126276370612 -0.68301270189221952 0.028908273699210747 0.39395212316942613 0.81174490092936691 0.20994756078182111 18.500000000000004 0.2141744795804863 0.053081945743596072 0.48088235294117648 0.093489381430176807 0.14668679485142225 1.0000000180025095e-35 0.023437500000000003 0.02149017771572934 0.26538166964513665 0.34457082155884028 0.042465602066792146 0.078811545216678311 -0.22252093395631442 0.32347650530108968 0.32079294792226054 0.047824124604727077 0.11227999405523552 0.10220618182554275 0.10270181630322682 0.16120277903739247
decision_type=2 2 1 2 2 2 2 2 2 2 2 2 2 2 2 2 2 2 2 2 2 2 2 2 2 2 2 2 2 2
left_child=-1 -2 16 -4 13 -6 7 9 -8 11 12 -7 -11 14 -5 -15 -3 -18 -17 20 22 -22 -19 24 26 -25 27 28 -23 -30
right_child=1 2 3 4 5 6 8 -9 -10 10 -12 -13 -14 15 -16 18 17 19 -20 -21 21 23 -24 25 -26 -27 -28 -29 29 -31
leaf_value=-0.0014653647306464151 -0.00027508969414584124 -0.00028967381684455798 4.1139490073453478e-05 -0.00041203185183927093 -0.000214961156290193 -0.00030583574430825459 -0.00028527457766825857 0.00019682573963718933 7.4993009272202773e-07 7.1660772667516383e-05 0.00030704351824650946 3.1358644770312276e-05 -0.00013662328003828338 -5.5493692255767912e-05 0.00042846659513031277 -1.0562994603560198e-05 9.1926080450149079e-05 -0.00016725022836447991 1.2485086039942923e-06 -7.865607936977059e-05 0.00016556779792031357 -0.00037821564515631861 -9.1728815933476502e-07 1.5963412843831718e-05 3.6034923662252336e-05 -0.00010894919539602881 -0.00014815343074633437 0.00017063080095120934 2.1015796950943177e-05 -4.5224603696372229e-06
leaf_weight=886 119 192 42 25 44 55 59 24 1142 38 21 31 32 325 25 47 20 89 208 215 20 46 122 20 21 149 34 20 193 136
leaf_count=886 119 192 42 25 44 55 59 24 1142 38 21 31 32 325 25 47 20 89 208 215 20 46 122 20 21 149 34 20 193 136
internal_value=-0.000838637 -0.000327832 -0.000260678 -1.12789e-05 -8.09255e-05 0.00019502 0.000295292 0.00207462 -2.49863e-06 0.00140677 0.00293403 -0.000209301 0.0012857 -0.000714285 0.00179996 -0.000931034 -0.000668998 -0.000456221 -5.8824e-05 -0.000549296 -0.000282353 5.16424e-05 -0.00129383 -0.000189015 0.000266665 -0.00140236 6.99228e-06 0.000265821 3.99992e-05 0.000373858
internal_weight=4400 3514 3395 2118 2076 1446 1402 201 1201 177 91 86 70 630 50 580 1277 1085 255 1065 850 639 211 619 450 169 429 395 375 329
internal_count=4400 3514 3395 2118 2076 1446 1402 201 1201 177 91 86 70 630 50 580 1277 1085 255 1065 850 639 211 619 450 169 429 395 375 329
cat_boundaries=0 1
cat_threshold=897
is_linear=0
shrinkage=0.03


Tree=160
num_leaves=31
num_cat=0
split_feature=0 9 18 17 9 8 4 13 7 8 7 17 7 13 18 9 13 18 4 8 0 9 12 1 7 3 0 0 3 9
split_gain=6.62989 0.358828 0.48494 1.00079 0.279631 0.582988 0.568522 0.579543 0.263226 0.780621 0.61721 0.609619 0.637128 0.659329 0.357435 0.468643 0.69757 0.415584 0.319948 0.363474 0.313627 0.262827 0.415705 0.260326 0.271125 0.640106 0.473955 0.512394 0.432429 0.688676
threshold=0.28110326190941948 0.94493070751276453 0.47500000000000003 0.36418177176410527 0.18745441283734501 0.11870210046869774 0.028645833333333336 -0.22252093395631442 0.044906774673665349 0.075223422284331695 0.045947932681796547 0.31329248574589402 0.030027715188598088 -0.22252093395631442 0.48088235294117648 0.57622173595915405 -0.22252093395631442 0.4485294117647059 0.033854166666666671 0.10270181630322682 0.31796113298444179 0.49051787016776083 1.0000000180025095e-35 0.013020833333333334 0.068441601191932266 0.059895833333333336 0.37510248215901731 0.36322322697836107 0.096354166666666671 0.57330415754923425
decision_type=2 2 2 2 2 2 2 2 2 2 2 2 2 2 2 2 2 2 2 2 2 2 2 2 2 2 2 2 2 2
left_child=-1 4 -3 -4 5 6 -2 -8 11 -10 -11 14 13 -13 17 20 -17 -6 -14 -20 -16 22 -19 -12 25 26 27 -25 29 -27
right_child=1 2 3 -5 8 -7 7 -9 9 10 23 12 18 -15 15 16 -18 21 19 -21 -22 -23 -24 24 -26 28 -28 -29 -30 -31
leaf_value=-0.001421403788727023 -0.00014013515477424382 -2.950052308195226e-05 0.00018216089852020342 -0.00013821045985184765 1.3810460576949053e-05 -0.00016605086533125064 -4.0639547171841021e-05 0.00010949012113233689 0.00010880907115122573 0.00017802573463690546 -0.0004550788059455446 -2.4102688187382725e-05 -5.9734061873424645e-05 0.00014184566530701308 0.00011388910114983188 -9.8617227305022116e-05 8.9872760304359465e-05 8.6352765320265456e-05 2.0799257855309758e-05 -3.5810767979433795e-05 -7.3488492336952157e-05 -0.00019076272922952567 -0.00018266034101603303 8.5648690673938556e-07 -1.9728938484567874e-06 7.1600139094086176e-05 -1.2042926962533515e-05 0.00012547507679533244 -1.3134751075530814e-07 8.4773359926257238e-06
leaf_weight=907 43 37 20 22 23 224 24 31 25 28 58 26 132 23 20 33 34 27 36 37 46 268 22 72 1411 113 477 30 120 123
leaf_count=907 43 37 20 22 23 224 24 31 25 28 58 26 132 23 20 33 34 27 36 37 46 268 22 72 1411 113 477 30 120 123
internal_value=-0.000642476 -6.27622e-05 0.00193668 0.00414276 -0.000107816 -0.000950308 0.000979581 0.00299994 -2.26138e-05 0.000125762 7.15453e-05 -0.000524072 0.000661414 0.00373462 -0.00116067 0.000157893 0.00192534 -0.00167647 -7.31711e-05 0.00152053 -0.00163634 -0.00195899 6.12225e-05 1.9966e-05 6.9053e-05 0.000465239 -0.00015026 0.00170586 0.00146629 0.00221185
internal_weight=4492 3585 79 42 3506 322 98 55 3184 2457 2432 727 254 49 473 133 67 340 205 73 66 317 49 2404 2346 935 579 102 356 236
internal_count=4492 3585 79 42 3506 322 98 55 3184 2457 2432 727 254 49 473 133 67 340 205 73 66 317 49 2404 2346 935 579 102 356 236
is_linear=0
shrinkage=0.03


Tree=161
num_leaves=31
num_cat=1
split_feature=0 11 1 16 11 0 5 4 18 2 4 6 8 16 19 6 6 0 0 0 3 0 0 3 18 14 18 5 6 6
split_gain=6.36391 0.507562 0.624313 0.702004 0.600957 0.480324 0.404374 1.19107 0.350589 0.676001 1.01936 0.47558 0.396634 0.33662 0.376197 0.392066 0.457612 1.11237 0.4963 0.35295 0.954081 0.334884 2.14928 0.376917 0.334422 0.322598 0.492039 0.846707 0.293924 0.995087
threshold=0.28110326190941948 -0.5 0.018229166666666668 10.500000000000002 0.93301270189221952 0.58164690265879859 0.062677484787018276 0.023437500000000003 0.50441176470588245 0.018229166666666668 0.12760416666666669 0.67695852534562229 0.14189758641386938 29.500000000000004 0 0.23572223105037346 0.14199904655966952 0.39901254266984126 0.44836881218107716 0.55485698752022106 0.091145833333333343 0.45245807143466038 0.44050775762703082 0.11718750000000001 0.41911764705882354 1.0000000180025095e-35 0.47500000000000003 0.19371196754563896 0.54884792626728129 0.62811059907834121
decision_type=2 2 2 2 2 2 2 2 2 2 2 2 2 2 1 2 2 2 2 2 2 2 2 2 2 2 2 2 2 2
left_child=-1 2 -2 -4 6 -6 7 -3 24 -10 11 12 -11 -5 15 16 -15 -18 -19 21 -21 22 -17 -23 -8 28 27 -27 -16 -30
right_child=1 4 3 13 5 -7 8 -9 9 10 -12 -13 -14 14 25 19 17 18 -20 20 -22 23 -24 -25 -26 26 -28 -29 29 -31
leaf_value=-0.0013787616750652125 -0.00049599452199568391 -0.00023049305719019289 8.703266417556546e-05 -9.6960872367306343e-05 -0.00021829679478302331 2.4292009979991484e-05 2.3062388551983327e-05 0.00019657533622138674 0.00018563037626082406 6.8118442615716608e-05 6.7437894986209057e-05 0.00030084019785119661 -6.3988079188402713e-05 -8.846483694347565e-05 -7.3826733238800739e-05 -8.5692965747975438e-05 0.00036865989718954599 -0.00011143548354332198 7.7367558331901715e-05 7.4889032237962809e-05 -2.2216370193976912e-05 -0.00012225135769533733 0.00015475021041859308 8.798988112769803e-06 1.8652243039373238e-06 0.00017632691643128124 -2.8111369229977955e-05 -0.00014572966176655343 0.00011497228388123256 -2.7935712294711142e-05
leaf_weight=907 110 38 23 134 215 36 22 25 27 30 26 22 89 35 291 117 32 48 20 37 41 156 32 24 1773 25 77 21 20 39
leaf_count=907 110 38 23 134 215 36 22 25 27 30 26 22 89 35 291 117 32 48 20 37 41 156 32 24 1773 25 77 21 20 39
internal_value=-0.000655833 -8.78668e-05 -0.000566303 -0.000363482 0.000178462 -0.00120717 0.000347952 0.00271424 0.000273001 0.00148453 0.00077245 -0.000234042 -0.000983186 -0.000467363 -0.000280789 0.000260868 0.00166665 0.00269997 0.000529403 -0.000199017 0.00161536 -0.000629178 0.000422815 -0.00149999 0.00014206 -0.000888198 0.00041463 0.0028695 -0.00137143 0.000559312
internal_weight=4492 3585 1282 1172 2303 251 2052 63 1989 194 167 141 119 1149 1015 542 135 100 68 407 78 329 149 180 1795 473 123 46 350 59
internal_count=4492 3585 1282 1172 2303 251 2052 63 1989 194 167 141 119 1149 1015 542 135 100 68 407 78 329 149 180 1795 473 123 46 350 59
cat_boundaries=0 1
cat_threshold=244
is_linear=0
shrinkage=0.03


Tree=162
num_leaves=31
num_cat=0
split_feature=0 11 0 8 8 17 17 11 17 8 0 7 5 4 6 2 3 4 6 17 6 4 5 16 2 16 7 17 16 2
split_gain=6.47801 0.46257 0.67012 1.06456 1.08072 0.811848 1.15774 0.512132 0.573105 1.04196 0.44519 0.439946 0.693381 0.39401 0.464145 0.573606 0.618618 0.779113 0.590732 0.369951 0.357265 0.52707 0.751064 0.569872 0.492288 0.455641 0.757702 0.882416 0.718624 0.627812
threshold=0.28110326190941948 -0.5 0.33458207408886598 0.090788790738736233 0.086364620040429649 0.32010041698578856 0.33260705618597397 0.93301270189221952 0.24891498595864187 0.1966496734981962 0.58164690265879859 0.043615254735743278 0.093982420554428681 0.15885416666666669 0.73963133640553014 0.17447916666666669 0.12760416666666669 0.12760416666666669 0.56820276497695865 0.21453493319717479 0.13449864929286512 0.023437500000000003 0.079310344827586213 19.500000000000004 0.018229166666666668 28.500000000000004 0.10698939372466877 0.36282018551612638 22.500000000000004 0.059895833333333336
decision_type=2 2 2 2 2 2 2 2 2 2 2 2 2 2 2 2 2 2 2 2 2 2 2 2 2 2 2 2 2 2
left_child=-1 2 -2 4 5 -4 -7 8 9 -3 -9 -5 -13 14 15 16 17 20 -19 -11 21 23 -23 -10 -25 28 -27 -28 -22 -29
right_child=1 7 3 11 -6 6 -8 10 13 19 -12 12 -14 -15 -16 -17 -18 18 -20 -21 25 22 -24 24 -26 26 27 29 -30 -31
leaf_value=-0.0013373988248132555 -0.0003314645216515753 0.00024200638401757706 -0.00011628894253453642 -6.575487436312797e-05 0.00011052685265658032 0.00028371528948075439 -0.00018986516529490217 -0.0002117478909395326 -0.00017466876942877525 4.2402405920589024e-05 2.3563249680591541e-05 0.00018823020793235548 -8.6374146324320065e-06 -5.9229680355197722e-05 0.00030149294649796913 9.259551442636986e-05 -1.970658285235661e-05 8.6495252685179155e-05 3.8080950374500215e-05 -0.00012012292857825963 -3.9274513650408413e-07 0.00013946178244490166 -0.00019726248548682907 -0.00046479942679529898 0.00012407029137485775 4.9567713607278901e-06 0.00041629091341142043 5.4185095670988219e-05 -5.9074700736051979e-05 -2.6912778987044018e-05
leaf_weight=907 168 38 29 120 24 25 22 215 30 31 36 23 871 50 30 28 101 27 25 41 856 25 20 20 32 493 28 22 120 35
leaf_count=907 168 38 29 120 24 25 22 215 30 31 36 23 871 50 30 28 101 27 25 41 856 25 20 20 32 493 28 22 120 35
internal_value=-0.000635798 -6.27622e-05 -0.000519501 -0.000253142 0.00269997 0.000947355 0.00338291 0.000191489 0.000347952 0.00245452 -0.00108765 -0.000544379 -0.000315437 0.000228629 0.000298096 0.000238452 0.000173391 0.000306404 0.003923 0.000333328 0.000194526 0.0017244 0.00433324 0.000292679 0.00219226 6.94973e-05 0.000737022 0.0033529 -0.00032582 0.0012105
internal_weight=4492 3585 1282 1114 100 76 47 2303 2052 110 251 1014 894 1942 1892 1862 1834 1733 52 72 1681 127 45 82 52 1554 578 85 976 57
internal_count=4492 3585 1282 1114 100 76 47 2303 2052 110 251 1014 894 1942 1892 1862 1834 1733 52 72 1681 127 45 82 52 1554 578 85 976 57
is_linear=0
shrinkage=0.03


Tree=163
num_leaves=31
num_cat=2
split_feature=0 11 16 16 18 19 10 0 2 4 18 13 0 17 8 0 17 17 18 8 12 6 6 8 9 16 10 19 6 17
split_gain=6.03119 0.489962 0.54909 0.497008 0.875203 0.559166 0.801313 0.750431 0.644628 2.06415 1.36141 0.717586 0.538418 0.560166 0.816541 0.690373 0.524767 0.518151 0.588261 0.495601 0.480216 0.456502 0.800494 0.553361 0.599483 0.51026 1.18561 0.404184 0.726762 0.524987
threshold=0.28110326190941948 -0.5 10.500000000000002 6.5000000000000009 0.44264705882352945 0 -0.24999999999999994 0.31455013405668064 0.033854166666666671 0.044270833333333336 0.50735294117647067 1.0000000180025095e-35 0.42230543645064583 0.3161858565228492 0.092439340042364718 0.40173184401392875 0.29491107139817901 0.44987660624627707 0.50147058823529422 0.1439067609595597 -0.60785761079279388 0.24557444779914192 0.26853646909264267 0.09742181278566435 0.57148067104303446 13.500000000000002 0.93301270189221952 1 0.26958525345622125 0.33967321930048516
decision_type=2 2 2 2 2 1 2 2 2 2 2 2 2 2 2 2 2 2 2 2 2 2 2 2 2 2 2 1 2 2
left_child=-1 2 -2 4 -3 6 8 -8 -5 11 16 -10 13 15 -15 -6 -11 18 -7 27 -20 23 -23 24 -9 26 -24 28 29 -4
right_child=1 3 19 5 12 17 7 21 9 10 -12 -13 -14 14 -16 -17 -18 -19 20 -21 -22 22 25 -25 -26 -27 -28 -29 -30 -31
leaf_value=-0.0012972768600688577 8.0666036952707973e-05 2.0113142884722726e-05 0.00020630692367509863 -7.1482489631057333e-07 -0.00033534721366074497 -2.3245362201459603e-06 0.00027165924648782342 6.5938159868317035e-05 0.00018418315508872038 4.7145138934468853e-05 0.00045833344715265128 0.00011270992874884565 -4.6938323133761932e-05 -0.00015151558452976272 0.00029395136538437264 6.0825849099162652e-05 -1.8600241709561984e-05 -3.6942458987369887e-05 0.00010385241581488352 -1.7794179397216188e-08 1.8244692549063743e-06 0.00025187843847847985 -1.8842237861753794e-06 -0.00025054954539379006 -8.5345699868817746e-06 -2.2247589172283167e-06 0.0001189101234891335 -0.00010282788472593605 -0.00021788607879338196 -0.00012799799506246835
leaf_weight=907 27 22 60 71 106 777 30 22 33 30 22 24 289 33 24 28 71 53 28 546 69 33 74 123 43 273 25 587 38 24
leaf_count=907 27 22 60 71 106 777 30 22 33 30 22 24 289 33 24 28 71 53 28 546 69 33 74 123 43 273 25 587 38 24
internal_value=-0.000649155 -9.6235e-05 -0.000566303 0.000165436 -0.000669322 0.000398111 0.00093665 0.000370785 0.00237848 0.00333331 0.00114633 0.00805249 -0.000937499 0.000298427 0.00278942 -0.000761189 -0.00032673 -0.000118464 5.49191e-05 -0.000657371 0.00225771 0.000136593 0.000703701 -0.0010851 0.00115383 0.00030645 0.00215149 -0.00118054 0.000409087 0.00199998
internal_weight=4492 3585 1282 2303 502 1801 874 623 251 180 123 57 480 191 57 134 101 927 874 1255 97 593 405 188 65 372 99 709 122 84
internal_count=4492 3585 1282 2303 502 1801 874 623 251 180 123 57 480 191 57 134 101 927 874 1255 97 593 405 188 65 372 99 709 122 84
cat_boundaries=0 1 2
cat_threshold=115 192
is_linear=0
shrinkage=0.03


Tree=164
num_leaves=31
num_cat=0
split_feature=0 13 2 6 8 8 7 2 9 1 0 7 9 8 18 16 2 14 9 7 4 4 7 8 7 4 3 7 17 0
split_gain=6.10513 0.307114 0.473442 1.10729 0.71845 0.809942 0.700204 0.578378 0.664543 0.541123 0.450145 0.430254 0.936587 0.423955 0.415222 0.741091 0.379824 0.371411 0.520192 0.973862 0.85949 1.52368 0.592426 0.718463 0.511561 0.613515 0.528248 0.544614 0.854381 0.510031
threshold=0.28110326190941948 -0.56174490092936669 0.070312500000000014 0.2141744795804863 0.23115397234354332 0.19218106975147189 0.097920479806488284 0.075520833333333343 0.64843180160466829 0.18489583333333334 0.41342993139342915 0.02149017771572934 0.57330415754923425 0.43871151078150539 0.44558823529411767 7.5000000000000009 0.049479166666666671 1.0000000180025095e-35 0.26659372720641877 0.067389213475357965 0.054687500000000007 0.033854166666666671 0.041549441262021473 0.079541139994146345 0.057482738463101604 0.044270833333333336 0.054687500000000007 0.068200183856979943 0.32170093543593681 0.35719109297700841
decision_type=2 2 2 2 2 2 2 2 2 2 2 2 2 2 2 2 2 2 2 2 2 2 2 2 2 2 2 2 2 2
left_child=-1 13 4 -4 5 11 16 8 -5 10 -9 12 -3 -2 15 -12 -7 -13 19 20 21 -19 -20 -24 29 -26 27 -27 -29 -25
right_child=1 2 3 7 -6 6 -8 9 -10 -11 14 17 -14 -15 -16 -17 -18 18 22 -21 -22 -23 23 24 25 26 -28 28 -30 -31
leaf_value=-0.0012583585542667918 -1.4379689280956404e-05 -5.2096235969244508e-05 3.4780362299873461e-05 8.49119949051907e-06 -9.7691510727628507e-05 8.0007705358859274e-05 0.00015390067832327231 0.00025130444307692806 0.00012839978977991336 0.00029539214625172227 7.5468254674184685e-05 -1.2416545770924301e-05 0.00026514763425933204 4.2017729770309565e-05 1.1503232038092422e-06 -0.00014139519736656108 -0.00010604957905282995 3.2788984028555828e-08 -8.5848039370410031e-05 -0.0002008868214888512 -3.5769319772183993e-06 0.00015333212403697468 3.9469188441616997e-05 0.00015045774239506101 -0.00015244000845480071 -7.3073854888611571e-05 -0.00013670062767407769 -0.00029708665425569493 0.00022934033647691978 2.9240072582226417e-05
leaf_weight=907 1008 21 24 71 133 22 23 26 24 35 22 749 20 30 562 159 23 21 132 41 28 21 20 20 104 24 38 25 34 125
leaf_count=907 1008 21 24 71 133 22 23 26 24 35 22 749 20 30 562 159 23 21 132 41 28 21 20 20 104 24 38 25 34 125
internal_value=-0.000635798 -7.94986e-05 9.77613e-05 0.000640302 -0.000210592 -2.21335e-05 0.00317642 0.000470522 0.00268418 0.000208954 4.29121e-05 -0.000174983 0.00285359 -0.000514451 -9.28673e-05 -0.00134253 0.000999977 -0.000264834 0.000270141 0.00213512 0.00428565 0.00699983 -0.000126437 0.000461537 0.000162161 -0.000733331 0.000719002 0.00206022 0.00361011 0.00155171
internal_weight=4492 3585 2547 923 1624 1491 68 899 95 804 769 1423 41 1038 743 181 45 1382 633 111 70 42 522 390 370 225 121 83 59 145
internal_count=4492 3585 2547 923 1624 1491 68 899 95 804 769 1423 41 1038 743 181 45 1382 633 111 70 42 522 390 370 225 121 83 59 145
is_linear=0
shrinkage=0.03


Tree=165
num_leaves=31
num_cat=3
split_feature=0 2 8 8 7 17 19 8 11 2 3 7 17 19 3 5 3 18 8 3 7 8 10 10 19 5 7 7 8 9
split_gain=6.23012 0.590269 0.665233 1.74273 0.930941 0.877577 0.64757 0.68172 0.530141 0.613056 0.809453 0.814626 0.508267 0.547472 0.968266 0.674505 0.506347 0.437676 0.424364 1.21382 0.41593 0.980714 0.719015 0.512109 0.617388 0.576943 0.636487 0.551712 0.928133 0.876513
threshold=0.26844738175175836 0.065104166666666671 0.20048501969437313 0.19522708183397192 0.10150446750004584 0.24657475959492811 0 0.09742181278566435 0.6830127018922193 0.12760416666666669 0.085937500000000014 0.092848179558897223 0.34610700776749753 1 0.054687500000000007 0.15720081135902639 0.059895833333333336 0.4661764705882353 0.39289398748602838 0.085937500000000014 0.042465602066792146 0.073789822300234162 -0.93301270189221908 -0.6830127018922193 2 0.14503042596348886 0.051797676022028317 0.050289727200146177 0.11570527351525862 0.59263311451495271
decision_type=2 2 2 2 2 2 1 2 2 2 2 2 2 1 2 2 2 2 2 2 2 2 2 2 1 2 2 2 2 2
left_child=-1 17 3 5 -5 -3 -7 -8 9 12 -11 -12 13 14 15 -9 -10 -2 -4 -20 22 -22 -19 -23 27 26 -26 29 -29 -25
right_child=1 2 18 4 -6 6 7 8 16 10 11 -13 -14 -15 -16 -17 -18 20 19 -21 21 23 -24 24 25 -27 -28 28 -30 -31
leaf_value=-0.0016698465151947872 -0.00021308810393084505 8.9326319547982359e-05 -1.3679883719987046e-05 1.3820734114768493e-06 0.00010350743782768129 -5.2512196353256105e-05 1.1652581715465365e-05 2.4107842423934794e-05 1.2952139343060297e-06 9.0449791202707505e-05 -2.7513078181037842e-05 9.1578510214392406e-05 -3.486671125664054e-05 -1.2752297162711355e-05 1.4951198216430792e-06 0.00012902015240865607 0.00035445182997403485 8.9573284859806266e-05 -7.7381931788832558e-05 6.2272221737891587e-05 5.4466647484730067e-05 -8.6987153557673344e-05 -7.8986070268739062e-05 1.2566891095666332e-05 -0.00011762661283407052 -6.5883578491330542e-05 5.7221519816202601e-05 -9.6760141150206041e-05 3.2593325165339192e-05 0.00027083925907786581
leaf_weight=832 271 27 470 22 21 129 29 24 41 23 27 29 125 202 102 22 35 26 40 74 28 299 545 36 97 335 222 95 211 20
leaf_count=832 271 27 470 22 21 129 29 24 41 23 27 29 125 202 102 22 35 26 40 74 28 299 545 36 97 335 222 95 211 20
internal_value=-0.000658668 -0.000121589 0.000349514 0.000881117 0.00676728 0.000570551 0.000388324 0.000766814 0.000571427 0.000249096 0.00269617 0.000749986 -0.000157895 0.000428569 0.00174682 0.00547814 0.00292101 -0.000432495 -0.000431507 0.00121051 -0.000272728 1.56359e-05 -0.000950962 -0.000102662 0.000218503 -0.000334338 0.000573665 0.00119354 0.000725487 0.00396421
internal_weight=4459 3627 1442 858 43 815 788 659 630 554 79 56 475 350 148 46 76 2185 584 114 1914 1343 571 1315 1016 654 319 362 306 56
internal_count=4459 3627 1442 858 43 815 788 659 630 554 79 56 475 350 148 46 76 2185 584 114 1914 1343 571 1315 1016 654 319 362 306 56
cat_boundaries=0 1 2 3
cat_threshold=36 193 676
is_linear=0
shrinkage=0.03


Tree=166
num_leaves=31
num_cat=1
split_feature=20 16 7 1 1 8 18 10 7 19 13 8 8 5 10 1 7 18 8 18 11 11 17 8 8 4 1 13 17 4
split_gain=5.9777 0.577384 0.6597 1.20021 0.787337 0.562454 0.793952 0.565874 0.599202 0.528898 0.504538 0.956105 1.87626 1.12366 0.631993 0.414395 0.374283 0.500388 0.493983 0.941374 0.415396 0.389849 0.823051 0.709338 1.08558 1.16738 1.1161 1.36284 0.565085 0.43835
threshold=0.26514453187980547 2.5000000000000004 0.020972266000457252 0.023437500000000003 0.039062500000000007 0.092976158837091025 0.47794117647058826 1.0000000180025095e-35 0.054588354999843228 0 1.0000000180025095e-35 0.1160777868849175 0.12021827079589249 0.086206896551724158 0.93301270189221952 0.028645833333333336 0.11992761639997179 0.54852941176470593 0.42989024801819237 0.46911764705882358 0.93301270189221952 0.6830127018922193 0.40102969960003415 0.17662210150131016 0.12186878796828471 0.075520833333333343 0.059895833333333336 -0.22252093395631442 0.36673474597906569 0.096354166666666671
decision_type=2 2 2 2 2 2 2 2 2 1 2 2 2 2 2 2 2 2 2 2 2 2 2 2 2 2 2 2 2 2
left_child=-1 -2 3 -3 10 6 -6 -8 -9 -7 -4 14 -13 -14 15 -12 18 -18 20 -20 21 22 28 24 -23 26 -26 -28 -11 -25
right_child=1 2 4 -5 5 9 7 8 -10 16 11 12 13 -15 -16 -17 17 -19 19 -21 -22 23 -24 29 25 -27 27 -29 -30 -31
leaf_value=-0.0017682265878976649 -9.3676121905694526e-05 -3.4740446701718668e-05 -0.00013737421406700474 8.699283152217842e-05 0.00023095965111770628 -0.00013423787770305311 4.0790339723419745e-05 -0.00034965803209842058 8.9283065536423055e-05 2.3476940568447045e-06 -0.00037242192228793857 0.00031714251327157999 0.0002405408983078899 -6.0748133944883927e-05 5.986558524280395e-05 -7.0152642590274909e-07 -1.623011911317002e-05 0.0002678253364064819 9.2892315415133103e-05 -4.3676307787989214e-05 -0.00016083712881496303 -2.8396779655553344e-06 8.7634352907711173e-05 -1.7252412817435851e-05 2.5013969937294594e-05 -7.0475515024421811e-05 0.00046345289741583158 3.4546749552887414e-05 -8.2539884780125972e-05 0.0006396300033863927
leaf_weight=812 178 49 529 24 33 131 35 43 26 1221 171 21 21 180 32 67 310 23 22 25 92 61 35 73 28 22 25 29 115 26
leaf_count=812 178 49 529 24 33 131 35 43 26 1221 171 21 21 180 32 67 310 23 22 25 92 61 35 73 28 22 25 29 115 26
internal_value=-0.000672124 -0.000153826 -6.83201e-05 0.00275339 -0.000128976 0.000170526 0.00203648 0.000749992 -0.000826076 5.62995e-05 -0.000825661 -0.000134147 0.00132432 0.000432833 -0.00133333 -0.00186554 0.000174302 -0.000747746 0.000348364 0.00338291 0.000265778 0.000376146 0.000172866 0.00143181 0.00263635 0.00449996 0.00614627 0.00866651 5.38915e-05 -0.000575752
internal_weight=4459 3647 3469 73 3396 2375 137 104 69 2238 1021 492 222 201 270 238 2107 333 1774 47 1727 1635 1371 264 165 104 82 54 1336 99
internal_count=4459 3647 3469 73 3396 2375 137 104 69 2238 1021 492 222 201 270 238 2107 333 1774 47 1727 1635 1371 264 165 104 82 54 1336 99
cat_boundaries=0 1
cat_threshold=256
is_linear=0
shrinkage=0.03


Tree=167
num_leaves=31
num_cat=2
split_feature=0 19 16 11 19 13 17 10 5 0 6 9 9 2 17 4 4 13 16 6 1 4 0 6 13 0 6 5 16 0
split_gain=5.9777 0.503964 0.4422 0.931063 0.720688 1.14171 1.59895 0.548668 0.867024 0.885311 0.545032 1.14382 0.446865 0.444006 0.576935 0.574967 0.890619 0.690663 0.930084 0.530115 0.436081 0.450083 0.432337 0.402364 0.45954 0.716789 0.848052 0.894949 1.23639 1.16195
threshold=0.26514453187980547 0 29.500000000000004 -0.24999999999999994 1 -0.22252093395631442 0.31966905237705384 0.68301270189221941 0.14638269100743748 0.36322322697836107 0.13449864929286512 0.74872355944566016 0.22137126185266232 0.065104166666666671 0.3156752616798571 0.11718750000000001 0.085937500000000014 1.0000000180025095e-35 16.500000000000004 0.57281105990783432 0.028645833333333336 0.075520833333333343 0.47556016327877837 0.14433497536945816 1.0000000180025095e-35 0.36643735909897551 0.2600985221674878 0.16531440162271807 7.5000000000000009 0.44170845893109173
decision_type=2 1 2 2 1 2 2 2 2 2 2 2 2 2 2 2 2 2 2 2 2 2 2 2 2 2 2 2 2 2
left_child=-1 23 10 20 5 -5 -7 8 9 -6 11 -3 -12 -14 15 16 17 18 -15 -18 -4 -22 -8 -2 -25 -26 -27 28 -28 -30
right_child=1 2 3 4 7 6 22 -9 -10 -11 12 -13 13 14 -16 -17 19 -19 -20 -21 21 -23 -24 24 25 26 27 -29 29 -31
leaf_value=-0.0017151797902607352 -0.00013905363486203096 -0.00012676775731637006 -0.00027055140032787958 -1.1880182611300064e-05 -9.8079399208473249e-06 0.00021143285562610711 -0.00035490708647446171 -3.0555472138434971e-05 -1.5848744947519601e-06 0.00018117088275613517 -0.0002158962800945591 0.00012402612522046804 -0.00015063489494747815 -6.1269413513739434e-06 -1.023761862117358e-05 -5.0764658105326538e-05 6.566826461312046e-05 -0.000102726815215761 8.9702319085413978e-05 0.00013918922289510121 6.5905860086889716e-06 -2.1031857142199735e-05 0.00025884858371211846 -9.0674506614581623e-07 6.6354593945256146e-05 -0.00012628110708448587 -0.00017043101452592739 9.8877872739587747e-06 0.00017272156105993552 0.00027665194343123395
leaf_weight=812 73 91 207 64 20 31 20 178 128 54 204 24 537 38 138 52 27 84 22 20 435 140 34 583 22 67 20 288 22 24
leaf_count=812 73 91 207 64 20 31 20 178 128 54 204 24 537 38 138 52 27 84 22 20 435 140 34 583 22 67 20 288 22 24
internal_value=-0.000672124 -0.000153826 -0.000384676 -2.28904e-06 0.000969752 0.00266036 0.00511759 0.000230768 0.00130692 0.00389184 -0.000793048 0.0011739 -0.000994652 -0.000712418 7.08652e-05 0.000950613 0.00171203 0.000541662 0.00299995 0.00529776 -0.000659846 -0.000234783 0.00199996 0.000381424 0.00053801 0.00126636 0.000990496 0.00157627 0.0047272 0.00743462
internal_weight=4459 3647 2548 1311 529 149 85 380 202 74 1237 115 1122 918 381 243 191 144 60 47 782 575 54 1099 1026 443 421 354 66 46
internal_count=4459 3647 2548 1311 529 149 85 380 202 74 1237 115 1122 918 381 243 191 144 60 47 782 575 54 1099 1026 443 421 354 66 46
cat_boundaries=0 1 2
cat_threshold=546 20
is_linear=0
shrinkage=0.03


Tree=168
num_leaves=31
num_cat=1
split_feature=20 19 6 6 4 16 13 4 17 9 17 11 18 18 3 3 20 17 17 20 5 17 11 20 20 18 11 18 4 13
split_gain=5.58723 0.459408 0.479636 0.526907 0.555716 0.502344 0.499205 0.943758 0.899915 0.532916 0.468568 0.467168 0.532071 0.421936 1.08596 1.03241 0.593772 0.511344 0.38001 0.670631 0.590456 0.546529 0.507975 0.498956 0.522965 0.628329 0.371092 0.569611 0.423665 0.558372
threshold=0.26514453187980547 0 0.32488479262672815 0.34976958525345631 0.070312500000000014 29.500000000000004 0.81174490092936691 0.070312500000000014 0.33310749330662537 0.80598103574033564 0.33864730188447328 -0.9330127018922193 0.45735294117647063 0.47794117647058826 0.033854166666666671 0.044270833333333336 0.4201331308126896 0.31805476456995485 0.36282018551612638 0.57496635349083125 0.32150101419878302 0.33831163305250628 0.93301270189221952 0.54460969367221124 0.52800106982563555 0.47794117647058826 0.6830127018922193 0.45441176470588235 0.049479166666666671 1.0000000180025095e-35
decision_type=2 1 2 2 2 2 2 2 2 2 2 2 2 2 2 2 2 2 2 2 2 2 2 2 2 2 2 2 2 2
left_child=-1 2 10 4 5 -4 9 8 -8 -5 11 -2 -13 15 17 -14 -17 -15 19 22 -21 -22 23 24 26 -26 -3 -28 29 -29
right_child=1 18 3 6 -6 -7 7 -9 -10 -11 -12 12 13 14 -16 16 -18 -19 -20 20 21 -23 -24 -25 25 -27 27 28 -30 -31
leaf_value=-0.0016637243965529124 -0.00036471181893205567 -2.7146160715358076e-05 -5.4070410376275898e-05 -8.7124606044697243e-07 0.00029500324323432613 0.00027445850169453996 4.4486943363400592e-06 -1.123504906227625e-05 0.00011832136012493045 0.00015065737742602344 -0.00017706939261518873 -0.0001007708892337995 -4.8696194649234356e-05 -2.25781863963522e-05 -1.2735143735907842e-05 0.00023081012171230088 0.00013677196722835342 7.9352516406671855e-05 -3.548269155645427e-05 7.7662518565754766e-05 5.5521425677039921e-05 -7.9169357113275434e-06 -0.00024077612252272282 -1.1382839000675724e-05 9.9801026934977837e-05 -6.0329202217175592e-05 0.00017922883263550471 0.00028473390583603716 -1.0079898646887028e-05 -6.0031673215475612e-07
leaf_weight=812 39 1636 23 449 20 29 20 45 20 36 108 35 85 22 76 27 38 27 291 37 37 26 158 79 38 21 21 59 85 60
leaf_count=812 39 1636 23 449 20 29 20 45 20 36 108 35 85 22 76 27 38 27 291 37 37 26 158 79 38 21 21 59 85 60
internal_value=-0.000712492 -0.000211407 0.00030027 0.000831774 0.00324995 0.00161535 0.000526314 0.00264703 0.00599985 0.000154638 -0.000439825 9.45549e-05 0.000483869 0.000927269 -0.000359998 0.00199999 0.00484608 0.00312238 -0.000431588 -0.000301729 0.00209998 0.000333327 -0.000413074 -0.000283642 -0.000187501 0.00259318 -0.000275659 0.000866662 0.00038235 0.0015378
internal_weight=4459 3647 1099 642 72 52 570 85 40 485 457 349 310 275 125 150 65 49 2548 2257 100 63 2157 1999 1920 59 1861 225 204 119
internal_count=4459 3647 1099 642 72 52 570 85 40 485 457 349 310 275 125 150 65 49 2548 2257 100 63 2157 1999 1920 59 1861 225 204 119
cat_boundaries=0 1
cat_threshold=546
is_linear=0
shrinkage=0.03


end of trees

feature_importances:
rolling_std_7=441
trend_strength=433
rolling_mean_7=413
rolling_std_30=393
units_sold=383
seasonality_index=382
rolling_mean_30=353
days_to_holiday=282
acceleration=263
lag_1=255
lag_30=227
lag_14=225
lag_7=219
month_cos=180
dow_cos=160
category=135
month_sin=103
anchor=101
dow_sin=83
is_weekend=6

parameters:
[boosting: gbdt]
[objective: quantile]
[metric: quantile]
[tree_learner: serial]
[device_type: cpu]
[data_sample_strategy: bagging]
[data: ]
[valid: ]
[num_iterations: 1000]
[learning_rate: 0.03]
[num_leaves: 31]
[num_threads: 0]
[seed: 42]
[deterministic: 0]
[force_col_wise: 0]
[force_row_wise: 0]
[histogram_pool_size: -1]
[max_depth: -1]
[min_data_in_leaf: 20]
[min_sum_hessian_in_leaf: 0.001]
[bagging_fraction: 0.8]
[pos_bagging_fraction: 1]
[neg_bagging_fraction: 1]
[bagging_freq: 5]
[bagging_seed: 400]
[bagging_by_query: 0]
[feature_fraction: 0.8]
[feature_fraction_bynode: 1]
[feature_fraction_seed: 30056]
[extra_trees: 0]
[extra_seed: 12879]
[early_stopping_round: 0]
[early_stopping_min_delta: 0]
[first_metric_only: 0]
[max_delta_step: 0]
[lambda_l1: 0]
[lambda_l2: 0.001]
[linear_lambda: 0]
[min_gain_to_split: 0]
[drop_rate: 0.1]
[max_drop: 50]
[skip_drop: 0.5]
[xgboost_dart_mode: 0]
[uniform_drop: 0]
[drop_seed: 17869]
[top_rate: 0.2]
[other_rate: 0.1]
[min_data_per_group: 100]
[max_cat_threshold: 32]
[cat_l2: 10]
[cat_smooth: 10]
[max_cat_to_onehot: 4]
[top_k: 20]
[monotone_constraints: ]
[monotone_constraints_method: basic]
[monotone_penalty: 0]
[feature_contri: ]
[forcedsplits_filename: ]
[refit_decay_rate: 0.9]
[cegb_tradeoff: 1]
[cegb_penalty_split: 0]
[cegb_penalty_feature_lazy: ]
[cegb_penalty_feature_coupled: ]
[path_smooth: 0]
[interaction_constraints: ]
[verbosity: -1]
[saved_feature_importance_type: 0]
[use_quantized_grad: 0]
[num_grad_quant_bins: 4]
[quant_train_renew_leaf: 0]
[stochastic_rounding: 1]
[linear_tree: 0]
[max_bin: 255]
[max_bin_by_feature: ]
[min_data_in_bin: 3]
[bin_construct_sample_cnt: 200000]
[data_random_seed: 175]
[is_enable_sparse: 1]
[enable_bundle: 1]
[use_missing: 1]
[zero_as_missing: 0]
[feature_pre_filter: 1]
[pre_partition: 0]
[two_round: 0]
[header: 0]
[label_column: ]
[weight_column: ]
[group_column: ]
[ignore_column: ]
[categorical_feature: 19]
[forcedbins_filename: ]
[precise_float_parser: 0]
[parser_config_file: ]
[objective_seed: 16083]
[num_class: 1]
[is_unbalance: 0]
[scale_pos_weight: 1]
[sigmoid: 1]
[boost_from_average: 1]
[reg_sqrt: 0]
[alpha: 0.9]
[fair_c: 1]
[poisson_max_delta_step: 0.7]
[tweedie_variance_power: 1.5]
[lambdarank_truncation_level: 30]
[lambdarank_norm: 1]
[label_gain: ]
[lambdarank_position_bias_regularization: 0]
[eval_at: ]
[multi_error_top_k: 1]
[auc_mu_weights: ]
[num_machines: 1]
[local_listen_port: 12400]
[time_out: 120]
[machine_list_filename: ]
[machines: ]
[gpu_platform_id: -1]
[gpu_device_id: -1]
[gpu_use_dp: 0]
[num_gpu: 1]

end of parameters

pandas_categorical:[["auto", "bed_bath_table", "computers_accessories", "furniture_decor", "garden_tools", "health_beauty", "housewares", "sports_leisure", "telephony", "watches_gifts"]]
