tree
version=v4
num_class=1
num_tree_per_iteration=1
label_index=0
max_feature_idx=20
objective=quantile
feature_names=units_sold lag_1 lag_7 lag_14 lag_30 rolling_mean_7 rolling_mean_30 rolling_std_7 rolling_std_30 seasonality_index month_sin month_cos dow_sin dow_cos is_weekend is_holiday days_to_holiday trend_strength acceleration category anchor
feature_infos=[0:0.77253560138447708] [0:1] [0:1] [0:1] [0:1] [0:1] [0:1] [0:1] [0:1] [0:1] [-1:1] [-1:1] [-0.97492791218182362:0.97492791218182362] [-0.90096886790241903:1] [0:1] [0:1] [1:30] [0.0099565994383455925:1] [0:1] -1:3:7:5:1:2:6:8:4:0:9 [0:0.77253560138447708]
tree_sizes=1952 2356 2091 2251 2358 2186 2462 2334 2380 2200 2557 2372 2631 2920 2814 2842 2836 2021 2530 2489 2931 2936 2748 2398 2129 2636 2843 2570 2915 2546 2390 2873 2767 2863 2412 2567 2412 2950 2922 2853 2932 2742 2922 2951 2836 2935 2942 2946 2966 2505 2954 2976 2927 2952 2974 2767 2744 2959 2956 2949 2945 2936 2943 2952 2944 2979 2931 2960 2963 2940 2954 2961

Tree=0
num_leaves=22
num_cat=0
split_feature=5 16 17 0 10 9 9 11 5 9 6 4 5 2 0 11 16 10 13 12 5
split_gain=18.6967 8.20281 2.81304 2.38768 1.75976 1.29844 1.48006 1.05763 0.808542 0.49001 0.383034 0.629688 0.32478 0.180784 0.15322 0.599972 1.23694 1.48397 0.335338 0.101232 0.0437491
threshold=0.37423935091277893 28.500000000000004 0.46476895583354622 0.56286410739646286 0.68301270189221941 0.5948212983223925 0.5977388767323123 -0.9330127018922193 0.32961460446247465 0.67177242888402644 0.68064516129032271 0.11197916666666667 0.28296146044624754 0.12239583333333334 0.48335966612514275 0.6830127018922193 29.500000000000004 0.25000000000000011 -0.22252093395631442 0.87837969732492682 0.29310344827586216
decision_type=2 2 2 2 2 2 2 2 2 2 2 2 2 2 2 2 2 2 2 2 2
left_child=3 13 4 14 9 12 -7 -8 -9 -3 11 -10 -5 -2 -1 -16 -17 18 -18 20 -14
right_child=1 2 -4 5 -6 6 7 8 10 -11 -12 -13 19 -15 15 16 17 -19 -20 -21 -22
leaf_value=0.62939951065752697 0.63322955721451335 0.63301870371641866 0.63577221415993113 0.6357423997159064 0.63495055704827319 0.63576795891554339 0.63346027156335194 0.6323320266864354 0.63367881404685644 0.63422432780265803 0.63324020423921179 0.63348128925077984 0.6346457564302731 0.63253262641781172 0.63190362604666472 0.63117091058672725 0.6342404951273567 0.63270372418222787 0.63526712522780149 0.63299234937634052 0.63268177329315689
leaf_weight=3035 27 22 33 20 28 20 22 66 35 26 33 21 20 32 571 111 20 30 21 28 140
leaf_count=3035 27 22 33 20 28 20 22 66 35 26 33 21 20 32 571 111 20 30 21 28 140
internal_value=0.632761 0.642574 0.647451 0.632368 0.644275 0.634557 0.636303 0.635428 0.634555 0.640788 0.636421 0.637931 0.632904 0.633564 0.632134 0.632517 0.634017 0.637109 0.640819 0.632517 0.632226
internal_weight=4361 168 109 4193 76 405 197 177 155 48 89 56 208 59 3788 753 182 71 41 188 160
internal_count=4361 168 109 4193 76 405 197 177 155 48 89 56 208 59 3788 753 182 71 41 188 160
is_linear=0
shrinkage=1


Tree=1
num_leaves=25
num_cat=0
split_feature=5 16 17 0 9 11 8 16 9 11 2 5 0 2 1 11 16 7 7 9 4 8 5 0
split_gain=17.4618 7.56543 3.25245 1.95573 1.809 1.35826 1.28094 0.673653 0.786214 1.12423 0.560884 0.572165 0.195679 0.180784 0.164134 0.676399 1.04811 0.595174 0.054032 0.391542 0.0346142 0.0337102 0.0053404 0.0443494
threshold=0.37423935091277893 28.500000000000004 0.46476895583354622 0.56286410739646286 0.72611232676878201 -0.9330127018922193 0.24281010727125305 29.500000000000004 0.53610503282275734 0.6830127018922193 0.10677083333333334 0.347870182555781 0.61229581972090841 0.12239583333333334 0.085937500000000014 0.6830127018922193 29.500000000000004 0.083692218058272358 0.10937795756218473 0.88366156090444947 0.059895833333333336 0.16822606371660098 0.19979716024340774 0.50927314443444693
decision_type=2 2 2 2 2 2 2 2 2 2 2 2 2 2 2 2 2 2 2 2 2 2 2 2
left_child=3 13 4 14 6 -5 -3 12 20 10 -10 -12 21 -2 18 -16 -17 -18 22 -20 -9 -7 -1 -24
right_child=1 2 -4 5 -6 7 -8 8 9 -11 11 -13 -14 -15 15 16 17 -19 19 -21 -22 -23 23 -25
leaf_value=-0.003094522268828863 0.0004277299167562465 0.00025592192880484103 0.0028941071538114314 0.00065152283512969194 0.0020746997553125991 2.3943123797642852e-06 9.9867895587743002e-05 0.00012398503343517484 -0.00023780431042218485 0.0033237691556759173 0.00011450878072015834 0.001409948914688581 0.00021210682124571555 -0.00024829295604436916 -0.00073343518210095102 -0.0015413537446799018 0.0025029583370748802 0.00099060664186939921 -0.0010762234981134965 0.0011580834788455817 -5.0553397052071067e-05 -0.0003251332962407977 -0.00099526816770792318 -0.00096819815531430729
leaf_weight=3060 27 21 33 22 32 25 23 20 39 37 29 21 33 32 305 50 21 21 134 20 45 134 20 157
leaf_count=3060 27 21 33 22 32 25 23 20 39 37 29 21 33 32 305 50 21 21 134 20 45 134 20 157
internal_value=-5.52045e-05 0.00942852 0.0141123 -0.000435189 0.0106972 0.00154629 0.00674985 0.00112989 0.00239135 0.00377378 0.00194661 0.00404992 -0.000124999 0.000775411 -0.000647042 -6.98984e-05 0.00218476 0.00567844 -0.000714611 -0.000165583 -0.000288456 -0.000561317 -0.000740731 -0.000580504
internal_weight=4361 168 109 4193 76 405 44 383 191 126 89 50 192 59 3788 397 92 42 3391 154 65 159 3237 177
internal_count=4361 168 109 4193 76 405 44 383 191 126 89 50 192 59 3788 397 92 42 3391 154 65 159 3237 177
is_linear=0
shrinkage=0.03


Tree=2
num_leaves=22
num_cat=0
split_feature=5 16 0 8 13 0 0 10 16 9 2 13 7 18 0 11 8 12 8 7 7
split_gain=16.2835 7.47684 4.74338 2.00923 1.21592 0.98251 0.865216 0.99141 2.51388 2.27254 0.285419 0.459311 0.156247 0.279354 0.104187 0.435373 0.991055 0.688438 0.0344129 0.0126561 0.034631
threshold=0.34989858012170388 28.500000000000004 0.64473107689836062 0.22299969864982574 1.0000000180025095e-35 0.62953366514144282 0.55882118566514938 0.25000000000000011 29.500000000000004 0.71298322392414315 0.13281250000000003 -0.22252093395631442 0.1136185938746033 0.47500000000000003 0.4823181611744996 0.6830127018922193 0.16120277903739247 1.0000000180025095e-35 0.16822606371660098 0.11992761639997179 0.12456006935358581
decision_type=2 2 2 2 2 2 2 2 2 2 2 2 2 2 2 2 2 2 2 2 2
left_child=6 10 3 -3 5 -5 14 8 -8 -10 11 -2 18 -14 19 -16 17 -17 -9 -1 -21
right_child=1 2 -4 4 -6 -7 7 12 9 -11 -12 -13 13 -15 15 16 -18 -19 -20 20 -22
leaf_value=-0.0032399020792336372 -0.00012699366060669502 0.00031998135701725685 0.0023431788851675573 0.0013519843157503062 0.0012209520351603588 0.003154147325242814 -0.0010383346786054615 2.3224830083701242e-06 0.00371933999100369 0.00063197715007580089 -8.2212481212107452e-05 0.00038645214689514207 0.00025149193236963718 -0.00042118440897068751 -0.00087404499068614687 9.9066360366101383e-05 -0.00054664028028285545 0.0013184929272233709 -0.00014105692334263941 -0.0011642339291113135 -0.0015003630431814736
leaf_weight=2946 24 32 36 37 28 23 57 25 22 22 47 33 30 33 560 34 111 30 154 21 56
leaf_count=2946 24 32 36 37 28 23 57 25 22 22 47 33 30 33 560 34 111 30 154 21 56
internal_value=-6.89628e-05 0.00721151 0.0113653 0.00849993 0.0108408 0.0132498 -0.00053054 0.000911806 0.00340838 0.00879526 0.000980761 0.00240785 -0.000130164 0.00115474 -0.000662186 -0.000341836 0.000964281 0.00393744 -0.000582398 -0.000740075 -0.000360384
internal_weight=4361 260 156 120 88 60 4101 343 101 44 104 57 242 63 3758 735 175 64 179 3023 77
internal_count=4361 260 156 120 88 60 4101 343 101 44 104 57 242 63 3758 735 175 64 179 3023 77
is_linear=0
shrinkage=0.03


Tree=3
num_leaves=24
num_cat=0
split_feature=5 9 16 8 7 20 10 16 6 8 9 9 2 13 20 11 8 7 13 6 7 7 7
split_gain=12.6592 5.75462 3.29415 2.40316 3.29552 0.771732 0.951821 2.42984 0.680081 0.577863 0.981754 0.498417 0.285419 0.459311 0.104187 0.435373 0.991055 0.456567 0.18863 0.0888547 0.165317 0.0126561 0.034631
threshold=0.34989858012170388 0.97957695113056176 28.500000000000004 0.26495406874879129 0.17708840336715329 0.55882118566514938 -0.5 24.500000000000004 0.59032258064516141 0.27719287970000966 0.5970094821298324 0.51677607585703877 0.13281250000000003 -0.22252093395631442 0.4823181611744996 0.6830127018922193 0.16120277903739247 0.057482738463101604 1.0000000180025095e-35 0.63271889400921666 0.092343480677863826 0.11992761639997179 0.12456006935358581
decision_type=2 2 2 2 2 2 2 2 2 2 2 2 2 2 2 2 2 2 2 2 2 2 2
left_child=5 2 12 8 -5 14 7 -7 -4 19 -11 -10 13 -2 21 -16 17 -17 -19 -8 -21 -1 -23
right_child=1 -3 3 4 -6 6 9 -9 11 10 -12 -13 -14 -15 15 16 -18 18 -20 20 -22 22 -24
leaf_value=-0.0031427050168566285 -0.00012318385078849569 0.0022059403252402904 0.00091491072123278997 0.0011377040409748416 0.0029207775510672407 -0.0017637433601922167 -0.000171124323515852 0.0036380114965130976 0.00023064972443790778 -0.0010303458407381371 0.00064538098105542232 0.00019271167174119853 -7.9746106775744569e-05 0.00037485858248828774 -0.00084782364096556366 0.00016078295466359678 -0.00053024107187437026 0.0013116162447911032 0.0006925373446971595 -0.00012894455285867147 9.3709112081730161e-05 -0.0011293069112379727 -0.0014553521518860298
leaf_weight=2946 24 20 21 31 27 30 177 20 20 24 20 37 47 33 560 23 111 21 20 41 31 21 56
leaf_count=2946 24 20 21 31 27 30 177 20 20 24 20 37 47 33 560 23 111 21 20 41 31 21 56
internal_value=-0.000130875 0.00628844 0.00499998 0.00807347 0.0126981 -0.000537856 0.000824342 0.00464991 0.00463456 0.000171502 0.00334083 0.00293416 0.000980761 0.00240785 -0.000662186 -0.000341836 0.000964281 0.00393744 0.00583522 -0.000388552 0.000499994 -0.000740075 -0.000360384
internal_weight=4361 260 240 136 58 4101 343 50 78 293 44 57 104 57 3758 735 175 64 41 249 72 3023 77
internal_count=4361 260 240 136 58 4101 343 50 78 293 44 57 104 57 3758 735 175 64 41 249 72 3023 77
is_linear=0
shrinkage=0.03


Tree=4
num_leaves=25
num_cat=1
split_feature=5 16 8 4 4 8 6 0 10 16 8 16 2 13 0 19 11 10 4 8 6 8 5 0
split_gain=11.4079 4.74097 4.33318 2.27907 1.07113 0.700949 0.688836 0.675811 0.995841 2.42984 0.385888 0.681775 0.285419 0.459311 0.126638 0.482139 1.14283 2.24985 0.101753 0.0408877 0.0404752 0.0268619 0.00373379 0.0435533
threshold=0.34989858012170388 28.500000000000004 0.26495406874879129 0.059895833333333336 0.11718750000000001 0.22614163575611029 0.7009216589861752 0.55882118566514938 -0.5 24.500000000000004 0.27719287970000966 22.500000000000004 0.13281250000000003 -0.22252093395631442 0.4823181611744996 0 0.6830127018922193 -0.24999999999999994 0.15364583333333334 0.16822606371660098 0.60230414746543792 0.11131403688179005 0.16328600405679514 0.4563480107523985
decision_type=2 2 2 2 2 2 2 2 2 2 2 2 2 2 2 1 2 2 2 2 2 2 2 2
left_child=7 12 5 -4 -5 -3 -7 14 9 -9 18 -12 13 -2 22 16 20 -18 19 -10 -16 -17 -1 -24
right_child=1 2 3 4 -6 6 -8 8 10 -11 11 -13 -14 -15 15 21 17 -19 -20 -21 -22 -23 23 -25
leaf_value=-0.003340608977006154 -0.00011948833526484169 0.00025753246832828738 0.0020735158482088315 0.0025118211949602138 0.0015390362906518684 0.0008874633995958047 0.00013999849424872442 -0.0017108310593864492 7.8902406459589999e-06 0.0035288711516177043 -0.00060968307235557712 0.000626019551623761 -7.7353723572472165e-05 0.00036361282501363833 -0.001150686299307315 -0.0011434341105810901 0.0012758986580456392 -0.0013567675131687404 9.5807662342145552e-05 -0.00014086470526146044 -6.5919074252032571e-06 -0.0007153387378755502 -0.00027764625203887685 -0.0013086329380747107
leaf_weight=2777 24 34 22 35 21 21 23 30 22 20 24 20 47 33 85 35 20 25 30 197 20 550 21 225
leaf_count=2777 24 34 22 35 21 21 23 30 22 20 24 20 47 33 85 35 20 25 30 197 20 550 21 225
internal_value=-0.000151513 0.00594229 0.00924994 0.0142498 0.017464 0.00424995 0.00674985 -0.000537856 0.000736879 0.00464991 6.91131e-05 0.00265903 0.000980761 0.00240785 -0.000654203 -0.000301019 0.00117187 0.00524988 -0.000388552 -0.00061301 -0.000464281 -0.000686973 -0.000740075 -0.000628046
internal_weight=4361 260 156 78 56 78 44 4101 343 50 293 44 104 57 3758 735 150 45 249 219 105 585 3023 246
internal_count=4361 260 156 78 56 78 44 4101 343 50 293 44 104 57 3758 735 150 45 249 219 105 585 3023 246
cat_boundaries=0 1
cat_threshold=52
is_linear=0
shrinkage=0.03


Tree=5
num_leaves=23
num_cat=1
split_feature=5 9 8 9 0 10 5 11 5 7 8 5 0 19 11 8 8 18 8 6 7 8
split_gain=10.7064 4.29447 1.34863 3.42871 1.27626 1.22352 1.14279 1.03221 0.679832 0.727869 0.268243 0.342841 0.121283 0.411144 1.06826 0.0816504 0.0999944 0.039999 0.0356948 0.157889 0.0133721 0.0363002
threshold=0.37423935091277893 0.97957695113056176 0.30935014610256384 0.72611232676878201 0.56498757140591482 -0.5 0.54056795131845847 0.25000000000000017 0.33569979716024351 0.14842600721355023 0.22119407178140213 0.34381338742393514 0.4823181611744996 0 0.6830127018922193 0.28376229104135253 0.42989024801819237 0.50147058823529422 0.12224515550543266 0.36451612903225811 0.11992761639997179 0.15463481449481423
decision_type=2 2 2 2 2 2 2 2 2 2 2 2 2 1 2 2 2 2 2 2 2 2
left_child=4 2 3 7 12 -6 -4 -2 15 10 11 -10 20 14 17 -7 -17 -14 19 -15 -1 -22
right_child=1 -3 6 -5 5 8 -8 -9 9 -11 -12 -13 13 18 -16 16 -18 -19 -20 -21 21 -23
leaf_value=-0.0029941061398147503 3.0426898731527109e-05 0.0021372673801496348 -0.00011681387023865468 0.0011382209646386347 0.0028523068009975493 -0.00015975238172700104 0.0017105118272784513 0.00028317961188765024 0.00014298124427192295 0.00087144487425650961 0.00088039997577949065 -1.9330610569290073e-05 -0.00092624528998127263 -0.002665992764529385 0.0011686345869371293 0.00014763848925405899 -0.00031203054982948173 -0.00024073430875278253 -0.00056825365348474788 0.00094716260858802143 -0.00098215507730466155 -0.0012726700251027292
leaf_weight=2991 31 20 42 25 39 178 21 31 20 23 36 64 80 75 39 20 20 20 529 20 20 53
leaf_count=2991 31 20 42 25 39 178 21 31 20 23 36 64 80 75 39 20 20 20 529 20 20 53
internal_value=-0.000190527 0.00719113 0.00544996 0.0078706 -0.000487402 0.001125 0.00210711 0.00408864 0.000579639 0.00218705 0.00124999 0.000321425 -0.000655931 -0.000317496 0.00111241 -0.000474768 0.000749982 -0.000449995 -0.000643531 -0.000118419 -0.000740208 -0.000339036
internal_weight=4397 170 150 87 4227 400 63 62 361 143 120 84 3827 763 139 218 40 100 624 95 3064 73
internal_count=4397 170 150 87 4227 400 63 62 361 143 120 84 3827 763 139 218 40 100 624 95 3064 73
cat_boundaries=0 1
cat_threshold=52
is_linear=0
shrinkage=0.03


Tree=6
num_leaves=26
num_cat=1
split_feature=5 8 5 5 7 10 8 1 0 10 12 1 8 0 19 11 6 8 8 11 8 0 6 7 8
split_gain=9.97342 2.28487 4.01879 2.0888 0.581066 0.581734 0.740418 0.960871 0.394564 2.41925 0.242639 0.224899 0.191264 0.148655 0.394052 0.738613 0.141409 0.0816504 0.0999944 0.0495555 0.144042 0.0416657 0.0249988 0.0133735 0.0363002
threshold=0.4087221095334686 0.30935014610256384 0.57707910750507108 0.33569979716024351 0.086724821097632201 0.25000000000000011 0.19522708183397192 0.12239583333333334 0.56498757140591482 -0.5 1.0000000180025095e-35 0.10156250000000001 0.17403941676705595 0.48335966612514275 0 0.6830127018922193 0.5986175115207375 0.28376229104135253 0.42989024801819237 0.6830127018922193 0.13293229993885244 0.49510993395148484 0.68064516129032271 0.11992761639997179 0.15463481449481423
decision_type=2 2 2 2 2 2 2 2 2 2 2 2 2 2 1 2 2 2 2 2 2 2 2 2 2
left_child=3 -2 -3 8 -5 -6 12 11 13 -10 -9 -8 -7 23 15 16 -15 -11 -19 -16 -21 -22 -14 -1 -25
right_child=1 2 -4 4 5 6 7 10 9 17 -12 -13 22 14 19 -17 -18 18 -20 20 21 -23 -24 24 -26
leaf_value=-0.002879165460636417 0.0019661342689538119 2.7318412505351886e-05 0.0021103563018518255 -0.00019227631108228332 -7.9705288082038134e-05 0.00027335064696430462 0.00059641327521307364 0.00042151039502282987 0.003015131901554927 -0.00015495981027518948 0.0010040799676521103 0.0017087279284993585 1.0750261299467944e-05 -0.0010360112975359925 -0.00075145749476547303 0.0011372064499272846 6.7935675951978899e-05 0.00014320933457643802 -0.00030266963333459574 0.00091874773033037932 -5.4094633866229904e-05 -0.00036780351516538072 -5.4957743084015045e-05 -0.00095269042498552037 -0.0012344899243496457
leaf_weight=3004 35 38 21 44 30 21 20 23 28 178 34 20 20 77 471 38 22 20 20 20 20 100 20 20 53
leaf_count=3004 35 38 21 44 30 21 20 23 28 178 34 20 20 77 471 38 22 20 20 20 20 100 20 20 53
internal_value=-0.000204173 0.00946267 0.00586007 -0.000415349 0.00235344 0.00307977 0.00380694 0.00543551 -0.000573138 0.000591462 0.00293416 0.00899978 0.00121719 -0.000648038 -0.000268716 0.00113775 -0.000143937 -0.000474768 0.000749982 -0.000592994 -0.000107141 -0.000499995 7.15238e-10 -0.000740249 -0.000339036
internal_weight=4397 94 59 4303 232 188 158 97 4071 246 57 40 61 3825 748 137 99 218 40 611 140 120 40 3077 73
internal_count=4397 94 59 4303 232 188 158 97 4071 246 57 40 61 3825 748 137 99 218 40 611 140 120 40 3077 73
cat_boundaries=0 1
cat_threshold=52
is_linear=0
shrinkage=0.03


Tree=7
num_leaves=25
num_cat=0
split_feature=0 9 16 9 7 0 10 16 5 7 1 0 11 16 10 0 16 7 4 9 7 7 7 18
split_gain=8.89087 3.45036 1.83995 1.48533 1.43579 1.04919 1.14272 1.92844 0.536153 0.344177 0.230474 0.191293 0.54557 1.15035 0.671668 0.399929 0.164464 0.127855 0.122723 0.107412 0.0431389 0.137369 0.0367011 0.0449486
threshold=0.61912653167645637 0.94493070751276453 27.500000000000004 0.72611232676878201 0.15278835336889349 0.56498757140591482 -0.5 24.500000000000004 0.33569979716024351 0.14842600721355023 0.13802083333333334 0.4823181611744996 0.6830127018922193 29.500000000000004 0.25000000000000011 0.51552759237848311 15.500000000000002 0.10937795756218473 0.10156250000000001 0.80598103574033564 0.11227999405523552 0.12106829783344576 0.13674255023899876 0.50735294117647067
decision_type=2 2 2 2 2 2 2 2 2 2 2 2 2 2 2 2 2 2 2 2 2 2 2 2
left_child=5 2 18 4 10 11 7 -7 22 16 -4 20 19 -14 15 -15 -10 -18 -2 -13 -1 -22 23 -8
right_child=1 -3 3 -5 -6 6 8 -9 9 -11 -12 12 13 14 -16 -17 17 -19 -20 -21 21 -23 -24 -25
leaf_value=-0.0028323363041264839 0.00019209063061441161 0.0021701765298418321 9.4044953676228804e-05 0.0010383997506679141 0.0016213907057898091 -0.0019048275120323189 -0.00015031101596693543 0.0030827470474274737 0.00024068675101900696 0.00084792562682836474 -0.00011052250767941769 -0.00088659192276179682 -0.0013642818313962112 0.0010272936962143267 7.9121896094892625e-06 0.0012064645061000169 -6.019901726656464e-05 0.00020486170749703668 -0.00021833822125118108 2.867628229688828e-05 0.00012339096651836076 -0.0016962680970415427 -0.00031110752943006817 -6.5856246744902547e-05
leaf_weight=2974 33 21 20 34 20 21 178 21 22 34 21 547 107 20 34 20 41 37 27 35 22 68 20 20
leaf_count=2974 33 21 20 34 20 21 178 21 22 34 21 547 107 20 34 20 41 37 27 35 22 68 20 20
internal_value=-0.00019735 0.00640906 0.00486287 0.00746045 0.00465976 -0.000472814 0.00100127 0.00567844 0.000443181 0.00193655 0.00144509 -0.000624575 -0.00019954 0.00123894 0.00411481 0.00674983 0.00104999 0.000403842 0.000749988 -0.000646905 -0.000730417 -8.33317e-05 -0.000474768 -0.000598481
internal_weight=4397 176 155 95 61 4221 394 42 352 134 41 3827 763 181 74 40 100 78 60 582 3064 90 218 198
internal_count=4397 176 155 95 61 4221 394 42 352 134 41 3827 763 181 74 40 100 78 60 582 3064 90 218 198
is_linear=0
shrinkage=0.03


Tree=8
num_leaves=25
num_cat=1
split_feature=5 16 6 5 4 19 16 10 2 5 7 5 6 4 5 9 9 11 8 4 7 8 1 1
split_gain=7.25489 2.42741 1.80524 1.74208 0.839585 0.788124 1.07606 1.79247 0.521601 0.628319 0.411106 0.266568 0.744006 0.258821 0.146336 0.472405 0.595201 0.245001 0.680258 0.834421 0.0802824 0.118361 0.0431964 0.0303909
threshold=0.41075050709939154 27.500000000000004 0.76728110599078359 0.27079107505070998 0.070312500000000014 0 29.500000000000004 1.0000000180025095e-35 0.13281250000000003 0.34989858012170388 0.15278835336889349 0.33569979716024351 0.67235023041474673 0.10677083333333334 0.17139959432048682 0.80598103574033564 0.92924872355944577 0.6830127018922193 0.14104009938217046 0.049479166666666671 0.11227999405523552 0.1482181984897806 0.039062500000000007 0.13802083333333334
decision_type=2 2 2 2 2 1 2 2 2 2 2 2 2 2 2 2 2 2 2 2 2 2 2 2
left_child=3 -2 4 14 -3 6 11 -8 13 -10 -7 -5 -13 23 20 17 -17 -16 19 -19 -1 -22 -20 -9
right_child=1 2 -4 5 -6 10 7 8 9 -11 -12 12 -14 -15 15 16 -18 18 22 -21 21 -23 -24 -25
leaf_value=-0.0028458882660292641 -0.00022848004648527197 0.00035206600854990785 0.0020152478518598131 -0.00013973911075255274 0.0013666420724025559 -0.00029514361063879288 0.0029902646360046485 -6.300393605161009e-05 5.1404102504822723e-05 0.0010437372500669505 0.00082619206215458671 0.00027555282982520576 -7.5599390679528664e-05 0.00033582273340864241 -0.00098435644790580796 0.00099305890006935282 -0.00031417110214081346 -0.00013708511532102758 -0.00028056950774147461 0.001170270570917015 0.00012668707740849769 -0.0025783203340203221 -0.00055040400053812878 7.4268583145791449e-05
leaf_weight=2914 26 21 20 83 24 184 21 31 21 38 33 21 35 29 589 21 21 29 20 20 20 29 127 20
leaf_count=2914 26 21 20 83 24 184 21 31 21 38 33 21 35 29 589 21 21 29 20 20 20 29 127 20
internal_value=-0.000231464 0.00815101 0.0112498 -0.000408615 0.00791649 0.00122674 0.00218689 0.00393748 0.00270322 0.00484314 -0.000188324 0.000329135 0.00192854 0.00112499 -0.000631266 -0.000278415 0.00282136 -0.000444266 0.000474488 0.00353564 -0.000729749 0.000474481 -0.000545914 -0.000161761
internal_weight=4397 91 65 4306 45 516 299 160 139 59 217 139 56 80 3790 827 42 785 196 49 2963 49 147 51
internal_count=4397 91 65 4306 45 516 299 160 139 59 217 139 56 80 3790 827 42 785 196 49 2963 49 147 51
cat_boundaries=0 1
cat_threshold=526
is_linear=0
shrinkage=0.03


Tree=9
num_leaves=23
num_cat=1
split_feature=5 16 0 6 4 19 11 8 17 2 8 7 8 0 11 8 7 17 7 8 0 8
split_gain=7.27853 2.42741 1.81169 1.80524 0.839585 0.800387 0.856137 1.37948 0.760436 0.569872 0.621059 0.514145 0.19481 0.138819 0.481496 1.0064 0.687585 0.0994327 0.0431389 0.155549 0.0417346 0.0382815
threshold=0.41075050709939154 27.500000000000004 0.56498757140591482 0.76728110599078359 0.070312500000000014 0 0.25000000000000017 0.23440816817184998 0.40102969960003415 0.11718750000000001 0.27323002848564254 0.15278835336889349 0.16822606371660098 0.4823181611744996 0.6830127018922193 0.16120277903739247 0.057482738463101604 0.29457067483618421 0.11227999405523552 0.14643828494983713 0.49403747443035323 0.29888286581140178
decision_type=2 2 2 2 2 1 2 2 2 2 2 2 2 2 2 2 2 2 2 2 2 2
left_child=2 -2 13 4 -3 6 8 -8 12 -9 -11 -7 -4 18 21 16 -16 -14 -1 -20 -17 -15
right_child=1 3 5 -5 -6 11 7 9 -10 10 -12 -13 17 14 15 20 -18 -19 19 -21 -22 -23
leaf_value=-0.002661989567021811 -0.0002216256450907149 0.00034150402829341179 0.00023801930759654517 0.0019547904163040191 0.0013256428102304792 -0.00028182215857571586 0.0027650688944223446 -5.0133176735741414e-05 0.00093296378046140479 0.0022518896497779797 4.1485425674386568e-05 0.00082363152507638137 2.9052916583490607e-05 -0.00071302000184559169 6.3701337046285188e-05 -4.0446937450946153e-05 0.0011107131860536173 -7.5215156638165902e-05 0.0001228864650862432 -0.0014460094791897446 -0.00033665418148555584 2.6656014038616888e-05
leaf_weight=2974 26 21 27 20 24 177 27 30 21 30 22 27 30 557 25 20 35 88 20 70 101 25
leaf_count=2974 26 21 27 20 24 177 27 30 21 30 22 27 30 557 25 20 35 88 20 70 101 25
internal_value=-0.00024511 0.00815101 -0.000422549 0.0112498 0.00791649 0.0013168 0.00232894 0.00447932 0.00105722 0.00254265 0.00444222 -0.000154204 0.000284482 -0.000640253 -0.000278177 0.0010732 0.00424993 -0.000241523 -0.000730417 -8.33317e-05 -0.000502061 -0.000698452
internal_weight=4397 91 4306 65 45 479 275 109 166 82 52 204 145 3827 763 181 60 118 3064 90 121 582
internal_count=4397 91 4306 65 45 479 275 109 166 82 52 204 145 3827 763 181 60 118 3064 90 121 582
cat_boundaries=0 1
cat_threshold=526
is_linear=0
shrinkage=0.03


Tree=10
num_leaves=27
num_cat=0
split_feature=5 5 9 8 5 17 9 16 0 6 8 5 16 1 11 8 6 3 6 9 5 6 1 11 8 8
split_gain=9.09676 3.67809 2.16146 2.10225 1.00558 0.561387 0.729963 0.545726 1.09396 0.642314 0.381314 0.201785 0.295554 0.15818 0.515874 0.834459 0.417087 0.129818 0.0917986 0.0463491 0.247362 0.0448712 0.00936289 0.0396897 0.00238057 0.0449084
threshold=0.36815415821501019 0.57505070993914809 0.80598103574033564 0.29024861203486146 0.27079107505070998 0.37915922049187312 0.5948212983223925 29.500000000000004 0.57229813476139524 0.63824884792626746 0.26948736383125999 0.33975659229208927 14.500000000000002 0.080729166666666671 0.6830127018922193 0.18264427710219064 0.31935483870967746 0.14843750000000003 0.45391705069124427 0.88366156090444947 0.16328600405679514 0.5986175115207375 0.075520833333333343 0.6830127018922193 0.16640278872593822 0.17293610086023539
decision_type=2 2 2 2 2 2 2 2 2 2 2 2 2 2 2 2 2 2 2 2 2 2 2 2 2 2
left_child=4 2 5 -4 13 17 -7 11 -9 10 18 -6 -13 19 21 16 -16 -2 -10 22 -21 -15 24 -24 -1 -26
right_child=1 -3 3 -5 7 6 -8 8 9 -11 -12 12 -14 14 15 -17 -18 -19 -20 20 -22 -23 23 -25 25 -27
leaf_value=-0.0027458513537138908 -9.0346975643059877e-05 0.0026030571603452989 0.0019913551098586792 0.00078299637850993422 -0.00010578049685956369 0.00062339543939713294 0.0015270651195620365 0.0026143729263385924 0.0013535179459896042 0.0014922472326698692 0.00064282582947072027 0.00034843417482507575 -0.00031908603690550643 -0.00066208918951280165 0.00042674017342846478 -0.00049456286081774438 0.0018296791903017581 0.00037672350465765169 -0.00019803626268765441 -0.0032304556191075327 0.0008481609487693189 3.4510225206231247e-05 -0.0006629651910036382 -0.00034528451484457443 -0.00045625561362874615 -0.00098702780143625885
leaf_weight=2671 37 23 25 26 158 35 22 30 33 31 28 28 30 343 25 60 27 20 103 141 30 21 77 20 21 348
leaf_count=2671 37 23 25 26 158 35 22 30 33 31 28 28 30 343 25 60 27 20 103 141 30 21 77 20 21 348
internal_value=-0.000185757 0.00627124 0.00470452 0.00983804 -0.000473076 0.00240787 0.00451308 0.000882652 0.00191666 0.00109615 0.00034756 -0.000194443 0.00131894 -0.000631077 -0.000119747 0.0016607 0.00444222 0.000302627 -0.000308821 -0.000704654 -0.000223682 -0.00066758 -0.000730872 -0.000440716 -0.000740131 -0.000668697
internal_weight=4413 188 165 51 4225 114 57 441 225 195 164 216 58 3784 476 112 52 57 136 3308 171 364 3137 97 3040 369
internal_count=4413 188 165 51 4225 114 57 441 225 195 164 216 58 3784 476 112 52 57 136 3308 171 364 3137 97 3040 369
is_linear=0
shrinkage=0.03


Tree=11
num_leaves=25
num_cat=1
split_feature=5 5 16 6 8 20 8 10 16 19 9 18 20 7 16 17 9 7 6 8 20 18 4 5
split_gain=8.27445 3.88995 1.81403 2.43546 1.30783 0.972667 0.790048 0.709608 3.57122 0.470869 1.20694 0.48324 0.353213 0.325668 0.13442 0.126441 0.269674 0.436337 0.214126 0.422017 0.161159 0.0382203 0.0129956 0.0366656
threshold=0.36815415821501019 0.57505070993914809 29.500000000000004 0.58571428571428585 0.24855113226519951 0.54802186383041918 0.28376229104135253 -0.5 27.500000000000004 0 0.72611232676878201 0.43970588235294122 0.60478778918727494 0.085704493569116261 17.500000000000004 0.33116330525061705 0.88366156090444947 0.075471023833399251 0.32119815668202772 0.12186878796828471 0.50532152180681911 0.5102941176470589 0.15364583333333334 0.14503042596348886
decision_type=2 2 2 2 2 2 2 2 2 1 2 2 2 2 2 2 2 2 2 2 2 2 2 2
left_child=5 2 14 -4 -5 15 -6 8 -7 10 11 -9 -13 -14 -2 22 18 -18 21 -20 -21 -17 -1 -24
right_child=1 -3 3 4 6 7 -8 9 -10 -11 -12 12 13 -15 -16 16 17 -19 19 20 -22 -23 23 -25
leaf_value=-0.0019290744965827079 0.00012871713270286715 0.0025249654455349411 0.0015420123922236688 -0.00010597806211427592 0.0019000723781623977 -0.00094049056746081888 0.0015342354460142189 0.00044495797459779586 0.003132930841996299 -0.00035778402355200094 0.0015558638282787782 -0.00010059050914261464 -0.00027142354367691221 0.00019479139762803443 -0.00024104667293688988 -0.0028367199620856097 -0.0033287116275597995 0.00091455427721979458 0.00065097247505494361 0.00027301013412522706 -0.00046348058437410699 -0.00014514478116736524 -0.00036414137168506625 -7.2108476932657994e-05
leaf_weight=2887 20 23 22 29 22 50 31 22 20 216 26 144 21 31 41 537 24 20 24 20 83 25 20 55
leaf_count=2887 20 23 22 29 22 50 31 22 20 216 26 144 21 31 41 537 24 20 24 20 83 25 20 55
internal_value=-0.000206152 0.0059521 0.00434088 0.00674994 0.0043719 -0.000480177 0.00717439 0.000721697 0.00353566 0.000293478 0.00116929 0.000488531 1.53068e-05 0.00213458 0.000233603 -0.00065257 -0.000299794 0.00197723 -0.000445209 0.000667318 -0.000167473 -0.000696617 -0.000739871 -0.000349995
internal_weight=4413 188 165 104 82 4225 53 530 70 460 244 218 196 52 61 3695 733 44 689 127 103 562 2962 75
internal_count=4413 188 165 104 82 4225 53 530 70 460 244 218 196 52 61 3695 733 44 689 127 103 562 2962 75
cat_boundaries=0 1
cat_threshold=550
is_linear=0
shrinkage=0.03


Tree=12
num_leaves=28
num_cat=0
split_feature=5 5 9 16 8 0 11 8 12 7 8 6 3 8 5 7 16 7 6 1 7 8 2 0 7 11 0
split_gain=8.05721 4.11729 1.70681 2.64676 2.61892 0.52169 0.741237 1.60957 1.91888 1.71572 0.375742 0.357488 0.398315 0.554872 0.179175 0.160651 0.219257 0.129896 0.146599 0.104756 0.0461298 0.149994 0.0136936 0.0348473 0.0134234 0.056668 0.128565
threshold=0.57505070993914809 0.34989858012170388 0.72611232676878201 29.500000000000004 0.27323002848564254 0.48335966612514275 0.6830127018922193 0.20249421316166533 -1.0000000180025095e-35 0.060420512343985253 0.29888286581140178 0.4806451612903227 0.11197916666666667 0.24855113226519951 0.32961460446247465 0.13674255023899876 28.500000000000004 0.089808076667447473 0.62350230414746555 0.13281250000000003 0.11227999405523552 0.15159549182641893 0.039062500000000007 0.51552759237848311 0.075870623877683993 0.6830127018922193 0.42795921805502896
decision_type=2 2 2 2 2 2 2 2 2 2 2 2 2 2 2 2 2 2 2 2 2 2 2 2 2 2 2
left_child=1 5 11 -4 -5 20 10 8 -8 -10 14 -3 -13 19 22 -9 -17 -16 -19 -14 24 -22 23 -7 -1 -26 -27
right_child=-2 2 3 4 -6 6 7 15 9 -11 -12 12 13 -15 17 16 -18 18 -20 -21 21 -23 -24 -25 25 26 -28
leaf_value=-0.0026663365963858509 0.0024492164821688931 0.00074206748119372767 -0.00011294106635270446 0.002066452642370817 0.0016282624805647465 -0.0017802844835697023 -0.00049749813915486935 -0.00080444672187615174 8.0193027312835258e-05 0.0029810743080904726 0.00020737141122831006 -9.7685015532556616e-05 0.00016796746584405171 0.0012495838622908284 -8.4644627181835991e-05 -0.0016129563238975212 0.0011693225527069702 0.00027065132137352687 0.00040563225467860113 -6.8524078870943247e-05 8.7424351856396309e-05 -0.00057895231739216429 -0.00037405428050494292 -0.00039926195829026115 -0.0019866940952133335 0.00012575925658553781 -0.00055925609006081986
leaf_weight=2722 23 20 29 24 39 46 38 142 20 39 36 63 20 20 29 22 21 27 20 22 20 60 620 20 215 20 36
leaf_count=2722 23 20 29 24 39 46 38 142 20 39 36 63 20 20 29 22 21 27 20 22 20 60 620 20 215 20 36
internal_value=-0.000199353 -0.00029214 0.00355378 0.00674993 0.0102022 -0.000511617 5.55562e-05 0.00137766 0.00450769 0.00789393 -0.000411653 0.00152585 0.000929993 0.00263705 -0.000553148 -0.000263511 0.00134299 0.000828937 0.00180315 0.000678556 -0.000710949 7.15247e-10 -0.000706266 -0.000295449 -0.000729952 -0.000528595 0.000321424
internal_weight=4413 4390 237 92 63 4153 1080 282 97 59 798 145 125 62 762 185 43 76 47 42 3073 80 686 66 2993 271 56
internal_count=4413 4390 237 92 63 4153 1080 282 97 59 798 145 125 62 762 185 43 76 47 42 3073 80 686 66 2993 271 56
is_linear=0
shrinkage=0.03


Tree=13
num_leaves=31
num_cat=1
split_feature=5 5 16 6 8 8 20 10 16 9 5 2 17 10 16 7 5 4 16 1 19 12 4 5 16 3 1 5 7 2
split_gain=6.94852 3.19344 1.66265 1.95561 1.28525 1.74246 0.578515 0.968201 1.71151 0.384882 0.237841 0.143484 0.117591 0.274128 1.13479 1.33406 0.101233 0.115093 0.0909063 0.0355205 0.0264498 0.0742841 0.0112464 0.0364854 0.00421504 0.00870854 0.0768248 0.109085 0.0134539 0.0346142
threshold=0.57505070993914809 0.3600405679513185 29.500000000000004 0.57281105990783432 0.24855113226519951 0.27323002848564254 0.55882118566514938 -0.5 22.500000000000004 0.80598103574033564 0.43813387423935096 0.17968750000000003 0.33116330525061705 -0.5 29.500000000000004 0.067389213475357965 0.35192697768762687 0.15364583333333334 12.500000000000002 0.12760416666666669 0 -0.60785761079279388 0.15364583333333334 0.14503042596348886 29.500000000000004 0.039062500000000007 0.018229166666666668 0.087390128465179198 0.088419907194990141 0.059895833333333336
decision_type=2 2 2 2 2 2 2 2 2 2 2 2 2 2 2 2 2 2 2 2 1 2 2 2 2 2 2 2 2 2
left_child=1 6 18 -4 -5 -6 12 8 -8 11 -7 16 19 14 -14 -16 17 -9 -3 22 21 -15 24 -24 -1 -26 27 -27 -28 -30
right_child=-2 2 3 4 5 10 7 9 -10 -11 -12 -13 13 20 15 -17 -18 -19 -20 -21 -22 -23 23 -25 25 26 28 -29 29 -31
leaf_value=-0.0020562043639138355 0.0023757399877038263 0.00019374265499204102 0.0015203471404229201 -0.00010111488108820833 0.0020071669392578554 0.00074061738457848814 -0.0015685533868574561 -0.0001324673089902366 0.0029495106874936963 0.00094514686035888267 0.0015330969514839542 0.00037783704514177645 -0.0018066088768786902 3.0638833756212495e-05 -0.00020067960452246829 0.00087701359325472654 0.00028486618508968055 0.0001743002268586879 -0.00025107702348392276 1.2977427697140248e-05 -0.001189988640096235 -0.00070556214753873651 -0.00035698990823208057 -0.00024780119794842254 -0.0025401955791222548 -0.0051872348544422025 -0.0010133337620546498 6.6613762498029703e-05 -0.00010133929237854211 -0.000377467502009443
leaf_weight=1681 23 28 20 34 21 21 23 256 20 29 20 20 158 35 35 28 29 31 49 26 455 65 20 54 670 24 453 20 20 45
leaf_count=1681 23 28 20 34 21 21 23 256 20 29 20 20 158 35 35 28 29 31 49 26 455 65 20 54 670 24 453 20 20 45
internal_value=-0.000240142 -0.000326309 0.00344687 0.00571547 0.00393746 0.00650796 -0.00049982 0.000573529 0.00483128 7.19183e-05 0.00290847 -0.000214284 -0.000615399 -0.000286081 0.000607464 0.00401184 -0.000370251 -0.000540938 2.92211e-05 -0.000700215 -0.00064189 -0.000136362 -0.000709825 -0.000344589 -0.000719103 -0.000676947 -0.000589856 0.000613623 -0.000692083 -0.000288456
internal_weight=4413 4390 193 116 96 62 4197 408 43 365 41 336 3789 776 221 63 316 287 77 3013 555 100 2987 74 2913 1232 562 44 518 65
internal_count=4413 4390 193 116 96 62 4197 408 43 365 41 336 3789 776 221 63 316 287 77 3013 555 100 2987 74 2913 1232 562 44 518 65
cat_boundaries=0 1
cat_threshold=516
is_linear=0
shrinkage=0.03


Tree=14
num_leaves=30
num_cat=2
split_feature=5 5 16 6 8 8 20 19 9 18 9 1 5 12 20 19 11 6 8 16 8 4 3 3 11 9 3 18 1
split_gain=6.93703 3.17034 1.66265 1.95561 1.28525 1.74246 0.563208 0.334465 0.590494 0.446712 0.554094 0.380907 0.237841 0.205195 0.152472 0.551269 1.0314 2.24985 0.152375 0.0909063 0.0517562 0.14117 0.0381093 0.127971 0.0277583 0.334841 0.817298 0.00934262 0.0394726
threshold=0.57505070993914809 0.3600405679513185 29.500000000000004 0.57281105990783432 0.24855113226519951 0.27323002848564254 0.55882118566514938 0 0.72611232676878201 0.46029411764705885 0.53610503282275734 0.091145833333333343 0.43813387423935096 0.87837969732492682 0.48335966612514275 1 0.6830127018922193 0.35529953917050699 0.30935014610256384 12.500000000000002 0.12150897627527692 0.070312500000000014 0.11197916666666667 0.12239583333333334 0.6830127018922193 0.5970094821298324 0.028645833333333336 0.4661764705882353 0.018229166666666668
decision_type=2 2 2 2 2 2 2 1 2 2 2 2 2 2 2 1 2 2 2 2 2 2 2 2 2 2 2 2 2
left_child=1 6 19 -4 -5 -6 14 8 9 10 -8 -12 -7 22 24 16 18 -18 -16 -3 21 -17 -11 -24 -1 27 -27 28 -26
right_child=-2 2 3 4 5 12 7 -9 -10 13 11 -13 -14 -15 15 20 17 -19 -20 -21 -22 -23 23 -25 25 26 -28 -29 -30
leaf_value=-0.0024781666919561052 0.0023044677880727123 0.00018793037534227931 0.0014747367262102321 -9.8081434655561853e-05 0.0019469519310801201 0.00071839886304113213 -0.00014729197233022414 -0.0002733545277189804 0.00095469844221844895 -9.2120649016432372e-05 0.0024776102814274021 0.0017021181525674919 0.0014871040429394354 0.0019926702510620433 -0.00086283120324566085 -0.00064449704424653922 0.00085588422462951996 -0.00094819557267969185 2.1780719939968936e-05 -0.000243544712779405 -0.00048219405800726417 0.00024296009410699137 0.000487039709945849 -7.2108535545475528e-05 -0.00025816451804072118 -0.00072302742620504185 0.00016672609138490487 -0.0023937578281775962 -0.0013770423195312033
leaf_weight=2161 23 28 20 34 21 21 24 126 23 100 21 21 20 29 84 48 20 25 21 49 498 20 21 43 20 46 21 750 75
leaf_count=2161 23 28 20 34 21 21 24 126 23 100 21 21 20 29 84 48 20 25 21 49 498 20 21 43 20 46 21 750 75
internal_value=-0.000226546 -0.000312642 0.00344687 0.00571547 0.00393746 0.00650796 -0.000485525 0.000573529 0.001125 0.000755789 0.00288632 0.00496417 0.00290847 2.72026e-05 -0.000599564 -0.000205306 0.00135937 0.00524988 -0.000178569 2.92211e-05 -0.000632811 0.000132352 -0.000384143 0.000187498 -0.000691424 -0.00055263 0.00148878 -0.000714495 -0.000434205
internal_weight=4413 4390 193 116 96 62 4197 408 282 259 66 42 41 193 3789 716 150 45 105 77 566 68 164 64 3073 912 67 845 95
internal_count=4413 4390 193 116 96 62 4197 408 282 259 66 42 41 193 3789 716 150 45 105 77 566 68 164 64 3073 912 67 845 95
cat_boundaries=0 1 2
cat_threshold=46 52
is_linear=0
shrinkage=0.03


Tree=15
num_leaves=30
num_cat=1
split_feature=0 9 18 0 10 16 11 9 8 7 0 0 11 16 12 12 1 19 0 6 7 18 18 17 0 11 9 2 0
split_gain=4.06218 3.44339 1.86407 0.851523 1.32418 5.15275 0.720419 0.448522 1.05191 0.240857 0.466639 0.181633 0.490917 1.06815 0.839518 0.101585 0.167079 0.0545886 0.108813 0.0395344 0.0380942 0.0247424 0.0239799 0.0154473 0.0324549 0.00319945 0.0166027 0.0657917 0.113038
threshold=0.61636054089337511 0.97957695113056176 0.53382352941176481 0.54802186383041918 -0.5 29.500000000000004 -0.9330127018922193 0.72611232676878201 0.28376229104135253 0.14842600721355023 0.60199702478080097 0.4823181611744996 0.6830127018922193 29.500000000000004 1.0000000180025095e-35 -1.0000000180025095e-35 0.15364583333333334 0 0.60600593573569095 0.60875576036866375 0.10298321911602835 0.51323529411764712 0.436764705882353 0.36282018551612638 0.52628531952766189 0.6830127018922193 0.50474106491611981 0.033854166666666671 0.41876820771680739
decision_type=2 2 2 2 2 2 2 2 2 2 2 2 2 2 2 2 2 1 2 2 2 2 2 2 2 2 2 2 2
left_child=3 2 7 11 5 -5 -6 15 -9 17 -11 21 19 -14 -15 -2 -17 18 20 23 -8 22 -1 -13 -25 -24 -27 -28 -29
right_child=1 -3 -4 4 6 -7 9 8 -10 10 -12 12 13 14 -16 16 -18 -19 -20 -21 -22 -23 25 24 -26 26 27 28 -30
leaf_value=-0.0012690456893632443 -3.1892785015063058e-05 0.0017275041408415133 0.0017667760627739593 -0.00066911968029055742 0.00052411712564338648 0.0027855614125626856 -8.79620561616546e-05 0.00066816954589056531 5.2978707659654488e-05 -0.00010298245169717807 0.00060653702805627202 -0.00097139577268504768 -0.0020547469985133932 5.6286528157641309e-05 0.00087923381686619024 0.00018734779517471205 -8.2223834830884952e-05 -0.00025393284184605175 8.3883413338911895e-05 -6.003134291245655e-05 1.1852571651899534e-05 -0.00019688293611008965 -0.002484256055422387 -0.0029216229067403161 -2.5776920328942235e-05 -0.0023564657848518622 -0.0013053849062607723 0.00015495918040633948 -0.0013921570678822528
leaf_weight=39 42 20 20 54 27 23 64 22 31 28 20 420 97 35 32 38 25 266 22 22 20 37 2062 37 20 688 143 20 26
leaf_count=39 42 20 20 54 27 23 64 22 31 28 20 420 97 35 32 38 25 266 22 22 20 37 2062 37 20 688 143 20 26
internal_value=-0.000252272 0.00394695 0.00262077 -0.000450142 0.000681297 0.00431488 5.53697e-05 0.00152847 0.00377823 -0.000249999 0.00174996 -0.000611337 -0.000161764 0.00126219 0.00417531 0.000392854 0.00115474 -0.000508062 9.05171e-05 -0.000629758 -0.000392852 -0.000710198 -0.000719777 -0.000687105 -0.00022368 -0.000729584 -0.000681583 -0.000432537 0.000554336
internal_weight=4400 198 178 4202 524 77 447 158 53 420 48 3678 663 164 67 105 63 372 106 499 84 3015 2978 477 57 2939 877 189 46
internal_count=4400 198 178 4202 524 77 447 158 53 420 48 3678 663 164 67 105 63 372 106 499 84 3015 2978 477 57 2939 877 189 46
cat_boundaries=0 1
cat_threshold=6
is_linear=0
shrinkage=0.03


Tree=16
num_leaves=30
num_cat=1
split_feature=0 9 18 0 10 16 11 9 3 7 0 0 9 11 16 6 4 10 19 0 7 4 18 18 17 0 18 2 0
split_gain=3.78706 3.53237 1.3332 0.851523 1.32418 5.15275 0.720419 0.448522 1.16276 0.240857 0.466639 0.181633 0.679517 0.20536 0.46127 0.595464 0.128318 0.252621 0.0545886 0.108813 0.0380942 0.0262847 0.0261163 0.0253012 0.0163997 0.0314803 0.00155647 0.0150479 0.0330497
threshold=0.61636054089337511 0.97957695113056176 0.53382352941176481 0.54802186383041918 -0.5 29.500000000000004 -0.9330127018922193 0.72611232676878201 0.12239583333333334 0.14842600721355023 0.60199702478080097 0.4823181611744996 0.80598103574033564 0.6830127018922193 29.500000000000004 0.3147465437788019 0.10677083333333334 0.25000000000000011 0 0.60600593573569095 0.10298321911602835 0.15364583333333334 0.51323529411764712 0.436764705882353 0.36282018551612638 0.52628531952766189 0.4661764705882353 0.039062500000000007 0.34072235714602689
decision_type=2 2 2 2 2 2 2 2 2 2 2 2 2 2 2 2 2 2 1 2 2 2 2 2 2 2 2 2 2
left_child=3 2 7 11 5 -5 -6 16 -9 18 -11 21 13 24 -15 -16 17 -2 19 20 -8 22 23 -1 -13 -26 27 28 -25
right_child=1 -3 -4 4 6 -7 9 8 -10 10 -12 12 -14 14 15 -17 -18 -19 -20 -21 -22 -23 -24 26 25 -27 -28 -29 -30
leaf_value=-0.0011961737426472072 -0.00021170165239968911 0.0016756790166162668 0.0017137727808907398 -0.00064904608988183951 0.00050839361187408525 0.0027019945701858045 -8.5323194476804096e-05 0.0006479693118418712 -7.9019624523492406e-05 -9.9892978146263475e-05 0.00058834091721458469 -0.00094003320860757897 0.00068200096523171703 -0.0019931045885579922 -0.0007054804481369443 0.00077428138985561864 -5.3013603780064867e-05 0.00018842633268333569 -0.00024631485659067028 8.1366910938745801e-05 1.1496994502341728e-05 -0.00074527074325385389 -0.00018470939761309446 -0.0052148911088992084 -0.0028311820040884434 -2.5003612719075188e-05 -0.0023548374148809584 -0.0020134707015972073 -0.0013987409158485301
leaf_weight=38 27 20 20 54 27 23 64 27 26 28 20 418 30 97 28 36 48 30 266 22 20 35 36 39 34 20 2380 467 20
leaf_count=38 27 20 20 54 27 23 64 27 26 28 20 418 30 97 28 36 48 30 266 22 20 35 36 39 34 20 2380 467 20
internal_value=-0.00025909 0.00379544 0.00245223 -0.000450142 0.000681297 0.00431488 5.53697e-05 0.00152847 0.00377823 -0.000249999 0.00174996 -0.000611337 -0.000161764 -0.000370852 0.000554345 0.00253121 0.000392854 0.00135524 -0.000508062 9.05171e-05 -0.000392852 -0.000710198 -0.000719798 -0.000729619 -0.000686439 -0.00019444 -0.000739676 -0.000692964 -0.000241521
internal_weight=4400 198 178 4202 524 77 447 158 53 420 48 3678 663 633 161 64 105 57 372 106 84 3015 2980 2944 472 54 2906 526 59
internal_count=4400 198 178 4202 524 77 447 158 53 420 48 3678 663 633 161 64 105 57 372 106 84 3015 2980 2944 472 54 2906 526 59
cat_boundaries=0 1
cat_threshold=6
is_linear=0
shrinkage=0.03


Tree=17
num_leaves=21
num_cat=0
split_feature=5 5 16 9 8 11 0 8 11 11 8 16 9 11 9 6 17 17 0 0
split_gain=4.74275 2.34046 0.72282 1.18882 2.98844 0.680531 0.419755 0.595942 0.444356 0.346822 1.21343 0.333323 0.0939995 0.0570138 0.422416 1.0068 0.0351502 0.142624 0.0444125 0.0279444
threshold=0.57505070993914809 0.35192697768762687 29.500000000000004 0.72611232676878201 0.28376229104135253 0.6830127018922193 0.52080508158020811 0.12858095081062174 -0.9330127018922193 0.6830127018922193 0.20249421316166533 12.500000000000002 0.5948212983223925 0.6830127018922193 0.5970094821298324 0.23572223105037346 0.31329248574589402 0.32010041698578856 0.49771850048640126 0.60600593573569095
decision_type=2 2 2 2 2 2 2 2 2 2 2 2 2 2 2 2 2 2 2 2
left_child=1 6 11 5 -5 -4 13 -8 -9 19 -11 -3 -12 -1 16 -16 -15 -18 -19 -10
right_child=-2 2 3 4 -6 -7 7 8 9 10 12 -13 -14 14 15 -17 17 18 -20 -21
leaf_value=-0.0020641098779908352 0.001390190089983362 0.00021190423707995084 -0.00010097249089508972 0.0015500015976852358 0.001147881498232025 0.00095487972489857167 0.00088558440215496994 0.0003601161915343994 -0.00020771599952025427 0.0025833865711197574 -0.00068279358999242471 -0.00024368340612691667 0.00040532259096985417 -0.002002693941718355 -0.0006665606179462357 0.00068393323950651831 0.00019880127301105067 -0.00039209274737085837 7.3795210120575596e-05 -1.6562401862937484e-05
leaf_weight=2462 24 32 49 28 34 32 20 39 391 37 114 64 33 734 49 24 22 159 20 33
leaf_count=2462 24 32 49 28 34 32 20 39 391 37 114 64 33 734 49 24 22 159 20 33
internal_value=-0.000299999 -0.000372943 0.00251359 0.00386536 0.00699182 0.0014722 -0.000539702 0.000149551 -8.11365e-06 -0.000207236 0.000880431 0.000499996 -0.000341834 -0.000672189 -0.000482142 0.00171573 -0.000653742 -0.000302237 -0.000582398 -0.000679243
internal_weight=4400 4376 239 143 62 81 4137 667 647 608 184 96 147 3470 1008 73 935 201 179 424
internal_count=4400 4376 239 143 62 81 4137 667 647 608 184 96 147 3470 1008 73 935 201 179 424
is_linear=0
shrinkage=0.03


Tree=18
num_leaves=27
num_cat=0
split_feature=0 9 18 0 10 10 9 3 11 1 0 6 11 0 8 7 2 6 9 6 8 12 1 8 18 6
split_gain=3.86386 3.53237 1.3332 0.681174 0.870311 1.14012 0.448522 1.16276 0.308996 0.324249 0.181136 0.216591 0.140765 0.453219 0.700818 0.667434 0.157751 0.121684 0.119637 0.313621 0.116661 0.101585 0.167079 0.0353421 0.0102834 0.0385047
threshold=0.61636054089337511 0.97957695113056176 0.53382352941176481 0.55882118566514938 -0.5 -0.6830127018922193 0.72611232676878201 0.12239583333333334 -0.9330127018922193 0.065104166666666671 0.60315093627196148 0.62350230414746555 0.6830127018922193 0.4823181611744996 0.19218106975147189 0.066733341775971358 0.059895833333333336 0.68801843317972355 0.5970094821298324 0.23432385189893537 0.12598499132066779 -1.0000000180025095e-35 0.15364583333333334 0.32168781531003504 0.4661764705882353 0.25399650405212143
decision_type=2 2 2 2 2 2 2 2 2 2 2 2 2 2 2 2 2 2 2 2 2 2 2 2 2 2
left_child=3 2 6 12 5 -5 21 -8 -6 -10 -11 -12 23 18 15 20 -17 -13 24 -20 -15 -2 -23 -1 25 -14
right_child=1 -3 -4 4 8 -7 7 -9 9 10 11 17 13 14 -16 16 -18 -19 19 -21 -22 22 -24 -25 -26 -27
leaf_value=-0.001526102184312481 -4.2764845685506757e-05 0.0015789085981872217 0.0016275100389304105 -0.0010877508054951573 0.0005599365914288521 0.0025219770433977948 0.0005820301845560577 -0.00011108548073474654 0.00013960157713571142 -0.00014307185581119485 -0.00011418056611070663 0.00047773595340907182 -3.7840820283618804e-05 0.00032078885359876981 -0.00079484877429632326 0.00064346573048058321 0.00087727480897785881 -7.0366306170834965e-05 -0.001579286008521766 0.00016716993463779478 -0.00048998993044630824 0.00015131467844847296 -8.8869753496704083e-05 1.3452065712340115e-05 -0.0021268814771999564 -0.0011872770562485152
leaf_weight=2660 42 20 20 24 20 31 27 26 21 240 45 29 20 20 98 20 22 24 46 20 28 38 25 28 739 67
leaf_count=2660 42 20 20 24 20 31 27 26 21 240 45 29 20 20 98 20 22 24 46 20 28 38 25 28 739 67
internal_value=-0.000299999 0.00379544 0.00245223 -0.000492979 0.000632488 0.00415902 0.00152847 0.00377823 0.000120713 -8.14754e-05 -0.000306211 0.000780605 -0.000622611 -0.000333332 0.00100531 0.00291663 0.00567844 0.00208015 -0.000615469 0.000613628 0.00049999 0.000392854 0.00115474 -0.000738838 -0.000713679 -0.000405167
internal_weight=4400 198 178 4202 434 55 158 53 379 359 338 98 3768 1080 188 90 42 53 892 66 48 105 63 2688 826 87
internal_count=4400 198 178 4202 434 55 158 53 379 359 338 98 3768 1080 188 90 42 53 892 66 48 105 63 2688 826 87
is_linear=0
shrinkage=0.03


Tree=19
num_leaves=26
num_cat=1
split_feature=5 5 19 16 20 20 11 10 16 12 9 9 9 3 17 7 20 1 11 9 6 2 5 9 2
split_gain=4.74275 2.34046 0.825195 1.08164 1.16407 0.35906 0.670628 1.4721 2.31077 2.24344 0.237066 0.524109 0.225666 0.278257 0.398689 0.21366 0.0273553 0.0256085 0.0126299 0.119637 0.313621 0.0123229 0.0363002 0.00660149 0.0306485
threshold=0.57505070993914809 0.35192697768762687 0 29.500000000000004 0.63632896856031052 0.4823181611744996 0.6830127018922193 -0.24999999999999994 29.500000000000004 1.0000000180025095e-35 0.80598103574033564 0.86068563092633132 0.65134938001458809 0.11197916666666667 0.33831163305250628 0.11872966494569266 0.60600593573569095 0.12239583333333334 0.6830127018922193 0.5970094821298324 0.23432385189893537 0.039062500000000007 0.22008113590263692 0.50474106491611981 0.033854166666666671
decision_type=2 2 1 2 2 2 2 2 2 2 2 2 2 2 2 2 2 2 2 2 2 2 2 2 2
left_child=1 5 3 -3 -5 18 10 8 -8 -10 16 -12 13 17 -15 -9 21 -4 -1 23 -21 22 -7 -20 -25
right_child=-2 2 12 4 -6 6 7 15 9 -11 11 -13 -14 14 -16 -17 -18 -19 19 20 -22 -23 -24 24 -26
leaf_value=-0.0021543803341613123 0.0013004974601692344 0.00014841724763990394 5.1954391705156976e-05 0.00093874136056020961 0.0011177338338269715 -0.0018406240272273004 -0.00062207290546472652 -0.00076882096024209062 0.00051891015573949436 0.0024543637668016749 0.00054313849368598714 -0.00046952609306328495 -9.2990456113183371e-05 -1.942621137041255e-05 0.00097930834034566563 2.7677538819929957e-05 -1.1469679105800745e-05 -0.00028386192139207884 -0.0020977388595719002 -0.0015319074282661134 0.00016215483659865975 -0.00024075220851344027 -0.00038417886905368133 -0.0029016316096234164 -0.00012991100341894392
leaf_weight=2123 24 38 20 29 35 53 46 172 24 28 20 38 53 22 21 35 32 21 698 46 20 654 20 102 26
leaf_count=2123 24 38 20 29 35 53 46 172 24 28 20 38 53 22 21 35 32 21 698 46 20 654 20 102 26
internal_value=-0.000299999 -0.000372943 0.00251359 0.00440621 0.00721864 -0.000539702 -8.155e-05 0.00111885 0.00414792 0.00848061 -0.00052968 0.00131894 0.000729588 0.00174998 0.00343597 -0.000315215 -0.000670947 -1.82915e-05 -0.000710198 -0.000615469 0.000613628 -0.000708733 -0.000339036 -0.000713679 -0.00051562
internal_weight=4400 4376 239 102 64 4137 1122 305 98 52 817 58 137 84 43 207 759 41 3015 892 66 727 73 826 128
internal_count=4400 4376 239 102 64 4137 1122 305 98 52 817 58 137 84 43 207 759 41 3015 892 66 727 73 826 128
cat_boundaries=0 1
cat_threshold=548
is_linear=0
shrinkage=0.03


Tree=20
num_leaves=31
num_cat=1
split_feature=9 0 10 9 19 9 4 18 7 8 0 9 0 9 9 4 8 7 0 1 4 8 18 18 0 18 2 5 18 2
split_gain=4.81755 1.10768 0.680003 0.628706 0.577066 1.29915 1.65846 0.530605 0.356234 0.102433 0.101615 0.272169 0.436337 0.0614305 0.151873 0.187894 0.047329 0.0745075 0.031817 0.0317735 0.0285134 0.0497191 0.0905755 0.0268911 0.0249588 0.0246154 0.015526 0.0321417 0.00150667 0.0148112
threshold=0.97957695113056176 0.55882118566514938 -0.5 0.53610503282275734 0 0.72611232676878201 0.096354166666666671 0.43088235294117649 0.11596544270602603 0.34438673485346721 0.4823181611744996 0.80598103574033564 0.51155345578130385 0.48322392414296145 0.30233406272793589 0.059895833333333336 0.1795928394607082 0.085704493569116261 0.49510993395148484 0.10677083333333334 0.10156250000000001 0.16747484369433055 0.47794117647058826 0.436764705882353 0.58315943199673659 0.51323529411764712 0.039062500000000007 0.20993914807302233 0.4661764705882353 0.039062500000000007
decision_type=2 2 2 2 1 2 2 2 2 2 2 2 2 2 2 2 2 2 2 2 2 2 2 2 2 2 2 2 2 2
left_child=1 10 3 9 5 8 -7 -6 -4 -3 20 13 -13 14 19 18 17 -9 -16 -12 23 22 -22 -1 -5 28 27 -15 29 -25
right_child=-2 2 4 24 7 6 -8 16 -10 -11 11 12 -14 26 15 -17 -18 -19 -20 -21 21 -23 -24 25 -26 -27 -28 -29 -30 -31
leaf_value=-0.00095321811747865401 0.0013174460593246085 -0.0011351146353517239 -0.00014555395882165546 0.0018000271649789333 0.00013476568537224926 0.00022027927144588152 0.0006625603715836629 -0.00015419190312487499 0.00037859183594235555 0.00034549501966563991 -0.0010585352447544691 0.00058172606339359383 -1.5781808307921539e-05 -0.0013871095080162537 -9.3344813981501254e-05 0.00055887163642379947 -0.00012439659481891155 4.5961829319889071e-05 -0.000132764916454707 -0.0010004041657806755 -0.0021412479369917743 -0.00046974635280447834 0.00042000784083433187 -0.0032099673410757343 0.0023393342975445491 -0.00018987796901670929 -0.00053526007107239913 -0.00028319360477574044 -0.002350956805191335 -0.0017950729897367552
leaf_weight=35 33 21 76 20 26 21 20 38 20 20 163 20 24 36 20 36 280 30 35 27 25 71 23 60 20 39 373 20 2334 479
leaf_count=35 33 21 76 20 26 21 20 38 20 20 163 20 24 36 20 36 280 30 35 27 25 71 23 60 20 39 373 20 2334 479
internal_value=-0.000351799 -0.000437216 0.00077027 0.00332403 0.00036546 0.00195407 0.00656691 -0.000261717 0.000187499 0.000713398 -0.000624345 -0.000312333 0.00197723 -0.000454224 -0.00010943 0.000898342 -0.000577584 0.000132352 -0.000204541 -0.000592101 -0.000701075 -0.000245796 0.00049999 -0.00071946 0.00599985 -0.000729395 -0.000680068 -0.000214281 -0.000739557 -0.000694339
internal_weight=4445 4412 592 81 511 137 41 374 96 41 3820 754 44 710 281 91 348 68 55 190 3066 119 48 2947 40 2912 429 56 2873 539
internal_count=4445 4412 592 81 511 137 41 374 96 41 3820 754 44 710 281 91 348 68 55 190 3066 119 48 2947 40 2912 429 56 2873 539
cat_boundaries=0 1
cat_threshold=544
is_linear=0
shrinkage=0.03


Tree=21
num_leaves=31
num_cat=1
split_feature=9 0 10 16 19 9 4 1 7 0 9 0 11 8 7 4 1 0 0 4 6 16 0 9 0 2 8 7 0 17
split_gain=4.81755 1.10768 0.680003 2.5239 0.577066 1.29915 1.65846 0.379151 0.356234 0.101615 0.272169 0.436337 0.0766687 0.241213 0.323541 0.0594872 0.118361 0.0427527 0.0321417 0.0285134 0.0744933 0.0217212 0.0249988 0.0172276 0.0272715 0.0146046 0.0333322 0.0120363 0.0363002 0.00858435
threshold=0.97957695113056176 0.55882118566514938 -0.5 28.500000000000004 0 0.72611232676878201 0.096354166666666671 0.065104166666666671 0.11596544270602603 0.4823181611744996 0.80598103574033564 0.51155345578130385 0.6830127018922193 0.14189758641386938 0.057482738463101604 0.15885416666666669 0.14322916666666669 0.49186532472164229 0.61912653167645637 0.10156250000000001 0.307373271889401 10.500000000000002 0.59743234789882671 0.21188913202042306 0.49771850048640126 0.039062500000000007 0.12896556527388528 0.11227999405523552 0.41625612619461377 0.23951153093353761
decision_type=2 2 2 2 1 2 2 2 2 2 2 2 2 2 2 2 2 2 2 2 2 2 2 2 2 2 2 2 2 2
left_child=1 9 3 18 5 8 -7 -6 -4 19 12 -12 23 14 -14 21 -17 -15 -3 27 -21 22 -9 24 -11 26 -25 29 -29 -1
right_child=-2 2 4 -5 7 6 -8 15 -10 10 11 -13 13 17 -16 16 -18 -19 -20 20 -22 -23 -24 25 -26 -27 -28 28 -30 -31
leaf_value=-0.0011200461487175569 0.0012779226775448704 -0.0016049888191682785 -0.00014118734005700583 0.0025373497420649311 7.0447854849714018e-05 0.00021367089330250587 0.00064268356043615399 -0.00064621294009770786 0.00036723408086408493 -0.002535122727925406 0.00056427428149178672 -1.5308354058682481e-05 -0.0002545692007991526 -0.00091578338412605679 0.00067580201059277002 -7.3857200526853702e-05 0.00015775932637639801 -0.00026263732623701052 -0.00010021781659231172 0.00024554406382186646 -0.00052364538326280506 -0.00012151105869891127 -3.8829856288217968e-05 -0.00089331848984750342 -4.0303968413825134e-05 -0.00069752551734573434 -0.0013844317172341603 -0.002223605723134495 -0.00050401585303909565 -0.0022141689136084765
leaf_weight=104 33 36 76 25 20 21 20 20 20 24 20 24 20 20 23 29 20 118 20 37 82 265 20 20 20 425 40 20 53 2770
leaf_count=104 33 36 76 25 20 21 20 20 20 24 20 24 20 20 23 29 20 118 20 37 82 265 20 20 20 425 40 20 53 2770
internal_value=-0.000351799 -0.000437216 0.00077027 0.00332403 0.00036546 0.00195407 0.00656691 -0.000261717 0.000187499 -0.000624345 -0.000312333 0.00197723 -0.000454224 7.87296e-05 0.00204065 -0.000495761 0.000474481 -0.000532604 -0.000214281 -0.000701075 -0.000245796 -0.000651636 7.15238e-10 -0.000636577 -6.81796e-05 -0.000688142 -0.000249995 -0.00071946 -0.000339036 -0.000729122
internal_weight=4445 4412 592 81 511 137 41 374 96 3820 754 44 710 181 43 354 49 138 56 3066 119 305 40 529 44 485 60 2947 73 2874
internal_count=4445 4412 592 81 511 137 41 374 96 3820 754 44 710 181 43 354 49 138 56 3066 119 305 40 529 44 485 60 2947 73 2874
cat_boundaries=0 1
cat_threshold=544
is_linear=0
shrinkage=0.03


Tree=22
num_leaves=29
num_cat=0
split_feature=9 0 10 16 4 18 0 11 7 0 0 11 16 12 8 4 0 0 4 6 18 18 0 6 9 18 2 0
split_gain=4.82895 1.01111 0.720643 2.60008 0.556781 0.330846 0.201934 0.283925 0.485066 1.08767 0.110178 0.241148 0.572911 0.823119 0.0407397 0.030768 0.0291654 0.0287222 0.0285134 0.0744933 0.0268911 0.0246154 0.0216558 0.142063 0.0431739 0.00150667 0.0148112 0.0333322
threshold=0.97957695113056176 0.56764902299890541 -0.5 28.500000000000004 0.20572916666666669 0.43088235294117649 0.60315093627196148 1.0000000180025095e-35 0.11596544270602603 0.62953366514144282 0.4823181611744996 0.6830127018922193 29.500000000000004 1.0000000180025095e-35 0.1813468332704895 0.10156250000000001 0.61912653167645637 0.50927314443444693 0.10156250000000001 0.307373271889401 0.436764705882353 0.51323529411764712 0.52260523305345885 0.36820276497695864 0.26659372720641877 0.4661764705882353 0.039062500000000007 0.35525449158882932
decision_type=2 2 2 2 2 2 2 2 2 2 2 2 2 2 2 2 2 2 2 2 2 2 2 2 2 2 2 2
left_child=1 10 3 16 5 -4 -7 8 15 -10 18 22 -13 17 -9 -8 -3 -14 20 -20 -1 25 -12 -24 -25 26 27 -22
right_child=-2 2 4 -5 -6 6 7 14 9 -11 11 12 13 -15 -16 -17 -18 -19 19 -21 21 -23 23 24 -26 -27 -28 -29
leaf_value=-0.00089102018949276975 0.0012395849972185234 -0.0014421906135036362 0.00020094022264975449 0.0021930337763562671 0.00052688436531536577 -0.00011769687886607934 -3.7784655598793572e-05 4.740828993105264e-05 0.00051761781359866246 -6.1258466050534904e-05 -0.0010316772511823565 -0.0012469709395983779 9.729572052243853e-05 0.0010485299292771779 -0.0001348800184513153 -7.8051600794320003e-05 -9.7211282094542497e-05 -2.4564837013355721e-05 0.00023817774190721175 -0.00050793602176492196 -0.0047398537618355699 -0.00011774240706717477 5.0884233705174614e-05 -0.00056344641657251173 -9.5198818437856691e-05 -0.0022140030336273392 -0.0017059778573637037 -0.001263677516234317
leaf_weight=35 33 28 31 20 20 208 20 20 22 21 367 118 20 36 88 32 20 27 37 82 40 39 23 21 204 2334 479 20
leaf_count=35 33 28 31 20 20 208 20 20 22 21 367 118 20 36 88 32 20 27 37 82 40 39 23 21 204 2334 479 20
internal_value=-0.000365297 -0.000450815 0.000778301 0.00366171 0.000353896 0.000132353 -9.30648e-05 0.000580047 0.0017763 0.00413363 -0.000618624 -0.000308822 0.000593281 0.00250298 -0.000472217 -0.000173073 -0.000124997 -0.000111699 -0.000701075 -0.000245796 -0.00071946 -0.000729395 -0.000603657 -0.000387094 -0.000616663 -0.000739557 -0.000694339 -0.000249995
internal_weight=4445 4412 530 68 462 442 411 203 95 43 3882 816 201 83 108 52 48 47 3066 119 2947 2912 615 248 225 2873 539 60
internal_count=4445 4412 530 68 462 442 411 203 95 43 3882 816 201 83 108 52 48 47 3066 119 2947 2912 615 248 225 2873 539 60
is_linear=0
shrinkage=0.03


Tree=23
num_leaves=25
num_cat=1
split_feature=9 0 10 16 4 18 19 9 0 11 16 6 0 18 0 18 16 0 5 6 6 0 18 0
split_gain=4.81755 0.929539 0.544285 2.02319 0.527827 0.318331 0.288084 0.639712 1.08767 0.102338 0.339962 0.670635 0.671769 0.159364 0.121563 0.118406 0.0443257 0.117571 0.0393284 0.160743 0.0496053 0.0444743 0.0378038 0.0321417
threshold=0.97957695113056176 0.55882118566514938 -0.5 28.500000000000004 0.20572916666666669 0.43088235294117649 0 0.65134938001458809 0.63632896856031052 0.6830127018922193 29.500000000000004 0.28433179723502316 0.49067235489645161 0.49852941176470594 0.52628531952766189 0.4661764705882353 14.500000000000002 0.60600593573569095 0.22210953346855986 0.36820276497695864 0.56267281105990796 0.52628531952766189 0.45441176470588235 0.61912653167645637
decision_type=2 2 2 2 2 2 1 2 2 2 2 2 2 2 2 2 2 2 2 2 2 2 2 2
left_child=1 9 3 23 5 -4 7 22 -9 18 -11 13 -13 15 -14 -12 17 -8 20 -20 -1 -21 -7 -3
right_child=-2 2 4 -5 -6 6 16 8 -10 10 11 12 14 -15 -16 -17 -18 -19 19 21 -22 -23 -24 -25
leaf_value=-0.0017759273987215188 0.0012023974473019672 -0.0015186979477410153 0.00018476022941433127 0.0024160392861130101 0.00050205538481696188 -7.957281471357345e-05 -0.00017689948020513087 0.00050208927919070099 -5.9420712069018709e-05 -0.0019943164643454791 0.00011200202041053496 0.00058984595460541509 -5.1673101098960893e-05 6.0293027871266859e-05 0.00065492509622628963 -0.0024606652623741484 -0.00010940092603304544 6.4630810036746863e-05 5.4593815450729569e-05 -0.00062004495920738381 -0.00030418641488728915 -8.6424203517692537e-05 -0.00011101595198144184 -9.4294943631707484e-05
leaf_weight=2518 33 36 32 25 21 20 48 22 21 705 30 37 31 20 20 238 262 23 20 20 20 161 62 20
leaf_count=2518 33 36 32 25 21 20 48 22 21 705 30 37 31 20 20 238 262 23 20 20 20 161 62 20
internal_value=-0.000351799 -0.000437216 0.000668919 0.00295367 0.000306752 0.000107143 -9.49772e-05 0.00108333 0.00413363 -0.000608638 -0.00036147 0.000367021 0.00265906 -0.000333331 0.000426463 -0.000526117 -0.000553205 9.50698e-05 -0.000706187 -0.000302237 -0.000738179 -0.00058425 -0.000384141 -0.000214281
internal_weight=4445 4412 592 81 511 490 458 125 43 3820 1081 376 88 288 51 268 333 71 2739 201 2538 181 82 56
internal_count=4445 4412 592 81 511 490 458 125 43 3820 1081 376 88 288 51 268 333 71 2739 201 2538 181 82 56
cat_boundaries=0 1
cat_threshold=544
is_linear=0
shrinkage=0.03


Tree=24
num_leaves=22
num_cat=1
split_feature=9 0 1 4 10 16 19 5 8 11 16 0 10 0 9 16 16 5 8 8 9
split_gain=4.82895 0.833435 0.744479 0.537158 0.432065 1.19432 0.223126 0.459736 1.00957 0.117856 0.380832 0.585934 1.25746 1.12926 0.340376 0.0583563 0.119042 0.031086 0.158459 0.0496053 0.0455744
threshold=0.97957695113056176 0.56764902299890541 0.065104166666666671 0.20572916666666669 -0.5 27.500000000000004 0 0.34381338742393514 0.27323002848564254 0.6830127018922193 29.500000000000004 0.39309753285064181 0.25000000000000011 0.49332608432250175 0.5970094821298324 14.500000000000002 9.5000000000000018 0.22210953346855986 0.14104009938217046 0.29024861203486146 0.26659372720641877
decision_type=2 2 2 2 2 2 1 2 2 2 2 2 2 2 2 2 2 2 2 2 2
left_child=1 9 -3 4 5 -4 7 -6 -9 17 -11 -12 13 -13 -14 16 -8 19 -19 -1 -20
right_child=-2 2 3 -5 6 -7 15 8 -10 10 11 12 14 -15 -16 -17 -18 18 20 -21 -22
leaf_value=-0.0017226495767598718 0.0011663255238829073 0.00036153176632281337 -0.00032326660817932911 0.00049601617281139687 -0.00013122615560697085 0.0018872824977959192 -8.6098620315741266e-05 0.00049995881333298982 -9.8885725835401128e-05 -0.0019145473432800062 -0.0021908523091886535 0.00059128623965705755 -0.00019372282978724576 0.00099082205621235154 0.0001676020728853435 -0.00010963283534456019 6.8427345347728998e-05 5.1210631401638899e-05 -0.00050125835779249439 -0.00029506082244067089 -9.3696085238068928e-05
leaf_weight=2518 33 22 39 20 62 25 35 26 30 713 192 25 109 36 22 250 21 21 20 20 206
leaf_count=2518 33 22 39 20 62 25 35 26 30 713 192 25 109 36 22 250 21 21 20 20 206
internal_value=-0.000365297 -0.000450815 0.000665094 0.000431102 0.000233607 0.00253121 -0.000113207 0.000949212 0.00299995 -0.000603168 -0.000339789 0.000421875 0.00159374 0.00515156 -6.29759e-05 -0.00053639 0.000321424 -0.000706911 -0.000385625 -0.000738179 -0.000617253
internal_weight=4445 4412 530 508 488 64 424 118 56 3882 1097 384 192 61 131 306 56 2785 247 2538 226
internal_count=4445 4412 530 508 488 64 424 118 56 3882 1097 384 192 61 131 306 56 2785 247 2538 226
cat_boundaries=0 1
cat_threshold=544
is_linear=0
shrinkage=0.03


Tree=25
num_leaves=28
num_cat=0
split_feature=5 16 7 3 5 8 3 16 10 6 5 8 7 8 9 4 4 20 1 6 7 7 4 8 18 10 10
split_gain=2.93738 1.67657 3.70767 0.880797 0.476363 0.586802 0.400028 0.305196 2.27609 0.404742 0.273462 0.22074 0.12147 0.340695 0.0935045 0.067221 0.124522 0.0460151 0.03611 0.0299988 0.0243925 0.143606 0.019239 0.130855 0.00570465 0.0154169 0.125673
threshold=0.36815415821501019 29.500000000000004 0.22769620777782279 0.091145833333333343 0.20993914807302233 0.12658369500764458 0.15364583333333334 29.500000000000004 -0.5 0.63824884792626746 0.31744421906693715 0.15723101739870424 0.10937795756218473 0.14721395781728094 0.80598103574033564 0.15364583333333334 0.16927083333333334 0.51931752276443832 0.12760416666666669 0.65115207373271911 0.088419907194990141 0.090933578475972623 0.091145833333333343 0.114683379880801 0.4661764705882353 -0.5 -0.6830127018922193
decision_type=2 2 2 2 2 2 2 2 2 2 2 2 2 2 2 2 2 2 2 2 2 2 2 2 2 2 2
left_child=4 18 3 -3 12 -6 19 11 -9 14 -11 -7 15 -14 17 20 -17 -10 -2 -5 22 -22 24 -24 25 26 -1
right_child=1 2 -4 6 5 7 -8 8 9 10 -12 -13 13 -15 -16 16 -18 -19 -20 -21 21 -23 23 -25 -26 -27 -28
leaf_value=-0.0018283725800016962 3.2430762290855451e-05 0.00065080245772002857 0.0020442913744818467 0.00020714875004203362 0.00066445579333471042 2.5663174384685621e-05 0.001162270362130974 0.0015754732689346421 -0.00011716012350572625 -4.6290326894556704e-05 0.0011897035626279686 -0.00030485740660390111 0.00039237367535360085 -0.0010942610031000463 0.00024544183167489263 0.00010587384889691195 -0.00068699388103223274 -0.0001421904428750855 -3.2422384108255492e-05 -6.8969887226079995e-05 0.00054096558701181277 -0.00027401983867634568 0.00023733538385662216 -0.0006046622027714941 -0.0020208829905878083 -0.0016492068714197648 0.00011190523138573205
leaf_weight=151 20 29 20 20 20 37 22 28 20 24 20 363 33 78 33 20 33 231 52 30 23 109 26 148 2397 389 27
leaf_count=151 20 29 20 20 20 37 22 28 20 24 20 363 33 78 33 20 33 231 52 30 23 109 26 148 2397 389 27
internal_value=-0.00032756 0.00329143 0.0054483 0.00311136 -0.000493467 0.000177836 0.00133332 4.36515e-05 0.000682583 -1.82919e-05 0.00265903 -0.000524998 -0.000645165 0.000331079 -0.000433096 -0.000677775 0.000382069 -0.000630475 -0.000333328 -0.000149996 -0.000694953 -0.000295452 -0.000711758 -0.000405169 -0.000729756 -0.000644178 -0.000412918
internal_weight=4403 193 121 101 4210 776 72 756 356 328 44 400 3434 111 284 3323 53 251 72 50 3270 132 3138 174 2964 567 178
internal_count=4403 193 121 101 4210 776 72 756 356 328 44 400 3434 111 284 3323 53 251 72 50 3270 132 3138 174 2964 567 178
is_linear=0
shrinkage=0.03


Tree=26
num_leaves=30
num_cat=0
split_feature=5 16 7 5 5 9 17 16 9 9 8 6 20 9 9 9 7 8 7 4 8 7 3 7 6 18 17 9 16
split_gain=2.69047 1.53586 3.8651 0.748906 0.468299 0.628217 0.502706 0.212372 0.340312 0.68252 0.579253 0.264974 0.209143 0.100046 0.292013 0.0982051 0.0518864 0.129865 0.0422471 0.0394851 0.111926 0.03611 0.0322499 0.0103468 0.0379507 0.00624131 0.0170135 0.0622644 0.113038
threshold=0.36815415821501019 29.500000000000004 0.22769620777782279 0.39046653144016236 0.18154158215010144 0.80598103574033564 0.27985797898996784 29.500000000000004 0.5970094821298324 0.53610503282275734 0.12858095081062174 0.63824884792626746 0.64012436066452116 0.61670313639679086 0.68490153172866541 0.36323851203501106 0.11227999405523552 0.1482181984897806 0.1418343327749155 0.091145833333333343 0.114683379880801 0.11872966494569266 0.033854166666666671 0.088419907194990141 0.23834759710335751 0.4661764705882353 0.31329248574589402 0.5087527352297595 29.500000000000004
decision_type=2 2 2 2 2 2 2 2 2 2 2 2 2 2 2 2 2 2 2 2 2 2 2 2 2 2 2 2 2
left_child=4 21 3 -3 16 7 -7 13 9 10 -9 -10 -5 -6 -15 -12 19 -18 -17 23 -21 -2 -22 25 -25 26 -1 28 -28
right_child=1 2 -4 12 5 6 -8 8 11 -11 15 -13 -14 14 -16 18 17 -19 -20 20 22 -23 -24 24 -26 -27 27 -29 -30
leaf_value=-0.0014385393253826724 1.6001089732439423e-05 0.00066362658950752272 0.0019829626332473925 -8.3869069224858396e-05 -0.00035833511815186393 -4.0798117972301293e-06 0.00095465840516606676 0.00064452211953466832 -0.00042482653487340528 0.0013439884298012536 5.9495997629634392e-05 0.00015626831940880311 0.00085879249350888029 6.902142147301235e-05 -0.00042568059334969843 -0.0002337163324486302 0.00022218221072653097 -0.0011909687716474982 8.7755214179433848e-06 0.00023021532234092362 -0.00040009232323677698 -3.1449712585007179e-05 -0.00069698375617606055 0.00021386024667076724 -0.00092081391922260627 -0.002054753421541267 -0.0023269023935897823 -0.0021735143193659981 0.00015755241159101939
leaf_weight=359 20 33 20 32 428 32 34 20 227 37 27 30 36 38 86 109 21 45 20 26 26 52 135 20 63 2265 26 116 20
leaf_count=359 20 33 20 32 428 32 34 20 227 37 27 30 36 38 86 109 21 45 20 26 26 52 135 20 63 2265 26 116 20
internal_value=-0.00032756 0.00313599 0.00520037 0.00281433 -0.000486341 4.9633e-05 0.00288632 -0.000133561 0.000335106 0.00122183 0.00044318 -0.000399803 0.00101469 -0.000532607 0.000217741 -0.000173075 -0.000673125 0.000159089 -0.000517437 -0.000691099 -0.000268714 -0.000333328 -0.00056366 -0.000718629 -0.000388549 -0.000728463 -0.000634835 -0.000379627 0.000554336
internal_weight=4403 193 121 101 4210 1088 66 1022 470 213 176 257 68 552 124 156 3122 66 129 3056 187 72 161 2869 83 2786 521 162 46
internal_count=4403 193 121 101 4210 1088 66 1022 470 213 176 257 68 552 124 156 3122 66 129 3056 187 72 161 2869 83 2786 521 162 46
is_linear=0
shrinkage=0.03


Tree=27
num_leaves=27
num_cat=1
split_feature=5 16 7 5 0 9 17 10 16 0 9 0 7 3 2 19 16 17 7 7 7 11 2 16 10 7
split_gain=2.71168 1.1891 3.10358 0.748906 0.412109 0.600644 0.406421 0.353049 1.93275 1.75463 0.213427 0.209143 0.0708529 0.104756 0.0587285 0.0470212 0.0814176 0.299984 0.0417834 0.124526 0.0410823 0.0197226 0.070335 0.122813 0.271757 0.156983
threshold=0.36815415821501019 29.500000000000004 0.22769620777782279 0.39046653144016236 0.48335966612514275 0.80598103574033564 0.27985797898996784 -0.5 29.500000000000004 0.52080508158020811 0.38548504741064926 0.64012436066452116 0.15643284819623146 0.096354166666666671 0.11718750000000001 0 14.500000000000002 0.31805476456995485 0.11227999405523552 0.12201822244818451 0.10150446750004584 0.6830127018922193 0.033854166666666671 29.500000000000004 0.25000000000000011 0.074370269331996156
decision_type=2 2 2 2 2 2 2 2 2 2 2 2 2 2 2 1 2 2 2 2 2 2 2 2 2 2
left_child=4 14 3 -3 18 7 -7 8 -6 10 -10 -5 15 -14 -2 16 17 -9 21 -20 -18 -1 -23 -24 -25 -26
right_child=1 2 -4 11 5 6 -8 12 9 -11 -12 -13 13 -15 -16 -17 20 -19 19 -21 -22 22 23 24 25 -27
leaf_value=-0.0017805998710315719 2.4519645863077392e-05 0.00064371779182229862 0.0019234737542499713 -8.1352997148112524e-05 -0.000812341129148048 -3.9574174433148729e-06 0.00086906035284449511 -0.00011911834229776153 2.5739788722064919e-05 0.0014674204578541956 -0.00086983868098710867 0.00083302871870361505 0.00024689414257011804 -0.00015034710122817244 -0.00011739293094432964 -0.00037626246662615193 -9.379626866707346e-05 9.3190791781914441e-05 0.00020000951572634977 -0.00027416555667695468 1.7724330020706704e-05 -0.0029122044507502616 -0.0015726024301380022 0.00044961404757316842 -0.00085154953354376771 0.00035025460812151629
leaf_weight=2098 35 33 20 32 213 32 38 40 22 29 24 36 20 22 37 528 132 20 23 58 21 636 141 20 73 20
leaf_count=2098 35 33 20 32 213 32 38 40 22 29 24 36 20 22 37 528 132 20 23 58 21 636 141 20 73 20
internal_value=-0.000341187 0.00313599 0.00495244 0.00281433 -0.000500593 -1.3803e-05 0.00267853 -0.000189775 0.000708332 0.00484994 0.0012065 0.00101469 -0.000520114 0.000678556 8.33329e-05 -0.000588055 -0.00017825 0.000749988 -0.000681573 -9.25843e-06 -0.000553917 -0.000699798 -0.000581459 -0.000159447 0.000577429 -0.000104837
internal_weight=4403 193 121 101 4210 1141 70 1071 288 75 46 68 783 42 72 741 213 60 3069 81 153 2988 890 254 113 93
internal_count=4403 193 121 101 4210 1141 70 1071 288 75 46 68 783 42 72 741 213 60 3069 81 153 2988 890 254 113 93
cat_boundaries=0 1
cat_threshold=514
is_linear=0
shrinkage=0.03


Tree=28
num_leaves=31
num_cat=0
split_feature=5 16 7 9 4 5 9 17 10 16 5 10 9 16 16 6 6 7 11 16 3 4 6 2 7 0 0 7 4 6
split_gain=2.32833 1.1402 2.24036 0.611411 1.10079 0.527556 0.789556 0.617824 0.354484 2.02369 1.92045 0.393918 0.0995542 0.200275 0.355207 0.133075 0.236002 0.0842827 0.23395 0.428547 0.0333322 0.0287921 0.069776 0.0256085 0.0224021 0.0256085 0.0150801 0.0338698 0.000969108 0.00751944
threshold=0.37423935091277893 29.500000000000004 0.21079428208555034 0.72611232676878201 0.096354166666666671 0.18154158215010144 0.80598103574033564 0.27985797898996784 -0.5 29.500000000000004 0.22210953346855986 -0.6830127018922193 0.61670313639679086 15.500000000000002 7.5000000000000009 0.63824884792626746 0.67235023041474673 0.088419907194990141 0.6830127018922193 29.500000000000004 0.11718750000000001 0.10156250000000001 0.30921658986175121 0.13802083333333334 0.15643284819623146 0.58164690265879859 0.48396969785105232 0.060420512343985253 0.044270833333333336 0.20761163197203245
decision_type=2 2 2 2 2 2 2 2 2 2 2 2 2 2 2 2 2 2 2 2 2 2 2 2 2 2 2 2 2 2
left_child=5 20 3 23 -5 17 8 -8 9 -7 11 -11 24 14 -14 -15 -17 21 -19 -20 -2 26 -23 -3 -10 -26 28 -28 -1 -30
right_child=1 2 -4 4 -6 6 7 -9 12 10 -12 -13 13 15 -16 16 -18 18 19 -21 -22 22 -24 -25 25 -27 27 -29 29 -31
leaf_value=-0.0024050380694804691 -2.3074307368462791e-05 -0.00011144577217522097 0.0017415016964699905 9.9665970492077464e-05 0.0012140446905231739 -0.00077570363372871673 -3.8386949200158425e-06 0.00087146769234245475 -0.00028031694778268482 -0.00013321991024332615 0.001546211604828804 0.00026621699223556964 -0.0001885857276131053 -0.00032094297143012824 8.6021732536274148e-05 0.00023138579346134892 -0.00016074258699390667 -0.0011866600527211169 -0.0015889346258833013 0.00043330965199484282 6.2437923000182766e-05 0.00018157726759833839 -0.00067249934112595725 2.104644396905404e-05 -1.7881338809845035e-05 -9.9117125730052014e-05 -0.0022225196013084128 -0.00064329721610157742 -0.0032509822403418223 -0.0012214225278799338
leaf_weight=2025 40 21 24 24 23 195 32 36 462 26 23 22 24 173 23 22 30 113 27 21 20 39 83 20 20 21 42 20 113 639
leaf_count=2025 40 21 24 24 23 195 32 36 462 26 23 22 24 173 23 22 30 113 27 21 20 39 83 20 20 21 42 20 113 639
internal_value=-0.000334373 0.00308719 0.00487496 0.00265906 0.00499458 -0.000473469 8.8594e-05 0.00322054 -0.000115993 0.000828945 0.00516542 0.00174996 -0.000440321 2.20595e-05 0.00180315 -0.000349998 0.000980751 -0.000673125 -4.65764e-06 0.00174996 -0.000249995 -0.000709472 -0.000258194 -1.82915e-05 -0.000690356 -1.82915e-05 -0.000728865 -0.000266124 -0.000739196 -0.000710105
internal_weight=4403 172 112 88 47 4231 1109 68 1041 266 71 48 775 272 47 225 52 3122 161 48 60 2961 122 41 503 41 2839 62 2777 752
internal_count=4403 172 112 88 47 4231 1109 68 1041 266 71 48 775 272 47 225 52 3122 161 48 60 2961 122 41 503 41 2839 62 2777 752
is_linear=0
shrinkage=0.03


Tree=29
num_leaves=27
num_cat=0
split_feature=0 9 17 0 0 16 10 12 0 0 18 1 3 6 1 7 11 9 8 0 6 11 0 16 9 0
split_gain=2.45205 1.65965 0.6877 1.1015 0.412675 0.520264 2.42251 1.56888 1.14151 0.416599 0.400028 0.162033 0.240683 0.0828185 0.106971 0.0683 0.194678 0.519269 0.0443833 0.390773 0.0299988 0.0204656 0.0860696 0.153608 0.215297 0.126258
threshold=0.61912653167645637 0.97957695113056176 0.36673474597906569 0.63245318005513651 0.48335966612514275 29.500000000000004 -0.5 -1.0000000180025095e-35 0.51931752276443832 0.60947546798558971 0.52500000000000002 0.14322916666666669 0.10156250000000001 0.60875576036866375 0.091145833333333343 0.088419907194990141 0.6830127018922193 0.47191830780452232 0.15159549182641893 0.52800106982563555 0.68064516129032271 0.6830127018922193 0.39901254266984126 29.500000000000004 0.31400437636761497 0.41625612619461377
decision_type=2 2 2 2 2 2 2 2 2 2 2 2 2 2 2 2 2 2 2 2 2 2 2 2 2 2
left_child=4 2 -2 -4 15 18 7 -7 -9 11 20 13 -13 -8 -15 21 -17 -18 19 -6 -5 -1 -23 -24 -25 -26
right_child=1 -3 3 10 5 6 9 8 -10 -11 -12 12 -14 14 -16 16 17 -19 -20 -21 -22 22 23 24 25 -27
leaf_value=-0.0017188084601781103 -0.00010329818959082572 0.0013658333399233381 0.00071922765790219411 -0.00023817320181008961 -0.0018147315388050461 -0.00013916926820144084 -0.00026437023869109119 0.00034759131017692528 0.0015612321370390566 0.0004321372525604647 0.00095294451275128463 0.00028859271660297304 -0.00010004642916888328 3.5346908608124371e-05 -0.00010740039513123217 -0.0012162932916206402 -0.00062642649428936185 0.00042374640119517026 -0.00027436611381018828 8.7814416052368918e-05 -7.7335483200481563e-07 -0.0037169332449774714 -0.0014543644797510805 0.00032166624558274155 0.00025703250457312262 -0.00079397360463493946
leaf_weight=2025 52 20 35 30 132 32 349 31 20 30 22 20 23 20 23 129 37 20 455 20 20 641 124 21 22 50
leaf_count=2025 52 20 35 30 132 32 349 31 20 30 22 20 23 20 23 129 37 20 455 20 20 641 124 21 22 50
internal_value=-0.000334373 0.00310473 0.00208018 0.00345558 -0.000480113 3.24747e-06 0.000673357 0.00539451 0.0086616 -0.000169354 0.00133332 -0.000405171 0.00134299 -0.000596937 0.000645335 -0.000662023 -0.000104837 0.00135524 -0.000601728 -0.000157893 -0.000149996 -0.00069797 -0.000575173 -5.87548e-05 0.000862895 8.33329e-05
internal_weight=4403 179 159 107 4224 1155 548 83 51 465 72 435 43 392 43 3069 186 57 607 152 50 2883 858 217 93 72
internal_count=4403 179 159 107 4224 1155 548 83 51 465 72 435 43 392 43 3069 186 57 607 152 50 2883 858 217 93 72
is_linear=0
shrinkage=0.03


Tree=30
num_leaves=25
num_cat=1
split_feature=5 19 8 5 20 10 18 11 16 7 12 17 3 10 5 16 8 18 1 4 2 17 17 16
split_gain=2.71549 1.9514 2.20623 0.845959 0.307399 0.454166 0.263621 0.181098 0.523701 1.06425 0.758018 0.485697 0.192216 0.435611 0.175033 0.156857 0.154955 0.113038 0.0587348 0.124522 0.035293 0.0339044 0.0295327 0.150806
threshold=0.34989858012170388 0 0.28376229104135253 0.49290060851926981 0.56498757140591482 -0.5 0.436764705882353 0.6830127018922193 29.500000000000004 0.066733341775971358 0.6078576107927941 0.34610700776749753 0.033854166666666671 0.25000000000000011 0.42494929006085197 18.500000000000004 0.16531796151224473 0.48676470588235299 0.14322916666666669 0.12239583333333334 0.065104166666666671 0.15534848098034212 0.36282018551612638 11.500000000000002
decision_type=2 1 2 2 2 2 2 2 2 2 2 2 2 2 2 2 2 2 2 2 2 2 2 2
left_child=4 2 -2 17 7 -6 -7 21 -9 12 11 -11 -10 -14 15 -3 -8 -4 -18 -20 -15 -1 -23 -24
right_child=1 14 3 -5 5 6 16 8 9 10 -12 -13 13 20 -16 -17 18 -19 19 -21 -22 22 23 -25
leaf_value=-0.00039225405438433794 0.001305894472550964 9.356259472923054e-05 -0.00033075743993043219 0.00087590496735056298 0.0012278297312706716 0.00025618120304110543 6.2569347908982158e-05 -0.0016912299493492592 -0.002240726081123183 0.00049483402965384078 0.00033363452602825901 -5.0697229155220494e-05 0.00046259848871591988 -0.001498056633109266 0.0012298734857072047 -6.2630873582193144e-05 -0.00012648103329318549 0.00039322366788164479 -0.00017979095726815901 0.00029199222670480519 -0.00054023984569832927 -0.0012055631892980857 2.7974792372232308e-05 -0.00085326212056726454
leaf_weight=28 38 21 26 21 34 24 20 711 212 36 24 34 23 48 29 98 186 20 33 20 20 2583 22 107
leaf_count=28 38 21 26 21 34 24 20 711 212 36 24 34 23 48 29 98 186 20 33 20 20 2583 22 107
internal_value=-0.000328994 0.00268873 0.00557604 0.00283205 -0.000512304 0.000385646 -7.94979e-06 -0.000586278 -0.000262634 0.000610201 0.0033989 0.0018214 -0.000254949 0.000898342 0.000246835 -0.000245796 -0.000286678 0.000554336 -0.000498951 0.000382069 -0.000308818 -0.000717152 -0.000727875 -0.000284881
internal_weight=4418 253 105 67 4165 317 283 3848 1108 397 94 70 303 91 148 119 259 46 239 53 68 2740 2712 129
internal_count=4418 253 105 67 4165 317 283 3848 1108 397 94 70 303 91 148 119 259 46 239 53 68 2740 2712 129
cat_boundaries=0 1
cat_threshold=548
is_linear=0
shrinkage=0.03


Tree=31
num_leaves=30
num_cat=1
split_feature=9 0 19 9 7 16 0 9 9 11 8 9 12 18 7 11 9 4 4 4 6 0 18 9 9 8 18 2 0
split_gain=3.18545 1.39419 0.652874 1.51368 0.612374 0.491179 0.293207 0.643041 1.23946 0.235663 0.54154 0.495889 0.747654 0.132265 0.0688458 0.191649 0.524109 0.0423827 0.039999 0.031267 0.0598388 0.104756 0.0301641 0.0243326 0.121283 0.0453695 0.00175495 0.0151181 0.0327574
threshold=0.97957695113056176 0.60199702478080097 0 0.72611232676878201 0.15278835336889349 15.500000000000002 0.4823181611744996 0.80598103574033564 0.89824945295404834 0.6830127018922193 0.12224515550543266 0.53610503282275734 -1.0000000180025095e-35 0.43088235294117649 0.088419907194990141 0.6830127018922193 0.50474106491611981 0.11718750000000001 0.14322916666666669 0.10156250000000001 0.31290322580645169 0.41096985593637786 0.436764705882353 0.65134938001458809 0.65864332603938747 0.22614163575611029 0.4661764705882353 0.039062500000000007 0.33191062339496863
decision_type=2 2 1 2 2 2 2 2 2 2 2 2 2 2 2 2 2 2 2 2 2 2 2 2 2 2 2 2 2
left_child=1 6 3 4 5 -3 14 9 -9 13 -11 17 -13 -8 19 -16 -17 -12 -4 22 21 -21 -1 -15 -25 -26 27 28 -24
right_child=-2 2 18 -5 -6 -7 7 8 -10 10 11 12 -14 23 15 16 -18 -19 -20 20 -22 -23 26 24 25 -27 -28 -29 -30
leaf_value=-0.00050856919995377527 0.0012761995719617733 0.00011402420163709179 -0.00024237413841859821 0.00040790479496161753 0.0011518220511446164 -0.00012176410467884042 0.00020740301464827822 0.00035254033981143635 -0.00042084602614363609 0.00049363250563784098 -0.0003338275475333563 -0.00017604485089943114 0.0013752154803979026 -0.00031758153792773425 -0.0013570313322390937 -0.00029902537511190786 0.00039618898826969954 -0.0001175897990767283 3.937156256041319e-05 -0.0019534162448100203 -0.0010500712446558506 0.00035672415700589694 -0.0037885149207561196 2.2070446288035326e-05 -0.00057102230098706862 -8.4048861435356958e-06 -0.0017551560848594536 -0.0014355407626914728 -0.00087900026257426518
leaf_weight=32 29 36 80 37 30 87 26 23 32 20 170 27 25 458 132 38 20 21 20 22 71 20 38 26 196 20 2249 413 20
leaf_count=32 29 36 80 37 30 87 26 23 32 20 170 27 25 458 132 38 20 21 20 22 71 20 38 26 196 20 2249 413 20
internal_value=-0.000315413 -0.000380895 0.00162931 0.00258749 0.00140685 0.000469509 -0.000523115 -8.90797e-05 0.00306813 -0.00026466 0.000504752 0.000114198 0.00271149 -0.000543387 -0.000671439 -0.00011842 0.00131894 -0.000592928 -0.000409087 -0.000708114 -0.000219024 0.000678556 -0.000728197 -0.000621427 -0.000378097 -0.000611108 -0.00073897 -0.000686304 -0.000232754
internal_weight=4418 4389 290 190 153 123 4099 1044 55 989 263 243 52 726 3055 190 58 191 100 2865 113 42 2752 700 242 216 2720 471 58
internal_count=4418 4389 290 190 153 123 4099 1044 55 989 263 243 52 726 3055 190 58 191 100 2865 113 42 2752 700 242 216 2720 471 58
cat_boundaries=0 1
cat_threshold=546
is_linear=0
shrinkage=0.03


Tree=32
num_leaves=29
num_cat=1
split_feature=0 19 16 1 4 8 16 16 0 11 16 12 7 0 8 5 11 18 7 4 18 17 17 1 17 16 17 8
split_gain=2.50783 1.74836 1.15962 1.51104 1.63242 0.465583 0.346393 0.668562 0.231179 0.413907 0.824861 0.984632 1.11327 1.35645 0.338717 0.156716 0.0483011 0.149119 0.249711 0.143606 0.046067 0.0414454 0.0386107 0.0324549 0.0264607 0.167736 0.0106893 0.0379507
threshold=0.59537384276397409 0 28.500000000000004 0.13281250000000003 0.091145833333333343 0.22299969864982574 15.500000000000002 9.5000000000000018 0.4823181611744996 0.6830127018922193 29.500000000000004 -1.0000000180025095e-35 0.065317751259371823 0.57229813476139524 0.32168781531003504 0.47565922920892501 0.6830127018922193 0.48088235294117648 0.075870623877683993 0.091145833333333343 0.44558823529411767 0.30352809298695055 0.20913113777550851 0.075520833333333343 0.36282018551612638 13.500000000000002 0.31329248574589402 0.089560300767560053
decision_type=2 1 2 2 2 2 2 2 2 2 2 2 2 2 2 2 2 2 2 2 2 2 2 2 2 2 2 2
left_child=8 2 5 -4 -5 -2 7 -3 16 14 -11 23 -13 -14 22 21 -1 20 19 -19 -18 -8 -10 -12 -24 -26 -22 -28
right_child=1 6 3 4 -6 -7 15 -9 9 10 11 12 13 -15 -16 -17 17 18 -20 -21 26 -23 24 -25 25 -27 27 -29
leaf_value=-0.0015310302112635495 0.00032097978212873492 -5.5560676985339806e-05 0.00046156636994757535 0.00043909317335659735 0.0010394567062859089 -0.00015275223792763105 -7.2138501875518716e-05 0.00012027862434221775 -1.2024534163427299e-05 -0.00084858556224933542 0.00015819430871039751 -0.00038534182360526302 0.0013339590159859665 0.00049953201881201088 2.713615088680446e-05 0.0015288196895239892 -0.00043458775399314001 -0.0010656414341282377 0.00032589065969867509 0.00027307695330258642 -0.002150058184943883 -3.616985316381697e-05 -0.00047315599692850509 -0.00017240503125710963 2.9005986368939117e-05 -0.00063418227278126335 -0.0013640925419448626 -0.0017904768612475386
leaf_weight=2139 21 23 23 29 32 33 21 20 22 132 20 20 25 21 24 20 20 109 37 23 653 141 566 37 20 104 20 63
leaf_count=2139 21 23 23 29 32 33 21 20 22 132 20 20 25 21 24 20 20 109 37 23 653 141 566 37 20 104 20 63
internal_value=-0.000328994 0.00205991 0.00457092 0.00710706 0.00957771 0.0014722 0.000303191 0.00273831 -0.000542847 -0.00014455 0.000897056 0.00266461 0.00515901 0.00772809 -0.000505433 -0.000255492 -0.00067167 -0.000490539 0.000315088 -0.000295452 -0.000670633 -0.000564811 -0.000623594 -0.00022368 -0.000663042 -0.000266126 -0.000709237 -0.000388549
internal_weight=4418 363 138 84 61 54 225 43 4055 991 255 123 66 46 736 182 3064 925 169 132 756 162 712 57 690 124 736 83
internal_count=4418 363 138 84 61 54 225 43 4055 991 255 123 66 46 736 182 3064 925 169 132 756 162 712 57 690 124 736 83
cat_boundaries=0 1
cat_threshold=548
is_linear=0
shrinkage=0.03


Tree=33
num_leaves=30
num_cat=0
split_feature=9 5 11 6 7 5 20 9 9 11 10 20 8 17 2 4 17 4 8 17 8 18 12 7 11 6 18 2 5
split_gain=3.22486 0.904718 0.79711 0.562496 0.60257 0.331127 0.184769 0.56276 0.979533 0.189861 0.531205 0.563301 0.160761 0.135478 0.116661 0.0441852 0.040729 0.038712 0.156949 0.0280757 0.0742084 0.0261727 0.0241678 0.0225172 0.0635716 0.111105 0.00179538 0.0153745 0.0324549
threshold=0.97957695113056176 0.32961460446247465 -0.24999999999999994 0.57880184331797246 0.15278835336889349 0.55172413793103459 0.4823181611744996 0.80598103574033564 0.92924872355944577 0.6830127018922193 -0.24999999999999994 0.53121608501887896 0.17733378743684181 0.30903752872095996 0.054687500000000007 0.11718750000000001 0.20376989192409165 0.091145833333333343 0.114683379880801 0.36282018551612638 0.13821614325936291 0.436764705882353 0.87837969732492682 0.088419907194990141 0.6830127018922193 0.32764976958525355 0.4661764705882353 0.039062500000000007 0.074442190669371203
decision_type=2 2 2 2 2 2 2 2 2 2 2 2 2 2 2 2 2 2 2 2 2 2 2 2 2 2 2 2 2
left_child=1 6 3 -3 13 12 17 9 -9 16 11 14 -4 -5 -11 -12 -8 21 -19 -18 -21 -1 -20 26 -25 -26 27 28 -23
right_child=-2 2 5 4 -6 -7 7 8 -10 10 15 -13 -14 -15 -16 -17 19 18 22 20 -22 23 -24 24 25 -27 -28 -29 -30
leaf_value=-0.00054466162977871615 0.0012188655691039456 0.00039029428289398603 0.00011546087201767306 2.8394852696957571e-05 0.00039528939630547596 0.0014417998688468978 -9.7279008364274701e-06 0.00030859406025171912 -0.00035280955395763415 0.00032707067543818634 -0.00063537781427793871 0.0012597535250135309 -5.8166309957783322e-05 -0.00022157314481690925 -4.8694658293343744e-05 -0.00014632588766761215 -0.00025780773398751512 0.00030191420368043989 -0.00024255279396837379 6.6091219474986966e-06 -0.00059599038618890498 -0.0039698430782084656 -0.00039227496573584841 -0.0017467809521617497 0.00037452659883064954 -0.00068827109583350775 -0.0016728075583067349 -0.0013257965103283245 -0.00080932861891955883
leaf_weight=35 29 28 22 20 29 21 21 21 28 20 152 27 168 42 28 20 569 20 130 37 81 37 33 113 20 25 2218 404 20
leaf_count=35 29 28 22 20 29 21 21 21 28 20 152 27 168 42 28 20 569 20 130 37 81 37 33 113 20 25 2218 404 20
internal_value=-0.000376527 -0.000442412 0.00106818 0.00303149 0.00188734 -3.90986e-05 -0.000565225 -0.00021215 0.00292341 -0.000373036 0.000343117 0.00244997 -0.000434208 0.000217739 0.00049999 -0.000575577 -0.00062288 -0.000681259 -0.000258195 -0.000662662 -0.000241523 -0.000708216 -0.000565947 -0.000718275 -0.00037025 0.000583321 -0.000738801 -0.000684922 -0.00022368
internal_weight=4418 4389 330 119 91 211 4059 1004 49 955 247 75 190 62 48 172 708 3055 183 687 118 2872 163 2837 158 45 2679 461 57
internal_count=4418 4389 330 119 91 211 4059 1004 49 955 247 75 190 62 48 172 708 3055 183 687 118 2872 163 2837 158 45 2679 461 57
is_linear=0
shrinkage=0.03


Tree=34
num_leaves=25
num_cat=1
split_feature=9 0 9 19 9 8 18 0 18 11 9 7 6 2 16 6 8 0 5 4 2 18 0 6
split_gain=3.21169 0.969697 0.625351 0.850321 0.960716 2.29149 0.861596 0.260628 0.242565 0.108417 0.494872 1.18111 0.206589 0.2357 0.126473 0.491903 0.250956 0.0621588 0.0437491 0.0397377 0.0324549 0.0319404 0.0214952 0.177005
threshold=0.97957695113056176 0.56286410739646286 0.53610503282275734 0 0.72611232676878201 0.29024861203486146 0.46029411764705885 0.62715923987447197 0.45147058823529412 0.6830127018922193 0.5970094821298324 0.074812514672966332 0.5986175115207375 0.091145833333333343 29.500000000000004 0.30552995391705079 0.13480005795791297 0.60600593573569095 0.28904665314401629 0.075520833333333343 0.033854166666666671 0.4661764705882353 0.52800106982563555 0.37004608294930885
decision_type=2 2 2 1 2 2 2 2 2 2 2 2 2 2 2 2 2 2 2 2 2 2 2 2
left_child=1 9 -3 4 6 -6 -4 17 -5 12 14 20 22 -14 -11 19 -17 -8 -10 21 -12 -16 -1 -24
right_child=-2 2 3 8 5 -7 7 -9 18 10 11 -13 13 -15 15 16 -18 -19 -20 -21 -22 -23 23 -25
leaf_value=-0.001377919623762982 0.0011822996020308255 -5.6767489470748099e-05 0.0010105201183355137 0.00032755754756058592 0.00041835276423553085 -0.00014551458664017626 -1.5922887390335856e-05 0.0013985458727814922 8.6145308315551335e-05 -0.0015619507820550447 -0.0022981705915195464 0.00039876822906718176 3.0189366495756376e-05 -0.00039461576564836807 -0.00040940497922709859 0.00052243605856601145 5.9488906417406881e-06 4.1545183085327968e-05 -0.00018266425029714201 -0.0008812667136662033 -0.00017920915949584513 -0.0013763383657818373 2.7937533119447107e-05 -0.00024690852178128767
leaf_weight=2505 29 175 37 28 20 24 60 21 20 688 37 20 20 22 28 20 34 39 140 20 20 237 20 154
leaf_count=2505 29 175 37 28 20 24 60 21 20 688 37 20 20 22 28 20 34 39 140 20 20 237 20 154
internal_value=-0.000356156 -0.000421906 0.000739361 0.00140938 0.00269786 0.00674985 0.00173407 0.000499997 -0.000106059 -0.000593136 -0.00034239 0.00197725 -0.000694872 0.00139282 -0.000516308 -4.20346e-05 0.00258329 -0.000143937 -0.000562496 -0.000539471 -0.00022368 -0.000636789 -0.000727603 -0.000405169
internal_weight=4418 4389 564 389 201 44 157 120 188 3825 1104 77 2721 42 1027 339 54 99 160 285 57 265 2679 174
internal_count=4418 4389 564 389 201 44 157 120 188 3825 1104 77 2721 42 1027 339 54 99 160 285 57 265 2679 174
cat_boundaries=0 1
cat_threshold=546
is_linear=0
shrinkage=0.03


Tree=35
num_leaves=27
num_cat=0
split_feature=5 5 9 10 0 5 0 11 1 11 10 7 7 11 9 4 5 17 10 7 6 6 1 4 10 2
split_gain=3.3 0.971816 0.62654 0.747799 1.44894 0.361831 0.265893 0.256862 0.778255 0.348154 0.684376 1.50171 0.272923 0.0822313 0.403386 1.21422 0.0773859 0.0729831 0.214343 0.326259 0.0715238 0.113038 0.048648 0.0472039 0.0395204 0.0275127
threshold=0.54462474645030434 0.34989858012170388 0.72611232676878201 0.93301270189221952 0.62953366514144282 0.19979716024340774 0.61433241398902261 -0.9330127018922193 0.10677083333333334 0.6830127018922193 -0.24999999999999994 0.078820572627737201 0.11872966494569266 0.6830127018922193 0.5970094821298324 0.028645833333333336 0.33975659229208927 0.31329248574589402 -0.24999999999999994 0.05781654739842261 0.34792626728110604 0.3147465437788019 0.080729166666666671 0.15885416666666669 -0.93301270189221908 0.10156250000000001
decision_type=2 2 2 2 2 2 2 2 2 2 2 2 2 2 2 2 2 2 2 2 2 2 2 2 2 2
left_child=1 5 6 4 -4 13 -3 8 -7 16 11 -11 -12 23 17 -16 20 22 19 -19 21 -9 -15 -1 -22 -8
right_child=-2 2 3 -5 -6 7 25 9 -10 10 12 -13 -14 14 15 -17 -18 18 -20 -21 24 -23 -24 -25 -26 -27
leaf_value=-0.0013627152930196622 0.00079811693330131175 4.120744700538718e-05 0.00084596187962399322 -8.4877241937501805e-05 0.0005462426125843776 -3.2643418507201014e-05 -3.2593309820380137e-05 -0.0024312663686445095 0.00030016467236268431 0.0012716800726327619 -0.00064603395112384425 5.5781177977405957e-06 1.0741084324920926e-05 -0.0014803694357377482 -0.0027575634154028933 0.00045615013703435836 0.00012639491349412686 0.00037073113540260787 -0.0018726373588575523 -4.1205016303379581e-05 1.9986259354065749e-05 3.0131981269251781e-05 -9.9960636114291584e-05 -0.00030534989615071712 -0.00024060751402498709 -1.5874594403803925e-05
leaf_weight=2391 23 37 22 25 36 33 27 26 20 23 122 39 27 720 51 21 38 25 110 26 24 20 20 21 442 78
leaf_count=2391 23 37 22 25 36 33 27 26 20 23 122 39 27 720 51 21 38 25 110 26 24 20 20 21 442 78
internal_value=-0.000345232 -0.000404158 0.00151666 0.00358731 0.0054568 -0.000507084 0.000306337 6.08115e-05 0.00208015 -7.98284e-05 0.000956157 0.00360478 -0.000145971 -0.000643648 -0.000410842 0.00174998 -0.000477271 -0.000583517 -4.65764e-06 0.00160291 -0.000574217 0.000554336 -0.000709458 -0.000737561 -0.00068562 -0.000464281
internal_weight=4447 4424 225 83 58 4199 142 814 53 761 211 62 149 3385 973 72 550 901 161 51 512 46 740 2412 466 105
internal_count=4447 4424 225 83 58 4199 142 814 53 761 211 62 149 3385 973 72 550 901 161 51 512 46 740 2412 466 105
is_linear=0
shrinkage=0.03


Tree=36
num_leaves=25
num_cat=1
split_feature=9 0 19 9 7 16 7 11 16 7 10 3 17 18 17 9 4 9 0 1 6 6 12 9
split_gain=1.8235 0.777012 0.442208 1.16792 0.504951 0.222218 0.466639 0.211574 0.62438 0.962309 0.88154 1.00077 0.631485 0.142389 0.240683 0.0899364 0.0622112 0.131028 0.0420625 0.0355061 0.0182404 0.110166 0.242637 0.0246573
threshold=0.97957695113056176 0.59743234789882671 0 0.72611232676878201 0.14842600721355023 14.500000000000002 0.099590664592236089 0.6830127018922193 29.500000000000004 0.066485721843107512 0.25000000000000011 0.059895833333333336 0.31529818445385432 0.4661764705882353 0.32839758318440992 0.31400437636761497 0.15885416666666669 0.65134938001458809 0.63245318005513651 0.080729166666666671 0.34147465437788027 0.35529953917050699 -0.60785761079279388 0.21188913202042306
decision_type=2 2 1 2 2 2 2 2 2 2 2 2 2 2 2 2 2 2 2 2 2 2 2 2
left_child=1 7 3 4 5 6 -3 16 -9 13 11 -11 -12 14 -10 -15 20 -18 -4 -14 -1 22 -22 -23
right_child=-2 2 18 -5 -6 -7 -8 8 9 10 12 -13 19 15 -16 -17 17 -19 -20 -21 21 23 -24 -25
leaf_value=-0.0015425283443993515 0.00068187522874415553 8.9887158527268883e-05 -0.00022671503855096721 0.00032062300918652743 0.00047293357163877601 -2.7113244614815145e-05 -0.00012270795453490671 -0.0013455241494558802 0.00046253742883422253 0.00022711128122693538 0.00022288475148425667 0.0013284626138189725 -0.00029571836797492857 6.8193288973978294e-05 -0.0013424228511045699 -0.00088713084390775517 -0.00063308983124751926 6.7595632710662026e-05 0.00054587135360112263 -6.1977057340328455e-05 3.1080413951472188e-05 -1.6550504559069532e-05 -0.00090552388105295974 -0.00023076551774502249
leaf_weight=2184 32 20 106 36 29 96 28 727 20 22 25 20 20 38 23 223 38 20 20 49 24 38 44 565
leaf_count=2184 32 20 106 36 29 96 28 727 20 22 25 20 20 38 23 223 38 20 20 49 24 38 44 565
internal_value=-0.000385709 -0.000437428 0.00095149 0.00174999 0.00081069 8.33335e-05 0.00174996 -0.00055147 -0.000210153 0.000681817 0.00277939 0.00639271 0.00116488 -0.000256577 0.00134299 -0.000520112 -0.000688207 0.000284479 -0.000474261 -0.000315212 -0.000707968 -0.000571161 0.000573522 -0.000700247
internal_weight=4447 4415 335 209 173 144 48 4080 1167 440 136 42 94 304 43 261 2913 58 126 69 2855 671 68 603
internal_count=4447 4415 335 209 173 144 48 4080 1167 440 136 42 94 304 43 261 2913 58 126 69 2855 671 68 603
cat_boundaries=0 1
cat_threshold=546
is_linear=0
shrinkage=0.03


Tree=37
num_leaves=31
num_cat=0
split_feature=9 1 11 2 12 3 20 8 12 10 16 9 5 16 7 9 4 20 2 16 1 3 10 2 11 2 8 7 4 4
split_gain=1.81661 0.818725 0.838198 0.938771 0.334431 0.541638 0.282324 0.588087 0.202584 0.301488 1.07941 0.189295 0.134292 0.262485 0.0943759 0.265082 0.0939176 0.0797828 0.0456514 0.0405366 0.0400421 0.0314803 0.0203269 0.0249988 0.0198702 0.065762 0.142799 0.0519207 0.107138 0.033436
threshold=0.97957695113056176 0.14322916666666669 -0.68301270189221952 0.10156250000000001 -1.0000000180025095e-35 0.091145833333333343 0.51352851336407135 0.12257353191986238 -1.0000000180025095e-35 -0.5 28.500000000000004 0.80598103574033564 0.34381338742393514 23.500000000000004 0.088419907194990141 0.88366156090444947 0.15364583333333334 0.41542199475783687 0.16406250000000003 5.5000000000000009 0.10677083333333334 0.10677083333333334 -0.6830127018922193 0.059895833333333336 0.6830127018922193 0.033854166666666671 0.099015322869268382 0.044241043594304037 0.054687500000000007 0.091145833333333343
decision_type=2 2 2 2 2 2 2 2 2 2 2 2 2 2 2 2 2 2 2 2 2 2 2 2 2 2 2 2 2 2
left_child=1 6 3 -3 5 -4 14 -8 19 10 21 12 18 -14 16 17 20 -16 -11 -9 24 -10 23 -19 -1 -26 -27 28 -28 -29
right_child=-2 2 4 -5 -6 -7 7 8 9 11 -12 -13 13 -15 15 -17 -18 22 -20 -21 -22 -23 -24 -25 25 26 27 29 -30 -31
leaf_value=-0.0012775171694129877 0.00066141897188182989 0.0003338391759718585 -0.00030946949377903143 0.00020517520437263198 -2.5754551806375469e-05 0.00072000398569170901 0.00031522173167553084 -6.8717541670350202e-05 -0.00087198432108068929 -0.00026208740688443938 0.0012695884501600896 4.4060300178218743e-05 0.00027108988486111908 -0.00012406665396245376 5.3581311998646998e-05 0.00027533253175170011 4.0184009018253179e-05 -0.00018282555300586922 -0.00037643652407063857 -2.8255231310669477e-05 -4.9284085505276922e-05 -0.00052922469035390275 -0.00019857369360534621 -0.0014636492032445538 -0.0024368988906435817 0.00036831359880959793 0.00035700644307041715 -0.0005606124947416805 -0.0015886245776606342 -0.00014470039431868962
leaf_weight=2228 32 20 26 37 101 24 21 23 34 210 21 31 20 28 36 25 39 20 20 317 23 20 174 20 630 20 21 173 27 26
leaf_count=2228 32 20 26 37 101 24 21 23 34 210 21 31 20 28 36 25 39 20 20 317 23 20 174 20 630 20 21 173 27 26
internal_value=-0.000372216 -0.000423838 0.00141346 0.00451308 0.000243377 0.00224996 -0.000514677 1.51014e-05 -0.000128452 0.00034375 0.00204997 -7.03874e-05 -0.000318343 0.00112498 -0.000628682 -9.54535e-05 -0.000674693 -0.000389998 -0.000619562 -0.000661762 -0.00069282 -0.00019444 -0.00060981 7.15238e-10 -0.000701999 -0.000582775 -0.000188201 -0.000385625 0.00049999 -0.000599243
internal_weight=4447 4415 208 57 151 50 4207 745 724 384 75 309 278 48 3462 275 3187 250 230 340 3148 54 214 40 3125 897 267 247 48 199
internal_count=4447 4415 208 57 151 50 4207 745 724 384 75 309 278 48 3462 275 3187 250 230 340 3148 54 214 40 3125 897 267 247 48 199
is_linear=0
shrinkage=0.03


Tree=38
num_leaves=31
num_cat=0
split_feature=5 18 0 11 10 16 2 8 11 17 0 5 5 18 5 4 7 11 16 4 18 7 3 1 18 8 5 0 10 0
split_gain=1.21635 0.762048 0.336529 0.365716 1.08763 1.18872 0.977885 0.348725 0.29865 0.370883 0.707771 0.519464 0.2357 0.159714 0.151011 0.266652 0.0647402 0.0894168 0.242412 0.0467941 0.133107 0.0428048 0.0425917 0.0333322 0.0326774 0.0320459 0.138802 0.0261892 0.0196714 0.0287222
threshold=0.34989858012170388 0.53382352941176481 0.4823181611744996 0.6830127018922193 -0.24999999999999994 29.500000000000004 0.075520833333333343 0.29888286581140178 0.6830127018922193 0.37915922049187312 0.63245318005513651 0.36409736308316437 0.46855983772819482 0.436764705882353 0.32961460446247465 0.13281250000000003 0.088419907194990141 0.6830127018922193 29.500000000000004 0.091145833333333343 0.49264705882352944 0.075870623877683993 0.075520833333333343 0.10677083333333334 0.436764705882353 0.12150897627527692 0.19979716024340774 0.54033000023206745 -0.93301270189221908 0.51352851336407135
decision_type=2 2 2 2 2 2 2 2 2 2 2 2 2 2 2 2 2 2 2 2 2 2 2 2 2 2 2 2 2 2
left_child=2 8 16 7 5 27 -7 14 9 11 -11 -2 -12 -6 25 23 19 22 -19 24 21 -21 -18 -16 -1 26 -4 -5 29 -27
right_child=1 -3 3 4 13 6 -8 -9 -10 10 12 -13 -14 -15 15 -17 17 18 -20 20 -22 -23 -24 -25 -26 28 -28 -29 -30 -31
leaf_value=-0.00028985354070135236 0.00062658426640490748 0.00072276409123975185 -0.0018110778286443468 -0.001182659279851263 1.2332960826348051e-05 0.00023550895087013287 0.0012124805114109738 4.0547183075156363e-05 -1.1728625619053946e-05 0.00018681421215466638 -0.00018478375598738827 -0.00010669017899703415 0.00037672700989982547 -0.00028925568426354983 0.00022302679255191773 0.00027037582814459435 -0.0011757663719684267 -0.0015983308944292987 0.00031891804429756368 -0.00076365305103389509 4.925358075286281e-05 -0.00053852868362410874 -0.00049787651784138226 -0.00020133908381123693 -0.001408855365898053 -0.00028752209740461109 2.2366585782318511e-05 -7.011762545627616e-05 -0.00030568156529236639 -7.9367021852983305e-06
leaf_weight=29 33 24 71 22 22 25 22 37 57 20 22 72 20 159 20 20 115 32 22 119 22 20 20 40 2717 27 22 20 576 20
leaf_count=29 33 24 71 22 22 25 22 37 57 20 22 72 20 159 20 20 115 32 22 119 22 20 20 40 2717 27 22 20 576 20
internal_value=-0.000372216 0.00166935 -0.000492795 -4.2837e-05 0.000916664 0.00363198 0.00690943 -0.00035384 0.001125 0.00176496 0.00360478 0.000678566 0.00139282 -0.000418505 -0.00048618 0.000749991 -0.0006531 -0.000115078 0.00091665 -0.00068808 -0.000190992 -0.000534168 -0.000527773 -0.000249995 -0.000717224 -0.0006243 -0.000104837 -3.57127e-05 -0.000701844 -0.000111699
internal_weight=4447 248 4199 1103 270 89 47 833 224 167 62 105 42 181 796 80 3096 189 54 2907 161 139 135 60 2746 716 93 42 623 47
internal_count=4447 248 4199 1103 270 89 47 833 224 167 62 105 42 181 796 80 3096 189 54 2907 161 139 135 60 2746 716 93 42 623 47
is_linear=0
shrinkage=0.03


Tree=39
num_leaves=30
num_cat=0
split_feature=9 5 4 15 7 9 9 12 2 7 7 10 0 6 18 6 16 10 7 5 10 4 0 18 0 7 7 0 2
split_gain=1.36985 0.633329 0.570987 0.522436 0.350232 0.333898 0.385437 0.414795 0.110537 0.119197 0.59395 0.827421 0.119994 0.085612 0.199839 0.466639 0.0749116 0.238584 0.565875 0.222846 0.294181 0.159406 0.0432068 0.0348924 0.0287222 0.0279619 0.0274911 0.129865 0.0302631
threshold=0.97957695113056176 0.19979716024340774 0.21614583333333334 1.0000000180025095e-35 0.15278835336889349 0.47191830780452232 0.80598103574033564 -1.0000000180025095e-35 0.20052083333333334 0.073627290967515566 0.066485721843107512 -0.24999999999999994 0.56498757140591482 0.60875576036866375 0.48676470588235299 0.64746543778801857 29.500000000000004 -0.5 0.079791135151608045 0.11054766734279921 -0.6830127018922193 0.15364583333333334 0.50213191564481241 0.436764705882353 0.47781967737816494 0.086056542320642804 0.069872590815374724 0.3696574416718979 0.080729166666666671
decision_type=2 2 2 2 2 2 2 2 2 2 2 2 2 2 2 2 2 2 2 2 2 2 2 2 2 2 2 2 2
left_child=1 16 3 4 8 -6 7 -7 9 10 -3 -12 -13 22 25 -16 -1 18 19 -18 24 23 -11 -19 -21 -15 -25 -28 -29
right_child=-2 2 -4 -5 5 6 -8 -9 -10 13 11 12 -14 14 15 -17 17 21 -20 20 -22 -23 -24 26 -26 -27 27 28 -30
leaf_value=-0.0014739363337593723 0.00062175945939563053 -0.00011982324509597095 0.00031690347774063026 0.0002086765237845037 -4.472028253233892e-05 0.00059743211870860041 -0.00018244270829421142 0.00044755828920860799 9.4350880276754893e-05 -0.00014929729424315762 0.0011399554669651256 2.1161584656282503e-05 -0.00045338455685895216 -4.404215339250233e-05 6.5278014532992642e-05 -2.6644654483047945e-05 -0.0020562574035052888 -0.00017440501610132712 0.00024863749522748869 -0.00077311851137888796 0.00035011925118320062 6.9152276261647488e-05 -0.00016284571401140757 -0.0013620071753186554 -0.00020208264601016655 -3.8625106592609919e-05 0.00018160279597177599 -0.00022913014558116455 -8.794467595110242e-05
leaf_weight=1785 32 145 20 22 43 30 25 39 23 22 22 20 30 28 20 28 136 25 20 27 26 23 423 1050 20 101 25 208 29
leaf_count=1785 32 145 20 22 43 30 25 39 23 22 22 20 30 28 20 28 136 25 20 27 26 23 423 1050 20 101 25 208 29
internal_value=-0.000372216 -0.000417043 0.000229828 0.000131489 3.07815e-05 0.00143977 0.00244146 0.00359777 -0.000193155 -0.000249403 0.00035599 0.0025833 0.000449992 -0.000460609 9.74578e-05 0.00174996 -0.000616626 -0.000466802 0.000429038 -3.22958e-05 0.00130478 -0.000617646 -0.000682582 -0.000660246 -0.000111699 -0.000517437 -0.000681401 -0.000406486 -0.000623414
internal_weight=4447 4415 1041 1021 999 137 94 69 862 839 217 72 50 622 177 48 3374 1589 229 209 73 1360 445 1337 47 129 1312 262 237
internal_count=4447 4415 1041 1021 999 137 94 69 862 839 217 72 50 622 177 48 3374 1589 229 209 73 1360 445 1337 47 129 1312 262 237
is_linear=0
shrinkage=0.03


Tree=40
num_leaves=31
num_cat=1
split_feature=9 0 19 9 8 8 10 2 10 6 9 3 6 2 4 8 7 9 4 7 9 8 0 3 2 7 9 0 9 1
split_gain=2.14727 0.798291 0.5723 1.26784 1.84793 0.775231 0.255482 0.324551 0.216328 0.38756 0.130233 0.275886 0.6823 0.12592 0.12553 0.319984 0.0968562 0.453319 0.0473111 0.0467736 0.116919 0.037829 0.0363002 0.0287222 0.0277367 0.083031 0.04241 0.0403505 0.0176558 0.0277765
threshold=0.97957695113056176 0.52080508158020811 0 0.72611232676878201 0.29024861203486146 0.15928412133379541 -0.24999999999999994 0.075520833333333343 -0.5 0.52396313364055314 0.57330415754923425 0.11197916666666667 0.65115207373271911 0.096354166666666671 0.10156250000000001 0.12329638088264598 0.088419907194990141 0.88366156090444947 0.028645833333333336 0.076340200555275337 0.59992706053975209 0.12598499132066779 0.47298069797152514 0.13802083333333334 0.080729166666666671 0.043866641571054833 0.70386579139314387 0.51352851336407135 0.2538293216630198 0.049479166666666671
decision_type=2 2 1 2 2 2 2 2 2 2 2 2 2 2 2 2 2 2 2 2 2 2 2 2 2 2 2 2 2 2
left_child=1 14 3 5 -5 -3 7 -4 9 13 -10 -12 -13 -7 16 -16 24 21 -8 20 22 -18 -17 -14 27 -26 -27 -1 29 -23
right_child=-2 2 6 4 -6 8 18 -9 10 -11 11 12 23 -15 15 19 17 -19 -20 -21 -22 28 -24 -25 25 26 -28 -29 -30 -31
leaf_value=-0.0013698989509223643 0.0010460252069736213 8.7316887480383699e-05 -0.00053256587777885506 0.00026431648956808595 1.6315313797315615e-05 -9.7658467274630155e-05 -7.9715580907017318e-05 0.0008134017400192432 -3.4918949672790792e-05 0.0018835272587041834 -1.4034650416626617e-05 0.00024006611543322707 -1.3059859567559047e-05 5.2516278941261809e-05 0.00031084212300723496 -0.0013620968709983194 -0.00072837940966040903 0.00023820997724803355 -0.00021577305831760004 -0.00022194259443758708 7.2800502998864424e-05 -0.0014548056539977548 -0.0001960201666298611 -0.00017880236809281191 0.00030270889719638707 -0.00077031834187730281 -4.9977334969250985e-05 -0.00074284641759687887 -0.00066952848534226255 -0.00090468459218790982
leaf_weight=2813 34 30 37 20 32 34 20 38 150 20 74 21 20 20 20 53 20 28 352 87 20 20 20 27 34 171 21 23 174 25
leaf_count=2813 34 30 37 20 32 34 20 38 150 20 74 21 20 20 20 53 20 28 352 87 20 20 20 27 34 171 21 23 174 25
internal_value=-0.000319313 -0.000377034 0.000423185 0.00116594 0.00559605 0.000613636 -0.000339714 0.00124998 0.000233607 0.00168241 -0.00013356 0.000517603 0.00189703 0.000361105 -0.000579979 0.00015 -0.000623835 -7.58417e-05 -0.000669352 -0.000249998 0.00021774 -0.000498951 -0.000339036 -0.000111699 -0.000671619 -0.000351768 -0.000593746 -0.000697108 -0.00061301 -8.33308e-05
internal_weight=4458 4424 895 448 52 396 447 75 366 74 292 142 68 54 3529 200 3329 267 372 180 93 239 73 47 3062 226 192 2836 219 45
internal_count=4458 4424 895 448 52 396 447 75 366 74 292 142 68 54 3529 200 3329 267 372 180 93 239 73 47 3062 226 192 2836 219 45
cat_boundaries=0 1
cat_threshold=546
is_linear=0
shrinkage=0.03


Tree=41
num_leaves=29
num_cat=2
split_feature=0 19 16 4 0 0 10 16 11 12 0 17 16 19 18 11 16 17 11 16 4 10 17 18 3 2 6 17
split_gain=1.55872 0.953886 1.27752 1.08122 0.399874 0.364092 0.397556 1.99645 0.878346 0.807519 0.655076 0.290894 0.319341 0.142675 0.456217 0.1147 0.281651 0.150471 0.0657827 0.222591 0.521363 0.880677 0.250833 0.0478671 0.0388694 0.0272715 0.0241339 0.17402
threshold=0.60315093627196148 0 29.500000000000004 0.091145833333333343 0.64473107689836062 0.4823181611744996 -0.5 29.500000000000004 -0.24999999999999994 -1.0000000180025095e-35 0.51352851336407135 0.59399200068079316 15.500000000000002 1 0.50735294117647067 1.0000000180025095e-35 10.500000000000002 0.21947068334609829 0.6830127018922193 29.500000000000004 0.023437500000000003 0.25000000000000011 0.30400966934908297 0.41617647058823531 0.11718750000000001 0.12239583333333334 0.33594470046082953 0.29770833883543302
decision_type=2 1 2 2 2 2 2 2 2 2 2 2 2 1 2 2 2 2 2 2 2 2 2 2 2 2 2 2
left_child=5 2 25 -4 -5 18 7 24 -9 -10 -11 12 -3 14 15 16 -8 -18 26 -20 -21 -22 -23 -15 -7 -2 -1 -28
right_child=1 11 3 4 -6 6 13 8 9 10 -12 -13 -14 23 -16 -17 17 -19 19 20 21 22 -24 -25 -26 -27 27 -29
leaf_value=-0.001567259131941295 -7.204668633720603e-05 5.81410746883637e-05 0.00028348376541203406 0.0010341727061254735 0.00060590918086271582 -0.00057021534436489088 0.0002310643629727216 -0.0010403951848024118 0.00015219028914045647 0.00019297649976554311 0.0015145977209957758 0.0015360144316115588 -4.0414769617747403e-05 -0.00027660384042553786 5.2408608730928352e-05 -0.00019465787429709006 3.662307432297182e-05 -6.3544577305183842e-05 -0.001343505738580245 -0.0017855631023863433 0.00051467127686113359 0.00040602933634996375 -0.00029591621842904765 -0.00040864443867409537 -0.00034082706980114873 -2.1826393743624837e-05 -0.00046188336542754359 5.7031585986776331e-05
leaf_weight=2020 20 39 36 20 20 194 20 20 23 21 23 20 137 20 25 147 21 79 603 183 23 38 56 449 23 24 134 20
leaf_count=2020 20 39 36 20 20 194 20 20 23 21 23 20 137 20 25 147 21 79 603 183 23 38 56 449 23 24 134 20
internal_value=-0.000312583 0.00171835 0.00369228 0.00635518 0.00974976 -0.000467527 1.05641e-05 0.000927629 0.00476719 0.00641408 0.00879526 0.000305824 -6.81807e-05 -0.000355781 0.000168874 -0.000188201 0.000499997 -0.000149998 -0.000633002 -0.000417773 0.00025 0.00181409 0.000526591 -0.00067171 -0.000611748 -6.81796e-05 -0.0007224 -0.000360387
internal_weight=4458 316 120 76 40 4142 1065 304 87 67 44 196 176 761 292 267 120 100 3077 903 300 117 94 469 217 44 2174 154
internal_count=4458 316 120 76 40 4142 1065 304 87 67 44 196 176 761 292 267 120 100 3077 903 300 117 94 469 217 44 2174 154
cat_boundaries=0 1 2
cat_threshold=548 546
is_linear=0
shrinkage=0.03


Tree=42
num_leaves=31
num_cat=2
split_feature=9 0 9 10 19 9 0 3 17 0 19 9 8 0 8 4 4 7 8 11 9 4 17 10 0 2 9 8 0 2
split_gain=2.15883 0.610243 0.451595 0.803272 0.485079 0.785939 1.43989 0.194611 0.264981 0.192977 0.342619 0.315369 0.286172 0.166622 0.237022 0.165154 0.444417 0.0929385 0.276015 0.054525 0.307272 0.876817 0.0808785 0.188461 0.0445937 0.0435888 0.0327353 0.150468 0.0443173 0.0256085
threshold=0.97957695113056176 0.57040581497477094 0.53610503282275734 -0.5 0 0.72611232676878201 0.63632896856031052 0.11197916666666667 0.32170093543593681 0.46264093472785367 1 0.80598103574033564 0.10842040085988129 0.50213191564481241 0.12186878796828471 0.11197916666666667 0.12760416666666669 0.086724821097632201 0.19010694606400499 0.6830127018922193 0.5970094821298324 0.028645833333333336 0.30810143817547447 -0.24999999999999994 0.46968181644835522 0.16406250000000003 0.39897884755652818 0.130061071632813 0.47298069797152514 0.12239583333333334
decision_type=2 2 2 2 1 2 2 2 2 2 1 2 2 2 2 2 2 2 2 2 2 2 2 2 2 2 2 2 2 2
left_child=1 9 -3 -4 5 7 -7 -5 29 19 11 12 -11 24 -15 17 -17 -16 -19 -1 22 -22 -21 -24 -14 -6 27 -12 -29 -9
right_child=-2 2 3 4 25 6 -8 8 -10 10 26 -13 13 14 15 16 -18 18 -20 20 21 -23 23 -25 -26 -27 -28 28 -30 -31
leaf_value=-0.0016327431533961839 0.00098361926958064842 -3.5419106375646235e-05 0.0016105745909951409 -9.6780289486354737e-06 -0.00018504956932475816 0.00023718517471527466 -0.00010733252461763182 7.5474539007013842e-07 0.00010832979117645512 0.00042641730733069042 0.0001691820489528303 0.00017035027803870208 -0.00030977478690656749 7.5478768055628481e-05 -7.6330685133984861e-05 0.00077952244589137042 -9.3944075020536692e-05 2.1222568731184056e-05 -0.0010193691162109614 -0.0014639476827416364 -0.0028804400925395235 0.00042120555747611076 0.00033798995490173442 -0.0017967275855368594 -0.00042691862069759492 9.3069003317575467e-07 -0.00042525098632810405 -0.00035805196430386936 -0.0005782141439819909 -6.4875458106254419e-05
leaf_weight=1931 34 163 33 53 136 20 25 20 35 20 21 28 20 20 92 20 25 21 38 659 47 20 32 65 165 20 498 20 156 21
leaf_count=1931 34 163 33 53 136 20 25 20 35 20 21 28 20 20 92 20 25 21 38 659 47 20 32 65 165 20 498 20 156 21
internal_value=-0.000339501 -0.000397377 0.000561787 0.00115082 0.000704544 0.0017364 0.00524988 0.000645345 0.0016184 -0.000526808 -0.0001993 0.00044281 0.000247625 7.29432e-05 0.000638887 0.000321428 0.00191662 -0.000153972 0.000775411 -0.000662853 -0.000458383 0.00148878 -0.000630951 0.000177834 -0.000587834 -0.000524093 -0.000611701 -0.000293145 -0.000579541 -1.82915e-05
internal_weight=4458 4424 526 363 330 174 45 129 76 3898 1144 449 421 401 216 196 45 151 59 2754 823 67 756 97 185 156 695 197 176 41
internal_count=4458 4424 526 363 330 174 45 129 76 3898 1144 449 421 401 216 196 45 151 59 2754 823 67 756 97 185 156 695 197 176 41
cat_boundaries=0 1 2
cat_threshold=546 562
is_linear=0
shrinkage=0.03


Tree=43
num_leaves=31
num_cat=1
split_feature=9 5 19 9 8 8 7 12 10 17 10 3 6 6 9 9 4 8 9 8 18 18 0 17 9 1 18 0 9 9
split_gain=2.15883 0.678349 0.459986 0.810062 1.61322 0.512608 0.45932 0.424794 0.217324 0.479972 0.151116 0.246994 0.0937422 0.153105 0.100441 0.638353 0.0722416 0.343032 0.084851 0.0419819 0.0447366 0.0372819 0.144438 0.0348845 0.0872956 0.030768 0.016092 0.0261892 0.0196072 0.371909
threshold=0.97957695113056176 0.22210953346855986 0 0.72611232676878201 0.29024861203486146 0.16278022763403752 0.15278835336889349 -1.0000000180025095e-35 -0.5 0.32256682483368998 -0.24999999999999994 0.091145833333333343 0.20519397970534159 0.20761163197203245 0.88366156090444947 0.89824945295404834 0.10156250000000001 0.12329638088264598 0.59992706053975209 0.15093115396300516 0.41323529411764709 0.50735294117647067 0.49925761190894619 0.29240798288626951 0.57622173595915405 0.10156250000000001 0.436764705882353 0.46038902396614806 0.30598103574033558 0.30233406272793589
decision_type=2 2 1 2 2 2 2 2 2 2 2 2 2 2 2 2 2 2 2 2 2 2 2 2 2 2 2 2 2 2
left_child=1 12 3 5 -5 -3 8 -8 9 -7 11 25 -1 -14 16 -16 21 -18 -19 -12 -21 26 -23 24 -10 -4 27 -15 29 -28
right_child=-2 2 10 4 -6 6 7 -9 23 -11 19 -13 13 14 15 -17 17 18 -20 20 -22 22 -24 -25 -26 -27 28 -29 -30 -31
leaf_value=-0.0031041165698054126 0.0009541106914932279 5.3237119719537329e-05 0.00033292766440140743 0.00023006961947381652 1.282810564329419e-05 0.001437646708989165 0.0010903298019430661 0.00012159717185115959 -0.00047488074302343039 -0.00042394339758128455 -4.6118052116217369e-05 0.00057979206677342889 0.00037594013198917475 -9.0002066352443922e-05 0.00021497343719437462 -0.00089515062980816227 0.00028543736266023478 -0.00021655072856837258 3.0117314933696075e-05 -5.6586242180470079e-07 -0.00021129016957888887 -0.00017312430410695238 7.3214405013961043e-05 -2.0076465183559508e-05 9.8565021159466742e-06 -0.0002361577113438976 -0.0010496215171842535 -0.0011881305374495646 -0.00078068574841684492 0.00026368901316417825
leaf_weight=1615 34 29 20 20 30 20 22 26 50 30 20 20 21 20 20 79 20 135 37 21 326 52 20 175 29 32 380 22 1111 22
leaf_count=1615 34 29 20 20 30 20 22 26 50 30 20 20 21 20 20 79 20 135 37 21 326 52 20 175 29 32 380 22 1111 22
internal_value=-0.000339501 -0.000397377 0.000353449 0.00103571 0.00464991 0.000588582 0.000272727 0.00299994 -0.000157894 0.00164997 -0.000332404 0.000916655 -0.000581175 -0.000440561 -0.000468456 0.000462117 -0.000519103 3.12506e-05 -0.00040116 -0.00058651 -0.000663542 -0.000584049 8.33329e-05 -0.000513777 9.49427e-06 -0.000173073 -0.000614951 -3.57127e-05 -0.00063103 -0.000451491
internal_weight=4458 4424 870 431 50 381 352 48 304 50 439 72 3554 1939 1918 99 1819 192 172 367 347 1627 72 254 79 52 1555 42 1513 402
internal_count=4458 4424 870 431 50 381 352 48 304 50 439 72 3554 1939 1918 99 1819 192 172 367 347 1627 72 254 79 52 1555 42 1513 402
cat_boundaries=0 1
cat_threshold=546
is_linear=0
shrinkage=0.03


Tree=44
num_leaves=30
num_cat=1
split_feature=9 0 9 9 17 19 9 8 8 2 11 8 10 16 9 12 1 8 2 11 9 6 17 10 0 6 10 3 6
split_gain=2.16655 0.559878 0.43579 0.881079 0.310556 0.209452 0.322091 0.213231 0.180238 0.522884 0.298559 0.919281 0.143218 0.574298 0.391829 0.195324 0.119186 0.101819 0.0455611 0.0417456 0.191171 0.523072 0.0808785 0.188461 0.0342847 0.0311309 0.0237374 0.0192924 0.0291654
threshold=0.97957695113056176 0.46264093472785367 0.88366156090444947 0.913931436907367 0.59399200068079316 0 0.53610503282275734 0.1160777868849175 0.26495406874879129 0.085937500000000014 -0.5 0.16278022763403752 -0.5 29.500000000000004 0.63493800145878942 1.0000000180025095e-35 0.10156250000000001 0.19218106975147189 0.20572916666666669 0.6830127018922193 0.5970094821298324 0.22259653583346581 0.30810143817547447 -0.24999999999999994 0.59102031964221136 0.48525345622119825 -0.93301270189221908 0.15885416666666669 0.59032258064516141
decision_type=2 2 2 2 2 1 2 2 2 2 2 2 2 2 2 2 2 2 2 2 2 2 2 2 2 2 2 2 2
left_child=1 19 4 -4 5 6 7 -3 10 -10 17 -12 13 -7 15 -15 -13 -8 27 -1 22 -22 -21 -24 -18 -5 -9 -14 -29
right_child=-2 2 3 25 -6 12 8 26 9 -11 11 16 18 14 -16 -17 24 -19 -20 20 21 -23 23 -25 -26 -27 -28 28 -30
leaf_value=-0.0015557480214830751 0.00092548737074843186 0.00032331881505552688 0.00022798707924716127 -4.4734510552731849e-05 0.0013881041197085081 -0.00079916008319516336 -0.0003723492186068915 -1.0397857480382651e-06 8.6887587111248856e-05 -2.3634483095820043e-06 5.163098902724053e-05 0.00052131645471942387 -0.00032701580441839724 6.7940256569229394e-05 -0.00073268656439597394 0.00047179735511358988 0.00057982122865840179 0.00010449681518355037 9.1974520483545679e-07 -0.0013966086798068832 -0.00073203272448989568 0.00042010985913657579 0.00031657205229500707 -0.0017145643539913384 -5.8032732702327782e-05 -0.00017953819511913369 -4.3092238777067048e-05 -5.553389950785479e-05 -0.00048552405809349332
leaf_weight=1931 34 35 30 20 21 153 116 37 22 34 30 36 601 20 20 21 21 31 20 659 46 21 32 65 54 33 267 20 28
leaf_count=1931 34 35 30 20 21 153 116 37 22 34 30 36 601 20 20 21 21 31 20 659 46 21 32 65 54 33 267 20 28
internal_value=-0.00035296 -0.00041094 2.24558e-05 0.00214154 -8.83735e-05 -0.000136972 0.000256494 -0.000396016 0.000906975 0.00246424 0.000604165 0.00159041 -0.000439249 0.000231308 0.00269258 0.00437185 0.000331079 -0.000341834 -0.000660312 -0.000673746 -0.000494835 0.00104103 -0.000630951 0.000177834 -0.000349995 -0.000183958 -0.000651313 -0.000703773 -0.000124997
internal_weight=4458 4424 1670 83 1587 1566 683 339 344 56 288 141 883 214 61 41 111 147 669 2754 823 67 756 97 75 53 304 649 48
internal_count=4458 4424 1670 83 1587 1566 683 339 344 56 288 141 883 214 61 41 111 147 669 2754 823 67 756 97 75 53 304 649 48
cat_boundaries=0 1
cat_threshold=546
is_linear=0
shrinkage=0.03


Tree=45
num_leaves=31
num_cat=0
split_feature=20 9 18 6 16 10 3 4 9 2 5 7 2 5 5 3 18 9 9 5 6 1 7 9 8 4 3 2 7 4
split_gain=0.814521 1.10404 0.278141 0.258568 0.252004 0.46613 0.526447 0.344041 0.372006 0.144515 0.2357 0.124522 0.115434 0.100415 0.185058 0.093679 0.227013 0.0745096 0.286829 0.419021 0.0685028 0.0999944 0.0500141 0.120037 0.0418023 0.0317422 0.0292817 0.00995034 0.0380942 0.00608686
threshold=0.61636054089337511 0.89824945295404834 0.53088235294117658 0.3000000000000001 29.500000000000004 -0.5 0.070312500000000014 0.15364583333333334 0.59992706053975209 0.11718750000000001 0.39655172413793111 0.065317751259371823 0.16927083333333334 0.33569979716024351 0.34584178498985801 0.059895833333333336 0.46323529411764708 0.65134938001458809 0.69146608315098479 0.16734279918864101 0.38202764976958536 0.091145833333333343 0.088419907194990141 0.88366156090444947 0.12711936694370876 0.10156250000000001 0.15885416666666669 0.080729166666666671 0.044906774673665349 0.044270833333333336
decision_type=2 2 2 2 2 2 2 2 2 2 2 2 2 2 2 2 2 2 2 2 2 2 2 2 2 2 2 2 2 2
left_child=3 2 9 22 13 6 11 12 -9 10 -2 -6 15 17 -15 16 -7 -5 19 -19 -18 -22 25 24 -24 27 -17 29 -29 -1
right_child=1 -3 -4 4 5 7 -8 8 -10 -11 -12 -13 -14 14 -16 26 20 18 -20 -21 21 -23 23 -25 -26 -27 -28 28 -30 -31
leaf_value=-0.0017951362903671272 8.306948795739171e-05 0.00062971835485529795 0.00051129615791294959 -0.00042617700521049276 0.0002698871320988179 0.00010966306201899707 0.00063489137964431778 -0.00029701604805584564 0.00017849295805478425 -4.8322575628359027e-05 -8.0074719288271163e-05 -2.2848282251001731e-05 6.5202223420783979e-05 0.00015687619937399658 -1.3175890431401101e-05 -5.3185017787106525e-05 -0.00048585745536795468 -0.0004278919905774926 -0.0003885147142507535 2.8595859525044543e-05 6.4219278407566142e-05 -0.00029247014732359649 -0.00063498377448627426 0.00014287569500684961 -0.00060203276290197874 -0.0002969602689055251 -5.7152365853250856e-05 -0.00073775823507144802 -0.0015928574046923283 -0.00092371645921629367
leaf_weight=1887 20 33 20 646 20 25 36 20 28 87 22 33 24 28 38 305 87 22 128 20 20 20 20 23 102 29 31 20 64 516
leaf_count=1887 20 33 20 646 20 25 36 20 28 87 22 33 24 28 38 305 87 22 128 20 20 20 20 23 102 29 31 20 64 516
internal_value=-0.000407064 0.00155768 0.000458051 -0.000492366 -0.000181743 0.000266949 0.00228368 -5.35706e-05 0.00237495 -5.23245e-05 0.00139282 0.000382069 -0.000281249 -0.000511903 0.000613628 -0.000381146 0.000236841 -0.00060294 -4.41167e-05 0.00210709 -0.000277556 0.000749982 -0.000671081 -0.000129309 -0.000504094 -0.000702304 -0.000660712 -0.000713811 -0.000392852 -0.00072503
internal_weight=4374 182 149 4192 1531 649 89 560 48 129 42 53 512 882 66 488 152 816 170 42 127 40 2661 145 122 2516 336 2487 84 2403
internal_count=4374 182 149 4192 1531 649 89 560 48 129 42 53 512 882 66 488 152 816 170 42 127 40 2661 145 122 2516 336 2487 84 2403
is_linear=0
shrinkage=0.03


Tree=46
num_leaves=31
num_cat=2
split_feature=20 1 18 8 19 11 5 6 11 10 12 3 5 18 19 3 11 4 6 6 6 20 6 5 3 11 5 20 2 12
split_gain=0.766805 0.292243 0.339534 0.208491 0.257414 0.616647 0.166296 0.151801 0.125659 0.379452 0.50978 0.473318 0.209047 0.141129 0.106544 0.239022 0.484038 0.0832343 0.211437 0.0641571 0.128565 0.0551865 0.128565 0.0441512 0.0300201 0.0152906 0.0839296 0.330928 0.0423655 0.00928951
threshold=0.59537384276397409 0.22656250000000003 0.43088235294117649 0.16822606371660098 0 -0.5 0.16328600405679514 0.71013824884792642 0.6830127018922193 -0.24999999999999994 -1.0000000180025095e-35 0.075520833333333343 0.20993914807302233 0.436764705882353 1 0.065104166666666671 -0.24999999999999994 0.10156250000000001 0.31290322580645169 0.38202764976958536 0.42073732718894014 0.4724571835247911 0.3000000000000001 0.33164300202839764 0.15885416666666669 0.6830127018922193 0.10598377281947263 0.4004848691904041 0.075520833333333343 -0.8783796973249266
decision_type=2 2 2 2 1 2 2 2 2 2 2 2 2 2 1 2 2 2 2 2 2 2 2 2 2 2 2 2 2 2
left_child=6 2 -2 -4 5 -5 17 -7 14 10 -10 12 -12 -11 15 16 -8 19 -19 25 -21 22 -16 -6 29 -1 -27 -28 -29 -23
right_child=1 -3 3 4 23 7 8 -9 9 13 11 -13 -14 -15 21 -17 -18 18 -20 20 -22 24 -24 -25 -26 26 27 28 -30 -31
leaf_value=-0.0013644534669656474 0.00019170504534325191 0.00050132836843487397 4.647135290457657e-05 0.00025577950978039241 -1.8055542026598795e-06 -8.041454877728542e-05 3.3293822156800594e-05 0.00071573689109832069 -0.0002307315115245888 3.1341071415296159e-05 9.1357947795466784e-05 0.00087763934613903133 -3.6705272546004633e-05 -0.00015566936373024096 -0.0014076484562355594 -0.0001210789960633134 -0.0013792024744377646 0.00019168050165184407 -0.00072314624171774459 0.00014376540147689482 -0.0012545104084981317 -0.00025887125743587869 7.8909179518366927e-05 -3.4504140689463193e-05 -5.1279085944545102e-05 -0.0030316486906196089 0.00043841598168764382 -0.00060568637685538807 -0.00036430838702090597 -0.00029464898670780943
leaf_weight=1898 25 25 23 32 20 63 39 20 45 25 21 24 20 187 36 98 43 29 62 20 36 92 20 151 29 598 21 111 20 541
leaf_count=1898 25 25 23 32 20 63 39 20 45 25 21 24 20 187 36 98 43 29 62 20 36 92 20 151 29 598 21 111 20 541
internal_value=-0.000407064 0.000921307 0.000687124 0.000415048 0.000194056 0.00122999 -0.00052584 -2.71074e-05 -0.000233606 0.000274845 0.00170453 0.00340379 0.00144509 -0.000466978 -0.000415923 0.000236842 0.00144511 -0.000653398 0.000239009 -0.000683431 0.000321424 -0.000574861 0.000321424 -0.000542814 -0.000659364 -0.000704682 -0.000589998 3.94741e-05 -0.000520988 -0.000702605
internal_weight=4374 359 334 309 286 115 4015 83 1220 322 110 65 41 212 898 180 82 2795 91 2704 56 718 56 171 662 2648 750 152 131 633
internal_count=4374 359 334 309 286 115 4015 83 1220 322 110 65 41 212 898 180 82 2795 91 2704 56 718 56 171 662 2648 750 152 131 633
cat_boundaries=0 1 2
cat_threshold=548 544
is_linear=0
shrinkage=0.03


Tree=47
num_leaves=31
num_cat=1
split_feature=9 5 9 3 3 6 19 9 11 4 6 9 18 18 0 10 16 3 4 3 0 5 9 4 3 9 11 5 0 18
split_gain=0.699004 0.380001 0.639855 0.563682 0.723454 0.624145 0.19018 0.180664 0.4591 0.332047 0.858459 0.539013 0.142703 0.127243 0.21483 0.0923613 0.387675 0.493817 0.0459261 0.0793381 0.0426461 0.041999 0.0388749 0.0267429 0.0155426 0.0330497 0.0149002 0.0764247 0.359368 0.0406738
threshold=0.97957695113056176 0.16328600405679514 0.80598103574033564 0.070312500000000014 0.049479166666666671 0.52396313364055314 0 0.47191830780452232 -0.5 0.10156250000000001 0.63824884792626746 0.61670313639679086 0.41617647058823531 0.50441176470588245 0.41741515485649366 -0.5 29.500000000000004 0.065104166666666671 0.085937500000000014 0.033854166666666671 0.48742419676937737 0.15314401622718055 0.20459518599562362 0.054687500000000007 0.15885416666666669 0.64697301239970828 0.6830127018922193 0.10598377281947263 0.40173184401392875 0.45735294117647063
decision_type=2 2 2 2 2 2 1 2 2 2 2 2 2 2 2 2 2 2 2 2 2 2 2 2 2 2 2 2 2 2
left_child=1 13 6 4 -4 -5 7 22 20 11 -11 -10 -8 18 -15 16 -14 23 26 -20 -9 -21 -3 -18 -17 -26 -1 -28 -29 -30
right_child=-2 2 3 5 -6 -7 12 8 9 10 -12 -13 15 14 -16 24 17 -19 19 21 -22 -23 -24 -25 25 -27 27 28 29 -31
leaf_value=-0.0012639278726246862 0.00060549471084418141 2.2581264030894901e-06 5.2907830567894897e-05 0.00018951465411236538 0.00023488089873099411 -2.0864636622806699e-05 0.00017970029968515514 -0.00019387154396515214 -1.6986019323944147e-05 0.0008513101657548599 1.6375851877332132e-05 3.8307989923217438e-05 -0.00061182082728415297 5.8248027802793429e-05 -0.00069199790977991814 -0.00026904408464886465 -1.6860740301195005e-05 0.00042835936295067061 8.432041356384599e-05 -0.00054760701226744973 -4.9345182058368343e-05 -4.9693396321179894e-05 -0.00017903616157008398 -1.6961141155893644e-05 -0.00062290021046581959 -0.00014657961177264161 -0.0028137438859194164 0.00042685832304944479 -0.00032258053887532489 -0.00068938533297858474
leaf_weight=1809 31 22 21 20 23 71 23 20 63 24 39 22 186 25 37 652 20 25 31 105 116 20 130 23 39 20 593 20 21 123
leaf_count=1809 31 22 21 20 23 71 23 20 63 24 39 22 186 25 37 652 20 25 31 105 116 20 130 23 39 20 593 20 21 123
internal_value=-0.000400205 -0.000432246 -5.72475e-05 0.00191665 0.00470444 0.000568676 -0.000244381 0.000275785 0.000728871 0.00188512 0.00353566 0.000661758 -0.000471943 -0.00064224 0.000701602 -0.000532382 -4.13377e-05 0.00189703 -0.00067285 -0.000173075 -0.000529407 -0.000509995 -0.000552627 -5.23236e-05 -0.000707804 -0.000241521 -0.000703234 -0.000591478 -1.82919e-05 -0.000541662
internal_weight=4374 4343 1559 135 44 91 1424 436 284 148 63 85 988 2784 62 965 254 68 2722 156 136 125 152 43 711 59 2566 757 164 144
internal_count=4374 4343 1559 135 44 91 1424 436 284 148 63 85 988 2784 62 965 254 68 2722 156 136 125 152 43 711 59 2566 757 164 144
cat_boundaries=0 1
cat_threshold=514
is_linear=0
shrinkage=0.03


Tree=48
num_leaves=31
num_cat=1
split_feature=9 20 9 3 10 3 8 6 7 11 9 19 20 8 9 2 17 3 7 5 2 8 17 4 5 11 8 13 10 3
split_gain=0.703282 0.358124 0.400795 0.922486 0.154484 0.725178 0.140383 0.123804 0.117262 0.231608 1.6505 0.101636 0.165859 0.492279 0.0953238 0.0792373 0.0653499 0.124522 0.0443173 0.037997 0.0398576 0.0347056 0.0215968 0.0256085 0.0213589 0.0836108 0.353339 0.145937 0.0143005 0.0341258
threshold=0.97957695113056176 0.55485698752022106 0.80598103574033564 0.070312500000000014 -0.5 0.096354166666666671 0.16531796151224473 0.58571428571428585 0.067389213475357965 0.6830127018922193 0.5970094821298324 0 0.50532152180681911 0.16531796151224473 0.47191830780452232 0.18489583333333334 0.19138796698153357 0.096354166666666671 0.071812787235275108 0.26673427991886417 0.059895833333333336 0.19218106975147189 0.27040251893455886 0.12239583333333334 0.10598377281947263 0.6830127018922193 0.1003563309957262 0.81174490092936691 -0.93301270189221908 0.065104166666666671
decision_type=2 2 2 2 2 2 2 2 2 2 2 1 2 2 2 2 2 2 2 2 2 2 2 2 2 2 2 2 2 2
left_child=1 8 4 -4 5 -3 -6 -5 16 11 14 12 21 -14 18 19 17 -1 -11 -8 -21 -10 23 -22 -18 -26 -27 -28 29 -13
right_child=-2 2 3 7 6 -7 15 -9 9 10 -12 28 13 -15 -16 -17 24 -19 -20 20 22 -23 -24 -25 25 26 27 -29 -30 -31
leaf_value=8.8822459673373934e-05 0.00058732986951885702 -0.00021498359747092007 0.00023505962147812623 0.00014462558577712928 3.1825627372476236e-05 0.00099066814372347051 -3.0844540448270898e-05 -4.0768288813967228e-05 -0.00082725336942533214 -5.7676600434375886e-05 0.00025977441893932621 -0.00066324761377608839 2.5589929376892341e-05 -2.4206438609669111e-05 3.8527495859013977e-05 7.1775879754219272e-05 -0.00253970590639979 -0.00033298285941670279 -0.0003316150662463855 -1.9813811848222417e-06 -0.00014624699483518685 -0.000186856497793426 -2.6143367144025688e-05 -0.00020674464704228981 -0.00059176192091278234 0.00046687412830963472 -0.00049917658982820434 0.00011273564729294031 -0.00076929417680430558 -0.00066734508082850054
leaf_weight=20 31 55 22 21 21 24 20 39 91 20 24 43 20 32 30 35 1613 33 156 21 21 23 317 20 816 20 169 24 573 20
leaf_count=20 31 55 22 21 21 24 20 39 91 20 24 43 20 32 30 35 1613 33 156 21 21 23 317 20 816 20 169 24 573 20
internal_value=-0.000413922 -0.000446062 0.000224026 0.0021768 -7.58418e-05 0.00114872 -0.00028846 0.000249997 -0.000556814 -0.000284883 0.000554346 -0.00052556 0.000144886 0.00155766 -0.000313105 -0.000404376 -0.000660945 0.000382069 -0.000579541 -0.000524434 -0.000591686 -0.000486837 -0.000666199 -1.82915e-05 -0.000681869 -0.000575072 -4.57737e-05 -0.000439116 -0.000691949 -0.000273804
internal_weight=4374 4343 616 82 534 79 455 60 3727 1032 230 802 166 52 206 434 2695 53 176 399 379 114 358 41 2642 1029 213 193 636 63
internal_count=4374 4343 616 82 534 79 455 60 3727 1032 230 802 166 52 206 434 2695 53 176 399 379 114 358 41 2642 1029 213 193 636 63
cat_boundaries=0 1
cat_threshold=514
is_linear=0
shrinkage=0.03


Tree=49
num_leaves=26
num_cat=1
split_feature=9 6 9 3 9 16 9 11 17 8 19 8 9 8 6 0 3 2 11 3 9 2 2 3 2
split_gain=0.696869 0.454924 0.574337 0.574215 0.954504 0.215277 0.54041 0.482323 0.563694 0.466323 0.136699 0.487524 0.807649 0.0727085 0.0710591 0.0660594 0.211437 0.04855 0.0447349 0.219569 0.501347 0.3478 0.0439085 0.0342435 0.0222527
threshold=0.97957695113056176 0.3000000000000001 0.80598103574033564 0.091145833333333343 0.92924872355944577 29.500000000000004 0.30415754923413574 0.6830127018922193 0.31529818445385432 0.28621043842988975 0 0.16278022763403752 0.61670313639679086 0.18809772008987066 0.62811059907834121 0.46968181644835522 0.054687500000000007 0.18489583333333334 0.6830127018922193 0.039062500000000007 0.50474106491611981 0.039062500000000007 0.059895833333333336 0.15885416666666669 0.13802083333333334
decision_type=2 2 2 2 2 2 2 2 2 2 1 2 2 2 2 2 2 2 2 2 2 2 2 2 2
left_child=1 18 5 4 -4 10 -7 15 -9 13 11 12 -3 -10 -5 16 -8 -12 -1 22 -21 -22 -20 -17 -13
right_child=-2 2 3 14 -6 6 7 8 9 -11 17 24 -14 -15 -16 23 -18 -19 19 20 21 -23 -24 -25 -26
leaf_value=-0.0014858326441798144 0.00056970997343329258 -0.0012735002857158014 0.00020237839802798464 4.9851924629529511e-05 -3.8836644463927298e-05 0.00019092483214255921 9.9371551617101979e-05 0.00064333723687148207 2.0621677301033192e-05 0.00040194341710516268 -0.00044748894716869548 -0.00011336781354379543 3.5569770353566058e-05 -2.2917349104497214e-05 -0.00015797963424181365 -0.00011813363827484701 -0.00059322478915449864 6.894712202161276e-05 -0.0019895935918360684 -0.00068284841248498942 0.0003986790290171533 -0.00039506618096030893 -0.0003359024660616268 -0.00019847623180274071 -2.4764813496307506e-05
leaf_weight=1875 31 28 33 31 21 31 29 31 37 23 670 145 24 76 38 331 62 20 625 82 23 23 22 27 36
leaf_count=1875 31 28 33 31 21 31 29 31 37 23 670 145 24 76 38 331 62 20 625 82 23 23 22 27 36
internal_value=-0.000393346 -0.000425339 -4.11983e-05 0.00193291 0.00424992 -0.000195859 0.000223725 2.92214e-05 0.00140568 0.000573526 -0.000489977 0.000145062 0.00271149 -0.000219024 0.000119564 -0.000482738 0.000239009 -0.000696427 -0.000670754 -0.000479031 0.000656246 0.00316298 -0.00070363 -0.000666199 -0.00058425
internal_weight=4374 4343 1693 123 54 1570 647 616 167 136 923 233 52 113 69 449 91 690 2650 775 128 46 647 358 181
internal_count=4374 4343 1693 123 54 1570 647 616 167 136 923 233 52 113 69 449 91 690 2650 775 128 46 647 358 181
cat_boundaries=0 1
cat_threshold=514
is_linear=0
shrinkage=0.03


Tree=50
num_leaves=31
num_cat=2
split_feature=9 0 19 9 6 6 9 9 6 6 3 7 10 18 3 16 10 3 6 7 2 19 7 12 6 9 9 1 3 18
split_gain=1.337 0.431446 0.394362 1.38923 0.358126 0.624959 0.143024 0.197612 0.168325 0.890411 0.127828 0.111945 0.316668 0.0722394 0.116661 0.051572 0.220339 0.0876409 0.0446515 0.0379911 0.0376296 0.0752003 0.0863089 0.186361 0.40973 0.0431498 0.0364854 0.0135036 0.035293 0.00393141
threshold=0.97957695113056176 0.50213191564481241 0 0.80598103574033564 0.35898617511520742 0.33041474654377889 0.53610503282275734 0.57148067104303446 0.62350230414746555 0.64746543778801857 0.10156250000000001 0.099590664592236089 -0.5 0.50735294117647067 0.049479166666666671 29.500000000000004 1.0000000180025095e-35 0.12760416666666669 0.42534562211981575 0.10459879533739259 0.059895833333333336 1 0.058101126053317166 0.6078576107927941 0.28801843317972359 0.71298322392414315 0.31400437636761497 0.080729166666666671 0.039062500000000007 0.4661764705882353
decision_type=2 2 1 2 2 2 2 2 2 2 2 2 2 2 2 2 2 2 2 2 2 1 2 2 2 2 2 2 2 2
left_child=1 11 3 4 5 -3 18 -8 -9 -10 -11 13 -13 20 -15 -4 -17 -18 -6 -14 27 22 23 26 -25 -24 -22 29 -29 -1
right_child=-2 2 15 -5 6 -7 7 8 9 10 -12 12 19 14 -16 16 17 -19 -20 -21 21 -23 25 24 -26 -27 -28 28 -30 -31
leaf_value=-0.0013436264070343768 0.00080587793101641932 -0.0017804447580947356 -0.00036297711314402459 0.00023464014757076517 -3.5775279565011632e-05 3.2206404896845323e-05 0.0015374106102258199 -0.00011638978363428028 0.00021102908816194519 6.8883290150663579e-06 -8.9404971588230564e-05 0.00012338250748268072 2.737936806260017e-05 -0.00062084020118063844 1.0724311271874755e-05 0.00033234862669804263 -0.00024166432380749955 7.3068528414387951e-06 -2.1967049514339357e-05 -0.00013712334047119931 -0.00012749923894821044 -0.00052480694419283617 -0.00042501320272061814 -0.0015579961971642225 0.00042171576571387541 1.2080620507226419e-05 -0.00053118722142544885 -0.00050486649019774088 -0.00073854611724508536 -0.001207106195426277
leaf_weight=230 33 20 290 32 20 20 23 90 20 24 79 35 22 28 20 30 189 38 167 112 20 375 126 21 20 20 54 20 48 2174
leaf_count=230 33 20 290 32 20 20 23 90 20 24 79 35 22 28 20 30 189 38 167 112 20 375 126 21 20 20 54 20 48 2174
internal_value=-0.000402272 -0.000447732 8.49335e-05 0.000690593 0.000286717 0.00299993 3.01425e-05 0.000521185 0.000235915 0.00095731 -0.000167473 -0.000614661 0.000137574 -0.000654942 0.00049999 -0.000467234 -0.000166341 -0.00048568 -0.000589568 -0.000526115 -0.000672779 -0.00046698 -5.81172e-05 0.000554344 0.00217678 -0.000544516 -0.000344589 -0.000725727 -0.000308818 -0.00073752
internal_weight=4400 4367 1042 495 463 40 423 236 213 123 103 3325 169 3156 48 547 257 227 187 134 3108 636 261 115 41 146 74 2472 68 2404
internal_count=4400 4367 1042 495 463 40 423 236 213 123 103 3325 169 3156 48 547 257 227 187 134 3108 636 261 115 41 146 74 2472 68 2404
cat_boundaries=0 1 2
cat_threshold=546 586
is_linear=0
shrinkage=0.03


Tree=51
num_leaves=31
num_cat=1
split_feature=9 5 9 9 7 19 9 3 18 17 8 8 20 2 7 3 8 8 9 8 3 7 16 18 18 11 3 8 20 5
split_gain=0.963453 0.454306 0.579188 0.67221 1.58966 0.178861 0.236511 0.454369 0.163736 0.153081 0.309818 0.157137 0.0702099 0.102433 0.0734014 0.0974478 0.0682022 0.202017 0.324461 0.038822 0.141088 0.0346191 0.0304483 0.0539797 0.022001 0.110342 0.0173641 0.0311309 0.00725543 0.0325017
threshold=0.97957695113056176 0.17342799188640975 0.80598103574033564 0.92924872355944577 0.13361070511376938 0 0.53610503282275734 0.054687500000000007 0.41617647058823531 0.29984682154710246 0.17796410352255287 0.16278022763403752 0.47781967737816494 0.049479166666666671 0.19614921917087011 0.065104166666666671 0.19010694606400499 0.23115397234354332 0.49781181619256026 0.12224515550543266 0.075520833333333343 0.11992761639997179 29.500000000000004 0.48088235294117648 0.49852941176470594 0.6830127018922193 0.15885416666666669 0.21743680224164993 0.44566508779923081 0.14300202839756596
decision_type=2 2 2 2 2 1 2 2 2 2 2 2 2 2 2 2 2 2 2 2 2 2 2 2 2 2 2 2 2 2
left_child=1 16 5 4 -4 6 22 -8 -7 10 -9 -11 13 -10 19 -16 21 18 -18 20 -14 24 -3 -24 28 -26 -21 -28 -1 -30
right_child=-2 2 3 -5 -6 8 7 9 12 11 -12 -13 14 -15 15 -17 17 -19 -20 26 -22 -23 23 -25 25 -27 27 -29 29 -31
leaf_value=-0.0016664901819865234 0.0007817015930859278 -0.00049565704111018897 0.00020517764036743122 -0.00017071787884440618 -0.00016850248290107737 0.00018754792713675193 0.0001686030345751091 -0.00011166644682759886 5.4817123773799567e-05 2.347289279583636e-05 0.00046346122276551174 -0.00013024146262295247 -0.0004533043187872554 -0.0014345852758603952 -0.00042269047692796748 0.00034621834816318624 -5.9601205229970897e-05 -0.00048588477107335394 0.00033337722347619023 -0.00024984191027062526 0.00010699065231643077 -1.5115155264512164e-05 -4.656903886206035e-06 6.4582159046851372e-07 -0.00096756602241258015 5.3265771945192121e-05 -1.8686005586019003e-05 -0.00088700742831272945 -0.00019701080505898607 -0.00044418098706527779
leaf_weight=2240 33 114 37 48 35 20 38 29 20 21 36 99 60 21 22 21 29 125 26 612 21 26 40 38 116 29 20 33 25 366
leaf_count=2240 33 114 37 48 35 20 38 29 20 21 36 99 60 21 22 21 29 125 26 612 21 26 40 38 116 29 20 33 25 366
internal_value=-0.000402272 -0.000440862 8.12345e-06 0.00199998 0.00383328 -0.000180829 0.000326471 0.000998875 -0.000427324 0.000385134 0.00155767 -0.000249997 -0.000496987 0.000713398 -0.000559885 0.000645335 -0.000649395 -8.33322e-05 0.00143179 -0.000629355 -9.25843e-06 -0.000685759 -0.000437497 1.92312e-05 -0.000695964 -0.000336204 -0.000704885 -0.000183958 -0.000715791 -0.000596545
internal_weight=4400 4367 1385 120 72 1265 415 223 850 185 65 120 830 41 789 43 2982 180 55 746 81 2802 192 78 2776 145 665 53 2631 391
internal_count=4400 4367 1385 120 72 1265 415 223 850 185 65 120 830 41 789 43 2982 180 55 746 81 2802 192 78 2776 145 665 53 2631 391
cat_boundaries=0 1
cat_threshold=514
is_linear=0
shrinkage=0.03


Tree=52
num_leaves=31
num_cat=1
split_feature=9 5 19 9 0 9 3 7 16 18 9 0 16 16 10 16 3 8 8 9 2 16 10 17 8 0 0 3 8 2
split_gain=0.958315 0.530145 0.5987 1.94017 1.25735 0.245954 0.357132 0.639965 0.246925 0.127474 0.135195 0.419021 0.215095 0.331997 0.071448 0.325065 0.446409 0.0541856 0.13885 0.224013 0.0455742 0.0425776 0.102592 0.0413034 0.0331682 0.0297442 0.125808 0.0176946 0.030768 0.00873685
threshold=0.97957695113056176 0.16328600405679514 0 0.80598103574033564 0.62715923987447197 0.51677607585703877 0.049479166666666671 0.075471023833399251 3.5000000000000004 0.49264705882352944 0.57148067104303446 0.55485698752022106 14.500000000000002 8.5000000000000018 -0.5 29.500000000000004 0.054687500000000007 0.19010694606400499 0.23115397234354332 0.49781181619256026 0.20052083333333334 29.500000000000004 -0.5 0.22878903923070382 0.24281010727125305 0.46191480048608763 0.46376833820953017 0.15885416666666669 0.24281010727125305 0.080729166666666671
decision_type=2 2 1 2 2 2 2 2 2 2 2 2 2 2 2 2 2 2 2 2 2 2 2 2 2 2 2 2 2 2
left_child=1 17 3 5 -5 21 7 -7 -8 10 11 -10 13 -12 15 -4 -17 25 19 -19 27 -3 -23 -14 -24 29 -27 -16 -29 -1
right_child=-2 2 14 4 -6 6 8 -9 9 -11 12 -13 23 -15 20 16 -18 18 -20 -21 -22 22 24 -25 -26 26 -28 28 -30 -31
leaf_value=-0.0013560823642438803 0.0007582505452933513 -0.00049159311055986706 -0.00075534238733299857 0.00022332749496991477 4.3455036650635031e-05 -0.0010101730747784448 0.00017724992822868558 0.00077815109199556604 -0.00016805037581111407 -4.4515091106738259e-05 -0.00036662722190529922 0.00078142528645136489 1.9344768386885924e-06 2.3153839553816489e-05 -0.0002436025859582692 -5.3362254373756605e-05 0.00034218393062043859 -5.1924967483595218e-05 -0.00070920662088839797 0.00038644846449379522 -9.7410116945346843e-06 1.2861985809852426e-05 -8.8267460713511124e-05 -6.1490350581251918e-05 -6.9415332220522088e-07 9.8182928237597724e-05 -0.00053267533793599151 -1.8125425418440022e-05 -0.00044242071812853885 -0.00078269560720138534
leaf_weight=2441 33 162 150 30 21 20 21 25 22 93 21 20 20 23 599 28 28 23 93 21 20 24 74 95 23 25 92 20 32 101
leaf_count=2441 33 162 150 30 21 20 21 25 22 93 21 20 20 23 599 28 28 23 93 21 20 24 74 95 23 25 92 20 32 101
internal_value=-0.000388636 -0.000427123 1.38454e-05 0.000666903 0.0063087 0.000229783 0.000749999 0.00324993 0.000392857 0.000168367 0.000593281 0.00210709 0.000193396 0.00197723 -0.00050479 -2.18438e-05 0.00192854 -0.000674892 -9.30643e-05 0.00129543 -0.00066058 -0.000431977 -6.19758e-06 -0.000489125 -0.000440716 -0.000704869 -0.000237177 -0.000703915 -0.000173073 -0.000726396
internal_weight=4400 4367 1571 694 51 643 360 45 315 294 201 42 159 44 877 206 56 2796 137 44 671 283 121 115 97 2659 117 651 52 2542
internal_count=4400 4367 1571 694 51 643 360 45 315 294 201 42 159 44 877 206 56 2796 137 44 671 283 121 115 97 2659 117 651 52 2542
cat_boundaries=0 1
cat_threshold=562
is_linear=0
shrinkage=0.03


Tree=53
num_leaves=31
num_cat=2
split_feature=5 19 7 3 11 13 1 4 5 16 10 3 2 0 17 17 7 11 0 19 11 2 17 2 10 0 18 5 18 11
split_gain=0.786623 0.424034 0.60545 0.805084 0.586924 0.176613 0.307678 0.172658 0.14155 0.166369 0.810911 0.803654 0.179032 0.162333 0.0972355 0.191649 0.0866067 0.0691911 0.102433 0.0673947 0.236516 0.063506 0.137518 0.0435529 0.0421865 0.0404752 0.0387125 0.0282596 0.0027088 0.0185943
threshold=0.33975659229208927 0 0.16947311116436589 0.13281250000000003 1.0000000180025095e-35 -0.56174490092936669 0.14322916666666669 0.22656250000000003 0.14503042596348886 28.500000000000004 -0.5 0.085937500000000014 0.049479166666666671 0.43918682946971144 0.29807587908879368 0.28756173355752562 0.073252975929760156 -0.9330127018922193 0.48742419676937737 1 -0.24999999999999994 0.075520833333333343 0.24210705471874738 0.14322916666666669 0.93301270189221952 0.44245385302474427 0.50735294117647067 0.46855983772819482 0.4661764705882353 0.6830127018922193
decision_type=2 1 2 2 2 2 2 2 2 2 2 2 2 2 2 2 2 2 2 1 2 2 2 2 2 2 2 2 2 2
left_child=7 2 3 4 -2 6 -3 8 21 19 11 12 -11 -12 15 17 -14 18 -15 20 -10 26 -23 -16 -7 -24 28 -4 29 -1
right_child=1 5 27 -5 -6 24 -8 -9 9 10 13 -13 16 14 23 -17 -18 -19 -20 -21 -22 22 25 -25 -26 -27 -28 -29 -30 -31
leaf_value=-0.0015180436589671692 0.00011652119264361248 -0.00013852852921855628 -1.0761297109062348e-05 0.00075224153352974605 -0.00030005427068891102 -3.8893538810424997e-05 0.0011052324643191487 0.00019137017477750305 5.9872895533071392e-06 0.00016577327051679774 4.7943658039352532e-05 0.00071649904031171989 -5.1484429162957115e-05 -0.0007929391135491745 -0.00032792644703317613 3.9283128409606898e-05 3.5157509970424324e-05 -6.0291831265677389e-05 1.557210102355689e-05 -0.00033093737223632359 -0.00066889677302647257 0.00038746952210336037 -0.00092143145299969928 -1.0132771197857979e-05 -4.1418613201367886e-05 -3.9340498621527747e-05 -0.00058824108266646979 7.6470589154063444e-05 -0.0015079001252458382 -0.00024894866734606505
leaf_weight=272 23 26 26 21 27 108 26 20 28 33 20 22 38 21 504 29 27 100 20 694 78 20 85 22 20 20 25 20 1979 46
leaf_count=272 23 26 26 21 27 108 26 20 28 33 20 22 38 21 504 29 27 100 20 694 78 20 85 22 20 20 25 20 1979 46
internal_value=-0.000422726 0.00106818 0.0023799 0.00432036 0.00224996 7.89476e-05 0.00155766 -0.000530647 -0.000544268 -0.000328239 -3.22959e-05 0.00224998 0.00108672 -0.000414803 -0.000491378 0.000132353 0.000173075 -0.000324465 0.000713398 -0.000637498 9.05171e-05 -0.000688699 -2.9999e-05 -0.000692964 -0.00051562 -0.000464281 -0.000724159 -9.78232e-05 -0.000736938 -0.000655658
internal_weight=4400 297 117 71 50 180 52 4103 4083 1636 836 120 98 716 696 170 65 141 41 800 106 2447 125 526 128 105 2322 46 2297 318
internal_count=4400 297 117 71 50 180 52 4103 4083 1636 836 120 98 716 696 170 65 141 41 800 106 2447 125 526 128 105 2322 46 2297 318
cat_boundaries=0 1 2
cat_threshold=548 768
is_linear=0
shrinkage=0.03


Tree=54
num_leaves=31
num_cat=1
split_feature=9 4 5 9 7 5 0 19 7 4 4 7 6 0 5 7 2 11 9 6 2 2 10 0 4 0 3 8 7 8
split_gain=0.978951 0.271814 0.216568 0.282029 0.933304 0.151854 0.145916 0.101114 0.143747 0.276182 0.30023 0.142445 0.193916 0.390353 0.0715721 0.111105 0.0634681 0.1373 0.181992 0.0386739 0.03633 0.0312058 0.0211639 0.0261892 0.0204497 0.0282596 0.0193961 0.0428734 0.0863496 0.0397949
threshold=0.97957695113056176 0.22135416666666669 0.14503042596348886 0.88366156090444947 0.10937795756218473 0.53448275862068972 0.42698937538429221 0 0.077908510372592374 0.11197916666666667 0.12760416666666669 0.067389213475357965 0.33317972350230424 0.52923474082410504 0.15517241379310348 0.050725144218469499 0.075520833333333343 0.25000000000000017 0.30415754923413574 0.27419354838709686 0.19010416666666669 0.18489583333333334 0.93301270189221952 0.6006938435474457 0.10156250000000001 0.39901254266984126 0.085937500000000014 0.18809772008987066 0.097920479806488284 0.12808689612673749
decision_type=2 2 2 2 2 2 2 1 2 2 2 2 2 2 2 2 2 2 2 2 2 2 2 2 2 2 2 2 2 2
left_child=1 2 16 5 -5 6 -4 8 9 11 -11 14 -13 -14 15 -8 24 -18 -19 -10 26 22 -21 -24 -1 -26 -9 28 29 -28
right_child=-2 -3 3 4 -6 -7 7 20 19 10 -12 12 13 -15 -16 -17 17 18 -20 21 -22 -23 23 -25 25 -27 27 -29 -30 -31
leaf_value=-0.0014631418659577923 0.00071293578292866032 0.00015312360415616617 4.5522826209998863e-05 -0.00011942840947061719 0.00016213212837972907 0.0012464594425278294 -0.00092618012969773852 -0.00034929305828034537 -0.00077732456506901656 0.00052907011891796009 -5.6348692263099488e-06 -0.00060957597735004736 2.6396696579765517e-05 -0.00032624177019489198 -0.00021112426071435934 0.00010773284026072763 -0.00068079004560485693 -0.0017068481999480767 0.00044126932941741917 -1.4998628925445871e-05 -0.00012880066328943272 0.0001070405224773273 -0.00062275178565455145 8.9094191096222062e-06 -5.3595888111180813e-05 -0.0009347149101653436 3.6072004319080434e-06 -0.00027350078060504488 3.1546644680716836e-05 -0.00031616814667633723
leaf_weight=2265 33 28 21 70 35 20 25 616 20 30 34 37 29 24 186 20 82 20 23 336 23 26 22 20 20 26 20 184 27 78
leaf_count=2265 33 28 21 70 35 20 25 616 20 30 34 37 29 24 186 20 82 20 23 336 23 26 22 20 20 26 20 184 27 78
internal_value=-0.000443181 -0.000482081 -0.000501094 -0.000261297 0.00124999 -0.000349554 -0.000378795 -0.000408508 -0.000154761 0.000262987 0.00206247 -9.57934e-05 0.000916657 0.00208015 -0.000490257 0.000583321 -0.000688423 -2.9999e-05 0.00134299 -0.000537734 -0.000616909 -0.000601483 -0.000670632 -3.57127e-05 -0.000724036 -9.78232e-05 -0.000652701 -0.000458736 -2.9999e-05 -0.000443872
internal_weight=4400 4367 4339 1903 105 1798 1778 1757 809 385 64 321 90 53 231 45 2436 125 43 424 948 404 378 42 2311 46 925 309 125 98
internal_count=4400 4367 4339 1903 105 1798 1778 1757 809 385 64 321 90 53 231 45 2436 125 43 424 948 404 378 42 2311 46 925 309 125 98
cat_boundaries=0 1
cat_threshold=610
is_linear=0
shrinkage=0.03


Tree=55
num_leaves=29
num_cat=0
split_feature=9 20 9 9 6 6 9 9 11 11 9 3 18 16 6 3 17 3 18 3 3 6 2 12 6 20 17 17
split_gain=1.53653 0.497012 0.381867 0.417076 0.433208 0.418154 0.468687 0.653945 0.279992 0.142038 0.475995 0.755236 0.215379 0.100457 0.236575 0.406325 0.0696318 0.113548 0.0629057 0.0909045 0.0603166 0.101582 0.0457439 0.0439015 0.0214016 0.0646259 0.359984 0.0363909
threshold=0.97957695113056176 0.55485698752022106 0.53610503282275734 0.57148067104303446 0.64377880184331815 0.62350230414746555 0.80598103574033564 0.92924872355944577 0.6830127018922193 0.6830127018922193 0.5970094821298324 0.028645833333333336 0.50441176470588245 29.500000000000004 0.30552995391705079 0.059895833333333336 0.19138796698153357 0.10677083333333334 0.48676470588235299 0.033854166666666671 0.11197916666666667 0.55714285714285727 0.070312500000000014 0.87837969732492682 0.32304147465437794 0.4724571835247911 0.28756173355752562 0.36282018551612638
decision_type=2 2 2 2 2 2 2 2 2 2 2 2 2 2 2 2 2 2 2 2 2 2 2 2 2 2 2 2
left_child=1 9 -3 -4 5 6 8 -8 20 16 12 -12 13 -11 18 -16 17 -1 22 -20 -5 -22 -15 -6 -18 26 -26 -27
right_child=-2 2 3 4 23 -7 7 -9 -10 10 11 -13 -14 14 15 -17 24 -19 19 -21 21 -23 -24 -25 25 27 -28 -29
leaf_value=4.9497304203950994e-05 0.00069712721097253281 -4.7785946701243932e-05 0.0014765515474409248 -0.00015674555626809592 -2.0164354942021066e-05 0.00024850160835242994 0.00025312755600784905 -7.8499428000743118e-05 0.0002192927567328452 -0.0010635253005114842 -0.00050381102180444893 0.00058064738192402756 3.1999982106998411e-05 -0.0012259129177794124 0.00043337752245154034 -2.028597762794802e-05 -0.0011922858141194992 -0.00022746942410985935 -0.00064311220280899761 0.00030345065216662228 2.6936082428092178e-05 -0.00018838638111550756 -6.8045433631027017e-05 1.254821802304756e-07 -0.00035465942520666183 -0.0001709061177708944 4.7175090603705204e-05 -2.5412849949095094e-06
leaf_weight=21 29 198 21 95 144 26 22 26 35 641 41 35 34 215 21 24 2065 31 22 22 21 24 20 20 80 457 20 26
leaf_count=21 29 198 21 95 144 26 22 26 35 641 41 35 34 215 21 24 2065 31 22 22 21 24 20 20 80 457 20 26
internal_value=-0.000391568 -0.000436861 0.000341772 0.000839861 0.000630144 0.00141867 0.000998875 0.00362493 0.000278571 -0.000567218 -0.00027558 0.00201313 -0.000449699 -0.000532382 -0.000101851 0.00191662 -0.000683332 0.000403839 -0.000427417 0.000613623 -0.000321426 0.000583321 -0.000622337 -0.000567069 -0.000704682 -0.000544166 0.000149999 -0.000687886
internal_weight=4436 4407 632 434 413 249 223 48 175 3775 1075 76 999 965 324 45 2700 52 279 44 140 45 235 164 2648 583 100 483
internal_count=4436 4407 632 434 413 249 223 48 175 3775 1075 76 999 965 324 45 2700 52 279 44 140 45 235 164 2648 583 100 483
is_linear=0
shrinkage=0.03


Tree=56
num_leaves=29
num_cat=0
split_feature=9 5 17 20 9 7 16 10 20 10 20 3 9 6 20 9 3 17 17 1 4 1 3 7 5 7 8 9
split_gain=1.5456 0.417194 0.213463 0.369761 0.668305 0.377589 0.187825 0.690428 1.11826 0.707079 1.09874 0.668562 0.270663 0.0618406 0.216187 0.114753 0.298023 0.0481751 0.123909 0.0438641 0.0433536 0.0378038 0.034631 0.0346142 0.0276433 0.0170909 0.0610134 0.118361
threshold=0.97957695113056176 0.34381338742393514 0.33310749330662537 0.63245318005513651 0.72611232676878201 0.14842600721355023 29.500000000000004 -0.5 0.44566508779923081 -0.6830127018922193 0.49332608432250175 0.065104166666666671 0.63493800145878942 0.30921658986175121 0.41625612619461377 0.70386579139314387 0.070312500000000014 0.36171389668964354 0.36886222449153272 0.049479166666666671 0.10156250000000001 0.19531250000000003 0.14843750000000003 0.10220618182554275 0.15517241379310348 0.070577206193085482 0.12329638088264598 0.5977388767323123
decision_type=2 2 2 2 2 2 2 2 2 2 2 2 2 2 2 2 2 2 2 2 2 2 2 2 2 2 2 2
left_child=1 6 -3 4 5 23 17 8 19 12 -11 -12 -10 20 -15 24 -17 -1 -19 -8 25 -5 -18 -4 -16 -9 27 -27
right_child=-2 2 3 21 -6 -7 7 13 9 10 11 -13 -14 14 15 16 22 18 -20 -21 -22 -23 -24 -25 -26 26 -28 -29
leaf_value=-0.00059309622896321892 0.0006762133946433583 -5.1848020234056925e-05 -5.8021421862130765e-05 -0.00010272369046762451 0.00017315486032486586 0.00087132911246491141 -0.0018427336347666809 -0.0012125719357219871 2.8166262132010638e-05 0.00042649964092235577 -1.1950159360161952e-05 0.0011108961144325026 -0.00078966056200741616 0.00021837917346331534 -1.3096558443534248e-05 0.00019233589290539762 -6.8095359705420158e-05 2.1674198212691004e-05 -0.0003196312386717774 0.00014697447004143177 -3.7007469526609161e-05 -2.0613849685273246e-05 2.4645051803645037e-06 -4.831999070374711e-05 -3.0184052145983553e-05 0.00029435299938549374 -0.0011206521522627939 -0.0015458060809864721
leaf_weight=2112 29 70 20 62 31 25 143 940 21 20 23 20 36 31 33 20 56 23 57 20 21 20 21 45 343 20 145 29
leaf_count=2112 29 70 20 62 31 25 143 940 21 20 23 20 36 31 33 20 56 23 57 20 21 20 21 45 343 20 145 29
internal_value=-0.000411857 -0.000457283 0.00067857 0.00117118 0.00222519 0.000916657 -0.000532292 -0.000317455 0.00105212 0.00324997 0.00544039 0.00273831 0.000828934 -0.000551084 -0.000273808 -0.000432874 0.000487109 -0.000722627 7.15247e-10 -0.000565947 -0.000672077 -0.000384141 -0.000360384 -0.000288456 -0.00067021 -0.000697089 -0.000440719 0.000474481
internal_weight=4436 4407 273 203 121 90 4134 1942 283 120 63 43 57 1659 504 473 97 2192 80 163 1155 82 77 65 376 1134 194 49
internal_count=4436 4407 273 203 121 90 4134 1942 283 120 63 43 57 1659 504 473 97 2192 80 163 1155 82 77 65 376 1134 194 49
is_linear=0
shrinkage=0.03


Tree=57
num_leaves=31
num_cat=1
split_feature=9 0 3 9 8 8 8 1 11 9 8 6 19 8 9 17 6 3 7 2 1 0 1 8 9 2 18 0 3 3
split_gain=1.54257 0.425481 0.245211 0.45004 0.759514 0.422558 0.170582 0.162568 0.243615 0.455866 0.308046 0.282306 0.139756 0.241467 0.155766 0.224986 0.074281 0.115289 0.139455 0.369102 0.0907165 0.041869 0.0417346 0.0379518 0.0365942 0.0663632 0.023294 0.0261892 0.0205294 0.0272715
threshold=0.97957695113056176 0.59743234789882671 0.12239583333333334 0.72611232676878201 0.28376229104135253 0.17890958504461263 0.45124786281757862 0.039062500000000007 0.6830127018922193 0.5948212983223925 0.10359946987571743 0.3147465437788019 0 0.13549404229770393 0.51677607585703877 0.32478086971321596 0.32304147465437794 0.059895833333333336 0.060420512343985253 0.059895833333333336 0.054687500000000007 0.60199702478080097 0.11718750000000001 0.1142210635865936 0.24507658643326041 0.070312500000000014 0.436764705882353 0.44050775762703082 0.15885416666666669 0.18489583333333334
decision_type=2 2 2 2 2 2 2 2 2 2 2 2 1 2 2 2 2 2 2 2 2 2 2 2 2 2 2 2 2 2
left_child=1 7 3 5 -5 -3 -7 26 16 10 -10 -11 13 -12 -15 -16 -9 18 19 -18 -20 -4 -22 -19 25 -25 27 -1 -26 -30
right_child=-2 2 21 4 -6 6 -8 8 9 11 12 -13 -14 14 15 -17 17 23 20 -21 22 -23 -24 24 28 -27 -28 -29 29 -31
leaf_value=2.7900371742254488e-06 0.00065592699280405601 3.1746229217614437e-05 0.0001176536818586406 0.00021941760427920479 -0.00013304904297351255 -2.3203783081382688e-05 0.00089503613069415958 -0.00077735832533204496 0.00048593643514572757 0.00028594886492883315 0.00020416002677700335 0.00016666774723037467 -0.00019263365683809297 -0.00014262326638056223 0.0010775692309995279 -0.00043547724585338852 -0.0010440837787181628 -4.2284791593983732e-05 1.6063049100107852e-05 6.2169758084835026e-05 -0.00037932756731716801 -3.8367213508232131e-05 -9.3272362209474901e-07 1.2074707210603811e-05 -0.00011304281072842207 -0.00097069486780014438 -0.0013387687835487749 -0.00029648649593319923 2.4976740008175396e-06 -0.00024259463947198291
leaf_weight=20 29 26 20 34 23 116 20 886 22 26 22 36 252 90 20 20 26 20 28 23 101 103 20 34 411 44 1898 22 20 24
leaf_count=20 29 26 20 34 23 116 20 886 22 26 22 36 252 90 20 20 26 20 28 23 101 103 20 34 411 44 1898 22 20 24
internal_value=-0.000405094 -0.000450476 0.000565789 0.0011678 0.00346047 0.00036111 -0.000308821 -0.000535977 -0.000354705 0.000233607 -0.000116196 0.00263705 -0.000304454 0.000407406 -5.76911e-05 0.00149996 -0.000530084 -0.000310585 0.000310605 0.00169895 -0.000145971 -0.000506093 -0.000502061 -0.000533 -0.000581143 1.92312e-05 -0.000734535 -3.57127e-05 -0.000684064 -6.81796e-05
internal_weight=4436 4407 342 219 57 162 136 4065 2125 488 426 62 404 152 130 40 1637 751 198 49 149 123 121 553 533 78 1940 42 455 44
internal_count=4436 4407 342 219 57 162 136 4065 2125 488 426 62 404 152 130 40 1637 751 198 49 149 123 121 553 533 78 1940 42 455 44
cat_boundaries=0 1
cat_threshold=194
is_linear=0
shrinkage=0.03


Tree=58
num_leaves=31
num_cat=1
split_feature=9 7 19 9 8 9 2 13 16 11 8 7 4 8 18 0 0 10 7 3 16 9 8 8 0 10 3 18 3 0
split_gain=1.53653 0.367821 0.422951 1.12526 2.12128 0.325013 0.359866 0.161412 0.275758 0.330726 0.147818 0.118361 0.117557 0.245544 0.323541 0.08832 0.27004 0.0581595 0.12592 0.0542203 0.0652747 0.227436 0.0826051 0.0516835 0.123071 0.0345187 0.0666651 0.0335489 0.0257215 0.0154427
threshold=0.97957695113056176 0.086724821097632201 0 0.80598103574033564 0.28621043842988975 0.57330415754923425 0.11718750000000001 -0.56174490092936669 27.500000000000004 0.6830127018922193 0.19010694606400499 0.10698939372466877 0.085937500000000014 0.1160777868849175 0.47794117647058826 0.55485698752022106 0.57229813476139524 0.93301270189221952 0.11146912280415879 0.044270833333333336 29.500000000000004 0.30598103574033558 0.088210155466507345 0.19010694606400499 0.48396969785105232 0.68301270189221941 0.059895833333333336 0.4661764705882353 0.033854166666666671 0.52800106982563555
decision_type=2 2 1 2 2 2 2 2 2 2 2 2 2 2 2 2 2 2 2 2 2 2 2 2 2 2 2 2 2 2
left_child=1 12 3 5 -5 -3 11 8 -4 10 -10 -7 19 14 -14 28 -17 -9 -19 -1 29 -22 -23 25 -25 -24 -27 -18 -15 -21
right_child=-2 2 7 4 -6 6 -8 17 9 -11 -12 -13 13 15 -16 16 27 18 -20 20 21 22 23 24 -26 26 -28 -29 -30 -31
leaf_value=-0.0012448002615719665 0.00063624918301993501 -0.00022083994857583845 -8.9534557963960612e-05 0.00024205520595331573 -0.00010508875510117288 7.7838986439536316e-06 0.00023583846953197392 -3.3685051063159404e-05 1.9548432903703417e-05 0.0012274018203546288 -0.00013859182838911742 -3.377416847489373e-05 -0.0012428905079414443 -0.00029738009899705429 0.00030577606398784395 0.00052874756020600277 -2.9889504192397093e-05 2.0147878896861772e-05 -0.00019550574045441694 -0.0006482017602259815 8.4921538683168285e-05 0.00013296345314243419 -0.00047665246144457232 0.00031646654804502028 -0.00054385550539038036 1.8625397911488602e-05 -0.00035448552482575743 -0.00015549088706157493 -7.3987409676381735e-05 -0.00039394148804087982
leaf_weight=1992 29 114 94 20 22 20 20 441 34 31 43 29 20 34 23 22 22 20 34 498 29 33 313 20 32 36 54 62 237 58
leaf_count=1992 29 114 94 20 22 20 20 441 34 31 43 29 20 34 23 22 22 20 34 498 29 33 313 20 32 36 54 62 237 58
internal_value=-0.000391568 -0.000436861 9.59876e-05 0.0011968 0.00567844 0.000233606 0.00185867 -0.00027263 0.000438117 0.00147221 0.000418826 0.000474481 -0.000577833 -0.000107142 0.00204065 -0.00035212 0.000382073 -0.00056818 0.000361105 -0.000642332 -0.000470409 -0.000227755 -0.000381146 -0.000486262 0.000403839 -0.000601114 -8.33317e-05 -0.000392852 -0.000639296 -0.000696041
internal_weight=4436 4407 922 225 42 183 69 697 202 108 77 49 3485 420 43 377 106 495 54 3065 1073 517 488 455 52 403 90 84 271 556
internal_count=4436 4407 922 225 42 183 69 697 202 108 77 49 3485 420 43 377 106 495 54 3065 1073 517 488 455 52 403 90 84 271 556
cat_boundaries=0 1
cat_threshold=560
is_linear=0
shrinkage=0.03


Tree=59
num_leaves=31
num_cat=2
split_feature=0 19 4 8 0 8 19 8 4 4 3 8 1 11 12 3 3 18 17 6 7 6 11 16 3 0 17 0 13 16
split_gain=0.821624 0.724566 0.898828 1.47192 0.218038 0.351139 0.225524 0.208409 0.256995 0.595201 0.194661 0.172978 0.295554 0.163718 0.47617 0.139884 0.277115 0.357192 0.0469219 0.13442 0.0418043 0.0341711 0.0876045 0.234373 0.267848 0.224979 0.0465105 0.0321417 0.0281533 0.0152346
threshold=0.59743234789882671 0 0.091145833333333343 0.28376229104135253 0.46191480048608763 0.098555133216983518 1 0.19814297748565238 0.11197916666666667 0.13281250000000003 0.11718750000000001 0.17890958504461263 0.12760416666666669 0.6830127018922193 1.0000000180025095e-35 0.059895833333333336 0.039062500000000007 0.48382352941176471 0.38435026806229261 0.40599078341013833 0.33804259110067586 0.20519397970534159 0.6830127018922193 29.500000000000004 0.044270833333333336 0.4145153769509492 0.19874904263466944 0.42795921805502896 0.81174490092936691 29.500000000000004
decision_type=2 1 2 2 2 2 1 2 2 2 2 2 2 2 2 2 2 2 2 2 2 2 2 2 2 2 2 2 2 2
left_child=4 2 10 -4 21 -6 7 8 13 -10 -2 12 -3 15 -15 16 -7 -18 29 -20 -13 -1 26 -24 27 -26 -23 -25 -17 -8
right_child=1 11 3 -5 5 6 18 -9 9 -11 -12 20 -14 14 -16 28 17 -19 19 -21 -22 22 23 24 25 -27 -28 -29 -30 -31
leaf_value=-0.002544846889976421 -2.6785828829599359e-05 2.8514417417464507e-05 0.00061576683214640312 6.321453941694493e-05 0.00039310045070488917 -0.0006338390221486401 -0.00040444745385106144 -4.9437848786307069e-05 0.001016972093721723 -3.7713083632448088e-06 0.00018574578807768099 -3.1623742804967091e-05 -3.8413599475845849e-05 -0.00015661404834182475 0.00011578354949248695 -0.00021696128373918243 2.2985663569717729e-05 -0.00055806708024297089 -0.00010497985948710325 0.00033831096779550441 0.00080839459523615544 -0.00010387537861153231 -0.00080927475197522766 -0.00015041882849093654 0.00053854559612801932 4.8621419282615071e-05 -0.00065369062424764062 -0.00036176612221828239 -0.00022761221800266258 -2.1478342803641644e-05
leaf_weight=1610 43 28 30 33 20 54 426 139 21 21 28 151 30 32 28 129 38 23 41 20 21 20 160 36 20 20 833 20 29 332
leaf_count=1610 43 28 30 33 20 54 426 139 21 21 28 151 30 32 28 129 38 23 41 20 21 20 160 36 20 20 833 20 29 332
internal_value=-0.000384805 0.000980767 0.0026354 0.00544039 -0.000506875 -0.000195675 -0.000254875 0.000237596 0.000609999 0.00282136 0.000517599 -9.37489e-05 0.00131894 0.000331081 0.00174997 1.92314e-05 0.000815211 0.00220078 -0.000560011 0.000233603 -0.000575577 -0.000661731 -0.000533588 -4.68741e-05 0.00112499 0.00299993 -0.000679659 -0.000214281 -0.000560122 -0.000631265
internal_weight=4436 364 134 63 4072 1353 1333 514 375 42 71 230 58 333 60 273 115 61 819 61 172 2719 1109 256 96 40 853 56 158 758
internal_count=4436 364 134 63 4072 1353 1333 514 375 42 71 230 58 333 60 273 115 61 819 61 172 2719 1109 256 96 40 853 56 158 758
cat_boundaries=0 1 2
cat_threshold=548 594
is_linear=0
shrinkage=0.03


Tree=60
num_leaves=31
num_cat=1
split_feature=9 5 16 10 2 1 9 9 1 2 7 4 10 1 19 9 6 4 4 2 2 7 9 13 6 0 5 7 7 0
split_gain=1.65732 0.377279 0.31881 1.41517 1.27699 0.495498 0.653034 0.342343 0.436748 0.300836 0.130769 0.101133 0.190901 0.307678 0.0891023 0.261892 0.371638 0.0479942 0.106112 0.0439037 0.0411065 0.137369 0.0370885 0.111368 0.258747 0.0336054 0.020858 0.0272715 0.017746 0.0294361
threshold=0.97957695113056176 0.14858012170385398 27.500000000000004 -0.5 0.096354166666666671 0.085937500000000014 0.4584245076586434 0.80598103574033564 0.13281250000000003 0.023437500000000003 0.067795911274033463 0.085937500000000014 0.25000000000000011 0.044270833333333336 0 0.65134938001458809 0.41705069124423971 0.11718750000000001 0.13281250000000003 0.18489583333333334 0.080729166666666671 0.043866641571054833 0.67177242888402644 -0.56174490092936669 0.54239631336405547 0.55882118566514938 0.15517241379310348 0.05578386221791292 0.088419907194990141 0.39054903600795815
decision_type=2 2 2 2 2 2 2 2 2 2 2 2 2 2 1 2 2 2 2 2 2 2 2 2 2 2 2 2 2 2
left_child=1 11 14 4 5 6 -4 9 10 -5 -9 20 -13 -14 15 17 -17 -3 -19 -16 28 -22 26 24 -24 -7 27 -11 -1 -30
right_child=-2 2 3 7 -6 25 -8 8 -10 22 -12 12 13 -15 19 16 -18 18 -20 -21 21 -23 23 -25 -26 -27 -28 -29 29 -31
leaf_value=-0.0012640278033407594 0.00060147845333081062 -0.00020469610107267126 0.00030385599287518724 4.4910273021216843e-05 0.0012646014789799852 -4.2591398715421696e-06 1.8161186684693706e-05 4.9147459370064618e-06 0.00019074054038337925 -0.00052516658594128733 -0.00014508567250271119 -0.00083844255434237832 -0.00015576647112241137 0.00014359555577546249 -0.00036040023206757607 7.5520811989798216e-05 -0.00010553155015703788 9.5558961110184181e-06 -4.2643216038320972e-05 -1.2756528598996571e-06 0.00042878418338990952 -0.00068042640117793162 -0.00047904393997975095 -3.3458178704406684e-05 2.6241477106040573e-05 2.1378720461433802e-05 -0.00011074066355182912 -0.0009175685190786516 -0.00027231126793618205 -0.00075843932462738679
leaf_weight=2240 27 143 33 26 24 41 39 21 28 20 46 85 26 26 623 21 20 23 36 22 22 68 32 101 21 20 491 24 21 34
leaf_count=2240 27 143 33 26 24 41 39 21 28 20 46 85 26 26 623 21 20 23 36 22 22 68 32 101 21 20 491 24 21 34
internal_value=-0.000382152 -0.000427861 -0.000103099 0.000273785 0.00288056 0.00173119 0.00341662 -0.00023148 0.00146051 -0.000456292 0.000145521 -0.000666732 0.000125912 0.00155766 -0.000513512 -8.89256e-06 0.00217678 -0.000452967 0.000266945 -0.000692746 -0.000712263 -8.33317e-05 -0.000575833 -0.000165583 0.000948096 -0.000258192 -0.000693923 -6.81796e-05 -0.000736927 -0.000204541
internal_weight=4404 4377 1855 967 157 133 72 810 95 715 67 2522 137 52 888 243 41 202 59 645 2385 90 689 154 53 61 535 44 2295 55
internal_count=4404 4377 1855 967 157 133 72 810 95 715 67 2522 137 52 888 243 41 202 59 645 2385 90 689 154 53 61 535 44 2295 55
cat_boundaries=0 1
cat_threshold=514
is_linear=0
shrinkage=0.03


Tree=61
num_leaves=31
num_cat=1
split_feature=5 4 16 11 17 8 12 17 5 2 11 0 5 19 8 0 0 12 2 11 2 6 2 6 10 8 5 5 8 2
split_gain=0.642636 0.518846 0.425909 1.0592 1.22007 0.77778 0.530341 0.446371 0.176163 0.157345 0.330283 0.130085 0.284702 0.12797 0.163242 0.474357 0.183425 0.14666 0.0769869 0.181368 0.044876 0.110471 0.0412311 0.0355061 0.0326566 0.0319945 0.0306437 0.148365 0.023308 0.0177383
threshold=0.50405679513184587 0.096354166666666671 27.500000000000004 0.6830127018922193 0.31529818445385432 0.26495406874879129 0.6078576107927941 0.22878903923070382 0.14503042596348886 0.023437500000000003 0.25000000000000017 0.59537384276397409 0.33164300202839764 0 0.12297886568393225 0.49630345877563281 0.45421979383876848 0.6078576107927941 0.075520833333333343 0.25000000000000017 0.13281250000000003 0.52396313364055314 0.18489583333333334 0.71013824884792642 -0.93301270189221908 0.09742181278566435 0.23833671399594322 0.26064908722109537 0.16822606371660098 0.10156250000000001
decision_type=2 2 2 2 2 2 2 2 2 2 2 2 2 1 2 2 2 2 2 2 2 2 2 2 2 2 2 2 2 2
left_child=1 8 11 5 -5 28 7 -7 18 10 -10 -3 -13 14 15 17 -16 -11 -1 -20 24 -22 25 -14 -18 -15 -26 -28 -4 -27
right_child=-2 2 3 4 -6 6 -8 -9 9 13 -12 12 23 22 16 -17 20 -19 19 -21 21 -23 -24 -25 26 29 27 -29 -30 -31
leaf_value=-0.0012786166020714565 0.00068651511527459007 -0.00035718276073178203 -7.365620878082687e-05 0.00094852488654067037 1.9737643640823891e-05 1.0979924034194951e-05 -1.2339273609051975e-05 0.00058622385049675221 -0.00084810266146073665 -0.0003787412518407345 4.3406318140937555e-05 9.4707639281874904e-06 -1.7144774878767715e-05 2.2248604486440129e-05 3.0565374898158446e-05 0.00010327619303024762 -0.000412627848734137 8.388242198630455e-05 -0.0012558442799235664 0.0003451812119402303 0.0001017057993391145 -0.00025104490655363014 0.0001388987638862696 -7.8800862720595894e-05 -0.00048374232905705852 -0.00020606539226089508 8.2697691335739145e-06 -0.00016361246116137503 -0.00010081506679038758 -5.1333362303257516e-05
leaf_weight=2248 33 233 35 21 30 23 22 25 34 55 27 20 49 26 34 20 22 20 74 34 21 29 20 20 254 553 21 74 155 172
leaf_count=2248 33 233 35 21 30 23 22 25 34 55 27 20 49 26 34 20 22 20 74 34 21 29 20 20 254 553 21 74 155 172
internal_value=-0.00037534 -0.000406828 0.000387441 0.00117926 0.00513225 0.000403845 0.0031071 0.0048749 -0.000541331 -0.00027243 0.00121719 -0.000377327 0.000598309 -0.000341218 1.33935e-05 0.00114473 -0.000222526 5e-05 -0.000699065 8.33333e-05 -0.000393704 0.000449992 -0.000586746 -0.000315212 -0.00050741 -0.000630158 -0.000578078 -0.000118419 -0.000592101 -0.00066724
internal_weight=4404 4371 633 311 51 260 70 48 3738 1382 61 322 89 1321 550 95 455 75 2356 108 421 50 771 69 371 751 349 95 190 725
internal_count=4404 4371 633 311 51 260 70 48 3738 1382 61 322 89 1321 550 95 455 75 2356 108 421 50 771 69 371 751 349 95 190 725
cat_boundaries=0 1
cat_threshold=720
is_linear=0
shrinkage=0.03


Tree=62
num_leaves=31
num_cat=0
split_feature=9 5 10 16 3 9 7 2 6 15 16 20 9 20 9 13 9 6 3 6 9 7 9 3 7 7 2 5 5 9
split_gain=1.65732 0.41579 0.250882 2.31277 1.13081 0.595201 0.352923 0.131917 0.240683 0.126301 0.123685 0.101941 0.162877 0.417533 0.474701 0.0760019 0.142784 0.0682548 0.206461 0.045527 0.134133 0.043975 0.0375605 0.0303909 0.0159614 0.0327574 0.0151836 0.0343738 0.0113687 0.0370119
threshold=0.97957695113056176 0.14858012170385398 -0.5 29.500000000000004 0.085937500000000014 0.32239241429613436 0.090266055694361871 0.023437500000000003 0.2649769585253457 1.0000000180025095e-35 1.5000000000000002 0.52800106982563555 0.60649161196207169 0.55673768899067289 0.71298322392414315 -0.56174490092936669 0.72611232676878201 0.3000000000000001 0.039062500000000007 0.68525345622119838 0.57622173595915405 0.040067457934811222 0.6433260393873087 0.054687500000000007 0.088419907194990141 0.096876202392636931 0.080729166666666671 0.13691683569979718 0.15517241379310348 0.52224653537563837
decision_type=2 2 2 2 2 2 2 2 2 2 2 2 2 2 2 2 2 2 2 2 2 2 2 2 2 2 2 2 2 2
left_child=1 17 3 -3 5 -5 23 8 -4 10 -9 28 19 14 -14 16 -15 24 -19 -13 -21 -20 -17 -7 26 -26 -1 -28 29 -12
right_child=-2 2 7 4 -6 6 -8 9 -10 -11 11 12 13 15 -16 22 -18 18 21 20 -22 -23 -24 -25 25 -27 27 -29 -30 -31
leaf_value=-0.0012783723391803332 0.0005658473842159831 -0.00046426926988425542 4.3200655424207332e-05 0.00030430446663923521 0.0009186653204947677 -0.00010117036665460061 0.00095736317132283605 0.00016120619143975497 -0.00061076714383022216 2.4834536596062028e-05 -0.0005222088632738011 -0.00011131090134035948 1.9890386943604349e-05 -9.2110640174939583e-06 -4.500237901250758e-06 -3.6234383601082498e-05 0.00016284274337270777 0.00010735685583459958 -0.00035215238614446709 -0.00011262714810546022 6.4992115209462398e-06 -0.00034569455102296441 -1.6686221762894126e-05 -0.00020979838295685579 -0.00018771674873290653 -0.0018148195770309125 -0.0014369665829382413 -9.9092548593774472e-05 -0.00030076168719985895 -0.0010341344603582302
leaf_weight=2202 27 351 20 30 22 31 24 24 23 23 20 299 30 33 35 23 32 32 20 50 21 146 146 20 20 38 44 20 541 57
leaf_count=2202 27 351 20 30 22 31 24 24 23 23 20 299 30 33 35 23 32 32 20 50 21 146 146 20 20 38 44 20 541 57
internal_value=-0.000382152 -0.000427861 -8.69265e-05 0.00050523 0.00397438 0.00267855 0.00124998 -0.000292483 0.00134299 -0.000345201 -0.000383866 -0.000423659 -0.000167039 0.000353678 0.00248073 -0.000237178 0.000634606 -0.000678627 -0.000143938 -0.000587836 9.50698e-05 -0.000569273 -0.000572481 -0.000161761 -0.000724181 -0.000232754 -0.00073676 -0.000281245 -0.000701454 -0.000360384
internal_weight=4404 4377 1855 478 127 105 75 1377 43 1334 1311 1287 669 299 65 234 65 2522 198 370 71 166 169 51 2324 58 2266 64 618 77
internal_count=4404 4377 1855 478 127 105 75 1377 43 1334 1311 1287 669 299 65 234 65 2522 198 370 71 166 169 51 2324 58 2266 64 618 77
is_linear=0
shrinkage=0.03


Tree=63
num_leaves=31
num_cat=0
split_feature=9 1 11 16 10 12 2 9 12 0 3 6 16 11 0 7 1 16 7 7 8 18 3 12 1 17 9 2 7 1
split_gain=0.816597 0.38762 0.220818 0.66509 1.30219 0.847277 0.428557 0.129559 0.15853 0.238088 0.182018 0.114254 0.162926 0.426162 0.576334 0.114149 0.115627 0.350058 0.0833642 0.263917 0.0585915 0.0477909 0.0940911 0.0419168 0.0893268 0.0411732 0.0397396 0.039378 0.0375507 0.140997
threshold=0.97957695113056176 0.075520833333333343 0.6830127018922193 29.500000000000004 0.25000000000000011 1.0000000180025095e-35 0.059895833333333336 0.57330415754923425 -0.8783796973249266 0.59889677441000055 0.054687500000000007 0.3000000000000001 29.500000000000004 0.6830127018922193 0.48574118920229131 0.077483937672895853 0.10156250000000001 18.500000000000004 0.058759783341775416 0.050941457115441471 0.27719287970000966 0.49852941176470594 0.049479166666666671 1.0000000180025095e-35 0.12760416666666669 0.35549811363571898 0.44128373450036479 0.13802083333333334 0.088419907194990141 0.054687500000000007
decision_type=2 2 2 2 2 2 2 2 2 2 2 2 2 2 2 2 2 2 2 2 2 2 2 2 2 2 2 2 2 2
left_child=1 11 7 -4 5 -5 -6 -3 9 10 -9 21 25 18 -15 -10 17 -17 19 -14 23 28 -23 24 -18 27 -20 -13 -1 -30
right_child=-2 2 3 4 6 -7 -8 8 15 -11 -12 12 13 14 -16 16 20 -19 26 -21 -22 22 -24 -25 -26 -27 -28 -29 29 -31
leaf_value=-0.0011500004319991862 0.00054887196268950465 -0.00012457555262799526 -0.00053615541412432941 0.0009397812719478555 3.3307254324768701e-05 0.00088689390253087255 -5.9524283243392195e-05 -5.9539926172626629e-05 -0.00012503193404947432 -4.1377772557744855e-05 9.7474177161380464e-06 -0.00040191029590763353 -0.00060287701362721495 0.0004961674913204258 1.9844197801996162e-05 0.0001042454981486293 1.197508758832254e-05 -8.1745114135066901e-05 1.2715184680185725e-05 7.3297097790131773e-05 0.00014355711460828193 -0.00064716253930281818 2.3143708857728397e-05 -3.9943520459686965e-05 -1.7434217263458024e-05 -4.5760707484426733e-06 -0.00059412505246064003 -0.00031233258323915642 -0.0004083361909317798 0.00029752585423386028
leaf_weight=2339 27 263 141 22 28 25 84 20 174 28 22 413 40 20 31 36 26 64 22 22 36 47 27 115 36 21 153 24 76 22
leaf_count=2339 27 263 141 22 28 25 84 20 174 28 22 413 40 20 31 36 26 64 22 22 36 47 27 115 36 21 153 24 76 22
internal_value=-0.000395776 -0.000427861 5.35721e-05 0.000749998 0.00208018 0.00627114 0.000321426 -0.000201219 5.79001e-05 0.00139284 0.00282136 -0.000593413 -0.000267425 0.000291666 0.00277936 -0.000133983 0.000208467 0.00104999 -0.000243669 0.000701602 -0.000186618 -0.000690262 6.08107e-05 -0.000411014 0.000217739 -0.000618994 -0.000578567 -0.000681348 -0.000713068 -0.000137753
internal_weight=4404 4377 1120 300 159 47 112 820 557 70 42 3257 746 288 51 487 313 100 237 62 213 2511 74 177 62 458 175 437 2437 98
internal_count=4404 4377 1120 300 159 47 112 820 557 70 42 3257 746 288 51 487 313 100 237 62 213 2511 74 177 62 458 175 437 2437 98
is_linear=0
shrinkage=0.03


Tree=64
num_leaves=31
num_cat=0
split_feature=20 8 5 8 8 9 18 11 4 1 11 9 8 8 3 5 3 10 8 5 9 8 8 4 20 5 2 8 2 9
split_gain=0.459547 0.288824 0.180902 0.147693 0.322849 0.26206 0.203373 0.18604 0.604462 0.145315 0.25642 1.32807 0.256053 0.0670666 0.106064 0.107376 0.391639 0.0557379 0.096448 0.170794 0.413587 0.0495273 0.0868045 0.0480909 0.0439385 0.0397402 0.143656 0.0359144 0.0109281 0.0386353
threshold=0.52800106982563555 0.14577832249560671 0.52839756592292109 0.28376229104135253 0.26948736383125999 0.72611232676878201 0.43382352941176472 0.6830127018922193 0.096354166666666671 0.054687500000000007 0.6830127018922193 0.5970094821298324 0.114683379880801 0.19218106975147189 0.15885416666666669 0.32150101419878302 0.096354166666666671 0.68301270189221941 0.12297886568393225 0.15314401622718055 0.68088986141502572 0.15928412133379541 0.16747484369433055 0.14322916666666669 0.43227513617739172 0.1179851250845166 0.065104166666666671 0.23702998767234346 0.080729166666666671 0.30598103574033558
decision_type=2 2 2 2 2 2 2 2 2 2 2 2 2 2 2 2 2 2 2 2 2 2 2 2 2 2 2 2 2 2
left_child=9 -2 3 4 6 -6 -3 13 27 21 17 12 -12 14 15 -8 -17 23 19 -19 -21 28 -23 -11 -14 26 -24 -9 -1 -30
right_child=1 2 -4 -5 5 -7 7 8 -10 10 11 -13 24 -15 -16 16 -18 18 -20 20 -22 22 25 -25 -26 -27 -28 -29 29 -31
leaf_value=-0.0011225104014038812 3.0683981834086863e-05 9.7807755779050394e-05 0.00074704942047830816 -1.5484337134080394e-05 1.5172211395024754e-06 0.00054216993148935007 -0.00023093421700776757 -0.00045107253058541865 0.00085888326600526389 -0.00062087178406545714 0.00029607959847844934 0.00030020273948556735 -0.00026866998296046945 -2.4193833337695921e-05 1.1915358434841502e-05 1.4420267078965591e-05 -6.4946421103652958e-06 -0.00035159186929832923 -0.00071147809404083944 6.6895544217316573e-05 -0.0011408450575544175 6.1957698849057254e-05 -0.00064698039562546632 -0.00012522170449610009 -3.9191280362360916e-05 -0.00028513093557536011 0.00031352942812699962 0.00020898758830359334 -3.4830437602135426e-05 -0.00059921464862037945
leaf_weight=2209 32 27 28 178 23 20 132 51 26 504 27 21 20 201 22 28 61 59 122 32 36 31 51 20 145 170 20 20 20 68
leaf_count=2209 32 27 28 178 23 20 132 51 26 504 27 21 20 201 22 28 61 59 122 32 36 31 51 20 145 170 20 20 20 68
internal_value=-0.000423024 0.000204064 9.45538e-05 1.0457e-05 0.000231997 0.00273831 4.22542e-05 -8.45647e-05 0.00110566 -0.000572784 -0.000263184 0.000658448 -0.000124999 -0.000344593 -9.25851e-06 -0.000207012 0.000598309 -0.00051714 -0.000147589 0.0004311 0.00145586 -0.000691611 -0.000308822 -0.000692746 -0.000568178 -0.000501035 9.50698e-05 -0.000327459 -0.000736938 -0.000409086
internal_weight=4404 849 817 789 611 43 568 541 97 3555 986 213 192 444 243 221 89 773 249 127 68 2569 272 524 165 241 71 71 2297 88
internal_count=4404 849 817 789 611 43 568 541 97 3555 986 213 192 444 243 221 89 773 249 127 68 2569 272 524 165 241 71 71 2297 88
is_linear=0
shrinkage=0.03


Tree=65
num_leaves=31
num_cat=1
split_feature=9 5 6 1 8 1 7 7 8 6 4 8 17 7 11 8 7 17 19 8 6 2 2 8 5 2 0 18 18 18
split_gain=0.44143 1.00578 0.825288 0.344487 0.363607 0.220228 0.134121 0.0787349 0.142393 0.499583 0.0747885 0.290638 0.353895 0.116661 0.0937255 0.0583321 0.132675 0.129216 0.0777881 0.139283 0.209624 0.124601 0.0783383 0.0603758 0.184934 0.0423827 0.0417346 0.0247234 0.0220002 0.0201866
threshold=0.88366156090444947 0.16328600405679514 0.4806451612903227 0.10677083333333334 0.28376229104135253 0.039062500000000007 0.38780974986680611 0.051797676022028317 0.09742181278566435 0.19308755760368668 0.12239583333333334 0.18264427710219064 0.29984682154710246 0.095648249209454236 -0.9330127018922193 0.23115397234354332 0.14842600721355023 0.24427708280146376 0 0.12329638088264598 0.32304147465437794 0.023437500000000003 0.044270833333333336 0.16016043406048669 0.20993914807302233 0.17447916666666669 0.61090751480435135 0.436764705882353 0.45441176470588235 0.48676470588235299
decision_type=2 2 2 2 2 2 2 2 2 2 2 2 2 2 2 2 2 2 1 2 2 2 2 2 2 2 2 2 2 2
left_child=5 -2 -3 -4 -5 27 7 28 9 -9 15 12 -12 -14 -13 16 17 -10 19 20 22 -21 -19 -23 -25 -16 -26 -1 -7 -20
right_child=1 2 3 4 -6 6 -8 8 10 -11 11 14 13 -15 25 -17 -18 18 29 21 -22 23 -24 24 26 -27 -28 -29 -30 -31
leaf_value=2.950396388248899e-05 -0.0011807959477686189 4.4142873922849077e-05 -0.00070473404888032529 0.00052311508277880334 0.00012029757978721348 -0.0004905232193221082 0.00091659942006025658 -0.00077360897531359276 4.2517508414052076e-05 0.00040381023985767251 0.00050413452963071835 7.8036092926509623e-05 -3.2541665701300486e-05 1.4849320885193389e-05 -0.00016193163083158318 -5.3141292388001091e-05 0.00020961790686677332 0.00021414009293137235 -0.00014358340242127572 2.5445226462292923e-05 6.9728888913652275e-05 -0.00013037970947884741 -0.0013481349593222878 6.1305834431097972e-05 -0.00010640908379786486 -5.5119485626626333e-05 2.1395956833609717e-05 -0.0011339732360381733 -0.00032704890827030779 -0.00022206270346158724
leaf_weight=38 147 24 32 22 22 36 21 40 22 21 20 31 28 20 170 264 21 28 355 23 20 209 34 32 101 21 20 1833 470 288
leaf_count=38 147 24 32 22 22 36 21 40 22 21 20 31 28 20 170 264 21 28 355 23 20 209 34 32 101 21 20 1833 470 288
internal_value=-0.000403296 0.000828945 0.00314997 0.0016184 0.00334083 -0.000476355 -0.000279411 -0.00030145 -0.000207013 0.00121719 -0.000257908 0.000181035 0.00189703 0.00049999 -0.000344592 -0.000347741 -0.000255637 -0.000299469 -0.000344594 -4.2452e-05 0.00107926 -0.000282466 0.000217739 -0.000418506 3.43142e-05 -0.000592928 -0.000502061 -0.00071793 -0.000631421 -0.000554746
internal_weight=4413 247 100 76 44 4166 2295 2274 1768 61 1707 290 68 48 222 1417 1153 1132 1110 467 82 385 62 362 153 191 121 1871 506 643
internal_count=4413 247 100 76 44 4166 2295 2274 1768 61 1707 290 68 48 222 1417 1153 1132 1110 467 82 385 62 362 153 191 121 1871 506 643
cat_boundaries=0 1
cat_threshold=582
is_linear=0
shrinkage=0.03


Tree=66
num_leaves=31
num_cat=2
split_feature=0 9 7 1 5 16 10 11 9 8 8 8 7 8 19 11 0 8 8 0 1 11 19 0 6 6 7 6 7 8
split_gain=0.482026 0.492263 0.414189 0.223246 0.220619 0.248832 0.768682 0.590171 0.609233 1.0156 1.02322 0.857088 0.131579 0.136483 0.098126 0.218598 0.846726 0.133345 0.138178 0.0872698 0.238369 0.0586765 0.12591 0.163268 0.442923 0.0551976 0.304482 0.0408615 0.0282596 0.0240523
threshold=0.59294530418543168 0.89824945295404834 0.13361070511376938 0.080729166666666671 0.10158891142663963 27.500000000000004 -0.5 -0.24999999999999994 0.18745441283734501 0.18264427710219064 0.14266440600799832 0.12535289271839811 0.22769620777782279 0.16822606371660098 0 0.6830127018922193 0.47151883933976957 0.094246451924224248 0.26495406874879129 0.60478778918727494 0.14322916666666669 -0.24999999999999994 1 0.4707858179801318 0.35161290322580652 0.32304147465437794 0.058101126053317166 0.34976958525345631 0.092848179558897223 0.19218106975147189
decision_type=2 2 2 2 2 2 2 2 2 2 2 2 2 2 1 2 2 2 2 2 2 2 1 2 2 2 2 2 2 2
left_child=4 3 -3 -2 -1 21 7 -7 -9 10 11 -10 13 -5 15 17 -17 -8 25 20 -15 22 23 -6 -25 -19 -27 -28 -26 -16
right_child=1 2 -4 12 5 6 14 8 9 -11 -12 -13 -14 19 29 16 -18 18 -20 -21 -22 -23 -24 24 28 26 27 -29 -30 -31
leaf_value=-0.0019454925974118039 0.00010545410226793891 0.00050044725338077491 0.00010299918819384062 3.1710639142071136e-05 -0.00069757658789180933 -0.00061770446015439696 6.7248031811335823e-05 -0.00060531095707429413 0.00078681643119202552 -9.9290700204392074e-06 0.00040889950203252 -1.3231858456087202e-05 0.00045033233529548122 -9.5199445499497855e-05 -0.00055367628837289231 0.00051583868237332019 -2.2837557329132072e-05 -0.00066908462191906835 1.9790044863370491e-05 -3.7704773765374761e-05 0.00019629903974312238 -0.0004464529064937734 -0.00055930272540798121 4.5377224787604915e-05 -0.00065314428561175867 6.3624992057570762e-05 1.2283604464973755e-06 -0.00025611254823995936 -8.5374011850921611e-05 -3.4823077499460076e-06
leaf_weight=1632 24 27 24 21 50 54 21 29 21 26 22 21 37 49 448 20 42 246 22 188 25 828 194 20 26 23 21 127 20 105
leaf_count=1632 24 27 24 21 50 54 21 29 21 26 22 21 37 49 448 20 42 246 22 188 25 828 194 20 26 23 21 127 20 105
internal_value=-0.000382902 0.000617088 0.00336758 0.000209302 -0.000481209 -0.000297359 -4.80697e-06 0.00185115 0.00303149 0.00424995 0.00628115 0.00353563 7.15254e-10 -0.000219963 -0.000303487 -2.81884e-06 0.00166933 -0.00022826 -0.000339976 -0.000406486 0.000466211 -0.000618189 -0.000266127 0.000499997 0.0015227 -0.000462228 -4.82446e-05 -0.000547293 -9.78232e-05 -0.000576819
internal_weight=4413 395 51 344 4018 2386 1248 173 119 90 64 42 320 283 1075 522 62 460 439 262 74 1138 310 116 66 417 171 148 46 553
internal_count=4413 395 51 344 4018 2386 1248 173 119 90 64 42 320 283 1075 522 62 460 439 262 74 1138 310 116 66 417 171 148 46 553
cat_boundaries=0 1 2
cat_threshold=78 840
is_linear=0
shrinkage=0.03


Tree=67
num_leaves=31
num_cat=2
split_feature=9 4 16 11 0 9 10 7 1 8 9 1 5 9 12 1 19 8 11 11 3 19 0 7 0 4 7 4 0 2
split_gain=0.390596 0.238023 0.296118 0.434346 0.762968 1.42063 0.445815 0.156074 0.102049 0.155491 0.105614 0.296123 0.468641 0.10509 0.0733658 0.056737 0.107057 0.197231 0.0878764 0.0521704 0.119104 0.0850872 0.221097 0.134433 0.0427527 0.0311649 0.0291363 0.126663 0.0266012 0.0143603
threshold=0.97957695113056176 0.033854166666666671 27.500000000000004 0.6830127018922193 0.41625612619461377 0.39897884755652818 0.25000000000000011 0.068441601191932266 0.039062500000000007 0.095052845230286204 0.71298322392414315 0.11197916666666667 0.39046653144016236 0.30598103574033558 -0.60785761079279388 0.075520833333333343 0 0.19218106975147189 0.25000000000000017 -0.24999999999999994 0.14843750000000003 1 0.4707858179801318 0.069319605145613042 0.45545294682155407 0.065104166666666671 0.088419907194990141 0.028645833333333336 0.62715923987447197 0.080729166666666671
decision_type=2 2 2 2 2 2 2 2 2 2 2 2 2 2 2 2 1 2 2 2 2 1 2 2 2 2 2 2 2 2
left_child=1 26 19 8 5 -5 7 -6 -4 -10 13 14 -13 -11 -12 16 17 18 -15 20 21 22 -3 -24 -8 -9 29 -28 -21 -1
right_child=-2 2 3 4 6 -7 24 25 9 10 11 12 -14 15 -16 -17 -18 -19 -20 28 -22 -23 23 -25 -26 -27 27 -29 -30 -31
leaf_value=-0.0013054553196918356 0.00047566970809882324 -0.0010711517324622302 -0.00043132549758190128 -0.0016929887142755166 0.00045088826859292767 0.00075297074402200996 9.188808739585584e-06 0.00019337994521132865 5.2316999776483856e-05 8.7364186693824004e-06 7.4727005007136695e-06 0.00017152948895789706 -4.6433883098883741e-05 -0.00065510087724760034 -0.00028661540810908553 -0.00010744845980248006 -0.00057643735749288421 6.6270700946855816e-05 0.00010078366663421848 -0.00029842338910090224 0.00010859462767957503 -0.00019974311125803748 9.3080859043900328e-06 1.9820538423660512e-05 -4.0970253759802345e-05 0.00067148560762062296 -0.0002166916043025203 0.00021037985625274694 -0.0001579751110669765 -0.00061163448854471608
leaf_weight=1703 34 74 237 21 23 22 20 20 33 27 39 34 27 58 98 265 122 24 30 814 24 256 20 25 118 22 95 25 36 67
leaf_count=1703 34 74 237 21 23 22 20 20 33 27 39 34 27 58 98 265 122 24 30 814 24 256 20 25 118 22 95 25 36 67
internal_value=-0.000423691 -0.00044856 -0.000255825 7.25813e-05 0.00120122 0.00483128 0.000432265 0.00248073 -0.00020674 -3.66571e-05 -0.000128452 0.00046212 0.00220078 -0.000350759 -0.000312041 -0.000449397 -0.000108973 0.00054098 -6.81803e-05 -0.000581864 -0.000298871 -0.000429998 0.000238371 0.00191662 -0.000532604 0.00139282 -0.00070238 -0.000249997 -0.000714704 -0.00073305
internal_weight=4413 4379 2489 1240 246 43 203 65 994 757 724 198 61 526 137 499 234 112 88 1249 399 375 119 45 138 42 1890 120 850 1770
internal_count=4413 4379 2489 1240 246 43 203 65 994 757 724 198 61 526 137 499 234 112 88 1249 399 375 119 45 138 42 1890 120 850 1770
cat_boundaries=0 1 2
cat_threshold=602 833
is_linear=0
shrinkage=0.03


Tree=68
num_leaves=31
num_cat=2
split_feature=0 8 9 1 5 16 9 13 19 8 17 3 9 3 0 3 8 0 18 18 7 12 9 19 8 9 17 13 9 7
split_gain=0.683429 0.459242 0.384805 0.351235 0.18366 0.179928 0.188729 0.413587 0.161859 0.292409 0.160132 0.122776 0.151304 0.17057 0.2493 0.129953 0.103238 0.240683 0.0726536 0.104852 0.473281 0.0881994 0.0555126 0.144633 0.266357 0.0507928 0.0794517 0.0474438 0.0783639 0.0377801
threshold=0.59537384276397409 0.16822606371660098 0.97957695113056176 0.080729166666666671 0.10158891142663963 29.500000000000004 0.30598103574033558 1.0000000180025095e-35 0 0.088889909737814618 0.19874904263466944 0.12239583333333334 0.53610503282275734 0.11197916666666667 0.60478778918727494 0.070312500000000014 0.096943484910633357 0.41236253695532932 0.48676470588235299 0.48088235294117648 0.068200183856979943 -0.8783796973249266 0.58242159008023353 1 0.12329638088264598 0.61670313639679086 0.29201770062122379 1.0000000180025095e-35 0.65134938001458809 0.086724821097632201
decision_type=2 2 2 2 2 2 2 2 1 2 2 2 2 2 2 2 2 2 2 2 2 2 2 1 2 2 2 2 2 2
left_child=4 -2 3 -3 -1 22 7 -7 29 -10 -11 12 -5 14 -14 -16 17 -12 19 21 -21 -18 -6 24 -24 26 -23 -26 -29 -8
right_child=1 2 -4 11 5 6 8 -9 9 10 16 -13 13 -15 15 -17 18 -19 -20 20 -22 25 23 -25 27 -27 -28 28 -30 -31
leaf_value=-0.0018628031491178358 3.1250008677015514e-05 8.9032484953333822e-05 0.00047534837068518584 -9.9888891324818304e-05 -0.00042631592465688391 -3.1937535490461512e-05 -0.00028324126390809557 0.0002041542236269586 0.00075086401016985732 2.8391004821678135e-05 -0.0011393090718948768 -7.8754031610553651e-05 0.00019365555259005852 0.00019522993190212529 0.0006381241720397273 -4.8305435085829099e-05 2.1781267676341376e-05 5.1164734166101163e-05 -0.00011929030632620388 -0.00095948138340987187 0.00042436162904645896 0.00021265305576667547 3.6061157187278838e-05 -0.00048188519810306378 -0.00036398460023633256 -0.000175719346887594 -5.3451693177841109e-05 3.471250419825229e-06 -0.00025698142962379383 -3.4139251837988597e-06
leaf_weight=1632 20 28 24 61 772 36 422 32 20 31 23 115 21 21 23 68 28 20 146 41 22 26 34 269 68 143 77 25 24 141
leaf_count=1632 20 28 24 61 772 36 422 32 20 31 23 115 21 21 23 68 28 20 146 41 22 26 34 269 68 143 77 25 24 141
internal_value=-0.0003897 0.000824802 0.000579639 0.000318249 -0.000504463 -0.000337499 -7.94694e-05 0.00145586 -0.000171052 0.000182709 5.79001e-05 2.66997e-05 0.000487112 0.0010545 0.000589281 -9.06576e-05 -6.55885e-05 0.00134299 -0.000190993 5.11875e-05 0.00115474 -0.000202553 -0.000598992 -0.000321427 0.000414594 -0.000384144 0.000123786 -0.000237177 0.000474481 -0.000527485
internal_weight=4413 381 361 337 4032 2400 1208 68 1140 577 557 309 194 133 112 91 526 43 483 337 63 274 1192 420 151 246 103 117 49 563
internal_count=4413 381 361 337 4032 2400 1208 68 1140 577 557 309 194 133 112 91 526 43 483 337 63 274 1192 420 151 246 103 117 49 563
cat_boundaries=0 1 2
cat_threshold=677 584
is_linear=0
shrinkage=0.03


Tree=69
num_leaves=31
num_cat=1
split_feature=5 17 3 1 6 8 16 11 5 3 8 16 11 0 6 0 0 6 3 0 5 8 11 19 0 6 3 3 10 0
split_gain=0.46308 0.31222 0.59973 0.394121 0.216012 0.248127 0.323615 0.485329 0.166696 0.121273 0.115288 0.0910143 0.210736 0.624946 0.503166 0.176305 0.121563 0.100372 0.130068 0.200244 0.142278 0.124715 0.0856293 0.192603 0.221126 0.726238 0.0433516 0.125955 0.035918 0.035423
threshold=0.32961460446247465 0.35549811363571898 0.085937500000000014 0.10156250000000001 0.20519397970534159 0.09742181278566435 29.500000000000004 1.0000000180025095e-35 0.52839756592292109 0.21093750000000003 0.26948736383125999 27.500000000000004 0.6830127018922193 0.46376833820953017 0.27419354838709686 0.44566508779923081 0.39191207165358427 0.32304147465437794 0.059895833333333336 0.48050469162831005 0.25253549695740368 0.27719287970000966 -0.24999999999999994 0 0.4707858179801318 0.35161290322580652 0.11718750000000001 0.12760416666666669 -0.5 0.60600593573569095
decision_type=2 2 2 2 2 2 2 2 2 2 2 2 2 2 2 2 2 2 2 2 2 2 2 1 2 2 2 2 2 2
left_child=4 2 -2 -4 -1 6 -6 -8 26 11 29 22 17 14 15 16 -14 -13 19 -19 -21 28 23 24 -7 -26 -3 -28 -20 -5
right_child=1 8 3 10 5 9 7 -9 -10 -11 -12 12 13 -15 -16 -17 -18 18 21 20 -22 -23 -24 -25 25 -27 27 -29 -30 -31
leaf_value=-0.002173415953835787 0.00018797304655533405 -2.2206759116052516e-05 0.00011385618265556997 -1.2007040204960008e-05 -0.0010124202431509382 -0.00059319152614958795 -0.00023104763400665673 0.00062592614752221966 0.00047586568473460898 0.00033060025452760636 0.00046527254571342874 -0.00061671077657152976 0.00028046537381130155 -1.2096192386144514e-05 0.00029340116250173531 0.0001848629254561266 -0.00063293909337685508 6.3814008322597951e-05 3.0294916909934867e-06 -0.00039675280355878559 4.6833014614937997e-06 7.9035385487556011e-06 -0.0003777646508628095 -0.00035535822941390823 5.0796607157017811e-05 -0.00018486439621116178 5.3386800497867815e-05 -3.8848999664837723e-05 -0.00025887586761529557 -5.5539742265821491e-05
leaf_weight=1627 21 127 23 21 51 45 36 30 35 24 21 522 20 161 20 20 31 35 25 62 21 26 806 194 20 46 21 41 220 61
leaf_count=1627 21 127 23 21 51 45 36 30 35 24 21 522 20 161 20 20 31 35 25 62 21 26 806 194 20 46 21 41 220 61
internal_value=-0.0003897 0.000624662 0.00169897 0.00091666 -0.000482805 -0.000302794 0.00104486 0.00243178 -8.03561e-05 -0.000371409 0.000123786 -0.000393799 -0.000208297 0.000559522 0.00254668 0.00136266 0.000426463 -0.00042069 -5.59117e-05 0.000775418 -2.71074e-05 -0.000417894 -0.000587983 -0.000159835 0.000799581 0.00197724 -0.000432537 0.000217739 -0.000627548 -0.000384141
internal_weight=4413 371 147 126 4042 2415 117 66 224 2298 103 2274 1163 252 91 71 51 911 389 118 83 271 1111 305 111 66 189 62 245 82
internal_count=4413 371 147 126 4042 2415 117 66 224 2298 103 2274 1163 252 91 71 51 911 389 118 83 271 1111 305 111 66 189 62 245 82
cat_boundaries=0 1
cat_threshold=840
is_linear=0
shrinkage=0.03


Tree=70
num_leaves=31
num_cat=1
split_feature=6 9 17 19 9 4 3 6 16 9 16 9 5 5 18 2 0 6 3 11 1 3 2 4 5 11 5 7 0 1
split_gain=0.492971 0.302644 0.739751 0.201062 0.209214 0.297545 0.388959 0.23978 0.341475 0.242019 0.184719 0.508245 0.123988 0.61011 0.121726 0.230624 0.113038 0.0825599 0.270617 0.0744285 0.0999944 0.043873 0.0436037 0.0400104 0.031419 0.0972994 0.215823 0.12779 0.214823 0.0309513
threshold=0.3000000000000001 0.94493070751276453 0.35129952256447733 0 0.53610503282275734 0.15364583333333334 0.10156250000000001 0.34331797235023048 22.500000000000004 0.57148067104303446 28.500000000000004 0.30598103574033558 0.31947261663286008 0.33164300202839764 0.47205882352941181 0.080729166666666671 0.47474271117275768 0.63824884792626746 0.10677083333333334 -0.9330127018922193 0.075520833333333343 0.16927083333333334 0.17968750000000003 0.11197916666666667 0.10598377281947263 0.25000000000000017 0.11257606490872211 0.043866641571054833 0.44566508779923081 0.10677083333333334
decision_type=2 2 2 1 2 2 2 2 2 2 2 2 2 2 2 2 2 2 2 2 2 2 2 2 2 2 2 2 2 2
left_child=23 3 -3 4 10 7 -7 8 -6 -9 -2 -12 19 -14 15 -13 -10 18 -15 20 -11 -21 -5 24 -1 -26 -27 28 -28 -17
right_child=1 2 -4 22 5 6 -8 9 16 12 11 14 13 17 -16 29 -18 -19 -20 21 -22 -23 -24 -25 25 26 27 -29 -30 -31
leaf_value=-0.0017100521271424592 -0.0005501819959848243 0.00045270924472496022 -4.8816931747620331e-05 -0.00024837822542159594 5.8670490207030817e-05 0.00011609254608111003 -5.0370279215599006e-05 0.0010732343841333585 0.00026835890792415958 3.9593943720219469e-05 0.00018727249761955626 4.6174498099236372e-05 0.00016346617098627361 -3.2743281931163943e-05 -6.831404279798286e-05 -1.4412212916748502e-05 -0.00045496483087097844 -3.9672012663279126e-05 5.1290782502667729e-05 -0.0002214776580190612 -8.505690760900762e-06 -0.0001593903733224987 -5.2821793434374518e-05 -0.0010712328296268755 -0.00079204980978315391 0.00061738955733080735 -0.00057206258193686049 -0.00011742726799939416 0.00014928952957862093 -3.8747642526699549e-06
leaf_weight=1676 336 20 29 442 20 33 34 24 20 20 33 22 28 43 136 39 26 96 22 246 20 21 20 22 650 29 28 253 23 21
leaf_count=1676 336 20 29 442 20 33 34 24 20 20 33 22 28 43 136 39 26 96 22 246 20 21 20 22 650 29 28 253 23 21
internal_value=-0.000404783 -1.32774e-05 0.00231118 -8.0199e-05 0.000120001 0.000490429 0.00238429 0.000273891 0.00197724 5.76929e-05 -0.000290033 0.000325697 -8.46765e-05 0.000519839 -0.00019954 0.000713407 0.000554336 -0.000190992 0.000634606 -0.000456838 0.000749982 -0.000637637 -0.00060699 -0.00066048 -0.000671022 -0.000536367 -0.000119368 -0.000355261 0.00101469 -0.000249995
internal_weight=4432 1751 49 1702 1240 653 67 586 66 520 587 251 496 189 218 82 46 161 65 307 40 267 462 2681 2659 983 333 304 51 60
internal_count=4432 1751 49 1702 1240 653 67 586 66 520 587 251 496 189 218 82 46 161 65 307 40 267 462 2681 2659 983 333 304 51 60
cat_boundaries=0 1
cat_threshold=682
is_linear=0
shrinkage=0.03


Tree=71
num_leaves=31
num_cat=1
split_feature=6 9 19 9 13 6 5 5 16 10 1 18 6 1 0 7 9 9 7 7 2 4 7 7 7 5 5 2 6 2
split_gain=0.442152 0.251099 0.16667 0.185308 0.320011 0.341974 0.313612 0.664709 0.184719 0.62201 0.744043 0.146461 0.143606 0.240683 0.131573 0.113551 0.0756092 0.13379 0.219623 0.405073 0.0400841 0.0400104 0.036889 0.121208 0.0334693 0.031419 0.05409 0.0840954 0.19018 0.0313521
threshold=0.3000000000000001 0.97957695113056176 0 0.53610503282275734 -0.22252093395631442 0.34331797235023048 0.31947261663286008 0.34178498985801226 28.500000000000004 1.0000000180025095e-35 0.070312500000000014 0.45147058823529412 0.54239631336405547 0.091145833333333343 0.43918682946971144 0.11227999405523552 0.67177242888402644 0.60649161196207169 0.086724821097632201 0.11470218836877218 0.18489583333333334 0.11197916666666667 0.052430665001144454 0.048395520318080192 0.072270684248026615 0.10598377281947263 0.11257606490872211 0.039062500000000007 0.20519397970534159 0.065104166666666671
decision_type=2 2 1 2 2 2 2 2 2 2 2 2 2 2 2 2 2 2 2 2 2 2 2 2 2 2 2 2 2 2
left_child=21 2 3 8 5 -5 12 -8 -2 10 -10 -11 -7 -14 -6 -9 17 24 -19 -20 22 25 23 -4 -16 -1 27 28 -27 -28
right_child=1 -3 20 4 14 6 7 15 9 11 -12 -13 13 -15 16 -17 -18 18 19 -21 -22 -23 -24 -25 -26 26 29 -29 -30 -31
leaf_value=-0.0016587505633281847 -0.00053367653610528101 0.00043354846585147997 -0.00081113090425958081 5.292381688179791e-05 0.00027871815397594165 -0.00020466329294848172 0.00026755101413763951 -8.3384113864649792e-05 0.00024752572552063344 1.8565569915954123e-05 1.9092080368800615e-06 -3.3252471418421904e-05 0.00043814140029174481 -0.00031416024264523058 0.00030149997568027658 0.00015599763991514421 -9.5457281259848251e-06 -0.00022850591156160346 4.7450354361890283e-05 -9.042359293880969e-05 -5.1237139631343886e-05 -0.0010390958447380702 -0.00020719630027785522 2.6434796008260854e-05 -8.4519698678870139e-05 -0.0017663930001583226 -0.00035296964896108248 -0.0010099603858234733 0.00063983264754789932 -0.00021141407017230703
leaf_weight=1676 336 24 64 30 20 94 33 35 22 24 31 174 20 23 24 38 155 35 27 21 20 22 379 24 98 28 691 52 25 187
leaf_count=1676 336 24 64 30 20 94 33 35 22 24 31 174 20 23 24 38 155 35 27 21 20 22 379 24 98 28 691 52 25 187
internal_value=-0.00041832 -4.75435e-05 -8.9895e-05 9.60006e-05 0.000444487 0.00122802 0.000854935 0.00208017 -0.000290033 0.000325697 0.0032122 -0.000446967 -9.30643e-05 0.00134299 -0.00011842 0.000482871 -0.000249999 0.000128049 0.00105722 0.00237495 -0.000553821 -0.00066048 -0.000621518 -6.81803e-05 -0.000504094 -0.000671022 -0.000536367 0.000107143 0.000948096 -0.000613324
internal_weight=4432 1751 1727 1240 653 273 243 106 587 251 53 198 137 43 380 73 360 205 83 48 487 2681 467 88 122 2659 983 105 53 878
internal_count=4432 1751 1727 1240 653 273 243 106 587 251 53 198 137 43 380 73 360 205 83 48 487 2681 467 88 122 2659 983 105 53 878
cat_boundaries=0 1
cat_threshold=682
is_linear=0
shrinkage=0.03


end of trees

feature_importances:
seasonality_index=233
units_sold=188
rolling_std_30=182
rolling_std_7=154
rolling_mean_7=140
days_to_holiday=124
rolling_mean_30=121
month_cos=109
lag_14=97
lag_7=93
lag_30=92
month_sin=87
acceleration=86
trend_strength=69
lag_1=67
category=57
anchor=36
dow_sin=35
dow_cos=15
is_holiday=2

parameters:
[boosting: gbdt]
[objective: quantile]
[metric: quantile]
[tree_learner: serial]
[device_type: cpu]
[data_sample_strategy: bagging]
[data: ]
[valid: ]
[num_iterations: 1000]
[learning_rate: 0.03]
[num_leaves: 31]
[num_threads: 0]
[seed: 42]
[deterministic: 0]
[force_col_wise: 0]
[force_row_wise: 0]
[histogram_pool_size: -1]
[max_depth: -1]
[min_data_in_leaf: 20]
[min_sum_hessian_in_leaf: 0.001]
[bagging_fraction: 0.8]
[pos_bagging_fraction: 1]
[neg_bagging_fraction: 1]
[bagging_freq: 5]
[bagging_seed: 400]
[bagging_by_query: 0]
[feature_fraction: 0.8]
[feature_fraction_bynode: 1]
[feature_fraction_seed: 30056]
[extra_trees: 0]
[extra_seed: 12879]
[early_stopping_round: 0]
[early_stopping_min_delta: 0]
[first_metric_only: 0]
[max_delta_step: 0]
[lambda_l1: 0]
[lambda_l2: 0.001]
[linear_lambda: 0]
[min_gain_to_split: 0]
[drop_rate: 0.1]
[max_drop: 50]
[skip_drop: 0.5]
[xgboost_dart_mode: 0]
[uniform_drop: 0]
[drop_seed: 17869]
[top_rate: 0.2]
[other_rate: 0.1]
[min_data_per_group: 100]
[max_cat_threshold: 32]
[cat_l2: 10]
[cat_smooth: 10]
[max_cat_to_onehot: 4]
[top_k: 20]
[monotone_constraints: ]
[monotone_constraints_method: basic]
[monotone_penalty: 0]
[feature_contri: ]
[forcedsplits_filename: ]
[refit_decay_rate: 0.9]
[cegb_tradeoff: 1]
[cegb_penalty_split: 0]
[cegb_penalty_feature_lazy: ]
[cegb_penalty_feature_coupled: ]
[path_smooth: 0]
[interaction_constraints: ]
[verbosity: -1]
[saved_feature_importance_type: 0]
[use_quantized_grad: 0]
[num_grad_quant_bins: 4]
[quant_train_renew_leaf: 0]
[stochastic_rounding: 1]
[linear_tree: 0]
[max_bin: 255]
[max_bin_by_feature: ]
[min_data_in_bin: 3]
[bin_construct_sample_cnt: 200000]
[data_random_seed: 175]
[is_enable_sparse: 1]
[enable_bundle: 1]
[use_missing: 1]
[zero_as_missing: 0]
[feature_pre_filter: 1]
[pre_partition: 0]
[two_round: 0]
[header: 0]
[label_column: ]
[weight_column: ]
[group_column: ]
[ignore_column: ]
[categorical_feature: 19]
[forcedbins_filename: ]
[precise_float_parser: 0]
[parser_config_file: ]
[objective_seed: 16083]
[num_class: 1]
[is_unbalance: 0]
[scale_pos_weight: 1]
[sigmoid: 1]
[boost_from_average: 1]
[reg_sqrt: 0]
[alpha: 0.975]
[fair_c: 1]
[poisson_max_delta_step: 0.7]
[tweedie_variance_power: 1.5]
[lambdarank_truncation_level: 30]
[lambdarank_norm: 1]
[label_gain: ]
[lambdarank_position_bias_regularization: 0]
[eval_at: ]
[multi_error_top_k: 1]
[auc_mu_weights: ]
[num_machines: 1]
[local_listen_port: 12400]
[time_out: 120]
[machine_list_filename: ]
[machines: ]
[gpu_platform_id: -1]
[gpu_device_id: -1]
[gpu_use_dp: 0]
[num_gpu: 1]

end of parameters

pandas_categorical:[["auto", "bed_bath_table", "computers_accessories", "furniture_decor", "garden_tools", "health_beauty", "housewares", "sports_leisure", "telephony", "watches_gifts"]]
