tree
version=v4
num_class=1
num_tree_per_iteration=1
label_index=0
max_feature_idx=20
objective=quantile
feature_names=units_sold lag_1 lag_7 lag_14 lag_30 rolling_mean_7 rolling_mean_30 rolling_std_7 rolling_std_30 seasonality_index month_sin month_cos dow_sin dow_cos is_weekend is_holiday days_to_holiday trend_strength acceleration category anchor
feature_infos=[0:0.77253560138447708] [0:1] [0:1] [0:1] [0:1] [0:1] [0:1] [0:1] [0:1] [0:1] [-1:1] [-1:1] [-0.97492791218182362:0.97492791218182362] [-0.90096886790241903:1] [0:1] [0:1] [1:30] [0.0099565994383455925:1] [0:1] -1:3:7:5:1:2:6:8:4:0:9 [0:0.77253560138447708]
tree_sizes=2683 2837 2822 2818 2833 2840 2828 2818 2837 2840 2822 2817 2827 2828 2854 2826 2837 2821 2822 2835 2851 2813 2839 2841 2845 2844 2847 2861 2829 2838 2860 2863 2861 2873 2871 2882 2875 2857 2876 2860 2880 2885 2874 2875 2865 2856 2899 2869 2885 2910 2881 2898 2910 2903 2884 2855 2877 2930 2873 2919 2897 2917 2913 2882 2884 2898 2905 2920 2918 2892 2915 2926 2909 2895 2925 2921 2953 2902 2936 2919 2926 2940 2915 2938 2910 2918 2899 2927 2932 2960 2905 2929 2905 2916 2930 2923 2911 2933 2925 2898 2909 2931 2927 2933 2937 2912 2953

Tree=0
num_leaves=31
num_cat=0
split_feature=0 0 5 10 9 16 16 7 11 6 6 11 6 2 17 11 13 2 7 11 6 9 5 9 7 11 16 10 10 9
split_gain=199.746 14.3508 6.65937 5.14352 4.62731 3.30304 3.0733 2.52783 4.79984 2.82848 4.20161 1.87565 2.41095 1.34316 1.02409 1.00514 0.820141 0.566519 0.909293 1.15517 0.53068 1.02167 0.440483 1.09276 0.34781 0.346932 1.02205 1.00686 0.286252 0.283837
threshold=0.56764902299890541 0.60947546798558971 0.23833671399594322 1.0000000180025095e-35 0.38548504741064926 25.500000000000004 29.500000000000004 0.11470218836877218 0.25000000000000017 0.54239631336405547 0.45944700460829507 0.6830127018922193 0.41059907834101389 0.19010416666666669 0.27516807080248495 0.25000000000000017 1.0000000180025095e-35 0.12239583333333334 0.10298321911602835 1.0000000180025095e-35 0.51658986175115229 0.53610503282275734 0.17139959432048682 0.80598103574033564 0.11992761639997179 0.6830127018922193 29.500000000000004 0.25000000000000011 0.68301270189221941 0.59992706053975209
decision_type=2 2 2 2 2 2 2 2 2 2 2 2 2 2 2 2 2 2 2 2 2 2 2 2 2 2 2 2 2 2
left_child=2 3 22 6 -3 20 24 9 28 10 -5 12 -7 17 -11 16 -16 18 -6 -20 21 -4 -1 25 -2 -24 -27 -28 -9 -21
right_child=1 4 5 7 13 11 -8 8 -10 14 -12 -13 -14 -15 15 -17 -18 -19 19 29 -22 -23 23 -25 -26 26 27 -29 -30 -31
leaf_value=0.5840157136321068 0.58771896285938341 0.58843216439061141 0.58667941914581945 0.58794999494724343 0.5889047431343386 0.58692031499667008 0.59089889474583135 0.58799637883550071 0.58839325812763421 0.58818144988834353 0.58807374939187351 0.5897843338603298 0.58804346255750739 0.59021754249155844 0.58868921278518915 0.58839250956426437 0.58834098419406033 0.58951680610290591 0.58995495147534216 0.59172942150742358 0.58686445651430963 0.58795345767469798 0.58617100937348598 0.58864040781244753 0.58700796109763687 0.58541710948660608 0.58880208597430472 0.58719912056089008 0.58807811604076354 0.58955493220787436
leaf_weight=2923 23 28 25 28 35 28 20 21 26 29 29 33 39 20 29 29 24 93 20 25 67 29 484 26 23 101 31 30 23 20
leaf_count=2923 23 28 25 28 35 28 20 21 26 29 29 33 39 20 29 29 24 93 20 25 67 29 484 26 23 101 31 30 23 20
internal_value=0.587311 0.6043 0.584884 0.599965 0.609767 0.589939 0.592555 0.60202 0.59723 0.604016 0.598584 0.593973 0.59109 0.611275 0.606806 0.608519 0.610977 0.612042 0.610473 0.608373 0.586605 0.588818 0.584574 0.585266 0.588286 0.585023 0.586225 0.589291 0.591191 0.611039
internal_weight=4361 545 3816 304 241 221 66 238 70 168 57 100 67 213 111 82 53 193 100 65 121 54 3595 672 46 646 162 61 44 45
internal_count=4361 545 3816 304 241 221 66 238 70 168 57 100 67 213 111 82 53 193 100 65 121 54 3595 672 46 646 162 61 44 45
is_linear=0
shrinkage=1


Tree=1
num_leaves=31
num_cat=0
split_feature=0 0 8 5 9 6 16 16 16 11 4 1 6 2 17 8 8 0 1 8 1 11 16 1 2 9 6 16 3 7
split_gain=193.644 14.1251 6.08203 5.37968 4.33078 3.71266 4.0334 2.74432 2.64522 3.16624 2.56029 2.40244 1.95739 1.76284 1.53529 2.15481 0.795505 1.27499 0.750088 0.739667 0.55408 0.597894 1.46694 0.653605 0.421812 0.392946 0.373281 0.330156 0.456245 0.0755931
threshold=0.56764902299890541 0.60947546798558971 0.20345608835639697 0.23833671399594322 0.38548504741064926 0.54239631336405547 24.500000000000004 25.500000000000004 27.500000000000004 1.0000000180025095e-35 0.054687500000000007 0.085937500000000014 0.41059907834101389 0.19010416666666669 0.32622428205782822 0.17890958504461263 0.19944284209539223 0.61912653167645637 0.10677083333333334 0.19218106975147189 0.075520833333333343 0.6830127018922193 29.500000000000004 0.091145833333333343 0.14322916666666669 0.59992706053975209 0.42073732718894014 15.500000000000002 0.10156250000000001 0.10937795756218473
decision_type=2 2 2 2 2 2 2 2 2 2 2 2 2 2 2 2 2 2 2 2 2 2 2 2 2 2 2 2 2 2
left_child=3 2 5 20 -3 6 -2 19 18 -10 -11 -9 -13 16 15 -7 -6 -18 -4 -5 29 26 -23 -24 25 -19 -22 -28 -29 -1
right_child=1 4 8 7 13 14 -8 11 9 10 -12 12 -14 -15 -16 -17 17 24 -20 -21 21 22 23 -25 -26 -27 27 28 -30 -31
leaf_value=-0.0029486939861893269 -9.0974446654533129e-05 0.0010270826595384808 -0.00012353457846306482 0.00050622441913781397 0.0012445004779347913 0.0010717530408292965 0.0014358943301932302 -6.7588410032190077e-05 0.0013140451808108132 0.00070629643112381289 0.0016276694564300624 0.00048555630694003036 0.0011240584267678498 0.002758899417457098 0.0011139039071666669 0.00076133327715694409 0.0016350294836689992 0.0035173049144933796 0.0004021329873276299 -0.00048721479792992572 -0.0015937412431398124 -0.0018599725190055949 0.00026112816345647547 0.0013662523043031427 0.0028187510268658667 0.0026878639172434778 -0.0010524779166531694 0.00045069722049817306 -0.00033680794654170618 -0.0020621315402781825
leaf_weight=3027 21 28 28 39 67 31 30 36 36 33 33 31 33 20 33 37 23 34 22 82 286 58 24 22 36 33 28 20 23 107
leaf_count=3027 21 28 28 39 67 31 30 36 36 33 33 31 33 20 33 37 23 34 22 82 286 58 24 22 36 33 28 20 23 107
internal_value=-0.000131393 0.0165963 0.012296 -0.00252044 0.0220207 0.0165394 0.00994098 0.00202261 0.00805258 0.0108234 0.014727 0.00569994 0.00918736 0.0234788 0.0198711 0.0172939 0.0243574 0.0229522 0.00239995 -0.00101652 -0.00279972 -0.00182863 0.000173075 0.00417382 0.0243784 0.0229698 -0.00241176 -0.000464783 0.00118602 -0.00294257
internal_weight=4361 545 304 3816 241 152 51 221 152 102 66 100 64 213 101 68 193 126 50 121 3595 461 104 46 103 67 357 71 43 3134
internal_count=4361 545 304 3816 241 152 51 221 152 102 66 100 64 213 101 68 193 126 50 121 3595 461 104 46 103 67 357 71 43 3134
is_linear=0
shrinkage=0.03


Tree=2
num_leaves=31
num_cat=0
split_feature=0 0 8 10 5 9 16 11 16 4 8 16 11 9 8 5 16 9 8 6 0 6 5 9 18 11 8 6 2 18
split_gain=180.801 13.679 5.52942 5.69986 4.79099 3.76717 2.28867 2.66715 2.27591 1.83307 1.79951 2.60329 1.67733 1.79438 1.62517 1.81381 1.11875 1.04943 0.739667 0.70276 0.70162 0.930646 0.440483 1.09276 0.404602 0.346932 1.04461 0.548575 0.224308 0.162572
threshold=0.56764902299890541 0.60947546798558971 0.20345608835639697 0.25000000000000011 0.23833671399594322 0.38548504741064926 27.500000000000004 1.0000000180025095e-35 25.500000000000004 0.054687500000000007 0.1795928394607082 19.500000000000004 0.6830127018922193 0.67177242888402644 0.19814297748565238 0.36815415821501019 28.500000000000004 0.57622173595915405 0.19218106975147189 0.5986175115207375 0.64473107689836062 0.69631336405529975 0.17139959432048682 0.80598103574033564 0.47500000000000003 0.6830127018922193 0.14104009938217046 0.31935483870967746 0.13281250000000003 0.51323529411764712
decision_type=2 2 2 2 2 2 2 2 2 2 2 2 2 2 2 2 2 2 2 2 2 2 2 2 2 2 2 2 2 2
left_child=4 2 3 -2 22 -3 24 -8 18 -9 17 -12 13 -10 -7 -16 -17 -5 -6 -13 21 28 29 25 -4 -24 27 -27 -18 -1
right_child=1 5 6 10 8 14 7 9 12 -11 11 19 -14 -15 15 16 20 -19 -20 -21 -22 -23 23 -25 -26 26 -28 -29 -30 -31
leaf_value=-0.0032045578850232537 0.0024224595440185213 0.00099627017975232766 1.6618869849286095e-05 0.00088916465650432195 0.0004910376865636789 0.0012083014687923664 0.0012746238253864893 0.00068510753819009721 -3.6925478020693561e-05 0.0015788393727371589 0.00041766807703904832 0.00077223851597362999 0.0023202893286239832 0.00052043461428612269 0.0014552323979773599 0.0016766044919680008 0.0022637035925583736 0.0011312968915178489 -0.00047259835399202863 0.0011764160491686858 0.0036205285290691527 0.0016719356526430061 -0.0011091766137905649 0.0012532502485833768 0.00067866088413847336 -0.00060897032799961013 -0.0015217860912627148 0.0014214315056409891 0.0024803001968552031 -0.002024640628536589
leaf_weight=2899 32 28 29 20 39 66 36 33 41 33 30 22 33 26 21 22 20 28 82 20 35 29 484 26 21 25 113 24 20 24
leaf_count=2899 32 28 29 20 39 66 36 33 41 33 30 22 33 26 21 22 20 28 82 20 35 29 484 26 21 25 113 24 20 24
internal_value=-0.000227701 0.0159357 0.0117039 0.0157499 -0.00253616 0.0212738 0.00765784 0.0102352 0.00175112 0.013818 0.0187498 0.0157498 0.00509995 0.0023731 0.0226337 0.0208774 0.0222379 0.0232495 -0.00101652 0.0205709 0.0235382 0.0217823 -0.00279972 -0.00210714 0.00239995 -0.00234984 -0.00114814 0.00251015 0.0247494 -0.00295895
internal_weight=4361 545 304 152 3816 241 152 102 221 66 120 72 100 67 213 147 126 48 121 42 104 69 3595 672 50 646 162 49 40 2923
internal_count=4361 545 304 152 3816 241 152 102 221 66 120 72 100 67 213 147 126 48 121 42 104 69 3595 672 50 646 162 49 40 2923
is_linear=0
shrinkage=0.03


Tree=3
num_leaves=31
num_cat=0
split_feature=20 20 8 10 5 9 1 3 8 16 6 16 7 16 18 8 9 8 5 13 8 16 6 2 7 2 1 11 16 1
split_gain=173.035 12.4909 5.52942 5.50162 5.08647 4.95597 2.78833 2.29662 2.00507 2.7316 1.72695 1.78012 1.56356 1.30232 1.27751 1.38721 1.04943 0.921112 1.21116 0.714471 0.664379 0.637221 0.982611 0.529574 0.535216 0.521054 0.494306 0.649748 1.50258 0.611457
threshold=0.56764902299890541 0.60947546798558971 0.20345608835639697 0.25000000000000011 0.23630831643002034 0.38548504741064926 0.10677083333333334 0.070312500000000014 0.1795928394607082 20.500000000000004 0.55714285714285727 19.500000000000004 0.12456006935358581 10.500000000000002 0.4661764705882353 0.24855113226519951 0.57622173595915405 0.19814297748565238 0.38032454361054774 -0.22252093395631442 0.18916446128283268 29.500000000000004 0.44930875576036872 0.14322916666666669 0.1598231199900437 0.11718750000000001 0.075520833333333343 0.6830127018922193 29.500000000000004 0.091145833333333343
decision_type=2 2 2 2 2 2 2 2 2 2 2 2 2 2 2 2 2 2 2 2 2 2 2 2 2 2 2 2 2 2
left_child=4 2 3 -2 26 -3 21 12 16 -10 25 -12 -4 -8 15 -7 -5 -16 -19 -15 -11 -6 -23 24 -20 -9 -1 -28 -29 -30
right_child=1 5 7 8 6 14 13 10 9 20 11 -13 -14 19 17 -17 -18 18 23 -21 -22 22 -24 -25 -26 -27 27 28 29 -31
leaf_value=-0.0027645028936569269 0.0023497857576979652 0.00096638207435975729 0.00054024620672697438 0.00086248971680919146 -0.00045342061718678655 0.001325364644622201 0.00017194196940756635 -0.00013491655084846486 0.00039637783906326998 0.00077542918306933758 0.00023080070098299821 0.0014363273260220946 0.0015584059524723702 0.00077451505305130644 0.0012224888497032161 0.0018871135637975678 0.0010973579847723147 0.0019748810243319188 0.001611192380361614 0.00087778152717054127 0.00092742116726240661 -0.00015295320664356017 0.00027824978808090538 0.0031643403951003507 0.0036478555422857261 3.9390280628122378e-05 -0.0010180847798008054 -0.0018099488684061151 0.00037706967495218703 0.0012826217900048197
leaf_weight=3132 32 28 20 20 89 32 26 27 31 20 24 39 22 28 49 23 28 21 29 32 21 30 27 28 31 20 350 57 23 22
leaf_count=3132 32 28 20 20 89 32 26 27 31 20 24 39 22 28 49 23 28 21 29 32 21 30 27 28 31 20 350 57 23 22
internal_value=-0.000262097 0.0155504 0.0115065 0.0155525 -0.00252044 0.0206514 0.00178447 0.00746048 0.0184998 0.0153331 0.00518177 0.00842844 0.0134283 0.0060697 0.0222112 0.0182724 0.0232495 0.0235821 0.0220457 0.00849986 0.0204141 -0.000739722 0.00173681 0.0235906 0.0219996 0.000829769 -0.00279911 -0.00187168 0.000235291 0.00433324
internal_weight=4361 545 304 152 3816 241 232 152 120 72 110 63 42 86 213 55 48 158 109 60 41 146 57 88 60 47 3584 452 102 45
internal_count=4361 545 304 152 3816 241 232 152 120 72 110 63 42 86 213 55 48 158 109 60 41 146 57 88 60 47 3584 452 102 45
is_linear=0
shrinkage=0.03


Tree=4
num_leaves=31
num_cat=0
split_feature=0 0 8 10 1 2 6 0 3 6 16 8 16 1 1 8 16 2 0 0 5 16 11 12 11 6 2 2 2 6
split_gain=168.101 12.6199 4.74983 4.92795 4.61285 3.33201 2.97104 2.35722 2.29662 1.72695 1.78012 1.60512 2.51729 1.49087 0.954092 1.70107 1.27737 1.01727 0.836545 0.797393 0.69833 0.789801 1.87153 0.965077 0.647754 0.637536 0.521054 0.26719 0.237814 0.175546
threshold=0.56764902299890541 0.60947546798558971 0.20345608835639697 0.25000000000000011 0.10677083333333334 0.21093750000000003 0.50000000000000022 0.54460969367221124 0.070312500000000014 0.55714285714285727 19.500000000000004 0.1795928394607082 25.500000000000004 0.10156250000000001 0.16927083333333334 0.19814297748565238 29.500000000000004 0.14322916666666669 0.59743234789882671 0.56082586125926026 0.18154158215010144 29.500000000000004 0.6830127018922193 1.0000000180025095e-35 0.6830127018922193 0.54239631336405547 0.11718750000000001 0.13802083333333334 0.085937500000000014 0.41336405529953929
decision_type=2 2 2 2 2 2 2 2 2 2 2 2 2 2 2 2 2 2 2 2 2 2 2 2 2 2 2 2 2 2
left_child=4 2 3 -2 20 6 -3 24 13 26 -11 18 -13 -4 15 27 -17 -18 -5 -9 -1 -22 25 -24 28 29 -10 -8 -6 -23
right_child=1 5 8 11 7 -7 14 19 9 10 -12 12 -14 -15 -16 16 17 -19 -20 -21 21 22 23 -25 -26 -27 -28 -29 -30 -31
leaf_value=-0.0028834520868282784 0.0022792921849670265 0.0019934521758143927 0.00058375254511304042 0.00079800359056689946 -0.00088585263306677599 0.0014513728231962204 0.0011365137725584584 0.00059762875198402453 -0.00013086905432300929 0.00022387667995350745 0.0013932375062414327 0.00045456841520674743 0.00093022680147992749 0.0015116537738981994 0.0033515620334700412 0.00057099710041166819 0.0018300092291907433 0.0021327258009435951 0.0010736018191762353 0.00082274432701333051 -0.00092436307299574594 -0.00083831109851568671 8.1882893304867862e-05 0.0020413227961731235 0.00039057980355852788 0.00028368896889909007 3.8208572209277584e-05 0.0010782516019642368 5.8301363047329942e-06 -0.00015900471796632669
leaf_weight=3051 32 26 20 23 62 22 35 38 27 24 39 33 39 22 59 20 35 23 25 22 322 142 30 22 26 28 20 21 33 40
leaf_count=3051 32 26 20 23 62 22 35 38 27 24 39 33 39 22 59 20 35 23 25 22 322 142 30 22 26 28 20 21 33 40
internal_value=-0.000310251 0.0152752 0.0112105 0.0149604 -0.00253616 0.0204024 0.0215204 0.00213811 0.00746048 0.00518177 0.00842844 0.0177499 0.0149165 0.0134283 0.022803 0.0214028 0.0185382 0.0207927 0.0219995 0.00699988 -0.00276891 -0.00181849 -0.000595418 0.00449991 -0.000272726 -0.00185713 0.000829769 0.0253924 -0.00142104 -0.00250548
internal_weight=4361 545 304 152 3816 241 219 181 152 110 63 120 72 42 193 134 78 58 48 60 3635 584 262 52 121 210 47 56 95 182
internal_count=4361 545 304 152 3816 241 219 181 152 110 63 120 72 42 193 134 78 58 48 60 3635 584 262 52 121 210 47 56 95 182
is_linear=0
shrinkage=0.03


Tree=5
num_leaves=31
num_cat=0
split_feature=0 0 10 0 8 18 17 5 10 2 0 5 18 8 2 8 17 8 7 18 11 5 9 12 3 5 11 8 9 11
split_gain=163.823 12.3171 7.96788 5.7226 5.97286 4.00917 2.96667 2.33621 2.25455 2.19475 1.77946 1.48945 1.8958 1.384 1.26549 1.20016 1.18956 1.51891 1.16396 1.29157 0.97423 0.599338 1.41564 0.537744 0.376796 0.522031 0.371012 0.923895 0.359251 0.514176
threshold=0.58542297693482837 0.55485698752022106 1.0000000180025095e-35 0.61229581972090841 0.20833669660143139 0.48382352941176471 0.31173942643179314 0.44726166328600409 -0.24999999999999994 0.091145833333333343 0.6006938435474457 0.23833671399594322 0.50735294117647067 0.18916446128283268 0.11718750000000001 0.24450792551719841 0.32745381791537814 0.17890958504461263 0.13162077050603302 0.48382352941176471 1.0000000180025095e-35 0.18154158215010144 0.80598103574033564 1.0000000180025095e-35 0.091145833333333343 0.24847870182555784 0.6830127018922193 0.14104009938217046 0.51677607585703877 1.0000000180025095e-35
decision_type=2 2 2 2 2 2 2 2 2 2 2 2 2 2 2 2 2 2 2 2 2 2 2 2 2 2 2 2 2 2
left_child=1 11 7 4 9 13 -5 23 -7 -4 15 21 24 -3 -12 -6 17 -11 -8 -20 -10 -1 26 -2 25 -13 -23 -28 -15 -30
right_child=2 5 3 6 10 8 18 -9 20 16 14 12 -14 28 -16 -17 -18 -19 19 -21 -22 22 -24 -25 -26 -27 27 -29 29 -31
leaf_value=-0.002806721759296056 0.0004072103951600674 0.00087477017270725689 0.0005326474831939327 0.0011111248962202686 0.00047520537448047617 0.0015308423561363536 0.0014360534131095863 0.0026683683076180673 0.00062159848252115368 0.0010475034805656736 -4.9817973464066911e-05 0.0005609385450293027 0.0010035072178731562 -0.00037237948583554697 0.0011753328905688327 0.0012328587868362776 0.0012211159905823347 0.0005021766605698021 0.0020687440269152877 0.0030658565305495154 0.00067834280973699476 -0.00093419954695292417 0.0014665059646241172 -0.00013821882382575158 -0.00026916264778696739 -0.00012471006141933944 0.0012025576797362746 -0.00046800818067812313 -0.00013445232202690237 0.00045749240334604639
leaf_weight=3123 25 37 24 23 21 21 100 29 23 23 21 20 20 28 23 24 38 22 23 28 25 375 20 20 49 39 31 84 34 24
leaf_count=3123 25 37 24 23 21 21 100 29 23 23 21 20 20 28 23 24 38 22 23 28 25 375 20 20 49 39 31 84 34 24
internal_value=-0.000345918 -0.00228662 0.0169324 0.0187297 0.0152142 0.00512497 0.0226895 0.00794584 0.0109129 0.0199905 0.0094718 -0.00266498 0.00051562 0.00187803 0.0051817 0.0136664 0.0223009 0.0189996 0.0242184 0.020529 0.0144997 -0.00277704 -0.00182353 0.00366658 -0.00105555 0.000559312 -0.00214285 -0.000652169 -0.000209301 0.00113791
internal_weight=4397 3953 444 370 196 192 174 74 69 107 89 3761 128 123 44 45 83 45 151 51 48 3633 510 45 108 59 490 115 86 58
internal_count=4397 3953 444 370 196 192 174 74 69 107 89 3761 128 123 44 45 83 45 151 51 48 3633 510 45 108 59 490 115 86 58
is_linear=0
shrinkage=0.03


Tree=6
num_leaves=31
num_cat=0
split_feature=0 0 6 8 17 0 8 11 7 1 7 11 3 4 8 10 1 6 11 4 4 12 17 7 6 0 8 5 11 17
split_gain=155.606 12.2667 8.348 5.97964 5.71399 3.80146 3.4679 2.09091 2.22801 1.95871 1.9377 1.79377 1.76536 2.24631 1.72805 1.63372 2.05201 1.43972 1.20482 1.18155 1.16655 0.915701 0.895865 1.35153 0.773934 0.666962 0.767496 0.334299 0.485222 0.897605
threshold=0.58542297693482837 0.55485698752022106 0.51290322580645176 0.32168781531003504 0.38128669900434015 0.61229581972090841 0.17890958504461263 0.25000000000000017 0.11596544270602603 0.091145833333333343 0.12338484922465606 0.6830127018922193 0.070312500000000014 0.054687500000000007 0.28376229104135253 1.0000000180025095e-35 0.10156250000000001 0.57281105990783432 0.6830127018922193 0.070312500000000014 0.059895833333333336 0.6078576107927941 0.31329248574589402 0.1598231199900437 0.4806451612903227 0.52260523305345885 0.20249421316166533 0.18356997971602437 0.6830127018922193 0.34572589566845385
decision_type=2 2 2 2 2 2 2 2 2 2 2 2 2 2 2 2 2 2 2 2 2 2 2 2 2 2 2 2 2 2
left_child=1 9 12 5 -5 6 -4 8 17 27 15 25 13 -2 20 18 19 -8 -3 -17 -13 -18 -7 -24 -14 -11 -27 -1 -29 -30
right_child=2 10 3 4 -6 22 7 -9 -10 11 -12 14 24 -15 -16 16 21 -19 -20 -21 -22 -23 23 -25 -26 26 -28 28 29 -31
leaf_value=-0.0027491759671455437 0.0007631847159826695 -0.00032255732336326207 0.0010505418531883339 0.00017703715320026089 0.0033017203615518386 0.0012702677060100346 0.00038102080809336152 0.0010780490235416272 0.0010194432393115986 -0.0012436881743821987 -0.0001967791045113851 0.00050110933792599113 -5.5161831123045485e-06 0.0015989723620628499 -0.0017768647243363201 -2.3485782472648652e-05 0.00058625662532350766 0.0010160021304097104 0.0031711408252052251 0.00067831577971957057 0.0012368669527168022 0.00044095013616902019 0.0013929718107162986 0.0026492345501450583 0.00083023428931209957 -0.00016746179926795796 0.00029252404648329178 -0.00085471557304755605 -0.0010490344145765527 0.0014252487653813122
leaf_weight=3074 24 22 34 35 35 20 20 35 23 139 40 21 21 25 20 23 29 25 29 28 21 21 100 25 22 62 21 308 66 29
leaf_count=3074 24 22 34 35 35 20 20 35 23 139 40 21 21 25 20 23 29 25 29 28 21 21 100 25 22 62 21 308 66 29
internal_value=-0.000380032 -0.00227144 0.0164594 0.0185624 0.0107141 0.0205106 0.0169269 0.0141843 0.0111175 -0.00264903 0.00512497 -0.000253521 0.00841295 0.0123059 0.004258 0.00667101 0.0088811 0.0149997 0.00229407 0.00464697 0.0077141 0.0131997 0.0238964 0.0248398 0.00397665 -0.00151351 0.00061445 -0.00284469 -0.00203225 -0.000157894
internal_weight=4397 3953 444 352 70 282 137 103 68 3761 192 284 92 49 62 152 101 45 51 51 42 50 145 125 43 222 83 3477 403 95
internal_count=4397 3953 444 352 70 282 137 103 68 3761 192 284 92 49 62 152 101 45 51 51 42 50 145 125 43 222 83 3477 403 95
is_linear=0
shrinkage=0.03


Tree=7
num_leaves=31
num_cat=0
split_feature=0 0 6 9 18 0 16 9 7 18 10 1 11 16 4 9 6 11 5 11 7 0 7 6 12 9 13 5 11 16
split_gain=150.044 12.2667 7.6617 4.582 4.00917 2.88361 2.46221 2.41132 2.26946 2.2823 2.25455 1.95871 1.79377 2.5292 1.43468 1.18292 1.0224 0.97423 0.96628 0.861346 0.857558 0.666962 0.634763 0.461597 0.445473 0.851215 0.440636 0.334299 0.485222 1.46162
threshold=0.58542297693482837 0.55485698752022106 0.51290322580645176 0.44128373450036479 0.48382352941176471 0.61229581972090841 28.500000000000004 0.70386579139314387 0.14842600721355023 0.48382352941176471 -0.24999999999999994 0.091145833333333343 0.6830127018922193 29.500000000000004 0.054687500000000007 0.61670313639679086 0.45391705069124427 1.0000000180025095e-35 0.33772819472616639 1.0000000180025095e-35 0.085704493569116261 0.52260523305345885 0.11596544270602603 0.706451612903226 0.6078576107927941 0.6433260393873087 -0.22252093395631442 0.18356997971602437 0.6830127018922193 29.500000000000004
decision_type=2 2 2 2 2 2 2 2 2 2 2 2 2 2 2 2 2 2 2 2 2 2 2 2 2 2 2 2 2 2
left_child=1 11 14 -4 6 7 -3 15 20 -10 -6 27 21 -14 -2 18 -16 -12 26 -8 -7 -13 -9 -22 25 -23 -5 -1 -29 -30
right_child=2 4 3 5 10 8 19 22 9 -11 17 12 13 -15 16 -17 -18 -19 -20 -21 23 24 -24 -25 -26 -27 -28 28 29 -31
leaf_value=-0.0026667006881311781 0.00074897415584760697 -0.00043309668862343405 0.00033437532340066794 0.00070420913842611185 0.0014908204104091259 0.0010215699692422188 0.00031300694163370998 0.00050022557863722025 0.0019030624414707791 0.0031977943234192457 0.0005853628292858123 -0.0012063775291507313 -0.0013284834392791147 0.001192722342450337 0.00077489063298147429 0.0012398977205573852 0.0010644604499067116 0.00063874776348635069 0.0011851748273846322 0.0016318997061084033 0.0013637559074746567 -0.00044241918120845573 0.0010433976016484118 0.0016253117120230462 -0.0002135398912685923 0.00074441530028691123 0.0007035786529997856 -0.000829074105856131 -0.0016875659889631282 0.0012711247157388018
leaf_weight=3074 44 53 32 23 21 23 31 21 25 36 23 139 30 32 23 24 25 25 27 39 65 29 24 25 33 21 27 308 60 35
leaf_count=3074 44 53 32 23 21 23 31 21 25 36 23 139 30 32 23 24 25 25 27 39 65 29 24 25 33 21 27 308 60 35
internal_value=-0.000414147 -0.00227144 0.0161216 0.0181363 0.00512497 0.0192187 0.00187803 0.0161095 0.0218275 0.0171637 0.0109129 -0.00264903 -0.000253521 0.004258 0.00841295 0.018683 0.0119997 0.0144997 0.0168699 0.00557135 0.0243449 -0.00151351 0.0103331 0.0256664 0.00061445 0.00239995 0.0143997 -0.00284469 -0.00203225 -0.000157894
internal_weight=4397 3953 444 352 192 320 123 146 174 61 69 3761 284 62 92 101 48 48 77 70 113 222 45 90 83 50 50 3477 403 95
internal_count=4397 3953 444 352 192 320 123 146 174 61 69 3761 284 62 92 101 48 48 77 70 113 222 45 90 83 50 50 3477 403 95
is_linear=0
shrinkage=0.03


Tree=8
num_leaves=31
num_cat=0
split_feature=5 1 10 5 8 3 5 8 16 17 5 8 9 7 5 8 2 11 6 5 11 16 10 3 5 3 6 3 8 7
split_gain=141.281 13.718 9.57126 6.61711 5.77715 4.99852 3.94175 3.38773 4.19572 3.35699 2.32836 2.32728 1.6784 1.29083 1.87714 1.24005 0.937055 0.907117 1.04343 0.752868 0.934441 2.46602 1.94645 0.513004 0.489881 0.482952 0.323714 0.295857 0.284359 0.20524
threshold=0.27687626774847879 0.085937500000000014 1.0000000180025095e-35 0.35192697768762687 0.17890958504461263 0.054687500000000007 0.23833671399594322 0.20833669660143139 20.500000000000004 0.32570922397320157 0.44726166328600409 0.19814297748565238 0.73668854850474119 0.13162077050603302 0.45638945233265721 0.24281010727125305 0.096354166666666671 0.6830127018922193 0.5055299539170508 0.17139959432048682 0.6830127018922193 29.500000000000004 0.25000000000000011 0.070312500000000014 0.30933062880324552 0.10156250000000001 0.56267281105990796 0.10677083333333334 0.42989024801819237 0.10036056523027932
decision_type=2 2 2 2 2 2 2 2 2 2 2 2 2 2 2 2 2 2 2 2 2 2 2 2 2 2 2 2 2 2
left_child=6 11 10 4 -4 -6 19 8 -7 -5 23 -2 16 -11 -15 -9 17 18 -8 29 26 -22 -23 -3 -13 -26 -21 -10 -25 -1
right_child=1 2 3 9 5 7 12 15 27 13 -12 24 -14 14 -16 -17 -18 -19 -20 20 21 22 -24 28 25 -27 -28 -29 -30 -31
leaf_value=-0.0027504415710775929 0.00085335524838116609 0.00060901329359018509 0.00097653354570305644 0.0010514825053137627 0.00049798437631344051 0.00025095500983485886 -0.00016679189511447758 -2.8597425200254689e-05 0.00066016759938956589 0.001329496349591763 0.0024895198554968148 -0.00062649688856634403 0.00066392078933664555 0.0018724643467080766 0.0029608926413340363 0.0007382107101678142 -0.00018397362368598313 0.00081362228928209541 0.00054844955644547618 -0.00098063932171128278 -0.0016893627409846532 0.001656596169875253 -0.00022390568492803626 -0.00031218352297882372 -0.00010778407604872157 0.00091162395720584038 2.2556578458952368e-05 0.00063359264566046009 0.00015428275357215978 -0.0022095950202610823
leaf_weight=2888 32 23 37 39 26 32 46 31 22 83 28 25 25 36 24 35 66 22 23 486 94 33 35 23 25 21 22 20 20 75
leaf_count=2888 32 23 37 39 26 32 46 31 22 83 28 25 25 36 24 35 66 22 23 486 94 33 35 23 25 21 22 20 20 75
internal_value=-0.000427792 0.0133402 0.015476 0.0175714 0.0138472 0.0114578 -0.00252818 0.00921422 0.0136214 0.0217252 0.00689354 0.00340773 0.00178021 0.023853 0.0204997 0.00427266 0.000630569 0.00260437 0.00091303 -0.00274401 -0.00183582 0.000148147 0.00449993 0.00381812 0.000380276 0.00221734 -0.0024685 0.0198567 0.00188368 -0.00294938
internal_weight=4397 582 479 385 203 166 3815 140 74 182 94 103 182 143 60 66 157 91 69 3633 670 162 68 66 71 46 508 42 43 2963
internal_count=4397 582 479 385 203 166 3815 140 74 182 94 103 182 143 60 66 157 91 69 3633 670 162 68 66 71 46 508 42 43 2963
is_linear=0
shrinkage=0.03


Tree=9
num_leaves=31
num_cat=0
split_feature=0 0 6 8 17 0 8 16 16 11 3 4 11 17 9 5 9 11 16 17 7 6 7 0 5 7 11 16 9 2
split_gain=145.911 10.8083 7.13386 6.79618 4.39993 3.38828 3.84321 2.54154 2.03927 2.54159 1.76536 2.24631 1.64952 2.03891 1.65055 1.54553 1.31341 1.30614 3.89766 1.2575 1.85455 0.773934 0.42474 0.329182 0.652544 0.200365 0.638279 1.45827 0.190604 0.137495
threshold=0.58542297693482837 0.55485698752022106 0.51290322580645176 0.32168781531003504 0.39080606492770981 0.61229581972090841 0.17890958504461263 28.500000000000004 24.500000000000004 1.0000000180025095e-35 0.070312500000000014 0.054687500000000007 1.0000000180025095e-35 0.34665134882137699 0.53610503282275734 0.18965517241379312 0.60649161196207169 0.6830127018922193 29.500000000000004 0.32204889385789626 0.1598231199900437 0.4806451612903227 0.077483937672895853 0.53840388049425569 0.24442190669371197 0.088419907194990141 0.6830127018922193 29.500000000000004 0.23450036469730126 0.070312500000000014
decision_type=2 2 2 2 2 2 2 2 2 2 2 2 2 2 2 2 2 2 2 2 2 2 2 2 2 2 2 2 2 2
left_child=1 15 10 5 -5 6 -4 16 -8 -10 11 -2 13 -9 -14 25 -3 23 -19 -7 -21 -12 -20 28 -25 -1 -27 -28 -17 -26
right_child=2 7 3 4 -6 19 8 12 9 -11 21 -13 14 -15 -16 17 -18 18 22 20 -22 -23 -24 24 29 26 27 -29 -30 -31
leaf_value=-0.0024764070792526916 0.00068541868077861689 -0.00030288877013176513 0.00095253265960487015 0.00015261907685582498 0.0030325314236207953 0.0010357875736930486 0.00026898042459375549 0.00062744263438889219 0.0009882449904844257 0.00094612622518181497 -2.7739497436545635e-05 0.0014798134843674283 0.00026784382676091345 -0.0002224656367111219 0.0033289982351546923 -0.00068559259673021576 0.00053419035499792584 -0.0014333321877059266 0.0010152791376308945 0.0012623317808753511 0.00244907958376643 0.00073350855664778289 0.0014408370342846621 0.00028896922125004349 2.9413389717011657e-05 -0.0023018283815882685 -0.0021406396429461739 0.0011178833275134416 -0.00080791040231819114 -0.00047288912647644086
leaf_weight=3020 24 56 34 38 32 28 34 24 30 39 21 25 39 23 24 33 26 78 22 93 24 22 26 28 20 151 35 21 283 44
leaf_count=3020 24 56 34 38 32 28 34 24 30 39 21 25 39 23 24 33 26 78 22 93 24 22 26 28 20 151 35 21 283 44
internal_value=-0.000455084 -0.00228662 0.0158513 0.0177954 0.00942844 0.0198723 0.0164889 0.00465623 0.0136018 0.016565 0.00841295 0.0123059 0.00763629 0.00338291 0.0108094 -0.00264105 0.000658528 -0.00114607 0.0015238 0.0230688 0.0244357 0.00397665 0.00824983 -0.00197058 -0.000391301 -0.00288844 -0.0019855 0.000749986 -0.00243037 -0.00206247
internal_weight=4397 3953 444 352 70 282 137 192 103 69 92 49 110 47 63 3761 82 534 126 145 117 43 48 408 92 3227 207 56 316 64
internal_count=4397 3953 444 352 70 282 137 192 103 69 92 49 110 47 63 3761 82 534 126 145 117 43 48 408 92 3227 207 56 316 64
is_linear=0
shrinkage=0.03


Tree=10
num_leaves=31
num_cat=0
split_feature=0 0 8 8 1 16 0 1 3 5 0 8 16 6 16 8 11 16 9 16 11 6 8 5 9 0 2 1 6 1
split_gain=152.534 11.0174 6.51189 6.07089 5.31263 4.13115 3.6791 2.95149 3.60555 3.71168 2.85472 2.24282 3.82811 2.02725 1.44679 2.16545 1.21337 2.72055 0.953524 0.837324 0.827094 1.246 1.18946 0.691535 0.914711 0.558804 0.492797 0.389664 0.299078 0.240686
threshold=0.57040581497477094 0.61229581972090841 0.32168781531003504 0.20163812288966401 0.091145833333333343 27.500000000000004 0.59537384276397409 0.085937500000000014 0.070312500000000014 0.35192697768762687 0.54460969367221124 0.17890958504461263 24.500000000000004 0.56267281105990796 26.500000000000004 0.20163812288966401 0.6830127018922193 29.500000000000004 0.69876002917578428 26.500000000000004 0.25000000000000017 0.66635944700460847 0.18264427710219064 0.18154158215010144 0.80598103574033564 0.52260523305345885 0.085937500000000014 0.10677083333333334 0.60230414746543792 0.12760416666666669
decision_type=2 2 2 2 2 2 2 2 2 2 2 2 2 2 2 2 2 2 2 2 2 2 2 2 2 2 2 2 2 2
left_child=4 3 20 6 23 -4 18 -5 -9 13 16 -8 -13 29 27 -16 25 -18 19 -2 21 28 -23 -1 -25 -6 -27 -12 -3 -10
right_child=1 2 5 7 10 -7 11 8 9 -11 14 12 -14 -15 15 -17 17 -19 -20 -21 -22 22 -24 24 -26 26 -28 -29 -30 -31
leaf_value=-0.0025291624409821104 0.00046587445679326209 0.0020419175412442364 0.00054813060541947418 -6.020550436105485e-05 -0.001164591430889435 0.0033012894411385803 0.00092219163972575722 0.00097652777530817642 7.6676194189029856e-05 0.001556244421611419 -0.00040553062997270424 0.00032015876655735375 0.00088734061043767461 0.00038381343486349547 0.00049002077799180778 0.0012061811234770066 -0.0012742908572482914 0.0011160678675613107 0.00050464634983438149 0.0021358689641855153 0.0023515953742844747 0.00091038475500944502 0.0017185994918215324 -0.0005558414644077274 0.00085288809638474187 -0.00022577792345573216 0.00046731385786321928 0.00034610204232032941 0.0011088596872986212 -0.00015162687157844679
leaf_weight=3032 28 23 35 40 142 27 35 35 20 20 21 21 31 39 34 20 34 32 22 30 47 22 24 431 27 29 27 26 36 23
leaf_count=3032 28 23 35 40 142 27 35 35 20 20 21 21 31 39 34 20 34 32 22 30 47 22 24 431 27 29 27 26 36 23
internal_value=-0.000294358 0.0143656 0.0197102 0.0110407 -0.00241634 0.0115159 0.0151436 0.00716945 0.00926271 0.0064117 0.00102739 0.0194136 0.0154612 0.00358532 0.00531678 0.00866651 -0.000613635 0.00290905 0.0104999 0.012517 0.0230525 0.0215712 0.0178692 -0.0027765 -0.00168995 -0.00178787 0.000749986 0.00146805 0.0244572 -0.000906956
internal_weight=4413 558 214 344 3855 62 167 177 137 102 365 87 52 82 101 54 264 66 80 58 152 105 46 3490 458 198 56 47 59 43
internal_count=4413 558 214 344 3855 62 167 177 137 102 365 87 52 82 101 54 264 66 80 58 152 105 46 3490 458 198 56 47 59 43
is_linear=0
shrinkage=0.03


Tree=11
num_leaves=31
num_cat=0
split_feature=20 20 9 6 5 20 17 8 18 16 18 7 5 16 7 20 6 5 16 8 16 16 10 12 4 2 5 4 7 13
split_gain=143.864 11.492 7.53577 6.06878 4.66312 3.9666 2.93184 3.21052 2.92472 2.62999 1.98526 1.86119 2.5266 1.70662 1.20545 2.09511 1.13294 0.99907 0.876087 0.818138 0.799808 0.782187 2.28076 1.54464 0.892726 0.688707 0.621307 0.585936 0.551492 0.439503
threshold=0.57040581497477094 0.59743234789882671 0.30233406272793589 0.55714285714285727 0.23427991886409741 0.61229581972090841 0.32570922397320157 0.18264427710219064 0.48088235294117648 24.500000000000004 0.50147058823529422 0.1598231199900437 0.45131845841784995 25.500000000000004 0.11470218836877218 0.58542297693482837 0.53502304147465451 0.17139959432048682 26.500000000000004 0.19814297748565238 28.500000000000004 29.500000000000004 -0.5 -1.0000000180025095e-35 0.14322916666666669 0.11197916666666667 0.26064908722109537 0.096354166666666671 0.087230509471486625 -0.22252093395631442
decision_type=2 2 2 2 2 2 2 2 2 2 2 2 2 2 2 2 2 2 2 2 2 2 2 2 2 2 2 2 2 2
left_child=4 8 -3 5 17 29 7 -5 14 -9 20 25 -13 -10 15 19 -15 -1 -12 -2 28 -19 23 -23 -24 27 -22 -8 -6 -4
right_child=1 2 3 6 10 -7 11 9 13 -11 18 12 -14 16 -16 -17 -18 21 -20 -21 26 22 24 -25 -26 -27 -28 -29 -30 -31
leaf_value=-0.0025004403889656258 0.00053305547370149952 0.0001052189481392074 0.00070532357445307267 0.00088405890232635715 0.00012282294983479193 0.0019771689500010553 0.00093840413192649783 0.00028808861919134613 0.00045734567788125721 0.001712371958846908 0.00036721612831286371 0.0014174491227542782 0.0029613792258382237 0.0008954214822997715 -3.2543908218585418e-05 0.00063997900456239955 0.00090031361585317892 -0.001241103766364869 0.00094482433217355822 -0.00019255090879866441 -2.3474505412036908e-05 -0.00059852546389867287 -0.00084414091531443487 0.0016460226770300813 0.00045999770250092914 0.0011988825759331526 0.0011037511411957197 0.0011949094861043721 -0.00046308329408581271 0.00026454556038483064
leaf_weight=2965 22 24 20 46 39 34 20 21 29 29 23 21 32 34 32 33 20 325 30 22 42 21 223 36 21 71 41 27 89 21
leaf_count=2965 22 24 20 46 39 34 20 21 29 29 23 21 32 34 32 33 20 325 30 22 42 21 223 36 21 71 41 27 89 21
internal_value=-0.000355541 0.0138817 0.017 0.0181403 -0.00241634 0.0105999 0.0202584 0.0160623 0.00793746 0.0107998 0.00143181 0.0226139 0.0179431 0.0121806 0.00470638 0.00674017 0.015333 -0.00269925 0.00662252 0.00245449 0.000127961 -0.00161022 -0.000508305 0.00489465 -0.00177049 0.0247117 0.00242166 0.0218932 -0.00135937 0.00431697
internal_weight=4413 558 366 342 3855 75 267 96 192 50 264 171 53 83 109 77 54 3591 53 44 211 626 301 57 244 118 83 47 128 41
internal_count=4413 558 366 342 3855 75 267 96 192 50 264 171 53 83 109 77 54 3591 53 44 211 626 301 57 244 118 83 47 128 41
is_linear=0
shrinkage=0.03


Tree=12
num_leaves=31
num_cat=0
split_feature=0 0 9 6 1 5 6 1 17 8 0 16 5 6 11 7 6 1 16 8 11 8 5 9 0 2 8 3 1 2
split_gain=136.104 11.0417 7.15596 5.40579 5.0153 2.90725 2.86803 2.93516 2.74359 3.57094 2.57592 2.25415 1.92845 1.71373 1.61671 3.3608 1.50567 1.28145 1.23209 1.67475 0.920445 2.46326 0.743012 0.892477 0.740801 0.706413 0.505827 0.424231 0.389664 0.372568
threshold=0.57040581497477094 0.59743234789882671 0.44128373450036479 0.55714285714285727 0.091145833333333343 0.3600405679513185 0.44930875576036872 0.14322916666666669 0.32570922397320157 0.18264427710219064 0.54460969367221124 24.500000000000004 0.40060851926977692 0.51658986175115229 1.0000000180025095e-35 0.1598231199900437 0.56267281105990796 0.12239583333333334 26.500000000000004 0.20163812288966401 0.6830127018922193 0.19814297748565238 0.18154158215010144 0.80598103574033564 0.52260523305345885 0.085937500000000014 0.20163812288966401 0.10156250000000001 0.10677083333333334 0.10677083333333334
decision_type=2 2 2 2 2 2 2 2 2 2 2 2 2 2 2 2 2 2 2 2 2 2 2 2 2 2 2 2 2 2
left_child=4 6 12 5 22 -4 -2 13 9 -5 20 -11 -3 -8 15 27 -15 26 28 -20 24 -22 -1 -24 -6 -26 -18 -10 -12 -16
right_child=1 2 3 8 10 -7 7 -9 14 11 18 -13 -14 16 29 -17 17 -19 19 -21 21 -23 23 -25 25 -27 -28 -29 -30 -31
leaf_value=-0.0023821413153098424 0.0016304273535600242 -5.1298708612840622e-05 0.00032027790720050363 0.00085753713525656681 -0.0010574239994842879 0.0019213449465068748 -0.00019485670361783325 0.00096901594959506018 0.0016321979585259023 0.0002794459606156046 -0.00037947221225094713 0.0016610008000815014 0.0013732486691121501 0.00068815683225499169 0.0014605515117395967 0.00161062263705749 0.00022688277495051831 0.00030741063789830925 0.00045569013708030129 0.0011368831555368226 0.0010801893234572285 -0.00069284631162767364 -0.00053288879338964437 0.00081481035054020853 -0.00019596669638849681 0.00044873675278732042 -0.00013599617252428432 0.0010192813480355794 0.00033715700338422577 0.0024095815458166658
leaf_weight=3032 34 21 34 46 142 23 36 22 26 21 21 29 21 33 28 24 20 21 34 20 31 35 431 27 29 27 26 22 26 71
leaf_count=3032 34 21 34 46 142 23 36 22 26 21 21 29 21 33 28 24 20 21 34 20 31 35 431 27 29 27 26 22 26 71
internal_value=-0.00039633 0.0134516 0.0165082 0.0180185 -0.00240078 0.00963141 0.00762496 0.00592401 0.0198089 0.0157498 0.000945202 0.0101998 0.00485703 0.00427938 0.0220876 0.0186664 0.00629994 0.00371636 0.00501975 0.00811096 -0.000613635 0.00245451 -0.00275072 -0.00162445 -0.00163636 0.00128569 0.000913023 0.0232495 0.00146805 0.0245755
internal_weight=4413 558 366 324 3855 57 192 158 267 96 365 50 42 136 171 72 100 67 101 54 264 66 3490 458 198 56 46 48 47 99
internal_count=4413 558 366 324 3855 57 192 158 267 96 365 50 42 136 171 72 100 67 101 54 264 66 3490 458 198 56 46 48 47 99
is_linear=0
shrinkage=0.03


Tree=13
num_leaves=31
num_cat=0
split_feature=20 20 16 1 10 8 5 16 17 2 8 20 10 10 7 1 8 1 8 1 8 16 9 10 5 5 9 8 2 12
split_gain=124.751 11.0082 5.45189 4.1583 4.1246 3.80448 4.60762 3.56126 3.30258 2.53269 2.36627 1.95966 1.63309 1.97678 1.60946 1.50703 1.4428 1.30657 0.875496 0.830098 0.970436 0.78032 1.67257 1.24645 0.550555 0.471144 0.688465 0.46 0.457255 0.345504
threshold=0.57040581497477094 0.60947546798558971 27.500000000000004 0.085937500000000014 0.68301270189221941 0.18264427710219064 0.31947261663286008 25.500000000000004 0.34343176467251019 0.085937500000000014 0.20833669660143139 0.54460969367221124 0.68301270189221941 0.25000000000000011 0.1598231199900437 0.12239583333333334 0.23942336319236415 0.13281250000000003 0.19010694606400499 0.096354166666666671 0.18460672248384172 28.500000000000004 0.48322392414296145 1.0000000180025095e-35 0.38032454361054774 0.18154158215010144 0.80598103574033564 0.20163812288966401 0.12760416666666669 0.6078576107927941
decision_type=2 2 2 2 2 2 2 2 2 2 2 2 2 2 2 2 2 2 2 2 2 2 2 2 2 2 2 2 2 2
left_child=3 5 4 25 -3 6 -2 15 -6 -9 18 21 13 -4 24 27 19 28 -11 -13 -21 -5 23 -23 -15 -1 -27 -7 -12 -24
right_child=1 2 12 11 8 7 -8 9 -10 10 17 16 -14 14 -16 -17 -18 -19 -20 20 -22 22 29 -25 -26 26 -28 -29 -30 -31
leaf_value=-0.0023279958179410363 0.0004480711125963761 0.00052510044927043327 0.0025633446295201178 -0.00076621761820965418 0.00050336182794281047 0.00033826499601239876 0.00083414347795538336 0.0016677869102799654 0.000886684672856142 0.00046201174028390006 -9.16355886120972e-05 -9.0154767630900811e-05 0.0025423131703501511 0.001026066886595265 0.0016022403402303422 0.0002486250564616531 0.0010297206931117638 0.00093950837074406037 0.0012111821979390502 0.0013820480323299819 3.3863442948585543e-05 0.0015242403081224692 0.00016985421531341035 0.00033580838146884565 0.0010599854772093216 -0.00058641877757894775 0.00053601472947583002 -0.00018032645280085599 0.00037859810088753591 -0.00062429170349591323
leaf_weight=3002 31 31 37 168 34 21 38 38 25 24 21 22 46 28 22 35 22 25 20 27 40 22 65 24 21 383 25 32 29 55
leaf_count=3002 31 31 37 168 34 21 38 38 25 24 21 22 46 28 22 35 22 25 20 27 40 22 65 24 21 383 25 32 29 55
internal_value=-0.000505099 0.0127527 0.0175327 -0.00242412 0.0116665 0.00903819 0.0152606 0.00728568 0.0163218 0.00999357 0.00784027 0.000303369 0.0209609 0.0189443 0.0160139 0.00245452 0.00375672 0.00459994 0.0133633 0.00205616 0.00371636 -0.00084431 0.000614453 0.00547814 0.0190404 -0.00278006 -0.00182353 -0.000735836 0.00179996 -0.00124999
internal_weight=4413 558 244 3855 90 314 69 245 59 157 119 445 154 108 71 88 111 75 44 89 67 334 166 46 49 3410 408 53 50 120
internal_count=4413 558 244 3855 90 314 69 245 59 157 119 445 154 108 71 88 111 75 44 89 67 334 166 46 49 3410 408 53 50 120
is_linear=0
shrinkage=0.03


Tree=14
num_leaves=31
num_cat=1
split_feature=20 20 16 1 5 9 8 20 17 16 12 9 6 11 6 6 9 19 18 9 9 16 6 18 6 1 12 4 1 4
split_gain=118.391 11.6172 5.61564 4.42254 4.29927 3.72735 3.58229 2.52689 2.36863 2.0737 2.42827 1.97297 1.83888 1.51131 2.456 1.50373 1.31229 1.29208 1.36704 1.19998 1.43782 2.23036 1.13857 1.0418 0.917071 0.821788 0.818075 0.436198 0.635741 0.432119
threshold=0.57040581497477094 0.60947546798558971 27.500000000000004 0.075520833333333343 0.19776876267748481 0.53610503282275734 0.17890958504461263 0.59537384276397409 0.34343176467251019 25.500000000000004 -0.60785761079279388 0.80598103574033564 0.53502304147465451 1.0000000180025095e-35 0.69631336405529975 0.60875576036866375 0.57330415754923425 0 0.47500000000000003 0.68088986141502572 0.53610503282275734 18.500000000000004 0.39493087557603695 0.48088235294117648 0.45944700460829507 0.15885416666666669 1.0000000180025095e-35 0.11197916666666667 0.065104166666666671 0.11197916666666667
decision_type=2 2 2 2 2 2 2 2 2 2 2 2 2 2 2 2 2 1 2 2 2 2 2 2 2 2 2 2 2 2
left_child=4 3 5 -2 27 -3 7 -5 -7 16 -11 17 24 14 25 -15 -8 -6 29 20 21 -20 -23 -14 -12 -4 -18 -1 -29 -19
right_child=1 2 13 6 11 8 9 -9 -10 10 12 -13 23 15 -16 -17 26 18 19 -21 -22 22 -24 -25 -26 -27 -28 28 -30 -31
leaf_value=-0.0020880715972584792 -5.6184287827002157e-05 0.00010479264954437076 0.0015806070916729597 0.00043870632135410221 -0.0002867359929445793 0.0004882609731045246 4.74945893028988e-06 0.00080830060887886082 0.00090152571958264371 0.00075914086337692144 0.0024711865222603289 0.00090338285001588547 0.00053866670433805157 0.0013597437908593308 0.00088580580200058707 0.0025661231378864865 0.00017093132654814701 -0.00053670518056745992 -0.00099355035958882524 -0.00019706093529561034 0.00077054427417151043 0.0013510348589041859 0.00084825535161166786 0.0013086979388462689 -0.00016610544229087151 0.0018308859904399724 0.00039680211264938833 -0.0016590882286821606 0.00011632702794604027 1.2875905055588945e-05
leaf_weight=3197 36 23 30 20 251 34 37 29 33 30 34 32 34 20 22 60 22 77 41 25 37 27 20 28 22 22 22 81 43 24
leaf_count=3197 36 23 30 20 251 34 37 29 33 30 34 32 34 20 22 60 22 77 41 25 37 27 20 28 22 22 22 81 43 24
internal_value=-0.00053909 0.0123763 0.0172868 0.00856048 -0.00240856 0.0113332 0.00984169 0.0172037 0.0149102 0.00826634 0.0103783 8.98868e-05 0.00844061 0.0207661 0.0176754 0.0236247 0.00440735 -0.000370518 0.00113793 0.00299998 0.00419997 0.00211361 0.00657433 0.0119998 0.00449992 0.0212304 0.00790891 -0.0028103 -0.00106451 -0.00151484
internal_weight=4413 558 244 314 3855 90 278 49 67 229 148 534 118 154 74 80 81 502 251 150 125 88 47 62 56 52 44 3321 124 101
internal_count=4413 558 244 314 3855 90 278 49 67 229 148 534 118 154 74 80 81 502 251 150 125 88 47 62 56 52 44 3321 124 101
cat_boundaries=0 1
cat_threshold=217
is_linear=0
shrinkage=0.03


Tree=15
num_leaves=31
num_cat=0
split_feature=0 0 0 16 8 8 1 1 1 17 18 11 7 8 12 9 0 11 18 1 11 16 10 18 9 11 6 8 2 16
split_gain=116.276 9.94369 4.52584 4.30941 3.7038 3.31441 2.59605 2.36592 1.87819 2.03773 1.52505 1.98675 2.2079 1.51815 1.4685 1.4609 1.38125 1.36755 0.894608 0.88482 1.84899 3.14067 1.17981 0.856725 0.805695 0.839825 0.731082 0.568133 0.51161 0.432675
threshold=0.56764902299890541 0.60947546798558971 0.53840388049425569 28.500000000000004 0.19010694606400499 0.19374835634870594 0.091145833333333343 0.096354166666666671 0.14322916666666669 0.35826738149944698 0.49558823529411766 1.0000000180025095e-35 0.12201822244818451 0.20622435817705217 -1.0000000180025095e-35 0.69876002917578428 0.59743234789882671 0.6830127018922193 0.49264705882352944 0.075520833333333343 0.6830127018922193 29.500000000000004 0.25000000000000011 0.48088235294117648 0.5948212983223925 1.0000000180025095e-35 0.60230414746543792 0.43871151078150539 0.15364583333333334 29.500000000000004
decision_type=2 2 2 2 2 2 2 2 2 2 2 2 2 2 2 2 2 2 2 2 2 2 2 2 2 2 2 2 2 2
left_child=2 4 19 5 6 23 -2 -4 13 -10 11 12 -5 -6 -7 17 -8 29 24 -1 -21 -22 -23 -3 -15 -26 -12 -16 -13 -9
right_child=1 3 7 10 8 14 16 15 9 -11 26 28 -14 18 27 -17 -18 -19 -20 20 21 22 -24 -25 25 -27 -28 -29 -30 -31
leaf_value=-0.0019969866468399987 0.00058136898061730781 0.00064719977470669929 -0.00010154119163978077 0.00079223640317098443 0.00050130687590924973 0.00044071465360987053 0.00049702909911628946 0.00025909054051373692 0.0012529533941435566 0.00078574163172760725 0.001797524016900175 0.000657970376397513 0.001347885266991279 -2.2766136419719693e-05 0.00023862303527080227 0.00086827669620222149 0.00074503195265764434 0.001989688990000417 0.00034821650154158315 -0.00079341878173066777 -0.0013123415344920768 0.0016049206249684456 0.00068091782774451156 0.00081164691427055896 -0.0013940511688340313 0.00081543720465512913 0.0024766426353752878 0.0009153418541492591 0.0020753487427739147 -9.7525357381648376e-05
leaf_weight=3133 24 21 123 20 37 21 42 32 23 30 22 20 21 53 22 22 38 25 24 362 56 21 32 21 20 27 42 22 24 20
leaf_count=3133 24 21 123 20 37 21 42 32 23 30 22 20 21 53 22 22 38 25 24 362 56 21 32 21 20 27 42 22 24 20
internal_value=-0.000538637 0.0120522 -0.0024276 0.0164531 0.00850941 0.0118597 0.0131537 0.00172972 0.00625231 0.0111507 0.0197515 0.0171174 0.0123656 0.00463972 0.00761527 0.00518177 0.0157498 0.00323372 0.00304836 -0.00268368 -0.00147134 0.00195411 0.00718854 0.0184281 0.00179998 0.00465947 0.0232496 0.0044999 0.021545 0.000461529
internal_weight=4400 574 3826 256 318 107 104 222 214 53 149 85 41 161 65 99 80 77 124 3604 471 109 53 42 100 47 64 44 44 52
internal_count=4400 574 3826 256 318 107 104 222 214 53 149 85 41 161 65 99 80 77 124 3604 471 109 53 42 100 47 64 44 44 52
is_linear=0
shrinkage=0.03


Tree=16
num_leaves=31
num_cat=0
split_feature=0 0 0 16 9 9 10 17 9 6 4 3 17 16 10 10 18 0 11 16 12 17 9 7 6 12 7 6 9 0
split_gain=110.679 9.77284 4.30819 3.67496 3.51755 4.00822 3.03761 3.37835 2.75079 2.30203 1.94586 1.85169 1.59195 1.53277 1.35873 1.93676 1.12592 0.769999 1.27417 3.01356 1.77404 0.751071 0.715324 1.11402 0.66083 1.5999 0.531441 0.498639 0.486671 0.71967
threshold=0.56764902299890541 0.60947546798558971 0.53121608501887896 28.500000000000004 0.57330415754923425 0.69876002917578428 0.68301270189221941 0.34067313420134465 0.80598103574033564 0.54884792626728129 0.10677083333333334 0.070312500000000014 0.33310749330662537 24.500000000000004 0.68301270189221941 0.25000000000000011 0.50441176470588245 0.4823181611744996 0.6830127018922193 29.500000000000004 -1.0000000180025095e-35 0.39588120159986395 0.5970094821298324 0.084671772017281502 0.52764976958525367 -1.0000000180025095e-35 0.10811401452739054 0.55253456221198172 0.51677607585703877 0.55485698752022106
decision_type=2 2 2 2 2 2 2 2 2 2 2 2 2 2 2 2 2 2 2 2 2 2 2 2 2 2 2 2 2 2
left_child=2 4 17 6 13 9 27 -8 21 11 -7 -6 -5 26 15 -14 -17 -1 -19 -20 -21 28 23 -11 25 -15 -2 -3 -4 -30
right_child=1 3 8 12 5 10 7 -9 -10 22 -12 -13 14 24 -16 16 -18 18 19 20 -22 -23 -24 -25 -26 -27 -28 -29 29 -31
leaf_value=-0.0021125135772272268 9.3532646147439033e-05 0.00037285789704690376 -0.00046565036090268341 0.00071921749794298206 0.00073146642791173291 0.00010003936588670725 0.00057972438131171245 0.00086661306589181221 0.00096401397614543944 0.00048590962113139174 0.00079097407121438536 0.00030526451496935288 0.0025448858997755173 0.001329931760744059 0.002307818308131111 0.0011835608474193807 0.0016705680315172032 -0.00085942263707728804 -0.0013511043218413566 -0.00010491484921634456 0.0013211711467124051 0.00077688176873525893 0.0010953363041490561 0.00062110342370186354 0.00074546709181597906 -0.00013480742172622555 -0.00023912627776051675 0.00089196829326624347 -8.653625529144769e-05 0.00023031302317587927
leaf_weight=3015 24 22 70 27 27 37 37 28 20 25 37 27 30 20 31 37 24 405 80 24 37 20 23 24 29 20 25 20 101 54
leaf_count=3015 24 22 70 27 27 37 37 28 20 25 37 27 30 20 31 37 24 405 80 24 37 20 23 24 29 20 25 20 101 54
internal_value=-0.000545455 0.0117387 -0.0023884 0.0161015 0.00822639 0.0106499 0.0118597 0.0159228 0.00130188 0.0139047 0.00510804 0.00922205 0.0191475 0.00411861 0.0206064 0.018758 0.0156883 -0.00266302 -0.00162637 0.000829781 0.00585236 0.000428569 0.0174164 0.015367 0.0069999 0.00449989 6.12225e-05 0.0055713 -6.66671e-05 0.000870961
internal_weight=4400 574 3826 256 318 200 107 65 265 126 74 54 149 118 122 91 61 3561 546 141 61 245 72 49 69 40 49 42 225 155
internal_count=4400 574 3826 256 318 200 107 65 265 126 74 54 149 118 122 91 61 3561 546 141 61 245 72 49 69 40 49 42 225 155
is_linear=0
shrinkage=0.03


Tree=17
num_leaves=31
num_cat=0
split_feature=0 0 8 5 16 8 9 9 17 1 8 3 11 11 18 9 12 16 6 17 18 11 16 18 5 1 8 6 18 5
split_gain=105.14 10.9186 3.67782 3.59073 3.4747 3.31441 2.58238 3.09644 1.93049 2.31087 2.70436 2.14399 1.69561 3.03669 1.79244 1.59246 1.4685 0.928672 0.903624 1.01511 0.856725 0.779475 3.41599 1.13286 0.870966 0.595144 0.568133 0.552029 0.544205 0.552226
threshold=0.56764902299890541 0.60947546798558971 0.19010694606400499 0.19776876267748481 28.500000000000004 0.19374835634870594 0.69876002917578428 0.57330415754923425 0.36282018551612638 0.14322916666666669 0.20622435817705217 0.070312500000000014 1.0000000180025095e-35 -0.9330127018922193 0.49558823529411766 0.80598103574033564 -1.0000000180025095e-35 21.500000000000004 0.60230414746543792 0.34766520237455956 0.48088235294117648 0.6830127018922193 29.500000000000004 0.48382352941176471 0.26064908722109537 0.10156250000000001 0.43871151078150539 0.64377880184331815 0.47205882352941181 0.26876267748478705
decision_type=2 2 2 2 2 2 2 2 2 2 2 2 2 2 2 2 2 2 2 2 2 2 2 2 2 2 2 2 2 2
left_child=3 2 6 -1 5 20 7 -2 9 10 -4 25 13 -6 -15 21 -7 -9 -14 -20 -3 24 -23 -24 -5 -10 -18 -12 -26 -30
right_child=1 4 8 15 12 16 -8 17 11 -11 27 -13 18 14 -16 -17 26 -19 19 -21 -22 22 23 -25 28 -27 -28 -29 29 -31
leaf_value=-0.0018402484959903446 0.00017967720244911362 0.00060178539359271698 0.00071393076911580565 -0.00044980966626366025 0.0013644123576226185 0.00040073416556629844 0.00034493555633662785 0.00070392986001776008 0.00031523473518673209 0.0011580268636870938 0.00014364518396035021 -1.442293998484365e-05 0.0016590097691693789 0.0012763688560316676 0.0016486466229551665 0.00088270086708475159 0.00021469321533333334 0.00073743651979233564 0.0011985542734847207 0.0023026193127426726 0.00076990577129911408 -0.00080000243524616177 0.0013719357404628903 0.00153699813094902 -0.00020343338748234532 0.00068712336836883586 0.00087513852262748786 -2.2935775092709196e-05 0.00043641872629459461 1.7992829470431171e-06
leaf_weight=3299 27 21 27 288 20 21 28 26 21 25 30 62 20 30 21 27 22 23 22 36 21 83 22 29 34 21 22 28 20 24
leaf_count=3299 27 21 27 288 20 21 28 26 21 25 30 62 20 30 21 27 22 23 22 36 21 83 22 29 34 21 22 28 20 24
internal_value=-0.000600001 0.0113728 0.00766035 -0.00239624 0.0159843 0.0118597 0.0122883 0.0151577 0.00541119 0.00818174 0.00582346 0.00248074 0.0189462 0.0155913 0.0117057 -9.67747e-05 0.00761527 0.0196527 0.0219997 0.0238961 0.0184281 -0.00048 0.0014776 0.00758809 -0.00119672 0.0077141 0.0044999 0.00217238 0.00161536 0.00381809
internal_weight=4400 574 318 3826 256 107 104 76 214 110 85 104 149 71 51 527 65 49 78 58 42 500 134 51 366 42 44 58 78 44
internal_count=4400 574 318 3826 256 107 104 76 214 110 85 104 149 71 51 527 65 49 78 58 42 500 134 51 366 42 44 58 78 44
is_linear=0
shrinkage=0.03


Tree=18
num_leaves=31
num_cat=0
split_feature=0 0 8 0 0 9 1 9 11 9 9 8 1 2 3 6 1 7 1 11 11 7 13 2 8 8 6 6 18 1
split_gain=100.406 10.7396 3.99543 3.77904 3.38483 3.13855 2.10342 1.99771 1.78347 1.83077 1.70164 3.27014 1.65536 1.60276 2.13319 1.78934 1.61491 1.43613 1.27807 1.89655 1.6117 1.46946 1.24611 1.04761 0.987604 0.811371 0.809891 0.778044 0.756627 0.69391
threshold=0.56764902299890541 0.60947546798558971 0.1795928394607082 0.59294530418543168 0.54665645269236129 0.44128373450036479 0.096354166666666671 0.57330415754923425 -0.9330127018922193 0.97957695113056176 0.59263311451495271 0.17733378743684181 0.17447916666666669 0.12239583333333334 0.096354166666666671 0.51658986175115229 0.10156250000000001 0.13162077050603302 0.065104166666666671 0.6830127018922193 0.93301270189221952 0.065317751259371823 1.0000000180025095e-35 0.070312500000000014 0.27719287970000966 0.12021827079589249 0.30921658986175121 0.56267281105990796 0.48676470588235299 0.13281250000000003
decision_type=2 2 2 2 2 2 2 2 2 2 2 2 2 2 2 2 2 2 2 2 2 2 2 2 2 2 2 2 2 2
left_child=4 2 3 -2 18 -3 -6 29 -7 10 17 -12 24 15 -15 -9 -17 28 -1 27 21 25 26 -8 -13 -21 -23 -20 -10 -4
right_child=1 5 7 -5 6 8 23 13 9 -11 11 12 -14 14 -16 16 -18 -19 19 20 -22 22 -24 -25 -26 -27 -28 -29 -30 -31
leaf_value=-0.0020054097271312672 0.00032893348508195968 0.00042780062454113093 0.00010323499833344813 0.0006861274779761178 -0.00011601176667935937 0.0013234799868939394 0.0014984486275353233 0.000569400539722256 0.00049117953091883646 0.0022640302640341389 0.00071699650824917443 0.0013217314973889369 0.0017091883622545032 0.0015847558382021108 1.0432610872625936e-05 0.0007203740989902526 0.0010052726965907358 0.0016258795143847759 -0.00080957660036615425 0.00084024523008443142 -0.0015697336566759979 0.00038149568603938169 -1.322688606785553e-05 0.00036478517990253114 0.00012889090245495643 -0.00062743648105321613 0.0014837908112526413 0.00014870043844058693 0.00073858837272145937 0.00068836227315088774
leaf_weight=2881 31 35 71 32 87 20 21 37 27 22 25 35 27 20 40 25 33 20 581 20 56 20 20 52 20 37 25 26 25 29
leaf_count=2881 31 35 71 32 87 20 21 37 27 22 25 35 27 20 40 25 33 20 581 20 56 20 20 52 20 37 25 26 25 29
internal_value=-0.00064091 0.0110592 0.00737733 0.0141426 -0.00239624 0.0156328 0.00187499 0.00570586 0.0169547 0.0161044 0.0151005 0.0127008 0.00980476 0.00783866 0.00399993 0.010263 0.0135515 0.0186664 -0.00258265 -0.00150955 0.00121348 0.00314751 0.00623067 0.00563006 0.00681806 -0.000368415 0.0089998 -0.00230807 0.0160382 0.00239998
internal_weight=4400 574 318 63 3826 256 160 255 221 201 179 107 82 155 60 95 58 72 3666 785 178 122 65 73 55 57 45 607 52 100
internal_count=4400 574 318 63 3826 256 160 255 221 201 179 107 82 155 60 95 58 72 3666 785 178 122 65 73 55 57 45 607 52 100
is_linear=0
shrinkage=0.03


Tree=19
num_leaves=31
num_cat=1
split_feature=20 20 17 5 16 9 7 7 1 7 20 9 6 7 3 1 17 3 1 2 13 1 6 19 16 11 1 11 16 7
split_gain=92.6448 12.1361 3.60808 3.56629 3.4324 2.89718 2.6783 2.13721 1.76757 1.7866 1.6254 1.59246 1.55163 1.50916 1.87326 1.46555 1.37367 1.25017 1.95038 1.16752 1.13753 0.891888 0.849191 0.795677 1.3347 4.40216 0.484543 1.34719 2.02667 1.42999
threshold=0.56764902299890541 0.60947546798558971 0.34018381414347726 0.19776876267748481 28.500000000000004 0.47191830780452232 0.12709435447866013 0.098703409235773101 0.14322916666666669 0.083692218058272358 0.65204532230327683 0.80598103574033564 0.69631336405529975 0.10220618182554275 0.096354166666666671 0.15364583333333334 0.29240798288626951 0.070312500000000014 0.091145833333333343 0.12239583333333334 1.0000000180025095e-35 0.14843750000000003 0.54884792626728129 0 18.500000000000004 -0.5 0.065104166666666671 0.6830127018922193 29.500000000000004 0.060420512343985253
decision_type=2 2 2 2 2 2 2 2 2 2 2 2 2 2 2 2 2 2 2 2 2 2 2 1 2 2 2 2 2 2
left_child=3 2 5 26 6 -2 7 -3 9 20 12 21 13 -6 -15 -8 -11 18 -4 22 -7 23 -19 24 -5 -26 -1 -28 -29 -30
right_child=1 4 17 11 10 8 15 -9 -10 16 -12 -13 -14 14 -16 -17 -18 19 -20 -21 -22 -23 -24 -25 25 -27 27 28 29 -31
leaf_value=-0.0020907008482036415 2.7627161820725011e-05 0.00074787055510170699 0.00016053498512971632 -0.00033367848966959053 0.00098278253574028457 0.0002884133725497976 2.9251614933092268e-05 0.00067817883484015814 0.00091845002055447643 6.6572048421798146e-05 0.0022455402237357295 0.00082487032253540052 0.00066130838731021362 0.0016101680771902684 0.001360526884587655 0.0008605130621608942 0.00078165450568314619 0.00036636271792784447 0.00094363421435021753 -8.1999778401284075e-05 0.0006686005366663833 0.00043196610538146044 0.00073509971345994793 -0.00031151834271548072 -6.9202892904009417e-05 0.001446886723966171 -0.0010978027382860616 -0.00098213864766980128 -0.00049837683363246723 0.0010907330583311209
leaf_weight=2770 25 35 25 64 28 20 24 25 28 27 28 27 40 20 33 23 28 51 35 34 25 21 20 335 56 24 416 57 24 32
leaf_count=2770 25 35 25 64 28 20 24 25 28 27 28 27 40 20 33 23 28 51 35 34 25 21 20 335 56 24 416 57 24 32
internal_value=-0.000702273 0.0105366 0.00662262 -0.0023884 0.0153984 0.00994111 0.011299 0.0154997 0.0117655 0.0098999 0.0183422 -9.67747e-05 0.0168346 0.019222 0.016245 0.00593604 0.00627261 0.00354543 0.00699988 0.00157141 0.014333 -0.00048 0.00376051 -0.000745302 0.0010909 0.00374995 -0.00275447 -0.00192249 0.000982291 0.00503562
internal_weight=4400 574 318 3826 256 153 107 60 128 100 149 527 121 81 53 47 55 165 60 105 45 500 71 479 144 80 3299 529 113 56
internal_count=4400 574 318 3826 256 153 107 60 128 100 149 527 121 81 53 47 55 165 60 105 45 500 71 479 144 80 3299 529 113 56
cat_boundaries=0 1
cat_threshold=6
is_linear=0
shrinkage=0.03


Tree=20
num_leaves=31
num_cat=1
split_feature=0 0 1 9 5 9 8 5 7 18 4 7 5 12 0 8 8 18 7 7 7 13 9 9 10 9 19 9 3 0
split_gain=84.4714 6.89143 6.58824 3.80258 2.95705 2.70924 2.48179 2.56182 3.40818 2.05416 2.04441 1.45432 1.1313 1.01297 0.891239 1.21632 0.90891 0.690666 0.56522 0.523783 0.513428 0.472924 0.575488 0.465135 0.536787 0.477691 0.457078 1.14093 0.435757 0.475939
threshold=0.58542297693482837 0.53121608501887896 0.13281250000000003 0.44128373450036479 0.34989858012170388 0.80598103574033564 0.18051107774196509 0.3600405679513185 0.16947311116436589 0.47794117647058826 0.12760416666666669 0.12201822244818451 0.16531440162271807 0.87837969732492682 0.56764902299890541 0.19814297748565238 0.18264427710219064 0.4661764705882353 0.12930297617133865 0.090266055694361871 0.090933578475972623 -0.56174490092936669 0.59263311451495271 0.53610503282275734 0.68301270189221941 0.70386579139314387 0 0.71298322392414315 0.059895833333333336 0.54665645269236129
decision_type=2 2 2 2 2 2 2 2 2 2 2 2 2 2 2 2 2 2 2 2 2 2 2 2 2 2 1 2 2 2
left_child=1 12 3 -2 10 14 19 21 -9 11 20 -6 -1 23 17 16 -16 -3 -17 -5 -4 -8 -23 -11 25 -25 27 -14 -19 -30
right_child=2 5 4 6 9 -7 7 8 -10 13 -12 -13 26 -15 15 18 -18 28 -20 -21 -22 22 -24 24 -26 -27 -28 -29 29 -31
leaf_value=-0.0021084895903946931 -1.4227126488686e-05 -0.00045858449370344537 0.00049177463189443028 0.0003984731715674472 0.0016001584109684999 0.00088574245519063043 0.00029325445400670838 0.00074754170580125262 0.0010748015905714559 0.0014957660772690273 0.00083233283672859621 0.00087968840424220633 -0.00053236754642522945 0.0012340487227750741 6.6957351231652489e-05 -0.00010530447439580329 0.0018523552700485015 -0.00013017451431750212 0.0011373492202395709 0.00064218903646557734 0.00013540125258904912 0.00022557017293517231 0.00019303225335485952 0.0014351053613088354 0.0018243134696200038 0.0014679105978478762 -0.00071115015367257176 0.00061215963829330388 -6.7564625425807259e-05 0.00030091954155108113
leaf_weight=2871 30 72 22 21 22 29 21 31 22 21 24 22 235 20 23 43 27 44 20 20 21 33 34 22 31 20 490 30 48 76
leaf_count=2871 30 72 22 21 22 29 21 31 22 21 24 22 235 20 23 43 27 44 20 20 21 33 34 22 31 20 490 30 48 76
internal_value=-0.000833521 -0.0021991 0.011691 0.00789619 0.0152666 0.0016335 0.00952742 0.00763824 0.0128488 0.0175062 0.00998492 0.0119997 -0.00260287 0.0196314 0.000909345 0.00310617 0.00659987 -0.000125 0.000333327 0.016024 0.00606963 0.00449995 0.00326861 0.0209359 0.0220682 0.0198567 -0.00156954 -0.000490908 0.000928565 0.00183869
internal_weight=4445 4008 437 212 225 382 182 141 53 158 67 44 3626 114 353 113 50 240 63 41 43 88 67 94 73 42 755 265 168 124
internal_count=4445 4008 437 212 225 382 182 141 53 158 67 44 3626 114 353 113 50 240 63 41 43 88 67 94 73 42 755 265 168 124
cat_boundaries=0 1
cat_threshold=54
is_linear=0
shrinkage=0.03


Tree=21
num_leaves=31
num_cat=0
split_feature=0 1 0 8 5 7 9 6 17 7 16 10 6 5 11 16 7 10 17 2 8 5 3 5 7 2 6 8 9 9
split_gain=76.5012 6.38336 6.12083 4.78115 3.66507 4.36865 2.856 1.96042 2.21089 1.77771 1.3249 4.11038 2.23582 1.11325 1.20359 3.55207 2.76811 2.47165 1.03299 1.03172 1.02957 0.972382 0.858691 0.844035 0.794076 0.782533 0.737905 0.669688 0.576123 0.830952
threshold=0.58542297693482837 0.15364583333333334 0.53121608501887896 0.1813468332704895 0.3600405679513185 0.16947311116436589 0.80598103574033564 0.59308755760368681 0.32204889385789626 0.073925378384792365 29.500000000000004 -0.5 0.53502304147465451 0.16531440162271807 0.6830127018922193 29.500000000000004 0.087230509471486625 0.25000000000000011 0.3560973534167306 0.11197916666666667 0.2538063739792234 0.36815415821501019 0.070312500000000014 0.32555780933062889 0.098703409235773101 0.11197916666666667 0.7589861751152075 0.20477481889322038 0.69146608315098479 0.60649161196207169
decision_type=2 2 2 2 2 2 2 2 2 2 2 2 2 2 2 2 2 2 2 2 2 2 2 2 2 2 2 2 2 2
left_child=2 3 13 9 18 20 10 21 -9 -2 27 -12 -13 -1 -15 -16 17 -17 23 -11 -6 -3 -20 -5 -25 -14 -10 28 29 -4
right_child=1 7 6 4 5 -7 -8 8 26 19 11 12 25 14 15 16 -18 -19 22 -21 -22 -23 -24 24 -26 -27 -28 -29 -30 -31
leaf_value=-0.0020452349026828529 0.00035759558060524519 0.00043854653512024965 1.9930277103013582e-08 0.00025042228672251751 0.00052376317167797187 0.00069209338495960083 0.00085917018153490985 0.00074088684995496942 0.0010843429740671176 0.00067403573425643909 0.0023489410017106692 -0.00010985222782509897 0.00044546163804953445 -0.00067292607852841707 -0.0010095996987410333 0.00098066657530674131 0.0013572386503869613 -0.001061689533695748 0.0002833670869608705 0.0006041798814930637 0.00074304178384974179 0.0015019108777866014 -4.5862457154001824e-05 -5.1392485142619097e-06 0.0007874408270383725 0.00016643706697795331 0.0020668744016889848 -0.00061491153636557673 -0.00011621110944763747 0.00034470823362263864
leaf_weight=2871 21 22 59 25 30 36 29 24 50 21 22 90 23 567 109 24 20 35 22 24 28 21 39 24 27 23 23 85 30 21
leaf_count=2871 21 22 59 25 30 36 29 24 50 21 22 90 23 567 109 24 20 35 22 24 28 21 39 24 27 23 23 85 30 21
internal_value=-0.000914511 0.0110046 -0.00221407 0.00851512 0.00648049 0.0110424 0.0013979 0.0162856 0.0186493 0.0156361 0.000654388 0.00269618 0.000749994 -0.00259459 -0.00156954 0.000510635 0.00535436 0.00208471 0.00335034 0.0189996 0.0161377 0.0109532 0.000442615 0.00568414 0.00347052 0.0061303 0.0212463 -0.000999996 0.000545449 0.00187498
internal_weight=4445 437 4008 297 231 94 382 140 97 66 353 158 136 3626 755 188 79 59 137 45 58 43 61 76 51 46 73 195 110 80
internal_count=4445 437 4008 297 231 94 382 140 97 66 353 158 136 3626 755 188 79 59 137 45 58 43 61 76 51 46 73 195 110 80
is_linear=0
shrinkage=0.03


Tree=22
num_leaves=31
num_cat=0
split_feature=0 6 0 18 0 8 10 18 8 16 8 6 8 4 16 8 0 4 16 11 9 18 6 6 6 0 0 11 0 11
split_gain=74.8345 6.26279 6.25776 5.18006 2.69665 2.43704 1.87228 1.7888 1.56046 1.30561 2.59498 1.22435 1.43245 1.15173 1.1254 1.3337 1.0688 1.06138 1.04507 2.01182 1.03685 0.862714 0.800792 1.01916 0.635288 0.599487 0.523662 0.47998 0.477555 0.720109
threshold=0.58542297693482837 0.61244239631336417 0.52628531952766189 0.48676470588235299 0.61912653167645637 0.30935014610256384 1.0000000180025095e-35 0.46911764705882358 0.18375450283017666 29.500000000000004 0.27323002848564254 0.41705069124423971 0.19522708183397192 0.10677083333333334 23.500000000000004 0.1813468332704895 0.59102031964221136 0.10156250000000001 28.500000000000004 0.6830127018922193 0.53610503282275734 0.5102941176470589 0.67235023041474673 0.71013824884792642 0.68801843317972355 0.55485698752022106 0.64012436066452116 0.6830127018922193 0.47474271117275768 0.6830127018922193
decision_type=2 2 2 2 2 2 2 2 2 2 2 2 2 2 2 2 2 2 2 2 2 2 2 2 2 2 2 2 2 2
left_child=2 4 17 5 8 14 -6 -4 -2 20 11 27 -13 -5 15 -3 -10 28 -19 -20 -9 -18 -16 -24 -15 -22 -7 -11 -1 -30
right_child=1 3 7 13 6 26 -8 9 16 10 -12 12 -14 24 22 -17 21 18 19 -21 25 -23 23 -25 -26 -27 -28 -29 29 -31
leaf_value=-0.0019736083107366751 0.00040968701392376714 0.00035896021544173045 -0.00010138376849042078 0.0018962403460065736 0.00074143280284825314 9.3435781682681924e-05 0.0012321217786675038 -0.00062608636961967415 0.00026929571512100339 -0.00051451187100904803 0.00127983274872534 0.00056602654050156892 0.00020193496429225991 0.00092303026737507838 0.00081145477254287448 0.00039990690180378226 4.2697554888894695e-05 -0.00078654145072010932 -0.00035019751605390491 0.00077696828808890533 1.0372135994346669e-05 0.0013011953072079472 0.00061430408049175419 0.0011646924325307872 0.0014495162957893748 0.00027309397530295859 0.0012752489292021782 0.00070821620650809893 -0.00085978633944596827 -0.00011853471174727272
leaf_weight=2855 22 26 150 33 20 21 27 66 22 30 23 32 30 21 25 24 77 101 80 25 41 20 23 20 34 33 22 20 394 128
leaf_count=2855 22 26 150 33 20 21 27 66 22 30 23 32 30 21 25 24 77 101 80 25 41 20 23 20 34 33 22 20 394 128
internal_value=-0.00092126 0.0108673 -0.00220659 0.0139879 0.00673401 0.0107888 0.0129572 0.00123529 0.00465954 0.00267272 0.00477774 0.00289283 0.00570958 0.0198407 0.0130168 0.00959981 0.00330249 -0.00261485 -0.00052427 0.00157141 0.000642852 0.00194843 0.0155292 0.0130462 0.0171815 0.00308104 0.00467431 -0.000599989 -0.00274237 -0.00190804
internal_weight=4445 437 4008 249 188 161 47 425 141 275 135 112 62 88 118 50 119 3583 206 105 140 97 68 43 55 74 43 50 3377 522
internal_count=4445 437 4008 249 188 161 47 425 141 275 135 112 62 88 118 50 119 3583 206 105 140 97 68 43 55 74 43 50 3377 522
is_linear=0
shrinkage=0.03


Tree=23
num_leaves=31
num_cat=0
split_feature=5 5 9 5 6 16 18 7 11 7 18 18 9 17 4 10 3 17 5 11 16 10 5 2 18 18 7 6 2 16
split_gain=68.8566 6.84324 4.46995 4.38437 4.13671 3.25698 2.52339 1.9145 1.89403 2.05406 1.6885 1.26559 1.23213 1.77399 1.11569 1.05499 1.6342 1.05274 1.0196 1.02945 2.78546 2.80078 1.00475 0.971188 0.932179 0.888511 0.694412 0.680373 1.05483 0.628084
threshold=0.2991886409736309 0.36815415821501019 0.47191830780452232 0.22008113590263692 0.61244239631336417 26.500000000000004 0.50441176470588245 0.12201822244818451 1.0000000180025095e-35 0.1136185938746033 0.4661764705882353 0.4661764705882353 0.53610503282275734 0.25582268860463825 0.12760416666666669 0.68301270189221941 0.11718750000000001 0.31173942643179314 0.16531440162271807 0.6830127018922193 29.500000000000004 0.25000000000000011 0.2748478701825558 0.091145833333333343 0.48676470588235299 0.53382352941176481 0.074812514672966332 0.47695852534562216 0.091145833333333343 29.500000000000004
decision_type=2 2 2 2 2 2 2 2 2 2 2 2 2 2 2 2 2 2 2 2 2 2 2 2 2 2 2 2 2 2
left_child=3 2 -2 18 11 7 15 -3 9 -6 -5 -4 29 -14 22 16 -7 -10 -1 -20 -21 -22 23 -15 -13 -8 -23 -26 -29 -12
right_child=1 5 4 10 8 6 25 -9 17 -11 12 24 13 14 -16 -17 -18 -19 19 20 21 26 -24 -25 27 -27 -28 28 -30 -31
leaf_value=-0.0019258095613848736 -1.5853709538392629e-05 0.00042511041990768461 0.00075208951293778193 -0.00026210282703838483 0.00073008715790549318 0.00075564300076052236 0.0017272351785298224 0.0001893168889307201 0.00012690179488394497 0.00099537750925611274 -0.00066729108663273677 -1.7928382392411909e-05 0.00068857024791312612 -1.9171184384516098e-05 -9.4151350458076811e-05 0.0016946150670844786 0.00066586063430322626 0.00066787791355126728 -0.0006731720237534586 -0.0010512081424179714 0.0014136666607331534 -0.0012178286854251459 0.00058656353902192292 0.00026243858106265815 4.0531623842755464e-05 0.0019689572874757467 0.00073309121412387949 0.00044787721504058821 0.00050403015305061714 0.00018119634044305266
leaf_weight=2871 56 24 34 134 25 28 35 33 38 20 61 35 23 65 28 29 21 24 506 90 27 25 25 27 22 20 20 28 24 47
leaf_count=2871 56 24 34 134 25 28 35 33 38 20 61 35 23 65 28 29 21 24 506 90 27 25 25 27 22 20 20 28 24 47
internal_value=-0.000955006 0.00958063 0.0068039 -0.0022783 0.00851997 0.0140526 0.0166239 0.00805249 0.0129812 0.0176663 0.000658534 0.00518178 0.00199999 0.00360712 0.00237929 0.0131537 0.0104692 0.00958049 -0.00261854 -0.00156287 0.000518515 0.0049166 0.00366663 0.00221737 0.00360547 0.0215451 0.000333325 0.00551344 0.00738447 -0.000499996
internal_weight=4445 496 306 3949 250 190 133 57 107 45 410 143 276 168 145 78 49 62 3539 668 162 72 117 92 109 55 45 74 52 108
internal_count=4445 496 306 3949 250 190 133 57 107 45 410 143 276 168 145 78 49 62 3539 668 162 72 117 92 109 55 45 74 52 108
is_linear=0
shrinkage=0.03


Tree=24
num_leaves=31
num_cat=0
split_feature=0 1 0 8 5 8 5 18 17 5 16 8 17 8 9 16 0 11 16 11 10 8 17 9 13 9 5 11 9 0
split_gain=63.9984 5.44944 5.43506 4.78117 2.6448 3.10826 2.36884 2.05347 1.28606 1.24644 1.16905 2.01917 1.28568 1.33921 1.03685 1.01919 0.901577 0.879305 0.870528 2.5107 1.71089 0.948285 0.806808 0.883353 0.731179 0.708722 0.855791 0.689909 0.611115 0.599487
threshold=0.58542297693482837 0.15364583333333334 0.52628531952766189 0.1813468332704895 0.3600405679513185 0.29024861203486146 0.42900608519269784 0.46911764705882358 0.38128669900434015 0.16531440162271807 29.500000000000004 0.27323002848564254 0.35826738149944698 0.19522708183397192 0.53610503282275734 29.500000000000004 0.59102031964221136 0.25000000000000017 28.500000000000004 0.6830127018922193 0.25000000000000011 0.14266440600799832 0.31729214534933203 0.71298322392414315 -0.22252093395631442 0.58825674690007312 0.38235294117647062 0.6830127018922193 0.48322392414296145 0.55485698752022106
decision_type=2 2 2 2 2 2 2 2 2 2 2 2 2 2 2 2 2 2 2 2 2 2 2 2 2 2 2 2 2 2
left_child=2 3 9 -2 16 8 25 -4 -6 -1 14 12 13 -12 -9 -8 -5 24 -11 22 -21 -22 23 28 -18 -3 -27 -14 -20 -16
right_child=1 6 7 4 5 -7 15 10 -10 18 11 -13 27 -15 29 -17 17 -19 19 20 21 -23 -24 -25 -26 26 -28 -29 -30 -31
leaf_value=-0.001868035274543327 0.00051162931487355712 0.00054764045212634858 -9.0208505957321776e-05 0.00038887727996508018 0.00055149034400237863 0.00015074676796811856 0.00095245920661036208 -0.00058728504593210024 0.00070186518891831348 -0.00084415128130008936 0.00042119359159673567 0.0012391309847051609 -0.00052925095763148311 0.00011497111148479725 1.0636107446053869e-05 0.0019223177535471396 0.0004056963749912725 -1.587047487641718e-05 0.000365901430783177 0.0013244828520224583 -0.0012122454879703794 0.00070698485379666056 -0.0012558577190570793 0.000234518229283679 0.0007768287312114471 0.00065614781468167124 0.0013292430362521167 0.0014778664795706852 -0.00043396835166952858 0.00024761407218022182
leaf_weight=2871 66 27 150 28 28 37 23 66 29 355 32 23 34 24 41 28 20 57 25 30 26 21 171 20 32 38 24 22 64 33
leaf_count=2871 66 27 150 28 28 37 23 66 29 355 32 23 34 24 41 28 20 57 25 30 26 21 171 20 32 38 24 22 64 33
internal_value=-0.000995501 0.00990616 -0.00218413 0.00760603 0.0055714 0.00944671 0.0147856 0.00102353 0.0138419 -0.00256461 0.00256363 0.00455552 0.00289283 0.00610703 0.000642852 0.0199408 0.00291239 0.00167888 -0.00144101 -0.000394958 0.00440254 0.000829769 -0.00171428 0.000302749 0.00449991 0.0118313 0.0100644 -0.000321424 -0.000977518 0.00308104
internal_weight=4445 437 4008 297 231 94 140 425 57 3583 275 135 112 56 140 51 137 109 712 357 77 47 280 109 52 89 62 56 89 74
internal_count=4445 437 4008 297 231 94 140 425 57 3583 275 135 112 56 140 51 137 109 712 357 77 47 280 109 52 89 62 56 89 74
is_linear=0
shrinkage=0.03


Tree=25
num_leaves=31
num_cat=1
split_feature=20 20 16 8 1 6 18 8 7 13 4 16 10 7 9 6 17 10 6 6 18 17 18 5 16 9 18 19 3 18
split_gain=60.2712 8.977 3.74806 3.40414 3.0509 2.40036 1.9084 1.89653 1.76698 1.71562 1.68509 1.68026 1.64882 1.34197 1.3415 1.31804 1.2951 1.2047 1.02047 0.989223 1.12903 0.787622 1.28097 0.687411 0.678517 0.562867 0.576593 0.828874 0.635098 0.578
threshold=0.56764902299890541 0.60947546798558971 25.500000000000004 0.18375450283017666 0.065104166666666671 0.50276497695852551 0.5102941176470589 0.1966496734981962 0.096392604787514213 -0.22252093395631442 0.096354166666666671 27.500000000000004 0.68301270189221941 0.073925378384792365 0.48322392414296145 0.53963133640553018 0.42745298272487459 -0.5 0.67695852534562229 0.51658986175115229 0.48088235294117648 0.31099480895242965 0.46029411764705885 0.17917511832319136 27.500000000000004 0.76549963530269882 0.47794117647058826 0 0.085937500000000014 0.48676470588235299
decision_type=2 2 2 2 2 2 2 2 2 2 2 2 2 2 2 2 2 2 2 2 2 2 2 2 2 2 2 1 2 2
left_child=4 3 7 5 -1 -2 8 18 -4 -8 23 -12 16 -7 -13 -16 -10 -5 -3 -19 21 -21 -23 -6 -22 26 -25 28 29 -28
right_child=1 2 6 17 10 13 9 -9 12 -11 11 14 -14 -15 15 -17 -18 19 -20 20 24 22 -24 25 -26 -27 27 -29 -30 -31
leaf_value=-0.0016522471697286655 0.0003284605005621792 0.00057032722573617891 0.0011903369485617508 0.002878318638613916 -0.0010281074995115557 0.00010266952770052641 0.0027678110683074914 4.0805186976439783e-05 0.00040274202420762363 0.0011228617724349595 -7.1979733772884572e-05 0.00070711760640883943 0.0012259569768248823 0.00063119199790052005 -0.00011538623072637814 0.00059577164553090936 0.0012030024787361797 -5.7791459951984143e-05 0.00043266962270494067 -6.7661698032925869e-05 0.00025871777762504188 0.00025435298140327305 -3.7320804359934136e-05 -0.00066250790451359435 0.00044814076938844833 0.0018953330848742829 0.00066392455051156026 -0.00036332936014794328 -0.0003720179639828182 0.00040189948021846341
leaf_weight=2966 20 21 27 21 323 20 27 30 30 34 93 25 34 34 61 24 21 66 25 47 21 21 23 108 36 21 23 123 27 51
leaf_count=2966 20 21 27 21 323 20 27 30 30 34 93 25 34 34 61 24 21 66 25 47 21 21 23 108 36 21 23 123 27 51
internal_value=-0.00103089 0.00818278 0.0124216 0.00476697 -0.00236801 0.0103782 0.0148612 0.00686833 0.0125356 0.0191308 -0.000815699 0.00158127 0.0104116 0.0136664 0.00409087 0.00229409 0.00699986 0.00299999 0.0106954 0.00232709 0.00368916 0.00161537 0.0044999 -0.0015355 0.00699988 -0.000620396 -0.000921685 -5.35719e-05 0.00186485 0.00348644
internal_weight=4403 558 249 309 3845 74 173 76 112 61 879 203 85 54 110 85 51 235 46 214 148 91 44 676 57 353 332 224 101 74
internal_count=4403 558 249 309 3845 74 173 76 112 61 879 203 85 54 110 85 51 235 46 214 148 91 44 676 57 353 332 224 101 74
cat_boundaries=0 1
cat_threshold=550
is_linear=0
shrinkage=0.03


Tree=26
num_leaves=31
num_cat=0
split_feature=5 5 8 16 5 8 16 6 18 8 6 18 16 5 8 13 9 2 9 18 20 8 6 3 17 16 3 17 17 18
split_gain=55.6533 7.11185 4.89126 4.0658 3.87766 2.98802 1.7503 2.6097 2.73823 3.34687 1.80843 1.4704 1.40783 1.37116 1.76803 1.16639 1.027 0.896826 0.853169 0.845362 1.01143 0.79144 0.745355 0.726704 0.99263 0.965398 0.678929 0.666607 0.662143 0.586649
threshold=0.2991886409736309 0.35598377281947263 0.1813468332704895 25.500000000000004 0.16531440162271807 0.18579397213266124 27.500000000000004 0.41336405529953929 0.4661764705882353 0.19123505505912505 0.5986175115207375 0.5102941176470589 18.500000000000004 0.41683569979716023 0.23288439984612844 -0.22252093395631442 0.44894237782640417 0.15885416666666669 0.53610503282275734 0.47794117647058826 0.55313495128410028 0.12450006889054512 0.31935483870967746 0.070312500000000014 0.37141519870649314 20.500000000000004 0.049479166666666671 0.33907752531699437 0.29881242682207537 0.49264705882352944
decision_type=2 2 2 2 2 2 2 2 2 2 2 2 2 2 2 2 2 2 2 2 2 2 2 2 2 2 2 2 2 2
left_child=4 2 12 5 -1 -3 18 16 28 -10 -11 13 -2 14 -5 -13 22 23 -6 -20 21 -21 -8 26 25 -25 -4 -27 -9 -24
right_child=1 3 17 11 6 -7 7 8 9 10 -12 15 -14 -15 -16 -17 -18 -19 19 20 -22 -23 29 24 -26 27 -28 -29 -30 -31
leaf_value=-0.0018125529917604143 0.00064591833080597614 0.00052779531358880538 8.4242865327281751e-05 0.00012350811958349194 -0.00087440540545838331 2.324084409353634e-05 -0.00032889898442971569 -0.00036928770035822263 0.00068631844255935776 -4.3137888609738811e-06 0.00059732249102200903 0.0026330216196160492 0.00041183931429479413 0.0011394246909380574 0.0012850910857978579 0.0011204182597120439 -0.00037126301883092162 0.00047527909001932994 -0.00039759964675931039 0.00030616452905011079 0.00034613341480866234 -0.00030956139905103877 0.00085404588346579325 -1.7249416715091548e-05 -0.0001787339446965992 0.00044810618822959406 0.00092004083772792957 9.3245793360052898e-05 0.0021076611167826333 -7.7967462620239853e-05
leaf_weight=2853 30 27 21 24 311 40 30 49 35 52 20 32 35 32 45 33 256 24 101 23 20 66 36 47 40 25 26 24 25 21
leaf_count=2853 30 27 21 24 311 40 30 49 35 52 20 32 35 32 45 33 256 24 101 23 20 66 36 47 40 25 26 24 25 21
internal_value=-0.00102407 0.00834652 0.00505145 0.0121931 -0.00223807 0.00595513 -0.000674641 0.000549617 0.00346407 0.00653265 0.00283329 0.0147108 0.0122306 0.0124454 0.0148259 0.0182305 -0.000988336 0.00279709 -0.00190595 -0.00042857 0.00140366 3.37068e-05 0.00182756 0.00208196 0.00097058 0.00262497 0.00529776 0.00557131 -0.000972961 0.00384204
internal_weight=4403 505 272 233 3898 67 1045 524 181 107 72 166 65 101 69 65 343 207 521 210 109 89 87 183 136 96 47 49 74 57
internal_count=4403 505 272 233 3898 67 1045 524 181 107 72 166 65 101 69 65 343 207 521 210 109 89 87 183 136 96 47 49 74 57
is_linear=0
shrinkage=0.03


Tree=27
num_leaves=31
num_cat=1
split_feature=5 5 5 16 7 7 12 10 17 2 17 9 2 17 6 16 11 7 16 16 19 9 9 11 9 11 6 9 7 11
split_gain=49.3968 5.22101 4.93152 2.7123 2.09516 1.88198 1.82098 1.98699 1.97567 1.65501 1.66948 1.53556 1.46482 1.48169 1.43553 1.20617 3.63042 1.20561 1.0995 1.57568 0.910728 0.933373 1.47657 0.861081 0.733604 0.728838 0.798454 1.0233 0.582826 2.88642
threshold=0.31947261663286008 0.23630831643002034 0.347870182555781 25.500000000000004 0.125746181198165 0.094404316164656679 -1.0000000180025095e-35 0.25000000000000011 0.36418177176410527 0.10156250000000001 0.44413241426261602 0.80598103574033564 0.091145833333333343 0.39588120159986395 0.31935483870967746 29.500000000000004 0.6830127018922193 0.11596544270602603 28.500000000000004 16.500000000000004 0 0.44128373450036479 0.71298322392414315 0.25000000000000017 0.72611232676878201 0.6830127018922193 0.5055299539170508 0.57330415754923425 0.088419907194990141 0.6830127018922193
decision_type=2 2 2 2 2 2 2 2 2 2 2 2 2 2 2 2 2 2 2 2 1 2 2 2 2 2 2 2 2 2
left_child=1 14 12 4 5 -4 7 -5 -9 -8 23 20 -2 17 28 -16 -17 18 19 -14 -3 -22 25 -11 -10 26 -23 -28 -1 -30
right_child=2 11 3 6 -6 -7 9 8 24 10 -12 -13 13 -15 15 16 -18 -19 -20 -21 21 22 -24 -25 -26 -27 27 -29 29 -31
leaf_value=-0.0018189306733344952 -1.8794163084747479e-05 -8.7192444533637522e-05 0.00010357188416966122 0.0022512877053266992 2.2220862787868054e-05 0.00047182132534759249 0.00021326571905714998 0.0018919370555709981 0.00020153352500653146 0.00097077840329503771 0.0013994549448262852 0.0006101574040620147 0.00060542903130882814 -8.1891462757394665e-05 -0.00072568108238397512 -0.00023896957628907203 0.001006491116946768 3.5695632086757002e-05 0.00048830146632408982 5.6393710478132192e-05 -0.00041036535804379073 -4.6950062670774809e-05 -0.00018186535301327605 0.00087843598137968639 0.0012220311957190525 0.001913961341695772 -1.9654563248269645e-05 0.00031973576821329655 -0.0017258682270406267 0.0016946250315747126
leaf_weight=2740 39 120 21 28 33 23 21 20 21 28 25 27 23 24 431 253 38 20 21 21 50 37 40 26 24 39 22 42 118 28
leaf_count=2740 39 120 21 28 33 23 21 20 21 28 25 27 23 24 431 253 38 20 21 21 50 37 40 26 24 39 22 42 118 28
internal_value=-0.00111265 -0.00214178 0.00869854 0.0111111 0.00635057 0.0106361 0.0130103 0.0160321 0.0131536 0.0101999 0.0121897 0.0012175 0.00429727 0.00608251 -0.00249279 -0.0012964 0.000195875 0.00794108 0.00992292 0.00722711 0.000685712 0.00174999 0.00283332 0.00922205 0.00966645 0.00428568 0.00294056 0.00496867 -0.0027921 -0.0009452
internal_weight=4403 3985 418 270 77 44 193 93 65 100 79 377 148 109 3608 722 291 85 65 44 350 230 180 54 45 140 101 64 2886 146
internal_count=4403 3985 418 270 77 44 193 93 65 100 79 377 148 109 3608 722 291 85 65 44 350 230 180 54 45 140 101 64 2886 146
cat_boundaries=0 1
cat_threshold=196
is_linear=0
shrinkage=0.03


Tree=28
num_leaves=31
num_cat=0
split_feature=5 0 5 16 7 4 16 7 11 2 17 12 9 10 17 6 7 16 16 4 9 5 11 16 10 9 11 9 11 9
split_gain=46.6817 4.81534 4.30916 2.22948 2.09516 2.01282 1.89082 1.88198 1.7765 1.46482 1.48169 1.42786 1.6313 1.3495 1.48726 1.27787 1.20561 1.0995 1.57568 1.02815 1.01714 0.908605 0.761252 1.96955 2.98225 0.733604 0.699436 0.686713 0.828045 1.13506
threshold=0.31947261663286008 0.55485698752022106 0.347870182555781 25.500000000000004 0.125746181198165 0.096354166666666671 27.500000000000004 0.094404316164656679 0.6830127018922193 0.091145833333333343 0.39588120159986395 -1.0000000180025095e-35 0.72611232676878201 0.25000000000000011 0.36418177176410527 0.54884792626728129 0.11596544270602603 28.500000000000004 16.500000000000004 0.10677083333333334 0.73668854850474119 0.15838404327248143 0.6830127018922193 29.500000000000004 0.25000000000000011 0.72611232676878201 -0.68301270189221952 0.51677607585703877 -0.5 0.5948212983223925
decision_type=2 2 2 2 2 2 2 2 2 2 2 2 2 2 2 2 2 2 2 2 2 2 2 2 2 2 2 2 2 2
left_child=1 5 9 4 7 21 -7 -4 15 -2 16 13 19 -5 -15 26 17 18 -11 -13 27 -1 -23 -24 -25 -16 -8 -3 -29 -30
right_child=2 20 3 11 -6 6 8 -9 -10 10 -12 12 -14 14 25 -17 -18 -19 -20 -21 -22 22 23 24 -26 -27 -28 28 29 -31
leaf_value=-0.0019106602775214646 -1.8230338192206448e-05 -8.2140146653189087e-05 0.0001004647276445717 0.0021837490741668992 2.1554236904230639e-05 -0.00044609437112434855 -0.000435967255068017 0.00045766668558716377 0.0006325177184402233 0.00058726616036956477 -7.9434718874673004e-05 0.00074491577505440289 0.0014383673791884854 0.0018351789439038683 0.00019548751925633603 0.00049301051601220378 3.4624763124155446e-05 0.00047365242233436802 5.4701899163787267e-05 0.00019925076182875708 0.00058032848081507576 -0.00067778678073106887 -0.00091684520626657121 0.0016690388298000569 -0.00028106823320866135 0.0011853702598474804 0.00036362231050562894 -9.455501465504182e-05 0.00011110272185479182 0.00054297893466082373
leaf_weight=2646 39 48 21 28 33 160 72 23 35 23 24 37 39 20 21 25 20 21 21 24 25 591 110 34 51 24 31 59 64 34
leaf_count=2646 39 48 21 28 33 160 72 23 35 23 24 37 39 20 21 25 20 21 21 24 25 591 110 34 51 24 31 59 64 34
internal_value=-0.00112628 -0.00212673 0.00841146 0.0106666 0.00635057 -0.00238482 -0.000120743 0.0106361 0.00215336 0.00429727 0.00608251 0.0123885 0.0098999 0.0150644 0.0126921 0.00051562 0.00794108 0.00992292 0.00722711 0.00683595 0.00208695 -0.0025979 -0.00170229 -7.69234e-05 0.0033529 0.00966645 -0.000961156 0.00139024 0.0023503 0.00404077
internal_weight=4403 3985 418 270 77 3755 323 44 163 148 109 193 100 93 65 128 85 65 44 61 230 3432 786 195 85 45 103 205 157 98
internal_count=4403 3985 418 270 77 3755 323 44 163 148 109 193 100 93 65 128 85 65 44 61 230 3432 786 195 85 45 103 205 157 98
is_linear=0
shrinkage=0.03


Tree=29
num_leaves=31
num_cat=0
split_feature=0 1 1 1 9 11 16 6 16 0 6 6 6 16 8 1 8 7 0 8 8 8 11 8 18 1 6 10 0 0
split_gain=40.747 5.88378 3.32905 2.35577 1.88958 1.78891 4.82229 2.15933 1.88929 1.68083 1.56095 2.3716 1.55568 1.47106 3.70763 2.16707 1.69874 1.42186 1.47763 1.368 1.10789 1.37282 0.866124 0.843775 0.695723 0.715367 0.624788 0.377063 0.368506 0.330231
threshold=0.56764902299890541 0.13281250000000003 0.065104166666666671 0.23177083333333334 0.89824945295404834 0.6830127018922193 29.500000000000004 0.41336405529953929 16.500000000000004 0.60478778918727494 0.45944700460829507 0.56267281105990796 0.50921658986175122 23.500000000000004 0.18579397213266124 0.17968750000000003 0.23702998767234346 0.060420512343985253 0.50927314443444693 0.29024861203486146 0.19010694606400499 0.17005089429037465 0.25000000000000017 0.17504284937821005 0.4661764705882353 0.10156250000000001 0.3147465437788019 0.25000000000000011 0.44050775762703082 0.61912653167645637
decision_type=2 2 2 2 2 2 2 2 2 2 2 2 2 2 2 2 2 2 2 2 2 2 2 2 2 2 2 2 2 2
left_child=2 9 28 4 12 7 -7 -4 -9 20 -10 -12 -3 14 -14 16 -15 -8 26 23 21 -2 -23 -11 25 -25 -19 -22 -1 -26
right_child=1 3 5 -5 -6 6 17 8 10 19 11 -13 13 15 -16 -17 -18 18 -20 -21 27 22 -24 24 29 -27 -28 -29 -30 -31
leaf_value=-0.0025027770019931338 -2.5926659885899123e-05 0.00039141063068022221 -0.00066714445187818585 0.0018216012889047161 0.0016278143173399716 -0.00063146211603241345 0.00010429637619839007 -0.00046850264924863118 0.00059794978194314344 0.00052054668327911763 -0.00018643959763311812 0.00042909096408073129 0.00054454754886401732 0.00038393057926237244 -4.1052667227143063e-05 0.00011237772223737438 0.00094239844942339368 0.0016460852210387366 0.0014375351218113154 -4.693321820028589e-05 0.00048364807529440048 0.00027639015349055019 0.0016982687319571628 0.00029273770856103293 3.0382983673756214e-05 0.00081338912204202793 0.00091500697411617954 -4.6236787339840219e-05 -0.00063739153964508075 0.00026012367492171939
leaf_weight=2262 20 35 486 23 34 101 29 88 21 20 57 30 25 30 29 20 36 20 27 22 34 27 23 21 21 20 20 96 704 22
leaf_count=2262 20 35 486 23 34 101 29 88 21 20 57 30 25 30 29 20 36 20 27 22 34 27 23 21 21 20 20 96 704 22
internal_value=-0.00116716 0.00640859 -0.00226658 0.0100603 0.00905737 -0.000645051 0.00187309 -0.00137243 0.00128571 0.0038098 0.00394441 0.00217239 0.00779995 0.00921422 0.00533323 0.011651 0.0142725 0.00668743 0.00908942 0.00652376 0.00209999 0.00514278 0.00779984 0.00796146 0.00664278 0.00943879 0.0127497 0.000461534 -0.00274713 0.00397665
internal_weight=4403 558 3845 232 209 879 197 682 196 326 108 87 175 140 54 86 66 96 67 126 200 70 50 104 84 41 40 130 2966 43
internal_count=4403 558 3845 232 209 879 197 682 196 326 108 87 175 140 54 86 66 96 67 126 200 70 50 104 84 41 40 130 2966 43
is_linear=0
shrinkage=0.03


Tree=30
num_leaves=31
num_cat=1
split_feature=5 1 8 5 5 5 2 16 10 10 8 13 8 16 8 8 1 16 8 7 7 8 11 18 17 4 4 11 19 8
split_gain=39.1662 4.40665 3.37819 2.97223 2.52017 2.24343 1.76208 1.66695 3.42939 4.13324 2.73913 1.78137 1.48806 1.39445 1.24691 1.46985 1.0368 0.855385 0.853143 0.850279 1.90409 0.767982 0.814816 1.20291 1.02076 0.69844 0.493246 0.379517 0.73049 0.471321
threshold=0.2991886409736309 0.15364583333333334 0.1813468332704895 0.15314401622718055 0.43306288032454365 0.35192697768762687 0.16406250000000003 27.500000000000004 -0.5 -0.6830127018922193 0.27719287970000966 -0.22252093395631442 0.28621043842988975 29.500000000000004 0.23702998767234346 0.19010694606400499 0.12760416666666669 29.500000000000004 0.15559578809505548 0.096392604787514213 0.076340200555275337 0.18460672248384172 -0.9330127018922193 0.48382352941176471 0.32010041698578856 0.044270833333333336 0.11718750000000001 -0.24999999999999994 0 0.12329638088264598
decision_type=2 2 2 2 2 2 2 2 2 2 2 2 2 2 2 2 2 2 2 2 2 2 2 2 2 2 2 2 1 2
left_child=3 2 19 -1 12 25 13 27 9 18 21 -11 14 -7 15 -3 -15 -6 -9 20 -2 -10 -23 -24 -25 -4 -27 28 -5 -30
right_child=1 4 5 7 17 6 -8 8 10 11 -12 -13 -14 16 -16 -17 -18 -19 -20 -21 -22 22 23 24 -26 26 -28 -29 29 -31
leaf_value=-0.0019169145775228234 0.00032866565018714665 0.00045597982659361454 0.00023633064420672357 -0.0006247327498145372 0.00098070114610831886 0.00023012981464503289 -3.1968996834350371e-05 -0.00083612826645284959 -0.00052775977794323927 0.0015332336969711756 0.00052893991510405511 0.0020298174167869619 0.00020154276833604469 0.0011773025640195102 0.0012643483645905661 6.7350668777035321e-05 0.0010527039141175333 0.001710918907775821 0.00040464185839405301 0.00026523210658214021 0.00058360194522643391 -0.00024611724281858015 -4.9509245659325303e-05 0.00032694494497438815 0.00022447809341129198 -9.1447443398556539e-05 0.00020157541035773779 -0.00057483260746568697 0.0002732483477899884 -9.4926712557258744e-06
leaf_weight=2628 23 20 25 102 23 34 29 43 337 24 31 31 21 27 34 30 21 24 20 24 29 54 74 24 24 80 44 436 24 78
leaf_count=2628 23 20 25 102 23 34 29 43 337 24 31 31 21 27 34 30 21 24 20 24 29 54 74 24 24 80 44 436 24 78
internal_value=-0.00124129 0.00677458 0.00485713 -0.00223664 0.0110131 0.00323076 0.0064594 -0.00106452 -9.06415e-06 0.00462708 -0.0010147 0.0106362 0.00842849 0.00870721 0.0102142 0.00719986 0.0119997 0.0167869 -0.000619039 0.0104209 0.0125767 -0.00153801 6.81807e-05 0.00142622 0.00512489 0.000825497 -9.67741e-05 -0.00215625 -0.00108823 0.000749993
internal_weight=4418 488 336 3930 152 260 111 1302 662 118 544 55 105 82 84 50 48 47 63 76 52 513 176 122 48 149 124 640 204 102
internal_count=4418 488 336 3930 152 260 111 1302 662 118 544 55 105 82 84 50 48 47 63 76 52 513 176 122 48 149 124 640 204 102
cat_boundaries=0 1
cat_threshold=135
is_linear=0
shrinkage=0.03


Tree=31
num_leaves=31
num_cat=1
split_feature=0 1 7 6 9 16 11 6 8 0 8 16 16 8 10 13 7 8 8 6 6 11 6 1 4 13 9 19 6 1
split_gain=36.4714 5.5115 2.63622 2.57217 2.31645 2.28869 4.46638 2.18238 1.85531 1.48198 2.09371 1.47786 1.55903 1.3375 1.23596 1.21798 1.22253 1.1723 1.72816 0.935006 0.749584 0.868019 0.633652 0.604434 0.568118 0.554475 0.550696 0.678475 1.18323 0.526743
threshold=0.56764902299890541 0.15364583333333334 0.21079428208555034 0.30552995391705079 0.89824945295404834 27.500000000000004 0.6830127018922193 0.5986175115207375 0.1795928394607082 0.61636054089337511 0.29888286581140178 15.500000000000002 25.500000000000004 0.23702998767234346 -0.5 -0.56174490092936669 0.074370269331996156 0.27323002848564254 0.22614163575611029 0.51658986175115229 0.40322580645161299 -0.24999999999999994 0.54516129032258076 0.10156250000000001 0.096354166666666671 0.81174490092936691 0.53610503282275734 0 0.34976958525345631 0.10677083333333334
decision_type=2 2 2 2 2 2 2 2 2 2 2 2 2 2 2 2 2 2 2 2 2 2 2 2 2 2 2 1 2 2
left_child=3 8 4 -1 17 26 7 20 11 14 13 -2 -13 -11 -10 -8 -17 18 24 -16 -7 23 -21 -22 -3 29 -5 28 -28 -24
right_child=1 2 -4 5 -6 6 15 -9 9 10 -12 12 -14 -15 19 16 -18 -19 -20 22 21 -23 25 -25 -26 -27 27 -29 -30 -31
leaf_value=-0.0017971181568470866 0.00052875002447332314 2.4565282940062187e-05 0.0016595913093221111 -0.00082501888332575017 0.0016226954357370445 -0.0004140433544570432 0.0016122446322693802 0.00049121159586202191 0.0023871424851366323 0.0002138410445951633 -6.9091284710353675e-05 -1.2695689510745703e-05 0.00033693669217387407 0.00084293074708250803 -0.00013077251094783279 0.0011978495283662923 3.3313422942690152e-05 0.00032371179340361545 0.00079959528877735094 0.00019327825076834821 -0.00031189466963030775 0.00050059213299978643 -8.5604534872208701e-05 0.00025744854665687132 0.00043921925311482106 0.00073294495413526637 0.00023411625000382857 -0.00050175412036359613 -0.00012030599144091773 0.00016976497490908725
leaf_weight=2742 29 22 34 426 20 227 20 30 24 25 26 20 35 35 52 26 31 34 20 25 86 25 50 23 22 25 31 116 82 55
leaf_count=2742 29 22 34 426 20 227 20 30 24 25 26 20 35 35 52 26 31 34 20 25 86 25 50 23 22 25 31 116 82 55
internal_value=-0.00125487 0.00595116 0.0108157 -0.0022859 0.00869484 -0.00107658 0.000525639 -0.000774935 0.00410722 0.00305677 0.00641853 0.00807133 0.00518172 0.00949984 0.00180519 0.00712978 0.00489465 0.00679585 0.00918736 0.00105797 -0.00142105 0.000358206 0.00222579 -0.000798159 0.0058635 0.0013846 -0.00222137 -0.00103493 0.000658531 0.000428567
internal_weight=4418 553 152 3865 118 1123 468 391 401 317 86 84 55 60 231 77 57 98 64 207 361 134 155 109 44 130 655 229 113 105
internal_count=4418 553 152 3865 118 1123 468 391 401 317 86 84 55 60 231 77 57 98 64 207 361 134 155 109 44 130 655 229 113 105
cat_boundaries=0 1
cat_threshold=616
is_linear=0
shrinkage=0.03


Tree=32
num_leaves=31
num_cat=2
split_feature=5 19 1 5 5 8 5 1 19 16 8 11 17 18 16 0 7 7 4 4 18 8 4 2 4 1 8 11 17 17
split_gain=35.2625 4.21845 3.8891 3.17117 2.32723 1.75956 1.71201 1.63508 1.42077 2.07145 2.89002 3.58048 1.43433 1.37365 1.416 1.09926 0.910078 1.15324 0.771269 0.742825 1.16219 0.627955 0.623864 0.543258 0.449325 0.340755 0.328322 0.601616 0.689627 0.245151
threshold=0.2991886409736309 0 0.15364583333333334 0.15314401622718055 0.43306288032454365 0.18264427710219064 0.34381338742393514 0.17968750000000003 1 26.500000000000004 0.27719287970000966 0.6830127018922193 0.31173942643179314 0.44558823529411767 28.500000000000004 0.59102031964221136 0.076340200555275337 0.095129496739318989 0.11197916666666667 0.091145833333333343 0.47500000000000003 0.18579397213266124 0.11718750000000001 0.12239583333333334 0.085937500000000014 0.10677083333333334 0.19010694606400499 0.93301270189221952 0.18287805293166545 0.33907752531699437
decision_type=2 1 2 2 2 2 2 2 1 2 2 2 2 2 2 2 2 2 2 2 2 2 2 2 2 2 2 2 2 2
left_child=3 15 5 26 7 16 22 23 9 25 11 19 -13 -8 -15 -2 -3 -18 -16 29 -21 -17 -7 -4 -6 -5 -1 28 -28 -11
right_child=1 2 4 8 24 6 13 -9 -10 10 -12 12 -14 14 18 21 17 -19 -20 20 -22 -23 -24 -25 -26 -27 27 -29 -30 -31
leaf_value=-0.0018346847314565115 0.00029233691477983844 0.00020968694056393354 0.00075894787067796695 -0.00049589183344950888 0.0013547236815095636 -8.7965020550526411e-05 3.1094353581878529e-05 0.00089507383259882249 -0.00036953620842082103 -8.1141750276136142e-05 0.00056073763482852304 0.00074378838990121039 0.0018556835970606942 0.00023475157278441186 0.0010687928952634314 0.00015111640900948746 0.00056839473467467001 0.00047354168941648718 0.00044756811993221701 -0.00010853969913491986 0.00030535870727813427 -0.00011820242193688404 0.00028607900888743745 0.00087764819943860189 0.0015181400666260689 2.799423322883533e-05 -0.00085396850744950677 -0.0023552822248599004 0.0003936499582899721 -0.00042461611114780331
leaf_weight=2505 30 22 23 248 20 49 29 38 742 59 21 20 35 31 28 31 22 20 20 24 35 58 23 23 21 37 20 74 29 81
leaf_count=2505 30 22 23 248 20 49 29 38 742 59 21 20 35 31 28 31 22 20 20 24 35 58 23 23 21 37 20 74 29 81
internal_value=-0.00126166 0.00634425 0.00784431 -0.00220611 0.0123599 0.00585243 0.00433331 0.00949989 -0.000995392 0.000157894 0.00201817 0.00113385 0.00790895 0.00672216 0.00877204 0.00095348 0.0101248 0.012714 0.0119997 -0.00073869 0.00208471 -0.000640443 0.000749989 0.0133041 0.0182191 -0.00163157 -0.00280594 -0.00129267 0.00128569 -0.00192856
internal_weight=4418 488 369 3930 125 244 180 84 1302 560 275 254 55 108 79 119 64 42 48 199 59 89 72 46 41 285 2628 123 49 140
internal_count=4418 488 369 3930 125 244 180 84 1302 560 275 254 55 108 79 119 64 42 48 199 59 89 72 46 41 285 2628 123 49 140
cat_boundaries=0 1 2
cat_threshold=136 58
is_linear=0
shrinkage=0.03


Tree=33
num_leaves=31
num_cat=2
split_feature=5 19 5 5 9 17 5 5 4 7 5 19 11 8 6 11 10 9 8 12 20 20 18 17 8 6 18 9 6 6
split_gain=32.0452 3.63964 3.50224 2.60532 2.92052 1.88544 1.75753 2.12113 1.42659 1.41257 1.36926 1.26591 1.44307 1.24884 1.19631 1.15319 4.65311 1.33485 2.84783 1.10193 1.09926 0.996436 0.896964 0.805378 0.627955 0.420595 1.15566 1.07374 0.387518 1.34995
threshold=0.2991886409736309 0 0.15314401622718055 0.49290060851926981 0.57330415754923425 0.42051740277423205 0.36409736308316437 0.31541582150101427 0.10677083333333334 0.096392604787514213 0.372210953346856 1 1.0000000180025095e-35 0.26495406874879129 0.51658986175115229 0.6830127018922193 -0.24999999999999994 0.50474106491611981 0.13241653228399899 -1.0000000180025095e-35 0.59102031964221136 0.6006938435474457 0.48970588235294121 0.29881242682207537 0.18579397213266124 0.45391705069124427 0.47794117647058826 0.60649161196207169 0.3728110599078342 0.41336405529953929
decision_type=2 1 2 2 2 2 2 2 2 2 2 1 2 2 2 2 2 2 2 2 2 2 2 2 2 2 2 2 2 2
left_child=2 20 28 4 10 6 7 -6 15 -9 22 12 14 -8 -10 25 17 18 -17 -12 -2 -11 -3 -14 -22 -4 -27 -28 -1 -30
right_child=1 3 8 -5 5 -7 13 9 11 21 19 -13 23 -15 -16 16 -18 -19 -20 -21 24 -23 -24 -25 -26 26 27 -29 29 -31
leaf_value=-0.0017746059382252632 0.00028356680733644413 -8.3016831924412096e-05 -0.00056794595300777126 0.0014705731059058442 0.00016754995925441252 0.00096718066530969253 -3.1401153568624051e-05 0.00064195885650690987 0.00029845742467009387 0.00082333124770318301 0.00041814289432957219 -9.1908819451408193e-05 -9.9207476408236483e-05 0.00091108092070094039 0.00046693982813459181 0.0013049750478085112 -0.00054759300272327308 0.0015756202772668345 -9.0441857980414224e-05 9.5333083767320259e-05 0.00014658291673920413 0.00073692882976626587 0.00038200181785673902 0.00046546383024000836 -0.00011465634927877911 -0.00040807800909269066 -0.00029087605226486656 0.00043725123507377126 0.00035158254731658558 -0.00101856352756022
leaf_weight=2548 30 53 654 32 23 34 28 38 31 20 24 107 48 37 27 23 179 33 36 25 31 21 34 22 58 95 26 21 20 60
leaf_count=2548 30 53 654 32 23 34 28 38 31 20 24 107 48 37 27 23 179 33 36 25 31 21 34 22 58 95 26 21 20 60
internal_value=-0.00127524 0.0059754 -0.00217557 0.00736937 0.00679226 0.00908951 0.0077784 0.0102352 -0.000903226 0.0125695 0.00339703 0.00121276 0.00308693 0.00392302 0.00682747 -0.00136926 0.000321031 0.00580428 0.00310164 0.00740801 0.00095348 0.0087071 0.00113792 0.000428565 -0.000640443 -0.00194472 -0.000464786 0.00338291 -0.00280594 -0.000749991
internal_weight=4418 488 3930 369 337 201 167 102 1302 79 136 235 128 65 58 1067 271 92 59 49 119 41 87 70 89 796 142 47 2628 80
internal_count=4418 488 3930 369 337 201 167 102 1302 79 136 235 128 65 58 1067 271 92 59 49 119 41 87 70 89 796 142 47 2628 80
cat_boundaries=0 1 2
cat_threshold=136 42
is_linear=0
shrinkage=0.03


Tree=34
num_leaves=31
num_cat=1
split_feature=5 1 6 9 16 11 8 5 5 8 2 8 3 8 8 16 16 1 9 19 6 16 5 3 4 2 7 11 2 9
split_gain=29.3253 3.97383 3.24702 3.08349 2.45883 3.51073 2.19268 2.12344 1.70797 1.61787 1.46162 1.29796 1.7855 1.28965 1.34109 1.14675 0.960958 0.852866 0.681263 0.73043 1.10451 0.640893 0.595184 0.5832 0.506233 0.449649 0.440935 0.662499 0.652459 0.420738
threshold=0.2991886409736309 0.15364583333333334 0.30552995391705079 0.89824945295404834 27.500000000000004 0.6830127018922193 0.1795928394607082 0.35192697768762687 0.43306288032454365 0.27719287970000966 0.16406250000000003 0.21176080412325526 0.075520833333333343 0.27323002848564254 0.22614163575611029 29.500000000000004 15.500000000000002 0.12239583333333334 0.53610503282275734 0 0.34976958525345631 8.5000000000000018 0.34381338742393514 0.10156250000000001 0.044270833333333336 0.11197916666666667 0.10036056523027932 0.25000000000000017 0.049479166666666671 0.57330415754923425
decision_type=2 2 2 2 2 2 2 2 2 2 2 2 2 2 2 2 2 2 2 1 2 2 2 2 2 2 2 2 2 2
left_child=2 6 26 8 18 9 16 24 13 17 15 12 -7 14 22 -9 -2 -6 -4 20 -20 -22 -3 -17 -8 -18 -1 -28 -29 -26
right_child=1 3 4 -5 5 11 7 10 -10 -11 -12 -13 -14 -15 -16 23 25 -19 19 -21 21 -23 -24 -25 29 -27 27 28 -30 -31
leaf_value=-0.0017096110293859344 0.00048733699938101175 0.000394938367166364 -0.00076736530359948181 0.0014254881860043085 -0.00016927538836195317 0.00052015495779339038 0.0002017476542837824 0.00017554644207499865 0.0014126115216178336 0.00046021833669288736 -6.0556526679690773e-05 0.00010701648844406512 0.0024112752359724252 0.00012908572619126468 0.00082231898983165788 0.0012371286782926574 0.00028364000807461003 0.00027969077119455226 0.00026343880238269431 -0.00038663622102988693 0.00017971732736249562 -0.00047186477728843913 2.5501777455719346e-05 0.00071482107908636433 -9.29971023607013e-05 0.00011616192222995178 -0.0014466176075579402 0.0011732707680368643 -0.0014932463440675717 0.00014686427539036115
leaf_weight=2648 26 21 430 24 359 42 25 36 37 34 30 26 21 28 21 27 20 31 30 137 33 47 21 21 55 21 51 20 21 75
leaf_count=2648 26 21 430 24 359 42 25 36 37 34 30 26 21 28 21 27 20 31 30 137 33 47 21 21 55 21 51 20 21 75
internal_value=-0.00132956 0.00560655 -0.00219084 0.00963151 -0.000882353 0.000684208 0.0037857 0.0025762 0.00778119 -0.00045283 0.00568416 0.00610105 0.00842844 0.00557137 0.00795225 0.00771419 0.00864166 -0.000999998 -0.00206942 -0.000813763 0.000999991 -0.000749991 0.00485703 0.0107498 0.00029032 0.00578035 -0.00275912 -0.000717384 0.0021219 -0.000461536
internal_weight=4418 488 3930 152 1190 513 336 269 128 424 114 89 63 91 63 84 67 390 677 247 110 80 42 48 155 41 2740 92 41 130
internal_count=4418 488 3930 152 1190 513 336 269 128 424 114 89 63 91 63 84 67 390 677 247 110 80 42 48 155 41 2740 92 41 130
cat_boundaries=0 1
cat_threshold=584
is_linear=0
shrinkage=0.03


Tree=35
num_leaves=31
num_cat=2
split_feature=0 5 5 5 9 4 19 19 17 1 9 6 17 1 5 12 11 10 3 9 4 5 5 11 12 11 2 17 7 6
split_gain=24.5922 5.39427 3.02865 3.022 1.59435 1.47932 1.39566 1.30738 1.30466 1.26419 1.67206 1.21658 1.46823 1.06342 0.982291 0.89761 0.891573 2.30474 1.08037 0.881538 0.840078 1.6773 0.831396 0.583842 0.891101 0.509678 0.505279 0.50329 0.380915 0.349484
threshold=0.55882118566514938 0.57505070993914809 0.34989858012170388 0.15314401622718055 0.47191830780452232 0.10156250000000001 0 1 0.35209769381329253 0.085937500000000014 0.72611232676878201 0.4806451612903227 0.3269817095536991 0.14322916666666669 0.33367139959432052 -1.0000000180025095e-35 0.6830127018922193 -0.24999999999999994 0.049479166666666671 0.66411378555798695 0.13281250000000003 0.23225152129817445 0.28296146044624754 1.0000000180025095e-35 1.0000000180025095e-35 1.0000000180025095e-35 0.12760416666666669 0.33439707258956691 0.11742592553505851 0.3728110599078342
decision_type=2 2 2 2 2 2 1 1 2 2 2 2 2 2 2 2 2 2 2 2 2 2 2 2 2 2 2 2 2 2
left_child=3 2 4 29 -2 16 20 23 13 -4 11 -11 -13 14 22 -12 -5 18 -18 -10 21 -7 -9 -6 -25 -24 28 -20 -14 -1
right_child=1 -3 9 5 7 6 -8 8 19 10 15 12 26 -15 -16 -17 17 -19 27 -21 -22 -23 25 24 -26 -27 -28 -29 -30 -31
leaf_value=-0.0016743812624333309 -0.00013531829653590815 0.0014764709622851744 5.0142695778959616e-05 -0.00049479892871069761 -0.00033890290569791204 8.6824114986027299e-05 -0.00025829796536272698 0.00082664550484446158 0.00047840985642389291 0.0012632121704613483 0.00073287792720503925 0.00017623164016846707 0.00019457898017346284 0.00054678333622968473 0.00056162662406857695 0.0010413754827620588 4.6127075104177679e-05 -0.00075559009337456047 0.00051129484236454609 -3.7153108937407958e-05 8.4495032355916581e-05 0.00038750026328615995 0.00015767021631106547 0.00018637612504900645 -5.0139248812828951e-05 -4.5794457000118712e-05 -2.2149333647646194e-05 0.0013865783090721551 1.376885822659873e-05 -0.00033033881619135588
leaf_weight=2583 68 20 27 717 37 36 103 28 39 20 30 28 21 24 22 41 41 140 21 42 41 26 30 39 32 25 38 22 21 85
leaf_count=2583 68 20 27 717 37 36 103 28 39 20 30 28 21 24 22 41 41 140 21 42 41 26 30 39 32 25 38 22 21 85
internal_value=-0.00131347 0.00416771 0.00366666 -0.00222149 0.00205181 -0.00093374 0.00136892 0.00294339 0.00422725 0.00642475 0.00725122 0.00520308 0.00394441 0.00630228 0.00499995 0.0109435 -0.00143783 0.000214284 0.00414281 0.00144443 0.00363714 0.00619345 0.00350598 5.08464e-05 0.00164786 0.00136361 0.00187498 0.00746494 0.00414276 -0.00277511
internal_weight=4447 632 612 3815 386 1147 206 318 210 226 199 128 108 129 105 71 941 224 84 81 103 62 83 108 71 55 80 43 42 2668
internal_count=4447 632 612 3815 386 1147 206 318 210 226 199 128 108 129 105 71 941 224 84 81 103 62 83 108 71 55 80 43 42 2668
cat_boundaries=0 1 2
cat_threshold=102 132
is_linear=0
shrinkage=0.03


Tree=36
num_leaves=31
num_cat=1
split_feature=0 1 6 9 16 11 7 18 17 6 19 9 18 2 6 17 0 0 6 9 1 17 2 7 6 9 16 0 12 17
split_gain=23.0953 5.07905 3.44053 3.22335 2.01635 3.68308 1.84494 1.57625 2.34087 1.49459 1.41657 1.49396 1.39415 1.41866 1.39158 1.10507 1.56792 1.08691 0.974006 1.42466 0.875683 0.828812 0.798333 0.626704 0.624963 0.617056 0.591037 0.753628 0.533536 0.53702
threshold=0.56764902299890541 0.22656250000000003 0.307373271889401 0.80598103574033564 27.500000000000004 0.6830127018922193 0.13980411543182011 0.48088235294117648 0.33831163305250628 0.40322580645161299 0 0.47191830780452232 0.47500000000000003 0.054687500000000007 0.59032258064516141 0.29201770062122379 0.61912653167645637 0.61090751480435135 0.56267281105990796 0.71298322392414315 0.15364583333333334 0.33907752531699437 0.11718750000000001 0.063178407437470135 0.40322580645161299 0.53610503282275734 25.500000000000004 0.59537384276397409 1.0000000180025095e-35 0.34822568292060257
decision_type=2 2 2 2 2 2 2 2 2 2 1 2 2 2 2 2 2 2 2 2 2 2 2 2 2 2 2 2 2 2
left_child=2 3 -1 10 25 9 17 24 -9 -6 28 26 23 -14 18 -16 21 -5 19 22 -18 -17 -13 -11 -7 -4 -12 -28 29 -2
right_child=1 -3 4 6 5 7 -8 8 -10 12 11 14 13 -15 15 16 20 -19 -20 -21 -22 -23 -24 -25 -26 -27 27 -29 -30 -31
leaf_value=-0.0015336121373822318 0.000180784841297536 0.0014344630831960702 -0.00066057408528863426 0.00066836885143992531 -0.00031609221519714978 0.0010810821722407079 0.00077643040996672554 0.0010370837440745392 0.00048863972188136601 0.00015229327692458999 -0.0001512505445614927 0.00017703452908781456 -0.00021993966695929513 0.00043518158764483896 0.00023776832443337686 0.0005511750891802914 4.7348300926324225e-05 0.0010536733905334426 -0.00011150704088987607 -0.00016709245709062753 0.00069449830300816022 0.0002726851962921319 0.00054558672788355175 -0.00025053822720381904 -5.3048708447877264e-05 -8.1778699518629438e-05 -9.1494247445223669e-05 0.00030153618202750806 -5.975467674643741e-05 -3.3661813299573652e-05
leaf_weight=2783 39 27 407 21 214 20 34 20 22 23 32 42 27 47 35 36 33 23 24 21 22 21 25 72 20 225 22 23 53 34
leaf_count=2783 39 27 407 21 214 20 34 20 22 23 32 42 27 47 35 36 33 23 24 21 22 21 25 72 20 225 22 23 53 34
internal_value=-0.00135395 0.00430158 -0.00218041 0.00366666 -0.000757521 0.000741933 0.00930757 0.00651211 0.0105712 -0.000493472 0.00271428 0.00367629 0.00161537 0.00470264 0.00487643 0.00679587 0.00824993 0.0133633 0.00235712 0.00381814 0.00463628 0.0117366 0.00595513 -0.000789466 0.00224994 -0.00186076 0.000116881 0.00233328 -0.000132353 0.00152053
internal_weight=4447 567 3880 540 1097 465 78 82 42 383 462 336 169 74 259 147 112 44 112 88 55 57 67 95 40 632 77 45 126 73
internal_count=4447 567 3880 540 1097 465 78 82 42 383 462 336 169 74 259 147 112 44 112 88 55 57 67 95 40 632 77 45 126 73
cat_boundaries=0 1
cat_threshold=132
is_linear=0
shrinkage=0.03


Tree=37
num_leaves=31
num_cat=0
split_feature=5 5 5 5 4 9 17 1 9 16 8 16 16 9 11 10 16 13 11 17 2 4 1 16 6 2 3 2 7 1
split_gain=22.7924 5.07292 4.05694 1.91589 1.43284 1.56625 1.28875 1.12338 1.17162 1.47193 2.9681 1.17814 1.39491 1.57211 0.948256 3.06259 2.00033 1.45236 0.94108 1.55099 1.46813 0.902427 0.960305 0.915728 1.96215 0.734792 0.638391 0.624863 0.419547 0.392444
threshold=0.2991886409736309 0.57505070993914809 0.15314401622718055 0.34989858012170388 0.10156250000000001 0.80598103574033564 0.36282018551612638 0.085937500000000014 0.72611232676878201 29.500000000000004 0.28085358773915364 18.500000000000004 27.500000000000004 0.51677607585703877 0.6830127018922193 -0.24999999999999994 29.500000000000004 -0.22252093395631442 -0.68301270189221952 0.31173942643179314 0.11718750000000001 0.13281250000000003 0.065104166666666671 17.500000000000004 0.41336405529953929 0.10677083333333334 0.054687500000000007 0.12239583333333334 0.10370144050200945 0.12239583333333334
decision_type=2 2 2 2 2 2 2 2 2 2 2 2 2 2 2 2 2 2 2 2 2 2 2 2 2 2 2 2 2 2
left_child=2 3 -1 6 14 21 18 -5 11 -10 -11 -9 -13 27 29 16 -16 -18 -2 25 -21 22 -6 -24 -25 -20 -8 -14 -15 -4
right_child=1 -3 4 7 5 -7 26 8 9 10 -12 12 13 28 15 -17 17 -19 19 20 -22 -23 23 24 -26 -27 -28 -29 -30 -31
leaf_value=-0.0015575935864248279 0.00077670040887591876 0.0014069098320404982 -0.00043548965081847843 4.7074913437400971e-05 -0.00039602678581575194 0.00049879613021251072 0.0001729778795721159 0.00047497201719375829 5.2498806199121321e-05 0.0010760106265549861 0.00080627391571155577 -6.7236632541344842e-05 0.0011866862675895035 5.3089909500723662e-05 -1.861789539412365e-06 -0.00048837706972555282 0.00021724071928835894 0.0014153385655400598 0.0001611014882632808 0.00013811588428130079 0.0004762215611629981 -9.4666756023815401e-05 -1.4700575469906804e-05 0.00021587661855657715 0.00053136519649049998 -3.3902435026006451e-05 -0.00010566207585058404 7.8762783948761893e-05 -0.00019828067212222835 0.00017219002655175305
leaf_weight=2668 21 20 727 27 45 23 21 26 20 21 31 22 20 20 40 160 20 27 24 34 29 95 40 33 32 52 74 20 21 34
leaf_count=2668 21 20 727 27 45 23 21 26 20 21 31 22 20 20 40 160 20 27 24 34 29 95 40 33 32 52 74 20 21 34
internal_value=-0.00132022 0.00469383 -0.00208722 0.00408074 -0.000695925 0.00125373 0.00229411 0.00607892 0.00685071 0.00991653 0.0125767 0.00513949 0.00369899 0.00551845 -0.00121429 0.000400807 0.00493098 0.00912746 0.00393747 0.00304314 0.00652371 0.000551017 0.00199999 0.00357139 0.00576914 0.000157892 -0.00047368 0.00974976 0.00139021 -0.0017385
internal_weight=4447 503 3944 483 1276 268 255 228 201 72 52 129 103 81 1008 247 87 47 160 139 63 245 150 105 65 76 95 40 41 761
internal_count=4447 503 3944 483 1276 268 255 228 201 72 52 129 103 81 1008 247 87 47 160 139 63 245 150 105 65 76 95 40 41 761
is_linear=0
shrinkage=0.03


Tree=38
num_leaves=31
num_cat=0
split_feature=5 5 1 4 11 8 11 10 16 8 18 0 17 10 17 17 8 11 18 3 18 6 16 6 11 1 13 4 4 8
split_gain=19.9764 5.36306 3.95594 2.3765 1.40351 1.9962 1.15402 1.49116 2.82401 1.45524 1.29818 1.14314 1.08671 1.10598 1.2955 1.07127 0.944733 2.03679 1.68702 0.930941 0.888249 0.87528 0.624863 0.591527 0.808797 0.703197 0.578697 0.577275 0.589556 1.31796
threshold=0.2991886409736309 0.57505070993914809 0.049479166666666671 0.10156250000000001 0.93301270189221952 0.41775497033152903 0.6830127018922193 -0.24999999999999994 29.500000000000004 0.13549404229770393 0.50147058823529422 0.61090751480435135 0.36282018551612638 0.68301270189221941 0.32622428205782822 0.3269817095536991 0.27719287970000966 0.6830127018922193 0.47500000000000003 0.059895833333333336 0.5102941176470589 0.57880184331797246 29.500000000000004 0.45391705069124427 -0.68301270189221952 0.080729166666666671 -0.22252093395631442 0.14322916666666669 0.085937500000000014 0.24855113226519951
decision_type=2 2 2 2 2 2 2 2 2 2 2 2 2 2 2 2 2 2 2 2 2 2 2 2 2 2 2 2 2 2
left_child=2 4 -1 6 5 11 23 8 -8 -10 -9 12 13 -2 -15 22 17 26 -18 -19 -14 -17 -13 -4 25 -25 -5 28 -23 -30
right_child=1 -3 3 16 -6 -7 7 10 9 -11 -12 15 20 14 -16 21 18 19 -20 -21 -22 27 -24 24 -26 -27 -28 -29 29 -31
leaf_value=-0.0015494724888513698 0.00078575532956351771 0.0013647025370792831 -0.00056014613281852091 -0.00010940371469359083 -5.9267309372075531e-05 0.0013776376613703115 -4.0039826352621361e-05 -0.00067088889518940309 0.0012269056860130293 0.0013859372036464002 0.00071406665829144291 0.00016366661892983975 -8.6010477102244049e-05 4.4593371230260868e-06 0.00043138982460798244 0.00066524570061740975 -0.00025083399275646726 0.00057138400315067544 0.00048383224630613479 0.00078092305016810111 0.00030329060493948002 6.5221685408484151e-05 0.00071838840607075605 -0.00017000818484563701 -0.00022940130254841087 0.00033868962850865938 5.8308992376580086e-05 -3.6650491312366472e-05 0.00026219467328525274 0.0006877078452938053
leaf_weight=2445 33 20 843 108 27 23 60 149 20 22 21 20 88 74 39 31 22 22 23 21 21 32 20 22 74 20 72 21 34 20
leaf_count=2445 33 20 843 108 27 23 60 149 20 22 21 20 88 74 39 31 22 22 23 21 21 32 20 22 74 20 72 21 34 20
internal_value=-0.00135395 0.00427633 -0.00207201 -0.000858573 0.00364595 0.00403946 -0.00141592 0.000308822 0.00317644 0.00914264 -0.00141176 0.00358198 0.00229411 0.00398627 0.0025752 0.00542694 0.00170149 0.000901341 0.00566654 0.00676728 2.7522e-05 0.00417388 0.00974976 -0.00190511 0.000103447 0.00342849 -0.000499998 0.00288782 0.0039767 0.00588878
internal_weight=4447 503 3944 1499 483 456 1231 272 102 42 170 433 255 146 113 178 268 223 45 43 109 138 40 959 116 42 180 107 86 54
internal_count=4447 503 3944 1499 483 456 1231 272 102 42 170 433 255 146 113 178 268 223 45 43 109 138 40 959 116 42 180 107 86 54
is_linear=0
shrinkage=0.03


Tree=39
num_leaves=31
num_cat=0
split_feature=0 5 0 17 12 9 4 11 10 16 16 11 7 6 17 16 17 6 17 17 7 0 5 0 4 18 16 9 18 7
split_gain=17.8803 4.98166 2.94298 1.57035 2.17284 1.95363 1.16427 1.03968 1.56756 1.9944 0.960559 1.41882 1.23876 1.09574 0.877089 2.07169 0.923026 1.07687 0.847116 2.23383 0.841098 0.818075 0.742833 0.749876 0.62607 0.556559 0.549892 0.617832 0.853132 0.423432
threshold=0.55882118566514938 0.57505070993914809 0.43741959702800254 0.46476895583354622 1.0000000180025095e-35 0.47191830780452232 0.10156250000000001 0.6830127018922193 -0.24999999999999994 29.500000000000004 17.500000000000004 -0.5 0.10150446750004584 0.54884792626728129 0.34665134882137699 29.500000000000004 0.33037833904084474 0.7009216589861752 0.31428058132168429 0.27985797898996784 0.092343480677863826 0.49630345877563281 0.37626774847870187 0.62953366514144282 0.12760416666666669 0.49852941176470594 12.500000000000002 0.73668854850474119 0.46029411764705885 0.068200183856979943
decision_type=2 2 2 2 2 2 2 2 2 2 2 2 2 2 2 2 2 2 2 2 2 2 2 2 2 2 2 2 2 2
left_child=2 3 -1 5 -5 24 7 -4 9 -9 -8 13 -13 -12 15 16 17 29 19 -17 -20 -11 26 -24 -2 -10 -16 28 -28 -7
right_child=1 -3 6 4 -6 14 10 8 25 21 11 12 -14 -15 22 18 -18 -19 20 -21 -22 -23 23 -25 -26 -27 27 -29 -30 -31
leaf_value=-0.0018833049527218436 -0.00010724850582840286 0.0013237614609669034 -0.0004537118499033965 0.00092403107531661272 -2.2546925439435873e-05 7.5395866677831639e-05 -0.00026485152850734285 -2.5623708272978605e-05 -0.00067270514075099463 0.0013217542926346737 -0.00016983976652076903 0.00020357317111243853 0.00050695497010491307 0.00038434028675562044 0.00046933089538477517 0.0001665335180373463 0.00037004375704420599 0.0004958639283249083 1.1255245798512442e-05 0.0013484486023928831 0.00041074102270107881 0.00078587439611827869 0.00069076623260618723 0.00022457167884491994 2.3917266202645263e-05 0.00019222949700904222 0.0002772533277485736 0.0005224285382200496 -7.8293192307535704e-05 -1.9692372095189059e-05
leaf_weight=2393 72 20 935 36 21 26 86 60 139 22 56 38 23 21 23 21 27 21 24 31 26 22 23 42 20 20 21 26 82 70
leaf_count=2393 72 20 935 36 21 26 86 60 139 22 56 38 23 21 23 21 27 21 24 31 26 22 23 42 20 20 21 26 82 70
internal_value=-0.00140792 0.00326582 -0.00218218 0.00278431 0.00752618 0.00229729 -0.00110127 -0.00147245 0.000193915 0.00305766 0.000883924 0.00243476 0.00585236 -0.000272724 0.00309071 0.00431705 0.00199999 0.000846146 0.00758816 0.010269 0.0047999 0.00790891 0.00170045 0.00438455 -0.00169563 -0.00167924 0.000552627 -0.000209301 -0.00125242 -0.000499996
internal_weight=4447 632 3815 612 57 555 1422 1198 263 104 224 138 61 77 463 246 144 117 102 52 50 44 217 65 92 159 152 129 103 96
internal_count=4447 632 3815 612 57 555 1422 1198 263 104 224 138 61 77 463 246 144 117 102 52 50 44 217 65 92 159 152 129 103 96
is_linear=0
shrinkage=0.03


Tree=40
num_leaves=31
num_cat=1
split_feature=0 1 9 7 17 0 11 10 9 19 0 0 7 4 3 9 7 9 9 8 4 8 8 4 0 0 1 17 2 6
split_gain=20.4377 5.19271 2.68877 4.29511 3.54893 1.78683 1.62985 2.16759 1.51808 1.40687 1.51381 1.63533 2.19912 1.36243 1.6132 1.32338 1.27584 1.09078 1.0546 1.021 0.930948 0.751017 0.558399 0.710509 0.589458 1.24434 0.514267 0.500147 0.403698 0.63822
threshold=0.53121608501887896 0.25260416666666669 0.80598103574033564 0.096392604787514213 0.44413241426261602 0.43741959702800254 0.6830127018922193 -0.24999999999999994 0.47191830780452232 0 0.59102031964221136 0.62953366514144282 0.073925378384792365 0.049479166666666671 0.10156250000000001 0.32239241429613436 0.12338484922465606 0.47191830780452232 0.69876002917578428 0.20163812288966401 0.12760416666666669 0.26495406874879129 0.19814297748565238 0.12760416666666669 0.55485698752022106 0.59294530418543168 0.15364583333333334 0.4759594928091227 0.075520833333333343 0.3000000000000001
decision_type=2 2 2 2 2 2 2 2 2 1 2 2 2 2 2 2 2 2 2 2 2 2 2 2 2 2 2 2 2 2
left_child=5 2 8 -4 26 -1 21 15 20 10 18 12 -12 14 -11 -8 19 -9 -10 -14 27 -7 23 24 -15 -26 -5 -2 29 -17
right_child=1 -3 3 4 -6 6 7 17 9 13 11 -13 16 22 -16 28 -18 -19 -20 -21 -22 -23 -24 -25 25 -27 -28 -29 -30 -31
leaf_value=-0.001773248967186073 -0.00014101005626796141 0.0013550832841816233 0.00087122089900776225 -0.00031140609487432641 0.0011701364492960797 -0.00053237386121808648 0.0011078918158309698 -0.00077814381408018946 0.00036733280696105164 2.2207357601157219e-05 -3.3111955651357821e-05 8.1150842744447598e-05 0.0004999868825621861 -0.00049247895649555103 0.00089129644943634412 0.00029520274588240607 0.00070629300332249341 0.00023909664016118543 -0.00018210476356334159 0.00040154306852769532 0.00021328023369788525 4.8205681472392219e-05 -9.6543709154911226e-05 -4.3041378928416934e-05 0.0004128287891912678 9.8493862046046546e-05 0.0006784485161047206 0.00027122819304637141 0.00042309314508741917 -7.027797237241008e-05
leaf_weight=2396 132 20 31 36 22 926 22 151 79 30 23 39 37 20 20 29 33 31 32 25 22 24 108 24 20 36 20 20 20 30
leaf_count=2396 132 20 31 36 22 926 22 151 79 30 23 39 37 20 20 29 33 31 32 25 22 24 108 24 20 36 20 20 20 30
internal_value=-0.00135128 0.00289867 0.00252534 0.00690819 0.00315381 -0.00232213 -0.00139416 0.000604237 0.00184285 0.00264638 0.00412229 0.00617193 0.00793214 0.000917906 0.00539989 0.00412867 0.00994726 -0.00135164 0.00159458 0.0124837 -0.000586204 -0.00198947 -0.000115385 0.00149998 0.00292101 0.00449992 -0.000857128 -0.00142104 0.00231643 0.00106778
internal_weight=4458 829 809 109 78 3629 1233 283 700 526 268 157 118 258 50 101 95 182 111 62 174 950 208 100 76 56 56 152 79 59
internal_count=4458 829 809 109 78 3629 1233 283 700 526 268 157 118 258 50 101 95 182 111 62 174 950 208 100 76 56 56 152 79 59
cat_boundaries=0 1
cat_threshold=546
is_linear=0
shrinkage=0.03


Tree=41
num_leaves=31
num_cat=2
split_feature=0 1 0 19 11 3 17 19 16 11 6 17 17 17 17 11 13 0 10 16 0 0 6 12 18 16 17 11 4 10
split_gain=19.0019 4.09442 2.66971 1.48671 1.56218 1.6453 1.65957 1.21235 1.55535 3.40803 3.17118 1.73476 1.13535 1.00505 0.983633 2.56067 0.877108 0.849459 0.778974 0.689716 0.654026 0.726817 0.680395 0.81182 0.543421 0.513792 1.14942 0.927917 0.495277 1.25487
threshold=0.55485698752022106 0.24739583333333334 0.45763877432200306 0 -0.9330127018922193 0.11197916666666667 0.28756173355752562 1 17.500000000000004 0.6830127018922193 0.41336405529953929 0.31529818445385432 0.38822227895498268 0.44413241426261602 0.40471732902164365 0.25000000000000017 -0.56174490092936669 0.62953366514144282 0.25000000000000011 14.500000000000002 0.47556016327877837 0.46700898086239068 0.26682027649769591 1.0000000180025095e-35 0.47500000000000003 23.500000000000004 0.3269817095536991 -0.24999999999999994 0.096354166666666671 0.25000000000000011
decision_type=2 2 2 1 2 2 2 1 2 2 2 2 2 2 2 2 2 2 2 2 2 2 2 2 2 2 2 2 2 2
left_child=2 3 28 -2 -5 14 19 8 -4 10 -10 -11 17 -14 -6 -16 -17 25 -12 -7 21 -9 -23 24 -24 27 -27 -8 -1 -30
right_child=1 -3 7 4 5 6 12 20 9 11 18 -13 13 -15 15 16 -18 -19 -20 -21 -22 22 23 -25 -26 26 -28 -29 29 -31
leaf_value=-0.0014938769310903542 -9.7365388677820439e-06 0.0012916325778989052 -0.00049285203114611022 0.00058730787818000866 -1.4092417684562735e-06 0.00014485778174963429 0.00053250866769626352 -0.00047458824718362645 -0.00052444032478474157 0.00021997185311824677 0.00046964820414961412 0.0012679363743212455 -3.4002602774982269e-05 0.0011495078200452059 0.00060768790762622601 0.0017425729095935224 -6.2072063671764162e-05 0.00012113328938373435 4.0837810936691118e-05 -6.8618606776884569e-05 -0.00042550832542321898 -0.00066814197656333001 3.9225453675551958e-05 -0.0004395077241800915 0.00012987115395121971 0.0012969749704389842 0.00067332271551024227 0.00039861519933358746 -0.0010025667202894376 0.00048080021661831403
leaf_weight=2574 132 22 151 32 154 22 20 95 139 21 29 26 23 20 26 20 43 24 32 39 542 22 23 29 23 21 28 24 68 34
leaf_count=2574 132 22 151 32 154 22 20 95 139 21 29 26 23 20 26 20 43 24 32 39 542 22 23 29 23 21 28 24 68 34
internal_value=-0.00137147 0.00336922 -0.00218067 0.00292356 0.00364031 0.00327154 0.00514477 -0.000959364 0.000382351 0.00185829 0.000149999 0.00912746 0.00674996 0.00258133 0.00156789 0.00407861 0.00080951 0.00828198 0.00585236 0.00093441 -0.00166935 -0.0001875 0.00163916 0.00299996 0.00547814 0.00958054 0.0116936 0.00722711 -0.00269731 -0.000647053
internal_weight=4458 650 3808 628 496 464 221 1132 398 247 200 47 160 43 243 89 63 117 61 61 734 192 97 75 46 93 49 44 2676 102
internal_count=4458 650 3808 628 496 464 221 1132 398 247 200 47 160 43 243 89 63 117 61 61 734 192 97 75 46 93 49 44 2676 102
cat_boundaries=0 1 2
cat_threshold=192 54
is_linear=0
shrinkage=0.03


Tree=42
num_leaves=31
num_cat=1
split_feature=0 1 9 7 17 1 11 9 10 8 9 19 7 1 18 17 8 13 11 1 4 12 18 8 1 3 4 8 9 3
split_gain=17.6929 5.46898 2.74903 3.42673 3.54893 1.91405 2.70676 2.49706 2.39794 2.14272 1.73805 1.51468 1.838 1.56428 2.48077 1.37751 1.61359 1.02793 1.31057 0.948776 0.765997 0.747001 0.710857 0.588886 0.514267 0.494505 0.749159 0.790704 0.469873 0.430044
threshold=0.52800106982563555 0.25260416666666669 0.80598103574033564 0.096392604787514213 0.44413241426261602 0.049479166666666671 0.6830127018922193 0.5948212983223925 -0.24999999999999994 0.11775028083749341 0.47191830780452232 0 0.086724821097632201 0.17968750000000003 0.48970588235294121 0.3106250678592285 0.17662210150131016 1.0000000180025095e-35 -0.5 0.14843750000000003 0.12760416666666669 1.0000000180025095e-35 0.5102941176470589 0.25928284646248428 0.15364583333333334 0.096354166666666671 0.049479166666666671 0.19814297748565238 0.47191830780452232 0.059895833333333336
decision_type=2 2 2 2 2 2 2 2 2 2 2 1 2 2 2 2 2 2 2 2 2 2 2 2 2 2 2 2 2 2
left_child=5 2 10 -4 24 -1 23 8 9 -8 22 12 15 14 17 16 -12 21 -19 -16 25 -14 -2 -7 -5 -13 -27 -28 -10 -11
right_child=1 -3 3 4 -6 6 7 -9 28 29 11 20 13 -15 19 -17 -18 18 -20 -21 -22 -23 -24 -25 -26 26 27 -29 -30 -31
leaf_value=-0.0014750935294214225 -0.00011519625144150241 0.001275681808319207 0.00081332475411990566 -0.00030062279273408379 0.0011005471212158413 -0.00061782851758089769 0.00098140681857142678 0.0018687849201911354 -0.00073240441361789956 4.52802077144638e-05 -2.2966383913425393e-05 -3.7246143683495801e-06 -9.6607772140601666e-05 -5.8790154832169409e-05 0.0005137115901218517 -6.9143589340267409e-05 0.00045319579905016717 0.00056548236415222266 0.00060991048446725805 0.00053140644450121676 -7.8594908205397213e-05 0.00026905683290481401 0.00026884536751958706 5.5772351069391406e-05 0.00064132408063530993 0.00084821120763140738 0.00015605369994880765 -0.00018050716472678001 0.00033371369451367543 -4.2920842650831018e-05
leaf_weight=2405 164 20 32 36 22 905 24 32 135 32 27 115 21 21 23 61 29 20 29 22 57 23 21 20 20 22 41 31 24 24
leaf_count=2405 164 20 32 36 22 905 24 32 135 32 27 115 21 21 23 61 29 20 29 22 57 23 21 20 20 22 41 31 24 24
internal_value=-0.0013782 0.00249591 0.00212544 0.00654539 0.00315381 -0.00230019 -0.0013194 0.00131734 0.000263597 0.00449994 0.00145667 0.00231365 0.00381817 0.00605656 0.00721734 0.00110255 0.00449992 0.00441931 0.00740801 0.0129997 0.000586954 0.00109088 -0.00105405 -0.00209189 -0.000857128 0.00144975 0.0030638 0.00158331 -0.00186791 0.00128569
internal_weight=4458 857 837 110 78 3601 1196 271 239 80 727 542 276 159 138 117 56 93 49 45 266 44 185 925 56 209 94 72 159 56
internal_count=4458 857 837 110 78 3601 1196 271 239 80 727 542 276 159 138 117 56 93 49 45 266 44 185 925 56 209 94 72 159 56
cat_boundaries=0 1
cat_threshold=546
is_linear=0
shrinkage=0.03


Tree=43
num_leaves=31
num_cat=1
split_feature=5 1 1 9 19 3 7 4 17 8 9 7 4 10 10 10 18 4 6 1 7 13 17 1 1 0 12 6 7 17
split_gain=16.4074 5.25393 2.52209 2.1299 1.87724 1.3552 1.8666 1.61173 1.45996 2.42871 1.29891 1.19583 1.11927 0.654305 2.47691 1.2652 0.882002 0.907314 0.644038 0.707152 0.624828 0.59078 0.992235 0.82666 0.571808 0.668262 0.505427 0.449649 0.422018 0.402358
threshold=0.26064908722109537 0.25260416666666669 0.049479166666666671 0.47191830780452232 0 0.11718750000000001 0.10036056523027932 0.065104166666666671 0.40471732902164365 0.27323002848564254 0.61670313639679086 0.14842600721355023 0.10156250000000001 -0.24999999999999994 -0.6830127018922193 -0.5 0.49264705882352944 0.059895833333333336 0.58571428571428585 0.070312500000000014 0.10937795756218473 -0.22252093395631442 0.34907667432558936 0.085937500000000014 0.12239583333333334 0.60478778918727494 1.0000000180025095e-35 0.706451612903226 0.095129496739318989 0.27125351033954564
decision_type=2 2 2 2 1 2 2 2 2 2 2 2 2 2 2 2 2 2 2 2 2 2 2 2 2 2 2 2 2 2
left_child=2 3 -1 24 -5 8 10 -8 21 20 -7 -9 13 14 28 16 17 -16 19 29 -10 -6 23 -23 -2 -26 -17 -13 -4 -14
right_child=1 -3 12 4 5 6 7 11 9 -11 -12 27 18 -15 15 26 -18 -19 -20 -21 -22 22 -24 -25 25 -27 -28 -29 -30 -31
leaf_value=-0.0014281886010792581 -0.00019180999832527152 0.0012374113540696322 -0.00076664263392555202 -2.3346793218865723e-05 -1.0414812025809824e-05 0.00048391441648754931 0.0010286084723430096 -4.9511228597080786e-05 0.00062294943159091776 6.7704222897410545e-05 0.00063462686856870123 0.00053998831504374482 -0.00039740877064492616 -0.00053717845946880743 0.0010726774534957398 0.00013426116443833943 3.2866400835973944e-05 0.00058080039648243729 0.00023553948311561069 -4.8460473845535373e-05 0.00080960679393416216 7.1852614858072987e-05 -5.3696731448873098e-05 0.00056759176180726592 0.00020001194673740231 -2.5661622681990826e-05 -0.0010917349315963793 0.00102341501132599 8.5823728425033408e-05 0.0005309994592807136
leaf_weight=2412 79 20 272 107 79 31 24 49 20 35 35 20 20 701 38 37 38 20 30 111 20 21 39 27 21 34 40 21 29 28
leaf_count=2412 79 20 272 107 79 31 24 49 20 35 35 20 20 701 38 37 38 20 30 111 20 21 39 27 21 34 40 21 29 28
internal_value=-0.00143203 0.00285043 -0.00220551 0.00239274 0.00324999 0.00409976 0.00616663 0.00384207 0.00272613 0.00619992 0.0101817 0.00199998 -0.00117449 -0.00151915 -0.000658227 0.0022023 0.00449995 0.00682747 0.000968248 0.000207545 0.0112497 0.00115662 0.00286204 0.00574988 -0.000985068 0.00136361 -0.00066233 0.00578035 -0.00230232 0.00324993
internal_weight=4458 682 3776 662 528 421 180 114 241 75 66 90 1364 1175 474 173 96 58 189 159 40 166 87 48 134 55 77 41 301 48
internal_count=4458 682 3776 662 528 421 180 114 241 75 66 90 1364 1175 474 173 96 58 189 159 40 166 87 48 134 55 77 41 301 48
cat_boundaries=0 1
cat_threshold=192
is_linear=0
shrinkage=0.03


Tree=44
num_leaves=31
num_cat=1
split_feature=0 1 1 11 16 10 8 9 19 8 8 9 8 3 16 9 6 10 0 6 6 6 16 10 17 17 1 12 8 3
split_gain=15.8612 4.34292 2.68275 1.82501 2.56634 2.45513 2.96381 1.78188 1.74655 1.64154 1.51866 1.34295 1.70197 1.61974 1.55617 2.4463 1.39691 2.08384 2.66386 1.23059 0.982403 0.786974 0.642373 1.54744 0.599904 0.777046 0.552262 0.686309 0.469847 0.380915
threshold=0.55882118566514938 0.24739583333333334 0.049479166666666671 0.6830127018922193 29.500000000000004 0.25000000000000011 0.13241653228399899 0.47191830780452232 0 0.16640278872593822 0.29888286581140178 0.80598103574033564 0.28376229104135253 0.12239583333333334 14.500000000000002 0.57330415754923425 0.50921658986175122 0.68301270189221941 0.61090751480435135 0.67235023041474673 0.45576036866359454 0.41336405529953929 17.500000000000004 -0.5 0.34707977897699105 0.31099480895242965 0.11718750000000001 1.0000000180025095e-35 0.19218106975147189 0.096354166666666671
decision_type=2 2 2 2 2 2 2 2 1 2 2 2 2 2 2 2 2 2 2 2 2 2 2 2 2 2 2 2 2 2
left_child=2 7 -1 10 -5 6 -6 26 11 -7 21 14 -13 -14 15 -9 -16 18 -18 -17 -10 28 -23 -24 25 -22 -2 -28 -4 -27
right_child=1 -3 3 4 5 9 -8 8 20 -11 -12 12 13 -15 16 19 17 -19 -20 -21 24 22 23 -25 -26 29 27 -29 -30 -31
leaf_value=-0.0013800228066705965 -0.00023689309615176888 0.0011774908056902749 -0.0006075283666308744 -0.00031573890764549905 0.0011704400939343462 -0.00058878191777900083 0.0011918491144548955 -0.00032700705972440986 0.0011519011496578658 0.0004768616131503298 0.00026608675816355121 0.0012912050683540144 -9.928836590194525e-06 0.0010269157054322764 -0.00024822977236869053 0.00061408156844385182 0.00089549445965469337 -3.7252246190415149e-05 0.0003423610595801105 0.00030611333219846926 -5.2910504841077003e-05 -0.0004304628156237723 0.00044093195577228438 -1.7768030724481749e-05 -0.00011113117249983149 3.6953918432203861e-06 0.00012127201496098005 -7.3529948845958557e-05 3.7193127234514908e-06 0.00022052704330656315
leaf_weight=2424 54 22 860 165 20 74 33 20 27 26 24 21 23 24 37 26 31 51 55 26 32 88 20 79 63 21 34 32 25 21
leaf_count=2424 54 22 860 165 20 74 33 20 27 26 24 21 23 24 37 26 31 51 55 26 32 88 20 79 63 21 34 32 25 21
internal_value=-0.00145222 0.00299999 -0.00217144 -0.00113296 0.000867921 0.00366664 0.00888662 0.00251839 0.0033389 0.00089999 -0.0017135 0.00459258 0.00847046 0.00529776 0.0037073 0.00741656 0.0021724 0.00356932 0.00641853 0.0108459 0.000620685 -0.0018806 -0.0001123 0.00154544 -0.000372261 0.00145944 -0.000749994 0.00109089 -0.00225424 0.00414276
internal_weight=4458 620 3838 1414 318 153 53 598 478 100 1096 314 68 47 246 72 174 137 86 52 164 1072 187 99 137 74 120 66 885 42
internal_count=4458 620 3838 1414 318 153 53 598 478 100 1096 314 68 47 246 72 174 137 86 52 164 1072 187 99 137 74 120 66 885 42
cat_boundaries=0 1
cat_threshold=550
is_linear=0
shrinkage=0.03


Tree=45
num_leaves=31
num_cat=0
split_feature=20 1 5 8 9 7 20 16 10 8 9 20 8 18 12 9 10 8 8 16 7 8 6 6 6 3 8 2 7 8
split_gain=13.8221 3.67156 2.72243 2.15352 1.84393 2.05653 1.06009 0.994205 2.04906 1.44461 1.39169 1.26448 1.17951 0.906836 1.39141 0.7639 0.893152 1.05281 2.36397 1.82014 0.733323 0.79696 0.888461 0.92138 1.7692 0.937227 0.669929 0.537791 0.41107 0.424749
threshold=0.56286410739646286 0.22656250000000003 0.13286004056795134 0.16407443063010999 0.80598103574033564 0.097920479806488284 0.61912653167645637 27.500000000000004 -0.5 0.1813468332704895 0.4584245076586434 0.49403747443035323 0.096943484910633357 0.49264705882352944 1.0000000180025095e-35 0.27425237053245816 0.93301270189221952 0.18579397213266124 0.17293610086023539 14.500000000000002 0.10150446750004584 0.21743680224164993 0.41705069124423971 0.7009216589861752 0.58571428571428585 0.091145833333333343 0.14266440600799832 0.11197916666666667 0.050725144218469499 0.11949420284674021
decision_type=2 2 2 2 2 2 2 2 2 2 2 2 2 2 2 2 2 2 2 2 2 2 2 2 2 2 2 2 2 2
left_child=2 3 -1 -2 15 -6 -7 28 10 12 11 -9 -10 -11 -15 -5 17 18 -17 -20 -19 27 -23 24 25 -24 -12 -22 29 -4
right_child=1 -3 7 4 5 6 -8 8 9 13 26 -13 -14 14 -16 16 -18 20 19 -21 21 22 23 -25 -26 -27 -28 -29 -30 -31
leaf_value=-0.0017291485750303625 0.00037486005911665078 0.0011811052613077539 -0.00045600852035273593 -8.1182713668997037e-05 0.00074564071118800638 -4.0036397303739259e-05 0.0007450725162160488 0.00038818868373917355 0.00029677739301931606 -1.2696012325840063e-05 -0.00087783032455011477 0.00077710896170957134 -0.00051163763372699558 0.00041124925392032062 -3.0224510846407775e-05 -0.00022266087278205164 -2.8493980871873371e-05 -3.2153274189589736e-05 0.00041037015700805225 0.00027883294417500371 -0.00011769036867542803 -0.00025728408481803957 0.00020422713764390232 -4.0405292795281291e-07 0.00055204475851064472 -3.7591741587604435e-05 0.00033936337624081397 0.00020076707809032693 -0.00041482972045566677 5.6015869825621752e-05
leaf_weight=2208 20 27 51 36 21 29 37 38 24 137 34 28 446 27 25 22 66 88 21 33 33 22 25 27 21 24 29 26 677 72
leaf_count=2208 20 27 51 36 21 29 37 38 24 137 34 28 446 27 25 22 66 88 21 33 33 22 25 27 21 24 29 26 677 72
internal_value=-0.00145679 0.00286505 -0.00211486 0.00233575 0.00197175 0.00596545 0.00336358 -0.00116751 -0.000411168 -0.00108801 0.00304649 0.00609082 -0.00197872 0.00112698 0.00449991 0.00118919 0.00155882 0.00217543 0.0052894 0.00866651 0.00128571 0.00239324 0.00380669 0.00504118 0.00685704 0.00373462 -0.000142856 -0.00045762 -0.0019125 -0.000317071
internal_weight=4374 578 3796 551 531 87 66 1588 788 659 129 66 470 189 52 444 408 342 76 54 266 178 119 97 70 49 63 59 800 123
internal_count=4374 578 3796 551 531 87 66 1588 788 659 129 66 470 189 52 444 408 342 76 54 266 178 119 97 70 49 63 59 800 123
is_linear=0
shrinkage=0.03


Tree=46
num_leaves=31
num_cat=2
split_feature=20 1 1 8 19 11 17 17 8 19 11 17 4 8 8 11 12 8 17 5 12 8 13 8 6 6 3 6 20 11
split_gain=13.3367 3.5192 2.87263 2.21885 1.77807 2.05903 3.50373 2.51451 1.44139 1.18463 1.45721 3.37474 1.40319 1.29937 0.78325 1.1848 1.10998 0.992246 1.26727 0.914038 0.632777 0.576349 0.499736 0.488102 0.411617 0.377721 0.664589 0.368176 0.418186 0.718525
threshold=0.55882118566514938 0.22656250000000003 0.049479166666666671 0.16407443063010999 0 -0.24999999999999994 0.4150285082120671 0.33490766743255901 0.19218106975147189 1 0.6830127018922193 0.27125351033954564 0.059895833333333336 0.19218106975147189 0.23702998767234346 0.93301270189221952 1.0000000180025095e-35 0.35159761643159942 0.40102969960003415 0.29310344827586216 -0.60785761079279388 0.28085358773915364 -0.22252093395631442 0.088889909737814618 0.33041474654377889 0.41336405529953929 0.096354166666666671 0.41336405529953929 0.47407937031367969 0.93301270189221952
decision_type=2 2 2 2 1 2 2 2 2 1 2 2 2 2 2 2 2 2 2 2 2 2 2 2 2 2 2 2 2 2
left_child=2 3 24 -2 -5 6 7 8 -6 10 13 -12 -13 23 19 16 17 18 -16 -7 -15 -18 -9 -4 -1 -25 -27 28 29 -26
right_child=1 -3 9 4 5 14 -8 22 -10 -11 11 12 -14 20 15 -17 21 -19 -20 -21 -22 -23 -24 25 27 26 -28 -29 -30 -31
leaf_value=-0.0016022865751664772 0.00036361425734315016 0.0011402917751823145 0.00024761636680643184 -3.1489007973468805e-05 0.00029654930723589955 0.0019961169710854183 0.00062665400748107764 0.0003551431644267483 0.00036349401078445537 -0.00043837666396950929 -0.00084967413644685297 0.00064546483379503844 0.00078333887528641796 0.00033746534835863692 0.00083569384072008771 -0.00020329375902462127 0.0001845890675286977 0.00099800385130010931 -6.2877482282452623e-05 -7.5627044594704624e-05 1.5303271683511665e-05 -9.3301999012982711e-05 -0.00014670633156831455 -0.0005780687663275272 0.00037218116538834909 0.00052910764331797052 -8.6491314347654212e-05 -0.00046464314082752379 -0.00067818918270064817 -0.0022601042453207171
leaf_weight=2171 20 28 20 120 38 24 31 29 36 776 48 31 35 26 22 28 20 20 25 95 85 31 40 305 40 26 24 110 48 22
leaf_count=2171 20 28 20 120 38 24 31 29 36 776 48 31 35 26 22 28 20 20 25 95 85 31 40 305 40 26 24 110 48 22
internal_value=-0.00144307 0.00268369 -0.00210804 0.00218134 0.00183005 0.00267928 0.00527583 0.00329368 0.00713504 -0.00101599 -7.03529e-10 0.0030526 0.00745443 -0.000716049 0.00107547 0.00254793 0.00386437 0.00640289 0.00402119 -0.000731087 0.00213512 0.000529401 -0.000826076 -0.00156 -0.00273651 -0.0018169 0.000599987 -0.00149999 -0.000272726 0.00135482
internal_weight=4374 607 3767 579 559 439 174 143 74 1376 600 114 66 486 265 146 118 67 47 119 111 51 69 375 2391 355 50 220 110 62
internal_count=4374 607 3767 579 559 439 174 143 74 1376 600 114 66 486 265 146 118 67 47 119 111 51 69 375 2391 355 50 220 110 62
cat_boundaries=0 1 2
cat_threshold=192 46
is_linear=0
shrinkage=0.03


Tree=47
num_leaves=31
num_cat=3
split_feature=0 1 6 9 7 17 16 11 19 6 7 0 6 18 19 16 7 7 7 1 7 3 4 10 5 3 5 19 9 12
split_gain=12.4011 3.08303 2.9661 1.52136 2.44485 2.58788 1.17962 1.83106 3.39168 2.13307 1.85854 1.27784 1.15766 1.30343 0.977048 1.65249 2.56282 1.09012 0.870934 0.718219 0.991569 0.619679 0.575447 0.725338 0.54657 1.12319 1.13938 0.438035 0.537336 0.535937
threshold=0.56286410739646286 0.22656250000000003 0.23917050691244243 0.80598103574033564 0.096392604787514213 0.40894391966641147 27.500000000000004 -0.24999999999999994 0 0.30552995391705079 0.067389213475357965 0.47556016327877837 0.45391705069124427 0.47500000000000003 1 16.500000000000004 0.096392604787514213 0.17708840336715329 0.11146912280415879 0.033854166666666671 0.043362410548815823 0.065104166666666671 0.10677083333333334 0.68301270189221941 0.3113590263691684 0.091145833333333343 0.2991886409736309 2 0.21188913202042306 -0.8783796973249266
decision_type=2 2 2 2 2 2 2 2 1 2 2 2 2 2 1 2 2 2 2 2 2 2 2 2 2 2 2 1 2 2
left_child=2 3 -1 14 -5 -6 27 12 9 -9 -11 19 -8 -14 15 16 -2 24 22 -10 -21 -22 -17 -24 25 -16 -27 28 -4 -30
right_child=1 -3 6 4 5 -7 7 8 11 10 -12 -13 13 -15 17 18 -18 -19 -20 20 21 -23 23 -25 -26 26 -28 -29 29 -31
leaf_value=-0.0018333834764310008 0.0003869462993224641 0.0011114633502130528 -0.001057316509286447 0.00072324921885140794 -0.00010475006085959926 0.00069723646157175407 -0.00040969168170942774 0.0004404890531200585 -0.00039638209486689654 0.0002618109004804006 0.00089647331479082856 -0.00033169949232805367 -0.00015930544785610061 0.00033432120729931676 -5.7125903825614807e-05 -0.00011103053132935901 0.00018738890620811224 0.00059230464219642471 0.00033716190409724801 -0.00061111033504417632 0.00048933774470764446 -1.0439811201447699e-05 0.00024355731075284326 -6.9243864767177667e-05 -4.2057485342372419e-05 4.033610464947683e-05 0.00015545929020439347 -0.00055701447840587458 8.8285866474433001e-05 -8.8413174525136566e-05
leaf_weight=1978 23 27 106 20 42 27 448 45 24 27 35 132 55 37 50 37 34 37 31 20 43 24 30 26 147 26 21 506 43 273
leaf_count=1978 23 27 106 20 42 27 448 45 24 27 35 132 55 37 50 37 34 37 31 20 43 24 30 26 147 26 21 506 43 273
internal_value=-0.00143621 0.00265743 -0.00205954 0.00217241 0.00576398 0.00308691 -0.00118482 -0.000404495 0.00128571 0.00546149 0.00958049 -0.000747033 -0.0015 0.0015652 0.00148052 0.00312564 0.00752618 0.000298967 0.00135483 0.00159458 0.00286204 0.00461187 -9.67739e-05 0.0018214 -0.000418032 0.00132988 0.00465947 -0.00193319 -0.001125 -0.000531645
internal_weight=4374 578 3796 551 89 69 1818 890 350 107 62 243 540 92 462 181 57 281 124 111 87 67 93 56 244 97 47 928 422 316
internal_count=4374 578 3796 551 89 69 1818 890 350 107 62 243 540 92 462 181 57 281 124 111 87 67 93 56 244 97 47 928 422 316
cat_boundaries=0 1 2 3
cat_threshold=182 514 526
is_linear=0
shrinkage=0.03


Tree=48
num_leaves=31
num_cat=2
split_feature=20 5 5 8 19 11 16 8 17 17 8 16 10 8 8 11 11 2 13 9 9 4 19 8 17 13 4 10 20 5
split_gain=11.5557 3.02686 2.78419 2.25537 1.54323 1.5243 1.8641 2.16243 1.7093 1.91041 1.21532 0.978425 1.72249 1.64405 1.89206 1.41938 1.40593 0.938874 0.795995 0.723991 0.688076 0.915677 0.635211 0.934195 1.23219 0.547505 0.514894 0.681786 0.469292 0.45132
threshold=0.56286410739646286 0.1288032454361055 0.57505070993914809 0.16407443063010999 0 -0.24999999999999994 27.500000000000004 0.29888286581140178 0.4150285082120671 0.33490766743255901 0.18691356651965157 28.500000000000004 -0.5 0.1813468332704895 0.095052845230286204 -0.24999999999999994 0.6830127018922193 0.10677083333333334 -0.22252093395631442 0.71298322392414315 0.47191830780452232 0.091145833333333343 1 0.12496481496433699 0.32204889385789626 1.0000000180025095e-35 0.096354166666666671 1.0000000180025095e-35 0.52260523305345885 0.19979716024340774
decision_type=2 2 2 2 1 2 2 2 2 2 2 2 2 2 2 2 2 2 2 2 2 2 1 2 2 2 2 2 2 2
left_child=1 26 3 -2 -5 8 -7 17 9 10 -6 22 15 14 -14 -13 19 -8 -11 28 -19 -22 23 24 -3 29 -1 -28 -15 -17
right_child=2 11 -4 4 5 6 7 -9 -10 18 -12 12 13 16 -16 25 -18 20 -20 -21 21 -23 -24 -25 -26 -27 27 -29 -30 -31
leaf_value=-0.0017641960250602416 0.00033201725724559358 0.00018265418144838131 0.0010619784776757415 -3.343007345823034e-05 0.00027851387657042262 -4.094187979820613e-05 -7.1035148731588379e-05 0.001021974132679491 0.00058586404376277993 0.00039238745100486503 0.0003615228317550029 -0.00063871523727776394 0.00032102328119938364 -0.00016365800041512094 -0.00045534534221512544 4.6099600733951589e-06 0.00032942496076668836 -5.0547071097474895e-05 -0.00014854810730882296 0.00028922372548402812 0.00023211097092311114 0.0015771184883577327 -0.00048251958559583505 -0.00023957827202658152 -0.00021900682212530048 0.00072073689261335989 -0.0016523606225216923 0.00072454548561044719 0.00012400088950044062 0.00074187593841348908
leaf_weight=2082 20 30 20 115 35 107 45 22 35 27 32 35 21 93 486 31 24 24 40 38 30 26 547 242 35 29 24 20 33 26
leaf_count=2082 20 30 20 115 35 107 45 22 35 27 32 35 21 93 486 31 24 24 40 38 30 26 547 242 35 29 24 20 33 26
internal_value=-0.00144993 -0.00205163 0.00250173 0.00210752 0.00173977 0.00254272 0.00113385 0.00332651 0.00481062 0.00326863 0.00685064 -0.00109581 -0.000352941 -0.000928057 -0.00181657 0.00295039 0.00146808 0.00179998 -0.000313429 0.000475606 0.00374995 0.00557133 -0.00180562 -0.000634068 0.00253842 0.0050232 -0.00280245 0.000409081 -0.000619043 0.00331573
internal_weight=4374 3796 578 558 538 423 254 147 169 134 67 1670 816 695 507 121 188 125 67 164 80 56 854 307 65 86 2126 44 126 57
internal_count=4374 3796 578 558 538 423 254 147 169 134 67 1670 816 695 507 121 188 125 67 164 80 56 854 307 65 86 2126 44 126 57
cat_boundaries=0 1 2
cat_threshold=192 522
is_linear=0
shrinkage=0.03


Tree=49
num_leaves=31
num_cat=2
split_feature=5 1 5 8 19 11 16 8 9 8 17 16 19 11 17 8 4 4 9 17 16 11 1 14 0 2 16 17 11 17
split_gain=11.1887 2.7785 2.19414 2.3424 1.5983 1.70105 2.01698 1.71158 1.38755 3.10276 2.66834 1.75704 1.04204 1.06732 2.88191 1.43525 1.33745 0.945422 0.773778 0.684691 0.756309 1.45879 0.729762 0.669305 0.782569 0.477044 0.458011 0.765231 1.42048 1.05252
threshold=0.26673427991886417 0.049479166666666671 0.57505070993914809 0.16407443063010999 0 -0.24999999999999994 27.500000000000004 0.29888286581140178 0.72611232676878201 0.29024861203486146 0.29881242682207537 10.500000000000002 1 0.6830127018922193 0.2666185416354882 0.27719287970000966 0.059895833333333336 0.091145833333333343 0.47191830780452232 0.3358437579780445 17.500000000000004 0.25000000000000017 0.096354166666666671 1.0000000180025095e-35 0.4465628893442356 0.070312500000000014 29.500000000000004 0.34018381414347726 -0.68301270189221952 0.29240798288626951
decision_type=2 2 2 2 1 2 2 2 2 2 2 2 1 2 2 2 2 2 2 2 2 2 2 2 2 2 2 2 2 2
left_child=1 25 3 -2 -5 8 -7 17 10 -10 -6 -12 13 15 -15 19 -16 -8 -19 20 -3 22 23 -22 -25 -1 -14 28 -28 -30
right_child=2 12 -4 4 5 6 7 -9 9 -11 11 -13 26 14 16 -17 -18 18 -20 -21 21 -23 -24 24 -26 -27 27 -29 29 -31
leaf_value=-0.0014841746843604086 0.00032205673952822466 -0.00040121507056449052 0.001030119123345469 -3.7437868068810655e-05 0.0003397995648679919 -5.1770178934378132e-05 -3.1868364378073776e-05 0.00091752192447624537 0.00070060134095652736 0.00022115980549660056 0.00026611569892897831 -9.8275216431117172e-05 -0.00052367214443574254 -0.00086543763895519934 0.00046765859498237427 0.00027683143236268499 0.00078329929479737 -3.2701108021118306e-05 0.0012935322298898927 -0.0006164427773929234 -0.00016459463000482408 0.00036982358635066689 0.00042670213902593968 -0.00065643528557299865 0.00030695740874040026 -0.00031342406542808062 -0.00040984466512689012 -0.00051416095989270064 0.00046358210618131155 0.00024452322867713595
leaf_weight=2161 20 120 20 124 33 121 74 28 20 24 41 67 393 48 33 21 32 21 39 117 123 26 23 23 23 224 139 118 21 97
leaf_count=2161 20 120 20 124 33 121 74 28 20 24 41 67 393 48 33 21 32 21 39 117 123 26 23 23 23 224 139 118 21 97
internal_value=-0.00147051 -0.00209407 0.00222151 0.00190196 0.00156081 0.00233472 0.000922258 0.00311109 0.0046216 0.00927252 0.00317019 0.00088888 -0.00101032 -4.50758e-05 0.0025752 -0.000668067 0.0066922 0.00170148 0.00449992 -0.00102198 -0.000337278 0.000715592 -0.0001875 -0.000869818 0.00221734 -0.00271069 -0.0017275 -0.000999998 -8.17125e-05 0.00233896
internal_weight=4374 3742 632 612 592 468 283 162 185 44 141 108 1357 589 113 476 65 134 60 455 338 218 192 169 46 2385 768 375 257 118
internal_count=4374 3742 632 612 592 468 283 162 185 44 141 108 1357 589 113 476 65 134 60 455 338 218 192 169 46 2385 768 375 257 118
cat_boundaries=0 1 2
cat_threshold=192 46
is_linear=0
shrinkage=0.03


Tree=50
num_leaves=31
num_cat=2
split_feature=0 6 9 19 9 9 6 6 19 9 6 16 9 9 0 10 7 16 7 2 2 0 0 3 7 7 6 9 18 10
split_gain=12.669 3.15042 2.93905 1.44855 2.27152 1.25251 1.8786 1.77893 1.21884 1.24334 0.936219 0.831402 3.0213 1.27347 1.16864 0.904698 1.47841 0.899893 0.838331 0.74117 1.07648 1.71228 0.72978 0.808226 0.720185 0.993196 0.580879 1.15542 0.499987 0.46138
threshold=0.55882118566514938 0.23917050691244243 0.97957695113056176 0 0.47191830780452232 0.80598103574033564 0.59032258064516141 0.64377880184331815 1 0.18745441283734501 0.307373271889401 17.500000000000004 0.30598103574033558 0.53610503282275734 0.41741515485649366 -0.6830127018922193 0.095129496739318989 9.5000000000000018 0.13674255023899876 0.11197916666666667 0.13281250000000003 0.61912653167645637 0.57943289321425384 0.10156250000000001 0.063784656901514372 0.056857665866402091 0.56267281105990796 0.66411378555798695 0.48382352941176471 -0.24999999999999994
decision_type=2 2 2 1 2 2 2 2 1 2 2 2 2 2 2 2 2 2 2 2 2 2 2 2 2 2 2 2 2 2
left_child=1 -1 3 4 28 6 26 -8 -3 -10 29 13 -13 -12 -14 -15 17 -17 24 -9 -21 -22 23 -5 25 -16 27 -6 -2 -11
right_child=2 8 -4 22 5 -7 7 19 9 10 11 12 14 15 18 16 -18 -19 -20 20 21 -23 -24 -25 -26 -27 -28 -29 -30 -31
leaf_value=-0.001727081300575697 -7.8896298517852281e-05 -0.00040294205650513135 0.00098267431720058221 6.7851493456908227e-05 0.00050729054936152348 0.00059399060667713461 0.00050197392930742026 0.00041592882526664623 -0.00093500587772669746 8.7988679388733122e-06 -0.0004805729880601687 0.00059299693888357444 0.00070004287440561151 -0.00098382540663378222 -8.095154243476993e-05 0.00062584022411404873 -7.9558115766614962e-05 0.00024656055916246118 0.0002673963202191879 -4.5985767353761243e-05 0.0003715171432436424 -2.5290374486407799e-05 -1.8934688740109421e-05 0.00040050032406602725 -4.4688193235485714e-05 0.00023854485189367015 -9.7044321458559303e-05 -0.00046959272611685399 5.2388473883442117e-05 -0.00050132930409583565
leaf_weight=2022 45 693 22 40 34 28 28 38 152 143 132 21 23 23 37 20 25 20 24 27 26 23 199 22 186 27 27 22 30 241
leaf_count=2022 45 693 22 40 34 28 28 38 152 143 132 21 23 23 37 20 25 20 24 27 26 23 199 22 186 27 27 22 30 241
internal_value=-0.00141136 -0.0020578 0.00259738 0.00219524 0.00347928 0.00494464 0.00419998 0.00629573 -0.00113243 -0.00048155 -7.15842e-05 0.000736057 0.00171698 -0.000681816 0.00093939 0.00211361 0.00392302 0.00749981 0.000394158 0.00463154 0.00292101 0.00557131 0.000431732 0.00329027 -0.00012 0.00262496 0.00061445 0.0023571 -0.000999987 -0.00120312
internal_weight=4400 3789 611 589 328 253 225 142 1767 1074 922 538 318 220 297 88 65 40 274 114 76 49 261 62 250 64 83 56 75 384
internal_count=4400 3789 611 589 328 253 225 142 1767 1074 922 538 318 220 297 88 65 40 274 114 76 49 261 62 250 64 83 56 75 384
cat_boundaries=0 1 2
cat_threshold=546 449
is_linear=0
shrinkage=0.03


Tree=51
num_leaves=31
num_cat=2
split_feature=5 20 9 19 9 19 20 9 17 8 7 7 3 7 1 11 7 16 9 8 8 13 18 12 7 9 7 1 5 13
split_gain=13.6348 3.66363 2.58868 1.83239 2.28826 1.35739 1.23246 1.18181 1.25037 1.91461 1.09823 2.07256 1.66519 1.28443 1.22904 0.797137 0.765892 0.682304 3.26147 1.21945 1.80329 1.41999 0.883219 0.670525 0.844962 1.37071 0.599308 0.57555 0.553413 0.54605
threshold=0.2991886409736309 0.43741959702800254 0.97957695113056176 0 0.47191830780452232 1 0.58164690265879859 0.18745441283734501 0.33490766743255901 0.10494867527518857 0.073925378384792365 0.10298321911602835 0.091145833333333343 0.085704493569116261 0.14322916666666669 0.6830127018922193 0.14842600721355023 17.500000000000004 0.30598103574033558 0.1813468332704895 0.19814297748565238 -0.22252093395631442 0.47500000000000003 1.0000000180025095e-35 0.066733341775971358 0.35922684172137131 0.077908510372592374 0.070312500000000014 0.23225152129817445 -0.22252093395631442
decision_type=2 2 2 1 2 1 2 2 2 2 2 2 2 2 2 2 2 2 2 2 2 2 2 2 2 2 2 2 2 2
left_child=1 -1 3 4 -2 -3 -5 -7 9 -9 -6 13 -13 -12 -15 -10 -14 23 -19 -20 21 -21 -22 24 25 -11 -24 -17 -26 -29
right_child=2 5 -4 6 10 7 -8 8 15 17 11 12 16 14 -16 27 -18 18 19 20 22 -23 26 -25 28 -27 -28 29 -30 -31
leaf_value=-0.0014005975751404615 -2.7863492654352786e-05 -0.0003455881784807049 0.00095319408768456543 0.00082012601091903392 1.2399118979957707e-06 -0.00092148731804295734 -1.3876739305365832e-05 0.00030999716521699959 -0.00028556604984826154 -0.00034668366784530529 8.1336055460697905e-05 0.00063427172326766901 -6.6304076434345622e-05 0.00030262869520873481 0.0005418180451797676 -0.00013804087521372829 0.00047287136065330196 0.00057351695168223848 -0.00010976319565347502 5.3502955942211793e-05 -0.00011439393122247439 0.0012468423086065611 0.00022169530953061541 -0.00034418975633181392 -0.00040278987505860969 0.00036959448638182576 0.00013585101927679136 -9.7078873724336839e-05 5.1680310943867801e-05 0.0011931619636812731
leaf_weight=2362 55 402 22 24 31 132 184 29 295 22 20 26 46 29 22 42 31 24 161 22 70 20 20 111 52 26 37 23 29 31
leaf_count=2362 55 402 22 24 31 132 184 29 295 22 20 26 46 29 22 42 31 24 161 22 70 20 20 111 52 26 37 23 29 31
internal_value=-0.00141136 -0.00200256 0.00330611 0.00283333 0.00444443 -0.000868217 0.000577978 -0.00032699 1.77507e-05 0.000852325 0.00607314 0.00699996 0.00428151 0.0109435 0.0134703 -0.00131202 0.00206491 0.000484847 0.00132203 0.000545452 0.00232543 0.0077141 0.000543302 -0.000749998 0.000720924 0.00387492 0.00331573 0.00106249 -0.00114813 0.00311105
internal_weight=4400 3910 490 468 260 1548 208 1146 1014 623 205 174 103 71 51 391 77 594 354 330 169 42 127 240 129 48 57 96 81 54
internal_count=4400 3910 490 468 260 1548 208 1146 1014 623 205 174 103 71 51 391 77 594 354 330 169 42 127 240 129 48 57 96 81 54
cat_boundaries=0 1 2
cat_threshold=546 385
is_linear=0
shrinkage=0.03


Tree=52
num_leaves=31
num_cat=1
split_feature=5 5 9 19 8 16 16 8 9 17 18 2 7 17 3 8 9 12 17 3 2 18 16 9 0 18 8 8 18 5
split_gain=11.7757 3.98793 2.74868 1.45149 1.41879 3.30269 1.82644 4.09919 1.31154 1.30818 1.21353 2.24552 1.33427 1.71312 1.13068 1.22588 0.821264 1.16478 0.805592 0.664485 0.647101 0.664636 1.07712 0.833432 0.775729 0.635215 0.602929 0.53893 0.536783 0.485508
threshold=0.2991886409736309 0.12677484787018259 0.97957695113056176 0 0.17890958504461263 16.500000000000004 27.500000000000004 0.38688432820736812 0.18745441283734501 0.32049069925083423 0.47500000000000003 0.091145833333333343 0.063698403100188067 0.30666575698619936 0.085937500000000014 0.25928284646248428 0.80598103574033564 -1.0000000180025095e-35 0.37915922049187312 0.13281250000000003 0.065104166666666671 0.45441176470588235 12.500000000000002 0.59992706053975209 0.46896267166687183 0.49852941176470594 0.15159549182641893 0.10192442018860086 0.46029411764705885 0.34381338742393514
decision_type=2 2 2 1 2 2 2 2 2 2 2 2 2 2 2 2 2 2 2 2 2 2 2 2 2 2 2 2 2 2
left_child=1 -1 4 -3 5 -2 19 14 -5 10 20 12 13 26 16 28 17 -8 -17 -6 -10 -22 -23 -24 -25 27 -12 -11 -16 -21
right_child=2 3 -4 8 6 -7 7 -9 9 25 11 -13 -14 -15 15 18 -18 -19 -20 29 21 22 23 24 -26 -27 -28 -29 -30 -31
leaf_value=-0.0016268245645542556 0.00032382271021191269 -0.00033525032071071286 0.00092459826505402831 -0.00091509407963911331 -3.7319403726288416e-05 4.4659625637391172e-05 0.00021946244511429584 0.0014748990861945205 -0.00026373825047251942 0.0001276895157113756 -6.7793340917100369e-05 0.00030903441030509168 -5.565160872413074e-05 0.00025341142952105207 6.1490961110058763e-05 0.00047556192883196804 0.00054629397510794523 -0.00012601889076788208 0.00030117495839964461 -1.9967307421522823e-05 -0.00022705133777374054 -0.0003558147177932706 0.00042004023934202406 -0.00043521114341539264 0.00012808930444089262 2.0897800618128275e-05 0.000187754325778787 -0.0002417235045723742 -9.0870189360847914e-05 0.00041566155210193134
leaf_weight=2116 30 450 22 173 121 44 29 20 65 27 43 33 156 20 22 20 20 23 34 23 120 40 35 22 33 114 33 430 62 20
leaf_count=2116 30 450 22 173 121 44 29 20 65 27 43 33 156 20 22 20 20 23 34 23 120 40 35 22 33 114 33 430 62 20
internal_value=-0.00138409 -0.0019335 0.00299999 -0.000892977 0.00251281 0.00632424 0.00179695 0.00352172 -0.000385525 -2.81817e-05 0.000949998 0.00236841 0.00140476 0.00418746 0.0022857 0.000695646 0.00533326 0.00334609 0.00422214 -0.000621948 -0.000333333 0.000359998 0.00184614 0.00366663 0.00136361 -0.00105604 0.00213155 -0.0015558 -0.00157141 0.00258133
internal_weight=4400 3910 490 1794 468 74 394 230 1344 1171 600 285 252 96 210 138 72 52 54 164 315 250 130 90 55 571 76 457 84 43
internal_count=4400 3910 490 1794 468 74 394 230 1344 1171 600 285 252 96 210 138 72 52 54 164 315 250 130 90 55 571 76 457 84 43
cat_boundaries=0 1
cat_threshold=385
is_linear=0
shrinkage=0.03


Tree=53
num_leaves=31
num_cat=2
split_feature=5 5 5 19 1 18 16 3 17 11 11 10 5 19 1 5 10 2 7 7 13 5 18 17 18 18 5 4 13 7
split_gain=10.9505 3.66885 2.6442 1.35163 0.987836 0.914819 1.42509 1.56585 0.886137 1.10922 1.09178 0.805786 0.720038 0.982986 1.49813 1.29709 0.733363 0.789882 0.968445 1.16439 0.982284 0.979525 0.656416 0.653875 1.04628 1.91604 1.13101 0.778692 0.778679 0.640328
threshold=0.2991886409736309 0.12677484787018259 0.57505070993914809 0 0.049479166666666671 0.51617647058823535 29.500000000000004 0.096354166666666671 0.32049069925083423 0.6830127018922193 0.93301270189221952 0.93301270189221952 0.39858012170385398 1 0.15364583333333334 0.3113590263691684 1.0000000180025095e-35 0.091145833333333343 0.073925378384792365 0.092848179558897223 -0.56174490092936669 0.36409736308316437 0.49852941176470594 0.28912432984426867 0.48676470588235299 0.47500000000000003 0.16734279918864101 0.10156250000000001 -0.56174490092936669 0.063178407437470135
decision_type=2 2 2 1 2 2 2 2 2 2 2 2 2 1 2 2 2 2 2 2 2 2 2 2 2 2 2 2 2 2
left_child=1 -1 5 -3 -5 12 -7 -8 10 -10 11 23 13 14 16 -15 -2 -18 -19 -20 -21 -22 -11 27 25 29 -27 -6 -29 -25
right_child=2 3 -4 4 8 6 7 -9 9 22 -12 -13 -14 15 -16 -17 17 18 19 20 21 -23 -24 24 -26 26 -28 28 -30 -31
leaf_value=-0.0015780198276176278 -7.7841824374763686e-05 -0.00032519281108939218 0.0009267115818149997 -0.00026546444428977433 -4.9379600638677273e-05 -2.4312188382433541e-05 0.00081069053669659849 0.00083269539564542999 -0.00021458134189873606 6.336282218789682e-05 -0.00076001136279143242 -0.00036918288778312031 -3.4675803594077934e-05 5.8173223279224679e-05 0.0005429975351874944 -2.7034076201619893e-05 -5.7525288451782814e-05 -1.5639419149004707e-05 0.00035407533240073354 -5.2222629543661046e-05 0.00057968517296288883 0.00022811533350631274 0.0011707564769628744 -0.00031413678108074562 1.5116380267060315e-05 0.00017448042470044224 0.00053056631154028088 -8.940019970811176e-05 0.0002686060992401794 0.0003616062001543357
leaf_weight=2116 28 450 20 410 108 23 20 23 356 78 67 53 55 21 37 112 30 26 25 21 28 21 27 26 63 25 22 27 45 37
leaf_count=2116 28 450 20 410 108 23 20 23 356 78 67 53 55 21 37 112 30 26 25 21 28 21 27 26 63 25 22 27 45 37
internal_value=-0.00141136 -0.00194118 0.00281632 -0.000943144 -0.000451994 0.0023617 0.00563628 0.00886026 8.3511e-05 -0.000852493 0.000995769 0.00158128 0.00182673 0.00232951 0.00350441 0.000146851 0.00253071 0.00335759 0.00443798 0.00584204 0.00385709 0.00618355 0.00185712 0.00209914 0.00341616 0.00518177 0.00976575 0.000833328 0.00324995 0.00176188
internal_weight=4400 3910 490 1794 1344 470 66 43 934 461 473 406 404 349 216 133 179 151 121 95 70 49 105 353 173 110 47 180 72 63
internal_count=4400 3910 490 1794 1344 470 66 43 934 461 473 406 404 349 216 133 179 151 121 95 70 49 105 353 173 110 47 180 72 63
cat_boundaries=0 1 2
cat_threshold=385 550
is_linear=0
shrinkage=0.03


Tree=54
num_leaves=31
num_cat=2
split_feature=1 9 6 9 12 8 2 8 10 19 8 19 3 9 9 4 3 3 6 8 8 11 6 6 11 7 7 8 8 8
split_gain=10.8633 3.66233 2.83202 1.77867 2.13317 2.80658 1.165 1.62461 1.26398 1.02366 1.86503 0.96904 0.927943 0.833517 0.638933 0.686104 0.816119 0.624942 0.620341 0.750147 0.54456 1.2884 0.7686 0.761803 0.496207 0.355136 0.836536 0.793585 0.942809 0.462384
threshold=0.091145833333333343 0.97957695113056176 0.23917050691244243 0.27425237053245816 1.0000000180025095e-35 0.41775497033152903 0.070312500000000014 0.19374835634870594 0.68301270189221941 0 0.095052845230286204 1 0.080729166666666671 0.80598103574033564 0.21188913202042306 0.065104166666666671 0.033854166666666671 0.080729166666666671 0.53041474654377896 0.29888286581140178 0.19218106975147189 -0.5 0.34147465437788027 0.55253456221198172 1.0000000180025095e-35 0.044612303615735018 0.068961761325797011 0.19218106975147189 0.12535289271839811 0.21743680224164993
decision_type=2 2 2 2 2 2 2 2 2 1 2 1 2 2 2 2 2 2 2 2 2 2 2 2 2 2 2 2 2 2
left_child=2 3 -1 -2 5 6 -5 12 17 10 -4 -6 -8 20 -12 -16 -17 -9 -11 -20 21 -13 -23 -24 -14 -18 27 28 -27 -28
right_child=1 -3 9 4 11 -7 7 8 -10 18 14 13 24 -15 15 16 25 -19 19 -21 -22 22 23 -25 -26 26 29 -29 -30 -31
leaf_value=-0.001572406614372149 -0.00032752897981527969 0.00087321130826576213 0.00033561307747819076 -4.7310673728343353e-07 -9.5894237224797898e-05 0.001327988851844275 0.00021432548876196611 0.00036081877005003833 -5.6774352422586328e-05 -0.00040796115882431479 -0.00050369614445183318 -3.6901559431642942e-05 0.00020377361924252827 0.00035440557140894373 -0.00019531969125632603 0.00051617620316776172 -0.0004387666339149598 0.00022594715602597198 -0.00010157809079073174 0.00041034907185431244 -1.4397942100387451e-05 -6.8009157624612885e-05 0.0015352476051671237 0.00016295690211876003 0.00023599216005990649 0.00038642328442692049 3.7727883853598783e-05 0.00021202333707411465 -0.00025364135695479659 -0.00073159357432961642
leaf_weight=2004 96 21 21 80 112 23 27 24 42 758 131 35 30 29 384 27 25 36 39 21 127 20 21 27 34 20 98 21 22 45
leaf_count=2004 96 21 21 80 112 23 27 24 42 758 131 35 30 29 384 27 25 36 39 21 127 20 21 27 34 20 98 21 22 45
internal_value=-0.00141818 0.00178316 -0.00211228 0.00144299 0.0019925 0.00389188 0.00304394 0.00430568 0.00170586 -0.00117618 -0.00038806 0.000477087 0.0072197 0.00146096 -0.0006326 -0.000242991 0.000953484 0.00449992 -0.00191304 0.000999983 0.000913039 0.00253396 0.0049411 0.00699985 0.00918736 0.000376621 0.000786403 0.00366661 0.00128568 -0.000482515
internal_weight=4400 784 3616 763 667 296 273 193 102 1612 794 371 91 259 773 642 258 60 818 60 230 103 68 48 64 231 206 63 42 143
internal_count=4400 784 3616 763 667 296 273 193 102 1612 794 371 91 259 773 642 258 60 818 60 230 103 68 48 64 231 206 63 42 143
cat_boundaries=0 1 2
cat_threshold=570 208
is_linear=0
shrinkage=0.03


Tree=55
num_leaves=31
num_cat=0
split_feature=6 16 10 9 18 17 10 20 18 3 5 11 17 6 1 11 11 9 9 1 16 16 1 16 11 17 12 5 20 1
split_gain=8.96595 3.75691 2.97809 2.70414 2.80814 2.41543 2.10981 1.6069 1.53325 1.13995 1.71666 1.97412 2.88075 1.09179 0.896629 1.10475 0.720094 0.715313 1.16611 0.650418 0.614859 0.874881 0.604142 0.558904 0.518055 0.826514 0.899619 0.503684 0.498594 0.470978
threshold=0.30552995391705079 29.500000000000004 -0.5 0.71298322392414315 0.5102941176470589 0.30469747255552726 -0.6830127018922193 0.56764902299890541 0.48382352941176471 0.11197916666666667 0.21399594320486817 0.25000000000000017 0.26861543698408658 0.4806451612903227 0.049479166666666671 0.25000000000000017 0.25000000000000017 0.4584245076586434 0.51531728665207888 0.096354166666666671 16.500000000000004 8.5000000000000018 0.10677083333333334 3.5000000000000004 0.6830127018922193 0.40471732902164365 1.0000000180025095e-35 0.20791075050709942 0.61912653167645637 0.096354166666666671
decision_type=2 2 2 2 2 2 2 2 2 2 2 2 2 2 2 2 2 2 2 2 2 2 2 2 2 2 2 2 2 2
left_child=14 7 6 5 13 9 -3 -2 -8 10 11 -4 -13 -5 -1 -16 20 -17 -19 27 21 23 -23 -9 -7 26 -26 -15 -21 -11
right_child=1 2 3 4 -6 24 8 16 -10 29 -12 12 -14 19 15 17 -18 18 -20 28 -22 22 -24 -25 25 -27 -28 -29 -30 -31
leaf_value=-0.0013471558953237011 -0.0003018484110181323 0.00016532917272792292 -9.4862553046321562e-05 0.00026827019582291456 0.00073894970577815567 -0.00010125133722685101 0.001072327127911293 0.0002919106185849112 0.0020736796269839397 -0.00050022533425178974 0.0003326547359019624 0.0010291488296367431 -0.00014422292483070925 8.5593140576383479e-05 -0.00065213659989437722 -0.00015311723773143816 -6.1253488176029878e-05 0.00059999248614991366 0.00039402075348539531 7.4429815419094038e-06 -8.4829845248152981e-06 0.00015171405418392981 0.00025802885368119701 -2.0146750765942456e-05 0.0002497887254868051 -0.00011924751741880941 -5.5206631516243941e-05 -0.00042973972700646414 0.0007001743828567318 4.5197921865847813e-05
leaf_weight=2128 678 39 64 23 25 234 27 24 25 34 25 21 21 20 379 147 77 21 64 24 66 22 30 37 28 49 21 34 28 21
leaf_count=2128 678 39 64 23 25 234 27 24 25 34 25 21 21 20 379 147 77 21 64 24 66 22 30 37 28 49 21 34 28 21
internal_value=-0.00147836 0.00023512 0.00179685 0.00110714 0.00459737 6.94972e-05 0.00689003 -0.00104068 0.0108459 0.00280644 0.00432821 0.00266035 0.0077141 0.00281393 -0.00253998 -0.001527 0.00098437 0.000103447 0.00229409 0.00152829 0.00202792 0.00337165 0.00623065 0.00093441 -0.00146385 0.000367342 0.00312238 -0.000777764 0.003923 -0.000818168
internal_weight=4436 1697 763 672 154 518 91 934 52 186 131 106 42 129 2739 611 256 232 85 106 179 113 52 61 332 98 49 54 52 55
internal_count=4436 1697 763 672 154 518 91 934 52 186 131 106 42 129 2739 611 256 232 85 106 179 113 52 61 332 98 49 54 52 55
is_linear=0
shrinkage=0.03


Tree=56
num_leaves=31
num_cat=1
split_feature=6 1 16 10 10 12 17 1 4 7 9 4 9 19 16 6 1 6 9 17 6 17 9 13 16 4 9 7 5 7
split_gain=8.82496 3.09631 1.8404 3.2411 1.98141 1.56022 1.28318 1.2779 1.18939 2.37141 1.18384 1.1454 1.0173 1.08958 1.36783 1.53569 0.984555 0.894569 0.872785 0.858463 0.841387 1.94867 0.839082 0.924603 0.645222 0.634893 0.550002 1.25353 0.449649 0.414408
threshold=0.30552995391705079 0.14322916666666669 29.500000000000004 -0.5 -0.6830127018922193 1.0000000180025095e-35 0.30469747255552726 0.085937500000000014 0.12239583333333334 0.1136185938746033 0.71298322392414315 0.059895833333333336 0.57330415754923425 0 16.500000000000004 0.61244239631336417 0.039062500000000007 0.4806451612903227 0.60649161196207169 0.28818823929878318 0.41336405529953929 0.25261679857033453 0.69146608315098479 1.0000000180025095e-35 29.500000000000004 0.091145833333333343 0.67177242888402644 0.077341895504554822 0.21805273833671404 0.13674255023899876
decision_type=2 2 2 2 2 2 2 2 2 2 2 2 2 1 2 2 2 2 2 2 2 2 2 2 2 2 2 2 2 2
left_child=16 2 12 4 -4 11 19 -6 18 -10 29 -3 -2 -14 15 22 -1 -12 -7 20 21 -5 23 25 -13 -15 -22 -28 -21 -8
right_child=1 5 3 6 7 8 10 -9 9 -11 17 24 13 14 -16 -17 -18 -19 -20 28 26 -23 -24 -25 -26 -27 27 -29 -30 -31
leaf_value=-0.0017569540074675784 -0.00033436099559595324 7.9762344351043363e-06 0.00016036929754608488 0.00099827436474763959 0.00098830107771437684 -0.00013493626045857411 -9.916093911871173e-05 0.0012459671412200076 0.00044250317498269751 -0.00024376142249945588 0.00020532962389942569 0.00018914503272539422 -0.00028380306134406411 -0.00033433974570710637 -0.00010297656174585992 0.0003825363479839438 -0.00041571270673526872 -1.2479450528970322e-05 0.0005433581663973426 0.00015513699517789487 -0.00013649489839938714 -2.2583109162464648e-05 -0.00033956326210782918 0.00042744076769165977 0.0011380098367712629 3.6260616124356173e-05 0.00017586643843048435 -0.00036596017049588886 0.00041578182302520218 3.4764913023017116e-05
leaf_weight=1788 488 23 39 21 23 52 235 20 24 22 23 26 112 36 72 34 951 33 41 21 71 40 31 39 38 20 30 26 20 37
leaf_count=1788 488 23 39 21 23 52 235 20 24 22 23 26 112 36 72 34 951 33 41 21 71 40 31 39 38 20 30 26 20 37
internal_value=-0.00146483 0.00023512 -0.000267166 0.00094366 0.00651211 0.00350441 0.000123877 0.0109532 0.00153236 0.00547814 -0.00107927 0.0066551 -0.00119711 5.23247e-05 0.00121487 0.00281248 -0.00251807 0.0028928 -0.000419351 0.00184715 0.000989356 0.00388518 0.0012857 0.00268418 0.00871861 0.000214281 -0.000401572 0.0018214 0.00578035 -0.00189705
internal_weight=4436 1697 1471 639 82 226 557 43 139 46 328 87 832 344 232 160 2739 56 93 229 188 61 126 95 64 56 127 56 41 272
internal_count=4436 1697 1471 639 82 226 557 43 139 46 328 87 832 344 232 160 2739 56 93 229 188 61 126 95 64 56 127 56 41 272
cat_boundaries=0 1
cat_threshold=385
is_linear=0
shrinkage=0.03


Tree=57
num_leaves=31
num_cat=1
split_feature=0 1 9 7 4 19 8 4 3 11 8 3 9 11 11 6 8 9 8 17 17 9 9 7 18 7 0 9 17 3
split_gain=7.85424 2.93015 1.17046 1.38554 2.75904 1.13453 1.07542 1.08569 0.931143 0.842817 1.76042 0.83531 0.666651 0.644925 0.631992 0.631676 1.43044 0.612827 0.916037 0.622847 0.522628 0.541658 0.676847 0.609594 1.25638 1.29573 0.498148 0.412525 0.411529 0.699703
threshold=0.44566508779923081 0.14322916666666669 0.94493070751276453 0.10298321911602835 0.13281250000000003 0 0.10133922723468335 0.10156250000000001 0.054687500000000007 0.6830127018922193 0.18916446128283268 0.14843750000000003 0.72611232676878201 0.93301270189221952 0.6830127018922193 0.21214614878209354 0.088889909737814618 0.53610503282275734 0.13241653228399899 0.34515477772984848 0.16173091651774321 0.24507658643326041 0.57330415754923425 0.092848179558897223 0.48676470588235299 0.071812787235275108 0.57496635349083125 0.26659372720641877 0.32010041698578856 0.054687500000000007
decision_type=2 2 2 2 2 1 2 2 2 2 2 2 2 2 2 2 2 2 2 2 2 2 2 2 2 2 2 2 2 2
left_child=15 5 3 4 -3 26 -7 9 -5 11 17 28 -10 14 20 -1 -17 18 19 -11 -9 -22 -23 24 25 -24 27 -2 29 -8
right_child=1 2 -4 8 -6 6 7 13 12 10 -12 -13 -14 -15 -16 16 -18 -19 -20 -21 21 22 23 -25 -26 -27 -28 -29 -30 -31
leaf_value=-0.0021891107437643363 5.0706625563172842e-05 7.4911514776863987e-05 0.00079070615653609958 0.00046262139964816799 0.00037132781263195702 0.00031947984417487595 0.00011407916310830665 0.00027408718259695953 -5.8051313733244262e-05 0.00041602503983056814 -7.6827051667348583e-05 5.8412731857682132e-05 0.00042404364116907387 -0.00081353270315482912 0.00047936295965135865 0.00047942896078092737 -0.00049516408315432173 0.0013108973135803328 -8.2719276177559871e-05 4.3233811995288632e-05 0.00022242922978320284 -5.7291872054955677e-05 1.4963657301511128e-05 -1.5004844334317299e-05 -4.6602186942002289e-05 0.00035748793942965606 1.1167855132675868e-05 -0.00038264625765737059 -0.00018829363767535747 -0.00011890643895551563
leaf_weight=1662 28 40 21 27 22 22 73 20 88 23 137 40 33 28 26 20 788 29 42 20 21 75 23 76 26 29 67 357 373 200
leaf_count=1662 28 40 21 27 22 22 73 20 88 23 137 40 33 28 26 20 788 29 42 20 21 75 23 76 26 29 67 357 373 200
internal_value=-0.00148512 -7.0194e-05 0.00310388 0.00242856 0.00619345 -0.000492796 -3.01631e-05 -0.000145124 0.000851345 -0.000662753 0.000824697 -0.001207 -0.000272726 0.00135185 0.00176351 -0.00261134 -0.00192327 0.00357892 0.00229409 0.00537197 0.00133333 0.000959995 0.000537115 0.00167531 0.00353842 0.00623065 -0.00176623 -0.00222077 -0.00146749 -0.000582416
internal_weight=4436 1966 231 210 62 1735 1283 1261 148 937 251 686 121 324 296 2470 808 114 85 43 270 250 229 154 78 52 452 385 646 273
internal_count=4436 1966 231 210 62 1735 1283 1261 148 937 251 686 121 324 296 2470 808 114 85 43 270 250 229 154 78 52 452 385 646 273
cat_boundaries=0 1
cat_threshold=385
is_linear=0
shrinkage=0.03


Tree=58
num_leaves=31
num_cat=0
split_feature=6 16 8 9 9 18 0 8 10 5 8 11 9 0 9 8 7 18 18 7 7 8 0 0 0 7 9 5 2 18
split_gain=7.69235 3.15818 3.5061 2.68371 1.82979 1.61269 1.6069 1.3351 1.67113 1.28095 1.13841 1.13851 1.06704 0.953612 1.64152 0.836848 1.07321 0.70702 1.38793 0.774419 0.68823 1.11049 1.58251 1.56527 0.678409 0.899953 0.649972 0.840382 2.04837 0.549058
threshold=0.30552995391705079 29.500000000000004 0.35159761643159942 0.30415754923413574 0.72611232676878201 0.44558823529411767 0.56764902299890541 0.17403941676705595 1.0000000180025095e-35 0.1288032454361055 0.089560300767560053 1.0000000180025095e-35 0.89824945295404834 0.45545294682155407 0.5977388767323123 0.17890958504461263 0.096392604787514213 0.46323529411764708 0.45441176470588235 0.10220618182554275 0.057339111088546425 0.10757186459095865 0.47407937031367969 0.44566508779923081 0.61912653167645637 0.083692218058272358 0.6433260393873087 0.34381338742393514 0.080729166666666671 0.436764705882353
decision_type=2 2 2 2 2 2 2 2 2 2 2 2 2 2 2 2 2 2 2 2 2 2 2 2 2 2 2 2 2 2
left_child=9 6 3 -3 7 -6 -2 -5 -9 -1 -11 -12 -7 14 -10 16 -8 18 19 -15 21 -13 23 -23 25 -14 -19 28 -28 -17
right_child=1 2 -4 4 5 12 15 8 13 10 11 20 24 17 -16 29 -18 26 -20 -21 -22 22 -24 -25 -26 -27 27 -29 -30 -31
leaf_value=-0.0014390592947722599 -0.00027513718061236399 0.00053629369643324015 0.0010431297448981101 -0.00018172773198994692 -0.00029527312566776019 0.00063819950712048731 0.00020142861716314646 0.0023147745141444717 0.00068845058709644325 0.00024107124325695108 -0.00061242110989339791 -0.00061778979250527537 9.981868430103287e-05 -0.00018556786058593412 -0.00020217635685813208 9.3834092808323685e-05 -2.3560717684619949e-05 -3.0267486293231883e-05 0.00021983562700094881 2.50232105987118e-05 -0.00027083280893943669 -0.00024232600139896545 -8.6681765761946941e-05 0.0005049924573355619 0.0008650195566287512 -0.00036463208138053858 -2.9948908834330017e-05 -0.00011647788143647768 0.0003074112446751315 -2.0245234902914537e-05
leaf_weight=2067 678 30 22 202 22 28 34 26 22 21 357 33 20 33 25 25 25 158 23 26 178 20 30 33 25 20 33 26 22 172
leaf_count=2067 678 30 22 202 22 28 34 26 22 21 357 33 20 33 25 25 25 158 23 26 178 20 30 33 25 20 33 26 22 172
internal_value=-0.00145807 0.00012905 0.00156094 0.00121052 0.000839661 0.00430431 -0.00104068 0.00017114 0.00118781 -0.0024414 -0.00130357 -0.00152534 0.00603219 0.000668476 0.00465947 0.00098437 0.00411857 8.41112e-05 0.00248777 5.08459e-05 -0.000142857 0.00165516 0.00350598 0.00662252 0.00392302 0.00149996 -0.000740583 0.00144443 0.00354539 4.56843e-05
internal_weight=4436 1697 763 741 711 115 934 596 394 2739 672 651 93 368 47 256 59 321 82 59 294 116 83 53 65 40 239 81 55 197
internal_count=4436 1697 763 741 711 115 934 596 394 2739 672 651 93 368 47 256 59 321 82 59 294 116 83 53 65 40 239 81 55 197
is_linear=0
shrinkage=0.03


Tree=59
num_leaves=31
num_cat=1
split_feature=6 16 8 0 11 16 8 0 8 16 4 11 8 8 7 7 7 12 0 1 19 17 17 11 16 0 8 6 17 0
split_gain=7.55426 2.58161 3.70887 1.90904 1.51018 1.15395 1.78076 1.07133 1.07348 1.14994 0.868272 1.21247 0.811321 1.8332 1.14696 1.13606 0.528903 0.913497 0.592603 0.498099 0.725195 0.850297 0.647865 0.493984 0.570627 0.491659 0.487775 1.54252 0.491462 0.577752
threshold=0.3728110599078342 27.500000000000004 0.36060968689366818 0.39309753285064181 0.6830127018922193 29.500000000000004 0.10707025556729419 0.55882118566514938 0.17890958504461263 16.500000000000004 0.10677083333333334 0.6830127018922193 0.26495406874879129 0.28376229104135253 0.089808076667447473 0.11596544270602603 0.064214130984395643 -1.0000000180025095e-35 0.48335966612514275 0.075520833333333343 0 0.34409837460641657 0.38275891413496732 -0.24999999999999994 5.5000000000000009 0.46376833820953017 0.088889909737814618 0.23597761685319293 0.32049069925083423 0.46700898086239068
decision_type=2 2 2 2 2 2 2 2 2 2 2 2 2 2 2 2 2 2 2 2 1 2 2 2 2 2 2 2 2 2
left_child=3 7 10 -1 26 -6 -7 -2 9 -9 19 12 14 -14 -12 -16 25 -18 -19 -3 21 -21 -23 24 -10 -8 27 -5 29 -28
right_child=1 2 -4 4 5 6 16 8 23 -11 11 -13 13 -15 15 -17 17 18 -20 20 -22 22 -24 -25 -26 -27 28 -29 -30 -31
leaf_value=-0.0020736917231719172 -0.00024513548861575057 -8.3420124245565412e-05 0.00086924702910208453 -0.00089725456707697489 -0.00022455297396319155 0.00075107144570269206 0.00033649286612986973 0.00021894614189477078 0.00031360033752295732 -3.9541852358095569e-05 -7.9651101950455348e-05 0.00050338828476699656 0.00069226692924561717 0.00020227590660364499 0.0002310454620068175 -1.081100691933962e-05 -0.00012198380529370103 3.0797476069849974e-05 0.001090418081115757 0.00027993086260810421 -1.9937086235613383e-05 -0.00024390735973750324 0.00044682062671535058 -3.4007548378170552e-05 -2.0900166842021369e-05 -0.00045695719700609153 -0.00034681452021354507 0.00029837155778722263 -0.00063709810769285106 9.5319158459935982e-05
leaf_weight=1729 368 91 29 34 120 20 38 37 25 26 53 21 22 32 35 41 25 24 23 32 126 21 53 142 36 41 463 20 586 123
leaf_count=1729 368 91 29 34 120 20 38 37 25 26 53 21 22 32 35 41 25 24 23 32 126 21 53 142 36 41 463 20 586 123
internal_value=-0.00146483 0.000579831 0.00207194 -0.00221442 -0.00143771 0.000505152 0.00208771 -0.000728706 0.000721801 0.00414279 0.00149715 0.0030294 0.00224589 0.00533323 0.00095348 0.00331575 0.000973503 0.00283329 0.00529776 0.000529409 0.00126724 0.00294825 0.00145944 -0.000339901 0.001918 -0.000721511 -0.00189886 0.000888872 -0.0020273 -0.00141297
internal_weight=4436 1190 556 3246 1517 291 171 634 266 63 527 204 183 54 129 76 151 72 47 323 232 106 74 203 61 79 1226 54 1172 586
internal_count=4436 1190 556 3246 1517 291 171 634 266 63 527 204 183 54 129 76 151 72 47 323 232 106 74 203 61 79 1226 54 1172 586
cat_boundaries=0 1
cat_threshold=588
is_linear=0
shrinkage=0.03


Tree=60
num_leaves=31
num_cat=1
split_feature=5 5 5 9 19 1 7 4 2 2 5 3 6 6 5 16 10 5 0 9 9 9 0 6 7 10 12 13 7 16
split_gain=7.89681 2.30504 2.28785 1.56769 1.19494 1.32569 0.828412 0.699968 0.69815 0.881377 0.94118 0.96553 1.08786 1.55538 0.775547 0.606419 2.40606 2.45324 0.893049 0.530112 0.494547 0.984747 0.922788 1.03427 1.16985 1.18246 1.07398 0.734343 0.925543 0.692922
threshold=0.22008113590263692 0.54462474645030434 0.12457741717376607 0.60649161196207169 0 0.085937500000000014 0.098703409235773101 0.12760416666666669 0.15364583333333334 0.070312500000000014 0.37626774847870187 0.091145833333333343 0.66635944700460847 0.61244239631336417 0.27890466531440167 25.500000000000004 1.0000000180025095e-35 0.32150101419878302 0.59294530418543168 0.57330415754923425 0.21188913202042306 0.5977388767323123 0.47474271117275768 0.23244875258223427 0.065904323980221752 -0.5 1.0000000180025095e-35 -0.56174490092936669 0.051797676022028317 29.500000000000004
decision_type=2 2 2 2 1 2 2 2 2 2 2 2 2 2 2 2 2 2 2 2 2 2 2 2 2 2 2 2 2 2
left_child=2 3 -1 15 8 -6 -7 -8 9 -5 11 14 13 -13 -11 18 17 -17 -2 -20 -4 22 23 -22 25 26 -25 -27 -29 -26
right_child=1 -3 20 4 5 6 7 -9 -10 10 -12 12 -14 -15 -16 16 -18 -19 19 -21 21 -23 -24 24 29 27 -28 28 -30 -31
leaf_value=-0.0014039754629986596 -0.00017024441082170533 0.0015857095196217356 -0.00069909596337631367 -8.0917544748874412e-05 -0.00049975899349655347 0.00066898618126912189 0.00050063889313881331 -9.1494199489906838e-06 -0.0001128436569829085 0.0002933666936977655 -8.9506810748499525e-05 1.5588234335451397e-05 -6.0943722050426942e-06 0.0002793493496026124 -5.6107721700442385e-05 0.0019875661878576496 -1.7774577424687207e-05 -8.3570954033121046e-05 -1.9402367823277331e-05 0.00024267150033091374 -0.00047153611331622044 -0.00033594791301490583 -0.00018518277071228413 0.00028330460899387975 -0.00036500344621483914 -0.00032635396502413746 3.7286829266358681e-05 -8.5065605346363794e-06 0.000248499182734366 0.00039452141226025664
leaf_weight=2066 188 22 202 31 27 36 36 20 34 23 24 42 22 21 37 33 206 21 43 39 73 636 263 21 51 30 20 37 36 64
leaf_count=2066 188 22 202 31 27 36 36 20 34 23 24 42 22 21 37 33 206 21 43 39 73 636 263 21 51 30 20 37 36 64
internal_value=-0.00145368 0.0010442 -0.00209974 0.000805208 0.0023541 0.00467438 0.00678253 0.00449992 0.000934422 0.00164999 0.00250294 0.00341377 0.00547052 0.00747607 0.000499991 -0.000226415 0.000807688 0.00644432 -0.00122222 0.00139023 -0.00117865 -0.000952884 -7.56308e-05 0.0009759 0.00186486 0.00366664 0.00797541 0.00195144 0.00357529 -0.000391302
internal_weight=4404 905 3499 883 353 119 92 56 234 200 169 145 85 63 60 530 260 54 270 82 1433 1231 595 332 259 144 41 103 73 115
internal_count=4404 905 3499 883 353 119 92 56 234 200 169 145 85 63 60 530 260 54 270 82 1433 1231 595 332 259 144 41 103 73 115
cat_boundaries=0 1
cat_threshold=202
is_linear=0
shrinkage=0.03


Tree=61
num_leaves=31
num_cat=1
split_feature=0 5 0 8 8 4 16 4 17 19 17 6 13 18 6 8 10 11 8 8 6 17 2 6 5 12 2 8 11 17
split_gain=7.15264 2.8842 1.69988 1.46424 1.04714 0.888467 1.39141 0.797879 0.791898 0.745197 1.06004 0.698945 0.589207 0.990002 0.546581 0.973076 0.546668 1.17521 0.526107 0.679778 0.804107 0.521807 0.595137 0.505762 0.684707 0.679512 0.666294 0.479932 0.467156 0.45385
threshold=0.43741959702800254 0.54462474645030434 0.55485698752022106 0.16278022763403752 0.095476969969421524 0.16406250000000003 29.500000000000004 0.065104166666666671 0.39588120159986395 0 0.24891498595864187 0.32488479262672815 0.81174490092936691 0.4485294117647059 0.20519397970534159 0.0917847730396293 0.25000000000000011 0.25000000000000017 0.21743680224164993 0.18579397213266124 0.48525345622119825 0.27985797898996784 0.19010416666666669 0.69078341013824895 0.28296146044624754 0.6078576107927941 0.12239583333333334 0.20477481889322038 -0.5 0.29201770062122379
decision_type=2 2 2 2 2 2 2 2 2 1 2 2 2 2 2 2 2 2 2 2 2 2 2 2 2 2 2 2 2 2
left_child=14 2 4 -4 -2 12 -7 8 -6 10 -9 -12 21 -14 -1 -16 -17 -18 19 28 -21 -5 23 24 25 -23 -25 -15 -11 -19
right_child=1 -3 3 5 7 6 -8 9 -10 18 11 -13 13 27 15 16 17 29 -20 20 -22 22 -24 26 -26 -27 -28 -29 -30 -31
leaf_value=-0.00215706176881173 0.00026983921121242647 0.0015381382340330823 0.00031519623365844449 -3.3571488082927848e-05 -0.00030392135532450167 -3.0479552795206715e-05 0.00043789596666446982 0.00011590226002775869 0.0005730868680594313 -0.00041715587360647416 8.685525430273693e-05 -6.1712053218537441e-05 -0.00017254639908872746 0.00016277162901232763 0.00013713046446956988 -0.00062320788121105115 -0.00052278426235906057 0.0011246861647713816 -0.00035753361960704177 0.00017220277351534679 -0.0001721245286392631 -6.735516446752742e-06 0.00012908469765258768 0.00032873757751461995 -2.0985050770319016e-05 0.0016434317402261316 -1.0672938912350165e-05 0.00041975729507662892 -2.2774024117239353e-06 -0.00044841767250703303
leaf_weight=1595 32 22 20 64 775 25 27 35 21 66 39 45 34 30 27 441 198 43 114 34 37 37 22 21 284 21 23 20 207 45
leaf_count=1595 32 22 20 64 775 25 27 35 21 66 39 45 34 30 27 441 198 43 114 34 37 37 22 21 284 21 23 20 207 45
internal_value=-0.00146049 -0.000167884 -0.000284801 0.00101274 -0.000864769 0.000749998 0.00449991 -0.000989803 -0.00160553 -0.000140382 0.00188371 0.000214282 0.000399279 0.00271425 -0.00259132 -0.00192573 -0.00213342 -0.00111188 -0.000692307 -0.000122093 0.00249292 -1.27126e-05 0.000382351 0.000108807 -0.000280702 0.00268961 0.00313629 0.00539989 -0.000802196 0.00177271
internal_weight=4404 2055 2033 628 1405 608 52 1373 796 577 119 84 556 84 2349 754 727 286 458 344 71 472 408 386 342 58 44 50 273 88
internal_count=4404 2055 2033 628 1405 608 52 1373 796 577 119 84 556 84 2349 754 727 286 458 344 71 472 408 386 342 58 44 50 273 88
cat_boundaries=0 1
cat_threshold=36
is_linear=0
shrinkage=0.03


Tree=62
num_leaves=31
num_cat=0
split_feature=20 6 5 9 18 11 16 10 20 17 7 6 3 6 12 17 18 16 12 7 3 5 7 6 5 20 11 9 4 9
split_gain=6.83317 2.27712 2.57394 1.46592 1.61886 1.13151 1.98181 2.99743 1.60165 1.12156 1.00172 1.09834 1.25649 0.886819 0.847049 0.758159 1.09391 0.730772 0.683643 0.687683 0.723199 0.624893 0.573872 0.570228 0.55782 0.518353 0.481926 2.44875 0.453134 0.440853
threshold=0.43741959702800254 0.53502304147465451 0.52839756592292109 0.5970094821298324 0.5102941176470589 0.6830127018922193 29.500000000000004 0.25000000000000011 0.45871292428797134 0.40894391966641147 0.095129496739318989 0.64377880184331815 0.10677083333333334 0.69262672811059922 -1.0000000180025095e-35 0.29376877908917742 0.46323529411764708 23.500000000000004 -0.60785761079279388 0.070577206193085482 0.080729166666666671 0.39046653144016236 0.11227999405523552 0.20519397970534159 0.34381338742393514 0.45029684738397663 0.25000000000000017 0.51677607585703877 0.096354166666666671 0.49781181619256026
decision_type=2 2 2 2 2 2 2 2 2 2 2 2 2 2 2 2 2 2 2 2 2 2 2 2 2 2 2 2 2 2
left_child=23 5 3 15 10 9 -7 14 -9 18 11 12 -5 -13 -8 -3 17 -17 19 25 -21 -6 24 -1 -18 -2 -25 29 -10 -28
right_child=1 2 -4 4 21 6 7 8 28 -11 -12 13 -14 -15 -16 16 22 -19 -20 20 -22 -23 -24 26 -26 -27 27 -29 -30 -31
leaf_value=-0.0020923499157473775 0.00017643029397935214 -5.0050125813216856e-05 0.0016133624928000643 0.00020968052094928174 0.0006160096033892569 -0.00014217665951173783 0.00029562850222007757 0.00023985032093425709 -9.6096651695237769e-05 0.00034980885635129018 -2.8082908867202747e-05 -2.7873523794101797e-05 0.00017589411298778512 0.00026732931334428809 0.0015204904418528219 4.192972271472123e-05 -3.3878520104124187e-05 0.00075205912428802976 -0.00025011134487470211 -0.00046310393649654538 0.00013052699757860019 0.00027479321510114979 -6.940148071652199e-05 -0.00054291246598530795 0.00015895823650696045 3.6149071780677724e-05 -0.00058014380304863256 0.0016198838350884874 2.9904198197393116e-05 1.8700403233167025e-05
leaf_weight=1595 26 144 20 22 20 164 30 23 110 21 111 33 21 25 37 22 31 23 771 144 24 20 48 465 22 123 212 29 20 48
leaf_count=1595 26 144 20 22 20 164 30 23 110 21 111 33 21 25 37 22 31 23 771 144 24 20 48 465 22 123 212 29 20 48
internal_value=-0.00146049 -0.000197081 0.0014306 0.00104059 0.00271427 -0.000809779 0.000593748 0.00245453 0.000137253 -0.00129576 0.0016698 0.00383164 0.00746494 0.00113791 0.00774615 -0.000413792 0.00110958 0.00499989 -0.00142831 -0.00025552 -0.00157142 0.00824979 -0.000623757 -0.00256577 0.00152827 0.00122818 -0.00188594 -0.000923873 -0.00115384 -0.00184615
internal_weight=4404 2055 562 542 252 1493 384 220 153 1109 212 101 43 58 67 290 146 45 1088 317 168 40 101 2349 53 149 754 289 130 260
internal_count=4404 2055 562 542 252 1493 384 220 153 1109 212 101 43 58 67 290 146 45 1088 317 168 40 101 2349 53 149 754 289 130 260
is_linear=0
shrinkage=0.03


Tree=63
num_leaves=31
num_cat=0
split_feature=0 9 7 1 6 9 12 11 16 10 0 8 8 8 7 9 5 8 6 16 0 11 16 7 8 8 17 3 8 18
split_gain=7.01334 2.41589 1.94924 1.48755 0.955046 1.86497 1.06829 1.03976 1.19658 3.21242 1.61844 0.952242 1.76567 0.860625 0.834063 1.0899 1.15689 1.92695 0.795927 0.857048 0.585617 0.666518 1.30783 0.875846 0.917217 0.560836 0.642269 1.00775 0.550068 0.53866
threshold=0.43741959702800254 0.94493070751276453 0.38780974986680611 0.10156250000000001 0.53963133640553018 0.52552881108679805 1.0000000180025095e-35 -0.5 29.500000000000004 0.25000000000000011 0.44836881218107716 0.12558172954289096 0.15723101739870424 0.26495406874879129 0.03795342813778662 0.5948212983223925 0.19979716024340774 0.19218106975147189 0.59032258064516141 13.500000000000002 0.39691598310638843 0.25000000000000017 17.500000000000004 0.065317751259371823 0.09742181278566435 0.19218106975147189 0.28163560548038474 0.049479166666666671 0.10133922723468335 0.48676470588235299
decision_type=2 2 2 2 2 2 2 2 2 2 2 2 2 2 2 2 2 2 2 2 2 2 2 2 2 2 2 2 2 2
left_child=20 2 4 -3 7 -6 18 25 14 11 -11 -10 -13 -8 -9 -16 -17 -18 19 -7 -1 -22 -23 24 -24 28 -27 -28 -2 -20
right_child=1 3 -4 -5 5 6 13 8 9 10 -12 12 -14 -15 15 16 17 -19 29 -21 21 22 23 -25 -26 26 27 -29 -30 -31
leaf_value=-0.0017906255396249304 0.00020276405450618442 -5.6871407859555623e-05 0.0015649616180160616 0.00065858268755912661 -3.4867235088738071e-05 6.1853099564676117e-05 -2.6383633312306661e-05 3.720724066154138e-05 0.0010969917059777058 0.00036144820416001886 -8.194288363808513e-05 0.00025069995144503919 0.0013175917944080282 0.00025783894616659584 -0.00028123298148634377 -0.00039533537779491522 0.0010139103747729245 -4.3811572314202395e-05 0.00011387906258902279 0.00048251641548804788 -0.00045811924899105488 -0.00048741399588734152 0.00015609028155412591 0.00081554858969339885 -0.00052657964831831288 -0.00056416794889727583 -0.00011216580063736981 0.00025003528271843808 -0.00047198070101232273 0.00019315625687469384
leaf_weight=1795 24 24 20 28 145 21 113 31 20 24 245 37 27 53 437 96 24 34 108 21 352 113 20 23 46 36 22 37 379 49
leaf_count=1795 24 24 20 28 145 21 113 31 20 24 245 37 27 53 437 96 24 34 108 21 352 113 20 23 46 36 22 37 379 49
internal_value=-0.00143324 -0.000153285 -0.000319022 0.00623065 -0.000413011 0.00070588 0.00184931 -0.000800408 -0.00023077 0.0011643 -0.000434943 0.00628564 0.00449993 7.2288e-05 -0.00102251 -0.00127411 0.000896097 0.00424131 0.00333164 0.00699983 -0.002553 -0.00170036 -0.000326732 0.00239323 0.000636353 -0.00191566 0.000157892 0.00208471 -0.00240446 0.0023503
internal_weight=4404 2055 2003 52 1983 510 365 1473 975 353 269 84 64 166 622 591 154 58 199 42 2349 554 202 89 66 498 95 59 403 157
internal_count=4404 2055 2003 52 1983 510 365 1473 975 353 269 84 64 166 622 591 154 58 199 42 2349 554 202 89 66 498 95 59 403 157
is_linear=0
shrinkage=0.03


Tree=64
num_leaves=31
num_cat=0
split_feature=20 1 5 4 9 7 10 9 7 2 8 7 20 11 16 7 8 11 9 10 16 8 16 7 14 9 2 2 9 8
split_gain=6.3473 2.78093 1.64612 0.895496 1.18954 1.19891 1.02836 0.882838 1.3097 0.859035 0.836919 0.989265 0.585617 0.666518 1.30783 0.875846 0.917217 0.532735 0.743467 0.890211 3.97427 1.5748 1.06308 1.01152 0.573332 0.960471 0.663713 0.526926 0.511212 0.579147
threshold=0.43741959702800254 0.15364583333333334 0.52839756592292109 0.10677083333333334 0.80598103574033564 0.097920479806488284 -0.5 0.57622173595915405 0.10298321911602835 0.10677083333333334 0.09742181278566435 0.043362410548815823 0.39691598310638843 0.25000000000000017 17.500000000000004 0.065317751259371823 0.09742181278566435 -0.5 0.24215900802334064 -0.24999999999999994 29.500000000000004 0.15463481449481423 2.5000000000000004 0.053262949793462168 1.0000000180025095e-35 0.51531728665207888 0.070312500000000014 0.044270833333333336 0.59992706053975209 0.19814297748565238
decision_type=2 2 2 2 2 2 2 2 2 2 2 2 2 2 2 2 2 2 2 2 2 2 2 2 2 2 2 2 2 2
left_child=12 3 7 10 6 -6 -5 -3 -9 -10 11 -2 -1 -14 -15 16 -16 -12 -19 20 23 -22 -21 -20 -24 -26 27 -27 -8 -30
right_child=1 2 -4 4 5 -7 28 8 9 -11 17 -13 13 14 15 -17 -18 18 19 22 21 -23 24 -25 25 26 -28 -29 29 -31
leaf_value=-0.0017369067734361822 -7.5751949760899091e-05 -6.4986925299233018e-05 0.0014831392898510226 0.00017193978688706565 0.00046404991932095385 -3.3772601756718491e-05 -2.083645777940694e-05 0.00025625882529835969 0.00024760901132923825 -2.615114373243157e-05 -0.00021740221862126758 0.00029749588430753833 -0.00044437567152132401 -0.00047279157601072059 0.00015140757310750259 0.0007910821320025979 -0.00051078225886876344 -0.00037207434055156797 3.6823788743225351e-05 0.00053470589327200347 0.0010808390705139925 0.0011626029921581692 -0.00011190241421747465 -0.00036421884889379285 -0.00015038929215249554 5.0450486767433178e-05 0.00010454490423948545 -8.1189235916221994e-05 0.0001305330511423005 -7.3311184148346965e-05
leaf_weight=1795 21 47 21 45 23 20 195 26 21 53 464 23 352 113 20 23 46 188 32 26 36 20 389 114 54 28 42 48 66 53
leaf_count=1795 21 47 21 45 23 20 195 26 21 53 464 23 352 113 20 23 46 188 32 26 36 20 389 114 54 28 42 48 66 53
internal_value=-0.00148774 -0.000270074 0.00342855 -0.000599364 0.000656714 0.00537197 9.1921e-05 0.00230611 0.00389996 0.00186484 -0.000939394 0.00313629 -0.002553 -0.00170036 -0.000326732 0.00239323 0.000636353 -0.00106384 -0.000666326 -0.000262358 0.00145544 0.00824985 -0.000853492 -0.00115068 -0.00112834 0.000313951 0.00183049 0.000157892 -0.000515923 0.0010336
internal_weight=4404 2055 168 1887 402 43 359 147 100 74 1485 44 2349 554 202 89 66 1441 977 789 202 56 587 146 561 172 118 76 314 119
internal_count=4404 2055 168 1887 402 43 359 147 100 74 1485 44 2349 554 202 89 66 1441 977 789 202 56 587 146 561 172 118 76 314 119
is_linear=0
shrinkage=0.03


Tree=65
num_leaves=31
num_cat=1
split_feature=6 9 6 17 8 9 0 9 19 1 0 11 5 7 17 11 9 8 0 10 11 0 9 10 6 7 6 8 8 6
split_gain=7.35714 2.77221 2.11383 2.03551 1.87157 1.83763 1.82043 1.57726 1.48459 1.50816 1.82628 1.066 1.0284 1.01168 0.899915 0.804337 1.79485 1.11603 1.02076 0.94632 0.691404 0.899933 0.757954 0.760314 0.852337 1.76835 0.63352 1.12661 0.469289 0.562827
threshold=0.3728110599078342 0.97957695113056176 0.20519397970534159 0.4564717896349248 0.092976158837091025 0.47191830780452232 0.65204532230327683 0.59117432530999292 0 0.15364583333333334 0.62953366514144282 -0.9330127018922193 0.16937119675456394 0.11470218836877218 0.30239979576206288 0.6830127018922193 0.5948212983223925 0.19218106975147189 0.45421979383876848 -0.24999999999999994 0.6830127018922193 0.57943289321425384 0.57330415754923425 0.25000000000000011 0.67235023041474673 0.089808076667447473 0.23103448275862074 0.1237024423506968 0.20477481889322038 0.42073732718894014
decision_type=2 2 2 2 2 2 2 2 1 2 2 2 2 2 2 2 2 2 2 2 2 2 2 2 2 2 2 2 2 2
left_child=2 3 -1 5 7 -2 -5 -4 9 11 13 14 -10 -11 -7 17 19 -6 -18 26 22 -22 -13 -24 25 -25 -17 -28 29 -14
right_child=1 -3 4 6 15 8 -8 -9 12 10 -12 20 28 -15 -16 16 18 -19 -20 -21 21 -23 23 24 -26 -27 27 -29 -30 -31
leaf_value=-0.0019688260778257943 -0.00014164845922324561 0.00077738673079693807 0.0005674406540908132 0.00077514101815058523 -0.00039455377774535582 0.0002518420768071944 0.00017376280072532103 -0.0001182834957743472 0.00034986206554748518 0.00025753944999468359 -4.5610065441070574e-06 -4.225052207647058e-05 -0.00026439706821110385 0.00043283010723640128 0.00035314320145472849 -0.00048161814161092856 0.0019656869885821813 0.00021079781259226914 0.00056731163095936053 -0.00047004283620072942 0.00088216155978454577 -1.7712652454960718e-05 -7.424027725889364e-05 1.9590687362283696e-05 6.4388258819488923e-06 0.00051985924592764837 0.00058639554107862675 -4.7785771763143407e-05 -0.00022044920734334359 1.2495191889038264e-05
leaf_weight=1627 332 24 27 37 1181 20 35 35 32 20 23 78 49 21 20 24 24 24 24 191 20 20 43 50 86 26 25 50 109 136
leaf_count=1627 332 24 27 37 1181 20 35 35 32 20 23 78 49 21 20 24 24 24 24 191 20 20 43 50 86 26 25 50 109 136
internal_value=-0.00136846 0.000657916 -0.00210891 0.000448573 -0.00133645 0.000124423 0.00533326 0.00377413 0.000944221 0.00208009 0.0063749 0.00138016 -0.000589285 0.0101705 0.00599985 -0.0015418 -0.000248521 -0.00190456 0.00512489 -0.00113793 0.000808046 0.00449989 0.000286217 0.0012439 0.00218517 0.00449994 0.00124241 0.00259996 -0.00116326 -0.000243243
internal_weight=4413 1181 3232 1157 1605 1085 72 62 753 427 64 363 326 41 40 1543 338 1205 48 290 323 40 283 205 162 76 99 75 294 185
internal_count=4413 1181 3232 1157 1605 1085 72 62 753 427 64 363 326 41 40 1543 338 1205 48 290 323 40 283 205 162 76 99 75 294 185
cat_boundaries=0 1
cat_threshold=550
is_linear=0
shrinkage=0.03


Tree=66
num_leaves=31
num_cat=1
split_feature=0 9 7 6 8 7 16 18 9 9 8 6 16 11 19 1 8 4 9 9 0 10 16 1 13 0 8 8 8 7
split_gain=6.62371 2.72099 3.15613 2.28153 1.6626 1.27854 3.12954 0.820713 0.81639 1.46939 1.99404 0.750979 0.599718 1.52607 1.23386 1.48423 1.0002 1.83528 0.827697 0.751498 0.720897 0.595527 3.04334 0.901721 0.572988 0.722764 0.624938 0.502053 0.460052 0.458704
threshold=0.52080508158020811 0.80598103574033564 0.092343480677863826 0.20519397970534159 0.089560300767560053 0.19614921917087011 28.500000000000004 0.48676470588235299 0.59992706053975209 0.65864332603938747 0.17662210150131016 0.46682027649769592 29.500000000000004 -0.24999999999999994 0 0.054687500000000007 0.19218106975147189 0.070312500000000014 0.72611232676878201 0.51531728665207888 0.47474271117275768 -0.24999999999999994 27.500000000000004 0.15364583333333334 -0.22252093395631442 0.43337287022347554 0.12421201642130983 0.20477481889322038 0.19814297748565238 0.11872966494569266
decision_type=2 2 2 2 2 2 2 2 2 2 2 2 2 2 1 2 2 2 2 2 2 2 2 2 2 2 2 2 2 2
left_child=3 5 -3 -1 -5 8 -7 -4 21 10 -10 -12 -6 16 20 -16 -14 -18 -19 -17 24 22 -2 -23 -15 -26 -27 -25 -13 -11
right_child=1 2 7 4 12 6 -8 -9 9 29 11 28 13 14 15 19 17 18 -20 -21 -22 23 -24 27 25 26 -28 -29 -30 -31
leaf_value=-0.001909761295491021 -0.00011114782194937727 0.0005877492602829234 1.1043555142461595e-05 0.00026066054072623426 -0.00037682385904879437 -0.00031777039735167277 0.0010221519391747612 0.00033793460679372195 0.0003831538886600621 -3.4263162255120446e-05 0.00026352027939178195 8.6944635168162993e-05 -0.00040415324848634216 -0.00012858746447932091 -9.9773158111205557e-06 0.00021646725856416837 0.00021987010980486826 -0.00023955642386366534 2.2475960814870927e-05 0.0015609302057375302 -0.00028397665190356663 -3.8837018081324863e-05 0.0013679989888902616 0.00014517194392337928 -0.00011346810452700632 0.00090084337625266479 0.00013194156685442638 -2.0511430799173695e-05 -0.00023018688015008029 0.00010579647018139659
leaf_weight=1627 66 26 61 38 918 28 33 32 22 130 22 24 472 59 54 35 20 59 22 24 93 328 25 20 37 20 20 31 35 32
leaf_count=1627 66 26 61 38 918 28 33 32 22 130 22 24 472 59 54 35 20 59 22 24 93 328 25 20 37 20 20 31 35 32
internal_value=-0.00143644 0.000836064 0.00506718 -0.00203087 -0.00131641 0.000203517 0.00437698 0.00248384 -0.000142858 0.00118867 0.00399025 0.00181479 -0.00144517 -0.000901639 0.000684208 0.00309754 -0.00184817 0.000861377 -0.00114813 0.0066609 -0.000615061 -0.000893616 0.0012857 -0.00141688 0.000749994 0.00245451 0.00524987 0.00229407 5.08459e-05 -0.00059259
internal_weight=4413 915 119 3498 1871 796 61 93 735 265 103 81 1833 915 342 113 573 101 81 59 229 470 91 379 136 77 40 51 59 162
internal_count=4413 915 119 3498 1871 796 61 93 735 265 103 81 1833 915 342 113 573 101 81 59 229 470 91 379 136 77 40 51 59 162
cat_boundaries=0 1
cat_threshold=841
is_linear=0
shrinkage=0.03


Tree=67
num_leaves=31
num_cat=1
split_feature=0 9 7 5 7 16 16 11 10 7 7 8 4 9 19 9 8 7 3 11 1 9 11 7 9 7 1 11 8 4
split_gain=6.69615 2.67899 3.15613 2.26001 1.25555 2.2865 0.795153 1.35133 1.67394 0.852065 0.785183 0.783698 1.00693 0.773793 0.8411 1.06584 1.17076 1.93661 1.29729 0.815333 0.749137 0.746837 0.733004 0.736113 0.711545 0.661308 0.597795 0.607758 0.70783 1.10584
threshold=0.52080508158020811 0.80598103574033564 0.092343480677863826 0.098377281947261683 0.19614921917087011 28.500000000000004 29.500000000000004 0.6830127018922193 0.25000000000000011 0.088419907194990141 0.032574485205242816 0.19218106975147189 0.070312500000000014 0.53610503282275734 0 0.65864332603938747 0.17733378743684181 0.087230509471486625 0.12239583333333334 1.0000000180025095e-35 0.065104166666666671 0.58825674690007312 0.25000000000000017 0.13361070511376938 0.6433260393873087 0.061413298199477807 0.033854166666666671 -0.9330127018922193 0.11336561747834252 0.028645833333333336
decision_type=2 2 2 2 2 2 2 2 2 2 2 2 2 2 1 2 2 2 2 2 2 2 2 2 2 2 2 2 2 2
left_child=3 4 -3 -1 13 -6 10 11 20 -10 -5 21 -13 -2 -15 16 17 -16 24 -20 -9 26 23 -4 -18 -14 -8 -28 29 -29
right_child=1 2 22 6 5 -7 7 8 9 -11 -12 12 25 14 15 -17 18 -19 19 -21 -22 -23 -24 -25 -26 -27 27 28 -30 -31
leaf_value=-0.0021259341126123872 -3.5406518304263271e-05 0.00057011678247443547 0.00025497948356137742 5.2824376921166961e-05 -0.00030823728543112171 0.00099148738099951827 -0.00076137769216851211 0.0014991540965671427 -0.00022742192009782801 0.0010017111927815047 -0.00038707313997964006 0.00021254100347242613 2.3626975216638391e-05 -3.7188215561795258e-05 7.3394049974680802e-05 -6.0226132021208042e-05 -3.4094222915139387e-05 0.00024821442177633003 0.00041515864161000151 0.0012597841453602307 0.00074884610504559869 -0.00037563173461663138 0.00057753282933518187 -0.00011700236680585709 0.00028773451510789437 -0.00011490071979568882 -0.0004028663502888056 -0.00063104304730860524 5.2882515882223217e-05 0.00054955605225440391
leaf_weight=1557 286 26 27 23 28 33 53 22 119 21 923 21 20 101 23 132 105 22 20 23 21 476 24 42 23 69 56 20 76 21
leaf_count=1557 286 26 27 23 28 33 53 22 119 21 923 21 20 101 23 132 105 22 20 23 21 476 24 42 23 69 56 20 76 21
internal_value=-0.00141604 0.000868851 0.00506718 -0.00201372 0.000241205 0.00437698 -0.00133076 -0.000738693 0.00159015 -7.15251e-10 -0.00195349 -0.00126355 0.0010909 -0.000102041 0.000674831 0.00135754 0.00269443 0.00699984 0.00156139 0.00606963 0.00676728 -0.00163248 0.00248384 0.00091303 4.68739e-05 -0.000303368 -0.000212389 0.000641614 0.00187178 0.00504866
internal_weight=4413 915 119 3498 796 61 1941 995 183 140 946 812 110 735 449 348 216 45 171 43 43 702 93 69 128 89 226 173 117 41
internal_count=4413 915 119 3498 796 61 1941 995 183 140 946 812 110 735 449 348 216 45 171 43 43 702 93 69 128 89 226 173 117 41
cat_boundaries=0 1
cat_threshold=192
is_linear=0
shrinkage=0.03


Tree=68
num_leaves=31
num_cat=2
split_feature=5 5 9 9 19 18 8 16 8 9 8 5 9 5 0 1 17 9 4 7 12 8 8 7 7 16 9 7 12 19
split_gain=6.65622 2.80963 2.42067 1.15513 1.34147 1.79765 1.22717 1.13802 1.37789 1.36794 1.36347 0.692386 1.02726 0.781282 1.08783 0.687468 0.859657 0.830053 0.679254 0.669695 0.57012 0.603474 0.562507 0.519422 0.882683 0.520082 0.514245 0.896446 0.46856 0.645523
threshold=0.2626774847870183 0.093982420554428681 0.97957695113056176 0.52552881108679805 0 0.50441176470588245 0.26495406874879129 29.500000000000004 0.19218106975147189 0.61159737417943127 0.092976158837091025 0.14638269100743748 0.6433260393873087 0.18559837728194728 0.52260523305345885 0.039062500000000007 0.34665134882137699 0.30598103574033558 0.044270833333333336 0.032574485205242816 -0.60785761079279388 0.30935014610256384 0.20477481889322038 0.095129496739318989 0.090266055694361871 29.500000000000004 0.88366156090444947 0.087230509471486625 1.0000000180025095e-35 1
decision_type=2 2 2 2 1 2 2 2 2 2 2 2 2 2 2 2 2 2 2 2 2 2 2 2 2 2 2 2 2 1
left_child=1 -1 3 -2 20 18 -7 19 9 10 -9 -10 -13 -14 -15 -12 17 -17 -6 -3 22 -22 -5 24 25 -20 -11 -28 29 -21
right_child=2 7 -4 4 5 6 -8 8 11 26 15 12 13 14 -16 16 -18 -19 23 28 21 -23 -24 -25 -26 -27 27 -29 -30 -31
leaf_value=-0.0023063130905767613 -1.5812986884724586e-05 4.6345175273828624e-05 0.00072151073903763509 0.00011419262863738204 0.00017252191896481461 9.5389590204581108e-05 0.00061247767555198149 0.00049172446170566049 0.00036919999295860722 -0.00035421478625932316 -0.00037961289386335403 -6.5343260297593024e-05 0.00015862650679816952 -0.00020532386637400871 0.00023670106416135944 0.00047887171573998742 -0.00019182550333879823 7.4775850670322244e-05 -1.3154282484331987e-05 -4.7430780733562115e-05 -0.00010688695493997563 8.287422139718446e-05 -6.2247175129012775e-05 -1.1557569315878225e-05 0.0003776799002450015 0.001187267435717612 -8.8267979307591116e-05 0.001022753076565956 -0.00038964227006955477 -0.00038240456649506666
leaf_weight=1499 197 25 24 20 21 33 33 38 34 439 101 66 21 24 23 34 102 178 47 228 80 21 26 119 21 27 37 21 471 403
leaf_count=1499 197 25 24 20 21 33 33 38 34 439 101 66 21 24 23 34 102 178 47 228 80 21 26 119 21 27 37 21 471 403
internal_value=-0.00136166 -0.00185417 0.00139462 0.00104651 0.00188839 0.0029807 0.00745443 -0.00118263 -0.000504473 -0.000947368 0.000245032 0.00199999 0.00102984 0.00361759 0.00146805 -0.000253012 0.000439488 0.00152829 0.00185106 -0.00185537 -0.000515921 -0.00181186 0.00221734 0.00134579 0.00299997 0.00145944 -0.0020342 0.000620678 -0.00196552 -0.00143106
internal_weight=4413 3744 669 645 448 301 66 2245 1118 950 453 168 134 68 47 415 314 212 235 1127 147 101 46 214 95 74 497 58 1102 631
internal_count=4413 3744 669 645 448 301 66 2245 1118 950 453 168 134 68 47 415 314 212 235 1127 147 101 46 214 95 74 497 58 1102 631
cat_boundaries=0 1 2
cat_threshold=196 547
is_linear=0
shrinkage=0.03


Tree=69
num_leaves=31
num_cat=2
split_feature=6 16 8 6 8 10 10 19 5 8 10 10 3 6 1 17 3 11 19 8 8 8 0 17 6 6 8 5 10 12
split_gain=6.85232 2.74042 4.95711 2.14486 1.8348 1.44287 1.3649 1.34619 2.98222 5.03307 1.6428 0.771789 0.745261 1.51741 0.96418 0.692513 0.767782 0.672985 0.985712 0.866535 1.93868 0.572041 0.684925 1.3626 0.471325 0.82231 0.425157 0.415838 0.414499 0.403209
threshold=0.37004608294930885 28.500000000000004 0.36060968689366818 0.20519397970534159 0.092976158837091025 0.68301270189221941 -0.5 0 0.34989858012170388 0.27719287970000966 0.25000000000000011 1.0000000180025095e-35 0.14843750000000003 0.66175115207373281 0.15364583333333334 0.33037833904084474 0.085937500000000014 0.6830127018922193 1 0.16016043406048669 0.12297886568393225 0.1237024423506968 0.43337287022347554 0.34222619351544559 0.41059907834101389 0.38387096774193558 0.19218106975147189 0.23427991886409741 0.68301270189221941 -0.60785761079279388
decision_type=2 2 2 2 2 2 2 1 2 2 2 2 2 2 2 2 2 2 1 2 2 2 2 2 2 2 2 2 2 2
left_child=3 5 6 -1 11 -2 -3 24 10 -10 -9 -5 14 -14 15 29 -17 26 19 20 -19 22 -20 -24 25 -8 28 -12 -6 -7
right_child=1 2 -4 4 17 12 7 8 9 -11 27 -13 13 -15 -16 16 -18 18 21 -21 -22 -23 23 -25 -26 -27 -28 -29 -30 -31
leaf_value=-0.0017704500101927494 -0.00025845496200934927 0.0011055969595547179 0.0013023394861309981 0.00051562274617425257 -0.00040464774545170937 1.5128677280885516e-05 -9.4075207518213981e-05 0.00029516752251299239 0.00070784503279515919 0.00031717496774513629 5.6165991170383014e-05 2.7034790664572848e-06 0.0001518404224361705 -1.7418303734877027e-05 0.00011527167303115209 -9.4714812840314657e-05 0.00016198578752762803 -0.00036295858738572565 -0.00043486973025134187 -6.3371100446683781e-05 0.0013449915996502008 -0.0004698122019575761 0.00028831805557265702 -0.00037015739163344044 -5.1907365351075497e-06 0.00037443149575165668 0.00018308502310822401 -8.1380500262521997e-05 -0.0001262401520087091 -0.00011425123521577736
leaf_weight=1627 335 35 22 29 822 51 20 31 20 42 33 33 20 37 24 27 39 41 31 42 39 133 21 26 263 21 23 68 352 106
leaf_count=1627 335 35 22 29 822 51 20 31 20 42 33 33 20 37 24 27 39 41 31 42 39 133 21 26 263 21 23 68 352 106
internal_value=-0.00134806 0.000592964 0.00213513 -0.00206803 -0.00128518 -0.000746478 0.0015591 0.00115662 0.0030294 0.00861276 0.000636358 0.00377413 0.000749997 0.00384204 3.64364e-05 -0.000578473 0.00199997 -0.0014902 -0.000297297 0.00177271 0.00374995 -0.00150678 0.000461532 0.00274462 -0.000133758 0.00285359 -0.00182205 -0.00121781 -0.00190119 -0.00166241
internal_weight=4413 1194 555 3219 1592 639 533 498 194 62 132 62 304 57 247 223 66 1530 333 122 80 211 78 47 304 41 1197 101 1174 157
internal_count=4413 1194 555 3219 1592 639 533 498 194 62 132 62 304 57 247 223 66 1530 333 122 80 211 78 47 304 41 1197 101 1174 157
cat_boundaries=0 1 2
cat_threshold=202 60
is_linear=0
shrinkage=0.03


Tree=70
num_leaves=31
num_cat=2
split_feature=5 6 9 9 17 12 11 18 7 7 16 11 11 19 0 6 16 9 17 19 17 6 9 12 6 16 17 17 0 0
split_gain=6.56732 2.4387 1.86865 0.851634 0.983812 1.87392 0.993964 0.735265 0.86933 1.03221 1.56604 0.715579 2.08215 1.66887 2.25878 0.738448 0.714125 1.39122 0.590704 0.597584 0.895688 0.52267 0.500476 0.474497 0.410624 0.404631 0.64599 1.14379 1.05038 1.80946
threshold=0.2626774847870183 0.20519397970534159 0.97957695113056176 0.53610503282275734 0.42745298272487459 1.0000000180025095e-35 0.6830127018922193 0.47500000000000003 0.081225236952003121 0.099590664592236089 20.500000000000004 0.93301270189221952 0.6830127018922193 0 0.42795921805502896 0.29539170506912449 29.500000000000004 0.41320204230488705 0.34665134882137699 1 0.20376989192409165 0.21612903225806454 0.60649161196207169 1.0000000180025095e-35 0.61244239631336417 9.5000000000000018 0.32049069925083423 0.29331619612710885 0.42698937538429221 0.48050469162831005
decision_type=2 2 2 2 2 2 2 2 2 2 2 2 2 1 2 2 2 2 2 1 2 2 2 2 2 2 2 2 2 2
left_child=1 -1 3 -2 6 -6 7 24 -9 10 -10 12 18 14 -14 21 -16 -18 19 23 -21 -15 -11 25 -5 -3 27 -27 -29 -30
right_child=2 11 -4 4 5 -7 -8 8 9 22 -12 -13 13 15 16 -17 17 -19 -20 20 -22 -23 -24 -25 -26 26 -28 28 29 -31
leaf_value=-0.0016854143293368407 -4.5654354672330141e-06 -0.00024624915280259597 0.00068214610289496968 -8.8997767896543717e-05 0.00048056830084285465 -0.00012756181720180229 0.0016642230463855114 -2.8053041381814219e-05 0.0003007497731904978 -0.00017853563896824017 0.00012063746283053399 -0.0008066422497926553 0.0019867628180907592 0.00059565716865883536 -2.8676009790385534e-05 9.2093786035267475e-05 0.00059409992624552771 -1.6592051498272826e-05 -0.0004162987994282487 4.2726589198914231e-05 -0.00035878748224693748 -0.00040219445896576441 0.00010106475147437377 -0.0002038448416223831 5.8560745992421714e-07 -9.8527755514175659e-06 -0.00014526609601117933 -0.00020556150870148913 0.00032495700310134591 2.4945564546067435e-05
leaf_weight=1623 203 69 24 54 35 32 33 46 21 31 34 196 20 29 39 39 23 23 211 21 670 127 58 314 102 155 95 31 36 38
leaf_count=1623 203 69 24 54 35 32 33 46 21 31 34 196 20 29 39 39 23 23 211 21 670 127 58 314 102 155 95 31 36 38
internal_value=-0.00144991 -0.00193855 0.00127934 0.000975344 0.00170852 0.00505963 0.00111609 0.000641616 0.00189473 0.00304164 0.00627261 -0.00127247 -0.00109794 0.0012 0.00404344 -0.000512193 0.00229409 0.00482598 -0.00151829 -0.00129951 -0.0019301 -0.00146153 0.00104493 -0.000673797 -0.00088461 -2.83025e-05 0.00038028 0.00115384 0.00357139 0.00551344
internal_weight=4432 3759 673 649 446 67 379 346 190 144 55 2136 1940 300 105 195 85 46 1640 1429 691 156 89 738 156 424 355 260 105 74
internal_count=4432 3759 673 649 446 67 379 346 190 144 55 2136 1940 300 105 195 85 46 1640 1429 691 156 89 738 156 424 355 260 105 74
cat_boundaries=0 1 2
cat_threshold=172 682
is_linear=0
shrinkage=0.03


Tree=71
num_leaves=31
num_cat=1
split_feature=5 6 9 9 19 9 6 4 17 18 1 12 9 0 6 4 5 12 13 5 0 9 6 6 6 18 17 17 12 16
split_gain=6.60833 2.60243 1.81721 1.11245 0.776885 0.711939 0.697077 1.27915 0.634753 0.629229 0.597676 0.981707 0.55254 1.31207 1.16107 0.929145 0.933249 0.888868 0.782569 0.530658 1.15709 0.502398 0.475311 0.676394 1.48803 0.469412 0.447919 0.836593 1.12319 0.3498
threshold=0.26470588235294129 0.1905821282906934 0.97957695113056176 0.5948212983223925 0 0.18745441283734501 0.7009216589861752 0.14843750000000003 0.34665134882137699 0.47500000000000003 0.15364583333333334 1.0000000180025095e-35 0.60649161196207169 0.47474271117275768 0.43732718894009226 0.065104166666666671 0.15838404327248143 0.6078576107927941 -0.22252093395631442 0.3600405679513185 0.62953366514144282 0.94493070751276453 0.42534562211981575 0.55714285714285727 0.65483870967741953 0.48676470588235299 0.29491107139817901 0.32049069925083423 1.0000000180025095e-35 9.5000000000000018
decision_type=2 2 2 2 1 2 2 2 2 2 2 2 2 2 2 2 2 2 2 2 2 2 2 2 2 2 2 2 2 2
left_child=1 -1 3 10 21 -6 7 19 9 29 -2 -12 14 -14 15 26 -17 25 -18 22 -21 -3 -5 -24 -25 -15 -11 28 -28 -7
right_child=2 4 -4 6 5 8 -8 -9 -10 12 11 -13 13 17 -16 16 18 -19 -20 20 -22 -23 23 24 -26 -27 27 -29 -30 -31
leaf_value=-0.0018630067688580228 -3.4772143826502492e-06 -0.00038788633201122238 0.00066168171980812078 0.00018100055716595401 -0.00066721794856162498 -0.00023049632893310274 -0.00012223009561404202 0.00030362561716875661 -0.00030598807718653319 -0.00042539139116993559 0.00043243414875764616 -5.0075783277068793e-05 -0.00035434844470918873 0.0002010776115955725 -0.00011260588556761598 0.00044752623031815941 -0.00021835874094387598 -6.1665937019091645e-05 0.00021272630301036942 0.00043296917394561752 3.4312187539038707e-05 1.5264226048366682e-05 -4.2765538119085609e-05 0.00022291425511257012 -2.8837114918078402e-05 5.6626769639139735e-05 0.00037057930549627823 -0.00018530771841851869 -0.00020760660644373067 -3.3429943740047042e-05
leaf_weight=1536 266 852 24 27 179 108 46 38 174 42 23 36 116 32 75 36 23 24 23 35 35 31 84 28 20 40 28 43 22 386
leaf_count=1536 266 852 24 27 179 108 46 38 174 42 23 36 116 32 75 36 23 24 23 35 35 31 84 28 20 40 28 43 22 386
internal_value=-0.00136868 -0.00185411 0.00139577 0.00109091 -0.00120054 -0.000729611 0.0023674 0.00295504 -0.000465871 -0.000174349 -0.000138462 0.00259318 0.000571427 -0.000594338 0.0014178 0.00252994 0.00504872 0.00199998 0.00221734 0.00210916 0.00428565 -0.00189138 0.00115094 0.000409087 0.00324993 0.00366662 0.000999992 0.00216127 0.0047999 -0.000935221
internal_weight=4432 3770 662 638 2234 1351 313 267 1172 998 325 59 504 212 292 217 82 96 46 229 70 883 159 132 48 72 135 93 50 494
internal_count=4432 3770 662 638 2234 1351 313 267 1172 998 325 59 504 212 292 217 82 96 46 229 70 883 159 132 48 72 135 93 50 494
cat_boundaries=0 1
cat_threshold=337
is_linear=0
shrinkage=0.03


Tree=72
num_leaves=31
num_cat=3
split_feature=5 5 9 8 16 7 4 11 11 8 19 5 8 7 2 19 5 11 3 8 7 7 8 18 19 6 3 6 8 6
split_gain=6.27741 2.59511 1.86865 0.913958 1.00973 2.52981 1.21569 0.709555 2.0398 1.29172 1.27265 0.926496 0.749348 0.888994 0.743888 0.647212 1.59436 2.21948 0.746456 0.628621 0.623228 0.785106 0.607973 0.557938 0.520911 0.454757 0.417548 0.399978 0.392599 1.46741
threshold=0.2626774847870183 0.098377281947261683 0.97957695113056176 0.16407443063010999 28.500000000000004 0.22769620777782279 0.16927083333333334 0.93301270189221952 0.6830127018922193 0.09788034504754449 0 0.15517241379310348 0.19218106975147189 0.084085449125830131 0.070312500000000014 1 0.34584178498985801 0.6830127018922193 0.091145833333333343 0.13717356468570385 0.12338484922465606 0.10150446750004584 0.19374835634870594 0.45441176470588235 2 0.29539170506912449 0.085937500000000014 0.59308755760368681 0.12421201642130983 0.24654377880184339
decision_type=2 2 2 2 2 2 2 2 2 2 1 2 2 2 2 1 2 2 2 2 2 2 2 2 1 2 2 2 2 2
left_child=1 26 3 -2 20 6 15 8 12 -10 11 -11 24 14 -14 16 17 27 -18 -13 21 -5 -23 -16 28 -12 -1 -6 29 -3
right_child=2 7 -4 4 5 -7 -8 -9 9 10 25 19 13 -15 23 -17 18 -19 -20 -21 -22 22 -24 -25 -26 -27 -28 -29 -30 -31
leaf_value=-0.0018915633659360206 0.00017619078188313694 -0.00051583512737333039 0.00064183126821387867 -4.0573156751491764e-06 -7.7005321543431531e-06 0.00087582438310618608 0.00025990038711993195 -0.00075014962772561376 0.00085644445022286283 0.0011224032633951238 -0.0003401480689702036 0.00042338295141621706 -2.1159513987397272e-05 -0.00010907286205973867 3.5218193467035429e-05 -2.5828230171624725e-05 0.00013653551459585092 0.0022752042397274517 -4.5141943144347601e-05 -2.5618284283952425e-05 -0.00016221202618689788 0.00012551407906801981 -3.9538438695378735e-06 0.00018577399437677192 -0.00036452451550181048 4.6944403835258727e-05 0.00011158036170186706 0.00022814385794203633 -0.0001721123304581352 0.00023123773460258777
leaf_weight=1532 25 152 24 111 20 26 22 182 21 35 131 25 57 88 23 143 20 22 67 56 118 28 27 33 933 28 20 20 328 115
leaf_count=1532 25 152 24 111 20 26 22 182 21 35 131 25 57 88 23 143 20 22 67 56 118 28 27 33 933 28 20 20 328 115
internal_value=-0.00138899 -0.00186672 0.00127934 0.000975344 0.000749998 0.00185294 0.00110828 -0.00120571 -0.00104444 0.00125675 0.000709088 0.00295236 -0.0014384 0.00028358 0.00204423 0.000595888 0.00190565 0.00570958 -0.000586201 0.00144443 -0.000570421 0.000614453 0.00354539 0.00449992 -0.00166492 -0.00104733 -0.0028067 0.00149996 -0.000917355 -7.86521e-05
internal_weight=4432 3759 673 649 624 340 314 2207 2025 296 275 116 1729 201 113 292 149 62 87 81 284 166 55 56 1528 159 1552 40 595 267
internal_count=4432 3759 673 649 624 340 314 2207 2025 296 275 116 1729 201 113 292 149 62 87 81 284 166 55 56 1528 159 1552 40 595 267
cat_boundaries=0 1 2 3
cat_threshold=174 522 538
is_linear=0
shrinkage=0.03


Tree=73
num_leaves=31
num_cat=0
split_feature=6 9 11 11 5 1 7 17 5 16 8 8 6 17 6 8 7 8 17 16 9 6 13 11 17 17 4 11 8 6
split_gain=5.81868 3.02704 1.22848 1.51496 1.77951 1.11242 1.88377 1.19468 1.10128 1.03979 1.69294 1.47237 1.10051 0.986406 0.904134 1.12695 0.760244 0.658063 0.635755 0.635185 0.820405 1.29687 0.669144 0.596864 0.632252 0.891768 0.543179 0.50378 1.18553 1.12113
threshold=0.29539170506912449 0.80598103574033564 0.93301270189221952 0.6830127018922193 0.15517241379310348 0.075520833333333343 0.092343480677863826 0.38435026806229261 0.084178498985801223 28.500000000000004 0.29888286581140178 0.21743680224164993 0.41705069124423971 0.40894391966641147 0.61244239631336417 0.17145492021784528 0.15643284819623146 0.13717356468570385 0.32784443877116848 16.500000000000004 0.58242159008023353 0.32488479262672815 0.81174490092936691 -0.5 0.28912432984426867 0.30903752872095996 0.091145833333333343 0.25000000000000017 0.093489381430176807 0.1494994438264739
decision_type=2 2 2 2 2 2 2 2 2 2 2 2 2 2 2 2 2 2 2 2 2 2 2 2 2 2 2 2 2 2
left_child=8 2 3 13 -5 -3 -7 -8 -1 -6 11 12 17 14 18 -16 -17 -11 19 -2 21 -21 -23 24 -22 -26 -9 -10 29 -29
right_child=1 5 -4 4 9 6 7 26 27 10 -12 -13 -14 -15 15 16 -18 -19 -20 20 23 22 -24 -25 25 -27 -28 28 -30 -31
leaf_value=-0.0024386848055910296 -0.0002433805672798541 -9.1562688005461971e-05 -0.00055889416708119317 0.00069680869694441509 -7.6564947458886975e-05 0.00051564558531108846 -0.00030395136267782826 0.0002546039195523801 -0.000446859278527689 0.0005449540974766105 0.00089711355039483545 -3.0472935621762417e-05 0.0015022206774694699 0.00025266098090993448 0.00018117566762857764 -5.5558667598297991e-06 0.00038127496661939729 -7.3644811473488097e-05 -0.00013563161895886481 0.00018782180444762604 -4.4373491204374095e-05 -1.7849997104485965e-05 0.00046111771061203762 -0.00035448260945311562 0.00022698317217439116 -1.7426683801664535e-05 0.00045266267456622883 -0.0013683510504501433 -0.00032676118346377684 0.00092503898422094876
leaf_weight=1314 233 42 213 20 74 30 33 24 909 31 23 73 24 20 28 167 21 25 293 24 78 110 21 84 35 51 21 22 360 29
leaf_count=1314 233 42 213 20 74 30 33 24 909 31 23 73 24 20 28 167 21 25 293 24 78 110 21 84 35 51 21 22 360 29
internal_value=-0.00139576 -8.00897e-05 -0.000451457 -0.000135889 0.00188888 0.00399997 0.00561106 0.00315381 -0.00229385 0.00119999 0.00245453 0.00131372 0.00412495 -0.00060515 -0.000720524 0.00102777 0.000191488 0.0018214 -0.00112702 -0.000594339 0.00012655 0.0018387 0.000664116 -0.000943545 0.000109755 0.0018837 0.00633319 -0.00168182 -0.000810218 0.00347052
internal_weight=4432 1798 1648 1435 270 150 108 78 2634 250 176 153 80 1165 1145 216 188 56 929 636 403 155 131 248 164 86 45 1320 411 51
internal_count=4432 1798 1648 1435 270 150 108 78 2634 250 176 153 80 1165 1145 216 188 56 929 636 403 155 131 248 164 86 45 1320 411 51
is_linear=0
shrinkage=0.03


Tree=74
num_leaves=31
num_cat=2
split_feature=6 9 1 5 16 9 5 0 10 18 1 19 2 5 6 16 3 4 18 1 9 19 10 1 16 7 13 9 7 1
split_gain=5.78669 2.47179 1.48394 1.18439 1.16361 2.79535 1.39142 0.8037 0.792657 1.04652 1.07761 0.780985 1.18888 1.30821 0.83368 0.741741 0.63281 0.595209 0.568558 0.547597 0.542969 0.551174 0.813596 0.595912 0.699652 0.72799 0.523843 0.880881 0.485025 0.416534
threshold=0.29539170506912449 0.97957695113056176 0.11718750000000001 0.084178498985801223 29.500000000000004 0.30598103574033558 0.13083164300202843 0.60478778918727494 1.0000000180025095e-35 0.47794117647058826 0.065104166666666671 0 0.11197916666666667 0.37423935091277893 0.71013824884792642 9.5000000000000018 0.080729166666666671 0.10156250000000001 0.46911764705882358 0.12760416666666669 0.4584245076586434 1 0.93301270189221952 0.054687500000000007 7.5000000000000009 0.070965636238045124 1.0000000180025095e-35 0.80598103574033564 0.02149017771572934 0.039062500000000007
decision_type=2 2 2 2 2 2 2 2 2 2 2 1 2 2 2 2 2 2 2 2 2 1 2 2 2 2 2 2 2 2
left_child=3 2 4 -1 7 -6 -7 20 9 10 -8 12 13 16 15 -14 -4 -18 -13 -20 -2 22 23 -22 -25 -26 -10 -28 -5 -30
right_child=1 -3 11 28 5 6 8 -9 26 -11 -12 18 14 -15 -16 -17 17 -19 19 -21 21 -23 -24 24 25 -27 27 -29 29 -31
leaf_value=-0.0023655242614232996 -0.00047720601426101103 0.00060767380984095502 0.00028457667616536652 0.00040531825704215264 0.00046258422486321934 0.00043411072119683346 5.6613548587908236e-05 0.00013674306526185076 -7.68031423580871e-05 -1.8768360380908838e-05 0.0015353741126202429 4.7337350811989448e-05 -0.0001008212683553048 0.00056300234373540597 -8.3146438977035162e-05 0.000100512429233567 -9.0005828869149955e-05 0.00033263772367422221 0.00034828181588760691 -7.8614235538390227e-05 -8.8732638477058594e-05 -0.00016866192613589016 -0.00019288707542746512 0.0001108812887452796 0.00026612282735659565 -0.00020155414120953715 -2.3772761341365839e-05 0.00023862257241492657 -0.00051106156080366581 -0.00029733622613703476
leaf_weight=1314 356 24 25 20 29 40 25 35 228 41 24 26 20 29 38 84 21 21 32 123 23 229 62 21 20 24 178 20 520 780
leaf_count=1314 356 24 25 20 29 40 25 35 228 41 24 26 20 29 38 84 21 21 32 123 23 229 62 21 20 24 178 20 520 780
internal_value=-0.00137545 -6.34045e-05 -0.000192785 -0.00227107 -0.000675277 0.000333332 -0.000140288 -0.00144156 -0.000558139 0.00199998 0.00495908 0.00136754 0.00244354 0.00512495 0.000802811 0.00219229 0.00282085 0.000571414 -0.000172775 -0.000870963 -0.00165306 -0.000862795 0.000562496 0.00245452 0.00392302 0.00177269 -0.00109859 3.03022e-05 -0.00163636 -0.00170769
internal_weight=4432 1798 1774 2634 1355 585 556 770 516 90 49 419 238 96 142 104 67 42 181 155 735 379 150 88 65 44 426 198 1320 1300
internal_count=4432 1798 1774 2634 1355 585 556 770 516 90 49 419 238 96 142 104 67 42 181 155 735 379 150 88 65 44 426 198 1320 1300
cat_boundaries=0 1 2
cat_threshold=546 552
is_linear=0
shrinkage=0.03


Tree=75
num_leaves=31
num_cat=0
split_feature=1 5 12 17 4 9 9 4 12 8 2 7 13 16 7 9 16 17 9 8 5 2 17 16 5 1 7 12 5 0
split_gain=5.92952 2.62211 1.31424 1.59428 1.3336 0.967695 0.83363 0.753144 0.696997 0.971249 1.23736 0.645703 0.622272 0.715114 0.728073 0.488317 1.00301 0.89829 1.83118 1.37776 2.74984 0.96619 0.809223 0.654065 1.18323 0.469765 0.463422 0.834121 0.621886 1.84963
threshold=0.033854166666666671 0.37018255578093312 1.0000000180025095e-35 0.42051740277423205 0.080729166666666671 0.18745441283734501 0.72611232676878201 0.085937500000000014 -0.60785761079279388 0.19944284209539223 0.085937500000000014 0.12201822244818451 1.0000000180025095e-35 29.500000000000004 0.08223428479567764 0.59992706053975209 29.500000000000004 0.34018381414347726 0.30598103574033558 0.095052845230286204 0.093982420554428681 0.023437500000000003 0.25453152923155481 12.500000000000002 0.19979716024340774 0.065104166666666671 0.065904323980221752 1.0000000180025095e-35 0.13083164300202843 0.47474271117275768
decision_type=2 2 2 2 2 2 2 2 2 2 2 2 2 2 2 2 2 2 2 2 2 2 2 2 2 2 2 2 2 2
left_child=-1 5 3 11 -5 -2 -4 15 9 10 -9 -3 -10 -14 -15 16 26 18 -18 20 -20 -19 -21 24 -17 -24 27 28 -7 -30
right_child=1 2 6 4 -6 7 -8 8 12 -11 -12 -13 13 14 -16 23 17 21 19 22 -22 -23 25 -25 -26 -27 -28 -29 29 -31
leaf_value=-0.0012712442047647374 -0.00064459830120192887 8.5598880782420213e-05 -6.1060485801833712e-05 0.00045086370678640021 0.00048853860831463028 -0.00046576135894901908 0.0001900737605292677 2.1736124917850694e-05 -1.8422571918154759e-05 -1.7686706743586156e-05 0.00031573041627678563 -0.00012276122890764405 -7.4603957554733209e-06 0.0010075794657630197 -1.4524091048705411e-06 -0.00035560742488020179 0.00044153887949137914 0.00040922297041240348 -0.00088641051540573525 0.00034228485966971995 0.00052828895381233686 -0.000109757790395571 4.2207577189991851e-05 -0.0002120188693691316 0.00061640583690356402 -0.00011953340477029482 -0.00024046736336959487 -0.0003551946935412647 0.00024764227374588665 -6.7388664203187662e-05
leaf_weight=1731 218 27 48 33 20 52 30 54 367 87 33 26 56 20 22 82 20 23 22 21 22 166 109 651 31 70 223 119 31 44
leaf_count=1731 218 27 48 33 20 52 30 54 367 87 33 26 56 20 22 82 20 23 22 21 22 166 109 651 31 70 223 119 31 44
internal_value=-0.00129744 -0.000425743 0.00303259 0.0052075 0.00888662 -0.000675974 7.69214e-05 -0.000496775 0.00038028 0.00199999 0.00424133 0.00152827 -0.000225807 0.00189794 0.00485703 -0.000829182 -0.000364425 0.000642382 0.00177272 0.00105737 0.0058635 -0.000936504 -7.15252e-10 -0.00139005 0.000716807 -0.000653628 -0.00133688 -0.000439023 0.00125196 0.00299996
internal_weight=4458 2727 184 106 53 2543 78 2325 639 174 87 53 465 98 42 1686 922 453 264 244 44 189 200 764 113 179 469 246 127 75
internal_count=4458 2727 184 106 53 2543 78 2325 639 174 87 53 465 98 42 1686 922 453 264 244 44 189 200 764 113 179 469 246 127 75
is_linear=0
shrinkage=0.03


Tree=76
num_leaves=31
num_cat=1
split_feature=1 5 19 9 6 8 7 3 12 16 9 8 7 9 7 9 18 16 4 13 16 16 5 7 5 17 17 7 17 11
split_gain=5.18171 2.20124 1.57995 1.24318 0.820513 3.11985 0.763131 0.819654 0.74894 1.09808 1.37481 1.11283 1.40738 1.098 0.867132 0.80408 0.771466 0.707758 1.49956 0.799993 0.685421 0.606773 0.532943 0.53366 0.491534 0.487214 0.688791 0.606876 0.482935 0.818901
threshold=0.033854166666666671 0.57505070993914809 0 0.24507658643326041 0.20519397970534159 0.092976158837091025 0.15278835336889349 0.13802083333333334 0.6078576107927941 15.500000000000002 0.60649161196207169 0.15639335566612553 0.066733341775971358 0.69146608315098479 0.092343480677863826 0.31400437636761497 0.51911764705882357 16.500000000000004 0.059895833333333336 -0.56174490092936669 29.500000000000004 10.500000000000002 0.084178498985801223 0.032490094780800609 0.21517917511832321 0.42745298272487459 0.33780103820951418 0.11146912280415879 0.35209769381329253 0.6830127018922193
decision_type=2 2 1 2 2 2 2 2 2 2 2 2 2 2 2 2 2 2 2 2 2 2 2 2 2 2 2 2 2 2
left_child=22 2 21 17 -5 -6 8 20 9 10 11 -7 -13 14 -12 -11 25 -4 -19 -20 -8 -2 -1 -24 -14 26 27 -17 29 -23
right_child=1 -3 3 4 5 6 7 -9 -10 15 13 12 24 -15 -16 16 -18 18 19 -21 -22 28 23 -25 -26 -27 -28 -29 -30 -31
leaf_value=-0.002634307907844738 -0.00032377267907441731 0.00039265827989647719 -0.00050612210863809485 -0.00061803207147186783 0.00028497399757665561 -6.3001672967858565e-05 -0.00019294480474630176 0.00044522171712070357 -4.0970904362961819e-05 0.00035845593382602306 0.0010603943904359014 0.00032378072410317138 -0.00039751196399926759 2.8171729428085982e-05 9.3328330520786262e-05 -8.3887497840672985e-06 0.00026230169994223633 -0.00043743492972915808 -6.6123945412587321e-06 0.00038632448388147217 0.00050340000994096394 -0.00013715881417248235 0.0003223589179647472 -0.0004573062505996002 0.00010916394176534409 0.00022556817547679503 -0.00013428744053309787 0.00048366914014804751 -0.00017287097633213546 0.00035325065034580796
leaf_weight=1203 208 23 179 149 26 78 33 30 361 26 23 21 20 34 24 290 22 61 21 25 40 513 20 508 42 22 186 29 137 104
leaf_count=1203 208 23 179 149 26 78 33 30 361 26 23 21 20 34 24 290 22 61 21 25 40 513 20 508 42 22 186 29 137 104
internal_value=-0.00131763 -0.000502751 -0.000581361 -3.76719e-05 0.000317307 0.000557765 0.000348945 0.00282521 0.000132427 0.000635249 0.00233057 0.000726703 0.00314454 0.00551845 0.00848918 -7.82614e-05 -0.000322404 -0.00184615 8.41106e-05 0.00417382 0.00110957 -0.00154938 -0.00260139 -0.00180682 0.000870953 -0.000552182 -0.000742574 0.000103447 -0.00116976 -0.000811993
internal_weight=4458 2727 2704 1742 1456 1307 1281 103 1178 817 242 161 83 81 47 575 549 286 107 46 73 962 1731 528 62 527 505 319 754 617
internal_count=4458 2727 2704 1742 1456 1307 1281 103 1178 817 242 161 83 81 47 575 549 286 107 46 73 962 1731 528 62 527 505 319 754 617
cat_boundaries=0 1
cat_threshold=449
is_linear=0
shrinkage=0.03


Tree=77
num_leaves=31
num_cat=2
split_feature=1 5 9 12 10 19 9 16 4 7 2 6 11 2 20 18 11 16 5 20 20 19 16 9 9 16 9 4 2 16
split_gain=5.23618 2.47703 1.20799 1.4643 1.72846 1.04933 0.927539 0.755663 1.39367 0.663632 0.852915 0.649082 0.583716 1.04372 0.96365 0.612818 0.647171 1.24469 0.906814 1.17397 0.71658 1.03327 0.898868 1.36581 0.889783 1.21378 0.899893 0.637505 0.830574 0.566388
threshold=0.033854166666666671 0.37018255578093312 0.72611232676878201 -1.0000000180025095e-35 0.25000000000000011 0 0.24507658643326041 16.500000000000004 0.065104166666666671 0.19614921917087011 0.14843750000000003 0.20519397970534159 -0.5 0.018229166666666668 0.59294530418543168 0.49558823529411766 1.0000000180025095e-35 3.5000000000000004 0.22008113590263692 0.56082586125926026 0.49630345877563281 1 13.500000000000002 0.31400437636761497 0.47191830780452232 29.500000000000004 0.51531728665207888 0.085937500000000014 0.11718750000000001 29.500000000000004
decision_type=2 2 2 2 2 1 2 2 2 2 2 2 2 2 2 2 2 2 2 2 2 1 2 2 2 2 2 2 2 2
left_child=-1 5 3 4 -3 29 7 -7 -9 10 -4 -8 14 -14 -13 16 17 -15 -19 -20 22 27 -18 -24 -25 -26 -27 -22 -29 -2
right_child=1 2 9 -5 -6 6 11 8 -10 -11 -12 12 13 15 -16 -17 20 18 19 -21 21 -23 23 24 25 26 -28 28 -30 -31
leaf_value=-0.0012055903171750454 -0.00025994873353684371 0.0012026333964018725 0.00024869557170119957 -7.4475880235379941e-05 -1.7531824151239833e-05 -0.00049093844537895193 -0.00059949110932771155 -0.0004692202212902639 0.00023849680875956929 0.00036566052632403982 -0.00035330990618602233 -3.3531760409052363e-05 0.00079094270328398974 0.00053755512800576994 0.00044234237893807409 -5.03004448850492e-05 -3.9585252918961525e-05 -0.00024475335404385473 0.00033262755888048253 4.1044969751222672e-05 -2.7649852622875567e-05 -0.00013111399854487651 0.00037842794924537905 -0.00010581797054723505 -5.2119239302221275e-05 0.00012880973820038425 0.0014800170572243131 0.00031038684496650964 1.1019983484326212e-06 -6.1025419337505006e-05
leaf_weight=1731 442 21 29 64 24 179 149 63 39 23 23 428 24 25 32 143 80 37 22 35 55 101 20 41 33 20 20 21 32 502
leaf_count=1731 442 21 29 64 24 179 149 63 39 23 23 428 24 25 32 143 80 37 22 35 55 101 20 41 33 20 20 21 32 502
internal_value=-0.0013109 -0.00049175 0.00286955 0.000853202 0.00499989 -0.000734959 -0.000259168 -0.00182562 0.000235291 0.00579992 0.003923 7.28369e-05 0.000310521 0.000850492 -0.000521739 0.000635035 0.00109594 0.00305039 0.00146807 0.00384204 0.000546097 -0.000703347 0.00176635 0.00326863 0.00199998 0.00398625 0.00749981 0.00132202 0.00379238 -0.00152201
internal_weight=4458 2727 184 109 45 2543 1599 281 102 75 52 1318 1169 709 460 685 542 119 94 57 423 209 214 134 114 73 40 108 53 944
internal_count=4458 2727 184 109 45 2543 1599 281 102 75 52 1318 1169 709 460 685 542 119 94 57 423 209 214 134 114 73 40 108 53 944
cat_boundaries=0 1 2
cat_threshold=449 14
is_linear=0
shrinkage=0.03


Tree=78
num_leaves=31
num_cat=1
split_feature=6 8 17 6 7 19 4 16 10 11 11 8 8 13 14 7 6 16 4 17 17 10 6 17 16 8 4 1 16 11
split_gain=4.94206 2.67186 2.10553 2.07096 1.64164 0.833695 1.26458 0.786042 2.15515 0.780934 1.37301 0.912138 0.688859 0.654163 0.72739 0.582677 0.995628 0.992955 1.46772 0.546191 0.807501 0.718385 0.868647 0.775388 0.523754 0.518578 0.499175 0.423604 0.396437 0.611287
threshold=0.20519397970534159 0.092976158837091025 0.4150285082120671 0.69262672811059922 0.041944532000914164 0 0.059895833333333336 29.500000000000004 0.25000000000000011 0.93301270189221952 0.6830127018922193 0.18916446128283268 0.19218106975147189 0.81174490092936691 1.0000000180025095e-35 0.08223428479567764 0.65115207373271911 17.500000000000004 0.11197916666666667 0.34665134882137699 0.31142030465492304 0.68301270189221941 0.27419354838709686 0.32010041698578856 29.500000000000004 0.23440816817184998 0.049479166666666671 0.085937500000000014 18.500000000000004 0.25000000000000017
decision_type=2 2 2 2 2 1 2 2 2 2 2 2 2 2 2 2 2 2 2 2 2 2 2 2 2 2 2 2 2 2
left_child=-1 4 5 7 26 6 12 -4 -9 10 13 -12 -3 14 15 -8 17 -17 -19 20 28 -22 -23 -24 -14 -15 -2 -25 -7 -30
right_child=1 2 3 -5 -6 19 9 8 -10 -11 11 -13 24 25 -16 16 -18 18 -20 -21 21 22 23 27 -26 -27 -28 -29 29 -31
leaf_value=-0.0013476919053309014 0.00019619729075716341 -0.00038456342990088126 -3.6219099737270384e-05 0.00041195083904870737 0.00066613568365529328 -0.00029128289387930973 -9.5019345134532288e-05 0.0008203124382383999 -1.3249769956743777e-06 -0.00053102437408026422 0.001100078504230127 2.1925546764664558e-05 -0.00042363472225107458 8.7015967076119454e-05 0.00012020725375722031 -4.2464236745707808e-05 -3.3780710936693398e-05 2.7553685721039655e-06 0.00039912369949995062 -0.00016294648891986547 -4.9566510738379106e-05 0.00047428767544081628 0.0003678932438308309 -0.00033836262171420587 0.00020390643066877368 0.00043099836843840444 -0.00052033179882353669 9.528577375008357e-05 -0.00014677646617058306 0.00010613979123327384
leaf_weight=1618 23 295 50 24 25 435 122 21 65 62 26 21 24 34 132 42 72 26 24 296 326 24 20 49 29 20 21 37 357 138
leaf_count=1618 23 295 50 24 25 435 122 21 65 62 26 21 24 34 132 42 72 26 24 296 326 24 20 49 29 20 21 37 357 138
internal_value=-0.00132436 -0.000570423 -0.000715627 0.00262498 0.00526079 -0.000920337 -0.000188499 0.00119117 0.0029302 0.000666091 0.00104624 0.00593604 -0.00162069 0.00055932 0.000157894 -0.000692306 0.000475606 0.00254345 0.00539989 -0.0013156 -0.00107359 -3.94743e-05 0.00184614 0.000679238 0.00152827 0.0036666 0.00177269 -0.000558134 -0.00158064 -0.000999999
internal_weight=4458 2840 2771 160 69 2611 929 136 86 581 519 47 348 472 418 286 164 92 50 1682 1386 456 130 106 53 54 44 86 930 495
internal_count=4458 2840 2771 160 69 2611 929 136 86 581 519 47 348 472 418 286 164 92 50 1682 1386 456 130 106 53 54 44 86 930 495
cat_boundaries=0 1
cat_threshold=38
is_linear=0
shrinkage=0.03


Tree=79
num_leaves=31
num_cat=2
split_feature=5 5 5 7 9 11 16 20 9 10 12 13 9 2 19 6 4 12 6 11 2 19 16 9 6 8 6 8 6 9
split_gain=4.6912 2.23832 1.41048 0.886639 0.796716 1.11939 1.35113 2.1607 1.43467 1.08009 1.24748 0.851215 0.764441 0.732918 0.660905 1.49789 1.0284 0.615612 0.980464 0.610495 1.05168 0.562711 0.942483 0.920972 1.22491 0.719748 4.51372 0.769018 1.13128 0.574819
threshold=0.084178498985801223 0.30730223123732259 0.59330628803245444 0.02149017771572934 0.29431072210065656 0.6830127018922193 29.500000000000004 0.44836881218107716 0.50474106491611981 0.25000000000000011 1.0000000180025095e-35 1.0000000180025095e-35 0.57330415754923425 0.070312500000000014 0 0.64377880184331815 0.085937500000000014 1.0000000180025095e-35 0.69078341013824895 0.25000000000000017 0.10156250000000001 1 12.500000000000002 0.65134938001458809 0.38202764976958536 0.095052845230286204 0.23597761685319293 0.19218106975147189 0.41059907834101389 0.94493070751276453
decision_type=2 2 2 2 2 2 2 2 2 2 2 2 2 2 1 2 2 2 2 2 2 1 2 2 2 2 2 2 2 2
left_child=-1 3 12 -2 -5 21 -7 8 11 10 -9 -8 13 -3 19 16 -16 18 -17 -14 -21 29 23 -23 -25 26 -24 -27 -29 -6
right_child=1 2 -4 4 5 6 7 9 -10 -11 -12 -13 14 -15 15 17 -18 -19 -20 20 -22 22 25 24 -26 27 -28 28 -30 -31
leaf_value=-0.0021317678791453391 0.00037299986302930953 0.00024105602297239703 0.00048317603859901383 -0.00034454950625764966 -0.00023307640959499887 -7.7459771353230954e-05 -0.00028598722765300465 -1.9991894520320868e-05 0.0016163496096343619 -0.00012969979715643246 0.0010985086857637422 0.00042790191389899501 -3.0011304674516831e-05 -2.6297731471324784e-05 0.00021672518105931906 -3.3341799276550698e-05 0.00044485370738131904 -2.6576955259655453e-05 0.00025578854490126719 -0.0002869589943557429 0.00048185958799783896 1.0435502562123448e-05 -0.00054308715277477898 0.0011562241900874412 -1.4227597067855128e-06 -0.00019820077381276389 0.00029581809579888845 0.00024397624657379827 -1.8214830184532473e-05 0.00011376259592751073
leaf_weight=1310 23 20 20 562 639 159 29 25 39 86 29 21 90 134 25 27 27 43 26 20 39 153 72 20 20 577 26 32 127 38
leaf_count=1310 23 20 20 562 639 159 29 25 39 86 29 21 90 134 25 27 27 43 26 20 39 153 72 20 20 577 26 32 127 38
internal_value=-0.00133109 -0.000703304 0.00120382 -0.00103885 -0.00108968 -0.000820268 0.000634018 0.00210916 0.00576398 -0.000214285 0.00311105 0.00239995 0.000858091 -0.000857138 0.00174747 0.00307593 0.00738447 0.00106249 0.00322635 0.000207545 0.00259318 -0.00115141 -0.000685632 0.00119688 0.00524987 -0.0011295 0.0012857 -0.00145109 0.000396223 -0.00182096
internal_weight=4458 3148 471 2677 2654 2092 388 229 89 140 54 50 451 154 297 148 52 96 53 149 59 1704 1027 193 40 834 98 736 159 677
internal_count=4458 3148 471 2677 2654 2092 388 229 89 140 54 50 451 154 297 148 52 96 53 149 59 1704 1027 193 40 834 98 736 159 677
cat_boundaries=0 1 2
cat_threshold=204 449
is_linear=0
shrinkage=0.03


Tree=80
num_leaves=31
num_cat=1
split_feature=1 5 16 11 0 7 8 9 7 17 18 7 16 7 5 12 17 16 9 6 6 0 8 5 19 17 18 9 17 8
split_gain=4.69444 1.38683 0.883793 1.83333 1.3365 1.30631 0.943125 0.882626 0.838526 0.726688 1.26371 0.733242 0.761707 0.765183 0.6715 0.740925 0.662684 0.845399 0.658824 0.827242 1.78467 1.33879 0.724963 0.707457 0.654157 0.601148 0.555018 0.522902 0.758672 0.444771
threshold=0.028645833333333336 0.2626774847870183 29.500000000000004 0.6830127018922193 0.45871292428797134 0.065317751259371823 0.11131403688179005 0.53610503282275734 0.22769620777782279 0.34822568292060257 0.45441176470588235 0.063178407437470135 10.500000000000002 0.11146912280415879 0.18356997971602437 1.0000000180025095e-35 0.3161858565228492 29.500000000000004 0.61159737417943127 0.24182424916573975 0.25728587319243612 0.41625612619461377 0.18460672248384172 0.21805273833671404 0 0.33439707258956691 0.48088235294117648 0.44894237782640417 0.33260705618597397 0.19944284209539223
decision_type=2 2 2 2 2 2 2 2 2 2 2 2 2 2 2 2 2 2 2 2 2 2 2 2 1 2 2 2 2 2
left_child=-1 2 24 18 5 6 -5 -3 9 10 -9 -12 13 -13 -6 -16 17 -14 19 -4 -21 -22 -20 -24 29 -18 -8 28 -23 -2
right_child=1 7 3 4 14 -7 26 8 -10 -11 11 12 16 -15 15 -17 25 -19 22 20 21 27 23 -25 -26 -27 -28 -29 -30 -31
leaf_value=-0.001504136121714795 -2.741617317262238e-05 -1.9930815796784974e-05 -0.00056197998491608911 0.00061322917261733424 -0.00021573850153512738 0.0017951922966645507 0.00011310662289354897 -7.2960017187693305e-05 0.00037171642512098672 -5.5650547106602068e-06 -1.0413416524524263e-05 6.5417260426318112e-05 8.0751078295859799e-05 -0.00014553990214788087 -4.3622025041338005e-05 0.0008158669020590499 -3.3209696422922294e-05 0.00060467882775165128 -0.0002645801686630006 0.00027115777479330195 0.00053303443889314822 0.0002697805765489001 -1.5365825232144402e-05 0.00016809269438907025 -0.0003298880945363749 0.00027244678063900681 -0.00063594345064529054 -0.00014522641524589955 -0.00064150382404227092 -0.00037467200767512409
leaf_weight=1509 447 206 131 30 56 21 23 62 25 204 22 23 23 22 23 28 23 32 505 26 20 38 57 26 576 22 24 111 21 97
leaf_count=1509 447 206 131 30 56 21 23 62 25 204 22 23 23 22 23 28 23 32 505 26 20 38 57 26 576 22 24 111 21 97
internal_value=-0.00138259 -0.000681259 -0.0010354 -0.000447369 0.00212194 0.00465301 0.00284412 0.000524095 0.00125764 0.000949189 0.00210916 0.00346704 0.00424135 0.000999977 -0.000196261 0.00229407 0.00569994 0.00790895 -0.00101069 2.59358e-05 0.00116666 0.000157893 -0.00162245 0.000975891 -0.00163393 0.00299993 0.000191485 -0.000705879 0.00157624 -0.000833934
internal_weight=4433 2924 2260 1140 205 98 77 664 458 433 229 167 145 45 107 51 100 55 935 347 216 190 588 83 1120 45 47 170 59 544
internal_count=4433 2924 2260 1140 205 98 77 664 458 433 229 167 145 45 107 51 100 55 935 347 216 190 588 83 1120 45 47 170 59 544
cat_boundaries=0 1
cat_threshold=539
is_linear=0
shrinkage=0.03


Tree=81
num_leaves=31
num_cat=1
split_feature=5 0 16 11 5 3 9 8 18 19 17 17 18 13 12 9 8 8 0 17 6 3 6 0 8 6 16 13 9 9
split_gain=4.68454 1.45415 0.808582 1.91426 1.84131 0.902492 0.852873 0.83214 0.768322 0.686227 0.535794 0.776674 0.897767 0.730826 0.653605 0.591669 0.958286 0.512305 1.64228 0.520518 0.565775 0.800467 0.555065 1.01186 0.495868 0.891546 1.1523 0.66275 0.481605 0.419809
threshold=0.089587559161595678 0.54802186383041918 29.500000000000004 0.6830127018922193 0.11257606490872211 0.075520833333333343 0.50474106491611981 0.14266440600799832 0.53676470588235303 0 0.33907752531699437 0.32784443877116848 0.45441176470588235 0.81174490092936691 1.0000000180025095e-35 0.51677607585703877 0.26948736383125999 0.096943484910633357 0.43144704750910573 0.3161858565228492 0.307373271889401 0.10677083333333334 0.35898617511520742 0.51352851336407135 0.12421201642130983 0.2483870967741936 18.500000000000004 -0.22252093395631442 0.72611232676878201 0.58825674690007312
decision_type=2 2 2 2 2 2 2 2 2 1 2 2 2 2 2 2 2 2 2 2 2 2 2 2 2 2 2 2 2 2
left_child=-1 2 9 17 -5 6 -6 -8 10 24 11 12 -3 15 -13 -14 29 18 -4 20 -19 22 -22 -24 25 -2 27 -27 -12 -17
right_child=1 8 3 4 5 -7 7 -9 -10 -11 28 14 13 -15 -16 16 -18 19 -20 -21 21 -23 23 -25 -26 26 -28 -29 -30 -31
leaf_value=-0.00186618184904699 -0.00051729558963441711 -0.00013117312947508731 -0.00038077427776550912 0.0013576056813448597 -9.8383398704827938e-05 0.00015992214965137566 -3.3807186427210736e-05 0.001338012268631355 0.00023174888037381876 -0.0003269594068729497 -2.8987451355634958e-05 0.00022757859582452273 -4.3899635932335655e-05 0.00031181353935941095 -4.2118517706533779e-06 0.00021225588243751659 0.00026945011365534692 -0.00027882048745397464 0.00018736307254310194 -0.00039756637129869803 0.00016854151956357632 -0.0001408443216828918 -0.00012400472668865585 0.00034696860536313122 -0.00017928640710732332 0.00050668406745097664 0.00027690567486280977 -2.8840409785691909e-05 0.00016434477556455214 -7.4355578146708121e-06
leaf_weight=1421 135 74 112 34 103 22 31 23 29 604 282 24 27 21 22 39 23 217 31 354 62 60 68 20 348 23 20 41 96 67
leaf_count=1421 135 74 112 34 103 22 31 23 29 604 282 24 27 21 22 39 23 217 31 354 62 60 68 20 348 23 20 41 96 67
internal_value=-0.00136905 -0.000699204 -0.00106326 -0.000493404 0.00207041 0.000854743 5.73238e-05 0.00311105 0.000494317 -0.00161657 0.000288888 0.00124242 0.000585654 0.00174575 0.00482598 0.00103845 0.00188371 -0.00108442 0.000566429 -0.00138668 -0.000681498 0.000428569 0.00159999 6.81803e-05 -0.00081629 0.000287669 0.00271425 0.000749988 -0.000460317 0.000679238
internal_weight=4433 3012 2308 1137 213 179 157 54 704 1171 675 297 251 177 46 156 129 924 143 781 427 210 150 88 567 219 84 64 378 106
internal_count=4433 3012 2308 1137 213 179 157 54 704 1171 675 297 251 177 46 156 129 924 143 781 427 210 150 88 567 219 84 64 378 106
cat_boundaries=0 1
cat_threshold=539
is_linear=0
shrinkage=0.03


Tree=82
num_leaves=31
num_cat=3
split_feature=1 9 19 9 16 4 2 6 8 9 10 4 19 2 10 17 3 5 12 1 3 6 0 16 9 17 3 19 3 0
split_gain=4.69444 1.38661 1.12638 0.803539 0.603645 0.734709 0.730456 0.566996 1.04812 2.49353 1.16726 0.699917 0.647696 1.04055 0.863464 0.85019 1.29062 0.584632 1.07138 0.543724 0.522338 0.552041 1.04826 0.449154 0.720918 0.855327 0.401038 0.395646 0.688008 0.655688
threshold=0.028645833333333336 0.97957695113056176 0 0.24215900802334064 16.500000000000004 0.065104166666666671 0.075520833333333343 0.13870967741935489 0.093489381430176807 0.58825674690007312 0.68301270189221941 0.059895833333333336 1 0.12239583333333334 0.93301270189221952 0.30435707599353251 0.096354166666666671 0.34989858012170388 -0.60785761079279388 0.14843750000000003 0.033854166666666671 0.28064516129032263 0.47781967737816494 29.500000000000004 0.5087527352297595 0.32784443877116848 0.065104166666666671 2 0.11718750000000001 0.49630345877563281
decision_type=2 2 1 2 2 2 2 2 2 2 2 2 1 2 2 2 2 2 2 2 2 2 2 2 2 2 2 1 2 2
left_child=-1 2 23 4 -4 -6 -7 -5 9 -9 -11 27 13 14 15 16 26 20 -19 -17 21 -14 -23 -2 25 -25 -13 29 -29 -10
right_child=1 -3 3 7 5 6 -8 8 11 10 -12 12 17 -15 -16 19 -18 18 -20 -21 -22 22 -24 24 -26 -27 -28 28 -30 -31
leaf_value=-0.0014489903683765841 -0.00036373267864505098 0.00045019126546214338 -0.00047180923504743237 -0.0012314781515507069 -0.00039853655114978695 0.00020754374783855429 -0.00013557018809682797 0.0004710539785429057 5.1697051844260123e-05 0.00012239871941365516 -0.00042850135503168311 5.3290778534063897e-05 -0.00061584722407550055 -1.2427404786530871e-05 0.00026912265932085882 -7.2673121824569665e-05 4.5174125338936814e-06 0.0002361732784861317 -1.87706489327476e-05 0.0002265003970388643 -1.7790125943979791e-05 0.0005605927984387003 -4.9673597421104832e-05 0.00043858483122183176 -0.00018407493260766503 -3.7133896907067034e-05 0.00020890441049217141 -0.00019463668046260015 8.1482764883528222e-05 -0.00015334898635408048
leaf_weight=1509 260 21 179 102 72 27 21 26 218 38 46 20 33 96 21 77 38 27 63 20 534 20 23 28 231 37 25 483 39 99
leaf_count=1509 260 21 179 102 72 27 21 26 218 38 46 20 33 96 21 77 38 27 63 20 534 20 23 28 231 37 25 483 39 99
internal_value=-0.00138259 -0.000681259 -0.000736824 -0.000441664 -0.00189632 -0.000249999 0.00262494 -0.000231446 -0.000117164 0.00272725 0.000214282 -0.000287582 0.000249748 0.00139739 0.00267163 0.00199999 0.00422886 -0.000253521 0.00199998 9.27818e-05 -0.000590164 0.00173682 0.00397665 -0.00193993 -0.00117567 0.00161536 0.0076665 -0.000926102 -0.00142105 -6.42207e-05
internal_weight=4433 2924 2903 2347 299 120 48 2048 1946 110 84 1836 997 297 201 180 83 700 90 97 610 76 43 556 296 65 45 839 522 317
internal_count=4433 2924 2903 2347 299 120 48 2048 1946 110 84 1836 997 297 201 180 83 700 90 97 610 76 43 556 296 65 45 839 522 317
cat_boundaries=0 1 2 3
cat_threshold=320 6 656
is_linear=0
shrinkage=0.03


Tree=83
num_leaves=31
num_cat=1
split_feature=0 0 16 9 8 8 9 19 6 0 9 2 8 18 8 8 17 12 3 2 17 18 10 17 6 17 0 8 13 0
split_gain=4.61662 1.46148 1.06934 1.13508 0.996637 3.54419 0.887588 0.744135 0.655906 2.06034 1.06829 0.747346 0.905302 0.637071 0.62326 0.63309 1.24989 0.514762 0.529571 0.786937 0.499193 0.770241 0.760546 0.774281 1.28509 0.524119 0.488204 0.746894 0.929676 0.4621
threshold=0.34766968031203666 0.55673768899067289 29.500000000000004 0.61159737417943127 0.095476969969421524 0.087591098708121498 0.53610503282275734 0 0.3000000000000001 0.42698937538429221 0.30415754923413574 0.023437500000000003 0.12628659435416911 0.53382352941176481 0.07776067539149624 0.19218106975147189 0.27311395361803403 1.0000000180025095e-35 0.085937500000000014 0.085937500000000014 0.34822568292060257 0.45441176470588235 0.25000000000000011 0.32839758318440992 0.69078341013824895 0.32478086971321596 0.49403747443035323 0.21743680224164993 -0.22252093395631442 0.57943289321425384
decision_type=2 2 2 2 2 2 2 1 2 2 2 2 2 2 2 2 2 2 2 2 2 2 2 2 2 2 2 2 2 2
left_child=-1 2 7 4 5 -4 -3 -2 11 -10 -11 12 -6 20 -5 -16 -17 18 19 -9 21 25 -23 24 -24 -8 27 28 -12 -22
right_child=1 6 3 14 8 -7 13 17 9 10 26 -13 -14 -15 15 16 -18 -19 -20 -21 29 22 23 -25 -26 -27 -28 -29 -30 -31
leaf_value=-0.002143530533526249 -0.00034965599980826801 -1.8056064803609701e-05 -0.00024952989174165005 0.00018470143412190786 0.0002238823203828757 0.00052823911556482128 -0.00019001358720566671 -1.7789679985137328e-05 0.0010914684400055361 0.00031638450634897345 -0.00010700065184161011 -0.00024491073111353184 -0.00017194933653874112 0.00019616559293550204 -0.000230425483768452 -3.5533687505081829e-05 0.00025275627603830683 -0.00024389407980656067 -0.0001610591998141648 0.00033901140933497158 1.5685003138651848e-05 0.0014204197313056049 -1.1795551087755888e-05 0.00014707726459724295 0.00029004109841700382 9.6036398736024382e-05 -4.4722723329231902e-05 -0.00047514377702460018 0.00020101714529476133 -2.090974377199408e-05
leaf_weight=1304 544 184 45 23 20 31 38 308 20 27 22 269 28 23 531 53 20 310 75 31 34 21 70 32 34 20 79 27 32 178
leaf_count=1304 544 184 45 23 20 31 38 308 20 27 22 269 28 23 531 53 20 310 75 31 34 21 70 32 34 20 79 27 32 178
internal_value=-0.00136228 -0.000737297 -0.00106413 -0.000432763 0.000499998 0.00371048 0.000548894 -0.00167508 3.43504e-05 0.00134782 0.000368981 -0.000823342 0.00262494 0.00126666 -0.00132536 -0.00150993 0.00110957 -0.000997275 -0.000318841 0.000185839 0.00100468 0.00202325 0.00311463 0.0022941 0.00103845 -0.000931019 -0.000562497 0.00107406 0.00311105 -2.83025e-05
internal_weight=4433 3129 2495 1227 600 76 634 1268 524 207 187 317 48 450 627 604 73 724 414 339 427 215 157 136 104 58 160 81 54 212
internal_count=4433 3129 2495 1227 600 76 634 1268 524 207 187 317 48 450 627 604 73 724 414 339 427 215 157 136 104 58 160 81 54 212
cat_boundaries=0 1
cat_threshold=452
is_linear=0
shrinkage=0.03


Tree=84
num_leaves=31
num_cat=2
split_feature=0 19 9 7 9 7 11 16 9 19 12 0 18 18 9 2 7 17 7 9 0 0 2 6 6 2 0 0 7 7
split_gain=4.66775 1.20636 1.21318 0.890567 0.814229 0.571742 0.482408 0.661876 1.96571 1.38103 1.22414 0.879983 0.877594 1.78084 0.848651 1.39108 1.29999 1.58615 0.92607 0.779147 0.72033 1.32725 0.68158 0.622883 0.670079 0.93918 0.629134 0.464788 0.629348 1.0459
threshold=0.36817239475186264 0 0.88366156090444947 0.10937795756218473 0.18745441283734501 0.33804259110067586 -0.5 28.500000000000004 0.30598103574033558 1 1.0000000180025095e-35 0.39395212316942613 0.46323529411764708 0.45441176470588235 0.57330415754923425 0.085937500000000014 0.12201822244818451 0.32478086971321596 0.066485721843107512 0.57622173595915405 0.40990151892147353 0.47298069797152514 0.023437500000000003 0.18530465949820793 0.59032258064516141 0.15364583333333334 0.60785668035134688 0.6006938435474457 0.056857665866402091 0.071197677084720135
decision_type=2 1 2 2 2 2 2 2 2 1 2 2 2 2 2 2 2 2 2 2 2 2 2 2 2 2 2 2 2 2
left_child=-1 -2 4 -4 -3 6 23 10 -9 -10 14 -11 13 -13 18 19 17 -17 20 -16 -8 -22 -14 -6 -25 26 -26 28 -24 -30
right_child=1 2 3 -5 5 -7 7 8 9 11 -12 12 22 -15 15 16 -18 -19 -20 -21 21 -23 27 24 25 -27 -28 -29 29 -31
leaf_value=-0.0015972698911727913 -0.00021378076063460131 -0.0004834713812089068 -0.00030093837525866339 0.00068111036318726343 0.00013321720829497858 0.00049287390389671985 -0.00053251204370483452 0.00047788675721604503 -0.00012136859348398905 0.00045646259718619826 -6.8811056640021031e-05 -4.7698605743342133e-07 0.00050434720725107648 0.00092266202323931844 0.00011771937646006378 0.00015791932811284109 -9.7886449052690395e-05 0.00015959719642553801 -0.00013779125917725592 -3.932184123433743e-05 0.00020076549950374638 -1.6946143657195413e-05 -0.00043236930685912794 -0.00011102076499701043 0.00023225701605533014 -0.00022263734779080609 -2.201269437165554e-05 -3.1407129380103242e-05 0.0009058719771235606 1.4800106242556996e-07
leaf_weight=1481 582 189 25 37 28 25 26 21 114 24 349 46 22 28 22 34 32 24 156 130 31 53 62 657 27 28 26 47 23 84
leaf_count=1481 582 189 25 37 28 25 26 21 114 24 349 46 22 28 22 34 32 24 156 130 31 53 62 657 27 28 26 47 23 84
internal_value=-0.00136228 -0.000672765 -0.000365547 0.00377413 -0.000478337 -0.000310052 -0.000363897 -1.8073e-05 0.000885348 0.000466665 -0.000514586 0.00142196 0.00103846 0.00389184 0.000425195 0.00171074 0.00466661 0.0073447 -0.000744359 -3.94741e-05 0.00136362 0.00271425 0.000151259 -0.000963446 -0.00113008 0.00144443 0.00379238 -0.00036111 0.000372778 0.00176634
internal_weight=4433 2952 2370 62 2308 2119 2094 1328 471 450 857 336 312 74 508 242 90 58 266 152 110 84 238 766 738 81 53 216 169 107
internal_count=4433 2952 2370 62 2308 2119 2094 1328 471 450 857 336 312 74 508 242 90 58 266 152 110 84 238 766 738 81 53 216 169 107
cat_boundaries=0 1 2
cat_threshold=320 544
is_linear=0
shrinkage=0.03


Tree=85
num_leaves=31
num_cat=1
split_feature=6 9 6 8 10 7 17 19 9 11 17 9 10 5 16 9 16 5 2 8 1 9 17 12 17 11 17 1 5 2
split_gain=5.72321 2.84843 1.86375 1.51069 1.86087 1.47082 1.21206 1.06693 0.81962 1.06681 1.20025 1.11611 1.58988 1.60762 2.76124 1.22919 1.08729 1.39994 0.805377 0.819145 0.60317 0.597792 0.580977 0.846353 0.640552 0.628652 0.809263 0.556468 0.48722 0.486071
threshold=0.19917368504687752 0.94493070751276453 0.71013824884792642 0.092976158837091025 1.0000000180025095e-35 0.38780974986680611 0.36060320618347969 0 0.18745441283734501 -0.5 0.42051740277423205 0.51531728665207888 0.93301270189221952 0.24847870182555784 29.500000000000004 0.51677607585703877 3.5000000000000004 0.19979716024340774 0.15364583333333334 0.18375450283017666 0.14322916666666669 0.19730123997082422 0.31694111139477499 1.0000000180025095e-35 0.29028784050660406 -0.9330127018922193 0.24891498595864187 0.044270833333333336 0.21805273833671404 0.11197916666666667
decision_type=2 2 2 2 2 2 2 1 2 2 2 2 2 2 2 2 2 2 2 2 2 2 2 2 2 2 2 2 2 2
left_child=-1 3 6 4 -2 7 -3 -5 -9 10 20 21 13 14 16 -16 -13 -18 19 29 22 -11 23 24 25 26 -10 -26 -25 -15
right_child=1 2 -4 5 -6 -7 -8 8 9 11 -12 12 -14 18 15 -17 17 -19 -20 -21 -22 -23 -24 28 27 -27 -28 -29 -30 -31
leaf_value=-0.0012442724491066948 0.00045784112369927669 0.00037344531004377139 0.00065665853982730955 -0.00019332305849478035 -0.00018126974662017274 0.00081200697142843465 -0.00021269004998987148 -0.00046371203935254718 0.0002550811136551595 0.00020622949281343987 0.00021742569243675308 0.000415898589863142 -2.3304031907537223e-05 0.00024039511294101872 0.00034354761739372136 0.0015350562852783844 -2.4102609188998614e-05 0.00034555184792389856 0.00026342173951755094 -2.5897175120044411e-05 0.00018404019433617241 -3.875279485528028e-05 -0.00024921028574830103 -0.00021928813496424737 -4.450623324022444e-05 -0.00038240802605722597 -2.8342442562843005e-05 0.00025071144131750655 0.00010107745326555848 6.3155304648176953e-05
leaf_weight=1579 32 24 20 589 38 30 20 193 25 26 25 26 205 21 22 29 60 21 28 147 31 568 292 160 42 61 29 52 26 24
leaf_count=1579 32 24 20 589 38 30 20 193 25 26 25 26 205 21 22 29 60 21 28 147 31 568 292 160 42 61 29 52 26 24
internal_value=-0.00115073 -0.00035171 0.00590616 -0.000494647 0.00385709 -0.00060615 0.00245449 -0.000679497 -0.000357513 -0.000171876 -0.00106191 0.000389973 0.00132247 0.00247618 0.00478478 0.0105292 0.00204671 0.000333329 0.000818177 0.000124999 -0.00128691 -0.000525252 -0.00147161 -0.000721518 0.000588513 -0.000913036 0.00144442 0.00242551 -0.00219354 0.00366658
internal_weight=4445 2866 64 2802 70 2732 44 2702 2113 1920 743 1177 583 378 158 51 107 81 220 192 718 594 687 395 209 115 54 94 186 45
internal_count=4445 2866 64 2802 70 2732 44 2702 2113 1920 743 1177 583 378 158 51 107 81 220 192 718 594 687 395 209 115 54 94 186 45
cat_boundaries=0 1
cat_threshold=321
is_linear=0
shrinkage=0.03


Tree=86
num_leaves=31
num_cat=2
split_feature=6 9 8 10 7 6 17 19 9 11 8 19 8 18 4 6 9 8 9 0 0 12 10 8 0 8 6 17 10 0
split_gain=5.45997 2.48196 1.54057 1.86087 1.49044 1.39191 1.21206 0.982681 0.643568 0.719933 1.27 0.90056 2.11536 2.76132 1.90049 2.09195 0.834422 3.03203 0.596997 0.838803 1.49039 1.25435 0.750236 0.860416 1.27208 0.555049 0.525121 0.460004 1.00604 0.437231
threshold=0.19917368504687752 0.94493070751276453 0.092976158837091025 1.0000000180025095e-35 0.38780974986680611 0.71013824884792642 0.36060320618347969 0 0.18745441283734501 -0.5 0.19123505505912505 1 0.18375450283017666 0.46911764705882358 0.059895833333333336 0.63271889400921666 0.71298322392414315 0.28376229104135253 0.5948212983223925 0.47298069797152514 0.44761952423483969 1.0000000180025095e-35 0.93301270189221952 0.19218106975147189 0.47964949943148871 0.11775028083749341 0.38202764976958536 0.25453152923155481 0.25000000000000011 0.52260523305345885
decision_type=2 2 2 2 2 2 2 1 2 2 2 1 2 2 2 2 2 2 2 2 2 2 2 2 2 2 2 2 2 2
left_child=-1 2 3 -2 7 6 -3 -4 25 10 -10 12 13 -11 -15 -16 26 -18 19 20 27 -22 23 24 -20 -9 -12 28 -13 -28
right_child=1 5 4 -5 -6 -7 -8 8 9 11 16 18 -14 14 15 -17 17 -19 22 -21 21 -23 -24 -25 -26 -27 29 -29 -30 -31
leaf_value=-0.0012069442756334941 0.00044410588998829804 0.00036224195074245754 -0.00018752336673993672 -0.00017583165422156694 0.00078764676228558061 0.0006369587836324897 -0.00020630934849017398 3.1705522985169035e-05 -0.00015688305953563141 -2.2170052528936326e-05 0.00016725824033793767 -0.00085911588406179971 -1.8993891663427802e-05 0.00033581799140984541 0.0007356170777761405 0.00012692263519598567 0.00039071700488109868 -9.4688711364377725e-06 0.00022392713064741014 -7.0193675449444393e-05 0.0003647346043766109 -2.1978077858005201e-05 -3.580373686812302e-05 -2.068178435416523e-05 0.0010330793130015198 -0.00053278383997930703 -0.00035282780586097198 -0.00036271601318541138 0.00031199856536343854 1.605972823736338e-05
leaf_weight=1579 32 24 589 38 30 20 20 34 521 44 28 31 180 35 27 26 20 47 39 402 38 25 69 41 36 159 59 157 27 68
leaf_count=1579 32 24 589 38 30 20 20 34 521 44 28 31 180 35 27 26 20 47 39 402 38 25 69 41 36 159 59 157 27 68
internal_value=-0.00118448 -0.000404048 -0.000537474 0.00385709 -0.000650074 0.00543741 0.00245449 -0.000723909 -0.000414037 -0.000250001 -0.000981157 0.000211554 0.00156521 0.00449997 0.0075681 0.0111507 0.000918914 0.00371636 -0.000291429 -0.000705882 0.000561148 0.00461897 0.00121621 0.00268963 0.00459994 -0.00206735 -0.000290321 -0.000627905 0.00165514 -0.00111023
internal_weight=4445 2866 2802 70 2732 64 44 2702 2113 1920 743 1177 312 132 88 53 222 67 865 680 278 63 185 116 75 193 155 215 58 127
internal_count=4445 2866 2802 70 2732 64 44 2702 2113 1920 743 1177 312 132 88 53 222 67 865 680 278 63 185 116 75 193 155 215 58 127
cat_boundaries=0 1 2
cat_threshold=321 6
is_linear=0
shrinkage=0.03


Tree=87
num_leaves=31
num_cat=2
split_feature=6 9 7 6 17 19 9 11 0 17 2 16 17 17 9 0 16 3 16 9 19 2 9 1 17 0 16 17 17 7
split_gain=5.45997 2.48196 1.44 1.39191 1.21206 0.988387 0.859124 1.34405 2.64869 1.0179 0.673843 0.653886 1.23829 1.09934 1.71947 1.38906 1.05691 1.27502 0.633453 0.763081 0.831779 1.72573 1.35308 0.593736 0.451132 0.664617 0.446566 0.432088 0.55527 0.981343
threshold=0.19917368504687752 0.94493070751276453 0.38780974986680611 0.71013824884792642 0.36060320618347969 0 0.47191830780452232 0.6830127018922193 0.44358963562553105 0.4150285082120671 0.13802083333333334 14.500000000000002 0.30666575698619936 0.27040251893455886 0.58825674690007312 0.46101389626997746 3.5000000000000004 0.11197916666666667 13.500000000000002 0.30598103574033558 1 0.070312500000000014 0.23450036469730126 0.085937500000000014 0.33907752531699437 0.42230543645064583 18.500000000000004 0.33394810126210833 0.31694111139477499 0.051797676022028317
decision_type=2 2 2 2 2 1 2 2 2 2 2 2 2 2 2 2 2 2 2 2 1 2 2 2 2 2 2 2 2 2
left_child=-1 2 5 4 -3 -2 18 9 -9 11 -10 12 -8 14 15 -13 -14 -18 -7 20 21 -20 -22 -16 25 -15 -27 28 29 -28
right_child=1 3 -4 -5 -6 6 7 8 10 -11 -12 13 16 24 23 -17 17 -19 19 -21 22 -23 -24 -25 -26 26 27 -29 -30 -31
leaf_value=-0.0011707359473644889 -0.00016873549468780126 0.00035137469222018395 0.00076401735941701262 0.000617850020123516 -0.00020012006803546808 -0.00026325271645216014 -2.2521750660285826e-05 0.0016409371791472295 6.010473818553957e-06 0.00019092677986773629 0.00049125669955445747 0.00041915018413801665 0.0004554988075207415 -0.00049480675790513381 -0.00011398960581162002 -4.3353955975328702e-06 -2.1292011299095488e-05 0.00018190148203209389 0.00025264929797458411 -0.0001288402191815343 -0.00048269524401626076 1.627511993285868e-06 0.0001277684816017627 4.0122328415368027e-05 -0.00014166126196252341 -5.4021908154063923e-05 -0.00015037958875122878 0.00029047050926184448 -0.00011902038329336032 0.00015376112989787361
leaf_weight=1579 616 24 30 20 20 331 159 21 104 34 24 33 22 112 93 21 70 21 34 218 92 73 26 29 244 43 57 32 118 145
leaf_count=1579 616 24 30 20 20 331 159 21 104 34 24 33 22 112 93 21 70 21 34 218 92 73 26 29 244 43 57 32 118 145
internal_value=-0.00118448 -0.000404048 -0.000537474 0.00543741 0.00245449 -0.000608226 -0.00029917 0.000147611 0.00283891 -0.000177616 0.00121874 -0.000322769 0.000970584 -0.000702265 0.00143181 0.00588878 0.00337165 0.00194503 -0.00110077 -0.000358916 0.000866662 0.002641 -0.000890619 -0.00054098 -0.0012024 -0.000692307 -0.000113924 0.000238635 -9.37504e-05 0.000861381
internal_weight=4445 2866 2802 64 44 2772 2156 1382 149 1233 128 1199 272 927 176 54 113 91 774 443 225 107 118 122 751 507 395 352 320 202
internal_count=4445 2866 2802 64 44 2772 2156 1382 149 1233 128 1199 272 927 176 54 113 91 774 443 225 107 118 122 751 507 395 352 320 202
cat_boundaries=0 1 2
cat_threshold=321 162
is_linear=0
shrinkage=0.03


Tree=88
num_leaves=31
num_cat=3
split_feature=5 9 7 13 4 2 2 19 5 0 9 0 19 8 5 8 7 19 3 11 9 5 12 4 5 11 9 3 8 11
split_gain=4.98029 2.26793 1.47532 0.918567 0.923471 0.652546 0.739432 0.806869 0.804019 0.997268 0.634911 0.917522 0.558813 0.478477 1.61801 0.476459 0.899953 0.439021 0.518585 0.450736 0.776748 0.474372 0.435773 0.967595 0.474298 0.892373 0.558877 0.410701 0.37898 0.375724
threshold=0.082995267072346182 0.97957695113056176 0.38780974986680611 1.0000000180025095e-35 0.059895833333333336 0.13281250000000003 0.10156250000000001 0 0.13691683569979718 0.48335966612514275 0.49781181619256026 0.42480650353544097 1 0.095476969969421524 0.12457741717376607 0.087591098708121498 0.04940738278462381 2 0.096354166666666671 0.6830127018922193 0.53610503282275734 0.1179851250845166 0.6078576107927941 0.049479166666666671 0.15314401622718055 -0.68301270189221952 0.42924872355944577 0.070312500000000014 0.19123505505912505 0.93301270189221952
decision_type=2 2 2 2 2 2 2 1 2 2 2 2 1 2 2 2 2 1 2 2 2 2 2 2 2 2 2 2 2 2
left_child=27 2 3 12 17 6 7 8 -6 -10 -9 -12 -2 14 15 -14 -17 18 22 28 21 -21 23 24 25 -5 -27 -1 -19 -15
right_child=1 -3 -4 4 5 -7 -8 10 9 -11 11 -13 13 29 -16 16 -18 19 -20 20 -22 -23 -24 -25 -26 26 -28 -29 -30 -31
leaf_value=-0.001918717637869511 -0.00023572063283262997 0.00042315474283594371 0.00074109683863450256 0.00029460521742016789 -0.00010957137791605942 0.00019056017065511622 -2.6781876762231156e-05 -0.00017394776801280511 0.00038878432322472827 0.00014957089364844069 0.00068019274108444385 -2.5743903720509466e-06 -0.00062182765055526508 -2.6982885413396149e-05 0.00022904763531150983 0.00019400222930307919 -0.00065851557868986668 -0.00031001970895782325 -0.00035896961815917429 0.00040000857921069062 0.00032826625420721606 -0.00016374255443050653 -0.00025586017037470247 0.00022572518068808523 -0.00024264271224924518 0.00014214116858246275 -0.00030024221237018078 0.00027824488263603211 1.2160091852848138e-05 -0.00058144772944648641
leaf_weight=1258 456 27 30 24 23 85 99 76 20 71 21 81 45 1112 25 20 20 404 37 20 39 75 86 23 46 28 37 20 34 103
leaf_count=1258 456 27 30 24 23 85 99 76 20 71 21 81 45 1112 25 20 20 404 37 20 39 75 86 23 46 28 37 20 34 103
internal_value=-0.00118448 -0.000546575 -0.00062102 -0.000684888 -8.80368e-05 0.000970585 0.000452684 0.00121232 0.00304836 0.00458237 -0.00012766 0.00141175 -0.00113026 -0.000797753 0.0010909 -0.000882343 0.00149996 -0.000678781 0.000298967 -0.00114433 0.000358206 -0.00110525 0.000811471 0.00174682 0.000777771 0.00205616 0.000230765 -0.00276526 -0.00163013 -0.000975309
internal_weight=4445 3167 3140 3110 1329 476 391 292 114 91 178 102 1781 1325 110 85 40 853 281 572 134 95 244 158 135 89 65 1278 438 1215
internal_count=4445 3167 3140 3110 1329 476 391 292 114 91 178 102 1781 1325 110 85 40 853 281 572 134 95 244 158 135 89 65 1278 438 1215
cat_boundaries=0 1 2 3
cat_threshold=99 321 208
is_linear=0
shrinkage=0.03


Tree=89
num_leaves=31
num_cat=1
split_feature=6 9 7 19 9 0 6 12 0 7 5 7 5 7 17 17 17 1 7 9 5 7 9 0 1 0 2 11 7 17
split_gain=5.32398 2.19046 1.41217 0.893217 0.78227 0.535782 0.643634 0.543986 0.539224 0.631977 0.524539 0.517521 0.763293 0.679738 2.79878 0.888938 1.05544 0.781433 0.898446 0.515597 0.504288 1.34039 0.502224 0.489358 0.728629 0.716531 0.47989 0.476353 0.444586 0.418909
threshold=0.19917368504687752 0.97957695113056176 0.38780974986680611 0 0.18745441283734501 0.35525449158882932 0.23572223105037346 1.0000000180025095e-35 0.51931752276443832 0.034936295407687758 0.2281947261663286 0.065904323980221752 0.30121703853955378 0.061859297509648241 0.31027880239099248 0.29028784050660406 0.32049069925083423 0.044270833333333336 0.047824124604727077 0.80598103574033564 0.07758620689655174 0.027644259065826824 0.94493070751276453 0.45421979383876848 0.054687500000000007 0.44358963562553105 0.033854166666666671 0.6830127018922193 0.047129306201442851 0.22423623521402439
decision_type=2 2 2 1 2 2 2 2 2 2 2 2 2 2 2 2 2 2 2 2 2 2 2 2 2 2 2 2 2 2
left_child=20 2 3 22 -5 6 -6 11 9 -9 -10 13 23 15 -15 29 17 -17 -19 -12 -1 -22 -2 24 25 -13 -18 -23 -28 -7
right_child=1 -3 -4 4 5 7 -8 8 10 -11 19 12 -14 14 -16 16 26 18 -20 -21 21 27 -24 -25 -26 -27 28 -29 -30 -31
leaf_value=-0.0024093110090881082 -0.00016038628850968475 0.00041046010055086546 0.00071886393347546612 -0.00044062564097029522 -0.00018042485237722039 3.6284261316952994e-05 0.00026338229435505069 0.00012933373526098933 0.00017732277739616889 -0.00014676835214060777 -4.9414485885083005e-06 -0.00038650584012166314 4.3703315413672331e-05 0.0003187269528205967 -5.3289023289368051e-05 5.4002105749562721e-05 7.1533933015375579e-05 0.00010302035751130246 0.00024158173306936361 0.00013495944476277899 0.0003371632964904416 -0.00064640947223020679 0.00025575304482398236 -3.4144708901657791e-05 0.00097733997564720932 0.00029559283892397387 3.7559444639022166e-05 0.00025048819809620414 -0.00048292489428787409 -0.00013236246847546631
leaf_weight=1183 616 27 30 193 29 31 21 23 30 482 286 52 210 21 27 45 29 25 37 20 34 325 37 359 25 21 34 37 52 104
leaf_count=1183 616 27 30 193 29 31 21 23 30 482 286 52 210 21 27 45 29 25 37 20 34 325 37 359 25 21 34 37 52 104
internal_value=-0.00116423 -0.00039358 -0.000474463 -0.00054361 -0.000243768 -6.57164e-05 0.00299994 -0.000145845 -0.000717003 -0.00133663 0.000214284 0.000302238 -0.000211395 0.00114814 0.00449991 0.000697476 0.00186486 0.00400931 0.00619345 -0.000156863 -0.00256301 -0.00163636 -0.00150679 -0.000899342 0.000979581 -0.00053424 -0.000130434 -0.00217127 -0.0012558 -0.00122221
internal_weight=4445 2866 2839 2809 2156 1963 50 1913 841 505 336 1072 667 405 48 357 222 107 62 306 1579 396 653 457 98 73 115 362 86 135
internal_count=4445 2866 2839 2809 2156 1963 50 1913 841 505 336 1072 667 405 48 357 222 107 62 306 1579 396 653 457 98 73 115 362 86 135
cat_boundaries=0 1
cat_threshold=321
is_linear=0
shrinkage=0.03


Tree=90
num_leaves=31
num_cat=0
split_feature=5 9 16 10 10 7 6 3 0 7 5 18 0 17 17 3 9 17 11 9 0 17 14 16 2 7 9 17 6 6
split_gain=4.45265 1.40967 1.1203 3.38306 4.42741 1.37337 1.10642 0.930852 0.694343 0.692289 0.956607 0.716617 0.84845 0.589858 0.598586 0.61384 0.783281 0.574527 0.394954 1.16361 0.593875 0.386062 0.439628 0.619717 0.795049 0.613386 1.63783 0.318128 0.30719 1.15209
threshold=0.07758620689655174 0.97957695113056176 29.500000000000004 -0.5 -0.6830127018922193 0.053878726895501002 0.31935483870967746 0.065104166666666671 0.54802186383041918 0.12338484922465606 0.37018255578093312 0.48088235294117648 0.58164690265879859 0.33907752531699437 0.37286188409497073 0.028645833333333336 0.72611232676878201 0.42745298272487459 0.6830127018922193 0.47191830780452232 0.46968181644835522 0.32418044799969753 1.0000000180025095e-35 5.5000000000000009 0.070312500000000014 0.058101126053317166 0.58242159008023353 0.37915922049187312 0.59032258064516141 0.64746543778801857
decision_type=2 2 2 2 2 2 2 2 2 2 2 2 2 2 2 2 2 2 2 2 2 2 2 2 2 2 2 2 2 2
left_child=-1 2 8 4 6 -6 -4 -7 21 10 11 -10 -13 18 -15 -16 27 -18 28 -20 -21 22 -2 -24 25 26 -25 -17 -5 -30
right_child=1 -3 3 13 5 7 -8 -9 9 -11 -12 12 -14 14 15 16 17 -19 19 20 -22 -23 23 24 -26 -27 -28 -29 29 -31
leaf_value=-0.0020339794254506873 -0.00019968521898061086 0.00031232145802993186 -0.00038607777379721719 -1.6085980028732415e-05 0.00024707897956188269 0.00073924056518426848 0.00010097243540920702 0.0016101325072730452 -3.2036638469511143e-05 -0.00011217944791895244 5.3073229639449009e-05 7.9599027178470379e-05 -1.2106831012851569e-05 -0.00020420434236418554 0.00019259947752972302 1.5226406443456687e-06 -5.5820783569013891e-05 0.00019623956284498431 -0.00012574663866637311 0.0013686141632649718 2.9618818368315734e-05 -0.0003953839793726629 -0.00046694745491346893 0.00019268848034167512 0.00030952765684352085 -0.00041584538400004885 -0.00025162915379663587 -0.00013269260967315786 0.00014555965306972489 -1.095553674087625e-05
leaf_weight=1226 630 26 63 710 22 39 30 20 108 116 21 33 44 315 32 23 28 25 55 20 24 361 74 34 24 82 40 100 30 64
leaf_count=1226 630 26 63 710 22 39 30 20 108 116 21 33 44 315 32 23 28 25 55 20 24 361 74 34 24 82 40 100 30 64
internal_value=-0.00131636 -0.000726277 -0.000783392 -0.000225001 0.00372412 0.00885174 -0.000741928 0.0112371 -0.00135354 -0.000111802 0.000932034 0.000243241 0.00245451 -0.000706873 -0.0015086 -0.000259615 -0.000954541 0.0020943 -0.000242525 0.00154544 0.0051817 -0.0016747 -0.0013371 -0.000283464 0.000666662 -0.000115385 0.00186484 -0.00226827 -0.000462687 0.00114892
internal_weight=4419 3193 3167 1600 174 81 93 59 1567 322 206 185 77 1426 523 208 176 53 903 99 44 1245 884 254 180 156 74 123 804 94
internal_count=4419 3193 3167 1600 174 81 93 59 1567 322 206 185 77 1426 523 208 176 53 903 99 44 1245 884 254 180 156 74 123 804 94
is_linear=0
shrinkage=0.03


Tree=91
num_leaves=31
num_cat=1
split_feature=6 9 9 1 11 19 11 2 3 9 0 0 3 16 10 16 6 7 6 7 3 16 0 6 13 16 11 1 0 6
split_gain=4.14864 1.37647 0.849662 0.673739 0.840557 0.569038 0.479108 0.970514 0.871042 0.68664 0.853142 0.585763 0.637083 0.527332 1.51955 1.31531 1.80743 0.738084 0.646453 0.862492 1.22444 0.568239 0.521486 1.21148 0.618127 1.00237 0.471387 0.486997 0.549236 0.41997
threshold=0.19917368504687752 0.97957695113056176 0.18745441283734501 0.028645833333333336 0.6830127018922193 0 -0.5 0.018229166666666668 0.039062500000000007 0.5948212983223925 0.42141001303737941 0.58757867942685726 0.075520833333333343 11.500000000000002 0.25000000000000011 29.500000000000004 0.33317972350230424 0.053878726895501002 0.42534562211981575 0.12201822244818451 0.10156250000000001 14.500000000000002 0.46968181644835522 0.35898617511520742 1.0000000180025095e-35 12.500000000000002 -0.24999999999999994 0.044270833333333336 0.58542297693482837 0.21612903225806454
decision_type=2 2 2 2 2 1 2 2 2 2 2 2 2 2 2 2 2 2 2 2 2 2 2 2 2 2 2 2 2 2
left_child=3 2 -2 -1 -5 29 11 8 -8 13 -11 -7 -13 26 15 17 -17 -15 -19 20 -20 -16 -12 -24 -25 -26 27 -9 -29 -4
right_child=1 -3 5 4 -6 6 7 9 -10 10 22 12 -14 14 21 16 -18 18 19 -21 -22 -23 23 24 25 -27 -28 28 -30 -31
leaf_value=-0.0020090005448474739 -0.00049449109267153213 0.00030295181428903332 0.00057909710308607309 -0.00043939719711029516 0.00037927685615101803 -5.6626367862059088e-05 0.00031476098785864973 0.00011519635541289309 -8.6287097407302285e-05 0.0014352910250710537 -0.00046570073372882118 0.00015058779509463744 8.3047759545682358e-07 8.1196184048651861e-05 0.00048365392755056295 0.00032734133476321041 0.0012700307869290201 -0.00052539490230392536 0.00019558697204048864 -0.00018828402006734941 -9.0462389855464997e-05 -2.442012270908465e-05 0.00088277188566947046 -6.5168455068281125e-06 0.00025121930193292789 -5.3786761926483552e-05 -0.0002425609959049576 -0.00020450111253785325 1.7267719846899261e-05 -0.00025248938377651052
leaf_weight=1209 265 26 23 335 27 764 20 27 25 21 43 20 88 20 23 32 30 48 31 39 29 395 26 106 31 45 249 64 35 323
leaf_count=1209 265 26 23 335 27 764 20 27 25 21 43 20 88 20 23 32 30 48 31 39 29 395 26 106 31 45 249 64 35 323
internal_value=-0.00132315 -0.00064045 -0.000703757 -0.00256079 -0.00142541 -0.000536176 -0.000352544 2.23976e-06 0.00433324 -0.000148378 0.00119117 -0.000901376 0.00116666 -0.000504893 1.39096e-05 0.00197816 0.00570958 0.00059281 -0.000142857 0.00124241 0.00349994 -0.0010622 0.000705176 0.00132692 0.000461535 0.00252628 -0.0014 9.52366e-05 -0.00087878 -0.00165168
internal_weight=4419 2848 2822 1571 362 2557 2211 1339 45 1294 272 872 108 1022 647 229 62 167 147 99 60 418 251 208 182 76 375 126 99 346
internal_count=4419 2848 2822 1571 362 2557 2211 1339 45 1294 272 872 108 1022 647 229 62 167 147 99 60 418 251 208 182 76 375 126 99 346
cat_boundaries=0 1
cat_threshold=257
is_linear=0
shrinkage=0.03


Tree=92
num_leaves=31
num_cat=3
split_feature=5 16 10 6 10 20 19 11 17 5 7 20 12 13 10 16 16 7 17 17 11 7 17 7 19 1 20 19 17 7
split_gain=4.27697 1.08006 2.16888 2.78424 1.892 2.06858 0.899163 1.05212 1.50869 0.86385 0.8392 0.710078 0.644794 0.569256 0.910736 0.959907 0.872034 0.674967 0.558701 0.717392 0.652459 0.532136 0.727323 0.495698 0.489891 0.900989 0.504188 0.407835 0.472233 0.604157
threshold=0.072008113590263698 29.500000000000004 -0.5 0.41336405529953929 -0.6830127018922193 0.49332608432250175 0 0.25000000000000017 0.39080606492770981 0.1288032454361055 0.033653789512837727 0.37807704580811868 1.0000000180025095e-35 1.0000000180025095e-35 0.68301270189221941 17.500000000000004 8.5000000000000018 0.10937795756218473 0.33907752531699437 0.44413241426261602 0.6830127018922193 0.065904323980221752 0.31694111139477499 0.089808076667447473 1 0.10677083333333334 0.46700898086239068 2 0.33082290868862235 0.061859297509648241
decision_type=2 2 2 2 2 2 1 2 2 2 2 2 2 2 2 2 2 2 2 2 2 2 2 2 1 2 2 1 2 2
left_child=-1 9 3 4 -3 -6 7 11 -9 -2 -11 -4 13 24 21 16 17 -16 27 -20 -21 22 -15 -13 25 26 -12 -8 -29 -30
right_child=1 2 6 -5 5 -7 18 8 -10 10 12 23 -14 14 15 -17 -18 -19 19 20 -22 -23 -24 -25 -26 -27 -28 28 29 -31
leaf_value=-0.0023436282120965044 -0.00059612112630636556 -0.00026418796403936817 0.00084069770890552213 0.0014563609055443644 0.0011315336867150653 9.7243849157858372e-05 -0.00016070900908600675 0.0013082476786393962 2.5811713001041689e-05 1.6212984611156411e-05 0.00012679018025875527 -0.00018953370340516902 -9.9201235711849752e-05 0.00020441130418308933 -4.2300518113890758e-05 -2.3748770214784337e-05 0.00048859744693904449 0.00016206734601336239 -0.00013074040056850546 0.0001711730582876923 -1.6566939067482846e-05 -0.0002882514212594041 -0.0004614828741799856 2.0145880332581888e-05 -0.00021147200894414112 3.9832127840543172e-05 -0.00027141732786453509 -2.0324192803347727e-06 0.00033092002772548083 -1.2881066573884823e-05
leaf_weight=1150 476 85 24 26 30 36 236 21 31 23 20 68 459 31 30 46 32 24 433 20 21 131 28 21 181 38 85 561 22 30
leaf_count=1150 476 85 24 26 30 36 236 21 31 23 20 68 459 31 30 46 32 24 433 20 21 131 28 21 181 38 85 561 22 30
internal_value=-0.00129599 -0.000742429 -0.000207208 0.00293219 0.00137085 0.00518174 -0.000580645 0.00145713 0.00507682 -0.001298 -0.000845745 -7.9646e-05 -0.000963801 -0.000352941 0.00054037 0.00245453 0.00432553 0.00199996 -0.00083946 -0.00167088 0.0021219 -0.00078947 0.00157624 -0.00131459 -0.00124074 0.000137253 -0.0012857 -0.000385159 3.37071e-05 0.00276918
internal_weight=4419 3269 1665 177 151 66 1488 165 52 1604 1128 113 1105 646 322 132 86 54 1323 474 41 190 59 89 324 143 105 849 613 52
internal_count=4419 3269 1665 177 151 66 1488 165 52 1604 1128 113 1105 646 322 132 86 54 1323 474 41 190 59 89 324 143 105 849 613 52
cat_boundaries=0 1 2 3
cat_threshold=4 643 769
is_linear=0
shrinkage=0.03


Tree=93
num_leaves=31
num_cat=2
split_feature=5 0 16 9 9 10 7 7 6 9 5 9 19 7 16 6 6 17 1 7 10 19 0 1 4 7 9 13 17 13
split_gain=4.3884 1.33894 0.977977 0.837019 0.644327 0.622308 1.13244 1.84676 0.710158 0.701375 1.94926 0.469231 0.525288 0.610976 0.600274 0.548257 1.35581 1.30651 0.394033 0.487975 0.793934 0.727807 0.714697 0.73528 1.20449 0.734088 0.448582 0.640951 0.623026 0.39989
threshold=0.072008113590263698 0.54802186383041918 29.500000000000004 0.61159737417943127 0.97957695113056176 1.0000000180025095e-35 0.053878726895501002 0.060420512343985253 0.3175115207373273 0.5970094821298324 0.13894523326572011 0.34390955506929255 0 0.070186626513688774 6.5000000000000009 0.17854759256316546 0.3000000000000001 0.31142030465492304 0.075520833333333343 0.089132082478676544 -0.24999999999999994 1 0.62953366514144282 0.11197916666666667 0.096354166666666671 0.11146912280415879 0.57330415754923425 1.0000000180025095e-35 0.35354437920177018 1.0000000180025095e-35
decision_type=2 2 2 2 2 2 2 2 2 2 2 2 1 2 2 2 2 2 2 2 2 1 2 2 2 2 2 2 2 2
left_child=-1 2 11 5 18 6 -4 -8 -9 -7 -11 -2 13 15 -15 -13 17 -17 -3 20 -20 22 23 25 29 -21 -23 -28 -29 -25
right_child=1 4 3 -5 -6 9 7 8 -10 10 -12 12 -14 14 -16 16 -18 -19 19 21 -22 26 -24 24 -26 -27 27 28 -30 -31
leaf_value=-0.0022733193657336098 -0.00044301959808101875 -5.4186233285331332e-05 -3.6726020618764299e-05 -0.00010825071960112718 0.00025461582950118045 -4.6798466750912559e-05 0.0012768355324348014 -9.3865751357518449e-05 0.0002364664423914924 0.0013089907417674559 -0.00017085533672284267 -0.0014512693196716579 -0.00019641336789837948 0.00011104175087555112 -0.000362081840084818 0.00032943472598859561 -1.1609567477997629e-05 4.8598213393964767e-06 0.00062026193265892729 -0.00014653181982326414 -1.8418583310290124e-05 -7.7332059623945942e-05 -2.34491208913989e-05 0.00018528703194875299 1.2963649096405034e-05 5.5350902490969893e-05 -1.5856499633934894e-05 0.00038791342799906228 -1.1519800947412248e-05 0.00027523631015018477
leaf_weight=1150 546 87 73 639 26 438 22 26 21 24 38 23 489 21 78 20 84 21 31 26 173 56 43 20 62 25 85 20 32 20
leaf_count=1150 546 87 73 639 26 438 22 26 21 24 38 23 489 21 78 20 84 21 31 26 173 56 43 20 62 25 85 20 32 20
internal_value=-0.00127563 -0.000714898 -0.00103355 -0.000447307 0.000441925 0.000317756 0.00207041 0.00482602 0.00146805 -0.00018 0.00280641 -0.00161934 -0.001125 3.50186e-05 -0.00178786 0.00125675 0.00203998 0.00651204 0.000264705 0.000541314 -0.000647056 0.00116452 0.00238834 0.00347056 0.00494113 0.000529401 -0.000192118 0.000722622 0.00334609 0.00899977
internal_weight=4419 3269 2563 1281 706 642 142 69 47 500 62 1282 736 247 99 148 125 41 680 593 204 389 196 153 102 51 193 137 52 40
internal_count=4419 3269 2563 1281 706 642 142 69 47 500 62 1282 736 247 99 148 125 41 680 593 204 389 196 153 102 51 193 137 52 40
cat_boundaries=0 1 2
cat_threshold=519 642
is_linear=0
shrinkage=0.03


Tree=94
num_leaves=31
num_cat=1
split_feature=0 9 19 9 2 1 16 10 10 18 17 8 4 8 17 2 13 16 10 8 9 17 9 4 2 8 17 17 12 9
split_gain=4.09878 1.10001 0.955827 1.23625 0.809749 0.688084 0.684535 1.39164 2.49302 0.853645 0.770722 0.640727 0.635585 0.620381 0.738519 0.706143 0.63734 0.629935 0.608393 0.603787 0.708951 1.23695 0.595209 0.557272 0.99168 0.588736 0.866623 1.25367 0.46016 0.449988
threshold=0.32319281828654317 0.18745441283734501 0 0.89824945295404834 0.12760416666666669 0.15364583333333334 29.500000000000004 -0.5 -0.6830127018922193 0.47500000000000003 0.34018381414347726 0.13052933333219532 0.14843750000000003 0.14189758641386938 0.32622428205782822 0.028645833333333336 0.81174490092936691 6.5000000000000009 1.0000000180025095e-35 0.12421201642130983 0.57622173595915405 0.31027880239099248 0.70240700218818397 0.059895833333333336 0.12239583333333334 0.20833669660143139 0.29240798288626951 0.33660965024253259 -0.60785761079279388 0.53610503282275734
decision_type=2 2 1 2 2 2 2 2 2 2 2 2 2 2 2 2 2 2 2 2 2 2 2 2 2 2 2 2 2 2
left_child=11 -2 3 13 6 -5 28 8 -8 -10 12 -1 -9 14 19 -15 17 -17 -6 20 -3 -22 -23 -19 25 26 -25 -28 -4 -27
right_child=1 2 4 5 18 -7 7 10 9 -11 -12 -13 -14 15 -16 16 -18 23 -20 -21 21 22 -24 24 -26 29 27 -29 -30 -31
leaf_value=-0.0023165786896384281 -0.00051239162796504222 -3.7230184589663468e-05 -8.0185060696609176e-05 7.5608268475264235e-06 7.2474807239997487e-05 0.0003637963187028915 -0.00036210985984090117 -1.1373234387540917e-05 0.00085676733809300935 0.0008557434804087042 -0.00012477420798059165 4.8088546482503243e-05 0.00022389450151385633 0.00024214754509875675 -0.00032063512222034403 -0.00013202852844367439 0.0001615948922203398 -0.00010175887789655978 1.5243135932031151e-06 -0.00040323738164696829 0.00042722697121253802 0.00082811859378899939 -0.00056947387428884133 -2.6840316652496037e-05 -1.4787202163720861e-05 -4.7141950204719488e-05 0.00019563228508543871 5.1241404166826118e-06 -0.00020248097154980783 8.7372087728457951e-05
leaf_weight=1129 298 56 264 26 35 23 44 641 21 31 285 23 24 29 173 71 75 95 121 61 25 21 21 29 79 40 31 26 582 40
leaf_count=1129 298 56 264 26 35 23 44 641 21 31 285 23 24 29 173 71 75 95 121 61 25 21 21 29 79 40 31 26 582 40
internal_value=-0.00120095 -0.000658403 -0.000484002 0.000319011 -0.000842566 0.00495908 -0.00101797 -0.00050478 0.00293747 0.00738447 -0.000852631 -0.00273958 -0.000293233 6.19258e-05 -0.000899158 0.000728153 0.000456788 -7.29997e-06 0.00123076 0.00042391 0.00163413 0.00371636 0.000571414 0.000529409 0.00128571 0.00260239 0.00432553 0.00647357 -0.00165248 0.00074999
internal_weight=4419 3267 2969 921 2048 49 1892 1046 96 52 950 1152 665 872 357 515 486 411 156 184 123 67 42 340 245 166 86 57 846 80
internal_count=4419 3267 2969 921 2048 49 1892 1046 96 52 950 1152 665 872 357 515 486 411 156 184 123 67 42 340 245 166 86 57 846 80
cat_boundaries=0 1
cat_threshold=518
is_linear=0
shrinkage=0.03


Tree=95
num_leaves=31
num_cat=2
split_feature=6 5 9 9 19 11 9 2 6 4 1 3 6 18 9 7 18 7 2 9 4 18 6 3 13 18 0 19 6 7
split_gain=4.99452 1.56789 0.841593 0.767928 0.923689 1.13381 1.88361 1.74003 1.53038 1.21876 0.832626 0.733895 1.01878 1.01869 1.19255 0.68509 0.633882 0.503855 0.495197 0.70372 0.50771 0.48948 0.478233 0.499669 0.553307 0.747553 0.604423 0.441225 0.546556 0.866246
threshold=0.13870967741935489 0.2991886409736309 0.72611232676878201 0.18745441283734501 0 0.25000000000000017 0.47191830780452232 0.028645833333333336 0.20761163197203245 0.096354166666666671 0.12239583333333334 0.075520833333333343 0.65115207373271911 0.46323529411764708 0.60649161196207169 0.16947311116436589 0.45735294117647063 0.038670947752277481 0.15885416666666669 0.73668854850474119 0.096354166666666671 0.4485294117647059 0.25728587319243612 0.10677083333333334 0.81174490092936691 0.47794117647058826 0.47407937031367969 1 0.32119815668202772 0.05468897878109228
decision_type=2 2 2 2 1 2 2 2 2 2 2 2 2 2 2 2 2 2 2 2 2 2 2 2 2 2 2 1 2 2
left_child=-1 3 11 -2 -5 10 8 -8 -7 16 17 -3 13 21 15 -15 -9 -6 19 -4 -21 -13 -19 24 -24 26 -26 28 29 -10
right_child=1 2 18 4 5 6 7 9 27 -11 -12 12 -14 14 -16 -17 -18 22 -20 20 -22 -23 23 -25 25 -27 -28 -29 -30 -31
leaf_value=-0.001885294683334635 -0.00045394743257604943 -7.4917149356417236e-05 0.00028117490572821647 -0.00013494333918070693 1.5683403459411637e-05 0.00042424139477585042 0.00078342336746327552 0.00031517018435362674 0.00033951799036978429 0.0017280165425975704 4.2074368129235202e-05 5.8910599806193391e-05 -1.9499179183126847e-05 -0.00010037155896902714 0.00010186065456168616 0.00038910381318966211 -1.3285609122735091e-05 -0.00034860463065686215 -2.6942861305983653e-06 -2.1843795926767827e-05 0.00038136294250615065 0.00017781293723345495 -2.743106608480319e-05 -0.00010044373608734434 9.7955995687666654e-05 0.00037531699277383639 -5.7802910302883948e-05 -0.00010095687271720486 0.00014554193530448117 -0.0002144781516099454
leaf_weight=1170 290 89 26 841 131 28 23 25 24 23 35 23 110 73 28 20 90 296 37 31 37 21 440 110 22 21 25 277 27 51
leaf_count=1170 290 89 26 841 131 28 23 25 24 23 35 23 110 73 28 20 90 296 37 31 37 21 440 110 22 21 25 277 27 51
internal_value=-0.00103555 -0.000434332 0.00112121 -0.000711407 -0.000541182 -0.00012304 0.000961265 0.00370805 -0.000125308 0.00243476 -0.000694445 0.000379119 0.00114545 0.00263635 0.00121487 -0.000419351 0.0011739 -0.00084689 0.00318318 0.00434038 0.00273525 0.00654531 -0.00109628 -0.000621359 -0.00022441 0.00229408 0.000191485 -0.000625329 0.00101785 -0.000199998
internal_weight=4444 3274 495 2779 2489 1648 568 161 407 138 1080 364 275 165 121 93 115 1045 131 94 68 44 914 618 508 68 47 379 102 75
internal_count=4444 3274 495 2779 2489 1648 568 161 407 138 1080 364 275 165 121 93 115 1045 131 94 68 44 914 618 508 68 47 379 102 75
cat_boundaries=0 1 2
cat_threshold=416 76
is_linear=0
shrinkage=0.03


Tree=96
num_leaves=31
num_cat=2
split_feature=6 1 16 11 10 9 5 9 17 0 9 8 7 17 5 19 16 6 14 13 8 0 4 19 7 0 0 0 8 4
split_gain=4.8438 1.4435 1.03603 1.31929 1.11513 1.75308 1.08593 1.1558 1.3055 0.997195 0.940264 0.989207 2.0278 0.858837 0.767074 0.865061 1.41198 1.87569 0.71015 0.776393 0.636415 0.622192 0.614308 0.632549 1.08647 1.04152 1.79878 0.629105 0.608261 0.599592
threshold=0.17854759256316546 0.11197916666666667 29.500000000000004 -0.24999999999999994 0.25000000000000011 0.50474106491611981 0.17139959432048682 0.49781181619256026 0.28716704961279899 0.35719109297700841 0.72611232676878201 0.29024861203486146 0.10811401452739054 0.31529818445385432 0.0764029749830967 0 29.500000000000004 0.13870967741935489 1.0000000180025095e-35 0.81174490092936691 0.129574486851217 0.34573198218960854 0.033854166666666671 1 0.069872590815374724 0.47680365491675797 0.43439828646662476 0.52260523305345885 0.15242185369161029 0.028645833333333336
decision_type=2 2 2 2 2 2 2 2 2 2 2 2 2 2 2 1 2 2 2 2 2 2 2 1 2 2 2 2 2 2
left_child=14 2 18 9 5 -5 7 20 -9 21 28 12 -12 -10 -1 16 -16 -18 19 -2 -6 -4 -20 -24 25 26 -25 -26 -3 -21
right_child=1 10 3 4 6 -7 -8 8 13 -11 11 -13 -14 -15 15 -17 17 -19 22 29 -22 -23 23 24 27 -27 -28 -29 -30 -31
leaf_value=-0.0022453610018135137 -0.00026735808233992837 0.00029002803418534928 1.3090755565474854e-05 0.00020889880340214012 9.7222961345588013e-05 0.0012363946952473753 -3.9466854197722373e-05 0.00050068840872263137 -0.00020158024903728724 -3.7042986837598443e-05 -8.2741897653442149e-07 -8.9327331936917274e-06 0.00035746708766507429 0.00035332494553363752 -0.00093422555225128215 -0.00056468043764779791 -0.00019467505985808442 0.00086099682906826277 -0.00036624092532164905 -0.00082240052997514085 -0.00027449144572276417 0.00033063138632069615 -0.00014574663600511241 1.456267224874903e-05 -0.0007453849293470792 -0.00021905588479636525 0.00031876229720377488 2.3012745749760047e-05 2.2887276407104431e-06 5.8555342430128501e-05
leaf_weight=1144 692 27 26 74 56 23 162 25 34 746 32 46 31 40 53 193 33 24 58 46 44 20 127 33 53 30 36 43 348 145
leaf_count=1144 692 27 26 74 56 23 162 25 34 746 32 46 31 40 53 193 33 24 58 46 44 20 127 33 53 30 36 43 348 145
internal_value=-0.00103555 -0.000347348 -0.000636292 -2.40007e-05 0.00125764 0.00411336 0.000490303 0.00197486 0.00427268 -0.000765151 0.00115289 0.00360547 0.00604752 0.00227024 -0.00246095 -0.00111881 0.000999991 0.00436834 -0.00124228 -0.00170895 -0.000299998 0.00352166 -0.000157895 0.000354035 0.00139024 0.00366663 0.00569557 -0.000812492 0.000439998 -1.57074e-05
internal_weight=4444 2997 2513 1250 458 97 361 199 99 792 484 109 63 74 1447 303 110 57 1263 883 100 46 380 322 195 99 69 96 375 191
internal_count=4444 2997 2513 1250 458 97 361 199 99 792 484 109 63 74 1447 303 110 57 1263 883 100 46 380 322 195 99 69 96 375 191
cat_boundaries=0 1 2
cat_threshold=45 326
is_linear=0
shrinkage=0.03


Tree=97
num_leaves=31
num_cat=1
split_feature=6 16 8 8 12 19 2 10 8 8 18 4 5 13 4 12 4 16 8 5 18 6 2 13 20 16 6 5 6 7
split_gain=4.87597 1.32009 1.23662 1.08014 0.958878 0.856291 0.792011 1.5616 2.74425 0.954597 0.993051 0.701129 0.720216 0.669089 0.909045 0.617462 0.952013 0.912304 1.74051 0.614202 0.552439 0.787377 1.01957 0.692202 0.537769 0.534659 0.531369 1.11135 0.688022 0.883792
threshold=0.16308596853646914 28.500000000000004 0.37367877865781685 0.088889909737814618 -1.0000000180025095e-35 0 0.070312500000000014 -0.5 0.15839388229963916 0.26495406874879129 0.46029411764705885 0.033854166666666671 0.15111561866125764 -0.56174490092936669 0.096354166666666671 1.0000000180025095e-35 0.033854166666666671 7.5000000000000009 0.11960370671186522 0.347870182555781 0.49852941176470594 0.26197362148418885 0.023437500000000003 1.0000000180025095e-35 0.29001749062968413 2.5000000000000004 0.29539170506912449 0.18356997971602437 0.23432385189893537 0.063091324822079201
decision_type=2 2 2 2 2 1 2 2 2 2 2 2 2 2 2 2 2 2 2 2 2 2 2 2 2 2 2 2 2 2
left_child=24 5 3 4 -3 15 20 8 -8 11 -11 12 -9 -12 -15 16 -2 25 -19 -20 23 22 -22 -5 -1 -18 28 -28 29 -25
right_child=1 2 -4 6 -6 -7 7 9 -10 10 13 -13 -14 14 -16 -17 17 18 19 -21 21 -23 -24 26 -26 -27 27 -29 -30 -31
leaf_value=-0.0028682340200011621 -0.00031379329220981497 -4.8614353205249261e-05 0.00046021046428897626 -0.00017902534347246458 0.00033751522713554972 -0.0002816466176875575 8.4395301969872712e-05 0.00025297898099606309 0.0010913995009584748 -9.0572877656661878e-05 9.2423655270613831e-05 -9.71239373836204e-06 -1.4003091059293528e-05 0.00032289950520940109 0.00032681364522651801 -4.4254837522367288e-05 0.00013267164348343641 0.00031882020901219805 8.1340132659672486e-06 5.564905449588235e-05 0.0005393985483129086 -6.1555644134647445e-06 -5.1824587792904468e-05 -6.681453513976289e-06 -0.00059267016843815557 -0.00022633971418194155 0.00018803445825117093 -3.3361817523841681e-05 -0.00016165299176920518 0.00053411463957960892
leaf_weight=925 84 24 24 398 35 632 40 25 21 34 23 389 39 21 23 374 33 35 211 30 23 116 28 77 419 128 42 39 130 22
leaf_count=925 84 24 24 398 35 632 40 25 21 34 23 389 39 21 23 374 33 35 211 30 23 116 28 77 419 128 42 39 130 22
internal_value=-0.00102205 -0.000367743 0.000242211 0.000137507 0.00411857 -0.000996071 -2.01349e-05 0.000804876 0.00536057 0.000303248 0.00294056 -0.000284768 0.00262496 0.00505963 0.00722711 -0.000381216 0.000282148 0.000844391 0.0018913 0.000983398 -0.0006 0.000952089 0.00405874 -0.000966101 -0.00253125 -0.000950305 9.67732e-05 0.00218516 -0.000641919 0.00124241
internal_weight=4444 3100 1573 1549 59 1527 1490 615 61 554 101 453 64 67 44 895 521 437 276 241 875 167 51 708 1344 161 310 81 229 99
internal_count=4444 3100 1573 1549 59 1527 1490 615 61 554 101 453 64 67 44 895 521 437 276 241 875 167 51 708 1344 161 310 81 229 99
cat_boundaries=0 1
cat_threshold=682
is_linear=0
shrinkage=0.03


Tree=98
num_leaves=31
num_cat=0
split_feature=6 0 8 8 7 11 12 17 17 7 0 6 16 8 3 5 8 8 6 0 16 16 7 18 1 2 2 3 9 11
split_gain=4.60475 1.15653 0.958618 1.22677 0.665664 1.52531 0.62494 0.970358 1.374 1.6874 0.852055 0.808118 1.35077 0.602067 0.541105 0.538767 0.530057 0.584442 1.09444 0.578155 0.479983 0.474382 0.964525 0.49373 0.82822 0.631809 0.5411 0.456164 0.845788 0.696933
threshold=0.16308596853646914 0.53546325041373666 0.089560300767560053 0.087591098708121498 0.053262949793462168 0.6830127018922193 1.0000000180025095e-35 0.32010041698578856 0.3156752616798571 0.058759783341775416 0.43625255540189894 0.30368663594470052 26.500000000000004 0.15093115396300516 0.039062500000000007 0.069979716024340791 0.35159761643159942 0.1482181984897806 0.3626728110599079 0.50628773408195216 29.500000000000004 27.500000000000004 0.078820572627737201 0.48382352941176471 0.065104166666666671 0.044270833333333336 0.059895833333333336 0.075520833333333343 0.67177242888402644 -0.68301270189221952
decision_type=2 2 2 2 2 2 2 2 2 2 2 2 2 2 2 2 2 2 2 2 2 2 2 2 2 2 2 2 2 2
left_child=4 2 3 14 -1 -6 7 8 10 -10 15 12 -12 -3 -2 -4 17 -13 -19 -20 -17 -8 -23 24 26 -25 -24 28 -15 -30
right_child=1 13 6 -5 5 -7 21 -9 9 -11 11 16 -14 27 -16 20 -18 18 19 -21 -22 22 23 25 -26 -27 -28 -29 29 -31
leaf_value=-0.0015404399885765429 -0.00016093557755229065 0.0002700479011424934 0.00011903874838014011 0.00035150789764937831 -0.00083086011967618053 0.00038152434668549466 -0.00031052056866651834 -0.00013056120159031214 0.00029320053012138464 -0.0004109783077998101 0.00033640032932006107 -3.1644835392104489e-05 -0.00010707039706418103 -9.0253671321858636e-05 2.9786310340087225e-05 -0.00049958932990922726 -0.00063195031468120692 0.00030248277579345858 -7.5313446062100155e-06 0.00018891287229250495 -1.3343624764287369e-06 -0.00017370658554230606 0.000701951265125058 5.9609271525486317e-05 0.00033467777777571148 -0.00046079348003587989 -0.0012732691985223685 1.4127655399821558e-05 0.00016389894727015706 -0.00013959230017674402
leaf_weight=1234 58 26 24 25 89 21 460 452 24 24 20 118 22 156 33 178 36 29 91 33 177 381 22 24 26 37 20 557 27 20
leaf_count=1234 58 26 24 25 89 21 460 452 24 24 20 118 22 156 33 178 36 29 91 33 177 381 22 24 26 37 20 557 27 20
internal_value=-0.0010423 -0.000406452 -0.000744166 0.00191378 -0.00250893 -0.000272726 -0.000884441 -0.000434854 0.000208762 0.00512489 -0.000115385 0.000954151 0.00485703 0.000587785 0.000296699 -0.00110026 0.000420193 0.000874535 0.00209802 0.00087096 -0.00139436 -0.00145361 -0.000823529 0.00141859 0.00317642 -0.000540975 0.000571414 0.000434209 -0.000783248 0.00274462
internal_weight=4444 3100 2314 116 1344 110 2198 1228 776 48 728 349 42 786 91 379 307 271 153 124 355 970 510 129 68 61 42 760 203 47
internal_count=4444 3100 2314 116 1344 110 2198 1228 776 48 728 349 42 786 91 379 307 271 153 124 355 970 510 129 68 61 42 760 203 47
is_linear=0
shrinkage=0.03


Tree=99
num_leaves=31
num_cat=0
split_feature=6 16 10 10 8 9 0 0 8 12 16 0 16 7 0 6 18 1 8 0 9 6 6 2 6 8 7 0 0 9
split_gain=4.47207 1.44611 1.57386 2.57284 1.63338 1.46649 2.05241 1.17505 0.977432 0.836721 0.689712 0.888539 1.20338 1.37465 0.83447 0.818307 0.668167 0.646495 0.863193 1.16661 0.622643 0.899269 0.73578 0.58447 0.536217 0.671656 0.532785 0.797113 0.481612 0.797077
threshold=0.13870967741935489 28.500000000000004 -0.5 -0.6830127018922193 0.078811545216678311 0.53610503282275734 0.4646856256676653 0.43741959702800254 0.15723101739870424 1.0000000180025095e-35 9.5000000000000018 0.47556016327877837 24.500000000000004 0.076914195107654987 0.45956809332532095 0.46682027649769592 0.43088235294117649 0.14322916666666669 0.25928284646248428 0.64473107689836062 0.72611232676878201 0.64377880184331815 0.56267281105990796 0.085937500000000014 0.16777371682822187 0.088889909737814618 0.053262949793462168 0.33458207408886598 0.35719109297700841 0.44894237782640417
decision_type=2 2 2 2 2 2 2 2 2 2 2 2 2 2 2 2 2 2 2 2 2 2 2 2 2 2 2 2 2 2
left_child=26 7 3 8 -4 6 -5 -2 -3 10 23 12 13 14 -12 -13 -17 24 -19 -20 21 22 -18 -9 -6 -26 -1 -28 29 -27
right_child=1 2 4 5 17 -7 -8 9 -10 -11 11 15 -14 -15 -16 16 20 18 19 -21 -22 -23 -24 -25 25 28 27 -29 -30 -31
leaf_value=-0.001932054289761105 -0.00043973518444990497 -0.00022663625890239524 0.00076572635486811286 0.0012141019244283136 -0.00082416567250457793 0.0011489085725554654 0.00021484110742282011 -0.00019323765712430773 0.00022145207865601906 -8.6962780049283222e-05 0.00026454922322424897 -0.00013593930854234818 -0.00038810225352745882 -0.00020956229053432462 0.00045635830281867478 -0.00039536081647597796 0.00013685093930261336 -1.3725448300456256e-05 0.0003613816176474779 -3.1949443474566437e-06 0.00011744250620038481 -7.7496854465080401e-05 3.807473246951343e-05 1.186919402165763e-05 0.00014089692582148003 -0.00055752846731471433 0.00019383350672294203 -0.00061857397668332425 -1.4542724758069586e-05 0.00022901395050225204
leaf_weight=1114 608 86 22 20 74 25 44 146 28 422 39 128 21 21 22 22 33 63 32 24 24 27 26 73 36 20 25 31 1142 46
leaf_count=1114 608 86 22 20 74 25 44 146 28 422 39 128 21 21 22 22 33 63 32 24 24 27 26 73 36 20 25 31 1142 46
internal_value=-0.00104906 -0.000480147 0.000140793 0.00261575 -0.000203565 0.00643813 0.00403119 -0.00112035 -0.000368419 -0.00049004 0.000247422 0.00104958 0.00340773 0.00504872 0.00732775 0.000115383 0.00177271 -0.000327767 0.0017899 0.00449992 0.00272725 0.00153487 0.00361011 -0.00108219 -0.000518968 -0.000371383 -0.00264102 0.000214281 -0.000491722 0.00199997
internal_weight=4444 3274 1662 203 1459 89 64 1612 114 1004 582 363 103 82 61 260 132 1437 119 56 110 86 59 219 1318 1244 1170 56 1208 66
internal_count=4444 3274 1662 203 1459 89 64 1612 114 1004 582 363 103 82 61 260 132 1437 119 56 110 86 59 219 1318 1244 1170 56 1208 66
is_linear=0
shrinkage=0.03


Tree=100
num_leaves=31
num_cat=2
split_feature=6 0 16 8 9 0 11 4 19 1 1 3 7 0 0 0 9 10 16 8 6 13 6 6 7 6 8 6 10 19
split_gain=4.41456 1.2678 1.09916 1.62435 2.24386 1.01247 0.909244 1.16915 1.40459 0.975049 1.26652 1.64148 1.40056 1.4375 0.829395 0.772315 0.738918 0.844937 2.6849 0.810407 0.642855 0.635083 0.682329 0.844996 1.08529 1.18535 0.579546 1.91993 0.576861 0.690916
threshold=0.13870967741935489 0.52800106982563555 29.500000000000004 0.093489381430176807 0.5087527352297595 0.43439828646662476 -0.24999999999999994 0.028645833333333336 0 0.091145833333333343 0.044270833333333336 0.059895833333333336 0.055089635996602375 0.46038902396614806 0.48050469162831005 0.35719109297700841 0.52552881108679805 -0.5 29.500000000000004 0.16278022763403752 0.23917050691244243 1.0000000180025095e-35 0.45391705069124427 0.67235023041474673 0.08223428479567764 0.62811059907834121 0.19218106975147189 0.38387096774193558 -0.93301270189221908 1
decision_type=2 2 2 2 2 2 2 2 1 2 2 2 2 2 2 2 2 2 2 2 2 2 2 2 2 2 2 2 2 1
left_child=-1 2 5 4 -4 -2 15 -8 -9 10 11 -10 -12 -14 28 -5 -3 18 -18 -19 -6 -21 -23 24 -24 -26 -17 -28 -7 -30
right_child=1 16 3 6 20 14 7 8 9 -11 12 -13 13 -15 -16 26 17 19 -20 21 -22 22 23 -25 25 -27 27 -29 29 -31
leaf_value=-0.0016295371645563849 -0.00044213871824311626 -1.9184337619908394e-05 0.00083599560476644056 0.00011234147040634209 -6.6413355210492463e-06 -0.00052885347395034796 -0.00039865371229668269 -0.00026384772961811679 -0.00010384068556684644 -3.619067196019522e-05 0.00010951848572074931 0.00054699522114718421 0.0010145447542564672 0.00031743660798209966 -0.00022931266755729182 -0.00023139202982263294 -6.9482066729133419e-05 0.00025098709493011665 0.0017890241229235385 -1.174616353002378e-05 0.00028108662369365483 -0.00013927769201544605 0.00016584110865282335 -2.2427522652990413e-05 1.7760049530373834e-05 0.00045666121268049439 0.00014508055956694401 -0.00011177663488881453 0.00011787192471288563 -2.6339395904718273e-05
leaf_weight=1173 593 273 26 42 97 38 94 103 62 31 34 30 26 31 285 516 34 27 20 268 20 24 24 61 85 20 25 75 105 185
leaf_count=1173 593 273 26 42 97 38 94 103 62 31 34 30 26 31 285 516 34 27 20 268 20 24 24 61 85 20 25 75 105 185
internal_value=-0.000987351 -0.000418562 -0.00076675 -0.000128713 0.00287411 -0.00140796 -0.000530402 0.00057664 0.00144794 0.00275892 0.00372129 0.00123912 0.0062307 0.0091051 -0.000553018 -0.00122188 0.000588515 0.00120959 0.00477769 0.000831039 0.00110255 0.000547716 0.00176635 0.00236841 0.00374416 0.00242855 -0.00149026 0.000599993 0.000475608 0.000931031
internal_weight=4427 3254 2418 1212 143 1206 1069 411 317 214 183 92 91 57 613 658 836 563 54 509 117 482 214 190 129 105 616 100 328 290
internal_count=4427 3254 2418 1212 143 1206 1069 411 317 214 183 92 91 57 613 658 836 563 54 509 117 482 214 190 129 105 616 100 328 290
cat_boundaries=0 1 2
cat_threshold=768 552
is_linear=0
shrinkage=0.03


Tree=101
num_leaves=31
num_cat=1
split_feature=5 5 9 9 5 5 0 16 9 17 17 17 12 4 18 17 3 19 10 9 0 3 9 16 2 9 18 17 10 9
split_gain=4.14655 1.34165 0.890483 0.911642 0.789669 0.699242 0.810707 1.55964 1.75114 1.17985 1.07336 0.882153 0.99472 1.0925 0.752573 0.715049 0.682723 0.673523 0.882607 0.90865 0.793628 0.754171 0.657551 0.597943 0.471141 0.46221 0.553442 0.692049 0.449649 0.445747
threshold=0.057809330628803259 0.22210953346855986 0.53610503282275734 0.57148067104303446 0.23022312373225154 0.17139959432048682 0.44566508779923081 29.500000000000004 0.64697301239970828 0.23951153093353761 0.36282018551612638 0.34665134882137699 1.0000000180025095e-35 0.075520833333333343 0.4661764705882353 0.29376877908917742 0.044270833333333336 0 0.25000000000000011 0.5970094821298324 0.39054903600795815 0.065104166666666671 0.94493070751276453 24.500000000000004 0.18489583333333334 0.54303428154631672 0.46911764705882358 0.31142030465492304 -0.6830127018922193 0.97957695113056176
decision_type=2 2 2 2 2 2 2 2 2 2 2 2 2 2 2 2 2 1 2 2 2 2 2 2 2 2 2 2 2 2
left_child=-1 5 24 -4 -5 6 7 -2 9 -9 17 12 13 14 16 -16 -8 -11 21 20 -20 -19 -10 28 -3 26 -14 -28 -17 -6
right_child=1 2 3 4 29 -7 11 8 22 10 -12 -13 25 -15 15 23 -18 18 19 -21 -22 -23 -24 -25 -26 -27 27 -29 -30 -31
leaf_value=-0.0025711584877048449 -0.00037275301647630873 -2.2686528955363244e-05 0.0015442545130872789 0.00016011045416862457 7.7673515193633326e-06 -0.00019574617628848973 0.00028429902755563758 0.00047293989067500209 -0.00032478273696202403 -0.00024250018447318484 0.00049256757525185599 -0.00033110710367735384 -0.00029446491550227721 -2.565743720043235e-05 -0.00017845733246473063 9.6171698068968269e-05 0.00012616712212178848 -3.2794136554529462e-05 -0.0010930247351337175 0.00082163596394735187 0.00012983481610595501 9.5225254135504806e-05 0.00021255531841308782 6.193978911836808e-05 2.2491395321160347e-05 -0.00014619038110588267 9.9129403439624609e-05 -0.00021264413103259336 0.00035955514796524109 0.00037979898527576943
leaf_weight=957 719 288 20 22 498 570 23 35 317 123 20 58 22 58 22 21 41 171 25 39 45 22 25 65 24 101 32 21 20 23
leaf_count=957 719 288 20 22 498 570 23 35 317 123 20 58 22 58 22 21 41 171 25 39 45 22 25 65 24 101 32 21 20 23
internal_value=-0.0010009 -0.000518733 0.000497142 0.00120959 0.000977898 -0.000861272 -0.0006 -0.000936405 -4.37963e-05 0.001125 0.000707863 0.000471073 0.000943659 0.00215999 0.00324998 0.00192186 0.00590616 0.000388234 0.00113461 0.00333024 0.0012857 -4.66326e-05 -0.00168421 0.00294337 -0.00078846 -0.000784087 0.000999986 0.00266033 0.00578035 0.0007428
internal_weight=4427 3470 875 563 543 2595 2025 1541 822 480 445 484 426 250 192 128 64 425 302 109 70 193 342 106 312 176 75 53 41 521
internal_count=4427 3470 875 563 543 2595 2025 1541 822 480 445 484 426 250 192 128 64 425 302 109 70 193 342 106 312 176 75 53 41 521
cat_boundaries=0 1
cat_threshold=114
is_linear=0
shrinkage=0.03


Tree=102
num_leaves=31
num_cat=2
split_feature=6 9 16 8 2 8 8 17 6 6 8 0 17 1 10 9 4 6 16 19 17 3 8 9 6 6 4 19 8 12
split_gain=4.2613 0.986321 1.18544 1.13247 1.00075 0.883471 1.64015 0.884266 1.52796 0.85647 0.896473 1.10469 0.818623 0.703677 0.685729 0.775744 0.668005 0.749545 0.99149 0.633484 1.02093 1.12508 0.795358 0.597554 0.583323 0.584357 0.525936 0.471327 0.92639 0.971591
threshold=0.16308596853646914 0.4584245076586434 15.500000000000002 0.11517469369506907 0.085937500000000014 0.09020714578606627 0.087591098708121498 0.24891498595864187 0.41336405529953929 0.28064516129032263 0.129574486851217 0.47680365491675797 0.36282018551612638 0.039062500000000007 1.0000000180025095e-35 0.18745441283734501 0.10156250000000001 0.54239631336405547 28.500000000000004 0 0.31966905237705384 0.085937500000000014 0.12421201642130983 0.94493070751276453 0.34147465437788027 0.38847926267281113 0.14322916666666669 1 0.19010694606400499 -1.0000000180025095e-35
decision_type=2 2 2 2 2 2 2 2 2 2 2 2 2 2 2 2 2 2 2 1 2 2 2 2 2 2 2 1 2 2
left_child=12 2 -2 13 5 6 -3 8 -7 -5 11 -11 -1 -4 15 -12 17 18 -17 20 21 22 -9 26 -22 -26 -21 -6 29 -29
right_child=1 4 3 9 27 7 -8 19 -10 10 14 -13 -14 -15 -16 16 -18 -19 -20 23 24 -23 -24 -25 25 -27 -28 28 -30 -31
leaf_value=-0.0013153671195796494 -0.00030880587243781269 -1.716638082753386e-05 0.0001987488578789274 -0.00027132392889986687 4.8169760431757946e-05 0.00023138693682386144 0.00027227702773962664 0.00037109095787760506 -2.4734397230153837e-05 0.00029548067927543715 -0.0007130414042667482 -4.7045426318186795e-05 0.00014804375791234575 0.0002554520567285499 -4.9531652291539898e-05 -0.00022587623796516891 0.00031448194360055254 2.8275458658695916e-05 0.00033647702413991387 -0.00011743416014696519 -0.00033614764326984128 -7.8036980190803249e-05 0.00012078076263189133 0.00030275204479035571 0.000379529378759217 -8.2416499032353667e-05 0.0002393306156332632 0.00026397627463858783 -0.00012164089805786211 -8.934798757845715e-06
leaf_weight=1326 452 101 22 163 457 36 34 20 57 23 40 30 25 42 87 60 22 20 23 979 64 26 35 30 23 25 25 30 71 79
leaf_count=1326 452 101 22 163 457 36 34 20 57 23 40 30 25 42 87 60 22 20 23 979 64 26 35 30 23 25 25 30 71 79
internal_value=-0.000973798 -0.000356958 -0.00114024 -0.000180452 1.14716e-05 -0.000422681 0.00188887 -0.000659091 0.00216127 -0.000692307 0.0002459 0.00379238 -0.00237824 0.00356244 -0.000499999 0.000636359 0.00179998 0.000786399 -0.000469875 -0.000872861 0.000694577 0.00329625 0.00572717 -0.00116092 -0.00112499 0.00137497 -0.00129681 0.00100314 -0.000315788 0.00140366
internal_weight=4427 3076 984 532 2092 1455 135 1320 93 468 305 53 1351 64 252 165 125 103 83 1227 193 81 55 1034 112 48 1004 637 180 109
internal_count=4427 3076 984 532 2092 1455 135 1320 93 468 305 53 1351 64 252 165 125 103 83 1227 193 81 55 1034 112 48 1004 637 180 109
cat_boundaries=0 1 2
cat_threshold=514 558
is_linear=0
shrinkage=0.03


Tree=103
num_leaves=31
num_cat=1
split_feature=5 5 16 9 8 6 8 8 7 6 0 5 19 17 0 6 0 6 17 17 6 10 16 17 9 10 16 13 5 10
split_gain=4.28038 0.938231 0.867455 0.952331 1.41189 3.16586 1.29616 0.772005 0.767193 0.751004 0.677378 0.905427 0.606393 0.975201 1.189 0.879493 0.823399 0.653605 0.583799 0.542981 1.0939 0.563116 2.44 0.953569 0.661326 0.540605 0.676595 0.892835 1.5521 0.703904
threshold=0.065111561866125781 0.22210953346855986 29.500000000000004 0.61159737417943127 0.09742181278566435 0.20519397970534159 0.080994490627458365 0.15242185369161029 0.053262949793462168 0.3801843317972351 0.43439828646662476 0.17139959432048682 0 0.28267146743197213 0.452818509754082 0.3175115207373273 0.39901254266984126 0.34608294930875583 0.20376989192409165 0.25582268860463825 0.65115207373271911 1.0000000180025095e-35 29.500000000000004 0.30945715551721215 0.57330415754923425 -0.93301270189221908 9.5000000000000018 1.0000000180025095e-35 0.15720081135902639 0.68301270189221941
decision_type=2 2 2 2 2 2 2 2 2 2 2 2 1 2 2 2 2 2 2 2 2 2 2 2 2 2 2 2 2 2
left_child=-1 2 10 4 5 6 -4 -3 -8 -9 -2 25 13 14 16 -14 -6 -17 -11 20 -20 22 23 -21 -23 -12 -27 -28 29 -29
right_child=1 7 3 -5 12 -7 8 9 -10 18 11 -13 15 -15 -16 17 -18 -19 19 21 -22 24 -24 -25 -26 26 27 28 -30 -31
leaf_value=-0.0020501575593752891 -0.0003868465089309372 0.00032742441056668426 -0.00047568690070277995 -7.4687768058771001e-05 2.704334392660308e-05 0.00042679814536786969 1.4515775861525777e-05 -0.00015439534870713528 0.00030930966442698323 -0.00010919916144257306 -0.00047257620308133245 -0.00030578176105126983 -6.8098143150689967e-07 -0.00022862332242014775 -0.0004986168538503819 0.00020490940046906793 0.00045931665595280805 0.00016085027393869584 3.3564476220999252e-05 0.00010755577865619407 -2.6122929139920298e-05 -1.9951708030905877e-05 0.0013038472735762609 -9.2370337605960073e-05 8.4534254641443745e-06 -4.1153706752983843e-06 1.0616347791675374e-06 0.0002515027371631469 0.00047456367128220284 -0.00016362925875395101
leaf_weight=1084 603 40 51 653 29 27 35 60 24 41 34 277 163 204 30 24 23 22 33 25 22 120 35 110 389 125 81 20 20 23
leaf_count=1084 603 40 51 653 29 27 35 60 24 41 34 277 163 204 30 24 23 22 33 25 22 120 35 110 389 125 81 20 20 23
internal_value=-0.000946691 -0.000415496 -0.000714749 -0.000175098 0.000655062 0.00335034 0.0010909 0.00042857 0.00411857 0.000233532 -0.00130093 -0.000568965 -9.09096e-05 -0.00097297 0.00175608 0.00110958 0.00449991 0.00482598 0.00048387 0.000678472 0.00354539 0.000446243 0.00194116 0.00011111 -5.30458e-05 0.000564354 0.00101487 0.00241665 0.00509516 0.00188368
internal_weight=4427 3343 2468 1285 632 137 110 875 59 835 1183 580 495 286 82 209 52 46 775 734 55 679 170 135 509 303 269 144 63 43
internal_count=4427 3343 2468 1285 632 137 110 875 59 835 1183 580 495 286 82 209 52 46 775 734 55 679 170 135 509 303 269 144 63 43
cat_boundaries=0 1
cat_threshold=904
is_linear=0
shrinkage=0.03


Tree=104
num_leaves=31
num_cat=0
split_feature=6 17 9 9 17 2 6 8 9 11 4 6 4 12 4 2 6 6 9 13 6 8 17 17 17 10 10 10 4 16
split_gain=4.2606 1.09605 1.03255 0.841437 1.55677 0.634716 1.00127 0.838189 1.7592 0.830758 0.735053 0.813657 0.821536 0.67859 0.649946 0.765183 0.632276 0.629479 0.846038 0.772023 0.738537 0.716954 0.809087 0.901837 1.21797 0.640532 0.626501 0.543547 0.53447 0.496762
threshold=0.13870967741935489 0.3560973534167306 0.18745441283734501 0.94493070751276453 0.33831163305250628 0.085937500000000014 0.72995391705069135 0.09137365290461133 0.5087527352297595 -0.68301270189221952 0.028645833333333336 0.23917050691244243 0.033854166666666671 0.6078576107927941 0.023437500000000003 0.033854166666666671 0.26384872080088989 0.53041474654377896 0.83916849015317307 1.0000000180025095e-35 0.67235023041474673 0.18460672248384172 0.25582268860463825 0.32570922397320157 0.36966948439376329 1.0000000180025095e-35 0.68301270189221941 -0.24999999999999994 0.085937500000000014 17.500000000000004
decision_type=2 2 2 2 2 2 2 2 2 2 2 2 2 2 2 2 2 2 2 2 2 2 2 2 2 2 2 2 2 2
left_child=1 -1 -2 5 -5 7 17 8 -4 14 -9 -12 16 -14 -10 -16 -13 18 26 25 21 -21 -23 -24 -25 -19 -7 -18 -15 -28
right_child=2 -3 3 4 -6 6 -8 10 9 -11 11 12 13 28 15 -17 27 19 -20 20 -22 22 23 24 -26 -27 29 -29 -30 -31
leaf_value=-0.0016075354258077014 -0.00041108559114578607 0.00019855719708707027 0.00079334867325983312 0.00071953775905027806 -4.2526033607783134e-05 -4.0018467014069108e-05 -6.2157600725059928e-05 -0.0004256066177851874 0.00023148557796374725 -0.00020102687634189381 -0.00031093883688306748 0.00026992116078731159 1.6874874102843155e-06 -0.00017966779264592074 -0.00068351807210689786 0.00016552741501046198 9.1391206119841389e-05 0.00092205680236535784 0.00024018844953937367 0.00029572305701745734 -2.5382957331256757e-05 5.3401712524874672e-05 -3.4369670708067382e-05 0.00042918392093002725 -3.7870747151546288e-05 -9.9258475067293539e-06 0.00015616565308293484 -8.0223564303989205e-05 9.2054616190373733e-05 -2.1968750314704174e-05
leaf_weight=1153 289 20 26 29 40 297 69 386 20 130 291 20 833 216 22 23 23 28 20 25 42 21 24 22 24 142 41 33 74 44
leaf_count=1153 289 20 26 29 40 297 69 386 20 130 291 20 833 216 22 23 23 28 20 25 42 21 24 22 24 142 41 33 74 44
internal_value=-0.000912808 -0.00246291 -0.000354026 -0.000187184 0.00308691 -0.000265194 0.000454317 -0.000539342 0.00120814 0.000230767 -0.000745203 -0.000442953 -9.7582e-05 -0.00030187 0.00299995 0.000999977 0.00292101 0.00078082 -1.49261e-05 0.00175609 0.0032658 0.00449996 0.0032637 0.00171426 0.00417382 0.000352938 -0.000329843 0.00128569 -0.00155172 0.00194115
internal_weight=4427 1173 3254 2965 69 2896 799 2097 221 195 1876 1490 1199 1123 65 45 76 730 402 328 158 116 91 70 46 170 382 56 290 85
internal_count=4427 1173 3254 2965 69 2896 799 2097 221 195 1876 1490 1199 1123 65 45 76 730 402 328 158 116 91 70 46 170 382 56 290 85
is_linear=0
shrinkage=0.03


Tree=105
num_leaves=31
num_cat=2
split_feature=5 9 3 10 3 13 3 19 10 16 6 17 20 18 9 9 5 4 5 19 16 20 6 11 6 17 5 2 16 2
split_gain=4.41512 1.07636 1.07141 0.918187 0.880787 0.622702 0.606297 0.564641 0.844927 1.47861 0.916816 0.696838 1.16215 0.678874 0.625142 0.959942 0.563307 0.560879 0.964545 0.976294 1.42252 0.854879 0.790226 0.728633 0.856389 0.698867 0.839016 0.79841 0.535385 0.630109
threshold=0.06879648411088575 0.18745441283734501 0.17968750000000003 0.93301270189221952 0.21614583333333334 1.0000000180025095e-35 0.013020833333333334 0 -0.5 18.500000000000004 0.42073732718894014 0.32988681814313686 0.61229581972090841 0.47500000000000003 0.52552881108679805 0.60649161196207169 0.18356997971602437 0.059895833333333336 0.16937119675456394 1 18.500000000000004 0.45545294682155407 0.55714285714285727 -0.5 0.22588590497378044 0.20913113777550851 0.14300202839756596 0.039062500000000007 16.500000000000004 0.13281250000000003
decision_type=2 2 2 2 2 2 2 1 2 2 2 2 2 2 2 2 2 2 2 1 2 2 2 2 2 2 2 2 2 2
left_child=-1 -2 3 5 -4 7 -7 8 9 -3 -11 12 13 -10 -15 -16 -17 18 19 -8 -21 23 -20 24 -22 -19 -27 -28 -29 -30
right_child=1 2 4 -5 -6 6 17 -9 11 10 -12 -13 -14 14 15 16 -18 25 22 20 21 -23 -24 -25 -26 26 27 28 29 -31
leaf_value=-0.0017657363688576215 -0.00041312474707509022 -0.00015410181913954986 0.00014651344954595002 -0.00011007659483214542 -3.0512935393479245e-05 0.00015376849518125292 -0.00011375058013993433 -5.7883213658681772e-05 -9.5645052813320784e-05 3.4972522760398104e-05 0.00085956221976749285 -9.6388290634992729e-05 0.00020278903779205907 -0.00016778705461770784 0.00071477658536522794 -0.00029841824191552657 6.8763150525326109e-05 0.00035129906802696444 -0.00019504290435060621 -0.00018418295743107549 0.00076229140989249203 -3.355703962930421e-05 0.00012903391264548213 0.00040494732754022287 1.9440434444329876e-05 -0.00010025693757389832 0.00021217176700712539 4.283209175598947e-05 -1.4826834415751739e-05 0.00017613073549870676
leaf_weight=1127 311 53 38 380 26 38 242 968 79 32 36 137 20 42 25 30 20 32 221 49 32 37 23 31 63 58 25 67 132 50
leaf_count=1127 311 53 38 380 26 38 242 968 79 32 36 137 20 42 25 30 20 32 221 49 32 37 23 31 63 58 25 67 132 50
internal_value=-0.00100633 -0.00045223 -0.000277295 -0.000361397 0.00356244 -0.000155784 0.000381817 -0.000565881 0.000285123 0.00245452 0.00538227 -0.000450424 0.000611108 -9.1837e-05 0.00135896 0.00299996 0.000599987 0.000248587 -0.000249284 0.00056828 0.00199999 0.0034417 -0.00177049 0.00461901 0.00331575 0.00120329 0.000795178 0.00148904 0.000975899 0.000131867
internal_weight=4424 3297 2986 2922 64 2542 1100 1442 474 121 68 353 216 196 117 75 50 1062 698 454 212 163 244 126 95 364 332 274 249 182
internal_count=4424 3297 2986 2922 64 2542 1100 1442 474 121 68 353 216 196 117 75 50 1062 698 454 212 163 244 126 95 364 332 274 249 182
cat_boundaries=0 1 2
cat_threshold=14 818
is_linear=0
shrinkage=0.03


Tree=106
num_leaves=31
num_cat=2
split_feature=5 9 3 3 2 6 7 13 8 11 8 5 2 6 8 2 16 7 2 19 6 1 1 9 8 7 19 11 7 8
split_gain=4.18416 0.949851 0.880487 0.791764 0.779283 0.629566 0.576399 0.473954 0.663484 1.03713 1.3062 0.587495 0.958985 0.461767 0.501511 0.448451 0.545797 0.427457 0.425163 0.409543 0.789103 0.601548 0.352237 0.376984 0.540582 0.37004 0.401409 1.39546 1.01129 0.383803
threshold=0.055780933062880331 0.18745441283734501 0.17968750000000003 0.20052083333333334 0.17968750000000003 0.66175115207373281 0.38780974986680611 1.0000000180025095e-35 0.14266440600799832 0.6830127018922193 0.09958636803033781 0.12018255578093308 0.028645833333333336 0.14199904655966952 0.09137365290461133 0.028645833333333336 2.5000000000000004 0.050725144218469499 0.0078125000000000017 0 0.32488479262672815 0.044270833333333336 0.028645833333333336 0.51531728665207888 0.12535289271839811 0.13162077050603302 1 0.25000000000000017 0.078820572627737201 0.17005089429037465
decision_type=2 2 2 2 2 2 2 2 2 2 2 2 2 2 2 2 2 2 2 1 2 2 2 2 2 2 1 2 2 2
left_child=-1 19 4 -4 6 -6 7 18 9 13 -11 12 -10 -9 -15 -13 -17 -12 -3 20 21 -2 23 24 -20 26 27 28 -24 -28
right_child=1 2 3 -5 5 -7 -8 8 11 10 17 15 -14 14 -16 16 -18 -19 22 -21 -22 -23 25 -25 -26 -27 29 -29 -30 -31
leaf_value=-0.0023279066414004772 0.00022817359011475499 0.00019251220167232108 0.00014914812882695414 3.3714543316040606e-06 0.00026443256193199485 -1.5150401485130263e-05 0.00054045215331922512 -0.0010709674690451479 -4.865797040033173e-05 0.00030576405927333438 8.8151151514307872e-05 0.00045891438476889729 0.00059810803172495575 0.00013041402362650012 -0.00013644806061969612 1.8766010039786581e-05 -3.255278766945347e-06 -6.381954233690544e-05 2.6833112323874508e-05 -0.00051610360848861352 -0.00031819322906712511 -0.00026677105481515904 -0.00037147861268615936 -0.00067193356237808897 -0.00076585016906108002 -0.0001045689780798629 -2.4500895754157937e-05 0.0011145959770007406 0.00021645384515511847 -2.8585029122540044e-05
leaf_weight=936 24 25 27 37 25 29 26 106 23 20 22 25 44 74 421 30 457 50 31 205 72 27 63 183 27 109 850 22 23 411
leaf_count=936 24 25 27 37 25 29 26 106 23 20 22 25 44 74 421 30 457 50 31 205 72 27 63 183 27 109 850 22 23 411
internal_value=-0.00102667 -0.000548739 -0.000389241 0.0030937 -0.000461241 0.00311105 -0.000524655 -0.000562998 -0.000122642 -0.000748917 0.00221737 0.000626941 0.00326861 -0.00120299 -0.000818181 0.000281249 8.00813e-05 0.000333328 -0.000884175 -0.00208536 -0.000518794 0.00229407 -0.000940663 -0.00200414 0.000103446 -0.000767253 -0.000633309 0.00106779 -0.000558134 -0.000781275
internal_weight=4424 3488 3160 64 3096 54 3042 3016 1272 693 92 579 67 601 495 512 487 72 1744 328 123 51 1719 241 58 1478 1369 108 86 1261
internal_count=4424 3488 3160 64 3096 54 3042 3016 1272 693 92 579 67 601 495 512 487 72 1744 328 123 51 1719 241 58 1478 1369 108 86 1261
cat_boundaries=0 1 2
cat_threshold=296 4
is_linear=0
shrinkage=0.03


end of trees

feature_importances:
seasonality_index=326
rolling_std_30=319
rolling_mean_30=274
days_to_holiday=250
rolling_std_7=225
rolling_mean_7=218
units_sold=216
trend_strength=216
month_cos=186
lag_1=155
month_sin=126
acceleration=113
lag_7=108
lag_30=107
category=104
lag_14=90
dow_sin=72
dow_cos=54
anchor=46
is_weekend=5

parameters:
[boosting: gbdt]
[objective: quantile]
[metric: quantile]
[tree_learner: serial]
[device_type: cpu]
[data_sample_strategy: bagging]
[data: ]
[valid: ]
[num_iterations: 1000]
[learning_rate: 0.03]
[num_leaves: 31]
[num_threads: 0]
[seed: 42]
[deterministic: 0]
[force_col_wise: 0]
[force_row_wise: 0]
[histogram_pool_size: -1]
[max_depth: -1]
[min_data_in_leaf: 20]
[min_sum_hessian_in_leaf: 0.001]
[bagging_fraction: 0.8]
[pos_bagging_fraction: 1]
[neg_bagging_fraction: 1]
[bagging_freq: 5]
[bagging_seed: 400]
[bagging_by_query: 0]
[feature_fraction: 0.8]
[feature_fraction_bynode: 1]
[feature_fraction_seed: 30056]
[extra_trees: 0]
[extra_seed: 12879]
[early_stopping_round: 0]
[early_stopping_min_delta: 0]
[first_metric_only: 0]
[max_delta_step: 0]
[lambda_l1: 0]
[lambda_l2: 0.001]
[linear_lambda: 0]
[min_gain_to_split: 0]
[drop_rate: 0.1]
[max_drop: 50]
[skip_drop: 0.5]
[xgboost_dart_mode: 0]
[uniform_drop: 0]
[drop_seed: 17869]
[top_rate: 0.2]
[other_rate: 0.1]
[min_data_per_group: 100]
[max_cat_threshold: 32]
[cat_l2: 10]
[cat_smooth: 10]
[max_cat_to_onehot: 4]
[top_k: 20]
[monotone_constraints: ]
[monotone_constraints_method: basic]
[monotone_penalty: 0]
[feature_contri: ]
[forcedsplits_filename: ]
[refit_decay_rate: 0.9]
[cegb_tradeoff: 1]
[cegb_penalty_split: 0]
[cegb_penalty_feature_lazy: ]
[cegb_penalty_feature_coupled: ]
[path_smooth: 0]
[interaction_constraints: ]
[verbosity: -1]
[saved_feature_importance_type: 0]
[use_quantized_grad: 0]
[num_grad_quant_bins: 4]
[quant_train_renew_leaf: 0]
[stochastic_rounding: 1]
[linear_tree: 0]
[max_bin: 255]
[max_bin_by_feature: ]
[min_data_in_bin: 3]
[bin_construct_sample_cnt: 200000]
[data_random_seed: 175]
[is_enable_sparse: 1]
[enable_bundle: 1]
[use_missing: 1]
[zero_as_missing: 0]
[feature_pre_filter: 1]
[pre_partition: 0]
[two_round: 0]
[header: 0]
[label_column: ]
[weight_column: ]
[group_column: ]
[ignore_column: ]
[categorical_feature: 19]
[forcedbins_filename: ]
[precise_float_parser: 0]
[parser_config_file: ]
[objective_seed: 16083]
[num_class: 1]
[is_unbalance: 0]
[scale_pos_weight: 1]
[sigmoid: 1]
[boost_from_average: 1]
[reg_sqrt: 0]
[alpha: 0.9]
[fair_c: 1]
[poisson_max_delta_step: 0.7]
[tweedie_variance_power: 1.5]
[lambdarank_truncation_level: 30]
[lambdarank_norm: 1]
[label_gain: ]
[lambdarank_position_bias_regularization: 0]
[eval_at: ]
[multi_error_top_k: 1]
[auc_mu_weights: ]
[num_machines: 1]
[local_listen_port: 12400]
[time_out: 120]
[machine_list_filename: ]
[machines: ]
[gpu_platform_id: -1]
[gpu_device_id: -1]
[gpu_use_dp: 0]
[num_gpu: 1]

end of parameters

pandas_categorical:[["auto", "bed_bath_table", "computers_accessories", "furniture_decor", "garden_tools", "health_beauty", "housewares", "sports_leisure", "telephony", "watches_gifts"]]
