tree
version=v4
num_class=1
num_tree_per_iteration=1
label_index=0
max_feature_idx=20
objective=quantile
feature_names=units_sold lag_1 lag_7 lag_14 lag_30 rolling_mean_7 rolling_mean_30 rolling_std_7 rolling_std_30 seasonality_index month_sin month_cos dow_sin dow_cos is_weekend is_holiday days_to_holiday trend_strength acceleration category anchor
feature_infos=[0:0.77253560138447708] [0:1] [0:1] [0:1] [0:1] [0:1] [0:1] [0:1] [0:1] [0:1] [-1:1] [-1:1] [-0.97492791218182362:0.97492791218182362] [-0.90096886790241903:1] [0:1] [0:1] [1:30] [0.0099565994383455925:1] [0:1] -1:3:7:5:1:2:6:8:4:0:9 [0:0.77253560138447708]
tree_sizes=2665 2792 2821 2811 2829 2831 2827 2821 2818 2821 2817 2807 2815 2820 2811 2834 2820 2834 2828 2834 2852 2850 2848 2830 2861 2822 2861 2823 2841 2864 2870 2864 2871 2851 2886 2867 2869 2859 2863 2865 2892 2888 2876 2896 2899 2870 2909 2884 2867 2890 2896 2893 2880 2907 2876 2900 2884 2888 2904 2907 2872 2893 2879 2899 2911 2920 2883 2892 2890 2905 2900 2881 2910 2911 2885 2903 2922 2934 2909 2915

Tree=0
num_leaves=31
num_cat=0
split_feature=0 6 5 16 9 17 7 11 0 6 10 11 2 17 4 5 11 4 6 7 9 0 9 6 7 11 16 13 5 0
split_gain=176.974 10.9133 9.35593 6.45033 6.05675 5.36352 3.85957 5.20433 4.6509 3.07091 2.96337 2.46242 2.4555 1.75859 1.75977 1.75575 1.56886 1.48204 1.09206 0.976339 0.880309 0.865804 1.18253 0.798663 0.777284 0.671292 2.09966 1.46993 0.39949 0.334005
threshold=0.56764902299890541 0.54239631336405547 0.23833671399594322 27.500000000000004 0.44128373450036479 0.39080606492770981 0.12201822244818451 0.25000000000000017 0.61912653167645637 0.41059907834101389 0.25000000000000011 0.6830127018922193 0.11197916666666667 0.32478086971321596 0.11197916666666667 0.29310344827586216 0.25000000000000017 0.054687500000000007 0.69631336405529975 0.24899844287090053 0.60649161196207169 0.4823181611744996 0.80598103574033564 0.57281105990783432 0.1418343327749155 0.6830127018922193 29.500000000000004 -0.22252093395631442 0.33772819472616639 0.6006938435474457
decision_type=2 2 2 2 2 2 2 2 2 2 2 2 2 2 2 2 2 2 2 2 2 2 2 2 2 2 2 2 2 2
left_child=2 5 21 20 -3 15 13 8 24 11 19 -5 -11 14 -6 -2 29 -12 -10 -7 -4 -1 25 -15 -8 -23 -27 -28 -19 -16
right_child=1 4 3 9 6 10 7 -9 18 12 17 -13 -14 23 16 -17 -18 28 -20 -21 -22 22 -24 -25 -26 26 27 -29 -30 -31
leaf_value=0.58440627512991106 0.59042602360683183 0.58791035716425055 0.58707724093304592 0.58745636573941507 0.58878540226262199 0.58974705593836074 0.58825867709873247 0.59106700965960146 0.59028116119345109 0.58885518947056958 0.58884729566842298 0.58905349653592121 0.58802554296259901 0.58922093455871627 0.58902496992087305 0.58741997678779012 0.58974133603157552 0.58820101922650059 0.58887050041627642 0.58917716991849833 0.5880733138877986 0.5864614200592041 0.59003562365830597 0.589135947084103 0.58879326024562506 0.58567703997045795 0.58731212605743766 0.58937577372102368 0.59019678144663279 0.58881424842479024
leaf_weight=3022 20 34 92 27 32 24 20 40 23 28 28 20 21 22 26 35 24 20 20 22 33 419 22 81 23 82 20 30 20 31
leaf_count=3022 20 34 92 27 32 24 20 40 23 28 28 20 21 22 26 35 24 20 20 22 33 419 22 81 23 82 20 30 20 31
internal_value=0.587524 0.603516 0.585241 0.591232 0.606362 0.597184 0.607563 0.60339 0.599231 0.59708 0.600896 0.591601 0.602335 0.609997 0.607412 0.589489 0.609765 0.604874 0.606208 0.595015 0.58674 0.584872 0.585941 0.612832 0.592254 0.585669 0.587535 0.59238 0.60858 0.612474
internal_weight=4361 545 3816 221 376 169 342 126 86 96 114 47 49 216 113 55 81 68 43 46 125 3595 573 103 43 551 132 50 40 57
internal_count=4361 545 3816 221 376 169 342 126 86 96 114 47 49 216 113 55 81 68 43 46 125 3595 573 103 43 551 132 50 40 57
is_linear=0
shrinkage=1


Tree=1
num_leaves=31
num_cat=0
split_feature=0 6 17 8 5 17 16 6 17 9 6 8 3 7 11 6 2 1 7 6 8 5 9 8 11 16 9 7 11 5
split_gain=171.403 13.6474 6.26699 7.83938 5.72499 4.33675 3.77037 3.2065 3.03798 2.41799 2.19173 2.25239 3.4998 2.17523 3.48163 1.51616 1.42147 1.37703 1.35042 0.852022 0.851238 0.794578 1.22748 0.695289 0.607636 1.94442 1.14599 0.440913 0.405694 0.155365
threshold=0.56286410739646286 0.55253456221198172 0.32478086971321596 0.2538063739792234 0.23833671399594322 0.39080606492770981 27.500000000000004 0.62811059907834121 0.33439707258956691 0.57622173595915405 0.50276497695852551 0.27323002848564254 0.080729166666666671 0.13674255023899876 -0.5 0.40322580645161299 0.13281250000000003 0.091145833333333343 0.099590664592236089 0.57880184331797246 0.19218106975147189 0.16937119675456394 0.80598103574033564 0.1795928394607082 0.6830127018922193 29.500000000000004 0.41320204230488705 0.099590664592236089 0.6830127018922193 0.35192697768762687
decision_type=2 2 2 2 2 2 2 2 2 2 2 2 2 2 2 2 2 2 2 2 2 2 2 2 2 2 2 2 2 2
left_child=4 5 3 7 21 8 20 -3 -2 -9 11 12 18 19 -15 -8 -5 -17 -7 -4 -6 -1 24 -11 -23 -26 -27 -10 -16 -21
right_child=1 2 13 16 6 10 15 9 27 23 -12 -13 -14 14 28 17 -18 -19 -20 29 -22 22 -24 -25 25 26 -28 -29 -30 -31
leaf_value=-0.0031942468087124286 0.0037001957435033482 0.00055223051971149846 0.001907195409557293 0.0014918328108023448 0.00046167746404807917 0.0006172309362540763 0.00038611430083517747 0.0013127730573808017 0.0003951685855492966 0.0012543775198488891 0.0015807332899116131 0.0011194683120200966 0.0016877863865205312 0.0024572259536061979 0.0032795115262656003 0.0004766078536375557 -7.0518465621867145e-05 0.0010931399826587373 0.0020451627634390265 0.0012465526066354304 -0.00049002330024279115 -0.0011515863210692656 0.0014493237677718727 0.0012234141746505997 -0.0018962266925038229 0.0018760389400173238 -5.0609453098489076e-05 -0.00035162215598653066 0.0038818624670756128 0.0015225826797158793
leaf_weight=2894 22 25 20 20 35 20 38 30 30 37 24 38 21 38 24 20 29 21 22 20 79 504 29 29 105 35 28 32 21 71
leaf_count=2894 22 25 20 20 35 20 38 30 30 37 24 38 21 38 24 20 29 21 22 20 79 504 29 29 105 35 28 32 21 71
internal_value=-0.000124513 0.0151675 0.0186758 0.0144705 -0.0024377 0.00905737 0.00259584 0.0185701 0.00378567 0.0210623 0.0125999 0.0106633 0.0141426 0.0223607 0.0186865 0.00763281 0.00434685 0.0116339 0.0191424 0.0251079 -0.00089473 -0.00270793 -0.00180171 0.0242724 -0.0020625 -0.000499998 0.00366661 0.00038709 0.0243328 0.0263404
internal_weight=4361 573 364 170 3788 209 193 121 84 96 125 101 63 194 83 79 49 41 42 111 114 3595 701 66 672 168 63 62 45 91
internal_count=4361 573 364 170 3788 209 193 121 84 96 125 101 63 194 83 79 49 41 42 111 114 3595 701 66 672 168 63 62 45 91
is_linear=0
shrinkage=0.03


Tree=2
num_leaves=31
num_cat=0
split_feature=0 6 9 5 0 16 7 11 0 16 11 8 18 6 5 4 6 9 10 7 5 8 8 0 9 7 11 16 9 18
split_gain=163.495 13.1168 7.66009 5.74302 4.73431 3.77037 3.57943 6.29874 4.5166 3.06287 2.79047 3.30591 2.48182 4.51394 1.65469 1.86311 1.46068 1.25762 1.23947 1.1076 1.01246 0.899945 0.851238 0.795992 1.20075 0.611457 0.552679 1.78906 1.81542 0.24995
threshold=0.56286410739646286 0.54884792626728129 0.44128373450036479 0.23833671399594322 0.61912653167645637 27.500000000000004 0.12201822244818451 0.25000000000000017 0.61912653167645637 26.500000000000004 -0.24999999999999994 0.22119407178140213 0.4661764705882353 0.41059907834101389 0.34381338742393514 0.10156250000000001 0.69631336405529975 0.57330415754923425 -0.24999999999999994 0.10811401452739054 0.31947261663286008 0.19374835634870594 0.19218106975147189 0.4823181611744996 0.80598103574033564 0.1418343327749155 0.6830127018922193 29.500000000000004 0.41320204230488705 0.51323529411764712
decision_type=2 2 2 2 2 2 2 2 2 2 2 2 2 2 2 2 2 2 2 2 2 2 2 2 2 2 2 2 2 2
left_child=3 4 -3 23 9 22 14 8 25 18 21 -12 -7 -14 15 -4 -10 -16 -2 -13 -17 -11 -5 29 26 -8 -25 -28 -29 -1
right_child=1 2 6 5 -6 12 7 -9 16 10 11 19 13 -15 17 20 -18 -19 -20 -21 -22 -23 -24 24 -26 -27 27 28 -30 -31
leaf_value=-0.0030147213481170566 -0.00065987364104921886 0.00020871153826238433 0.00091341420718534015 0.00044782714012663537 0.0019737284481472924 -1.7591387897986238e-05 0.00061060377469465612 0.0033253276798438222 0.0025462695058353813 0.00073707923356172169 0.0038803552128515392 8.3171766681484026e-05 0.00042654535431174256 0.0010736790455869449 0.0014074109075363716 0.00075434804356551964 0.0011779285519758665 0.0016147491697576421 0.00082071545940896938 0.0014645314853444437 0.0013430697594972222 -0.00016284269170710746 -0.00047532260123550607 -0.0010506150261439839 0.00233833516231959 0.0011326170497241771 -0.0017891245010847679 0.0019348611022959783 -0.00017838066109956898 -0.00040848412232803336
leaf_weight=2988 32 33 36 35 29 20 22 39 23 20 24 20 35 24 26 39 20 74 23 32 38 20 79 419 22 23 82 26 24 34
leaf_count=2988 32 33 36 35 29 20 22 39 23 20 24 20 35 24 26 39 20 74 23 32 38 20 79 419 22 23 82 26 24 34
internal_value=-0.000186426 0.0147487 0.0180723 -0.00244562 0.00854996 0.00259584 0.0194117 0.0154251 0.0109771 0.00664908 0.00941371 0.0127893 0.00763281 0.0107286 0.0217886 0.0193007 0.0179298 0.0245998 0.000818166 0.0085383 0.0219348 0.00299992 -0.00089473 -0.00271627 -0.0016911 0.00433324 -0.00196551 -0.000272726 0.00419992 -0.00291065
internal_weight=4361 573 373 3788 200 193 340 127 88 171 116 76 79 59 213 113 43 100 55 52 77 40 114 3595 573 45 551 132 50 3022
internal_count=4361 573 373 3788 200 193 340 127 88 171 116 76 79 59 213 113 43 100 55 52 77 40 114 3595 573 45 551 132 50 3022
is_linear=0
shrinkage=0.03


Tree=3
num_leaves=31
num_cat=0
split_feature=20 20 9 6 5 8 16 6 8 16 2 20 3 18 6 11 7 20 8 8 5 9 16 11 6 7 5 11 3 13
split_gain=152.595 12.1985 6.98246 6.87822 5.96844 4.68332 3.9388 2.59947 2.56537 2.91163 2.524 2.42951 2.03623 1.99995 3.70117 2.07427 1.85395 1.76677 1.61472 1.57106 1.02963 0.983699 0.829964 2.18377 1.15611 0.706912 1.62324 0.624979 0.47358 0.390147
threshold=0.56764902299890541 0.60947546798558971 0.38548504741064926 0.54884792626728129 0.23833671399594322 0.20833669660143139 27.500000000000004 0.44930875576036872 0.1966496734981962 26.500000000000004 0.12239583333333334 0.5896914389629998 0.065104166666666671 0.4661764705882353 0.41059907834101389 0.6830127018922193 0.079791135151608045 0.61912653167645637 0.17890958504461263 0.18691356651965157 0.18965517241379312 0.60649161196207169 27.500000000000004 0.6830127018922193 0.41336405529953929 0.15278835336889349 0.45131845841784995 0.6830127018922193 0.10677083333333334 -0.22252093395631442
decision_type=2 2 2 2 2 2 2 2 2 2 2 2 2 2 2 2 2 2 2 2 2 2 2 2 2 2 2 2 2 2
left_child=4 3 -3 7 20 11 21 12 -4 -10 -7 -5 -2 -8 15 -15 -9 -11 -13 -20 -1 -6 -22 24 -24 29 -27 -18 -26 -19
right_child=1 2 8 5 6 10 13 16 9 17 -12 18 -14 14 -16 -17 27 25 19 -21 22 -23 23 -25 28 26 -28 -29 -30 -31
leaf_value=-0.0027799342850518536 0.00085934575561956591 0.00068834694518479648 0.0011593299593951965 0.00047952634958912694 -0.00046347599833484354 0.0014482337722410475 -8.7498659722327262e-06 0.0010330746065623213 0.0013381032979326948 0.0019889700374779184 0.00028576788762524748 0.0010865745296868522 0.00052413123575528536 -0.00060031508693654252 0.0010471828491258083 0.0012667245328312677 -0.0004865985364000634 0.0021102734168679232 0.00055097862565151316 0.0010552078738498716 -0.001157074861627303 0.00045108925983533663 -0.0010539225102196449 0.0018752792065462444 0.00054975880031040477 0.0025592961312745134 0.0036005776193049383 0.001249961468808397 -0.00039617331736340643 0.0019900976749460519
leaf_weight=3189 35 28 64 28 92 29 24 21 22 22 33 28 20 21 31 20 36 24 22 28 206 33 114 37 25 20 27 24 24 34
leaf_count=3189 35 28 64 28 92 29 24 21 22 22 33 28 20 21 31 20 36 24 22 28 206 33 114 37 25 20 27 24 24 34
internal_value=-0.00023458 0.0146147 0.0196555 0.0106184 -0.00235535 0.0146785 0.00242985 0.0056029 0.0215069 0.0193489 0.0081289 0.0185093 0.0106362 0.00699993 0.00949987 0.00358528 0.00218516 0.0210943 0.0212305 0.0179996 -0.00264951 -0.00107999 -0.0012266 0.000149999 -0.00134355 0.0227141 0.0199783 -0.000499992 0.00251015 0.0249306
internal_weight=4361 545 241 304 3816 168 221 136 213 149 62 106 55 96 72 41 81 127 78 50 3595 125 406 200 163 105 47 60 49 58
internal_count=4361 545 241 304 3816 168 221 136 213 149 62 106 55 96 72 41 81 127 78 50 3595 125 406 200 163 105 47 60 49 58
is_linear=0
shrinkage=0.03


Tree=4
num_leaves=31
num_cat=0
split_feature=0 0 5 8 8 16 10 16 8 0 11 6 4 16 5 1 11 16 11 11 8 6 5 6 16 0 12 6 1 4
split_gain=146.575 12.6905 6.29171 5.69445 5.16728 7.491 4.73685 3.20404 2.84961 1.88275 1.70905 2.17172 1.45926 1.08575 1.00682 0.957278 1.08782 2.72778 0.938259 0.881677 0.80858 0.782533 0.768025 0.635279 0.586946 0.786477 0.562479 0.476458 1.33286 0.532438
threshold=0.56764902299890541 0.60785668035134688 0.23833671399594322 0.20345608835639697 0.19374835634870594 25.500000000000004 0.25000000000000011 27.500000000000004 0.18264427710219064 0.61912653167645637 0.6830127018922193 0.42903225806451623 0.13281250000000003 15.500000000000002 0.34381338742393514 0.075520833333333343 0.6830127018922193 29.500000000000004 0.25000000000000017 1.0000000180025095e-35 0.19218106975147189 0.66635944700460847 0.32555780933062889 0.42073732718894014 15.500000000000002 0.51352851336407135 -1.0000000180025095e-35 0.69631336405529975 0.16927083333333334 0.091145833333333343
decision_type=2 2 2 2 2 2 2 2 2 2 2 2 2 2 2 2 2 2 2 2 2 2 2 2 2 2 2 2 2 2
left_child=2 3 15 6 -3 21 -2 20 19 -7 11 -9 14 -10 18 -1 23 -18 -5 -8 -4 -6 -20 -17 -25 -26 -19 29 -29 -11
right_child=1 4 7 12 5 9 8 10 13 27 -12 -13 -14 -15 -16 16 17 26 22 -21 -22 -23 -24 24 25 -27 -28 28 -30 -31
leaf_value=-0.0026045931998216363 0.0031835989838867691 0.0011245500606133418 0.0004542534960484823 -0.00018723584032813298 0.00094034760451938107 0.001481004002623483 0.0010031645065853032 -3.1259666985265853e-05 0.00034735621606336745 0.0017916424411223808 0.0019661694757603446 0.00059689037169860732 0.00075598744905247257 0.00085742301394322467 0.0013846928948053926 -0.0014521213647206098 -0.0019370116441142526 0.00037130328641841022 0.00044099670257600663 0.0010147614210515882 -0.00044141067069990435 0.00050575187672580212 1.1560524354394165e-05 -0.00085150039612535858 -0.00061743490097099392 0.00059615537733682109 0.0018780419464215492 0.0019658316678778679 0.0033248192648149054 0.0024060329704750387
leaf_weight=3134 31 64 41 28 23 31 20 30 21 43 31 35 31 39 27 286 58 20 38 34 84 23 20 28 21 22 26 24 24 24
leaf_count=3134 31 64 41 28 23 31 20 30 21 43 31 35 31 39 27 286 58 20 38 34 84 23 20 28 21 22 26 24 24 24
internal_value=-0.000268976 0.0142844 -0.00234748 0.00997574 0.0191484 0.0166874 0.0141723 0.0025656 0.0169999 0.0200136 0.00668743 0.00392302 0.00574996 0.0124998 0.0041681 -0.00264951 -0.0013731 0.00132691 0.00258136 0.0219996 -0.000599996 0.0061303 0.00475854 -0.00215966 0.000380276 0.00258133 0.00678246 0.0217824 0.0194996 0.0234176
internal_weight=4361 545 3816 289 256 192 145 221 114 146 96 65 144 60 113 3595 461 104 86 54 125 46 58 357 71 43 46 115 48 67
internal_count=4361 545 3816 289 256 192 145 221 114 146 96 65 144 60 113 3595 461 104 86 54 125 46 58 357 71 43 46 115 48 67
is_linear=0
shrinkage=0.03


Tree=5
num_leaves=31
num_cat=0
split_feature=0 0 8 5 8 6 17 11 4 7 8 5 18 9 7 7 5 11 8 7 10 8 11 9 9 17 4 6 17 4
split_gain=137.068 13.5596 8.2374 7.93384 4.81747 3.39282 3.36028 2.63092 2.39814 3.18437 2.08261 3.59198 1.95742 3.93764 1.51649 1.45024 1.05498 1.54428 2.15719 2.30836 1.37145 1.34607 1.00553 0.946955 1.85598 0.857426 0.632334 0.508637 0.47744 0.751071
threshold=0.56764902299890541 0.60785668035134688 0.32168781531003504 0.23833671399594322 0.19814297748565238 0.51658986175115229 0.4564717896349248 1.0000000180025095e-35 0.11718750000000001 0.11146912280415879 0.18264427710219064 0.36815415821501019 0.4661764705882353 0.67177242888402644 0.095648249209454236 0.17708840336715329 0.16328600405679514 0.6830127018922193 0.22299969864982574 0.090266055694361871 -0.24999999999999994 0.13362524250080873 0.6830127018922193 0.70386579139314387 0.57148067104303446 0.39378208946756316 0.091145833333333343 0.41336405529953929 0.27125351033954564 0.075520833333333343
decision_type=2 2 2 2 2 2 2 2 2 2 2 2 2 2 2 2 2 2 2 2 2 2 2 2 2 2 2 2 2 2
left_child=3 4 10 16 5 -2 -4 -7 23 -10 -3 -12 26 22 -9 -13 -1 27 19 20 21 -19 -14 24 -6 -26 -5 -18 -29 -30
right_child=1 2 6 12 8 7 -8 14 9 -11 11 15 13 -15 -16 -17 17 18 -20 -21 -22 -23 -24 -25 25 -27 -28 28 29 -31
leaf_value=-0.0030613723270925598 0.001846366259102245 0.0010996142413398394 -3.254943183888681e-05 -6.443698891936658e-05 0.00016024952547734179 0.0010144759679093574 0.0028208906616172817 0.0011825020790128828 0.0006909848082863716 0.0002462820366693691 0.0013763234759418801 0.0016420994274821488 2.4714787002649272e-05 0.00093269197236457409 0.00064824634976595383 0.0024118876486970997 -0.0014049768204574967 0.0016520216605368019 -0.0021808383399224344 0.0023603532196851502 -0.0021348590935724885 0.00057799884903927013 0.000924328001723214 -0.00015627374937906381 0.0013771434272654116 0.00081281911799933936 0.00039892901271484346 -0.00041210449096647873 -0.00087589920616475418 0.00023518062995363373
leaf_weight=2819 34 49 25 43 66 27 37 39 26 20 44 81 79 25 21 22 470 20 87 22 40 33 35 22 21 23 25 97 25 20
leaf_count=2819 34 49 25 43 66 27 37 39 26 20 44 81 79 25 21 22 470 20 87 22 40 33 35 22 21 23 25 97 25 20
internal_value=-0.000318627 0.0135888 0.0186278 -0.00233594 0.00924077 0.0138594 0.00909663 0.0169998 0.00610109 0.0119997 0.0216427 0.019857 0.00337679 0.00541723 0.0134998 0.0229221 -0.00266144 -0.00171007 0.000564353 0.00326084 0.00119353 0.00435841 0.0030526 0.00404542 0.00518177 0.00995432 -0.000794107 -0.00246078 -0.000887318 0.00166663
internal_weight=4397 557 258 3840 299 121 62 87 178 46 196 147 207 139 60 103 3633 814 202 115 93 53 114 132 110 44 68 612 142 45
internal_count=4397 557 258 3840 299 121 62 87 178 46 196 147 207 139 60 103 3633 814 202 115 93 53 114 132 110 44 68 612 142 45
is_linear=0
shrinkage=0.03


Tree=6
num_leaves=31
num_cat=0
split_feature=0 0 8 5 8 6 17 4 7 11 8 5 7 7 7 6 5 17 10 0 6 5 11 8 12 11 0 6 13 7
split_gain=133.782 13.4677 8.67754 7.21118 4.71938 3.18669 2.98846 2.53715 3.18437 2.13799 1.7408 3.59198 1.51649 1.45024 1.39395 3.3661 0.989708 0.91065 0.855625 1.29456 1.08776 0.816652 1.06405 1.62007 1.02817 0.657442 0.525264 0.711811 0.505712 0.383555
threshold=0.56764902299890541 0.60785668035134688 0.32168781531003504 0.23225152129817445 0.19814297748565238 0.51658986175115229 0.4564717896349248 0.11718750000000001 0.11146912280415879 1.0000000180025095e-35 0.18264427710219064 0.36815415821501019 0.095648249209454236 0.17708840336715329 0.069319605145613042 0.43732718894009226 0.33975659229208927 0.26861543698408658 0.25000000000000011 0.55485698752022106 0.48525345622119825 0.18154158215010144 0.6830127018922193 0.20345608835639697 1.0000000180025095e-35 0.25000000000000017 0.59294530418543168 0.49262672811059915 -0.22252093395631442 0.095129496739318989
decision_type=2 2 2 2 2 2 2 2 2 2 2 2 2 2 2 2 2 2 2 2 2 2 2 2 2 2 2 2 2 2
left_child=3 4 10 21 5 -2 -4 16 -9 -7 -3 -12 -11 29 15 -5 25 -16 28 20 -20 -1 -23 24 -24 -6 27 -27 -19 -13
right_child=1 2 6 14 7 9 -8 8 -10 12 11 13 -14 -15 17 -17 -18 18 19 -21 -22 22 23 -25 -26 26 -28 -29 -30 -31
leaf_value=-0.0026513787126849096 0.0017909752713291766 0.0010666258140996437 -3.1572948883721754e-05 -0.00068585679703822935 -6.5882890572592306e-05 0.00098404168887207587 0.0027362639417687633 0.00067025526403778168 0.00023889357556928947 0.0011470270166424946 0.0013350337716636245 0.0010378245604231436 0.00062879895927297677 0.0023395310192361849 -0.00043005937828346271 0.00090471117435012428 0.0012483301768124501 0.00052212986037753221 0.00091000518245751576 0.00045565159081474072 -0.00040767141455912517 -0.00088293392857445227 0.00020209992494250607 -0.0019747614338737917 0.002377380708057038 0.00047573437595716125 -1.1048210870512678e-05 0.00016853898808191883 -0.00045246582714163821 0.0017134313376491648
leaf_weight=3123 34 49 25 20 33 27 37 26 20 39 44 21 21 22 45 35 35 30 21 28 29 359 33 50 29 21 20 23 38 60
leaf_count=3123 34 49 25 20 33 27 37 26 20 39 44 21 21 22 45 35 35 30 21 28 29 359 33 50 29 21 20 23 38 60
internal_value=-0.000366387 0.0133734 0.0183953 -0.00235938 0.0090401 0.0136115 0.00861276 0.00593255 0.0119997 0.016655 0.0214897 0.019857 0.0134998 0.0229221 0.00260974 0.00681806 0.00381815 0.0013979 0.00254793 0.00469225 0.00179996 -0.0026995 -0.00153503 0.00101785 0.004258 0.00225771 0.00403119 0.0058635 8.82333e-05 0.0247775
internal_weight=4397 557 258 3840 299 121 62 178 46 87 196 147 60 103 246 55 132 191 146 78 50 3594 471 112 62 97 64 44 68 81
internal_count=4397 557 258 3840 299 121 62 178 46 87 196 147 60 103 246 55 132 191 146 78 50 3594 471 112 62 97 64 44 68 81
is_linear=0
shrinkage=0.03


Tree=7
num_leaves=31
num_cat=0
split_feature=0 0 10 5 10 16 7 4 9 7 11 5 0 7 5 16 4 9 5 11 16 10 4 5 6 9 13 6 7 1
split_gain=131.825 14.0516 8.38803 6.49911 4.37563 2.73351 2.61584 3.96155 2.46058 2.13746 4.76335 1.91018 1.8254 1.27525 1.25758 1.25179 1.52377 1.00552 0.915462 1.72802 3.5331 3.2072 1.1207 0.754557 0.712598 0.686054 0.588915 0.547534 0.523178 0.479971
threshold=0.56764902299890541 0.60785668035134688 1.0000000180025095e-35 0.23225152129817445 0.68301270189221941 29.500000000000004 0.11146912280415879 0.096354166666666671 0.73668854850474119 0.13674255023899876 0.25000000000000017 0.31338742393509134 0.58315943199673659 0.33804259110067586 0.36815415821501019 27.500000000000004 0.091145833333333343 0.61670313639679086 0.16328600405679514 0.6830127018922193 29.500000000000004 0.25000000000000011 0.049479166666666671 0.44117647058823534 0.48894009216589868 0.53610503282275734 -0.22252093395631442 0.50276497695852551 0.090266055694361871 0.11718750000000001
decision_type=2 2 2 2 2 2 2 2 2 2 2 2 2 2 2 2 2 2 2 2 2 2 2 2 2 2 2 2 2 2
left_child=3 4 13 18 5 -2 7 -6 15 14 23 -9 24 -3 17 25 26 -4 -1 -20 -21 -22 -23 -11 -7 -5 -17 29 -27 -14
right_child=1 2 9 8 6 12 -8 11 -10 10 -12 -13 27 -15 -16 16 -18 -19 19 20 21 22 -24 -25 -26 28 -28 -29 -30 -31
leaf_value=-0.0028899897958992336 -0.00028164501148656752 0.0002309238732128919 0.00067910099132293105 -0.00079913703988788065 0.00048337446884354988 0.0029789709390480273 0.0006272965080843559 0.00050226832284137391 0.00062107997288861079 0.0021715091316345616 0.0028912663980632629 0.0010046818290146929 0.00042065206653641113 0.002141512377572926 0.0014492118381538943 0.00055587327586952939 0.00086301189193665085 0.0011603690162813028 -0.0010865418840380289 -0.0016449801030013085 0.002041953936658754 -0.0022243131259530625 0.00035695181014757857 0.0017146668489762841 0.0021388752208433572 0.00042723055942176869 -0.00010229573189273977 0.0012359027258037139 -2.2834644093946379e-05 -4.2802516454747167e-05
leaf_weight=2819 47 24 25 62 30 21 38 26 32 20 24 33 23 22 86 20 40 36 579 107 36 33 20 21 22 22 32 38 38 21
leaf_count=2819 47 24 25 62 30 21 38 26 32 20 24 33 23 22 86 20 40 36 579 107 36 33 20 21 22 22 32 38 38 21
internal_value=-0.00037321 0.0132657 0.0183953 -0.00235156 0.00883943 0.0057209 0.0130629 0.0158762 0.00236584 0.020915 0.0163844 0.0203895 0.00803993 0.00678246 0.0229182 0.0012056 0.00384778 0.0196226 -0.00267446 -0.00176129 0.000673465 0.00508983 0.000396218 0.0101705 0.0130462 -0.00078688 0.000461529 0.00541457 0.00149997 0.00313629
internal_weight=4397 557 258 3840 299 172 127 89 246 212 65 59 125 46 147 214 92 61 3594 775 196 89 53 41 43 122 52 82 60 44
internal_count=4397 557 258 3840 299 172 127 89 246 212 65 59 125 46 147 214 92 61 3594 775 196 89 53 41 43 122 52 82 60 44
is_linear=0
shrinkage=0.03


Tree=8
num_leaves=31
num_cat=0
split_feature=5 5 10 7 4 8 5 5 8 5 1 8 17 9 9 7 7 7 7 4 5 11 16 2 11 11 12 9 6 6
split_gain=120.901 14.185 9.85621 5.45622 7.23771 4.73117 5.4169 4.64415 3.82609 2.11853 1.84464 1.54549 1.70294 1.52351 1.40556 2.7459 1.33869 1.00371 1.3544 0.821428 0.804986 1.06405 2.67852 1.66686 0.754841 2.21975 0.583811 1.07293 0.571849 1.08084
threshold=0.27079107505070998 0.33569979716024351 1.0000000180025095e-35 0.11596544270602603 0.11718750000000001 0.19522708183397192 0.36815415821501019 0.23225152129817445 0.32168781531003504 0.31541582150101427 0.13281250000000003 0.19522708183397192 0.31428058132168429 0.60649161196207169 0.67177242888402644 0.071812787235275108 0.17708840336715329 0.14507291196543173 0.11470218836877218 0.091145833333333343 0.18154158215010144 0.6830127018922193 29.500000000000004 0.065104166666666671 0.6830127018922193 0.93301270189221952 -1.0000000180025095e-35 0.57330415754923425 0.44930875576036872 0.56267281105990796
decision_type=2 2 2 2 2 2 2 2 2 2 2 2 2 2 2 2 2 2 2 2 2 2 2 2 2 2 2 2 2 2
left_child=7 3 10 4 11 19 17 20 16 13 -3 12 -2 -6 24 -16 -8 18 -7 -4 -1 -22 -23 -24 -9 -26 -5 -28 -13 -30
right_child=1 2 5 26 9 6 8 14 -10 -11 -12 28 -14 -15 15 -17 -18 -19 -20 -21 21 22 23 -25 25 -27 27 -29 29 -31
leaf_value=-0.0025126522998003041 0.00085407307410324004 -0.0002303928312723062 0.00062952954819928976 -0.00010585818615484839 0.00083493321525349325 0.0011054237514354526 0.0015837810475715633 -2.3677634522830424e-05 0.0026028807945595268 0.00095143636322987169 0.001454582479897072 0.00027846998861528463 0.0012049448297163632 0.0004815222741065478 0.00092102327984444751 1.2588310359986551e-05 0.0022165345494798952 0.0015522668504637416 0.00039571143492678548 0.001055787018627391 -0.00082384965419607967 -0.0016732606006381427 0.00052590526801798163 0.0022198872889210106 0.0008267472174739262 -0.0015914056574733147 -8.4295414871000772e-05 0.00072055291894417386 -0.0001720012203584398 0.00026616887708237976
leaf_weight=3123 20 26 20 44 21 27 73 106 21 22 35 21 38 21 20 27 22 20 21 61 359 64 27 21 22 21 21 22 27 24
leaf_count=3123 20 26 20 44 21 27 73 106 21 22 35 21 38 21 20 27 22 20 21 61 359 64 27 21 22 21 21 22 27 24
internal_value=-0.000455084 0.0119753 0.0162331 0.00703556 0.009835 0.0187358 0.016076 -0.00244591 0.0200171 0.0180935 0.00536057 0.00576919 0.00941363 0.0141425 0.00205101 0.00657433 0.0225787 0.0093528 0.00699985 0.0247775 -0.00269115 -0.00153503 0.00101785 0.00637487 0.000624156 0.00397665 0.000793094 0.00327899 0.00283329 0.00111762
internal_weight=4397 607 326 281 194 265 184 3790 116 64 61 130 58 42 196 47 95 68 48 81 3594 471 112 48 149 43 87 43 72 51
internal_count=4397 607 326 281 194 265 184 3790 116 64 61 130 58 42 196 47 95 68 48 81 3594 471 112 48 149 43 87 43 72 51
is_linear=0
shrinkage=0.03


Tree=9
num_leaves=31
num_cat=0
split_feature=0 0 8 5 6 7 17 8 17 9 7 16 3 17 2 7 5 4 5 11 16 6 7 9 9 6 11 4 7 6
split_gain=120.774 13.4467 10.046 5.302 4.98779 5.69267 3.62283 2.82577 1.94977 1.78038 2.42336 1.67208 1.96177 1.4603 1.37614 1.34639 1.10748 1.40612 0.915462 1.51758 3.24481 1.70302 1.03399 0.914374 0.859171 0.776495 1.12295 1.67211 0.618206 0.763314
threshold=0.56764902299890541 0.60947546798558971 0.32168781531003504 0.23225152129817445 0.54239631336405547 0.11596544270602603 0.4564717896349248 0.25928284646248428 0.33116330525061705 0.67177242888402644 0.071812787235275108 29.500000000000004 0.049479166666666671 0.31173942643179314 0.11197916666666667 0.12930297617133865 0.33569979716024351 0.11718750000000001 0.16328600405679514 0.6830127018922193 29.500000000000004 0.30921658986175121 0.063178407437470135 0.4584245076586434 0.72611232676878201 0.56820276497695865 0.6830127018922193 0.059895833333333336 0.085704493569116261 0.57281105990783432
decision_type=2 2 2 2 2 2 2 2 2 2 2 2 2 2 2 2 2 2 2 2 2 2 2 2 2 2 2 2 2 2
left_child=3 4 13 18 11 7 -4 16 -7 25 -11 -2 -13 -3 -14 28 17 -6 -1 -20 -21 22 -22 -23 -17 26 -5 -28 -15 -30
right_child=1 2 6 9 5 8 -8 -9 -10 10 -12 12 14 15 -16 24 -18 -19 19 20 21 23 -24 -25 -26 -27 27 -29 29 -31
leaf_value=-0.0027279105330282449 -0.0003469158442645516 0.0009685750515777275 -0.00012819057365031283 -3.6906569387377208e-05 0.00055305630418729819 -9.6835788911167205e-05 0.0024893516077370186 0.0010738447400582773 0.0013744430424098039 0.00089339258144911413 4.0659752326331954e-05 0.00050143528135664398 0.0021303000126649528 0.00066208169366853116 -5.5991626041471762e-05 0.0010822641362542517 0.0011413274827823162 0.00086365696783898048 -0.0009936983034696846 -0.0015454328818921266 -0.0020746542726097581 0.0016195752277099941 0.0018505240562778486 0.00083267313414653093 0.0022912517268894898 -0.00012872516967404573 8.5777201680993067e-07 0.0012157442824954187 0.0014543448758223305 0.0012474186387935336
leaf_weight=2819 42 24 24 105 31 31 37 29 28 20 32 23 40 20 30 20 21 39 579 107 27 22 20 20 28 43 26 20 24 66
leaf_count=2819 42 24 24 105 31 31 37 29 28 20 32 23 40 20 30 20 21 39 579 107 27 22 20 20 28 43 26 20 24 66
internal_value=-0.000489198 0.0125655 0.0178641 -0.00238281 0.00846494 0.0117485 0.00732775 0.0154999 0.00411857 0.00187804 0.00680756 0.00411108 0.00635477 0.0213955 0.00385709 0.0224429 0.0180987 0.0162855 -0.00267446 -0.00176129 0.000520405 0.00475275 0.000829769 0.00914264 0.0182496 0.000556697 0.00156953 0.00547814 0.0242725 0.0253331
internal_weight=4397 557 243 3840 314 179 61 120 59 246 52 135 93 182 70 158 91 70 3594 775 196 89 47 42 48 194 151 46 110 90
internal_count=4397 557 243 3840 314 179 61 120 59 246 52 135 93 182 70 158 91 70 3594 775 196 89 47 42 48 194 151 46 110 90
is_linear=0
shrinkage=0.03


Tree=10
num_leaves=31
num_cat=0
split_feature=0 0 5 8 8 9 9 5 6 16 8 16 16 8 0 8 11 6 1 11 16 6 0 17 11 11 12 1 0 6
split_gain=123.081 14.3837 6.67715 5.97272 4.40097 4.1453 3.57424 3.43828 2.544 2.50187 2.65593 2.40952 2.29895 1.87498 2.08779 1.77632 1.33077 1.35627 1.32667 1.90328 4.04959 1.26684 1.2384 0.893378 0.788919 1.30209 0.751886 1.0729 0.668622 0.668572
threshold=0.57040581497477094 0.60947546798558971 0.23225152129817445 0.30935014610256384 0.18916446128283268 0.80598103574033564 0.57330415754923425 0.44523326572008121 0.53502304147465451 25.500000000000004 0.20622435817705217 26.500000000000004 28.500000000000004 0.24281010727125305 0.59294530418543168 0.1795928394607082 -0.68301270189221952 0.39861751152073738 0.075520833333333343 0.6830127018922193 29.500000000000004 0.31935483870967746 0.61229581972090841 0.33310749330662537 1.0000000180025095e-35 -0.9330127018922193 -0.60785761079279388 0.13802083333333334 0.52260523305345885 0.50921658986175122
decision_type=2 2 2 2 2 2 2 2 2 2 2 2 2 2 2 2 2 2 2 2 2 2 2 2 2 2 2 2 2 2
left_child=2 4 18 22 6 11 -2 -5 -8 26 -11 -4 -9 -12 -15 -10 29 -18 -1 28 -21 -22 -3 -24 25 -25 -6 -28 -20 -13
right_child=1 3 5 7 9 -7 8 12 15 10 13 16 -14 14 -16 -17 17 -19 19 20 21 -23 23 24 -26 -27 27 -29 -30 -31
leaf_value=-0.002232093547128135 0.00017584477493870062 0.00093908510749470854 -0.00028441857553484422 3.707148199651943e-05 -5.0391761407924766e-05 0.0010261150930162971 0.0028573320020932728 0.00099563668769146177 0.00093255821927585106 0.0011319852947713599 0.00025886863140591062 -0.00037611538513623692 0.0030589899675418949 0.0014503276133936672 0.0011586848849719795 0.0004678243870667731 0.00020128261860466093 0.0010143955544757556 -0.0012166741074358205 -0.0017054484043493333 0.0008283111574387905 0.0016133554443102088 0.0013910050068951215 0.0017796394844658058 0.0012526872608907237 0.0020689662166767145 0.00027644297514256094 -0.00010912143913973501 0.00015976161203557358 0.00051815946750820155
leaf_weight=3148 26 29 146 22 21 22 20 25 30 23 50 23 24 26 30 29 31 33 299 56 25 23 39 21 53 31 37 22 29 20
leaf_count=3148 26 29 146 22 21 22 20 25 30 23 50 23 24 26 30 29 31 33 299 56 25 23 39 21 53 31 37 22 29 20
internal_value=-0.000362339 0.0128064 -0.00226848 0.0182704 0.00856048 0.00223635 0.0135713 0.0109435 0.0167466 0.00604303 0.00862784 0.00115019 0.015367 0.00662258 0.0103927 0.019881 0.00457005 0.00731239 -0.00261453 -0.00105555 0.00248074 0.00887481 0.0212773 0.0224165 0.0238569 0.0212304 0.00187498 0.00361011 -0.00217682 0.00048836
internal_weight=4413 558 3855 244 314 275 105 71 79 209 129 253 49 106 56 59 107 64 3580 432 104 48 173 144 105 52 80 59 328 43
internal_count=4413 558 3855 244 314 275 105 71 79 209 129 253 49 106 56 59 107 64 3580 432 104 48 173 144 105 52 80 59 328 43
is_linear=0
shrinkage=0.03


Tree=11
num_leaves=31
num_cat=0
split_feature=20 20 8 5 8 9 5 9 6 16 17 16 8 5 17 7 5 10 8 16 10 10 4 8 12 7 12 17 18 18
split_gain=117.622 14.1412 6.10648 6.0022 4.91886 4.29138 3.6626 3.57424 2.544 2.01161 2.23049 1.97511 1.77632 1.45348 1.45158 1.59729 1.45165 1.09028 1.10206 1.06075 3.03588 2.86896 1.04201 0.949923 0.899621 0.913466 0.751886 0.682793 0.571957 0.524057
threshold=0.57040581497477094 0.60947546798558971 0.32168781531003504 0.23225152129817445 0.18916446128283268 0.80598103574033564 0.54056795131845847 0.57330415754923425 0.53502304147465451 25.500000000000004 0.33907752531699437 26.500000000000004 0.1795928394607082 0.16328600405679514 0.33310749330662537 0.1598231199900437 0.36409736308316437 -0.5 0.18375450283017666 29.500000000000004 -0.5 -0.6830127018922193 0.11718750000000001 0.17293610086023539 -1.0000000180025095e-35 0.10811401452739054 -0.60785761079279388 0.32784443877116848 0.49264705882352944 0.47500000000000003
decision_type=2 2 2 2 2 2 2 2 2 2 2 2 2 2 2 2 2 2 2 2 2 2 2 2 2 2 2 2 2 2
left_child=3 4 14 13 7 11 -4 -2 -9 26 -11 -5 -10 -1 22 16 -16 -13 -19 -15 21 -21 -3 -22 -12 -26 -6 -28 -20 -25
right_child=1 2 6 5 9 -7 -8 8 12 10 24 17 -14 19 15 -17 -18 18 28 20 23 -23 -24 29 25 -27 27 -29 -30 -31
leaf_value=-0.0025827914598193329 0.00017056943169053946 0.00091160486232696352 0.00039056286981844725 -0.00027588601826879867 -4.8880008565685507e-05 0.00099533164022580782 0.0028845248282681276 0.0027716120420304751 0.00090458147269757564 0.0012468601900790263 0.00056813349848597414 0.002847332827780488 0.00045378965545476822 -0.0012520296482256242 0.00096391357232646698 0.0020135804093830852 0.001561659763807409 -8.3087195081369433e-05 0.00017053930281362643 -0.00016353533926982477 -0.001715602307892229 0.0021234225804495658 0.0011585658546885008 -0.0007467353025106205 -8.5959974786596055e-05 0.00049171703249569702 -2.1998959993772869e-05 0.00031335627127527252 0.00082887838342862567 0.00038507602604412875
leaf_weight=2824 26 21 34 146 21 22 29 20 30 39 38 27 29 381 27 27 76 32 28 35 191 32 30 49 23 29 28 31 20 68
leaf_count=2824 26 21 34 146 21 22 29 20 30 39 38 27 29 381 27 27 76 32 28 35 191 32 30 49 23 29 28 31 20 68
internal_value=-0.000389532 0.0124838 0.0179016 -0.00225292 0.00827386 0.00201817 0.00985699 0.0135713 0.0167466 0.00561241 0.00793017 0.000913039 0.019881 -0.00258101 0.0207015 0.0223844 0.0240871 0.00400931 0.00224997 -0.0014127 -0.00028 0.00550738 0.0164114 -0.00153896 0.00533327 0.00276918 0.00187498 0.00361011 0.00512489 0.000589738
internal_weight=4413 558 244 3855 314 275 63 105 79 209 129 253 59 3580 181 130 103 107 80 756 375 67 51 308 90 52 80 59 48 117
internal_count=4413 558 244 3855 314 275 63 105 79 209 129 253 59 3580 181 130 103 107 80 756 375 67 51 308 90 52 80 59 48 117
is_linear=0
shrinkage=0.03


Tree=12
num_leaves=31
num_cat=0
split_feature=0 0 8 5 8 9 5 16 6 16 17 3 8 8 17 7 6 5 5 8 11 16 7 6 11 2 6 16 7 17
split_gain=114.827 13.9806 5.73885 5.51826 4.7447 4.24641 3.6626 2.78134 2.544 2.26849 2.23049 1.90537 1.77632 1.74989 1.6306 1.48579 1.48323 1.32152 1.31356 1.29626 1.28033 3.57451 3.66353 1.74597 1.11171 1.05296 0.969211 0.714262 0.513853 0.620172
threshold=0.57040581497477094 0.60947546798558971 0.32168781531003504 0.23630831643002034 0.18916446128283268 0.57330415754923425 0.54056795131845847 26.500000000000004 0.53502304147465451 25.500000000000004 0.33907752531699437 0.054687500000000007 0.1795928394607082 0.26495406874879129 0.33310749330662537 0.1598231199900437 0.42903225806451623 0.16328600405679514 0.36409736308316437 0.18375450283017666 0.6830127018922193 29.500000000000004 0.087230509471486625 0.30921658986175121 0.6830127018922193 0.10677083333333334 0.59308755760368681 12.500000000000002 0.087230509471486625 0.30945715551721215
decision_type=2 2 2 2 2 2 2 2 2 2 2 2 2 2 2 2 2 2 2 2 2 2 2 2 2 2 2 2 2 2
left_child=3 4 14 17 5 -2 -4 28 -7 27 -11 -12 -10 -13 19 18 24 -1 -16 -3 26 -22 23 -23 -9 -18 -19 -6 29 -5
right_child=1 2 6 7 9 8 -8 16 12 10 11 13 -14 -15 15 -17 25 20 -20 -21 21 22 -24 -25 -26 -27 -28 -29 -30 -31
leaf_value=-0.0025053077160247534 0.00016545234873982203 0.00088373748541433069 0.0003788459837238946 0.00032368300594981525 0.00036819353936067483 0.0026884636807695608 0.0027979890834200823 -6.4725411160550554e-05 0.0008774440285166488 0.0012094543843766555 0.00047722705513279459 1.0637379905227025e-05 0.00044017596579112639 0.0019869461406151643 0.00093499616515667209 0.001953172997101594 0.0009720371936630367 -0.0009253287240825565 0.001514809970893187 0.0023946274284212189 -0.0014059894163818238 -0.0018490509511935771 0.0021073642455104228 0.0014669744281027963 0.0015047563620255461 0.00021729862699292591 0.00062197088269527149 -3.039508520206886e-05 -0.00036036715227530473 -0.00036007911335776411
leaf_weight=2824 26 27 34 21 35 20 29 30 30 39 20 50 29 20 27 27 39 569 76 24 106 33 20 30 21 23 21 45 96 22
leaf_count=2824 26 27 34 21 35 20 29 30 30 39 20 50 29 20 27 27 39 569 76 24 106 33 20 30 21 23 21 45 96 22
internal_value=-0.000450714 0.0122688 0.0176557 -0.00229183 0.00808278 0.0132856 0.00985699 0.00199999 0.0167466 0.00546887 0.00793017 0.00533327 0.019881 0.00299996 0.0203701 0.0221537 0.00549553 -0.00259201 0.0237959 0.0158232 -0.00149807 0.000650789 0.00531319 0.00176188 0.00170585 0.00861276 -0.00218644 0.00149998 -0.000841721 0.00188368
internal_weight=4413 558 244 3855 314 105 63 252 79 209 129 90 59 70 181 130 113 3603 103 51 779 189 83 63 51 62 590 80 139 43
internal_count=4413 558 244 3855 314 105 63 252 79 209 129 90 59 70 181 130 113 3603 103 51 779 189 83 63 51 62 590 80 139 43
is_linear=0
shrinkage=0.03


Tree=13
num_leaves=31
num_cat=0
split_feature=20 20 8 5 8 5 5 16 17 2 16 6 17 10 8 3 7 7 10 6 1 4 8 12 1 7 17 16 9 8
split_gain=106.267 13.5832 5.53674 5.17754 4.32758 3.76989 3.15907 3.06159 3.34313 2.84073 2.55319 1.74663 1.57744 1.77363 1.97402 1.53079 1.3795 1.36098 1.33805 1.5237 1.2855 1.2442 1.01306 0.977751 1.09387 0.775327 0.710029 0.602856 0.567525 0.652459
threshold=0.57040581497477094 0.60947546798558971 0.32168781531003504 0.23630831643002034 0.17890958504461263 0.31744421906693715 0.54056795131845847 26.500000000000004 0.34572589566845385 0.14322916666666669 26.500000000000004 0.42903225806451623 0.33310749330662537 0.68301270189221941 0.23115397234354332 0.054687500000000007 0.15643284819623146 0.13980411543182011 0.25000000000000011 0.51658986175115229 0.065104166666666671 0.10156250000000001 0.18375450283017666 1.0000000180025095e-35 0.13802083333333334 0.095648249209454236 0.39378208946756316 29.500000000000004 0.60649161196207169 0.19374835634870594
decision_type=2 2 2 2 2 2 2 2 2 2 2 2 2 2 2 2 2 2 2 2 2 2 2 2 2 2 2 2 2 2
left_child=3 4 12 20 5 -2 -4 23 9 25 28 26 22 14 -14 -10 -16 -17 -13 -20 -1 -22 -3 -6 -25 -9 -12 -23 -5 -30
right_child=1 2 6 10 7 -7 -8 8 15 -11 11 18 13 -15 16 17 -18 -19 19 -21 21 27 -24 24 -26 -27 -28 -29 29 -31
leaf_value=-0.0021598877925495274 0.00032589445695992668 0.00085722536085189966 0.00036748060421217937 -0.00036027353161923343 -2.1617769544377291e-05 0.00084326363861730229 0.0027140494109174794 0.00041839067621736388 0.00047564331516681928 0.00092865022272442044 -4.6128625335729721e-05 0.0031986218641471761 0.00061306534361889374 0.0012140934412844982 0.0018349414841611418 3.4665685393307912e-05 0.0014689737254099415 0.001841108602647663 0.00061694760474590913 -3.0796329040701161e-05 -0.0011265002684575367 -0.00041099041113541279 0.0023227886055685819 0.00028627572620162911 -8.6753364807200183e-05 0.0014273223980208918 0.0013967083579722016 0.00066249988307821254 0.00053388961302491399 -0.00022950012128029651
leaf_weight=2904 23 27 34 98 55 31 29 20 22 20 29 20 20 51 39 53 20 22 21 21 595 45 24 24 20 24 22 59 20 21
leaf_count=2904 23 27 34 98 55 31 29 20 22 20 29 20 20 51 39 53 20 22 21 21 595 45 24 24 20 24 22 59 20 21
internal_value=-0.000505099 0.0117312 0.0170409 -0.00227626 0.00760507 0.015333 0.0093808 0.00599998 0.00855274 0.0138748 0.00188094 0.00523004 0.0197071 0.0214614 0.0186453 0.00504118 0.0214064 0.00299996 0.00861276 0.0055713 -0.00256703 -0.00141202 0.015235 0.00184847 0.0051817 0.018136 0.00111762 0.00161537 -0.000841721 0.0021219
internal_weight=4413 558 244 3855 314 54 63 260 161 64 252 113 181 130 79 97 59 75 62 42 3603 699 51 99 44 44 51 104 139 41
internal_count=4413 558 244 3855 314 54 63 260 161 64 252 113 181 130 79 97 59 75 62 42 3603 699 51 99 44 44 51 104 139 41
is_linear=0
shrinkage=0.03


Tree=14
num_leaves=31
num_cat=0
split_feature=20 20 8 5 1 8 9 16 9 16 11 17 1 6 3 5 11 16 8 8 16 8 20 11 16 6 6 11 16 9
split_gain=100.519 12.9989 5.92206 4.86644 4.07021 3.61054 4.02746 2.3348 1.99979 1.99537 1.90899 1.77349 2.57073 1.52839 1.48795 1.4107 1.40759 1.93146 2.01675 1.34993 1.14683 1.14084 1.09649 1.02393 3.561 1.34707 0.974001 0.786797 0.749654 0.485385
threshold=0.57040581497477094 0.60947546798558971 0.30935014610256384 0.23630831643002034 0.16406250000000003 0.18916446128283268 0.57330415754923425 26.500000000000004 0.69876002917578428 26.500000000000004 0.25000000000000017 0.34572589566845385 0.11718750000000001 0.42903225806451623 0.059895833333333336 0.16734279918864101 -0.9330127018922193 10.500000000000002 0.17796410352255287 0.24281010727125305 19.500000000000004 0.19218106975147189 0.61636054089337511 0.6830127018922193 29.500000000000004 0.307373271889401 0.59308755760368681 0.6830127018922193 12.500000000000002 0.53610503282275734
decision_type=2 2 2 2 2 2 2 2 2 2 2 2 2 2 2 2 2 2 2 2 2 2 2 2 2 2 2 2 2 2
left_child=3 5 10 15 -4 6 -2 29 20 28 16 12 -11 27 -13 -1 -3 -18 -19 -16 -8 -15 -20 26 -25 -26 -17 -9 -7 -5
right_child=1 2 4 7 -6 9 8 13 -10 11 -12 14 -14 21 19 23 17 18 22 -21 -22 -23 -24 24 25 -27 -28 -29 -30 -31
leaf_value=-0.0022988639583611226 0.00014873691135317276 0.001552467409253859 7.9201152992528873e-05 -0.0006260835988945862 0.0023860940586839406 0.00034855946139380459 0.00089653677722024592 -6.1399790065663241e-05 0.00028580415668517668 0.0003647936903554999 0.0018843725738076798 0.00044864094402380768 0.0011374793180916308 0.0023257321561998431 -8.0831811069476405e-05 -0.00080502606647357938 0.00089582032773083593 0.00083202783106916644 0.00041729257039143064 0.0019107789761248048 0.0013581035970726349 0.0004696602572933483 0.0018473941336549029 -0.0013495857442624524 0.00035467325436770042 0.0014442027414631488 0.00063569156644310842 0.0014177124204256136 -2.8368203098648783e-05 1.5511721979815096e-05
leaf_weight=2893 26 22 33 56 38 35 21 30 28 22 54 20 21 24 40 518 24 21 22 24 30 38 30 100 34 38 20 21 47 83
leaf_count=2893 26 22 33 56 38 35 21 30 28 22 54 20 21 24 40 518 24 21 22 24 30 38 30 100 34 38 20 21 47 83
internal_value=-0.000545888 0.0113548 0.0165491 -0.00226848 0.00925339 0.00731845 0.011857 0.0017619 0.0152277 0.00503825 0.0195432 0.00739364 0.0123485 0.00496456 0.00485708 -0.00255037 0.01742 0.0158658 0.0134382 0.00262496 0.0187643 0.0081289 0.010269 -0.00135211 0.000662786 0.00574992 -0.00199628 0.00111762 0.00139023 -0.000841721
internal_weight=4413 558 244 3855 71 314 105 252 79 209 173 127 43 113 84 3603 119 97 73 64 51 62 52 710 172 72 538 51 82 139
internal_count=4413 558 244 3855 71 314 105 252 79 209 173 127 43 113 84 3603 119 97 73 64 51 62 52 710 172 72 538 51 82 139
is_linear=0
shrinkage=0.03


Tree=15
num_leaves=31
num_cat=0
split_feature=0 0 8 1 17 0 9 7 6 9 17 6 7 8 8 2 7 17 17 6 16 11 6 7 9 9 18 17 17 7
split_gain=100.094 11.358 7.00875 4.83208 4.2337 3.97689 2.71061 2.4705 2.07095 1.93501 1.88785 1.50136 1.47264 1.46167 1.43164 1.33625 1.21579 1.0939 1.02899 1.00755 1.81399 8.54903 0.944683 0.859072 0.76374 1.30802 0.648831 0.590253 0.582974 0.442167
threshold=0.56764902299890541 0.60947546798558971 0.30935014610256384 0.21093750000000003 0.34457082155884028 0.52800106982563555 0.44128373450036479 0.12201822244818451 0.43456221198156691 0.80598103574033564 0.33310749330662537 0.60230414746543792 0.15643284819623146 0.18051107774196509 0.23702998767234346 0.15364583333333334 0.071812787235275108 0.42745298272487459 0.44987660624627707 0.30921658986175121 29.500000000000004 0.6830127018922193 0.54884792626728129 0.16947311116436589 0.53610503282275734 0.58242159008023353 0.49852941176470594 0.32570922397320157 0.29240798288626951 0.10036056523027932
decision_type=2 2 2 2 2 2 2 2 2 2 2 2 2 2 2 2 2 2 2 2 2 2 2 2 2 2 2 2 2 2
left_child=5 4 10 17 6 19 -2 15 14 24 13 18 22 -3 -6 16 -8 -4 -12 29 -21 -22 -10 -13 -7 -26 -27 -23 -18 -1
right_child=1 2 3 -5 8 9 7 -9 12 -11 11 23 -14 -15 -16 -17 28 -19 -20 20 21 27 -24 -25 25 26 -28 -29 -30 -31
leaf_value=-0.0025112009625580843 2.3928847747738747e-05 0.00080698045762995422 -0.00016270384263465464 0.0024974732473369622 0.0017126480583010515 -0.00014271707864409064 0.00038225588967510048 0.00059947117800218652 -0.0001749722723294709 0.0010869152379756901 0.0010860725794669642 0.00098527753232459056 0.0014593170885143047 0.00074819541608873096 0.00027449151951836531 0.00065465789593745693 0.00075455363924492591 0.00053669580356049073 0.0017905121559111991 -0.0011135629327021167 -0.0005822341946933908 0.001083181515807602 0.00070462699057580354 0.0017897741225917448 0.00085749475415888518 -2.4493708130414648e-05 0.00040299696824026425 0.0013679112937100648 0.0013007820704257747 -0.001697665769711537
leaf_weight=2634 22 22 22 22 22 125 28 28 69 21 22 64 20 30 28 20 25 33 21 489 259 28 21 20 20 107 21 25 35 97
leaf_count=2634 22 22 22 22 22 125 28 28 69 21 22 64 20 30 28 20 25 33 21 489 259 28 21 20 20 107 21 25 35 97
internal_value=-0.000518182 0.0111637 0.0158671 0.00829859 0.00737733 -0.00227078 0.0108607 0.0124411 0.00393747 0.00108163 0.0191228 0.0210943 0.00163635 0.0143074 0.00899982 0.0144999 0.0160907 0.00354539 0.0165345 -0.00254983 -0.00161423 0.000173076 -7.15248e-10 0.0234283 0.000406591 0.00186485 0.000749993 0.0111507 0.0184997 -0.00282424
internal_weight=4400 574 256 77 318 3826 158 136 160 294 179 127 110 52 50 108 88 55 43 3532 801 312 90 84 273 148 128 53 60 2731
internal_count=4400 574 256 77 318 3826 158 136 160 294 179 127 110 52 50 108 88 55 43 3532 801 312 90 84 273 148 128 53 60 2731
is_linear=0
shrinkage=0.03


Tree=16
num_leaves=31
num_cat=0
split_feature=0 0 9 17 0 17 10 10 9 9 7 6 9 2 7 18 4 6 16 11 6 7 6 13 4 7 16 10 3 11
split_gain=94.0735 10.562 7.77595 3.56568 3.52492 3.27197 2.73343 2.63917 3.24895 2.40375 2.0759 2.07095 2.02606 1.60293 1.47264 1.44549 1.21512 1.17131 1.06633 3.14604 0.944683 0.924146 0.851771 0.831861 0.824366 0.702359 0.623892 1.51497 0.834143 0.600574
threshold=0.56764902299890541 0.60947546798558971 0.44128373450036479 0.34457082155884028 0.52800106982563555 0.33310749330662537 0.93301270189221952 0.68301270189221941 0.88366156090444947 0.44128373450036479 0.12201822244818451 0.43456221198156691 0.80598103574033564 0.15364583333333334 0.15643284819623146 0.46323529411764708 0.10156250000000001 0.69631336405529975 29.500000000000004 0.6830127018922193 0.54884792626728129 0.087670594114355446 0.59308755760368681 1.0000000180025095e-35 0.049479166666666671 0.098703409235773101 27.500000000000004 -0.5 0.075520833333333343 0.6830127018922193
decision_type=2 2 2 2 2 2 2 2 2 2 2 2 2 2 2 2 2 2 2 2 2 2 2 2 2 2 2 2 2 2
left_child=4 3 -3 9 16 6 25 8 17 -2 13 24 26 15 20 -11 29 22 -18 -20 -13 23 -7 -17 -5 -4 -6 -28 -29 -1
right_child=1 2 5 11 12 7 -8 -9 -10 10 -12 14 -14 -15 -16 21 18 -19 19 -21 -22 -23 -24 -25 -26 -27 27 28 -30 -31
leaf_value=-0.0018521568943752531 2.3210982315307394e-05 0.0001026925707021099 0.0010030974641243617 0.00055981130343883115 -0.00011376118261097571 0.0016411915665550123 0.00011765882848079645 0.0019596921807870015 0.0015123718114404727 0.00098062785336444484 0.0005814870426621209 -0.00016972310415958792 0.0010543077808364202 0.00063501815905933384 0.001415537575858875 0.00017675207924556483 -0.00090976389337184716 0.0012341870893628956 -0.00052421789085093328 0.0011244743688252497 0.00068348818085852867 0.0010751886482685063 0.001653564034666569 0.00060716289802822206 0.0012547864309580248 0.00061506657350096346 0.002361757312845084 -0.00014709269003380408 0.00019298710960265875 -0.0018477357638731994
leaf_weight=2378 22 35 21 23 155 22 21 61 24 20 28 69 21 20 20 22 109 20 81 26 21 26 32 20 27 20 23 42 53 938
leaf_count=2378 22 35 21 23 155 22 21 61 24 20 28 69 21 20 20 22 109 20 81 26 21 26 32 20 27 20 23 42 53 938
internal_value=-0.000579546 0.0107456 0.0152812 0.00709432 -0.00227862 0.0173619 0.0115159 0.0196414 0.0165917 0.0102911 0.0117793 0.00393747 0.000877547 0.0136665 0.00163635 0.0154089 -0.00254134 0.0197024 -0.00036111 0.00176634 -7.15248e-10 0.0133233 0.0219996 0.0105712 0.00899982 0.016024 0.000186812 0.00183049 0.000157892 -0.00268335
internal_weight=4400 574 256 318 3826 221 62 159 98 158 136 160 294 108 110 88 3532 74 216 107 90 68 54 42 50 41 273 118 95 3316
internal_count=4400 574 256 318 3826 221 62 159 98 158 136 160 294 108 110 88 3532 74 216 107 90 68 54 42 50 41 273 118 95 3316
is_linear=0
shrinkage=0.03


Tree=17
num_leaves=31
num_cat=0
split_feature=0 0 9 17 17 5 9 0 6 8 16 17 8 9 9 2 6 8 11 16 2 9 6 2 6 6 5 1 4 12
split_gain=89.7258 11.4557 7.36537 3.53846 2.83196 2.79381 2.81231 2.48126 2.33006 2.31446 2.10694 2.08814 2.01993 1.59554 3.85413 1.19993 1.12191 1.10333 0.934232 3.36112 1.407 0.899893 0.875254 1.02037 0.799049 0.733917 0.569414 0.599444 0.549969 0.866703
threshold=0.56286410739646286 0.60947546798558971 0.44128373450036479 0.34457082155884028 0.33310749330662537 0.18154158215010144 0.80598103574033564 0.58542297693482837 0.43456221198156691 0.17890958504461263 29.500000000000004 0.32570922397320157 0.18051107774196509 0.97957695113056176 0.88366156090444947 0.11718750000000001 0.57281105990783432 0.23702998767234346 0.6830127018922193 29.500000000000004 0.075520833333333343 0.61670313639679086 0.68801843317972355 0.13281250000000003 0.54884792626728129 0.61244239631336417 0.26064908722109537 0.075520833333333343 0.085937500000000014 0.6078576107927941
decision_type=2 2 2 2 2 2 2 2 2 2 2 2 2 2 2 2 2 2 2 2 2 2 2 2 2 2 2 2 2 2
left_child=5 3 -3 7 12 28 18 10 17 -9 -2 15 -4 14 22 -11 -12 -5 26 -20 -21 -14 23 25 -10 -6 -7 -28 -1 -30
right_child=1 2 4 8 13 6 -8 9 24 11 16 -13 21 -15 -16 -17 -18 -19 19 20 -22 -23 -24 -25 -26 -27 27 -29 29 -31
leaf_value=-0.0021495658971480269 -2.4668394336990394e-05 9.9611793581048198e-05 0.00075267811997732344 0.00093903490597081177 0.001526883205364244 -0.00050795715642246392 0.001519295325469858 0.0007051849285240147 -4.04034553112167e-05 0.00067538912295263243 0.0029616354321385634 0.00083396606774359004 0.00059661457629593445 0.0023034470841084851 0.0014670006570972581 0.00014281139271229613 0.00098996580663045491 0.00022388894052682178 -0.0010010300300130493 0.00074401529269936518 0.0012598790530341899 0.00081805418508927314 0.0015504198169696188 0.0010154657610023426 0.00083831885748196283 0.00087129152183209734 -5.5385618330830513e-05 0.00036577793151674429 -0.0010428458079268545 0.00015690031462021629
leaf_weight=2850 33 35 22 29 23 450 33 29 84 25 20 20 20 20 24 28 22 29 106 41 24 20 33 32 29 27 21 38 168 65
leaf_count=2850 33 35 22 29 23 450 33 29 84 25 20 20 20 20 24 28 22 29 106 41 24 20 33 32 29 27 21 38 168 65
internal_value=-0.000627273 0.0101126 0.0149296 0.00656895 0.0169547 -0.00233614 -0.000643759 0.00954232 0.00349121 0.0125881 0.00539993 0.00973959 0.0115159 0.0190754 0.0179351 0.00662252 0.00985691 0.00837917 -0.00105882 0.000859643 0.00623067 0.00749981 0.0202172 0.0218778 0.000982291 0.0191996 -0.00170334 0.00106778 -0.00272754 -0.00132618
internal_weight=4400 604 256 348 221 3796 713 177 171 102 75 73 62 159 139 53 42 58 680 171 65 40 115 82 113 50 509 59 3083 233
internal_count=4400 604 256 348 221 3796 713 177 171 102 75 73 62 159 139 53 42 58 680 171 65 40 115 82 113 50 509 59 3083 233
is_linear=0
shrinkage=0.03


Tree=18
num_leaves=31
num_cat=0
split_feature=0 6 0 9 11 7 7 11 0 8 18 9 0 6 13 9 11 9 8 11 11 8 8 6 3 2 6 8 7 11
split_gain=83.4671 9.30295 7.56685 4.52195 2.72779 4.11569 4.27871 2.46333 1.86973 1.67553 1.66158 1.6684 1.63305 1.39481 1.15522 1.11743 2.20714 2.10954 1.10336 1.02191 4.92969 1.6269 1.50661 0.954073 0.792905 0.75324 0.718053 0.490893 0.432205 1.83327
threshold=0.58542297693482837 0.59308755760368681 0.54460969367221124 0.44128373450036479 0.25000000000000017 0.11596544270602603 0.073925378384792365 -0.24999999999999994 0.64473107689836062 0.23942336319236415 0.49558823529411766 0.5948212983223925 0.61090751480435135 0.30921658986175121 -0.22252093395631442 0.44128373450036479 0.25000000000000017 0.53610503282275734 0.20833669660143139 0.6830127018922193 0.93301270189221952 0.1813468332704895 0.12558172954289096 0.67695852534562229 0.12239583333333334 0.11718750000000001 0.33594470046082953 0.32168781531003504 0.10036056523027932 0.6830127018922193
decision_type=2 2 2 2 2 2 2 2 2 2 2 2 2 2 2 2 2 2 2 2 2 2 2 2 2 2 2 2 2 2
left_child=2 7 13 -3 5 6 -5 12 18 -6 15 -12 -2 28 25 -4 24 -18 -7 27 21 22 -21 -8 -17 -9 -24 -15 -1 -30
right_child=1 3 10 4 9 8 23 14 -10 -11 11 -13 -14 19 -16 16 17 -19 -20 20 -22 -23 26 -25 -26 -27 -28 -29 29 -31
leaf_value=-0.002316737940361645 0.00047543014276545326 3.0201608975936855e-05 -0.00025158521133454505 0.00031017993552715601 0.0005896888073862207 0.00097115242763803802 0.00084592700611088578 0.00051416441851108441 0.0011542461250545965 0.0021695710607207183 0.00029058923780195966 0.00077177484457955964 0.0016552638681354437 -0.00056162005850873939 0.00011530095183353858 -0.00012442163194237521 8.1164509104268939e-05 0.0034855330654122089 0.00042825645021831214 0.0015449289209142313 -0.0018537113897536045 0.00059424279758478178 0.0011942874847214399 0.00072957854512885572 0.00041228340799605398 0.00062417058295265843 -0.00038287281306658875 0.00044541532194081239 -0.0022614734387148604 0.0019035701823681406
leaf_weight=2635 40 21 43 26 32 21 34 34 24 52 35 33 20 635 68 82 30 25 37 21 164 26 20 38 35 21 27 23 77 21
leaf_count=2635 40 21 43 26 32 21 34 34 24 52 35 33 20 635 68 82 30 25 37 21 164 26 20 38 35 21 27 23 77 21
internal_value=-0.000681819 0.0112948 -0.00210732 0.0146842 0.0157499 0.0136666 0.0178161 0.00601636 0.00870721 0.020214 0.00261836 0.00670578 0.0109998 -0.00247383 0.00358534 0.00132557 0.00240696 0.0073635 0.005793 -0.0014607 0.000139534 0.00561696 0.00317642 0.021583 7.69217e-05 0.00681806 0.000191485 -0.00208814 -0.00281339 -0.000857135
internal_weight=4400 468 3932 285 264 180 98 183 82 84 283 68 60 3649 123 215 172 55 58 916 258 94 68 72 117 55 47 658 2733 98
internal_count=4400 468 3932 285 264 180 98 183 82 84 283 68 60 3649 123 215 172 55 58 916 258 94 68 72 117 55 47 658 2733 98
is_linear=0
shrinkage=0.03


Tree=19
num_leaves=31
num_cat=0
split_feature=20 6 20 16 7 9 1 11 17 17 16 10 6 17 7 16 5 6 16 11 12 9 7 3 20 11 7 16 6 3
split_gain=81.089 9.20321 6.90312 5.11195 3.36457 4.04161 2.79631 2.1423 2.69966 1.79727 1.63993 4.38523 3.48423 1.59988 1.57628 1.54832 1.56784 1.44008 2.20814 8.76114 1.29487 1.19311 2.44552 1.00827 0.959715 0.947589 0.71006 0.553418 0.492268 0.582949
threshold=0.58542297693482837 0.59308755760368681 0.54460969367221124 26.500000000000004 0.14842600721355023 0.57622173595915405 0.13802083333333334 -0.24999999999999994 0.40471732902164365 0.32478086971321596 26.500000000000004 -0.5 0.53502304147465451 0.37286188409497073 0.11596544270602603 29.500000000000004 0.35192697768762687 0.30921658986175121 29.500000000000004 0.6830127018922193 1.0000000180025095e-35 0.59263311451495271 0.092343480677863826 0.080729166666666671 0.49403747443035323 1.0000000180025095e-35 0.065904323980221752 7.5000000000000009 0.40322580645161299 0.11197916666666667
decision_type=2 2 2 2 2 2 2 2 2 2 2 2 2 2 2 2 2 2 2 2 2 2 2 2 2 2 2 2 2 2
left_child=2 7 17 4 5 -3 14 8 13 -8 26 -12 -13 -2 -5 -9 23 -1 -19 28 -14 -7 -23 -17 -21 -11 -4 -28 -20 -30
right_child=1 3 10 6 -6 21 9 15 -10 25 11 12 20 -15 -16 16 -18 18 19 24 -22 22 -24 -25 -26 -27 27 -29 29 -31
leaf_value=-0.0022192377392699354 0.00053231016473447089 0.00014023160302153792 0.00039670941039309621 0.00070743153048244986 -5.0361833798576367e-05 0.00066721742071302421 0.00084180354594421422 -2.8099397217523881e-05 0.0016056059520913814 0.0016208985111543651 0.0033816625289605482 -4.6863058962918744e-05 0.00068619590850294064 -4.302484361185164e-05 0.00093708773345860382 0.00077049158101353003 0.0011897026157837163 -0.00082581410809214853 -0.00055365256939700596 0.0013676270236311005 0.00045643762244186435 0.0006036470653760143 0.00066219794920919736 -2.9711974159953222e-05 0.0011959514909966385 0.0019033877938547474 0.00032794313702906705 -0.00016017417189065439 0.00020356618523598621 -0.00048101931918910896
leaf_weight=2733 20 30 24 31 23 26 20 49 20 27 28 83 26 20 35 24 20 569 175 26 20 21 27 30 31 45 28 74 74 41
leaf_count=2733 20 30 24 31 23 26 20 49 20 27 28 83 26 20 35 24 20 569 175 26 20 21 27 30 31 45 28 74 74 41
internal_value=-0.000702273 0.0111025 -0.00210732 0.0144736 0.00999205 0.0122883 0.0180758 0.00585243 0.0104998 0.0214563 0.00240635 0.0044522 0.00211626 0.00599985 0.0133634 0.00358534 0.00632424 -0.00245739 -0.00142795 0.000458211 0.00873894 0.0160538 0.0132497 0.0036666 0.0112103 0.0236663 -0.000142857 -0.00123528 -0.00165517 -0.000130434
internal_weight=4400 468 3932 285 127 104 158 183 60 92 283 157 129 40 66 123 74 3649 916 347 46 74 48 54 57 72 126 102 290 115
internal_count=4400 468 3932 285 127 104 158 183 60 92 283 157 129 40 66 123 74 3649 916 347 46 74 48 54 57 72 126 102 290 115
is_linear=0
shrinkage=0.03


Tree=20
num_leaves=31
num_cat=1
split_feature=0 9 0 4 9 8 7 19 7 9 18 10 5 8 1 7 3 8 9 5 2 8 4 18 12 3 9 2 5 10
split_gain=71.4545 7.74573 6.49377 3.43847 3.13142 2.73247 2.1743 2.06358 2.53318 3.50618 2.01697 2.00796 1.81259 2.5882 2.31919 1.56585 1.55896 1.49636 2.00064 1.41337 1.01004 1.00024 0.71968 0.658222 0.646618 0.467464 0.452457 0.769974 0.447294 0.459156
threshold=0.56764902299890541 0.44128373450036479 0.60947546798558971 0.10156250000000001 0.97957695113056176 0.30935014610256384 0.11596544270602603 0 0.070965636238045124 0.53610503282275734 0.49558823529411766 0.25000000000000011 0.31947261663286008 0.17890958504461263 0.11197916666666667 0.096392604787514213 0.080729166666666671 0.17733378743684181 0.5970094821298324 0.22008113590263692 0.10156250000000001 0.22119407178140213 0.10677083333333334 0.50441176470588245 -1.0000000180025095e-35 0.12760416666666669 0.49781181619256026 0.044270833333333336 0.16531440162271807 -0.5
decision_type=2 2 2 2 2 2 2 1 2 2 2 2 2 2 2 2 2 2 2 2 2 2 2 2 2 2 2 2 2 2
left_child=3 10 6 19 5 11 12 8 9 -5 -2 -4 14 -14 16 -15 -3 -13 22 28 -16 -20 -19 -21 -8 -26 -9 -28 -1 -30
right_child=1 2 4 7 -6 -7 24 26 -10 -11 -12 17 13 15 20 -17 -18 18 21 23 -22 -23 -24 -25 25 -27 27 -29 29 -31
leaf_value=-0.0020602994173508906 -0.00011455056995905801 0.00031003717578146467 0.00098797106804593849 0.0003131128157274649 0.0021708150748500376 0.0009212941099533997 0.00045240144464275898 -0.0013903888019560426 5.8072357919351088e-05 0.00092448576228075367 0.00096650841322286623 0.00067647808497853213 0.00059877620116871957 0.00014177246593533019 0.00099908234088283508 0.00085170488329633126 0.0007039150245129257 0.00044386372795838993 0.00016207495572192408 -6.9077203588727111e-05 -5.0648425995848711e-05 0.0015362526858801752 0.00053241570518578255 0.00056586767716794916 0.00040493006717413292 0.00086373726808131144 0.0001887525376129469 -0.00023579227371634188 -0.00046950233346331382 -0.001066529447008606
leaf_weight=2772 61 20 20 25 25 39 39 85 83 21 24 29 25 23 21 20 35 25 21 202 26 27 25 31 28 22 30 71 206 364
leaf_count=2772 61 20 20 25 25 39 39 85 83 21 24 29 25 23 21 20 35 25 21 202 26 27 25 31 28 22 30 71 206 364
internal_value=-0.000853769 0.0092162 0.0107234 -0.00229049 0.0146303 0.0132903 0.00754051 0.000714283 0.00347479 0.0093911 0.000882342 0.0151632 0.00952935 0.0133233 0.00699993 0.00886026 0.0111816 0.0137715 0.0119999 -0.00255524 0.00210634 0.00762484 0.0161997 -0.000296137 0.00374153 0.00599988 -0.00131632 -2.97034e-05 -0.00271275 -0.00194737
internal_weight=4445 555 470 3890 211 186 259 315 129 46 85 147 170 68 102 43 55 127 98 3575 47 48 50 233 89 50 186 101 3342 570
internal_count=4445 555 470 3890 211 186 259 315 129 46 85 147 170 68 102 43 55 127 98 3575 47 48 50 233 89 50 186 101 3342 570
cat_boundaries=0 1
cat_threshold=38
is_linear=0
shrinkage=0.03


Tree=21
num_leaves=31
num_cat=1
split_feature=0 9 0 4 9 8 19 16 7 7 17 10 5 8 1 5 7 3 8 9 17 9 2 16 11 17 4 16 11 11
split_gain=69.9285 7.54608 5.9833 3.18986 2.58259 3.22338 2.20088 2.93001 2.98622 2.1743 2.01697 2.00796 1.81259 2.5882 2.31919 1.67266 1.56585 1.55896 1.49636 2.00064 1.4347 1.34701 1.01004 1.00036 0.81838 0.82596 0.71968 0.670815 0.906187 0.495048
threshold=0.56764902299890541 0.44128373450036479 0.60947546798558971 0.10156250000000001 0.97957695113056176 0.30935014610256384 0 12.500000000000002 0.070965636238045124 0.11596544270602603 0.4759594928091227 0.25000000000000011 0.31947261663286008 0.17890958504461263 0.11197916666666667 0.21517917511832321 0.096392604787514213 0.080729166666666671 0.17733378743684181 0.5970094821298324 0.38435026806229261 0.57148067104303446 0.10156250000000001 29.500000000000004 0.6830127018922193 0.34018381414347726 0.10677083333333334 11.500000000000002 0.6830127018922193 0.6830127018922193
decision_type=2 2 2 2 2 2 1 2 2 2 2 2 2 2 2 2 2 2 2 2 2 2 2 2 2 2 2 2 2 2
left_child=3 10 9 15 5 11 7 -5 -9 12 -2 -4 14 -14 17 29 -15 -3 -13 26 -21 -10 -16 -17 25 -25 -20 -11 -29 -1
right_child=1 2 4 6 -6 -7 -8 8 21 27 -12 18 13 16 22 23 -18 -19 19 20 -22 -23 -24 24 -26 -27 -28 28 -30 -31
leaf_value=-0.0016717230165898471 -0.00018079389177814984 0.00030073606050802011 0.00095833193600456052 -0.00070789006197392781 0.0021056906226045355 0.00089365528665479618 -0.00041983447919025817 0.00084253862606169835 0.00083397366310118649 0.00049809105803578103 0.00093751316082617991 0.00065618374242917702 0.00058081291513365646 0.00013751929195727193 0.00096910987065634922 -0.00027499726038405966 0.00082615373679744124 0.00068279757377753727 0.00043054781611963946 0.00035925659234080408 0.0013278193915241608 -2.6075823846371585e-05 -4.9128973215971958e-05 0.0002627020640038013 0.0012243526948671902 -0.00018590561807708039 0.00051644323403020841 -0.00022705143541885985 0.0007018967998249718 -0.001633215590473535
leaf_weight=2399 61 20 20 40 25 39 186 34 21 21 24 29 25 23 21 149 20 35 25 23 25 34 26 35 29 44 25 39 29 919
leaf_count=2399 61 20 20 40 25 39 186 34 21 21 24 29 25 23 21 149 20 35 25 23 25 34 26 35 29 44 25 39 29 919
internal_value=-0.000853769 0.00910809 0.0105957 -0.00227506 0.0143459 0.013129 0.000619045 0.00347479 0.0067752 0.00754051 0.000882342 0.0151632 0.00952935 0.0133233 0.00699993 -0.00253007 0.00886026 0.0111816 0.0137715 0.0119999 0.00762484 0.0024545 0.00210634 -0.000198444 0.00199998 0.000417716 0.0161997 0.00374153 0.00229408 -0.00271067
internal_weight=4445 555 470 3890 211 186 315 129 89 259 85 147 170 68 102 3575 43 55 127 98 48 55 47 257 108 79 50 89 68 3318
internal_count=4445 555 470 3890 211 186 315 129 89 259 85 147 170 68 102 3575 43 55 127 98 48 55 47 257 108 79 50 89 68 3318
cat_boundaries=0 1
cat_threshold=38
is_linear=0
shrinkage=0.03


Tree=22
num_leaves=31
num_cat=0
split_feature=0 0 9 9 11 8 9 16 8 7 4 16 11 10 4 9 18 8 18 0 6 2 6 0 11 16 10 2 2 9
split_gain=64.7409 6.10631 5.47376 4.32989 3.89982 4.73594 3.27429 2.25693 2.50693 1.87872 1.86536 1.34212 3.54037 1.22719 0.960769 1.1869 1.83679 1.52798 1.81797 1.30301 0.84566 1.10584 0.818863 0.691113 0.740972 2.40646 2.54335 0.68568 0.622322 0.96944
threshold=0.58542297693482837 0.54460969367221124 0.44128373450036479 0.97957695113056176 -0.9330127018922193 0.17890958504461263 0.50474106491611981 29.500000000000004 0.27719287970000966 0.073925378384792365 0.096354166666666671 18.500000000000004 0.6830127018922193 1.0000000180025095e-35 0.039062500000000007 0.70386579139314387 0.46029411764705885 0.24450792551719841 0.46029411764705885 0.61090751480435135 0.53502304147465451 0.11718750000000001 0.63271889400921666 0.4823181611744996 0.6830127018922193 29.500000000000004 0.25000000000000011 0.10677083333333334 0.096354166666666671 0.60649161196207169
decision_type=2 2 2 2 2 2 2 2 2 2 2 2 2 2 2 2 2 2 2 2 2 2 2 2 2 2 2 2 2 2
left_child=1 10 27 4 -4 9 -7 28 13 -6 23 -12 -13 -9 -8 16 -16 -17 -19 -18 -15 -22 -11 -1 -25 -26 -27 -2 29 -3
right_child=2 7 3 -5 5 6 14 8 -10 22 11 12 -14 20 15 17 19 18 -20 -21 21 -23 -24 24 25 26 -28 -29 -30 -31
leaf_value=-0.0018227632510300403 0.00075337820989876728 -5.2734008785546543e-05 0.00095534150117962933 0.0020425199039263986 0.0004280297305635352 0.00061837678244659711 0.00039227647588455566 0.00270261333717402 0.001221054091734899 0.00063406557501649607 -0.00058083238668820813 -0.00017783637793232932 0.00089197165560706742 -3.5507881115641547e-05 0.0011204929084546258 -5.8075448103954674e-05 0.00031771202142592624 0.00028403110063911213 0.0014670818206047205 0.0007531488151281022 0.00013038105576750037 -6.8988367725695201e-05 0.0006123479657254412 -0.0007358258106960788 -0.00099276379825949976 0.0020248845651274819 -0.0016244168346764131 -5.693395546524496e-05 -0.00021135305589857359 0.00046049498148635924
leaf_weight=2936 21 47 27 25 20 36 24 25 21 21 119 129 30 69 27 35 58 21 26 35 21 20 26 371 74 26 23 35 75 22
leaf_count=2936 21 47 27 25 20 36 24 25 21 21 119 129 30 69 27 35 58 21 26 35 21 20 26 371 74 26 23 35 75 22
internal_value=-0.00092126 -0.00211677 0.0100435 0.0113307 0.0104831 0.00958356 0.00776333 0.00199999 0.00449997 0.0167012 -0.00244984 -8.63313e-05 0.00171697 0.00299998 0.00642475 0.00709897 0.00899992 0.00431702 0.0078509 0.00699992 0.00163635 0.00504866 0.0199783 -0.0026414 -0.00160324 0.00041463 0.00557131 0.00128569 -0.000708329 0.00134781
internal_weight=4445 4008 437 381 356 329 262 300 156 67 3708 278 159 135 226 202 120 82 47 93 110 41 47 3430 494 123 49 56 144 69
internal_count=4445 4008 437 381 356 329 262 300 156 67 3708 278 159 135 226 202 120 82 47 93 110 41 47 3430 494 123 49 56 144 69
is_linear=0
shrinkage=0.03


Tree=23
num_leaves=31
num_cat=0
split_feature=0 0 9 6 16 16 10 6 6 6 11 4 18 10 11 7 6 0 16 11 5 2 6 0 2 9 16 6 5 11
split_gain=60.2754 5.60049 4.97098 3.75578 3.92679 3.01895 2.91893 2.04446 2.29357 1.94379 3.11612 1.83694 1.78218 1.7195 2.06701 2.40638 1.97363 1.59708 1.37316 3.35317 1.21899 1.16649 0.793269 0.782415 0.653296 0.616436 0.720218 0.624953 0.571468 1.05649
threshold=0.58542297693482837 0.52260523305345885 0.44128373450036479 0.60230414746543792 26.500000000000004 29.500000000000004 -0.5 0.53502304147465451 0.64746543778801857 0.66635944700460847 1.0000000180025095e-35 0.10156250000000001 0.47500000000000003 0.25000000000000011 1.0000000180025095e-35 0.10298321911602835 0.7009216589861752 0.61636054089337511 18.500000000000004 0.6830127018922193 0.40466531440162273 0.10677083333333334 0.7589861751152075 0.48998056559818987 0.12760416666666669 0.60649161196207169 14.500000000000002 0.5202764976958526 0.16531440162271807 0.6830127018922193
decision_type=2 2 2 2 2 2 2 2 2 2 2 2 2 2 2 2 2 2 2 2 2 2 2 2 2 2 2 2 2 2
left_child=1 11 20 12 9 25 -7 -8 21 -5 -11 28 -4 -6 16 -16 -15 -14 -13 23 -2 -9 -17 -20 -12 -3 27 -27 -1 -30
right_child=2 5 3 4 13 6 7 8 -10 10 24 18 17 14 15 22 -18 -19 19 -21 -22 -23 -24 -25 -26 26 -28 -29 29 -31
leaf_value=-0.0018937714454008217 -0.00030911840365679385 -0.00032849259920749368 0.00074778618349168914 0.00080526677662002611 0.0009050295741566941 0.0024064041989956659 -5.299472723930863e-05 0.0009620053813439635 -0.00012755225397654218 0.0005600967859961094 0.00025805558199798017 -0.00080057331823775544 0.00027268430578561149 0.0013837611758686908 0.00049104718243406979 0.00057721684119794374 0.00036525190345292128 0.00099554567893251353 -0.00052107440502624654 0.0010086892968242487 0.00073077686360180512 0.00026088111972077499 0.0019932102078669012 0.00044172786455983268 -3.1068984591108522e-05 0.00068046713943504611 -3.7189036198587943e-05 -0.0001267006531278462 -0.00086678432282814735 0.0001809306368713262
leaf_weight=2772 35 166 47 26 25 32 117 21 21 21 20 84 72 22 25 27 23 20 63 23 21 21 23 31 30 20 35 20 444 138
leaf_count=2772 35 166 47 26 25 32 117 21 21 21 20 84 72 22 25 27 23 20 63 23 21 21 23 31 30 20 35 20 444 138
internal_value=-0.000948257 -0.0021018 0.00963156 0.0108582 0.0131156 0.00103973 0.00365093 0.00216665 0.00652371 0.00844321 0.00587316 -0.00250211 0.00692801 0.0162413 0.0147499 0.0177998 0.00966645 0.00449995 0.00028358 0.00238459 0.00128569 0.0105712 0.0215996 -0.000127659 0.00179996 -0.00125726 0.000999986 0.00374991 -0.00266905 -0.00181443
internal_weight=4445 4008 437 381 242 453 212 180 63 97 71 3555 139 145 120 75 45 92 201 117 56 42 50 94 50 241 75 40 3354 582
internal_count=4445 4008 437 381 242 453 212 180 63 97 71 3555 139 145 120 75 45 92 201 117 56 42 50 94 50 241 75 40 3354 582
is_linear=0
shrinkage=0.03


Tree=24
num_leaves=31
num_cat=0
split_feature=0 0 16 8 0 16 10 17 11 8 4 4 10 11 16 11 10 9 9 2 0 17 8 5 11 16 10 13 13 18
split_gain=57.337 5.78473 5.0324 6.42653 5.48306 2.55771 3.01872 2.46138 2.31951 1.80613 1.70899 1.45825 1.72905 2.75489 1.31241 2.85232 0.949618 1.2011 0.746372 0.755457 0.678906 0.666041 0.624693 0.587578 1.08087 2.37033 2.69967 0.571447 0.563914 0.512779
threshold=0.58542297693482837 0.52260523305345885 26.500000000000004 0.17890958504461263 0.61090751480435135 29.500000000000004 -0.5 0.34572589566845385 -0.24999999999999994 0.27719287970000966 0.096354166666666671 0.059895833333333336 0.25000000000000011 1.0000000180025095e-35 18.500000000000004 0.6830127018922193 0.25000000000000011 0.65864332603938747 0.53610503282275734 0.096354166666666671 0.48998056559818987 0.30772582817603206 0.17293610086023539 0.16531440162271807 0.6830127018922193 29.500000000000004 0.25000000000000011 1.0000000180025095e-35 -0.56174490092936669 0.47500000000000003
decision_type=2 2 2 2 2 2 2 2 2 2 2 2 2 2 2 2 2 2 2 2 2 2 2 2 2 2 2 2 2 2
left_child=1 10 3 22 7 18 -7 -4 -5 16 23 -6 -13 -14 -12 20 -8 21 -3 27 -16 -18 -2 -1 -25 -26 -27 -20 -15 -9
right_child=2 5 4 8 11 6 9 29 -10 -11 14 12 13 28 15 -17 17 -19 19 -21 -22 -23 -24 24 25 26 -28 -29 -30 -31
leaf_value=-0.0018601795101571726 0.00052161255807030218 -0.00077877732432300967 0.00080286706819259846 0.00077398198873815144 0.00070707927570273972 0.0023342120730257972 -0.00015623093519184398 0.00069987429220316093 -6.7643676778748617e-06 0.00095346065158757312 -0.00077960487607707919 0.0010443751239116615 0.00098634936548305146 0.0014324587688640394 -0.00047072373969145038 0.00091693856468292277 4.0401319042561014e-05 0.00027330920328623453 1.108811214283585e-05 -4.1064317063118035e-05 0.00041350493194120978 -6.1007422003772124e-05 0.00054346566981566607 -0.00084123838827614887 -0.0011084754844262472 0.001927840139101091 -0.00082168723216434264 0.00053452084569858541 0.0016108412759960175 0.00010901213338129327
leaf_weight=2756 20 116 39 29 25 32 41 30 98 20 95 27 40 20 75 26 32 20 42 57 33 67 20 435 75 22 38 26 41 48
leaf_count=2756 20 116 39 29 25 32 41 30 98 20 95 27 40 20 75 26 32 20 42 57 33 67 20 435 75 22 38 26 41 48
internal_value=-0.000961755 -0.00208683 0.00935696 0.00526344 0.0118888 0.00110596 0.00350942 0.00699994 0.00196061 0.00199999 -0.00249367 0.0156273 0.0169217 0.0151187 1.30997e-05 0.00192536 0.000937493 0.0022941 -0.0010083 0.000599994 -0.000222221 0.000939384 0.0157496 -0.00266627 -0.00178947 0.000555551 0.00499992 0.00273525 0.0191308 0.00392303
internal_weight=4445 4008 437 167 270 453 212 117 127 180 3555 153 128 101 229 134 160 119 241 125 108 99 40 3326 570 135 60 68 61 78
internal_count=4445 4008 437 167 270 453 212 117 127 180 3555 153 128 101 229 134 160 119 241 125 108 99 40 3326 570 135 60 68 61 78
is_linear=0
shrinkage=0.03


Tree=25
num_leaves=31
num_cat=0
split_feature=20 16 20 8 5 16 10 8 6 16 7 16 18 18 7 6 17 10 7 9 17 7 7 16 4 9 9 8 5 17
split_gain=55.8452 5.12275 6.84493 5.63204 4.47282 2.98408 4.4253 2.06529 2.02376 1.86 1.78234 1.39457 1.13624 1.1325 1.26543 2.03304 1.08881 1.00188 1.87892 2.24321 1.53045 0.870682 0.818601 0.950664 0.786801 0.692839 0.893185 0.686062 0.624918 0.438283
threshold=0.58542297693482837 27.500000000000004 0.61090751480435135 0.17890958504461263 0.18154158215010144 28.500000000000004 -0.5 0.1813468332704895 0.61244239631336417 16.500000000000004 0.065317751259371823 9.5000000000000018 0.46029411764705885 0.4485294117647059 0.11742592553505851 0.54239631336405547 0.36282018551612638 0.68301270189221941 0.10220618182554275 0.59992706053975209 0.43633165971690363 0.11742592553505851 0.099590664592236089 29.500000000000004 0.044270833333333336 0.60649161196207169 0.68490153172866541 0.43871151078150539 0.347870182555781 0.31729214534933203
decision_type=2 2 2 2 2 2 2 2 2 2 2 2 2 2 2 2 2 2 2 2 2 2 2 2 2 2 2 2 2 2
left_child=4 3 8 9 22 25 10 -8 12 -2 -7 28 -3 -9 15 29 -12 18 -4 -20 -21 -19 -1 -24 -25 -6 -27 -13 -5 -15
right_child=1 2 17 11 5 6 7 13 -10 -11 16 27 -14 14 -16 -17 -18 21 19 20 -22 -23 23 24 -26 26 -28 -29 -30 -31
leaf_value=-0.0016682546782443956 0.00065116667434811989 0.00068185952519019737 0.00094703454519977554 0.00012215480963909909 -0.00052289752620026308 0.00041407933081037712 -0.00025545797096793974 -0.0007202865538409708 0.00078718614540310562 0.00013935092737539241 0.0022946028941894748 -6.331846677043897e-05 3.8666250706470401e-05 1.8768321319304074e-05 0.00038142638167912806 0.00066100303972959078 0.0017133622873130685 0.0019738045961924934 0.0017670820902895646 0.0013591673378935034 0.0013676310453573223 0.001717297114189046 -0.0022209248409921271 -0.0010410428487003852 0.00094181446266971744 0.00086313872390201196 -0.00024715335183912187 0.00015209203316055261 0.00033812738599839674 -5.5977922670459942e-05
leaf_weight=3023 29 20 29 20 320 30 155 29 25 21 28 66 72 35 20 38 25 20 26 28 21 25 48 21 30 33 70 31 20 45
leaf_count=3023 29 20 29 20 320 30 155 29 25 21 28 66 72 35 20 38 25 20 26 28 21 25 48 21 30 33 70 31 20 45
internal_value=-0.000990007 0.00898673 0.0116616 0.00518179 -0.00213418 -0.000173914 0.00166666 7.45332e-05 0.00623072 0.0137997 0.00784328 0.00203648 0.00417387 0.00238921 0.00352171 0.00233896 0.0111507 0.0159261 0.0143076 0.0117998 0.00802024 0.0196662 -0.00265407 3.0302e-05 0.0028823 -0.00193617 0.000203881 9.27818e-05 0.00674983 -0.000374996
internal_weight=4403 453 266 187 3950 828 405 322 117 50 83 137 92 167 138 118 53 149 104 75 49 45 3122 99 51 423 103 97 40 80
internal_count=4403 453 266 187 3950 828 405 322 117 50 83 137 92 167 138 118 53 149 104 75 49 45 3122 99 51 423 103 97 40 80
is_linear=0
shrinkage=0.03


Tree=26
num_leaves=31
num_cat=1
split_feature=20 16 20 5 8 9 6 18 16 19 9 6 16 16 18 20 7 6 8 6 9 7 16 4 8 6 2 5 9 9
split_gain=52.126 5.09513 6.0186 4.93772 4.54159 2.61225 2.02376 1.95988 1.79666 2.35889 5.70355 1.92211 1.39457 1.26142 1.13624 1.06006 1.55596 0.899533 0.86045 1.09346 1.55894 0.806921 0.950664 0.786801 0.686062 0.679007 1.33284 0.624918 0.610713 0.734989
threshold=0.58542297693482837 27.500000000000004 0.61090751480435135 0.18154158215010144 0.17890958504461263 0.80598103574033564 0.61244239631336417 0.47500000000000003 27.500000000000004 0 0.48322392414296145 0.53502304147465451 9.5000000000000018 16.500000000000004 0.46029411764705885 0.64473107689836062 0.1598231199900437 0.69262672811059922 0.18375450283017666 0.45944700460829507 0.5948212983223925 0.099590664592236089 29.500000000000004 0.044270833333333336 0.43871151078150539 0.62350230414746555 0.12760416666666669 0.347870182555781 0.53610503282275734 0.68490153172866541
decision_type=2 2 2 2 2 2 2 2 2 1 2 2 2 2 2 2 2 2 2 2 2 2 2 2 2 2 2 2 2 2
left_child=3 4 6 21 13 8 14 -7 28 10 -10 18 27 -2 -3 16 25 -17 -12 20 -20 -1 -23 -24 -14 -4 -27 -6 -5 -30
right_child=1 2 15 5 12 7 -8 -9 9 -11 11 -13 24 -15 -16 17 -18 -19 19 -21 -22 22 23 -25 -26 26 -28 -29 29 -31
leaf_value=-0.0016182070378970642 0.00063163167411767478 0.00066140373943449212 0.0013251032268992724 -0.00080557242886372974 0.00011849016534992718 -0.00013654658375310098 0.00076357056104101343 0.0011280542848650101 0.0011239229749479937 -0.00031171123025130798 -0.00053766406250100294 0.00064126367923226808 -6.1418912767325943e-05 0.00013517039955413096 3.7506263185276113e-05 0.0008024008972866639 0.0013516815266584566 0.001755290116806873 -6.6845136358884851e-05 -0.00024006920490902319 0.00053168666594887576 -0.0021542970957623632 -0.001009811563239372 0.00091356002878962596 0.00014752927216573529 0.00053054074265696893 0.00097555351173009535 0.00032798356441844574 2.1597059395439186e-05 -0.00046427766372351926
leaf_weight=3023 29 20 33 246 20 20 25 25 38 139 82 35 66 21 72 20 26 20 23 29 31 48 21 30 31 20 30 20 100 60
leaf_count=3023 29 20 33 246 20 20 25 25 38 139 82 35 66 21 72 20 26 20 23 29 31 48 21 30 31 20 30 20 100 60
internal_value=-0.000983194 0.00865561 0.0113233 -0.00208861 0.00486094 -2.89862e-05 0.00623072 0.00699984 -0.00043295 0.00105835 0.00280644 0.000899995 0.00203648 0.0125997 0.00417387 0.015322 0.0137889 0.0194995 -0.000454543 0.00169877 0.00422214 -0.00263485 3.0302e-05 0.0028823 9.27818e-05 0.015795 0.0179996 0.00674983 -0.00181773 -0.000374998
internal_weight=4403 453 266 3950 187 828 117 45 783 377 238 200 137 50 92 149 109 40 165 83 54 3122 99 51 97 83 50 40 406 160
internal_count=4403 453 266 3950 187 828 117 45 783 377 238 200 137 50 92 149 109 40 165 83 54 3122 99 51 97 83 50 40 406 160
cat_boundaries=0 1
cat_threshold=142
is_linear=0
shrinkage=0.03


Tree=27
num_leaves=31
num_cat=0
split_feature=0 5 16 0 9 9 6 9 6 5 9 16 10 7 9 6 2 10 11 17 7 7 11 6 2 11 17 0 6 2
split_gain=45.2285 4.72982 4.05929 4.35899 2.31502 2.16468 2.1632 2.05429 1.81478 2.5504 1.54144 1.47156 2.75797 2.02285 1.86431 1.81676 1.73783 1.12036 1.54724 1.62187 1.28408 0.819362 1.37953 0.794062 1.21206 0.727075 0.719469 0.612308 0.97823 0.750632
threshold=0.58542297693482837 0.18154158215010144 27.500000000000004 0.61090751480435135 0.57330415754923425 0.80598103574033564 0.61244239631336417 0.92924872355944577 0.66635944700460847 0.34584178498985801 0.59263311451495271 26.500000000000004 -0.5 0.13361070511376938 0.4584245076586434 0.39861751152073738 0.065104166666666671 0.68301270189221941 -0.9330127018922193 0.43633165971690363 0.11742592553505851 0.095129496739318989 0.6830127018922193 0.54239631336405547 0.11718750000000001 -0.24999999999999994 0.3752021104586844 0.54802186383041918 0.3626728110599079 0.10156250000000001
decision_type=2 2 2 2 2 2 2 2 2 2 2 2 2 2 2 2 2 2 2 2 2 2 2 2 2 2 2 2 2 2
left_child=1 21 4 6 -2 11 -4 -7 9 -6 -10 25 14 23 16 -16 -13 18 -5 26 -19 -1 -23 -14 -25 27 -20 28 -3 -29
right_child=2 5 3 17 8 7 -8 -9 10 -11 -12 12 13 -15 15 -17 -18 20 19 -21 -22 22 -24 24 -26 -27 -28 29 -30 -31
leaf_value=-0.0015734043301608412 -3.9463258204529016e-06 0.0011617668521110801 0.00026722530836560421 0.0011298583596136317 0.00050598585752799005 0.001868836662546084 0.00074066344420978226 -6.3567020102123596e-06 0.00040060091009771511 0.00044379935087360007 -2.4186030811647111e-06 0.0011334901253858194 -0.00018788770933709335 0.00030861847234695374 -0.00095458614452054939 0.0028051474058349828 0.0011250031146312052 0.0018866588852143765 0.00057484572301909104 0.0013063673681565431 0.0016131194972591701 -0.0013155198320819604 0.00091300713544334173 0.00020641976437481705 -0.00017727995520986652 -0.00071756629119600242 0.0012287040665348574 0.00021937069424883776 -0.00046482631075709372 -0.00023599170468257288
leaf_weight=3007 63 20 92 20 37 20 25 25 24 22 41 21 228 21 31 21 20 20 23 39 25 81 34 24 20 259 22 26 72 20
leaf_count=3007 63 20 92 20 37 20 25 25 24 22 41 21 228 21 31 21 20 20 23 39 25 81 34 24 20 259 22 26 72 20
internal_value=-0.00105133 -0.00208101 0.00792713 0.0103082 0.00454008 -6.5218e-05 0.00597431 0.00633319 0.0069193 0.0107286 0.00346148 -0.00043295 0.000886007 -0.000542661 0.00538704 0.00161535 0.0101705 0.0137113 0.0119999 0.0102142 0.0176663 -0.00261563 -0.000130434 -0.00123529 0.00245449 -0.00171536 0.00633319 4.34772e-05 -0.00136955 0.0028695
internal_weight=4403 3950 453 266 187 828 117 45 124 59 65 783 386 293 93 52 41 149 104 84 45 3122 115 272 44 397 45 138 92 46
internal_count=4403 3950 453 266 187 828 117 45 124 59 65 783 386 293 93 52 41 149 104 84 45 3122 115 272 44 397 45 138 92 46
is_linear=0
shrinkage=0.03


Tree=28
num_leaves=31
num_cat=0
split_feature=0 5 5 16 17 16 10 6 16 7 7 10 16 4 12 6 9 17 10 7 3 7 0 7 11 9 9 4 12 10
split_gain=43.0667 4.33525 3.72047 3.5751 2.63669 2.52304 4.12494 2.40948 3.50915 1.97967 1.92707 1.75077 1.42947 1.50093 1.35929 1.28597 1.37683 1.6105 1.40874 1.20516 0.913262 0.898039 0.891845 0.795326 1.18117 0.74169 0.971943 0.475363 0.706236 1.00864
threshold=0.58542297693482837 0.18154158215010144 0.36612576064908725 29.500000000000004 0.4564717896349248 28.500000000000004 -0.5 0.61244239631336417 26.500000000000004 0.12106829783344576 0.13674255023899876 -0.6830127018922193 18.500000000000004 0.11718750000000001 -1.0000000180025095e-35 0.44285714285714295 0.6433260393873087 0.28756173355752562 0.25000000000000011 0.1598231199900437 0.080729166666666671 0.11596544270602603 0.60600593573569095 0.099590664592236089 0.6830127018922193 0.5948212983223925 0.68490153172866541 0.085937500000000014 0.6078576107927941 0.25000000000000011
decision_type=2 2 2 2 2 2 2 2 2 2 2 2 2 2 2 2 2 2 2 2 2 2 2 2 2 2 2 2 2 2
left_child=1 23 7 9 19 25 11 22 12 -4 15 -7 13 -9 -13 -8 -17 18 -18 21 -11 -5 -2 27 -25 -3 -27 -1 -29 -30
right_child=2 5 3 4 -6 6 10 8 -10 20 -12 14 -14 -15 -16 16 17 -19 -20 -21 -22 -23 -24 24 -26 26 -28 28 29 -31
leaf_value=-0.0016023624122446648 0.00025920854113915234 -0.00047524874592105881 0.00039526442458832185 0.00096612815284559124 0.0020879218934234112 0.00033618055849786216 -0.00022273403831328642 1.1861381242247299e-05 0.0007682699762647596 -0.00012539434039489901 0.00032700734680990386 0.00076902598366807202 -9.8668760471233546e-06 0.00056757254150810617 0.0024739934607871153 -7.8054932185050513e-05 0.0007948045807417961 0.00039663024659219342 -0.00025603789527881249 0.0012570258829737097 0.00031607699364859129 0.00066426866296907978 -0.00012631379010194402 -0.0013219588933680044 0.00091615203077757596 0.0006912584284119867 -0.00021302569091727634 -0.00072266465206683556 -0.0013108795147121293 0.00048109943730269749
leaf_weight=2804 102 316 25 35 32 31 173 25 38 25 20 22 22 33 30 48 21 28 32 29 26 24 37 69 30 37 70 157 34 28
leaf_count=2804 102 316 25 35 32 31 173 25 38 25 20 22 22 33 30 48 21 28 32 29 26 24 37 69 30 37 70 157 34 28
internal_value=-0.00109902 -0.0021038 0.00766223 0.0107755 0.0139999 -0.000173914 0.00151851 0.00528792 0.00844061 0.00568414 -1.86342e-05 0.00748184 0.00487494 0.0073447 0.0108459 -0.000615893 0.00165115 0.00403699 0.000962245 0.0113181 0.00229407 0.0137794 0.00261149 -0.00261563 3.0302e-05 -0.00179432 0.000364482 -0.00270228 -0.00135616 0.00135482
internal_weight=4403 3950 453 196 120 828 405 257 118 76 322 83 80 58 52 302 129 81 53 88 51 59 139 3122 99 423 107 3023 219 62
internal_count=4403 3950 453 196 120 828 405 257 118 76 322 83 80 58 52 302 129 81 53 88 51 59 139 3122 99 423 107 3023 219 62
is_linear=0
shrinkage=0.03


Tree=29
num_leaves=31
num_cat=1
split_feature=0 6 9 0 8 16 11 10 0 16 17 8 9 0 17 9 19 18 18 8 7 9 1 7 11 9 3 8 18 18
split_gain=39.505 4.10253 3.64549 4.45039 3.52435 2.94057 6.83656 2.23728 2.1362 1.85385 1.7913 1.35776 1.28902 1.0349 1.51967 0.975219 0.993092 1.37693 0.967251 0.878188 0.863785 0.856426 0.840102 0.663521 2.72753 0.557814 0.514226 0.617323 0.498877 0.378661
threshold=0.58542297693482837 0.30552995391705079 0.44128373450036479 0.61433241398902261 0.17890958504461263 28.500000000000004 0.6830127018922193 0.25000000000000011 0.51155345578130385 27.500000000000004 0.34343176467251019 0.27719287970000966 0.4584245076586434 0.62460857321909224 0.4564717896349248 0.52552881108679805 0 0.47794117647058826 0.46323529411764708 0.17145492021784528 0.1598231199900437 0.30598103574033558 0.15885416666666669 0.10036056523027932 0.6830127018922193 0.27425237053245816 0.13281250000000003 0.1966496734981962 0.49852941176470594 0.49558823529411766
decision_type=2 2 2 2 2 2 2 2 2 2 2 2 2 2 2 2 1 2 2 2 2 2 2 2 2 2 2 2 2 2
left_child=1 23 25 4 19 15 11 12 -9 10 -5 21 -8 -11 20 -3 17 -17 -6 -4 22 -7 -15 -1 -25 -2 27 -20 -29 -19
right_child=2 5 3 9 18 6 7 8 -10 13 -12 -13 -14 14 -16 16 -18 29 26 -21 -22 -23 -24 24 -26 -27 -28 28 -30 -31
leaf_value=-0.0017862441636185291 -0.00013064230075988392 -0.0009414876060207791 0.00051980862064853893 1.0028176229480834e-05 0.00074282468445025711 0.00052823922257957934 0.0015904910983132944 0.00053495357616030763 -2.5600186975650663e-05 0.0012393310308584213 0.000376465699676334 0.00072131798784781588 0.0025644400055453809 0.0007673089349354836 0.0016723412377625151 -0.00016033101511995585 -0.00026809307284318147 0.00064289943730698928 -0.0001639585503374545 0.0004672678823680064 0.0011541321680496003 -8.5513660651973279e-05 0.00022846370186962629 -0.0018094287832317799 0.0020145115616683538 0.00016825203703365053 0.0003501448989849442 0.00042566217005006094 -0.00016177862141960518 0.00050486728506886173
leaf_weight=2648 25 381 30 20 45 25 21 27 32 21 31 33 24 31 33 57 199 28 27 21 22 351 20 79 23 36 24 40 27 22
leaf_count=2648 25 381 30 20 45 25 21 27 32 21 31 33 24 31 33 57 199 28 27 21 22 351 20 79 23 36 24 40 27 22
internal_value=-0.00112628 -0.00208861 0.00726488 0.00832651 0.00541119 -0.000625 0.00109356 0.00796146 0.00411857 0.0118314 0.00699986 -0.000652811 0.0129997 0.0137715 0.0125659 -0.00190829 -0.000647057 0.00161537 0.00325765 0.0122939 0.0101505 -0.00116489 0.0122939 -0.00272727 -0.000352938 0.000442615 0.00183049 0.000829778 0.0023731 0.00539989
internal_weight=4403 3950 453 392 214 1200 513 104 59 178 51 409 45 127 106 687 306 107 163 51 73 376 51 2750 102 61 118 94 67 50
internal_count=4403 3950 453 392 214 1200 513 104 59 178 51 409 45 127 106 687 306 107 163 51 73 376 51 2750 102 61 118 94 67 50
cat_boundaries=0 1
cat_threshold=550
is_linear=0
shrinkage=0.03


Tree=30
num_leaves=31
num_cat=2
split_feature=5 19 8 11 16 5 2 5 17 16 10 10 8 17 8 3 8 8 7 1 13 8 11 17 20 8 8 20 19 16
split_gain=40.0952 4.18148 4.18986 3.99139 4.59751 3.85493 3.74788 3.30627 2.78771 1.83736 3.45328 5.42737 3.26884 2.81207 1.73144 1.62725 0.929801 0.838335 0.782789 0.682179 0.934813 0.632729 0.991669 0.630793 0.462516 0.43126 0.891022 0.408254 0.432107 1.31505
threshold=0.31744421906693715 0 0.18051107774196509 -0.24999999999999994 27.500000000000004 0.15314401622718055 0.15364583333333334 0.42494929006085197 0.33907752531699437 26.500000000000004 -0.5 -0.6830127018922193 0.27719287970000966 0.36886222449153272 0.18264427710219064 0.10156250000000001 0.18579397213266124 0.15723101739870424 0.10036056523027932 0.12239583333333334 -0.22252093395631442 0.20345608835639697 1.0000000180025095e-35 0.40471732902164365 0.55485698752022106 0.19010694606400499 0.23115397234354332 0.58164690265879859 1 10.500000000000002
decision_type=2 1 2 2 2 2 2 2 2 2 2 2 2 2 2 2 2 2 2 2 2 2 2 2 2 2 2 2 1 2
left_child=5 3 -3 6 14 25 15 8 -6 27 11 17 16 -13 -5 -2 24 -11 -17 20 -4 22 -18 -10 -12 -1 -27 28 29 -7
right_child=1 2 19 4 7 9 -8 -9 23 10 12 13 -14 -15 -16 18 21 -19 -20 -21 -22 -23 -24 -25 -26 26 -28 -29 -30 -31
leaf_value=-0.0018563814188200768 0.0012133029017373693 0.00036278895375356393 0.00097661281838763107 0.0006373960912590688 0.0018420076877566647 0.00028611617376966798 0.00063389290441459242 0.0019219423656671819 0.00058747031189740752 -0.00086145564054354129 -0.00080237024657223957 0.0019860439473751929 0.00074847052505592527 0.0010331170465199587 -4.3804021805044372e-05 0.00045650287316365159 -3.1043057800390356e-05 0.00031024817498449684 0.0011149876367293275 -0.00015055301956597771 -0.00010227204553273391 -1.3440727896945606e-05 0.00058042213812465443 0.0002095655023269369 7.6349410246628112e-07 0.00041102646791087009 -0.0013001407642737651 3.6448977435184908e-05 -0.00052122044862722833 -0.00044450324354594021
leaf_weight=2505 35 20 20 20 28 73 29 22 27 50 314 37 35 21 54 23 47 21 21 52 29 129 22 31 39 35 88 25 470 96
leaf_count=2505 35 20 20 20 28 73 29 22 27 50 314 37 35 21 54 23 47 21 21 52 29 129 22 31 39 35 88 25 470 96
internal_value=-0.00119375 0.00772991 0.00226716 0.00959997 0.00721974 -0.00210906 0.0144999 0.0111666 0.00851153 -0.000824511 0.000230768 0.00467438 -0.00074744 0.0114826 0.00145944 0.0178858 -0.00131216 -0.000887312 0.0140451 -2.97034e-05 0.00251015 0.000333331 0.00265213 0.00475854 -0.00223512 -0.0027831 -0.00104877 -0.00196084 -0.00210798 -0.000653628
internal_weight=4418 411 121 290 182 4007 108 108 86 1379 715 129 586 58 74 79 551 71 44 101 49 198 69 58 353 2628 123 664 639 169
internal_count=4418 411 121 290 182 4007 108 108 86 1379 715 129 586 58 74 79 551 71 44 101 49 198 69 58 353 2628 123 664 639 169
cat_boundaries=0 1 2
cat_threshold=550 520
is_linear=0
shrinkage=0.03


Tree=31
num_leaves=31
num_cat=2
split_feature=0 6 16 11 10 9 9 19 8 11 6 2 8 7 7 6 8 7 7 6 6 4 2 6 9 19 9 7 0 8
split_gain=36.0241 4.31646 3.60723 5.15059 3.44258 3.34999 2.65242 3.17395 2.61923 2.34463 3.23104 2.57147 2.22127 1.75939 1.60155 1.78561 1.92828 1.08691 0.782789 0.769857 0.828037 0.78912 0.706489 0.701729 0.616205 0.979687 1.25928 0.795077 0.63764 0.544888
threshold=0.59537384276397409 0.30552995391705079 28.500000000000004 0.6830127018922193 0.25000000000000011 0.44128373450036479 0.97957695113056176 0 0.1813468332704895 1.0000000180025095e-35 0.64746543778801857 0.15364583333333334 0.27719287970000966 0.10698939372466877 0.092343480677863826 0.59032258064516141 0.23288439984612844 0.081225236952003121 0.096392604787514213 0.40322580645161299 0.45944700460829507 0.080729166666666671 0.11197916666666667 0.40599078341013833 0.52552881108679805 1 0.69146608315098479 0.10370144050200945 0.50532152180681911 0.30935014610256384
decision_type=2 2 2 2 2 2 2 1 2 2 2 2 2 2 2 2 2 2 2 2 2 2 2 2 2 1 2 2 2 2
left_child=1 -1 24 12 17 22 7 8 -7 10 -9 18 19 23 -11 -16 -17 -5 -12 -4 21 -21 -2 -6 -3 26 27 28 -26 -10
right_child=5 2 3 4 13 6 -8 9 29 14 11 -13 -14 -15 15 16 -18 -19 -20 20 -22 -23 -24 -25 25 -27 -28 -29 -30 -31
leaf_value=-0.0017089572905758358 0.00052540903994505053 -0.00080920278997670717 -0.00036689073808469696 0.0019004026355421044 0.00039446716644646741 0.0003488205557863248 0.0022017139325438764 0.0011820919595703823 -9.2713818512572002e-05 0.00025691000735116612 0.00046563900054652881 5.6284931157207924e-05 0.00061636585840868226 0.00072338989244200686 0.00018141704021869623 0.00059944162988807695 0.0010080547174152272 0.0015973281253324851 0.0011289750198340775 -1.4208754155417492e-05 -3.2119927840644853e-05 0.00036188547142833289 -7.8909125503210837e-05 -0.00018330078022269996 2.31076515760649e-05 -0.00044754506966769402 -0.00024066180788514917 -0.00017664496010758783 0.00034255446600686592 0.00056455320929580104
leaf_weight=2742 20 408 217 23 27 21 20 39 62 24 23 21 37 20 21 21 21 21 21 26 130 36 26 30 22 190 60 29 37 23
leaf_count=2742 20 408 217 23 27 21 20 39 62 24 23 21 37 20 21 21 21 21 21 26 130 36 26 30 22 190 60 29 37 23
internal_value=-0.00122771 -0.00203822 -0.000623763 0.00117989 0.00666937 0.00782642 0.00892426 0.00821209 0.00294825 0.0104328 0.0140191 0.00992292 -0.000309417 0.00284412 0.00734474 0.00985699 0.0134283 0.0133633 0.0140451 -0.000946209 0.000437497 0.00329027 0.000260863 0.000157891 -0.00199464 -0.00104733 0.000797463 0.00313633 0.00513551 0.000882342
internal_weight=4418 4055 1313 567 121 363 317 297 106 191 104 65 446 77 87 63 42 44 44 409 192 62 46 57 746 338 148 88 59 85
internal_count=4418 4055 1313 567 121 363 317 297 106 191 104 65 446 77 87 63 42 44 44 409 192 62 46 57 746 338 148 88 59 85
cat_boundaries=0 1 2
cat_threshold=204 554
is_linear=0
shrinkage=0.03


Tree=32
num_leaves=31
num_cat=0
split_feature=5 5 8 16 0 8 11 5 17 12 16 11 7 8 11 5 5 8 7 12 8 17 17 0 3 4 8 8 0 18
split_gain=34.2539 3.5119 3.33051 5.10775 5.29836 2.41894 2.1621 2.02644 1.84727 1.63857 1.36301 2.63765 3.31073 2.84441 1.27243 1.11355 0.868876 0.756313 1.71011 1.05308 0.617916 0.571783 0.800512 0.593243 0.550621 0.449325 0.40885 0.891022 0.35234 0.37384
threshold=0.31744421906693715 0.15314401622718055 0.17890958504461263 27.500000000000004 0.64473107689836062 0.17504284937821005 -0.24999999999999994 0.36815415821501019 0.33907752531699437 -1.0000000180025095e-35 29.500000000000004 0.6830127018922193 0.10937795756218473 0.27719287970000966 -0.24999999999999994 0.39452332657200817 0.2991886409736309 0.19814297748565238 0.065317751259371823 1.0000000180025095e-35 0.11901411644934903 0.30501495781046467 0.27125351033954564 0.52260523305345885 0.070312500000000014 0.091145833333333343 0.19010694606400499 0.23115397234354332 0.55485698752022106 0.48088235294117648
decision_type=2 2 2 2 2 2 2 2 2 2 2 2 2 2 2 2 2 2 2 2 2 2 2 2 2 2 2 2 2 2
left_child=1 26 5 6 7 14 -4 8 -5 -9 16 13 17 21 -2 -11 -3 18 20 -20 -13 22 -12 -24 -10 -6 -1 -28 -23 -30
right_child=2 10 3 4 25 -7 -8 9 24 15 11 12 -14 -15 -16 -17 -18 -19 19 -21 -22 28 23 -25 -26 -27 27 -29 29 -31
leaf_value=-0.0017617510503400156 0.00036138791220304239 -0.00038201928476842888 0.00077155167585890854 0.00074931890408349861 0.00095736628297197752 0.00044083019829823273 -5.8218247755188507e-05 0.0014379282730714786 0.00071714028453472858 0.0010795578965606041 -0.00012847687763466292 0.00088438398907997415 0.0019457636151143231 0.00071378376685704841 0.00058145838099143336 0.00024165559190396886 2.491263550013871e-05 -3.5845181256842658e-05 0.0009854143552113575 0.0015545956056000759 -0.0007383822060745423 -0.00063349663028671539 3.6563834985869769e-05 0.00017579794190375714 -8.6678316386437325e-05 0.0012517153983145303 0.00038686165888015005 -0.0012684470814128535 9.4054556086041046e-06 -5.6782234834527176e-05
leaf_weight=2505 22 662 22 31 20 24 97 38 24 22 68 24 23 30 21 22 37 35 25 22 35 291 43 22 47 21 35 88 27 35
leaf_count=2505 22 662 22 31 20 24 97 38 24 22 68 24 23 30 21 22 37 35 25 22 35 291 43 22 47 21 35 88 27 35
internal_value=-0.00124808 -0.00209409 0.00699998 0.00580812 0.00846663 0.0131192 0.000781505 0.00629344 0.00347055 0.00980476 -0.00086802 8.82344e-05 0.00340242 -0.000965115 0.00886026 0.0058635 -0.00179828 0.00168084 0.00294337 0.00721261 -0.00045762 -0.00151852 0.000157893 0.00253842 0.000802805 0.0182191 -0.00273744 -0.00104877 -0.00215014 -9.67733e-05
internal_weight=4418 4007 411 344 225 67 119 184 102 82 1379 680 164 516 43 44 699 141 106 47 59 486 133 65 71 41 2628 123 353 62
internal_count=4418 4007 411 344 225 67 119 184 102 82 1379 680 164 516 43 44 699 141 106 47 59 486 133 65 71 41 2628 123 353 62
is_linear=0
shrinkage=0.03


Tree=33
num_leaves=31
num_cat=0
split_feature=5 9 8 6 5 2 11 17 8 8 9 11 8 9 8 7 7 18 5 18 4 17 2 7 7 2 17 17 18 2
split_gain=28.754 3.55879 3.46142 3.24199 3.07307 1.81885 1.91181 2.75032 1.75566 1.5769 1.3289 3.1794 2.75552 2.06811 1.36911 1.70011 1.26415 1.05187 1.03193 0.906899 0.753378 0.506234 0.50329 0.441619 0.437281 0.426948 0.542017 0.582429 0.411989 0.39997
threshold=0.2991886409736309 0.97957695113056176 0.17890958504461263 0.29539170506912449 0.35192697768762687 0.15885416666666669 -0.24999999999999994 0.42051740277423205 0.17504284937821005 0.16640278872593822 0.30233406272793589 0.6830127018922193 0.21176080412325526 0.5948212983223925 0.18691356651965157 0.060055430377196566 0.33804259110067586 0.50441176470588245 0.1957403651115619 0.46029411764705885 0.10156250000000001 0.40471732902164365 0.075520833333333343 0.11146912280415879 0.11992761639997179 0.070312500000000014 0.33907752531699437 0.29376877908917742 0.49852941176470594 0.049479166666666671
decision_type=2 2 2 2 2 2 2 2 2 2 2 2 2 2 2 2 2 2 2 2 2 2 2 2 2 2 2 2 2 2
left_child=3 2 8 -1 19 6 7 -6 9 -2 -5 14 13 18 -12 -16 17 20 -13 23 -8 -7 -20 -4 28 -21 27 -27 -17 -30
right_child=1 -3 4 10 5 21 16 -9 -10 -11 11 12 -14 -15 15 24 -18 -19 22 25 -22 -23 -24 -25 -26 26 -28 -29 29 -31
leaf_value=-0.0016796348510468907 0.00056401462956169016 0.0020925246663754172 6.1872959877038578e-05 -0.00081721969279525486 0.0010698830529822217 -1.5507874985592525e-05 0.00034947304765794838 0.0010575544607609186 0.00042235697365261413 0.00025940312645403855 -0.000471326031576027 0.00027745848066596749 -0.00017607796623971805 0.0019396079032228059 0.00025784338967357152 -1.2329944566451712e-05 0.0015672058204024906 -5.7138518214916272e-05 0.00080152837525286115 0.00067515809342156121 0.00030617539821438107 0.0004779679444056092 0.0017863743521583663 0.00068575266521770533 -0.00047640433903710155 -1.5552757091038458e-05 -0.00021791273307620389 0.00022331915904966605 -4.208541523292356e-05 0.00018290116554737162
leaf_weight=2642 21 20 25 344 32 34 22 21 25 32 466 56 60 23 29 182 25 23 21 22 20 21 22 26 45 25 66 28 20 20
leaf_count=2642 21 20 25 344 32 34 22 21 25 32 466 56 60 23 29 182 25 23 21 22 20 21 22 26 45 25 66 28 20 20
internal_value=-0.00126166 0.00560655 0.00507691 -0.0021145 0.00392307 0.00654542 0.00832861 0.0128488 0.010846 0.00775457 -0.000880435 -0.000298729 0.00326372 0.00585241 -0.00114961 0.000445944 0.0056666 0.00346148 0.00396966 0.00121874 0.00628556 0.00190906 0.00746494 0.00464697 -0.00030337 -2.12772e-05 -0.000731087 0.00152827 0.000243241 0.00299992
internal_weight=4418 488 468 3930 390 198 143 53 78 53 1288 944 182 122 762 296 90 65 99 192 42 55 43 51 267 141 119 53 222 40
internal_count=4418 488 468 3930 390 198 143 53 78 53 1288 944 182 122 762 296 90 65 99 192 42 55 43 51 267 141 119 53 222 40
is_linear=0
shrinkage=0.03


Tree=34
num_leaves=31
num_cat=1
split_feature=5 19 9 6 16 11 8 8 3 5 7 7 7 8 8 16 5 6 11 6 6 11 4 13 6 0 1 11 3 7
split_gain=26.4448 4.08457 3.52549 3.35365 3.03334 3.39556 1.93967 1.82166 1.66731 1.53256 2.14669 2.00039 1.34926 1.18665 1.06903 1.064 0.987864 0.918496 2.81913 0.90629 0.701442 0.70585 0.684017 0.582738 0.4963 0.470754 0.453699 1.16314 0.771389 0.609502
threshold=0.31947261663286008 0 0.47191830780452232 0.29539170506912449 26.500000000000004 0.6830127018922193 0.27719287970000966 0.20833669660143139 0.049479166666666671 0.45638945233265721 0.12201822244818451 0.073925378384792365 0.099590664592236089 0.1813468332704895 0.23288439984612844 28.500000000000004 0.36409736308316437 0.7009216589861752 1.0000000180025095e-35 0.3728110599078342 0.45944700460829507 -0.24999999999999994 0.065104166666666671 -0.22252093395631442 0.44285714285714295 0.58315943199673659 0.049479166666666671 0.6830127018922193 0.059895833333333336 0.075179065199974346
decision_type=2 1 2 2 2 2 2 2 2 2 2 2 2 2 2 2 2 2 2 2 2 2 2 2 2 2 2 2 2 2
left_child=3 2 15 26 25 6 19 8 -7 10 11 -4 16 -3 -14 -2 -13 18 -12 -6 21 24 -10 -15 -21 -5 -1 -28 29 -29
right_child=1 13 9 4 5 7 -8 -9 22 -11 17 12 14 23 -16 -17 -18 -19 -20 20 -22 -23 -24 -25 -26 -27 27 28 -30 -31
leaf_value=-0.0020595658258190184 -5.8628917146919976e-05 0.0003153584080449011 0.00020280849472813976 -0.0004387934413493428 -0.00055193163673826842 0.00028864955483578076 0.00058534081149805978 1.5270643878707223e-05 0.0014734210453956342 0.001425530684630458 0.0011292918772599721 0.0007351835807072692 0.00027015485521558806 0.00022884231624041102 0.00055456642296220415 0.00044401363204142971 0.00071011074712434646 4.3790849953529161e-05 0.00022731257235587788 -9.5419665240091626e-05 -2.5060226367845164e-05 0.0003124600369661686 0.001929120956232024 -0.00015318489194719652 0.00038178794232257871 1.2218370299538361e-05 -0.0012431934119255012 -0.00074526782925040237 0.0011014050369755524 0.0021063270872952529
leaf_weight=2065 27 20 21 739 231 22 35 39 26 30 21 32 26 40 23 29 23 27 29 48 124 34 28 57 20 24 453 84 20 21
leaf_count=2065 27 20 21 739 231 22 35 39 26 30 21 32 26 40 23 29 23 27 29 48 124 34 28 57 20 24 453 84 20 21
internal_value=-0.00134314 0.00596295 0.00777179 -0.00208049 -0.000875912 0.000706753 -0.000378049 0.00534778 0.00805252 0.00967237 0.00873263 0.0111599 0.0128653 0.000779521 0.00924471 0.00128569 0.0160906 0.00479214 0.00719986 -0.000899342 0.000451325 0.00229409 0.0108887 -0.000525768 0.000529403 -0.00213499 -0.00270488 -0.00196194 0.000599994 -0.000428568
internal_weight=4418 405 288 4013 1370 607 492 115 76 232 202 125 104 117 49 56 55 77 50 457 226 102 54 97 68 763 2643 578 125 105
internal_count=4418 405 288 4013 1370 607 492 115 76 232 202 125 104 117 49 56 55 77 50 457 226 102 54 97 68 763 2643 578 125 105
cat_boundaries=0 1
cat_threshold=550
is_linear=0
shrinkage=0.03


Tree=35
num_leaves=31
num_cat=2
split_feature=0 6 9 6 19 6 9 11 19 4 6 6 17 0 0 11 10 10 0 7 0 12 9 6 5 7 7 11 9 0
split_gain=24.094 5.41594 2.51125 2.17598 3.96217 3.1702 3.04569 1.97057 1.75676 3.30594 1.45232 1.31802 1.74071 2.08302 1.30363 1.33386 1.6101 1.12001 1.22034 1.00128 0.992611 0.728695 0.673009 0.985944 1.21693 0.659497 0.593901 0.586528 0.574091 0.651263
threshold=0.59889677441000055 0.37004608294930885 0.30233406272793589 0.78755760368663608 0 0.64746543778801857 0.61670313639679086 0.93301270189221952 1 0.10156250000000001 0.62350230414746555 0.66635944700460847 0.3058037613820101 0.54665645269236129 0.44566508779923081 0.6830127018922193 -0.24999999999999994 0.93301270189221952 0.62460857321909224 0.1136185938746033 0.41542199475783687 -1.0000000180025095e-35 0.58825674690007312 0.45944700460829507 0.21517917511832321 0.063178407437470135 0.096392604787514213 0.6830127018922193 0.32239241429613436 0.48493823695648747
decision_type=2 2 2 2 1 2 2 2 1 2 2 2 2 2 2 2 2 2 2 2 2 2 2 2 2 2 2 2 2 2
left_child=1 14 -2 4 5 6 -4 8 9 27 -6 12 13 -11 -1 -16 28 18 -7 -12 -10 -20 -22 24 -24 -25 -14 -3 -17 -30
right_child=2 7 3 -5 10 17 -8 -9 20 11 19 -13 26 -15 15 16 -18 -19 21 -21 22 -23 23 25 -26 -27 -28 -29 29 -31
leaf_value=-0.0018521981686320898 -0.00010817037580673842 -9.6329505721090742e-05 0.000573520716554535 0.0012167515329464819 -6.4594844086575333e-05 0.0005369895830689297 0.0010668099397303352 -0.0010494354637097462 0.00046712739081982758 0.00053658746517585535 0.0010043595053258821 -7.1967412515074929e-06 -9.3802580686968986e-06 0.0010771933981402072 -0.00059110567503251998 0.0013943309012310592 -0.00054625224405251843 1.5452911168730559e-06 0.0009936666635935211 9.4876121920521114e-05 -0.00018702124309797 0.00033802059986032202 -0.00051936783496773175 0.00023394219588209034 0.00051320993159852666 -5.6193902225217099e-05 0.00024505083357495767 0.00035669536926689205 0.0012061254616700331 -0.00017321878296495775
leaf_weight=2434 24 82 39 24 69 36 34 145 24 30 23 21 20 20 638 29 85 25 20 22 202 27 26 20 49 172 24 30 24 29
leaf_count=2434 24 82 39 24 69 36 34 145 24 30 23 21 20 20 638 29 85 25 20 22 202 27 26 20 49 172 24 30 24 29
internal_value=-0.00127974 -0.00191813 0.00635858 0.00706267 0.00635591 0.00893713 0.0142601 0.000190751 0.000833331 0.00294935 0.00135483 0.00665212 0.00817013 0.0119998 -0.00248132 -0.00143478 0.000952089 0.00616661 0.00784328 0.00566654 -0.000196819 0.00465947 -0.00050533 0.000483144 0.00339995 -0.000656247 0.00381809 -0.000589281 0.00395117 0.0020943
internal_weight=4447 4104 343 319 295 181 73 865 720 227 114 115 94 50 3239 805 167 108 83 45 493 47 469 267 75 192 44 112 82 53
internal_count=4447 4104 343 319 295 181 73 865 720 227 114 115 94 50 3239 805 167 108 83 45 493 47 469 267 75 192 44 112 82 53
cat_boundaries=0 1 2
cat_threshold=546 34
is_linear=0
shrinkage=0.03


Tree=36
num_leaves=31
num_cat=1
split_feature=0 6 9 16 10 6 19 6 6 6 17 6 18 10 9 9 6 3 6 6 11 9 7 0 13 4 17 0 11 2
split_gain=22.673 4.90182 2.37241 2.35013 2.84854 2.31963 2.86058 2.22267 1.84165 1.49286 1.40149 1.35415 2.29194 1.35096 1.27089 1.36134 1.25324 1.21683 1.43366 1.84587 1.40857 1.1159 1.09099 0.908967 0.886413 0.824932 0.809947 0.747453 1.1448 1.26316
threshold=0.59889677441000055 0.31935483870967746 0.30233406272793589 26.500000000000004 -0.5 0.78755760368663608 0 0.66175115207373281 0.40599078341013833 0.36635944700460837 0.34163049953195485 0.62350230414746555 0.47794117647058826 0.93301270189221952 0.53610503282275734 0.68490153172866541 0.34976958525345631 0.11197916666666667 0.59032258064516141 0.45944700460829507 0.25000000000000017 0.61670313639679086 0.10937795756218473 0.63245318005513651 -0.22252093395631442 0.10156250000000001 0.28912432984426867 0.44566508779923081 0.25000000000000017 0.049479166666666671
decision_type=2 2 2 2 2 2 1 2 2 2 2 2 2 2 2 2 2 2 2 2 2 2 2 2 2 2 2 2 2 2
left_child=1 27 -2 14 8 6 11 21 -5 -6 17 -4 -13 24 -3 16 -16 18 19 20 26 22 -8 -23 -9 -26 -11 -1 -29 -30
right_child=2 3 5 4 9 -7 7 13 -10 10 -12 12 -14 -15 15 -17 -18 -19 -20 -21 -22 23 -24 -25 25 -27 -28 28 29 -31
leaf_value=-0.0018515273976358088 -0.00010492526453253463 -0.00062067054636815268 -4.7549750363039622e-05 0.00069033324140275142 -0.00050073424733848625 0.0011802489869580858 0.00016477866524223765 0.00091784349947010265 0.0023135220634303674 -0.00031333814603373846 -2.7941431563464434e-05 0.00091258106430833631 -1.9198207329983888e-05 -3.5334023092765463e-05 0.0011249404189455513 -0.00016372005381751017 1.9584154023231998e-05 -6.9807930798064339e-06 0.00069632505879336994 -5.7082527172809936e-05 0.00054263807025411548 0.001047135660580935 0.0009723650186243243 0.00032098093845324573 0.00049903868844469528 4.1034600610289388e-05 0.00035493800610494539 -0.00080271675888869372 0.00042887426011494986 -0.0005731215871523466
leaf_weight=2382 24 392 64 63 118 24 22 32 27 25 101 24 21 20 20 107 123 91 24 61 24 26 20 22 20 24 20 333 85 108
leaf_count=2382 24 392 64 63 118 24 22 32 27 25 101 24 21 20 20 107 123 91 24 61 24 26 20 22 20 24 20 333 85 108
internal_value=-0.00131347 -0.00193275 0.00609619 -0.000316054 0.00111552 0.00678054 0.00605083 0.00817343 0.00599993 0.000168102 0.00116185 0.0015378 0.00566654 0.00543744 -0.0015514 0.000119999 0.00203495 0.00238774 0.00401296 0.00276921 0.00613035 0.0119999 0.00842837 0.0151247 0.00726306 0.0044999 0.00299993 -0.00259766 -0.00157414 0.000264247
internal_weight=4447 4104 343 1196 554 319 295 186 90 464 346 109 45 96 642 250 143 245 154 130 69 90 42 48 76 44 45 2908 526 193
internal_count=4447 4104 343 1196 554 319 295 186 90 464 346 109 45 96 642 250 143 245 154 130 69 90 42 48 76 44 45 2908 526 193
cat_boundaries=0 1
cat_threshold=204
is_linear=0
shrinkage=0.03


Tree=37
num_leaves=31
num_cat=0
split_feature=20 6 16 5 10 11 17 7 13 8 16 5 17 5 20 11 10 16 17 6 11 11 17 7 20 7 5 8 4 2
split_gain=22.4175 4.39657 2.81732 2.7226 2.35491 1.66145 1.74189 1.78563 2.2289 1.44451 1.90905 1.79374 1.67984 1.4302 1.28792 1.18074 1.4681 2.2403 1.06146 1.1164 2.26973 1.6817 1.20327 0.669812 0.660425 0.911225 0.591201 0.576274 0.407859 0.342849
threshold=0.59537384276397409 0.37004608294930885 29.500000000000004 0.57505070993914809 -0.5 -0.24999999999999994 0.44413241426261602 0.099590664592236089 1.0000000180025095e-35 0.17890958504461263 29.500000000000004 0.33772819472616639 0.35984171559867256 0.37626774847870187 0.44566508779923081 0.6830127018922193 -0.24999999999999994 29.500000000000004 0.34163049953195485 0.45944700460829507 0.25000000000000017 -0.9330127018922193 0.28716704961279899 0.15278835336889349 0.54460969367221124 0.061948112052887368 0.14300202839756596 0.20345608835639697 0.11718750000000001 0.039062500000000007
decision_type=2 2 2 2 2 2 2 2 2 2 2 2 2 2 2 2 2 2 2 2 2 2 2 2 2 2 2 2 2 2
left_child=1 14 24 5 -4 6 7 8 -2 -7 28 -12 -13 -14 -1 26 17 -17 19 20 22 -21 -6 -9 -3 -26 -16 -23 -11 -18
right_child=3 2 4 -5 18 9 -8 23 -10 10 11 12 13 -15 15 16 29 -19 -20 21 -22 27 -24 -25 25 -27 -28 -29 -30 -31
leaf_value=-0.0017410864016440507 0.00088869525289481729 -0.00039030745292316539 0.0017959024482877123 0.0012027171074262297 -0.00049534919820017878 0.00036496365187060149 0.00048804176545267199 -4.0339375347353426e-05 0.00019620329123061809 -0.00011304655699206296 -2.1988089891356433e-05 0.00072409979014032163 -5.0279605545847321e-06 0.0011087078087245424 4.4843501698601802e-05 -0.00018912937793011967 6.7200143331620438e-05 0.0014186885375031435 -2.6561916275357334e-05 0.00069686829705466581 0.00053408332007047086 9.5724837911603892e-05 0.00034428986592179608 0.0010475342596985475 0.0003011772050453072 -1.1930178620452364e-05 -0.00056314077167886258 -0.00021371287504809097 4.4238123959590374e-05 -0.00058853936479061385
leaf_weight=2434 24 315 37 20 30 28 23 37 25 61 24 27 21 28 29 43 20 37 88 29 22 39 20 25 20 151 609 89 28 64
leaf_count=2434 24 315 37 20 30 28 23 37 25 61 24 27 21 28 29 43 20 37 88 29 22 39 20 25 20 151 609 89 28 64
internal_value=-0.00132696 -0.00196958 -3.5715e-05 0.00573314 0.00199999 0.00511964 0.00774621 0.00618913 0.0104692 0.00349768 0.00255554 0.00539995 0.00765779 0.00434685 -0.00247157 -0.00142893 0.000841458 0.00374995 0.00116403 0.00224016 0.00533326 0.00082165 0.00179996 0.00280641 -0.00151852 -1.75445e-05 -0.00201254 -0.000656246 -0.000640443 -0.00192855
internal_weight=4447 4076 840 371 354 351 134 111 49 217 189 100 76 49 3236 802 164 80 317 229 72 157 50 62 486 171 638 128 89 84
internal_count=4447 4076 840 371 354 351 134 111 49 217 189 100 76 49 3236 802 164 80 317 229 72 157 50 62 486 171 638 128 89 84
is_linear=0
shrinkage=0.03


Tree=38
num_leaves=31
num_cat=0
split_feature=0 6 5 16 10 8 11 17 7 13 8 16 18 5 10 7 5 11 18 0 8 18 8 7 0 4 1 16 17 13
split_gain=20.7402 4.60233 2.72862 2.31194 3.40256 1.31976 1.24429 1.93126 1.41915 1.52521 1.39452 1.53334 1.87248 1.4478 0.907866 0.872915 0.815234 1.18874 0.812252 0.751912 0.870206 1.35077 0.975273 1.11109 0.706206 0.705872 1.3923 0.694388 0.636016 0.858262
threshold=0.59889677441000055 0.31935483870967746 0.57505070993914809 29.500000000000004 -0.5 0.1813468332704895 -0.24999999999999994 0.44413241426261602 0.099590664592236089 1.0000000180025095e-35 0.17890958504461263 28.500000000000004 0.4661764705882353 0.40466531440162273 -0.6830127018922193 0.15278835336889349 0.1288032454361055 0.25000000000000017 0.50441176470588245 0.41542199475783687 0.27719287970000966 0.46911764705882358 0.20833669660143139 0.097920479806488284 0.54460969367221124 0.11197916666666667 0.11197916666666667 11.500000000000002 0.32659142728865342 -0.56174490092936669
decision_type=2 2 2 2 2 2 2 2 2 2 2 2 2 2 2 2 2 2 2 2 2 2 2 2 2 2 2 2 2 2
left_child=1 16 6 24 14 -6 7 8 9 -2 -8 -12 -13 -14 -5 -10 -1 -18 28 -7 22 -22 23 -21 -3 -26 27 -27 29 -19
right_child=2 3 -4 4 5 19 10 -9 15 -11 11 12 13 -15 -16 -17 17 18 -20 20 21 -23 -24 -25 25 26 -28 -29 -30 -31
leaf_value=-0.0020944138682011692 0.00095151191381216227 -0.00037859834723291078 0.0011666355942034419 0.0003936860329906132 -0.00017866554896784156 0.00035340462955233277 0.00036668093177895963 0.00047340051248909111 -7.3510697069027208e-05 0.00019541050414301073 -4.5804022364779649e-05 0.00084309243206245291 -6.528461120600763e-06 0.001195439316896924 0.0017064919720058266 0.001017166700597219 -0.00077844607502889544 0.00035991710190594437 0.00045267974834228906 -1.2652522747668367e-05 -7.061578915184973e-05 0.0007847620815953166 -5.7306350068333787e-05 0.00037849644576474551 -0.00012895547791368816 6.9751285363256601e-06 -9.5626624619855728e-06 0.00022763440762607688 -0.0005693323949176591 -5.388014968991358e-05
leaf_weight=2109 21 485 20 32 157 26 25 23 35 24 75 26 47 23 38 24 524 22 27 54 22 20 136 38 106 20 37 25 168 58
leaf_count=2109 21 485 20 32 157 26 25 23 35 24 75 26 47 23 38 24 524 22 27 54 22 20 136 38 106 20 37 25 168 58
internal_value=-0.00134045 -0.00193275 0.00574634 -0.000366221 0.00113002 0.000178807 0.00508048 0.00739364 0.00565379 0.00966645 0.00358161 0.00261402 0.00512495 0.00257139 0.00728561 0.00259318 -0.00257703 -0.00176095 -0.000163636 0.0013581 0.000888885 0.00485703 0.000157893 0.00254345 -0.00152897 3.1914e-05 0.00212192 0.00566654 -0.000701611 0.00149998
internal_weight=4447 4104 343 1196 523 453 323 127 104 45 196 171 96 70 70 59 2908 799 275 296 270 42 228 92 673 188 82 45 248 80
internal_count=4447 4104 343 1196 523 453 323 127 104 45 196 171 96 70 70 59 2908 799 275 296 270 42 228 92 673 188 82 45 248 80
is_linear=0
shrinkage=0.03


Tree=39
num_leaves=31
num_cat=0
split_feature=0 6 9 16 10 9 6 17 9 11 7 7 7 6 12 5 11 9 7 17 9 6 6 4 17 18 7 13 17 7
split_gain=19.652 4.87665 2.48525 2.25699 2.88656 1.80706 1.31278 1.25032 1.11795 1.07235 1.0283 1.43044 1.65432 0.942727 0.870649 0.825481 1.29125 1.18018 1.28174 1.74317 0.769158 1.42998 0.749946 0.68987 0.670627 1.90442 0.808705 0.635122 0.93387 0.905215
threshold=0.59889677441000055 0.31935483870967746 0.97957695113056176 29.500000000000004 -0.5 0.30233406272793589 0.36635944700460837 0.33907752531699437 0.53610503282275734 0.6830127018922193 0.078820572627737201 0.099590664592236089 0.092343480677863826 0.40599078341013833 -0.8783796973249266 0.12457741717376607 0.25000000000000017 0.4584245076586434 0.050725144218469499 0.34018381414347726 0.68490153172866541 0.34976958525345631 0.36082949308755768 0.10677083333333334 0.32570922397320157 0.46911764705882358 0.14507291196543173 1.0000000180025095e-35 0.27207075553364507 0.092848179558897223
decision_type=2 2 2 2 2 2 2 2 2 2 2 2 2 2 2 2 2 2 2 2 2 2 2 2 2 2 2 2 2 2
left_child=1 15 5 8 13 -2 -6 9 -3 27 -7 12 23 22 -13 -1 -17 -18 -19 -20 21 -10 -5 -12 -16 -26 -27 28 -8 -29
right_child=2 3 -4 4 6 10 7 -9 20 -11 11 14 -14 -15 24 16 17 18 19 -21 -22 -23 -24 -25 25 26 -28 29 -30 -31
leaf_value=-0.0021214437814627142 -0.00011850787335141016 -0.00056930687382757139 0.0012354465535333969 0.00082110734547717363 -0.00046363036639912028 6.7705318558067569e-05 -0.00018140837829841853 -2.4101835328012454e-05 0.0011194443799445372 0.00047194605854007117 0.0001158110195135131 0.00058360595649600562 0.00057935264937643825 0.0024328116968220619 -5.3889982812701216e-05 -0.00078147303898574104 -0.00044641694034612436 -0.00070003064608188019 0.00069168830550610867 -2.0474961481431948e-05 -0.00011865735820410842 4.8797586783176108e-06 0.00041777883233200426 0.00038960974099409509 0.00075606908200603852 0.0001195182784228242 0.0009613615798815308 0.00023656950537383155 0.0002355886577929506 -0.00011338778996778466
leaf_weight=2038 24 411 21 24 114 38 75 102 20 31 21 28 23 22 24 570 193 37 33 37 117 125 24 20 37 64 43 53 45 33
leaf_count=2038 24 411 21 24 114 38 75 102 20 31 21 28 23 22 24 570 193 37 33 37 117 125 24 20 37 64 43 53 45 33
internal_value=-0.00132696 -0.00190351 0.00557141 -0.00029097 0.00118738 0.00491924 0.000311257 0.00124778 -0.00143982 0.00244303 0.00555703 0.00623074 0.0101248 0.00685704 0.00495916 -0.00256671 -0.0017931 -0.0002 0.00232708 0.00471422 9.1602e-05 0.00155171 0.00449991 0.00651204 0.00414283 0.00491663 0.00288782 0.00166019 0.000249997 0.00362786
internal_weight=4447 4104 343 1196 523 322 453 339 673 237 298 260 64 70 196 2908 870 300 107 70 262 145 48 41 168 144 107 206 120 86
internal_count=4447 4104 343 1196 523 322 453 339 673 237 298 260 64 70 196 2908 870 300 107 70 262 145 48 41 168 144 107 206 120 86
is_linear=0
shrinkage=0.03


Tree=40
num_leaves=31
num_cat=1
split_feature=0 9 6 11 9 10 8 11 6 0 9 19 17 9 7 7 2 6 6 8 8 7 4 0 10 4 9 9 17 0
split_gain=20.3672 4.49328 1.83973 2.10155 3.67869 3.66233 2.266 1.78761 2.74523 1.68319 1.28018 1.93579 2.21104 2.48848 2.0786 2.5513 0.857298 0.851215 0.830624 0.79243 0.785758 1.06135 0.805958 1.05254 1.42304 0.770265 0.620916 0.512193 0.476433 0.423433
threshold=0.54460969367221124 0.97957695113056176 0.20519397970534159 0.6830127018922193 0.5970094821298324 -0.24999999999999994 0.13293229993885244 -0.9330127018922193 0.56267281105990796 0.45763877432200306 0.47191830780452232 0 0.44413241426261602 0.69876002917578428 0.099590664592236089 0.068200183856979943 0.070312500000000014 0.67695852534562229 0.3175115207373273 0.45124786281757862 0.20249421316166533 0.1598231199900437 0.12760416666666669 0.60947546798558971 0.68301270189221941 0.091145833333333343 0.47191830780452232 0.38548504741064926 0.36171389668964354 0.41342993139342915
decision_type=2 2 2 2 2 2 2 2 2 2 2 1 2 2 2 2 2 2 2 2 2 2 2 2 2 2 2 2 2 2
left_child=2 7 -1 18 5 6 9 8 -2 -5 16 12 13 14 15 -12 -9 -16 -4 20 22 -22 23 24 -13 -26 -7 -8 -23 -20
right_child=1 -3 3 4 -6 26 27 10 -10 -11 11 19 -14 -15 17 -17 -18 -19 29 -21 21 28 -24 -25 25 -27 -28 -29 -30 -31
leaf_value=-0.0029037209115202198 -1.2060558140397233e-05 0.0016759597573717255 -0.00087687672194032226 0.0010812872693977795 0.0020557221963518634 -0.0010047122046124666 0.00018452286820502595 0.0003900499201967633 0.00063611620119902775 0.0012367278121179768 0.00020279689437773177 0.0012842798935055373 0.0009518662356096995 -0.00046050126251678331 0.00058978659770364691 0.00061911057714787558 -9.5196079449619167e-05 -7.0187550515295711e-06 3.8290398358259256e-05 0.00064365246600053589 -3.2242256903235976e-05 -0.00058010881820191201 -1.3093359756326739e-05 -4.0972734430730248e-05 3.510851000884908e-05 0.00022113348005943015 2.3428174567045216e-05 -9.0688843788117255e-05 0.00085515454875150214 -0.00024818486735571479
leaf_weight=1623 21 26 1010 36 37 293 24 21 30 25 21 22 24 30 21 33 132 29 20 20 107 21 42 24 51 33 33 41 31 577
leaf_count=1623 21 26 1010 36 37 293 24 21 30 25 21 22 24 30 21 33 132 29 20 20 107 21 42 24 51 33 33 41 31 577
internal_value=-0.00133782 0.00321109 -0.00224173 -0.00165458 6.74838e-05 -0.00067699 0.00366664 0.00276437 0.00817631 0.00781954 0.00234743 0.00307072 0.00574997 0.00461191 0.00680763 0.0108887 -5.88239e-05 0.00239995 -0.00217859 0.00165373 0.00135045 -0.000169811 0.0027558 0.00392305 0.0052075 0.00342853 -0.00235582 -0.000230766 0.00334609 -0.00129146
internal_weight=4458 739 3719 2096 489 452 126 713 51 61 662 509 158 134 104 54 153 50 1607 351 331 159 172 130 106 84 326 65 52 597
internal_count=4458 739 3719 2096 489 452 126 713 51 61 662 509 158 134 104 54 153 50 1607 351 331 159 172 130 106 84 326 65 52 597
cat_boundaries=0 1
cat_threshold=514
is_linear=0
shrinkage=0.03


Tree=41
num_leaves=31
num_cat=2
split_feature=0 19 0 6 16 16 6 17 2 16 11 10 0 0 10 0 4 6 11 16 17 18 6 11 10 16 18 16 0 19
split_gain=18.9224 2.41833 2.77817 1.85734 1.8407 2.4085 2.6162 1.75751 2.95826 1.62909 3.34569 1.48416 1.33191 1.31193 1.15219 0.994263 1.3895 0.65473 0.613038 0.556521 0.660113 0.689033 0.503564 1.47236 1.27726 4.55063 0.491343 0.452154 0.350662 0.328996
threshold=0.54802186383041918 0 0.59294530418543168 0.29354838709677428 28.500000000000004 15.500000000000002 0.66635944700460847 0.30501495781046467 0.096354166666666671 29.500000000000004 0.6830127018922193 -0.93301270189221908 0.49510993395148484 0.65204532230327683 0.25000000000000011 0.62953366514144282 0.085937500000000014 0.67695852534562229 0.25000000000000017 29.500000000000004 0.40471732902164365 0.47205882352941181 0.20519397970534159 0.6830127018922193 -0.24999999999999994 29.500000000000004 0.47205882352941181 22.500000000000004 0.40990151892147353 1
decision_type=2 1 2 2 2 2 2 2 2 2 2 2 2 2 2 2 2 2 2 2 2 2 2 2 2 2 2 2 2 1
left_child=3 2 7 22 5 6 -4 8 -2 29 11 -11 -12 14 -6 16 -16 -10 -3 27 21 -21 -1 -24 25 -25 -18 -20 -13 -5
right_child=1 18 4 9 13 -7 -8 -9 17 10 12 28 -14 -15 15 -17 26 -19 19 20 -22 -23 23 24 -26 -27 -28 -29 -30 -31
leaf_value=-0.0028166092841746125 0.00060523544285575335 -2.7760325252587699e-05 0.00062522965609447837 -2.2261770151462382e-05 0.00092859920776123129 -4.6526090270692459e-05 0.00024748415926111896 -6.510104652174876e-05 0.00020166295031846679 0.00050128930464764623 0.0013843104795481669 2.4294572452102642e-05 0.00052569625373114501 0.0011230184620012269 0.00049523484944210985 0.00030993975193382311 0.0009686518960206064 -0.00020385701494274921 8.6655576620966635e-05 0.00021487685440132624 0.00085045241518211083 -2.6368183899569515e-05 -0.00098319119750727227 -0.00017930604560630837 -0.00059762902249368955 0.0019060652923141861 0.00083534297442223635 -0.00039124902955926875 -0.00022938883639556435 -0.00050518131114885825
leaf_weight=1623 23 133 20 126 22 58 39 104 20 22 37 24 41 30 33 41 20 22 20 21 29 25 825 48 129 22 21 26 315 539
leaf_count=1623 23 133 20 126 22 58 39 104 20 22 37 24 41 30 33 41 20 22 20 21 29 25 825 48 129 22 21 26 315 539
internal_value=-0.00139166 0.00311032 0.0043866 -0.0022402 0.00629575 0.00341023 0.00767784 0.00143786 0.00530761 -0.00120652 0.000211844 -0.00100554 0.00584608 0.00831731 0.00707294 0.00586951 0.00794584 0.000571414 0.000636361 0.00220659 0.00379995 0.00156518 -0.00267133 -0.00215039 0.000165828 0.00342852 0.0116339 -0.000391297 -0.00149557 -0.00214285
internal_weight=4458 707 453 3751 284 117 59 169 65 1104 439 361 78 167 137 115 74 42 254 121 75 46 2647 1024 199 70 41 46 339 665
internal_count=4458 707 453 3751 284 117 59 169 65 1104 439 361 78 167 137 115 74 42 254 121 75 46 2647 1024 199 70 41 46 339 665
cat_boundaries=0 1 2
cat_threshold=550 514
is_linear=0
shrinkage=0.03


Tree=42
num_leaves=31
num_cat=1
split_feature=0 9 4 11 18 7 11 11 3 9 19 18 0 7 8 9 7 8 11 1 8 8 9 1 8 10 0 0 8 8
split_gain=17.2184 3.93313 1.58165 1.55531 1.48602 1.40741 1.17162 2.77237 1.2733 1.14442 1.41349 1.5484 1.60681 2.25055 3.48058 2.53037 2.01331 1.92845 1.22765 1.58367 0.954042 0.819952 0.655565 0.833862 0.641996 1.17069 0.640212 0.603188 0.502714 0.413507
threshold=0.54802186383041918 0.97957695113056176 0.044270833333333336 -0.9330127018922193 0.48676470588235299 0.38780974986680611 0.6830127018922193 0.93301270189221952 0.075520833333333343 0.47191830780452232 0 0.51323529411764712 0.59537384276397409 0.073925378384792365 0.27323002848564254 0.65134938001458809 0.099590664592236089 0.19522708183397192 -0.5 0.091145833333333343 0.10460156880180856 0.19814297748565238 0.5948212983223925 0.075520833333333343 0.15723101739870424 -0.93301270189221908 0.58164690265879859 0.57229813476139524 0.18460672248384172 0.18809772008987066
decision_type=2 2 2 2 2 2 2 2 2 2 1 2 2 2 2 2 2 2 2 2 2 2 2 2 2 2 2 2 2 2
left_child=2 3 -1 4 -2 9 24 8 20 -5 11 12 18 -14 15 16 -15 -18 -11 -20 -8 27 23 -22 -4 -26 -21 -12 -29 -27
right_child=1 -3 6 5 -6 -7 7 -9 -10 10 21 -13 13 14 -16 -17 17 -19 19 26 22 -23 -24 -25 25 29 -28 28 -30 -31
leaf_value=-0.0014337124584294586 0.00027468112498067488 0.0016041865769025657 -0.00072675931554771339 -6.8502407951175068e-05 0.00075479521720247286 0.0016869177063553932 0.0014396937219590396 -0.0011384038500697495 0.00078301767824175378 -0.0004175584459150455 0.00030986820036313156 -0.00018010054703349696 -2.8623984317363474e-05 0.00051678854361316242 0.00011353409666866652 0.00090112261883997077 -1.4489768096586842e-05 0.00054303340445764603 0.00062269897964451057 0.00055631027099619431 -0.00016218736525169526 -3.9393160214890576e-05 0.0017892270823238504 0.00050379011264963501 0.00047270190719387196 -0.00050051313859037871 -2.4053329377213358e-05 0.0001862398052578403 -3.1929853919517729e-05 -5.419681952806424e-05
leaf_weight=2262 26 26 810 140 22 25 20 162 33 33 31 34 24 24 39 20 21 21 22 20 76 92 22 32 25 118 21 34 32 191
leaf_count=2262 26 26 810 140 22 25 20 162 33 33 31 34 24 24 39 20 21 21 22 20 76 92 22 32 25 118 21 34 32 191
internal_value=-0.00143876 0.00285572 -0.0022482 0.0024185 0.00762484 0.00202369 -0.00148892 4.34774e-05 0.00257376 0.00173684 0.00244871 0.00374739 0.00471427 0.00666438 0.00827993 0.011651 0.00881805 0.00485703 0.00168748 0.00414279 0.00139999 0.000316581 0.000461534 -0.000499996 -0.00195105 -0.00084431 0.00065852 0.00225771 0.000636353 -0.00134951
internal_weight=4458 707 3751 681 48 633 1489 345 183 608 468 279 245 149 125 86 66 42 96 63 150 189 130 108 1144 334 41 97 66 309
internal_count=4458 707 3751 681 48 633 1489 345 183 608 468 279 245 149 125 86 66 42 96 63 150 189 130 108 1144 334 41 97 66 309
cat_boundaries=0 1
cat_threshold=550
is_linear=0
shrinkage=0.03


Tree=43
num_leaves=31
num_cat=1
split_feature=0 9 6 19 9 0 0 9 8 8 0 8 17 18 4 8 0 1 17 6 9 10 9 18 12 18 17 8 0 9
split_gain=17.2349 3.90404 1.99282 1.53952 3.03971 2.19633 1.48638 1.216 2.12439 0.988918 1.82385 0.933277 0.826392 0.879362 0.765258 0.687004 0.659049 0.584388 0.488082 1.13297 0.481663 1.14062 0.647009 0.534844 0.460928 0.607483 0.730456 0.410246 0.382894 0.607492
threshold=0.54802186383041918 0.97957695113056176 0.20519397970534159 0 0.80598103574033564 0.59294530418543168 0.61229581972090841 0.57330415754923425 0.17662210150131016 0.29888286581140178 0.59102031964221136 0.19814297748565238 0.4564717896349248 0.45735294117647063 0.096354166666666671 0.088889909737814618 0.62953366514144282 0.15364583333333334 0.31729214534933203 0.67695852534562229 0.5970094821298324 -0.24999999999999994 0.65134938001458809 0.47500000000000003 0.6078576107927941 0.48676470588235299 0.35354437920177018 0.17403941676705595 0.46191480048608763 0.88366156090444947
decision_type=2 2 2 1 2 2 2 2 2 2 2 2 2 2 2 2 2 2 2 2 2 2 2 2 2 2 2 2 2 2
left_child=2 3 -1 4 5 18 7 -7 -9 11 -11 24 13 -8 15 -4 -15 -12 19 -2 21 -16 -22 -24 25 26 -5 -20 -17 -30
right_child=1 -3 14 9 -6 6 12 8 -10 10 17 -13 -14 16 20 28 -18 -19 27 -21 22 -23 23 -25 -26 -27 -28 -29 29 -31
leaf_value=-0.0026890996318964916 0.00056957680091487915 0.0015560609795954897 0.00056663747130376928 0.00022647424751313117 0.00086179035186495089 0.00033005827617896749 -9.8234399986750503e-05 0.00030906452670873485 0.00073159276566192133 0.00058348375164512134 -0.00015172853518600921 -4.2910254528806269e-05 0.00056579409024052111 0.00044169904843764841 0.00030777457945628712 -0.00074294983008720862 4.249941287211934e-05 0.00054899900228022158 0.00012125618809984193 -0.00019060724262789523 0.00046056709987218902 -0.00030689879827445137 -0.00017883774805953074 7.397364272735241e-05 0.00026141250421803141 -6.2985054973437228e-05 -5.6976103234674787e-05 -0.00017237181864664119 -0.00031640415524456758 0.00056872378674467509
leaf_weight=1623 35 26 33 27 30 34 25 20 23 28 33 121 21 39 43 995 40 26 26 23 29 157 31 40 30 27 21 52 768 32
leaf_count=1623 35 26 33 27 30 34 25 20 23 28 33 121 21 39 43 995 40 26 26 23 29 157 31 40 30 27 21 52 768 32
internal_value=-0.00139839 0.00289816 -0.00220821 0.00246255 0.00374602 0.00303549 0.00501978 0.00829859 0.0116509 0.000808046 0.00355168 -0.000212389 0.00299998 0.00190383 -0.00160432 -0.00183479 0.00345565 0.000559312 8.82339e-05 0.00217238 -0.0002 -0.00105 0.00149998 -4.22536e-05 0.00185712 0.000599991 0.00262494 -0.00146152 -0.00191365 -0.001425
internal_weight=4458 707 3751 681 368 338 202 77 43 313 87 226 125 104 2128 1828 79 59 136 58 300 200 100 71 105 75 48 78 1795 800
internal_count=4458 707 3751 681 368 338 202 77 43 313 87 226 125 104 2128 1828 79 59 136 58 300 200 100 71 105 75 48 78 1795 800
cat_boundaries=0 1
cat_threshold=546
is_linear=0
shrinkage=0.03


Tree=44
num_leaves=31
num_cat=1
split_feature=0 9 6 9 11 9 10 16 8 19 9 0 2 0 9 8 6 16 9 6 10 0 8 8 0 6 16 9 9 18
split_gain=16.056 4.02106 2.03328 1.67483 1.59444 3.51106 3.82301 3.00043 3.879 1.59439 2.78431 1.97891 1.54658 1.70562 2.23615 1.36329 1.08768 0.990816 1.17918 0.77635 0.699348 0.592302 0.459799 0.621862 0.449689 0.485338 0.440376 0.904516 0.474465 1.06287
threshold=0.54802186383041918 0.97957695113056176 0.20519397970534159 0.27425237053245816 0.6830127018922193 0.5970094821298324 -0.24999999999999994 29.500000000000004 0.13293229993885244 0 0.80598103574033564 0.59294530418543168 0.15364583333333334 0.62953366514144282 0.65134938001458809 0.43871151078150539 0.69262672811059922 15.500000000000002 0.57148067104303446 0.33594470046082953 -0.24999999999999994 0.57229813476139524 0.19814297748565238 0.29888286581140178 0.57229813476139524 0.62350230414746555 29.500000000000004 0.36323851203501106 0.70386579139314387 0.47500000000000003
decision_type=2 2 2 2 2 2 2 2 2 1 2 2 2 2 2 2 2 2 2 2 2 2 2 2 2 2 2 2 2 2
left_child=2 3 -1 -2 19 6 7 -6 -9 10 11 21 13 14 17 20 -15 -13 -19 -4 -11 -5 24 -24 -22 -26 -21 -28 -29 -30
right_child=1 -3 4 9 5 -7 -8 8 -10 15 -12 12 -14 16 -16 -17 -18 18 -20 26 22 -23 23 -25 25 -27 27 28 29 -31
leaf_value=-0.0026084266429395962 -0.00014274437592925302 0.0015093791502076251 -0.00074234492457238125 0.00041070833204051593 -9.7679515114245849e-06 0.0019176301887232341 -0.00063335741053130272 0.0014088512345816666 -8.0508103080818765e-06 0.0017689334870283433 0.00083593664130900223 0.00054948645367183682 2.3805784725524131e-05 -7.8962695243353604e-05 0.00077995887634436402 0.00045038019966845967 0.00079677869539183065 0.00040928867135585421 -0.00012238892207880306 -0.00031472831916714954 0.00026032122324706292 -3.1961401790113937e-05 -4.8942292054836424e-05 0.00040111579286577088 -4.3170199213539323e-05 9.5418136239602052e-05 0.00052380038520681105 -0.00016472736805220797 -0.00044274347500084177 0.00039961122283496762
leaf_weight=1623 60 26 1115 55 76 39 330 27 25 21 30 30 44 21 20 34 22 27 20 289 27 56 115 33 36 30 20 158 28 21
leaf_count=1623 60 26 1115 55 76 39 330 27 25 21 30 30 44 21 20 34 22 27 20 289 27 56 115 33 36 30 20 158 28 21
internal_value=-0.00141857 0.00272843 -0.00220021 0.00228634 -0.00159023 -0.000102616 -0.000838427 0.00356247 0.00911521 0.00274879 0.00416417 0.00340677 0.00531519 0.00685709 0.00906176 0.0010196 0.00188368 0.00674017 0.00402119 -0.00204353 0.000320609 0.00024324 -0.00013693 -0.00117567 0.00151611 0.000181815 -0.00108139 -9.25113e-05 -0.000681157 0.00189792
internal_weight=4458 707 3751 681 2128 497 458 128 52 621 325 295 184 140 97 296 43 77 47 1631 262 111 241 148 93 66 516 227 207 49
internal_count=4458 707 3751 681 2128 497 458 128 52 621 325 295 184 140 97 296 43 77 47 1631 262 111 241 148 93 66 516 227 207 49
cat_boundaries=0 1
cat_threshold=546
is_linear=0
shrinkage=0.03


Tree=45
num_leaves=31
num_cat=0
split_feature=20 6 8 9 8 7 16 7 4 16 7 16 1 20 7 13 1 4 4 18 13 20 2 1 16 10 10 8 6 6
split_gain=11.3557 3.42327 2.11929 1.96272 1.75294 1.67531 1.63885 1.5998 1.31504 1.21729 1.11309 2.35567 1.65346 0.934301 0.743388 1.38262 0.651344 0.61984 0.597164 0.586721 0.970259 0.700556 0.494336 0.473428 0.438387 1.92402 1.90077 0.761175 1.6758 0.514267
threshold=0.5896914389629998 0.20519397970534159 0.088889909737814618 0.80598103574033564 0.1795928394607082 0.095648249209454236 27.500000000000004 0.075179065199974346 0.096354166666666671 11.500000000000002 0.17708840336715329 28.500000000000004 0.080729166666666671 0.62126974362323695 0.070186626513688774 1.0000000180025095e-35 0.10156250000000001 0.11197916666666667 0.049479166666666671 0.51617647058823535 -0.22252093395631442 0.5513258104366211 0.044270833333333336 0.17447916666666669 29.500000000000004 -0.5 -0.6830127018922193 0.19218106975147189 0.41336405529953929 0.32764976958525355
decision_type=2 2 2 2 2 2 2 2 2 2 2 2 2 2 2 2 2 2 2 2 2 2 2 2 2 2 2 2 2 2
left_child=1 -1 -3 4 5 7 -5 -2 16 -10 12 -12 -6 -8 15 17 24 -11 -14 20 21 -18 -16 -15 -4 26 29 -27 -29 -26
right_child=3 2 8 6 10 -7 13 -9 9 14 11 -13 18 23 22 -17 19 -19 -20 -21 -22 -23 -24 -25 25 27 -28 28 -30 -31
leaf_value=-0.0026041092869016863 0.00016011018809823191 0.00063523234118727072 -0.00052457738228993661 -8.3771103919084134e-05 0.00049433329712925416 6.6461280546577451e-05 0.00087229932252732396 0.00036253258416964315 -0.00024257795135700452 0.0010013915509746874 -0.00011289514860680593 0.00093033293372169748 0.00011398291038229233 0.00082663172280802359 0.00018257406081080625 0.00028833982946020915 0.00047218308405406399 -2.5444875347654847e-05 -6.5447107897708941e-05 -0.00024378795209017325 -7.4965112968428406e-05 1.3254082194077957e-05 -1.3015407805586155e-05 0.00077441670733821046 -0.00072843420939985664 -0.00059238913643902232 0.001159555620599825 0.00051809706085726847 -0.00010677260509380551 0.00043099740788399868
leaf_weight=1601 20 37 890 20 22 25 20 20 123 25 20 32 22 22 38 20 25 47 156 44 89 30 156 21 36 667 39 27 60 20
leaf_count=1601 20 37 890 20 22 25 20 20 123 25 20 32 22 22 38 20 25 47 156 44 89 30 156 21 36 667 39 27 60 20
internal_value=-0.00144307 -0.00192803 -0.0012048 0.00337499 0.00229968 0.0066922 0.00748184 0.0104997 -0.00131764 0.000227383 0.00116666 0.00507682 0.000149999 0.00985699 0.00130069 0.0035217 -0.00164556 0.00158331 -0.000808985 3.1914e-05 0.000958326 0.00409083 0.000247421 0.0123485 -0.00182691 -0.00133922 0.00268418 -0.00184615 0.000793094 -0.000857128
internal_weight=4374 3974 2373 400 317 65 83 40 2336 409 252 52 200 63 286 92 1927 72 178 188 144 55 194 43 1739 849 95 754 87 56
internal_count=4374 3974 2373 400 317 65 83 40 2336 409 252 52 200 63 286 92 1927 72 178 188 144 55 194 43 1739 849 95 754 87 56
is_linear=0
shrinkage=0.03


Tree=46
num_leaves=31
num_cat=2
split_feature=20 6 5 8 19 11 20 11 3 17 17 8 4 20 1 8 8 8 18 8 8 11 11 19 20 6 17 17 8 13
split_gain=10.9729 2.32664 2.28462 2.26714 1.70091 2.08452 1.17947 1.18255 1.07614 0.833171 1.59988 0.785675 0.753234 0.742126 0.733864 0.6703 0.650702 1.12272 1.20979 0.575371 1.12239 0.566259 2.00566 0.475439 0.509389 0.464583 0.457389 1.17216 1.40932 1.41687
threshold=0.54802186383041918 0.20519397970534159 0.57505070993914809 0.088889909737814618 0 -0.9330127018922193 0.59537384276397409 -0.24999999999999994 0.13281250000000003 0.34409837460641657 0.40894391966641147 0.17733378743684181 0.096354166666666671 0.57229813476139524 0.070312500000000014 0.29024861203486146 0.24855113226519951 0.27323002848564254 0.50735294117647067 0.20249421316166533 0.18691356651965157 0.93301270189221952 0.6830127018922193 1 0.42230543645064583 0.3175115207373273 0.28323121436473503 0.32010041698578856 0.12535289271839811 -0.22252093395631442
decision_type=2 2 2 2 1 2 2 2 2 2 2 2 2 2 2 2 2 2 2 2 2 2 2 1 2 2 2 2 2 2
left_child=1 -1 4 -3 15 -6 13 8 9 -8 -11 -9 23 14 -7 -2 -13 -18 -19 20 -16 22 -14 -5 25 -25 -26 28 29 -28
right_child=2 3 -4 12 5 6 7 11 -10 10 -12 16 21 -15 19 -17 17 18 -20 -21 -22 -23 -24 24 26 -27 27 -29 -30 -31
leaf_value=-0.0025259860082946354 -4.541242127420056e-05 0.00061617537095165378 0.000640849181834411 -0.0006284579161778491 0.00068038227592198805 -0.00012048189285151801 0.00039414158324688978 0.00035165660664455436 0.00017412529872603324 -1.2163644365505588e-06 0.00078111802971678971 -2.0017967535326652e-05 -2.1015658586447294e-05 -2.5414189309924363e-05 0.00014452832460437061 0.00016566125429492336 0.00051494288799313476 -0.00013073871059745873 0.00080322644632103881 3.7035005481945444e-05 0.0010400314698453001 -0.0010685426979819823 0.00056683291878395796 -0.0010254046409267621 -0.00063220911640826996 7.1712573343335015e-05 0.00046344330993593446 -0.00034282945068624663 -3.0355749609522865e-05 5.1255723100002188e-05
leaf_weight=1601 126 37 20 603 36 21 20 20 32 20 20 56 196 109 34 23 20 49 26 37 26 51 36 338 178 27 24 397 156 35
leaf_count=1601 126 37 20 603 36 21 20 20 32 20 20 56 196 109 34 23 20 49 26 37 26 51 36 338 178 27 24 397 156 35
internal_value=-0.00144993 -0.00210302 0.00200719 -0.00144081 0.00171111 0.00248507 0.0020204 0.00338782 0.00613037 0.00849986 0.00599985 0.00191227 -0.00157423 0.000436121 0.00208473 -0.0011132 0.00117218 0.00268418 0.000999986 0.00318553 0.00499992 -0.000137809 0.000491376 -0.00180546 -0.00140343 -0.00234246 -0.000987341 -0.000598039 0.00118604 0.00513551
internal_weight=4374 3679 695 2078 675 526 490 263 92 60 40 171 2041 227 118 149 151 95 75 97 60 283 232 1758 1155 365 790 612 215 59
internal_count=4374 3679 695 2078 675 526 490 263 92 60 40 171 2041 227 118 149 151 95 75 97 60 283 232 1758 1155 365 790 612 215 59
cat_boundaries=0 1 2
cat_threshold=192 417
is_linear=0
shrinkage=0.03


Tree=47
num_leaves=31
num_cat=2
split_feature=5 6 19 9 16 16 16 6 11 16 10 10 0 12 6 5 6 0 17 0 7 19 11 9 6 7 1 7 6 7
split_gain=10.557 3.19693 2.36072 2.45328 1.65019 2.98374 2.82123 2.22672 2.04464 1.39469 4.37835 2.83608 1.36166 1.5237 1.25555 1.06797 0.947201 0.870995 0.818654 0.690581 0.641438 0.625584 2.81971 0.601042 1.27435 0.594295 0.548827 0.519279 0.457007 0.944016
threshold=0.31744421906693715 0.20519397970534159 0 0.47191830780452232 7.5000000000000009 17.500000000000004 27.500000000000004 0.72995391705069135 1.0000000180025095e-35 29.500000000000004 -0.5 -0.6830127018922193 0.49332608432250175 1.0000000180025095e-35 0.36635944700460837 0.39655172413793111 0.34147465437788027 0.41876820771680739 0.36966948439376329 0.53840388049425569 0.061413298199477807 1 0.25000000000000017 0.67177242888402644 0.59032258064516141 0.1136185938746033 0.096354166666666671 0.1598231199900437 0.26197362148418885 0.058478410056899105
decision_type=2 2 1 2 2 2 2 2 2 2 2 2 2 2 2 2 2 2 2 2 2 1 2 2 2 2 2 2 2 2
left_child=1 -1 3 27 -5 -6 -7 8 15 19 11 16 -13 -14 21 -8 -11 -16 -10 -3 -21 22 28 25 26 -19 -25 -2 -12 -30
right_child=2 9 -4 4 5 6 7 -9 18 10 14 12 13 -15 17 -17 -18 23 -20 20 -22 -23 -24 24 -26 -27 -28 -29 29 -31
leaf_value=-0.0024502064280457966 -9.5106124602237945e-05 -0.00053065703595541879 -5.0049969413552295e-05 -1.0116235420014324e-06 0.00041643740929419036 -0.00011589127164859808 0.0007782099733706345 0.0012899705553393421 0.00034876545835623563 -0.00070121281122517416 -0.00092654223997090755 0.0017552974977752265 -7.9671402281351653e-05 0.0018870900796445463 0.00041309343418472833 0.00027439639891083123 0.00044271708608210176 -5.6541073626118141e-05 -6.3765079589726191e-05 0.00025026200467909122 -1.472666272885386e-05 -0.00053817133506553786 0.0014436186520529711 -2.8236259747169576e-05 0.00062667373714632695 0.00024778228362229665 0.00014193162492740543 0.00028789924885121241 0.0002966314264780895 -0.00045078228956564229
leaf_weight=1601 37 1010 115 37 26 28 26 24 22 37 101 26 21 21 23 30 29 146 39 25 162 567 29 41 25 31 23 20 22 30
leaf_count=1601 37 1010 115 37 26 28 26 24 22 37 101 26 21 21 23 30 29 146 39 25 162 567 29 41 25 31 23 20 22 30
internal_value=-0.00145679 -0.00192695 0.00316336 0.00452507 0.0060517 0.00715381 0.00569819 0.00742548 0.0057179 -0.0012271 -0.000491468 0.00461191 0.00891163 0.0055713 -0.00115029 0.00985697 0.000181815 0.000529409 0.001918 -0.00194737 -0.000272727 -0.0017984 -0.0001875 4.51119e-05 0.00205616 -0.000966097 -0.000187498 -0.000894722 -0.00182352 0.000461529
internal_weight=4374 3970 404 289 232 195 169 141 117 2369 1172 134 68 42 1038 56 66 289 61 1197 187 749 182 266 89 177 64 57 153 52
internal_count=4374 3970 404 289 232 195 169 141 117 2369 1172 134 68 42 1038 56 66 289 61 1197 187 749 182 266 89 177 64 57 153 52
cat_boundaries=0 1 2
cat_threshold=550 12
is_linear=0
shrinkage=0.03


Tree=48
num_leaves=31
num_cat=4
split_feature=20 9 6 8 7 6 7 16 19 9 17 16 6 17 16 11 19 9 6 8 8 4 19 20 9 12 19 9 8 17
split_gain=9.94562 2.6664 2.35774 2.24938 2.10588 1.97801 1.0245 2.34851 1.11101 1.81328 1.81314 1.01584 1.34842 0.921868 0.802393 2.13612 3.29938 3.62942 2.11359 1.12318 0.859343 0.690755 0.685975 0.987614 1.12055 0.92714 0.567465 0.644273 0.674911 0.750632
threshold=0.54802186383041918 0.80598103574033564 0.20519397970534159 0.088889909737814618 0.096392604787514213 0.78755760368663608 0.17708840336715329 28.500000000000004 0 0.47191830780452232 0.350651008424815 9.5000000000000018 0.64377880184331815 0.40894391966641147 29.500000000000004 -0.24999999999999994 1 0.51677607585703877 0.32119815668202772 0.19218106975147189 0.11649458497201322 0.065104166666666671 2 0.47781967737816494 0.30415754923413574 -1.0000000180025095e-35 3 0.21188913202042306 0.12150897627527692 0.29652795506765389
decision_type=2 2 2 2 2 2 2 2 1 2 2 2 2 2 2 2 1 2 2 2 2 2 1 2 2 2 1 2 2 2
left_child=2 6 -1 -4 -3 13 8 -8 9 -2 11 -11 -13 -6 26 19 17 18 20 -16 -17 -21 23 24 -18 -26 27 -5 29 -29
right_child=1 4 3 14 5 -7 7 -9 -10 10 -12 12 -14 -15 15 16 22 -19 -20 21 -22 -23 -24 -25 25 -27 -28 28 -30 -31
leaf_value=-0.0023767002352044235 -6.5151809377096744e-05 0.0007210074453046822 0.0005487713230130321 -0.0011077098075312837 -0.00037498175685936677 0.00059620314153392142 -0.00010823581892235363 0.00077033807352262502 -1.3058987600294787e-05 0.00015879565564654036 -5.9701271624850508e-06 0.00051167895952255419 0.00027669483327727099 0.0007395822030034177 -0.00074939854870076524 0.00055199320002903194 -0.00058204320983284725 0.0017344095515232556 0.00056893491933999996 0.0002035510032886383 -0.0011388518851763252 -4.7005296880603835e-05 -0.00051710828670775157 -0.0003389004646037777 -2.0528086614570328e-06 0.00063094811186351963 -0.00070217147161936576 -0.00028452400256080408 -8.1342583536316484e-05 0.00038191010722787123
leaf_weight=1601 51 25 37 130 35 23 29 39 326 21 58 24 39 25 497 20 22 22 37 21 44 94 132 44 24 28 616 20 264 26
leaf_count=1601 51 25 37 130 35 23 29 39 326 21 58 24 39 25 497 20 22 22 37 21 44 94 132 44 24 28 616 20 264 26
internal_value=-0.00145679 0.00183453 -0.00207855 -0.00141193 0.00616661 0.00386742 0.00103748 0.00449993 0.000583813 0.00232018 0.00418307 0.00699992 0.00890462 0.000999983 -0.00154483 -0.000928934 0.000860587 0.00466914 0.00264354 -0.00201961 -0.00065624 0.000652168 -0.00115384 0.00051562 0.00267564 0.00507682 -0.00211932 -0.0012 -0.00048387 0.0028695
internal_weight=4374 695 3679 2078 108 83 587 68 519 193 142 84 63 60 2041 985 373 123 101 612 64 115 250 118 74 52 1056 440 310 46
internal_count=4374 695 3679 2078 108 83 587 68 519 193 142 84 63 60 2041 985 373 123 101 612 64 115 250 118 74 52 1056 440 310 46
cat_boundaries=0 1 2 3 4
cat_threshold=2 182 72 526
is_linear=0
shrinkage=0.03


Tree=49
num_leaves=31
num_cat=2
split_feature=0 9 6 1 6 9 8 19 9 8 11 16 19 9 6 8 4 0 11 17 6 5 6 8 8 1 8 11 11 16
split_gain=9.94976 3.43016 2.17313 2.04307 1.85578 2.38962 1.79172 1.17407 1.64219 1.13086 1.09909 2.37746 3.02982 4.11362 1.15596 1.44365 1.43703 1.09727 1.35839 0.866646 1.20637 1.13093 0.846546 0.833603 0.818506 0.739596 0.727375 0.726922 0.5728 0.633882
threshold=0.52800106982563555 0.80598103574033564 0.20519397970534159 0.085937500000000014 0.72995391705069135 0.92924872355944577 0.088889909737814618 0 0.47191830780452232 0.29888286581140178 0.25000000000000017 16.500000000000004 1 0.51677607585703877 0.24101382488479264 0.130061071632813 0.065104166666666671 0.59294530418543168 0.6830127018922193 0.3560973534167306 0.64377880184331815 0.41683569979716023 0.43732718894009226 0.15723101739870424 0.16120277903739247 0.14322916666666669 0.11081914048169972 1.0000000180025095e-35 1.0000000180025095e-35 11.500000000000002
decision_type=2 2 2 2 2 2 2 1 2 2 2 2 1 2 2 2 2 2 2 2 2 2 2 2 2 2 2 2 2 2
left_child=2 7 -1 -3 5 -5 -4 8 22 -9 23 -12 -13 14 -14 26 -17 18 28 20 -19 25 -2 -8 -25 -21 -16 -22 29 -10
right_child=1 3 6 4 -6 -7 10 9 17 -11 11 12 13 -15 15 16 -18 19 -20 21 27 -23 -24 24 -26 -27 -28 -29 -30 -31
leaf_value=-0.0023053992281482911 0.00023886200499883233 -0.00019939830764760215 0.0005323081833226419 0.00072158840818006148 0.00077520416604039523 -5.9913082868245856e-05 -0.0006525439209722916 -7.3118954597692533e-05 0.0004758416384555655 0.00027658504868556744 -0.00069688205350284149 -0.00048808550606756814 -0.00064365297758355435 0.0018189682057394622 0.00042699881781680895 -0.00027290951632619751 0.00044718267571450227 0.00037797440552580819 0.0013793618715920617 8.6330167997122773e-05 0.00026406179885714906 0.00070559806148830912 -0.00010760905306479249 0.00021212352694031171 -0.00014841227663190207 -9.082886216188513e-05 0.00068825457708059047 -3.6857832803986716e-06 -3.8851863193792118e-05 -1.3962118535563199e-05
leaf_weight=1601 22 23 37 35 29 29 877 169 25 52 391 156 54 28 23 49 35 21 35 39 40 25 98 37 217 32 26 21 58 90
leaf_count=1601 22 23 37 35 29 29 877 169 25 52 391 156 54 28 23 49 35 21 35 39 40 25 98 37 217 32 26 21 58 90
internal_value=-0.00140878 0.00151957 -0.0021079 0.00631029 0.00829023 0.00543741 -0.00143005 0.000755156 0.00153488 -0.00105194 -0.00155784 -0.000677165 0.00104312 0.00326665 0.00181282 0.00331576 0.00092856 0.00251813 0.00103846 0.00424717 0.00651211 0.00231248 -0.00149999 -0.00215119 -0.000637793 0.000380276 0.00740801 0.00437698 -5.20235e-05 0.0011739
internal_weight=4374 843 3531 116 93 64 1930 727 506 221 1893 762 371 215 187 133 84 386 208 178 82 96 120 1131 254 71 49 61 173 115
internal_count=4374 843 3531 116 93 64 1930 727 506 221 1893 762 371 215 187 133 84 386 208 178 82 96 120 1131 254 71 49 61 173 115
cat_boundaries=0 1 2
cat_threshold=554 769
is_linear=0
shrinkage=0.03


Tree=50
num_leaves=31
num_cat=2
split_feature=0 6 9 19 6 7 7 16 19 9 10 6 6 18 6 9 7 0 10 16 0 9 0 13 0 13 0 9 18 4
split_gain=12.4029 4.05953 2.34764 2.26926 1.74093 1.84983 2.22988 1.86145 1.65332 1.04082 0.956668 0.8571 0.818143 0.748638 0.696128 0.992084 1.6578 1.41295 1.1175 3.13644 0.769199 1.23115 1.20385 1.72018 0.681659 0.759004 0.582778 0.554944 0.53812 0.522474
threshold=0.59294530418543168 0.23432385189893537 0.97957695113056176 0 0.73963133640553014 0.085704493569116261 0.095648249209454236 28.500000000000004 1 0.18745441283734501 0.93301270189221952 0.64377880184331815 0.67695852534562229 0.47500000000000003 0.31935483870967746 0.47191830780452232 0.066733341775971358 0.49999963836843703 -0.24999999999999994 17.500000000000004 0.46801657124517354 0.60649161196207169 0.42230543645064583 -0.22252093395631442 0.50532152180681911 0.81174490092936691 0.44761952423483969 0.52224653537563837 0.50735294117647067 0.12760416666666669
decision_type=2 2 2 1 2 2 2 2 1 2 2 2 2 2 2 2 2 2 2 2 2 2 2 2 2 2 2 2 2 2
left_child=1 -1 3 4 5 12 -7 11 -3 -10 14 -8 -2 -9 20 18 17 -17 19 -16 21 22 27 26 -18 28 -24 -11 29 -26
right_child=2 8 -4 -5 -6 6 7 13 9 10 -12 -13 -14 -15 15 16 24 -19 -20 -21 -22 -23 23 -25 25 -27 -28 -29 -30 -31
leaf_value=-0.0016893972795947051 -0.00010540907783468799 -0.00029325684052205851 0.0011723208906121337 9.6633408640515727e-06 -6.4485852812818319e-05 0.00052873298679922444 0.00051433379978884448 0.00047726672418017748 -0.0010900820839845845 -0.00078217788148981626 -9.9629592139760745e-05 -6.892133261517111e-05 0.00017727170782328211 0.00069514917458173941 -0.00028139797777662075 0.00048885273273057707 -0.00013903280789857641 7.2549332571671915e-05 -0.00024427434542027458 0.00081501951089281335 -0.00043725987895844694 -0.00045595033715136504 0.00035560709594495589 9.2654630255101388e-06 0.00018218703947075641 0.00051818246493146394 0.00014122716358792002 0.00038486182372701077 0.00048252281549033703 -0.00017817091428104425
leaf_weight=1942 22 763 22 143 32 27 21 28 166 59 117 21 22 43 42 33 86 40 129 31 124 138 30 56 118 33 23 26 31 32
leaf_count=1942 22 763 22 143 32 27 21 28 166 59 117 21 22 43 42 33 86 40 129 31 124 138 30 56 118 33 23 26 31 32
internal_value=-0.00132273 -0.00181314 0.00385038 0.0032674 0.00509732 0.00645649 0.0081428 0.00629198 -0.00089119 -0.00023565 8.36229e-05 0.00128568 0.00109088 0.00925339 0.000375363 0.00106956 0.00198659 0.00604101 -0.00062376 0.00234243 -0.0005 0.000253011 0.0017938 0.0038807 0.000999996 0.00190653 0.00775457 -0.000882343 0.00114364 0.000399997
internal_weight=4400 4019 381 359 216 184 140 113 2077 1314 1148 42 44 71 1031 575 373 73 202 73 456 332 194 109 300 214 53 85 181 150
internal_count=4400 4019 381 359 216 184 140 113 2077 1314 1148 42 44 71 1031 575 373 73 202 73 456 332 194 109 300 214 53 85 181 150
cat_boundaries=0 1 2
cat_threshold=546 449
is_linear=0
shrinkage=0.03


Tree=51
num_leaves=31
num_cat=2
split_feature=5 9 5 16 7 8 16 19 9 1 19 11 9 9 8 17 9 9 7 17 8 20 8 17 7 17 16 8 9 7
split_gain=12.7995 2.87591 2.67791 1.55383 2.69061 2.1658 1.75392 1.39062 2.31391 1.96023 1.17642 1.00468 1.54485 1.13794 0.950422 0.847283 0.921259 0.82924 1.01116 0.764201 0.727443 0.71807 0.716237 0.835117 0.714379 1.41711 0.624772 0.589548 1.15323 0.587979
threshold=0.27079107505070998 0.97957695113056176 0.13286004056795134 28.500000000000004 0.22769620777782279 0.1795928394607082 16.500000000000004 0 0.80598103574033564 0.080729166666666671 1 0.25000000000000017 0.29431072210065656 0.30598103574033558 0.12297886568393225 0.36966948439376329 0.47191830780452232 0.4584245076586434 0.10937795756218473 0.31966905237705384 0.19218106975147189 0.52260523305345885 0.1117864860989408 0.17279380478257175 0.071197677084720135 0.32839758318440992 27.500000000000004 0.19010694606400499 0.49781181619256026 0.061413298199477807
decision_type=2 2 2 2 2 2 2 1 2 2 1 2 2 2 2 2 2 2 2 2 2 2 2 2 2 2 2 2 2 2
left_child=2 3 27 5 7 6 -2 20 9 -9 -4 19 14 -14 -13 16 -11 29 24 21 -5 22 -12 -24 25 -19 -23 -1 -29 -15
right_child=1 -3 10 4 -6 -7 -8 8 -10 15 11 12 13 17 -16 -17 -18 18 -20 -21 -22 26 23 -25 -26 -27 -28 28 -30 -31
leaf_value=-0.001406165082802875 0.00032372737868471076 0.0011371512638937693 -0.00044937178853290028 0.00022497413716125161 0.0015629021483153504 -1.3771720400992679e-05 -2.5078480430634751e-05 0.00050322379658017087 0.0006867156475827104 -9.156166423553501e-05 0.00034682639060898326 6.1830475690636251e-05 0.00098058534571381713 0.0001197301764559349 -0.00055597946377785906 -6.9769933570230401e-05 0.00030525721906111617 0.00045277368280051368 0.0014292769339172894 -0.00038626967651499952 -4.9048715127616096e-05 -6.1968717199328411e-06 0.00032641525774572595 -0.0002951584930857226 -3.1007095659267654e-05 -0.0013546951292595451 0.00024337024700939297 -0.0022746946333068105 0.00035029615974355052 -0.00022053237972182997
leaf_weight=2166 38 22 396 37 21 214 25 23 29 20 20 27 36 39 157 57 53 25 27 349 70 43 20 241 47 21 37 41 26 73
leaf_count=2166 38 22 396 37 21 214 25 23 29 20 20 27 36 39 157 57 53 25 27 349 70 43 20 241 47 21 37 41 26 73
internal_value=-0.00132273 0.00271428 -0.00197125 0.00231516 0.00377418 0.000682307 0.00557134 0.00302075 0.00449998 0.00327449 -0.00101669 -0.000517065 0.000584069 0.00203731 -0.0015326 0.00184614 0.00398625 0.00126724 0.00299997 -0.00122535 7.69218e-05 -0.000257618 -0.000971528 -0.0013908 0.00151611 0.00417382 0.00224997 -0.00263726 0.000134326 -0.000589281
internal_weight=4400 609 3791 587 310 277 63 289 182 153 1558 1162 452 268 184 130 73 232 120 710 107 361 281 261 93 46 80 2233 67 112
internal_count=4400 609 3791 587 310 277 63 289 182 153 1558 1162 452 268 184 130 73 232 120 710 107 361 281 261 93 46 80 2233 67 112
cat_boundaries=0 1 2
cat_threshold=200 385
is_linear=0
shrinkage=0.03


Tree=52
num_leaves=31
num_cat=2
split_feature=5 5 9 19 19 9 0 0 0 17 17 9 10 10 16 0 17 7 8 8 7 8 9 8 17 16 17 17 17 8
split_gain=12.1433 3.13665 2.6841 1.37569 1.29702 1.61354 1.17748 1.0762 1.44054 1.02437 1.46494 0.718468 1.36098 3.36987 2.27314 1.0082 0.783028 0.888894 1.58513 1.09319 0.62402 0.583847 1.15323 0.554568 1.28671 0.53855 0.507905 0.563865 0.741791 0.489646
threshold=0.2991886409736309 0.13286004056795134 0.97957695113056176 0 1 0.80598103574033564 0.58164690265879859 0.59294530418543168 0.61229581972090841 0.35354437920177018 0.29240798288626951 0.23450036469730126 -0.5 -0.6830127018922193 29.500000000000004 0.49630345877563281 0.34610700776749753 0.060055430377196566 0.16016043406048669 0.10494867527518857 0.065904323980221752 0.19010694606400499 0.49781181619256026 0.12711936694370876 0.31529818445385432 27.500000000000004 0.32570922397320157 0.36782929699306594 0.44987660624627707 0.43871151078150539
decision_type=2 2 2 1 1 2 2 2 2 2 2 2 2 2 2 2 2 2 2 2 2 2 2 2 2 2 2 2 2 2
left_child=1 21 4 -3 5 7 -6 -2 9 10 -9 25 13 23 20 -16 17 18 19 -14 -15 -1 -23 24 -13 -5 -10 -28 -29 -8
right_child=2 3 -4 11 6 -7 29 8 26 -11 -12 12 16 14 15 -17 -18 -19 -20 -21 -22 22 -24 -25 -26 -27 27 28 -30 -31
leaf_value=-0.0013639801303187884 -1.4372446703399055e-05 -0.00036302007284626545 0.0011030367259769554 -0.00070725072325449263 0.00037795355042176317 0.00066829687983174519 -2.8262094935367952e-05 0.00019793357092816815 -5.5287543944864819e-05 0.00037150493801387955 0.00032855705181612842 0.00013589540331130211 0.00037830133062808198 0.00012027098649235388 0.0015271236638422414 0.001323072454558701 -0.00032507310889534445 -4.8420999740700598e-05 0.00019757714714288755 -0.00025532433342928464 -5.2316399213921874e-05 -0.0022064537943076077 0.00033978727495124317 -0.00043719991913674673 -0.0005153260214379664 0.00017101501400983575 0.00017112950566912683 -3.7385004082056357e-05 0.00019588865591516039 0.00022920572663672156
leaf_weight=2166 43 420 22 219 24 25 157 22 31 23 32 21 23 27 21 30 220 398 34 97 25 41 26 70 51 21 27 33 24 27
leaf_count=2166 43 420 22 219 24 25 157 22 31 23 32 21 23 27 21 30 220 398 34 97 25 41 26 70 51 21 27 33 24 27
internal_value=-0.00132955 -0.00188747 0.00312244 -0.000906977 0.00264102 0.00399998 0.000715592 0.00338296 0.00434373 0.00751938 0.0097776 -0.000395423 -5.01482e-05 0.00189795 0.00602907 0.0105292 -0.000668394 -6.5218e-05 0.00187012 0.000249997 0.00161535 -0.00262382 0.000134326 -0.00109858 0.000749989 -0.00187499 0.00221737 0.00342853 0.00173681 -6.52178e-05
internal_weight=4400 3910 490 1677 468 260 208 235 192 77 54 1257 1017 245 103 51 772 552 154 120 52 2233 67 142 72 240 115 84 57 184
internal_count=4400 3910 490 1677 468 260 208 235 192 77 54 1257 1017 245 103 51 772 552 154 120 52 2233 67 142 72 240 115 84 57 184
cat_boundaries=0 1 2
cat_threshold=385 546
is_linear=0
shrinkage=0.03


Tree=53
num_leaves=31
num_cat=1
split_feature=5 0 16 7 16 19 16 18 7 2 1 11 10 16 13 17 17 7 17 7 11 16 7 17 18 4 17 18 5 10
split_gain=11.0756 3.72859 2.00183 3.5427 1.8713 1.23633 1.18785 1.64813 1.0628 0.878658 0.85275 0.847105 3.92647 2.72882 1.92428 1.14824 0.717121 1.37279 0.758479 0.577518 0.670305 1.04055 1.30366 0.653514 0.573041 1.02187 1.22281 1.03999 0.616859 0.553927
threshold=0.31744421906693715 0.43625255540189894 28.500000000000004 0.24899844287090053 20.500000000000004 0 7.5000000000000009 0.4661764705882353 0.095129496739318989 0.10156250000000001 0.14322916666666669 0.6830127018922193 -0.24999999999999994 11.500000000000002 -0.22252093395631442 0.32010041698578856 0.3560973534167306 0.11742592553505851 0.44413241426261602 0.050289727200146177 0.6830127018922193 29.500000000000004 0.058101126053317166 0.22423623521402439 0.47500000000000003 0.14843750000000003 0.28912432984426867 0.48676470588235299 0.16125760649087226 0.68301270189221941
decision_type=2 2 2 2 2 1 2 2 2 2 2 2 2 2 2 2 2 2 2 2 2 2 2 2 2 2 2 2 2 2
left_child=1 19 4 9 6 -3 -2 -8 -9 10 -4 15 13 -13 -15 24 17 -11 -18 -1 23 -22 -23 -21 -7 26 -26 28 -28 -17
right_child=2 5 3 -5 -6 11 7 8 -10 16 -12 12 -14 14 -16 29 18 -19 -20 20 21 22 -24 -25 25 -27 27 -29 -30 -31
leaf_value=-0.0017665292019249008 -1.9973920424431838e-05 -0.00028889405047293165 -8.8144162825978437e-05 0.0015048698662842425 -0.00010486026191684425 -2.4583803291052896e-05 -0.00021682394876693285 0.00024300141450955769 7.6340363199501755e-05 0.0003232541952713389 0.00067893307041210068 -2.5768160664177262e-06 -0.00016498545743636606 0.00020321210683533556 0.0015601767634979822 -0.00042332382702495972 0.00029502681614065749 7.6221349791014744e-05 0.00062506090140281468 3.4845601188537188e-05 -0.00085469863469121428 -0.00091907621561265306 0.00059290947292764905 -0.00079126620466709457 -8.9136532567510391e-05 0.00027642886044850824 0.00012677051633347487 -0.00014222032928136308 0.00053173687068788897 -1.4894990310910738e-05
leaf_weight=1681 44 421 34 21 75 258 23 23 20 38 21 44 185 25 31 315 59 20 32 20 79 27 33 509 92 27 22 43 27 151
leaf_count=1681 44 421 34 21 75 258 23 23 20 38 21 44 185 25 31 315 59 20 32 20 79 27 33 509 92 27 22 43 27 151
internal_value=-0.00132955 -0.00181203 0.00336584 0.00526664 0.00105405 -0.000714808 0.00354542 0.00609082 0.00955792 0.0040588 0.000818166 -0.000219513 0.00121052 0.00599994 0.0103927 -0.000657754 0.005255 0.00786193 0.00359337 -0.00257854 -0.00183233 2.15819e-05 0.00299995 -0.00231947 0.00039019 0.00154975 0.000749995 0.00319562 0.00618355 -0.00171244
internal_weight=4400 3990 410 225 185 1641 110 66 43 204 55 1220 285 100 56 935 149 58 91 2349 668 139 60 529 469 211 184 92 49 466
internal_count=4400 3990 410 225 185 1641 110 66 43 204 55 1220 285 100 56 935 149 58 91 2349 668 139 60 529 469 211 184 92 49 466
cat_boundaries=0 1
cat_threshold=385
is_linear=0
shrinkage=0.03


Tree=54
num_leaves=31
num_cat=2
split_feature=0 9 6 9 8 19 11 5 0 6 6 10 19 8 11 9 8 6 5 0 6 2 6 9 4 2 8 8 4 6
split_gain=11.0368 3.18138 2.89493 1.21685 1.08621 1.42809 1.72582 1.83468 1.34018 1.17081 1.49894 1.03567 0.92715 1.60306 0.908487 1.54763 1.42958 1.22442 1.07841 1.67931 1.13767 0.751088 0.641286 0.634246 0.583735 0.726876 0.562488 0.925432 0.519759 0.481328
threshold=0.54802186383041918 0.97957695113056176 0.23432385189893537 0.27425237053245816 0.43871151078150539 0 -0.9330127018922193 0.31947261663286008 0.61229581972090841 0.59032258064516141 0.67695852534562229 -0.5 1 0.095052845230286204 0.25000000000000017 0.5970094821298324 0.12450006889054512 0.32119815668202772 0.13083164300202843 0.4707858179801318 0.30921658986175121 0.18489583333333334 0.34331797235023048 0.29431072210065656 0.075520833333333343 0.065104166666666671 0.19218106975147189 0.18691356651965157 0.13802083333333334 0.48525345622119825
decision_type=2 2 2 2 2 1 2 2 2 2 2 2 1 2 2 2 2 2 2 2 2 2 2 2 2 2 2 2 2 2
left_child=2 3 -1 -2 5 6 -5 11 9 -9 -11 -8 -4 -14 17 16 18 -15 -16 20 -20 26 -19 -18 -25 -26 27 -7 -10 -28
right_child=1 -3 12 4 -6 21 7 8 28 10 -12 -13 13 14 15 -17 23 22 19 -21 -22 -23 -24 24 25 -27 29 -29 -30 -31
leaf_value=-0.0015325477071914302 -0.0001810791254748384 0.0010520992218072042 -0.00045503796259421488 0.00061332997700842254 0.00030780725374947413 -1.478283431940409e-06 0.0011922148461928073 0.00010097460907515376 0.0001614910848036711 0.00046420783984897905 0.00019063486080375997 -4.1491308112797022e-05 0.00023011316037836269 -0.00068929125776703143 -0.00060908245108821089 0.0014345045951029436 -0.00068362561033989537 0.00052856225690145855 0.00066110723323952597 -0.0004873334461303326 7.2604201426848181e-05 0.00043892467384261646 -4.3296185193957981e-05 -0.00011719589673353798 -0.00019106187559520392 0.00028343763969351869 1.3134126298005533e-05 0.00017733702493374432 -3.8141997470877975e-05 -0.00012984935209677388
leaf_weight=1942 56 22 460 23 39 67 23 20 64 20 33 67 29 435 22 31 170 36 25 35 20 20 308 126 39 21 75 24 23 125
leaf_count=1942 56 22 460 23 39 67 23 20 64 20 33 67 29 435 22 31 170 36 25 35 20 20 308 126 39 21 75 24 23 125
internal_value=-0.00131591 0.00213552 -0.00196999 0.00177172 0.00215248 0.00182876 0.00336041 0.00275999 0.00468747 0.00768483 0.0100187 -0.00066666 -0.00108765 -0.000658761 -0.000823344 0.000190183 -0.000248908 -0.00145956 0.00288232 0.00449994 0.00833315 0.000364484 -0.000122093 -0.00114606 6.45151e-05 0.00249996 -1.031e-05 0.00194503 0.00217239 -0.000899996
internal_weight=4400 701 3699 679 623 584 273 250 160 73 53 90 1757 1297 1268 489 458 779 102 80 45 311 344 356 186 60 291 91 87 200
internal_count=4400 701 3699 679 623 584 273 250 160 73 53 90 1757 1297 1268 489 458 779 102 80 45 311 344 356 186 60 291 91 87 200
cat_boundaries=0 1 2
cat_threshold=34 385
is_linear=0
shrinkage=0.03


Tree=55
num_leaves=31
num_cat=2
split_feature=20 6 9 5 11 16 10 13 18 19 9 10 19 11 6 20 9 11 17 3 16 16 10 6 18 18 9 18 12 13
split_gain=10.5615 2.19953 1.9845 1.23897 1.02232 2.86815 5.82115 1.41253 1.61485 1.21607 1.54674 0.930305 0.845954 1.44461 1.73263 2.3027 0.783972 1.07535 1.6179 1.2577 0.672993 0.993396 0.874687 0.650173 0.57466 1.03273 0.843908 0.558153 0.686427 0.548575
threshold=0.53121608501887896 0.20519397970534159 0.97957695113056176 0.31947261663286008 0.25000000000000017 16.500000000000004 -0.24999999999999994 -0.56174490092936669 0.47500000000000003 0 0.47191830780452232 0.68301270189221941 1 -0.24999999999999994 0.58571428571428585 0.61433241398902261 0.80598103574033564 0.6830127018922193 0.28716704961279899 0.10677083333333334 28.500000000000004 17.500000000000004 0.68301270189221941 0.32488479262672815 0.48970588235294121 0.48088235294117648 0.65134938001458809 0.48382352941176471 1.0000000180025095e-35 -0.22252093395631442
decision_type=2 2 2 2 2 2 2 2 2 1 2 2 1 2 2 2 2 2 2 2 2 2 2 2 2 2 2 2 2 2
left_child=1 -1 3 16 23 -6 7 -7 -9 -8 -11 -12 27 14 -14 -16 17 -2 -19 29 21 -15 -22 -3 25 -25 -27 28 -5 -20
right_child=2 4 -4 12 5 6 9 8 -10 10 11 -13 13 20 15 -17 -18 18 19 -21 22 -23 -24 24 -26 26 -28 -29 -30 -31
leaf_value=-0.0021171010574960853 -2.3647872371423369e-05 -0.00056036666798598474 0.0013771000299386297 -3.7270457563106301e-05 -0.00059579758279387665 0.00016474298039662779 -0.00050366976538045139 0.00024920542618737972 0.0011931329573743909 -0.00024272933180361232 0.0010048722193935439 0.00016066270019452446 0.00061638532372892128 0.00022056177417389147 0.00045891905750541201 0.0001116778887338318 0.00032798681039009341 -0.00068728163409141011 0.00033416112147769637 0.0011725836257942331 0.00037815555541565745 -0.00010587385052520682 1.0501654811922618e-06 -0.00017645627360282659 -0.00031995907251451591 -4.6284643416851549e-05 0.00032842972204936885 -0.00011810783443576434 0.00026800844149153628 -7.6743868773604997e-05
leaf_weight=1616 273 816 22 47 396 34 155 23 33 75 25 54 21 22 32 59 30 32 24 21 35 52 34 237 88 30 26 69 30 25
leaf_count=1616 273 816 22 47 396 34 155 23 33 75 25 54 21 22 32 59 30 32 24 21 35 52 34 237 88 30 26 69 30 25
internal_value=-0.00130929 -0.00201053 0.00174637 0.00150372 -0.00134337 -0.000509434 0.00128571 0.00799991 0.0109284 -0.000669901 0.00120731 0.00421514 0.00268578 0.00367923 0.00637494 0.00458237 0.000333332 -4.00006e-05 0.00258821 0.00514278 0.00182516 -0.000162161 0.00395646 -0.00189724 -0.000874014 -0.000235495 0.00342851 0.000653841 0.00245451 0.00251015
internal_weight=4436 3608 828 806 1992 795 399 90 56 309 154 79 401 255 112 91 405 375 102 70 143 74 69 1197 381 293 56 146 77 49
internal_count=4436 3608 828 806 1992 795 399 90 56 309 154 79 401 255 112 91 405 375 102 70 143 74 69 1197 381 293 56 146 77 49
cat_boundaries=0 1 2
cat_threshold=769 204
is_linear=0
shrinkage=0.03


Tree=56
num_leaves=31
num_cat=2
split_feature=5 20 8 16 5 7 7 19 3 9 17 9 10 10 16 20 17 7 8 8 1 5 9 8 17 1 16 19 8 16
split_gain=9.48826 3.55223 1.75721 2.17837 2.75483 1.30225 1.52089 1.22344 0.970587 1.95554 1.06433 0.947817 1.25474 4.76128 3.17406 2.35681 0.91477 0.851215 0.833715 0.688956 0.691705 0.673803 0.640131 0.543743 0.689033 0.541175 0.563575 0.476522 1.08208 1.87255
threshold=0.31947261663286008 0.44050775762703082 0.17890958504461263 28.500000000000004 0.45638945233265721 0.097920479806488284 0.081225236952003121 0 0.091145833333333343 0.72611232676878201 0.33310749330662537 0.21188913202042306 -0.5 -0.6830127018922193 29.500000000000004 0.49332608432250175 0.16173091651774321 0.12930297617133865 0.12329638088264598 0.10494867527518857 0.14322916666666669 0.084178498985801223 0.51677607585703877 0.12535289271839811 0.32525038221251906 0.13802083333333334 20.500000000000004 1 0.093489381430176807 29.500000000000004
decision_type=2 2 2 2 2 2 2 1 2 2 2 2 2 2 2 2 2 2 2 2 2 2 2 2 2 2 2 1 2 2
left_child=1 21 5 25 8 6 -2 -3 9 17 -10 -9 13 23 18 -16 -14 -5 -15 -18 -21 -1 -12 24 -13 26 -4 28 29 -23
right_child=2 7 3 4 -6 -7 -8 11 10 -11 22 12 16 14 15 -17 19 -19 -20 20 -22 27 -24 -25 -26 -27 -28 -29 -30 -31
leaf_value=-0.0029510338470733195 0.00017177058394030176 -0.00024894936615439629 0.0002598967804505266 -2.0693474711198841e-05 0.00064660086854695213 4.5084673812287668e-05 0.00022408654186065977 -0.00069773117761242438 0.00036219636486181677 0.0010534818968675468 0.00014278990964283801 0.00013086165388735276 0.00029862333810508747 -0.00093393663783598738 0.0013556755460275996 0.0011263014270142459 0.00033274888390119703 0.00050467112556833638 0.00014168862555193634 -7.1045084933210348e-05 0.00015316300865001907 -0.002001029946291092 -0.00013432146443628591 -0.00026732289702554213 -0.0004955510721530007 -0.00014809851038896012 -0.00014829516763539781 -0.00074598468211258147 -0.00044892059111881281 0.00055284672196860508
leaf_weight=1318 25 442 45 29 26 21 20 180 35 20 22 21 32 21 21 33 25 21 31 637 26 26 66 122 25 59 34 767 256 30
leaf_count=1318 25 442 45 29 26 21 20 180 35 20 22 21 32 21 21 33 25 21 31 637 26 26 66 122 25 59 34 767 256 30
internal_value=-0.00131605 -0.00176651 0.00295744 0.00212604 0.00398628 0.00745443 0.0103331 -0.000679456 0.00275128 0.00557135 0.00114633 -0.000162163 0.000199194 0.001927 0.00690559 0.0119998 -0.000458333 0.00239995 0.00161535 -0.000688953 -0.000873303 -0.00249937 -0.00061363 -0.00121428 0.00156518 -0.000826082 0.000797458 -0.00194347 -0.000857141 0.0028928
internal_weight=4436 4013 423 357 219 66 45 1616 193 70 123 1174 994 274 106 54 720 50 52 688 663 2397 88 168 46 138 79 1079 312 56
internal_count=4436 4013 423 357 219 66 45 1616 193 70 123 1174 994 274 106 54 720 50 52 688 663 2397 88 168 46 138 79 1079 312 56
cat_boundaries=0 1 2
cat_threshold=385 13
is_linear=0
shrinkage=0.03


Tree=57
num_leaves=31
num_cat=2
split_feature=0 6 9 8 9 6 6 8 9 7 11 1 11 19 9 19 4 8 17 6 4 8 7 6 3 17 0 7 7 8
split_gain=9.90092 2.34884 2.00071 1.68695 1.2907 1.35944 1.49358 1.38773 1.06576 2.00964 1.09107 1.84118 1.05038 1.43398 2.47103 1.54629 1.61083 2.35255 1.31112 1.15054 0.971295 0.876903 0.826362 1.27554 1.00618 0.801264 0.791224 0.774668 0.623864 0.622923
threshold=0.53121608501887896 0.20519397970534159 0.97957695113056176 0.088889909737814618 0.47191830780452232 0.62350230414746555 0.66635944700460847 0.20163812288966401 0.80598103574033564 0.097920479806488284 0.6830127018922193 0.091145833333333343 0.25000000000000017 0 0.30233406272793589 1 0.065104166666666671 0.16120277903739247 0.31529818445385432 0.24654377880184339 0.049479166666666671 0.19218106975147189 0.099590664592236089 0.69078341013824895 0.11197916666666667 0.28163560548038474 0.43842350831776183 0.06472586299055598 0.090266055694361871 0.12535289271839811
decision_type=2 2 2 2 2 2 2 2 2 2 2 2 2 1 2 1 2 2 2 2 2 2 2 2 2 2 2 2 2 2
left_child=1 -1 4 -3 -2 8 7 -7 10 -10 -6 -12 21 -14 29 18 20 -18 -16 -20 26 -5 23 -8 -24 27 -17 -23 -13 -15
right_child=2 3 -4 12 5 6 22 -9 9 -11 11 28 13 14 15 16 17 -19 19 -21 -22 25 24 -25 -26 -27 -28 -29 -30 -31
leaf_value=-0.0019850962342295529 -3.5363960688943747e-05 0.00035726267491852136 0.0013062564391138282 -0.0005050909630510723 -2.4961685829463394e-05 0.00037357778173691055 -3.5476618800514841e-05 0.00024005744420822506 0.00054960253641744047 0.00015287198569133084 0.00085798240225710856 0.00063824715019028327 -0.00040865711181588358 4.8328366065001698e-05 -0.00088876899353886713 0.00038831644924394189 0.0010384835090578618 9.3425661928009279e-05 -0.00040531551842486869 0.0010214764535971266 -0.00013307593770730264 0.00022159556894672439 0.00051027190387845827 0.00018821588557111011 -0.00012747417103932512 0.00022945968484967914 0.0006488171490741933 -0.00025332970514920156 -7.806064682710614e-05 -0.00074424300814572586
leaf_weight=1616 177 37 22 1039 257 34 27 33 22 35 25 23 322 38 63 24 21 24 27 24 28 29 36 32 56 32 33 73 49 178
leaf_count=1616 177 37 22 1039 257 34 27 33 22 35 25 23 322 38 63 24 21 24 27 24 28 29 36 32 56 32 33 73 49 178
internal_value=-0.00124842 -0.00192738 0.00171014 -0.00123795 0.0014665 0.00210333 0.00401833 0.00774615 0.00108759 0.00489465 0.000474574 0.00318553 -0.00135806 -0.000506394 0.000574466 0.00265573 0.00471425 0.00966645 -9.67741e-05 0.00347052 0.00264703 -0.00192583 0.00236422 0.00513551 0.000586949 0.000358206 0.00489465 -0.000941168 0.000749989 -0.00174999
internal_weight=4436 3608 828 1992 806 629 218 67 411 57 354 97 1955 782 460 244 130 45 114 51 85 1173 151 59 92 134 57 102 72 216
internal_count=4436 3608 828 1992 806 629 218 67 411 57 354 97 1955 782 460 244 130 45 114 51 85 1173 151 59 92 134 57 102 72 216
cat_boundaries=0 1 2
cat_threshold=897 16
is_linear=0
shrinkage=0.03


Tree=58
num_leaves=31
num_cat=1
split_feature=5 6 8 7 16 5 16 8 4 16 19 7 9 8 11 10 16 13 9 0 6 8 3 18 9 11 9 8 2 7
split_gain=8.56699 3.09438 1.59199 2.50332 1.98288 2.31125 1.9004 1.58863 1.15835 1.08007 1.21506 1.35457 1.04707 2.24858 0.850191 2.12233 3.39872 1.86999 0.824676 0.778649 0.776819 0.814173 0.951163 0.663156 0.583047 0.565692 0.564143 0.457977 0.430554 0.575265
threshold=0.31947261663286008 0.20519397970534159 0.1813468332704895 0.099590664592236089 28.500000000000004 0.45638945233265721 17.500000000000004 0.088889909737814618 0.096354166666666671 11.500000000000002 0 0.060420512343985253 0.72611232676878201 0.28376229104135253 0.6830127018922193 -0.24999999999999994 29.500000000000004 -0.22252093395631442 0.5970094821298324 0.59743234789882671 0.65483870967741953 0.19522708183397192 0.080729166666666671 0.45441176470588235 0.94493070751276453 -0.24999999999999994 0.51677607585703877 0.24450792551719841 0.070312500000000014 0.10459879533739259
decision_type=2 2 2 2 2 2 2 2 2 2 1 2 2 2 2 2 2 2 2 2 2 2 2 2 2 2 2 2 2 2
left_child=1 -1 3 6 23 12 -2 -3 14 -10 11 -11 19 -14 24 16 -16 -18 -17 -6 21 25 -23 -4 -9 -13 27 -21 -12 -30
right_child=2 7 4 -5 5 -7 -8 8 9 10 28 20 13 -15 15 18 17 -19 -20 26 -22 22 -24 -25 -26 -27 -28 -29 29 -31
leaf_value=-0.0019255433472026666 0.0003164651957894711 0.00034654479467096532 0.00025298009425043833 -9.5367641998924668e-05 0.00040966673617746295 0.00058801514931712767 0.00013325693495243028 -0.00037675486775248248 -0.0002355338069072866 0.00030409205304669687 -0.00023866310604971639 -0.00029086851905628651 0.0010440420483576684 -5.9710697843519782e-05 -1.0905830211841687e-05 -0.00041725617459072525 0.00021520436789861891 0.0011398226183961507 0.00054193966640705591 -1.5480643073411739e-05 -5.8627761733814053e-05 0.00046449015118842991 0.0004853592386794784 -7.2988863982382165e-05 0.00029683377655675053 0.00041549397289844298 -5.2207976456061763e-05 0.00026951696959042067 0.00011026511257746362 -1.2049749118474544e-05
leaf_weight=1616 25 37 32 23 28 26 30 1464 140 23 90 22 32 21 92 270 22 28 22 22 22 24 22 95 27 28 69 20 44 20
leaf_count=1616 25 37 32 23 28 26 30 1464 140 23 90 22 32 21 92 270 22 28 22 22 22 24 22 95 27 28 69 20 44 20
internal_value=-0.00131605 -0.00174408 0.00274467 0.0066153 0.00186956 0.00360549 0.0100907 -0.00106008 -0.00115678 0.000241378 0.00127118 0.00315892 0.00246874 0.00605649 -0.00147273 -0.000304147 0.00270421 0.00899982 -0.00176712 0.00110071 0.00208473 0.00324997 0.0061303 -0.00111023 -0.00181288 0.000599987 -2.70275e-05 0.00271422 -0.000621948 0.00121873
internal_weight=4436 4013 423 78 345 218 55 2397 2360 435 295 141 192 53 1925 434 142 50 292 139 118 96 46 127 1491 50 111 42 154 64
internal_count=4436 4013 423 78 345 218 55 2397 2360 435 295 141 192 53 1925 434 142 50 292 139 118 96 46 127 1491 50 111 42 154 64
cat_boundaries=0 1
cat_threshold=38
is_linear=0
shrinkage=0.03


Tree=59
num_leaves=31
num_cat=1
split_feature=0 6 8 16 8 8 0 16 17 17 17 0 11 16 19 8 11 17 8 8 7 7 0 13 4 7 7 4 8 6
split_gain=8.75285 2.26136 1.73182 1.62829 2.67554 1.35304 1.34058 1.37367 1.1501 1.58288 1.36587 0.901764 0.852833 1.95328 2.90565 1.3615 1.70202 1.58005 1.03335 1.14364 0.777284 0.751576 0.692466 1.03953 0.576499 0.47869 0.478133 0.732911 1.07293 0.400043
threshold=0.53121608501887896 0.1905821282906934 0.088889909737814618 28.500000000000004 0.34438673485346721 0.18051107774196509 0.59537384276397409 9.5000000000000018 0.33780103820951418 0.27985797898996784 0.3058037613820101 0.61636054089337511 0.25000000000000017 16.500000000000004 0 0.12450006889054512 0.6830127018922193 0.27040251893455886 0.19218106975147189 0.20345608835639697 0.040067457934811222 0.065904323980221752 0.62953366514144282 1.0000000180025095e-35 0.10156250000000001 0.064214130984395643 0.068441601191932266 0.044270833333333336 0.15093115396300516 0.32119815668202772
decision_type=2 2 2 2 2 2 2 2 2 2 2 2 2 2 1 2 2 2 2 2 2 2 2 2 2 2 2 2 2 2
left_child=1 -1 20 5 8 6 -2 -8 9 -5 -11 -10 18 -14 26 16 -16 -17 29 -20 -3 -7 -13 -24 -12 -21 -15 28 -28 -4
right_child=3 2 12 4 -6 21 7 -9 11 10 24 22 13 14 15 17 -18 -19 19 25 -22 -23 23 -25 -26 -27 27 -29 -30 -31
leaf_value=-0.0021739350529397274 -1.7800176433331855e-05 9.6528312012390244e-06 -0.0005607539434853146 -1.0176859565989479e-05 0.00064417646914019717 4.123097293531424e-05 0.00011517962131429658 0.00025165192147701365 -3.4156535869781292e-06 0.00046179036085453181 0.0002749415305070509 0.00053250766818965312 -0.00054151711755349443 -0.00041930922613835493 0.00010916688934382355 0.00061076487720532723 0.0012531190212170531 -3.0188339442666778e-05 0.00021049409273905304 0.00017136576964182793 0.00071920747017153259 -4.1140376659966355e-05 -0.00017743945952402681 0.00016081864024238972 4.4228906825977378e-05 -0.00021508753500409055 0.00046681279805855082 -0.00042691210936621692 -0.00068368875490922574 -0.00028700256509751112
leaf_weight=1528 56 23 833 44 20 26 27 28 184 33 34 21 406 144 31 30 20 74 26 26 20 266 29 30 30 82 22 56 21 266
leaf_count=1528 56 23 833 44 20 26 27 28 184 33 34 21 406 144 31 30 20 74 26 26 20 266 29 30 30 82 22 56 21 266
internal_value=-0.001289 -0.00192738 -0.00128365 0.00149275 0.00278823 0.00012655 0.00294592 0.00627261 0.00225925 0.00444678 0.00658756 0.0010909 -0.00140943 -0.000649254 0.000844218 0.00390907 0.00817631 0.00219229 -0.00190511 0.000582084 0.00467431 -0.000945203 0.00374995 0.00208471 0.00403119 -0.000777771 -0.00122134 0.000333329 0.00327899 -0.00220837
internal_weight=4436 3608 2080 828 425 403 111 55 405 141 97 264 2037 804 398 155 51 104 1233 134 43 292 80 59 64 108 243 99 43 1099
internal_count=4436 3608 2080 828 425 403 111 55 405 141 97 264 2037 804 398 155 51 104 1233 134 43 292 80 59 64 108 243 99 43 1099
cat_boundaries=0 1
cat_threshold=785
is_linear=0
shrinkage=0.03


Tree=60
num_leaves=31
num_cat=2
split_feature=6 0 9 19 6 6 7 9 16 16 16 7 5 2 2 9 10 10 3 9 0 2 16 9 6 16 10 10 16 19
split_gain=6.74131 2.53549 1.4634 1.10417 0.974441 0.866722 0.800634 0.96073 1.0981 1.05938 1.08106 1.17317 1.36283 0.950498 0.871022 0.784135 0.910203 2.25539 0.996434 0.916919 1.13039 0.721091 0.713451 1.1894 0.674973 0.510686 0.406081 0.589618 1.87491 0.447357
threshold=0.27880184331797242 0.59294530418543168 0.94493070751276453 0 0.49631336405529963 0.18229779119656767 0.073925378384792365 0.47191830780452232 7.5000000000000009 20.500000000000004 27.500000000000004 0.17708840336715329 0.39046653144016236 0.10156250000000001 0.14322916666666669 0.18745441283734501 -0.5 -0.6830127018922193 0.085937500000000014 0.80598103574033564 0.41625612619461377 0.049479166666666671 17.500000000000004 0.69146608315098479 0.32119815668202772 9.5000000000000018 -0.6830127018922193 -0.5 28.500000000000004 1
decision_type=2 2 2 1 2 2 2 2 2 2 2 2 2 2 2 2 2 2 2 2 2 2 2 2 2 2 2 2 2 1
left_child=5 3 4 15 -3 -1 -6 -8 -9 -10 -11 12 13 -12 -15 -2 17 22 21 20 -18 -19 -17 -24 -23 -5 -7 28 -28 -29
right_child=1 2 -4 25 6 26 7 8 9 10 11 -13 -14 14 -16 16 19 18 -20 -21 -22 24 23 -25 -26 -27 27 29 -30 -31
leaf_value=-0.0021100322101373836 -0.00085784573237484001 -4.0706629049287201e-05 0.00079741658388675547 -0.00037341397230392852 -3.6014109502631502e-05 -0.00092382762495212076 -5.2257350506446646e-05 -5.1022882854802387e-05 0.0001890891588758589 -6.4012106938294709e-05 0.00024501211968323453 0.00075053293663389917 -0.00013815735149637224 0.00028604713552455766 0.0001119121117478607 -0.00038455557028678776 0.0003675918087527899 0.00070023121253518417 0.0019859886223916679 0.00044193014736399134 -4.1455059672738717e-05 -0.00022448755228438453 0.00034785076680256358 -0.00021530202967681657 0.00028053927812053518 -9.2406057685370731e-05 -0.00065946368714004592 -0.00056219015326425519 0.0010315702794893285 -0.00036550782006991778
leaf_weight=1469 128 47 28 160 42 246 39 41 37 20 26 31 26 25 20 81 29 24 21 25 495 24 28 39 30 457 40 333 20 373
leaf_count=1469 128 47 28 160 42 246 39 41 37 20 26 31 26 25 20 81 29 24 21 25 495 24 28 39 30 457 40 333 20 373
internal_value=-0.00133788 -4.6809e-06 0.00218324 -0.000547048 0.00166101 -0.00237122 0.00227686 0.00288678 0.00363715 0.0046216 0.00348646 0.00449996 0.00287626 0.0050281 0.0076665 0.000115631 0.000467335 0.00197975 0.00548479 -0.000213115 -0.000480916 0.00392303 -0.000364863 0.00192534 0.00199996 -0.00151674 -0.00169565 -0.00135509 0.00149997 -0.00159773
internal_weight=4404 1923 382 1541 354 2481 307 265 226 185 148 128 97 71 45 924 796 247 99 549 524 78 148 67 54 617 1012 766 60 706
internal_count=4404 1923 382 1541 354 2481 307 265 226 185 148 128 97 71 45 924 796 247 99 549 524 78 148 67 54 617 1012 766 60 706
cat_boundaries=0 1 2
cat_threshold=558 432
is_linear=0
shrinkage=0.03


Tree=61
num_leaves=31
num_cat=2
split_feature=5 0 11 16 10 0 6 5 19 16 6 0 17 5 8 16 10 5 8 6 0 18 6 8 18 19 18 10 6 0
split_gain=6.33646 2.1635 1.43991 1.56944 3.53688 1.3809 1.58086 1.25151 0.87427 0.998972 1.31181 1.53155 1.1806 0.865486 1.14087 1.70061 1.5429 0.810405 0.801933 0.636674 1.66627 0.5569 0.465499 0.446412 0.634663 0.403736 0.706887 0.512652 0.344824 0.599975
threshold=0.21805273833671404 0.39691598310638843 0.25000000000000017 16.500000000000004 -0.24999999999999994 0.44836881218107716 0.23432385189893537 0.54462474645030434 0 7.5000000000000009 0.53041474654377896 0.54973724893015385 0.26176495617394274 0.39249492900608524 0.24855113226519951 17.500000000000004 0.68301270189221941 0.41075050709939154 0.10757186459095865 0.23917050691244243 0.48742419676937737 0.48088235294117648 0.55253456221198172 0.15723101739870424 0.45441176470588235 1 0.47794117647058826 -0.6830127018922193 0.66175115207373281 0.61229581972090841
decision_type=2 2 2 2 2 2 2 2 1 2 2 2 2 2 2 2 2 2 2 2 2 2 2 2 2 1 2 2 2 2
left_child=1 23 22 25 19 6 -6 8 9 -2 11 -11 21 14 15 -14 -17 -15 -8 -5 -21 -12 -3 -1 -25 26 27 -4 29 -10
right_child=7 2 3 4 5 -7 18 -9 28 10 12 -13 13 17 -16 16 -18 -19 -20 20 -22 -23 -24 24 -26 -27 -28 -29 -30 -31
leaf_value=-0.001795481344752422 -9.1399024659523606e-05 -0.0004024908846283257 -0.00088617083320035282 0.00016408258979824924 -0.00017419082377743788 -0.00040673228416683246 0.000104111118227257 0.0011012367980942697 -1.0323549186741086e-05 0.00035245066760765045 -5.4600119765803841e-05 -0.0001226880721432084 0.00018232477246029184 -3.9193111447055945e-05 0.00072101032840958133 0.0014511315938044258 -4.6479522167182926e-05 0.00047009451656756737 0.00060161007621967243 0.0011294343155935733 0.00033070454859205749 0.00015141510627669996 0.00018695915632070117 0.0003772876443236099 -0.00085819131327705925 -0.00068998741360355145 -0.00023202529791577063 0.00023371574657830044 -0.0001412572559946992 0.00025159846021102766
leaf_weight=1708 71 1034 21 21 44 168 24 22 349 39 42 95 33 23 39 26 47 43 29 26 27 23 22 22 65 175 59 37 40 30
leaf_count=1708 71 1034 21 21 44 168 24 22 349 39 42 95 33 23 39 26 47 43 29 26 27 23 22 22 65 175 59 37 40 30
internal_value=-0.00137194 -0.0019575 -0.00118613 -5.22986e-05 0.00133628 -0.000283019 0.00256698 0.000839478 0.000666665 0.00152138 0.00212195 -0.000313431 0.00330434 0.00439334 0.00568962 0.00407543 0.00152053 0.00154543 0.00605649 0.00713504 0.00888662 -0.000230766 -0.00186364 -0.00268245 -0.000586201 -0.00166438 -0.000165354 0.00217238 -0.000342657 -7.12406e-05
internal_weight=4404 3482 1687 631 339 265 97 922 900 481 410 134 276 211 145 106 73 66 53 74 53 65 1056 1795 87 292 117 58 419 379
internal_count=4404 3482 1687 631 339 265 97 922 900 481 410 134 276 211 145 106 73 66 53 74 53 65 1056 1795 87 292 117 58 419 379
cat_boundaries=0 1 2
cat_threshold=38 524
is_linear=0
shrinkage=0.03


Tree=62
num_leaves=31
num_cat=0
split_feature=6 9 7 20 16 10 20 9 5 9 5 20 4 20 11 7 6 6 13 7 9 5 9 16 10 2 9 13 5 9
split_gain=6.08409 2.0797 1.34959 2.97924 1.09345 3.30925 3.12451 1.44303 1.40314 1.26672 1.13488 1.0798 1.00763 0.947527 1.24871 0.927411 0.915457 0.910548 0.816626 0.723518 0.705518 0.703904 0.652459 0.594823 1.84081 0.619914 0.741399 0.62173 0.533314 0.524377
threshold=0.29170506912442401 0.80598103574033564 0.097920479806488284 0.55882118566514938 29.500000000000004 -0.5 0.54802186383041918 0.4584245076586434 0.12018255578093308 0.57330415754923425 0.32150101419878302 0.61912653167645637 0.054687500000000007 0.39691598310638843 0.25000000000000017 0.096876202392636931 0.37741935483870975 0.65115207373271911 -0.56174490092936669 0.10298321911602835 0.69401896425966469 0.17917511832319136 0.61670313639679086 19.500000000000004 -0.24999999999999994 0.044270833333333336 0.39897884755652818 1.0000000180025095e-35 0.43813387423935096 0.65134938001458809
decision_type=2 2 2 2 2 2 2 2 2 2 2 2 2 2 2 2 2 2 2 2 2 2 2 2 2 2 2 2 2 2
left_child=13 4 3 21 9 6 7 12 -7 -2 20 17 -6 -1 -15 -10 -17 -12 -4 -18 29 -3 -19 -16 -25 26 -26 -28 -20 -11
right_child=1 2 18 -5 5 8 -8 -9 15 10 11 -13 -14 14 23 16 19 22 28 -21 -22 -23 -24 24 25 -27 27 -29 -30 -31
leaf_value=-0.0016823881798543043 -0.000252349050161949 -0.00031111222177814516 0.00050211188830170798 0.00092998961275249977 0.00026138356256332092 0.00034288652471305066 0.0025945069675791378 -0.00052984460431660546 -5.2077064831042969e-05 -5.0349315350649831e-05 0.0002524740549050661 -3.3420908472328386e-05 0.00076285068778311987 -0.00047346796384520329 -0.00041561212704508614 -0.00016001576658952524 0.00018389931773872236 0.00017771725456057426 -0.00019950291101190413 0.000104834603206538 -0.00030001328310287053 0.00047825020629729923 -0.00012867009689235785 0.0009928045969560856 -0.00041885562209098218 -0.00040448907225528846 -4.4257161649069754e-05 0.00048290106820544156 0.00030011606593236434 0.00037039648554540873
leaf_weight=1755 564 23 20 23 21 20 23 33 374 130 30 28 25 565 107 41 29 20 40 139 100 20 21 30 20 71 25 23 20 64
leaf_count=1755 564 23 20 23 21 20 23 33 374 130 30 28 25 565 107 41 29 20 40 139 100 20 21 30 20 71 25 23 20 64
internal_value=-0.00139918 -6.30538e-05 0.00336984 0.00654535 -0.000364621 0.000531913 0.00552936 0.00269617 -0.000313433 -0.00102508 0.000282441 0.00306057 0.0061303 -0.00232974 -0.00150178 -0.000581475 0.00101913 0.0050281 0.00074999 0.00199999 -0.00065306 0.00188368 0.0021219 0.000152173 0.00126035 -0.000194244 0.00185291 0.00387492 -0.000999984 0.000402059
internal_weight=4404 1808 146 66 1662 705 102 79 603 957 393 99 46 2596 841 583 209 71 80 168 294 43 41 276 169 139 68 48 60 194
internal_count=4404 1808 146 66 1662 705 102 79 603 957 393 99 46 2596 841 583 209 71 80 168 294 43 41 276 169 139 68 48 60 194
is_linear=0
shrinkage=0.03


Tree=63
num_leaves=31
num_cat=0
split_feature=5 0 9 11 8 9 8 9 7 0 6 9 7 3 16 8 9 7 16 0 7 5 11 17 8 9 18 3 9 18
split_gain=6.25863 2.1666 1.48593 1.27876 1.30214 0.937244 1.2797 0.722029 0.781134 1.2714 1.95149 0.640848 0.601049 0.626181 0.69848 0.813595 1.18029 1.1622 1.03225 0.899933 0.777336 0.748533 0.672948 1.21208 0.577649 0.554144 0.538255 0.530363 0.624968 0.522948
threshold=0.21805273833671404 0.39691598310638843 0.94493070751276453 0.25000000000000017 0.095476969969421524 0.47191830780452232 0.45124786281757862 0.29431072210065656 0.04940738278462381 0.43337287022347554 0.23572223105037346 0.30598103574033558 0.053262949793462168 0.080729166666666671 9.5000000000000018 0.19010694606400499 0.6433260393873087 0.097920479806488284 15.500000000000002 0.58757867942685726 0.19614921917087011 0.24847870182555784 0.25000000000000017 0.38435026806229261 0.12058476568728339 0.80598103574033564 0.45441176470588235 0.085937500000000014 0.51677607585703877 0.45441176470588235
decision_type=2 2 2 2 2 2 2 2 2 2 2 2 2 2 2 2 2 2 2 2 2 2 2 2 2 2 2 2 2 2
left_child=1 27 5 -3 -5 -2 12 24 -9 10 -10 -11 -7 25 26 16 18 -18 -16 -20 21 -17 -23 -24 -6 -14 -15 -1 -29 -13
right_child=2 3 -4 4 7 6 -8 8 9 11 -12 29 13 14 15 20 17 -19 19 -21 -22 22 23 -25 -26 -27 -28 28 -30 -31
leaf_value=-0.0016349219431560712 -0.00010352827115678296 -0.00037330973655826252 0.00057215107359957339 0.00054082014964355397 4.4844432030281849e-05 -3.3679436862230013e-05 0.00078004265556604752 -0.00029385980872382179 -0.00015984085175135916 0.00034108252310626581 0.00046722756419591353 0.0002442467846915235 -2.6633101263050053e-05 0.00037518670223174195 0.00017230923876580421 0.00016445841947588936 -1.9495683430666838e-05 0.00011265764479928202 0.0014947922784095402 -4.0182709599781769e-05 0.00053370744405143898 -9.8610360993878392e-05 0.00030596411266394684 -0.00013675953895015699 -0.00054300554983077894 0.0004153566587945709 -7.8393926610177659e-05 -0.0015260974747951723 0.00036047947597032438 -7.8553157396185053e-05
leaf_weight=1755 211 1056 37 30 29 34 25 92 33 29 32 22 187 23 21 20 35 26 20 20 22 94 33 22 191 20 72 20 20 173
leaf_count=1755 211 1056 37 30 29 34 25 92 33 29 32 22 187 23 21 20 35 26 20 20 22 94 33 22 191 20 72 20 20 173
internal_value=-0.00135831 -0.00194026 0.000839478 -0.00116835 -9.98421e-05 0.000593219 0.00113946 -0.000404326 0.000385825 0.00115224 0.00484608 8.03561e-05 0.000882895 0.00109756 0.00177941 0.00246325 0.00437701 0.00142621 0.00732775 0.00449989 0.00124083 0.000550292 -0.000181208 0.0024545 -0.00177272 -0.000246376 -0.00047368 -0.00266574 0.000749981 -0.000538459
internal_weight=4404 3482 922 1687 631 885 674 601 381 289 65 224 649 615 408 313 122 61 61 40 191 169 149 55 220 207 95 1795 40 195
internal_count=4404 3482 922 1687 631 885 674 601 381 289 65 224 649 615 408 313 122 61 61 40 191 169 149 55 220 207 95 1795 40 195
is_linear=0
shrinkage=0.03


Tree=64
num_leaves=31
num_cat=0
split_feature=5 5 9 11 16 10 20 7 8 9 8 4 2 17 20 5 9 2 17 17 8 11 17 1 5 1 7 7 11 13
split_gain=6.28879 2.19651 1.46956 1.34113 1.49297 2.26158 1.67341 1.42019 0.956888 0.824529 1.2797 0.729528 0.840207 0.71401 0.85953 0.710051 0.595528 0.679483 1.83762 0.743906 0.705264 0.664805 0.526621 0.511356 0.797405 0.505827 0.485508 0.480694 1.09515 0.465491
threshold=0.21805273833671404 0.10158891142663963 0.94493070751276453 0.25000000000000017 16.500000000000004 -0.24999999999999994 0.42584125295821557 0.064214130984395643 0.12021827079589249 0.47191830780452232 0.45124786281757862 0.20052083333333334 0.091145833333333343 0.26538166964513665 0.63245318005513651 0.23022312373225154 0.51677607585703877 0.12239583333333334 0.29582662077181993 0.36886222449153272 0.26495406874879129 1.0000000180025095e-35 0.15534848098034212 0.11197916666666667 0.31947261663286008 0.039062500000000007 0.08223428479567764 0.058101126053317166 0.6830127018922193 -0.56174490092936669
decision_type=2 2 2 2 2 2 2 2 2 2 2 2 2 2 2 2 2 2 2 2 2 2 2 2 2 2 2 2 2 2
left_child=1 27 9 22 -5 8 7 25 -6 29 11 12 15 -14 16 -11 -15 18 -18 21 23 -20 -3 24 -19 -7 -10 -1 -29 -2
right_child=2 3 -4 4 5 6 -8 -9 26 10 -12 -13 13 14 -16 -17 17 20 19 -21 -22 -23 -24 -25 -26 -27 -28 28 -30 -31
leaf_value=-0.0018517779684258152 1.7317647629353303e-05 0.00022011890474312712 0.00055498654139158731 -0.00045649954265081287 0.0007553206651057492 0.00031561624118424554 -0.00016137279315112603 0.001636345459664322 -3.3690677300994048e-05 4.4274602692865677e-05 0.00075664137589906498 0.00039635610398217389 -9.879300419943747e-05 0.00021630819215250099 -0.00010368026208725317 -4.9683087844395798e-05 0.00028770045177388978 -3.2263220474666504e-05 1.6203387520189295e-05 -6.0687144202808369e-05 0.00050333981357499231 0.00027616806414784462 -0.00038154115345199655 -6.6965608130806827e-05 0.00029332147123940137 -0.00084974525864998484 0.00085008940192304221 -0.00086119162112014791 0.00091292502099372139 -0.00014795450374976445
leaf_weight=1511 55 20 37 327 37 20 210 23 23 34 25 23 51 20 39 185 26 38 39 38 20 42 1156 72 22 26 20 87 22 156
leaf_count=1511 55 20 37 327 37 20 210 23 23 34 25 23 51 20 39 185 26 38 39 38 20 42 1156 72 22 26 20 87 22 156
internal_value=-0.00133106 -0.00191442 0.000872016 -0.0012116 -0.000157435 0.00117827 -9.67746e-05 0.00395646 0.00562493 0.000627117 0.00113946 0.000882895 0.000690094 0.00149631 0.0019719 -0.000808216 0.00248895 0.00215151 0.00362066 0.002042 0.000749994 0.00366662 -0.00182653 -4.54549e-05 0.00199997 0.000913023 0.00258133 -0.00272222 -0.000798159 -0.00100947
internal_weight=4404 3482 922 1862 686 359 279 69 80 885 674 649 626 407 356 219 317 297 145 119 152 81 1176 132 60 46 43 1620 109 211
internal_count=4404 3482 922 1862 686 359 279 69 80 885 674 649 626 407 356 219 317 297 145 119 152 81 1176 132 60 46 43 1620 109 211
is_linear=0
shrinkage=0.03


Tree=65
num_leaves=31
num_cat=1
split_feature=5 5 19 8 17 11 11 8 9 0 11 10 8 9 7 11 17 10 8 4 2 5 9 7 1 5 7 0 0 8
split_gain=7.38144 2.65385 1.0156 1.37723 1.13981 1.30997 1.17415 1.25561 0.993859 0.826651 0.822197 1.59463 0.749988 0.7053 0.684326 0.768541 1.03227 1.01893 0.674446 0.65727 0.855879 1.47096 0.812006 0.589356 0.821152 0.538664 0.522033 0.83201 1.34502 0.976966
threshold=0.13286004056795134 0.34381338742393514 0 0.09788034504754449 0.33712024508552468 0.93301270189221952 0.25000000000000017 0.27719287970000966 0.47191830780452232 0.59537384276397409 0.6830127018922193 -0.24999999999999994 0.42989024801819237 0.97957695113056176 0.050289727200146177 0.6830127018922193 0.25261679857033453 -0.24999999999999994 0.21743680224164993 0.096354166666666671 0.044270833333333336 0.14503042596348886 0.30233406272793589 0.22769620777782279 0.12239583333333334 0.37018255578093312 0.076340200555275337 0.45871292428797134 0.47474271117275768 0.1439067609595597
decision_type=2 2 1 2 2 2 2 2 2 2 2 2 2 2 2 2 2 2 2 2 2 2 2 2 2 2 2 2 2 2
left_child=14 2 3 -2 5 6 7 9 -3 26 -6 -12 -4 23 -1 16 -16 -17 19 20 -8 -22 -23 24 25 -10 27 -5 -29 -30
right_child=1 8 12 4 10 -7 18 -9 13 -11 11 -13 -14 -15 15 17 -18 -19 -20 -21 21 22 -24 -25 -26 -27 -28 28 29 -31
leaf_value=-0.0013533883792644658 0.00045563673916361415 -1.672504039818164e-05 -0.00017325407485244281 -0.00036211755713186247 -0.00019770267195167343 -0.0006279194184393254 -0.00011999711745705943 0.00041659637523356404 0.0003816673151094705 0.00016065895417584963 0.00095250679993700953 -0.00016131643580468016 0.00010386794886864998 0.0011033216150689959 0.00021550905320803088 0.00090809551904789954 -0.00066535820893967969 -0.00044177612838738331 -8.1371216356051365e-05 0.00037236037082931156 0.00065000906782855734 -0.00018704135480422399 0.00057398025306874421 0.00080599203237995262 7.3583878307488266e-05 3.8791902371140675e-05 -0.00015591259399152135 0.00032789289382608306 -0.0008721521035222697 0.00012944407858478358
leaf_weight=1649 23 51 815 68 265 88 26 24 46 26 37 60 20 24 28 34 433 84 29 37 21 33 36 27 126 27 150 32 45 49
leaf_count=1649 23 51 815 68 265 88 26 24 46 26 37 60 20 24 28 34 433 84 29 37 21 33 36 27 126 27 150 32 45 49
internal_value=-0.00127328 -3.43256e-05 -0.00045223 0.000172804 1.16952e-05 0.000749998 0.00127083 0.000350252 0.00258139 -8.10816e-05 -0.00134254 0.00102061 -0.00122485 0.00335999 -0.00248833 -0.00160103 -0.00215401 0.000559317 0.00326372 0.0040588 0.00294825 0.00433328 0.00221736 0.00284069 0.00227637 0.00480815 -0.00047093 0.000556697 0.00199998 0.000191487
internal_weight=4413 2185 1884 1049 1026 664 576 394 301 370 362 97 835 250 2228 579 461 118 182 153 116 90 69 226 199 73 344 194 126 94
internal_count=4413 2185 1884 1049 1026 664 576 394 301 370 362 97 835 250 2228 579 461 118 182 153 116 90 69 226 199 73 344 194 126 94
cat_boundaries=0 1
cat_threshold=122
is_linear=0
shrinkage=0.03


Tree=66
num_leaves=31
num_cat=3
split_feature=5 5 16 10 11 13 8 7 6 19 9 8 9 18 8 6 11 19 7 16 11 0 5 5 11 19 5 0 8 6
split_gain=7.05786 2.35196 1.14132 3.10776 3.33218 2.72108 1.11535 1.05481 1.03117 0.891752 1.38218 0.963313 5.93105 0.959608 1.54959 0.765981 0.674977 0.643922 0.643416 0.66424 1.38997 1.04055 1.26279 0.639555 1.28563 0.583152 0.938962 2.19314 0.565117 0.509766
threshold=0.13286004056795134 0.31744421906693715 29.500000000000004 -0.5 -0.24999999999999994 -0.22252093395631442 0.096943484910633357 0.036925484664404866 0.59032258064516141 0 0.47191830780452232 0.28376229104135253 0.72611232676878201 0.46029411764705885 0.17733378743684181 0.66635944700460847 0.25000000000000017 1 0.050289727200146177 29.500000000000004 0.25000000000000017 0.34766968031203666 0.11257606490872211 0.15517241379310348 0.25000000000000017 2 0.16937119675456394 0.45956809332532095 0.41775497033152903 0.32488479262672815
decision_type=2 2 2 2 2 2 2 2 2 1 2 2 2 2 2 2 2 1 2 2 2 2 2 2 2 1 2 2 2 2
left_child=18 2 7 4 -4 -6 -5 -2 17 10 -3 12 13 -12 -15 -10 -13 23 -1 -20 -21 -22 -23 24 -8 26 27 -9 -11 -25
right_child=1 9 3 6 5 -7 8 25 15 28 11 16 -14 14 -16 -17 -18 -19 19 20 21 22 -24 29 -26 -27 -28 -29 -30 -31
leaf_value=-0.0013127867278865319 8.2584016776304786e-05 -3.4997000974003502e-05 -0.00036832084341843654 0.00017523442435014345 7.9656645435099855e-05 0.001307920917749175 -0.00015203497506049849 -0.00035401807626253589 0.00041050393044992755 -3.7724792624327243e-05 0.00029204574251058459 -5.1246581216846899e-05 0.0010857453945112225 0.00016157174188547775 -2.0272389105139695e-05 -5.7569438763388141e-05 0.00043805838577954629 -0.00022877137755148677 -0.00092120027148597742 -0.00050764784002289972 -0.00037729018211766786 0.0014146687844548559 0.00020453106017935411 -0.00047091315922667291 0.00059270658480100311 -0.00020943618105038634 -0.00014925982000549089 0.00022307206899432929 0.00021449401089550943 1.3318994789817169e-05
leaf_weight=1649 22 56 41 29 41 39 50 40 23 95 32 48 25 29 80 29 32 391 296 198 29 22 34 95 20 648 149 26 28 117
leaf_count=1649 22 56 41 29 41 39 50 40 23 95 32 48 25 29 80 29 32 391 296 198 29 22 34 95 20 648 149 26 28 117
internal_value=-0.00127328 -6.17856e-05 -0.000545455 0.000222856 0.00468591 0.0082499 -0.000493369 -0.00130508 -0.000724138 0.00194117 0.00276922 0.00382925 0.0051325 0.00274466 0.00140366 0.00334609 0.00112499 -0.00103863 -0.0024614 -0.00160103 -0.000561836 0.00264703 0.00503562 8.21908e-05 0.00257139 -0.00147045 -6.66671e-05 0.00290905 -0.000293232 -0.000735846
internal_weight=4413 2185 1760 875 121 80 754 885 725 425 302 246 166 141 109 52 80 673 2228 579 283 85 56 282 70 863 215 66 123 212
internal_count=4413 2185 1760 875 121 80 754 885 725 425 302 246 166 141 109 52 80 673 2228 579 283 85 56 282 70 863 215 66 123 212
cat_boundaries=0 1 2 3
cat_threshold=550 86 520
is_linear=0
shrinkage=0.03


Tree=67
num_leaves=31
num_cat=2
split_feature=5 5 16 7 9 8 16 16 19 10 11 13 8 3 1 5 0 16 19 8 7 11 16 0 8 8 8 1 8 13
split_gain=6.76173 2.27973 1.07022 1.88611 1.38755 1.65002 1.37659 0.871183 1.12941 1.18297 6.43901 2.76278 1.38559 1.20697 1.0667 0.871042 0.774779 0.691621 0.679151 1.0621 0.631876 0.707399 1.36824 0.512119 0.478093 0.470483 0.589703 0.487155 0.834023 0.45422
threshold=0.1288032454361055 0.34381338742393514 28.500000000000004 0.22769620777782279 0.72611232676878201 0.28376229104135253 13.500000000000002 11.500000000000002 0 -0.5 0.25000000000000017 1.0000000180025095e-35 0.096943484910633357 0.059895833333333336 0.14322916666666669 0.36612576064908725 0.61090751480435135 15.500000000000002 1 0.12558172954289096 0.053878726895501002 0.6830127018922193 29.500000000000004 0.43051651313122302 0.12329638088264598 0.18691356651965157 0.20345608835639697 0.044270833333333336 0.11570527351525862 1.0000000180025095e-35
decision_type=2 2 2 2 2 2 2 2 1 2 2 2 2 2 2 2 2 2 1 2 2 2 2 2 2 2 2 2 2 2
left_child=20 7 6 4 16 -6 15 18 9 10 -9 13 -11 -12 17 -3 -4 -14 19 -2 -1 -22 -23 -10 -24 27 -27 28 -25 -21
right_child=1 2 3 -5 5 -7 -8 8 23 12 11 -13 14 -15 -16 -17 -18 -19 -20 29 21 22 24 25 -26 26 -28 -29 -30 -31
leaf_value=-0.0012851869401177278 0.00043996928283908751 0.00039971259292396734 0.00029459194402921485 0.0012985045747334512 0.00082401101707128832 0.00014668752345690393 -6.0673608375775836e-05 -0.00026844428314570676 0.00010317311376249673 0.00045593838256889098 3.7768533717702102e-05 0.0012400265088888041 9.9248274996079953e-05 0.00090500616759487621 0.00021866268880885875 -4.0988864300552273e-06 -5.3937210873339354e-05 -8.0949484952219427e-05 -0.00022388198167220199 -0.00019114937694549586 -0.00059433669318659926 -0.0007641928449544531 0.0013722287209212108 0.00010179954751760513 0.00029846641392662751 3.9046502964987495e-05 -3.0192193755056085e-05 -0.00038869016519582156 -0.00028253853104231509 0.00018053512378859003
leaf_weight=1719 28 20 23 22 33 35 79 135 32 24 26 22 39 21 35 25 64 494 388 51 338 52 22 22 20 38 154 332 77 43
leaf_count=1719 28 20 23 22 33 35 79 135 32 24 26 22 39 21 35 25 64 494 388 51 338 52 22 22 20 38 154 332 77 43
internal_value=-0.00129368 -0.000148542 0.00228238 0.00377964 0.00261289 0.00582344 0.000145159 -0.000521673 -0.000146796 0.00061042 0.00258822 0.0100433 -6.08114e-05 0.00593604 -0.000359155 0.00433324 0.000103446 -0.000692307 -0.00158823 0.000409087 -0.00249791 -0.00147222 0.000829778 -0.00106015 0.00485703 -0.00126645 -3.12506e-05 -0.0018167 3.0302e-05 -0.0010851
internal_weight=4413 2262 301 177 155 68 124 1961 1451 796 204 69 592 47 568 45 87 533 510 122 2151 432 94 655 42 623 192 431 99 94
internal_count=4413 2262 301 177 155 68 124 1961 1451 796 204 69 592 47 568 45 87 533 510 122 2151 432 94 655 42 623 192 431 99 94
cat_boundaries=0 1 2
cat_threshold=122 520
is_linear=0
shrinkage=0.03


Tree=68
num_leaves=31
num_cat=3
split_feature=5 5 16 9 4 8 8 19 8 16 7 16 9 8 7 19 7 8 1 19 5 0 7 16 8 8 7 17 17 1
split_gain=6.83829 2.33955 1.12997 2.52822 1.27303 0.997916 1.21215 1.04996 0.970468 1.68687 2.19204 1.42226 1.41388 1.7199 0.823601 0.773676 1.51886 0.8372 0.779111 0.662231 0.934271 2.16031 0.631876 0.671875 0.886367 0.574371 1.37785 0.718185 0.570049 0.541116
threshold=0.1288032454361055 0.31744421906693715 29.500000000000004 0.30598103574033558 0.054687500000000007 0.096943484910633357 0.1813468332704895 0 0.17733378743684181 28.500000000000004 0.22769620777782279 17.500000000000004 0.72611232676878201 0.28376229104135253 0.036626487964880154 1 0.079237953319248058 0.22299969864982574 0.080729166666666671 2 0.16937119675456394 0.45956809332532095 0.053878726895501002 29.500000000000004 0.0917847730396293 0.14517803960434378 0.08223428479567764 0.33712024508552468 0.25712705301676458 0.13281250000000003
decision_type=2 2 2 2 2 2 2 1 2 2 2 2 2 2 2 1 2 2 2 1 2 2 2 2 2 2 2 2 2 2
left_child=22 2 14 4 -4 -5 7 25 11 29 12 -3 -11 -14 -2 16 18 -17 -8 20 21 -16 -1 -24 -25 26 27 -7 -26 -10
right_child=1 8 3 5 -6 6 15 -9 9 10 -12 -13 13 -15 19 17 -18 -19 -20 -21 -22 -23 23 24 28 -27 -28 -29 -30 -31
leaf_value=-0.0012466313319141951 8.2236672685442373e-05 0.00017502827802450059 0.00037718210761600589 0.00024298936819083734 0.00069992154792762552 0.00010325245641242438 0.00032234077478531453 -0.00033559010298857581 1.2928249731333068e-05 1.2876845807458074e-06 0.0011498690594712226 3.4489281144545552e-05 0.00089065942083235434 0.00011200862841786655 -0.00025649768865764031 2.1633428291047339e-05 9.6869218046136723e-06 -0.00014413423494878726 0.00042925719159002818 -0.00021700953356408131 -0.00013904754409696101 0.00022085945833829099 -0.0009236120664169327 0.0007972457283151812 0.00024154010585749049 -0.00028817369046683634 0.0010515554941182734 -0.00033365207384625884 -0.00047386308608218846 -0.00014736822258897895
leaf_weight=1719 26 20 32 35 22 75 20 302 84 127 25 27 34 38 47 86 69 86 22 674 149 26 226 33 33 79 21 66 140 70
leaf_count=1719 26 20 32 35 22 75 20 302 84 127 25 27 34 38 47 86 69 86 22 674 149 26 226 33 33 79 21 66 140 70
internal_value=-0.00128688 -0.000135279 -0.000599347 0.00014754 0.00644432 -0.000247387 -0.000457627 -0.00128729 0.00187058 0.00136508 0.00302677 0.00593604 0.00197486 0.00533326 -0.00134056 0.00113427 0.00295039 -0.000197802 0.0077141 -0.0014933 -2.58626e-05 0.00275339 -0.00249791 -0.00147222 -0.000233009 0.00022709 0.00125925 0.000191487 -0.00109248 -0.00105194
internal_weight=4413 2262 1837 915 54 861 826 543 425 378 224 47 199 72 922 283 111 172 42 896 222 73 2151 432 206 241 162 141 173 154
internal_count=4413 2262 1837 915 54 861 826 543 425 378 224 47 199 72 922 283 111 172 42 896 222 73 2151 432 206 241 162 141 173 154
cat_boundaries=0 1 2 3
cat_threshold=212 38 520
is_linear=0
shrinkage=0.03


Tree=69
num_leaves=31
num_cat=1
split_feature=5 0 4 16 10 11 13 8 17 19 8 16 6 6 6 5 0 6 12 6 8 6 8 17 6 0 11 17 6 3
split_gain=6.45211 2.38619 1.2074 0.926166 2.30381 2.72259 1.49013 1.21437 0.939533 0.736858 0.982095 1.09945 0.947193 2.71732 1.06162 0.696024 1.09799 0.653813 0.629707 0.62739 0.676381 0.607855 0.590354 0.691115 0.79144 0.640153 0.556278 0.988542 0.711226 0.519669
threshold=0.1288032454361055 0.55485698752022106 0.20572916666666669 29.500000000000004 -0.5 -0.24999999999999994 1.0000000180025095e-35 0.096943484910633357 0.31759145956763773 0 0.19218106975147189 27.500000000000004 0.5055299539170508 0.65115207373271911 0.43456221198156691 0.16937119675456394 0.45871292428797134 0.32119815668202772 -0.60785761079279388 0.1905821282906934 0.092976158837091025 0.59032258064516141 0.29888286581140178 0.33831163305250628 0.48525345622119825 0.60600593573569095 -0.9330127018922193 0.28912432984426867 0.31935483870967746 0.039062500000000007
decision_type=2 2 2 2 2 2 2 2 2 1 2 2 2 2 2 2 2 2 2 2 2 2 2 2 2 2 2 2 2 2
left_child=19 3 9 15 5 -5 17 -6 26 10 12 -12 14 -14 -3 16 -2 -7 -18 -1 29 -11 23 25 -25 -13 -9 -28 -29 -21
right_child=1 2 -4 4 7 6 -8 8 -10 21 11 22 13 -15 -16 -17 18 -19 -20 20 -22 -23 -24 24 -26 -27 27 28 -30 -31
leaf_value=-0.0017804880498680693 -0.00038047343680015484 0.00043320525858528696 0.00034009479584224864 -0.00034392768464594893 0.00023569968714511386 2.9678135546404615e-05 0.0010200087677727724 -8.8436344092386371e-05 -0.00036377412411537957 -2.8746366963643482e-05 -0.00013516722076013484 5.7841992938167942e-06 0.00069802901954024233 0.0001157767090212857 -0.00043158226945934456 -0.00023311911771661193 0.0003089555744549797 0.00048150320986658173 2.4103474574026402e-06 -0.00015234851740793105 -0.00045827284308435072 6.0761312819320689e-05 0.00051462871199491663 0.00037031245096277973 -0.00010929696635885393 0.0010977230510110995 -0.00013783164281447463 9.5319040266907362e-05 0.00038149653654686829 0.00038784028360624577
leaf_weight=1515 246 24 21 41 35 27 21 96 380 129 91 27 21 44 26 458 37 24 80 20 594 133 29 23 66 21 102 33 27 22
leaf_count=1515 246 24 21 41 35 27 21 96 380 129 91 27 21 44 26 458 37 24 80 20 594 133 29 23 66 21 102 33 27 22
internal_value=-0.00129368 -0.000175067 0.00135114 -0.000797138 -6.10693e-05 0.00390262 0.00741656 -0.000726597 -0.00102508 0.00111672 0.00194764 0.000968867 0.00430431 0.0066922 0.00119998 -0.00150183 -0.00052066 0.00464697 0.00187178 -0.00247001 -0.00167924 -0.000132353 0.00242167 0.00159853 3.37068e-05 0.00449991 0.000372091 0.00144443 0.00449992 0.00199995
internal_weight=4413 2262 655 1607 786 113 72 673 638 634 372 257 115 65 50 821 363 51 117 2151 636 262 166 137 89 48 258 162 60 42
internal_count=4413 2262 655 1607 786 113 72 673 638 634 372 257 115 65 50 821 363 51 117 2151 636 262 166 137 89 48 258 162 60 42
cat_boundaries=0 1
cat_threshold=526
is_linear=0
shrinkage=0.03


Tree=70
num_leaves=31
num_cat=2
split_feature=5 5 9 11 11 19 7 7 7 0 0 11 17 7 2 2 6 3 6 0 11 17 4 4 7 9 7 19 16 18
split_gain=7.05132 3.05153 1.19984 0.825917 1.93425 1.20501 1.33199 1.0516 0.817489 0.858155 0.814121 1.02173 0.692312 0.545855 0.519664 0.722628 1.6517 1.4837 0.738925 0.703408 0.757972 0.702154 0.504364 0.733709 1.55487 0.86752 0.489958 0.47024 0.666223 0.544292
threshold=0.27079107505070998 0.10158891142663963 0.97957695113056176 0.6830127018922193 0.93301270189221952 0 0.056857665866402091 0.077908510372592374 0.054588354999843228 0.47298069797152514 0.63245318005513651 -0.9330127018922193 0.31966905237705384 0.086056542320642804 0.091145833333333343 0.12239583333333334 0.59032258064516141 0.13281250000000003 0.7009216589861752 0.59102031964221136 -0.24999999999999994 0.36673474597906569 0.14322916666666669 0.11718750000000001 0.11596544270602603 0.5948212983223925 0.044906774673665349 1 29.500000000000004 0.48970588235294121
decision_type=2 2 2 2 2 1 2 2 2 2 2 2 2 2 2 2 2 2 2 2 2 2 2 2 2 2 2 1 2 2
left_child=1 -1 10 12 5 6 -5 -8 9 26 11 -2 27 -10 19 16 21 -18 22 20 -13 -16 23 24 -17 -26 -7 -3 -29 -30
right_child=2 3 -4 4 -6 8 7 -9 13 -11 -12 14 -14 -15 15 18 17 -19 -20 -21 -22 -23 -24 -25 25 -27 -28 28 29 -31
leaf_value=-0.001479497518759459 0.00039109931269676264 -5.0526132970240007e-06 0.00089111504438238529 -0.00011834732695619204 -0.00070556344259679437 0.00027711718966807471 0.00053499334667795044 0.00026191470105749783 -0.00030726513762204904 -0.00033462606951104208 -1.2240760350956315e-05 -0.0001203231195730889 -0.00037757544229497761 0.00051995769225686862 0.00018469078337218407 -2.3419483444061351e-05 0.00031449351780023471 0.00013693054480109278 -0.00016539913712279106 -8.525664370858875e-05 0.00025500659608062302 -3.8084757299516048e-05 -3.6960605196041629e-05 0.00012414149308970188 3.3332061271870651e-06 0.00043539920122175903 0.00091835874423852528 -0.00041836296009884264 4.5905024182610106e-05 -0.00026052669979076388
leaf_weight=1630 25 422 24 41 181 20 33 38 89 26 96 38 748 21 28 77 38 25 33 58 50 43 27 31 20 23 25 267 202 53
leaf_count=1630 25 422 24 41 181 20 33 38 89 26 96 38 748 21 28 77 38 25 33 58 50 43 27 31 20 23 25 267 202 53
internal_value=-0.00125361 -0.00174341 0.00166981 -0.00100554 0.000101265 0.0016075 0.00388521 0.00671821 -1.57074e-05 0.00249292 0.00141176 0.00188372 -0.0013156 -0.00163635 0.00158248 0.00221738 0.00394027 0.00747607 0.00112322 8.21905e-05 0.00177271 0.000802805 0.00188763 0.0025629 0.00149999 0.00606963 0.00499989 -0.000775424 -0.00136466 -0.000294117
internal_weight=4432 3796 636 2166 474 293 112 71 181 71 612 516 1692 110 491 345 134 63 211 146 88 71 178 151 120 43 45 944 522 255
internal_count=4432 3796 636 2166 474 293 112 71 181 71 612 516 1692 110 491 345 134 63 211 146 88 71 178 151 120 43 45 944 522 255
cat_boundaries=0 1 2
cat_threshold=47 554
is_linear=0
shrinkage=0.03


Tree=71
num_leaves=31
num_cat=2
split_feature=5 5 9 16 10 10 9 6 19 0 9 9 17 2 19 13 0 17 9 5 1 1 16 4 6 6 10 16 9 1
split_gain=6.41631 3.01632 1.25201 0.948525 1.69347 3.61043 1.34109 0.8646 0.81669 0.722466 1.02649 1.55863 0.633802 0.788856 0.646797 0.852984 0.662478 0.657783 0.595184 0.572565 0.525522 0.504365 0.478691 0.441349 0.422505 0.854047 0.767672 2.40409 0.648391 0.619037
threshold=0.27079107505070998 0.086206896551724158 0.97957695113056176 29.500000000000004 -0.5 -0.6830127018922193 0.35922684172137131 0.34608294930875583 0 0.63245318005513651 0.80598103574033564 0.92924872355944577 0.34018381414347726 0.018229166666666668 1 1.0000000180025095e-35 0.37807704580811868 0.33208765798362 0.50474106491611981 0.21805273833671404 0.16927083333333334 0.15364583333333334 1.5000000000000002 0.15364583333333334 0.62350230414746555 0.66175115207373281 -0.5 27.500000000000004 0.61670313639679086 0.11197916666666667
decision_type=2 2 2 2 2 2 2 2 1 2 2 2 2 2 1 2 2 2 2 2 2 2 2 2 2 2 2 2 2 2
left_child=1 -1 9 8 5 7 -7 -5 22 10 20 -12 14 -14 -6 19 -17 -18 -8 23 21 24 -3 -16 26 28 27 -2 -26 -27
right_child=2 3 -4 4 12 6 18 -9 -10 -11 11 -13 13 -15 15 16 17 -19 -20 -21 -22 -23 -24 -25 25 29 -28 -29 -30 -31
leaf_value=-0.0020818521126390595 -0.00037881277476749112 0.00024155315122712626 0.00086438159305091209 -0.00044933787066803817 -0.00044699207629311788 0.00089566000865784544 0.00014465078231895039 0.00040860270139025039 -0.00044010058130206022 -1.1873537540426282e-05 0.00038402949335307701 -0.00011916178097770931 4.0814823214379076e-05 -0.0003632490226628074 -0.0002141643043771525 0.00050516210477042928 5.219367291003519e-06 0.00013806123725628876 0.0012829115692855391 3.9987682869730375e-05 -6.4005885172793632e-05 0.00024086613004830495 -0.00013030928070368794 0.00030927104332040522 9.7232003821284577e-05 3.4682376283124055e-05 -2.9900611855157237e-06 0.0017414187809856765 0.00033906827333191319 -2.9557272007693989e-05
leaf_weight=1349 33 22 24 70 144 21 21 22 849 96 26 21 25 276 320 23 212 25 21 30 47 33 346 20 26 40 198 20 21 51
leaf_count=1349 33 22 24 70 144 21 21 22 849 96 26 21 25 276 320 23 212 25 21 30 47 33 346 20 26 40 198 20 21 51
internal_value=-0.00126038 -0.00172761 0.0015283 -0.00109971 -0.000512195 0.00241934 0.00795225 -0.00136955 -0.00169351 0.0012647 0.0017093 0.00593604 -0.000934884 -0.00210298 -0.00048062 -4.68756e-05 0.00126923 0.000797464 0.00485703 -0.000972971 0.00128571 0.00162085 -0.000460317 -0.00132353 0.00131876 0.00265215 0.000585654 0.00379238 0.00593604 0.000956033
internal_weight=4432 3796 636 2447 1230 155 63 92 1217 612 516 47 1075 301 774 630 260 237 42 370 469 422 368 340 389 138 251 53 47 91
internal_count=4432 3796 636 2447 1230 155 63 92 1217 612 516 47 1075 301 774 630 260 237 42 370 469 422 368 340 389 138 251 53 47 91
cat_boundaries=0 1 2
cat_threshold=522 272
is_linear=0
shrinkage=0.03


Tree=72
num_leaves=31
num_cat=1
split_feature=6 16 7 5 11 17 9 11 8 19 9 6 7 12 17 4 1 5 5 7 4 8 6 9 9 2 6 8 7 7
split_gain=5.8861 2.54317 3.31048 1.71607 1.44683 2.41014 1.59833 1.32987 2.99435 1.18548 1.81301 1.89849 1.04443 1.08944 1.03104 0.986124 0.952928 1.39292 1.46101 0.911848 0.804925 1.2753 0.68855 0.677251 0.668158 0.557419 0.981382 1.14156 0.694412 0.517878
threshold=0.30921658986175121 29.500000000000004 0.22769620777782279 0.082995267072346182 0.6830127018922193 0.40894391966641147 0.71298322392414315 0.6830127018922193 0.094246451924224248 0 0.57330415754923425 0.35529953917050699 0.11146912280415879 -1.0000000180025095e-35 0.3128317766059529 0.054687500000000007 0.096354166666666671 0.39046653144016236 0.33367139959432052 0.075870623877683993 0.12239583333333334 0.21176080412325526 0.5986175115207375 0.69146608315098479 0.44128373450036479 0.085937500000000014 0.64377880184331815 0.19218106975147189 0.095648249209454236 0.022453387336832647
decision_type=2 2 2 2 2 2 2 2 2 1 2 2 2 2 2 2 2 2 2 2 2 2 2 2 2 2 2 2 2 2
left_child=3 9 4 -1 6 12 14 29 -9 10 20 -12 13 -6 24 -15 19 18 -18 -8 -2 -22 -11 25 -3 -13 27 -27 -28 -5
right_child=1 2 -4 7 5 -7 16 8 -10 22 11 23 -14 15 -16 -17 17 -19 -20 -21 21 -23 -24 -25 -26 26 28 -29 -30 -31
leaf_value=-0.0022365347497126458 -0.0002214616864226216 0.00035529044478387322 0.00081082992094486073 0.00031696701745598775 -9.2872081778337968e-05 -3.3882639384931575e-05 0.00029161810375933473 0.0010701039561010698 -8.2847975640392343e-05 -0.00051820767019175953 0.00058363501349559298 -0.00014272746864337301 0.00035782399739565099 0.00055898337195777034 -0.00011872926765649288 0.0010973234860244055 0.00017648281166164731 4.934157711388778e-05 0.00076060206482970712 -0.00039675133901735188 0.00024860191818345227 -0.00070385722792452887 9.5613476969500979e-06 -0.00022995509155861142 3.9754977378743074e-06 0.00028257623597531073 0.00012711695756123477 8.7631310656557338e-05 -0.00013932521240718186 -0.00040513972162252481
leaf_weight=1284 238 35 23 20 25 50 29 28 221 330 22 31 22 27 211 34 27 34 23 34 24 22 80 48 196 20 20 31 25 1218
leaf_count=1284 238 35 23 20 25 50 29 28 221 330 22 31 22 27 211 34 27 34 23 34 24 22 80 48 196 20 20 31 25 1218
internal_value=-0.0012333 0.000178807 0.00144156 -0.00207975 0.00109638 0.00364555 0.000412562 -0.00138601 0.000614455 -0.000912458 0.000116089 0.00232994 0.00616661 0.00467436 -0.000488687 0.00683595 0.00312243 0.00521422 0.00839983 0.000333327 -0.00141549 0.00221734 -0.00207142 0.00128571 0.000896099 0.00243305 0.00356246 0.00641164 0.000333325 -0.00178837
internal_weight=4432 1661 770 2771 747 158 589 1487 249 891 481 197 108 86 442 61 147 84 50 63 284 46 410 175 231 127 96 51 45 1238
internal_count=4432 1661 770 2771 747 158 589 1487 249 891 481 197 108 86 442 61 147 84 50 63 284 46 410 175 231 127 96 51 45 1238
cat_boundaries=0 1
cat_threshold=554
is_linear=0
shrinkage=0.03


Tree=73
num_leaves=31
num_cat=2
split_feature=20 5 9 9 11 8 19 1 1 6 19 7 9 5 6 9 7 16 3 17 4 8 16 7 9 4 3 9 1 3
split_gain=5.44328 2.69885 1.34141 0.704687 0.774035 1.91095 1.33625 1.12553 0.757594 0.601898 0.672735 1.10496 0.788424 0.58071 0.829581 1.3227 0.540347 0.923066 0.744012 0.530079 0.529077 0.492809 0.859866 2.04076 0.812364 0.899933 0.777563 0.906052 1.06317 1.08618
threshold=0.39309753285064181 0.27079107505070998 0.97957695113056176 0.17396061269146609 0.25000000000000017 0.094246451924224248 0 0.065104166666666671 0.049479166666666671 0.31935483870967746 1 0.06607095970507626 0.69146608315098479 0.14300202839756596 0.24322262831717786 0.49781181619256026 0.058101126053317166 29.500000000000004 0.049479166666666671 0.29725129776189269 0.059895833333333336 0.18916446128283268 29.500000000000004 0.19614921917087011 0.80598103574033564 0.091145833333333343 0.12760416666666669 0.66411378555798695 0.10677083333333334 0.10677083333333334
decision_type=2 2 2 2 2 2 1 2 2 2 1 2 2 2 2 2 2 2 2 2 2 2 2 2 2 2 2 2 2 2
left_child=16 3 21 -2 9 -6 7 8 -7 -5 11 12 -11 14 -8 -16 -1 -18 -19 -13 -21 26 -23 24 -24 -26 27 28 -3 -30
right_child=1 2 -4 4 5 6 13 -9 -10 10 -12 19 -14 -15 15 -17 17 18 -20 20 -22 22 23 -25 25 -27 -28 -29 29 -31
leaf_value=-0.0014149146914447127 -0.00089643141367347161 0.00034774243421983604 0.00083056854185566294 -0.00028603762641071621 0.00087478788663336376 6.0935097602152562e-05 -0.00051076994968581458 -4.3743884159735483e-06 0.000453654037290404 1.6011681839388511e-05 -0.00012712242179034367 -0.00016406787413278178 0.0002180819043640313 -0.00019968133993093209 1.0849328664827967e-05 0.00067663516698687808 -0.0013605958796715047 -0.00041234461502782346 0.00084119579831952495 -0.00019101288366196601 0.00011883440169611265 -9.9400830998038424e-06 -9.4962930846893395e-07 0.00053987062211908749 -6.6366266399953686e-05 0.00035849790613806545 -1.4637202592481249e-05 -2.397357892753107e-06 -3.0151367729127754e-05 0.00025978364607038499
leaf_weight=1557 190 30 24 713 28 23 73 66 26 23 308 68 26 379 63 23 98 60 24 21 27 195 174 30 20 20 52 40 29 22
leaf_count=1557 190 30 24 713 28 23 73 66 26 23 308 68 26 379 63 23 98 60 24 21 27 195 174 30 20 20 52 40 29 22
internal_value=-0.00126038 -0.000415522 0.00129245 -0.000943607 -0.000766471 3.96468e-05 -0.000289434 0.00251998 0.00618355 -0.00122934 -0.000399577 0.00111428 0.00495908 -0.000919707 0.000584901 0.00258136 -0.00256872 -0.00102197 0.0012857 -0.00041379 0.00199996 0.00101961 0.000485192 0.00167212 0.000644856 0.00449989 0.00237571 0.00369418 0.00551845 0.0028823
internal_weight=4432 2693 636 2057 1867 681 653 115 49 1186 473 165 49 538 159 86 1739 182 84 116 48 612 439 244 214 40 173 121 81 51
internal_count=4432 2693 636 2057 1867 681 653 115 49 1186 473 165 49 538 159 86 1739 182 84 116 48 612 439 244 214 40 173 121 81 51
cat_boundaries=0 1 2
cat_threshold=70 42
is_linear=0
shrinkage=0.03


Tree=74
num_leaves=31
num_cat=3
split_feature=6 5 9 19 4 10 10 16 6 0 16 9 5 16 13 16 10 10 19 13 5 19 9 2 9 18 18 2 1 4
split_gain=5.28671 2.33571 1.38723 0.955349 0.814195 0.804246 1.08938 0.928311 1.07345 0.670953 0.797077 0.926327 0.668893 0.630065 0.761487 0.561431 1.13107 3.2591 0.499879 0.994055 0.622192 0.48034 1.28713 0.770853 0.695107 0.812604 0.761211 0.531223 0.733213 0.547058
threshold=0.23572223105037346 0.26470588235294129 0.97957695113056176 0 0.12239583333333334 -0.24999999999999994 -0.6830127018922193 12.500000000000002 0.30552995391705079 0.47781967737816494 23.500000000000004 0.24507658643326041 0.082995267072346182 17.500000000000004 -0.22252093395631442 29.500000000000004 -0.5 -0.6830127018922193 1 1.0000000180025095e-35 0.11460446247464504 2 0.80598103574033564 0.15885416666666669 0.47191830780452232 0.46029411764705885 0.4485294117647059 0.12239583333333334 0.091145833333333343 0.12760416666666669
decision_type=2 2 2 1 2 2 2 2 2 2 2 2 2 2 2 2 2 2 1 2 2 1 2 2 2 2 2 2 2 2
left_child=12 3 21 4 5 6 9 -8 -9 10 11 -2 -1 -6 -15 -14 17 -17 19 -18 -21 22 23 24 -3 26 -26 28 -27 -30
right_child=1 2 -4 -5 13 -7 7 8 -10 -11 -12 -13 15 14 -16 16 18 -19 -20 20 -22 -23 -24 -25 25 27 -28 -29 29 -31
leaf_value=-0.002286887217894119 -0.00058591760834499659 -8.309856269512141e-06 0.00080565148559999186 -0.00021733727128255321 -3.8275341422695565e-05 -0.00031731043771755709 -9.4018940747086049e-06 0.00016971936190780806 0.00065852541886332681 -0.00024380918353845429 -0.00027495107256268091 0.00014882368161400292 -0.00076349660988787318 0.00024843196540678665 0.00038679719805268724 -0.0006945950098835831 -0.00014368144164705844 0.0011612143379223663 -0.00038837968142626226 0.00075269517415977151 8.615322987406908e-05 -3.874322354451155e-06 0.0003422357592383557 -3.5397178055879015e-05 0.00012775401828587926 -0.00019629684614043457 0.00097577689836801781 -6.04406507729695e-05 0.00023139651091036935 -5.2265836010634514e-06
leaf_weight=1257 22 64 24 1219 32 263 27 29 24 121 20 24 317 21 22 32 55 22 217 20 26 211 28 72 20 20 27 49 108 39
leaf_count=1257 22 64 24 1219 32 263 27 29 24 121 20 24 317 21 22 32 55 22 217 20 26 211 28 72 20 20 27 49 108 39
internal_value=-0.00127392 -0.000357201 0.00116918 -0.000911184 7.31699e-05 -0.000339623 0.000820221 0.00374995 0.00605649 -0.000433153 0.00199997 0.00417382 -0.00244501 0.00299996 0.00537197 -0.00169376 -0.000903224 0.00311105 -0.0015849 0.00024324 0.00352166 0.000902819 0.00146224 0.00106015 0.00167889 0.00236121 0.00593604 0.00158333 0.00238921 0.00312243
internal_weight=4432 2486 662 1824 605 530 267 80 53 187 66 46 1946 75 43 689 372 54 318 101 46 638 427 399 327 263 47 216 167 147
internal_count=4432 2486 662 1824 605 530 267 80 53 187 66 46 1946 75 43 689 372 54 318 101 46 638 427 399 327 263 47 216 167 147
cat_boundaries=0 1 2 3
cat_threshold=42 197 554
is_linear=0
shrinkage=0.03


Tree=75
num_leaves=31
num_cat=0
split_feature=5 5 7 16 7 8 9 4 2 9 11 16 5 7 8 4 7 9 9 7 2 2 7 4 1 8 11 11 16 12
split_gain=4.65753 2.38364 0.872604 0.860959 3.7113 0.832957 0.810753 0.761423 0.628049 0.604415 0.554764 1.33573 1.80315 1.49265 2.22665 1.93779 0.982531 0.752081 1.53838 0.532785 0.53032 0.93733 1.01649 0.657827 0.380932 0.353446 0.388788 0.385383 0.748939 0.846349
threshold=0.084178498985801223 0.31947261663286008 0.02149017771572934 29.500000000000004 0.22769620777782279 0.18264427710219064 0.17396061269146609 0.11718750000000001 0.16406250000000003 0.47191830780452232 0.25000000000000017 13.500000000000002 0.15838404327248143 0.043362410548815823 0.092976158837091025 0.080729166666666671 0.068441601191932266 0.30415754923413574 0.27425237053245816 0.05222052120960112 0.10156250000000001 0.15885416666666669 0.1136185938746033 0.085937500000000014 0.12760416666666669 0.32168781531003504 1.0000000180025095e-35 -0.5 26.500000000000004 -0.60785761079279388
decision_type=2 2 2 2 2 2 2 2 2 2 2 2 2 2 2 2 2 2 2 2 2 2 2 2 2 2 2 2 2 2
left_child=-1 2 -2 5 9 7 -4 -3 -7 -5 25 -12 13 -13 -15 16 19 18 -14 -16 -11 22 24 -24 -22 26 27 -8 29 -29
right_child=1 3 6 4 -6 8 10 -9 -10 20 11 12 17 14 15 -17 -18 -19 -20 -21 21 -23 23 -25 -26 -27 -28 28 -30 -31
leaf_value=-0.0019217302899009398 0.00057801157709054638 -1.7244421906960929e-05 -0.00078051502853018881 -8.0495635988675292e-05 0.0011851815422631758 -0.00010776028542479499 -0.00016842839021970706 4.7671947546703018e-05 0.00012079957120564398 -1.4871572033502322e-05 -0.00037846128047445634 -0.00047270977529792355 -0.0002848869952903859 0.0011512491436775762 0.0003024823092712768 0.00060613914113435692 0.00048133737664334707 -6.3093906513981204e-05 0.00031257102757187619 -0.00037207487556037059 8.4133339838153402e-05 -2.7418606762735e-05 0.00031120201172127288 0.00060660483578073396 -4.1362738908987207e-05 8.8014669897101076e-05 -0.00029260043554748172 0.00011929159737862932 0.0004025403089259991 -0.00013790250519336443
leaf_weight=1310 23 28 256 24 20 106 933 34 26 57 321 50 45 20 37 21 34 248 20 57 21 40 28 23 21 39 288 93 22 213
leaf_count=1310 23 28 256 24 20 106 933 34 26 57 321 50 45 20 37 21 34 248 20 57 21 40 28 23 21 39 288 93 22 213
internal_value=-0.00129071 -0.000665185 -0.000992647 0.00141588 0.00264101 -6.18561e-05 -0.00104227 0.00280641 -0.00140908 0.00148597 -0.000873823 -0.000256741 0.000665412 0.00275341 0.00410057 0.00283891 0.00145311 -0.000795525 0.00207689 -0.000127659 0.00205262 0.0030902 0.00474188 0.00758809 0.00128568 -0.00120529 -0.00127631 -0.00104917 -0.000164634 -0.000549019
internal_weight=4458 3148 2720 428 234 194 2697 62 132 214 2441 853 532 219 169 149 128 313 65 94 190 133 93 51 42 1588 1549 1261 328 306
internal_count=4458 3148 2720 428 234 194 2697 62 132 214 2441 853 532 219 169 149 128 313 65 94 190 133 93 51 42 1588 1549 1261 328 306
is_linear=0
shrinkage=0.03


Tree=76
num_leaves=31
num_cat=1
split_feature=7 5 9 19 16 9 8 11 16 7 8 18 11 8 2 9 7 6 7 5 9 8 5 4 18 4 9 16 6 7
split_gain=4.59858 1.7 0.924093 0.862977 0.828888 0.95643 1.40098 2.0037 0.82817 2.23654 0.819811 0.920913 0.812986 1.81311 1.65151 1.1115 0.756617 0.750656 0.767832 1.4712 1.10996 0.731983 2.62859 0.707736 0.66751 0.655598 0.646178 1.0037 0.533298 0.528164
threshold=0.043362410548815823 0.31947261663286008 0.17396061269146609 0 29.500000000000004 0.51677607585703877 0.1160777868849175 0.25000000000000017 29.500000000000004 0.22769620777782279 0.18264427710219064 0.45441176470588235 0.6830127018922193 0.21176080412325526 0.049479166666666671 0.53610503282275734 0.095648249209454236 0.307373271889401 0.064385198188347884 0.17139959432048682 0.24507658643326041 0.096943484910633357 0.12237998647734956 0.054687500000000007 0.47794117647058826 0.096354166666666671 0.60649161196207169 9.5000000000000018 0.3147465437788019 0.1136185938746033
decision_type=2 2 2 1 2 2 2 2 2 2 2 2 2 2 2 2 2 2 2 2 2 2 2 2 2 2 2 2 2 2
left_child=-1 2 -2 12 -5 6 7 -6 10 29 16 -12 17 14 23 -16 -3 21 19 -19 -20 22 -4 -14 28 -21 -22 -28 -8 -10
right_child=1 8 3 4 5 -7 24 -9 9 -11 11 -13 13 -15 15 -17 -18 18 20 25 26 -23 -24 -25 -26 -27 27 -29 -30 -31
leaf_value=-0.00088492759742920407 -0.0008403116934193862 8.9644957661531277e-05 -0.0004938710017290364 -0.00032731278566062105 -0.00046868766862704953 -0.00011833507196158107 -1.1793652048185977e-06 0.00085678026565630199 -8.5988256846307873e-07 0.0011496260959952794 0.0002197840395880927 -0.00011167650207573109 0.00037872876164813806 -0.00035084391663758483 -0.00013379099042914471 0.000296024822576131 -3.3596907865270227e-05 0.00026482628047205082 0.00042780905955217674 -0.00022387977582473135 -6.4160309003598881e-05 -0.00035187915755282944 0.00048367745003111969 0.00082208625062720733 -0.00033901525050535162 4.5806469722942483e-05 0.00058869691260795436 -2.9795357259145697e-05 0.00041997300788316642 0.00026850161830641511
leaf_weight=1581 239 30 85 502 22 398 40 32 95 20 30 99 29 86 64 26 28 29 34 38 138 299 20 28 77 20 28 203 20 118
leaf_count=1581 239 30 85 502 22 398 40 32 95 20 30 99 29 86 64 26 28 29 34 38 138 299 20 28 77 20 28 203 20 118
internal_value=-0.0012638 -0.000549531 -0.000851038 -0.000660055 -0.00125613 -0.000504244 0.00124083 0.00533323 0.00121428 0.00240771 -0.000272727 -0.00160464 -7.12408e-05 0.00150643 0.00353059 0.000999988 0.00268961 -0.000483222 0.000306121 0.00286204 -0.000245658 -0.00144059 0.000714278 0.00752618 -0.000372261 0.000103446 -0.000723576 0.000246751 0.00199997 0.00150703
internal_weight=4458 2877 2457 2218 1091 589 191 54 420 233 187 129 1127 233 147 90 58 894 490 87 403 404 105 57 137 58 369 231 60 213
internal_count=4458 2877 2457 2218 1091 589 191 54 420 233 187 129 1127 233 147 90 58 894 490 87 403 404 105 57 137 58 369 231 60 213
cat_boundaries=0 1
cat_threshold=558
is_linear=0
shrinkage=0.03


Tree=77
num_leaves=31
num_cat=1
split_feature=7 20 16 11 10 9 5 19 9 18 18 11 6 6 13 1 18 6 5 10 5 5 10 20 7 4 6 16 13 13
split_gain=4.50383 1.7703 1.00838 2.01581 1.30886 1.75474 1.38306 0.929296 0.830957 1.24028 0.76502 0.736305 0.88071 2.95855 0.709076 0.809561 0.626745 0.624366 0.612277 0.600693 0.562986 1.48422 0.55404 0.55242 0.93208 0.521717 0.865367 0.57247 0.5411 0.472315
threshold=0.043362410548815823 0.55485698752022106 29.500000000000004 0.6830127018922193 0.25000000000000011 0.5970094821298324 0.15720081135902639 0 0.72611232676878201 0.47205882352941181 0.47500000000000003 -0.24999999999999994 0.31290322580645169 0.37741935483870975 1.0000000180025095e-35 0.14843750000000003 0.46029411764705885 0.73963133640553014 0.31947261663286008 0.25000000000000011 0.16734279918864101 0.14638269100743748 0.68301270189221941 0.36643735909897551 0.02149017771572934 0.080729166666666671 0.52396313364055314 12.500000000000002 -0.22252093395631442 1.0000000180025095e-35
decision_type=2 2 2 2 2 2 2 1 2 2 2 2 2 2 2 2 2 2 2 2 2 2 2 2 2 2 2 2 2 2
left_child=23 2 7 16 6 -6 -5 11 10 -10 17 12 -2 -14 15 -11 20 18 19 -3 21 22 -4 -1 -25 -13 27 28 -27 -18
right_child=1 8 3 4 5 -7 -8 -9 9 14 -12 25 13 -15 -16 -17 29 -19 -20 -21 -22 -23 -24 24 -26 26 -28 -29 -30 -31
leaf_value=-0.0020527012560433116 -0.00020170633320350665 0.00031583586723809404 -0.00025996061433113148 0.0010910721683528117 -0.00012954077466908575 0.0013649837295958728 0.00044797692881558737 -0.00041439104745700806 -1.1863291233027758e-05 0.00029514715016540821 -1.3460280851206435e-05 -0.00042291057289685742 0.001237915925866036 -2.9223344264225333e-05 8.4143270978522319e-05 0.00031732522720749238 -0.00027654411447430058 -0.00010369992181213793 0.00019504152716863841 -1.718162530157985e-05 -0.00043149775945278715 0.00030167621220267618 0.00019977760521864486 0.00056464802755711312 -0.00022448262201910335 -0.00070839545251441993 -0.00031424144339831637 0.00035690494315270861 0.00020412350449174806 -6.5942909285203935e-05
leaf_weight=1207 70 25 74 22 115 29 42 692 61 26 294 209 20 39 29 35 434 23 96 56 55 32 21 26 348 20 40 22 22 274
leaf_count=1207 70 25 74 22 115 29 42 692 61 26 294 209 20 39 29 35 434 23 96 56 55 32 21 26 348 20 40 22 22 274
internal_value=-0.00127725 -0.000570386 -0.00097043 -0.000322405 0.00233653 0.000749994 0.00590616 -0.00159788 0.000813952 0.00276157 0.000218622 -0.000477876 0.00141859 0.00411857 0.00499994 0.00683595 -0.00094382 0.00164999 0.00225422 0.000333329 0.000626369 0.0017244 -0.000157894 -0.00256357 -0.00155615 -0.00127476 0.000461533 0.00262496 0.000571414 -0.00134746
internal_weight=4458 2877 2232 1098 208 144 64 1134 645 151 494 442 129 59 90 61 890 200 177 81 182 127 95 1581 374 313 104 64 42 708
internal_count=4458 2877 2232 1098 208 144 64 1134 645 151 494 442 129 59 90 61 890 200 177 81 182 127 95 1581 374 313 104 64 42 708
cat_boundaries=0 1
cat_threshold=554
is_linear=0
shrinkage=0.03


Tree=78
num_leaves=31
num_cat=3
split_feature=0 0 2 6 17 7 16 10 19 1 17 3 4 2 2 3 16 11 8 0 3 8 1 11 19 16 1 1 19 6
split_gain=4.29473 1.71403 0.942801 0.7707 0.917643 0.751393 0.749773 1.78331 0.792065 1.07391 0.895306 0.724585 0.715591 0.672456 0.843497 1.22492 0.659511 1.14195 2.04709 1.00391 0.809287 0.611526 0.498415 0.479055 0.476063 0.564836 0.475253 0.671917 0.715808 0.789848
threshold=0.34766968031203666 0.51769651683048701 0.039062500000000007 0.41059907834101389 0.26538166964513665 0.02149017771572934 27.500000000000004 -0.5 0 0.14322916666666669 0.2941818597976989 0.070312500000000014 0.091145833333333343 0.091145833333333343 0.10677083333333334 0.10156250000000001 29.500000000000004 0.6830127018922193 0.099015322869268382 0.4465628893442356 0.049479166666666671 0.1482181984897806 0.13802083333333334 -0.24999999999999994 1 1.5000000000000002 0.059895833333333336 0.054687500000000007 2 0.20994756078182111
decision_type=2 2 2 2 2 2 2 2 1 2 2 2 2 2 2 2 2 2 2 2 2 2 2 2 1 2 2 2 1 2
left_child=21 5 -3 -4 -5 -2 13 -8 10 11 -9 -10 -11 -6 15 -15 24 26 -19 20 -20 -1 23 -16 25 -7 27 28 29 -18
right_child=1 2 3 4 6 16 7 8 9 12 -12 -13 -14 14 22 -17 17 18 19 -21 -22 -23 -24 -25 -26 -27 -28 -29 -30 -31
leaf_value=-0.0020325017778801452 0.00054770858673039945 0.00032085416045467578 -0.00010068934297398809 -6.0740462474272174e-05 -6.0537070520415537e-05 0.00020345891428086798 0.0015846954827824981 0.00013808043442984191 0.0002990163769275039 0.00024511274591232769 -1.174432692928092e-05 -1.3291766956431432e-05 0.00061691591706624575 -1.5493194772447698e-06 0.00012076190827200924 0.00029209282119869789 0.00037464824853071494 0.0010582760963469761 0.00029858834916998705 -0.00018760796050031636 0.001700415359426035 6.4663121064786709e-05 -8.6929644276777986e-05 -3.5384684607459362e-06 -0.00055984967152904164 -0.00020794476833844766 -0.00025563628057765416 0.00015716827176149545 -0.00026825916138690056 -6.9608860251097375e-06
leaf_weight=1265 26 32 148 135 98 22 30 21 20 27 140 71 32 22 34 21 23 20 46 102 22 24 53 67 680 369 321 54 432 101
leaf_count=1265 26 32 148 135 98 22 30 21 20 27 140 71 32 22 34 21 23 20 46 102 22 24 53 67 680 369 321 54 432 101
internal_value=-0.00128398 -0.000690124 0.000375393 0.000199129 0.000579765 -0.00114698 0.0010566 0.00201466 0.00134083 0.00281248 -0.000192982 0.000956033 0.00615244 -5.0848e-05 0.000959385 0.00467431 -0.00120712 -0.000698484 0.00142104 0.000352938 0.00317642 -0.00274399 -7.79223e-05 0.0011584 -0.00173949 -0.000830423 -0.00113104 -0.000639344 -0.000949639 0.00102984
internal_weight=4458 3169 951 919 771 2218 636 341 311 150 161 91 59 295 197 43 2192 1121 190 170 68 1289 154 101 1071 391 931 610 556 124
internal_count=4458 3169 951 919 771 2218 636 341 311 150 161 91 59 295 197 43 2192 1121 190 170 68 1289 154 101 1071 391 931 610 556 124
cat_boundaries=0 1 2 3
cat_threshold=138 554 132
is_linear=0
shrinkage=0.03


Tree=79
num_leaves=31
num_cat=1
split_feature=5 19 9 7 5 9 8 9 7 7 8 1 4 16 10 10 7 7 8 11 2 10 10 9 12 7 4 9 5 9
split_gain=4.16576 1.40828 1.16678 1.06339 0.92144 0.824955 0.793724 1.01187 1.40184 0.728244 1.05985 0.765443 0.71531 0.658413 1.28558 1.32962 0.498058 1.00536 0.972844 0.77973 0.808536 0.604526 1.02846 0.872626 0.699556 1.05492 0.692281 0.46091 0.43823 0.410789
threshold=0.079310344827586213 0 0.18745441283734501 0.026939363447750605 0.31947261663286008 0.47191830780452232 0.092976158837091025 0.60649161196207169 0.043362410548815823 0.15278835336889349 0.32168781531003504 0.10677083333333334 0.044270833333333336 29.500000000000004 -0.5 -0.6830127018922193 0.045406247467067069 0.058101126053317166 0.17796410352255287 1.0000000180025095e-35 0.059895833333333336 -0.5 -0.6830127018922193 0.5970094821298324 -0.60785761079279388 0.076914195107654987 0.091145833333333343 0.23450036469730126 0.4269776876267749 0.80598103574033564
decision_type=2 1 2 2 2 2 2 2 2 2 2 2 2 2 2 2 2 2 2 2 2 2 2 2 2 2 2 2 2 2
left_child=-1 13 -3 -4 6 -6 7 8 -5 11 28 -7 -8 -2 15 -15 -14 18 19 -18 -21 22 27 -23 25 -25 -27 -19 -11 -13
right_child=1 2 3 4 5 9 12 -9 -10 10 -12 29 16 14 -16 -17 17 21 -20 20 -22 23 -24 24 -26 26 -28 -29 -30 -31
leaf_value=-0.0019748678970971188 -0.00029062397959806591 -0.00068659608202206615 0.00048527103960216357 -0.00022904450534286144 -5.3016160953222195e-05 0.00019737893191934476 -0.00019369065113834349 -0.00010697791894962498 0.00061985113908874588 0.00072191392059005679 0.00011621920477267525 -1.2624966999995872e-05 -0.00020576789153387164 -0.0004576827876346031 -0.00011229650185428432 0.00090822645554000116 -0.0001395866048408167 0.00025999579058854158 0.00029547511505416017 0.00038284174290727587 -0.00017971961361715574 -0.00011508661961002944 0.00044861553772483349 0.00065656756041623061 -2.7445401752643806e-05 0.00032708170113018766 -0.00014871102877251648 -0.00024139023033966205 0.00028356943728012878 0.00030165201591223861
leaf_weight=1246 640 200 32 25 57 44 423 65 33 22 39 121 86 42 545 36 61 39 29 21 20 218 39 21 184 26 26 69 20 29
leaf_count=1246 640 200 32 25 57 44 423 65 33 22 39 121 86 42 545 36 61 39 29 21 20 218 39 21 184 26 26 69 20 29
internal_value=-0.0013109 -0.000739727 -0.000228178 1.88672e-05 -8.21206e-05 0.00133734 -0.000422383 0.00187803 0.00475854 0.00201817 0.00440735 0.00102061 -0.000646593 -0.00151532 -0.000833065 0.00276919 -0.000139452 0.000107569 0.00249616 0.00111764 0.00431697 -0.000395498 0.0012857 -0.000915788 0.000268481 0.00275339 0.000461529 -0.000222221 0.0077141 -7.15251e-10
internal_weight=4458 3212 1949 1749 1717 332 1385 123 58 275 81 194 1262 1263 623 78 839 753 131 102 41 622 147 475 257 73 52 108 42 150
internal_count=4458 3212 1949 1749 1717 332 1385 123 58 275 81 194 1262 1263 623 78 839 753 131 102 41 622 147 475 257 73 52 108 42 150
cat_boundaries=0 1
cat_threshold=464
is_linear=0
shrinkage=0.03


end of trees

feature_importances:
rolling_std_30=253
seasonality_index=252
rolling_mean_30=231
rolling_std_7=217
days_to_holiday=197
month_cos=170
units_sold=169
rolling_mean_7=169
trend_strength=140
month_sin=106
lag_30=86
category=75
acceleration=66
lag_7=64
lag_1=57
anchor=47
lag_14=39
dow_cos=38
dow_sin=24

parameters:
[boosting: gbdt]
[objective: quantile]
[metric: quantile]
[tree_learner: serial]
[device_type: cpu]
[data_sample_strategy: bagging]
[data: ]
[valid: ]
[num_iterations: 1000]
[learning_rate: 0.03]
[num_leaves: 31]
[num_threads: 0]
[seed: 42]
[deterministic: 0]
[force_col_wise: 0]
[force_row_wise: 0]
[histogram_pool_size: -1]
[max_depth: -1]
[min_data_in_leaf: 20]
[min_sum_hessian_in_leaf: 0.001]
[bagging_fraction: 0.8]
[pos_bagging_fraction: 1]
[neg_bagging_fraction: 1]
[bagging_freq: 5]
[bagging_seed: 400]
[bagging_by_query: 0]
[feature_fraction: 0.8]
[feature_fraction_bynode: 1]
[feature_fraction_seed: 30056]
[extra_trees: 0]
[extra_seed: 12879]
[early_stopping_round: 0]
[early_stopping_min_delta: 0]
[first_metric_only: 0]
[max_delta_step: 0]
[lambda_l1: 0]
[lambda_l2: 0.001]
[linear_lambda: 0]
[min_gain_to_split: 0]
[drop_rate: 0.1]
[max_drop: 50]
[skip_drop: 0.5]
[xgboost_dart_mode: 0]
[uniform_drop: 0]
[drop_seed: 17869]
[top_rate: 0.2]
[other_rate: 0.1]
[min_data_per_group: 100]
[max_cat_threshold: 32]
[cat_l2: 10]
[cat_smooth: 10]
[max_cat_to_onehot: 4]
[top_k: 20]
[monotone_constraints: ]
[monotone_constraints_method: basic]
[monotone_penalty: 0]
[feature_contri: ]
[forcedsplits_filename: ]
[refit_decay_rate: 0.9]
[cegb_tradeoff: 1]
[cegb_penalty_split: 0]
[cegb_penalty_feature_lazy: ]
[cegb_penalty_feature_coupled: ]
[path_smooth: 0]
[interaction_constraints: ]
[verbosity: -1]
[saved_feature_importance_type: 0]
[use_quantized_grad: 0]
[num_grad_quant_bins: 4]
[quant_train_renew_leaf: 0]
[stochastic_rounding: 1]
[linear_tree: 0]
[max_bin: 255]
[max_bin_by_feature: ]
[min_data_in_bin: 3]
[bin_construct_sample_cnt: 200000]
[data_random_seed: 175]
[is_enable_sparse: 1]
[enable_bundle: 1]
[use_missing: 1]
[zero_as_missing: 0]
[feature_pre_filter: 1]
[pre_partition: 0]
[two_round: 0]
[header: 0]
[label_column: ]
[weight_column: ]
[group_column: ]
[ignore_column: ]
[categorical_feature: 19]
[forcedbins_filename: ]
[precise_float_parser: 0]
[parser_config_file: ]
[objective_seed: 16083]
[num_class: 1]
[is_unbalance: 0]
[scale_pos_weight: 1]
[sigmoid: 1]
[boost_from_average: 1]
[reg_sqrt: 0]
[alpha: 0.9]
[fair_c: 1]
[poisson_max_delta_step: 0.7]
[tweedie_variance_power: 1.5]
[lambdarank_truncation_level: 30]
[lambdarank_norm: 1]
[label_gain: ]
[lambdarank_position_bias_regularization: 0]
[eval_at: ]
[multi_error_top_k: 1]
[auc_mu_weights: ]
[num_machines: 1]
[local_listen_port: 12400]
[time_out: 120]
[machine_list_filename: ]
[machines: ]
[gpu_platform_id: -1]
[gpu_device_id: -1]
[gpu_use_dp: 0]
[num_gpu: 1]

end of parameters

pandas_categorical:[["auto", "bed_bath_table", "computers_accessories", "furniture_decor", "garden_tools", "health_beauty", "housewares", "sports_leisure", "telephony", "watches_gifts"]]
