tree
version=v4
num_class=1
num_tree_per_iteration=1
label_index=0
max_feature_idx=20
objective=regression
feature_names=units_sold lag_1 lag_7 lag_14 lag_30 rolling_mean_7 rolling_mean_30 rolling_std_7 rolling_std_30 seasonality_index month_sin month_cos dow_sin dow_cos is_weekend is_holiday days_to_holiday trend_strength acceleration category anchor
feature_infos=[0:0.77253560138447708] [0:1] [0:1] [0:1] [0:1] [0:1] [0:1] [0:1] [0:1] [0:1] [-1:1] [-1:1] [-0.97492791218182362:0.97492791218182362] [-0.90096886790241903:1] [0:1] [0:1] [1:30] [0.0099565994383455925:1] [0:1] -1:3:7:5:1:2:6:8:4:0:9 [0:0.77253560138447708]
tree_sizes=2787 2953 2945 2963 2962 2945 2956 2953 2977 2947 2973 2981 2935 2963 2952 2995 2978 2982 2979 2979 2946 2964 2945 3007 2956 2994 2996 2985 3013 2933 2963 2992 3025 3025 3007 2952 2964 2981 3022 2992 3004 3026 3009 3001 2969 3016 3010 2999 2986 3023 3057 2990 2967 3015 3009 2992 2996 3035 3023 3009 2996 3007 3040 3028 3016 3030 3037 3031 3026 3051 3036 3004 3021 3046 3032 3047 3061 3045 3031 3065 3026 3007 3034 3059 3057 3036 3045 3030 3038 3039 3044 3030 3049 3032 3039 3021 3038 3036 3039 3053 3075 3044 3041 3045 3067 3104 3050 3053 3001 3044 3003 3088 3035 3068 3061 3058 3052 3093 3088 3068 3071 3086 3045 3057 3018 3088 3029 3031 3080 3079 3057 3056 3086 3066 3056 3113 3100 3034 3002 3061 3068 3082 3047 3070 3050 3092 3080 3070 3121 3104 3128 3117 3076 3051 3035 3069 3078 3009 3059 3115 3097 3124 2990 3044 3035 3136 3077 3077 3064 3054 3080 3106 3170 3079 3033 3076 3055 3132 3062 3096 3057 3114 3081 3078 3042 3039 3034 3103 3119 3101 3072 3048 3051 3071 3012 3051 3092 3064 3046 3073 3108 2998 3064 3079 3014 3104 3053 3072 3085 3052 3069 3103 3097 3057 3064 3070 3044 3102 3125 3071 3079 3050 3093 3023 3095 3059 3028 3054 3050 3109 3083 3067 3045 3112 3129 3078 3086 3070 3042 3035 3110 3064

Tree=0
num_leaves=31
num_cat=0
split_feature=0 0 0 0 0 0 0 0 5 5 0 0 0 0 0 0 0 0 5 0 0 10 12 0 0 6 17 6 4 0
split_gain=104.285 22.6466 5.75941 4.10854 1.33291 0.654126 0.590385 0.434204 0.294138 0.167159 0.108988 0.0994714 0.0869715 0.078238 0.0567254 0.0545914 0.0517776 0.0413827 0.0365225 0.0308117 0.0233914 0.0144662 0.0162937 0.0142407 0.0134709 0.0134354 0.0127141 0.0126176 0.012364 0.0102033
threshold=0.20681904689606379 0.44245385302474427 0.53408883435755816 0.34072235714602689 1.0000000180025095e-35 0.59889677441000055 0.39691598310638843 0.47880175080509063 0.055780933062880331 0.44523326572008121 0.08076589754599578 0.56286410739646286 0.51352851336407135 0.37510248215901731 0.32319281828654317 0.42141001303737941 0.46628748604459441 0.26145367489924248 0.60243407707910757 0.62126974362323695 0.49630345877563281 0.25000000000000011 0.6078576107927941 0.30761688447424484 0.58757867942685726 0.092343140730237527 0.37286188409497073 0.20519397970534159 0.075520833333333343 0.34766968031203666
decision_type=2 2 2 2 2 2 2 2 2 2 2 2 2 2 2 2 2 2 2 2 2 2 2 2 2 2 2 2 2 2
left_child=4 3 7 8 21 11 13 16 17 19 -6 26 20 27 23 -8 -3 25 -11 -7 -9 -1 -23 -10 -13 -2 -4 29 -29 -5
right_child=1 2 5 6 10 9 15 12 14 18 -12 24 -14 -15 -16 -17 -18 -19 -20 -21 -22 22 -24 -25 -26 -27 -28 28 -30 -31
leaf_value=0.37371008432579317 0.38090712970824409 0.3873314442469673 0.3900692983620081 0.38409012438269641 0.37701344186803315 0.39188091531264013 0.386090977870503 0.38827660947575976 0.38277973501302787 0.39342924318277045 0.38000297472715894 0.39091983172723377 0.38927387923769069 0.38542637031895721 0.38384397877553578 0.38664862770708891 0.38791935055730525 0.38219702228898894 0.3951503677796982 0.39253384075484815 0.38871219659390344 0.37371074353134559 0.37504994207924924 0.3832662970831201 0.39140232439546857 0.38163545802558418 0.39065915300970283 0.3850768726474158 0.38431790402823923 0.38465029730393818
leaf_weight=560 33 380 168 37 17 187 315 256 136 43 31 147 163 235 96 317 209 138 14.999999999999998 100 196 17 15.999999999999998 90 81 74 41 99 24 140
leaf_count=560 33 380 168 37 17 187 315 256 136 43 31 147 163 235 96 317 209 138 15 100 196 17 16 90 81 74 41 99 24 140
internal_value=0.385311 0.387237 0.389424 0.384732 0.374135 0.391429 0.38575 0.388122 0.382637 0.392405 0.378944 0.390658 0.38868 0.385016 0.383233 0.386371 0.38754 0.381854 0.393875 0.392108 0.388465 0.373746 0.37436 0.382973 0.391091 0.381411 0.390185 0.384695 0.384929 0.384533
internal_weight=4361 3720 1986 1734 641 782 1167 1204 567 345 48 437 615 535 322 632 589 245 58 287 452 593 33 226 228 107 209 300 123 177
internal_count=4361 3720 1986 1734 641 782 1167 1204 567 345 48 437 615 535 322 632 589 245 58 287 452 593 33 226 228 107 209 300 123 177
is_linear=0
shrinkage=1


Tree=1
num_leaves=31
num_cat=0
split_feature=0 0 0 0 1 0 0 0 5 5 0 0 0 0 0 0 0 0 5 0 1 1 1 5 0 0 1 17 17 6
split_gain=98.1217 21.3082 5.41903 3.86573 1.25901 0.615468 0.555493 0.40883 0.277583 0.157282 0.0935926 0.0873241 0.0747711 0.0736142 0.0633038 0.0557571 0.051365 0.0444788 0.0343646 0.0291385 0.0259925 0.0194905 0.0154776 0.0139089 0.0129994 0.0126749 0.0120778 0.0119628 0.0118878 0.0118719
threshold=0.20681904689606379 0.44245385302474427 0.53408883435755816 0.34072235714602689 1.0000000180025095e-35 0.59889677441000055 0.39691598310638843 0.48396969785105232 0.057809330628803259 0.44523326572008121 0.56286410739646286 0.08076589754599578 0.46628748604459441 0.37510248215901731 0.51352851336407135 0.26844738175175836 0.42141001303737941 0.32319281828654317 0.60243407707910757 0.62460857321909224 0.033854166666666671 0.044270833333333336 0.028645833333333336 0.037187288708586889 0.49630345877563281 0.58757867942685726 0.028645833333333336 0.37286188409497073 0.29881242682207537 0.20519397970534159
decision_type=2 2 2 2 2 2 2 2 2 2 2 2 2 2 2 2 2 2 2 2 2 2 2 2 2 2 2 2 2 2
left_child=4 3 7 8 -1 10 13 12 15 19 27 -6 -3 29 24 23 21 22 -11 -7 -15 -8 -10 -2 -9 -12 -19 -4 -24 -5
right_child=1 2 5 6 11 9 16 14 17 18 25 -13 -14 20 -16 -17 -18 26 -20 -21 -22 -23 28 -25 -26 -27 -28 -29 -30 -31
leaf_value=-0.011168379827274923 -0.0043916293843332937 0.0020014378950426845 0.0046571572314299224 -0.00071286633308165659 -0.0078960562593086148 0.0064372094424941483 0.000581628327392531 0.0029815623021549865 -0.0023465575104231634 0.0079163077562282979 0.0054821746038630388 -0.0051071828713144338 0.0026374129136704848 -0.00020989806589474875 0.003885600279516537 -0.0027915834642201613 0.0013391057664639044 -0.0015961920248531364 0.009585812953096828 0.0070976147483838717 0.00042743207482526783 0.0010553410078377623 -0.0011677851542010198 -0.0035195272245866324 0.00334076795564376 0.0059501938419302828 -0.00087282310470593262 0.005229319110997918 -0.0020500013218479099 -0.00032915208864931313
leaf_weight=595 19 380 168 177 14.999999999999998 201 171 169 127 43 147 31 296 101 163 139 317 63 14.999999999999998 86 134 144 20 124 196 81 31 41 44 123
leaf_count=595 19 380 168 177 15 201 171 169 127 43 147 31 296 101 163 139 317 63 15 86 134 144 20 124 196 81 31 41 44 123
internal_value=4.18931e-05 0.00190986 0.00403143 -0.000520045 -0.0107987 0.00597591 0.0004673 0.00276849 -0.0025522 0.00692315 0.00522807 -0.00601675 0.00227992 -0.000244089 0.003394 -0.0032195 0.0010695 -0.0018919 0.00834823 0.00663512 0.000153516 0.000798185 -0.00215483 -0.00363543 0.00317446 0.00564847 -0.00135765 0.00476942 -0.00177433 -0.000555545
internal_weight=4361 3720 1986 1734 641 782 1167 1204 567 345 437 46 676 535 528 282 632 285 58 287 235 315 191 143 365 228 94 209 64 300
internal_count=4361 3720 1986 1734 641 782 1167 1204 567 345 437 46 676 535 528 282 632 285 58 287 235 315 191 143 365 228 94 209 64 300
is_linear=0
shrinkage=0.03


Tree=2
num_leaves=31
num_cat=0
split_feature=0 0 0 0 0 0 0 5 0 5 0 0 0 0 0 0 0 0 5 0 5 10 12 5 0 8 18 0 18 5
split_gain=92.3227 20.0545 4.52981 4.03404 1.18153 0.715063 0.441626 0.359883 0.328025 0.147988 0.10402 0.0959241 0.0826767 0.0799926 0.0673751 0.0499311 0.0482052 0.0429457 0.0323342 0.0275764 0.0240259 0.0136182 0.0153385 0.0133903 0.0133812 0.012524 0.0123845 0.0123314 0.010882 0.0105673
threshold=0.20681904689606379 0.45871292428797134 0.34766968031203666 0.54460969367221124 1.0000000180025095e-35 0.40444634706958454 0.59889677441000055 0.061189993238674779 0.49630345877563281 0.44523326572008121 0.43918682946971144 0.08076589754599578 0.37510248215901731 0.26844738175175836 0.52080508158020811 0.32319281828654317 0.56764902299890541 0.4724571835247911 0.60243407707910757 0.61912653167645637 0.12677484787018259 0.25000000000000011 0.6078576107927941 0.037187288708586889 0.53121608501887896 0.10962305582349027 0.5102941176470589 0.39691598310638843 0.48676470588235299 0.055780933062880331
decision_type=2 2 2 2 2 2 2 2 2 2 2 2 2 2 2 2 2 2 2 2 2 2 2 2 2 2 2 2 2 2
left_child=4 2 7 8 21 12 16 13 17 19 20 -6 -4 23 -10 -9 26 -3 28 -8 -7 -1 -23 -2 -16 -17 -5 -14 -11 -15
right_child=1 3 5 6 11 10 9 15 14 18 -12 -13 27 29 24 25 -18 -19 -20 -21 -22 22 -24 -25 -26 -27 -28 -29 -30 -31
leaf_value=-0.010876231739256089 -0.0042598875524069053 0.0022404709008381589 -0.00046773948245664831 0.0047237507274741387 -0.0077586228335915532 0.00085380840600437027 0.0061953952296930773 -0.0019585447139592624 0.0033293391642708514 0.0070866860892378463 0.0017908064964907982 -0.004953972406223672 0.00014891053054025049 -0.0028001166553081481 0.0038288327591486163 -0.0013158024400770308 0.0055270344318447996 0.0027589605686831309 0.0092982572958029298 0.0067959851699232379 0.0012711798860226807 -0.010875631087626099 -0.0095766083939836412 -0.0034051131399999274 0.004355363625989349 -0.00069277474648040001 0.0054760542565193138 0.0005669928293646837 0.0080657040383750565 -0.0023654642359869382
leaf_weight=560 19 239 247 139 17 232 172 127 260 17 291 31 235 106 87 106 200 361 14.999999999999998 115 267 17 15.999999999999998 126 87 40 23 87 26 96
leaf_count=560 19 239 247 139 17 232 172 127 260 17 291 31 235 106 87 106 200 361 15 115 267 17 16 126 87 40 23 87 26 96
internal_value=4.06365e-05 0.00185256 -0.000213446 0.004201 -0.0104747 0.000756002 0.00594739 -0.00233841 0.00300689 0.00671546 0.00134002 -0.00594743 -5.48489e-05 -0.00297951 0.00363516 -0.00152353 0.00521538 0.00255243 0.0080978 0.00643607 0.00107713 -0.0108412 -0.0102461 -0.00351715 0.00409212 -0.00114512 0.00483059 0.000261872 0.00767882 -0.00259356
internal_weight=4361 3720 1979 1741 641 1359 707 620 1034 345 790 48 569 347 434 273 362 600 58 287 499 593 33 145 174 146 162 322 43 202
internal_count=4361 3720 1979 1741 641 1359 707 620 1034 345 790 48 569 347 434 273 362 600 58 287 499 593 33 145 174 146 162 322 43 202
is_linear=0
shrinkage=0.03


Tree=3
num_leaves=31
num_cat=0
split_feature=20 20 20 5 1 20 20 5 20 5 20 20 20 20 20 20 20 20 5 20 1 5 10 20 18 16 1 5 20 1
split_gain=86.8665 18.8693 4.2621 3.79686 1.11506 0.672803 0.438828 0.338614 0.289611 0.139244 0.0978721 0.0777905 0.077133 0.0752652 0.0605266 0.0516462 0.0469802 0.0415614 0.0304236 0.0261133 0.0230336 0.022606 0.0181449 0.0144858 0.0140303 0.0130671 0.0126968 0.0125991 0.0120603 0.011986
threshold=0.20681904689606379 0.45871292428797134 0.34766968031203666 0.24847870182555784 1.0000000180025095e-35 0.40444634706958454 0.59889677441000055 0.061189993238674779 0.49630345877563281 0.44523326572008121 0.43918682946971144 0.37510248215901731 0.08076589754599578 0.26844738175175836 0.52080508158020811 0.56286410739646286 0.32319281828654317 0.4724571835247911 0.60243407707910757 0.62460857321909224 0.033854166666666671 0.12677484787018259 0.25000000000000011 0.53121608501887896 0.44264705882352945 25.500000000000004 0.091145833333333343 0.037187288708586889 0.39691598310638843 0.013020833333333334
decision_type=2 2 2 2 2 2 2 2 2 2 2 2 2 2 2 2 2 2 2 2 2 2 2 2 2 2 2 2 2 2
left_child=4 2 7 8 22 11 15 13 17 19 21 -4 -6 27 -10 24 29 -3 -11 -8 28 -7 -1 -16 -5 -26 -19 -2 -13 -9
right_child=1 3 5 6 12 10 9 16 14 18 -12 20 -14 -15 23 -17 -18 26 -20 -21 -22 -23 -24 -25 25 -27 -28 -29 -30 -31
leaf_value=-0.010549945171527677 -0.004132097335741599 0.0021654843646761734 -0.00045370734911017732 0.0038340567450831798 -0.0074264473413977652 0.00082819424943280794 0.0060556335252992931 -0.0024478728073578228 0.0032141096719447465 0.0074484702014736802 0.0017370824858004852 -0.00020806846437724529 -0.004805357815707823 -0.0025157558511247529 0.0036815567892975872 0.0053156716632289632 -0.0011107627804965534 0.0026039977528476404 0.0090193288356937903 0.0066808114665767269 0.00047796182765700858 0.0012330446159978979 -0.009843486664462154 0.0042480403918171298 0.0044126605076243736 0.0050172621336337644 0.0031149601384306961 -0.0033029605072254845 0.00040741355208432809 -0.0017447520231271205
leaf_weight=560 19 238 247 19 14.999999999999998 232 201 28 258 43 291 101 31 202 85 228 146 310 14.999999999999998 86 181 267 35 78 66 63 51 126 40 99
leaf_count=560 19 238 247 19 15 232 201 28 258 43 291 101 31 202 85 228 146 310 15 86 181 267 35 78 66 63 51 126 40 99
internal_value=3.94175e-05 0.00179699 -0.000207042 0.00407497 -0.0101605 0.000733322 0.00574132 -0.00226826 0.00289708 0.006514 0.00129982 -5.32034e-05 -0.0056602 -0.00289012 0.00350007 0.00503233 -0.00147782 0.00247328 0.00785488 0.00624299 0.000254016 0.00104482 -0.0105084 0.00395266 0.0045958 0.00470797 0.00267619 -0.00341163 -3.3462e-05 -0.00189979
internal_weight=4361 3720 1979 1741 641 1359 721 620 1020 345 790 569 46 347 421 376 273 599 58 287 322 499 595 163 148 129 361 145 141 127
internal_count=4361 3720 1979 1741 641 1359 721 620 1020 345 790 569 46 347 421 376 273 599 58 287 322 499 595 163 148 129 361 145 141 127
is_linear=0
shrinkage=0.03


Tree=4
num_leaves=31
num_cat=0
split_feature=0 0 0 0 0 0 0 0 0 5 0 0 0 0 0 0 0 5 0 5 1 1 0 5 1 1 10 12 0 6
split_gain=81.7341 18.0822 4.51259 3.37809 0.567953 0.512502 0.461286 0.342666 0.259724 0.131015 0.0782602 0.0690238 0.0605867 0.0584349 0.0441408 0.0434797 0.0402501 0.028626 0.0271443 0.0247371 0.0228551 0.0181126 0.0173141 0.0144996 0.0143918 0.0121523 0.011938 0.0144384 0.0117292 0.0108805
threshold=0.14734340017519185 0.44245385302474427 0.53408883435755816 0.34072235714602689 1.0000000180025095e-35 0.59889677441000055 0.39691598310638843 0.47880175080509063 0.28110326190941948 0.44523326572008121 0.56286410739646286 0.51352851336407135 0.37510248215901731 0.30960096628317918 0.08076589754599578 0.42141001303737941 0.46628748604459441 0.60243407707910757 0.23559660932262541 0.39452332657200817 0.033854166666666671 0.044270833333333336 0.49630345877563281 0.046044624746450311 0.018229166666666668 0.028645833333333336 0.25000000000000011 0.6078576107927941 0.58757867942685726 0.20519397970534159
decision_type=2 2 2 2 2 2 2 2 2 2 2 2 2 2 2 2 2 2 2 2 2 2 2 2 2 2 2 2 2 2
left_child=4 3 7 8 26 10 12 16 18 19 -4 22 29 24 -6 21 -3 -11 -2 -7 -14 -8 -9 -20 -10 -15 -1 -28 -12 -5
right_child=1 2 5 6 14 9 15 11 13 17 28 -13 20 25 -16 -17 -18 -19 23 -21 -22 -23 -24 -25 -26 -27 27 -29 -30 -31
leaf_value=-0.010233447755153327 -0.003846365339270501 0.0018262001892610975 0.0043523777042333992 -0.00065492635895064927 -0.0072945674376153676 0.0059199600238486524 0.00051688551594013493 0.0026692068706359209 -0.0025771935307685426 0.0072250211887011874 0.0049962540794051902 0.003551874843908431 -0.00020182647096723402 -0.0016529787727084279 -0.0051316990988246542 0.0012233183449347899 0.0023445472683331523 0.0087487665218286912 -0.0033334075049809174 0.0066281758548584818 0.00039580317676293688 0.00097354542530995016 0.0030439670310055795 -0.0027926345220687146 -0.0020230344491589934 -0.0011270312435718072 -0.01025409431964059 -0.0089940420724952102 0.0054464128204007841 -0.00028758431702095985
leaf_weight=560 42 380 209 177 17 232 171 256 71 43 147 163 101 116 17 317 209 14.999999999999998 73 55 134 144 196 115 104 60 17 15.999999999999998 81 123
leaf_count=560 42 380 209 177 17 232 171 256 71 43 147 163 101 116 17 317 209 15 73 55 134 144 196 115 104 60 17 16 81 123
internal_value=3.82351e-05 0.00172121 0.00367979 -0.000504044 -0.00998442 0.0054542 0.000426504 0.0025273 -0.00237315 0.00631858 0.00477178 0.0030226 -0.000221761 -0.00185968 -0.00621332 0.000975272 0.00201013 0.00761924 -0.00315672 0.0060557 0.00013895 0.000725647 0.00283172 -0.00300263 -0.00224788 -0.00147369 -0.0102006 -0.00964345 0.0051562 -0.000504318
internal_weight=4361 3734 1986 1748 627 782 1167 1204 581 345 437 615 535 351 34 632 589 58 230 287 235 315 452 188 175 176 593 33 228 300
internal_count=4361 3734 1986 1748 627 782 1167 1204 581 345 437 615 535 351 34 632 589 58 230 287 235 315 452 188 175 176 593 33 228 300
is_linear=0
shrinkage=0.03


Tree=5
num_leaves=31
num_cat=0
split_feature=0 0 0 0 0 0 0 0 5 5 0 0 0 5 0 0 0 5 0 0 6 18 18 18 6 0 18 8 18 18
split_gain=75.7128 17.6834 3.72449 3.72264 0.618691 0.60901 0.430354 0.275604 0.241643 0.120717 0.0722153 0.0658059 0.0625377 0.0481545 0.0448287 0.0407159 0.0362291 0.0298264 0.0290312 0.0258924 0.0177155 0.0161413 0.0150029 0.0147777 0.0126498 0.0125635 0.012091 0.0118204 0.0111214 0.0105336
threshold=0.14734340017519185 0.45245807143466038 0.34072235714602689 0.53840388049425569 0.40173184401392875 1.0000000180025095e-35 0.59889677441000055 0.49067235489645161 0.055780933062880331 0.44523326572008121 0.43051651313122302 0.37807704580811868 0.57040581497477094 0.21517917511832321 0.08076589754599578 0.47151883933976957 0.26145367489924248 0.60243407707910757 0.30761688447424484 0.61636054089337511 0.1494994438264739 0.436764705882353 0.49264705882352944 0.48088235294117648 0.19917368504687752 0.23559660932262541 0.48088235294117648 0.099015322869268382 0.5102941176470589 0.48382352941176471
decision_type=2 2 2 2 2 2 2 2 2 2 2 2 2 2 2 2 2 2 2 2 2 2 2 2 2 2 2 2 2 2
left_child=5 2 8 7 11 -1 12 15 16 19 22 24 28 -9 -7 -3 25 29 -10 -8 -13 -14 -6 -22 27 -2 -26 -4 -5 -11
right_child=1 3 4 6 10 14 9 13 18 17 -12 20 21 -15 -16 -17 -18 -19 -20 -21 23 -23 -24 -25 26 -27 -28 -29 -30 -31
leaf_value=-0.0099000498239531168 -0.003804699429925883 0.0019723922541739418 -0.00050499684327121529 0.0042781186200213173 0.0007712058786151964 -0.0070041754326418517 0.0056281455400513476 0.0029543504944229445 -0.0020890681208546751 0.0064727688402194334 0.0014556220857615994 -0.00053858936670994194 0.0042095649688357875 0.0036031395399382933 -0.0049140872384277074 0.0024571500497449195 -0.0026562667758961026 0.0084747365583263991 -0.0015164362095882642 0.0062097946041374738 8.2893401252611521e-05 0.0051761350797112655 0.0012686547710367673 0.0005645297618321189 -0.00042892878862441558 -0.0031549139459724393 0.00014497099466374033 -0.0011230393962230719 0.0049649527126697443 0.0073864796291250763
leaf_weight=585 38 317 154 186 340 18 151 289 143 21 317 29 17 160 19 307 146 15.999999999999998 180 127 172 186 65 86 106 91 48 34 24 25
leaf_count=585 38 317 154 186 340 18 151 289 143 21 317 29 17 160 19 307 146 16 180 127 172 186 65 86 106 91 48 34 24 25
internal_value=3.42279e-05 0.00163218 -0.000355241 0.00375348 0.000517271 -0.00966396 0.00537044 0.00261874 -0.00232642 0.00616091 0.00111649 -0.000170547 0.00471968 0.00318555 -0.00593105 0.00221089 -0.00297999 0.00735808 -0.00176996 0.00589388 0.000164418 0.00509521 0.000851046 0.00024344 -0.000451644 -0.00334635 -0.000250051 -0.000616776 0.00435664 0.0069695
internal_weight=4397 3775 1949 1826 1351 622 753 1073 598 340 722 629 413 449 37 624 275 62 323 278 287 203 405 258 342 129 154 188 210 46
internal_count=4397 3775 1949 1826 1351 622 753 1073 598 340 722 629 413 449 37 624 275 62 323 278 287 203 405 258 342 129 154 188 210 46
is_linear=0
shrinkage=0.03


Tree=6
num_leaves=31
num_cat=0
split_feature=0 0 0 0 0 0 0 0 5 5 0 0 5 0 0 0 0 5 5 0 1 1 0 0 1 0 1 1 0 10
split_gain=71.2382 16.6419 4.03527 3.04689 0.573015 0.420945 0.404921 0.354287 0.227362 0.113584 0.0729137 0.0591979 0.0453086 0.0434511 0.0429059 0.0421795 0.034088 0.0280639 0.0277881 0.0243622 0.021182 0.0154922 0.013364 0.0123218 0.0118909 0.0118211 0.0117393 0.0108668 0.0105986 0.00964539
threshold=0.14734340017519185 0.44170845893109173 0.53840388049425569 0.34072235714602689 1.0000000180025095e-35 0.39691598310638843 0.59889677441000055 0.49067235489645161 0.055780933062880331 0.44523326572008121 0.46628748604459441 0.56498757140591482 0.21517917511832321 0.42141001303737941 0.37510248215901731 0.08076589754599578 0.26145367489924248 0.60243407707910757 0.064401622718052748 0.61636054089337511 0.044270833333333336 0.033854166666666671 0.58757867942685726 0.32319281828654317 0.049479166666666671 0.23559660932262541 0.085937500000000014 0.080729166666666671 0.45871292428797134 0.25000000000000011
decision_type=2 2 2 2 2 2 2 2 2 2 2 2 2 2 2 2 2 2 2 2 2 2 2 2 2 2 2 2 2 2
left_child=4 3 7 8 29 14 11 10 16 19 28 -4 -9 20 24 -6 25 -11 -10 -8 -7 -16 27 -20 -5 -2 -12 -13 -3 -1
right_child=1 2 6 5 15 13 9 12 18 17 26 22 -14 -15 21 -17 -18 -19 23 -21 -22 -23 -24 -25 -26 -27 -28 -29 -30 -31
leaf_value=-0.0096294439430461808 -0.0036905614759623322 0.0016197223494921987 0.0041753393250997823 -0.00053951104332532467 -0.0067940619573163474 0.00045002377847873777 0.0054593020507279939 0.0028657201994544534 -0.0020494579362486738 0.0067604246559289432 0.0022412990192481616 0.0042685474631806285 0.0034950460201531607 0.001159178763488401 -0.00019554598427548247 -0.0047666723195154232 -0.0025765792945058518 0.0082205103532305857 -0.0016923089969839216 0.0060235021174910959 0.00093316281192777986 0.00027591714631885897 0.0051919644442721714 -0.0012037465952840982 -1.2491579111025165e-05 -0.0030602675461705959 0.0026697079074031798 0.0048717816884641931 0.0019509041889049579 -0.0090352157772350741
leaf_weight=559 38 248 183 268 18 187 151 289 133 46 325 36 160 300 115 19 146 15.999999999999998 109 127 145 138 87 81 45 91 70 107 134 26
leaf_count=559 38 248 183 268 18 187 151 289 133 46 325 36 160 300 115 19 146 16 109 127 145 138 87 81 45 91 70 107 134 26
internal_value=3.32012e-05 0.00158322 0.00348078 -0.000507687 -0.00937404 0.000365322 0.00520933 0.00241911 -0.00225662 0.00597608 0.00203143 0.00457809 0.00308999 0.000897497 -0.000228909 -0.00575313 -0.00289059 0.00713735 -0.00171686 0.00571707 0.000661035 6.16158e-05 0.00489852 -0.00148403 -0.000463742 -0.00324596 0.00231723 0.00471995 0.0017359 -0.00960305
internal_weight=4397 3775 1979 1796 622 1198 753 1226 598 340 777 413 449 632 566 37 275 62 323 278 332 253 230 190 313 129 395 143 382 585
internal_count=4397 3775 1979 1796 622 1198 753 1226 598 340 777 413 449 632 566 37 275 62 323 278 332 253 230 190 313 129 395 143 382 585
is_linear=0
shrinkage=0.03


Tree=7
num_leaves=31
num_cat=0
split_feature=0 0 0 0 0 0 0 0 5 5 5 5 0 0 0 0 0 0 0 1 0 16 0 1 5 18 0 6 16 1
split_gain=67.0281 15.6584 3.79896 2.86682 0.539147 0.454902 0.396067 0.271077 0.213925 0.138911 0.0506269 0.0430774 0.0408831 0.0403702 0.0396868 0.0375032 0.0342188 0.0322261 0.026162 0.0199301 0.0179376 0.0160628 0.0152483 0.0145766 0.0142765 0.0134801 0.0124567 0.0114859 0.0114167 0.0108412
threshold=0.14734340017519185 0.44170845893109173 0.53121608501887896 0.34072235714602689 1.0000000180025095e-35 0.58757867942685726 0.39691598310638843 0.47880175080509063 0.055780933062880331 0.39452332657200817 0.20791075050709942 0.60243407707910757 0.42141001303737941 0.37510248215901731 0.08076589754599578 0.55313495128410028 0.45871292428797134 0.26514453187980547 0.30761688447424484 0.044270833333333336 0.60785668035134688 26.500000000000004 0.49067235489645161 0.033854166666666671 0.45334685598377283 0.43970588235294122 0.23559660932262541 0.19917368504687752 2.5000000000000004 0.049479166666666671
decision_type=2 2 2 2 2 2 2 2 2 2 2 2 2 2 2 2 2 2 2 2 2 2 2 2 2 2 2 2 2 2
left_child=4 3 7 8 -1 15 13 16 17 20 22 21 19 27 -6 -4 -3 26 -10 -8 -7 -11 -9 -15 -23 -17 -2 -5 -14 -29
right_child=1 2 5 6 14 9 12 10 18 11 -12 -13 28 23 -16 25 -18 -19 -20 -21 -22 24 -24 -25 -26 -27 -28 29 -30 -31
leaf_value=-0.0093149583574983416 -0.0035798474511050328 0.0015711309066651026 0.0038381376724456106 -0.0006070672893459273 -0.0065902513230180048 0.0051009225098402914 0.00043652313690898157 0.0023719343640935149 -0.0019682848812061478 0.0055998071758007308 0.0031948742763216469 0.0079739107563230258 0.0003692839910623487 -0.00018967965864565139 -0.0046236796599552193 0.0037474224714630108 0.0020342909070899971 -0.0024633296458970054 -0.0014246865809953014 0.00090516812095004797 0.0055584724723903864 0.0061951332650757116 0.0027339092383134324 0.00026763969697430121 0.0070456982623219103 0.0045302336063379831 -0.00294650021887297 -0.00037218314147736069 0.0011697625787809242 0.00031016895650022369
leaf_weight=585 38 248 149 179 18 168 187 186 143 23 165 15.999999999999998 17 115 19 22 341 131 180 145 143 49 240 138 28 201 106 108 283 26
leaf_count=585 38 248 149 179 18 168 187 186 143 23 165 16 17 115 19 22 341 131 180 145 143 49 240 138 28 201 106 108 283 26
internal_value=3.22054e-05 0.00153572 0.00337635 -0.000492457 -0.00909282 0.0049737 0.000354363 0.00229476 -0.00218893 0.00564184 0.00274869 0.00652793 0.000870573 -0.000222042 -0.00558054 0.00420675 0.00183928 -0.00280387 -0.00166536 0.000641205 0.00531132 0.00629649 0.00257587 5.97673e-05 0.00650452 0.00445302 -0.00311366 -0.00044983 0.0011244 -0.000239785
internal_weight=4397 3775 1979 1796 622 799 1198 1180 598 427 591 116 632 566 37 372 589 275 323 332 311 100 426 253 77 223 144 313 300 134
internal_count=4397 3775 1979 1796 622 799 1198 1180 598 427 591 116 632 566 37 372 589 275 323 332 311 100 426 253 77 223 144 313 300 134
is_linear=0
shrinkage=0.03


Tree=8
num_leaves=31
num_cat=0
split_feature=6 5 5 5 1 5 5 5 5 5 5 5 5 5 5 5 5 7 7 6 9 5 16 5 5 5 1 1 5 2
split_gain=62.8264 14.685 3.22576 3.02784 0.591534 0.412059 0.293804 0.270399 0.246492 0.112882 0.0735085 0.0720638 0.0458182 0.0442076 0.0438561 0.0355455 0.0353299 0.029072 0.0277448 0.0199068 0.0204227 0.0197927 0.0190687 0.0177485 0.0176131 0.0163324 0.0161654 0.0157075 0.0155211 0.014086
threshold=0.061374109761206545 0.14858012170385398 0.24847870182555784 0.082995267072346182 1.0000000180025095e-35 0.11578769438810006 0.38843813387423937 0.19776876267748481 0.060006761325219753 0.30324543610547666 0.10158891142663963 0.16125760649087226 0.60243407707910757 0.034989858012170395 0.13286004056795134 0.22616632860040572 0.054597701149425297 0.11872966494569266 0.19614921917087011 0.19917368504687752 0.72611232676878201 0.0764029749830967 26.500000000000004 0.17917511832319136 0.34381338742393514 0.45334685598377283 0.033854166666666671 0.049479166666666671 0.041582150101419885 0.16927083333333334
decision_type=2 2 2 2 2 2 2 2 2 2 2 2 2 2 2 2 2 2 2 2 2 2 2 2 2 2 2 2 2 2
left_child=4 3 7 8 -1 10 9 11 16 29 19 -3 22 -6 26 -9 28 23 24 20 -5 -10 -8 -13 -11 -24 -7 -12 -2 -4
right_child=1 2 6 5 13 14 12 15 21 18 27 17 -14 -15 -16 -17 -18 -19 -20 -21 -22 -23 25 -25 -26 -27 -28 -29 -30 -31
leaf_value=-0.0090290718884657589 -0.0032120566187796911 0.001664602452897444 0.0042381326737297295 -0.00041372493316581065 -0.0059376116124017671 0.00040377604977104802 0.0053222897191748941 0.0028784169037449009 -0.001547093383152405 0.0048924615920339755 0.00015079886231958122 0.0021824304475238582 0.0077347083692513108 -0.0037825109039646056 0.0012708458921022994 0.0035250144413685562 -0.0021210343113900803 0.0015118116641141435 0.0040783667151416559 -0.00011487615875985714 -0.0012195425474094415 -0.00098364375973931072 0.005960238577175505 0.0025382997812229986 0.0053431427341948902 0.006834334776634054 0.00089397694977316159 0.00063420180160672201 -0.0026481447647103058 0.0033170828263645326
leaf_weight=587 57 248 231 148 20 80 27 225 200 171 204 281 15.999999999999998 14.999999999999998 313 116 105 41 26 167 35 78 62 229 144 28 249 86 192 15.999999999999998
leaf_count=587 57 248 231 148 20 80 27 225 200 171 204 281 16 15 313 116 105 41 26 167 35 78 62 229 144 28 249 86 192 16
internal_value=3.12394e-05 0.00148687 0.00338444 -0.000358155 -0.00880316 0.000479628 0.00495498 0.00239114 -0.00205758 0.00466694 -5.90565e-05 0.00208929 0.00622837 -0.00501413 0.00101663 0.00309838 -0.00258261 0.00228044 0.00502073 -0.000351717 -0.000567849 -0.00138901 0.00602231 0.00234223 0.0050985 0.00623225 0.000774781 0.000294155 -0.00277725 0.00417848
internal_weight=4397 3775 1861 1914 622 1282 721 1140 632 588 640 799 133 35 642 341 354 551 341 350 183 278 117 510 315 90 329 290 249 247
internal_count=4397 3775 1861 1914 622 1282 721 1140 632 588 640 799 133 35 642 341 354 551 341 350 183 278 117 510 315 90 329 290 249 247
is_linear=0
shrinkage=0.03


Tree=9
num_leaves=31
num_cat=0
split_feature=0 0 0 0 0 0 0 0 5 5 5 0 0 5 0 0 0 0 5 0 16 0 0 16 6 0 5 6 8 5
split_gain=59.3525 13.8729 3.36145 2.53912 0.473898 0.403447 0.351185 0.238904 0.188622 0.123068 0.0451493 0.035899 0.0355161 0.0354789 0.0351115 0.0338754 0.030088 0.0294851 0.0239001 0.0185604 0.0163022 0.0135807 0.011088 0.010855 0.0104885 0.0102409 0.0100204 0.00987874 0.0101221 0.00987552
threshold=0.14734340017519185 0.44170845893109173 0.53121608501887896 0.34072235714602689 1.0000000180025095e-35 0.58757867942685726 0.39691598310638843 0.47880175080509063 0.055780933062880331 0.40060851926977692 0.20791075050709942 0.42141001303737941 0.37510248215901731 0.60243407707910757 0.08076589754599578 0.55882118566514938 0.45871292428797134 0.26145367489924248 0.063387423935091294 0.60785668035134688 26.500000000000004 0.49067235489645161 0.32319281828654317 2.5000000000000004 0.1494994438264739 0.23559660932262541 0.45334685598377283 0.19917368504687752 0.099015322869268382 0.13488843813387427
decision_type=2 2 2 2 2 2 2 2 2 2 2 2 2 2 2 2 2 2 2 2 2 2 2 2 2 2 2 2 2 2
left_child=4 3 7 8 -1 15 12 16 17 19 21 29 27 20 -6 -4 -3 25 -10 -7 -11 -9 -20 -13 -14 -2 -22 28 -5 -8
right_child=1 2 5 6 14 9 11 10 18 13 -12 23 24 -15 -16 -17 -18 -19 22 -21 26 -23 -24 -25 -26 -27 -28 -29 -30 -31
leaf_value=-0.0087646388402617906 -0.0033822495131811841 0.0014811813730915902 0.0036776389252456804 -0.00046195786719202195 -0.0062132060103969808 0.0048002738411649726 0.00055953120890516286 0.0022306994610370519 -0.0018833076653628983 0.0052358180002101077 0.0030077196423168953 0.00032065861436234532 -0.00046231303934372528 0.0075026815604078822 -0.0043634598256474975 0.0042504780692668824 0.0019154873817418549 -0.0023458906920081324 -0.0015504389836762038 0.0052565777792401031 0.0058877911854617578 0.0025723078393512741 -0.0010896395849228902 0.0011011914561826299 0.00012676651766137229 -0.0027956036617818214 0.0066293121259096092 -0.00022859835606066077 -0.0010437279435016945 0.0012038892480732174
leaf_weight=585 38 248 190 146 18 168 309 186 130 21 165 17 31 15.999999999999998 19 182 341 146 112 154 40 240 81 283 222 91 28 134 33 23
leaf_count=585 38 248 190 146 18 168 309 186 130 21 165 17 31 16 19 182 341 146 112 154 40 240 81 283 222 91 28 134 33 23
internal_value=3.03024e-05 0.00144512 0.00317763 -0.000463928 -0.00855638 0.00468018 0.000333024 0.00216022 -0.0020605 0.00530941 0.00258637 0.000819107 -0.000209739 0.0062014 -0.00526348 0.00395791 0.00173262 -0.00263793 -0.00156886 0.00501852 0.00596737 0.00242316 -0.00135705 0.00105696 5.45853e-05 -0.00296844 0.00619322 -0.000423394 -0.000569217 0.000604174
internal_weight=4397 3775 1979 1796 622 799 1198 1180 598 427 591 632 566 105 37 372 589 275 323 322 89 426 193 300 253 129 68 313 179 332
internal_count=4397 3775 1979 1796 622 799 1198 1180 598 427 591 632 566 105 37 372 589 275 323 322 89 426 193 300 253 129 68 313 179 332
is_linear=0
shrinkage=0.03


Tree=10
num_leaves=31
num_cat=0
split_feature=0 0 5 0 0 0 0 0 0 5 0 5 0 0 0 0 5 1 0 5 18 16 5 1 1 5 18 1 18 6
split_gain=58.246 13.6292 3.06562 2.47053 0.362149 0.339244 0.312136 0.226157 0.194238 0.102346 0.0602774 0.0470008 0.0432884 0.0429241 0.0322655 0.0247225 0.0229604 0.0227018 0.0214227 0.0205221 0.0173405 0.0150442 0.0134838 0.0134027 0.0131097 0.0121503 0.0114518 0.0101371 0.00985852 0.00956808
threshold=0.14734340017519185 0.44245385302474427 0.23630831643002034 0.34072235714602689 0.59889677441000055 1.0000000180025095e-35 0.39691598310638843 0.49067235489645161 0.28110326190941948 0.45334685598377283 0.57040581497477094 0.16125760649087226 0.30960096628317918 0.37807704580811868 0.41542199475783687 0.51552759237848311 0.60243407707910757 0.033854166666666671 0.61636054089337511 0.040398918187964851 0.44264705882352945 25.500000000000004 0.082995267072346182 0.039062500000000007 0.018229166666666668 0.072008113590263698 0.436764705882353 0.065104166666666671 0.47205882352941181 0.16027331956141747
decision_type=2 2 2 2 2 2 2 2 2 2 2 2 2 2 2 2 2 2 2 2 2 2 2 2 2 2 2 2 2 2
left_child=5 3 7 8 10 -1 13 11 19 18 20 -3 24 22 27 -9 -11 -15 -6 -2 -4 -22 -5 -13 -10 -14 -12 -8 -16 -26
right_child=1 2 4 6 9 -7 14 15 12 16 26 23 25 17 28 -17 -18 -19 -20 -21 21 -23 -24 -25 29 -27 -28 -29 -30 -31
leaf_value=-0.0085042843726718231 -0.0032247384321591618 0.0015726316041646845 0.0030201270072198953 -0.00080909733576363472 0.0048341608833389607 -0.0051834876126435067 0.00043039414080067484 0.002532301439156687 -0.0022287890901248508 0.0060723473119842436 0.003755573998129444 0.0016234100109943899 -0.0014901196372356133 -0.00023094924976748546 0.00076160098926721673 0.0030107664998675438 0.0074091416512807526 0.00039392411635616448 0.0053523754733803535 -0.0025426306651833361 0.0035526821378281371 0.0040473675735941397 -0.0003199875332466507 0.0021293299957441743 -0.0018138467191000695 -0.00098993427909621992 0.0044660284519118234 0.00098682654608792781 0.0010644460300129016 -0.0010017324600577466
leaf_weight=614 50 339 30 62 164 29 221 273 70 42 23 55 90 90 167 151 15.999999999999998 125 128 193 116 106 279 330 101 85 185 34 230 14.999999999999998
leaf_count=614 50 339 30 62 164 29 221 273 70 42 23 55 90 90 167 151 16 125 128 193 116 106 279 330 101 85 185 34 230 15
internal_value=-9.02689e-06 0.00141436 0.00314959 -0.000460693 0.00456279 -0.00835452 0.000322596 0.00215248 -0.00202727 0.00529003 0.00400944 0.00183024 -0.00158587 -0.000199616 0.000767917 0.0027027 0.00644124 0.000132349 0.00506134 -0.00268299 0.00369739 0.0037889 -0.000408919 0.00205706 -0.00190453 -0.00124718 0.00438749 0.000504589 0.000937055 -0.00170884
internal_weight=4413 3770 1958 1812 810 643 1208 1148 604 350 460 724 361 556 652 424 58 215 292 243 252 222 341 385 186 175 208 255 397 116
internal_count=4413 3770 1958 1812 810 643 1208 1148 604 350 460 724 361 556 652 424 58 215 292 243 252 222 341 385 186 175 208 255 397 116
is_linear=0
shrinkage=0.03


Tree=11
num_leaves=31
num_cat=0
split_feature=20 20 5 20 20 5 20 20 20 5 20 20 20 20 5 20 10 5 20 5 7 12 18 16 6 5 18 16 18 18
split_gain=54.8037 12.8237 2.88444 2.32452 0.340747 0.321103 0.293689 0.212791 0.182758 0.0962978 0.056715 0.0446229 0.0407301 0.0403873 0.0307044 0.0232614 0.0228208 0.0216038 0.0201897 0.0193094 0.0182031 0.0163277 0.0163156 0.0141551 0.0133255 0.0126869 0.0123811 0.0113432 0.0109989 0.0107748
threshold=0.14734340017519185 0.44245385302474427 0.23630831643002034 0.34072235714602689 0.59889677441000055 0.024256254225828267 0.39691598310638843 0.49067235489645161 0.28110326190941948 0.45334685598377283 0.57040581497477094 0.46628748604459441 0.30960096628317918 0.37807704580811868 0.12457741717376607 0.51552759237848311 0.25000000000000011 0.60243407707910757 0.61912653167645637 0.040398918187964851 0.035560207127244885 1.0000000180025095e-35 0.44264705882352945 25.500000000000004 0.18229779119656767 0.082995267072346182 0.48676470588235299 2.5000000000000004 0.48676470588235299 0.436764705882353
decision_type=2 2 2 2 2 2 2 2 2 2 2 2 2 2 2 2 2 2 2 2 2 2 2 2 2 2 2 2 2 2
left_child=5 3 7 8 10 16 13 11 19 18 22 -3 26 25 24 -9 -1 -11 -6 -2 -14 -18 -4 -24 -8 -5 -10 -16 -15 -12
right_child=1 2 4 6 9 -7 14 15 12 17 29 -13 20 28 27 -17 21 -19 -20 -21 -22 -23 23 -25 -26 -27 -28 -29 -30 -31
leaf_value=-0.008272175083584736 -0.0031279982421074442 0.0015250211979134889 0.0029295262546941581 -0.00078482480520888952 0.0047097175410294508 -0.0044549693039988144 1.212241293765188e-05 0.0024563326661474413 -0.0019547390226176604 0.0058901812762823117 0.0036429117107089713 0.0019969544601256242 -0.0015549484637856225 2.5732799609202252e-06 0.00025880751683896958 0.0029204441239218506 -0.0082081616200489465 0.0071868811329560949 0.0052214016409384816 -0.002466352155859343 -0.00093853553404101453 -0.0069199857619528611 0.0034461026392705804 0.0039259476684331681 0.00060029734265317403 -0.00031038794150186456 -0.0012891687393221506 0.00097783388660898241 0.00049435219644265575 0.0043320483558206982
leaf_weight=586 50 340 30 62 178 21 40 273 156 42 23 384 77 160 21 151 15.999999999999998 15.999999999999998 114 193 98 20 116 106 260 279 30 331 55 185
leaf_count=586 50 340 30 62 178 21 40 273 156 42 23 384 77 160 21 151 16 16 114 193 98 20 116 106 260 279 30 331 55 185
internal_value=-8.75594e-06 0.00137193 0.00305511 -0.000446873 0.00442591 -0.00810389 0.000312918 0.0020879 -0.00196645 0.00513133 0.00388916 0.00177533 -0.0015383 -0.000193627 0.000744879 0.00262162 -0.00822707 0.00624801 0.0049095 -0.00260251 -0.00120976 -0.00749272 0.00358647 0.00367523 0.000521874 -0.000396651 -0.0018474 0.000934938 0.000128379 0.00425586
internal_weight=4413 3770 1958 1812 810 643 1208 1148 604 350 460 724 361 556 652 424 622 58 292 243 175 36 252 222 300 341 186 352 215 208
internal_count=4413 3770 1958 1812 810 643 1208 1148 604 350 460 724 361 556 652 424 622 58 292 243 175 36 252 222 300 341 186 352 215 208
is_linear=0
shrinkage=0.03


Tree=12
num_leaves=31
num_cat=0
split_feature=0 0 0 0 5 0 0 0 0 0 5 5 5 0 0 0 1 1 16 5 7 5 1 1 5 5 11 1 1 5
split_gain=51.5648 12.0659 2.71588 2.18714 0.302125 0.276332 0.267015 0.253448 0.171957 0.0724861 0.0592259 0.0432551 0.0429193 0.038323 0.0380005 0.0291288 0.0234202 0.020964 0.0185725 0.0181683 0.0171273 0.0163638 0.0127032 0.0120838 0.0119371 0.011218 0.0107304 0.00952103 0.00945076 0.00944479
threshold=0.14734340017519185 0.44245385302474427 0.54460969367221124 0.34072235714602689 0.024256254225828267 0.39691598310638843 0.49067235489645161 0.61433241398902261 0.28110326190941948 0.58757867942685726 0.57505070993914809 0.21805273833671404 0.16125760649087226 0.30960096628317918 0.37807704580811868 0.41542199475783687 0.080729166666666671 0.033854166666666671 26.500000000000004 0.040398918187964851 0.035560207127244885 0.45334685598377283 0.039062500000000007 0.018229166666666668 0.082995267072346182 0.26064908722109537 0.93301270189221952 0.049479166666666671 0.065104166666666671 0.057809330628803259
decision_type=2 2 2 2 2 2 2 2 2 2 2 2 2 2 2 2 2 2 2 2 2 2 2 2 2 2 2 2 2 2
left_child=4 3 6 8 -1 14 12 9 19 16 18 -8 -3 23 24 28 -4 -16 -9 -2 -15 -20 -14 -10 -5 -18 -13 -17 -7 -21
right_child=1 2 7 5 -6 15 11 10 13 -11 -12 26 22 20 17 27 25 -19 21 29 -22 -23 -24 -25 -26 -27 -28 -29 -30 -31
leaf_value=-0.0079802630928841392 -0.0030341601329923512 0.0014777811546935454 0.0033231071540632561 -0.00076128043804376112 -0.0043213265677882534 0.00040069316121235123 0.002409236060629036 0.0046840938776178389 -0.0021032850804518018 0.0044425476980154378 0.0067376837696045836 0.0030808611364013835 0.0015181474530152417 -0.001508300606573261 -0.00022458982354871525 0.00075869005601868537 0.0035063564070825595 0.00037589193660100075 0.0051530999820581886 -0.0024575968501341964 -0.00091037975307918355 0.00601847741414173 0.0020105777955657096 -0.0016040991539777749 -0.00030107633316842921 0.0040267789397069181 0.0024237409981941837 0.0010565534484006658 0.00093795896813411673 -0.0017168842433886551
leaf_weight=622 50 339 85 62 21 221 303 59 70 242 23 161 55 77 90 231 48 125 93 176 98 25 331 116 279 168 26 166 34 17
leaf_count=622 50 339 85 62 21 221 303 59 70 242 23 161 55 77 90 231 48 125 93 176 98 25 331 116 279 168 26 166 34 17
internal_value=-8.49319e-06 0.00133077 0.00296345 -0.000433467 -0.00786077 0.00030353 0.00208972 0.00439223 -0.00190746 0.00405594 0.00530523 0.00263069 0.0017241 -0.00149215 -0.000187818 0.000722533 0.0037451 0.000124528 0.00511905 -0.00252443 -0.00117347 0.00533649 0.00194042 -0.00179198 -0.000384752 0.00391115 0.00298951 0.00088324 0.000472332 -0.00239236
internal_weight=4413 3770 1958 1812 643 1208 1215 743 604 543 200 490 725 361 556 652 301 215 177 243 175 118 386 186 341 216 187 397 255 193
internal_count=4413 3770 1958 1812 643 1208 1215 743 604 543 200 490 725 361 556 652 301 215 177 243 175 118 386 186 341 216 187 397 255 193
is_linear=0
shrinkage=0.03


Tree=13
num_leaves=31
num_cat=0
split_feature=20 20 20 20 20 20 20 20 5 5 20 20 20 20 20 1 1 5 20 7 16 5 1 5 20 5 8 5 1 9
split_gain=48.5173 11.3528 2.55671 2.05788 0.321068 0.286134 0.260451 0.167135 0.161924 0.0850057 0.0557054 0.048144 0.0406599 0.0398513 0.0244381 0.0226613 0.020826 0.0194987 0.0180648 0.0135674 0.0130435 0.012885 0.012768 0.0124999 0.0118031 0.0112317 0.0109237 0.0105197 0.0102187 0.00905451
threshold=0.14734340017519185 0.44245385302474427 0.53121608501887896 0.34072235714602689 0.59889677441000055 1.0000000180025095e-35 0.40173184401392875 0.49067235489645161 0.057809330628803259 0.45334685598377283 0.56286410739646286 0.37807704580811868 0.46628748604459441 0.26844738175175836 0.30960096628317918 0.033854166666666671 0.16406250000000003 0.12457741717376607 0.62460857321909224 0.035560207127244885 25.500000000000004 0.21805273833671404 0.018229166666666668 0.52839756592292109 0.23559660932262541 0.082995267072346182 0.0917847730396293 0.26876267748478705 0.080729166666666671 0.51239970824215908
decision_type=2 2 2 2 2 2 2 2 2 2 2 2 2 2 2 2 2 2 2 2 2 2 2 2 2 2 2 2 2 2
left_child=5 3 7 8 10 -1 11 12 13 18 20 25 -3 24 22 -13 -11 -8 -6 -16 -4 -9 -10 -18 -2 -5 -24 -22 -12 -19
right_child=1 2 4 6 9 -7 17 21 14 16 28 15 -14 -15 19 -17 23 29 -20 -21 27 -23 26 -25 -26 -27 -28 -29 -30 -31
leaf_value=-0.0077624895163522761 -0.0030850014995706973 0.0014332927222573421 0.0031069302603646885 -0.00073844240853591253 0.0044683338390820292 -0.0047126966772817391 0.00053959786766529373 0.0023369591752282139 -0.0020624970342689179 0.005063217186807337 0.0035335622073081386 -0.00014948459202293154 0.0018835073190412637 -0.0019582631206328826 -0.0014317802411728722 0.00039480831544785568 0.0056633504690349005 0.00071463647685608039 0.0049863333467885448 -0.00087666084784007172 0.0034312488402142645 0.002729789047234964 -0.0016127058841074765 0.0067483208449416457 -0.0024993771507794819 -0.00029204407968588629 -0.00078151729304757505 0.0042935222999214073 0.0040382883866618615 0.0010242447853725061
leaf_weight=614 41 340 133 62 206 29 240 303 45 19 44 122 385 141 67 158 17 149 86 97 85 100 68 22 127 279 18 14.999999999999998 203 198
leaf_count=614 41 340 133 62 206 29 240 303 45 19 44 122 385 141 67 158 17 149 86 97 85 100 68 22 127 279 18 15 203 198
internal_value=-8.23812e-06 0.00129085 0.00287455 -0.000420463 0.00413833 -0.00762495 0.000294425 0.00194464 -0.00185024 0.00482933 0.00363447 -0.000133852 0.00167237 -0.00233018 -0.00134751 0.000157652 0.0058785 0.000747507 0.00462091 -0.00110345 0.00330167 0.00243444 -0.00165303 0.00627554 -0.00264231 -0.000373209 -0.00143875 0.00356063 0.00394839 0.000891303
internal_weight=4413 3770 1958 1812 830 643 1208 1128 604 350 480 621 725 309 295 280 58 587 292 164 233 403 131 39 168 341 86 100 247 347
internal_count=4413 3770 1958 1812 830 643 1208 1128 604 350 480 621 725 309 295 280 58 587 292 164 233 403 131 39 168 341 86 100 247 347
is_linear=0
shrinkage=0.03


Tree=14
num_leaves=31
num_cat=0
split_feature=20 20 20 20 5 20 20 20 20 20 5 5 5 20 20 20 1 1 16 5 5 1 18 5 11 5 5 18 5 1
split_gain=45.6499 10.6818 2.40633 1.93626 0.269985 0.245202 0.235924 0.224905 0.152872 0.0643894 0.0526705 0.038598 0.0379868 0.0338703 0.0334474 0.0260209 0.0212165 0.0186347 0.0170789 0.0164703 0.0145782 0.0118624 0.0111162 0.0105679 0.0100046 0.00998521 0.00982348 0.00899999 0.00909239 0.00875826
threshold=0.14734340017519185 0.44245385302474427 0.54460969367221124 0.34072235714602689 0.024256254225828267 0.39691598310638843 0.49067235489645161 0.61433241398902261 0.28110326190941948 0.58757867942685726 0.57505070993914809 0.16125760649087226 0.21805273833671404 0.30960096628317918 0.37807704580811868 0.41542199475783687 0.080729166666666671 0.033854166666666671 26.500000000000004 0.040398918187964851 0.45334685598377283 0.039062500000000007 0.48676470588235299 0.082995267072346182 0.93301270189221952 0.072008113590263698 0.26064908722109537 0.47205882352941181 0.14858012170385398 0.065104166666666671
decision_type=2 2 2 2 2 2 2 2 2 2 2 2 2 2 2 2 2 2 2 2 2 2 2 2 2 2 2 2 2 2
left_child=4 3 6 8 -1 14 11 9 19 16 18 -3 -8 22 23 29 -4 -16 -9 -2 -20 -13 -10 -5 -14 -15 -18 -17 -29 -7
right_child=1 2 7 5 -6 15 12 10 13 -11 -12 21 24 25 17 27 26 -19 20 -21 -22 -23 -24 -25 -26 -27 -28 28 -30 -31
leaf_value=-0.007509157306870645 -0.0028617792857417806 0.0013886164923890684 0.0031218049643171558 -0.00071628948325334451 -0.0040503187709680921 0.00037484708979618198 0.0022668506443219417 0.0044005953782047377 -0.0017867262203098847 0.0041807921598265201 0.0063441104985782308 0.0014192920480730778 0.0028988464785617988 -0.001323786807327882 -0.00021336771263747993 0.00066454108268631693 0.0033026919234844772 0.00035277111459332489 0.0048530975839999177 -0.0022507098881424485 0.0056698919475033282 0.0018951429266453814 -0.0011560765594786139 -0.00028328278844206651 0.0022643544076429017 -0.00087035170894198075 0.0037896980354269641 0.00090060069021945808 0.0016215789475786699 0.00089205417687213096
leaf_weight=622 50 339 85 62 21 221 303 59 156 242 23 55 161 90 90 167 48 125 93 193 25 331 30 279 26 85 168 213 17 34
leaf_count=622 50 339 85 62 21 221 303 59 156 242 23 55 161 90 90 167 48 125 93 193 25 331 30 279 26 85 168 213 17 34
internal_value=-7.99078e-06 0.00125212 0.00278832 -0.000407849 -0.0073962 0.000285592 0.00196588 0.0041332 -0.00179473 0.00381642 0.00499326 0.0016222 0.00247438 -0.00140315 -0.000177254 0.000680288 0.00352345 0.000115783 0.00481769 -0.00237646 0.00502619 0.00182734 -0.00168502 -0.000362013 0.00281064 -0.00110355 0.00368149 0.00083218 0.000953897 0.000443811
internal_weight=4413 3770 1958 1812 643 1208 1215 743 604 543 200 725 490 361 556 652 301 215 177 243 118 386 186 341 187 175 216 397 230 255
internal_count=4413 3770 1958 1812 643 1208 1215 743 604 543 200 725 490 361 556 652 301 215 177 243 118 386 186 341 187 175 216 397 230 255
is_linear=0
shrinkage=0.03


Tree=15
num_leaves=31
num_cat=0
split_feature=0 0 0 0 0 0 0 0 0 0 0 0 0 0 0 0 0 16 8 0 6 1 1 1 18 17 0 10 12 1
split_gain=42.0403 10.0453 2.08878 2.06231 0.286349 0.271723 0.245721 0.175517 0.136646 0.0664364 0.0426097 0.0407711 0.0399531 0.0340056 0.0298001 0.0239635 0.02328 0.0185627 0.0151124 0.0147511 0.0142265 0.014414 0.0132326 0.0125047 0.0122966 0.0122868 0.0105169 0.00945475 0.0131348 0.0093946
threshold=0.14734340017519185 0.452818509754082 0.34766968031203666 0.53840388049425569 0.40444634706958454 1.0000000180025095e-35 0.59889677441000055 0.28737119774593961 0.50105252437683734 0.66731703608882975 0.32319281828654317 0.37807704580811868 0.43051651313122302 0.57040581497477094 0.47151883933976957 0.26145367489924248 0.62460857321909224 26.500000000000004 0.1102151217543471 0.08076589754599578 0.1494994438264739 0.049479166666666671 0.091145833333333343 0.044270833333333336 0.43970588235294122 0.39588120159986395 0.51769651683048701 0.25000000000000011 0.6078576107927941 0.018229166666666668
decision_type=2 2 2 2 2 2 2 2 2 2 2 2 2 2 2 2 2 2 2 2 2 2 2 2 2 2 2 2 2 2
left_child=5 2 7 8 11 27 13 15 14 16 29 -4 23 25 -3 -2 -8 -11 -12 -7 -13 -22 -16 -6 -15 -5 -10 -1 -29 -9
right_child=1 3 4 6 12 19 9 10 26 17 18 20 -14 24 22 -17 -18 -19 -20 -21 21 -23 -24 -25 -26 -27 -28 28 -30 -31
leaf_value=-0.007326453358202055 -0.0024757105203510495 0.0014857090783316216 -0.00030278443302877083 0.0031853234062614259 0.00044464287039723891 -0.0050917836389782556 0.0042220076828804846 -0.0017239485558816299 0.0022942055280366414 0.0048570826060175482 -0.00098002547156951329 -0.00037352622306764481 0.0011005549437935079 0.0031010104908891405 0.0018096450752504273 -0.0019202256491297992 0.004761204633420891 0.0061478269686942085 -0.00024429693301617356 -0.0037813536754347935 0.00013243099891601152 0.00061392156417056857 0.0022589385706822092 0.00080290879905471841 0.0038686145737908532 0.0039156914355936148 0.0026378833584617891 -0.0073664163948462986 -0.0061827929781627725 -0.0013261703228787103
leaf_weight=560 145 281 280 212 160 15.000000000000002 206 85 156 15.999999999999998 117 35 328 21 376 135 111 27 32 15.999999999999998 198 78 70 194 180 23 165 18 15.999999999999998 144
leaf_count=560 145 281 280 212 160 15 206 85 156 16 117 35 328 21 376 135 111 27 32 16 198 78 70 194 180 23 165 18 16 144
internal_value=5.28825e-05 0.00124607 -0.000266212 0.00282971 0.000443162 -0.00715398 0.00398088 -0.0016386 0.00195534 0.00456096 -0.0012169 -4.01789e-05 0.00086201 0.00350191 0.0017277 -0.0022079 0.00441083 0.00566767 -0.000822019 -0.00441558 0.000196251 0.000268506 0.00188017 0.000640982 0.00378843 0.00325682 0.00247087 -0.00729688 -0.00680962 -0.00147382
internal_weight=4400 3775 1931 1844 1273 625 796 658 1048 360 378 591 682 436 727 280 317 43 149 31 311 276 446 354 201 235 321 594 34 229
internal_count=4400 3775 1931 1844 1273 625 796 658 1048 360 378 591 682 436 727 280 317 43 149 31 311 276 446 354 201 235 321 594 34 229
is_linear=0
shrinkage=0.03


Tree=16
num_leaves=31
num_cat=0
split_feature=0 0 0 0 0 0 0 0 0 0 0 0 0 0 0 0 16 0 18 16 0 6 18 6 7 6 18 3 18 10
split_gain=39.5558 9.45163 1.96534 1.94094 0.269426 0.255663 0.201822 0.165781 0.165158 0.0488041 0.0468028 0.0383615 0.0375919 0.0374708 0.0284342 0.0201911 0.0174656 0.0152102 0.0146993 0.0139841 0.0138794 0.0133857 0.0132224 0.0125655 0.0117747 0.0110671 0.0107288 0.0104226 0.00992077 0.00889555
threshold=0.14734340017519185 0.452818509754082 0.34766968031203666 0.54460969367221124 0.40444634706958454 1.0000000180025095e-35 0.60785668035134688 0.50105252437683734 0.28110326190941948 0.66731703608882975 0.32319281828654317 0.37807704580811868 0.43051651313122302 0.57040581497477094 0.47880175080509063 0.52923474082410504 26.500000000000004 0.26145367489924248 0.48382352941176471 26.500000000000004 0.08076589754599578 0.1494994438264739 0.43970588235294122 0.1762116637533768 0.12930297617133865 0.19917368504687752 0.48382352941176471 0.070312500000000014 0.47205882352941181 0.25000000000000011
decision_type=2 2 2 2 2 2 2 2 2 2 2 2 2 2 2 2 2 2 2 2 2 2 2 2 2 2 2 2 2 2
left_child=5 2 8 7 11 29 13 14 17 19 23 27 -6 18 -3 -9 -11 -2 -5 24 -7 -13 -15 28 -8 -12 -23 -4 -10 -1
right_child=1 3 4 6 12 20 9 15 10 16 25 21 -14 22 -16 -17 -18 -19 -20 -21 -22 26 -24 -25 -26 -27 -28 -29 -30 -31
leaf_value=-0.0071066601329645845 -0.0024014397122944934 0.0015066958660729746 -0.00035591550569481387 0.0030046794275151185 0.0006217530415509304 -0.0049390403942365362 0.0042652739892499363 0.0023192795503889697 -0.0018367950169493508 0.0047113792129728415 -0.0009325742964240133 -0.00036232075387353512 0.0010675383946558844 0.0031174327312070657 0.0018839647792953116 0.0028148622048125562 0.005963399031132151 -0.0019218313569451372 0.003543512575896253 0.0045688732116523408 -0.0036679201154483565 0.00014410101369700912 0.0038271517055860848 -0.00086205662835168128 0.0033763723846611062 -0.00030296447799610295 0.00056114210920442398 0.00024477060971136321 -0.0014087356038832741 -0.006605339086755915
leaf_weight=560 145 401 251 114 354 15.000000000000002 64 263 69 15.999999999999998 117 35 328 26 326 103 27 101 76 149 15.999999999999998 199 262 28 17 32 77 29 166 34
leaf_count=560 145 401 251 114 354 15 64 263 69 16 117 35 328 26 326 103 27 101 76 149 16 199 262 28 17 32 77 29 166 34
internal_value=5.1296e-05 0.00120869 -0.000258226 0.00274482 0.000429867 -0.00693936 0.003919 0.00193803 -0.00158944 0.00456978 -0.00122218 -3.89735e-05 0.00083615 0.00354732 0.00167587 0.00245875 0.00549765 -0.00220454 0.00322023 0.00439629 -0.00428312 0.000190363 0.00376309 -0.00146285 0.00407876 -0.000797359 0.000260451 -0.000293701 -0.00153443 -0.00707798
internal_weight=4400 3775 1931 1844 1273 625 751 1093 658 273 412 591 682 478 727 366 43 246 190 230 31 311 288 263 81 149 276 280 235 594
internal_count=4400 3775 1931 1844 1273 625 751 1093 658 273 412 591 682 478 727 366 43 246 190 230 31 311 288 263 81 149 276 280 235 594
is_linear=0
shrinkage=0.03


Tree=17
num_leaves=31
num_cat=0
split_feature=0 5 0 0 0 0 0 5 0 5 0 0 0 0 0 0 16 0 8 6 0 5 1 1 18 9 4 1 17 3
split_gain=37.218 8.90938 1.91308 1.76522 0.240552 0.229038 0.218465 0.172635 0.131745 0.0609348 0.0356778 0.0351177 0.0331695 0.0324426 0.0298866 0.0218947 0.0216084 0.0181653 0.0136653 0.0133953 0.0130592 0.01281 0.0125695 0.0124417 0.0119876 0.0106326 0.0105709 0.0103655 0.0101753 0.00980663
threshold=0.14734340017519185 0.14858012170385398 0.53840388049425569 0.34766968031203666 1.0000000180025095e-35 0.40444634706958454 0.59889677441000055 0.055780933062880331 0.50105252437683734 0.46855983772819482 0.32319281828654317 0.37807704580811868 0.47151883933976957 0.43051651313122302 0.56286410739646286 0.26145367489924248 26.500000000000004 0.62460857321909224 0.1102151217543471 0.1494994438264739 0.08076589754599578 0.079310344827586213 0.039062500000000007 0.091145833333333343 0.436764705882353 0.23450036469730126 0.033854166666666671 0.023437500000000003 0.39588120159986395 0.070312500000000014
decision_type=2 2 2 2 2 2 2 2 2 2 2 2 2 2 2 2 2 2 2 2 2 2 2 2 2 2 2 2 2 2
left_child=4 3 8 7 -1 11 14 15 12 17 21 29 25 -7 28 -2 -11 -8 -12 -13 -6 26 -21 -14 -16 -3 -9 -27 -4 -5
right_child=1 2 6 5 20 13 9 10 -10 16 18 19 23 -15 24 -17 -18 -19 -20 22 -22 -23 -24 -25 -26 27 -28 -29 -30 -31
leaf_value=-0.0068656375137459607 -0.0024073520328952509 0.00090808951203522655 0.0029481683514225765 -0.00034523808185637779 -0.004790879070309827 0.0005808189677209885 0.0039651431086041855 -0.0015490924906179351 0.0023244798570875949 0.0043587721844930314 -0.00092342156061223557 -0.00038277987522957829 0.0017019073875175301 0.0010105776694481878 0.0028288814031528879 -0.0018647333252455477 0.0056269207732657679 0.0044585891372185878 -0.00022315767955707598 6.5968038548234215e-05 -0.0035578894024565471 -0.0006360969969298586 0.00047388433012393225 0.0021375635409810788 0.0035790495012542707 0.00071693306726722185 -0.0010723880889058617 0.0014804965966396788 0.003738724541331848 0.00023742773634861076
leaf_weight=594 130 39 176 251 15.000000000000002 342 205 166 321 18 116 34 376 294 21 138 37 100 32 152 15.999999999999998 20 123 70 223 17 56 273 15.999999999999998 29
leaf_count=594 130 39 176 251 15 342 205 166 321 18 116 34 376 294 21 138 37 100 32 152 16 20 123 70 223 17 56 273 16 29
internal_value=4.97573e-05 0.00117243 0.00262639 -0.000288475 -0.00673118 0.00038472 0.00374576 -0.00154176 0.0018134 0.00429273 -0.00113894 -4.15431e-05 0.00160172 0.000779482 0.00329413 -0.00212795 0.00521198 0.00412694 -0.000772016 0.000178966 -0.00415463 -0.00136333 0.000248419 0.00177029 0.0035145 0.00137319 -0.00142885 0.00143574 0.00301407 -0.00028489
internal_weight=4400 3775 1892 1883 625 1225 796 658 1096 360 390 589 775 636 436 268 55 305 148 309 31 242 275 446 244 329 222 290 192 280
internal_count=4400 3775 1892 1883 625 1225 796 658 1096 360 390 589 775 636 436 268 55 305 148 309 31 242 275 446 244 329 222 290 192 280
is_linear=0
shrinkage=0.03


Tree=18
num_leaves=31
num_cat=0
split_feature=0 0 0 0 0 0 0 0 0 0 0 0 0 0 0 0 18 0 7 6 18 18 1 1 0 6 3 1 10 12
split_gain=35.0188 8.20591 1.71895 1.65429 0.477969 0.238421 0.179228 0.146426 0.132056 0.0436116 0.0373676 0.0339492 0.0332129 0.0332049 0.0293183 0.0255456 0.0201022 0.0183217 0.0159121 0.0125721 0.0124035 0.0121908 0.0121599 0.0117182 0.0106008 0.00932966 0.00922707 0.00877357 0.00837253 0.0123642
threshold=0.20681904689606379 0.452818509754082 0.54460969367221124 0.34766968031203666 1.0000000180025095e-35 0.40444634706958454 0.60785668035134688 0.50105252437683734 0.30761688447424484 0.66731703608882975 0.27141557038743097 0.37807704580811868 0.58757867942685726 0.43051651313122302 0.08076589754599578 0.47880175080509063 0.48382352941176471 0.52923474082410504 0.036626487964880154 0.19917368504687752 0.5220588235294118 0.43382352941176472 0.049479166666666671 0.044270833333333336 0.62460857321909224 0.20994756078182111 0.070312500000000014 0.10156250000000001 0.25000000000000011 0.6078576107927941
decision_type=2 2 2 2 2 2 2 2 2 2 2 2 2 2 2 2 2 2 2 2 2 2 2 2 2 2 2 2 2 2
left_child=4 3 7 8 28 11 12 15 10 24 -2 26 16 23 -6 27 21 -9 -10 -20 -11 -4 -13 -7 -8 -12 -5 -3 -1 -30
right_child=1 2 6 5 14 13 9 17 18 20 25 22 -14 -15 -16 -17 -18 -19 19 -21 -22 -23 -24 -25 -26 -27 -28 -29 29 -31
leaf_value=-0.0066874919621543001 -0.0021232909844919609 0.0013854076303246271 0.0022796459719867175 -0.00033488098238019257 -0.0046471622131497182 0.00039495595939598719 0.0039400575901293745 0.0021799673094648774 -0.0011802441236757675 0.0047240789591195724 -0.0015972605727796216 5.8385103324905128e-05 0.0036606796438340729 0.0010039871611540675 -0.0030472343975785272 0.0017743042007651343 0.0034423177492232267 0.0026520484299324947 -0.00084531409370395638 -0.00013893519747288215 0.0057512799675016298 0.0030342792209016615 0.00047070310358486155 0.00074177081146701576 0.0043480071412255218 -0.00088454514231017919 0.00023030515227806322 0.0020459755809314876 -0.0067413296774224253 -0.0055932168062534423
leaf_weight=560 178 382 22 251 14.999999999999998 160 119 263 109 24 203 220 179 328 33 326 121 103 104 29 19 156 91 194 111 18 29 19 18 15.999999999999998
leaf_count=560 178 382 22 251 15 160 119 263 109 24 203 220 179 328 33 326 121 103 104 29 19 156 91 194 111 18 29 19 18 16
internal_value=4.82647e-05 0.00115447 0.00258269 -0.000221524 -0.00642697 0.000404327 0.00368769 0.00182344 -0.00146444 0.00430096 -0.00179979 -3.67125e-05 0.00333743 0.000786519 -0.0035473 0.00157706 0.0031439 0.00231283 -0.000911527 -0.000691294 0.00517808 0.00294102 0.000179032 0.00058502 0.00413696 -0.00153922 -0.000276343 0.00141671 -0.00665967 -0.00620122
internal_weight=4400 3758 1844 1914 642 1273 751 1093 641 273 399 591 478 682 48 727 299 366 242 133 43 178 311 354 230 221 280 401 594 34
internal_count=4400 3758 1844 1914 642 1273 751 1093 641 273 399 591 478 682 48 727 299 366 242 133 43 178 311 354 230 221 280 401 594 34
is_linear=0
shrinkage=0.03


Tree=19
num_leaves=31
num_cat=0
split_feature=20 5 20 5 20 1 20 5 20 5 20 20 20 20 16 20 20 20 1 1 1 20 1 9 5 1 1 20 5 6
split_gain=32.9521 7.89159 1.69272 1.56309 0.223816 0.211913 0.19371 0.141972 0.116179 0.0541463 0.0517062 0.0370818 0.0294042 0.0272201 0.02014 0.0181893 0.0159851 0.0147311 0.0126264 0.011588 0.0115093 0.0113207 0.0109473 0.00996353 0.0095642 0.00950428 0.00945562 0.00893716 0.0087544 0.00838627
threshold=0.14734340017519185 0.14858012170385398 0.53840388049425569 0.082995267072346182 0.39191207165358427 1.0000000180025095e-35 0.59889677441000055 0.054597701149425297 0.50105252437683734 0.46855983772819482 0.42230543645064583 0.32838837274029392 0.47151883933976957 0.57040581497477094 26.500000000000004 0.36322322697836107 0.62460857321909224 0.23559660932262541 0.044270833333333336 0.091145833333333343 0.018229166666666668 0.08076589754599578 0.10156250000000001 0.23450036469730126 0.20791075050709942 0.049479166666666671 0.023437500000000003 0.28737119774593961 0.54462474645030434 0.1494994438264739
decision_type=2 2 2 2 2 2 2 2 2 2 2 2 2 2 2 2 2 2 2 2 2 2 2 2 2 2 2 2 2 2
left_child=5 3 8 7 15 -1 13 17 12 16 18 20 23 22 -11 25 -8 -2 -6 -14 -9 -7 -4 -3 -10 -5 -25 -19 -16 -17
right_child=1 2 6 4 10 21 9 11 24 14 -12 -13 19 -15 28 29 -18 27 -20 -21 -22 -23 -24 26 -26 -27 -28 -29 -30 -31
leaf_value=-0.0064598796911716347 -0.0026490586581326943 0.00084267102191176702 0.0027082200455740392 -0.00055737477225051182 0.00024997319618061436 -0.0045077567195568099 0.0037315042504441984 -0.0015582829452473633 0.0019719394839700379 0.0040824195564299788 0.000890473319174769 -0.0006718028655346433 0.0016007862534027193 0.003355592519081795 0.0048565945025023883 -0.00041352245541118634 0.0041943938469877484 -0.0020263724694744409 0.0005864680252609687 0.0020212275131536823 -0.0011619814461404949 -0.0033597480911968956 0.0031242877481291609 0.00066691507053373653 0.0023116649071778005 7.0948074753926504e-05 0.0013961949942049821 -0.0013999185666152328 0.0057814743881602791 2.0412519746053054e-05
leaf_weight=594 32 39 138 130 214 15.000000000000002 205 107 118 18 396 114 376 201 19 48 100 189 189 70 172 15.999999999999998 97 17 203 26 273 23 18 243
leaf_count=594 32 39 138 130 214 15 205 107 118 18 396 114 376 201 19 48 100 189 189 70 172 16 97 17 203 26 273 23 18 243
internal_value=4.68168e-05 0.00110319 0.00247158 -0.000271738 0.000346277 -0.00633368 0.00352452 -0.0014806 0.00170685 0.00403956 0.000647015 -0.0011277 0.00150806 0.00309924 0.00490609 -0.000191283 0.00388328 -0.002049 0.000407784 0.00166678 -0.00131397 -0.00391536 0.00287997 0.0012929 0.00218679 -0.000452655 0.00135345 -0.00195842 0.00530668 -5.11656e-05
internal_weight=4400 3775 1892 1883 1246 625 796 637 1096 360 799 393 775 436 55 447 305 244 403 446 279 31 235 329 321 156 290 212 37 291
internal_count=4400 3775 1892 1883 1246 625 796 637 1096 360 799 393 775 436 55 447 305 244 403 446 279 31 235 329 321 156 290 212 37 291
is_linear=0
shrinkage=0.03


Tree=20
num_leaves=31
num_cat=0
split_feature=0 0 0 0 5 0 0 5 0 5 5 0 0 1 5 0 10 1 5 5 5 7 0 12 3 18 9 10 0 18
split_gain=31.5784 7.19231 1.71503 1.32004 0.399204 0.213882 0.14888 0.120265 0.1191 0.0782329 0.0242825 0.0221505 0.0216391 0.0185302 0.0180973 0.0171577 0.0167906 0.0157935 0.0149057 0.0145453 0.0133489 0.0129587 0.011166 0.0105354 0.010461 0.00869761 0.00869418 0.00858293 0.00832414 0.00816969
threshold=0.20681904689606379 0.44566508779923081 0.53121608501887896 0.34766968031203666 0.015973630831643004 0.58542297693482837 0.40173184401392875 0.057809330628803259 0.47880175080509063 0.45638945233265721 0.10158891142663963 0.26844738175175836 0.50628773408195216 0.033854166666666671 0.12018255578093308 0.61433241398902261 0.25000000000000011 0.085937500000000014 0.0764029749830967 0.040398918187964851 0.26064908722109537 0.067795911274033463 0.46628748604459441 1.0000000180025095e-35 0.070312500000000014 0.5220588235294118 0.27425237053245816 -0.5 0.35950272462447269 0.47500000000000003
decision_type=2 2 2 2 2 2 2 2 2 2 2 2 2 2 2 2 2 2 2 2 2 2 2 2 2 2 2 2 2 2
left_child=4 3 8 7 16 17 10 11 22 15 24 -2 27 21 -8 -7 -1 -4 -9 -6 -19 -12 -3 -18 28 -11 -22 -10 -5 -29
right_child=1 2 5 6 19 9 14 18 12 25 13 -13 -14 -15 -16 -17 23 20 -20 -21 26 -23 -24 -25 -26 -27 -28 29 -30 -31
leaf_value=-0.0062930720389984375 -0.0020686831108284011 0.0011264805830691882 0.0025913608202641448 -0.00057347955504348416 -0.0037836003670600727 0.0034953657359311761 0.00032569751619081102 -0.0011358279146802249 0.0018993494364896841 0.0045529606416749172 0.00011619164754964392 -0.0015596465957372417 0.0020953974635703194 0.00040309776860795858 0.00070426623485415408 0.0039101852807410598 -0.0062471059996019596 0.0026846572864444619 -0.00070779797525493044 -0.002614829282379493 0.0025171051875022385 -0.00055726607941564718 0.0014041732985849628 -0.005214335862102684 0.00025109804375945591 0.0053196307919382048 0.0032377345225386494 0.0013999240229828384 -0.00020335160517604648 0.001751475150043599
leaf_weight=583 158 331 147 76 17 236 150 242 146 34 72 150 208 129 469 145 14.999999999999998 84 105 22 17 40 215 22 34 22 134 100 195 147
leaf_count=583 158 331 147 76 17 236 150 242 146 34 72 150 208 129 469 145 15 84 105 22 17 40 215 22 34 22 134 100 195 147
internal_value=-7.74052e-06 0.00104721 0.00230529 -0.000311793 -0.00606851 0.00335388 0.000294017 -0.0013893 0.00155656 0.00380716 -6.70813e-05 -0.00182078 0.00184794 0.000157986 0.00061253 0.00365325 -0.0062537 0.00283533 -0.00100631 -0.00312438 0.00298793 -0.000124332 0.00123583 -0.00563318 -0.000244921 0.00485424 0.00315662 0.00171697 -0.000307153 0.00160915
internal_weight=4445 3786 1966 1820 659 819 1165 655 1147 437 546 308 601 241 619 381 620 382 347 39 235 112 546 37 305 56 151 393 271 247
internal_count=4445 3786 1966 1820 659 819 1165 655 1147 437 546 308 601 241 619 381 620 382 347 39 235 112 546 37 305 56 151 393 271 247
is_linear=0
shrinkage=0.03


Tree=21
num_leaves=31
num_cat=0
split_feature=0 0 0 0 5 5 0 5 0 5 0 1 0 0 5 0 10 5 5 5 16 8 0 7 5 5 1 10 16 4
split_gain=29.7121 6.76725 1.61367 1.24202 0.37561 0.201812 0.140081 0.113158 0.112061 0.0694968 0.024714 0.0230657 0.0208414 0.0203602 0.0189469 0.0171114 0.0157978 0.0144914 0.0140247 0.0136857 0.0118215 0.0110063 0.0105061 0.00995323 0.0111703 0.00908723 0.00882796 0.00807568 0.0139153 0.00804556
threshold=0.20681904689606379 0.44566508779923081 0.53121608501887896 0.34766968031203666 0.015973630831643004 0.31947261663286008 0.40173184401392875 0.057809330628803259 0.47880175080509063 0.45638945233265721 0.55485698752022106 0.033854166666666671 0.26844738175175836 0.50628773408195216 0.10040567951318459 0.43051651313122302 0.25000000000000011 0.39452332657200817 0.0764029749830967 0.040398918187964851 26.500000000000004 0.35159761643159942 0.46628748604459441 0.067795911274033463 0.096179851250845175 0.50405679513184587 0.049479166666666671 -0.5 28.500000000000004 0.028645833333333336
decision_type=2 2 2 2 2 2 2 2 2 2 2 2 2 2 2 2 2 2 2 2 2 2 2 2 2 2 2 2 2 2
left_child=4 3 8 7 16 10 11 12 22 17 -4 23 -2 27 -13 26 -1 21 29 -6 -11 -7 -3 24 -5 -22 -8 28 -10 -9
right_child=1 2 5 6 19 9 15 18 13 20 -12 14 -14 -15 -16 -17 -18 -19 -20 -21 25 -23 -24 -25 -26 -27 -28 -29 -30 -31
leaf_value=-0.0061042801639302887 -0.002006623015570697 0.0010926862725149874 0.0025079138188460822 -0.00036760018156734362 -0.0036700990413239499 0.0035462432526318687 0.00037209362656657764 -0.0012372287500036275 0.0016655126561698186 0.0040186629324181064 0.0029799592009028659 -0.00014472127494937465 -0.0015128575069542417 0.0020325358644577101 0.00036024208527172044 0.00080883979023180284 -0.0054641978156292443 0.0039638957057941855 -0.0006865642408339529 -0.002536387926738081 0.0043997513181836942 0.0029776071495953428 0.0013620482909321339 -0.00061500276477657499 6.0801515088925562e-05 0.0053351520979424954 0.00066442334893858953 0.0015608787906573349 0.0023275363676167646 -0.00088085817113885991
leaf_weight=583 158 331 170 117 17 248 256 150 107 15.999999999999998 242 122 150 208 148 217 37 68 105 22 14.999999999999998 35 215 56 103 25 146 247 39 92
leaf_count=583 158 331 170 117 17 248 256 150 107 16 242 122 150 208 148 217 37 68 105 22 15 35 215 56 103 25 146 247 39 92
internal_value=-7.50824e-06 0.0010158 0.00223614 -0.000302439 -0.00588646 0.00325327 0.000285196 -0.00134762 0.00150987 0.00372709 0.00278519 -6.50689e-05 -0.00176616 0.0017925 0.000132074 0.000594154 -0.00606609 0.00357047 -0.000976122 -0.00303065 0.00470862 0.00347593 0.00119876 -0.000257926 -0.000167031 0.0049845 0.000478265 0.00166546 0.00184237 -0.00110175
internal_weight=4445 3786 1966 1820 659 819 1165 655 1147 407 412 546 308 601 270 619 620 351 347 39 56 283 546 276 220 40 402 393 146 242
internal_count=4445 3786 1966 1820 659 819 1165 655 1147 407 412 546 308 601 270 619 620 351 347 39 56 283 546 276 220 40 402 393 146 242
is_linear=0
shrinkage=0.03


Tree=22
num_leaves=31
num_cat=0
split_feature=0 0 0 0 0 0 0 0 0 0 10 6 0 0 16 13 0 0 0 11 16 0 7 2 18 6 8 11 16 9
split_gain=27.9562 6.36731 1.5183 1.16862 0.352563 0.190047 0.131802 0.105438 0.0956358 0.0596584 0.0304554 0.0223607 0.0201062 0.0191569 0.0185479 0.0168318 0.0166619 0.0161856 0.0161001 0.0140256 0.0116407 0.00988516 0.00940892 0.00932628 0.00882642 0.00844352 0.00829767 0.00798568 0.00787298 0.00771874
threshold=0.20681904689606379 0.44566508779923081 0.53121608501887896 0.34766968031203666 0.08076589754599578 0.58542297693482837 0.40173184401392875 0.47880175080509063 0.28110326190941948 0.65204532230327683 0.25000000000000011 0.1762116637533768 0.37510248215901731 0.50628773408195216 26.500000000000004 1.0000000180025095e-35 0.61912653167645637 0.30960096628317918 0.43051651313122302 0.6830127018922193 26.500000000000004 0.46628748604459441 0.020441236365108594 0.023437500000000003 0.49264705882352944 0.21787360105332459 0.37367877865781685 -0.9330127018922193 27.500000000000004 0.53610503282275734
decision_type=2 2 2 2 2 2 2 2 2 2 2 2 2 2 2 2 2 2 2 2 2 2 2 2 2 2 2 2 2 2
left_child=4 3 7 8 10 14 12 21 22 16 -1 17 -5 -9 29 -12 -7 23 25 -16 -11 -3 -2 -10 -21 -8 -22 -19 -27 -4
right_child=1 2 5 6 -6 9 18 13 11 20 15 -13 -14 -15 19 -17 -18 27 -20 24 26 -23 -24 -25 -26 28 -28 -29 -30 -31
leaf_value=-0.005921406182298662 -0.0020875934638927706 0.0010599057869663418 0.002234085980026038 -0.00026267568001955231 -0.0025865748289259113 0.003315587246582671 0.00025924324548350097 0.0016154940274810978 -0.0011640303616189879 0.0038415137418725404 -0.0043965405376081585 -0.00059359944068690309 0.00010295921037376255 0.0019715600620655465 0.0026998452081886995 -0.0055909457160786416 0.0037448245279465748 -0.0014721194026649101 0.00078457471384592585 0.0029591966789608562 0.0043772287518857433 0.0013211870300880414 -0.0016671696136286915 -0.0016185449197056439 0.0036983808197481849 0.00037599629843854647 0.0052563297696248939 -0.00084473562309046561 0.00069817208408397865 0.0026216620018141776
leaf_weight=584 66 331 81 248 31 263 125 393 101 17 18 84 298 208 132 26 118 21 217 37 21 215 175 68 24 122 18 140 155 108
leaf_count=584 66 331 81 248 31 263 125 393 101 17 18 84 298 208 132 26 118 21 217 37 21 215 175 68 24 122 18 140 155 108
internal_value=-7.2829e-06 0.000985323 0.00216905 -0.000293366 -0.00570986 0.00315567 0.000276641 0.00146457 -0.00130719 0.00358295 -0.00586403 -0.00103061 -6.31169e-05 0.00173873 0.00266687 -0.00510244 0.00344854 -0.00114185 0.000576329 0.00287377 0.00449733 0.00116279 -0.00178231 -0.00134692 0.00325008 0.000463917 0.00478309 -0.000926577 0.000556277 0.00245557
internal_weight=4445 3786 1966 1820 659 819 1165 1147 655 437 628 414 546 601 382 44 381 330 619 193 56 546 241 169 61 402 39 161 277 189
internal_count=4445 3786 1966 1820 659 819 1165 1147 655 437 628 414 546 601 382 44 381 330 619 193 56 546 241 169 61 402 39 161 277 189
is_linear=0
shrinkage=0.03


Tree=23
num_leaves=31
num_cat=0
split_feature=0 0 0 0 5 5 0 5 0 5 0 5 0 0 5 10 5 5 5 16 3 12 18 7 0 7 5 9 9 11
split_gain=26.304 5.991 1.42857 1.09956 0.333632 0.178967 0.124013 0.100979 0.0992069 0.0619749 0.0225903 0.0209896 0.0188997 0.0180248 0.0159261 0.0137606 0.0130082 0.0126648 0.0120803 0.0105315 0.00976639 0.00954727 0.00939737 0.0122873 0.00930095 0.0084174 0.00813845 0.00792048 0.00783954 0.00776194
threshold=0.20681904689606379 0.44566508779923081 0.53121608501887896 0.34766968031203666 0.015973630831643004 0.31947261663286008 0.40173184401392875 0.057809330628803259 0.47880175080509063 0.45638945233265721 0.55485698752022106 0.10158891142663963 0.26844738175175836 0.50628773408195216 0.12018255578093308 0.25000000000000011 0.39452332657200817 0.0764029749830967 0.040398918187964851 26.500000000000004 0.070312500000000014 1.0000000180025095e-35 0.48088235294117648 0.067795911274033463 0.46628748604459441 0.19614921917087011 0.50405679513184587 0.8231218088986143 0.12946754194018967 -0.24999999999999994
decision_type=2 2 2 2 2 2 2 2 2 2 2 2 2 2 2 2 2 2 2 2 2 2 2 2 2 2 2 2 2 2
left_child=4 3 8 7 15 10 11 12 24 16 -4 20 -2 -10 -8 -1 25 29 -6 -11 -5 -17 23 -13 -3 -7 -21 -19 -16 -9
right_child=1 2 5 6 18 9 14 17 13 19 -12 22 -14 -15 28 21 -18 27 -20 26 -22 -23 -24 -25 -26 -27 -28 -29 -30 -31
leaf_value=-0.0057435102591984659 -0.001892338771842912 0.0010281087067873155 0.0023551181792068488 -0.00028669638576106677 -0.0034478451653681291 0.0033228885508854965 0.00028996262406243487 -0.0011603116978960702 0.0015670293280453643 0.0037828723394634587 0.0028064243728863568 0.00016941079815384539 -0.0014221376144489513 0.0019124135506508881 0.00012819763957830691 -0.0057304619006431617 0.0037320468874041187 -0.00053549639493381351 -0.0023827061010018775 0.0041411120441307847 0.00025270203567939379 -0.0047474463279071396 0.00037238468684278059 -0.00044638577265293007 0.0012815515959498599 0.0027655738594796822 0.0050263222630160037 -0.0012800991897757518 0.00067420189212273076 -0.00080338668610841618
leaf_weight=583 158 331 170 271 17 256 150 158 393 15.999999999999998 242 101 150 208 25 14.999999999999998 68 90 22 14.999999999999998 34 22 99 41 215 27 25 14.999999999999998 444 84
leaf_count=583 158 331 170 271 17 256 150 158 393 16 242 101 150 208 25 15 68 90 22 15 34 22 99 41 215 27 25 15 444 84
internal_value=-7.0643e-06 0.000955763 0.00210398 -0.000284565 -0.00553857 0.003061 0.000268341 -0.00126798 0.00142063 0.0035072 0.00262021 -6.12234e-05 -0.00166335 0.00168657 0.00055904 -0.00570787 0.0033593 -0.00091704 -0.00284707 0.00443409 -0.000226566 -0.00514611 0.000148028 -8.39151e-06 0.00112791 0.00326973 0.00469448 -0.000641879 0.000645098 -0.00103642
internal_weight=4445 3786 1966 1820 659 819 1165 655 1147 407 412 546 308 601 619 620 351 347 39 56 305 37 241 142 546 283 40 105 469 242
internal_count=4445 3786 1966 1820 659 819 1165 655 1147 407 412 546 308 601 619 620 351 347 39 56 305 37 241 142 546 283 40 105 469 242
is_linear=0
shrinkage=0.03


Tree=24
num_leaves=31
num_cat=0
split_feature=0 0 5 0 0 5 0 0 5 0 5 0 0 0 0 18 1 17 1 17 1 1 11 17 1 10 0 13 16 16
split_gain=24.7498 5.73978 1.34447 1.08428 0.157298 0.141388 0.130869 0.12489 0.0808603 0.0385638 0.0379473 0.0303612 0.0270116 0.0222227 0.0165505 0.0161485 0.0139653 0.0133675 0.00950915 0.0094706 0.00912438 0.0089617 0.00877275 0.0082424 0.00789418 0.00765977 0.00759437 0.00754649 0.00732914 0.00699123
threshold=0.14734340017519185 0.44566508779923081 0.24847870182555784 0.34072235714602689 1.0000000180025095e-35 0.10598377281947263 0.60947546798558971 0.47880175080509063 0.057809330628803259 0.52800106982563555 0.49290060851926981 0.58542297693482837 0.42141001303737941 0.26844738175175836 0.36122051423350005 0.48676470588235299 0.044270833333333336 0.34110156435695865 0.075520833333333343 0.33864730188447328 0.013020833333333334 0.023437500000000003 0.6830127018922193 0.28323121436473503 0.10156250000000001 0.25000000000000011 0.23559660932262541 1.0000000180025095e-35 26.500000000000004 26.500000000000004
decision_type=2 2 2 2 2 2 2 2 2 2 2 2 2 2 2 2 2 2 2 2 2 2 2 2 2 2 2 2 2 2
left_child=4 3 7 8 25 14 11 21 13 18 28 15 16 26 -5 29 -7 20 -9 -16 -10 -3 -17 -22 -23 -1 -2 -12 -8 -4
right_child=1 2 6 5 -6 12 10 9 17 -11 27 -13 -14 -15 19 22 -18 -19 -20 -21 23 24 -24 -25 -26 -27 -28 -29 -30 -31
leaf_value=-0.0055715768995504367 -0.002219877390250266 0.00043296207741157856 0.0022226636073771873 -0.00045296304361270564 -0.0032859968216697667 0.00015186927976166401 0.0031905214083617042 0.0014984007404716291 -0.0013491503992492015 0.0022098198817774241 0.0040742133314440442 0.0030632422211494489 0.00066835252840804528 -0.0013794737775736172 -9.582185236763976e-06 0.0026699463747103173 0.00050032179339799809 -0.00016691791188628064 0.0017486288100828241 -0.00057174925088506758 -0.00053951725936446729 0.0010894822105751677 0.0032172792857529053 -0.0010101424109623673 0.0016700478609212607 -0.0050865790514495156 -0.0017619587356380864 0.0048685159412072045 0.0035752384650945749 0.0025864375601551805
leaf_weight=584 44 18 90 150 29 226 68 335 57 112 25 195 352 150 267 74 191 18 231 30 41 505 41 183 22 31 126 19 130 101
leaf_count=584 44 18 90 150 29 226 68 335 57 112 25 195 352 150 267 74 191 18 231 30 41 505 41 183 22 31 126 19 130 101
internal_value=-6.8523e-06 0.000914584 0.00204086 -0.0002921 -0.00544532 0.000228198 0.00304738 0.00142938 -0.0013142 0.00170118 0.00362027 0.00277065 0.000474831 -0.00164564 -0.000196099 0.00258419 0.000311473 -0.00095948 0.00160053 -6.63685e-05 -0.00101025 0.00109124 0.00286511 -0.000924004 0.00111372 -0.00554714 -0.00188049 0.00441731 0.00344313 0.00241504
internal_weight=4445 3801 1966 1835 644 1216 743 1223 619 678 242 501 769 320 447 306 417 299 566 297 281 545 115 224 527 615 170 44 198 191
internal_count=4445 3801 1966 1835 644 1216 743 1223 619 678 242 501 769 320 447 306 417 299 566 297 281 545 115 224 527 615 170 44 198 191
is_linear=0
shrinkage=0.03


Tree=25
num_leaves=31
num_cat=0
split_feature=20 20 5 5 20 20 20 20 20 5 20 20 20 18 1 20 16 20 20 6 16 16 20 1 10 17 6 6 9 20
split_gain=23.1775 5.34939 1.29302 0.972239 0.155082 0.13833 0.133806 0.119004 0.0965958 0.0397864 0.0321082 0.0298033 0.0220525 0.0209868 0.019849 0.0191388 0.0142065 0.0135709 0.0113592 0.010979 0.0105397 0.0105145 0.0103649 0.00991001 0.00943325 0.00901519 0.00822343 0.00787726 0.0116478 0.00743939
threshold=0.14734340017519185 0.44245385302474427 0.24847870182555784 0.079310344827586213 1.0000000180025095e-35 0.39691598310638843 0.60947546798558971 0.47880175080509063 0.27889977931776339 0.54056795131845847 0.52080508158020811 0.58757867942685726 0.30960096628317918 0.43088235294117649 0.049479166666666671 0.4145153769509492 26.500000000000004 0.23559660932262541 0.36531888204622426 0.15714285714285717 26.500000000000004 6.5000000000000009 0.08076589754599578 0.091145833333333343 0.25000000000000011 0.40894391966641147 0.1494994438264739 0.26853646909264267 0.57148067104303446 0.45763877432200306
decision_type=2 2 2 2 2 2 2 2 2 2 2 2 2 2 2 2 2 2 2 2 2 2 2 2 2 2 2 2 2 2
left_child=4 3 7 8 24 14 11 21 17 20 -9 13 19 -4 18 -7 -15 -2 27 -10 -8 -3 -6 29 -1 -18 -16 28 -5 -23
right_child=1 2 6 5 22 15 9 10 12 -11 -12 -13 -14 16 26 -17 25 -19 -20 -21 -22 23 -24 -25 -26 -27 -28 -29 -30 -31
leaf_value=-0.0054048069132183116 -0.0021760952760390409 0.00073513905983208676 0.0016220592241600646 -9.2812640860515566e-05 -0.0037822717656444699 0.00029322760829092015 0.0031151212689455488 0.0015278865667887405 -0.0012888558858556221 0.0046187936586387273 0.0020100613749672569 0.0029742261377470459 -0.00072988650541909439 0.0023233975534491867 -0.00031821139526274185 0.00063162585098432134 0.002655075841654028 -0.0016236262218206473 -0.00011847485976723694 -0.00063481445564538279 0.0035496760897358991 0.00091820391867579302 -0.0027178560269712601 0.0015412439983523945 -0.004858327427588599 0.0032766557647907171 0.00031149661664330947 -0.0010700374475586755 -0.0006272112184348657 0.0011695339437019421
leaf_weight=580 51 80 23 71 17 240 77 504 160 27 165 188 181 123 23 403 132 186 260 27 145 183 15.999999999999998 43 30 25 99 15.999999999999998 76 252
leaf_count=580 51 80 23 71 17 240 77 504 160 27 165 188 181 123 23 403 132 186 260 27 145 183 16 43 30 25 99 16 76 252
internal_value=-6.14224e-06 0.000893961 0.00197432 -0.000291239 -0.00526957 0.000207286 0.00296476 0.00137698 -0.00127016 0.00353126 0.00164681 0.00267747 -0.000965946 0.00249333 -0.000144338 0.000505319 0.00256489 -0.00174252 -0.000241569 -0.00119443 0.00339897 0.00105348 -0.00326629 0.00110676 -0.00537794 0.00275407 0.00019278 -0.000437912 -0.000369103 0.0010638
internal_weight=4403 3760 1967 1793 643 1188 740 1227 605 249 669 491 368 303 545 643 280 237 423 187 222 558 33 478 610 157 122 163 147 435
internal_count=4403 3760 1967 1793 643 1188 740 1227 605 249 669 491 368 303 545 643 280 237 423 187 222 558 33 478 610 157 122 163 147 435
is_linear=0
shrinkage=0.03


Tree=26
num_leaves=31
num_cat=0
split_feature=20 20 5 5 20 20 20 20 20 5 20 20 18 20 20 20 20 16 20 16 20 6 6 9 5 5 17 17 8 16
split_gain=21.8078 5.03325 1.21661 0.91478 0.145915 0.130155 0.125899 0.112498 0.0909908 0.0374353 0.0280419 0.0213756 0.0197464 0.0180077 0.0167186 0.0159484 0.0156656 0.0133669 0.0123586 0.00991679 0.00975236 0.00970126 0.0117466 0.00985442 0.00961548 0.00888547 0.00848249 0.00838873 0.00816913 0.00792921
threshold=0.14734340017519185 0.44245385302474427 0.24847870182555784 0.079310344827586213 1.0000000180025095e-35 0.39691598310638843 0.60947546798558971 0.48742419676937737 0.28737119774593961 0.54056795131845847 0.58757867942685726 0.52080508158020811 0.43088235294117649 0.4145153769509492 0.23559660932262541 0.32838837274029392 0.46191480048608763 26.500000000000004 0.36531888204622426 26.500000000000004 0.08076589754599578 0.26853646909264267 0.19917368504687752 0.78264040846097749 0.055780933062880331 0.069979716024340791 0.40894391966641147 0.32418044799969753 0.0917847730396293 28.500000000000004
decision_type=2 2 2 2 2 2 2 2 2 2 2 2 2 2 2 2 2 2 2 2 2 2 2 2 2 2 2 2 2 2
left_child=4 3 7 8 -1 18 10 16 14 19 12 -9 -4 -7 -2 -10 29 -14 21 -8 -6 22 23 27 -16 -17 -19 28 -5 -3
right_child=1 2 6 5 20 13 9 11 15 -11 -12 -13 17 -15 24 25 -18 26 -20 -21 -22 -23 -24 -25 -26 -27 -28 -29 -30 -31
leaf_value=-0.0052166014082804454 -0.0021108137208279091 0.00075284575199304079 0.0015733995486050356 -0.00024453196815313316 -0.0036688102828314087 0.00028443081248281509 0.0030216688719342708 0.0015377388324843266 -0.0010163991568911015 0.0044802349786626679 0.0028849998085533845 0.0019497598948761713 0.0022536961913906936 0.0006126771238691588 -0.0015902067886553622 -0.0011045538044131054 0.0012071989242103834 0.0025754241607191725 -3.2522028605183202e-05 0.003443186557155396 -0.0026363254889764823 -0.0010379383379591045 7.1686423894750035e-05 -0.0011087519131326076 -0.001045020338817754 -0.00038867912258385492 0.0031783600442815093 -6.1015355824614576e-05 -0.0010052241025585132 0.0010651831470478007
leaf_weight=610 51 137 23 27 17 240 77 362 226 27 188 165 123 403 203 20 406 132 348 145 15.999999999999998 15.999999999999998 61 17 34 71 25 52 24 157
leaf_count=610 51 137 23 27 17 240 77 362 226 27 188 165 123 403 203 20 406 132 348 145 16 16 61 17 34 71 25 52 24 157
internal_value=-5.95795e-06 0.000867142 0.00191509 -0.000282502 -0.00511148 0.000201068 0.00287582 0.00133568 -0.00123206 0.00342532 0.00259714 0.00166674 0.00241853 0.00049016 -0.00161805 -0.000881373 0.00108643 0.00248795 -0.000140008 0.003297 -0.00316831 -0.000329881 -0.000267285 -0.000439594 -0.001512 -0.000546025 0.00267145 -0.000329141 -0.000602517 0.000919641
internal_weight=4403 3760 1967 1793 643 1188 740 1227 605 249 491 527 303 643 288 317 700 280 545 222 33 197 181 120 237 91 157 103 51 294
internal_count=4403 3760 1967 1793 643 1188 740 1227 605 249 491 527 303 643 288 317 700 280 545 222 33 197 181 120 237 91 157 103 51 294
is_linear=0
shrinkage=0.03


Tree=27
num_leaves=31
num_cat=0
split_feature=0 0 5 5 0 0 0 0 0 5 0 0 0 0 0 0 6 17 16 11 16 0 6 6 9 10 17 7 2 7
split_gain=20.5189 4.73579 1.14471 0.860717 0.137291 0.122463 0.118458 0.106057 0.0857757 0.0352231 0.0284128 0.0265563 0.019827 0.0169434 0.0119745 0.0116282 0.0102234 0.0102201 0.00979161 0.00940758 0.00933068 0.00917602 0.00912795 0.0110524 0.00927207 0.00887721 0.00789298 0.00778102 0.00772638 0.00727942
threshold=0.14734340017519185 0.44245385302474427 0.24847870182555784 0.079310344827586213 1.0000000180025095e-35 0.39691598310638843 0.60947546798558971 0.47880175080509063 0.27889977931776339 0.54056795131845847 0.51552759237848311 0.57040581497477094 0.30960096628317918 0.4145153769509492 0.23559660932262541 0.36531888204622426 0.15714285714285717 0.40894391966641147 6.5000000000000009 0.93301270189221952 26.500000000000004 0.08076589754599578 0.26853646909264267 0.19917368504687752 0.78264040846097749 0.25000000000000011 0.32418044799969753 0.11227999405523552 0.028645833333333336 0.047824124604727077
decision_type=2 2 2 2 2 2 2 2 2 2 2 2 2 2 2 2 2 2 2 2 2 2 2 2 2 2 2 2 2 2
left_child=4 3 7 8 25 15 11 18 14 20 -9 17 16 -7 -2 22 -10 -4 29 -13 -8 -6 23 24 26 -1 -5 -12 -25 -3
right_child=1 2 6 5 21 13 9 10 12 -11 27 19 -14 -15 -16 -17 -18 -19 -20 -21 -22 -23 -24 28 -26 -27 -28 -29 -30 -31
leaf_value=-0.0050861650564866063 -0.002047490555605983 0.0011786595485264661 0.0021832250110390824 -0.00058444264220678874 -0.0035587523887875595 0.0002758979277980427 0.0029310199623332331 0.0014199137750350117 -0.0012161914469256913 0.0043458329561061231 0.0019022232614483783 0.0027469303128907761 -0.00068459294170478797 0.00059429685378986716 -0.0015285307411560787 -3.1546369758159339e-05 -0.00058505728709826752 0.0029529364378927283 0.0010416181610598417 0.0020877259095819769 0.0033398916660880634 -0.0025572406025493404 -0.0010068021231244731 0.00053549908715714494 -0.0010754913001271788 -0.0045560896500941609 -5.9184933883950905e-05 0.0012648845238799416 -0.00017510209898400988 0.00051776770356672444
leaf_weight=580 51 20 180 51 17 240 77 463 160 27 187 273 181 403 186 348 27 17 478 21 145 15.999999999999998 15.999999999999998 21 17 30 52 19 40 60
leaf_count=580 51 20 180 51 17 240 77 463 160 27 187 273 181 403 186 348 27 17 478 21 145 16 16 21 17 30 52 19 40 60
internal_value=-5.7791e-06 0.000841128 0.00185764 -0.000274027 -0.00495814 0.000195036 0.00278954 0.00129561 -0.00119509 0.00332256 0.00155033 0.00251923 -0.000908424 0.000475455 -0.00164021 -0.000135808 -0.00112507 0.00224966 0.000990205 0.00269985 0.00319809 -0.00307326 -0.000319985 -0.000259267 -0.000426407 -0.0050601 -0.000319267 0.00184345 6.95359e-05 0.000683003
internal_weight=4403 3760 1967 1793 643 1188 740 1227 605 249 669 491 368 643 237 545 187 197 558 294 222 33 197 181 120 610 103 206 61 80
internal_count=4403 3760 1967 1793 643 1188 740 1227 605 249 669 491 368 643 237 545 187 197 558 294 222 33 197 181 120 610 103 206 61 80
is_linear=0
shrinkage=0.03


Tree=28
num_leaves=31
num_cat=0
split_feature=0 0 5 5 0 0 0 0 0 5 0 0 5 0 0 0 16 0 7 7 5 0 6 6 9 2 5 10 16 0
split_gain=19.3063 4.4566 1.10493 0.785171 0.129977 0.129177 0.107118 0.0907354 0.0808162 0.0408901 0.0198819 0.0198671 0.0150101 0.0147632 0.0144893 0.0139963 0.0120563 0.010941 0.00947225 0.00882821 0.00878711 0.00863375 0.00858853 0.0103992 0.00872413 0.00854785 0.00836042 0.00835244 0.0082124 0.00751982
threshold=0.14734340017519185 0.44050775762703082 0.23833671399594322 0.079310344827586213 0.59889677441000055 1.0000000180025095e-35 0.39691598310638843 0.47880175080509063 0.28737119774593961 0.54056795131845847 0.51155345578130385 0.56286410739646286 0.38235294117647062 0.23559660932262541 0.32838837274029392 0.4145153769509492 25.500000000000004 0.36531888204622426 0.15643284819623146 0.11025409381555228 0.055780933062880331 0.08076589754599578 0.26853646909264267 0.19917368504687752 0.78264040846097749 0.17447916666666669 0.069979716024340791 0.25000000000000011 5.5000000000000009 0.45763877432200306
decision_type=2 2 2 2 2 2 2 2 2 2 2 2 2 2 2 2 2 2 2 2 2 2 2 2 2 2 2 2 2 2
left_child=5 3 7 8 11 27 17 28 13 12 -9 16 -6 -2 -10 -8 -4 22 -18 -12 -15 -7 23 24 -5 -13 -16 -1 -3 -30
right_child=1 2 4 6 9 21 15 10 14 -11 19 25 -14 20 26 -17 18 -19 -20 -21 -22 -23 -24 -25 -26 -27 -28 -29 29 -31
leaf_value=-0.0049335807056520367 -0.001986067056705846 0.00062684634699656215 0.0018843602348392807 -0.00030968931361640941 0.0028419547428180135 -0.0034519961261235991 0.00026762102362201358 0.0013578234784822733 -0.00095744822877808639 0.0042154627983660431 0.0017858247985410023 0.0025534046084564107 0.0032657126299087272 -0.0014981221892802047 -0.0010508820996707067 0.00056131853103732674 0.0022161494076312366 -3.0599981228614158e-05 0.0030413213723675826 0.0010273562008315711 -0.00097695025434339365 -0.0024805281982482365 -0.00097659996325232413 6.74499677835084e-05 -0.0010432284619532311 0.0018549260913189127 -0.00035648141611395717 -0.0044194115168420256 0.00085874891025041519 0.0010880707351597746
leaf_weight=580 51 63 109 103 202 17 240 433 226 27 175 220 120 203 20 373 76 348 14.999999999999998 14.999999999999998 34 15.999999999999998 15.999999999999998 61 17 17 71 30 226 299
leaf_count=580 51 63 109 103 202 17 240 433 226 27 175 220 120 203 20 373 76 348 15 15 34 16 16 61 17 17 71 30 226 299
internal_value=-5.60574e-06 0.000815895 0.00178633 -0.000283344 0.00266224 -0.0048094 0.000174271 0.00121782 -0.00115924 0.00309394 0.0014701 0.00231747 0.00299989 -0.00152301 -0.000828747 0.000446332 0.00209724 -0.000131734 0.0023522 0.00172595 -0.00142336 -0.00298107 -0.000310386 -0.000251489 -0.000413615 0.00250331 -0.000509107 -0.0049083 0.000950516 0.000989355
internal_weight=4403 3760 1997 1763 786 643 1158 1211 605 349 623 437 322 288 317 613 200 545 91 190 237 33 197 181 120 237 91 610 588 525
internal_count=4403 3760 1997 1763 786 643 1158 1211 605 349 623 437 322 288 317 613 200 545 91 190 237 33 197 181 120 237 91 610 588 525
is_linear=0
shrinkage=0.03


Tree=29
num_leaves=31
num_cat=0
split_feature=0 0 0 0 0 1 0 0 0 0 1 0 18 0 1 16 1 0 7 6 1 6 10 16 10 0 16 9 9 18
split_gain=18.1653 4.19337 1.05248 0.71543 0.13363 0.121571 0.120588 0.0799683 0.0530173 0.0369403 0.0205938 0.019709 0.0169459 0.0162242 0.0159079 0.0146963 0.0145845 0.0133904 0.0109573 0.0103928 0.0102336 0.00997036 0.00937851 0.0091341 0.00876011 0.00837274 0.00837258 0.00774809 0.00762435 0.00732023
threshold=0.14734340017519185 0.43918682946971144 0.53121608501887896 0.32838837274029392 0.58757867942685726 1.0000000180025095e-35 0.39691598310638843 0.47556016327877837 0.27889977931776339 0.67858564256313125 0.049479166666666671 0.61433241398902261 0.43088235294117649 0.50105252437683734 0.039062500000000007 26.500000000000004 0.028645833333333336 0.36531888204622426 0.096392604787514213 0.1494994438264739 0.028645833333333336 0.18229779119656767 0.25000000000000011 26.500000000000004 -0.5 0.23559660932262541 6.5000000000000009 0.53610503282275734 0.64697301239970828 0.5102941176470589
decision_type=2 2 2 2 2 2 2 2 2 2 2 2 2 2 2 2 2 2 2 2 2 2 2 2 2 2 2 2 2 2
left_child=5 3 7 8 12 22 10 20 25 11 17 -6 -4 -9 21 27 -10 -5 -16 -12 -3 -8 -1 -13 -17 -2 -22 -14 -18 -28
right_child=1 2 4 6 9 -7 14 13 16 -11 19 23 15 -15 18 24 28 -19 -20 -21 26 -23 -24 -25 -26 -27 29 -29 -30 -31
leaf_value=-0.0047855735381511846 -0.0018598035542178304 0.00048471272988828001 0.0014195491051285699 -0.00043126222860776018 0.0026698299549004966 -0.0028321099931749773 -0.00032559260844982734 0.0012566556859161561 -0.001060472839573253 0.004114202048002516 -0.00037226039984968533 0.0027716427664230088 0.0017559086678739127 0.001560484316785735 0.00050752304090272171 0.0028648828848498154 -0.00038548287147602674 -0.0001167580797300398 0.0012473045660535834 0.00031371062300509129 0.00063131015465531422 0.00029818895015194585 -0.004257310604081333 0.0032301494810983863 0.0022957091218565205 -0.0014325697139031645 0.00096148998929810779 0.0021710626509276252 -0.00098004239068043199 0.0015792460430451355
leaf_weight=580 53 49 27 227 233 31 26 362 212 22 25 57 70 281 349 29 55 263 19 97 69 204 32 125 152 187 423 96 30 18
leaf_count=580 53 49 27 227 233 31 26 362 212 22 25 57 70 281 349 29 55 263 19 97 69 204 32 125 152 187 423 96 30 18
internal_value=-5.43753e-06 0.000791418 0.00172474 -0.000284017 0.00255986 -0.00466512 0.000120421 0.00116128 -0.00119532 0.00291612 -0.000175622 0.0028526 0.00214359 0.00138944 0.000423396 0.00219992 -0.000927355 -0.000262458 0.000545722 0.000173141 0.000898839 0.000227673 -0.00475796 0.00308657 0.00238692 -0.00152692 0.000938626 0.00199601 -0.000595336 0.000986708
internal_weight=4403 3760 2013 1747 811 643 1210 1202 537 437 612 415 374 643 598 347 297 490 368 122 559 230 612 182 181 240 510 166 85 441
internal_count=4403 3760 2013 1747 811 643 1210 1202 537 437 612 415 374 643 598 347 297 490 368 122 559 230 612 182 181 240 510 166 85 441
is_linear=0
shrinkage=0.03


Tree=30
num_leaves=31
num_cat=0
split_feature=20 20 5 5 20 20 20 5 5 20 5 5 20 1 1 16 20 7 7 7 5 10 18 16 18 1 11 7 20 1
split_gain=17.1079 3.9602 0.876551 0.819701 0.11843 0.103044 0.0996887 0.0726194 0.0689848 0.0296376 0.0221792 0.0184096 0.0182439 0.0166943 0.0164132 0.0132583 0.0123195 0.0115907 0.0109187 0.0105724 0.0103699 0.00932817 0.0126044 0.0114586 0.00863089 0.0085239 0.00836007 0.00916659 0.00725113 0.00713528
threshold=0.14734340017519185 0.44927585088026639 0.24847870182555784 0.082995267072346182 1.0000000180025095e-35 0.61433241398902261 0.39691598310638843 0.18154158215010144 0.057809330628803259 0.58757867942685726 0.45638945233265721 0.20791075050709942 0.32838837274029392 0.049479166666666671 0.028645833333333336 24.500000000000004 0.26145367489924248 0.016245047390400568 0.10036056523027932 0.070577206193085482 0.10598377281947263 -0.5 0.47500000000000003 28.500000000000004 0.48382352941176471 0.059895833333333336 -0.68301270189221952 0.11146912280415879 0.42795921805502896 0.22656250000000003
decision_type=2 2 2 2 2 2 2 2 2 2 2 2 2 2 2 2 2 2 2 2 2 2 2 2 2 2 2 2 2 2
left_child=4 3 7 8 -1 9 14 25 16 15 -7 21 24 28 19 -4 -2 -6 -15 -5 -16 23 -23 -9 -10 -3 -17 -28 -8 -12
right_child=1 2 5 6 17 10 13 11 12 -11 29 -13 -14 18 20 26 -18 -19 -20 -21 -22 22 -24 -25 -26 -27 27 -29 -30 -31
leaf_value=-0.0046208440616337075 -0.0016213933946192197 0.00088245589160898703 0.0019221987533880245 -0.00020305548235689935 -0.0034249838870983509 0.0029448776565643938 0.00023957485859656949 0.0013206549283272472 -0.001043766978147164 0.0025990346181371474 0.0034152847919578693 0.0016639199449732358 -0.00044262301866660207 0.00057814468771766239 -4.7767803981528893e-05 0.002085240378811002 -0.0012408725863970107 -0.0023090361809298887 0.0012575662335922917 -0.00079006715401987821 0.00035474245138408637 0.00089553118474247758 0.0013922699147720257 0.0019453731848225039 -0.00061727584437200539 0.0011082481365167305 0.0023247691616165851 0.0029846764666833056 0.00049173779270986998 0.0041725974019208613
leaf_weight=610 135 303 138 147 14.999999999999998 153 259 82 162 216 33 246 100 286 260 78 177 19 23 34 74 79 110 39 58 299 70 26 170 17
leaf_count=610 135 303 138 147 15 153 259 82 162 216 33 246 100 286 260 78 177 19 23 34 74 79 110 39 58 299 70 26 170 17
internal_value=-5.56884e-06 0.000765598 0.00173637 -0.000207237 -0.00452479 0.00254975 0.000237063 0.00122292 -0.0010881 0.00232888 0.0031242 0.00147013 -0.000778612 0.000460597 -8.32636e-05 0.00214184 -0.00140553 -0.00280145 0.00062872 -0.000313327 4.14119e-05 0.00131634 0.00118464 0.00152202 -0.000931332 0.000994604 0.00231603 0.00250352 0.0003395 0.00367285
internal_weight=4418 3774 1889 1885 644 731 1253 1158 632 528 203 556 320 738 515 312 312 34 309 181 334 310 189 121 220 602 174 96 429 50
internal_count=4418 3774 1889 1885 644 731 1253 1158 632 528 203 556 320 738 515 312 312 34 309 181 334 310 189 121 220 602 174 96 429 50
is_linear=0
shrinkage=0.03


Tree=31
num_leaves=31
num_cat=0
split_feature=0 0 0 0 0 0 0 0 0 0 1 0 1 0 6 1 7 6 0 1 18 1 0 6 18 0 16 18 16 0
split_gain=16.0968 3.72615 0.822572 0.766447 0.11143 0.0957826 0.0877978 0.0701541 0.0631074 0.0273736 0.0183089 0.0165054 0.0160023 0.0155484 0.0143844 0.0128078 0.0109058 0.0108028 0.00964327 0.00961787 0.00888422 0.00803203 0.00782727 0.00855864 0.0077317 0.00767683 0.00762997 0.00711888 0.00711599 0.00658639
threshold=0.14734340017519185 0.44927585088026639 0.54460969367221124 0.34766968031203666 1.0000000180025095e-35 0.61433241398902261 0.39691598310638843 0.50105252437683734 0.29001749062968413 0.58757867942685726 0.22656250000000003 0.32319281828654317 0.080729166666666671 0.47151883933976957 0.18229779119656767 0.049479166666666671 0.016245047390400568 0.17067149440421334 0.43439828646662476 0.033854166666666671 0.48382352941176471 0.085937500000000014 0.36322322697836107 0.25072302558398224 0.43970588235294122 0.53121608501887896 24.500000000000004 0.50147058823529422 23.500000000000004 0.25524309366169701
decision_type=2 2 2 2 2 2 2 2 2 2 2 2 2 2 2 2 2 2 2 2 2 2 2 2 2 2 2 2 2 2
left_child=4 3 7 8 -1 9 15 13 19 24 26 20 14 -3 -8 22 -6 -17 -16 29 -10 -15 23 -5 -4 27 -7 -9 -26 -2
right_child=1 2 5 6 16 10 12 25 11 -11 -12 -13 -14 21 18 17 -18 -19 -20 -21 -22 -23 -24 -25 28 -27 -28 -29 -30 -31
leaf_value=-0.0044822192117171334 -0.0015958476032581464 0.00088386048617078038 0.0016306406608909635 -0.00025615129796837185 -0.003322241150508777 0.0026199154169981938 -8.1796972417172773e-05 0.0013906068819988697 -0.0010379163809556692 0.0025210639722652696 0.0038478734199201337 -0.00051157160045566755 0.00096932099827058303 0.001082406374154764 0.00036888739948232697 -0.00031726973305430049 -0.0022397688024609059 0.00038349243860306894 0.00062117306845226288 -0.0007725224379368453 -0.00059490850503542104 0.0013932779181823984 -6.5550341772842077e-05 -0.0010055771985035798 0.0019491335521189439 0.0017786115581931168 0.0030531600078596817 0.0018017214660078855 0.0022590124648957256 -0.0012920071351828839
leaf_weight=610 106 357 31 96 14.999999999999998 51 50 241 166 216 22 139 49 339 443 26 19 83 197 23 54 96 274 15.999999999999998 114 86 130 45 161 163
leaf_count=610 106 357 31 96 15 51 50 241 166 216 22 139 49 339 443 26 19 83 197 23 54 96 274 16 114 86 130 45 161 163
internal_value=-5.40169e-06 0.000742631 0.00168428 -0.00020102 -0.00438905 0.00247751 0.00023836 0.00119021 -0.00103388 0.00226247 0.00303047 -0.00076749 0.000445462 0.00103059 0.000408259 -7.08301e-05 -0.00271741 0.000216337 0.000446545 -0.00136139 -0.000929181 0.00115102 -0.000151922 -0.00036322 0.00207992 0.00153005 0.0029311 0.0014553 0.00213056 -0.00141174
internal_weight=4418 3774 1889 1885 644 725 1234 1164 651 522 203 359 739 792 690 495 34 109 640 292 220 435 386 112 306 372 181 286 275 269
internal_count=4418 3774 1889 1885 644 725 1234 1164 651 522 203 359 739 792 690 495 34 109 640 292 220 435 386 112 306 372 181 286 275 269
is_linear=0
shrinkage=0.03


Tree=32
num_leaves=31
num_cat=0
split_feature=0 0 5 5 0 0 5 5 5 0 1 5 5 0 16 0 0 0 0 17 16 8 1 11 7 7 1 18 16 5
split_gain=15.1455 3.50594 0.776712 0.727142 0.104844 0.0912349 0.0879767 0.0645578 0.0614464 0.0277888 0.0229756 0.0190814 0.0163637 0.0161348 0.0119458 0.0114767 0.0109721 0.0104402 0.0090816 0.00874097 0.00865336 0.0191177 0.00815756 0.00790287 0.00877593 0.0078859 0.00784313 0.00776224 0.00769749 0.00712537
threshold=0.14734340017519185 0.44927585088026639 0.24847870182555784 0.082995267072346182 1.0000000180025095e-35 0.61636054089337511 0.10598377281947263 0.18154158215010144 0.057809330628803259 0.58757867942685726 0.044270833333333336 0.60243407707910757 0.20791075050709942 0.32838837274029392 24.500000000000004 0.36322322697836107 0.26145367489924248 0.08076589754599578 0.39789993807232954 0.34515477772984848 27.500000000000004 0.1966496734981962 0.070312500000000014 -0.68301270189221952 0.11146912280415879 0.070577206193085482 0.059895833333333336 0.48382352941176471 26.500000000000004 0.45334685598377283
decision_type=2 2 2 2 2 2 2 2 2 2 2 2 2 2 2 2 2 2 2 2 2 2 2 2 2 2 2 2 2 2
left_child=4 3 7 8 -1 9 15 26 16 14 18 28 22 27 -4 25 -2 -6 -8 -17 -12 -22 -9 -16 -25 -5 -3 -10 -7 -30
right_child=1 2 5 6 17 11 10 12 13 -11 20 -13 -14 -15 23 19 -18 -19 -20 -21 21 -23 -24 24 -26 -27 -28 -29 29 -31
leaf_value=-0.0043477527147984495 -0.001527932698618998 0.0008275794179354091 0.0018075887280596102 -0.00025364840440299577 -0.0032276683696531691 0.002584766400781896 -8.7659548647424376e-05 0.0010855906987532209 -0.00098278992827413895 0.0024518389449976834 0.00040453655667613226 0.0039902864956917758 0.0015662158618159584 -0.00041656970106314383 0.001957032656538106 2.8238385586760383e-05 -0.0011688226811680375 -0.0021685625477299163 0.00029925693152086736 -0.00071660887462893263 0.0006016816798183512 0.0017071915282591264 0.0013934155290297357 0.0021888100406835457 0.0028344855190451279 -0.00089353034967056216 0.001044166988796667 -0.00057833006505663461 0.0028922779818914852 0.0034618954426822389
leaf_weight=610 135 303 138 130 14.999999999999998 56 66 156 162 228 203 14.999999999999998 246 100 78 259 177 19 316 14.999999999999998 229 14.999999999999998 154 70 26 20 299 58 95 25
leaf_count=610 135 303 138 130 15 56 66 156 162 228 203 15 246 100 78 259 177 19 316 15 229 15 154 70 26 20 299 58 95 25
internal_value=-5.23954e-06 0.000720352 0.00163375 -0.000194989 -0.00425738 0.00239941 0.000223475 0.00115043 -0.00102463 0.00220007 0.000403252 0.00296296 0.00138351 -0.000732542 0.00201608 -0.000128024 -0.00132421 -0.0026359 0.000232407 -1.25404e-05 0.000549253 0.00066965 0.00123851 0.00218142 0.00236371 -0.000338971 0.000935155 -0.000876163 0.00287538 0.00301098
internal_weight=4418 3774 1889 1885 644 731 1253 1158 632 540 829 191 556 320 312 424 312 34 382 274 447 244 310 174 96 150 602 220 176 120
internal_count=4418 3774 1889 1885 644 731 1253 1158 632 540 829 191 556 320 312 424 312 34 382 274 447 244 310 174 96 150 602 220 176 120
is_linear=0
shrinkage=0.03


Tree=33
num_leaves=31
num_cat=0
split_feature=20 20 5 5 20 20 20 20 5 20 5 20 20 20 20 18 20 20 7 6 17 18 9 18 6 18 5 9 18 5
split_gain=14.2504 3.29874 0.730874 0.684168 0.0986472 0.0838592 0.0828988 0.0634118 0.057815 0.0249817 0.0179539 0.0151813 0.0144209 0.014089 0.0110878 0.0108297 0.0103237 0.0100736 0.00993946 0.00883862 0.00739493 0.00730349 0.0070777 0.00793846 0.00856173 0.00707525 0.00716349 0.00691205 0.00693139 0.00663122
threshold=0.14734340017519185 0.44927585088026639 0.2505070993914808 0.082995267072346182 1.0000000180025095e-35 0.61636054089337511 0.39691598310638843 0.50105252437683734 0.057809330628803259 0.58757867942685726 0.60243407707910757 0.32838837274029392 0.47151883933976957 0.43439828646662476 0.36322322697836107 0.43970588235294122 0.26145367489924248 0.53121608501887896 0.016245047390400568 0.18229779119656767 0.40894391966641147 0.48382352941176471 0.64697301239970828 0.48088235294117648 0.24322262831717786 0.46029411764705885 0.15517241379310348 0.12946754194018967 0.50147058823529422 0.44523326572008121
decision_type=2 2 2 2 2 2 2 2 2 2 2 2 2 2 2 2 2 2 2 2 2 2 2 2 2 2 2 2 2 2
left_child=4 3 7 8 -1 9 14 12 16 15 29 21 -3 19 22 -4 -2 -9 -6 -8 -17 -10 23 24 -5 -15 -27 -21 -29 -7
right_child=1 2 5 6 18 10 13 17 11 -11 -12 -13 -14 25 -16 20 -18 -19 -20 27 -22 -23 -24 -25 -26 26 -28 28 -30 -31
leaf_value=-0.0042173202349374992 -0.0014820950655010771 0.00082651793805759149 0.0014579530575209877 -0.00018548368967415981 -0.0031342292680683775 0.002681105703802731 -5.3536917982458722e-05 0.0013516741533314126 -0.00095330640849887926 0.0023782840959208867 0.0038705857886718788 -0.00040407273080394595 0.0010840020607640278 0.00028289442020580684 1.7690205137198069e-05 0.00197592958075776 -0.0011337581912557737 0.0017103204375590033 -0.0021008370333111953 -3.7837892972693921e-05 0.0025178374921001005 -0.00056098046681362518 -0.00067472811977569087 0.00019531431388917977 -0.00091698250022083697 0.00064630714798743138 0.0013312367056401142 0.00037539112411911834 0.00087182592924948217 0.0031034933363688539
leaf_weight=610 135 356 34 72 14.999999999999998 131 48 282 162 228 14.999999999999998 100 435 45 356 244 177 94 19 34 25 58 33 36 18 164 14.999999999999998 405 27 45
leaf_count=610 135 356 34 72 15 131 48 282 162 228 15 100 435 45 356 244 177 94 19 34 25 58 33 36 18 164 15 405 27 45
internal_value=-5.08223e-06 0.000698741 0.00158474 -0.00018914 -0.00412966 0.00233497 0.000216771 0.00112059 -0.000993895 0.00214105 0.00287407 -0.000710566 0.000968119 0.000420613 -7.53379e-05 0.00196253 -0.00128449 0.00144134 -0.00255682 0.00033408 0.0020263 -0.000849878 -0.000283626 -0.00018119 -0.000331792 0.000619173 0.000703711 0.000374007 0.00040642 0.00278912
internal_weight=4418 3774 1889 1885 644 722 1253 1167 632 531 191 320 791 738 515 303 312 376 34 514 269 220 159 126 90 224 179 466 432 176
internal_count=4418 3774 1889 1885 644 722 1253 1167 632 531 191 320 791 738 515 303 312 376 34 514 269 220 159 126 90 224 179 466 432 176
is_linear=0
shrinkage=0.03


Tree=34
num_leaves=31
num_cat=0
split_feature=0 0 5 5 5 5 0 5 5 1 0 5 0 0 18 0 6 9 0 0 9 6 0 11 7 18 16 7 18 8
split_gain=13.4082 3.10379 0.68801 0.643734 0.0928929 0.0783894 0.073221 0.0683599 0.0543981 0.0211367 0.0201788 0.016893 0.0156635 0.0142841 0.0111368 0.0104454 0.0103241 0.0113064 0.00977439 0.00894937 0.00823646 0.0175087 0.0080994 0.008004 0.00793976 0.00780064 0.0072161 0.00696351 0.00780383 0.00865708
threshold=0.14734340017519185 0.44927585088026639 0.25456389452332662 0.082995267072346182 0.015973630831643004 0.10598377281947263 0.61636054089337511 0.19776876267748481 0.057809330628803259 0.044270833333333336 0.58757867942685726 0.60243407707910757 0.47556016327877837 0.32838837274029392 0.43970588235294122 0.53121608501887896 0.15714285714285717 0.64697301239970828 0.25524309366169701 0.37807704580811868 0.30233406272793589 0.30921658986175121 0.42795921805502896 0.25000000000000017 0.053878726895501002 0.4485294117647059 26.500000000000004 0.059770957393518474 0.48382352941176471 0.068397051887474206
decision_type=2 2 2 2 2 2 2 2 2 2 2 2 2 2 2 2 2 2 2 2 2 2 2 2 2 2 2 2 2 2
left_child=4 3 7 8 -1 16 10 12 18 22 14 26 -3 27 -4 -9 17 -5 -2 25 -11 23 -7 -22 -25 -18 -8 28 29 -10
right_child=1 2 6 5 -6 9 11 15 13 20 -12 -13 -14 -15 -16 -17 19 -19 -20 -21 21 -23 -24 24 -26 -27 -28 -29 -30 -31
leaf_value=-0.0040867972161184865 -0.0014817313025096035 0.00081981285318888765 0.0014082895040303024 -0.00015646238202009262 -0.0024034276913841527 0.00011746132055724011 0.0024240777699129426 0.0013256830870665773 -0.0012499448071434476 0.00028613232109282304 0.0023069358933898621 0.0037544760370038363 0.0010829253486141137 -0.00039195067704779891 0.001995739836416969 0.0016637614819252887 -0.00079189702560213094 -0.00077574733943551379 -0.0011263454769201637 0.00017508187501176256 0.00041503401932803553 0.0011981485538426389 0.00040955632723080608 0.00035132815232559103 0.0009474447042373751 -9.8499928081093374e-05 0.002836731274945868 -0.0013183548217351438 -0.00045545731625344838 -0.00073448495999529581
leaf_weight=613 105 425 33 83 31 253 56 257 41 104 228 14.999999999999998 391 100 243 121 15.999999999999998 39 207 119 214 38 129 30 61 167 120 23 53 103
leaf_count=613 105 425 33 83 31 253 56 257 41 104 228 15 391 100 243 121 16 39 207 119 214 38 129 30 61 167 120 23 53 103
internal_value=-4.92972e-06 0.000677779 0.0015372 -0.000183465 -0.00400577 0.000210268 0.00228763 0.00110039 -0.000964078 0.000379967 0.00209806 0.00278785 0.000945889 -0.000689249 0.00192551 0.00143391 -0.000121526 -0.000354435 -0.00124595 -2.74364e-05 0.000520003 0.000590913 0.000216102 0.000515254 0.000750929 -0.000159129 0.00270545 -0.000824382 -0.000766704 -0.000881255
internal_weight=4418 3774 1889 1885 644 1253 695 1194 632 829 504 191 816 320 276 378 424 122 312 302 447 343 382 305 91 183 176 220 197 144
internal_count=4418 3774 1889 1885 644 1253 695 1194 632 829 504 191 816 320 276 378 424 122 312 302 447 343 382 305 91 183 176 220 197 144
is_linear=0
shrinkage=0.03


Tree=35
num_leaves=31
num_cat=0
split_feature=0 0 5 0 1 0 5 5 0 0 6 5 11 1 7 11 1 0 11 11 9 1 7 1 6 5 11 9 1 17
split_gain=12.7663 2.85815 0.633871 0.534642 0.163401 0.109688 0.0710914 0.0534469 0.0459121 0.0181107 0.0155981 0.0146802 0.0145199 0.013846 0.0124947 0.0124287 0.011765 0.0111259 0.0102682 0.012986 0.0095003 0.00940437 0.00929973 0.00913491 0.00864023 0.00835489 0.00829749 0.00824644 0.00779922 0.00747044
threshold=0.20681904689606379 0.45763877432200306 0.081981068289384729 0.55313495128410028 1.0000000180025095e-35 0.40444634706958454 0.20791075050709942 0.38843813387423937 0.29001749062968413 0.59889677441000055 0.30368663594470052 0.12677484787018259 0.93301270189221952 0.033854166666666671 0.020972266000457252 0.93301270189221952 0.22656250000000003 0.36322322697836107 0.93301270189221952 0.6830127018922193 0.57330415754923425 0.023437500000000003 0.21079428208555034 0.033854166666666671 0.29170506912442401 0.058992562542258299 0.6830127018922193 0.47191830780452232 0.075520833333333343 0.40102969960003415
decision_type=2 2 2 2 2 2 2 2 2 2 2 2 2 2 2 2 2 2 2 2 2 2 2 2 2 2 2 2 2 2
left_child=4 2 8 6 -1 13 10 9 25 22 -3 -7 23 17 -6 26 -9 20 19 -8 -4 -10 29 -13 -25 -2 -12 -11 -28 -5
right_child=1 3 5 7 14 11 18 16 21 27 15 12 -14 -15 -16 -17 -18 -19 -20 -21 -22 -23 -24 24 -26 -27 28 -29 -30 -31
leaf_value=-0.0039658421354395942 -0.0012342856652508426 0.00080906389640131012 -0.0002343925921724238 0.001938449651190963 -0.0026523267751140792 0.00029726330786992723 0.0015035312245777705 0.0026384700128123987 -0.00081870083183418184 0.0017929001844706265 0.0010871656565419456 0.0003549745758685972 6.8757881563011805e-05 9.6957359461604945e-05 -0.0016718656311909736 0.00056203459169142675 0.0033678249264329882 -7.2560663726341435e-05 0.0010772768140963438 0.0020772480621374448 -0.00089329548054393831 -0.00049877697855705639 0.0012915798479328053 0.00059923291387196703 0.00090746227194113665 -0.00054769019731202933 0.0011800096059888998 0.0023718305199878493 0.0019186825375204939 0.0023873309894726874
leaf_weight=618 259 277 54 275 22 243 230 98 176 25 400 91 46 329 25 37 25 228 40 42 31 156 18 284 115 17 31 195 22 38
leaf_count=618 259 277 54 275 22 243 230 98 176 25 400 91 46 329 25 37 25 228 40 42 31 156 18 284 115 17 31 195 22 38
internal_value=-2.88287e-06 0.000671133 -9.54394e-05 0.0015584 -0.00383615 0.000251406 0.00114432 0.00222129 -0.000906075 0.00209506 0.000989007 0.000490684 0.000578372 -3.89335e-05 -0.00213085 0.00109073 0.00278674 -0.000181771 0.00152612 0.00159213 -0.000474706 -0.000668377 0.00195482 0.000626213 0.000688073 -0.001192 0.00113391 0.00230605 0.00148666 0.00199295
internal_weight=4447 3782 2029 1753 665 1421 1079 674 608 551 767 779 536 642 47 490 123 313 312 272 85 332 331 490 399 276 453 220 53 313
internal_count=4447 3782 2029 1753 665 1421 1079 674 608 551 767 779 536 642 47 490 123 313 312 272 85 332 331 490 399 276 453 220 53 313
is_linear=0
shrinkage=0.03


Tree=36
num_leaves=31
num_cat=0
split_feature=0 0 0 0 1 0 0 0 0 1 1 0 6 1 11 7 1 11 6 1 6 11 9 11 16 11 7 7 16 4
split_gain=12.0118 2.68924 0.588374 0.503242 0.153744 0.0836445 0.0629637 0.0609245 0.0492904 0.0222945 0.0178347 0.0143688 0.0123969 0.0121802 0.0120579 0.0117563 0.0113299 0.0113211 0.0102513 0.00959532 0.0101434 0.00922138 0.00919018 0.00918623 0.0085208 0.00961573 0.00853484 0.00849988 0.0118026 0.00832001
threshold=0.20681904689606379 0.45763877432200306 0.35525449158882932 0.54460969367221124 1.0000000180025095e-35 0.41542199475783687 0.59889677441000055 0.29001749062968413 0.50532152180681911 0.22656250000000003 0.023437500000000003 0.37807704580811868 0.30368663594470052 0.080729166666666671 0.93301270189221952 0.020972266000457252 0.080729166666666671 0.93301270189221952 0.15371047195296364 0.039062500000000007 0.29631336405529957 0.6830127018922193 0.51677607585703877 0.6830127018922193 25.500000000000004 0.6830127018922193 0.19614921917087011 0.092848179558897223 28.500000000000004 0.091145833333333343
decision_type=2 2 2 2 2 2 2 2 2 2 2 2 2 2 2 2 2 2 2 2 2 2 2 2 2 2 2 2 2 2
left_child=4 2 7 8 -1 11 16 -2 12 24 -9 -4 23 18 21 -6 -5 19 -13 -7 -21 -14 -12 -3 25 -8 -26 28 -20 -10
right_child=1 3 5 6 15 17 9 10 29 -11 22 13 14 -15 -16 -17 -18 -19 27 20 -22 -23 -24 -25 26 -27 -28 -29 -30 -31
leaf_value=-0.0038468671352856702 -0.0011466112639719149 0.00067644978735258848 -0.00013586473631785112 0.0015885734745414079 -0.002572760563317518 0.00038125722817309611 0.002278272935089446 -0.00077454389936549781 0.0012864099065234885 0.0032667941863258085 -9.954188840877763e-05 -0.00035223280247627311 0.0010344591628540897 0.00091529769151269555 0.0005284063035365347 -0.0016217116654052728 0.0019477356141653305 0.00011323631894297397 2.5028810967283715e-05 0.00057111062649344479 0.00093646014638228505 0.0014732232311360509 -0.00051858730775131232 0.0010721684785076292 0.0023818673820204706 0.0016318165267440181 0.0029579495254311175 -0.00044199629407809087 0.00034750442032939688 0.0016200645172025456
leaf_weight=618 277 198 236 109 22 167 102 202 194 25 70 38 359 18 38 25 288 53 198 307 88 49 144 72 163 26 27 20 211 103
leaf_count=618 277 198 236 109 22 167 102 202 194 25 70 38 359 18 38 25 288 53 198 307 88 49 144 72 163 26 27 20 211 103
internal_value=-2.79629e-06 0.000650999 -9.25762e-05 0.00151165 -0.00372107 0.000275358 0.00210636 -0.000801898 0.0010772 0.00240408 -0.000572363 5.61248e-05 0.000942424 0.000149547 0.00103955 -0.00206693 0.00184913 0.000532378 0.00012003 0.000571905 0.000652507 0.00108716 -0.000381517 0.000781978 0.00233625 0.00214698 0.00246375 0.000161862 0.000191392 0.00140213
internal_weight=4447 3782 2029 1753 665 1336 740 693 1013 343 416 721 716 485 446 47 397 615 467 562 395 408 214 270 318 128 190 429 409 297
internal_count=4447 3782 2029 1753 665 1336 740 693 1013 343 416 721 716 485 446 47 397 615 467 562 395 408 214 270 318 128 190 429 409 297
is_linear=0
shrinkage=0.03


Tree=37
num_leaves=31
num_cat=0
split_feature=20 20 5 20 1 20 5 5 20 20 6 5 11 1 8 16 8 8 7 20 11 11 20 7 9 5 11 17 16 9
split_gain=11.3019 2.53031 0.562943 0.474177 0.144657 0.0969975 0.0630595 0.047727 0.040368 0.0160739 0.0137975 0.0134183 0.0135086 0.0128002 0.0122508 0.0118253 0.0123166 0.0112312 0.0110616 0.00980312 0.00951087 0.0122312 0.00891183 0.0096671 0.00890474 0.00786114 0.00775003 0.00740883 0.00688655 0.00682026
threshold=0.20681904689606379 0.45763877432200306 0.081981068289384729 0.55313495128410028 1.0000000180025095e-35 0.40444634706958454 0.20791075050709942 0.38843813387423937 0.29001749062968413 0.58757867942685726 0.30368663594470052 0.1288032454361055 0.93301270189221952 0.033854166666666671 0.35159761643159942 25.500000000000004 0.37367877865781685 0.33361259514664277 0.020972266000457252 0.36322322697836107 0.93301270189221952 0.6830127018922193 0.32838837274029392 0.059770957393518474 0.57330415754923425 0.058992562542258299 0.6830127018922193 0.24427708280146376 29.500000000000004 0.89606126914660855
decision_type=2 2 2 2 2 2 2 2 2 2 2 2 2 2 2 2 2 2 2 2 2 2 2 2 2 2 2 2 2 2
left_child=4 2 8 6 -1 13 10 9 25 -5 -3 27 26 19 -12 -9 -17 -11 -6 24 21 -8 23 29 -4 -2 -13 -7 -15 -10
right_child=1 3 5 7 18 11 20 15 22 17 14 12 -14 28 -16 16 -18 -19 -20 -21 -22 -23 -24 -25 -26 -27 -28 -29 -30 -31
leaf_value=-0.0037314612558473001 -0.0011628590322186707 0.00076082153742473857 -0.00021561050516711306 0.0017908468051843257 -0.0024955812566502841 0.00083449599512711123 0.0014134667718762174 0.0019944398243380351 -0.00063221625695933023 0.0021769669231351302 0.0010619543156489253 0.0005551022152869607 6.3660277228039418e-05 -4.5509790023223294e-05 0.00040453447690967924 0.0025620181573347291 0.0033108299606168959 0.001565535893000498 -0.0015730622586705202 -7.0786436939101785e-05 0.0010039510156681117 0.0019702577848566684 -0.00040545420217287872 -0.001425870298732546 -0.00085352586814615463 -0.0004968641441527741 0.00092080249221533639 0.00024809506731093991 0.00022905909874668026 -0.001276899722396804
leaf_weight=618 259 277 54 246 22 21 230 22 192 275 463 399 46 161 27 74 27 30 25 228 40 42 107 17 31 17 60 253 168 15.999999999999998
leaf_count=618 259 277 54 246 22 21 230 22 192 275 463 399 46 161 27 74 27 30 25 228 40 42 107 17 31 17 60 253 168 16
internal_value=-2.71229e-06 0.00063147 -8.9799e-05 0.0014663 -0.00360944 0.000237065 0.00107634 0.00209058 -0.000853735 0.0019713 0.00093006 0.000462076 0.000553789 -3.59621e-05 0.00102573 0.00262492 0.00276223 0.00211683 -0.00200492 -0.000173299 0.00143593 0.00149945 -0.000630851 -0.000738037 -0.000448269 -0.00112184 0.000602908 0.000293041 9.46959e-05 -0.000681813
internal_weight=4447 3782 2029 1753 665 1421 1079 674 608 551 767 779 505 642 490 123 101 305 47 313 312 272 332 225 85 276 459 274 329 208
internal_count=4447 3782 2029 1753 665 1421 1079 674 608 551 767 779 505 642 490 123 101 305 47 313 312 272 332 225 85 276 459 274 329 208
is_linear=0
shrinkage=0.03


Tree=38
num_leaves=31
num_cat=0
split_feature=0 0 5 0 1 0 5 5 0 0 0 6 5 11 1 18 8 8 18 0 0 7 1 6 2 8 17 5 3 11
split_gain=10.6361 2.29924 0.480036 0.446153 0.272456 0.091265 0.0593328 0.0449066 0.0294684 0.0151239 0.0140356 0.0129821 0.0126252 0.0127103 0.0120437 0.0116148 0.0115268 0.0105674 0.00990655 0.00922377 0.00838516 0.00909583 0.00742844 0.00818603 0.00873267 0.00702988 0.006971 0.00678085 0.00669623 0.00667458
threshold=0.23559660932262541 0.45763877432200306 0.081981068289384729 0.55313495128410028 1.0000000180025095e-35 0.40444634706958454 0.20791075050709942 0.38843813387423937 0.29001749062968413 0.58757867942685726 0.08076589754599578 0.30368663594470052 0.1288032454361055 0.93301270189221952 0.033854166666666671 0.51911764705882357 0.35159761643159942 0.33361259514664277 0.42794117647058827 0.36322322697836107 0.32838837274029392 0.059770957393518474 0.039062500000000007 0.307373271889401 0.044270833333333336 0.061010204590290239 0.24427708280146376 0.058992562542258299 0.14322916666666669 0.6830127018922193
decision_type=2 2 2 2 2 2 2 2 2 2 2 2 2 2 2 2 2 2 2 2 2 2 2 2 2 2 2 2 2 2
left_child=4 2 8 6 -1 14 11 9 27 -5 -6 29 26 22 19 -9 28 -11 -8 -4 21 -10 -14 -24 -25 -12 -7 -2 -13 -3
right_child=1 3 5 7 10 12 18 15 20 17 25 16 13 -15 -16 -17 -18 -19 -20 -21 -22 -23 23 24 -26 -27 -28 -29 -30 -31
leaf_value=-0.0036195178653832157 -0.0010873942500726182 0.00065153551340508653 -0.00043482159985342095 0.0017371216246770528 -0.0025626397720536157 0.00080946230541195034 0.00074686752135657382 0.0023548733533337355 -0.00066135907364140291 0.0021116581250468208 -0.0017736029736994782 0.001050972252692734 0.00038968252388527698 6.1750512318680992e-05 9.1855007754796866e-05 0.0029907313796372764 0.00039239889915861054 0.0015185713779305042 0.0014370921060449331 -6.8662851660360901e-05 -0.00039329069248086841 -0.00138309670714765 0.00058878600319305508 0.0015754251828237096 0.00075939084013187605 -0.0011087350096404729 0.000240652246213182 -0.00044855027072126738 0.00040655587436345112 0.00098884427613753559
leaf_weight=618 229 206 85 246 14.999999999999998 21 20 86 208 275 41 448 127 46 329 37 27 30 292 228 107 17 271 15.999999999999998 45 22 253 15.999999999999998 14.999999999999998 71
leaf_count=618 229 206 85 246 15 21 20 86 208 275 41 448 127 46 329 37 27 30 292 228 107 17 271 16 45 22 253 16 15 71
internal_value=-2.6309e-06 0.000629358 -6.63602e-05 0.00142231 -0.00340865 0.000229953 0.00104405 0.00202786 -0.000796102 0.00191216 -0.00173786 0.000902158 0.000448213 0.000537175 -3.48832e-05 0.00254617 0.000994958 0.00205333 0.00139285 -0.0001681 -0.000611925 -0.000715896 0.000584821 0.000659466 0.000973455 -0.00154145 0.00028425 -0.00104568 0.0010301 0.000737997
internal_weight=4447 3751 1998 1753 696 1421 1079 674 577 551 78 767 779 505 642 123 490 305 312 313 332 225 459 332 61 63 274 245 463 277
internal_count=4447 3751 1998 1753 696 1421 1079 674 577 551 78 767 779 505 642 123 490 305 312 313 332 225 459 332 61 63 274 245 463 277
is_linear=0
shrinkage=0.03


Tree=39
num_leaves=31
num_cat=0
split_feature=0 5 5 0 0 0 5 5 0 0 0 7 5 11 11 6 0 18 0 6 7 16 6 5 18 7 16 6 9 4
split_gain=10.0075 2.16521 0.499238 0.362441 0.255463 0.103249 0.0482564 0.0406866 0.0337131 0.0156434 0.0154019 0.0153643 0.0141781 0.0121971 0.0144132 0.0125963 0.0110501 0.0109285 0.00968981 0.00890191 0.00886283 0.0105923 0.00995071 0.00868067 0.00839437 0.00835872 0.00778803 0.00749237 0.00738875 0.00729985
threshold=0.23559660932262541 0.16125760649087226 0.084178498985801223 0.55485698752022106 1.0000000180025095e-35 0.41542199475783687 0.21805273833671404 0.38843813387423937 0.29001749062968413 0.37807704580811868 0.08076589754599578 0.19614921917087011 0.31947261663286008 0.93301270189221952 0.6830127018922193 0.30368663594470052 0.33835026822848241 0.51911764705882357 0.44050775762703082 0.15371047195296364 0.10585281245293768 28.500000000000004 0.33594470046082953 0.10598377281947263 0.42794117647058827 0.047593645554304349 2.5000000000000004 0.29354838709677428 0.89606126914660855 0.044270833333333336
decision_type=2 2 2 2 2 2 2 2 2 2 2 2 2 2 2 2 2 2 2 2 2 2 2 2 2 2 2 2 2 2
left_child=4 2 8 6 -1 9 13 11 -2 23 -6 12 -5 14 15 27 28 -9 26 -11 21 -21 25 -4 -8 -23 -7 -3 -10 -16
right_child=1 3 5 7 10 18 24 17 16 19 -12 -13 -14 -15 29 -17 -18 -19 -20 20 -22 22 -24 -25 -26 -27 -28 -29 -30 -31
leaf_value=-0.0035135135105290888 -0.0010143057362616927 0.00076029189849714459 -0.00019112485142234981 0.001736279191821498 -0.0025128439865521237 -0.00017844105116730081 0.00076579617131623042 0.0022842279627670208 -0.00061700685709989585 -0.00030634135783788867 -0.0014952060748734573 0.0010268265059626882 0.0020505578595023909 0.00051008614911727493 0.0009934853175024962 0.00099428327419755669 -0.00029098089221593496 0.0029010118469154928 0.0006291689488399627 4.472883796105092e-05 -0.00054457034462720543 0.00050623068181224347 0.0010637814603020946 0.0004422497155824998 0.0014550663283174946 0.00011703038899904714 0.00044566801545992693 0.00016840133186386252 -0.001230770682329931 0.0014874027533808372
leaf_weight=616 245 118 268 255 17 19 17 86 249 38 63 19 262 56 46 393 100 37 386 209 14.999999999999998 88 15.999999999999998 21 247 114 340 23 19 65
leaf_count=616 245 118 268 255 17 19 17 86 249 38 63 19 262 56 46 393 100 37 386 209 15 88 16 21 247 114 340 23 19 65
internal_value=-2.55191e-06 0.000610477 -1.93289e-05 0.00143535 -0.00330639 0.000273126 0.00106499 0.00197769 -0.000741639 2.92795e-05 -0.00171148 0.00186476 0.00189555 0.000934795 0.000971668 0.000907008 -0.000560106 0.00246979 0.000524827 0.00013427 0.000172152 0.000197331 0.000343631 -0.0001451 0.00141068 0.000286585 0.000412637 0.000663744 -0.000660524 0.00128273
internal_weight=4447 3751 2127 1624 696 1514 965 659 613 769 80 536 517 701 645 534 368 123 745 480 442 427 218 289 264 202 359 141 268 111
internal_count=4447 3751 2127 1624 696 1514 965 659 613 769 80 536 517 701 645 534 368 123 745 480 442 427 218 289 264 202 359 141 268 111
is_linear=0
shrinkage=0.03


Tree=40
num_leaves=31
num_cat=0
split_feature=0 0 0 0 1 0 0 0 0 1 1 11 6 6 6 1 1 7 9 1 6 6 17 8 1 0 1 11 1 11
split_gain=9.27118 2.09475 0.467113 0.346689 0.267341 0.0632041 0.0493655 0.0467383 0.0265307 0.0159425 0.0136603 0.0122525 0.0138973 0.0106869 0.0105029 0.00984411 0.00915994 0.0128263 0.00829233 0.00824374 0.00791695 0.00940496 0.00785729 0.0081617 0.00714824 0.00641188 0.00640836 0.00620628 0.0058832 0.00568648
threshold=0.23559660932262541 0.46628748604459441 0.36322322697836107 0.54460969367221124 1.0000000180025095e-35 0.41542199475783687 0.61912653167645637 0.30761688447424484 0.50628773408195216 0.080729166666666671 0.22656250000000003 0.93301270189221952 0.30552995391705079 0.1494994438264739 0.092343140730237527 0.054687500000000007 0.033854166666666671 0.079791135151608045 0.30233406272793589 0.091145833333333343 0.26853646909264267 0.18229779119656767 0.25261679857033453 0.09958636803033781 0.091145833333333343 0.56764902299890541 0.059895833333333336 0.6830127018922193 0.065104166666666671 -0.9330127018922193
decision_type=2 2 2 2 2 2 2 2 2 2 2 2 2 2 2 2 2 2 2 2 2 2 2 2 2 2 2 2 2 2
left_child=4 2 7 8 -1 13 9 22 24 -5 -8 12 27 -4 -6 20 17 -15 -11 -10 21 29 -2 -24 -3 -20 -14 28 -7 -9
right_child=1 3 5 6 14 11 10 15 19 18 -12 -13 26 16 -16 -17 -18 -19 25 -21 -22 -23 23 -25 -26 -27 -28 -29 -30 -31
leaf_value=-0.0034110789563805903 -0.00026985942053161431 0.00084347032132585592 -0.00027961320569359866 0.0014277392352912836 -0.001738836959110684 0.00035524827333916398 0.0022015101493833159 -0.00089822097906742178 0.0011149216062578654 0.001458124842222264 0.0029440637576039499 5.8225001036082562e-05 0.00062974506539941746 5.8958767561921296e-05 -0.00085931696435034919 0.00012693957472764388 0.00022583426872573755 -0.00064512689840648147 0.0016543024696630158 0.0014397361353131698 -0.0011224364506725302 -0.00014721519146051562 -0.00086585757597900921 -0.0013691116909471952 0.0011178042928541721 0.0019378870649137607 0.0010351311084528291 0.00072270438844169419 0.00061638655020447369 -0.00045816199900734295
leaf_weight=606 18 503 66 117 66 360 157 30 192 50 26 55 97 223 14.999999999999998 29 334 26 95 111 14.999999999999998 86 310 32 103 294 55 66 99 222
leaf_count=606 18 503 66 117 66 360 157 30 192 50 26 55 97 223 15 29 334 26 95 111 15 86 310 32 103 294 55 66 99 222
internal_value=1.05804e-05 0.000594521 -2.84422e-05 0.00139704 -0.00319472 0.000297742 0.00187962 -0.000635531 0.00100471 0.00173895 0.00230703 0.000488843 0.000523826 8.22002e-05 -0.00157598 -0.000404389 0.000123161 -1.45625e-05 0.00182188 0.00123392 -0.000448039 -0.000418107 -0.000880796 -0.00091295 0.0008901 0.00186864 0.000776437 0.000450688 0.000411573 -0.000510553
internal_weight=4458 3771 2123 1648 687 1381 739 742 909 556 183 732 677 649 81 382 583 249 439 303 353 338 360 342 606 389 152 525 459 252
internal_count=4458 3771 2123 1648 687 1381 739 742 909 556 183 732 677 649 81 382 583 249 439 303 353 338 360 342 606 389 152 525 459 252
is_linear=0
shrinkage=0.03


Tree=41
num_leaves=31
num_cat=0
split_feature=0 0 0 0 1 0 0 0 0 1 18 11 6 0 6 18 1 1 16 0 1 18 6 6 16 6 1 11 11 11
split_gain=8.72345 2.03781 0.479702 0.3262 0.132454 0.0594688 0.0531747 0.0464481 0.0249627 0.0150003 0.0148452 0.0115284 0.0130759 0.0111833 0.0100554 0.00990003 0.00926233 0.0086186 0.0089035 0.00801704 0.00775654 0.00747371 0.0074491 0.00884913 0.00724057 0.00800673 0.00658744 0.00658041 0.00625284 0.00601891
threshold=0.20681904689606379 0.46628748604459441 0.36322322697836107 0.54460969367221124 1.0000000180025095e-35 0.41542199475783687 0.30761688447424484 0.61912653167645637 0.50628773408195216 0.080729166666666671 0.53382352941176481 0.93301270189221952 0.30552995391705079 0.26145367489924248 0.1494994438264739 0.43088235294117649 0.054687500000000007 0.033854166666666671 28.500000000000004 0.56764902299890541 0.091145833333333343 0.46029411764705885 0.26853646909264267 0.18229779119656767 3.5000000000000004 0.30368663594470052 0.054687500000000007 0.93301270189221952 0.6830127018922193 0.25000000000000017
decision_type=2 2 2 2 2 2 2 2 2 2 2 2 2 2 2 2 2 2 2 2 2 2 2 2 2 2 2 2 2 2
left_child=4 2 6 8 -1 14 13 9 24 -5 -9 12 21 -2 -4 -11 22 -16 -19 -17 -10 -7 23 -8 -3 29 -27 -21 -14 -26
right_child=1 3 5 7 -6 11 16 10 20 15 -12 -13 28 -15 17 19 -18 18 -20 27 -22 -23 -24 -25 25 26 -28 -29 -30 -31
leaf_value=-0.0033087468137751926 -0.0011107093316080243 0.00049277209697946942 -0.00027122493705516635 0.0013849074332574185 -0.0016871070104074563 0.00017215718407576137 -0.00049523688868379216 0.0021431359014796566 0.0010814741283823568 0.0010096832793723756 0.0030093053385148215 5.6478282082722276e-05 0.00068946592985839254 -0.00077347579860315163 -1.4125709173332047e-05 0.0015735718507158046 0.00012313151803668046 5.8498171900575183e-05 0.00036848196205269043 0.0019061074942529151 0.0013965444355467291 0.00048551382200176545 -0.0010887655914977117 -0.00014279878859070619 0.00058719251342022577 0.00078709550680834402 0.0010601420993745095 0.0013299486844199349 0.0013346510589642788 0.00092467940292199284
leaf_weight=606 135 44 66 117 49 81 252 163 192 14.999999999999998 20 55 137 257 249 110 29 161 173 295 111 444 14.999999999999998 86 108 116 253 19 14.999999999999998 85
leaf_count=606 135 44 66 117 49 81 252 163 192 15 20 55 137 257 249 110 29 161 173 295 111 444 15 86 108 116 253 19 15 85
internal_value=1.02631e-05 0.000561011 -4.62772e-05 0.00135513 -0.00318744 0.000288809 -0.000644151 0.00182324 0.000974566 0.00168678 0.00223782 0.000474178 0.000508112 -0.000889617 7.97342e-05 0.00176723 -0.000392257 0.000119466 0.000219059 0.00179403 0.0011969 0.000437168 -0.000434598 -0.000405564 0.000863397 0.000892413 0.000974309 0.00187125 0.000753144 0.000735831
internal_weight=4458 3803 2155 1648 655 1381 774 739 909 556 183 732 677 392 649 439 382 583 334 424 303 525 353 338 606 562 369 314 152 193
internal_count=4458 3803 2155 1648 655 1381 774 739 909 556 183 732 677 392 649 439 382 583 334 424 303 525 353 338 606 562 369 314 152 193
is_linear=0
shrinkage=0.03


Tree=42
num_leaves=31
num_cat=0
split_feature=0 0 0 0 1 0 0 0 0 1 18 11 1 0 18 8 1 7 0 18 1 17 1 17 11 11 8 11 10 9
split_gain=8.20904 1.85425 0.413319 0.306921 0.236105 0.0559542 0.0437031 0.0412908 0.0234874 0.0141138 0.013968 0.010847 0.0103663 0.00953427 0.00933121 0.00908734 0.00876152 0.00867852 0.00768132 0.00765921 0.00729814 0.0067275 0.00664367 0.00653267 0.00629156 0.006262 0.00607088 0.00588092 0.00634583 0.00626862
threshold=0.23559660932262541 0.46628748604459441 0.36322322697836107 0.54460969367221124 1.0000000180025095e-35 0.41542199475783687 0.61912653167645637 0.30761688447424484 0.50628773408195216 0.080729166666666671 0.53382352941176481 0.93301270189221952 0.065104166666666671 0.38756185137941357 0.43382352941176472 0.059038120693449485 0.023437500000000003 0.086724821097632201 0.56764902299890541 0.48088235294117648 0.091145833333333343 0.25261679857033453 0.075520833333333343 0.28716704961279899 1.0000000180025095e-35 0.93301270189221952 0.094246451924224248 0.25000000000000017 -0.24999999999999994 0.30233406272793589
decision_type=2 2 2 2 2 2 2 2 2 2 2 2 2 2 2 2 2 2 2 2 2 2 2 2 2 2 2 2 2 2
left_child=4 2 7 8 -1 13 9 19 22 -5 -8 12 -7 -4 -11 -6 -9 -14 -16 21 -10 -2 -3 -18 -21 -20 -23 -24 29 -29
right_child=1 3 5 6 15 11 10 16 20 14 -12 -13 17 -15 18 -17 23 -19 25 24 -22 26 27 -25 -26 -27 -28 28 -30 -31
leaf_value=-0.0032094844692597112 -0.00030068027178549098 0.00076672915955958241 -6.2854520108349826e-05 0.0013433605544679061 -0.0017222266591307293 0.00042889799977243386 0.0020788422142925035 -0.0005470253950402977 0.0010490300742800941 0.0010249959798774612 0.0029190306810043874 5.4783965025613043e-05 0.00060751275537557876 0.00017164968209646778 0.0015263651192690562 -0.0010593485341880294 -1.2373786431586412e-05 0.0012083199436910888 0.0018522138667623601 -0.00074583950512546607 0.0013546484778616116 -0.00089116718510509282 0.00085150403144759735 -0.00036648974518666547 -0.00020781485911867492 0.0012900523222231198 -0.0013090312160862249 0.0010596735268964361 0.00095411468469865091 0.0019012350628766468
leaf_weight=606 14.999999999999998 402 261 117 52 522 163 163 192 17 20 55 129 388 110 29 68 26 293 79 111 203 127 151 26 19 37 14.999999999999998 45 17
leaf_count=606 15 402 261 117 52 522 163 163 192 17 20 55 129 388 110 29 68 26 293 79 111 203 127 151 26 19 37 15 45 17
internal_value=9.95526e-06 0.00055943 -2.6682e-05 0.00131448 -0.00300615 0.000280145 0.00176854 -0.000597744 0.000945329 0.00163618 0.00217068 0.000459952 0.000492868 7.73422e-05 0.00171421 -0.00148492 -0.00038049 0.0007083 0.00174197 -0.000828273 0.00116099 -0.00091707 0.000837495 -0.000256536 -0.000612618 0.00181798 -0.000955593 0.000976941 0.00118382 0.0015068
internal_weight=4458 3771 2123 1648 687 1381 739 742 909 556 183 732 677 649 439 81 382 155 422 360 303 255 606 219 105 312 240 204 77 32
internal_count=4458 3771 2123 1648 687 1381 739 742 909 556 183 732 677 649 439 81 382 155 422 360 303 255 606 219 105 312 240 204 77 32
is_linear=0
shrinkage=0.03


Tree=43
num_leaves=31
num_cat=0
split_feature=5 5 0 0 0 5 0 5 5 17 1 7 18 0 17 4 7 6 6 10 10 6 1 6 6 8 6 5 17 0
split_gain=7.72497 1.84651 0.438435 0.289311 0.061067 0.057323 0.0536466 0.0354978 0.034097 0.0161209 0.01346 0.0127889 0.0115058 0.0113574 0.0101464 0.0100033 0.0099349 0.00976859 0.00913338 0.00813114 0.0088889 0.00908352 0.00785815 0.00893058 0.00768272 0.00830436 0.00710645 0.0063018 0.00624031 0.00579408
threshold=0.034989858012170395 0.16125760649087226 0.36322322697836107 0.55485698752022106 1.0000000180025095e-35 0.065111561866125781 0.41542199475783687 0.21805273833671404 0.39452332657200817 0.32570922397320157 0.091145833333333343 0.19614921917087011 0.53676470588235303 0.58542297693482837 0.39588120159986395 0.039062500000000007 0.10585281245293768 0.26853646909264267 0.20213956550362086 -0.5 -0.6830127018922193 0.41336405529953929 0.054687500000000007 0.3175115207373273 0.18229779119656767 0.096551327259016217 0.2141744795804863 0.10425963488843815 0.24427708280146376 0.26145367489924248
decision_type=2 2 2 2 2 2 2 2 2 2 2 2 2 2 2 2 2 2 2 2 2 2 2 2 2 2 2 2 2 2
left_child=4 2 5 7 -1 9 16 10 11 15 19 13 -10 -5 -9 29 18 24 27 20 21 -3 28 -24 25 -7 -8 -4 -21 -2
right_child=1 3 6 8 -6 17 26 14 12 -11 -12 -13 -14 -15 -16 -17 -18 -19 -20 22 -22 -23 23 -25 -26 -27 -28 -29 -30 -31
leaf_value=-0.0031157516275908221 -0.0010485150027440169 0.00071437460880500797 -0.00021358181275994581 0.0015067432238180822 -0.0018089560109320285 -0.00031368983868672366 0.00014202252959559731 0.0011983035221995674 0.0020764866263452979 -0.0017323625962056487 0.0011057379772143364 0.00099755698735582072 0.0028305602306116983 0.0018034551568652324 0.0019764571872804473 -0.00043853316123518705 -0.00058997368116786098 -0.0010654691237681037 0.00017507629692354473 0.00017024058261246109 0.0012826982846769479 0.0012769583698941493 0.00059422379600709764 0.00097921399673717375 -8.5629286768412554e-05 -0.00076094203567275416 0.00047305572500003484 0.00010448366767268179 0.00063287140310179328 -0.00078985984512285881
leaf_weight=604 115 134 119 185 34 199 64 263 106 18 143 25 22 312 15.999999999999998 55 20 15.999999999999998 401 34 49 32 97 123 100 46 663 106 115 242
leaf_count=604 115 134 119 185 34 199 64 263 106 18 143 25 22 312 16 55 20 16 401 34 49 32 97 123 100 46 663 106 115 242
internal_value=9.65667e-06 0.000520019 -5.69689e-05 0.00127401 -0.00304611 -0.000619559 0.000267145 0.000955268 0.00176731 -0.000853559 0.000844868 0.00165971 0.00220611 0.00169301 0.00124294 -0.00081516 6.82114e-05 -0.000340831 8.92406e-05 0.000780989 0.000927644 0.000822832 0.000695537 0.000809472 -0.000307221 -0.000397666 0.000443914 -6.37378e-05 0.000527306 -0.000873183
internal_weight=4458 3820 2164 1656 638 791 1373 1006 650 430 727 522 128 497 279 412 646 361 626 584 215 166 369 220 345 245 727 225 149 357
internal_count=4458 3820 2164 1656 638 791 1373 1006 650 430 727 522 128 497 279 412 646 361 626 584 215 166 369 220 345 245 727 225 149 357
is_linear=0
shrinkage=0.03


Tree=44
num_leaves=31
num_cat=0
split_feature=0 0 0 0 0 0 0 0 0 0 0 11 6 1 0 1 1 0 18 16 8 6 6 1 18 16 10 6 9 9
split_gain=7.26947 1.69791 0.39886 0.27185 0.10923 0.0497317 0.0444056 0.0390091 0.0207861 0.014245 0.0110033 0.010969 0.0116493 0.0106902 0.00933332 0.00849675 0.00840668 0.00816088 0.007085 0.00675982 0.00838294 0.00668693 0.00751643 0.00646046 0.00633596 0.00650969 0.010138 0.0057361 0.00562294 0.00561497
threshold=0.20681904689606379 0.46628748604459441 0.36322322697836107 0.54460969367221124 1.0000000180025095e-35 0.42141001303737941 0.30761688447424484 0.60947546798558971 0.49630345877563281 0.67858564256313125 0.38756185137941357 0.93301270189221952 0.30552995391705079 0.075520833333333343 0.26145367489924248 0.054687500000000007 0.091145833333333343 0.08076589754599578 0.46029411764705885 26.500000000000004 0.29024861203486146 0.26853646909264267 0.18229779119656767 0.044270833333333336 0.43382352941176472 26.500000000000004 -0.5 0.14668679485142225 0.53610503282275734 0.12946754194018967
decision_type=2 2 2 2 2 2 2 2 2 2 2 2 2 2 2 2 2 2 2 2 2 2 2 2 2 2 2 2 2 2
left_child=4 2 6 8 -1 10 14 13 16 19 27 12 18 -5 -2 21 -3 -6 -7 20 -9 22 -8 -12 -15 28 -27 -4 -26 -25
right_child=1 3 5 7 17 11 15 9 -10 -11 23 -13 -14 24 -16 -17 -18 -19 -20 -21 -22 -23 -24 29 25 26 -28 -29 -30 -31
leaf_value=-0.0030222792567764782 -0.0010136723745774723 0.00070039751983908406 -0.00037740369891009164 0.0012094559380949441 -0.0021377484040642947 0.00011677443297160742 -0.00045287943293403931 0.0018518071499368952 0.0010399955216889689 0.0025913906089550733 8.5440413849809316e-05 3.4982605846025622e-05 0.00072600572960702351 0.0010233482781540615 -0.00070559153378485246 0.00013643921630335075 0.0010563881381697375 -0.0013197675316585441 0.00046495084572140572 0.0019988287923681514 0.0011415116467569596 -0.0010175408332980958 -0.00012806276880199577 -0.00021466756643320181 0.0011948641355271207 0.0022925350989363032 0.0016366727803145905 1.7219718335805047e-06 0.0015731425733915402 0.00035440942390958877
leaf_weight=604 135 406 43 89 15.999999999999998 61 252 52 433 29 273 51 146 18 257 29 70 35 382 152 21 14.999999999999998 86 17 50 24 183 218 121 190
leaf_count=604 135 406 43 89 16 61 252 52 433 29 273 51 146 18 257 29 70 35 382 152 21 15 86 17 50 24 183 218 121 190
internal_value=9.36702e-06 0.000512126 -4.2206e-05 0.001237 -0.0029097 0.000263343 -0.000587378 0.00166433 0.00088958 0.00196553 9.6033e-05 0.000457057 0.000493603 0.00150659 -0.000811693 -0.00035719 0.000752751 -0.00157643 0.000417008 0.00188485 0.00164749 -0.000397743 -0.000370234 0.000181279 0.00157336 0.00159955 0.00171273 -6.07406e-05 0.00146254 0.000307673
internal_weight=4458 3803 2155 1648 655 1381 774 739 909 254 741 640 589 485 392 382 476 51 443 225 73 353 338 480 396 378 207 261 171 207
internal_count=4458 3803 2155 1648 655 1381 774 739 909 254 741 640 589 485 392 382 476 51 443 225 73 353 338 480 396 378 207 261 171 207
is_linear=0
shrinkage=0.03


Tree=45
num_leaves=31
num_cat=0
split_feature=5 5 5 20 5 5 20 20 20 6 20 7 16 6 9 1 1 16 20 20 20 6 18 5 10 12 7 8 18 20
split_gain=6.75681 1.55251 0.343797 0.314971 0.0658533 0.0504602 0.0366383 0.0268627 0.021947 0.0132881 0.0109127 0.00939495 0.00922112 0.0104761 0.00904985 0.00874366 0.00869902 0.00759032 0.0075234 0.00732209 0.00726135 0.00754817 0.00669536 0.00660597 0.00639463 0.00643776 0.00593673 0.00589548 0.00563752 0.0056046
threshold=0.034989858012170395 0.15314401622718055 0.0764029749830967 0.54460969367221124 0.10598377281947263 0.015973630831643004 0.61636054089337511 0.50105252437683734 0.26844738175175836 0.2141744795804863 0.56764902299890541 0.070577206193085482 25.500000000000004 0.78755760368663608 0.18745441283734501 0.033854166666666671 0.018229166666666668 3.5000000000000004 0.37258187964270556 0.45545294682155407 0.30960096628317918 0.1762116637533768 0.49852941176470594 0.1288032454361055 0.25000000000000011 1.0000000180025095e-35 0.073925378384792365 0.19814297748565238 0.46029411764705885 0.20681904689606379
decision_type=2 2 2 2 2 2 2 2 2 2 2 2 2 2 2 2 2 2 2 2 2 2 2 2 2 2 2 2 2 2
left_child=5 2 8 7 11 24 10 15 29 -6 -5 18 -8 -14 -9 19 26 -18 -4 -3 21 -10 -16 -19 -1 -26 -11 -12 -25 -2
right_child=1 3 4 6 9 -7 12 14 20 16 27 -13 13 -15 22 -17 17 23 -20 -21 -22 -23 -24 28 25 -27 -28 -29 -30 -31
leaf_value=-0.002946276013334059 -0.0014032213017828026 -0.00015617230688015502 -0.00017556920729011044 0.0012950154026454019 8.5679669497016152e-05 -0.001660678997620444 0.0016442563143563439 0.00033166282165230884 -0.00074030534105132945 0.00032294722262291985 0.0017227944675804686 -0.00053191145425506969 0.0020197494791092613 0.0028628660701813758 0.00097929313870503119 0.00072839652199677011 8.5680540623788486e-05 0.00030170093977711432 7.5182443032062817e-05 0.00054312047812875872 -0.00042032827203155085 -0.00014580631285378911 0.0013232110963158534 0.00026444183631921806 -0.003018342959317404 -0.0022119230085202524 -0.00042802547753174023 0.0014792654680281553 0.00055912682535690734 -0.00092583685781586942
leaf_weight=567 26 17 275 175 187 30 52 17 227 18 156 45 115 14.999999999999998 286 601 65 236 177 65 141 21 62 72 14.999999999999998 22 20 210 310 149
leaf_count=567 26 17 275 175 187 30 52 17 227 18 156 45 115 15 286 601 65 236 177 65 141 21 62 72 15 22 20 210 310 149
internal_value=2.12918e-06 0.000487599 -9.20822e-05 0.00113209 0.000159078 -0.00286168 0.00161377 0.000799783 -0.000717755 0.00031103 0.00148989 -0.000118533 0.00198198 0.00211705 0.00100755 0.000688748 0.000369477 0.000394057 -7.73767e-05 0.000398145 -0.000592232 -0.000689965 0.00104057 0.000426491 -0.00292133 -0.00253892 -7.23024e-05 0.00158307 0.000503585 -0.00099677
internal_weight=4374 3740 1969 1771 1405 634 723 1048 564 908 541 497 182 130 365 683 721 683 452 82 389 248 348 618 604 37 38 366 382 175
internal_count=4374 3740 1969 1771 1405 634 723 1048 564 908 541 497 182 130 365 683 721 683 452 82 389 248 348 618 604 37 38 366 382 175
is_linear=0
shrinkage=0.03


Tree=46
num_leaves=31
num_cat=0
split_feature=20 5 20 20 20 20 20 20 20 6 10 13 5 20 11 1 1 11 1 11 1 6 8 1 5 6 11 8 3 8
split_gain=6.35783 1.43735 0.309705 0.296356 0.0863251 0.045626 0.0344731 0.0299851 0.0253282 0.0147389 0.012265 0.0112252 0.0111483 0.0102677 0.00942513 0.00928942 0.00922431 0.00907023 0.0089 0.00863164 0.00810741 0.00786717 0.0120253 0.00763382 0.00744142 0.00709305 0.00578831 0.0057781 0.00563447 0.00554706
threshold=0.20681904689606379 0.15314401622718055 0.36122051423350005 0.54460969367221124 0.08076589754599578 0.30960096628317918 0.61636054089337511 0.40828280007853196 0.49630345877563281 0.21787360105332459 0.25000000000000011 1.0000000180025095e-35 0.046044624746450311 0.56764902299890541 0.93301270189221952 0.033854166666666671 0.059895833333333336 0.93301270189221952 0.16406250000000003 0.6830127018922193 0.085937500000000014 0.24654377880184339 0.11570527351525862 0.013020833333333334 0.55172413793103459 0.1762116637533768 -0.9330127018922193 0.083263918198748038 0.028645833333333336 0.19814297748565238
decision_type=2 2 2 2 2 2 2 2 2 2 2 2 2 2 2 2 2 2 2 2 2 2 2 2 2 2 2 2 2 2
left_child=4 2 5 8 10 12 13 15 16 -9 -1 -12 -2 -5 19 -4 28 -11 -8 -10 -21 22 26 -14 -20 -25 -7 -17 -3 -15
right_child=1 3 7 6 -6 21 18 9 14 17 11 -13 23 29 -16 27 -18 -19 24 20 -22 -23 -24 25 -26 -27 -28 -29 -30 -31
leaf_value=-0.0028584271720335009 -0.0010099891244854907 0.00022868490565734791 -9.0412892305689936e-05 0.00125616516006807 -0.001221320330944732 -0.00072346685217367611 0.0017546881815906188 3.4594229322470126e-05 0.0009451956072763127 0.00044775187383821558 -0.0017663819928434739 -0.0027142588392757841 -0.00094157752595183089 0.0016711109436241722 0.00054964096794096306 -0.00023956192202607908 0.00076483355071500108 4.2744534650527927e-05 0.0020258335632434162 0.0010430224240393709 0.0017815230422045534 -0.00077644438979031878 0.00018516606304275484 -0.00062920703170356751 0.0027784629965867925 2.5110286509743998e-05 -0.00028063249889259423 0.00021654968997007152 0.00058963916036161384 0.0014348877174188606
leaf_weight=568 118 46 242 175 32 30 111 113 322 523 18 30 70 156 46 28 326 55 56 32 23 28 48 219 14.999999999999998 15.999999999999998 232 233 253 210
leaf_count=568 118 46 242 175 32 30 111 113 322 523 18 30 70 156 46 28 326 55 56 32 23 28 48 219 15 16 232 233 253 210
internal_value=2.0653e-06 0.000479048 -8.17636e-05 0.00109813 -0.00274058 -0.000554731 0.00156536 0.000219684 0.000775789 0.000347952 -0.0028195 -0.00235885 -0.000762377 0.0014452 0.000955063 4.34757e-05 0.000654456 0.000409213 0.00192252 0.00100453 0.00135188 -0.000294865 -0.000251366 -0.000666577 0.00218488 -0.000584658 -0.000331341 0.000167617 0.000534109 0.00153558
internal_weight=4374 3726 1955 1771 648 761 723 1194 1048 691 616 48 423 541 423 503 625 578 182 377 55 338 310 305 71 235 262 261 299 366
internal_count=4374 3726 1955 1771 648 761 723 1194 1048 691 616 48 423 541 423 503 625 578 182 377 55 338 310 305 71 235 262 261 299 366
is_linear=0
shrinkage=0.03


Tree=47
num_leaves=31
num_cat=0
split_feature=5 5 5 0 5 5 0 5 0 6 7 18 0 7 11 11 16 6 11 1 0 9 10 16 11 6 9 17 10 12
split_gain=5.98284 1.37424 0.304935 0.278842 0.0584906 0.0444255 0.0324359 0.0240503 0.0194207 0.01173 0.0115465 0.0140259 0.0096609 0.00884498 0.00870094 0.00928849 0.00850167 0.00943291 0.00831915 0.00960778 0.00670273 0.00638017 0.00771553 0.00770702 0.00636972 0.00685871 0.00593659 0.00576731 0.00561095 0.00586821
threshold=0.034989858012170395 0.15314401622718055 0.0764029749830967 0.54460969367221124 0.10598377281947263 0.015973630831643004 0.61636054089337511 0.20791075050709942 0.26844738175175836 0.2141744795804863 0.12930297617133865 0.47500000000000003 0.56764902299890541 0.070577206193085482 0.93301270189221952 0.6830127018922193 25.500000000000004 0.78755760368663608 0.93301270189221952 0.033854166666666671 0.37258187964270556 0.18745441283734501 -0.5 6.5000000000000009 1.0000000180025095e-35 0.16777371682822187 0.27425237053245816 0.32570922397320157 0.25000000000000011 1.0000000180025095e-35
decision_type=2 2 2 2 2 2 2 2 2 2 2 2 2 2 2 2 2 2 2 2 2 2 2 2 2 2 2 2 2 2
left_child=5 2 8 7 13 28 12 10 27 -6 21 -12 -5 20 15 -9 -8 -18 19 -11 -4 -3 -23 -24 25 -10 -20 -2 -1 -30
right_child=1 3 4 6 9 -7 16 14 24 18 11 -13 -14 -15 -16 -17 17 -19 26 -21 -22 22 23 -25 -26 -27 -28 -29 29 -31
leaf_value=-0.0027721352412732481 -0.00087640248881198164 0.00043448956043084949 -0.0001644038095754107 0.0012184804264707722 8.1456903320550048e-05 -0.0015658987493260669 0.0015405692229332648 0.00099031085778927526 -0.0006952694182170068 0.00017676078795356999 -0.00047916360059761277 0.00073944677490452916 0.0014895102549536215 -0.00051275167064919025 0.00055915099792764775 0.0015230614451219422 0.0019022112242300503 0.0027022477887279311 0.00027890053030027939 0.00044610434323216964 7.2276671700691647e-05 0.00087302983691248722 0.0002826522795830287 0.00069562386589448765 -0.00036065060017834334 -0.00028369951433412281 -0.00028242521655770107 -0.0014177463625760132 -0.002848272160382026 -0.0020783617671767578
leaf_weight=567 155 76 275 175 187 30 52 186 239 157 17 17 366 45 34 35 115 14.999999999999998 39 495 177 215 45 423 107 43 30 20 14.999999999999998 22
leaf_count=567 155 76 275 175 187 30 52 186 239 157 17 17 366 45 34 35 115 15 39 495 177 215 45 423 107 43 30 20 15 22
internal_value=2.00338e-06 0.000458823 -8.65621e-05 0.00106518 0.000149977 -0.0026928 0.0015184 0.000752516 -0.000675813 0.000293183 0.000671018 0.000130145 0.00140184 -0.000111655 0.00100595 0.00107469 0.00186485 0.00199454 0.000348097 0.000381247 -7.17215e-05 0.000695247 0.000724262 0.000655916 -0.000557735 -0.000632514 3.48453e-05 -0.000938278 -0.00274876 -0.00239056
internal_weight=4374 3740 1969 1771 1405 634 723 1048 564 908 793 34 541 497 255 221 182 130 721 652 452 759 683 468 389 282 69 175 604 37
internal_count=4374 3740 1969 1771 1405 634 723 1048 564 908 793 34 541 497 255 221 182 130 721 652 452 759 683 468 389 282 69 175 604 37
is_linear=0
shrinkage=0.03


Tree=48
num_leaves=31
num_cat=0
split_feature=20 5 20 5 20 20 20 5 5 10 16 13 5 6 11 11 11 7 11 7 5 6 6 11 6 8 8 11 7 4
split_gain=5.62967 1.27334 0.313363 0.220581 0.076493 0.0406085 0.0396243 0.0303138 0.0232619 0.0107334 0.0104418 0.0102756 0.00997047 0.00891571 0.0079534 0.00762727 0.00755667 0.0075136 0.00750587 0.00747235 0.00780974 0.00745477 0.00984667 0.00736894 0.00845585 0.00806485 0.00724742 0.0065512 0.0057606 0.00532909
threshold=0.20681904689606379 0.16125760649087226 0.36122051423350005 0.27079107505070998 0.08076589754599578 0.30960096628317918 0.42230543645064583 0.20791075050709942 0.39655172413793111 0.25000000000000011 26.500000000000004 1.0000000180025095e-35 0.043610547667342806 0.2141744795804863 0.93301270189221952 0.93301270189221952 0.6830127018922193 0.11742592553505851 0.93301270189221952 0.11872966494569266 0.10040567951318459 0.25399650405212143 0.19308755760368668 0.6830127018922193 0.3175115207373273 0.11732344689526199 0.37367877865781685 1.0000000180025095e-35 0.090266055694361871 0.018229166666666668
decision_type=2 2 2 2 2 2 2 2 2 2 2 2 2 2 2 2 2 2 2 2 2 2 2 2 2 2 2 2 2 2
left_child=4 2 5 7 9 12 19 15 17 -1 -10 -11 -2 -8 16 23 -9 -5 -15 20 -4 22 -7 24 25 -3 -12 29 -25 -14
right_child=1 3 6 8 -6 21 13 14 10 11 26 -13 27 18 -16 -17 -18 -19 -20 -21 -22 -23 -24 28 -26 -27 -28 -29 -30 -31
leaf_value=-0.00268957414954833 -0.00099799094900569632 0.00083389408216899606 -7.7243775818631782e-05 0.0015349807637394929 -0.0011487423664155703 -0.00032447992370264825 1.6623119911521511e-05 0.0010197280000777103 0.0014268504308284815 -0.0016553811257110423 0.0019138216378957952 -0.0025622688632693505 -0.00089845103423310841 0.00047463269358417426 0.00063939914623750943 0.00036206004024920489 0.0014344460268455659 0.0012922533285048238 9.7337683321175908e-05 -0.00057831601568227465 0.00015663431601578944 -0.00078636967065765396 8.7837353139946043e-05 0.00084445821182002839 0.0007689197597592803 0.00038603418979813277 0.0025280047757372964 -0.00042991729828432176 0.0014263022518039617 -0.00060947304880651539
leaf_weight=568 90 50 171 311 32 248 48 282 29 18 62 30 96 543 42 59 46 182 52 14.999999999999998 517 24 66 79 303 131 24 94 19 143
leaf_count=568 90 50 171 311 32 248 48 282 29 18 62 30 96 543 42 59 46 182 52 15 517 24 66 79 303 131 24 94 19 143
internal_value=1.9433e-06 0.000450781 -3.53613e-05 0.00108346 -0.00257887 -0.000521928 0.000239734 0.0008119 0.00153501 -0.00265316 0.00191923 -0.00222223 -0.000717824 0.00040993 0.00102812 0.000687091 0.00107789 0.00144538 0.000441659 8.40625e-05 9.85047e-05 -0.000276767 -0.000237815 0.00072004 0.000672002 0.000509756 0.00208525 -0.000642101 0.000957278 -0.000725551
internal_weight=4374 3726 2107 1619 648 761 1346 1011 608 616 115 48 423 643 370 641 328 493 595 703 688 338 314 582 484 181 86 333 98 239
internal_count=4374 3726 2107 1619 648 761 1346 1011 608 616 115 48 423 643 370 641 328 493 595 703 688 338 314 582 484 181 86 333 98 239
is_linear=0
shrinkage=0.03


Tree=49
num_leaves=31
num_cat=1
split_feature=5 5 5 0 5 5 0 0 0 6 0 11 1 16 1 0 1 5 16 4 1 11 1 11 11 6 9 17 19 6
split_gain=5.29738 1.21725 0.270553 0.247296 0.0518187 0.0391526 0.0289657 0.0214582 0.0172858 0.0104749 0.00845603 0.00832084 0.00774777 0.00770064 0.00761822 0.00734517 0.00726022 0.00639928 0.00611065 0.00594537 0.00640054 0.00574094 0.00853882 0.00554809 0.00657555 0.00602362 0.006982 0.00542622 0.00529715 0.00700267
threshold=0.034989858012170395 0.15314401622718055 0.0764029749830967 0.54460969367221124 0.10598377281947263 0.015973630831643004 0.61636054089337511 0.50105252437683734 0.26844738175175836 0.2141744795804863 0.56764902299890541 0.93301270189221952 0.16406250000000003 3.5000000000000004 0.028645833333333336 0.37510248215901731 0.033854166666666671 0.55172413793103459 6.5000000000000009 0.023437500000000003 0.028645833333333336 0.6830127018922193 0.085937500000000014 1.0000000180025095e-35 0.93301270189221952 0.32119815668202772 0.69146608315098479 0.28267146743197213 0 0.13449864929286512
decision_type=2 2 2 2 2 2 2 2 2 2 2 2 2 2 2 2 2 2 2 2 2 2 2 2 2 2 2 2 1 2
left_child=5 2 8 7 15 -1 10 14 -2 -6 -5 21 -8 27 -3 28 -15 -14 -16 -10 -21 -9 -23 25 -25 -20 -27 -11 29 -4
right_child=1 3 4 6 9 -7 12 11 19 13 -12 -13 17 16 18 -17 -18 -19 23 20 -22 22 -24 24 -26 26 -28 -29 -30 -31
leaf_value=-0.0025863892478734086 -0.00088420759358616636 0.00025222462125122771 0.00035315763816101946 0.0011475332795537118 7.5967541938938739e-05 -0.0014759380012948804 0.0016000266209085111 0.00089311523469429632 -0.00063347150001417051 -0.00037450982493381546 0.0014010999316046281 0.00049642116605995315 0.0018539146908402295 0.00018162508305877566 0.00041227415085537378 6.3930318956356735e-05 0.00041633147194995387 0.0025518499645072056 0.00045999734300489979 -0.00050210829424799904 -8.8585673339510308e-05 0.00090374872696669052 0.0017216609822631158 0.00086022283375139735 0.0004497780762957834 0.00059903602707017493 0.0010548990631887546 0.00020186182862878363 -0.00028539858925858092 -0.00014587079168028015
leaf_weight=604 175 50 32 175 187 30 111 276 210 21 366 42 56 156 93 158 495 14.999999999999998 155 134 45 27 20 192 43 108 42 49 186 121
leaf_count=604 175 50 32 175 187 30 111 276 210 21 366 42 56 156 93 158 495 15 155 134 45 27 20 192 43 108 42 49 186 121
internal_value=1.88502e-06 0.00043174 -8.15501e-05 0.00100242 0.000141255 -0.00253385 0.00142922 0.000707966 -0.000636588 0.000276047 0.00131908 0.000893663 0.00175662 0.000327939 0.000608727 -0.000105003 0.000360089 0.0020014 0.000636887 -0.000525189 -0.000398151 0.000945315 0.00125183 0.000675569 0.000785122 0.000591157 0.000726684 2.89475e-05 -0.000183738 -3.89514e-05
internal_weight=4374 3740 1969 1771 1405 634 723 1048 564 908 541 365 182 721 683 497 651 71 633 389 179 323 47 540 235 305 150 70 339 153
internal_count=4374 3740 1969 1771 1405 634 723 1048 564 908 541 365 182 721 683 497 651 71 633 389 179 323 47 540 235 305 150 70 339 153
cat_boundaries=0 1
cat_threshold=362
is_linear=0
shrinkage=0.03


Tree=50
num_leaves=31
num_cat=1
split_feature=0 0 0 0 0 0 0 0 0 0 10 18 1 6 13 1 7 18 7 19 4 9 9 1 6 6 16 9 2 1
split_gain=5.14012 1.08344 0.232007 0.218184 0.130408 0.0330246 0.0317785 0.0192246 0.0151173 0.0141419 0.0115011 0.0105269 0.009879 0.00940524 0.00907256 0.0083924 0.0101486 0.00823303 0.00792913 0.00666406 0.00732435 0.00700996 0.00607858 0.00593108 0.00582779 0.00569118 0.00857429 0.00562075 0.00554711 0.00544691
threshold=0.23559660932262541 0.45871292428797134 0.35525449158882932 0.53121608501887896 0.08076589754599578 0.59102031964221136 0.40915544381338381 0.30960096628317918 0.50532152180681911 0.67858564256313125 0.25000000000000011 0.43088235294117649 0.075520833333333343 0.21612903225806454 1.0000000180025095e-35 0.049479166666666671 0.097920479806488284 0.48088235294117648 0.10036056523027932 0 0.018229166666666668 0.12946754194018967 0.97957695113056176 0.075520833333333343 0.25259812490068334 0.20519397970534159 4.5000000000000009 0.80598103574033564 0.049479166666666671 0.096354166666666671
decision_type=2 2 2 2 2 2 2 2 2 2 2 2 2 2 2 2 2 2 2 1 2 2 2 2 2 2 2 2 2 2
left_child=4 2 7 8 10 11 15 13 -3 22 -1 -5 19 17 -12 16 25 -2 -14 20 -8 -21 -7 -13 -17 -4 -27 -25 -26 -10
right_child=1 3 6 5 -6 9 12 -9 29 -11 14 23 18 -15 -16 24 -18 -19 -20 21 -22 -23 -24 27 28 26 -28 -29 -30 -31
leaf_value=-0.002531333091517725 -0.00075032622001312767 0.00060354143771081418 -0.00013552126813749132 0.00060774304918880082 -0.001112716558773777 0.0014699494562618973 -0.00043711668828466535 -0.00030729486205920625 0.00080538818592677211 0.0022327724217946544 -0.0015990091107633648 0.00098949659526098533 0.00050188848762263674 2.3141154939705089e-05 -0.0024345265867926967 0.00011979493768688644 -0.0008036368260488265 -0.00043642328500506796 0.001274354216104347 -9.2653961303227554e-05 0.00018086086018475551 0.00038093349807605785 0.0020867411803900423 0.0012301492926240873 0.00089082796816958981 -0.00035155977659884045 0.00016393818388285699 0.0017508586444820048 0.00012764473022828133 0.0011585740932772051
leaf_weight=587 265 712 181 29 68 351 20 297 161 25 22 92 59 19 25 111 14.999999999999998 105 14.999999999999998 30 126 451 14.999999999999998 279 20 34 199 20 14.999999999999998 52
leaf_count=587 265 712 181 29 68 351 20 297 161 25 22 92 59 19 25 111 15 105 15 30 126 451 15 279 20 34 199 20 15 52
internal_value=-7.85834e-06 0.000438894 -4.41274e-05 0.000984796 -0.00236126 0.00134398 0.000195071 -0.000489051 0.000669878 0.0015424 -0.00249517 0.00115926 0.000330664 -0.000627819 -0.00204348 2.97656e-05 -3.70963e-05 -0.000661247 0.000658484 0.000291973 9.00371e-05 0.000344239 0.00149523 0.00120017 0.000226229 -9.32125e-06 8.87141e-05 0.00126499 0.000563762 0.000891617
internal_weight=4400 3698 1962 1736 702 811 1276 686 925 391 634 420 701 389 47 575 429 370 74 627 146 481 366 391 146 414 233 299 35 213
internal_count=4400 3698 1962 1736 702 811 1276 686 925 391 634 420 701 389 47 575 429 370 74 627 146 481 366 391 146 414 233 299 35 213
cat_boundaries=0 1
cat_threshold=272
is_linear=0
shrinkage=0.03


Tree=51
num_leaves=31
num_cat=0
split_feature=5 5 5 5 5 20 20 5 20 18 8 1 7 20 16 16 20 7 20 9 7 1 16 8 18 9 20 17 18 7
split_gain=4.8389 1.0352 0.246386 0.177388 0.108298 0.0455311 0.0342321 0.0147745 0.0133062 0.0129144 0.0101136 0.00934644 0.0120973 0.00861139 0.00790259 0.00760208 0.00753403 0.00742627 0.00737959 0.00655917 0.00645411 0.00620051 0.00614718 0.006648 0.00582096 0.00571942 0.00571741 0.00879918 0.00561997 0.00549386
threshold=0.040398918187964851 0.16125760649087226 0.081981068289384729 0.22616632860040572 0.015973630831643004 0.40915544381338381 0.59102031964221136 0.057809330628803259 0.67858564256313125 0.44264705882352945 0.42989024801819237 0.033854166666666671 0.069517593745565695 0.44050775762703082 29.500000000000004 26.500000000000004 0.20681904689606379 0.10036056523027932 0.50532152180681911 0.53610503282275734 0.1418343327749155 0.080729166666666671 3.5000000000000004 0.11298084989203815 0.51323529411764712 0.97957695113056176 0.37409980390052772 0.2803591183729045 0.46911764705882358 0.039235516998999381
decision_type=2 2 2 2 2 2 2 2 2 2 2 2 2 2 2 2 2 2 2 2 2 2 2 2 2 2 2 2 2 2
left_child=4 2 7 10 -1 11 9 16 25 17 18 12 22 21 -13 19 -2 -5 24 -11 -17 -7 -4 -24 -3 -8 -16 -28 -9 -18
right_child=1 3 5 6 -6 13 8 28 -10 15 -12 14 -14 -15 26 20 29 -19 -20 -21 -22 -23 23 -25 -26 -27 27 -29 -30 -31
leaf_value=-0.0024329631545792116 -0.0012439033482935301 0.00061234259562002518 -0.00050143049355118969 0.0010328115202577781 -0.0012115114197641245 0.00022027825160402667 0.0014258510883914833 -0.00058742536139711312 0.0021657919331870691 0.00083290405151600379 5.5733133875766839e-05 -3.5934631311425749e-05 -0.00049744644781952996 0.00044722507632081966 1.7629217402306545e-05 0.0012397801768109589 -0.00059526046554551828 0.00034185576829543916 0.00085515386259186999 0.0011847437565012443 0.0017630773095939363 0.00066034121556083584 -0.00011343233594473325 0.00021668486900132316 0.0011332288680897637 0.002024143146527671 0.00081700203973612568 0.0002211849897002728 -0.00030990829247483983 -0.0010543729696438717
leaf_weight=622 20 559 22 28 73 409 351 91 25 81 24 168 60 373 62 183 240 28 170 116 24 31 132 94 20 14.999999999999998 30 87 236 26
leaf_count=622 20 559 22 28 73 409 351 91 25 81 24 168 60 373 62 183 240 28 170 116 24 31 132 94 20 15 30 87 236 26
internal_value=-7.62254e-06 0.000423268 -1.97237e-05 0.000990919 -0.00230467 0.000191217 0.00128974 -0.00052488 0.00149612 0.00111432 0.00066194 5.07835e-06 -0.000115207 0.000341181 0.000111845 0.0011735 -0.000682365 0.000687346 0.000681365 0.00104008 0.00130046 0.000251284 -2.2728e-05 2.38734e-05 0.000630337 0.00145038 0.000250542 0.000373964 -0.000387139 -0.00064014
internal_weight=4400 3705 2081 1624 695 1468 851 613 391 460 773 655 308 813 347 404 286 56 749 197 207 440 248 226 579 366 179 117 327 266
internal_count=4400 3705 2081 1624 695 1468 851 613 391 460 773 655 308 813 347 404 286 56 749 197 207 440 248 226 579 366 179 117 327 266
is_linear=0
shrinkage=0.03


Tree=52
num_leaves=31
num_cat=2
split_feature=5 5 5 5 5 0 0 5 0 18 8 0 16 17 19 18 16 0 7 0 19 9 18 18 8 10 7 16 17 10
split_gain=4.55292 0.974017 0.231825 0.166905 0.101897 0.0428402 0.032209 0.0139013 0.0125199 0.0121511 0.00951587 0.00810246 0.00775164 0.00832374 0.00773463 0.00795757 0.0071528 0.00708881 0.00698739 0.00694346 0.00621768 0.00617153 0.00612681 0.00547698 0.00547771 0.00602884 0.00626618 0.00623025 0.00595158 0.0058992
threshold=0.040398918187964851 0.16125760649087226 0.081981068289384729 0.22616632860040572 0.015973630831643004 0.40915544381338381 0.59102031964221136 0.057809330628803259 0.67858564256313125 0.44264705882352945 0.42989024801819237 0.44050775762703082 29.500000000000004 0.32418044799969753 0 0.48382352941176471 26.500000000000004 0.20681904689606379 0.10036056523027932 0.50532152180681911 1 0.53610503282275734 0.49558823529411766 0.51323529411764712 0.10631676495396537 -0.5 0.11992761639997179 18.500000000000004 0.29491107139817901 -0.6830127018922193
decision_type=2 2 2 2 2 2 2 2 2 2 2 2 2 2 1 2 2 2 2 2 1 2 2 2 2 2 2 2 2 2
left_child=4 2 7 10 -1 12 9 17 -8 18 19 -7 20 14 15 -14 21 -2 -5 23 -4 -11 -18 24 -3 27 -27 28 -26 -29
right_child=1 3 5 6 -6 11 8 -9 -10 16 -12 -13 13 -15 -16 -17 22 -19 -20 -21 -22 -23 -24 -25 25 26 -28 29 -30 -31
leaf_value=-0.0023599743308045135 -0.0012065881127900887 0.0009417087114745817 6.7430096803759422e-05 0.0010018282893434853 -0.0011751665894596942 0.00024374565433543394 0.0014068657003934895 -0.00037552527729147476 0.0021008207768524871 0.00080791723841687198 5.4061214097543598e-05 0.00043380836190808785 -0.00013032801489689091 -0.00011661520156490656 0.00037058684196454534 0.00042381616042131266 0.0011522372383147975 -0.00062093590811208811 0.00033160045596439399 0.00082949939952234601 -0.00019926102171143574 0.0011492017527224389 0.0015054412268697506 0.001099233703480485 0.00086112593384751507 0.00053637030479880435 0.0001013201024257095 0.00076272544893494761 0.00039236435203309655 0.0013745158619017646
leaf_weight=622 20 38 124 28 73 440 366 327 25 81 24 373 86 104 112 32 143 266 28 170 197 116 64 20 38 307 33 56 68 19
leaf_count=622 20 38 124 28 73 440 366 327 25 81 24 373 86 104 112 32 143 266 28 170 197 116 64 20 38 307 33 56 68 19
internal_value=-7.3938e-06 0.00041057 -1.91321e-05 0.000961191 -0.00223553 0.000185481 0.00125105 -0.000509134 0.00145124 0.00108089 0.000642082 0.000330946 4.92601e-06 0.000106102 0.000206809 1.83921e-05 0.00113829 -0.000661895 0.000666726 0.000660924 -0.000100347 0.00100888 0.00126145 0.000611427 0.000593972 0.000568608 0.000494145 0.000708479 0.000560417 0.000917729
internal_weight=4400 3705 2081 1624 695 1468 851 613 391 460 773 813 655 334 230 118 404 286 56 749 321 197 207 579 559 521 340 181 106 75
internal_count=4400 3705 2081 1624 695 1468 851 613 391 460 773 813 655 334 230 118 404 286 56 749 321 197 207 579 559 521 340 181 106 75
cat_boundaries=0 1 2
cat_threshold=404 272
is_linear=0
shrinkage=0.03


Tree=53
num_leaves=31
num_cat=1
split_feature=0 5 5 5 0 0 1 5 5 16 10 1 7 13 0 11 11 7 16 7 0 19 5 0 1 4 4 1 7 0
split_gain=4.28429 0.909376 0.213459 0.157041 0.108542 0.0402805 0.0303211 0.0153673 0.0128505 0.0107271 0.0100697 0.00864723 0.0113404 0.00829976 0.0076236 0.00731836 0.00734038 0.0110425 0.00704286 0.00694064 0.00707368 0.00685723 0.00677641 0.00664525 0.00611032 0.00835342 0.00610664 0.00583409 0.00547804 0.00534603
threshold=0.23559660932262541 0.16125760649087226 0.081981068289384729 0.22616632860040572 0.08076589754599578 0.40915544381338381 0.096354166666666671 0.44523326572008121 0.048005409060175801 26.500000000000004 0.25000000000000011 0.033854166666666671 0.069517593745565695 1.0000000180025095e-35 0.44050775762703082 0.93301270189221952 0.6830127018922193 0.093614801865352454 29.500000000000004 0.10036056523027932 0.57229813476139524 0 0.33367139959432052 0.49067235489645161 0.075520833333333343 0.044270833333333336 0.023437500000000003 0.080729166666666671 0.11872966494569266 0.37409980390052772
decision_type=2 2 2 2 2 2 2 2 2 2 2 2 2 2 2 2 2 2 2 2 2 1 2 2 2 2 2 2 2 2
left_child=4 2 8 15 10 11 19 22 -2 -9 -1 12 26 -12 27 16 23 24 -13 -5 -21 -10 -8 28 -18 -26 -4 -7 -3 -20
right_child=1 3 5 6 -6 14 7 9 21 -11 13 18 -14 -15 -16 -17 17 -19 29 20 -22 -23 -24 -25 25 -27 -28 -29 -30 -31
leaf_value=-0.0023117283161174611 -0.00077170432069918033 0.00055370696288940769 -0.00023502312556396204 0.0011134734608121825 -0.0010166547104061207 0.00020635756698368925 0.0011924769287091368 0.0011403868849641377 -0.00015528956961683289 0.0020812600577256972 -0.0014301402373075576 -3.1926683194843586e-05 -0.00048090001015781787 -0.0022292608957491674 0.00042079414606614128 0.00034121103214399082 0.00052928686334939123 0.0014904030444329592 1.3297117132411074e-05 0.00062986205020711811 0.0010435245556878465 -0.00048052988486034433 0.0014175878398541895 0.000713804057765604 0.00047892711582347595 0.0013278951938571913 8.2405002585646034e-05 0.00063321949499492349 0.00013238826538834018 0.00035786473494710903
leaf_weight=587 117 267 81 162 68 409 263 14.999999999999998 108 40 22 168 60 25 373 75 57 21 62 77 72 381 222 278 17 27 167 31 31 117
leaf_count=587 117 267 81 162 68 409 263 15 108 40 22 168 60 25 373 75 57 21 62 77 72 381 222 278 17 27 167 31 31 117
internal_value=-7.15564e-06 0.000400712 -1.55802e-05 0.000932356 -0.00215572 0.000179965 0.00121352 0.00134942 -0.000489277 0.00182468 -0.00227789 4.8876e-06 -0.000110811 -0.00185524 0.000321017 0.00062282 0.000653078 0.000864473 0.000107583 0.000977549 0.000829758 -0.000421701 0.00129552 0.000608302 0.000734316 0.000999903 -2.12716e-05 0.000236433 0.000509879 0.000238518
internal_weight=4400 3698 2074 1624 702 1468 851 540 606 55 634 655 308 47 813 773 698 122 347 311 149 489 485 576 101 44 248 440 298 179
internal_count=4400 3698 2074 1624 702 1468 851 540 606 55 634 655 308 47 813 773 698 122 347 311 149 489 485 576 101 44 248 440 298 179
cat_boundaries=0 1
cat_threshold=198
is_linear=0
shrinkage=0.03


Tree=54
num_leaves=31
num_cat=0
split_feature=5 5 5 5 0 0 0 1 5 5 10 8 1 7 6 12 0 6 9 7 8 1 7 11 7 7 1 8 8 0
split_gain=4.032 0.862167 0.205193 0.14776 0.0899019 0.0378999 0.0288626 0.0128776 0.0125595 0.0100533 0.00907764 0.00869023 0.00813618 0.0106702 0.00788746 0.00737867 0.00717305 0.00706185 0.00748041 0.00690617 0.0068486 0.00608901 0.0079708 0.00593467 0.00705187 0.0063936 0.00548931 0.00547742 0.00720535 0.00533799
threshold=0.040398918187964851 0.16125760649087226 0.081981068289384729 0.22616632860040572 0.08076589754599578 0.40915544381338381 0.57705635284861878 0.15364583333333334 0.057809330628803259 0.49594320486815419 0.25000000000000011 0.42989024801819237 0.033854166666666671 0.069517593745565695 0.20519397970534159 0.87837969732492682 0.44050775762703082 0.3175115207373273 0.18745441283734501 0.039235516998999381 0.45124786281757862 0.096354166666666671 0.10036056523027932 0.6830127018922193 0.11992761639997179 0.08223428479567764 0.080729166666666671 0.21743680224164993 0.19218106975147189 0.37510248215901731
decision_type=2 2 2 2 2 2 2 2 2 2 2 2 2 2 2 2 2 2 2 2 2 2 2 2 2 2 2 2 2 2
left_child=4 2 8 11 10 12 21 20 19 -9 -1 17 13 14 -4 -12 26 23 -19 -2 -8 22 -5 24 -3 -25 -7 28 -20 -14
right_child=1 3 5 6 -6 16 7 9 -10 -11 15 -13 29 -15 -16 -17 -18 18 27 -21 -22 -23 -24 25 -26 -27 -28 -29 -30 -31
leaf_value=-0.0022423765674222241 -0.00057272863341992675 0.00048044025848738948 -0.00019678374163285072 0.0010214854616920439 -0.0010135262598383495 0.00020016685610656489 0.001257073390933008 0.0014399489472479328 -0.00035193566445036305 0.0020661789261469782 -0.0020689391414939057 4.2203540333376853e-05 -5.7477785654754774e-05 -0.00046647325231174416 0.00014186191686492078 -0.0012582450383918631 0.00040817035288377566 0.00033332103429678544 0.00074191517721875237 -0.0010469480111987067 0.00060170817007446965 0.0011188673147366959 0.00064492216807900929 0.00057930676852692062 -7.7766488518556649e-05 0.001240906858044667 0.00061422350820273988 0.00054162903745020685 0.0011868350906429708 0.00018990540717489128
leaf_weight=587 255 178 119 125 62 409 333 113 327 29 31 24 120 60 129 14.999999999999998 373 47 286 31 14.999999999999998 151 85 58 23 17 31 103 37 227
leaf_count=587 255 178 119 125 62 409 333 113 327 29 31 24 120 60 129 15 373 47 286 31 15 151 85 58 23 17 31 103 37 227
internal_value=-6.98428e-06 0.000386343 -1.7935e-05 0.000904386 -0.00210378 0.000174566 0.00117711 0.00132708 -0.000478933 0.00156785 -0.00221057 0.000604136 4.74096e-06 -0.000107487 -2.06335e-05 -0.00180462 0.000311387 0.000622141 0.000692509 -0.000624134 0.00122883 0.000973559 0.000869071 0.000501546 0.000416566 0.000729284 0.00022934 0.000732137 0.000792885 0.000104355
internal_weight=4400 3705 2081 1624 695 1468 851 490 613 142 633 773 655 308 248 46 813 749 473 286 348 361 210 276 201 75 440 426 323 347
internal_count=4400 3705 2081 1624 695 1468 851 490 613 142 633 773 655 308 248 46 813 749 473 286 348 361 210 276 201 75 440 426 323 347
is_linear=0
shrinkage=0.03


Tree=55
num_leaves=31
num_cat=0
split_feature=20 5 20 5 5 20 5 5 1 11 11 1 6 6 1 20 18 1 6 6 10 13 2 11 9 1 3 12 1 11
split_gain=3.83735 0.853784 0.197548 0.14584 0.0492425 0.0461155 0.0209323 0.0141698 0.0115476 0.00798435 0.0139796 0.00949736 0.00823716 0.00796315 0.00776123 0.00839812 0.00711193 0.00700827 0.00765976 0.00686537 0.00628199 0.00762736 0.00622251 0.00622669 0.00596427 0.00647563 0.00560437 0.00566387 0.00598835 0.00539604
threshold=0.20681904689606379 0.16125760649087226 0.33835026822848241 0.27079107505070998 0.11578769438810006 0.08076589754599578 0.21805273833671404 0.39452332657200817 0.028645833333333336 0.93301270189221952 0.6830127018922193 0.085937500000000014 0.3175115207373273 0.18229779119656767 0.028645833333333336 0.40173184401392875 0.48676470588235299 0.049479166666666671 0.17479739392976326 0.2141744795804863 0.25000000000000011 1.0000000180025095e-35 0.10156250000000001 -0.68301270189221952 0.27425237053245816 0.070312500000000014 0.075520833333333343 1.0000000180025095e-35 0.028645833333333336 0.93301270189221952
decision_type=2 2 2 2 2 2 2 2 2 2 2 2 2 2 2 2 2 2 2 2 2 2 2 2 2 2 2 2 2 2
left_child=5 2 8 6 17 20 9 24 -2 10 12 -12 -3 -10 15 -6 -9 26 -19 -16 -1 -22 -14 -24 -5 -26 27 28 -4 -21
right_child=1 3 4 7 14 -7 -8 16 13 -11 11 -13 22 -15 19 -17 -18 18 -20 29 21 -23 23 -25 25 -27 -28 -29 -30 -31
leaf_value=-0.002175878855167946 -0.00058069202858604266 0.00039775086072750684 -0.00018124770925344197 0.00079116726330096931 -0.00047319450909115288 -0.0010288794047771618 0.00087593795959149386 0.0012865825508383379 -0.00035182444837576369 0.00025819678666537702 0.00075166591774202657 0.0013813726590304496 0.00068840681272520432 0.00033110631357169228 8.5064276738200482e-05 0.00018848702019436375 0.0017501833160189181 -0.00022511277731963295 0.00027877197239327813 0.00039045046992738041 -0.0013902176773357595 -0.0021261863184867027 -9.9106186561799723e-05 0.00057895090352088783 0.0008604841302022341 0.001239021789503412 0.00020780273629780199 -0.0002627446009511251 8.2887715641217003e-05 6.9244235635417851e-05
leaf_weight=583 440 208 154 34 21 35 299 55 105 64 84 29 301 18 89 97 65 37 102 611 21 32 19 34 45 424 50 174 155 51
leaf_count=583 440 208 154 34 21 35 299 55 105 64 84 29 301 18 89 97 65 37 102 611 21 32 19 34 45 424 50 174 155 51
internal_value=9.75728e-07 0.00037347 -2.79275e-05 0.000881923 0.000147779 -0.0020891 0.000664141 0.00124478 -0.000508857 0.000578446 0.00060881 0.000913283 0.000547589 -0.000251881 0.000296909 7.07271e-05 0.00153771 -4.50691e-05 0.000144644 0.000332447 -0.00214744 -0.00183461 0.000635628 0.000335877 0.00117489 0.0012027 -9.45442e-05 -0.000125843 -4.87528e-05 0.000365705
internal_weight=4436 3765 2104 1661 1541 671 1038 623 563 739 675 113 562 123 869 118 120 672 139 751 636 53 354 53 503 469 533 483 309 662
internal_count=4436 3765 2104 1661 1541 671 1038 623 563 739 675 113 562 123 869 118 120 672 139 751 636 53 354 53 503 469 533 483 309 662
is_linear=0
shrinkage=0.03


Tree=56
num_leaves=31
num_cat=0
split_feature=20 5 20 5 5 20 5 1 1 4 5 7 1 7 6 3 6 10 12 1 6 1 9 20 8 6 16 6 8 8
split_gain=3.61056 0.803326 0.185873 0.137221 0.0463322 0.0433901 0.0196952 0.013421 0.0108651 0.00821667 0.00812523 0.0080833 0.00730255 0.00879762 0.00676127 0.00666436 0.00645963 0.00591066 0.00724367 0.00582119 0.00626813 0.00544201 0.00606658 0.00518434 0.00489359 0.00506606 0.00552564 0.00487915 0.00680372 0.00707135
threshold=0.20681904689606379 0.16125760649087226 0.33835026822848241 0.27079107505070998 0.11578769438810006 0.08076589754599578 0.21805273833671404 0.15364583333333334 0.028645833333333336 0.049479166666666671 0.43306288032454365 0.11872966494569266 0.028645833333333336 0.094404316164656679 0.28064516129032263 0.096354166666666671 0.2141744795804863 0.25000000000000011 0.87837969732492682 0.049479166666666671 0.17479739392976326 0.075520833333333343 0.27425237053245816 0.30960096628317918 0.30935014610256384 0.30552995391705079 29.500000000000004 0.3175115207373273 0.21743680224164993 0.19218106975147189
decision_type=2 2 2 2 2 2 2 2 2 2 2 2 2 2 2 2 2 2 2 2 2 2 2 2 2 2 2 2 2 2
left_child=5 2 8 6 15 17 11 21 -2 23 -9 27 13 -6 -13 19 -14 -1 -19 -4 -21 -5 -23 -10 25 -18 -27 -3 29 -29
right_child=1 3 4 7 12 -7 -8 10 9 -11 -12 14 16 -15 -16 -17 24 18 -20 20 -22 22 -24 -25 -26 26 -28 28 -30 -31
leaf_value=-0.002110602716890691 -0.00056327130742781493 0.00048393825652239263 -0.00010943167059247759 0.00088615670061602887 0.00019606306130561963 -0.00099801389342609186 0.00084965990623828321 0.0013105418094400928 -0.00052271842116435071 0.0003679324566295102 0.0017866842672720541 0.00072411310400758593 8.251237519702018e-05 -0.0004578366386360989 1.2532599434434272e-05 0.00040935972768041965 0.00032072801029318563 -0.0020102269800333509 -0.0012460886992963582 -0.00021835958530909961 0.00024123518234235523 0.00075235739911983391 0.0012033105587443908 -9.8244432286857694e-05 -4.0823571900007412e-05 0.00038624383508568467 0.00074668670844652452 0.00067328693324769759 0.00043380761792177395 0.0011635951978562289
leaf_weight=583 440 248 511 72 95 35 299 114 61 17 45 17 89 23 41 28 467 37 15.999999999999998 37 96 29 363 45 27 109 59 304 100 29
leaf_count=583 440 248 511 72 95 35 299 114 61 17 45 17 89 23 41 28 467 37 16 37 96 29 363 45 27 109 59 304 100 29
internal_value=9.46464e-07 0.000362266 -2.70897e-05 0.000855466 0.000143345 -0.00202643 0.000644216 0.00120743 -0.000493591 -0.000244325 0.00144531 0.000561093 0.000288001 6.86052e-05 0.000221108 -4.37171e-05 0.000322474 -0.00208302 -0.00177957 -6.34167e-05 0.000113377 0.00112592 0.00116995 -0.00034252 0.000354734 0.000371553 0.000512832 0.000590049 0.000650822 0.00071599
internal_weight=4436 3765 2104 1661 1541 671 1038 623 563 123 159 739 869 118 58 672 751 636 53 644 133 464 392 106 662 635 168 681 433 333
internal_count=4436 3765 2104 1661 1541 671 1038 623 563 123 159 739 869 118 58 672 751 636 53 644 133 464 392 106 662 635 168 681 433 333
is_linear=0
shrinkage=0.03


Tree=57
num_leaves=31
num_cat=0
split_feature=0 0 0 0 0 0 0 0 1 18 4 18 3 8 1 1 6 7 1 6 8 4 9 9 0 2 8 17 4 9
split_gain=3.39718 0.75592 0.20274 0.113558 0.0408257 0.0248526 0.0203005 0.0166342 0.010223 0.00852616 0.00773109 0.00690691 0.00641003 0.00800409 0.0059481 0.00566623 0.00561005 0.00550189 0.00822573 0.00603715 0.00537871 0.00520617 0.00491086 0.00488522 0.00487795 0.00480013 0.00597875 0.00521859 0.00526515 0.00516356
threshold=0.20681904689606379 0.43439828646662476 0.53121608501887896 0.33835026822848241 0.08076589754599578 0.58757867942685726 0.47556016327877837 0.39054903600795815 0.028645833333333336 0.55147058823529427 0.049479166666666671 0.48676470588235299 0.023437500000000003 0.15639335566612553 0.091145833333333343 0.049479166666666671 0.65115207373271911 0.094404316164656679 0.028645833333333336 0.20519397970534159 0.20477481889322038 0.13802083333333334 0.97957695113056176 0.24215900802334064 0.30960096628317918 0.075520833333333343 0.15723101739870424 0.31203213813057734 0.023437500000000003 0.36725018234865076
decision_type=2 2 2 2 2 2 2 2 2 2 2 2 2 2 2 2 2 2 2 2 2 2 2 2 2 2 2 2 2 2
left_child=4 3 6 8 -1 11 12 15 -2 22 24 20 13 -3 17 25 21 19 -19 -9 -4 -8 -7 -14 -10 26 27 28 -5 -28
right_child=1 2 5 7 -6 9 16 14 10 -11 -12 -13 23 -15 -16 -17 -18 18 -20 -21 -22 -23 -24 -25 -26 -27 29 -29 -30 -31
leaf_value=-0.0020205291527802152 -0.00054637320589540029 0.00030862323344772036 0.00095061887327504307 -0.00055364889658405842 -0.00096807434203127047 0.0011984968917451563 0.00060269942461398357 -2.3941593305642693e-05 -0.00050703713047994294 0.001949222740904664 0.00035689513044386115 0.0010859239590441324 0.00020081164469293626 -0.000456156093408896 0.00070553652437077411 0.00014114839202594454 5.2923235546537456e-05 -0.00070065711872254138 0.00023257090354797456 0.00021336068494768088 0.00067187372703503116 0.001007498064767267 0.0016802130679113673 0.00043779280704806699 -9.5297165599394744e-05 -0.00061161828220201422 -0.00021150366773617902 -9.4657952709254971e-06 -0.00017135687295098242 0.00048744550573101645
leaf_weight=636 440 39 136 41 35 402 611 125 61 14.999999999999998 17 140 93 18 17 82 15.999999999999998 17 17 423 115 30 20 495 45 18 14.999999999999998 136 155 26
leaf_count=636 440 39 136 41 35 402 611 125 61 15 17 140 93 18 17 82 16 17 17 423 115 30 20 495 45 18 15 136 155 26
internal_value=9.18123e-07 0.000351398 0.000723829 -0.000133787 -0.00196563 0.00109085 0.000490423 4.74009e-05 -0.000478783 0.00124632 -0.000236995 0.000917086 0.000370866 6.71102e-05 0.000152414 -8.55857e-05 0.000607796 0.000136256 -0.00023405 0.000159232 0.00082291 0.000621646 0.00122133 0.000400311 -0.000332244 -0.000133136 -0.000110044 -0.000152253 -0.000251329 0.000231733
internal_weight=4436 3765 2130 1635 671 828 1302 1072 563 437 123 391 645 57 599 473 657 582 34 548 251 641 422 588 106 391 373 332 196 41
internal_count=4436 3765 2130 1635 671 828 1302 1072 563 437 123 391 645 57 599 473 657 582 34 548 251 641 422 588 106 391 373 332 196 41
is_linear=0
shrinkage=0.03


Tree=58
num_leaves=31
num_cat=0
split_feature=0 5 0 5 5 5 5 0 5 7 18 11 4 7 0 6 18 8 18 3 8 18 18 8 16 16 11 11 6 8
split_gain=3.1964 0.711764 0.164439 0.12194 0.0412435 0.0384433 0.0174871 0.0123087 0.00931912 0.00743998 0.00874579 0.00696745 0.00822225 0.00683409 0.00675921 0.00688611 0.00636919 0.0063114 0.00693333 0.00583683 0.0056417 0.00556501 0.00522957 0.0067321 0.00508164 0.0050259 0.00482661 0.00587004 0.00477535 0.00452321
threshold=0.20681904689606379 0.16125760649087226 0.33835026822848241 0.27079107505070998 0.11578769438810006 0.024256254225828267 0.21805273833671404 0.62715923987447197 0.054597701149425297 0.11872966494569266 0.49852941176470594 -0.24999999999999994 0.018229166666666668 0.05781654739842261 0.40580938271521055 0.21787360105332459 0.47794117647058826 0.20477481889322038 0.49264705882352944 0.080729166666666671 0.16640278872593822 0.53382352941176481 0.48088235294117648 0.14104009938217046 3.5000000000000004 26.500000000000004 0.93301270189221952 0.6830127018922193 0.24377880184331804 0.2538063739792234
decision_type=2 2 2 2 2 2 2 2 2 2 2 2 2 2 2 2 2 2 2 2 2 2 2 2 2 2 2 2 2 2
left_child=5 2 8 6 16 -1 9 17 -2 -3 20 12 -10 -13 22 -16 19 -5 -19 24 -11 -9 23 -6 -4 -20 27 -17 -18 -27
right_child=1 3 4 7 14 -7 -8 21 11 10 -12 13 -14 -15 15 26 28 18 25 -21 -22 -23 -24 -25 -26 29 -28 -29 -30 -31
leaf_value=-0.0019638377847743813 -0.00061128354351416348 0.00055541371416066565 -0.00061519109787412597 0.0011715404893176886 9.4037726044091758e-05 -0.0010047330960469044 0.00079954393134996774 0.0013101660846164716 -0.00070292963378370394 0.00041729418983016316 0.0007982941692556844 -6.9285991385629865e-05 -0.00032059989939553409 -0.00066673599062404547 6.8078917435198104e-05 0.00031545144629442818 6.3231778455132239e-06 0.00083590157399145854 0.00081185777960139096 0.00023857521998988691 -0.0002986725583402056 0.0018744566455846836 0.00029733670718819216 -0.00075612712121790203 -0.00013326921704172654 0.00096285321769443274 6.019506062120386e-05 0.00058288629054289044 0.00032262798686792833 0.0015203428026863703
leaf_weight=631 230 681 21 243 19 40 299 125 81 15.999999999999998 15.999999999999998 96 135 21 106 564 247 155 24 36 26 18 24 14.999999999999998 316 20 56 85 52 38
leaf_count=631 230 681 21 243 19 40 299 125 81 16 16 96 135 21 106 564 247 155 24 36 26 18 24 15 316 20 56 85 52 38
internal_value=8.90621e-07 0.000340856 -2.56393e-05 0.000805099 0.000134668 -0.00190666 0.00060596 0.00113689 -0.00046442 0.000527634 0.000201459 -0.000362981 -0.000463976 -0.000176525 0.000271149 0.000293524 -4.1823e-05 0.0010641 0.000953935 -0.000124514 -2.59199e-05 0.00138121 -4.17143e-05 -0.000281046 -0.000163302 0.00117703 0.000327421 0.000350478 6.13336e-05 0.00132812
internal_weight=4436 3765 2104 1661 1541 671 1038 623 563 739 58 333 216 117 869 811 672 480 237 373 42 143 58 34 337 82 705 649 299 58
internal_count=4436 3765 2104 1661 1541 671 1038 623 563 739 58 333 216 117 869 811 672 480 237 373 42 143 58 34 337 82 705 649 299 58
is_linear=0
shrinkage=0.03


Tree=59
num_leaves=31
num_cat=0
split_feature=6 0 0 0 0 0 0 0 1 7 7 1 4 11 6 11 1 8 18 18 1 7 7 7 3 12 4 8 17 4
split_gain=3.00756 0.627906 0.154387 0.11324 0.0884244 0.0284226 0.0170144 0.0133676 0.0123964 0.00875 0.00789316 0.00773435 0.00694604 0.00649779 0.0126116 0.00720544 0.00618292 0.00736363 0.00559931 0.0053791 0.00532795 0.00505435 0.0049409 0.00483117 0.00475583 0.00460929 0.00450303 0.00436945 0.00507251 0.00655485
threshold=0.088076669873904903 0.47556016327877837 0.38756185137941357 0.08076589754599578 0.56286410739646286 0.33835026822848241 0.42141001303737941 0.51352851336407135 0.15364583333333334 0.21079428208555034 0.33804259110067586 0.028645833333333336 0.049479166666666671 0.93301270189221952 0.30552995391705079 0.6830127018922193 0.044270833333333336 0.15639335566612553 0.48676470588235299 0.48088235294117648 0.070312500000000014 0.087670594114355446 0.056857665866402091 0.086056542320642804 0.039062500000000007 -1.0000000180025095e-35 0.13802083333333334 0.1439067609595597 0.31203213813057734 0.023437500000000003
decision_type=2 2 2 2 2 2 2 2 2 2 2 2 2 2 2 2 2 2 2 2 2 2 2 2 2 2 2 2 2 2
left_child=3 2 5 -1 7 11 16 26 9 -6 -10 -2 -13 14 15 25 23 -18 -16 27 -9 -20 -21 -4 -24 -8 -3 28 29 -7
right_child=1 4 6 -5 8 19 13 20 10 -11 -12 12 -14 -15 18 -17 17 -19 21 22 -22 -23 24 -25 -26 -27 -28 -29 -30 -31
leaf_value=-0.0019012699185448415 -0.00048234012675846304 0.00051642830895679622 2.5931351958065644e-05 -0.00079587422111652604 0.0010629106616468443 -0.00069973622191789818 0.00033839292215767999 0.00058869065188377678 0.0012601899212424635 0.00051482832415627859 0.0019133327771259552 -0.00029896690644297657 0.00035556030665293074 5.1766628705154891e-05 0.00045988423252217716 0.00053181649032550487 0.00013899928616366961 0.00064198255976174762 0.00060526011841587437 -6.8379368121026612e-05 0.00084307844644747863 0.0012420247832665855 1.8471669753198569e-05 -0.00053002715357185854 0.00057723260842679756 0.00014610827876553864 0.00090119149184251959 9.2479831276680663e-05 -4.0431627271171467e-05 -0.00021913897657251921
leaf_weight=636 382 489 226 96 412 33 193 102 135 28 19 103 17 72 167 82 169 31 33 105 271 17 29 14.999999999999998 26 268 29 49 89 113
leaf_count=636 382 489 226 96 412 33 193 102 135 28 19 103 17 72 167 82 169 31 33 105 271 17 29 15 26 268 29 49 89 113
internal_value=8.63916e-07 0.000348123 2.85881e-05 -0.0017563 0.000825595 -0.000261692 0.000244303 0.000636578 0.00110912 0.00102803 0.00134078 -0.000416341 -0.00020624 0.000324152 0.000349957 0.000272701 9.36567e-05 0.000216965 0.000543274 -8.68407e-05 0.000773516 0.000821781 5.22773e-05 -8.67393e-06 0.000282619 0.00022661 0.000537971 -0.000165217 -0.00021895 -0.000327771
internal_weight=4436 3704 2219 732 1485 946 1273 891 594 440 154 502 120 832 760 543 441 200 217 444 373 50 160 241 55 461 518 284 235 146
internal_count=4436 3704 2219 732 1485 946 1273 891 594 440 154 502 120 832 760 543 441 200 217 444 373 50 160 241 55 461 518 284 235 146
is_linear=0
shrinkage=0.03


Tree=60
num_leaves=31
num_cat=1
split_feature=5 0 0 5 5 0 0 6 9 1 9 19 10 2 10 0 16 10 7 0 2 9 1 6 1 13 3 16 2 16
split_gain=2.77929 0.647295 0.14136 0.121089 0.0266331 0.0226087 0.0179497 0.00915884 0.00766019 0.00863722 0.00710143 0.00629503 0.00829175 0.00670423 0.00622067 0.00613878 0.00607403 0.00995601 0.00826582 0.00596429 0.00532441 0.00515663 0.00492523 0.00465646 0.00446135 0.00441694 0.00433889 0.00420888 0.00422496 0.00411278
threshold=0.034989858012170395 0.44566508779923081 0.53121608501887896 0.064401622718052748 0.10158891142663963 0.59889677441000055 1.0000000180025095e-35 0.30552995391705079 0.12946754194018967 0.049479166666666671 0.18745441283734501 0 0.93301270189221952 0.044270833333333336 1.0000000180025095e-35 0.20681904689606379 26.500000000000004 -0.5 0.16947311116436589 0.67858564256313125 0.075520833333333343 0.53610503282275734 0.013020833333333334 0.63824884792626746 0.075520833333333343 0.81174490092936691 0.11197916666666667 28.500000000000004 0.039062500000000007 27.500000000000004
decision_type=2 2 2 2 2 2 2 2 2 2 2 1 2 2 2 2 2 2 2 2 2 2 2 2 2 2 2 2 2 2
left_child=6 3 7 15 22 16 -1 -3 -6 -10 -9 -11 13 14 -13 -2 18 -18 21 29 -19 -4 -5 24 -12 -24 27 -26 -29 -7
right_child=1 2 5 4 8 19 -8 10 9 11 23 12 -14 -15 -16 -17 17 20 -20 -21 -22 -23 25 -25 26 -27 -28 28 -30 -31
leaf_value=-0.0018596450160217077 -0.00099330472982181645 0.0003664951756363993 0.00061834518441779751 -0.00038634578523548857 -0.00015750215695818835 0.0010310002250546535 -0.0011512054689924267 0.00029347644401330511 9.7592599350862394e-05 8.6925543425279519e-05 0.00053027917916963923 0.00039488440229895611 -9.8434146673721522e-05 0.00029562110697947149 0.0009026502681811437 -0.00050851416513369811 0.0014287451214003717 0.0011487582302255616 0.0002005351910316049 0.0016863724536432733 0.0008009728136112933 0.00092603132047712228 -0.00012332946605818397 0.00012964708931384811 0.00061248739381068393 0.00013195354708393973 0.00036142208835770101 0.0012646315906360559 0.00078584121070349861 0.0012474075479424879
leaf_weight=606 25 413 78 55 67 141 34 89 477 109 370 39 24 78 49 394 36 53 22 20 157 132 433 20 102 71 30 21 79 180
leaf_count=606 25 413 78 55 67 141 34 89 477 109 370 39 24 78 49 394 36 53 22 20 157 132 433 20 102 71 30 21 79 180
internal_value=5.66308e-06 0.000316426 0.000697287 -8.99505e-05 4.37865e-05 0.000997058 -0.00182201 0.000478859 0.000150262 0.000176835 0.000544127 0.00030325 0.000401637 0.000498132 0.000677625 -0.000537442 0.000863922 0.000967781 0.000753792 0.00118368 0.000888752 0.000811751 -0.000116784 0.000579991 0.000594952 -8.73668e-05 0.000698092 0.000748091 0.000886399 0.00115235
internal_weight=4404 3764 1943 1821 1402 819 640 1124 843 776 711 299 190 166 88 419 478 246 232 341 210 210 559 622 602 504 232 202 100 321
internal_count=4404 3764 1943 1821 1402 819 640 1124 843 776 711 299 190 166 88 419 478 246 232 341 210 210 559 622 602 504 232 202 100 321
cat_boundaries=0 1
cat_threshold=296
is_linear=0
shrinkage=0.03


Tree=61
num_leaves=31
num_cat=1
split_feature=5 0 0 5 5 0 0 6 11 17 18 8 11 16 11 18 16 10 11 18 0 18 10 19 16 18 4 11 11 16
split_gain=2.61505 0.609017 0.133006 0.11394 0.0250651 0.0212725 0.0168888 0.00861756 0.00914823 0.00806683 0.00788747 0.00781909 0.00986393 0.00675797 0.00618235 0.00600865 0.00655794 0.00727545 0.00597152 0.00578431 0.00561185 0.0053662 0.00489302 0.00455762 0.00548223 0.00453037 0.00480059 0.00441138 0.00432614 0.00462742
threshold=0.034989858012170395 0.44566508779923081 0.53121608501887896 0.064401622718052748 0.10158891142663963 0.59889677441000055 1.0000000180025095e-35 0.30552995391705079 0.6830127018922193 0.32306906777164635 0.50441176470588245 0.21743680224164993 0.6830127018922193 12.500000000000002 1.0000000180025095e-35 0.44264705882352945 26.500000000000004 -0.5 0.25000000000000017 0.46029411764705885 0.67858564256313125 0.47500000000000003 0.68301270189221941 0 13.500000000000002 0.47500000000000003 0.091145833333333343 0.6830127018922193 0.6830127018922193 5.5000000000000009
decision_type=2 2 2 2 2 2 2 2 2 2 2 2 2 2 2 2 2 2 2 2 2 2 2 1 2 2 2 2 2 2
left_child=6 3 7 9 28 15 -1 8 19 14 23 12 -9 -14 -2 22 -17 -18 -12 -3 -7 -13 -4 24 -6 -25 27 -27 -5 -30
right_child=1 2 5 4 10 20 -8 11 -10 -11 18 21 13 -15 -16 16 17 -19 -20 -21 -22 -23 -24 25 -26 26 -28 -29 29 -31
leaf_value=-0.0018038557226174351 -0.00056079618505374697 -5.0561385969303318e-05 0.00030377599191196662 -0.0001445983248505241 0.0002086059733721165 0.0011177832362328766 -0.0011166703035230881 0.00052866862256966676 0.0006103427171960153 -0.0010675123436112858 0.00028281403096780362 0.00019035616404920405 0.0005775994848492451 0.0011264179274786013 -0.00029225419919133442 0.00075355135470047861 0.0013854664402278775 0.00091376237130025263 0.0010245906905657959 0.00032752352212843242 0.0016357838209018331 0.00053650951048594801 0.00091155716272337721 8.9936423566734354e-05 -5.3171338774445891e-05 0.00019008240369660959 0.00069812582039721833 0.00063731614514041734 -0.00028941152265148486 0.00026056556846902222
leaf_weight=606 291 42 32 490 108 321 34 466 97 23 28 90 36 46 105 207 35 185 14.999999999999998 274 20 73 19 229 216 203 22 22 19 50
leaf_count=606 291 42 32 490 108 321 34 466 97 23 28 90 36 46 105 207 35 185 15 274 20 73 19 229 216 203 22 22 19 50
internal_value=5.49919e-06 0.000306941 0.000676368 -8.72377e-05 4.24915e-05 0.000967147 -0.00176735 0.000464493 0.0003555 -0.000521319 0.000145785 0.000527803 0.000582062 0.000885483 -0.000489593 0.000838005 0.000874765 0.000988812 0.000541591 0.000277272 0.00114817 0.000345384 0.000530218 0.00012451 3.30675e-05 0.000182229 0.000275173 0.000233815 -0.00011328 0.000109121
internal_weight=4404 3764 1943 1821 1402 819 640 1124 413 419 843 711 548 82 396 478 427 220 43 316 341 163 51 800 324 476 247 225 559 69
internal_count=4404 3764 1943 1821 1402 819 640 1124 413 419 843 711 548 82 396 478 427 220 43 316 341 163 51 800 324 476 247 225 559 69
cat_boundaries=0 1
cat_threshold=336
is_linear=0
shrinkage=0.03


Tree=62
num_leaves=31
num_cat=0
split_feature=5 20 20 5 20 5 20 6 11 17 11 5 18 9 7 17 11 11 9 18 16 6 7 9 7 6 12 11 20 20
split_gain=2.4605 0.573025 0.125145 0.107257 0.0200789 0.0182504 0.0158907 0.00810827 0.00860758 0.00762976 0.00934293 0.00757438 0.00743739 0.0107204 0.00798101 0.00716935 0.00739842 0.00681344 0.005615 0.00544246 0.00496184 0.00520148 0.00481834 0.00742464 0.00554771 0.00461401 0.00458255 0.00447297 0.00503974 0.00446863
threshold=0.034989858012170395 0.44566508779923081 0.53121608501887896 0.072008113590263698 0.60785668035134688 0.10158891142663963 1.0000000180025095e-35 0.30552995391705079 0.6830127018922193 0.32306906777164635 1.0000000180025095e-35 0.057809330628803259 0.48088235294117648 0.12946754194018967 0.045545301323032777 0.32784443877116848 0.6830127018922193 0.93301270189221952 0.18745441283734501 0.46029411764705885 13.500000000000002 0.29170506912442401 0.059963812581092742 0.8231218088986143 0.055388226996607351 0.16027331956141747 1.0000000180025095e-35 0.6830127018922193 0.59294530418543168 0.32838837274029392
decision_type=2 2 2 2 2 2 2 2 2 2 2 2 2 2 2 2 2 2 2 2 2 2 2 2 2 2 2 2 2 2
left_child=6 3 7 9 17 22 -1 8 19 10 25 -12 14 -14 -7 18 -17 27 -9 -3 -16 -22 24 29 -5 -2 -18 28 -4 -24
right_child=1 2 4 5 -6 12 -8 15 -10 -11 11 -13 13 -15 20 16 26 -19 -20 -21 21 -23 23 -25 -26 -27 -28 -29 -30 -31
leaf_value=-0.0017497401246691089 -0.00054442880298501736 -4.904457077013958e-05 0.00076303948741577915 -8.2929757598973646e-05 0.0011559412724544784 0.0002886251401368008 -0.0010831711839500277 0.00022370868092926404 0.0005920326244375321 -0.00090557083904322711 -0.00038154540689833247 0.00010048313373428644 -0.00029032174315542469 0.00030392956843494927 0.00015948021887937509 0.00058053286460461526 0.00072250124020230798 0.00047848251903952974 0.00049976006041852633 0.00031769785386681377 -0.00012971903599336482 0.00022105828970819479 -0.00061244003169257653 -0.00089731494017842098 0.00029455273229163354 -0.00017627690348316323 0.0014094062947106424 0.0010314249089543395 0.0010202095309390928 -4.8192346205647743e-05
leaf_weight=606 310 42 311 345 260 115 34 77 97 32 81 46 30 306 126 121 17 44 478 274 220 46 15.999999999999998 14.999999999999998 39 34 18 116 88 60
leaf_count=606 310 42 311 345 260 115 34 77 97 32 81 46 30 306 126 121 17 44 478 274 220 46 16 15 39 34 18 116 88 60
internal_value=5.33427e-06 0.000297732 0.000656078 -8.46205e-05 0.000938132 5.76141e-05 -0.00171433 0.000450558 0.000344835 -0.000457314 -0.000426857 -0.000206953 0.000141412 0.000250871 6.88705e-05 0.000511969 0.000691656 0.000836824 0.000461462 0.000268954 4.40114e-06 -6.90577e-05 -9.11048e-05 -0.00028738 -4.4591e-05 -0.000508042 0.0010758 0.000867439 0.000819761 -0.000166988
internal_weight=4404 3764 1943 1821 819 1318 640 1124 413 503 471 127 843 336 507 711 156 559 555 316 392 266 475 91 384 344 35 515 399 76
internal_count=4404 3764 1943 1821 819 1318 640 1124 413 503 471 127 843 336 507 711 156 559 555 316 392 266 475 91 384 344 35 515 399 76
is_linear=0
shrinkage=0.03


Tree=63
num_leaves=31
num_cat=0
split_feature=5 0 0 5 5 0 0 1 18 17 11 6 7 11 11 17 11 9 18 7 16 1 16 8 0 17 3 9 16 11
split_gain=2.31509 0.539159 0.117749 0.101238 0.0220886 0.0188922 0.0149515 0.00821673 0.00728162 0.0072295 0.00641076 0.0058298 0.00779564 0.00678984 0.00564586 0.00562009 0.00558545 0.00557608 0.00589704 0.00626313 0.00534801 0.00459653 0.00458581 0.00453565 0.00446625 0.00446176 0.00439408 0.0047824 0.0053304 0.00430011
threshold=0.034989858012170395 0.44566508779923081 0.53121608501887896 0.064401622718052748 0.10158891142663963 0.60785668035134688 1.0000000180025095e-35 0.091145833333333343 0.50441176470588245 0.32306906777164635 0.93301270189221952 0.29631336405529957 0.11992761639997179 0.6830127018922193 0.25000000000000017 0.26019062207471716 1.0000000180025095e-35 0.12946754194018967 0.48088235294117648 0.045545301323032777 7.5000000000000009 0.013020833333333334 13.500000000000002 0.10569381147397909 0.67858564256313125 0.32745381791537814 0.15885416666666669 0.31400437636761497 2.5000000000000004 1.0000000180025095e-35
decision_type=2 2 2 2 2 2 2 2 2 2 2 2 2 2 2 2 2 2 2 2 2 2 2 2 2 2 2 2 2 2
left_child=6 3 7 9 21 10 -1 11 17 15 -4 13 26 20 -10 -2 -17 -6 19 25 -3 -5 -21 -22 -7 -19 27 28 -13 -9
right_child=1 2 5 4 8 24 -8 29 14 -11 -12 12 -14 -15 -16 16 -18 18 -20 22 23 -23 -24 -25 -26 -27 -28 -29 -30 -31
leaf_value=-0.0016972480394871258 0.00010836483716178303 -0.00012987611724546278 0.00084141575297675124 -0.0003664397995000163 -0.00015186055708499684 0.0010853590947900215 -0.0010506770096021124 0.000471512075471237 0.00026584902347646331 -0.0010083224198030136 0.00046412837418127902 -0.00012343562373727049 -3.3407919018066936e-05 0.00055817458862535987 0.00098711458368763412 -0.00055077324186056885 -0.00028709393408922907 0.00036210313555170112 0.00025296062218298281 0.00017432845499511753 0.000603946332581659 -7.7609669849798115e-05 -5.5407358588700291e-05 0.00022276801033745144 0.0015520362633397655 -0.00016782070226682691 3.6844954985985703e-06 0.00055289557104473415 0.0004202445320292624 0.00076248107846143718
leaf_weight=606 14.999999999999998 33 515 55 64 240 34 89 28 23 44 18 28 71 14.999999999999998 284 97 90 266 114 33 504 249 189 20 17 17 387 165 94
leaf_count=606 15 33 515 55 64 240 34 89 28 23 44 18 28 71 15 284 97 90 266 114 33 504 249 189 20 17 17 387 165 94
internal_value=5.17426e-06 0.000288801 0.000636395 -8.2082e-05 4.02026e-05 0.000909989 -0.0016629 0.000437042 0.000137169 -0.000491253 0.00081172 0.000401271 0.000455637 0.000298708 0.00051747 -0.000461218 -0.000483643 0.000116728 0.000140083 7.61991e-05 0.000226463 -0.000106028 1.67414e-05 0.000279432 0.00112126 0.000277909 0.000478964 0.000493139 0.000366767 0.000620975
internal_weight=4404 3764 1943 1821 1402 819 640 1124 843 419 559 941 615 326 43 396 381 800 736 470 255 559 363 222 260 107 587 570 183 183
internal_count=4404 3764 1943 1821 1402 819 640 1124 843 419 559 941 615 326 43 396 381 800 736 470 255 559 363 222 260 107 587 570 183 183
is_linear=0
shrinkage=0.03


Tree=64
num_leaves=31
num_cat=0
split_feature=5 20 20 5 20 5 20 20 17 16 18 18 16 10 7 17 11 18 11 7 9 18 1 16 10 9 4 1 17 13
split_gain=2.17826 0.507945 0.129196 0.081697 0.0179212 0.0141438 0.0140678 0.00992503 0.00680227 0.00671367 0.00612358 0.00558528 0.00589628 0.00671727 0.0060047 0.00528795 0.00525535 0.00523164 0.00636307 0.00518082 0.0053398 0.00579173 0.00511918 0.00480971 0.00456321 0.00448176 0.00440967 0.00432488 0.00421734 0.00409479
threshold=0.034989858012170395 0.43337287022347554 0.53121608501887896 0.064401622718052748 0.59889677441000055 0.10158891142663963 1.0000000180025095e-35 0.47556016327877837 0.32306906777164635 5.5000000000000009 0.50147058823529422 0.44264705882352945 26.500000000000004 -0.5 0.16947311116436589 0.26019062207471716 1.0000000180025095e-35 0.50147058823529422 0.6830127018922193 0.045545301323032777 0.12946754194018967 0.48088235294117648 0.22656250000000003 13.500000000000002 0.68301270189221941 0.52552881108679805 0.039062500000000007 0.013020833333333334 0.24657475959492811 0.81174490092936691
decision_type=2 2 2 2 2 2 2 2 2 2 2 2 2 2 2 2 2 2 2 2 2 2 2 2 2 2 2 2 2 2
left_child=6 3 7 8 11 27 -1 9 15 -3 19 24 14 -14 25 -2 -17 -9 -19 -7 -21 23 -6 28 -4 -13 -11 -5 -22 -29
right_child=1 2 4 5 22 10 -8 17 -10 26 -12 12 13 -15 -16 16 -18 18 -20 20 21 -23 -24 -25 -26 -27 -28 29 -30 -31
leaf_value=-0.0016463307404469992 0.0001051141125045165 4.5034904195633781e-05 0.00024873739359303166 -0.00035544680381787325 0.0010183087344660096 0.00023625041257911941 -0.0010191576260315059 0.00045247807957807869 -0.0009780740653273644 0.0002322609170949078 0.00042801162307575864 0.00052427146926088122 0.0012888702331410181 0.00083562495033623764 0.00012639045352822823 -0.00053425010222692051 -0.0002784811993925401 0.00055090516966770726 0.0011603789595877928 -0.00027791821888981479 -0.00021435910117341972 0.00021518423411893303 0.0014914974238738586 -9.7565302143156379e-05 0.00083567472443607646 0.00083338131314033474 0.00040993073968629672 -0.00010990776220005096 0.00028121058995521451 0.000135889315734041
leaf_weight=606 14.999999999999998 72 32 55 319 141 34 572 23 186 48 63 35 185 15.999999999999998 284 97 58 21 46 20 147 22 200 19 128 388 433 68 71
leaf_count=606 15 72 32 55 319 141 34 572 23 186 48 63 35 185 16 284 97 58 21 46 20 147 22 200 19 128 388 433 68 71
internal_value=5.01905e-06 0.000280137 0.000587694 -0.000114761 0.000882689 8.57162e-06 -0.00161301 0.000401416 -0.000476515 0.000318106 0.000101532 0.000764156 0.000799597 0.000907738 0.000684662 -0.000447382 -0.000469134 0.000484085 0.00071293 7.63365e-05 2.9459e-05 6.19639e-05 0.00104884 -1.62428e-05 0.000467412 0.000731427 0.000352359 -0.000102847 0.00016858 -7.52814e-05
internal_weight=4404 3764 2116 1648 819 1229 640 1297 419 646 670 478 427 220 207 396 381 651 79 622 481 435 341 288 51 191 574 559 88 504
internal_count=4404 3764 2116 1648 819 1229 640 1297 419 646 670 478 427 220 207 396 381 651 79 622 481 435 341 288 51 191 574 559 88 504
is_linear=0
shrinkage=0.03


Tree=65
num_leaves=31
num_cat=0
split_feature=5 5 0 5 0 1 6 7 1 1 7 9 11 6 8 10 8 6 6 17 10 0 7 9 8 4 2 7 6 11
split_gain=2.06947 0.416933 0.0925819 0.0844617 0.0814111 0.0205643 0.0122994 0.00988629 0.00974416 0.00956599 0.00943109 0.00871635 0.00776554 0.00673724 0.00901249 0.00651801 0.00649421 0.00616546 0.00586349 0.00575722 0.00575584 0.00531201 0.00820276 0.00518522 0.00578729 0.00497712 0.00621921 0.00569484 0.00491291 0.00489334
threshold=0.043610547667342806 0.15314401622718055 0.54460969367221124 0.089587559161595678 0.08076589754599578 0.15364583333333334 0.1905821282906934 0.38780974986680611 0.091145833333333343 0.013020833333333334 0.11992761639997179 0.78264040846097749 0.93301270189221952 0.29170506912442401 0.088889909737814618 -0.5 0.063344880755790409 0.34792626728110604 0.32304147465437794 0.32049069925083423 0.25000000000000011 0.59889677441000055 0.098703409235773101 0.22137126185266232 0.074423100784269183 0.023437500000000003 0.018229166666666668 0.034936295407687758 0.28433179723502316 -0.24999999999999994
decision_type=2 2 2 2 2 2 2 2 2 2 2 2 2 2 2 2 2 2 2 2 2 2 2 2 2 2 2 2 2 2
left_child=4 3 8 9 -1 21 11 -7 10 -2 18 19 13 14 -8 -12 29 -14 -3 -5 -15 22 -4 24 -18 -25 27 -27 -16 -11
right_child=1 2 5 6 -6 7 12 -9 -10 16 15 -13 17 20 28 -17 23 -19 -20 -21 -22 -23 -24 25 -26 26 -28 -29 -30 -31
leaf_value=-0.0015830972418916854 -0.00051133547752873966 0.0003196637707156948 0.0008344919899120972 -0.00038499715086675115 -0.00065014420192129432 0.0010912677749069339 0.00060935393906978751 0.0018990764234349869 0.00060572455985919153 -0.00055177416375238859 0.00060406812815375977 -0.00067369986350088076 -0.00047634766758200721 0.00057037747296240985 0.00014543761853258409 -0.0001014185090642226 -2.9434928411114886e-05 7.2448802760327553e-05 0.00048918925784244163 5.4468863879532411e-05 0.00023429070567924245 0.00090127623086906834 0.00054373380821991408 -0.00026002269508292736 -0.00069816313812505286 -0.00012219622390784708 -0.00013837779005582688 0.00050083241263912913 -0.00026066224792714305 -0.00014225031160114621
leaf_weight=637 139 330 211 32 97 150 37 14.999999999999998 225 85 14.999999999999998 20 27 70 631 55 18 58 414 166 133 220 149 171 33 23 155 31 28 38
leaf_count=637 139 330 211 32 97 150 37 15 225 85 15 20 27 70 631 55 18 58 414 166 133 220 149 171 33 23 155 31 28 38
internal_value=-5.35063e-06 0.000284829 0.000613981 -2.50427e-05 -0.00145981 0.000869202 0.000127033 0.00116472 0.000430978 -0.000288817 0.000382675 -7.68486e-05 0.000172202 0.000198117 0.000153763 4.97637e-05 -0.000232985 -0.000101878 0.000413997 -1.65575e-05 0.000350185 0.000785132 0.000714152 -0.000178114 -0.000462147 -0.000139992 -4.17846e-05 0.000235471 0.000128183 -0.000425257
internal_weight=4413 3679 1784 1895 734 745 1202 165 1039 693 814 218 984 899 696 70 554 85 744 198 203 580 360 431 51 380 209 54 659 123
internal_count=4413 3679 1784 1895 734 745 1202 165 1039 693 814 218 984 899 696 70 554 85 744 198 203 580 360 431 51 380 209 54 659 123
is_linear=0
shrinkage=0.03


Tree=66
num_leaves=31
num_cat=0
split_feature=5 5 0 0 5 1 1 7 6 7 1 9 16 11 9 4 8 1 16 0 7 9 8 10 13 4 4 18 8 11
split_gain=1.94717 0.392749 0.104173 0.0765997 0.063667 0.019349 0.010089 0.0107839 0.00971332 0.0093021 0.00900065 0.00787825 0.00765822 0.00612059 0.00915287 0.00801291 0.00611041 0.00601471 0.00528447 0.00499807 0.00771798 0.00487878 0.00544527 0.00483825 0.00764239 0.00477945 0.00468297 0.00471378 0.00462973 0.00460414
threshold=0.043610547667342806 0.14300202839756596 0.54460969367221124 0.08076589754599578 0.089587559161595678 0.15364583333333334 0.075520833333333343 0.1418343327749155 0.1905821282906934 0.38780974986680611 0.013020833333333334 0.78264040846097749 2.5000000000000004 -0.5 0.30233406272793589 0.044270833333333336 0.063344880755790409 0.039062500000000007 3.5000000000000004 0.59889677441000055 0.098703409235773101 0.22137126185266232 0.074423100784269183 0.25000000000000011 1.0000000180025095e-35 0.028645833333333336 0.023437500000000003 0.48382352941176471 0.22614163575611029 -0.24999999999999994
decision_type=2 2 2 2 2 2 2 2 2 2 2 2 2 2 2 2 2 2 2 2 2 2 2 2 2 2 2 2 2 2
left_child=3 4 6 23 10 19 7 12 11 -7 -2 -6 -3 -8 -15 -16 29 18 -10 20 -4 22 -18 -1 -25 -14 -23 -28 -9 -12
right_child=1 2 5 -5 8 9 13 28 17 -11 16 -13 25 14 15 -17 21 -19 -20 -21 -22 26 -24 24 -26 -27 27 -29 -30 -31
leaf_value=-0.001560516285991342 -0.00049599552193106417 -5.1491587279111943e-05 0.00080945735355309357 -0.00063064007396594146 -2.7689415778792613e-05 0.0010585299610601665 0.00035086353075472894 -0.00059967695102261975 -0.00041828670430623185 0.001842107911388776 -0.00053522113479757382 -0.00065348987656589457 0.00019251147733064826 0.00034553683496802172 0.00038936100698967502 0.00082042181220758276 -2.8551927669444918e-05 0.00021026905238009813 7.4027273887268782e-05 0.00087423806785408959 0.00052742190007071612 -0.00025222206297220023 -0.00067721888138667235 -0.0008333883207727119 -0.0015645662695097347 0.00040703735489041568 -0.00012567488821367415 0.00019786968906979025 0.00014566661489899099 -0.00013798291658863673
leaf_weight=584 139 40 211 97 191 150 145 15.000000000000002 21 14.999999999999998 85 20 110 94 53 145 18 471 299 220 149 171 33 22 31 622 154 55 14.999999999999998 38
leaf_count=584 139 40 211 97 191 150 145 15 21 15 85 20 110 94 53 145 18 471 299 220 149 171 33 22 31 622 154 55 15 38
internal_value=-5.1901e-06 0.000276284 0.000562786 -0.00141601 -5.90668e-05 0.000843126 0.00039422 0.000331027 9.38398e-05 0.00112978 -0.000280152 -8.70098e-05 0.000352712 0.000510193 0.000589311 0.000705039 -0.000225996 0.000142082 4.1718e-05 0.000761578 0.000692728 -0.00017277 -0.000448283 -0.0015356 -0.00126108 0.0003748 -0.000135792 -4.0531e-05 -0.000227013 -0.000412499
internal_weight=4413 3679 1984 734 1695 745 1239 802 1002 165 693 211 772 437 292 198 554 791 320 580 360 431 51 637 53 732 380 209 30 123
internal_count=4413 3679 1984 734 1695 745 1239 802 1002 165 693 211 772 437 292 198 554 791 320 580 360 431 51 637 53 732 380 209 30 123
is_linear=0
shrinkage=0.03


Tree=67
num_leaves=31
num_cat=1
split_feature=5 5 5 0 0 1 5 7 9 1 1 0 7 7 16 11 1 4 7 0 9 12 0 7 19 7 7 10 13 1
split_gain=1.83209 0.369765 0.0867618 0.0720726 0.069777 0.0182055 0.0150163 0.00875242 0.00795561 0.0068204 0.00679516 0.00793474 0.0065948 0.00653951 0.005409 0.00627597 0.0048937 0.00539305 0.00579478 0.0047471 0.00475555 0.0047415 0.00470269 0.00726185 0.00463087 0.00462376 0.005259 0.00455227 0.00719073 0.00438548
threshold=0.043610547667342806 0.16125760649087226 0.10158891142663963 0.08076589754599578 0.54460969367221124 0.15364583333333334 0.073191345503718738 0.38780974986680611 0.1203501094091904 0.091145833333333343 0.039062500000000007 0.44457804280797869 0.059963812581092742 0.11992761639997179 15.500000000000002 -0.5 0.013020833333333334 0.023437500000000003 0.034936295407687758 0.32838837274029392 0.68891320204230511 -0.60785761079279388 0.59889677441000055 0.098703409235773101 0 0.039930004843826368 0.033308946083840184 0.25000000000000011 1.0000000180025095e-35 0.11718750000000001
decision_type=2 2 2 2 2 2 2 2 2 2 2 2 2 2 2 2 2 2 2 2 2 2 2 2 1 2 2 2 2 2
left_child=3 2 6 27 9 22 16 -7 -4 13 11 24 -8 -3 -11 -16 25 -18 -19 -14 -21 -15 23 -6 -10 26 -2 -1 -29 -25
right_child=1 4 8 -5 5 7 12 -9 10 14 -12 -13 19 21 15 -17 17 18 -20 20 -22 -23 -24 29 -26 -27 -28 28 -30 -31
leaf_value=-0.0015137008664913784 -0.00055030472604884154 0.00040764849340554866 -0.00013798263976375305 -0.00061172107038643428 0.00078517374259282774 0.001026774271916104 -4.3325420906351632e-05 0.001786848403894379 -0.00012936303564684153 0.00037411087095474152 0.00024747824658429425 0.00037948374282074422 -0.00076602519899635665 -0.00025783563810316236 0.00045222672834940766 0.0008654494652634968 -0.00039147803089130119 -0.00028942064652459507 0.00011259298715051813 -9.6257088809860518e-05 -0.00069659414687070693 0.00028789807460077827 0.00084801104510848007 0.00041131193231655917 0.00010684563493066441 -0.00081474124646570452 -2.0919223923482452e-05 -0.00080838780224735994 -0.0015176308021770822 0.00077575460967517918
leaf_weight=584 57 621 70 97 211 150 362 14.999999999999998 107 78 697 69 18 23 58 77 191 91 50 57 14.999999999999998 38 220 108 198 33 24 22 31 41
leaf_count=584 57 621 70 97 211 150 362 15 107 78 697 69 18 23 58 77 191 91 50 57 15 38 220 108 198 33 24 22 31 41
internal_value=-5.0344e-06 0.000267996 -1.73634e-06 -0.00137353 0.000603352 0.000817833 -0.000222324 0.00109588 0.000171873 0.000424816 0.000192125 8.89654e-05 -0.000100463 0.000378533 0.000573007 0.000687921 -0.000345824 -0.000287591 -0.000146863 -0.000330281 -0.000221335 8.21288e-05 0.000738731 0.000671946 2.32406e-05 -0.00051541 -0.000393452 -0.00148954 -0.00122325 0.000511599
internal_weight=4413 3679 2039 734 1640 745 898 165 1141 895 1071 374 452 682 213 135 446 332 141 90 72 61 580 360 305 114 81 637 53 149
internal_count=4413 3679 2039 734 1640 745 898 165 1141 895 1071 374 452 682 213 135 446 332 141 90 72 61 580 360 305 114 81 637 53 149
cat_boundaries=0 1
cat_threshold=657
is_linear=0
shrinkage=0.03


Tree=68
num_leaves=31
num_cat=0
split_feature=5 5 0 5 0 1 5 1 7 7 1 17 9 16 5 16 17 16 17 16 3 16 8 0 7 1 3 17 16 9
split_gain=1.72381 0.3481 0.076889 0.0704101 0.0678131 0.0171296 0.0105228 0.00833083 0.00823523 0.00807396 0.0079913 0.00582131 0.00729456 0.00556589 0.00554781 0.00554066 0.0052893 0.00733052 0.00502776 0.00492052 0.00477913 0.00473888 0.00451794 0.00442476 0.00683267 0.00412631 0.00385716 0.00529802 0.0053933 0.00377884
threshold=0.043610547667342806 0.15314401622718055 0.54460969367221124 0.089587559161595678 0.08076589754599578 0.15364583333333334 0.12457741717376607 0.091145833333333343 0.38780974986680611 0.11992761639997179 0.013020833333333334 0.33310749330662537 0.78264040846097749 27.500000000000004 0.065111561866125781 15.500000000000002 0.36886222449153272 22.500000000000004 0.24210705471874738 13.500000000000002 0.11718750000000001 2.5000000000000004 0.088889909737814618 0.59889677441000055 0.098703409235773101 0.11718750000000001 0.15885416666666669 0.27423198025699952 5.5000000000000009 0.97957695113056176
decision_type=2 2 2 2 2 2 2 2 2 2 2 2 2 2 2 2 2 2 2 2 2 2 2 2 2 2 2 2 2 2
left_child=4 3 7 10 -1 23 11 9 29 26 -2 13 -13 19 -12 -9 17 -11 -16 21 -17 -5 -15 24 -4 -26 27 28 -3 -7
right_child=1 2 5 6 -6 8 -8 15 -10 16 14 12 -14 22 18 20 -18 -19 -20 -21 -22 -23 -24 -25 25 -27 -28 -29 -30 -31
leaf_value=-0.0014448505720859224 -0.00046740178695040837 0.00022637820859423838 0.0007616186438140852 -0.00029492672268164455 -0.00059336962571848425 0.00094212210652503087 0.00021054651480582648 0.0003531245757037907 0.0017332465028228 0.00021564107913127613 -0.00031504709576157103 -6.4146588087421011e-05 -0.00075264754913792475 0.00053120018102631819 -0.00061062056771261474 0.00072938887840540904 0.00043957969184432201 -0.00051959637889644123 -9.332630160744664e-05 -0.00021141954387020659 0.00020730251811734899 0.00013914800520172058 0.00012868594436270684 0.00082257082784272786 0.00039897268788999756 0.00075248253726032256 -5.555274188506106e-05 0.00035045305968327587 0.00066814355088333293 0.0014171814301120386
leaf_weight=637 139 33 211 27 97 133 561 79 14.999999999999998 26 257 103 15.999999999999998 28 18 128 21 23 279 85 18 140 242 220 108 41 18 592 101 17
leaf_count=637 139 33 211 27 97 133 561 79 15 26 257 103 16 28 18 128 21 23 279 85 18 140 242 220 108 41 18 592 101 17
internal_value=-4.88489e-06 0.000259954 0.000560711 -2.31858e-05 -0.00133233 0.000793298 0.000115665 0.000393937 0.00106301 0.000349274 -0.000264021 3.2625e-05 -0.000156724 7.57909e-05 -0.000212991 0.000555515 4.1246e-05 -0.000129474 -0.000124679 -2.56083e-05 0.000665024 6.89669e-05 0.00017043 0.000716569 0.000651788 0.000496252 0.000378255 0.000389011 0.000559353 0.000995971
internal_weight=4413 3679 1784 1895 734 745 1202 1039 165 814 693 641 119 522 554 225 70 49 297 252 146 167 270 580 360 149 744 726 134 150
internal_count=4413 3679 1784 1895 734 745 1202 1039 165 814 693 641 119 522 554 225 70 49 297 252 146 167 270 580 360 149 744 726 134 150
is_linear=0
shrinkage=0.03


Tree=69
num_leaves=31
num_cat=1
split_feature=5 5 0 0 5 1 1 6 1 4 1 11 11 11 1 8 8 19 8 1 17 16 17 11 10 13 17 0 17 13
split_gain=1.62193 0.327848 0.0865853 0.0638054 0.0530771 0.0161173 0.00893873 0.00850609 0.00751902 0.00656786 0.00649976 0.00591124 0.00868007 0.00640566 0.00633878 0.00539154 0.00538305 0.00533094 0.00506352 0.00490109 0.00475624 0.00457145 0.00440127 0.00437736 0.00428331 0.00676587 0.00421713 0.00416325 0.00399234 0.00445765
threshold=0.043610547667342806 0.14300202839756596 0.54460969367221124 0.08076589754599578 0.089587559161595678 0.15364583333333334 0.059895833333333336 0.1905821282906934 0.013020833333333334 0.033854166666666671 0.27083333333333337 1.0000000180025095e-35 0.93301270189221952 0.6830127018922193 0.091145833333333343 0.063344880755790409 0.088889909737814618 0 0.19218106975147189 0.039062500000000007 0.31694111139477499 3.5000000000000004 0.21947068334609829 -0.24999999999999994 0.25000000000000011 1.0000000180025095e-35 0.31805476456995485 0.59889677441000055 0.32049069925083423 1.0000000180025095e-35
decision_type=2 2 2 2 2 2 2 2 2 2 2 2 2 2 2 2 2 1 2 2 2 2 2 2 2 2 2 2 2 2
left_child=3 4 6 24 8 27 17 -6 -2 -8 -7 18 13 -13 -15 23 -9 22 -11 21 -17 -18 -3 -10 -1 -26 -24 -4 -22 -30
right_child=1 2 5 -5 7 10 9 16 15 11 -12 12 -14 14 -16 20 19 -19 -20 -21 28 -23 26 -25 25 -27 -28 -29 29 -31
leaf_value=-0.0014249444873772406 -0.00045337983546683754 6.6477421602966549e-05 0.00063223438529141961 -0.00057556872274980861 -8.3863531342298251e-05 0.00096940236318249153 0.00022002452726725281 0.00051801457372801596 -0.00050145212620679566 0.00030309882279644753 0.001605737218213643 0.00051883040029746105 0.00016868604944853376 0.00065952776776568168 0.0011982957300439292 -0.00021138184814124979 -0.00040364213099623454 0.00015803863421443785 0.00058211813677719066 0.00017863591163734587 0.00034449025579439449 5.4562901647606191e-05 0.00055990689845752115 -0.00011412148437080939 -0.00074079373317117612 -0.0014287592032469763 0.0002848582386610965 0.00079789381598308117 -0.00030822440090856845 0.00015813244557485662
leaf_weight=584 139 33 360 97 211 149 114 31 85 226 15.999999999999998 166 43 61 29 331 21 284 79 446 26 293 115 38 22 31 89 220 39 35
leaf_count=584 139 33 360 97 211 149 114 31 85 226 16 166 43 61 29 331 21 284 79 446 26 293 115 38 22 31 89 220 39 35
internal_value=-4.73831e-06 0.000252156 0.000513918 -0.00129236 -5.42372e-05 0.000769499 0.000360238 8.53747e-05 -0.0002561 0.000428879 0.00103112 0.000468298 0.000563087 0.000629333 0.000833142 -0.000206602 0.000130519 0.000265642 0.000375371 0.000114713 -0.000156605 2.39174e-05 0.00037221 -0.000381791 -0.00140151 -0.00114321 0.000439912 0.000695072 2.4708e-05 -8.76511e-05
internal_weight=4413 3679 1984 734 1695 745 1239 1002 693 718 165 604 299 256 90 554 791 521 305 760 431 314 237 123 637 53 204 580 100 74
internal_count=4413 3679 1984 734 1695 745 1239 1002 693 718 165 604 299 256 90 554 791 521 305 760 431 314 237 123 637 53 204 580 100 74
cat_boundaries=0 1
cat_threshold=650
is_linear=0
shrinkage=0.03


Tree=70
num_leaves=31
num_cat=1
split_feature=0 5 0 5 0 0 6 9 18 16 7 5 19 6 6 0 11 6 11 17 2 7 9 16 7 17 1 17 4 3
split_gain=1.54509 0.357065 0.0921644 0.0712917 0.0180145 0.00801961 0.00769814 0.00729806 0.00668877 0.00659562 0.0125739 0.00886871 0.00576684 0.0083082 0.00761856 0.00557314 0.00544444 0.00502517 0.00639763 0.0050123 0.00480925 0.00461397 0.00459118 0.00448641 0.00442814 0.00425468 0.00419615 0.00406573 0.00397345 0.00395327
threshold=0.14734340017519185 0.16125760649087226 0.32319281828654317 0.27079107505070998 0.39191207165358427 0.51352851336407135 0.20519397970534159 0.12946754194018967 0.44264705882352945 26.500000000000004 0.24899844287090053 0.36815415821501019 0 0.14668679485142225 0.14199904655966952 1.0000000180025095e-35 0.93301270189221952 0.29631336405529957 0.6830127018922193 0.46476895583354622 0.054687500000000007 0.081764945460434418 0.57330415754923425 3.5000000000000004 0.10036056523027932 0.22423623521402439 0.028645833333333336 0.33260705618597397 0.013020833333333334 0.11718750000000001
decision_type=2 2 2 2 2 2 2 2 2 2 2 2 1 2 2 2 2 2 2 2 2 2 2 2 2 2 2 2 2 2
left_child=15 2 12 5 26 23 -6 -8 24 10 22 -11 13 28 -14 -1 17 20 21 -13 -9 -19 -5 -3 -7 -18 -4 -22 -2 -25
right_child=1 3 4 9 6 8 7 16 -10 11 -12 19 14 -15 -16 -17 25 18 -20 -21 27 -23 -24 29 -26 -27 -28 -29 -30 -31
leaf_value=-0.00136920989621411 -0.00067994844482545912 7.8848251517600192e-05 -0.00014706757954445574 0.00056832820621052879 -4.1996340017170861e-05 0.00048623559332959841 -0.00019354403920320755 0.00024526536571882951 0.00056651575411145543 0.00077640929777821391 -9.6117695213384421e-05 0.00095558088441871538 -6.7979578631221301e-05 9.4629247026619434e-05 -0.00045888098806659908 -0.00096319183516292977 0.00014533046949646698 0.00034952447334480501 0.00081361314124822322 0.0013374802505704303 1.2608787784001828e-06 -9.4988875567757368e-05 0.00084482773446344214 0.00038986151543878586 -0.00019966827041040765 -0.00034456753412321684 1.708329888586802e-05 0.00034902007084761512 -0.0004445766705965675 0.00011638707568945665
leaf_weight=623 97 53 247 83 153 15.999999999999998 43 383 308 237 17 99 114 21 74 32 39 169 24 45 166 24 155 559 18 27 324 37 193 52
leaf_count=623 97 53 247 83 153 16 43 383 308 237 17 99 114 21 74 32 39 169 24 45 166 24 155 559 18 27 324 37 193 52
internal_value=-4.28532e-06 0.000228978 -2.68272e-05 0.000561587 8.20314e-05 0.000404411 0.000154924 0.00018796 0.000522435 0.0008102 0.000692103 0.00088924 -0.000383726 -0.000466578 -0.000210642 -0.00134938 0.000206838 0.000228366 0.000351693 0.00107493 0.000182696 0.000294248 0.000748404 0.00034362 0.000123115 -5.50845e-05 -5.39243e-05 6.4647e-05 -0.000523307 0.000366587
internal_weight=4432 3777 2135 1642 1636 1006 1065 912 342 636 255 381 499 311 188 655 869 803 217 144 586 193 238 664 34 66 571 203 290 611
internal_count=4432 3777 2135 1642 1636 1006 1065 912 342 636 255 381 499 311 188 655 869 803 217 144 586 193 238 664 34 66 571 203 290 611
cat_boundaries=0 1
cat_threshold=529
is_linear=0
shrinkage=0.03


Tree=71
num_leaves=31
num_cat=0
split_feature=0 5 5 5 5 0 10 13 16 7 5 1 16 9 18 0 17 6 9 16 7 6 7 18 9 7 17 9 17 4
split_gain=1.45378 0.336161 0.106581 0.0419368 0.0199481 0.0109552 0.00662751 0.00705543 0.00620582 0.0118308 0.00834459 0.00620427 0.0060423 0.00501189 0.00503403 0.00575826 0.00471609 0.00464917 0.00744139 0.00463063 0.00458877 0.00454226 0.00465681 0.00458557 0.00849915 0.00432681 0.00573353 0.00431984 0.0042261 0.00414116
threshold=0.14734340017519185 0.18154158215010144 0.084178498985801223 0.27079107505070998 0.12457741717376607 0.32838837274029392 0.25000000000000011 1.0000000180025095e-35 26.500000000000004 0.24899844287090053 0.36815415821501019 0.049479166666666671 2.5000000000000004 0.1203501094091904 0.46029411764705885 0.45245807143466038 0.46476895583354622 0.20519397970534159 0.8231218088986143 5.5000000000000009 0.12106829783344576 0.30921658986175121 0.058478410056899105 0.44264705882352945 0.80598103574033564 0.030929648754824384 0.31966905237705384 0.57330415754923425 0.31329248574589402 0.023437500000000003
decision_type=2 2 2 2 2 2 2 2 2 2 2 2 2 2 2 2 2 2 2 2 2 2 2 2 2 2 2 2 2 2
left_child=6 2 5 11 17 29 -1 -8 9 27 -10 20 -6 -14 15 -15 -12 18 25 -19 -3 22 -13 -23 -25 -4 -27 -5 -21 -2
right_child=1 3 4 8 12 -7 7 -9 10 -11 16 21 13 14 -16 -17 -18 19 -20 28 -22 23 -24 24 -26 26 -28 -29 -30 -31
leaf_value=-0.0013411094795599864 -0.00044153323149117831 0.00032681655524830291 0.00034429826161569253 0.00055127856013689985 -7.6925213756441881e-05 -7.4848216878277407e-05 -0.00072282359816384001 -0.0013386431862127022 0.00075311711782665997 -9.3234324959592027e-05 0.0009269137449871615 0.00070913624570264635 -0.0001574557631945646 -5.5507081552841251e-05 0.00028330639294623977 0.00028022170213322926 0.0012973567395120887 -0.00014412424272910375 -0.0006312816299736115 9.0869748829117556e-05 -0.00018943876088181667 0.00010117165421433206 0.00010504454601613196 0.00051061326109654373 0.001193597077605521 -0.0002964488036470224 1.8610938344177505e-05 0.00081948306949759147 0.00046131343186054497 -0.00026772596634112991
leaf_weight=588 317 84 25 83 58 140 34 33 237 17 99 14.999999999999998 28 94 773 90 45 71 20 364 19 23 49 463 17 72 187 155 30 202
leaf_count=588 317 84 25 83 58 140 34 33 237 17 99 15 28 94 773 90 45 71 20 364 19 23 49 463 17 72 187 155 30 202
internal_value=-4.15674e-06 0.000222109 1.63507e-05 0.00061141 0.00013517 -0.000310358 -0.00130889 -0.00102615 0.000785894 0.00067134 0.000862563 0.000445779 0.00022064 0.000238162 0.000249737 0.000108709 0.00104269 1.92467e-05 -7.19827e-05 7.88892e-05 0.000231584 0.000484689 0.000246637 0.000514977 0.000534805 -3.25934e-05 -6.8974e-05 0.000725952 0.000119077 -0.000373886
internal_weight=4432 3777 2471 1306 1812 659 655 67 636 255 381 670 1043 985 957 184 144 769 304 465 103 567 64 503 480 284 259 238 394 519
internal_count=4432 3777 2471 1306 1812 659 655 67 636 255 381 670 1043 985 957 184 144 769 304 465 103 567 64 503 480 284 259 238 394 519
is_linear=0
shrinkage=0.03


Tree=72
num_leaves=31
num_cat=0
split_feature=5 5 5 6 5 5 9 7 16 5 17 5 16 7 8 1 16 9 18 17 7 6 8 18 9 8 11 16 9 8
split_gain=1.36783 0.294199 0.0814461 0.0505555 0.0394583 0.0175719 0.00952783 0.00725213 0.00678266 0.00639699 0.00638267 0.00631439 0.00583906 0.0111316 0.00886505 0.0058376 0.00522362 0.00476815 0.00473652 0.00461019 0.00431758 0.00427381 0.00520199 0.00431456 0.0079969 0.00459911 0.00987163 0.0064639 0.00406454 0.00393453
threshold=0.043610547667342806 0.18154158215010144 0.10158891142663963 0.061374109761206545 0.27079107505070998 0.072008113590263698 0.1203501094091904 0.059963812581092742 29.500000000000004 0.12457741717376607 0.32943579269849382 0.093982420554428681 26.500000000000004 0.24899844287090053 0.37367877865781685 0.049479166666666671 2.5000000000000004 0.50474106491611981 0.46029411764705885 0.33439707258956691 0.12106829783344576 0.30921658986175121 0.11960370671186522 0.44264705882352945 0.80598103574033564 0.23942336319236415 0.6830127018922193 29.500000000000004 0.57330415754923425 0.09742181278566435
decision_type=2 2 2 2 2 2 2 2 2 2 2 2 2 2 2 2 2 2 2 2 2 2 2 2 2 2 2 2 2 2
left_child=3 2 5 -1 15 10 -4 17 11 19 -2 -9 13 28 -14 20 -11 -7 -18 -8 -3 22 -17 -23 25 26 -25 -28 -6 -19
right_child=1 4 6 -5 12 7 9 8 -10 16 -12 -13 14 -15 -16 21 18 29 -20 -21 -22 23 -24 24 -26 -27 27 -29 -30 -31
leaf_value=-0.0012777939025750533 -0.00031206987519446697 0.00031701218077117736 -0.00017834076723712895 -0.00051138597531683462 0.00053474040640956412 0.00015045572081651536 0.00012822262367332587 -0.00090204013483279858 -5.5745811204367726e-05 -5.5853925256472976e-05 -0.00092308166166842553 -0.00019839845306845902 0.00079211919526426492 -9.0437466881805056e-05 0.0013066254920682014 0.00070768505561616998 0.00010544749249643383 3.3346276496944122e-07 0.00027480721181228967 -0.00015042834632099473 -0.00018375590176360139 9.8136639205739619e-05 8.3078378566611361e-05 0.00046760474894198443 0.0011577912891759892 0.00025482817822450841 0.0005095176893804668 0.0011234228867807187 0.00079489873396701601 -0.00024350995878612015
leaf_weight=647 401 84 68 88 83 115 352 24 48 56 15.999999999999998 22 348 17 33 15.999999999999998 184 180 773 63 19 23 48 337 17 62 26 38 155 89
leaf_count=647 401 84 68 88 83 115 352 24 48 56 16 22 348 17 33 16 184 180 773 63 19 23 48 337 17 62 26 38 155 89
internal_value=-4.03202e-06 0.000230962 3.31742e-05 -0.00118603 0.000593068 -0.000193197 0.000168603 -6.9039e-05 -0.000305217 0.000185125 -0.000335516 -0.000565527 0.000762318 0.0006512 0.000836686 0.000432406 0.000225766 -1.12241e-05 0.000242245 8.59211e-05 0.000224637 0.000470148 0.000239239 0.000499528 0.000518761 0.000495295 0.000532474 0.000874036 0.000704174 -8.0344e-05
internal_weight=4432 3697 2391 735 1306 895 1496 478 94 1428 417 46 636 255 381 670 1013 384 957 415 103 567 64 503 480 463 401 64 238 269
internal_count=4432 3697 2391 735 1306 895 1496 478 94 1428 417 46 636 255 381 670 1013 384 957 415 103 567 64 503 480 463 401 64 238 269
is_linear=0
shrinkage=0.03


Tree=73
num_leaves=31
num_cat=0
split_feature=20 5 20 20 5 20 5 20 16 16 11 6 5 17 1 4 8 11 16 8 5 1 9 9 4 18 7 6 8 3
split_gain=1.28705 0.292805 0.089955 0.0371621 0.0132646 0.0132451 0.0117146 0.00611017 0.00653154 0.00610443 0.0113571 0.00602763 0.00633434 0.00582199 0.0057273 0.00449585 0.00439942 0.00428722 0.00422712 0.00904751 0.00444788 0.00407704 0.00407117 0.0040435 0.00377657 0.00614958 0.00385464 0.00371912 0.00502174 0.00436829
threshold=0.20681904689606379 0.18154158215010144 0.36122051423350005 0.55882118566514938 0.12677484787018259 1.0000000180025095e-35 0.058992562542258299 0.40714532703290862 3.5000000000000004 3.5000000000000004 0.6830127018922193 0.54239631336405547 0.57505070993914809 0.34515477772984848 0.049479166666666671 0.013020833333333334 0.18691356651965157 -0.9330127018922193 26.500000000000004 0.22614163575611029 0.36815415821501019 0.0078125000000000017 0.80598103574033564 0.97957695113056176 0.028645833333333336 0.47794117647058826 0.096392604787514213 0.31105990783410148 0.11960370671186522 0.065104166666666671
decision_type=2 2 2 2 2 2 2 2 2 2 2 2 2 2 2 2 2 2 2 2 2 2 2 2 2 2 2 2 2 2
left_child=5 2 6 14 13 -1 15 -6 16 -8 21 18 17 -4 -3 -2 -9 -13 19 -5 -20 -11 27 -19 26 -26 -10 28 -16 -29
right_child=1 3 4 11 7 -7 9 8 24 10 -12 12 -14 -15 22 -17 -18 23 20 -21 -22 -23 -24 -25 25 -27 -28 29 -30 -31
leaf_value=-0.0012498377345047198 -0.00056023409096326497 0.00022141468805430975 6.3502060260755725e-05 0.00060971916529458628 -0.00031014376241577979 -0.000742321917562005 -0.00066303195803687001 8.40035313463398e-05 6.7846683781088812e-05 -0.00056963795217796355 0.00041585452173188437 0.0011005215756035261 0.0013008598314383077 -0.00026903820374630654 0.00068645582672141722 -0.00031847422711096904 -0.00043493455789404801 0.00072605435452899715 0.00061663667954296459 -0.00024344360048723541 0.0010494651613314077 -0.00014812845604695311 0.00081838897012155077 0.0011870695280014531 0.00018936852674492262 0.00036381322744500743 0.00057221948256151549 0.00058733279001800954 7.2766312615862587e-05 0.00039938090204543234
leaf_weight=623 100 109 668 44 20 50 20 65 150 22 32 34 22 51 15.999999999999998 225 19 352 120 14.999999999999998 26 337 27 18 381 348 14.999999999999998 178 48 297
leaf_count=623 100 109 668 44 20 50 20 65 150 22 32 34 22 51 16 225 19 352 120 15 26 337 27 18 381 348 15 178 48 297
internal_value=-3.91104e-06 0.000212406 1.92101e-05 0.000575276 0.000138153 -0.00121213 -0.000258269 0.000208928 0.000219544 -0.000151838 -0.000125688 0.000740791 0.000805114 3.9914e-05 0.000420549 -0.000392863 -3.33791e-05 0.000778115 0.000607122 0.000392813 0.000693722 -0.000173961 0.000458898 0.000748485 0.000243308 0.000272643 0.000113702 0.000440888 0.000226197 0.000469814
internal_weight=4432 3759 2453 1306 1717 673 736 998 978 411 391 631 426 719 675 325 84 404 205 59 146 359 566 370 894 729 165 539 64 475
internal_count=4432 3759 2453 1306 1717 673 736 998 978 411 391 631 426 719 675 325 84 404 205 59 146 359 566 370 894 729 165 539 64 475
is_linear=0
shrinkage=0.03


Tree=74
num_leaves=31
num_cat=2
split_feature=5 5 5 6 5 0 9 0 16 7 5 1 18 9 1 16 18 1 19 6 2 7 7 3 7 4 6 19 6 0
split_gain=1.21196 0.260309 0.0723388 0.0445285 0.0350644 0.015544 0.00886217 0.00587309 0.0052288 0.0102315 0.00725479 0.00515848 0.00513587 0.00544102 0.00460518 0.00458631 0.00450173 0.00444247 0.00438267 0.00432394 0.00419691 0.00406242 0.00401435 0.00422388 0.00595429 0.00399771 0.00396407 0.00396354 0.00571202 0.00442868
threshold=0.043610547667342806 0.18154158215010144 0.10158891142663963 0.061374109761206545 0.27079107505070998 0.32319281828654317 0.1203501094091904 0.44566508779923081 26.500000000000004 0.24899844287090053 0.36815415821501019 0.049479166666666671 0.46323529411764708 0.49051787016776083 0.013020833333333334 15.500000000000002 0.48088235294117648 0.023437500000000003 0 0.1762116637533768 0.013020833333333334 0.12106829783344576 0.053878726895501002 0.028645833333333336 0.057339111088546425 0.013020833333333334 0.17479739392976326 1 0.27603686635944708 0.43227513617739172
decision_type=2 2 2 2 2 2 2 2 2 2 2 2 2 2 2 2 2 2 1 2 2 2 2 2 2 2 2 1 2 2
left_child=3 2 5 -1 11 14 -4 16 9 -6 -10 21 17 -14 -2 -9 26 -7 -15 20 -16 -3 -18 -24 -25 -22 -8 28 29 -28
right_child=1 4 6 -5 8 12 7 15 10 -11 -12 -13 13 18 19 -17 22 -19 -20 -21 25 -23 23 24 -26 -27 27 -29 -30 -31
leaf_value=-0.0012025298427125568 -0.00048944261971546079 0.0003008595626060987 -0.00017561316872694764 -0.00048325479434481038 0.00066320221673101312 -0.00042943125483173344 -0.0002689267684488207 0.00012381807607371841 0.00068589227637929782 -9.86029230122615e-05 0.00095588991580827375 0.00044204428903937311 0.00017834811029814138 -0.0002126609322664647 -0.00010181795951637325 0.00029861010149347274 6.9922122503240515e-05 -2.5543194850654846e-05 2.3868308608551653e-05 0.00014721835632146239 -0.00056543801591649623 -0.00018488560146729603 6.7412850348210463e-05 0.00094669924339140594 0.00031387965355591016 -0.00027702872726990431 0.00017936866419537205 0.00013997978959136005 -0.00036093917611742512 -0.0003142438493330225
leaf_weight=647 103 84 68 88 238 57 30 197 237 17 144 567 98 116 79 430 113 43 162 22 60 19 53 14.999999999999998 124 155 74 332 39 21
leaf_count=647 103 84 68 88 238 57 30 197 237 17 144 567 98 116 79 430 113 43 162 22 60 19 53 15 124 155 74 332 39 21
internal_value=-3.79366e-06 0.000217406 3.13591e-05 -0.00111641 0.000558018 -0.00018198 0.000158992 0.000174926 0.000717566 0.000612415 0.000787941 0.000406565 -6.4681e-05 -1.38612e-05 -0.000315237 0.000243692 0.000121098 -0.000255761 -8.16188e-05 -0.000258453 -0.00028881 0.000211255 0.000211793 0.000295289 0.000382176 -0.000357517 6.53269e-05 8.68459e-05 -5.14091e-05 7.02522e-05
internal_weight=4432 3697 2391 735 1306 895 1496 1428 636 255 381 670 476 376 419 627 801 100 278 316 294 103 305 192 139 215 496 466 134 95
internal_count=4432 3697 2391 735 1306 895 1496 1428 636 255 381 670 476 376 419 627 801 100 278 316 294 103 305 192 139 215 496 466 134 95
cat_boundaries=0 1 2
cat_threshold=177 145
is_linear=0
shrinkage=0.03


Tree=75
num_leaves=31
num_cat=0
split_feature=5 5 5 0 5 5 7 0 0 17 17 9 1 1 9 9 4 8 8 13 7 11 11 9 5 3 11 16 9 13
split_gain=1.1371 0.242508 0.0581765 0.0469003 0.0380189 0.0131672 0.0093203 0.00705248 0.00695379 0.00561513 0.00553687 0.00545993 0.00523678 0.00516371 0.00513688 0.00475621 0.00450915 0.00447303 0.00978804 0.00408022 0.00407352 0.00406158 0.00386283 0.00385764 0.00376824 0.00546564 0.00509837 0.00488464 0.00412385 0.00366414
threshold=0.043610547667342806 0.16531440162271807 0.084178498985801223 0.56764902299890541 0.024256254225828267 0.12457741717376607 0.53431165869313146 0.51352851336407135 0.45421979383876848 0.32659142728865342 0.3128317766059529 0.97957695113056176 0.023437500000000003 0.013020833333333334 0.70240700218818397 0.64697301239970828 0.023437500000000003 0.21743680224164993 0.19218106975147189 -0.22252093395631442 0.08223428479567764 0.93301270189221952 0.6830127018922193 0.09700948212983225 0.072008113590263698 0.018229166666666668 -0.24999999999999994 16.500000000000004 0.58825674690007312 1.0000000180025095e-35
decision_type=2 2 2 2 2 2 2 2 2 2 2 2 2 2 2 2 2 2 2 2 2 2 2 2 2 2 2 2 2 2
left_child=4 2 13 7 -1 9 11 8 -3 10 20 21 -7 -2 -12 19 24 18 22 -11 -4 -5 -10 -14 25 26 -15 -26 -28 -27
right_child=1 3 5 6 -6 12 -8 -9 17 15 14 -13 23 16 -16 -17 -18 -19 -20 -21 -22 -23 -24 -25 27 29 28 -29 -30 -31
leaf_value=-0.0011716339549152019 -0.00040843296242214325 0.00092988025636746459 1.1150281780080223e-05 0.00070124941880980263 -0.00052423811630215877 -0.00010463527510643713 0.0014568917610454761 0.00047326931054935279 0.00026383905189225832 -0.00023392635623393013 0.00043200203004751094 0.0011734792384479585 -0.00021796356037616707 -0.0003614434852571458 -6.2578773455544128e-05 -0.00036168551765423582 -9.0025426750328861e-05 0.00012264299361936285 0.00096892432214585884 0.00010146495679702627 0.0004589634184300088 0.00035260247556943023 0.00048617665822412403 0.00022673527385911921 -0.00046597655450816947 -0.00063439459897860341 -0.00022866117283299592 7.0436815480613512e-05 0.00045377924686318475 -0.0002822000167907426
leaf_weight=621 129 15.999999999999998 483 500 94 49 14.999999999999998 419 367 53 63 21 18 45 27 53 208 109 21 85 19 32 87 711 22 63 14.999999999999998 50 17 46
leaf_count=621 129 16 483 500 94 49 15 419 367 53 63 21 18 45 27 53 208 109 21 85 19 32 87 711 22 63 15 50 17 46
internal_value=9.72206e-06 0.000219131 1.19548e-05 0.000500586 -0.00108652 0.000108167 0.000719027 0.000378825 0.000312871 2.13152e-05 6.69479e-05 0.00069901 0.000195576 -0.000240459 0.000283629 -0.000120122 -0.000193959 0.000295965 0.000335737 -2.73455e-05 2.81003e-05 0.000680279 0.000306447 0.000215755 -0.00027775 -0.000349083 -0.000155592 -9.34715e-05 0.000133888 -0.000485766
internal_weight=4458 3743 2156 1587 715 1561 568 1019 600 783 592 553 778 595 90 191 466 584 475 138 502 532 454 729 258 186 77 72 32 109
internal_count=4458 3743 2156 1587 715 1561 568 1019 600 783 592 553 778 595 90 191 466 584 475 138 502 532 454 729 258 186 77 72 32 109
is_linear=0
shrinkage=0.03


Tree=76
num_leaves=31
num_cat=1
split_feature=5 5 6 5 6 5 8 5 1 11 11 18 11 6 6 8 12 19 11 3 13 2 8 18 8 17 17 7 4 16
split_gain=1.0699 0.228176 0.0579395 0.0425979 0.0362348 0.0114953 0.00985165 0.00962639 0.00840448 0.00687883 0.00919546 0.0112664 0.0062609 0.00843804 0.00604561 0.00548959 0.00538818 0.00531117 0.00613523 0.0055761 0.00525303 0.00514525 0.00499611 0.00492879 0.0048776 0.00555059 0.00463601 0.00455475 0.00695368 0.00477383
threshold=0.043610547667342806 0.16531440162271807 0.18229779119656767 0.27687626774847879 0.061374109761206545 0.074442190669371203 0.10192442018860086 0.40466531440162273 0.028645833333333336 0.93301270189221952 0.6830127018922193 0.50441176470588245 0.93301270189221952 0.29631336405529957 0.3175115207373273 0.35159761643159942 1.0000000180025095e-35 0 0.6830127018922193 0.033854166666666671 -0.56174490092936669 0.070312500000000014 0.42989024801819237 0.45735294117647063 0.075223422284331695 0.36533061016083745 0.32049069925083423 0.039235516998999381 0.028645833333333336 3.5000000000000004
decision_type=2 2 2 2 2 2 2 2 2 2 2 2 2 2 2 2 2 1 2 2 2 2 2 2 2 2 2 2 2 2
left_child=4 2 5 9 -1 6 27 15 17 10 14 -12 13 16 21 -5 -10 18 -4 -19 26 -3 -17 -14 -22 -26 -7 29 -29 -2
right_child=1 3 8 7 -6 20 -8 -9 12 -11 11 -13 23 -15 -16 22 -18 19 -20 -21 24 -23 -24 -25 25 -27 -28 28 -30 -31
leaf_value=-0.0011334168579981293 -0.00059218563527819524 0.00028178426665202531 4.6608663224898806e-05 0.00066328366839024156 -0.00048013117696216694 2.5951479887890367e-05 -0.00090878330037428765 0.00094477337361386585 0.00021426052904661706 0.00012478177496536155 0.00050090871960066529 0.0012541307175175348 0.00041674195493001341 0.00034194202345563303 0.00039475477277717031 -6.6910406003054806e-06 5.6093317789599079e-05 0.00014706081631366696 0.00061322138272465324 -0.000222288492967266 0.00025210238650163775 -0.00011144792150528102 0.00059743570316178336 -0.00018031162306979999 -0.00011833935740012208 0.00046567856109773324 -0.00041544946490029358 -0.00064039379971770239 -1.5461296165791825e-05 -0.00018174266188503626
leaf_weight=628 28 129 95 442 87 33 23 106 399 97 120 21 14.999999999999998 237 583 22 377 51 21 132 55 39 28 73 173 15.999999999999998 61 59 22 286
leaf_count=628 28 129 95 442 87 33 23 106 399 97 120 21 15 237 583 22 377 51 21 132 55 39 28 73 173 16 61 59 22 286
internal_value=9.43043e-06 0.000212557 1.15962e-05 0.000485569 -0.00105393 -0.000200039 -0.000305232 0.000685451 0.000125879 0.000364709 0.0003908 0.000613099 0.000164184 0.000185269 0.000349063 0.000629579 0.000137419 -1.51703e-05 0.000137349 -0.000113171 -6.99466e-05 0.000190498 0.000331625 -7.85375e-05 3.46055e-06 -6.88965e-05 -0.000260491 -0.000270086 -0.000470661 -0.000218344
internal_weight=4458 3743 2156 1587 715 756 418 598 1400 989 892 141 1101 1013 751 492 776 299 116 183 338 168 50 88 244 189 94 395 81 314
internal_count=4458 3743 2156 1587 715 756 418 598 1400 989 892 141 1101 1013 751 492 776 299 116 183 338 168 50 88 244 189 94 395 81 314
cat_boundaries=0 1
cat_threshold=426
is_linear=0
shrinkage=0.03


Tree=77
num_leaves=31
num_cat=0
split_feature=5 5 6 20 6 5 20 7 1 20 20 7 11 11 10 16 9 13 5 12 20 16 16 2 7 4 6 6 18 11
split_gain=1.00667 0.214691 0.0545153 0.0415539 0.0340933 0.0108159 0.00974968 0.00858672 0.00752833 0.00650644 0.00646699 0.0059895 0.00569355 0.00592551 0.00508537 0.00778172 0.00501097 0.00494259 0.00491587 0.00636987 0.00421883 0.00384913 0.00526724 0.00507832 0.00462478 0.00382657 0.00728899 0.00499147 0.00381631 0.00374246
threshold=0.043610547667342806 0.16531440162271807 0.18229779119656767 0.56764902299890541 0.061374109761206545 0.074442190669371203 0.42230543645064583 0.53431165869313146 0.080729166666666671 0.51352851336407135 0.45421979383876848 0.10220618182554275 0.93301270189221952 0.6830127018922193 -0.5 28.500000000000004 0.97957695113056176 -0.56174490092936669 0.18154158215010144 1.0000000180025095e-35 0.37409980390052772 8.5000000000000018 17.500000000000004 0.013020833333333334 0.053262949793462168 0.039062500000000007 0.12559987287462263 0.14199904655966952 0.42500000000000004 0.93301270189221952
decision_type=2 2 2 2 2 2 2 2 2 2 2 2 2 2 2 2 2 2 2 2 2 2 2 2 2 2 2 2 2 2
left_child=4 2 5 9 -1 25 8 16 11 10 -3 12 13 -4 15 -12 29 20 -17 -20 -7 -19 24 -24 -23 27 -27 -2 -11 -5
right_child=1 3 6 7 -6 17 -8 -9 -10 28 14 -13 -14 -15 -16 18 -18 21 19 -21 -22 22 23 -25 -26 26 -28 -29 -30 -31
leaf_value=-0.0010994144346615066 -0.00027813857067591401 0.00088806163351294847 2.9790377517601531e-05 0.00065958776135853774 -0.00046572740859055325 -9.787652804348739e-05 0.00020093249959028133 0.0013848466105463872 0.00058870956239970664 3.1681420690015413e-05 0.0002895096334659279 -0.00051508795979714889 -0.00023646206629607012 0.00030300719496664211 0.00021138367251816092 0.00034498013240650226 0.0011119452357422732 0.00027653479809589812 0.000546925627000831 0.0013951512637385053 -0.00051361430752920264 -9.5683494344872463e-05 0.00049887738566281505 -3.4387795704598641e-05 -0.00077881631828508296 -0.00053733328298956622 0.00024018062246531776 -0.00056938834926298322 0.00046683753961291794 0.00032491853467414122
leaf_weight=628 307 15.999999999999998 513 500 87 59 703 14.999999999999998 22 19 154 18 61 83 378 20 21 39 17 14.999999999999998 35 22 18 150 14.999999999999998 17 30 64 400 32
leaf_count=628 307 16 513 500 87 59 703 15 22 19 154 18 61 83 378 20 21 39 17 15 35 22 18 150 15 17 30 64 400 32
internal_value=9.14753e-06 0.00020618 1.12483e-05 0.000471002 -0.00102231 -0.000194038 0.000122103 0.000676616 4.2594e-05 0.00035639 0.000293041 2.47938e-05 3.95859e-05 6.78395e-05 0.000276737 0.000396657 0.000657402 -6.78482e-05 0.000713965 0.000944563 -0.000252676 3.35681e-06 -4.86147e-05 2.27504e-05 -0.000372643 -0.000296075 -4.10533e-05 -0.000328383 0.000447105 0.000639458
internal_weight=4458 3743 2156 1587 715 756 1400 568 697 1019 600 675 657 596 584 206 553 338 52 32 94 244 205 168 37 418 47 371 419 532
internal_count=4458 3743 2156 1587 715 756 1400 568 697 1019 600 675 657 596 584 206 553 338 52 32 94 244 205 168 37 418 47 371 419 532
is_linear=0
shrinkage=0.03


Tree=78
num_leaves=31
num_cat=1
split_feature=0 0 0 0 1 0 1 13 19 17 17 11 10 16 16 6 17 11 0 0 4 16 13 8 6 0 2 8 11 16
split_gain=0.943846 0.208584 0.0630871 0.0315818 0.0203423 0.0124834 0.00655376 0.00653468 0.00646927 0.00872029 0.00627332 0.00607363 0.00587755 0.00587571 0.00537367 0.00887486 0.00602481 0.00501213 0.00436303 0.00413257 0.00413115 0.00613097 0.00407784 0.00405985 0.00524088 0.00373311 0.00371186 0.00368123 0.00364189 0.00401279
threshold=0.23559660932262541 0.43337287022347554 0.52800106982563555 0.32319281828654317 1.0000000180025095e-35 0.62460857321909224 0.049479166666666671 1.0000000180025095e-35 0 0.25861628797549152 0.34572589566845385 0.93301270189221952 -0.24999999999999994 29.500000000000004 28.500000000000004 0.32119815668202772 0.29457067483618421 -0.5 0.40828280007853196 0.34766968031203666 0.023437500000000003 14.500000000000002 1.0000000180025095e-35 0.18916446128283268 0.41336405529953929 0.66731703608882975 0.0078125000000000017 0.15723101739870424 0.25000000000000017 16.500000000000004
decision_type=2 2 2 2 2 2 2 2 1 2 2 2 2 2 2 2 2 2 2 2 2 2 2 2 2 2 2 2 2 2
left_child=4 3 12 20 -1 11 7 8 10 -10 -5 -4 14 -8 16 -16 -3 18 -11 -19 21 -2 -7 -9 -25 -24 -23 -15 29 -18
right_child=1 2 5 6 -6 22 13 23 9 17 -12 -13 -14 27 15 -17 28 19 -20 -21 -22 26 25 24 -26 -27 -28 -29 -30 -31
leaf_value=-0.0010749827462917792 -0.00057078211088120736 0.00046609446678519742 0.00056104033853402835 6.586672719957662e-05 -0.00054501020548581788 0.00068982712088036611 -5.5117209097825543e-08 4.1410930934216391e-05 -0.00067827654941940766 -0.00053179590114211736 -0.00050249962482233938 0.00024565740202569977 0.00020290740105030137 0.00020142675074973082 0.00032502924977073177 0.00076974407649055146 -0.00015034044508703513 -0.0004110829805676149 1.4084892198549283e-05 2.7310076365028204e-05 -0.00016108411010264529 0.00011177132393846302 0.0008735554463074563 0.00071571041539976129 -3.4415653377372051e-05 0.0013748844914251309 -0.00030115475622345054 0.00059013006689906584 0.00029208944683783734 0.00021557431910225656
leaf_weight=609 77 90 654 218 73 81 143 350 31 43 19 60 770 140 133 58 49 23 19 122 188 22 52 19 14.999999999999998 18 179 26 117 60
leaf_count=609 77 90 654 218 73 81 143 350 31 43 19 60 770 140 133 58 49 23 19 122 188 22 52 19 15 18 179 26 117 60
internal_value=8.87314e-06 0.000194388 0.000389131 -6.08994e-05 -0.00101826 0.00058695 2.24084e-05 -2.0213e-05 -9.461e-05 -0.000200607 1.94777e-05 0.000534538 0.000255133 0.000140893 0.00033445 0.000460077 0.000258517 -0.000138761 -0.000364512 -4.22305e-05 -0.000269705 -0.00034316 0.000834774 7.18144e-05 0.000384781 0.00100249 -0.000255959 0.000262311 0.000175851 5.10807e-05
internal_weight=4458 3776 2142 1634 682 865 1168 859 475 238 237 714 1277 309 507 191 316 207 62 145 466 278 151 384 34 70 201 166 226 109
internal_count=4458 3776 2142 1634 682 865 1168 859 475 238 237 714 1277 309 507 191 316 207 62 145 466 278 151 384 34 70 201 166 226 109
cat_boundaries=0 1
cat_threshold=810
is_linear=0
shrinkage=0.03


Tree=79
num_leaves=31
num_cat=2
split_feature=5 5 6 20 6 5 8 20 7 1 8 11 11 16 8 7 7 9 6 10 12 2 8 13 19 8 20 9 19 8
split_gain=0.891999 0.190647 0.0485239 0.0370324 0.0300063 0.00956624 0.00916033 0.0085195 0.00784408 0.0069711 0.00697193 0.0061482 0.00878057 0.00592239 0.00733131 0.00937815 0.00550686 0.00816531 0.00535971 0.00493166 0.00476956 0.00473538 0.00466877 0.00455217 0.00483958 0.00665061 0.00565298 0.00455016 0.00432718 0.00593456
threshold=0.043610547667342806 0.16531440162271807 0.18229779119656767 0.56764902299890541 0.061374109761206545 0.074442190669371203 0.10192442018860086 0.42230543645064583 0.53431165869313146 0.080729166666666671 0.12658369500764458 0.93301270189221952 0.6830127018922193 5.5000000000000009 0.16016043406048669 0.081764945460434418 0.090266055694361871 0.50474106491611981 0.31658986175115217 0.25000000000000011 1.0000000180025095e-35 0.070312500000000014 0.13717356468570385 -0.56174490092936669 0 0.076479323991404488 0.39901254266984126 0.97957695113056176 1 0.088889909737814618
decision_type=2 2 2 2 2 2 2 2 2 2 2 2 2 2 2 2 2 2 2 2 2 2 2 2 1 2 2 2 1 2
left_child=4 2 5 11 -1 6 -2 9 27 10 28 12 18 -12 -15 -16 19 -18 21 20 -14 -3 -22 -7 25 -25 -26 -5 29 -4
right_child=1 3 7 8 -6 23 -8 -9 -10 -11 13 -13 16 14 15 -17 17 -19 -20 -21 22 -23 -24 24 26 -27 -28 -29 -30 -31
leaf_value=-0.0010346636805580046 -0.00024536305542073079 0.00025177240001169303 0.00043290490553592653 0.00060227323315333048 -0.00044017099856485042 -0.0002419934512774264 -0.00086124232776520161 0.00018866042928941887 0.001314647956130757 0.00056616381662605037 -0.00036003473328247897 0.00011079459366671691 0.00037504793765739947 -0.00015665281462877797 0.00033414840326203047 -0.00048942529649718524 0.00040945406962617127 0.001258483560356499 0.0003596719583364364 0.0002412837505584012 0.0012842604620896864 -0.00013768553049578065 0.00053571187867784557 0.00019508645555222625 0.00027529548138315111 -0.00025825140737034181 -0.00025551735555803031 0.0010525109554581924 0.00023739470368402857 -2.2609365799256167e-05
leaf_weight=628 395 128 29 532 87 94 23 703 14.999999999999998 22 58 99 30 138 73 14.999999999999998 19 22 604 51 15.000000000000002 36 14.999999999999998 42 84 95 23 21 133 229
leaf_count=628 395 128 29 532 87 94 23 703 15 22 58 99 30 138 73 15 19 22 604 51 15 36 15 42 84 95 23 21 133 229
internal_value=8.60696e-06 0.000194078 1.03859e-05 0.000443631 -0.000962328 -0.000183291 -0.000279253 0.000114971 0.000637736 4.06479e-05 2.35192e-05 0.000335435 0.000359608 -8.961e-05 -2.02076e-05 0.000193763 0.000567936 0.00086505 0.000318375 0.000458184 0.000642543 0.000166281 0.000910017 -6.46152e-05 3.71976e-06 -0.000111158 0.000147417 0.000619373 0.00010569 2.75264e-05
internal_weight=4458 3743 2156 1587 715 756 418 1400 568 697 675 1019 920 284 226 88 152 41 768 111 60 164 30 338 244 137 107 553 391 258
internal_count=4458 3743 2156 1587 715 756 418 1400 568 697 675 1019 920 284 226 88 152 41 768 111 60 164 30 338 244 137 107 553 391 258
cat_boundaries=0 1 2
cat_threshold=389 312
is_linear=0
shrinkage=0.03


Tree=80
num_leaves=31
num_cat=0
split_feature=0 5 0 5 5 16 7 1 18 11 6 18 8 9 7 7 11 17 18 9 9 17 0 7 7 9 0 12 18 7
split_gain=0.835904 0.160923 0.050717 0.0341426 0.0321151 0.00872668 0.0118903 0.00864431 0.00787205 0.00651096 0.00976395 0.00608821 0.0078457 0.00603947 0.00591062 0.00578012 0.00553865 0.00543249 0.00509183 0.00467043 0.00505358 0.00412479 0.00395676 0.00563902 0.00395508 0.00382942 0.0037094 0.00397591 0.00364314 0.0035832
threshold=0.26145367489924248 0.16125760649087226 0.08076589754599578 0.082995267072346182 0.22616632860040572 25.500000000000004 0.19614921917087011 0.033854166666666671 0.49558823529411766 0.93301270189221952 0.29631336405529957 0.47794117647058826 0.20833669660143139 0.53610503282275734 0.094404316164656679 0.059770957393518474 -0.68301270189221952 0.28979778683545648 0.44264705882352945 0.89606126914660855 0.78264040846097749 0.22878903923070382 0.39594411674465352 0.067795911274033463 0.12106829783344576 0.5977388767323123 0.35036909512148623 1.0000000180025095e-35 0.49264705882352944 0.38780974986680611
decision_type=2 2 2 2 2 2 2 2 2 2 2 2 2 2 2 2 2 2 2 2 2 2 2 2 2 2 2 2 2 2
left_child=2 3 -1 15 11 6 13 14 16 10 26 12 17 -6 22 19 18 -3 -7 20 -2 -11 23 -5 -18 28 -9 -28 -12 -10
right_child=1 4 -4 7 5 8 -8 9 29 21 25 -13 -14 -15 -16 -17 24 -19 -20 -21 -22 -23 -24 -25 -26 -27 27 -29 -30 -31
leaf_value=-0.0010074112298919316 -0.00019099748812709534 0.00052862541551997782 -0.00041572018736488002 -1.4384832692687843e-05 0.00028925091092397911 2.994792011729901e-06 -0.00030732190852168106 0.00043110069005200107 0.00073077219039553514 1.5821754529070211e-06 0.00040062077255520446 0.00034148988712783912 -9.028407066942324e-05 0.0005519433079702288 -0.00041679791193596002 -0.0006574180892743801 0.00055473656501459209 0.00018376378673743256 0.00047192913103375535 -0.00057973016356034743 0.00024827724485521204 -0.00049613174510495595 9.3469357007717682e-05 -0.00038712922172027631 0.00087862758598835115 0.00022372557151453573 0.00015518379739000939 1.7119674130776083e-05 0.00092085015073291462 0.0011581209055274483
leaf_weight=636 412 51 164 194 119 26 19 29 151 47 63 430 79 233 33 25 138 212 105 26 25 22 212 45 45 106 371 380 14.999999999999998 20
leaf_count=636 412 51 164 194 119 26 19 29 151 47 63 430 79 233 33 25 138 212 105 26 25 22 212 45 45 106 371 380 15 20
internal_value=-8.22966e-06 0.000185084 -0.000886115 5.16897e-06 0.000406663 0.000533201 0.000423678 7.53839e-05 0.000616978 0.000124403 0.000144553 0.000266356 0.000171888 0.000463136 -2.92376e-05 -0.000213101 0.000527782 0.00025064 0.000378859 -0.000189109 -0.000165867 -0.000157114 -8.78661e-07 -8.45682e-05 0.000634386 0.00034113 9.81809e-05 8.53246e-05 0.000500675 0.000780761
internal_weight=4433 3633 800 2005 1628 856 371 1517 485 1033 964 772 342 352 484 488 314 263 131 463 437 69 451 239 183 184 780 751 78 171
internal_count=4433 3633 800 2005 1628 856 371 1517 485 1033 964 772 342 352 484 488 314 263 131 463 437 69 451 239 183 184 780 751 78 171
is_linear=0
shrinkage=0.03


Tree=81
num_leaves=31
num_cat=2
split_feature=0 5 5 5 5 16 10 10 0 18 8 6 17 13 17 18 9 11 9 11 18 0 16 19 11 19 9 16 5 3
split_gain=0.78671 0.167886 0.043689 0.0302171 0.018307 0.0082149 0.0113245 0.00795002 0.00791245 0.0057284 0.00738203 0.00534898 0.00523109 0.0051455 0.00511144 0.00454338 0.00452473 0.00446264 0.00661656 0.00444895 0.00437464 0.00476792 0.00429917 0.006695 0.00808285 0.0066338 0.00463566 0.00462343 0.00417302 0.00398243
threshold=0.23559660932262541 0.16125760649087226 0.082995267072346182 0.22616632860040572 0.015973630831643004 26.500000000000004 -0.5 0.68301270189221941 0.41542199475783687 0.47794117647058826 0.20833669660143139 0.21787360105332459 0.44987660624627707 -0.56174490092936669 0.28979778683545648 0.48676470588235299 0.48322392414296145 0.93301270189221952 0.27425237053245816 0.6830127018922193 0.49264705882352944 0.60600593573569095 19.500000000000004 0 1.0000000180025095e-35 1 0.70240700218818397 13.500000000000002 0.12018255578093308 0.059895833333333336
decision_type=2 2 2 2 2 2 2 2 2 2 2 2 2 2 2 2 2 2 2 2 2 2 2 1 2 1 2 2 2 2
left_child=4 2 -2 9 -1 7 13 12 15 10 14 -10 -5 -7 -3 22 -17 19 -19 -13 21 -8 25 24 -24 27 28 -4 -25 -18
right_child=1 3 8 5 -6 6 20 -9 11 -11 -12 17 -14 -15 -16 16 29 18 -20 -21 -22 -23 23 26 -26 -27 -28 -29 -30 -31
leaf_value=-0.00098169264124136832 -0.00023243655526618479 0.00051276697255681254 0.00014599819212741827 0.00031784622666560647 -0.00049969096877941325 0.0014109012288631786 0.00038714489957504165 0.00052072499569314964 -8.117038730303518e-05 0.00033124521403475376 -8.7575579073162062e-05 0.00016439949647786972 -0.00017506849796679956 0.0008046040924534107 0.00017825089950362821 -5.3297675210536634e-05 0.00017273408235636542 0.0001388739035226779 -0.00060450044010037303 0.00041695145025907421 0.00068265734114504129 0.00065509213815170028 4.7449486251916152e-05 2.7582410409469495e-05 0.00055146244779640354 -0.00026246505285183416 -0.00048856316819909313 -0.00030047412190770101 -0.00041375833393103481 0.00064809775870001442
leaf_weight=625 582 51 92 123 80 18 182 241 85 430 79 542 23 42 212 71 96 33 15.999999999999998 71 138 89 90 156 42 134 22 27 22 19
leaf_count=625 582 51 92 123 80 18 182 241 85 430 79 542 23 42 212 71 96 33 16 71 138 89 90 156 42 134 22 27 22 19
internal_value=-7.98276e-06 0.000165812 -1.14471e-05 0.000394463 -0.000926998 0.000517205 0.000601627 0.000414893 7.32802e-05 0.000258365 0.000166732 0.000142864 0.000240195 0.000986514 0.000243121 5.8625e-06 0.000135015 0.00017163 -0.000103868 0.000193652 0.000545163 0.000475144 -3.52016e-05 3.57932e-05 0.000193185 -0.000128365 -7.40429e-05 4.12313e-05 -2.69673e-05 0.000251277
internal_weight=4433 3728 2100 1628 705 856 469 387 1518 772 342 747 146 60 263 771 186 662 49 613 409 271 585 332 132 253 200 119 178 115
internal_count=4433 3728 2100 1628 705 856 469 387 1518 772 342 747 146 60 263 771 186 662 49 613 409 271 585 332 132 253 200 119 178 115
cat_boundaries=0 1 2
cat_threshold=105 784
is_linear=0
shrinkage=0.03


Tree=82
num_leaves=31
num_cat=1
split_feature=0 5 0 5 5 1 16 10 13 10 1 17 16 17 6 1 8 19 6 6 1 16 9 9 9 17 2 4 9 9
split_gain=0.740848 0.142349 0.0446128 0.0300441 0.0284313 0.00800836 0.00779185 0.00695427 0.00706211 0.00686945 0.00658656 0.00627968 0.00617314 0.00577889 0.00452165 0.00431229 0.00415656 0.00410895 0.005294 0.00459136 0.00406796 0.00391173 0.00570317 0.0039039 0.00381106 0.00364579 0.0058825 0.0034241 0.00332412 0.00432992
threshold=0.26145367489924248 0.16125760649087226 0.08076589754599578 0.082995267072346182 0.22616632860040572 0.049479166666666671 25.500000000000004 -0.5 -0.56174490092936669 0.68301270189221941 0.11197916666666667 0.44987660624627707 3.5000000000000004 0.28323121436473503 0.63824884792626746 0.085937500000000014 0.10707025556729419 0 0.27603686635944708 0.12841252184967428 0.091145833333333343 8.5000000000000018 0.30415754923413574 0.89606126914660855 0.78264040846097749 0.27207075553364507 0.044270833333333336 0.075520833333333343 0.61159737417943127 0.26659372720641877
decision_type=2 2 2 2 2 2 2 2 2 2 2 2 2 2 2 2 2 1 2 2 2 2 2 2 2 2 2 2 2 2
left_child=2 3 -1 23 14 12 9 8 -8 11 -10 -6 13 -5 16 -9 -3 18 19 -14 -18 22 -19 24 -2 26 -7 -12 29 -22
right_child=1 4 -4 5 6 25 7 15 10 -11 27 -13 17 -15 -16 -17 20 21 -20 -21 28 -23 -24 -25 -26 -27 -28 -29 -30 -31
leaf_value=-0.00094798830336403482 -0.00019924835297480641 0.00054201862084510971 -0.00039304574633534472 -0.00053537840790741161 0.00030254118422198535 0.00063090334374458687 0.0013685765485858977 0.00034189070871337441 0.00017219528173003989 0.00049583395873121236 0.00064874019963909548 -0.00033047272256901987 0.0004872032861058794 -3.4901514475856445e-05 -0.00019457773392782835 0.00058265530365260009 0.0002060544279637168 -0.00012563734742220028 0.00029117544537435948 1.7360261263905543e-05 0.00017470686177411832 -6.1299903409390885e-05 0.00043624619288710873 -0.00053126845663532417 0.00017472663119536748 0.00012467302448480056 0.00015154501186490167 0.0012313401625472992 0.00019811220726335033 0.00060975756108684099
leaf_weight=636 432 45 164 33 119 36 18 84 15.999999999999998 236 21 15.999999999999998 20 56 20 330 549 29 108 292 29 371 37 30 26 471 64 15.999999999999998 58 71
leaf_count=636 432 45 164 33 119 36 18 84 16 236 21 16 20 56 20 330 549 29 108 292 29 371 37 30 26 471 64 16 58 71
internal_value=-7.761e-06 0.00017423 -0.000834226 5.01564e-06 0.000382629 7.08815e-05 0.000501689 0.000580852 0.00085517 0.000398199 0.000680783 0.000227515 1.73299e-05 -0.000220476 0.000250614 0.000533805 0.000262455 4.20263e-05 0.000107583 4.74799e-05 0.00024466 -2.2918e-05 0.00018936 -0.000199735 -0.000178018 0.000159603 0.000324119 0.000900702 0.0003788 0.000483596
internal_weight=4433 3633 800 2005 1628 1517 856 485 71 371 53 135 946 89 772 414 752 857 420 312 707 437 66 488 458 571 100 37 158 100
internal_count=4433 3633 800 2005 1628 1517 856 485 71 371 53 135 946 89 772 414 752 857 420 312 707 437 66 488 458 571 100 37 158 100
cat_boundaries=0 1
cat_threshold=810
is_linear=0
shrinkage=0.03


Tree=83
num_leaves=31
num_cat=1
split_feature=0 0 0 0 0 1 16 10 8 13 16 17 1 3 16 10 3 17 0 16 17 4 0 18 1 16 19 4 10 17
split_gain=0.697064 0.133122 0.0419762 0.0271053 0.0267812 0.00973354 0.00634177 0.00638166 0.00616597 0.00578636 0.00568671 0.00576967 0.00548763 0.0052553 0.00502976 0.00454192 0.00445674 0.00404856 0.00366429 0.00423181 0.00544641 0.00357658 0.00350448 0.00460431 0.00350059 0.00347569 0.00585838 0.00494424 0.00344182 0.0033213
threshold=0.26145367489924248 0.46628748604459441 0.08076589754599578 0.33458207408886598 0.53121608501887896 0.049479166666666671 25.500000000000004 -0.5 0.20477481889322038 -0.56174490092936669 3.5000000000000004 0.28323121436473503 0.11197916666666667 0.054687500000000007 23.500000000000004 0.93301270189221952 0.16406250000000003 0.33394810126210833 0.42141001303737941 8.5000000000000018 0.29582662077181993 0.018229166666666668 0.60947546798558971 0.43970588235294122 0.091145833333333343 19.500000000000004 0 0.023437500000000003 0.93301270189221952 0.36418177176410527
decision_type=2 2 2 2 2 2 2 2 2 2 2 2 2 2 2 2 2 2 2 2 2 2 2 2 2 2 1 2 2 2
left_child=2 3 -1 17 16 10 8 9 -6 -8 11 13 -11 -5 -10 -7 24 28 19 20 -12 -20 23 -9 29 27 -27 -21 -2 -3
right_child=1 4 -4 5 6 15 7 22 14 12 18 -13 -14 -15 -16 -17 -18 -19 21 25 -22 -23 -24 -25 -26 26 -28 -29 -30 -31
leaf_value=-0.00091954876974363674 -0.0002582099307472434 0.00024860050193111903 -0.00038125444380847915 -0.00094837984333418141 0.00049924848265683907 0.00018975478159067807 0.0013551228498369127 8.3251735898467576e-05 0.00030810911819367662 0.0002026884853775307 -3.598395383664601e-05 -3.4843697590305655e-05 0.00088567260966524049 -0.00019721251616711162 -0.00024214147905471863 -8.8047522936144561e-05 -0.00023246012508396853 0.00021022401324867108 -0.0002015975069937112 -0.00045249436474576615 0.00041089255181621229 0.00014887113363963743 0.00063927085547195569 0.0004967301994766866 0.00038273802672122862 9.5032962282201196e-05 -0.00013777930878444927 -5.8324146607615621e-05 1.7370082033401971e-05 1.2033443916714985e-05
leaf_weight=636 360 564 164 14.999999999999998 206 518 14.999999999999998 27 124 14.999999999999998 54 57 36 19 17 59 17 20 29 41 45 272 142 237 162 227 155 95 46 59
leaf_count=636 360 564 164 15 206 518 15 27 124 15 54 57 36 19 17 59 17 20 29 41 45 272 142 237 162 227 155 95 46 59
internal_value=-7.52814e-06 0.000169003 -0.000809199 6.00186e-06 0.000371321 6.30692e-05 0.000491989 0.000563567 0.000394624 0.000837167 6.86776e-06 -0.000219338 0.000684803 -0.000528628 0.000241766 0.000161349 0.000248095 -0.00020646 2.92915e-05 -1.25721e-05 0.000167144 0.000115104 0.000519089 0.000454443 0.000258503 -4.69196e-05 -5.51875e-07 -0.000177157 -0.000226987 0.000226197
internal_weight=4433 3633 800 2012 1621 1586 819 472 347 66 1009 91 51 34 141 577 802 426 918 617 99 301 406 264 785 518 382 136 406 623
internal_count=4433 3633 800 2012 1621 1586 819 472 347 66 1009 91 51 34 141 577 802 426 918 617 99 301 406 264 785 518 382 136 406 623
cat_boundaries=0 1
cat_threshold=361
is_linear=0
shrinkage=0.03


Tree=84
num_leaves=31
num_cat=1
split_feature=6 0 0 0 1 1 0 18 16 17 16 7 11 17 9 19 6 16 11 18 6 6 0 7 0 16 7 17 4 17
split_gain=0.656057 0.133314 0.0312266 0.0251985 0.0251008 0.00915984 0.00621369 0.00589767 0.00535002 0.00542871 0.00480021 0.0150184 0.00422048 0.00689369 0.00433632 0.00350816 0.00427353 0.0048836 0.00491753 0.00353138 0.00395522 0.00632988 0.00388939 0.00346935 0.00344889 0.00398266 0.00536798 0.00512453 0.00336521 0.00333424
threshold=0.088076669873904903 0.46628748604459441 0.33458207408886598 0.53121608501887896 1.0000000180025095e-35 0.049479166666666671 0.67858564256313125 0.43382352941176472 3.5000000000000004 0.28323121436473503 26.500000000000004 0.18502856309113072 0.93301270189221952 0.2803591183729045 0.63493800145878942 0 0.14199904655966952 25.500000000000004 0.25000000000000017 0.46323529411764708 0.1762116637533768 0.14012394724296842 0.30960096628317918 0.02965926301154265 0.42141001303737941 8.5000000000000018 0.047824124604727077 0.29582662077181993 0.018229166666666668 0.34018381414347726
decision_type=2 2 2 2 2 2 2 2 2 2 2 2 2 2 2 1 2 2 2 2 2 2 2 2 2 2 2 2 2 2
left_child=4 2 15 -3 -1 8 7 -5 9 -4 11 -9 13 14 -7 19 17 -17 -19 -2 21 22 -21 -24 25 27 -27 -10 -26 -6
right_child=1 3 5 6 29 12 -8 10 24 -11 -12 -13 -14 -15 -16 16 -18 18 -20 20 -22 -23 23 -25 28 26 -28 -29 -30 -31
leaf_value=-0.00089753324981654012 -0.00053764490892469949 0.00024065261063937107 -0.00051277017598426477 0.00018558744539583666 -0.00048675157196449389 0.00058814089045649567 0.00091643053789498916 0.00044746941814631915 -3.4904453319266771e-05 -3.3798404173604528e-05 0.0005537704794007297 -0.00046910692158529669 -0.00014484032571714504 0.00013054169940516702 0.00015944394694416604 0.00046678224573532971 -0.00025232959534337977 -0.00026314422276317768 0.00033879277885313886 -0.00029306702175254876 0.00012371322027887049 -0.00079871067316246609 -0.00038354684728015046 0.00013913604221451673 -0.00019554978678180412 5.6802378450835255e-05 -0.0001366708008343602 0.00039856605345246239 0.00014440501691465748 -2.1852747568115657e-05
leaf_weight=622 40 802 34 64 105 54 28 300 54 57 410 17 39 449 35 21 66 38 18 200 25 19 15.999999999999998 40 29 244 274 45 272 15.999999999999998
leaf_count=622 40 802 34 64 105 54 28 300 54 57 410 17 39 449 35 21 66 38 18 200 25 19 16 40 29 244 274 45 272 16
internal_value=-7.30517e-06 0.000156461 -3.14791e-06 0.000360182 -0.000820626 6.1169e-05 0.000477229 0.000461681 6.64898e-06 -0.000212759 0.000485986 0.000398314 0.000156508 0.000178353 0.000419556 -0.000214342 -7.02757e-05 7.66452e-05 -6.96619e-05 -0.00026507 -0.000237561 -0.000270405 -0.000231191 -1.02061e-05 2.83987e-05 -1.22157e-05 -4.55368e-05 0.00016213 0.000111651 -0.000425278
internal_weight=4433 3690 2069 1621 743 1586 819 791 1009 91 727 317 577 538 89 483 143 77 56 340 300 275 256 56 918 617 518 99 301 121
internal_count=4433 3690 2069 1621 743 1586 819 791 1009 91 727 317 577 538 89 483 143 77 56 340 300 275 256 56 918 617 518 99 301 121
cat_boundaries=0 1
cat_threshold=565
is_linear=0
shrinkage=0.03


Tree=85
num_leaves=31
num_cat=1
split_feature=20 20 5 1 10 9 1 16 8 11 6 5 9 13 7 19 7 9 11 18 11 16 18 7 9 6 13 17 8 2
split_gain=0.620892 0.128081 0.043364 0.0136125 0.0108522 0.00846899 0.00828322 0.00732989 0.00897721 0.0068211 0.00820075 0.0057241 0.00567971 0.00559596 0.00506165 0.004668 0.00556892 0.00534211 0.00443466 0.00435756 0.00417576 0.0054774 0.00621333 0.00471583 0.00393305 0.00375477 0.00347737 0.00647216 0.003351 0.00323119
threshold=0.226510671605367 0.49067235489645161 0.10158891142663963 0.11718750000000001 1.0000000180025095e-35 0.1203501094091904 0.023437500000000003 3.5000000000000004 0.21743680224164993 0.6830127018922193 0.29631336405529957 0.40060851926977692 0.4584245076586434 0.81174490092936691 0.075870623877683993 0 0.10811401452739054 0.18745441283734501 -0.24999999999999994 0.45441176470588235 -0.5 25.500000000000004 0.48382352941176471 0.096876202392636931 0.53610503282275734 0.12841252184967428 -0.22252093395631442 0.34409837460641657 0.18460672248384172 0.028645833333333336
decision_type=2 2 2 2 2 2 2 2 2 2 2 2 2 2 2 1 2 2 2 2 2 2 2 2 2 2 2 2 2 2
left_child=4 2 6 15 -1 29 -2 8 -7 10 19 -5 -11 18 -14 17 -17 -3 25 -9 23 24 -23 28 -22 -8 -25 -28 -19 -4
right_child=1 3 5 11 -6 7 13 9 -10 12 -12 -13 14 -15 -16 16 -18 20 -20 -21 21 22 -24 26 -26 -27 27 -29 -30 -31
leaf_value=-0.00087974259081119032 -0.0002160063099472909 -4.029141921477544e-05 -0.000457819189285436 0.0004881201978266473 -0.00054129691740950169 2.0947620552529885e-05 -0.00031634682210031806 -0.00018611068175807428 -0.00074657949423255054 0.00020814462156913495 0.00024428946760979964 0.00075608085449925901 0.00036375430687272725 0.00028814882040153751 0.0008945582606409145 0.00026005486938023438 -0.00015314767859429771 0.00027953698052725541 4.5810591937291409e-05 9.3566453803719813e-05 0.00026930328096348802 0.00048024158476620455 0.00092504516407922914 0.00039646384170341682 0.00050053744251964496 -7.0427909274565711e-05 -0.00050086245690874091 0.00031803806256971989 0.00063357015670474908 -4.2796905858553982e-05
leaf_weight=579 471 25 25 326 100 96 83 54 15.999999999999998 195 381 92 61 43 22 182 35 77 174 701 136 91 41 17 129 171 19 15.999999999999998 35 52
leaf_count=579 471 25 25 326 100 96 83 54 16 195 381 92 61 43 22 182 35 77 174 701 136 91 41 17 129 171 19 16 35 52
internal_value=5.12392e-06 0.000155677 3.44948e-05 0.000408262 -0.000829899 0.000129424 -0.000127046 0.000144914 -8.87048e-05 0.000163418 0.000130823 0.000547099 0.000296614 -3.80861e-05 0.000504458 0.000335991 0.000184889 0.000382266 -7.08626e-05 7.35628e-05 0.00040791 0.000460517 0.000618406 0.000280563 0.000381868 -0.000150788 4.44669e-05 -0.00012651 0.000390177 -0.000177549
internal_weight=4445 3766 2545 1221 679 1603 942 1526 112 1414 1136 418 278 471 83 803 217 586 428 755 561 397 132 164 265 254 52 35 112 77
internal_count=4445 3766 2545 1221 679 1603 942 1526 112 1414 1136 418 278 471 83 803 217 586 428 755 561 397 132 164 265 254 52 35 112 77
cat_boundaries=0 1
cat_threshold=174
is_linear=0
shrinkage=0.03


Tree=86
num_leaves=31
num_cat=2
split_feature=0 0 6 1 10 11 11 0 6 17 8 18 7 4 19 0 19 0 9 9 6 8 8 4 18 18 6 6 8 17
split_gain=0.584197 0.120511 0.0396879 0.012808 0.0102108 0.00910673 0.011261 0.00966426 0.0092009 0.00875246 0.0085375 0.00785567 0.00585504 0.00508981 0.00495702 0.00494039 0.00490547 0.0084106 0.00790669 0.00580709 0.00697468 0.00478125 0.00447684 0.00397947 0.00503404 0.00365971 0.00358471 0.0035547 0.0035199 0.00460702
threshold=0.226510671605367 0.49067235489645161 0.18229779119656767 0.11718750000000001 1.0000000180025095e-35 0.93301270189221952 0.6830127018922193 0.36817239475186264 0.29631336405529957 0.3161858565228492 0.10460156880180856 0.45441176470588235 0.10298321911602835 0.096354166666666671 0 0.64473107689836062 1 0.39789993807232954 0.57330415754923425 0.64697301239970828 0.14668679485142225 0.089560300767560053 0.063344880755790409 0.039062500000000007 0.47205882352941181 0.45735294117647063 0.12660325531769998 0.34147465437788027 0.34438673485346721 0.39588120159986395
decision_type=2 2 2 2 2 2 2 2 2 2 2 2 2 2 1 2 1 2 2 2 2 2 2 2 2 2 2 2 2 2
left_child=4 2 9 13 -1 6 8 -7 11 10 23 -4 27 28 -13 -5 17 18 -11 20 -18 22 -21 -2 -25 -9 -26 -8 29 -3
right_child=1 3 5 15 -6 7 12 25 -10 16 -12 14 -14 -15 -16 -17 19 -19 -20 21 -22 -23 -24 24 26 -27 -28 -29 -30 -31
leaf_value=-0.00085335037021519249 -0.00022965040349106955 0.00027174077267218413 -0.00022274806006306229 0.00048887199597562445 -0.00052505816055461042 -0.00083447788119923037 0.00024810568570559781 0.00022219442499531742 0.00021855067159194408 6.1842644303875845e-05 -0.00073424968418731181 0.00026445080102585622 0.00087695079426366182 0.00043923067584067328 4.7341256862479108e-05 0.0007851008176553557 -8.8991462782289773e-05 -0.00023030925364672951 0.0006366315051381465 -0.00054939890401728691 0.00053814689508505586 -0.00073080651604252107 -4.3046056022432218e-05 -0.00032410093759982847 -0.00010867035337547163 -0.00012949863493644256 0.00049275813980022439 0.00068754925591032264 6.4411864727278257e-05 0.00057552731135636457
leaf_weight=579 378 443 87 359 100 14.999999999999998 208 37 413 56 28 101 15.999999999999998 247 763 59 79 42 35 22 20 18 55 22 14.999999999999998 95 22 18 63 50
leaf_count=579 378 443 87 359 100 15 208 37 413 56 28 101 16 247 763 59 79 42 35 22 20 18 55 22 15 95 22 18 63 50
internal_value=4.97022e-06 0.000151006 3.346e-05 0.000396014 -0.000805002 0.00011309 0.000133777 -0.000112918 0.000100316 -0.000142792 -0.000226424 4.89693e-05 0.000322374 0.000325911 7.63299e-05 0.000530686 -2.38663e-05 0.000112396 0.00028292 -0.000117044 3.77073e-05 -0.00029063 -0.000187724 -0.000193884 3.52615e-05 -3.09171e-05 0.000248939 0.000283109 0.000275569 0.000302552
internal_weight=4445 3766 2545 1221 679 1753 1606 147 1364 792 465 951 242 803 864 418 327 133 91 194 99 95 77 437 59 132 37 226 556 493
internal_count=4445 3766 2545 1221 679 1753 1606 147 1364 792 465 951 242 803 864 418 327 133 91 194 99 95 77 437 59 132 37 226 556 493
cat_boundaries=0 1 2
cat_threshold=3 360
is_linear=0
shrinkage=0.03


Tree=87
num_leaves=31
num_cat=3
split_feature=0 0 6 1 16 10 17 6 7 18 7 11 11 7 9 0 19 0 9 9 6 19 7 9 9 6 6 19 7 18
split_gain=0.549701 0.113365 0.0373585 0.0120511 0.0115465 0.00960735 0.00823519 0.00753757 0.00739478 0.00709031 0.00937355 0.00625469 0.00578509 0.00682018 0.00733697 0.00464842 0.00461557 0.00791354 0.00743942 0.00546391 0.0065625 0.00437463 0.00523878 0.0049468 0.00431706 0.00420309 0.00418151 0.00415478 0.00463597 0.00405976
threshold=0.226510671605367 0.49067235489645161 0.18229779119656767 0.11718750000000001 3.5000000000000004 1.0000000180025095e-35 0.3161858565228492 0.29631336405529957 0.13980411543182011 0.45441176470588235 0.061413298199477807 0.93301270189221952 0.25000000000000017 0.053674252811010556 0.24507658643326041 0.64473107689836062 0 0.39789993807232954 0.57330415754923425 0.64697301239970828 0.14668679485142225 1 0.10811401452739054 0.18745441283734501 0.61159737417943127 0.28433179723502316 0.27788018433179729 2 0.049184323483876809 0.48088235294117648
decision_type=2 2 2 2 2 2 2 2 2 2 2 2 2 2 2 2 1 2 2 2 2 1 2 2 2 2 2 1 2 2
left_child=5 2 6 21 11 -1 29 9 -9 10 -6 -4 25 -14 -15 -5 17 18 -8 20 -18 23 -23 -3 -12 27 -16 28 -11 -2
right_child=1 3 4 15 7 -7 16 8 -10 12 24 -13 13 14 26 -17 19 -19 -20 -21 -22 22 -24 -25 -26 -27 -28 -29 -30 -31
leaf_value=-0.00082774990265643649 -0.00027249731968457744 -4.6096067399699646e-05 -1.5835563917916222e-05 0.00047420587677601632 7.4154811451308811e-05 -0.00050930657609549114 5.9987397829487086e-05 0.00024442919915553034 -0.0004312993119402545 0.0005302784717292902 -0.00081975200171318307 -0.0004477750418476977 5.0636866154449217e-05 -4.1556540273219344e-05 0.00050341945228593685 0.00076154818401409652 -8.6321752381801571e-05 -0.00022340014294590013 0.00061753309739233061 -0.00028191160649017029 0.00052200329621455576 0.00024394131047588086 -0.00015682624760346881 0.00038520359082952688 -0.00015338304677404378 -0.0001859528347059706 0.00010775473816746055 4.1818493735572417e-05 0.00012532788105985447 -7.0998578823887001e-05
leaf_weight=579 343 25 96 359 58 100 56 514 14.999999999999998 38 21 44 133 38 121 59 79 42 35 95 20 182 35 561 14.999999999999998 57 30 496 77 122
leaf_count=579 343 25 96 359 58 100 56 514 15 38 21 44 133 38 121 59 79 42 35 95 20 182 35 561 15 57 30 496 77 122
internal_value=4.84217e-06 0.000146501 3.24929e-05 0.000384134 0.000109751 -0.000780852 -0.000138509 0.000132434 0.000225268 8.71303e-05 -0.000161865 -0.00015159 0.000110772 0.000215225 0.000331045 0.000514765 -2.31504e-05 0.000109024 0.000274432 -0.000113533 3.65762e-05 0.000316134 0.000171402 0.000360649 -0.00054211 6.04223e-05 0.000424812 8.34069e-05 0.00023841 -0.000219631
internal_weight=4445 3766 2545 1221 1753 679 792 1613 529 1084 94 140 990 322 189 418 327 133 91 194 99 803 217 586 36 668 151 611 115 465
internal_count=4445 3766 2545 1221 1753 679 792 1613 529 1084 94 140 990 322 189 418 327 133 91 194 99 803 217 586 36 668 151 611 115 465
cat_boundaries=0 1 2 3
cat_threshold=360 174 131
is_linear=0
shrinkage=0.03


Tree=88
num_leaves=31
num_cat=2
split_feature=0 0 5 1 10 9 1 1 13 5 7 19 8 4 2 8 11 0 5 0 11 8 12 8 0 7 7 2 2 19
split_gain=0.517217 0.106662 0.03633 0.0113389 0.00903955 0.00763297 0.00705743 0.00638776 0.00514635 0.00493061 0.00481685 0.00474388 0.00586818 0.00466853 0.0043677 0.00514246 0.00409343 0.00344011 0.00545959 0.00328464 0.00381264 0.0032138 0.0042766 0.00315295 0.00314143 0.00357728 0.00314032 0.00361385 0.00301871 0.00290785
threshold=0.226510671605367 0.49067235489645161 0.10158891142663963 0.11718750000000001 1.0000000180025095e-35 0.1203501094091904 0.023437500000000003 0.049479166666666671 0.81174490092936691 0.40060851926977692 0.08223428479567764 0 0.1117864860989408 0.096354166666666671 0.049479166666666671 0.19218106975147189 -0.24999999999999994 0.48396969785105232 0.17748478701825562 0.45871292428797134 0.25000000000000017 0.34438673485346721 1.0000000180025095e-35 0.068397051887474206 0.51352851336407135 0.074812514672966332 0.094404316164656679 0.11718750000000001 0.028645833333333336 1
decision_type=2 2 2 2 2 2 2 2 2 2 2 1 2 2 2 2 2 2 2 2 2 2 2 2 2 2 2 2 2 1
left_child=4 2 6 13 -1 28 29 11 16 -5 -9 12 -7 21 15 -12 23 18 -16 20 -14 24 -23 -8 25 -3 -15 -28 -4 -2
right_child=1 3 5 9 -6 7 8 10 -10 -11 14 -13 19 26 17 -17 -18 -19 -20 -21 -22 22 -24 -25 -26 -27 27 -29 -30 -31
leaf_value=-0.00080291744001728226 -0.00023984258747169562 0.00029429341895265289 -0.00044391358853927785 0.00044458439067010438 -0.00049402753004784488 0.00026701071907457146 -0.00034827878493240205 0.00015571495894349256 0.0002786320228063265 0.00069327936999433713 0.00038394638570694411 0.00010701448905196799 -0.00013288796468311615 0.00050640308735794672 0.00023866622566761408 0.0010106026011034691 4.6439653230994457e-05 0.00049846152691152966 -0.00041701602489239189 0.00010179648558161703 -0.00055071313751801204 0.00022523833432646479 -0.000305747195694638 -8.8167645440504101e-05 0.00034652310306079341 3.3747579124073614e-05 0.00042672167102977642 6.143416324385914e-05 -4.2769094258094077e-05 -5.1530726873328376e-05
leaf_weight=579 352 121 25 326 100 33 53 616 43 92 55 605 57 143 48 14.999999999999998 174 25 14.999999999999998 27 30 43 20 201 294 78 65 39 52 119
leaf_count=579 352 121 25 326 100 33 53 616 43 92 55 605 57 143 48 15 174 25 15 27 30 43 20 201 294 78 65 39 52 119
internal_value=4.69973e-06 0.000142109 3.15231e-05 0.00037261 -0.000757426 0.000118413 -0.000116337 0.000133118 -3.42227e-05 0.000499323 0.000193618 7.08477e-05 -7.98496e-05 0.00030665 0.000341391 0.000518242 -6.56549e-05 0.000200709 8.25473e-05 -0.000187262 -0.00027697 0.000258436 5.66693e-05 -0.000142444 0.000284219 0.000192171 0.000415178 0.000289741 -0.000173015 -0.000198451
internal_weight=4445 3766 2545 1221 679 1603 942 1526 471 418 774 752 147 803 158 70 428 88 63 114 87 556 63 254 493 199 247 104 77 471
internal_count=4445 3766 2545 1221 679 1603 942 1526 471 418 774 752 147 803 158 70 428 88 63 114 87 556 63 254 493 199 247 104 77 471
cat_boundaries=0 1 2
cat_threshold=17 817
is_linear=0
shrinkage=0.03


Tree=89
num_leaves=31
num_cat=1
split_feature=0 0 5 0 5 9 1 1 13 7 19 6 1 11 7 6 9 9 2 6 0 11 1 9 2 7 6 9 2 13
split_gain=0.486634 0.100372 0.0342168 0.0108484 0.00857671 0.00718289 0.00665581 0.00600594 0.0048422 0.00453219 0.00446602 0.00644672 0.00424632 0.00430382 0.00754755 0.00517208 0.00477136 0.0041849 0.00440833 0.00793953 0.0041204 0.00385151 0.00355479 0.0034961 0.00359868 0.00323346 0.00310481 0.00288534 0.00284031 0.00283584
threshold=0.226510671605367 0.49067235489645161 0.10158891142663963 0.59889677441000055 0.015973630831643004 0.1203501094091904 0.023437500000000003 0.049479166666666671 0.81174490092936691 0.08223428479567764 0 0.26853646909264267 0.070312500000000014 -0.5 0.10036056523027932 0.52764976958525367 0.35922684172137131 0.88366156090444947 0.049479166666666671 0.34608294930875583 0.42369932437088859 -0.24999999999999994 0.22656250000000003 0.97957695113056176 0.20052083333333334 0.064920930839161797 0.12841252184967428 0.59992706053975209 0.028645833333333336 -0.56174490092936669
decision_type=2 2 2 2 2 2 2 2 2 2 1 2 2 2 2 2 2 2 2 2 2 2 2 2 2 2 2 2 2 2
left_child=4 2 6 12 -1 28 -2 10 21 -9 11 25 -3 14 15 -14 -15 18 19 29 -13 26 23 24 -5 -7 -8 -6 -4 -11
right_child=1 3 5 22 27 7 8 9 -10 17 -12 20 13 16 -16 -17 -18 -19 -20 -21 -22 -23 -24 -25 -26 -27 -28 -29 -30 -31
leaf_value=-0.00076909923471368043 -0.00019268339096079499 0.00020573490699134274 -0.00043059672316216166 0.00048168728967471597 -0.00057079269081440024 -4.8057511516879537e-05 -0.00028871975118025325 0.00015104351715345218 0.00027027325469269583 0.00051838995936668458 0.00010385626214958075 -0.00073848321733723985 0.00022376758897054688 0.00023712589068662743 -0.00015515568884524997 0.00070473890634687949 0.00045449830079650436 0.0007910974838658707 0.00013004702684193297 0.0010436912025822353 -0.00017274537982164652 4.5046473416056711e-05 0.00087341755681668773 0.00084421138760357888 8.3046586344056754e-05 0.00033774932840550194 -6.5095919406339025e-05 -0.0001606476345749941 -4.1486047971862589e-05 5.1379282843884948e-05
leaf_weight=615 471 267 25 277 38 60 83 616 43 22 605 15.999999999999998 89 125 38 26 333 15.999999999999998 79 15.999999999999998 42 174 22 22 22 29 171 26 52 25
leaf_count=615 471 267 25 277 38 60 83 616 43 22 605 16 89 125 38 26 333 16 79 16 42 174 22 22 22 29 171 26 52 25
internal_value=4.54631e-06 0.000137831 3.05556e-05 0.000361432 -0.000734704 0.00011488 -0.00011294 0.000129146 -3.3196e-05 0.00018781 6.8765e-05 -7.74542e-05 0.00030554 0.000349153 0.000211393 0.000332514 0.000395172 0.000331149 0.000279319 0.000466496 -0.000328821 -6.36853e-05 0.000504502 0.000479215 0.000452356 7.76572e-05 -0.000138171 -0.000404176 -0.000167825 0.000269986
internal_weight=4445 3766 2545 1221 679 1603 942 1526 471 774 752 147 878 611 153 115 458 158 142 63 58 428 343 321 299 89 254 64 77 47
internal_count=4445 3766 2545 1221 679 1603 942 1526 471 774 752 147 878 611 153 115 458 158 142 63 58 428 343 321 299 89 254 64 77 47
cat_boundaries=0 1
cat_threshold=17
is_linear=0
shrinkage=0.03


Tree=90
num_leaves=31
num_cat=0
split_feature=6 0 0 5 0 6 18 16 10 5 6 6 9 17 17 7 14 6 4 17 7 6 3 5 5 16 7 10 0 11
split_gain=0.458441 0.0920642 0.0268721 0.0197525 0.0147767 0.00571548 0.00562568 0.00500999 0.00447471 0.00614153 0.00431035 0.00411587 0.00429356 0.00371365 0.00353238 0.00425086 0.00469005 0.00347015 0.00464554 0.00406579 0.00438677 0.00391665 0.00635303 0.00467349 0.00423082 0.00342468 0.0113801 0.00670706 0.00344481 0.00306906
threshold=0.092343140730237527 0.48742419676937737 0.39789993807232954 0.024256254225828267 0.57040581497477094 0.18229779119656767 0.47500000000000003 2.5000000000000004 0.25000000000000011 0.10598377281947263 0.1762116637533768 0.30552995391705079 0.38548504741064926 0.34018381414347726 0.34409837460641657 0.063178407437470135 1.0000000180025095e-35 0.1654377880184332 0.091145833333333343 0.2969153028795789 0.03471521951185539 0.24182424916573975 0.085937500000000014 0.10598377281947263 0.089587559161595678 26.500000000000004 0.19614921917087011 -0.5 0.64012436066452116 0.6830127018922193
decision_type=2 2 2 2 2 2 2 2 2 2 2 2 2 2 2 2 2 2 2 2 2 2 2 2 2 2 2 2 2 2
left_child=3 2 6 -1 -3 -4 17 -7 -8 14 -11 29 -13 -5 15 16 -10 19 21 20 -2 -19 23 24 -23 26 -6 -27 -29 -9
right_child=1 4 5 13 25 7 8 11 9 10 -12 12 -14 -15 -16 -17 -18 18 -20 -21 -22 22 -24 -25 -26 27 -28 28 -30 -31
leaf_value=-0.0007442005794710988 -0.00029066065137925965 0.00025184314911845746 -0.00019068499665508799 -0.00039648958773964935 0.00043428838553706816 -0.00011773403659272037 -0.00010624452487649011 7.6060271060867383e-05 -9.4711753692203505e-05 0.00010945686575835626 0.00075729069534417458 9.2484387065518191e-05 0.00029490732891803692 9.210956142772947e-05 -0.00042164728771151318 0.00051082212831773791 0.00021940173385206078 4.5309012855568785e-05 -0.00047522175491884603 -0.00014867979143964776 -0.00079609583329213226 -0.00052017266501690575 0.0002341496859736018 -0.0007514382603449214 6.0195036073866159e-05 0.00095391848908389122 -0.0003169391557654734 0.00043304267482871078 0.00070735370012813318 0.00023138538305157884
leaf_weight=630 68 721 53 112 196 71 276 672 138 19 18 150 254 15.999999999999998 15.999999999999998 15.999999999999998 62 154 25 150 20 20 22 19 26 29 20 259 49 138
leaf_count=630 68 721 53 112 196 71 276 672 138 19 18 150 254 16 16 16 62 154 25 150 20 20 22 19 26 29 20 259 49 138
internal_value=-3.64076e-06 0.000135398 2.54909e-05 -0.000675171 0.000341322 0.000114617 -8.81896e-05 0.000127209 -2.138e-05 6.5693e-05 0.000424631 0.000141535 0.000219751 -0.000335414 8.44693e-06 4.03076e-05 2.66404e-06 -0.000160434 -8.59725e-05 -0.000243655 -0.00040554 -4.55922e-05 -0.000206496 -0.000355639 -0.000192145 0.000457985 0.000364729 0.000517755 0.000476685 0.000102523
internal_weight=4419 3661 2387 758 1274 1338 1049 1285 545 269 37 1214 404 128 232 216 200 504 266 238 88 241 87 65 46 553 216 337 308 810
internal_count=4419 3661 2387 758 1274 1338 1049 1285 545 269 37 1214 404 128 232 216 200 504 266 238 88 241 87 65 46 553 216 337 308 810
is_linear=0
shrinkage=0.03


Tree=91
num_leaves=31
num_cat=2
split_feature=1 0 0 6 0 19 11 16 0 6 7 13 19 9 1 0 7 7 0 10 4 6 6 2 4 11 6 16 7 10
split_gain=0.43144 0.078448 0.0340425 0.0222378 0.0139034 0.0089278 0.00764005 0.00671204 0.00554282 0.00434972 0.00464072 0.00442387 0.00426448 0.00399417 0.00392478 0.00383303 0.00437491 0.00529228 0.00437375 0.00372709 0.00365343 0.00338839 0.00327284 0.00421259 0.00347195 0.003267 0.0032551 0.00322229 0.0107076 0.0063107
threshold=0.013020833333333334 0.48742419676937737 0.20681904689606379 0.20519397970534159 0.57040581497477094 0 0.6830127018922193 2.5000000000000004 0.42230543645064583 0.22776100429048152 0.036173359327714573 1.0000000180025095e-35 1 0.089715536105032842 0.11197916666666667 0.37807704580811868 0.050725144218469499 0.064920930839161797 0.40173184401392875 0.68301270189221941 0.075520833333333343 0.25072302558398224 0.24654377880184339 0.033854166666666671 0.039062500000000007 0.93301270189221952 0.13630791582483945 26.500000000000004 0.19614921917087011 -0.5
decision_type=2 2 2 2 2 1 2 2 2 2 2 2 1 2 2 2 2 2 2 2 2 2 2 2 2 2 2 2 2 2
left_child=2 3 -1 5 -3 6 12 25 9 10 -9 15 26 -12 -10 20 -17 21 -19 -14 -11 -18 24 -24 -13 -5 -2 28 -6 -29
right_child=1 4 -4 7 27 -7 -8 8 14 11 13 22 19 -15 -16 16 17 18 -20 -21 -22 -23 23 -25 -26 -27 -28 29 -30 -31
leaf_value=-0.00071344776346874469 0.00012627417890775678 0.00024428786706459649 -0.00027712325861143028 -2.9756625322389766e-05 0.00042125979733821726 4.5329444398135078e-05 0.00035464809937559369 -0.00013591573203698259 0.00015701629077572975 -0.00012256784102773955 -0.00020547781949839866 0.00022056447530097701 -0.0002115844544962207 0.00031580419427376107 0.00063109216585561644 0.00017059939431650519 -6.1546849176528895e-05 -0.00036512366646912438 0.00021147690781223258 -0.00046307645947587167 -0.0006879635439652461 -0.00059497254236174604 0.00058533810128433316 0.0001046263244805797 -0.00028641306074359419 -0.00043555042831938754 -0.00015207021106268653 0.00092530193255684968 -0.00030743145479303666 0.00046238477389503783
leaf_weight=649 55 721 214 57 196 280 24 35 885 24 14.999999999999998 20 241 112 15.999999999999998 56 17 17 39 68 18 29 21 75 31 26 121 29 20 308
leaf_count=649 55 721 214 57 196 280 24 35 885 24 15 20 241 112 16 56 17 17 39 68 18 29 21 75 31 26 121 29 20 308
internal_value=-3.53154e-06 0.000142499 -0.000605252 3.72161e-05 0.000331083 -9.16091e-05 -0.000164596 0.000105296 0.000120729 4.15916e-05 0.000169942 -1.83304e-05 -0.000193684 0.000254234 0.000165436 -0.000110164 -4.24496e-05 -0.000159418 3.64341e-05 -0.000258563 -0.000364891 -0.000397843 0.000106613 0.000209787 -8.75979e-05 -0.000156876 -6.15881e-05 0.000444245 0.000353787 0.000502223
internal_weight=4419 3556 863 2282 1274 789 509 1493 1410 509 162 347 485 127 901 200 158 102 56 309 42 46 147 96 51 83 176 553 216 337
internal_count=4419 3556 863 2282 1274 789 509 1493 1410 509 162 347 485 127 901 200 158 102 56 309 42 46 147 96 51 83 176 553 216 337
cat_boundaries=0 1 2
cat_threshold=785 256
is_linear=0
shrinkage=0.03


Tree=92
num_leaves=31
num_cat=1
split_feature=6 6 20 5 5 11 6 11 11 1 16 19 7 4 13 7 6 18 7 1 6 17 12 1 16 6 5 5 18 7
split_gain=0.406099 0.0816776 0.0199561 0.017548 0.0171651 0.0104462 0.00876132 0.00825397 0.0071633 0.00588737 0.00577792 0.00535278 0.00614527 0.00546622 0.00875285 0.00525795 0.00730989 0.00487639 0.00457399 0.00455738 0.00393863 0.00385879 0.0038202 0.00456565 0.00364988 0.00411626 0.00358099 0.00356816 0.00351453 0.00339312
threshold=0.092343140730237527 0.30552995391705079 0.57040581497477094 0.024256254225828267 0.10158891142663963 0.93301270189221952 0.3728110599078342 0.6830127018922193 0.6830127018922193 0.013020833333333334 3.5000000000000004 0 0.02611026060480048 0.023437500000000003 1.0000000180025095e-35 0.11872966494569266 0.24377880184331804 0.47500000000000003 0.1418343327749155 0.085937500000000014 0.25852534562211987 0.40102969960003415 -0.60785761079279388 0.033854166666666671 25.500000000000004 0.17854759256316546 0.12457741717376607 0.075388776200135246 0.46323529411764708 0.033308946083840184
decision_type=2 2 2 2 2 2 2 2 2 2 2 1 2 2 2 2 2 2 2 2 2 2 2 2 2 2 2 2 2 2
left_child=3 4 5 -1 9 7 -7 18 15 28 -8 12 -11 -13 20 22 -17 -16 -3 -9 24 -10 26 -24 -15 27 -6 -26 -2 -5
right_child=1 2 -4 29 8 6 10 19 21 11 -12 13 -14 14 17 16 -18 -19 -20 -21 -22 -23 23 -25 25 -27 -28 -29 -30 -31
leaf_value=-0.00070051925343613463 -0.00051424906759212053 0.00022682268724838641 0.00042955823702730845 -0.00040997558977374723 1.6851863225155557e-07 -0.00040596791695370494 -0.00027703854679581047 0.00034157928960698363 0.00019213835498562275 0.00062215210042931737 0.0002052064709807289 -0.00021531965679674766 2.5334321930666283e-05 4.1644378352882319e-05 -4.9390032860599224e-05 8.6603066026540054e-05 -0.0007255020603142699 0.00036219862069376352 -0.00016337573688353065 0.00071495176735614013 -0.00061035135700185177 0.00065171494143032255 -0.00013933711107021616 5.4948660050860929e-05 -0.00023371463831455558 3.7483277825841503e-06 0.00023115841962986406 -0.00073679531971410452 -0.00018715728919545366 -6.3436524341831381e-05
leaf_weight=630 41 786 552 93 94 38 28 85 190 18 111 249 113 84 44 21 19 63 28 45 14.999999999999998 18 139 502 43 42 169 18 106 35
leaf_count=630 41 786 552 93 94 38 28 85 190 18 111 249 113 84 44 21 19 63 28 45 15 18 139 502 43 42 169 18 106 35
internal_value=-3.42252e-06 0.000127438 0.000281904 -0.000635456 -2.55244e-06 0.000209197 -2.29614e-06 0.000248852 7.2543e-05 -0.000106033 0.000108062 -6.92601e-05 9.97309e-05 -0.000108772 -2.64324e-05 3.74275e-05 -0.000299155 0.000192948 0.0002134 0.000470828 -0.000142639 0.000231912 5.23209e-05 1.28179e-05 -0.000105119 -0.000224809 0.0001486 -0.000382174 -0.00027839 -0.00031522
internal_weight=4419 3661 1673 758 1988 1121 177 944 1152 836 139 689 131 558 309 944 40 107 814 130 202 208 904 641 187 103 263 61 147 128
internal_count=4419 3661 1673 758 1988 1121 177 944 1152 836 139 689 131 558 309 944 40 107 814 130 202 208 904 641 187 103 263 61 147 128
cat_boundaries=0 1
cat_threshold=134
is_linear=0
shrinkage=0.03


Tree=93
num_leaves=31
num_cat=3
split_feature=1 5 5 6 19 19 17 16 19 5 1 9 9 18 3 4 6 6 7 6 6 12 13 5 7 7 3 7 7 16
split_gain=0.382197 0.0707259 0.030584 0.0236151 0.00805303 0.0079726 0.00792471 0.00732321 0.00652811 0.0056247 0.00541637 0.00503596 0.00507165 0.00463629 0.00449248 0.00609338 0.00437591 0.00434026 0.00757661 0.00404614 0.00564391 0.00490763 0.00400471 0.00499062 0.00388065 0.00532614 0.0037025 0.00358994 0.00434712 0.00353322
threshold=0.013020833333333334 0.20385395537525358 0.015973630831643004 0.20519397970534159 0 1 0.23261850055314445 2.5000000000000004 2 0.49290060851926981 0.054687500000000007 0.51531728665207888 0.65864332603938747 0.42500000000000004 0.028645833333333336 0.013020833333333334 0.35161290322580652 0.28801843317972359 0.047012504767343637 0.54239631336405547 0.47142857142857153 1.0000000180025095e-35 1.0000000180025095e-35 0.087390128465179198 0.058101126053317166 0.052430665001144454 0.21093750000000003 0.11742592553505851 0.087670594114355446 4.5000000000000009
decision_type=2 2 2 2 1 1 2 2 1 2 2 2 2 2 2 2 2 2 2 2 2 2 2 2 2 2 2 2 2 2
left_child=2 3 -1 4 11 9 -7 -5 17 16 22 24 14 -8 15 -13 -3 18 -9 20 21 -18 23 -10 25 -2 29 28 -12 -21
right_child=1 5 -4 7 -6 6 13 8 10 -11 27 12 -14 -15 -16 -17 19 -19 -20 26 -22 -23 -24 -25 -26 -27 -28 -29 -30 -31
leaf_value=-0.00068018829225521078 -3.4217222802680488e-05 0.00090438147470039325 -0.00028108567901969072 -0.000142492853116724 4.3119815140022577e-05 -0.00033940398577811371 -0.0001889572922692948 0.00036336666875534977 -0.00041266778688956357 0.00083955338896602339 0.00014389881614028171 -0.00059631903483613787 -0.00013014447038605872 0.00028932801193444745 -0.00068164635985287173 -0.00010915151632347117 0.0006823138801508999 0.00028436573903787687 -5.604775334525488e-06 0.00019981884106262665 9.1920256568585185e-05 0.00017941601293497287 0.00010796241174150723 -8.1153798149241384e-06 0.00024020962778959916 -0.00057221052783849576 0.00010801358710905389 -0.00026762952685595418 0.00044620215321068609 0.00052446757601067528
leaf_weight=624 129 15.999999999999998 239 97 280 20 19 74 30 30 396 35 188 456 32 68 40 323 155 34 77 31 290 322 37 19 25 17 48 268
leaf_count=624 129 16 239 97 280 20 19 74 30 30 396 35 188 456 32 68 40 323 155 34 77 31 290 322 37 19 25 17 48 268
internal_value=-3.31985e-06 0.000134125 -0.000569661 4.95072e-05 -8.68891e-05 0.000345668 0.000240703 0.000110854 0.000125703 0.000432474 8.10133e-05 -0.000156319 -0.000230881 0.000270196 -0.000371164 -0.000274698 0.000416408 0.000209735 0.000113627 0.000399969 0.000269818 0.000462744 2.54137e-05 -4.25954e-05 -3.4587e-05 -0.000103287 0.000458874 0.0001602 0.000176581 0.000487919
internal_weight=4419 3556 863 2540 788 1016 495 1752 1655 521 1103 508 323 475 135 103 491 552 229 475 148 71 642 352 185 148 327 461 444 302
internal_count=4419 3556 863 2540 788 1016 495 1752 1655 521 1103 508 323 475 135 103 491 552 229 475 148 71 642 352 185 148 327 461 444 302
cat_boundaries=0 1 2 3
cat_threshold=785 38 674
is_linear=0
shrinkage=0.03


Tree=94
num_leaves=31
num_cat=2
split_feature=1 0 0 0 0 19 0 11 16 10 9 9 17 10 16 1 4 17 8 11 12 18 13 17 18 0 19 16 16 4
split_gain=0.359613 0.0653533 0.0284208 0.0181995 0.0119165 0.00705436 0.00574603 0.00474912 0.00757962 0.00654394 0.00516606 0.00460747 0.00412697 0.00407722 0.00446502 0.00444847 0.00436242 0.00396448 0.00391753 0.00584329 0.00375483 0.00356997 0.00334964 0.00320194 0.00346073 0.00417984 0.00318908 0.00370866 0.00300455 0.0040218
threshold=0.013020833333333334 0.48742419676937737 0.20681904689606379 0.39691598310638843 0.58542297693482837 0 0.25116988365912574 -0.5 26.500000000000004 0.68301270189221941 0.18745441283734501 0.57148067104303446 0.33439707258956691 -0.93301270189221908 15.500000000000002 0.080729166666666671 0.039062500000000007 0.32885499106459032 0.085061415947347133 0.25000000000000017 -0.8783796973249266 0.44264705882352945 -0.56174490092936669 0.33780103820951418 0.45147058823529412 0.34072235714602689 1 6.5000000000000009 16.500000000000004 0.028645833333333336
decision_type=2 2 2 2 2 1 2 2 2 2 2 2 2 2 2 2 2 2 2 2 2 2 2 2 2 2 1 2 2 2
left_child=2 3 -1 5 7 6 -2 21 10 -10 -9 20 -11 14 -5 26 -17 -16 22 -20 -7 -3 -13 24 -8 -26 27 -15 29 -27
right_child=1 4 -4 13 -6 11 23 8 9 12 -12 18 -14 15 17 16 -18 -19 19 -21 -22 -23 -24 -25 25 28 -28 -29 -30 -31
leaf_value=-0.00065143053009911558 -0.00049587499738348439 -0.00026957947405724841 -0.00025275739809348607 -0.00039720384052806148 0.00042386835027425246 -0.00035643251709195775 -0.00053157093294761552 -0.00015125200310451387 0.00055942052650662869 0.00043844703809244669 0.00023120937397593945 4.6728275365782164e-06 3.3776969920018436e-05 -8.5614858073969555e-05 0.00022313717073134723 9.0089910179272304e-06 0.00037717510688373872 -0.00032373630596699163 -4.1439704233856486e-05 0.00047712878427251878 -3.7889726667755492e-05 0.00015127470794432446 0.0003987550585300598 -0.00045974750886171648 -0.00015822683631888253 -0.00051523978374866147 7.642827538543003e-05 0.0003172289084219373 0.00020819555713393655 7.7191443276193651e-05
leaf_weight=649 42 20 214 29 462 39 15.999999999999998 35 125 43 346 30 48 25 40 40 105 17 176 22 228 195 55 24 209 14.999999999999998 959 116 62 33
leaf_count=649 42 20 214 29 462 39 16 35 125 43 346 30 48 25 40 40 105 17 176 22 228 195 55 24 209 15 959 116 62 33
internal_value=-3.21732e-06 0.000130105 -0.000552571 3.40095e-05 0.000302231 -6.62191e-05 -0.000159879 0.000233023 0.000276562 0.000418531 0.000196075 4.88549e-06 0.000224997 0.000105623 -9.41552e-05 0.000119423 0.000275613 6.00317e-05 8.93142e-05 1.61811e-05 -8.44196e-05 0.000112124 0.000259669 -0.000125022 -0.00010104 -7.94447e-05 9.8834e-05 0.000229524 7.02413e-05 -0.00010795
internal_weight=4419 3556 863 2282 1274 951 401 812 597 216 381 550 91 1331 86 1245 145 57 283 198 267 215 85 359 335 319 1100 141 110 48
internal_count=4419 3556 863 2282 1274 951 401 812 597 216 381 550 91 1331 86 1245 145 57 283 198 267 215 85 359 335 319 1100 141 110 48
cat_boundaries=0 1 2
cat_threshold=529 514
is_linear=0
shrinkage=0.03


Tree=95
num_leaves=31
num_cat=2
split_feature=6 0 5 10 6 18 7 19 7 11 11 18 6 4 2 11 6 6 0 19 6 18 11 7 5 6 7 3 7 3
split_gain=0.346084 0.0648786 0.0208909 0.0145916 0.00723067 0.004364 0.00575072 0.00433117 0.006048 0.00413862 0.00620857 0.00739407 0.00499512 0.00385441 0.00343737 0.00334695 0.00333441 0.00556535 0.00353547 0.00323968 0.00622862 0.0057508 0.00561911 0.00426439 0.00516632 0.00387318 0.00400651 0.00386526 0.00330739 0.00309602
threshold=0.092343140730237527 0.43439828646662476 0.27687626774847879 0.25000000000000011 0.16777371682822187 0.46323529411764708 0.097920479806488284 0 0.097920479806488284 0.93301270189221952 0.6830127018922193 0.50441176470588245 0.3175115207373273 0.10156250000000001 0.044270833333333336 0.6830127018922193 0.34608294930875583 0.2483870967741936 0.37807704580811868 1 0.14199904655966952 0.47500000000000003 -0.5 0.040067457934811222 0.0764029749830967 0.13630791582483945 0.043866641571054833 0.023437500000000003 0.036626487964880154 0.023437500000000003
decision_type=2 2 2 2 2 2 2 1 2 2 2 2 2 2 2 2 2 2 2 1 2 2 2 2 2 2 2 2 2 2
left_child=3 4 9 -1 15 6 16 -7 14 10 12 13 -3 -12 -9 19 17 -6 -19 20 22 -22 -2 24 28 26 -25 -28 -21 -24
right_child=1 2 -4 -5 5 7 -8 8 -10 -11 11 -13 -14 -15 -16 -17 -18 18 -20 23 21 -23 29 25 -26 -27 27 -29 -30 -31
leaf_value=-0.0006518926239444348 -0.00015249707810176887 9.1372473104696063e-05 0.00038528926574168531 -0.00033332556927782988 7.5129910278855268e-05 -7.6561826840597429e-06 -0.00061632480698460004 0.00017853088395664338 0.00073117006924724775 1.6485033815882076e-05 0.00022784349877644393 0.00085972627523021145 0.00021630326802081915 0.00063442717477090057 -2.6460992073307287e-05 0.00021965984436477309 0.00030679818040521914 -0.00059563295545340185 -0.00014953012492356071 -0.00021222217408884024 -0.00039793167248574875 8.6989315934523609e-06 0.00040716051766902939 -0.00059618774159247967 0.00026714011877796388 -0.00070139929511369293 -0.0003197354773358581 0.00015496070270153202 0.00011520570984271745 2.0291122975521726e-05
leaf_weight=587 44 503 585 166 95 373 17 241 14.999999999999998 136 167 22 674 24 106 28 22 21 67 175 58 68 52 22 29 21 38 26 33 29
leaf_count=587 44 503 585 166 95 373 17 241 15 136 167 22 674 24 106 28 22 21 67 175 58 68 52 22 29 21 38 26 33 29
internal_value=4.47287e-06 0.000124051 0.000232865 -0.000581665 -2.13329e-05 3.0448e-05 -8.61186e-05 6.56559e-05 0.000137606 0.000174432 0.000189885 0.000338927 0.000162913 0.000278936 0.000115911 -0.000100874 -4.21475e-05 -8.40987e-05 -0.000255992 -0.000115959 -2.84968e-05 -0.000178482 0.000120409 -0.000173892 -0.000107974 -0.000336146 -0.000246949 -0.000126891 -0.000160274 0.000268654
internal_weight=4444 3691 2111 753 1580 957 222 735 362 1526 1390 213 1177 191 347 623 205 183 88 595 251 126 125 344 237 107 86 64 208 81
internal_count=4444 3691 2111 753 1580 957 222 735 362 1526 1390 213 1177 191 347 623 205 183 88 595 251 126 125 344 237 107 86 64 208 81
cat_boundaries=0 1 2
cat_threshold=120 480
is_linear=0
shrinkage=0.03


Tree=96
num_leaves=31
num_cat=1
split_feature=6 0 5 10 5 16 16 16 10 4 19 8 5 7 9 9 9 1 7 6 9 8 7 7 7 17 16 11 16 7
split_gain=0.32563 0.061045 0.0196563 0.0137292 0.0068322 0.00614845 0.00507705 0.00572179 0.00484091 0.00590852 0.00407408 0.00435322 0.00589415 0.0043249 0.00394021 0.00389272 0.00650123 0.00489576 0.00765618 0.00441978 0.00386727 0.00369839 0.00381982 0.00341207 0.00315374 0.003549 0.00436196 0.00324543 0.00307172 0.00744704
threshold=0.092343140730237527 0.43439828646662476 0.27687626774847879 0.25000000000000011 0.072008113590263698 2.5000000000000004 29.500000000000004 12.500000000000002 -0.24999999999999994 0.059895833333333336 0 0.12658369500764458 0.10598377281947263 0.047824124604727077 0.18745441283734501 0.64697301239970828 0.67177242888402644 0.049479166666666671 0.080750032991943985 0.24654377880184339 0.5970094821298324 0.129574486851217 0.048735142171201735 0.13674255023899876 0.046424089779448369 0.29150710577823175 17.500000000000004 -0.24999999999999994 26.500000000000004 0.19614921917087011
decision_type=2 2 2 2 2 2 2 2 2 2 1 2 2 2 2 2 2 2 2 2 2 2 2 2 2 2 2 2 2 2
left_child=3 4 5 -1 -2 -3 7 10 14 23 11 13 -13 -6 -7 17 -17 18 -8 20 -19 22 -18 -10 27 -26 -27 -9 29 -4
right_child=1 2 28 -5 6 8 15 24 9 -11 -12 12 -14 -15 -16 16 21 19 -20 -21 -22 -23 -24 -25 25 26 -28 -29 -30 -31
leaf_value=-0.00063233588902230405 -0.00012748471779940935 -8.6815715700039545e-05 0.00035456019033906734 -0.00032332586475764387 -0.00020445001517431456 7.5559849084465199e-05 0.00011848928836040513 -0.00028298742434725862 7.8289320308231838e-05 0.00021546537073432356 0.00011763888058546327 -0.00074726400719582497 -0.00010674515946272857 0.00027672017384409672 0.00028982182966726604 -0.0004456868208502435 7.6206827919685739e-05 5.2762584240969447e-05 -0.00046741445750115933 0.00058025414605909103 0.00058267199300237921 0.00022349098802939803 -0.00023401502088452966 -0.0003552310495289446 -1.2176579364021766e-05 -0.00059938353730704574 -0.00020212609446102506 0.00015190875962389197 0.00043249712172908954 -0.00014971491135153936
leaf_weight=587 402 80 217 166 29 93 229 23 420 460 194 17 54 40 456 28 93 55 22 36 15.999999999999998 68 58 17 48 35 86 47 338 30
leaf_count=587 402 80 217 166 29 93 229 23 420 460 194 17 54 40 456 28 93 55 22 36 16 68 58 17 48 35 86 47 338 30
internal_value=4.33816e-06 0.000120329 0.000225879 -0.000564215 -2.06944e-05 0.000169199 1.57485e-05 -4.82477e-05 0.000183363 0.00014042 3.19451e-05 -8.88578e-05 -0.000260117 7.44892e-05 0.000253526 7.63598e-05 -1.52544e-05 0.000139568 6.71335e-05 0.000309484 0.000172185 3.97798e-05 -4.2952e-05 6.14239e-05 -0.000160316 -0.000230452 -0.000317039 9.0123e-06 0.000373731 0.000293312
internal_weight=4444 3691 2111 753 1580 1526 1178 573 1446 897 334 140 71 69 549 605 247 358 251 107 71 219 151 437 239 169 121 70 585 247
internal_count=4444 3691 2111 753 1580 1526 1178 573 1446 897 334 140 71 69 549 605 247 358 251 107 71 219 151 437 239 169 121 70 585 247
cat_boundaries=0 1
cat_threshold=197
is_linear=0
shrinkage=0.03


Tree=97
num_leaves=31
num_cat=1
split_feature=6 20 6 10 20 16 7 5 8 13 9 9 6 1 8 5 19 6 9 2 7 16 6 2 6 9 16 9 7 2
split_gain=0.306394 0.0577918 0.0164869 0.0129178 0.00872714 0.00560343 0.00509506 0.00446711 0.00506757 0.00388963 0.0037312 0.00360537 0.00348861 0.00389777 0.00339041 0.00804865 0.00374271 0.00515545 0.00384161 0.00326253 0.00330472 0.0043303 0.00860834 0.00490207 0.00364308 0.00351872 0.00324989 0.00448103 0.005539 0.00354086
threshold=0.092343140730237527 0.48652783205086364 0.18229779119656767 0.25000000000000011 0.57040581497477094 3.5000000000000004 0.1418343327749155 0.13691683569979718 0.09137365290461133 1.0000000180025095e-35 0.5977388767323123 0.18745441283734501 0.50921658986175122 0.11718750000000001 0.099015322869268382 0.10425963488843815 0 0.16027331956141747 0.59263311451495271 0.013020833333333334 0.030929648754824384 23.500000000000004 0.13630791582483945 0.023437500000000003 0.14668679485142225 0.59117432530999292 7.5000000000000009 0.5977388767323123 0.060055430377196566 0.11718750000000001
decision_type=2 2 2 2 2 2 2 2 2 2 2 2 2 2 2 2 1 2 2 2 2 2 2 2 2 2 2 2 2 2
left_child=3 2 14 -1 11 -4 7 8 10 12 -7 -3 13 -6 16 -16 17 -2 -19 -18 -21 22 25 -23 -25 -22 -13 -28 -29 -30
right_child=1 4 5 -5 9 6 -8 -9 -10 -11 -12 26 -14 -15 15 -17 19 18 -20 20 21 23 -24 24 -26 -27 27 28 29 -31
leaf_value=-0.00061336583053857286 0.00031891395210273009 -8.0592008404327558e-05 -0.00010967053095545423 -0.00031362614192299268 -0.00014559389754797278 0.00059526125861145271 -0.00039055457076316686 0.00015628685003916617 3.3719128112168145e-05 0.0004608460460921782 6.4416962003768056e-05 9.8079333160952948e-05 0.00035434609931820894 0.00030924269927793996 -0.00044756652818635857 5.9814712162514934e-05 5.6011017291706684e-05 -0.00044181801087495655 7.4213328050415963e-05 -2.7424647133693082e-05 5.92644109379865e-05 -0.00050343398541042976 -0.00033337244370699657 -0.00026761233294607465 0.00013476948752420319 0.00063858103114915665 0.00034086725296831883 0.00046637762338340194 0.00016502535352791448 -0.00014837875013115514
leaf_weight=587 52 36 127 166 30 26 19 744 728 239 22 141 233 39 68 48 101 19 41 158 23 61 39 81 27 15.999999999999998 293 48 193 39
leaf_count=587 52 36 127 166 30 26 19 744 728 239 22 141 233 39 68 48 101 19 41 158 23 61 39 81 27 16 293 48 193 39
internal_value=4.21595e-06 0.000116728 2.96641e-05 -0.000547288 0.000278583 8.1855e-05 9.766e-05 0.000103763 5.34048e-05 0.000370422 0.000351964 0.000212336 0.000298859 0.000111488 -8.87966e-05 -0.000237617 -6.08623e-05 9.20622e-05 -8.92012e-05 -9.466e-05 -0.000134572 -0.000203111 -1.82149e-05 -0.000288448 -0.000167017 0.000296943 0.000227105 0.000258855 0.000173034 0.000112341
internal_weight=4444 3691 2400 753 1291 1666 1539 1520 776 541 48 750 302 69 734 116 618 112 60 506 405 247 78 169 108 39 714 573 280 232
internal_count=4444 3691 2400 753 1291 1666 1539 1520 776 541 48 750 302 69 734 116 618 112 60 506 405 247 78 169 108 39 714 573 280 232
cat_boundaries=0 1
cat_threshold=232
is_linear=0
shrinkage=0.03


Tree=98
num_leaves=31
num_cat=0
split_feature=6 0 6 0 0 17 8 16 7 7 7 9 8 5 17 2 6 4 17 7 8 11 3 7 5 11 7 16 4 2
split_gain=0.288287 0.0543763 0.0155125 0.0114193 0.00821137 0.00595721 0.00593343 0.00527227 0.00504768 0.00479396 0.00462136 0.00514199 0.00420761 0.0053037 0.00390493 0.00342998 0.00339474 0.00455771 0.00475692 0.00377098 0.00378339 0.0033504 0.00314068 0.00313428 0.00324493 0.00300834 0.00947178 0.00320974 0.00415348 0.00318457
threshold=0.092343140730237527 0.48652783205086364 0.18229779119656767 1.0000000180025095e-35 0.57040581497477094 0.3161858565228492 0.10569381147397909 3.5000000000000004 0.040747545603109198 0.1418343327749155 0.045545301323032777 0.57148067104303446 0.088210155466507345 0.12677484787018259 0.40894391966641147 0.049479166666666671 0.36635944700460837 0.033854166666666671 0.29028784050660406 0.059770957393518474 0.14104009938217046 0.93301270189221952 0.049479166666666671 0.088419907194990141 0.11578769438810006 -0.5 0.099590664592236089 7.5000000000000009 0.10156250000000001 0.11718750000000001
decision_type=2 2 2 2 2 2 2 2 2 2 2 2 2 2 2 2 2 2 2 2 2 2 2 2 2 2 2 2 2 2
left_child=3 2 5 -1 14 6 8 23 -2 12 -10 -12 -9 15 21 -14 17 18 22 -19 -21 25 -17 24 -4 26 -3 -27 -29 -28
right_child=1 4 7 -5 -6 -7 -8 9 10 -11 11 -13 13 -15 -16 16 -18 19 -20 20 -22 -23 -24 -25 -26 27 29 28 -30 -31
leaf_value=-0.00058547273395028647 -8.2509417635373406e-05 0.00022974022895887221 -0.00027665518060658221 -0.00028090646543431011 0.0003593090379742477 1.0810423438278347e-05 -0.00062970966386758308 0.00038973761693172996 -0.00069022490332474316 -0.00037883855801691902 -0.0006221439145481215 4.0050332572532025e-05 7.786343976350916e-05 0.00013752635298896646 0.00063055555660309552 0.00067737395228705921 0.00032130901584731601 -0.00010900591279231621 -0.00014478730187999849 -0.00012989740745391327 -0.00073193178032015561 4.9820170909306849e-06 7.3140597866210065e-05 -0.00048547326214907333 6.8213129174796828e-05 0.0001335942851637961 -6.5308090998873739e-05 0.00025433878814421125 0.0005156651773884427 -0.00057623184303971146
leaf_weight=618 318 174 37 135 541 321 23 44 25 19 15.999999999999998 31 359 900 19 15.000000000000002 18 95 35 17 21 75 15.999999999999998 17 73 124 31 239 71 17
leaf_count=618 318 174 37 135 541 321 23 44 25 19 16 31 359 900 19 15 18 95 35 17 21 75 16 17 73 124 31 239 71 17
internal_value=4.08948e-06 0.000113226 2.87741e-05 -0.00053087 0.000270225 -8.61327e-05 -0.000161481 7.93994e-05 -0.000133866 9.47302e-05 -0.000360684 -0.000185386 0.00010065 9.2032e-05 0.000205966 2.0947e-05 -7.32142e-05 -0.000108901 9.49063e-05 -0.000210039 -0.000462611 0.000194929 0.000365524 -0.00010638 -4.77895e-05 0.000216646 0.000126819 0.000262593 0.000314192 -0.000246268
internal_weight=4444 3691 2400 753 1291 734 413 1666 390 1539 72 47 1520 1476 750 576 217 199 66 133 38 731 31 127 110 656 222 434 310 48
internal_count=4444 3691 2400 753 1291 734 413 1666 390 1539 72 47 1520 1476 750 576 217 199 66 133 38 731 31 127 110 656 222 434 310 48
is_linear=0
shrinkage=0.03


Tree=99
num_leaves=31
num_cat=1
split_feature=6 0 6 10 0 16 7 8 0 13 16 7 10 10 19 7 16 7 6 7 3 7 7 9 1 10 3 0 13 8
split_gain=0.271249 0.0511627 0.0145957 0.0115468 0.00772608 0.00496069 0.00451065 0.00395895 0.00480092 0.00365977 0.00347823 0.00900539 0.00435024 0.00361962 0.00335867 0.00567259 0.00479759 0.00526002 0.00361158 0.0034928 0.00367841 0.00346434 0.0039536 0.00333863 0.00324829 0.00345637 0.00322748 0.00377333 0.00344528 0.00308867
threshold=0.092343140730237527 0.48652783205086364 0.18229779119656767 0.25000000000000011 0.57040581497477094 3.5000000000000004 0.1418343327749155 0.088210155466507345 0.43051651313122302 1.0000000180025095e-35 26.500000000000004 0.19614921917087011 0.25000000000000011 0.68301270189221941 0 0.080750032991943985 26.500000000000004 0.087230509471486625 0.19549411162314392 0.059318526023085606 0.044270833333333336 0.052430665001144454 0.047824124604727077 0.18745441283734501 0.054687500000000007 0.68301270189221941 0.070312500000000014 0.40580938271521055 1.0000000180025095e-35 0.099015322869268382
decision_type=2 2 2 2 2 2 2 2 2 2 2 2 2 2 1 2 2 2 2 2 2 2 2 2 2 2 2 2 2 2
left_child=3 2 29 -1 23 -4 7 -7 14 10 11 -6 -12 -14 15 18 19 26 -9 -16 -21 22 -20 -3 25 -23 28 -28 -18 -2
right_child=1 4 5 -5 9 6 -8 8 -10 -11 12 -13 13 -15 16 -17 17 -19 21 20 -22 24 -24 -25 -26 -27 27 -29 -30 -31
leaf_value=-0.0005774163311723946 -5.6886545561242176e-05 -8.2096800142952717e-05 -0.00010318919095840502 -0.00029402893727603245 0.00027160051317217109 0.00037804575188974022 -0.00036747399876804873 -0.00028621594186521444 0.00014024124584398822 0.00043624149319997682 0.00068319963043854393 -0.00040684183086758406 0.00017278364178167303 0.00048512414985512839 8.9282471516292933e-05 -0.00048352287621489367 8.4798251071005088e-05 0.00069441025201063601 2.5348844961224621e-05 4.1256993690275564e-05 -0.00040749282783450225 0.00014956531213015028 -0.00033767161911197685 0.00021399955531286924 -9.6288240274594394e-05 0.00060723721709631353 0.00012047611020261563 -0.00046915680630846892 0.00037420980668078128 -0.00022559272309847928
leaf_weight=587 618 36 127 166 109 44 19 36 782 239 32 21 85 55 92 24 86 17 108 31 35 68 36 714 34 19 28 14.999999999999998 65 116
leaf_count=587 618 36 127 166 109 44 19 36 782 239 32 21 85 55 92 24 86 17 108 31 35 68 36 714 34 19 28 15 65 116
internal_value=3.96678e-06 0.00010983 2.79109e-05 -0.000514944 0.000262119 7.70174e-05 9.18883e-05 9.76306e-05 8.92711e-05 0.00034853 0.000279114 0.000162004 0.000367627 0.000295491 3.18377e-05 -3.84867e-05 9.23176e-05 0.000188426 -4.27928e-06 -3.0187e-05 -0.000196719 3.40225e-05 -6.5408e-05 0.000199787 0.000152353 0.000249522 0.000144084 -8.52159e-05 0.000209381 -8.35488e-05
internal_weight=4444 3691 2400 753 1291 1666 1539 1520 1476 541 302 130 172 140 694 325 369 211 301 158 66 265 144 750 121 87 194 43 151 734
internal_count=4444 3691 2400 753 1291 1666 1539 1520 1476 541 302 130 172 140 694 325 369 211 301 158 66 265 144 750 121 87 194 43 151 734
cat_boundaries=0 1
cat_threshold=280
is_linear=0
shrinkage=0.03


Tree=100
num_leaves=31
num_cat=2
split_feature=0 0 0 1 9 19 3 7 6 0 11 16 11 16 11 7 6 9 9 11 18 19 2 7 16 2 8 13 13 4
split_gain=0.249691 0.0488527 0.0194214 0.0101845 0.00724294 0.00681731 0.00656407 0.00498438 0.00629949 0.00464645 0.00426409 0.00706461 0.00465745 0.00415172 0.00481521 0.00538954 0.00414144 0.00397324 0.00476544 0.00359495 0.00356855 0.00352303 0.00347101 0.00345797 0.00391801 0.0034119 0.00348974 0.00329756 0.00318713 0.00371821
threshold=0.27141557038743097 0.49630345877563281 0.08076589754599578 0.028645833333333336 0.18745441283734501 0 0.039062500000000007 0.097920479806488284 0.27603686635944708 0.66731703608882975 0.93301270189221952 9.5000000000000018 0.25000000000000017 2.5000000000000004 0.6830127018922193 0.068441601191932266 0.31105990783410148 0.10977388767323125 0.64697301239970828 0.93301270189221952 0.49264705882352944 1 0.10156250000000001 0.19614921917087011 27.500000000000004 0.075520833333333343 0.12711936694370876 -0.56174490092936669 1.0000000180025095e-35 0.0078125000000000017
decision_type=2 2 2 2 2 1 2 2 2 2 2 2 2 2 2 2 2 2 2 2 2 1 2 2 2 2 2 2 2 2
left_child=2 3 -1 7 -3 9 17 13 -9 20 12 -12 16 -2 28 -16 25 -5 19 21 -6 -19 -18 -7 -25 -8 -27 -20 -15 -30
right_child=1 4 -4 6 5 23 10 8 -10 -11 11 -13 -14 14 15 -17 22 18 27 -21 -22 -23 -24 24 -26 26 -28 -29 29 -31
leaf_value=-0.0005492619983871207 -0.00036422509843944998 -0.00021272674212059425 -0.00021638396591569685 -0.00034078319442462402 0.00028565721069265747 0.00020376354541457243 7.050557260767478e-05 7.5173238196299822e-05 -0.00069330638795254463 0.00070859273330356768 -0.00029036377681323854 0.00023361209376131502 0.00024071694101149608 -0.00011997462730518572 0.00039050023651585714 -0.00026432871456592567 0.00025223676002986134 -6.4319847632568714e-05 -0.00029131980831521647 -0.00034609118424358879 0.00043656451775862614 0.00013013993075156559 -0.00011806736417734542 -0.00047409744587067007 0.00018237494443928748 9.9536117127003155e-05 -0.00047274111216997632 -2.4920533626949525e-05 -0.00036301806379828209 5.1851699432245908e-05
leaf_weight=625 34 27 211 29 452 391 405 15.999999999999998 24 31 55 40 292 294 46 14.999999999999998 184 106 60 18 205 348 26 14.999999999999998 18 17 22 138 21 262
leaf_count=625 34 27 211 29 452 391 405 16 24 31 55 40 292 294 46 15 184 106 60 18 205 348 26 15 18 17 22 138 21 262
internal_value=1.70509e-06 0.000110413 -0.000465246 3.49981e-05 0.000272765 0.000284553 7.4109e-05 -6.05817e-05 -0.00038592 0.000344671 0.000121856 -6.97422e-05 0.000141097 -4.12157e-05 -2.40015e-05 0.000229475 9.66179e-05 3.00068e-06 1.78814e-05 6.97013e-05 0.000332745 8.61872e-05 0.000206389 0.000174752 -0.000116027 4.46987e-05 -0.000223291 -0.000105649 -5.07992e-05 2.10651e-05
internal_weight=4427 3591 836 2452 1139 1112 1740 712 40 688 1041 95 946 672 638 61 654 699 670 472 657 454 210 424 33 444 39 198 577 283
internal_count=4427 3591 836 2452 1139 1112 1740 712 40 688 1041 95 946 672 638 61 654 699 670 472 657 454 210 424 33 444 39 198 577 283
cat_boundaries=0 1 2
cat_threshold=46 48
is_linear=0
shrinkage=0.03


Tree=101
num_leaves=31
num_cat=2
split_feature=5 0 5 1 9 19 3 5 13 4 9 10 19 16 12 3 1 10 10 5 17 10 16 12 0 13 16 5 1 18
split_gain=0.235494 0.0481385 0.0134458 0.0112214 0.00681489 0.00641441 0.00613968 0.00569679 0.00425282 0.0049684 0.00482725 0.004514 0.00407523 0.00546585 0.00478307 0.00632427 0.00459109 0.00401569 0.00393206 0.00502155 0.00387431 0.00425963 0.00383064 0.00386084 0.00428315 0.00361578 0.00338647 0.00315459 0.00300271 0.0029617
threshold=0.048005409060175801 0.49630345877563281 0.03059499661933739 0.028645833333333336 0.18745441283734501 0 0.044270833333333336 0.49290060851926981 -0.56174490092936669 0.049479166666666671 0.10977388767323125 -0.24999999999999994 1 7.5000000000000009 0.6078576107927941 0.044270833333333336 0.0078125000000000017 0.68301270189221941 -0.24999999999999994 0.057809330628803259 0.32256682483368998 0.93301270189221952 5.5000000000000009 0.6078576107927941 0.35235007425931514 1.0000000180025095e-35 2.5000000000000004 0.10818120351588913 0.080729166666666671 0.49264705882352944
decision_type=2 2 2 2 2 1 2 2 2 2 2 2 1 2 2 2 2 2 2 2 2 2 2 2 2 2 2 2 2 2
left_child=2 3 -1 12 -3 7 8 29 9 -5 -10 -12 13 -2 15 27 -14 -16 19 -18 21 26 -8 24 -24 -22 -20 -15 -11 -6
right_child=1 4 -4 6 5 -7 22 -9 10 28 11 -13 16 14 17 -17 18 -19 20 -21 25 -23 23 -25 -26 -27 -28 -29 -30 -31
leaf_value=-0.00053299671455350305 -0.00024229572112812565 -0.00020634517215256058 -0.00021931795644892618 -0.00018852630064130531 0.00027784415741610285 0.00016950988656681124 -3.0328797461000811e-05 0.00073660233217316435 -0.0003195250868524466 5.376802827466401e-06 0.00019917480825687659 1.7835237490130749e-05 -0.00043362440501858521 0.00031767452194212368 0.00070309374499320082 -0.0002189062780741984 -0.00029481685128878127 9.4061163350640556e-05 -0.00059158256451649779 9.6190195009172912e-05 -0.00068955679533765318 0.00023653273123245723 0.00066614355726163604 5.7460257132887603e-05 0.00018189137492427562 -0.00016221539168802826 -0.00012423301892682109 -4.1821131712936739e-05 0.00044345682661422282 0.00041569392189530924
leaf_weight=627 50 27 153 164 454 424 123 31 29 82 184 376 38 59 20 56 37 19 14.999999999999998 147 22 28 17 268 497 25 200 35 17 203
leaf_count=627 50 27 153 164 454 424 123 31 29 82 184 376 38 59 20 56 37 19 15 147 22 28 17 268 497 25 200 35 17 203
internal_value=1.65839e-06 0.000102848 -0.000471468 2.93971e-05 0.000264582 0.000276017 7.08843e-05 0.000334331 1.30862e-05 -8.72179e-05 5.78741e-05 7.74185e-05 -6.76642e-05 3.51612e-05 0.000110424 3.34689e-05 -0.000114121 0.000406396 -9.0913e-05 1.75626e-05 -0.000159739 -0.000111514 0.000125297 0.000149776 0.000197909 -0.000409065 -0.000156841 0.000183821 8.06064e-05 0.000320438
internal_weight=4427 3647 780 2508 1139 1112 1757 688 852 263 589 560 751 239 189 150 512 39 474 184 290 243 905 782 514 47 215 94 99 657
internal_count=4427 3647 780 2508 1139 1112 1757 688 852 263 589 560 751 239 189 150 512 39 474 184 290 243 905 782 514 47 215 94 99 657
cat_boundaries=0 1 2
cat_threshold=46 234
is_linear=0
shrinkage=0.03


Tree=102
num_leaves=31
num_cat=2
split_feature=0 0 0 1 9 19 3 7 6 17 12 16 7 16 9 9 19 3 6 4 2 0 7 6 10 4 7 16 10 10
split_gain=0.221168 0.0432498 0.0171726 0.00899352 0.00641339 0.00602365 0.0058546 0.00463581 0.00581314 0.00415578 0.00393601 0.00536312 0.00369147 0.00368947 0.0035383 0.00445779 0.00345069 0.00510489 0.00334549 0.00473765 0.00370977 0.00349776 0.00347464 0.0038683 0.00332307 0.00330338 0.00325361 0.00368647 0.0031382 0.00308997
threshold=0.27141557038743097 0.49630345877563281 0.08076589754599578 0.028645833333333336 0.18745441283734501 0 0.039062500000000007 0.097920479806488284 0.27603686635944708 0.40894391966641147 0.6078576107927941 4.5000000000000009 0.15643284819623146 2.5000000000000004 0.10977388767323125 0.64697301239970828 1 0.028645833333333336 0.20519397970534159 0.049479166666666671 0.013020833333333334 0.36531888204622426 0.068441601191932266 0.25072302558398224 -0.6830127018922193 0.013020833333333334 0.19614921917087011 27.500000000000004 -0.24999999999999994 0.93301270189221952
decision_type=2 2 2 2 2 1 2 2 2 2 2 2 2 2 2 2 1 2 2 2 2 2 2 2 2 2 2 2 2 2
left_child=2 3 -1 7 -3 9 14 13 -9 -6 11 28 -11 -2 -5 16 -16 -18 20 22 -15 -21 23 24 -20 -12 -7 -28 -8 -22
right_child=1 4 -4 6 5 26 10 8 -10 12 25 -13 -14 18 15 -17 17 -19 19 21 29 -23 -24 -25 -26 -27 27 -29 -30 -31
leaf_value=-0.00051685447535875493 -0.00034266552715129096 -0.0002001550493391865 -0.00020384066747193081 -0.00032185276659473189 0.00029754734541694933 0.00019256537127633504 0.00021469157280904215 7.2334869242364112e-05 -0.00066588345597807228 0.0003437612547803697 -0.00036383958987245576 0.00018447985453846308 0.00070013940096124523 0.00013325915096876886 -1.8170085840514151e-05 -0.0001028637968162577 0.00025735760702506156 -2.6849602188084296e-05 0.00012464612338489956 -0.00041916602942681971 -0.00015627203981820033 4.233534521398349e-06 -3.7118305575846913e-05 3.0814925476110366e-05 0.00060239887215212372 5.3628241820132497e-05 -0.00046496041173794695 0.00017181898581168181 -0.00021273036376182384 9.3675768159432371e-05
leaf_weight=625 34 27 211 29 582 391 22 15.999999999999998 24 59 18 623 47 64 231 198 149 92 20 22 278 87 43 33 38 326 14.999999999999998 18 52 53
leaf_count=625 34 27 211 29 582 391 22 16 24 59 18 623 47 64 231 198 149 92 20 22 278 87 43 33 38 326 15 18 52 53
internal_value=1.62013e-06 0.000103931 -0.000437853 3.29723e-05 0.000256689 0.000267782 6.97252e-05 -5.6845e-05 -0.000370602 0.000324301 0.000114818 0.000155799 0.000501783 -3.81685e-05 2.5696e-06 1.66122e-05 6.67315e-05 0.000142933 -2.19409e-05 6.56452e-05 -7.5823e-05 -8.12263e-05 0.000185115 0.000290126 0.000437662 3.1783e-05 0.000164542 -0.000117632 -8.56578e-05 -0.00011625
internal_weight=4427 3591 836 2452 1139 1112 1740 712 40 688 1041 697 106 672 699 670 472 241 638 243 395 109 134 91 58 344 424 33 74 331
internal_count=4427 3591 836 2452 1139 1112 1740 712 40 688 1041 697 106 672 699 670 472 241 638 243 395 109 134 91 58 344 424 33 74 331
cat_boundaries=0 1 2
cat_threshold=46 432
is_linear=0
shrinkage=0.03


Tree=103
num_leaves=31
num_cat=3
split_feature=5 5 5 0 5 9 19 7 9 16 6 6 16 16 10 8 7 1 10 7 16 6 17 6 19 1 19 9 7 7
split_gain=0.208629 0.0427868 0.0118816 0.00810804 0.00686297 0.00493011 0.00613458 0.00479606 0.00358613 0.0058035 0.00434776 0.00383435 0.00692027 0.00484219 0.00343018 0.00449563 0.00356953 0.00577748 0.00420235 0.00504582 0.00363345 0.00524114 0.00623172 0.00453435 0.00515953 0.00347827 0.00431513 0.00314432 0.00389174 0.00312324
threshold=0.048005409060175801 0.16125760649087226 0.03059499661933739 0.60785668035134688 0.072008113590263698 0.18745441283734501 0 0.020972266000457252 0.10977388767323125 25.500000000000004 0.12184967424122044 0.15371047195296364 8.5000000000000018 17.500000000000004 -0.24999999999999994 0.078811545216678311 0.084085449125830131 0.028645833333333336 0.25000000000000011 0.10036056523027932 6.5000000000000009 0.25399650405212143 0.21947068334609829 0.30552995391705079 1 0.018229166666666668 2 0.36323851203501106 0.058478410056899105 0.069517593745565695
decision_type=2 2 2 2 2 2 1 2 2 2 2 2 2 2 2 2 2 2 2 2 2 2 2 2 1 2 1 2 2 2
left_child=2 4 -1 5 -2 -3 -7 -6 9 29 -10 12 -12 -14 25 -16 20 -18 -19 -20 21 -17 -23 24 -22 -13 -27 28 -25 -9
right_child=1 3 -4 -5 7 6 -8 8 10 -11 11 14 13 -15 15 16 17 18 19 -21 23 22 -24 27 -26 26 -28 -29 -30 -31
leaf_value=-0.00050159106572392458 -0.00011066671827669869 -5.2761501857266551e-05 -0.00020672224858740804 0.00036369832101416086 0.00050509372994387604 0.00026409746200195067 0.00012523830726153692 -0.00012364429488429725 0.00032443425896733447 0.0003594637099286672 0.00044301506112227266 0.00044482465249335429 -0.00059048711772977027 -0.00010602464028044702 0.00052678174850869343 0.00010391702492699801 -0.00055457116333006758 -0.0003970516356149353 -0.0001347737929770278 0.0005468089557173118 0.0001779519695567938 2.2375615708056437e-05 -0.00057435968194040419 -0.00040045784982901625 -3.7420660311610468e-05 -7.5108156658900953e-05 0.00014782218773756332 0.00029743799421422761 0.00023876731135191381 -0.00051424756373254406
leaf_weight=627 377 76 153 264 19 625 658 58 46 17 18 27 22 119 14.999999999999998 47 26 18 23 17 119 28 36 14.999999999999998 438 101 296 95 20 27
leaf_count=627 377 76 153 264 19 625 658 58 46 17 18 27 22 119 15 47 26 18 23 17 119 28 36 15 438 101 296 95 20 27
internal_value=1.57029e-06 9.68134e-05 -0.000443752 0.000211564 4.79754e-06 0.00018201 0.000195917 3.12275e-05 2.56968e-05 -0.000146523 3.72083e-05 2.82808e-05 -0.000110903 -0.000181618 4.50334e-05 1.17969e-05 3.03806e-06 -0.000182978 -1.63956e-05 0.000154905 2.26189e-05 -0.000136636 -0.000313292 4.83503e-05 1.11158e-05 0.000115347 9.29384e-05 0.000207885 -3.51899e-05 -0.000247723
internal_weight=4427 3647 780 1623 2024 1359 1283 1647 1628 102 1526 1480 159 141 1321 897 882 84 58 40 798 111 64 687 557 424 397 130 35 85
internal_count=4427 3647 780 1623 2024 1359 1283 1647 1628 102 1526 1480 159 141 1321 897 882 84 58 40 798 111 64 687 557 424 397 130 35 85
cat_boundaries=0 1 2 3
cat_threshold=106 515 272
is_linear=0
shrinkage=0.03


Tree=104
num_leaves=31
num_cat=1
split_feature=0 0 0 1 9 19 11 8 16 6 7 6 18 16 2 7 4 16 11 7 10 12 9 11 7 0 7 9 12 7
split_gain=0.196095 0.0384501 0.0151114 0.00798917 0.00583855 0.00548522 0.00462752 0.00695336 0.00650566 0.00440725 0.00418884 0.00550753 0.00404079 0.00512153 0.00361504 0.00575997 0.00377923 0.00337384 0.00435439 0.00483477 0.0032952 0.00328903 0.00449932 0.0034653 0.00668416 0.00327537 0.00390013 0.00323314 0.0031236 0.00310099
threshold=0.27141557038743097 0.49630345877563281 0.08076589754599578 0.028645833333333336 0.18745441283734501 0 0.93301270189221952 0.15463481449481423 10.500000000000002 0.27235023041474665 0.097920479806488284 0.27603686635944708 0.49558823529411766 22.500000000000004 0.049479166666666671 0.084085449125830131 0.065104166666666671 2.5000000000000004 0.6830127018922193 0.068441601191932266 -0.5 1.0000000180025095e-35 0.88366156090444947 0.6830127018922193 0.053262949793462168 0.4823181611744996 0.077908510372592374 0.59117432530999292 1.0000000180025095e-35 0.19614921917087011
decision_type=2 2 2 2 2 1 2 2 2 2 2 2 2 2 2 2 2 2 2 2 2 2 2 2 2 2 2 2 2 2
left_child=2 3 -1 10 -3 12 7 9 -8 21 17 -12 -6 -14 15 -9 -17 -2 -19 28 -15 22 -5 -23 -25 26 27 -16 -20 -7
right_child=1 4 -4 6 5 29 8 14 -10 -11 11 -13 13 20 25 16 -18 18 19 -21 -22 23 -24 24 -26 -27 -28 -29 -30 -31
leaf_value=-0.00048635781307857439 -0.0003270856622173573 -0.00019395598137443481 -0.00019272961420674643 9.199865376868644e-05 0.00026476277112374058 0.00018148950232947924 -0.0002894210989097878 0.0001969019227670161 0.00017920432759633862 0.00012713575916249844 7.9230078109040352e-05 -0.00063932128925779641 0.00017981054713052359 0.00077348104967760699 0.00048649082953107253 0.00041071357593854766 0.0010228099882688118 -4.5870067331636875e-05 0.0001926186267125317 -0.00024704349128349757 0.00043813379149632221 -7.8961978404092951e-05 -0.00030004147027916627 -0.00031716796907706846 0.00037378780210420797 0.00035556724255390919 -0.00021975702103191225 1.5259753872745643e-05 0.0007116656834720023 -0.00012134480122933434
leaf_weight=625 34 27 211 446 491 391 73 73 42 471 15.999999999999998 24 55 35 20 23 14.999999999999998 577 30 14.999999999999998 107 377 28 18 42 38 36 38 15.999999999999998 33
leaf_count=625 34 27 211 446 491 391 73 73 42 471 16 24 55 35 20 23 15 577 30 15 107 377 28 18 42 38 36 38 16 33
internal_value=1.56402e-06 9.79014e-05 -0.000412249 3.09956e-05 0.000241934 0.000252518 6.56355e-05 7.86505e-05 -0.000118271 5.26284e-05 -5.36582e-05 -0.000351906 0.000306363 0.000425597 0.000226644 0.000352826 0.000652351 -3.59049e-05 -2.03869e-05 0.000220656 0.000520795 1.41069e-05 6.88396e-05 -4.52599e-05 0.000166499 0.000120534 2.5518e-05 0.000177759 0.000373168 0.000154281
internal_weight=4427 3591 836 2452 1139 1112 1740 1625 115 1382 712 40 688 197 243 111 38 672 638 61 142 911 474 437 60 132 94 58 46 424
internal_count=4427 3591 836 2452 1139 1112 1740 1625 115 1382 712 40 688 197 243 111 38 672 638 61 142 911 474 437 60 132 94 58 46 424
cat_boundaries=0 1
cat_threshold=46
is_linear=0
shrinkage=0.03


Tree=105
num_leaves=31
num_cat=1
split_feature=5 20 6 20 5 11 17 20 17 10 9 11 18 4 6 6 4 13 2 2 12 3 6 18 19 6 16 6 11 16
split_gain=0.183991 0.0450678 0.0133716 0.00853261 0.00555317 0.004395 0.00495614 0.00421083 0.00389217 0.00379321 0.00367344 0.00358422 0.00325546 0.00306888 0.00410944 0.00306262 0.00316522 0.00295081 0.00424071 0.00290772 0.00419673 0.00278237 0.0026819 0.0026293 0.00425554 0.00298412 0.00270445 0.00432954 0.00378709 0.00324546
threshold=0.040398918187964851 0.47556016327877837 0.18229779119656767 0.58542297693482837 0.17748478701825562 0.93301270189221952 0.22423623521402439 0.67858564256313125 0.36282018551612638 0.25000000000000011 0.17396061269146609 0.6830127018922193 0.45735294117647063 0.11718750000000001 0.66175115207373281 0.29631336405529957 0.12760416666666669 1.0000000180025095e-35 0.0078125000000000017 0.075520833333333343 0.6078576107927941 0.075520833333333343 0.32119815668202772 0.47500000000000003 0 0.14012394724296842 17.500000000000004 0.14668679485142225 0.25000000000000017 11.500000000000002
decision_type=2 2 2 2 2 2 2 2 2 2 2 2 2 2 2 2 2 2 2 2 2 2 2 2 1 2 2 2 2 2
left_child=9 2 8 13 5 11 12 -5 23 -1 -8 15 -7 14 -3 19 21 18 -11 -4 -21 -17 -12 25 26 -2 29 28 -28 -25
right_child=1 3 4 7 -6 6 10 -9 -10 17 22 -13 -14 -15 -16 16 -18 -19 -20 20 -22 -23 -24 24 -26 -27 27 -29 -30 -31
leaf_value=-0.00048026411946898982 -0.00010314527788420195 0.00015191778652415692 4.403575850206203e-05 0.00029709613254027525 -0.00045897188058200333 0.00042462352402582756 -0.00069852859880929687 0.00069038350094066572 0.00024535004219666167 0.00018779590368964423 0.00012516251897722115 0.00019452727668104811 -5.9637952534450281e-05 0.00028124316226369031 -0.00021155656561439655 9.8257584106162951e-05 -0.00026730404494255901 -0.0004560575048740054 -0.00034373121812180985 6.29605914321562e-05 -0.00035889528411293709 0.00031015519583928002 -0.00040198178608185156 -0.00019491733181347469 4.898369980845738e-05 -0.0002907026991986863 -7.9201189410822492e-05 0.00037531777336313933 -0.00053831054051449879 -0.00067046667612962428
leaf_weight=590 183 807 799 425 19 15.999999999999998 17 26 28 22 15.999999999999998 188 57 164 29 170 15.999999999999998 49 35 44 41 83 19 67 173 131 159 17 18 15.999999999999998
leaf_count=590 183 807 799 425 19 16 17 26 28 22 16 188 57 164 29 170 16 49 35 44 41 83 19 67 173 131 159 17 18 16
internal_value=-2.81857e-06 8.07761e-05 -2.49009e-06 0.000211443 5.06021e-05 5.72067e-05 -0.000112927 0.00031977 -0.000102038 -0.000450578 -0.000336744 7.30657e-05 4.65059e-05 0.000162586 0.000139309 5.32609e-05 0.000141895 -0.000285342 -0.000138581 2.62894e-05 -0.000140525 0.000167774 -0.000161005 -0.00011477 -6.82802e-05 -0.000181394 -0.000138293 -8.19708e-05 -0.000125893 -0.000286596
internal_weight=4424 3728 2277 1451 1485 1466 125 451 792 696 52 1341 73 1000 836 1153 269 106 57 884 85 253 35 764 450 314 277 194 177 83
internal_count=4424 3728 2277 1451 1485 1466 125 451 792 696 52 1341 73 1000 836 1153 269 106 57 884 85 253 35 764 450 314 277 194 177 83
cat_boundaries=0 1
cat_threshold=597
is_linear=0
shrinkage=0.03


Tree=106
num_leaves=31
num_cat=2
split_feature=1 5 6 5 0 19 6 7 9 8 13 16 9 16 9 0 16 3 19 7 1 11 3 3 7 6 8 2 3 6
split_gain=0.178124 0.0365104 0.0130854 0.0120126 0.00516427 0.00445862 0.00433731 0.00508292 0.00409043 0.00509646 0.0051972 0.00426794 0.0035831 0.00355865 0.00347718 0.00317023 0.00380552 0.00369436 0.00311591 0.00307018 0.00446676 0.00374625 0.00341622 0.00423116 0.0030902 0.00305735 0.00355724 0.00287394 0.002847 0.00293509
threshold=0.013020833333333334 0.21517917511832321 0.18229779119656767 0.024256254225828267 0.67858564256313125 0 0.13449864929286512 0.024592161741940167 0.60649161196207169 0.087591098708121498 1.0000000180025095e-35 26.500000000000004 0.18745441283734501 2.5000000000000004 0.5087527352297595 0.2426380079608694 16.500000000000004 0.023437500000000003 1 0.11872966494569266 0.080729166666666671 -0.5 0.085937500000000014 0.059895833333333336 0.074812514672966332 0.2898617511520738 0.15242185369161029 0.028645833333333336 0.13281250000000003 0.29170506912442401
decision_type=2 2 2 2 2 1 2 2 2 2 2 2 2 2 2 2 2 2 1 2 2 2 2 2 2 2 2 2 2 2
left_child=3 2 5 -1 12 15 -7 -8 9 -9 14 -10 -3 -4 -11 -2 17 -17 28 20 22 -21 23 -20 -25 -22 -27 -13 29 -15
right_child=1 4 13 -5 -6 6 7 8 11 10 -12 27 -14 18 -16 16 -18 -19 19 21 25 -23 -24 24 -26 26 -28 -29 -30 -31
leaf_value=-0.00045885720304173145 -0.00046375412349428021 -0.00020411157085587094 -9.6396677312548702e-05 -0.0002083529656159511 0.00066967278791508133 0.00014150844918976789 0.00033082162749807159 -1.8282960653962481e-05 -0.00024318544428420956 -0.00025334251785783435 -9.423667261987604e-05 -3.7183488767777126e-05 0.00024886090074485826 7.5895686233467801e-05 -0.00081147949730509764 -0.00013305405848501668 -6.1824071016807828e-05 -0.00051335473921414936 5.5909984384096178e-05 -0.00052659789306307148 0.00041238131388436714 1.4387086569940565e-05 0.00019895729182518287 -4.4878094151671431e-05 -0.0003432488913530654 -7.1695832437633578e-05 0.0003768740982862579 0.00050650482319843223 -0.00020538498939276872 0.00019544419923924077
leaf_weight=624 28 15.999999999999998 105 238 26 124 24 60 23 15.999999999999998 31 14.999999999999998 885 340 27 56 219 39 612 18 50 32 105 157 39 41 26 21 22 405
leaf_count=624 28 16 105 238 26 124 24 60 23 16 31 15 885 340 27 56 219 39 612 18 50 32 105 157 39 41 26 21 22 405
internal_value=-2.7307e-06 9.09138e-05 3.39456e-05 -0.000389693 0.000252846 -7.90738e-05 -2.81184e-08 -8.09077e-05 -0.000132109 -0.000223751 -0.000390345 7.60294e-05 0.000240817 7.34908e-05 -0.000603811 -0.000153402 -0.000130611 -0.000289181 8.31488e-05 4.87475e-05 6.03433e-05 -0.000180374 3.79788e-05 1.70594e-05 -0.000104249 0.000234861 0.000102379 0.000279973 0.000129268 0.000140885
internal_weight=4424 3562 2635 862 927 683 341 217 193 134 74 59 901 1952 43 342 314 95 1847 1080 1030 50 913 808 196 117 67 36 767 745
internal_count=4424 3562 2635 862 927 683 341 217 193 134 74 59 901 1952 43 342 314 95 1847 1080 1030 50 913 808 196 117 67 36 767 745
cat_boundaries=0 1 2
cat_threshold=593 675
is_linear=0
shrinkage=0.03


Tree=107
num_leaves=31
num_cat=1
split_feature=5 0 6 0 5 5 16 5 17 8 19 17 2 0 10 6 6 16 2 4 2 13 2 10 16 12 17 8 10 4
split_gain=0.162985 0.0399948 0.0118362 0.00770677 0.00514207 0.00380394 0.0037956 0.00566401 0.00367065 0.00357929 0.00392178 0.00512063 0.00409755 0.00382392 0.00340067 0.00288223 0.00359277 0.00406678 0.00437476 0.00332216 0.00284125 0.00274447 0.00401954 0.00271977 0.00713883 0.00516117 0.00464796 0.00395563 0.00356178 0.00280519
threshold=0.040398918187964851 0.47556016327877837 0.18229779119656767 0.58542297693482837 0.17748478701825562 0.60243407707910757 3.5000000000000004 0.098377281947261683 0.36282018551612638 0.092439340042364718 0 0.34343176467251019 0.039062500000000007 0.36817239475186264 0.25000000000000011 0.66175115207373281 0.54239631336405547 15.500000000000002 0.12239583333333334 0.096354166666666671 0.049479166666666671 1.0000000180025095e-35 0.0078125000000000017 -0.5 26.500000000000004 1.0000000180025095e-35 0.40894391966641147 0.10631676495396537 -0.6830127018922193 0.044270833333333336
decision_type=2 2 2 2 2 2 2 2 2 2 1 2 2 2 2 2 2 2 2 2 2 2 2 2 2 2 2 2 2 2
left_child=14 2 8 15 6 -5 7 -4 9 10 20 12 -12 -11 -1 16 23 -18 -19 -17 -2 22 -16 24 -3 -26 27 -25 -27 -29
right_child=1 3 4 5 -6 -7 -8 -9 -10 13 11 -13 -14 -15 21 19 17 18 -20 -21 -22 -23 -24 26 25 28 -28 29 -30 -31
leaf_value=-0.00045218137878820671 -0.00013407805037834102 0.00010581309054958115 -0.00061508093263816857 0.00028591247566136282 -0.00044280925518993126 0.00077179254585653932 6.8309192053761199e-05 -2.4036707002532858e-05 0.00024128889758203041 -0.00032731871609364093 0.00024187282808046207 -0.00034032031560047741 -0.00019124506468024734 -2.7241805621789517e-05 0.00019166753126479251 -0.00039324514619537549 0.00013781323142704122 0.00064869111518452345 0.00010397670139200758 0.00010590479545817178 0.00022328634915377523 -0.00043225918067788172 -0.0003258127358772312 0.00047617454130369647 0.00019658187214216627 0.00036258773709852939 0.00060256270841453174 -4.7918150782451267e-05 0.00083697287705598779 0.0001123434187884544
leaf_weight=590 430 204 17 436 19 14.999999999999998 1346 103 28 116 92 23 25 57 22 18 59 44 19 36 21 49 35 22 55 28 15.999999999999998 140 29 330
leaf_count=590 430 204 17 436 19 15 1346 103 28 116 92 23 25 57 22 18 59 44 19 36 21 49 35 22 55 28 16 140 29 330
internal_value=-2.6488e-06 7.60293e-05 -2.41067e-06 0.000199122 4.75405e-05 0.000302074 5.38959e-05 -0.000107772 -9.6069e-05 -0.000108433 -7.3301e-05 6.42897e-05 0.000149325 -0.00022845 -0.000424073 0.00015269 0.000164859 0.000316799 0.000484416 -6.04827e-05 -0.00011489 -0.00026762 -0.000126084 0.000142362 0.000211468 0.000403908 9.93753e-05 8.30103e-05 0.000603952 6.46059e-05
internal_weight=4424 3728 2277 1451 1485 451 1466 120 792 764 591 140 117 173 696 1000 946 122 63 54 451 106 57 824 316 112 508 492 57 470
internal_count=4424 3728 2277 1451 1485 451 1466 120 792 764 591 140 117 173 696 1000 946 122 63 54 451 106 57 824 316 112 508 492 57 470
cat_boundaries=0 1
cat_threshold=849
is_linear=0
shrinkage=0.03


Tree=108
num_leaves=31
num_cat=3
split_feature=1 5 6 5 0 19 6 7 9 8 13 16 19 9 7 9 16 9 16 7 19 0 16 13 7 1 11 3 3 6
split_gain=0.15842 0.0323974 0.011459 0.0104356 0.00466101 0.00405469 0.00403661 0.00483996 0.00380744 0.0046727 0.00488998 0.00401623 0.00352749 0.00393104 0.00573464 0.00329963 0.00327873 0.00448219 0.00320481 0.0029259 0.00292141 0.00290579 0.00356626 0.00365005 0.00279168 0.00412184 0.00352477 0.00318994 0.00399903 0.0029045
threshold=0.013020833333333334 0.21517917511832321 0.18229779119656767 0.024256254225828267 0.67858564256313125 0 0.13449864929286512 0.024592161741940167 0.60649161196207169 0.087591098708121498 1.0000000180025095e-35 26.500000000000004 1 0.58242159008023353 0.19614921917087011 0.5087527352297595 26.500000000000004 0.4584245076586434 2.5000000000000004 0.16947311116436589 2 0.2426380079608694 16.500000000000004 1.0000000180025095e-35 0.11872966494569266 0.080729166666666671 -0.5 0.085937500000000014 0.059895833333333336 0.2898617511520738
decision_type=2 2 2 2 2 1 2 2 2 2 2 2 1 2 2 2 2 2 2 2 1 2 2 2 2 2 2 2 2 2
left_child=3 2 5 -1 12 21 -7 -8 9 -9 15 -10 -3 16 -15 -11 19 -18 -4 -14 -20 -2 23 -23 25 27 -26 28 -22 -27
right_child=1 4 18 -5 -6 6 7 8 11 10 -12 -13 13 14 -16 -17 17 -19 20 -21 24 22 -24 -25 26 29 -28 -29 -30 -31
leaf_value=-0.00043196651236397285 -0.00044162373287595072 0.00030143375145597718 -9.2133526309498974e-05 -0.00019848328784369108 0.00063427902603492071 0.00013818987117870455 0.00032539063344661959 -1.8015193269177019e-05 -0.00023518956396439649 -0.00023993113141677563 -8.7050612148165804e-05 0.00027230753256495151 2.5530472197679932e-05 0.00025487186256253365 -0.00028101522375598875 -0.00078363113532068469 0.00051096241242656849 2.7803648914352152e-05 0.00012287363567797325 -0.00036619737568912024 5.2122737953455423e-05 -0.00041184567557682526 -5.6087834242550305e-05 -2.1293226120021166e-05 -0.00050932241703171134 0.0003967215244962213 1.5427553365318733e-05 0.00019012345188140328 -0.00010358113044156839 9.45676956678572e-05
leaf_weight=624 28 375 105 238 26 124 24 60 23 15.999999999999998 31 36 78 332 19 27 27 48 767 22 612 62 219 33 18 50 32 105 196 67
leaf_count=624 28 375 105 238 26 124 24 60 23 16 31 36 78 332 19 27 27 48 767 22 612 62 219 33 18 50 32 105 196 67
internal_value=-2.56932e-06 8.5744e-05 3.20804e-05 -0.000367502 0.000238283 -7.36824e-05 1.59995e-06 -7.6378e-05 -0.00012634 -0.000214756 -0.000374274 7.4469e-05 0.000226855 0.00016482 0.000225863 -0.000581334 5.18042e-05 0.000201745 6.90866e-05 -6.06525e-05 7.82518e-05 -0.000144564 -0.000122677 -0.000276182 4.50076e-05 5.60513e-05 -0.000173489 3.45677e-05 1.43529e-05 0.000223696
internal_weight=4424 3562 2635 862 927 683 341 217 193 134 74 59 901 526 351 43 175 75 1952 100 1847 342 314 95 1080 1030 50 913 808 117
internal_count=4424 3562 2635 862 927 683 341 217 193 134 74 59 901 526 351 43 175 75 1952 100 1847 342 314 95 1080 1030 50 913 808 117
cat_boundaries=0 1 2 3
cat_threshold=593 34 675
is_linear=0
shrinkage=0.03


Tree=109
num_leaves=31
num_cat=2
split_feature=1 20 6 20 16 10 7 9 19 6 7 9 18 16 9 16 10 18 19 4 7 7 7 6 10 20 20 14 2 9
split_gain=0.149082 0.0303097 0.0112492 0.00945501 0.00457995 0.00540076 0.00539561 0.00422013 0.00370815 0.00379805 0.00455393 0.00358243 0.0046382 0.00377888 0.00328309 0.00584428 0.00549329 0.00438193 0.00559714 0.00433271 0.0042993 0.0035224 0.00338247 0.00328709 0.00396716 0.00354399 0.00318052 0.00313257 0.00299449 0.00369266
threshold=0.013020833333333334 0.52923474082410504 0.18229779119656767 1.0000000180025095e-35 25.500000000000004 -0.5 0.16947311116436589 0.52552881108679805 0 0.13449864929286512 0.024592161741940167 0.60649161196207169 0.49264705882352944 26.500000000000004 0.17396061269146609 25.500000000000004 -0.24999999999999994 0.48088235294117648 1 0.023437500000000003 0.096876202392636931 0.11742592553505851 0.13674255023899876 0.33594470046082953 0.25000000000000011 0.44566508779923081 0.49186532472164229 1.0000000180025095e-35 0.096354166666666671 0.4584245076586434
decision_type=2 2 2 2 2 2 2 2 1 2 2 2 2 2 2 2 2 2 1 2 2 2 2 2 2 2 2 2 2 2
left_child=3 2 8 -1 6 28 7 -3 -2 -10 -11 12 -12 -13 15 -4 19 22 21 27 23 -19 -18 25 -25 -20 -22 -16 29 -6
right_child=1 4 14 -5 5 -7 -8 -9 9 10 11 13 -14 -15 16 -17 17 18 20 -21 26 -23 -24 24 -26 -27 -28 -29 -30 -31
leaf_value=-0.00041962183518515011 -0.00013812943656643396 2.1037070934934591e-05 -9.983712804400369e-05 -0.00020014007420770895 0.0006890077846012691 0.00026005429051054397 -0.00018906256373138605 0.00026677745111596104 0.00013404420922622073 0.00031562931857381348 -0.00027784027465578369 -0.00022813419205756078 0.00023973636717410503 0.00026413853390928286 -0.00019745677539715787 0.00029722890599263684 1.0894703371033883e-05 4.3267841339102354e-05 0.00025645858517455529 0.00018967717621821571 0.00080612775142293257 -0.00036329979242482983 -0.00043015788456183054 5.3573007998931899e-06 0.00049028791576636351 -3.1899387443327496e-05 0.00021462851904941713 0.00028852709038740103 0.00089142941547686212 0.00018809237141258008
leaf_weight=614 343 87 201 248 26 414 36 227 124 24 116 23 18 36 47 40 712 221 68 510 18 21 15.999999999999998 22 49 88 14.999999999999998 15.999999999999998 17 27
leaf_count=614 343 87 201 248 26 414 36 227 124 24 116 23 18 36 47 40 712 221 68 510 18 21 16 22 49 88 15 16 17 27
internal_value=-2.46347e-06 8.32074e-05 3.48206e-05 -0.000356477 0.000241479 0.000301263 0.000158807 0.00019869 -7.04898e-05 1.5519e-06 -7.40868e-05 -0.00012255 -0.000208314 7.2235e-05 7.00615e-05 -3.39331e-05 8.39621e-05 4.82212e-05 0.00011641 0.000160683 0.000209279 7.66893e-06 1.20066e-06 0.000170813 0.00034003 9.3796e-05 0.000537279 -7.40297e-05 0.000544975 0.000433833
internal_weight=4424 3562 2728 862 834 484 350 314 684 341 217 193 134 59 2044 241 1803 1230 502 573 260 242 728 227 71 156 33 63 70 53
internal_count=4424 3562 2728 862 834 484 350 314 684 341 217 193 134 59 2044 241 1803 1230 502 573 260 242 728 227 71 156 33 63 70 53
cat_boundaries=0 1 2
cat_threshold=593 282
is_linear=0
shrinkage=0.03


Tree=110
num_leaves=31
num_cat=3
split_feature=6 5 6 19 17 6 0 16 9 5 8 1 3 8 7 3 4 8 19 5 3 6 17 7 6 19 7 3 17 7
split_gain=0.142421 0.0320802 0.00675253 0.00622812 0.00817035 0.00608457 0.00398746 0.00387601 0.00411801 0.00373882 0.00349875 0.00359678 0.00430669 0.00402292 0.00343971 0.00318498 0.003778 0.00304058 0.00626913 0.00385334 0.00303895 0.00296072 0.0028079 0.00273117 0.00264719 0.00272108 0.00411916 0.00423974 0.00456983 0.00509762
threshold=0.088076669873904903 0.15314401622718055 0.54239631336405547 0 0.19874904263466944 0.20519397970534159 0.23559660932262541 4.5000000000000009 0.80598103574033564 0.18762677484787021 0.10707025556729419 0.10156250000000001 0.091145833333333343 0.36060968689366818 0.096392604787514213 0.0078125000000000017 0.018229166666666668 0.09958636803033781 1 0.10158891142663963 0.013020833333333334 0.083426028921023368 0.34343176467251019 0.1598231199900437 0.20761163197203245 2 0.049184323483876809 0.049479166666666671 0.27423198025699952 0.077341895504554822
decision_type=2 2 2 1 2 2 2 2 2 2 2 2 2 2 2 2 2 2 1 2 2 2 2 2 2 1 2 2 2 2
left_child=6 5 10 7 9 15 -1 -4 -9 -5 -3 13 -13 23 -10 16 -2 18 -17 -19 -7 -8 -20 -12 -22 26 -26 28 -28 -30
right_child=1 2 3 4 -6 20 21 8 14 -11 11 12 -14 -15 -16 17 -18 19 22 -21 24 -23 -24 -25 25 -27 27 -29 29 -31
leaf_value=-0.00040305709851339369 0.00044575249470135784 0.00036086934872089704 3.2185259173202645e-05 -1.5850959255609894e-05 0.00020024231468019677 0.00036830750700368124 7.115260665290025e-05 0.00031736962469309214 0.00093823126665851535 -0.00062824724623691851 9.4638131472018613e-05 0.00029358086971619776 3.6032960317385477e-05 -0.00029163135315442642 0.00044593119955484953 -0.00010895304673328532 -3.6774994937001232e-05 -0.00032446003297610979 0.00015462915528554146 -3.2129887875254726e-05 0.00039413096597147601 -0.00036971584197554577 -0.0001834068552443584 0.00047855950288612763 0.00024025507799521376 -7.8599154149727946e-06 0.00032051984984601887 0.00014422242291586981 -0.00034547581270243929 0.00023991639556448515
leaf_weight=665 23 57 34 19 144 25 29 266 18 17 874 192 84 24 44 462 40 93 148 72 18 26 26 17 119 677 17 113 63 17
leaf_count=665 23 57 34 19 144 25 29 266 18 17 874 192 84 24 44 462 40 93 148 72 18 26 26 17 119 677 17 113 63 17
internal_value=3.31177e-06 7.83772e-05 0.000169661 0.000258078 9.39631e-05 -7.03745e-06 -0.000382753 0.000328025 0.000368691 -0.000305048 0.000131262 0.000120273 0.000215197 9.16396e-05 0.00058887 -6.59909e-05 0.00013939 -8.21446e-05 -5.23732e-05 -0.000196899 4.15191e-05 -0.000137261 9.84587e-05 0.000101964 3.35405e-05 2.70882e-05 9.6314e-05 1.93329e-05 -0.000126157 -0.000221079
internal_weight=4423 3703 1790 542 180 1913 720 362 328 36 1248 1191 276 915 62 864 63 801 636 165 1049 55 174 891 1024 1006 329 210 97 80
internal_count=4423 3703 1790 542 180 1913 720 362 328 36 1248 1191 276 915 62 864 63 801 636 165 1049 55 174 891 1024 1006 329 210 97 80
cat_boundaries=0 1 2 3
cat_threshold=38 849 550
is_linear=0
shrinkage=0.03


Tree=111
num_leaves=31
num_cat=0
split_feature=0 5 5 5 7 9 3 16 11 17 1 2 1 7 11 0 0 2 4 0 4 16 0 3 7 17 1 13 17 4
split_gain=0.133885 0.0316839 0.00736278 0.00479309 0.00412385 0.0031471 0.00313392 0.00338144 0.00384536 0.00418643 0.00373829 0.00404679 0.00337984 0.00335177 0.00306194 0.0029466 0.00286735 0.00265659 0.00270527 0.00271327 0.00263967 0.00341338 0.00272121 0.00258173 0.00256952 0.00252864 0.00252702 0.00250482 0.0050431 0.00450853
threshold=0.23559660932262541 0.14300202839756596 0.21805273833671404 0.069979716024340791 0.02149017771572934 0.97957695113056176 0.12239583333333334 5.5000000000000009 0.6830127018922193 0.28818823929878318 0.080729166666666671 0.049479166666666671 0.096354166666666671 0.047129306201442851 -0.68301270189221952 0.67858564256313125 0.51931752276443832 0.091145833333333343 0.023437500000000003 0.43918682946971144 0.091145833333333343 3.5000000000000004 0.54033000023206745 0.0078125000000000017 0.079237953319248058 0.23500127648710753 0.091145833333333343 1.0000000180025095e-35 0.27125351033954564 0.11197916666666667
decision_type=2 2 2 2 2 2 2 2 2 2 2 2 2 2 2 2 2 2 2 2 2 2 2 2 2 2 2 2 2 2
left_child=-1 3 6 -2 -5 15 7 13 9 24 -10 -12 -13 -3 -8 16 -4 18 -11 -20 -18 -22 -23 -6 -9 -26 -21 -25 29 -29
right_child=1 2 5 4 23 -7 14 8 10 17 11 12 -14 -15 -16 -17 20 -19 19 26 21 22 -24 27 25 -27 -28 28 -30 -31
leaf_value=-0.00038303189164515635 -0.00010614316509828394 0.00032216584407764129 0.00058595373288920403 0.00041590724057860356 0.00024194640763015515 0.00055591958311630198 -0.00040218336189602164 0.00036531390719633875 0.00017961631844596278 -0.00010751100536642892 0.00089425366495665605 0.00061751005557220357 -9.3015095309348714e-06 -9.0267928204566033e-05 5.1356039160959171e-05 0.00058782734631058738 0.00014168611570795298 -0.00012805850823661459 0.0004970968974169612 7.0085605411618939e-05 -6.1965173627294759e-05 0.00049523304771705685 0.0002422632763783645 -4.3183628863741154e-05 -0.00023713932945913598 0.00023732741890217815 0.00027242880628797618 0.00032513175187343839 -1.934660698565482e-06 -0.0001980533971591741
leaf_weight=683 438 21 17 22 39 24 21 78 146 56 14.999999999999998 15.000000000000002 15.999999999999998 114 37 18 446 56 15.999999999999998 382 30 43 348 701 14.999999999999998 31 65 84 428 18
leaf_count=683 438 21 17 22 39 24 21 78 146 56 15 15 16 114 37 18 446 56 16 382 30 43 348 701 15 31 65 84 428 18
internal_value=3.20452e-06 7.37392e-05 0.000154747 -2.03803e-05 8.69423e-06 0.000216871 0.000101679 0.000113807 0.000135007 0.000102343 0.000253922 0.000489753 0.000294005 -2.61097e-05 -0.000112861 0.000207849 0.000200111 6.82483e-05 8.943e-05 0.00011325 0.000192545 0.000246423 0.000270085 1.63983e-06 0.000260441 8.26082e-05 9.95097e-05 -5.97365e-06 4.32418e-05 0.000232804
internal_weight=4423 3740 2010 1730 1292 926 1084 1026 891 699 192 46 31 135 58 902 884 575 519 463 867 421 391 1270 124 46 447 1231 530 102
internal_count=4423 3740 2010 1730 1292 926 1084 1026 891 699 192 46 31 135 58 902 884 575 519 463 867 421 391 1270 124 46 447 1231 530 102
is_linear=0
shrinkage=0.03


Tree=112
num_leaves=31
num_cat=2
split_feature=6 5 6 19 17 19 11 0 18 5 0 16 11 8 18 8 11 17 7 8 3 8 8 11 8 8 11 7 6 13
split_gain=0.126321 0.0284763 0.00612967 0.00578886 0.00747382 0.00552417 0.00442725 0.00406382 0.00365546 0.00352299 0.00348939 0.00337739 0.00395648 0.00334269 0.00363545 0.0036641 0.00480398 0.00490664 0.00446452 0.00444139 0.00393923 0.00332517 0.00470316 0.00339901 0.00330681 0.00581265 0.00431676 0.00651853 0.00481261 0.00386532
threshold=0.088076669873904903 0.15314401622718055 0.54239631336405547 0 0.19874904263466944 1 -0.9330127018922193 0.66731703608882975 0.43382352941176472 0.18762677484787021 0.23559660932262541 5.5000000000000009 0.6830127018922193 0.10707025556729419 0.5102941176470589 0.35159761643159942 0.6830127018922193 0.27207075553364507 0.1418343327749155 0.23115397234354332 0.12239583333333334 0.1482181984897806 0.13052933333219532 0.25000000000000017 0.19123505505912505 0.15928412133379541 1.0000000180025095e-35 0.053878726895501002 0.1494994438264739 1.0000000180025095e-35
decision_type=2 2 2 1 2 1 2 2 2 2 2 2 2 2 2 2 2 2 2 2 2 2 2 2 2 2 2 2 2 2
left_child=10 5 13 6 9 24 -4 -8 -6 -5 -1 21 -13 -3 15 16 17 -15 19 -18 -19 22 23 -7 25 26 -2 29 -29 -28
right_child=1 2 3 4 8 11 7 -9 -10 -11 -12 12 -14 14 -16 -17 18 20 -20 -21 -22 -23 -24 -25 -26 -27 27 28 -30 -31
leaf_value=-0.00037947445559386231 -0.00013338883229370275 0.00034765031967686486 0.00067549519903389041 -1.4559636726858e-05 -0.00023952148582686908 -0.00017613373802600362 0.00025852084556107633 0.00064913854326395623 0.00024142691481401289 -0.00060901743561921475 -0.00013083209611909762 3.8625430690770019e-05 0.00024380785703685687 0.00027908323013842309 0.00027845671242922581 -0.00017878873450145183 0.0002538389703287962 5.9088407044073971e-05 0.00061023686407498691 -5.7601530013521413e-05 -0.00028684277860783331 0.00012941396862509009 -0.00056078201792094404 0.00027630273501688104 -0.00034705740381744157 0.00024437597975286843 -0.00022531944099415192 -0.00018590610755052519 0.00029220788941517194 6.718683900452535e-05
leaf_weight=665 447 57 29 19 15.999999999999998 70 307 26 128 17 55 844 94 90 108 42 174 668 24 54 31 44 23 19 36 55 97 24 90 70
leaf_count=665 447 57 29 19 16 70 307 26 128 17 55 844 94 90 108 42 174 668 24 54 31 44 23 19 36 55 97 24 90 70
internal_value=3.10842e-06 7.38037e-05 0.000159807 0.000244048 8.65245e-05 -6.67018e-06 0.000311382 0.000289021 0.000187987 -0.000295285 -0.000360481 3.73499e-05 5.91877e-05 0.000123222 0.000112481 9.5929e-05 0.000107013 7.05911e-05 0.000221047 0.000180077 4.37463e-05 -9.15617e-05 -0.000178374 -7.95442e-05 -6.51319e-05 -5.30012e-05 -7.54682e-05 1.6669e-05 0.000191552 -0.000102712
internal_weight=4423 3703 1790 542 180 1913 362 333 144 36 720 1094 938 1248 1191 1083 1041 789 252 228 699 156 112 89 819 783 728 281 114 167
internal_count=4423 3703 1790 542 180 1913 362 333 144 36 720 1094 938 1248 1191 1083 1041 789 252 228 699 156 112 89 819 783 728 281 114 167
cat_boundaries=0 1 2
cat_threshold=38 273
is_linear=0
shrinkage=0.03


Tree=113
num_leaves=31
num_cat=1
split_feature=6 5 6 11 19 11 18 11 11 6 9 16 16 10 13 7 0 16 9 16 10 0 13 6 7 7 0 6 6 6
split_gain=0.118856 0.0268266 0.0069658 0.00545476 0.00522329 0.00493606 0.00520012 0.00445584 0.00674933 0.00526587 0.00589481 0.00520014 0.00437328 0.00430175 0.00754751 0.00395523 0.00885554 0.0039289 0.00400674 0.00375877 0.00340185 0.00328316 0.00303994 0.00360428 0.00452126 0.00386073 0.00358217 0.00390706 0.00561159 0.00323481
threshold=0.088076669873904903 0.14300202839756596 0.54239631336405547 -0.9330127018922193 0 -0.5 0.48970588235294121 0.93301270189221952 0.6830127018922193 0.47142857142857153 0.59992706053975209 26.500000000000004 7.5000000000000009 0.25000000000000011 -0.56174490092936669 0.093614801865352454 0.58757867942685726 4.5000000000000009 0.53610503282275734 9.5000000000000018 0.68301270189221941 0.23559660932262541 1.0000000180025095e-35 0.10865814623958596 0.05326294979346325 0.05468897878109228 0.29001749062968413 0.27603686635944708 0.25852534562211987 0.30184331797235031
decision_type=2 2 2 2 1 2 2 2 2 2 2 2 2 2 2 2 2 2 2 2 2 2 2 2 2 2 2 2 2 2
left_child=21 4 7 -4 22 6 -5 8 -3 11 -11 19 -9 14 -13 -15 -17 -7 -19 -10 -20 -1 23 -2 -25 -26 -24 28 -28 -29
right_child=1 2 3 5 -6 17 -8 12 9 10 -12 13 -14 15 -16 16 -18 18 20 -21 -22 -23 26 24 25 -27 27 29 -30 -31
leaf_value=-0.00036809022928556694 0.00011402228774334867 8.8325686613364261e-05 0.00059376771816989663 -9.5268716013600458e-05 3.7672283370000283e-05 -1.6178190270989699e-05 0.00039462713292983423 -0.00047617416546183477 0.00019297395908589532 0.00017608229621721833 -0.00053175334887357189 0.0010367808313623001 2.4725349176607124e-05 0.0001551422359950882 0.00036474466352615369 0.0010102611597311597 0.00012184447987940202 0.00017289782019679938 0.00078111574457345669 -0.0003569295252574304 0.00033880625251322407 -0.00012690720479726185 -0.00021116975279928681 -0.00021523293111686922 0.00044048493971100638 -6.4133049839033268e-05 5.1217572766593338e-05 -0.00052835582430854676 0.00064923896120386727 -9.1656070242910363e-06
leaf_weight=665 55 1065 36 78 823 42 26 21 44 36 14.999999999999998 21 62 88 53 18 23 153 17 14.999999999999998 197 55 61 287 14.999999999999998 151 241 18 14.999999999999998 27
leaf_count=665 55 1065 36 78 823 42 26 21 44 36 15 21 62 88 53 18 23 153 17 15 197 55 61 287 15 151 241 18 15 27
internal_value=3.01517e-06 7.15896e-05 0.000145696 0.000236803 -1.6393e-05 0.000211751 2.72079e-05 0.000111461 0.000124319 0.000246789 -3.2111e-05 0.000301079 -0.000102012 0.000373132 0.000555469 0.000268532 0.000511896 0.000258677 0.000290131 5.31643e-05 0.000373946 -0.000349667 -6.71981e-05 -0.000115309 -0.000143153 -1.85327e-05 -1.53939e-06 4.09444e-05 8.62603e-05 -0.000216849
internal_weight=4423 3703 2010 549 1693 513 104 1461 1378 313 51 262 83 203 74 129 41 409 367 59 214 720 870 508 453 166 362 301 256 45
internal_count=4423 3703 2010 549 1693 513 104 1461 1378 313 51 262 83 203 74 129 41 409 367 59 214 720 870 508 453 166 362 301 256 45
cat_boundaries=0 1
cat_threshold=401
is_linear=0
shrinkage=0.03


Tree=114
num_leaves=31
num_cat=2
split_feature=6 5 6 19 19 11 11 6 9 8 11 0 8 0 7 4 6 8 5 11 8 8 12 11 11 6 6 7 13 6
split_gain=0.111833 0.0252391 0.00655413 0.00525401 0.00491591 0.00419251 0.00635046 0.00495467 0.00554645 0.00405054 0.00391981 0.00370527 0.00340186 0.00392024 0.00641338 0.0033624 0.00324966 0.00452406 0.00313921 0.00306695 0.0030512 0.00304448 0.00371718 0.00349996 0.0059151 0.0029456 0.00441965 0.00368839 0.00286028 0.00339127
threshold=0.088076669873904903 0.14300202839756596 0.54239631336405547 0 1 0.93301270189221952 0.6830127018922193 0.47142857142857153 0.59992706053975209 0.20249421316166533 -0.9330127018922193 0.66731703608882975 0.13549404229770393 0.5513258104366211 0.077483937672895853 0.059895833333333336 0.66635944700460847 0.26495406874879129 0.024256254225828267 -0.5 0.69152498185537314 0.19010694606400499 -1.0000000180025095e-35 0.93301270189221952 0.6830127018922193 0.30184331797235031 0.29354838709677428 0.070577206193085482 1.0000000180025095e-35 0.10865814623958596
decision_type=2 2 2 1 1 2 2 2 2 2 2 2 2 2 2 2 2 2 2 2 2 2 2 2 2 2 2 2 2 2
left_child=18 4 5 10 28 6 25 12 -9 -5 -4 -12 -8 14 -14 -16 17 19 -1 -11 -18 23 -23 24 -6 26 -3 -28 29 -2
right_child=1 2 3 9 21 -7 7 8 -10 16 11 -13 13 -15 15 -17 20 -19 -20 -21 -22 22 -24 -25 -26 -27 27 -29 -30 -31
leaf_value=-0.00036448039063269143 0.00011060167918661191 5.2216293358589885e-05 0.00063741862138421985 0.00027703931007549618 8.4483382582637988e-06 -9.8952260015212212e-05 0.00015333524669111371 0.00017079997319098598 -0.0005158018073704424 -0.0003806808473280197 0.00024464276336295162 0.00061763061673219351 0.00022617188315905901 0.00020881448777649623 0.00055784725112706314 0.0010746139030614152 -0.00056819125889342342 0.00028413740008752621 -0.00018409604169528418 0.00012075883289327357 2.7366689945131634e-05 -6.1660490466863713e-05 0.00045969576274170626 -0.00043174492334441001 0.00034301260984803396 0.00011962139043555864 6.9131485461633091e-05 -0.0005188957581382784 -1.493212492276711e-06 -0.00013885851489258723
leaf_weight=619 55 297 29 66 705 83 99 36 14.999999999999998 23 307 26 41 71 34 17 16.000000000000004 46 101 21 14.999999999999998 20 32 14.999999999999998 51 728 15.999999999999998 24 362 453
leaf_count=619 55 297 29 66 705 83 99 36 15 23 307 26 41 71 34 17 16 46 101 21 15 20 32 15 51 728 16 24 362 453
internal_value=2.9273e-06 6.9445e-05 0.000141326 0.000229699 -1.58945e-05 0.000108117 0.00012059 0.000239386 -3.11479e-05 8.35244e-05 0.000294758 0.000273767 0.000292047 0.000376293 0.00050554 0.00073012 -1.51278e-05 7.61172e-05 -0.000339177 -0.00014136 -0.000280026 3.65557e-05 0.000259177 2.20148e-05 3.10186e-05 8.56759e-05 1.23455e-05 -0.000283689 -6.51822e-05 -0.00011185
internal_weight=4423 3703 2010 549 1693 1461 1378 313 51 187 362 333 262 163 92 51 121 90 720 44 31 823 52 771 756 1065 337 40 870 508
internal_count=4423 3703 2010 549 1693 1461 1378 313 51 187 362 333 262 163 92 51 121 90 720 44 31 823 52 771 756 1065 337 40 870 508
cat_boundaries=0 1 2
cat_threshold=38 401
is_linear=0
shrinkage=0.03


Tree=115
num_leaves=31
num_cat=4
split_feature=6 5 0 19 7 6 12 19 4 10 8 7 6 18 7 8 16 5 6 18 2 8 4 18 19 7 19 8 10 8
split_gain=0.0987495 0.0231827 0.0154041 0.00720042 0.00388151 0.00363418 0.00371006 0.00359966 0.00426696 0.0034752 0.00871131 0.0058389 0.00344494 0.00521999 0.00536215 0.00517629 0.00365483 0.00304458 0.00299377 0.0028512 0.00370246 0.00306277 0.00273481 0.00272916 0.00536936 0.00448155 0.00474477 0.00404694 0.00735259 0.00685043
threshold=0.18229779119656767 0.024256254225828267 0.45871292428797134 0 0.22769620777782279 0.77741935483870983 -0.60785761079279388 1 0.065104166666666671 1.0000000180025095e-35 0.072578775498485251 0.040067457934811222 0.13122517082472593 0.47500000000000003 0.033653789512837727 0.090788790738736233 12.500000000000002 0.065111561866125781 0.69262672811059922 0.43382352941176472 0.12239583333333334 0.28621043842988975 0.059895833333333336 0.48088235294117648 2 0.047824124604727077 3 0.16016043406048669 1.0000000180025095e-35 0.14899102893320368
decision_type=2 2 2 1 2 2 2 1 2 2 2 2 2 2 2 2 2 2 2 2 2 2 2 2 1 2 1 2 2 2
left_child=1 -1 23 4 22 6 -5 9 12 10 11 -3 15 -14 17 -9 -16 -15 19 21 -21 -8 -4 25 27 26 -2 29 -29 -25
right_child=2 7 3 5 -6 -7 18 8 -10 -11 -12 -13 13 14 16 -17 -18 -19 -20 20 -22 -23 -24 24 -26 -27 -28 28 -30 -31
leaf_value=-0.00034876166209536584 -5.8960669201660684e-05 0.00043763355550350543 0.00011070055950079129 0.00017706874942322682 0.00066167942736615254 0.00042922326637283157 -0.00032988297509623188 -2.6385459572433859e-05 0.00044009841257975512 -0.00028447343895641135 -0.00030959057387866789 -0.00021559493345786393 -0.00027804253761049149 2.39208240871788e-06 9.8592243722580767e-05 0.00049233436679438055 -0.00024560904697015068 0.00046606239427122011 -0.00027760876271228937 5.957599796249345e-05 0.00026888537034494689 0.0001922976698694877 0.00026502261746863786 -2.1423685805239876e-05 0.00020528985422321407 -8.1823625556920208e-05 0.00018383844178895405 -0.00016086487851579438 0.00059110684593723399 -0.00066515850261180634
leaf_weight=629 135 35 139 346 19 30 31 195 14.999999999999998 171 64 19 134 26 41 19 86 25 23 658 86 14.999999999999998 403 212 150 485 141 22 25 15.999999999999998
leaf_count=629 135 35 139 346 19 30 31 195 15 171 64 19 134 26 41 19 86 25 23 658 86 15 403 212 150 485 141 22 25 16
internal_value=-9.66779e-06 -0.000211393 9.05763e-05 0.000147146 0.000236014 0.00010237 9.47921e-05 -0.00010729 -5.77357e-05 -0.000191432 -7.28215e-05 0.000207794 -7.30309e-05 -0.000136615 -3.0146e-05 1.96712e-05 -0.000134489 0.000229686 5.97763e-05 6.95992e-05 8.37707e-05 -0.000159606 0.000225446 7.10497e-06 6.80013e-05 -2.69042e-05 6.96028e-05 -1.38455e-05 0.000239124 -6.66008e-05
internal_weight=4395 1459 2936 1750 561 1189 1159 830 541 289 118 54 526 312 178 214 127 51 813 790 744 46 542 1186 425 761 276 275 47 228
internal_count=4395 1459 2936 1750 561 1189 1159 830 541 289 118 54 526 312 178 214 127 51 813 790 744 46 542 1186 425 761 276 275 47 228
cat_boundaries=0 1 2 3 4
cat_threshold=34 17 376 337
is_linear=0
shrinkage=0.03


Tree=116
num_leaves=31
num_cat=3
split_feature=6 5 0 19 12 1 7 7 6 19 4 10 8 7 6 18 7 8 19 7 8 10 13 4 1 8 8 7 5 6
split_gain=0.0929348 0.0218126 0.0146592 0.00704668 0.00422093 0.00451207 0.00390535 0.00341655 0.00389003 0.00338692 0.0040148 0.00326982 0.00819648 0.00549384 0.00324135 0.00491149 0.00504526 0.00487039 0.00321351 0.00526343 0.00330097 0.00622861 0.00514272 0.00410525 0.00440258 0.00315339 0.00309159 0.00304983 0.00330821 0.00328902
threshold=0.18229779119656767 0.024256254225828267 0.43337287022347554 0 1.0000000180025095e-35 0.091145833333333343 0.22769620777782279 0.092848179558897223 0.28433179723502316 1 0.065104166666666671 1.0000000180025095e-35 0.072578775498485251 0.040067457934811222 0.13122517082472593 0.47500000000000003 0.033653789512837727 0.090788790738736233 2 0.057482738463101604 0.16278022763403752 1.0000000180025095e-35 -0.22252093395631442 0.085937500000000014 0.033854166666666671 0.13241653228399899 0.10569381147397909 0.16947311116436589 0.27281947261663292 0.44562211981566829
decision_type=2 2 2 1 2 2 2 2 2 1 2 2 2 2 2 2 2 2 1 2 2 2 2 2 2 2 2 2 2 2
left_child=1 -1 7 6 5 26 -4 18 -9 11 14 12 13 -3 17 -16 -17 -11 19 -2 23 22 -22 -20 -25 -21 -5 28 29 -6
right_child=2 9 3 4 27 -7 -8 8 -10 10 -12 -13 -14 -15 15 16 -18 -19 20 25 21 -23 -24 24 -26 -27 -28 -29 -30 -31
leaf_value=-0.00033829882840828631 0.00028122986351583525 0.00042450492519904777 0.00020499859811534256 0.00038343455121162711 5.1954721467550122e-05 0.00026747341845702126 0.00064183008006377497 -6.2181235474435083e-05 -0.00063019010969832885 -2.5593900330740937e-05 0.00042689633940553711 -0.00027593928469642009 -0.00030030299941586638 -0.00020912743185205063 -0.00026970132705672232 0.00022279582730151153 -0.00013045440565016302 0.00047756511241296197 -3.6420565142072822e-05 -0.00036795633287841137 -0.00040872466336346373 0.00043643963747249048 0.00018332994838836522 -0.00066554689960708169 -1.8834621599153602e-05 0.00018045708846630738 8.5808079002776044e-05 -0.0002475067466315226 0.00020605649412981368 -0.00015538704434305966
leaf_weight=629 81 35 602 33 404 184 19 30 17 195 14.999999999999998 171 64 19 134 51 127 19 530 23 23 37 31 20 18 15.999999999999998 652 33 100 83
leaf_count=629 81 35 602 33 404 184 19 30 17 195 15 171 64 19 134 51 127 19 530 23 23 37 31 20 18 16 652 33 100 83
internal_value=-9.3552e-06 -0.000205051 8.78928e-05 0.000129835 9.22924e-05 0.000135576 0.000214904 -1.92468e-05 -0.00026764 -0.000104071 -5.60036e-05 -0.000185689 -7.06369e-05 0.00020156 -7.084e-05 -0.000132516 -2.92416e-05 1.90811e-05 -4.25996e-06 0.000132338 -3.06764e-05 0.000136603 -6.88444e-05 -5.80168e-05 -0.000359218 -0.000142967 0.000100147 3.31134e-05 4.88898e-05 1.6617e-05
internal_weight=4395 1459 2936 2110 1489 869 621 826 47 830 541 289 118 54 526 312 178 214 779 120 659 91 54 568 38 39 685 620 587 487
internal_count=4395 1459 2936 2110 1489 869 621 826 47 830 541 289 118 54 526 312 178 214 779 120 659 91 54 568 38 39 685 620 587 487
cat_boundaries=0 1 2 3
cat_threshold=34 17 642
is_linear=0
shrinkage=0.03


Tree=117
num_leaves=31
num_cat=2
split_feature=6 5 5 0 19 18 5 7 7 19 4 6 18 7 8 16 16 3 8 3 16 5 12 7 12 5 0 6 11 8
split_gain=0.0874424 0.0205235 0.0138255 0.00525683 0.00468858 0.0046644 0.00464095 0.00413843 0.00354992 0.00318676 0.00377754 0.00304979 0.00462123 0.00474709 0.00458256 0.00343884 0.00304636 0.00624477 0.0029483 0.00431918 0.004211 0.00286466 0.00269087 0.00360458 0.00268624 0.00295386 0.00264412 0.00263376 0.00323149 0.0032187
threshold=0.18229779119656767 0.024256254225828267 0.20385395537525358 0.4201331308126896 0 0.43970588235294122 0.49290060851926981 0.13361070511376938 0.092848179558897223 1 0.065104166666666671 0.13122517082472593 0.47500000000000003 0.033653789512837727 0.090788790738736233 12.500000000000002 3.5000000000000004 0.054687500000000007 0.15928412133379541 0.059895833333333336 11.500000000000002 0.065111561866125781 -0.60785761079279388 0.12106829783344576 1.0000000180025095e-35 0.35801217038539557 0.40714532703290862 0.30552995391705079 0.25000000000000017 0.1117864860989408
decision_type=2 2 2 2 1 2 2 2 2 1 2 2 2 2 2 2 2 2 2 2 2 2 2 2 2 2 2 2 2 2
left_child=1 -1 3 8 6 -6 -4 22 16 -3 11 14 -13 21 -11 -15 17 -2 19 -18 -20 -14 -5 27 -7 -26 -22 28 29 -24
right_child=2 9 4 7 5 24 -8 -9 -10 10 -12 12 13 15 -16 -17 18 -19 20 -21 26 -23 23 -25 25 -27 -28 -29 -30 -31
leaf_value=-0.00032814986961819399 -0.00053152724449105344 -0.00018011811494178143 0.00020289560945481274 0.00014875285101092285 -0.00026497444503703784 0.00019306330870692349 0.00056727901260878735 -0.00033465861313427354 -0.00035059384722954879 -2.4826087300814275e-05 0.00041409031197975788 -0.00026161034468011096 -4.3632948608027524e-06 9.9548088025867021e-05 0.00046323890762920117 -0.00023432727323122144 2.3344123942843719e-05 0.00018467439764776491 -0.00018844129363236551 -0.00018715183247143736 0.0003659661687759785 0.00044539747567092549 8.2536521484967402e-05 0.00051297560173656318 6.1352071675747739e-05 -0.00038765712866730849 -8.2516672198800861e-05 9.7987975303325496e-05 0.00011306751522577258 -0.0001271522034662614
leaf_weight=629 28 289 673 366 33 160 33 22 30 195 14.999999999999998 134 26 41 19 86 360 18 24 116 56 25 96 14.999999999999998 109 14.999999999999998 14.999999999999998 418 139 210
leaf_count=629 28 289 673 366 33 160 33 22 30 195 15 134 26 41 19 86 360 18 24 116 56 25 96 15 109 15 15 418 139 210
internal_value=-9.07454e-06 -0.000198899 8.5256e-05 3.76497e-05 0.000174279 7.03915e-05 0.000216857 7.32014e-05 -3.19152e-05 -0.000100949 -5.43234e-05 -6.87148e-05 -0.000128541 -2.83643e-05 1.85087e-05 -0.000126541 -1.64198e-05 -0.000251277 2.50081e-06 -2.79535e-05 0.000155092 0.000216112 8.04147e-05 5.19273e-05 0.000111839 7.03375e-06 0.000271216 4.39131e-05 -6.88089e-06 -6.13675e-05
internal_weight=4395 1459 2936 1913 1023 317 706 1266 647 830 541 526 312 178 214 127 617 46 571 476 95 51 1244 878 284 124 71 863 445 306
internal_count=4395 1459 2936 1913 1023 317 706 1266 647 830 541 526 312 178 214 127 617 46 571 476 95 51 1244 878 284 124 71 863 445 306
cat_boundaries=0 1 2
cat_threshold=166 17
is_linear=0
shrinkage=0.03


Tree=118
num_leaves=31
num_cat=0
split_feature=6 5 1 4 13 0 7 16 3 6 7 9 13 8 6 11 8 8 3 4 8 7 6 3 11 8 1 0 4 11
split_gain=0.0822966 0.0192991 0.0132017 0.00516791 0.00349451 0.00445551 0.00723189 0.00490126 0.00423728 0.00720296 0.00396046 0.00482203 0.0033736 0.00334894 0.00428316 0.00325743 0.00320545 0.00447082 0.00361749 0.00436645 0.00310492 0.00317622 0.00308932 0.00303741 0.00272061 0.0057274 0.00327958 0.00459164 0.00266165 0.00277051
threshold=0.18229779119656767 0.024256254225828267 0.054687500000000007 0.096354166666666671 1.0000000180025095e-35 0.45871292428797134 0.095648249209454236 17.500000000000004 0.070312500000000014 0.307373271889401 0.068200183856979943 0.32676878191101399 0.81174490092936691 0.19814297748565238 0.33594470046082953 0.25000000000000017 0.13549404229770393 0.16223252142188269 0.049479166666666671 0.044270833333333336 0.12257353191986238 0.049184323483876809 0.24654377880184339 0.075520833333333343 -0.9330127018922193 0.19123505505912505 0.070312500000000014 0.43144704750910573 0.065104166666666671 0.6830127018922193
decision_type=2 2 2 2 2 2 2 2 2 2 2 2 2 2 2 2 2 2 2 2 2 2 2 2 2 2 2 2 2 2
left_child=1 -1 4 12 13 6 7 10 20 -10 -6 -12 24 14 16 -5 -2 18 -18 -20 21 -9 -23 -15 25 26 27 -4 29 -3
right_child=2 28 3 15 5 -7 -8 8 9 -11 11 -13 -14 23 -16 -17 17 -19 19 -21 -22 22 -24 -25 -26 -27 -28 -29 -30 -31
leaf_value=-0.00031830539566327044 1.0026383101073607e-05 -0.00012062769724837245 0.00035981333761758889 0.00016663802748998838 -8.3654136392672004e-06 0.00017512896899164146 -0.00051552098845955867 0.00024973469410194063 -0.00040003299102056653 0.00040075552258852853 -9.6750533882661177e-05 -0.00078812401838559737 0.00022470682345784808 -0.00036704884272638924 0.00027428500291957819 0.00033408647786612366 -0.00011895180800356912 0.00012250465219950651 -0.00012028987677811628 -0.00075434754381897211 0.0003231529703438304 6.347376977341872e-05 -0.00043543265599121374 -2.7312349460047836e-05 9.7057743328311409e-05 0.00034251845074585556 -0.00045490996954076449 -0.00038245331931395607 0.00026283227740223286 0.0001037179825308312
leaf_weight=629 354 759 15.000000000000002 335 97 199 23 48 31 14.999999999999998 23 14.999999999999998 177 50 43 152 62 37 17 23 80 37 15.999999999999998 45 976 21 30 14.999999999999998 18 53
leaf_count=629 354 759 15 335 97 199 23 48 31 15 23 15 177 50 43 152 62 37 17 23 80 37 16 45 976 21 30 15 18 53
internal_value=-8.8146e-06 -0.000192969 8.26983e-05 0.000136149 6.98712e-06 5.98723e-05 2.97824e-07 3.30722e-05 0.0001182 -0.000138903 -0.000110069 -0.000369675 0.000103491 -4.1959e-05 -1.28624e-05 0.000218902 -3.79082e-05 -0.000159985 -0.000262457 -0.000484883 0.000183542 7.29572e-05 -8.71449e-05 -0.000206123 8.31923e-05 -8.38773e-05 -0.000233119 -1.13204e-05 -9.79856e-05 -0.000105984
internal_weight=4395 1459 2936 1721 1215 584 385 362 227 46 135 38 1234 631 536 487 493 139 102 40 181 101 53 95 1057 81 60 30 830 812
internal_count=4395 1459 2936 1721 1215 584 385 362 227 46 135 38 1234 631 536 487 493 139 102 40 181 101 53 95 1057 81 60 30 830 812
is_linear=0
shrinkage=0.03


Tree=119
num_leaves=31
num_cat=2
split_feature=6 0 0 19 9 12 17 7 19 6 18 17 7 7 10 7 17 16 0 10 10 16 15 0 16 1 11 4 16 6
split_gain=0.0774329 0.0181113 0.0124288 0.00626202 0.00466723 0.00369727 0.0035505 0.00352925 0.00344744 0.00874113 0.0046174 0.0038326 0.00325801 0.0031695 0.00313338 0.00326392 0.00370747 0.00307666 0.00305052 0.00295618 0.0118904 0.00339566 0.00290941 0.00312953 0.00303966 0.00364293 0.00289868 0.00280903 0.00277148 0.00321434
threshold=0.18229779119656767 0.08076589754599578 0.43337287022347554 0 0.97957695113056176 1.0000000180025095e-35 0.40894391966641147 0.22769620777782279 1 0.13122517082472593 0.47500000000000003 0.32622428205782822 0.16947311116436589 0.1418343327749155 1.0000000180025095e-35 0.03766259298495573 0.29240798288626951 19.500000000000004 0.33191062339496863 -0.5 -0.6830127018922193 12.500000000000002 1.0000000180025095e-35 0.30960096628317918 3.5000000000000004 0.044270833333333336 0.25000000000000017 0.059895833333333336 21.500000000000004 0.7009216589861752
decision_type=2 2 2 1 2 2 2 2 1 2 2 2 2 2 2 2 2 2 2 2 2 2 2 2 2 2 2 2 2 2
left_child=1 -1 22 7 5 6 13 27 14 -10 11 -11 19 -5 15 16 -3 -18 26 20 -7 -22 23 -2 25 -25 -16 -4 -29 -30
right_child=2 8 3 4 -6 12 -8 -9 9 10 -12 -13 -14 -15 18 -17 17 -19 -20 -21 21 -23 -24 24 -26 -27 -28 28 29 -31
leaf_value=-0.00030775339902460548 0.00036282882958234866 -0.00021613959959957134 8.9824221504203582e-05 0.00011506412260736296 0.00051779784294140175 -2.2414487630064331e-05 0.00033279990747007575 0.00060470910208818029 0.0001633534773234045 -0.00037215563134763697 -2.2002444969265597e-05 -1.7994221418673927e-05 -0.00027836263271575201 -0.00014694358034137762 -0.00017285969774328593 -0.00019133405930804094 0.00058501411764489818 7.761035776900245e-05 -0.00064680005726260135 5.0762677636193657e-08 0.0002556121367367414 0.00081984876316830945 -0.00031359419186063035 -0.00038046471941702173 8.4576435931221222e-07 8.2858250622165828e-05 -0.00059264432816405856 0.00014615459726368784 0.00035635554307058453 7.8826695931624198e-05
leaf_weight=634 20 26 179 747 22 95 64 19 138 88 167 40 31 44 198 84 14.999999999999998 38 14.999999999999998 446 15.999999999999998 24 29 42 711 24 15.999999999999998 189 187 47
leaf_count=634 20 26 179 747 22 95 64 19 138 88 167 40 31 44 198 84 15 38 15 446 16 24 29 42 711 24 16 189 187 47
internal_value=-8.55017e-06 -0.00018718 8.02174e-05 0.000118837 8.35289e-05 7.75854e-05 0.000117879 0.000198947 -9.45215e-05 -3.29601e-05 -0.000125912 -0.000261481 2.12924e-05 0.00010049 -0.000157659 -6.1147e-05 7.72803e-05 0.000221224 -0.000233239 3.72813e-05 0.000160279 0.000594166 -1.84352e-05 -7.69502e-06 -1.72328e-05 -0.000211985 -0.000204248 0.000189444 0.0002316 0.000300613
internal_weight=4395 1459 2936 2110 1489 1467 855 621 825 433 295 128 612 791 392 163 79 53 229 581 135 40 826 797 777 66 214 602 423 234
internal_count=4395 1459 2936 2110 1489 1467 855 621 825 433 295 128 612 791 392 163 79 53 229 581 135 40 826 797 777 66 214 602 423 234
cat_boundaries=0 1 2
cat_threshold=34 529
is_linear=0
shrinkage=0.03


Tree=120
num_leaves=31
num_cat=0
split_feature=6 5 6 7 9 16 10 18 7 7 7 18 7 17 7 4 5 17 4 9 4 9 7 13 0 9 6 5 13 12
split_gain=0.0767921 0.0171798 0.00643778 0.00514447 0.00512331 0.00713648 0.00383329 0.00456039 0.00460973 0.00436771 0.004836 0.0035464 0.00349189 0.00335829 0.00347224 0.00396799 0.00367795 0.00345318 0.00403576 0.00321588 0.00312929 0.00309585 0.00291379 0.00348767 0.00284487 0.00272335 0.00269065 0.00394477 0.00369013 0.00351197
threshold=0.092343140730237527 0.21517917511832321 0.20519397970534159 0.1418343327749155 0.17396061269146609 28.500000000000004 -0.24999999999999994 0.48088235294117648 0.11872966494569266 0.11470218836877218 0.081225236952003121 0.4485294117647059 0.053262949793462168 0.3752021104586844 0.040747545603109198 0.023437500000000003 0.10425963488843815 0.29652795506765389 0.044270833333333336 0.52552881108679805 0.023437500000000003 0.18745441283734501 0.047129306201442851 -0.56174490092936669 0.41741515485649366 0.37272064186725029 0.10865814623958596 0.058992562542258299 1.0000000180025095e-35 0.6078576107927941
decision_type=2 2 2 2 2 2 2 2 2 2 2 2 2 2 2 2 2 2 2 2 2 2 2 2 2 2 2 2 2 2
left_child=-1 2 13 4 5 -4 20 9 12 10 -8 -12 22 14 17 16 -16 18 -2 -17 -6 -3 23 -9 -14 -19 29 28 -28 -27
right_child=1 21 3 -5 6 -7 7 8 -10 -11 11 -13 24 -15 15 19 -18 25 -20 -21 -22 -23 -24 -25 -26 26 27 -29 -30 -31
leaf_value=-0.00028251232112884087 -0.00016296761365989541 -0.00021175938628223399 -0.00014209820573983278 -0.0004569986219202858 -7.3356584651495355e-05 0.00038623591705303954 1.2060622096070312e-05 -0.00019365315221271976 -0.00040072003178560217 0.00040770066305662262 -0.00058310841097992516 -0.00012771274960169299 0.00037599417878692064 0.00028369247217205834 -0.00032566083888789965 -0.00018985209148364364 -1.7948924677653235e-05 0.00036215226013530183 0.0002616919025094156 6.9959884396938264e-05 0.00016407645308485463 0.00017521901011882362 -0.00021229924053040261 0.00021931890558642662 0.00014413859082890997 0.00032654998105989866 -0.00067669832186988089 2.9980305065394151e-05 -1.126446682778758e-05 -0.00017521467578512071
leaf_weight=730 162 19 200 18 56 26 566 26 14.999999999999998 22 19 81 60 26 122 72 49 24 23 106 463 895 39 63 231 48 15.000000000000002 165 14.999999999999998 17
leaf_count=730 162 19 200 18 56 26 566 26 15 22 19 81 60 26 122 72 49 24 23 106 463 895 39 63 231 48 15 165 15 17
internal_value=-1.67324e-06 5.46026e-05 1.68998e-05 4.77319e-05 5.25983e-05 -8.1315e-05 7.1041e-05 3.98564e-05 0.000116007 -8.18074e-06 -2.19192e-05 -0.000214243 0.000134507 -5.19609e-05 -6.26299e-05 -0.000134281 -0.000237487 -9.31165e-06 -0.000110171 -3.51331e-05 0.000138457 0.000167174 3.92381e-06 9.86746e-05 0.000191945 5.63891e-05 2.81636e-05 -2.75555e-05 -0.000343993 0.000195319
internal_weight=4373 3643 2729 1885 1867 226 1641 1122 434 688 666 100 419 844 818 349 171 469 185 178 519 914 128 89 291 284 260 195 30 65
internal_count=4373 3643 2729 1885 1867 226 1641 1122 434 688 666 100 419 844 818 349 171 469 185 178 519 914 128 89 291 284 260 195 30 65
is_linear=0
shrinkage=0.03


Tree=121
num_leaves=31
num_cat=1
split_feature=1 1 19 5 4 9 16 9 16 9 7 18 10 8 8 16 7 17 8 8 16 4 3 7 7 3 5 9 9 17
split_gain=0.069902 0.0154079 0.00792482 0.00513797 0.00484267 0.00452831 0.00339075 0.00372449 0.00371232 0.00330343 0.00314216 0.00305356 0.0051207 0.00791895 0.00405194 0.00413043 0.00374349 0.00297265 0.00304465 0.00472933 0.00313115 0.00374719 0.00362942 0.00345354 0.00289325 0.00354883 0.00288676 0.00280167 0.00655465 0.00279436
threshold=0.013020833333333334 0.075520833333333343 0 0.015973630831643004 0.023437500000000003 0.18745441283734501 16.500000000000004 0.32676878191101399 12.500000000000002 0.39897884755652818 0.024356284575033051 0.47794117647058826 1.0000000180025095e-35 0.17890958504461263 0.12764341896183354 10.500000000000002 0.079791135151608045 0.2758488639264744 0.21743680224164993 0.23702998767234346 27.500000000000004 0.085937500000000014 0.049479166666666671 0.055089635996602375 0.036173359327714573 0.018229166666666668 0.16328600405679514 0.51531728665207888 0.52224653537563837 0.40894391966641147
decision_type=2 2 1 2 2 2 2 2 2 2 2 2 2 2 2 2 2 2 2 2 2 2 2 2 2 2 2 2 2 2
left_child=3 2 10 -1 6 -3 7 -4 -9 -5 -2 16 14 -14 15 -13 24 18 20 -20 22 23 -12 -22 -6 -26 -18 -11 -29 -7
right_child=1 5 4 9 11 29 -8 8 -10 27 17 12 13 -15 -16 -17 26 -19 19 -21 21 -23 -24 -25 25 -27 -28 28 -30 -31
leaf_value=-0.00029425945276107462 0.00037290271645763512 -0.00012916620506613281 -4.0241884262106995e-05 -0.00032877044943885032 -0.00015835096623761005 0.00014251122569340147 -6.1507511397836329e-05 -0.00027476082710282311 -0.00079759694336623043 0.00025041439195709744 -0.0001486683010830905 0.00027884671195147555 0.00010275092846455011 0.00074053270097439237 -0.00028250983797898103 -9.2260559680145058e-05 -0.00047435759583055125 3.6603777648149632e-05 -0.00030035128609949931 0.00014123921560619342 0.00043704417842020378 0.00079853755250700259 0.00026878148948195139 -0.00010941703931002861 -0.00028487449767476702 6.2308547749680561e-05 -0.00010641907444283151 -0.00063363173017573862 -3.9826373351644618e-05 0.00027934740973342871
leaf_weight=602 31 50 49 57 91 896 282 66 14.999999999999998 22 29 41 225 19 52 79 28 780 28 99 34 15.999999999999998 53 14.999999999999998 29 307 61 19 140 158
leaf_count=602 31 50 49 57 91 896 282 66 15 22 29 41 225 19 52 79 28 780 28 99 34 16 53 15 29 307 61 19 140 158
internal_value=-1.62305e-06 5.68619e-05 1.4625e-05 -0.000247608 -3.40398e-05 0.000149791 -0.000119942 -0.000246699 -0.000371591 -0.000129606 7.45334e-05 3.56902e-06 6.40466e-05 0.000152417 -6.13164e-05 3.45357e-05 -4.51881e-05 6.64646e-05 0.00015147 4.38791e-05 0.000244421 0.000399932 0.000121147 0.000269761 -8.2973e-06 3.23426e-05 -0.000222179 -6.68836e-05 -0.000110788 0.000163024
internal_weight=4373 3533 2429 840 1344 1104 412 130 81 238 1085 932 416 244 172 120 516 1054 274 127 147 65 82 49 427 336 89 181 159 1054
internal_count=4373 3533 2429 840 1344 1104 412 130 81 238 1085 932 416 244 172 120 516 1054 274 127 147 65 82 49 427 336 89 181 159 1054
cat_boundaries=0 1
cat_threshold=174
is_linear=0
shrinkage=0.03


Tree=122
num_leaves=31
num_cat=1
split_feature=6 6 11 11 6 20 6 6 16 11 18 7 8 17 8 19 9 17 4 16 17 4 20 10 7 16 20 10 18 8
split_gain=0.068111 0.0156585 0.00678399 0.00595182 0.00408719 0.00472227 0.0046429 0.0040335 0.00370374 0.00387201 0.00432053 0.00414635 0.00441128 0.00348356 0.00449567 0.00365167 0.0031633 0.00316259 0.00315939 0.00312255 0.00345933 0.00308998 0.00509118 0.00320087 0.00308614 0.00341702 0.00304774 0.00296644 0.00284177 0.00279773
threshold=0.092343140730237527 0.29631336405529957 0.93301270189221952 0.6830127018922193 0.28433179723502316 0.42141001303737941 0.20519397970534159 0.51658986175115229 28.500000000000004 -0.68301270189221952 0.50441176470588245 0.047129306201442851 0.10631676495396537 0.3752021104586844 0.0917847730396293 0 0.22137126185266232 0.33660965024253259 0.10156250000000001 8.5000000000000018 0.21947068334609829 0.033854166666666671 0.41542199475783687 1.0000000180025095e-35 0.055089635996602375 21.500000000000004 0.37917885433686971 0.68301270189221941 0.47500000000000003 0.10631676495396537
decision_type=2 2 2 2 2 2 2 2 2 2 2 2 2 2 2 1 2 2 2 2 2 2 2 2 2 2 2 2 2 2
left_child=-1 4 3 7 6 -6 13 -3 16 11 -11 12 -10 14 15 17 -8 -2 -5 20 -4 -13 -23 -24 29 -26 -16 28 -7 -18
right_child=1 2 19 18 5 27 8 -9 9 10 -12 21 -14 -15 26 -17 24 -19 -20 -21 -22 22 23 -25 25 -27 -28 -29 -30 -31
leaf_value=-0.00026606349711433768 -6.022601295128365e-05 7.0148184688063528e-05 -3.6508228913283921e-05 0.00022138053390069416 -0.00056785577015342208 0.00025548376184013604 -0.00017519171409383473 0.00018034077016241328 -3.8875907708869423e-05 0.00015864325207608028 0.0006580492126201092 0.00010849291538896419 0.00034150644864959474 0.00028673073814420333 -0.00023711131765136582 6.819375258736366e-05 5.6381973914541435e-05 -0.00046199329986440545 0.0004999630312265028 6.1359826705996919e-05 -0.00040898748604546839 -0.00037161565307945559 0.00022427954737323037 -0.00011148925347475307 0.00018869172135468627 -0.00023643779632282968 -3.6905063972114342e-05 -0.00033476236076903948 -0.00015835395894955669 -0.00024103533795614092
leaf_weight=730 245 801 66 219 23 28 96 477 46 188 17 93 68 27 169 270 59 19 44 126 34 47 38 78 114 20 115 29 32 55
leaf_count=730 245 801 66 219 23 28 96 477 46 188 17 93 68 27 169 270 59 19 44 126 34 47 38 78 114 20 115 29 32 55
internal_value=-1.57437e-06 5.14252e-05 0.000115511 0.000138023 -8.93755e-06 -0.000184671 2.22025e-06 0.000111277 4.88902e-05 9.54733e-05 0.00020006 3.7526e-05 0.00018802 -4.85367e-05 -5.96034e-05 -8.31356e-06 -2.89741e-05 -8.58894e-05 0.000267989 -3.79829e-05 -0.000163154 -2.94912e-05 -0.000108219 -1.49504e-06 2.76267e-05 0.000125238 -0.000156042 -8.56409e-05 3.47714e-05 -8.71097e-05
internal_weight=4373 3643 1767 1541 1876 112 1764 1278 919 575 205 370 114 845 818 534 344 264 263 226 100 256 163 116 248 134 284 89 60 114
internal_count=4373 3643 1767 1541 1876 112 1764 1278 919 575 205 370 114 845 818 534 344 264 263 226 100 256 163 116 248 134 284 89 60 114
cat_boundaries=0 1
cat_threshold=529
is_linear=0
shrinkage=0.03


Tree=123
num_leaves=31
num_cat=1
split_feature=1 1 19 11 4 9 11 17 7 18 13 3 7 8 18 11 3 11 4 7 7 5 5 17 5 7 11 8 4 17
split_gain=0.0621347 0.0136889 0.00723244 0.00620702 0.0043784 0.00414803 0.00514613 0.00399061 0.00384489 0.00436458 0.00373744 0.00626806 0.00324982 0.00320084 0.00583149 0.0032193 0.00305043 0.00585476 0.00370066 0.0031426 0.00298187 0.0029609 0.00379174 0.00350837 0.00291975 0.00285521 0.00284608 0.00464331 0.00289035 0.00277558
threshold=0.013020833333333334 0.075520833333333343 0 0.25000000000000017 0.023437500000000003 0.18745441283734501 -0.5 0.42745298272487459 0.10459879533739259 0.49852941176470594 1.0000000180025095e-35 0.065104166666666671 0.060647555628343786 0.12896556527388528 0.47205882352941181 0.6830127018922193 0.070312500000000014 0.93301270189221952 0.059895833333333336 0.052430665001144454 0.024356284575033051 0.086206896551724158 0.15111561866125764 0.27207075553364507 0.22413793103448279 0.056663942421223447 0.25000000000000017 0.13549404229770393 0.033854166666666671 0.2758488639264744
decision_type=2 2 1 2 2 2 2 2 2 2 2 2 2 2 2 2 2 2 2 2 2 2 2 2 2 2 2 2 2 2
left_child=3 2 20 -1 -4 -3 7 8 24 -10 16 13 -5 -12 -15 -16 17 19 -18 21 -2 -6 23 -23 -7 -20 -21 28 -28 -22
right_child=1 5 4 12 10 6 -8 -9 9 -11 11 -13 -14 14 15 -17 18 -19 25 26 29 22 -24 -25 -26 -27 27 -29 -30 -31
leaf_value=-7.1541738184441753e-05 0.00036168364951082003 -0.00012577766300668391 -0.00011436561452744387 -0.00026353744478307522 1.0324003858975119e-05 -1.5405914817089834e-05 0.0001977419556347414 0.00041766460564502566 -0.00038845022554549264 0.00010024075081638988 9.1085116290612542e-05 -0.00012658406333149311 -0.00067215966405120885 3.9612964327157568e-05 0.0007926145603063937 0.00023234662178993963 0.00032170822053235228 -0.00046694211008003973 0.00019391836013739065 -4.9411961737245802e-05 0.00014530310324134663 0.00014092181875308103 0.00014677463703818209 -0.0003356564837595315 0.00019992502752330988 -0.00022110917476652727 -1.2308608160826194e-05 -0.00021986554844956717 0.00044047312897552214 3.4310072192915371e-05
leaf_weight=170 31 50 412 652 93 126 733 25 38 29 179 95 18 34 24 14.999999999999998 42 32 26 131 274 15.999999999999998 23 106 103 35 18 20 43 780
leaf_count=170 31 50 412 652 93 126 733 25 38 29 179 95 18 34 24 15 42 32 26 131 274 16 23 106 103 35 18 20 43 780
internal_value=-1.52246e-06 5.36175e-05 1.38064e-05 -0.000233438 -3.26824e-05 0.000141209 0.000153875 5.37037e-05 2.29624e-05 -0.000176929 3.07596e-06 8.10792e-05 -0.000274516 0.000159365 0.000326788 0.000577138 -4.31927e-05 -7.48606e-05 0.000105 -4.69782e-05 7.10389e-05 -0.000121802 -0.000206544 -0.000273154 8.14464e-05 -4.42119e-05 3.70219e-05 0.000176809 0.000306867 6.31642e-05
internal_weight=4373 3533 2429 840 1344 1104 1054 321 296 67 932 347 670 252 73 39 585 482 103 450 1085 238 145 122 229 61 212 81 61 1054
internal_count=4373 3533 2429 840 1344 1104 1054 321 296 67 932 347 670 252 73 39 585 482 103 450 1085 238 145 122 229 61 212 81 61 1054
cat_boundaries=0 1
cat_threshold=174
is_linear=0
shrinkage=0.03


Tree=124
num_leaves=31
num_cat=2
split_feature=1 1 19 11 19 2 9 11 16 8 8 9 0 16 17 7 3 7 18 2 0 7 5 18 7 17 8 9 1 8
split_gain=0.0584625 0.0129729 0.00621824 0.00584019 0.00405389 0.00401723 0.00377588 0.00360854 0.00528628 0.00443389 0.00539992 0.00404008 0.00346714 0.00341134 0.00382003 0.00305777 0.00300935 0.00290872 0.0027664 0.00322731 0.00275985 0.00348812 0.0048869 0.00275588 0.00312512 0.0031459 0.00270353 0.00265694 0.00251968 0.0024782
threshold=0.013020833333333334 0.054687500000000007 0 0.25000000000000017 1 0.018229166666666668 0.29431072210065656 -0.5 25.500000000000004 0.19218106975147189 0.18051107774196509 0.12946754194018967 0.25116988365912574 3.5000000000000004 0.28818823929878318 0.060647555628343786 0.080729166666666671 0.022973966340897985 0.44264705882352945 0.12239583333333334 0.57229813476139524 0.063091324822079201 0.19776876267748481 0.48676470588235299 0.077908510372592374 0.26397753382690842 0.13187153067892349 0.52224653537563837 0.12760416666666669 0.24450792551719841
decision_type=2 2 1 2 1 2 2 2 2 2 2 2 2 2 2 2 2 2 2 2 2 2 2 2 2 2 2 2 2 2
left_child=3 2 12 -1 5 -3 26 9 11 10 -7 -9 -2 14 -14 -5 17 27 -8 -20 21 -10 -23 24 -11 -26 -6 -4 -21 -22
right_child=1 4 16 15 6 7 18 8 20 23 -12 -13 13 -15 -16 -17 -18 -19 19 28 29 22 -24 -25 25 -27 -28 -29 -30 -31
leaf_value=-6.9395498661739026e-05 -0.0003290143067919081 0.00053485823932330925 3.3797288162725294e-06 -0.00025563133717541962 6.2876689369787761e-05 2.732413916679095e-05 -0.00023283180657022662 -0.00029300702552186817 0.00017295447878689168 0.00043775564552661411 -0.00049143690481509279 0.00013508987281795007 -0.00056633253608770939 -3.6324854511648913e-05 -5.4668374167890308e-05 -0.00065199600284932902 0.00017802489409827839 1.0084479634514526e-05 7.8496573885628853e-05 0.00060717407693273474 0.00013386101021108901 0.00022030395975480632 0.00083930335601353767 0.00038370470521035312 -0.00038739461434016641 0.00013992035193970617 -0.00023423805942882826 0.00044751308173656437 0.00012474242268653048 0.00035839822732892126
leaf_weight=170 44 24 22 652 49 186 24 21 28 15.999999999999998 20 359 24 668 29 18 131 810 625 19 110 19 29 48 15.999999999999998 28 63 27 20 74
leaf_count=170 44 24 22 652 49 186 24 21 28 16 20 359 24 668 29 18 131 810 625 19 110 19 29 48 16 28 63 27 20 74
internal_value=-1.47678e-06 5.2009e-05 -5.85324e-06 -0.000226435 0.000109123 0.000149992 5.65776e-05 0.000141882 0.00018275 5.85827e-05 -2.30432e-05 0.000111431 -6.95741e-05 -5.47059e-05 -0.000286372 -0.000266281 4.36475e-05 2.36625e-05 8.35815e-05 9.50184e-05 0.000286984 0.000439067 0.000594292 0.000214275 7.87276e-05 -5.1835e-05 -0.000104251 0.00024811 0.000359783 0.000224165
internal_weight=4373 3533 1755 840 1778 978 800 954 640 314 206 380 765 721 53 670 990 859 688 664 260 76 48 108 60 44 112 49 39 184
internal_count=4373 3533 1755 840 1778 978 800 954 640 314 206 380 765 721 53 670 990 859 688 664 260 76 48 108 60 44 112 49 39 184
cat_boundaries=0 1 2
cat_threshold=593 166
is_linear=0
shrinkage=0.03


Tree=125
num_leaves=31
num_cat=2
split_feature=6 0 1 12 6 19 2 19 18 8 8 7 12 9 18 2 0 7 11 8 16 9 9 11 1 7 9 7 7 10
split_gain=0.0565309 0.0141031 0.00534009 0.00404348 0.00375088 0.00440871 0.00379883 0.00371042 0.00453643 0.00370489 0.00349898 0.00628445 0.0045074 0.00406209 0.00649908 0.00333788 0.00281945 0.00279154 0.00296784 0.00315025 0.00320676 0.00351551 0.00275481 0.00301786 0.00308381 0.00342501 0.00324587 0.00293449 0.0048183 0.0027512
threshold=0.092343140730237527 0.52923474082410504 0.028645833333333336 1.0000000180025095e-35 0.10865814623958596 0 0.013020833333333334 1 0.44264705882352945 0.078811545216678311 0.10962305582349027 0.068441601191932266 -1.0000000180025095e-35 0.57148067104303446 0.47500000000000003 0.12239583333333334 0.36817239475186264 0.33804259110067586 -0.9330127018922193 0.20477481889322038 6.5000000000000009 0.8231218088986143 0.86068563092633132 -0.9330127018922193 0.033854166666666671 0.033816762812312995 0.10977388767323125 0.062302104146139965 0.093614801865352454 0.68301270189221941
decision_type=2 2 2 2 2 1 2 1 2 2 2 2 2 2 2 2 2 2 2 2 2 2 2 2 2 2 2 2 2 2
left_child=-1 2 4 -4 6 9 -2 17 -9 -6 13 29 -13 -11 16 -10 -15 18 -3 -20 -21 -22 23 -5 25 -25 -26 -24 -29 -12
right_child=1 7 3 22 5 -7 -8 8 15 10 11 12 -14 14 -16 -17 -18 -19 19 20 21 -23 27 24 26 -27 -28 28 -30 -31
leaf_value=-0.00024181584253343136 0.00042466808147461027 0.00047479349445566342 7.8829333518870643e-05 -0.00019222369451058345 0.00044560316279386686 -0.00012772086474107004 -1.1771843217165994e-05 -0.00029187992187202754 3.9939205924354918e-05 -0.00040761061503621692 0.00045318200777142657 -0.00029853131469799866 0.00020312142228668143 -0.00034621261322675837 0.00054852776549667271 0.00035128257380226407 0.00012082984309221393 0.00059808833819732267 0.00023943245905724616 -0.00018893398628763757 8.6396894421793727e-05 0.00038886165526421816 4.2142068950018664e-06 0.00017138135532401689 -0.00029536264243720572 -0.00032153366947880728 2.8277799693922092e-05 0.00078129554598020223 2.0915069469260611e-05 -7.6181611111267121e-06
leaf_weight=730 28 30 1115 82 18 456 50 31 168 33 43 40 27 30 14.999999999999998 38 19 14.999999999999998 287 31 221 41 38 17 29 50 728 15.000000000000002 14.999999999999998 15.999999999999998
leaf_count=730 28 30 1115 82 18 456 50 31 168 33 43 40 27 30 15 38 19 15 287 31 221 41 38 17 29 50 728 15 15 16
internal_value=-4.07968e-07 4.68888e-05 1.48686e-05 3.98197e-05 -5.23868e-05 -7.44653e-05 0.000144902 0.000153276 4.45761e-05 3.03413e-05 -1.81891e-06 0.000102446 -9.63727e-05 -0.000137256 2.15041e-06 9.73729e-05 -0.000165116 0.00019073 0.000183839 0.000168789 9.95914e-05 0.00013373 -4.83709e-06 -1.86594e-05 -1.38701e-06 -0.000196465 1.5879e-05 0.000179322 0.000401119 0.000328221
internal_weight=4456 3726 2864 2089 775 697 78 862 237 241 223 126 67 97 64 206 49 625 610 580 293 262 974 906 824 67 757 68 30 59
internal_count=4456 3726 2864 2089 775 697 78 862 237 241 223 126 67 97 64 206 49 625 610 580 293 262 974 906 824 67 757 68 30 59
cat_boundaries=0 1 2
cat_threshold=174 166
is_linear=0
shrinkage=0.03


Tree=126
num_leaves=31
num_cat=3
split_feature=6 20 1 6 19 6 11 6 2 19 18 17 2 3 14 3 17 11 8 18 19 3 8 4 8 6 6 11 11 20
split_gain=0.0531861 0.0132723 0.00503004 0.00353103 0.00415361 0.00618512 0.00558099 0.0046943 0.00357433 0.00349114 0.00426833 0.00314261 0.00314062 0.00300274 0.00279682 0.00360391 0.00458306 0.00323184 0.00365756 0.00295403 0.00293693 0.00291556 0.00287614 0.00290599 0.0028651 0.00287844 0.00260401 0.00525922 0.00260162 0.00292109
threshold=0.092343140730237527 0.52923474082410504 0.028645833333333336 0.10865814623958596 0 0.25399650405212143 0.25000000000000017 0.19917368504687752 0.013020833333333334 1 0.44264705882352945 0.40894391966641147 0.12239583333333334 0.018229166666666668 1.0000000180025095e-35 0.049479166666666671 0.36782929699306594 0.25000000000000017 0.20163812288966401 0.44264705882352945 2 0.091145833333333343 0.14189758641386938 0.033854166666666671 0.078811545216678311 0.17067149440421334 0.13630791582483945 1.0000000180025095e-35 -0.9330127018922193 0.66731703608882975
decision_type=2 2 2 2 1 2 2 2 2 1 2 2 2 2 2 2 2 2 2 2 1 2 2 2 2 2 2 2 2 2
left_child=-1 2 3 8 5 7 -7 26 -2 28 -11 14 -12 -10 15 -4 17 19 21 -17 22 -19 23 -21 -16 -26 27 -5 -3 -30
right_child=1 9 11 4 -6 6 -8 -9 13 10 12 -13 -14 -15 24 16 -18 18 -20 20 -22 -23 -24 -25 25 -27 -28 -29 29 -31
leaf_value=-0.00023456137224744076 0.0004119284975223426 0.00046055015937795625 -3.3988259978707379e-05 -0.00023901997966989459 -2.4121711352804489e-05 -0.00017724288119962695 -0.00092430461407523958 0.00017552045508107496 0.00023055432671590634 -0.000283123806425105 3.874103706980604e-05 0.00045744112906047428 0.00034074437714325139 -0.00023477868831351019 0.00034974376040044917 -0.00026617626670545836 -0.00037973869475231163 0.00026450484817480268 -1.4065133400863279e-05 7.8276477576447905e-05 0.00011266566107900102 -2.8315019573040633e-05 7.9850575905640088e-05 -0.00022696973444620149 -0.00023119569731053352 9.3214540940704711e-05 -0.00047280060258903856 0.00034397615620018659 0.00016059591428334389 0.00049844462903269292
leaf_weight=730 28 30 720 77 503 18 18 38 24 31 168 15.999999999999998 38 26 37 30 21 177 90 41 237 37 106 89 26 462 26 17 571 24
leaf_count=730 28 30 720 77 503 18 18 38 24 31 168 16 38 26 37 30 21 177 90 41 237 37 106 89 26 462 26 17 571 24
internal_value=-4.04309e-07 4.54719e-05 1.44092e-05 -5.08646e-05 -7.22863e-05 -0.000186318 -0.000550789 -0.000115064 0.000140555 0.000148678 4.32388e-05 3.86251e-05 9.44518e-05 -1.14187e-05 3.53924e-05 1.50993e-05 5.77841e-05 6.91699e-05 0.000146394 2.24972e-05 4.08068e-05 0.000213877 -3.4662e-05 -0.0001307 9.52279e-05 7.593e-05 -0.000207083 -0.000133582 0.000185008 0.000174224
internal_weight=4456 3726 2864 775 697 194 36 158 78 862 237 2089 206 50 2073 1548 828 807 304 503 473 214 236 130 525 488 120 94 625 595
internal_count=4456 3726 2864 775 697 194 36 158 78 862 237 2089 206 50 2073 1548 828 807 304 503 473 214 236 130 525 488 120 94 625 595
cat_boundaries=0 1 2 3
cat_threshold=17 166 412
is_linear=0
shrinkage=0.03


Tree=127
num_leaves=31
num_cat=1
split_feature=1 0 4 12 9 0 13 4 11 0 17 17 5 0 17 0 9 4 1 9 7 17 18 18 10 11 7 2 19 7
split_gain=0.0501288 0.0115851 0.00420548 0.00391797 0.00390647 0.00365547 0.00334416 0.00394023 0.0032995 0.00318395 0.00302339 0.00386606 0.00600022 0.00340196 0.00301702 0.00288689 0.00246987 0.00257752 0.00232761 0.002293 0.00248357 0.00225294 0.00412096 0.00217431 0.00375609 0.00256633 0.00211743 0.00246502 0.00202241 0.00228859
threshold=0.013020833333333334 0.52923474082410504 0.013020833333333334 1.0000000180025095e-35 0.67177242888402644 0.40173184401392875 1.0000000180025095e-35 0.049479166666666671 0.25000000000000017 0.53546325041373666 0.3106250678592285 0.33208765798362 0.074442190669371203 0.27532017406411402 0.40894391966641147 0.30125126276370612 0.10977388767323125 0.14843750000000003 0.10156250000000001 0.83916849015317307 0.062302104146139965 0.34222619351544559 0.48970588235294121 0.50147058823529422 1.0000000180025095e-35 1.0000000180025095e-35 0.096876202392636931 0.065104166666666671 0 0.085254260469666679
decision_type=2 2 2 2 2 2 2 2 2 2 2 2 2 2 2 2 2 2 2 2 2 2 2 2 2 2 2 2 1 2
left_child=8 2 10 4 16 -5 7 18 -1 -9 13 12 -12 -2 -8 -15 -4 23 -3 -7 -21 -13 -23 -18 -25 -26 27 -6 29 -11
right_child=1 6 3 5 26 19 14 9 -10 28 11 21 -14 15 -16 -17 17 -19 -20 20 -22 22 -24 24 25 -27 -28 -29 -30 -31
leaf_value=-8.9999490712837745e-05 5.6009611579918732e-05 -0.00037647694676125971 -8.5256103340050816e-05 -8.7293477241605805e-05 -5.0680866354364478e-05 1.1904835469339596e-05 0.00017236690779550773 0.00049493839586824421 -0.00023822514585901931 3.5152007961773871e-05 -0.00016425411067698647 -0.00036284353556219378 0.00033168464488804374 -0.00064614325657137044 0.00039685371354716256 -0.00021819076819794926 0.00010027924321446398 -0.00016951115053109948 2.9090568623392585e-06 6.1494439324630734e-06 0.0003923849593955539 -0.00022651936486802794 0.00030313226786469062 3.7094769789669231e-05 0.0002099281709062079 0.00071128706878867789 -0.00029784608419682995 0.00015691071401203771 5.5872511721841357e-05 0.00031907191693810165
leaf_weight=169 29 22 66 377 234 652 315 20 675 38 38 31 52 19 65 56 888 30 43 29 31 39 20 32 17 20 24 66 281 78
leaf_count=169 29 22 66 377 234 652 315 20 675 38 38 31 52 19 65 56 888 30 43 29 31 39 20 32 17 20 24 66 281 78
internal_value=-3.86218e-07 4.82534e-05 1.81729e-05 3.07629e-05 6.43909e-05 -1.17586e-05 0.000144218 9.17512e-05 -0.000208545 0.000125616 -9.11471e-05 -1.6744e-05 0.000122289 -0.00021992 0.000210767 -0.000326613 9.24197e-05 0.000104301 -0.000125502 2.82368e-05 0.000205708 -0.000155777 -4.69743e-05 0.000112885 0.000275105 0.000480945 -2.67027e-05 -5.01035e-06 0.000107009 0.000208123
internal_weight=4456 3612 2750 2466 1377 1089 862 482 844 417 284 180 90 104 380 75 1053 987 65 712 60 90 59 957 69 37 324 300 397 116
internal_count=4456 3612 2750 2466 1377 1089 862 482 844 417 284 180 90 104 380 75 1053 987 65 712 60 90 59 957 69 37 324 300 397 116
cat_boundaries=0 1
cat_threshold=2
is_linear=0
shrinkage=0.03


Tree=128
num_leaves=31
num_cat=2
split_feature=1 0 4 12 0 19 3 7 8 3 17 17 5 3 0 17 0 4 0 8 7 10 7 11 8 19 1 11 0 7
split_gain=0.047168 0.0109039 0.00395695 0.00368641 0.00343944 0.00322383 0.00349995 0.00315282 0.00304537 0.00293315 0.00284471 0.00363758 0.00564561 0.00353246 0.00320091 0.00273715 0.00271629 0.00253952 0.00676175 0.00319613 0.00353777 0.00268287 0.00253095 0.00260232 0.00299318 0.00248531 0.00360413 0.00241499 0.00235611 0.00230406
threshold=0.013020833333333334 0.52923474082410504 0.013020833333333334 1.0000000180025095e-35 0.40173184401392875 0 0.13281250000000003 0.020972266000457252 0.34438673485346721 0.15364583333333334 0.3106250678592285 0.33208765798362 0.074442190669371203 0.0078125000000000017 0.27532017406411402 0.4150285082120671 0.30125126276370612 0.085937500000000014 0.42584125295821557 0.17662210150131016 0.088419907194990141 -0.93301270189221908 0.33804259110067586 -0.9330127018922193 0.20477481889322038 1 0.039062500000000007 0.6830127018922193 0.66731703608882975 0.11596544270602603
decision_type=2 2 2 2 2 1 2 2 2 2 2 2 2 2 2 2 2 2 2 2 2 2 2 2 2 1 2 2 2 2
left_child=7 2 10 -4 -5 22 8 -1 15 17 14 12 -12 -13 -2 -7 -16 19 -19 21 -21 -6 23 -3 27 26 -23 -25 -26 -8
right_child=1 5 3 4 9 6 29 -9 -10 -11 11 13 -14 -15 16 -17 -18 18 -20 20 -22 25 -24 24 28 -27 -28 -29 -30 -31
leaf_value=-0.00023513040758998003 5.4329385277991945e-05 0.00044057275647875244 6.2459214987298288e-05 -8.4674679522043394e-05 -0.0001942852516226104 7.3007333783375912e-05 -2.8995192590499441e-06 -9.991796371041602e-05 -0.00021636954669798617 -0.00035068701780630621 -0.00015932660899079087 0.00023835796363407208 0.00032173429438727953 -0.00024180184368898671 -0.00062675998376299203 0.00036899603137688499 -0.00021164516460236619 0.00075244011938409023 7.9222082659945683e-05 -4.4026415138173846e-05 -0.00052040543253750748 -0.00024142852842520135 0.00056256492252858769 0.00019371358078669376 6.4815406095914337e-05 9.3224826219920311e-06 0.00024131029472296517 0.00048245527898685495 0.00041908932581429475 -0.00050447250959506423
leaf_weight=639 29 30 1377 377 42 143 17 205 26 18 38 17 52 73 19 35 56 14.999999999999998 128 47 20 15.999999999999998 14.999999999999998 258 275 319 107 29 18 15.999999999999998
leaf_count=639 29 30 1377 377 42 143 17 205 26 18 38 17 52 73 19 35 56 15 128 47 20 16 15 258 275 319 107 29 18 16
internal_value=-3.70862e-07 4.68104e-05 1.76277e-05 2.984e-05 -1.14058e-05 0.000139911 3.88993e-05 -0.000202289 8.6909e-05 2.73897e-05 -8.84128e-05 -1.62417e-05 0.00011862 -0.000151103 -0.000213323 0.000131209 -0.000316815 3.71962e-05 0.000149844 7.96071e-06 -0.000186235 3.48435e-05 0.000174795 0.000168124 0.000154031 5.66163e-05 0.000165092 0.000222891 8.6581e-05 -0.000246094
internal_weight=4456 3612 2750 2466 1089 862 237 844 204 712 284 180 90 90 104 178 75 694 143 551 67 484 625 610 580 442 123 287 293 33
internal_count=4456 3612 2750 2466 1089 862 237 844 204 712 284 180 90 90 104 178 75 694 143 551 67 484 625 610 580 442 123 287 293 33
cat_boundaries=0 1 2
cat_threshold=166 656
is_linear=0
shrinkage=0.03


Tree=129
num_leaves=31
num_cat=1
split_feature=1 0 5 17 13 4 0 7 7 7 12 0 19 11 16 0 17 17 0 18 16 9 2 17 8 7 17 11 17 8
split_gain=0.0443806 0.0102593 0.00387456 0.003672 0.00313209 0.00367044 0.00299727 0.00297933 0.00296648 0.00280491 0.00282461 0.00332168 0.00325561 0.00341 0.0047264 0.003199 0.0027614 0.00273834 0.00260799 0.00284644 0.00513655 0.00310151 0.00234145 0.00266903 0.00382025 0.00633997 0.00324274 0.00394578 0.00296886 0.00279748
threshold=0.013020833333333334 0.52923474082410504 0.054597701149425297 0.40894391966641147 1.0000000180025095e-35 0.049479166666666671 0.53546325041373666 0.020972266000457252 0.020972266000457252 0.1418343327749155 1.0000000180025095e-35 0.40173184401392875 0 0.6830127018922193 7.5000000000000009 0.39511013716867388 0.3752021104586844 0.40894391966641147 0.28385204976237033 0.50147058823529422 29.500000000000004 0.61852662290299076 0.085937500000000014 0.24210705471874738 0.19218106975147189 0.075471023833399251 0.26019062207471716 -0.9330127018922193 0.21947068334609829 0.078811545216678311
decision_type=2 2 2 2 2 2 2 2 2 2 2 2 1 2 2 2 2 2 2 2 2 2 2 2 2 2 2 2 2 2
left_child=8 2 -2 7 5 -3 -7 -4 -1 10 16 12 15 -14 -15 -12 18 -6 -9 22 -21 -22 23 28 26 -26 -25 -28 -20 -29
right_child=1 4 3 -5 17 6 -8 9 -10 -11 11 -13 13 14 -16 -17 -18 -19 19 20 21 -23 -24 24 25 -27 27 29 -30 -31
leaf_value=-0.00022807651471699444 -0.00012810703811587344 -0.00012474617752191838 0.0002901931332322545 0.00046528035077855225 0.00016353437376163363 0.00047595492772701007 9.9569391502791349e-05 0.00039634676951201482 -9.69204423151194e-05 -0.00030373862464975869 -0.00015944405456458976 2.3998325136423084e-05 -6.1733381189147725e-05 -0.00012242664654414596 0.00057737450575382789 -0.00061194324118848573 -0.00025007205751147936 0.00037740210271014691 -2.3274915178684267e-05 -2.4596636142400986e-05 0.00063366333452370639 0.00011995678807989889 0.00016493465610384019 0.00027743263708684631 -6.6161255929264251e-05 0.00067183927502997029 -0.00015959088059399508 0.00017977440449072128 -0.00040795960553769133 1.7286359998160917e-05
leaf_weight=639 156 65 37 17 315 20 397 20 205 24 116 728 216 15.999999999999998 19 15.999999999999998 27 65 65 41 28 17 122 45 20 22 102 109 25 762
leaf_count=639 156 65 37 17 315 20 397 20 205 24 116 728 216 16 19 16 27 65 65 41 28 17 122 45 20 22 102 109 25 762
internal_value=-3.59105e-07 4.54069e-05 1.70999e-05 2.58325e-05 0.000135713 8.49378e-05 0.000117623 2.29333e-05 -0.00019622 1.90401e-05 2.21192e-05 -1.36267e-05 -8.51436e-05 -1.65621e-05 0.000257471 -0.000199205 5.03851e-05 0.000200118 5.62723e-05 5.12636e-05 0.000218301 0.000439603 3.997e-05 2.67127e-05 4.00301e-05 0.000320417 2.84618e-05 1.69469e-05 -0.000130135 3.76209e-05
internal_weight=4456 3612 2750 2594 862 482 417 2577 844 2540 2516 1111 383 251 35 132 1405 380 1378 1358 86 45 1272 1150 1060 42 1018 973 90 871
internal_count=4456 3612 2750 2594 862 482 417 2577 844 2540 2516 1111 383 251 35 132 1405 380 1378 1358 86 45 1272 1150 1060 42 1018 973 90 871
cat_boundaries=0 1
cat_threshold=208
is_linear=0
shrinkage=0.03


Tree=130
num_leaves=31
num_cat=0
split_feature=1 6 11 11 9 1 1 11 2 9 17 7 17 17 7 1 13 3 3 6 10 3 7 6 13 13 0 4 2 7
split_gain=0.0447458 0.0133631 0.00625272 0.00427047 0.00392312 0.00369604 0.0033235 0.00299122 0.00364994 0.00390407 0.00302904 0.0029652 0.00316986 0.00293834 0.00287967 0.0027875 0.00274073 0.00384295 0.00357486 0.00291294 0.00253313 0.0062287 0.00306793 0.00408199 0.00292035 0.00275892 0.00246792 0.00245419 0.00404818 0.00257109
threshold=0.013020833333333334 0.3175115207373273 0.93301270189221952 0.25000000000000017 0.10138584974471192 0.028645833333333336 0.018229166666666668 0.6830127018922193 0.059895833333333336 0.59992706053975209 0.42745298272487459 0.053674252811010556 0.34265168921793898 0.3560973534167306 0.38780974986680611 0.19531250000000003 1.0000000180025095e-35 0.013020833333333334 0.059895833333333336 0.25072302558398224 0.68301270189221941 0.16406250000000003 0.10298321911602835 0.51658986175115229 1.0000000180025095e-35 -0.56174490092936669 0.47474271117275768 0.039062500000000007 0.054687500000000007 0.081225236952003121
decision_type=2 2 2 2 2 2 2 2 2 2 2 2 2 2 2 2 2 2 2 2 2 2 2 2 2 2 2 2 2 2
left_child=-1 3 5 -2 -5 -3 -6 10 13 14 20 16 -13 -9 -10 -12 17 -8 -19 -18 21 22 23 24 26 -24 -7 28 -14 -29
right_child=1 2 -4 4 6 7 11 8 9 -11 15 12 27 -15 -16 -17 19 18 -20 -21 -22 -23 25 -25 -26 -27 -28 29 -30 -31
leaf_value=-0.00020209602332054273 -4.0049755563859839e-05 -0.00018847338329929745 -4.6335561570306393e-05 -0.00031181646709769459 -0.00016950747373912099 0.000213911777404577 0.00030436578504537155 0.00022431644244823816 0.00018158967944673831 -0.00022054669655802476 0.00051769321370973335 0.00023931994963451107 5.2263354219967097e-05 0.00069417594468239611 0.00060582170998631625 1.952080777633251e-05 3.4862053259492485e-05 -0.00021256709090927315 0.00016169610786798732 0.00038818592243795565 0.00015301378370249222 -0.0003678836427814497 0.00017877589585164923 0.00032951092030168022 0.00018619935178376343 -0.00015834293745436753 -5.828429229042785e-05 -3.7270371925869999e-05 -0.00052976024430557132 0.00041129360863657351
leaf_weight=850 1389 32 209 25 47 38 22 23 144 20 31 174 38 25 15.999999999999998 14.999999999999998 70 98 30 30 522 29 31 71 129 74 142 23 14.999999999999998 23
leaf_count=850 1389 32 209 25 47 38 22 23 144 20 31 174 38 25 16 15 70 98 30 30 522 29 31 71 129 74 142 23 15 23
internal_value=-6.66322e-06 4.03292e-05 0.000106299 -1.12429e-05 5.60052e-05 0.00013007 7.21383e-05 0.000137851 0.000236605 0.00017462 0.000117041 9.38543e-05 0.000162212 0.000469044 0.000224016 0.00035525 1.92077e-05 -6.18955e-05 -0.000124849 0.000140862 0.000106464 5.91899e-05 8.47269e-05 0.000124389 7.72565e-05 -5.88119e-05 -8.19808e-07 2.6687e-05 -0.000112467 0.000187016
internal_weight=4385 3535 1551 1984 595 1342 570 1310 228 180 1082 523 273 48 160 46 250 150 128 100 1036 514 485 380 309 105 180 99 53 46
internal_count=4385 3535 1551 1984 595 1342 570 1310 228 180 1082 523 273 48 160 46 250 150 128 100 1036 514 485 380 309 105 180 99 53 46
is_linear=0
shrinkage=0.03


Tree=131
num_leaves=31
num_cat=1
split_feature=5 1 1 17 11 18 6 6 9 17 18 16 10 18 0 16 16 9 1 19 9 0 5 6 6 16 9 16 10 17
split_gain=0.0423246 0.00958298 0.00737203 0.00327242 0.00273742 0.0046036 0.00368501 0.00408136 0.00261355 0.00224749 0.00212013 0.00437797 0.00203459 0.00335966 0.00347882 0.00334496 0.00587524 0.00368027 0.00291786 0.00259288 0.00326544 0.00288493 0.00337427 0.0024152 0.00217731 0.00199591 0.00189632 0.00188331 0.00243237 0.00187231
threshold=0.093982420554428681 0.013020833333333334 0.075520833333333343 0.40894391966641147 -0.5 0.44264705882352945 0.53502304147465451 0.69078341013824895 0.29431072210065656 0.3560973534167306 0.49558823529411766 29.500000000000004 -0.24999999999999994 0.48088235294117648 0.37668253684308667 28.500000000000004 25.500000000000004 0.10138584974471192 0.028645833333333336 0 0.51677607585703877 0.43842350831776183 0.16531440162271807 0.15714285714285717 0.24557444779914192 27.500000000000004 0.12946754194018967 25.500000000000004 0.25000000000000011 0.38128669900434015
decision_type=2 2 2 2 2 2 2 2 2 2 2 2 2 2 2 2 2 2 2 1 2 2 2 2 2 2 2 2 2 2
left_child=1 -1 10 4 5 -4 -7 9 25 -8 12 -12 15 23 -15 16 17 18 -2 -16 -21 24 -23 -14 -22 26 -6 -5 -29 -10
right_child=2 -3 3 27 8 6 7 -9 29 -11 11 -13 13 14 19 -17 -18 -19 -20 20 21 22 -24 -25 -26 -27 -28 28 -30 -31
leaf_value=-0.00020738585798475996 2.7543124750344875e-05 -5.3924970232072412e-05 -0.00047217320289252564 5.4318203452836576e-06 -0.00033201349810516782 -1.9803209209084691e-05 0.00047026601524029291 -0.00013560761637766177 0.00018362100506845376 9.4393159479443298e-05 -0.00030350548149786282 9.1692613971603554e-05 -0.00036945066895257477 0.00052399641557759414 -4.2249429013137822e-05 0.00017289401751965797 -0.00040417030653529468 8.9302992425925015e-05 -0.00048554245821887928 -8.8703353261248508e-05 0.00025005579254671305 -8.2821155123111065e-05 0.00031965897201149517 -1.7993517077905953e-05 0.00069382033344191887 0.00033092183607461321 2.5263913913624217e-05 0.00043988324475665029 0.00018664906264151504 -1.1429216971734423e-05
leaf_weight=802 21 674 15.999999999999998 26 14.999999999999998 199 41 22 461 22 52 49 18 15.999999999999998 113 204 27 315 19 38 24 37 38 785 17 17 123 55 90 49
leaf_count=802 21 674 16 26 15 199 41 22 461 22 52 49 18 16 113 204 27 315 19 38 24 37 38 785 17 17 123 55 90 49
internal_value=-6.4633e-06 -0.00013731 5.99269e-05 0.00011959 9.81563e-05 2.29283e-05 5.08229e-05 0.000216169 0.000132094 0.000339012 2.16993e-05 -0.000111777 2.97622e-05 5.4527e-06 9.43355e-05 7.48134e-05 2.24349e-05 5.4882e-05 -0.000216179 6.85862e-05 0.000143349 0.000231723 0.000121104 -2.58722e-05 0.000434068 2.42125e-05 -1.35727e-05 0.000240547 0.000282706 0.000164881
internal_weight=4385 1476 2909 1136 965 300 284 85 665 63 1773 101 1672 1086 283 586 382 355 40 267 154 116 75 803 41 155 138 171 145 510
internal_count=4385 1476 2909 1136 965 300 284 85 665 63 1773 101 1672 1086 283 586 382 355 40 267 154 116 75 803 41 155 138 171 145 510
cat_boundaries=0 1
cat_threshold=60
is_linear=0
shrinkage=0.03


Tree=132
num_leaves=31
num_cat=0
split_feature=5 1 5 17 13 3 11 18 8 18 11 2 9 4 0 9 7 17 4 7 8 8 8 8 4 9 9 1 4 7
split_gain=0.0398322 0.00762992 0.00662284 0.00307902 0.00385664 0.00262482 0.00257564 0.00433154 0.00292107 0.00383152 0.00363126 0.00253777 0.00245909 0.0035368 0.00506434 0.00323952 0.00230006 0.0029691 0.00442301 0.00221556 0.00370216 0.00232319 0.00283987 0.00296581 0.00431783 0.0031632 0.00245642 0.00240842 0.0024003 0.00227399
threshold=0.087390128465179198 0.075520833333333343 0.024256254225828267 0.40894391966641147 -0.56174490092936669 0.0078125000000000017 -0.5 0.44264705882352945 0.22614163575611029 0.47500000000000003 -0.9330127018922193 0.075520833333333343 0.29431072210065656 0.044270833333333336 0.45245807143466038 0.30598103574033558 0.1418343327749155 0.36886222449153272 0.085937500000000014 0.059770957393518474 0.16278022763403752 0.12535289271839811 0.1102151217543471 0.092976158837091025 0.033854166666666671 0.36323851203501106 0.57330415754923425 0.023437500000000003 0.049479166666666671 0.040882472730218208
decision_type=2 2 2 2 2 2 2 2 2 2 2 2 2 2 2 2 2 2 2 2 2 2 2 2 2 2 2 2 2 2
left_child=2 5 -1 6 -5 -2 7 -3 10 -10 11 -9 -8 -14 -15 -16 -7 18 -18 20 21 22 23 25 29 27 -26 -4 -23 -25
right_child=1 3 19 4 -6 16 12 8 9 -11 -12 -13 13 14 15 -17 17 -19 -20 -21 -22 28 -24 24 26 -27 -28 -29 -30 -31
leaf_value=-0.00021294412110177589 0.00032287889416989841 -0.00045800889095396375 1.8931597640339969e-05 2.0746342840604431e-05 0.00032881314416896307 1.9422024101938464e-05 2.348608158295627e-05 -0.00041122706346624226 -0.00013813652628955777 0.00036517931457898377 6.0364146700408406e-05 4.2250388146231529e-05 -2.5989590122959628e-05 0.00073506780136117105 0.00060688197699404597 0.00015786869182866863 -0.00063772172164825683 0.00010205272977381303 3.1469607770323753e-05 -0.00031695633352270719 0.00036831221380390165 -0.00010315547934118496 0.00024152271675976025 -0.0002366392942904726 -0.00024216082390911471 -7.1492422186652675e-05 0.00027138168527790046 0.00049027993931223697 -0.00055749450266132756 -0.00060432958087247622
leaf_weight=621 25 15.999999999999998 25 53 118 1798 155 29 19 48 170 18 78 14.999999999999998 14.999999999999998 402 20 22 15.999999999999998 34 17 25 26 41 14.999999999999998 487 19 15.999999999999998 18 24
leaf_count=621 25 16 25 53 118 1798 155 29 19 48 170 18 78 15 15 402 20 22 16 34 17 25 26 41 15 487 19 16 18 24
internal_value=-6.27229e-06 5.46125e-05 -0.000140548 0.000116003 0.000233331 1.75369e-05 9.52116e-05 2.22405e-05 4.92983e-05 0.000222448 -4.16349e-06 -0.000237558 0.000128131 0.000159934 0.000193504 0.000174022 1.34238e-05 -0.000172519 -0.000340311 -8.03633e-05 -6.90807e-05 -7.97647e-05 -6.56995e-05 -7.84396e-05 -0.00022912 -5.01867e-05 4.48184e-05 0.00020288 -0.000293352 -0.000372409
internal_weight=4385 3017 1368 1136 171 1881 965 300 284 67 217 47 665 510 432 417 1856 58 36 747 713 696 653 627 99 528 34 41 43 65
internal_count=4385 3017 1368 1136 171 1881 965 300 284 67 217 47 665 510 432 417 1856 58 36 747 713 696 653 627 99 528 34 41 43 65
is_linear=0
shrinkage=0.03


Tree=133
num_leaves=31
num_cat=1
split_feature=5 5 6 11 18 7 8 6 11 7 16 16 8 8 9 8 18 5 18 3 8 20 8 7 3 11 6 8 19 9
split_gain=0.03757 0.00709797 0.0062923 0.00619136 0.0036666 0.00287585 0.00366306 0.00437182 0.00279242 0.00331962 0.00503215 0.00411747 0.00324068 0.00570793 0.00282333 0.00479345 0.00366426 0.00307632 0.00659472 0.00409253 0.00384042 0.0027546 0.00393905 0.00267012 0.00255293 0.0053981 0.00247133 0.00240424 0.00234449 0.003057
threshold=0.093982420554428681 0.024256254225828267 0.3175115207373273 0.93301270189221952 0.55441176470588249 0.059318526023085606 0.15839388229963916 0.24654377880184339 0.25000000000000017 0.048735142171201735 29.500000000000004 12.500000000000002 0.15928412133379541 0.17890958504461263 0.51239970824215908 0.12628659435416911 0.46323529411764708 0.12237998647734956 0.48676470588235299 0.065104166666666671 0.11389472806119225 0.46038902396614806 0.1237024423506968 0.057482738463101604 0.16406250000000003 -0.5 0.29170506912442401 0.11298084989203815 0 0.80598103574033564
decision_type=2 2 2 2 2 2 2 2 2 2 2 2 2 2 2 2 2 2 2 2 2 2 2 2 2 2 2 2 1 2
left_child=1 -1 8 4 24 6 7 -3 9 10 11 -2 -10 -14 15 -11 -17 18 19 -16 -19 22 -22 -24 28 -26 -15 -13 29 -4
right_child=2 5 3 -5 -6 -7 -8 -9 12 14 -12 27 13 26 17 16 -18 20 -20 -21 21 -23 23 -25 25 -27 -28 -29 -30 -31
leaf_value=-0.00020655580827731951 0.00018458981116271667 -5.7413318505054451e-05 0.00013984301039726257 -5.4168109222305117e-05 0.00055913483784475687 -0.00028111948899246433 0.00028474137519094518 -0.0004531418189218991 9.9283516881559233e-05 -4.2404291794180658e-05 0.0001769364263073628 -0.00042295865509064826 -0.00048243634607453089 -0.00016587135844460592 -0.00017124605051934284 -5.1202391544401023e-05 -0.00062547032748813756 0.00018395133671032435 0.00021629884984419919 -0.00064428231365784821 -0.00022292739083072977 -0.00014310376819728381 -0.00024151478428311148 0.00018715468499930172 -0.00036708480639896713 0.00012716220430355468 0.00035550312864346905 -6.4794747189907267e-05 5.7759731314409347e-05 0.00035843080334099406
leaf_weight=621 32 746 808 209 17 56 27 26 404 75 155 31 25 14.999999999999998 93 14.999999999999998 30 94 35 20 37 124 14.999999999999998 102 30 59 18 37 367 62
leaf_count=621 32 746 808 209 17 56 27 26 404 75 155 31 25 15 93 15 30 94 35 20 37 124 15 102 30 59 18 37 367 62
internal_value=-6.08412e-06 -0.000129362 5.6466e-05 9.77231e-05 0.000121361 -7.32949e-05 -5.87286e-05 -7.07415e-05 9.28032e-06 -2.16391e-05 6.98929e-05 -9.60246e-05 6.91783e-05 -0.000140519 -5.8109e-05 -0.000189275 -0.000434053 -2.78396e-05 -0.000143524 -0.000254974 1.81856e-05 -3.78651e-05 4.68728e-05 0.000132195 0.000115748 -3.94402e-05 0.000118517 -0.000228079 0.000126913 0.000153655
internal_weight=4385 1476 2909 1552 1343 855 799 772 1357 895 255 100 462 58 640 120 45 520 148 113 372 278 154 117 1326 89 33 68 1237 870
internal_count=4385 1476 2909 1552 1343 855 799 772 1357 895 255 100 462 58 640 120 45 520 148 113 372 278 154 117 1326 89 33 68 1237 870
cat_boundaries=0 1
cat_threshold=678
is_linear=0
shrinkage=0.03


Tree=134
num_leaves=31
num_cat=2
split_feature=6 19 17 19 0 11 17 18 11 16 6 8 18 9 4 7 9 7 2 18 7 7 5 9 5 6 11 4 11 6
split_gain=0.0355258 0.00658307 0.00652475 0.00442313 0.00535391 0.00464419 0.00419879 0.00383924 0.00306605 0.00586351 0.00405086 0.00476868 0.00508231 0.00348143 0.00302132 0.00300816 0.00407706 0.00339632 0.00335162 0.00293728 0.00304761 0.00458511 0.00381022 0.00367283 0.00350934 0.00345719 0.00342929 0.00419288 0.00283637 0.00274047
threshold=0.18229779119656767 0 0.3085914918466221 1 0.39395212316942613 -0.5 0.46476895583354622 0.43970588235294122 -0.5 25.500000000000004 0.7009216589861752 0.23702998767234346 0.4661764705882353 0.35922684172137131 0.065104166666666671 0.040882472730218208 0.57148067104303446 0.016245047390400568 0.023437500000000003 0.48676470588235299 0.039235516998999381 0.04618662484735897 0.049188640973630841 0.72611232676878201 0.082995267072346182 0.1494994438264739 -0.9330127018922193 0.028645833333333336 1.0000000180025095e-35 0.22776100429048152
decision_type=2 1 2 1 2 2 2 2 2 2 2 2 2 2 2 2 2 2 2 2 2 2 2 2 2 2 2 2 2 2
left_child=2 6 15 4 5 -4 8 -3 10 13 11 29 -13 14 -10 17 -17 -1 -19 20 22 -22 -5 25 -25 -23 -24 -28 -21 -2
right_child=1 7 3 19 -6 -7 -8 -9 9 -11 -12 12 -14 -15 -16 16 -18 18 -20 28 21 23 26 24 -26 -27 27 -29 -30 -31
leaf_value=-0.0001977329469663882 0.00023773814675032319 -0.00024324924235011989 -0.00012171577491280212 -0.00026754122959531839 -0.00013742397368050186 0.00034200713062047794 0.00034611775243738232 1.5010817468390172e-05 8.8665445950385173e-05 0.00022532340090878085 -0.00028135235943277755 -0.00016565325963951007 0.0004318541132590076 0.00013900864548137 -9.1283052275644113e-05 -0.00069096294403048469 -0.00013750852668075806 1.1141794802011299e-05 -0.0001951815423523611 -9.0514069416988306e-05 -0.00053680715098591229 -6.7152464160264244e-05 -0.00026374276406890122 -1.6947487408773006e-05 -0.00065565609960653462 0.00047071047323463442 0.00029554216850530382 -0.00025514077482459842 -0.00047008417820935088 -5.9406347241455123e-06
leaf_weight=643 46 54 26 28 57 77 58 1274 171 314 35 17 52 316 165 23 25 171 121 37 24 38 17 16.000000000000004 14.999999999999998 14.999999999999998 73 14.999999999999998 34 428
leaf_count=643 46 54 26 28 57 77 58 1274 171 314 35 17 52 316 165 23 25 171 121 37 24 38 17 16 15 15 73 15 34 428
internal_value=-5.89766e-06 5.42759e-05 -0.000127072 -3.53913e-05 9.02163e-05 0.000224951 9.49382e-05 4.4754e-06 8.61174e-05 0.000118818 3.14646e-05 5.16282e-05 0.000284642 6.75259e-05 2.97871e-07 -0.000171093 -0.000402714 -0.000159202 -7.43556e-05 -9.95077e-05 -5.27347e-05 -0.000171122 4.33996e-05 -6.6635e-05 -0.000326011 8.50789e-05 0.000126319 0.000201674 -0.000272284 1.7708e-05
internal_weight=4385 2930 1455 472 160 103 1602 1328 1544 966 578 543 69 652 336 983 48 935 292 312 241 108 133 84 31 53 105 88 71 474
internal_count=4385 2930 1455 472 160 103 1602 1328 1544 966 578 543 69 652 336 983 48 935 292 312 241 108 133 84 31 53 105 88 71 474
cat_boundaries=0 1 2
cat_threshold=678 360
is_linear=0
shrinkage=0.03


Tree=135
num_leaves=31
num_cat=2
split_feature=6 19 17 0 18 11 19 18 16 2 7 16 7 7 6 2 10 2 10 7 16 16 9 18 11 18 17 6 16 9
split_gain=0.0346926 0.00757556 0.00652619 0.00421691 0.00359186 0.00426159 0.00334799 0.00430032 0.00341323 0.00325115 0.00508002 0.00317185 0.00310085 0.00345578 0.00368702 0.00381361 0.00306961 0.00365227 0.00435129 0.00450847 0.00361418 0.00300461 0.00321321 0.00291417 0.00261182 0.00637255 0.00355205 0.00255823 0.00250024 0.00288412
threshold=0.088076669873904903 0 0.40894391966641147 0.52464050029776299 0.4661764705882353 -0.5 1 0.48676470588235299 26.500000000000004 0.10156250000000001 0.081764945460434418 4.5000000000000009 0.053878726895501002 0.044906774673665349 0.27050691244239639 0.028645833333333336 -0.24999999999999994 0.070312500000000014 0.68301270189221941 0.059318526023085606 28.500000000000004 25.500000000000004 0.24215900802334064 0.48970588235294121 0.6830127018922193 0.50735294117647067 0.34766520237455956 0.26197362148418885 28.500000000000004 0.64697301239970828
decision_type=2 1 2 2 2 2 1 2 2 2 2 2 2 2 2 2 2 2 2 2 2 2 2 2 2 2 2 2 2 2
left_child=-1 3 6 4 5 -2 -3 16 23 10 11 -7 13 -6 15 -15 20 -18 19 27 21 22 -8 -9 -10 26 -26 -19 -14 -30
right_child=1 2 -4 -5 12 9 7 8 24 -11 -12 -13 28 14 -16 -17 17 18 -20 -21 -22 -23 -24 -25 25 -27 -28 -29 29 -31
leaf_value=-0.00018546968714818388 -0.0003089798083450675 0.00014440973308789938 0.00025917686424583366 -0.00050810074344806791 1.1864087230532825e-05 -0.00031424589335024501 -6.7907766791325665e-05 0.00025200979235004417 0.00014113626521527185 0.00038747733020439172 -0.00058030016327068566 6.3929674548723875e-05 1.1754839722898998e-05 -8.1307503218358015e-05 8.1896800919824429e-05 -0.00049048574056663821 -6.2937328574867331e-05 0.00051872807297952898 0.00014504149441567796 -9.9746175225302574e-05 0.00018330822524606076 -0.00039799699770769323 0.00013242688569418241 -1.2747419608974112e-05 0.00049549264857047211 0.00089271040579773321 -0.00012204913701798376 6.3338114759015451e-05 0.00028589551323998484 -7.2333893442806215e-06
leaf_weight=702 74 354 157 15.999999999999998 359 25 137 45 295 14.999999999999998 15.999999999999998 99 169 41 35 41 561 17 227 200 188 14.999999999999998 152 222 14.999999999999998 14.999999999999998 19 32 88 46
leaf_count=702 74 354 157 16 359 25 137 45 295 15 16 99 169 41 35 41 561 17 227 200 188 15 152 222 15 15 19 32 88 46
internal_value=7.7765e-06 4.46905e-05 7.13033e-05 -2.46621e-05 -1.72326e-05 -0.000121681 5.97623e-05 4.48753e-05 0.000112359 -3.22591e-05 -7.72333e-05 -1.23173e-05 1.34718e-05 -3.42823e-05 -0.000175876 -0.0002859 1.82017e-05 -1.1077e-05 5.0044e-05 -3.65603e-05 7.99132e-05 1.59711e-05 3.74586e-05 3.18754e-05 0.000174827 0.000377653 0.000150402 0.000221338 8.84912e-05 0.00018527
internal_weight=4377 3675 2651 1024 1008 229 2494 2140 611 155 140 124 779 476 117 82 1529 1037 476 249 492 304 289 267 344 49 34 49 303 134
internal_count=4377 3675 2651 1024 1008 229 2494 2140 611 155 140 124 779 476 117 82 1529 1037 476 249 492 304 289 267 344 49 34 49 303 134
cat_boundaries=0 1 2
cat_threshold=273 2
is_linear=0
shrinkage=0.03


Tree=136
num_leaves=31
num_cat=2
split_feature=6 19 17 20 18 11 3 4 19 18 4 16 2 7 16 9 18 12 11 18 17 9 17 7 4 18 9 17 6 7
split_gain=0.0326457 0.00713034 0.00613939 0.00396771 0.00337959 0.00400973 0.00412469 0.00352795 0.00315803 0.00404618 0.00380821 0.00321151 0.00305902 0.00477981 0.0029844 0.00275437 0.00274195 0.00248373 0.00245748 0.00599596 0.00334214 0.00239761 0.00234473 0.00246902 0.002173 0.00248254 0.00224289 0.00229726 0.00224739 0.00444271
threshold=0.088076669873904903 0 0.40894391966641147 0.52464050029776299 0.4661764705882353 -0.5 0.054687500000000007 0.091145833333333343 1 0.48676470588235299 0.0078125000000000017 26.500000000000004 0.10156250000000001 0.081764945460434418 4.5000000000000009 0.10977388767323125 0.48970588235294121 0.6078576107927941 0.6830127018922193 0.50735294117647067 0.34766520237455956 0.94493070751276453 0.30177791742764942 0.086724821097632201 0.054687500000000007 0.46911764705882358 0.65864332603938747 0.30188479923938988 0.28433179723502316 0.070186626513688774
decision_type=2 1 2 2 2 2 2 2 1 2 2 2 2 2 2 2 2 2 2 2 2 2 2 2 2 2 2 2 2 2
left_child=-1 3 8 4 5 6 -2 15 -3 10 17 16 13 14 -7 -6 -11 -10 21 20 -20 -13 -18 -24 25 -17 28 -28 29 -27
right_child=1 2 -4 -5 7 12 -8 -9 9 11 -12 18 -14 -15 -16 24 22 -19 19 -21 -22 -23 23 -25 -26 26 27 -29 -30 -31
leaf_value=-0.0001799056060052532 -0.00018677091708915584 0.00014019647220028033 0.00025140160850739107 -0.00049285868958463374 -0.00021730800061883453 -0.0003048188915332282 -0.00074389767994162133 -0.00033050313385856166 -8.5913815292898679e-05 0.00024444966564927928 2.6714724300694856e-05 0.00011446121244382635 0.00037585378725819987 -0.00056289223832202309 6.2011802787363495e-05 0.00021406052212490751 0.00011502793791234254 -0.00051750991159551173 0.00048062886599977523 0.00086593087428232904 -0.000118387867365491 0.000462863755685753 -1.6881395143379019e-06 -0.0002730707203830317 0.00014262802677943623 -5.188960483750797e-05 0.00035768567093487797 3.7141832199100425e-05 -0.00022881971064030017 0.00028380711150523106
leaf_weight=702 59 354 157 15.999999999999998 40 25 14.999999999999998 26 36 45 1475 276 14.999999999999998 15.999999999999998 99 50 82 18 14.999999999999998 14.999999999999998 19 19 96 44 144 314 26 89 50 40
leaf_count=702 59 354 157 16 40 25 15 26 36 45 1475 276 15 16 99 50 82 18 15 15 19 19 96 44 144 314 26 89 50 40
internal_value=7.55311e-06 4.33616e-05 6.91805e-05 -2.39223e-05 -1.67157e-05 -0.00011803 -0.000299711 1.30676e-05 5.79868e-05 4.35291e-05 1.76557e-05 0.000108988 -3.12914e-05 -7.49165e-05 -1.19479e-05 2.4931e-05 3.09191e-05 -0.000229786 0.000169582 0.000366324 0.000145891 0.000136902 -1.2365e-05 -8.69811e-05 3.85212e-05 1.21741e-05 -7.27588e-06 0.000109615 -4.05495e-05 -1.39571e-05
internal_weight=4377 3675 2651 1024 1008 229 74 779 2494 2140 1529 611 155 140 124 753 267 54 344 49 34 295 222 140 713 569 519 115 404 354
internal_count=4377 3675 2651 1024 1008 229 74 779 2494 2140 1529 611 155 140 124 753 267 54 344 49 34 295 222 140 713 569 519 115 404 354
cat_boundaries=0 1 2
cat_threshold=273 2
is_linear=0
shrinkage=0.03


Tree=137
num_leaves=31
num_cat=0
split_feature=6 5 16 4 11 16 16 7 5 20 10 12 18 20 7 18 11 6 8 7 4 11 8 8 4 8 6 6 7 6
split_gain=0.0307196 0.00665229 0.00248776 0.00554067 0.00260165 0.00507116 0.00460686 0.0044904 0.00389518 0.00255946 0.00282596 0.0063326 0.0024677 0.00246335 0.00346895 0.00552022 0.00237329 0.00273671 0.00260698 0.00472983 0.00306213 0.0026086 0.00266979 0.00255822 0.00388615 0.00371536 0.00249201 0.00236704 0.00221992 0.0020986
threshold=0.088076669873904903 0.13691683569979718 4.5000000000000009 0.22656250000000003 0.6830127018922193 26.500000000000004 23.500000000000004 0.10585281245293768 0.29107505070993916 0.47407937031367969 0.25000000000000011 1.0000000180025095e-35 0.45441176470588235 0.60947546798558971 0.1418343327749155 0.4661764705882353 0.93301270189221952 0.36820276497695864 0.15839388229963916 0.077908510372592374 0.033854166666666671 0.6830127018922193 0.10757186459095865 0.15093115396300516 0.039062500000000007 0.14643828494983713 0.21214614878209354 0.2141744795804863 0.051478262846501033 0.57880184331797246
decision_type=2 2 2 2 2 2 2 2 2 2 2 2 2 2 2 2 2 2 2 2 2 2 2 2 2 2 2 2 2 2
left_child=-1 16 12 4 13 6 -6 9 -9 -7 11 -11 -3 14 -4 -16 18 -18 21 20 -20 23 26 25 -25 -2 -23 -24 -14 -15
right_child=1 2 3 -5 5 7 -8 8 -10 10 -12 -13 28 29 15 -17 17 -19 19 -21 -22 22 27 24 -26 -27 -28 -29 -30 -31
leaf_value=-0.00017450844855685039 -1.7281504646217683e-05 0.00020568882185025553 5.8549599739549965e-05 0.00064344859746513577 8.0377697657840901e-05 0.00033956247977942584 -0.00037138451744299524 0.00072998714417248794 0.00028507221620289314 -0.00013202399633673753 -1.4922827686683974e-05 0.00065550232546461823 0.00021903219555834428 0.00046901688307898586 -0.00051235379983843963 0.00011198606482111735 -0.00030709054131229717 4.7802459730786386e-05 -9.2260275464688089e-05 -0.00031404679319957786 0.0003530272785965767 0.00019134784890772211 8.1781264121868984e-05 4.3709523103074269e-05 -0.00056304341876842765 0.00034505134963983756 -0.00025067865889136611 0.00049493976690607327 -0.00011930974099747584 0.00013330137342762327
leaf_weight=702 1247 34 1201 15.999999999999998 174 42 23 23 77 17 96 20 20 19 25 26 48 33 18 15.999999999999998 61 24 24 19 19 26 22 26 137 142
leaf_count=702 1247 34 1201 16 174 42 23 23 77 17 96 20 20 19 25 26 48 33 18 16 61 24 24 19 19 26 22 26 137 142
internal_value=7.33612e-06 4.20722e-05 7.71827e-05 8.75525e-05 8.28337e-05 0.000143814 2.76323e-05 0.000227042 0.000387409 0.000135402 7.09285e-05 0.000293672 -2.60264e-05 6.24637e-05 4.82592e-05 -0.000194067 -4.3279e-06 -0.000162506 4.20243e-06 0.000156305 0.000251569 -6.0676e-06 0.000144885 -1.71214e-05 -0.000259674 -9.88088e-06 -2.0057e-05 0.000296629 -7.62077e-05 0.000172923
internal_weight=4377 3675 2092 1901 1885 472 197 275 100 175 133 37 191 1413 1252 51 1583 81 1502 95 79 1407 96 1311 38 1273 46 50 157 161
internal_count=4377 3675 2092 1901 1885 472 197 275 100 175 133 37 191 1413 1252 51 1583 81 1502 95 79 1407 96 1311 38 1273 46 50 157 161
is_linear=0
shrinkage=0.03


Tree=138
num_leaves=31
num_cat=3
split_feature=0 19 17 18 7 0 6 11 4 16 11 18 19 18 19 9 3 7 16 17 9 13 2 6 3 4 2 3 4 10
split_gain=0.0289261 0.00701635 0.00556508 0.00392613 0.00459346 0.00455873 0.00403988 0.00349766 0.00313877 0.00295072 0.00421652 0.0044953 0.0037305 0.00364005 0.00326674 0.00617817 0.00331862 0.00292119 0.00277484 0.00276291 0.00495131 0.00281407 0.00266888 0.00252769 0.00251984 0.00251821 0.00246719 0.0031482 0.00297603 0.00538458
threshold=0.23559660932262541 0 0.40894391966641147 0.4661764705882353 0.096392604787514213 0.35950272462447269 0.12559987287462263 -0.5 0.091145833333333343 6.5000000000000009 0.6830127018922193 0.50735294117647067 1 0.48088235294117648 2 0.30415754923413574 0.054687500000000007 0.062610190050325087 12.500000000000002 0.34971491787932951 0.4584245076586434 -0.22252093395631442 0.054687500000000007 0.26682027649769591 0.065104166666666671 0.080729166666666671 0.049479166666666671 0.059895833333333336 0.12760416666666669 0.68301270189221941
decision_type=2 1 2 2 2 2 2 2 2 2 2 2 1 2 1 2 2 2 2 2 2 2 2 2 2 2 2 2 2 2
left_child=-1 3 9 4 5 6 -2 -7 -5 14 12 19 18 26 15 -3 22 -9 -11 20 23 -21 -16 -12 25 -20 27 -14 -28 -30
right_child=1 2 -4 8 -6 7 -8 17 -10 10 11 -13 13 -15 16 -17 -18 -19 24 21 -22 -23 -24 -25 -26 -27 28 -29 29 -31
leaf_value=-0.00017509320180904698 2.2275892804862696e-05 -0.00044038174636768684 0.00023899694345317781 1.5375587064610792e-05 -0.00058209811689754717 -0.00026664596906985049 -0.00047955434774802426 -1.4545941783319689e-05 -0.00031961883834708362 0.00024304726421252759 0.00040363062363868863 0.00055585774359451635 -6.2108175463450067e-05 8.6006234014801246e-05 -4.6360088826713456e-06 1.4539717975031408e-05 0.00012467255530459556 0.0003303182435450664 9.7362774643855674e-05 -0.00024650457280937484 0.00044858015265833797 0.00013391545540971143 -0.00034045031952814495 6.5270929224714146e-05 1.7337836613316242e-05 0.00030974795010187009 4.1418711767887748e-05 -0.00036484112021891113 -0.00063869045205573369 3.815786804483889e-05
leaf_weight=665 22 44 157 790 19 35 42 84 26 106 23 25 188 373 89 69 162 30 309 30 51 42 28 146 325 60 355 37 17 28
leaf_count=665 22 44 157 790 19 35 42 84 26 106 23 25 188 373 89 69 162 30 309 30 51 42 28 146 325 60 355 37 17 28
internal_value=7.11605e-06 3.97586e-05 6.54842e-05 -2.60119e-05 -0.000135159 -9.52885e-05 -0.000307053 -4.32797e-06 4.70137e-06 5.48791e-05 6.8891e-05 0.000169772 5.11049e-05 1.17245e-05 -2.07205e-05 -0.000149381 3.54723e-05 7.62099e-05 9.88498e-05 0.000136714 0.000189506 -2.45941e-05 -8.5004e-05 0.000111322 7.82494e-05 0.000131898 -3.24193e-05 -0.000111892 1.22844e-05 -0.000217549
internal_weight=4377 3712 2664 1048 232 213 64 149 816 2507 2115 317 1798 998 392 113 279 114 800 292 220 72 117 169 694 369 625 225 400 45
internal_count=4377 3712 2664 1048 232 213 64 149 816 2507 2115 317 1798 998 392 113 279 114 800 292 220 72 117 169 694 369 625 225 400 45
cat_boundaries=0 1 2 3
cat_threshold=273 194 192
is_linear=0
shrinkage=0.03


Tree=139
num_leaves=31
num_cat=2
split_feature=20 19 17 18 7 20 11 4 19 18 16 4 7 12 3 9 9 7 9 20 10 16 16 9 17 17 9 2 2 7
split_gain=0.0272165 0.00660169 0.00523618 0.0036941 0.00432201 0.00428932 0.00329095 0.00295327 0.00281508 0.0035436 0.00345251 0.00313408 0.00274856 0.00261421 0.0024705 0.00240954 0.00238851 0.00234513 0.00345476 0.00231244 0.0022342 0.00317467 0.00287661 0.00300595 0.00269436 0.00269307 0.00255383 0.00245737 0.00236779 0.00217027
threshold=0.23559660932262541 0 0.40894391966641147 0.4661764705882353 0.096392604787514213 0.35950272462447269 -0.5 0.091145833333333343 1 0.48676470588235299 2.5000000000000004 0.0078125000000000017 0.062610190050325087 0.6078576107927941 0.013020833333333334 0.10977388767323125 0.09700948212983225 0.042465602066792146 0.55725747629467559 0.51769651683048701 -0.24999999999999994 28.500000000000004 25.500000000000004 0.24215900802334064 0.32170093543593681 0.350651008424815 0.30233406272793589 0.075520833333333343 0.059895833333333336 0.055089635996602375
decision_type=2 1 2 2 2 2 2 2 1 2 2 2 2 2 2 2 2 2 2 2 2 2 2 2 2 2 2 2 2 2
left_child=-1 3 8 4 5 17 -7 15 -3 11 -11 13 -8 -10 -12 -5 -16 18 -2 29 21 22 23 -13 -22 27 -23 28 -26 -17
right_child=1 2 -4 7 -6 6 12 -9 9 10 14 20 -14 -15 16 19 -18 -19 -20 -21 24 26 -24 -25 25 -27 -28 -29 -30 -31
leaf_value=-0.00016984041084106607 0.00015750961086490257 0.0001308497327622801 0.00023182708017965511 -0.00021499526532785742 -0.0005646360796251759 -0.00025864681631714313 -1.4109568364428494e-05 -0.0003100306433247273 -6.4685546364359661e-05 -0.00020249902579185257 0.00039249225547536204 -6.3938096754201503e-05 0.00032040903134185382 -0.00050175869621141517 -0.00026972848685256776 -4.8434353136346722e-06 0.00011406521483022883 -0.00057730983248115066 -0.00038464665508692588 -0.00034188133820943034 -3.3782081732628311e-05 0.00045080038322258518 -0.00038798515586251141 0.00013081253912055021 0.00012661654191536897 -3.3667794231048728e-05 0.00012980264974203116 0.00027487688770337675 -0.00023326050660609174 0.00010204764733762934
leaf_weight=665 17 354 157 39 19 35 84 26 39 32 28 136 30 18 14.999999999999998 466 538 19 28 14.999999999999998 701 26 14.999999999999998 150 76 123 157 78 21 270
leaf_count=665 17 354 157 39 19 35 84 26 39 32 28 136 30 18 15 466 538 19 28 15 701 26 15 150 76 123 157 78 21 270
internal_value=6.90257e-06 3.85659e-05 6.35197e-05 -2.52316e-05 -0.000131104 -9.24299e-05 -4.19812e-06 4.56032e-06 5.32328e-05 3.96787e-05 0.000100866 1.55806e-05 7.39237e-05 -0.000202715 0.000117575 1.49143e-05 0.000103654 -0.000297841 -0.000179833 2.6854e-05 2.39711e-05 7.6873e-05 1.69641e-05 3.82039e-05 -1.65915e-06 7.39051e-05 0.000175411 0.000149513 4.87034e-05 3.43694e-05
internal_weight=4377 3712 2664 1048 232 213 149 816 2507 2153 613 1540 114 57 581 790 553 64 45 751 1483 484 301 286 999 298 183 175 97 736
internal_count=4377 3712 2664 1048 232 213 149 816 2507 2153 613 1540 114 57 581 790 553 64 45 751 1483 484 301 286 999 298 183 175 97 736
cat_boundaries=0 1 2
cat_threshold=273 2
is_linear=0
shrinkage=0.03


Tree=140
num_leaves=31
num_cat=1
split_feature=5 19 3 0 7 3 7 17 8 7 5 4 0 2 16 10 7 8 9 0 10 5 9 3 16 16 3 2 7 8
split_gain=0.0256377 0.00565353 0.00466545 0.00372306 0.00521318 0.00400714 0.00324319 0.0031351 0.00296845 0.00291042 0.00261392 0.00286637 0.00362284 0.00317409 0.00248213 0.00247564 0.00232562 0.00277119 0.00412738 0.00251686 0.00226942 0.00308221 0.00236443 0.00268006 0.00205736 0.0021627 0.00307474 0.00238232 0.00237649 0.00369841
threshold=0.057809330628803259 0 0.0078125000000000017 0.39511013716867388 0.024356284575033051 0.023437500000000003 0.38780974986680611 0.31329248574589402 0.075223422284331695 0.036173359327714573 0.35801217038539557 0.023437500000000003 0.29573446711830759 0.018229166666666668 21.500000000000004 1.0000000180025095e-35 0.071197677084720135 0.11570527351525862 0.61670313639679086 0.37668253684308667 -0.6830127018922193 0.17748478701825562 0.52954048140043775 0.023437500000000003 3.5000000000000004 12.500000000000002 0.049479166666666671 0.039062500000000007 0.053878726895501002 0.15839388229963916
decision_type=2 1 2 2 2 2 2 2 2 2 2 2 2 2 2 2 2 2 2 2 2 2 2 2 2 2 2 2 2 2
left_child=15 10 -3 4 -4 7 -5 -6 -7 -9 11 12 -2 -14 -10 -1 17 18 -16 -19 22 -22 23 -15 -13 26 -26 -28 29 -27
right_child=1 2 3 6 5 8 -8 9 14 -11 -12 24 13 20 16 -17 -18 19 -20 -21 21 -23 -24 -25 25 28 27 -29 -30 -31
leaf_value=-0.00017502430337749711 -0.00047389052348942854 0.00043328015269295759 0.00047328513014081478 6.8973300619115191e-05 -0.00050740627158329477 0.0002857508432974343 0.00047362110267539859 0.00022239010885467743 -0.00017203256465069493 -0.00027314497177051948 -0.00038832714962762339 -0.00014101465398284565 0.00015131363971329292 0.00019392001551072022 -0.00032686190479637385 -6.8951121967776818e-05 -0.00022703806103701072 0.00054528596721667791 0.00020926472114446036 8.3117443120379376e-05 -1.9833934780572961e-06 -0.00038340578130560877 -0.00050650007571506888 -0.00030300652175375552 0.00022031028134147622 -0.00010018763112346444 -0.00023613726016436879 9.8408732667422795e-05 4.9422836194145822e-05 0.00029720741044620623
leaf_weight=665 21 30 17 1837 28 28 18 15.999999999999998 81 32 17 72 50 14.999999999999998 24 282 23 19 28 24 143 22 23 28 108 252 30 53 371 23
leaf_count=665 21 30 17 1837 28 28 18 16 81 32 17 72 50 15 24 282 23 19 28 24 143 22 23 28 108 252 30 53 371 23
internal_value=-5.24484e-06 3.2876e-05 6.14444e-05 5.65979e-05 -3.79034e-05 -6.65854e-05 7.29001e-05 -0.000255133 -3.45863e-06 -0.000107965 -1.87691e-05 -1.37359e-05 -9.38102e-05 -6.54041e-05 -4.41527e-05 -0.000143438 4.363e-05 0.000109162 -3.81799e-05 0.000287339 -0.000112313 -5.28417e-05 -0.000260988 -0.00012966 1.28675e-05 2.61048e-05 0.000114791 -2.25129e-05 -1.16709e-07 -6.695e-05
internal_weight=4380 3433 2205 2175 320 303 1855 76 227 48 1228 1211 302 281 199 947 118 95 52 43 231 165 66 43 909 837 191 83 646 275
internal_count=4380 3433 2205 2175 320 303 1855 76 227 48 1228 1211 302 281 199 947 118 95 52 43 231 165 66 43 909 837 191 83 646 275
cat_boundaries=0 1
cat_threshold=337
is_linear=0
shrinkage=0.03


Tree=141
num_leaves=31
num_cat=1
split_feature=1 19 8 18 3 5 4 16 12 20 8 3 3 3 12 6 10 5 16 9 17 2 6 9 6 1 9 17 17 4
split_gain=0.0248789 0.00566955 0.00577051 0.00378271 0.00292864 0.00244417 0.0024933 0.0023393 0.00266695 0.0048326 0.005187 0.00238304 0.00311068 0.0029741 0.00230651 0.00214302 0.00295424 0.00305224 0.00263019 0.00306264 0.00289518 0.00257902 0.00226499 0.00255217 0.00208421 0.0022929 0.00223862 0.00208319 0.00313468 0.00350036
threshold=0.013020833333333334 0 0.057563221496375404 0.53382352941176481 0.0078125000000000017 0.35801217038539557 0.023437500000000003 2.5000000000000004 -0.60785761079279388 0.42141001303737941 0.12496481496433699 0.11197916666666667 0.091145833333333343 0.044270833333333336 1.0000000180025095e-35 0.55714285714285727 -0.24999999999999994 0.093982420554428681 27.500000000000004 0.57622173595915405 0.29959152412560641 0.070312500000000014 0.66635944700460847 0.89824945295404834 0.25072302558398224 0.085937500000000014 0.80598103574033564 0.32659142728865342 0.32347650530108968 0.044270833333333336
decision_type=2 1 2 2 2 2 2 2 2 2 2 2 2 2 2 2 2 2 2 2 2 2 2 2 2 2 2 2 2 2
left_child=-1 5 -3 4 -4 6 14 11 9 10 -9 12 13 -6 -2 16 17 -10 20 21 -19 -20 -17 -24 -11 -26 -27 28 29 -18
right_child=1 2 3 -5 7 -7 -8 8 15 24 -12 -13 -14 -15 -16 22 27 18 19 -21 -22 -23 23 -25 25 26 -28 -29 -30 -31
leaf_value=-0.00015036940095256577 -1.0939256808893109e-05 -0.00037625773831683742 0.00035925284982064019 0.00036576489073749817 -0.0002725970972233513 -0.00037667803000905256 1.1478832285678267e-05 5.3092789799524696e-05 0.00042667984247070823 0.00035627297299312165 -0.00044346926597883774 0.00023874524517833806 -0.00052707023570219402 0.00012488803239436727 -0.00016135063551584063 0.00018760585059162974 -0.00010843136486386542 0.0001412056174931275 0.00014151082623814929 6.3357264495411965e-05 -7.8596235996367445e-05 0.0005357620741158626 7.2815185345923207e-05 -0.00029709943628572776 8.7178435876631309e-05 0.00019363137564597081 0.00056968478424071001 -8.4860025603357959e-05 0.00035631628016543162 7.3302993436279648e-05
leaf_weight=854 198 27 29 37 32 17 933 78 22 44 25 17 15.999999999999998 36 171 164 155 83 32 121 154 28 144 19 269 130 15.999999999999998 257 24 248
leaf_count=854 198 27 29 37 32 17 933 78 22 44 25 17 16 36 171 164 155 83 32 121 154 28 144 19 269 130 16 257 24 248
internal_value=-5.0875e-06 3.00999e-05 5.93521e-05 6.50197e-05 5.9827e-05 -1.91507e-05 -1.46293e-05 5.57193e-05 6.27882e-05 0.000118273 -6.74351e-05 -8.51678e-05 -0.000150724 -6.21651e-05 -8.06423e-05 4.12979e-05 2.16329e-05 8.22733e-05 6.41457e-05 0.000150257 -1.61894e-06 0.000325501 0.000108892 2.96947e-05 0.000159946 0.00013913 0.000234846 -1.73756e-05 2.32416e-05 3.40507e-06
internal_weight=4380 3526 2207 2180 2143 1319 1302 2114 2013 562 103 101 84 68 369 1451 1124 440 418 181 237 60 327 163 459 415 146 684 427 403
internal_count=4380 3526 2207 2180 2143 1319 1302 2114 2013 562 103 101 84 68 369 1451 1124 440 418 181 237 60 327 163 459 415 146 684 427 403
cat_boundaries=0 1
cat_threshold=337
is_linear=0
shrinkage=0.03


Tree=142
num_leaves=31
num_cat=2
split_feature=1 19 8 18 7 16 12 0 7 7 1 7 2 19 7 9 7 6 9 5 4 9 10 2 10 0 11 18 7 0
split_gain=0.0234085 0.00533448 0.00542949 0.00355915 0.00337198 0.00240446 0.00259798 0.00426463 0.00537904 0.0030481 0.00246616 0.0024137 0.0024475 0.00241525 0.00404802 0.00309881 0.00248797 0.00260575 0.00236962 0.00229973 0.00234595 0.00224348 0.00224344 0.00362513 0.0021963 0.0034706 0.00219613 0.00454176 0.00271676 0.00401705
threshold=0.013020833333333334 0 0.057563221496375404 0.53382352941176481 0.020972266000457252 2.5000000000000004 -0.60785761079279388 0.42141001303737941 0.071197677084720135 0.060055430377196566 0.085937500000000014 0.090933578475972623 0.054687500000000007 1 0.059963812581092742 0.73668854850474119 0.05578386221791292 0.12030373884815329 0.19730123997082422 0.35801217038539557 0.023437500000000003 0.35922684172137131 0.68301270189221941 0.059895833333333336 -0.24999999999999994 0.53840388049425569 -0.5 0.44264705882352945 0.099590664592236089 0.59294530418543168
decision_type=2 1 2 2 2 2 2 2 2 2 2 2 2 1 2 2 2 2 2 2 2 2 2 2 2 2 2 2 2 2
left_child=-1 19 -3 4 -4 21 7 8 -7 -9 -11 13 -13 -8 16 -16 17 -15 -14 20 -2 -6 -19 -24 -12 -26 27 -20 -29 -30
right_child=1 2 3 -5 5 6 11 9 -10 10 24 12 18 14 15 -17 -18 22 26 -21 -22 -23 23 -25 25 -27 -28 28 29 -31
leaf_value=-0.00014585833214261109 -7.8223084879184532e-05 -0.0003649704269025927 0.00042752176716872578 0.00035479223952985373 -0.00025285592736969456 3.7627802661594306e-05 7.8648606398619601e-05 0.00028529569889589241 -0.00054473844337935625 4.6953536737147596e-05 -0.00011520975520935019 0.0003104065285038436 -0.00019144585145179264 0.00036920864614093654 -6.5234712125595193e-05 -0.00044067408944078383 0.00029920108380947073 6.5933284738848731e-05 -0.00045569956817144089 -0.00036537835264119286 1.1134467635788087e-05 3.3094477472162785e-05 -0.00024684205798909697 0.00021212823654931284 0.00068519730415796446 0.00019486197093089458 0.000139584580739406 0.00040797652470124431 -0.00024206919835554233 0.00021244746190249826
leaf_weight=854 369 27 22 37 43 89 335 120 17 213 15.999999999999998 44 28 19 342 21 35 172 18 17 933 58 59 21 14.999999999999998 97 272 17 35 35
leaf_count=854 369 27 22 37 43 89 335 120 17 213 16 44 28 19 342 21 35 172 18 17 933 58 59 21 15 97 272 17 35 35
internal_value=-4.93487e-06 2.91969e-05 5.75715e-05 6.30691e-05 5.80322e-05 5.41995e-05 6.13419e-05 0.000115805 -5.57748e-05 0.000155258 0.000109496 4.00887e-05 9.79081e-05 1.42312e-05 -1.89185e-05 -8.69555e-05 6.11738e-05 3.04313e-05 7.48212e-05 -1.85762e-05 -1.41904e-05 -8.86481e-05 4.88715e-06 -0.000126361 0.000213568 0.000260537 9.45974e-05 -2.1941e-05 6.78063e-05 -1.48111e-05
internal_weight=4380 3526 2207 2180 2143 2121 2020 567 106 461 341 1453 449 1004 669 363 306 271 405 1319 1302 101 252 80 128 112 377 105 87 70
internal_count=4380 3526 2207 2180 2143 2121 2020 567 106 461 341 1453 449 1004 669 363 306 271 405 1319 1302 101 252 80 128 112 377 105 87 70
cat_boundaries=0 1 2
cat_threshold=337 34
is_linear=0
shrinkage=0.03


Tree=143
num_leaves=31
num_cat=3
split_feature=1 19 18 16 5 14 20 7 17 7 3 3 3 1 5 4 10 20 7 3 7 17 9 19 9 7 17 2 4 19
split_gain=0.0220268 0.00502066 0.00346913 0.00259613 0.00244151 0.00243525 0.0034914 0.0053654 0.00305355 0.00286796 0.00243255 0.00263529 0.00347205 0.00232041 0.00216382 0.0022073 0.0020665 0.00326551 0.00203724 0.0023942 0.00238342 0.00327536 0.00350339 0.00261088 0.00319858 0.00313743 0.00275776 0.00230286 0.00226014 0.00231286
threshold=0.013020833333333334 0 0.53382352941176481 2.5000000000000004 0.049188640973630841 1.0000000180025095e-35 0.42141001303737941 0.071197677084720135 0.31759145956763773 0.060055430377196566 0.11197916666666667 0.091145833333333343 0.044270833333333336 0.085937500000000014 0.35801217038539557 0.023437500000000003 -0.24999999999999994 0.53840388049425569 0.090933578475972623 0.0078125000000000017 0.033653789512837727 0.3269817095536991 0.70240700218818397 1 0.72611232676878201 0.088419907194990141 0.30080198603787212 0.054687500000000007 0.19531250000000003 2
decision_type=2 1 2 2 2 2 2 2 2 2 2 2 2 2 2 2 2 2 2 2 2 2 2 1 2 2 2 2 2 1
left_child=-1 14 3 10 -5 18 7 8 -7 -8 11 12 -3 -11 15 -2 -15 -18 19 -6 21 22 -21 26 25 -25 -22 -20 29 -29
right_child=1 2 -4 4 5 6 9 -9 -10 13 -12 -13 -14 16 -16 -17 17 -19 27 20 23 -23 -24 24 -26 -27 -28 28 -30 -31
leaf_value=-0.00014148258117463257 -7.5876395116803184e-05 -0.00029862458855839635 0.00034414875551466771 -0.00024883833847934132 0.00031447160304862951 -6.7774974597719577e-05 0.00027673689800881827 -0.00052839725670107761 0.00030614218714196021 4.5544937099127527e-05 0.00023210430387141307 -0.00050796290664480148 0.00012410914327104316 -0.00011175368099931655 -0.00035441764728365836 1.0800434354622428e-05 0.00066464275728746517 0.00018901617348560522 0.00030109453969528712 0.00013378601158653969 0.00017696128063551003 -0.00019267818076848474 0.0006265276853170673 -4.4785377371755423e-07 -0.0002318063763321021 -0.00037444602522430877 -7.1063761269699538e-06 -3.6637585401847279e-05 0.00040117695802260525 0.00011229170184440151
leaf_weight=854 369 34 37 23 24 61 120 17 29 213 17 15.999999999999998 36 15.999999999999998 17 933 14.999999999999998 97 44 55 126 19 17 521 69 21 175 148 18 239
leaf_count=854 369 34 37 23 24 61 120 17 29 213 17 16 36 16 17 933 15 97 44 55 126 19 17 521 69 21 175 148 18 239
internal_value=-4.78143e-06 2.83277e-05 5.58551e-05 5.11967e-05 5.85216e-05 6.19803e-05 0.000114767 -3.96183e-05 5.27115e-05 0.0001506 -9.5799e-05 -0.000160619 -8.122e-05 0.000106211 -1.80189e-05 -1.37647e-05 0.000207162 0.000252722 4.16668e-05 1.83624e-05 1.12768e-05 0.000157678 0.000250135 -3.33143e-06 -3.87953e-05 -1.49392e-05 6.76965e-05 9.49709e-05 7.25765e-05 5.72918e-05
internal_weight=4380 3526 2207 2170 2067 2044 568 107 90 461 103 86 70 341 1319 1302 128 112 1476 1027 1003 91 72 912 611 542 301 449 405 387
internal_count=4380 3526 2207 2170 2067 2044 568 107 90 461 103 86 70 341 1319 1302 128 112 1476 1027 1003 91 72 912 611 542 301 449 405 387
cat_boundaries=0 1 2 3
cat_threshold=337 34 524
is_linear=0
shrinkage=0.03


Tree=144
num_leaves=31
num_cat=1
split_feature=1 19 8 18 7 3 0 8 3 12 17 7 0 7 7 9 5 4 12 7 5 17 10 12 7 8 12 3 7 3
split_gain=0.0207267 0.00472529 0.00502736 0.00314786 0.00313414 0.00266971 0.00265789 0.00391319 0.00423727 0.00265167 0.002737 0.00323288 0.00252579 0.00237136 0.00384464 0.00229902 0.00203595 0.00207685 0.00217019 0.00354994 0.00305498 0.0018362 0.00203922 0.00438876 0.00241367 0.00405451 0.00285001 0.00191454 0.0017599 0.00251462
threshold=0.013020833333333334 0 0.057563221496375404 0.53382352941176481 0.020972266000457252 0.0078125000000000017 0.39511013716867388 0.078811545216678311 0.023437500000000003 -0.60785761079279388 0.27516807080248495 0.073627290967515566 0.49403747443035323 0.033653789512837727 0.042075404493665751 0.29431072210065656 0.35801217038539557 0.023437500000000003 1.0000000180025095e-35 0.030210256171992824 0.098377281947261683 0.33260705618597397 0.25000000000000011 -0.60785761079279388 0.019049006574753637 0.064981882815564593 0.6078576107927941 0.013020833333333334 0.090933578475972623 0.070312500000000014
decision_type=2 1 2 2 2 2 2 2 2 2 2 2 2 2 2 2 2 2 2 2 2 2 2 2 2 2 2 2 2 2
left_child=21 16 -3 4 -4 -6 7 13 -9 10 11 15 -13 -7 -15 -8 17 18 -2 -20 -21 22 -1 27 26 -26 -25 -24 -11 -30
right_child=1 2 3 -5 5 6 9 8 -10 28 -12 12 -14 14 -16 -17 -18 -19 19 20 -22 -23 23 24 25 -27 -28 -29 29 -31
leaf_value=-0.00015390862717399754 -5.9881185862729324e-06 -0.00035240916642321926 0.00041095774536024904 0.0003338245753114945 0.00033690497428271994 0.00035659842242748992 -8.7075189810614494e-05 -0.00037569601244454042 -3.7412935819845647e-05 1.1191334740398691e-05 0.00015379776197355888 -0.00047020337062491616 -3.965148883185005e-05 -0.00019622200283410629 0.00037196829173209717 0.0003506214372024141 -0.0003437857347728851 1.0476421191648324e-05 9.9582162793108065e-05 -0.00036409000570971093 -7.5143100171188925e-05 -0.00044589778331167714 -3.2279025182776471e-05 -0.00033483013042968533 0.00056413329823326781 3.3993795359420121e-05 0.00012910611778360151 -0.0003987023432377483 0.00020529419734824418 4.4180543101324533e-05
leaf_weight=675 198 27 22 37 29 30 18 41 178 817 407 17 44 29 17 27 17 933 39 69 63 17 21 22 19 41 26 33 116 351
leaf_count=675 198 27 22 37 29 30 18 41 178 817 407 17 44 29 17 27 17 933 39 69 63 17 21 22 19 41 26 33 116 351
internal_value=-4.6328e-06 2.74843e-05 5.41897e-05 5.94743e-05 5.47373e-05 5.10422e-05 4.70793e-05 -3.63793e-05 -0.000100746 6.07801e-05 0.000118434 -1.73484e-05 -0.000159647 0.000149097 1.37649e-05 0.000175545 -1.74783e-05 -1.33518e-05 -7.36001e-05 -0.000151887 -0.000226185 -0.000137238 -0.000130969 -3.53844e-05 7.50286e-05 0.000201878 -8.35339e-05 -0.000256208 3.77454e-05 8.42006e-05
internal_weight=4380 3526 2207 2180 2143 2121 2092 295 219 1797 513 106 61 76 46 45 1319 1302 369 171 132 854 837 162 108 60 48 54 1284 467
internal_count=4380 3526 2207 2180 2143 2121 2092 295 219 1797 513 106 61 76 46 45 1319 1302 369 171 132 854 837 162 108 60 48 54 1284 467
cat_boundaries=0 1
cat_threshold=337
is_linear=0
shrinkage=0.03


Tree=145
num_leaves=31
num_cat=1
split_feature=5 19 16 3 6 7 1 6 3 4 11 17 13 7 0 2 13 0 6 6 0 16 18 7 5 16 0 7 17 11
split_gain=0.0186104 0.00606841 0.00479312 0.00377683 0.00337051 0.00341969 0.00326654 0.00429383 0.00307747 0.00313186 0.00289856 0.00263789 0.00242714 0.00296974 0.00293003 0.00258208 0.00239563 0.00298234 0.00345077 0.00560655 0.0044035 0.00297006 0.00407569 0.00272205 0.00285565 0.00270404 0.00248731 0.00481044 0.00437482 0.00233048
threshold=0.04699121027721434 0 2.5000000000000004 0.0078125000000000017 0.33317972350230424 0.019049006574753637 0.033854166666666671 0.33870967741935493 0.15364583333333334 0.070312500000000014 0.6830127018922193 0.26308399285167228 1.0000000180025095e-35 0.10298321911602835 0.57229813476139524 0.11197916666666667 -0.56174490092936669 0.30326947050547354 0.13630791582483945 0.15714285714285717 0.34766968031203666 13.500000000000002 0.47794117647058826 0.041944532000914164 0.089587559161595678 25.500000000000004 0.29573446711830759 0.053262949793462168 0.34515477772984848 -0.5
decision_type=2 1 2 2 2 2 2 2 2 2 2 2 2 2 2 2 2 2 2 2 2 2 2 2 2 2 2 2 2 2
left_child=-1 16 -3 -4 5 -5 -6 -8 12 -10 -7 -12 -9 -14 15 -15 26 -18 25 20 -20 -21 23 24 -23 -19 -2 -28 -29 -11
right_child=1 2 3 4 6 10 7 8 9 29 11 -13 13 14 -16 -17 17 18 19 21 -22 22 -24 -25 -26 -27 27 28 -30 -31
leaf_value=-0.00013114540267930276 0.00013088310121665492 -0.00013500518878750657 0.00032657551368222659 0.00047244196784370355 -0.00012252712326480314 -5.6593643969298063e-08 0.00050842519551326081 7.4407790565672165e-05 -0.0002831203966278826 -0.00019059933041911913 -0.00021678099230816066 0.00019270052790044517 0.00022117922536666771 1.3565015894243407e-05 0.00014792205178201106 -0.00046589045089494725 -0.0001561285122731415 0.00039988210641074502 -0.0006932732777714623 0.00013746209845082308 -6.679293724272525e-05 -0.00025118630893147104 8.6431260902470973e-05 -0.00019659670184381879 0.00024508703038858797 4.1495879713642124e-05 -0.00027008012304811349 8.6555250715806176e-05 -0.00033863989522152534 0.00012845469114478855
leaf_weight=771 35 115 48 14.999999999999998 61 1070 23 630 35 28 15.999999999999998 123 293 31 97 14.999999999999998 98 36 18 144 23 15.999999999999998 154 128 30 40 126 98 28 78
leaf_count=771 35 115 48 15 61 1070 23 630 35 28 16 123 293 31 97 15 98 36 18 144 23 16 154 128 30 40 126 98 28 78
internal_value=2.78495e-06 3.106e-05 5.42658e-05 6.297e-05 5.79389e-05 2.22714e-05 9.17553e-05 0.000102382 9.46446e-05 -3.70698e-05 1.66858e-05 0.000145565 0.000112067 0.000166481 5.44073e-05 -0.000142786 -3.29629e-05 -2.89141e-06 2.2605e-05 -5.34441e-06 -0.000341843 2.3886e-05 -2.59769e-05 -0.000125465 7.24685e-05 0.000211261 -0.000106094 -0.000139008 -7.9345e-06 4.41753e-05
internal_weight=4423 3652 2678 2563 2515 1224 1291 1230 1207 141 1209 139 1066 436 143 46 974 687 589 513 41 472 328 174 46 76 287 252 126 106
internal_count=4423 3652 2678 2563 2515 1224 1291 1230 1207 141 1209 139 1066 436 143 46 974 687 589 513 41 472 328 174 46 76 287 252 126 106
cat_boundaries=0 1
cat_threshold=273
is_linear=0
shrinkage=0.03


Tree=146
num_leaves=31
num_cat=1
split_feature=5 19 16 7 6 1 6 8 7 16 0 6 8 4 13 0 6 6 0 16 18 7 5 16 0 7 17 12 0 18
split_gain=0.0175106 0.00570977 0.00450985 0.00264497 0.00261483 0.00306382 0.00404717 0.00229458 0.00242689 0.00283825 0.00451571 0.00300379 0.00367168 0.00230534 0.00225405 0.00280609 0.00324684 0.00527522 0.00414327 0.00279453 0.00383482 0.00256118 0.00268689 0.00254423 0.00234031 0.00452614 0.00411628 0.00237302 0.0022218 0.00215206
threshold=0.04699121027721434 0 2.5000000000000004 0.019049006574753637 0.33317972350230424 0.033854166666666671 0.33870967741935493 0.17145492021784528 0.058478410056899105 8.5000000000000018 0.40714532703290862 0.15371047195296364 0.1142210635865936 0.091145833333333343 -0.56174490092936669 0.30326947050547354 0.13630791582483945 0.15714285714285717 0.34766968031203666 13.500000000000002 0.47794117647058826 0.041944532000914164 0.089587559161595678 25.500000000000004 0.29573446711830759 0.053262949793462168 0.34515477772984848 1.0000000180025095e-35 0.41236253695532932 0.46911764705882358
decision_type=2 1 2 2 2 2 2 2 2 2 2 2 2 2 2 2 2 2 2 2 2 2 2 2 2 2 2 2 2 2
left_child=-1 14 -3 -4 7 -6 -7 8 -5 10 -10 -11 29 -14 24 -16 23 18 -18 28 21 22 -21 -17 27 -26 -27 -2 -19 -13
right_child=1 2 3 4 5 6 -8 -9 9 11 -12 12 13 -15 15 16 17 19 -20 20 -22 -23 -24 -25 25 26 -28 -29 -30 -31
leaf_value=-0.00012721105201543914 0.00038113128768586807 -0.00013095507004284485 0.00045826964804978536 5.9893275570184575e-05 -0.00011885136813330229 0.00049317310339133116 9.1459311101007565e-05 0.00035506344252224766 0.00060470888413138239 -0.00033834038472356189 1.5222684071662026e-06 0.00041038567833372565 -8.5842416141841305e-05 0.00022405023505959575 -0.00015144470313194002 0.0003878859761036393 -0.00067247624413995172 0.00027682870409858034 -6.4789238243468687e-05 -0.00024365118961008545 8.3838342717605115e-05 -0.00019069884323417665 0.00023773466627275127 4.0251034286479171e-05 -0.0002619777829102002 8.3958622917800442e-05 -0.00032848106060731999 -0.00011310487525783051 3.6563551419889508e-05 6.0210906173398262e-05
leaf_weight=771 17 115 14.999999999999998 696 61 23 1209 19 15.999999999999998 30 37 22 356 23 98 36 18 58 23 15.999999999999998 154 128 30 40 126 98 28 18 86 56
leaf_count=771 17 115 15 696 61 23 1209 19 16 30 37 22 356 23 98 36 18 58 23 16 154 128 30 40 126 98 28 18 86 56
internal_value=2.7014e-06 3.01282e-05 5.26378e-05 6.1081e-05 5.87425e-05 8.86835e-05 9.89592e-05 2.7895e-05 2.28654e-05 -2.48594e-05 0.000183624 -4.7549e-05 -2.84591e-05 -6.70357e-05 -3.1974e-05 -2.80469e-06 2.19268e-05 -5.18412e-06 -0.000331589 2.31695e-05 -2.51976e-05 -0.000121701 7.02945e-05 0.000204923 -0.000102911 -0.000134838 -7.69652e-06 0.000126957 0.000133338 0.000158982
internal_weight=4423 3652 2678 2563 2548 1293 1232 1255 1236 540 53 487 457 379 974 687 589 513 41 472 328 174 46 76 287 252 126 35 144 78
internal_count=4423 3652 2678 2563 2548 1293 1232 1255 1236 540 53 487 457 379 974 687 589 513 41 472 328 174 46 76 287 252 126 35 144 78
cat_boundaries=0 1
cat_threshold=273
is_linear=0
shrinkage=0.03


Tree=147
num_leaves=31
num_cat=2
split_feature=5 19 16 3 6 9 18 8 6 19 9 7 7 6 11 9 17 11 1 13 1 7 17 4 8 17 5 8 8 16
split_gain=0.0164757 0.00537233 0.00424332 0.0036072 0.00302015 0.00315346 0.00410984 0.00351872 0.00408995 0.00358021 0.00520189 0.00337853 0.00303298 0.00299095 0.00271958 0.00262616 0.00253944 0.00279934 0.00214074 0.00232373 0.0025458 0.00333407 0.00357491 0.00235921 0.00206045 0.00285831 0.00201369 0.00199962 0.00426874 0.00247014
threshold=0.04699121027721434 0 2.5000000000000004 0.0078125000000000017 0.33317972350230424 0.80598103574033564 0.45441176470588235 0.20477481889322038 0.45576036866359454 1 0.5977388767323123 0.096392604787514213 0.019049006574753637 0.33870967741935493 0.6830127018922193 0.29431072210065656 0.27311395361803403 0.6830127018922193 0.0078125000000000017 -0.56174490092936669 0.023437500000000003 0.053262949793462168 0.33780103820951418 0.018229166666666668 0.1439067609595597 0.32306906777164635 0.49290060851926981 0.06230738714895611 0.078811545216678311 22.500000000000004
decision_type=2 1 2 2 2 2 2 2 2 1 2 2 2 2 2 2 2 2 2 2 2 2 2 2 2 2 2 2 2 2
left_child=-1 18 -3 -4 12 7 -7 13 -9 10 -10 -8 -5 -6 27 -16 -15 24 -2 20 23 -22 -23 -20 25 -18 -11 -14 29 -29
right_child=1 2 3 4 5 6 11 8 9 26 -12 -13 14 16 15 -17 17 -19 19 -21 21 22 -24 -25 -26 -27 -28 28 -30 -31
leaf_value=-0.00012339472183856687 -0.00029988817530410695 -0.00012702645107192051 0.00031686643863520711 0.00044452248033267504 0.00045247423445320746 -5.292701576150399e-05 0.00053142617391180032 0.00014359782305637932 -3.554062212835136e-05 4.4617914891221016e-06 -0.00044255684989940046 0.00016644301450669788 -0.0002980562727672059 0.00023991440724749843 -0.00012543510128521643 0.00020416946314348637 -0.00022906066457549401 0.00027662425507889843 -0.00024527893285274815 6.75001538929078e-06 -0.00025777676875614374 9.0926829900859842e-05 -0.00026864080904750635 0.00019038028530432978 8.3379101799539409e-05 0.00012025808023803777 0.00035324991659815559 0.00047386432601109356 -1.4546718926671022e-05 0.00011235371191029517
leaf_weight=771 26 115 48 14.999999999999998 23 34 42 148 79 216 44 50 20 104 27 112 49 57 14.999999999999998 664 112 76 37 44 392 37 15.999999999999998 22 953 75
leaf_count=771 26 115 48 15 23 34 42 148 79 216 44 50 20 104 27 112 49 57 15 664 112 76 37 44 392 37 16 22 953 75
internal_value=2.62037e-06 2.92243e-05 5.10587e-05 5.92486e-05 5.43317e-05 8.63422e-05 0.000228912 7.09225e-05 1.11094e-05 -4.41255e-05 -0.000167523 0.00033307 2.05688e-05 0.000116369 1.53085e-05 0.000140145 0.000104271 7.79027e-05 -3.10148e-05 -2.39675e-05 -9.57856e-05 -0.00014178 -2.6809e-05 7.96172e-05 5.42052e-05 -7.87727e-05 2.73392e-05 -9.0872e-07 4.75151e-06 0.00019435
internal_weight=4423 3652 2678 2563 2515 1291 126 1165 503 355 123 92 1224 662 1209 139 639 535 974 948 284 225 113 59 478 86 232 1070 1050 97
internal_count=4423 3652 2678 2563 2515 1291 126 1165 503 355 123 92 1224 662 1209 139 639 535 974 948 284 225 113 59 478 86 232 1070 1050 97
cat_boundaries=0 1 2
cat_threshold=273 136
is_linear=0
shrinkage=0.03


Tree=148
num_leaves=31
num_cat=1
split_feature=5 19 16 3 6 1 6 3 4 13 8 2 8 6 6 3 3 1 13 1 4 6 5 8 8 8 18 5 0 0
split_gain=0.015502 0.00505483 0.00399254 0.00339402 0.00284166 0.00285769 0.00359465 0.00283436 0.00292449 0.00229026 0.00223499 0.0022083 0.00208813 0.00350581 0.00231015 0.00208796 0.00205863 0.00201423 0.0021864 0.00239534 0.00221978 0.00200489 0.00194669 0.00185745 0.00271893 0.00369409 0.00177615 0.00176435 0.00371564 0.00275809
threshold=0.04699121027721434 0 2.5000000000000004 0.0078125000000000017 0.33317972350230424 0.033854166666666671 0.33870967741935493 0.15364583333333334 0.070312500000000014 1.0000000180025095e-35 0.17145492021784528 0.17968750000000003 0.06230738714895611 0.12030373884815329 0.11254001044244173 0.17968750000000003 0.070312500000000014 0.0078125000000000017 -0.56174490092936669 0.023437500000000003 0.018229166666666668 0.55253456221198172 0.096179851250845175 0.18264427710219064 0.2538063739792234 0.20622435817705217 0.43970588235294122 0.11578769438810006 0.37133434752357647 0.49630345877563281
decision_type=2 1 2 2 2 2 2 2 2 2 2 2 2 2 2 2 2 2 2 2 2 2 2 2 2 2 2 2 2 2
left_child=-1 17 22 -4 10 -6 -7 9 -9 -8 12 15 -5 14 -14 -10 -11 -2 19 20 -19 -18 -3 -23 25 -25 -20 28 -21 -29
right_child=1 2 3 4 5 6 7 8 11 16 -12 -13 13 -15 -16 -17 21 18 26 27 -22 23 -24 24 -26 -27 -28 29 -30 -31
leaf_value=-0.00011969288699928598 -0.00029089188291759471 -0.00038434942132976467 0.00030736064679852241 -0.00028911502706368896 -0.00011667232407464505 0.00046520778274393665 6.6750236720809929e-05 -0.00027755803508295928 -2.7072824379690835e-05 0.00025959277493965233 0.00034278136494530115 -0.00028602932868507339 0.00010399494113917945 1.0599573588626121e-05 0.00057775654276401875 0.00026548136629166722 4.8677066075221339e-05 -0.00023792105768556101 -0.00030569386231740292 -8.2426508077075271e-05 0.00018466900951180651 0.00042472511296686555 -6.4873836081101406e-05 0.00019126054335358487 0.00028116077889921035 -0.00034689760958226616 1.4257638334096829e-05 -4.9162360759413197e-06 -0.00045052832993444929 -0.00042746908110386878
leaf_weight=771 26 21 48 20 61 23 630 35 52 124 19 15.999999999999998 22 1147 15.999999999999998 38 177 14.999999999999998 15.999999999999998 62 44 27 94 29 60 19 648 106 41 15.999999999999998
leaf_count=771 26 21 48 20 61 23 630 35 52 124 19 16 22 1147 16 38 177 15 16 62 44 27 94 29 60 19 648 106 41 16
internal_value=2.54177e-06 2.83476e-05 4.9527e-05 5.74711e-05 5.27017e-05 8.3752e-05 9.36918e-05 8.6612e-05 -3.97928e-05 0.000103332 1.99518e-05 3.87165e-05 1.48612e-05 1.99919e-05 0.000303483 9.64516e-05 0.00015619 -3.00844e-05 -2.32485e-05 -9.29121e-05 7.72286e-05 0.000115093 -0.000123216 0.000202171 0.000146529 -2.17632e-05 6.54751e-06 -0.000137527 -0.000228955 -6.03361e-05
internal_weight=4423 3652 2678 2563 2515 1291 1230 1207 141 1066 1224 106 1205 1185 38 90 436 974 948 284 59 312 115 135 108 48 664 225 103 122
internal_count=4423 3652 2678 2563 2515 1291 1230 1207 141 1066 1224 106 1205 1185 38 90 436 974 948 284 59 312 115 135 108 48 664 225 103 122
cat_boundaries=0 1
cat_threshold=273
is_linear=0
shrinkage=0.03


Tree=149
num_leaves=31
num_cat=1
split_feature=0 6 19 13 6 7 9 0 7 7 16 6 6 4 16 4 17 6 8 1 17 8 17 8 7 6 17 7 16 16
split_gain=0.0146105 0.00380246 0.00332262 0.00385053 0.00563011 0.00317549 0.00478335 0.00343779 0.00314354 0.00364225 0.0030649 0.0032161 0.00371754 0.00277865 0.00275917 0.00274225 0.00261704 0.00259515 0.00462014 0.00241242 0.00245011 0.0021977 0.00495658 0.00466003 0.00355508 0.00321882 0.0024957 0.00735049 0.0025604 0.00338762
threshold=0.30960096628317918 0.16027331956141747 0 -0.22252093395631442 0.13630791582483945 0.11872966494569266 0.61159737417943127 0.37258187964270556 0.053262949793462168 0.059318526023085606 2.5000000000000004 0.12324805339265853 0.12981090100111239 0.091145833333333343 6.5000000000000009 0.22656250000000003 0.28622068848139121 0.17479739392976326 0.114683379880801 0.028645833333333336 0.30177791742764942 0.13422374372751167 0.27125351033954564 0.12450006889054512 0.066485721843107512 0.31290322580645169 0.29201770062122379 0.050941457115441471 10.500000000000002 17.500000000000004
decision_type=2 2 1 2 2 2 2 2 2 2 2 2 2 2 2 2 2 2 2 2 2 2 2 2 2 2 2 2 2 2
left_child=1 -1 10 8 -5 7 -7 19 13 17 -2 -12 -13 14 -4 21 -16 -10 -19 20 -6 22 -14 26 25 -25 27 -24 -28 -30
right_child=2 -3 3 4 5 6 -8 -9 9 -11 11 12 15 -15 16 -17 -18 18 -20 -21 -22 -23 23 24 -26 -27 28 -29 29 -31
leaf_value=-0.00010422113413467726 -0.00012192916572104006 0.00025010004064620917 0.00023217463280791328 0.00034165859408846636 -0.00013370093909736492 2.5902747799519604e-05 -0.00048356286624516711 6.5716996035544196e-05 -0.00017524818725748691 -4.8520182301679825e-05 0.00044735851196830051 -0.00037668805483295439 0.00034047861022082197 -0.00052285668451280097 1.8466971965662119e-05 0.00047296931008798475 -0.00021647694408389155 0.00063358370000763308 9.4083074905305049e-05 3.3268061766103653e-05 -0.00058485788653301284 9.2259960129186238e-05 0.00012464813395507318 -0.00058768619215826784 -4.5516336642354613e-05 -3.9578281460570406e-05 0.0002566652172047796 -0.00052328163849687821 -0.00021459208486243337 7.2287283086897735e-05
leaf_weight=1029 79 28 19 53 39 43 27 657 15.999999999999998 349 20 17 41 15.999999999999998 61 14.999999999999998 142 20 50 48 14.999999999999998 1046 40 27 73 14.999999999999998 56 26 42 314
leaf_count=1029 79 28 19 53 39 43 27 657 16 349 20 17 41 16 61 15 142 20 50 48 15 1046 40 27 73 15 56 26 42 314
internal_value=2.46551e-06 -9.48349e-05 3.30201e-05 6.52535e-07 4.1894e-05 2.27289e-05 -0.00017061 4.056e-05 -5.33867e-05 -5.42799e-06 6.04746e-05 6.91437e-05 6.4725e-05 -0.000141042 -0.000113522 6.91524e-05 -0.000145878 0.000169445 0.000248233 -0.000121479 -0.000259031 6.55466e-05 2.14736e-05 -5.82894e-07 -0.000172038 -0.000391939 4.06671e-05 -0.000130601 6.81035e-05 3.84415e-05
internal_weight=4423 1057 3366 1555 882 829 70 759 673 435 1811 1732 1712 238 222 1695 203 86 70 102 54 1680 634 593 115 42 478 66 412 356
internal_count=4423 1057 3366 1555 882 829 70 759 673 435 1811 1732 1712 238 222 1695 203 86 70 102 54 1680 634 593 115 42 478 66 412 356
cat_boundaries=0 1
cat_threshold=678
is_linear=0
shrinkage=0.03


Tree=150
num_leaves=31
num_cat=2
split_feature=0 19 9 8 17 4 17 19 18 18 8 6 7 5 7 8 8 3 5 4 13 18 7 2 10 7 7 6 7 7
split_gain=0.0125058 0.00490979 0.00346545 0.00363104 0.0028021 0.00331848 0.00263529 0.00260642 0.00259791 0.00240373 0.00245772 0.00251184 0.00371557 0.0024035 0.00229691 0.00226762 0.00221838 0.00251557 0.00342149 0.00264739 0.00219974 0.00327525 0.00277478 0.00469056 0.00353166 0.00395371 0.00219006 0.00446577 0.00231853 0.00240011
threshold=0.08076589754599578 0 0.15681983953318746 0.12628659435416911 0.21947068334609829 0.065104166666666671 0.28756173355752562 1 0.40735294117647064 0.42794117647058827 0.057563221496375404 0.10865814623958596 0.035560207127244885 0.064401622718052748 0.079237953319248058 0.075223422284331695 0.083263918198748038 0.028645833333333336 0.14858012170385398 0.039062500000000007 1.0000000180025095e-35 0.50147058823529422 0.095129496739318989 0.049479166666666671 -0.24999999999999994 0.087230509471486625 0.11742592553505851 0.27880184331797242 0.10298321911602835 0.095129496739318989
decision_type=2 1 2 2 2 2 2 1 2 2 2 2 2 2 2 2 2 2 2 2 2 2 2 2 2 2 2 2 2 2
left_child=-1 26 3 6 -5 14 -3 15 -9 -10 -11 12 -12 -14 -6 -4 -17 18 -18 -19 22 -22 24 -24 25 -13 28 -28 29 -2
right_child=1 2 7 4 5 -7 -8 8 9 10 11 20 13 -15 -16 16 17 19 -20 -21 21 -23 23 -25 -26 -27 27 -29 -30 -31
leaf_value=-0.0001234912725801506 -2.3459978410314881e-05 0.00041545214167958274 0.0004565778828389757 0.00014060030720461369 -0.00025267699186122479 -0.00044972119854127097 -7.6747399133671496e-06 0.00038206486544740861 -0.0002463558359033496 -0.00021154632235970269 0.00064559278420025677 0.00010580483885611999 -0.00020118927798281664 0.00033584131746746646 0.00011325357389693611 -0.00024311180194334974 0.00045370444814315516 -4.9902372670835026e-05 1.1643301045475458e-05 0.00011471469916953557 5.2563110848781344e-05 0.00027727838926561605 0.00041574944878787387 3.7478577217858515e-05 -7.3953093747472474e-05 -0.00036993404768686063 8.8749761446956716e-05 -0.00047101077263689457 0.00034637745361409858 -0.00039384387162065332
leaf_weight=629 988 17 15.999999999999998 21 38 41 60 19 28 36 14.999999999999998 209 15.000000000000002 14.999999999999998 26 17 40 108 26 473 664 64 34 223 477 17 23 29 14.999999999999998 15.999999999999998
leaf_count=629 988 17 16 21 38 41 60 19 28 36 15 209 15 15 26 17 40 108 26 473 664 64 34 223 477 17 23 29 15 16
internal_value=3.44341e-07 2.10055e-05 4.24857e-05 -7.65559e-05 -0.000175741 -0.00023901 8.57471e-05 5.23376e-05 3.29354e-05 2.94271e-05 3.37923e-05 3.88889e-05 0.000260093 6.73283e-05 -0.000104018 0.000102166 9.51638e-05 0.000104052 0.000279562 8.41146e-05 3.29917e-05 7.23187e-05 3.16877e-06 8.75236e-05 -2.76694e-05 7.00177e-05 -3.32126e-05 -0.000223427 -2.38315e-05 -2.93629e-05
internal_weight=4399 3770 2699 203 126 105 77 2496 1816 1797 1769 1733 45 30 64 680 664 647 66 581 1688 728 960 257 703 226 1071 52 1019 1004
internal_count=4399 3770 2699 203 126 105 77 2496 1816 1797 1769 1733 45 30 64 680 664 647 66 581 1688 728 960 257 703 226 1071 52 1019 1004
cat_boundaries=0 1 2
cat_threshold=273 66
is_linear=0
shrinkage=0.03


Tree=151
num_leaves=31
num_cat=1
split_feature=1 19 6 6 9 8 6 16 4 8 13 10 16 0 0 9 7 7 4 6 2 12 18 6 10 6 7 16 4 0
split_gain=0.0120007 0.00378284 0.0048384 0.00371981 0.00353258 0.00341645 0.00266015 0.00249027 0.00358518 0.00264295 0.00421845 0.0026194 0.00329969 0.0040408 0.00328167 0.00306111 0.00268448 0.00246418 0.00236035 0.00401248 0.00229076 0.00253628 0.00247841 0.00310554 0.00290977 0.00281457 0.00276749 0.00232902 0.00251934 0.0022767
threshold=0.0078125000000000017 0 0.58571428571428585 0.51658986175115229 0.17396061269146609 0.12628659435416911 0.47695852534562216 4.5000000000000009 0.22656250000000003 0.075223422284331695 -0.56174490092936669 -0.5 27.500000000000004 0.48652783205086364 0.45956809332532095 0.30415754923413574 0.11146912280415879 0.064385198188347884 0.065104166666666671 0.34792626728110604 0.12760416666666669 1.0000000180025095e-35 0.45441176470588235 0.21612903225806454 0.25000000000000011 0.22165898617511523 0.11596544270602603 6.5000000000000009 0.075520833333333343 0.51552759237848311
decision_type=2 1 2 2 2 2 2 2 2 2 2 2 2 2 2 2 2 2 2 2 2 2 2 2 2 2 2 2 2 2
left_child=-1 2 3 6 5 -3 20 -6 9 10 -9 12 17 14 -14 -15 29 -11 -7 -20 21 -2 -23 24 -24 -25 27 -27 -29 -17
right_child=1 4 -4 -5 7 18 -8 8 -10 11 -12 -13 13 15 -16 16 -18 -19 19 -21 -22 22 23 25 -26 26 -28 28 -30 -31
leaf_value=-0.00011328106222797869 1.9798558316268318e-05 8.3174810315173427e-05 -0.0005063576976956013 0.00038489801164059794 -4.9698842744670697e-05 -6.3394723255922637e-05 -0.00041474566059111935 -0.00012847776621889413 0.00050038749094738922 0.00019505352032681998 0.0004377983350376525 3.8982232352315137e-05 0.00037225652755861535 0.00076925121816147715 -0.00016292934292959946 0.00041646077352278977 0.00059211279899608305 -3.2154356855059886e-06 -0.00056909223292913658 -3.432161893218938e-05 0.00035562829476322449 -0.00033004903924191897 -4.2278049868844911e-05 0.00040951661892198258 -0.00024163663912469104 -0.00019028218799580445 -0.00039596110070158418 0.00011638889920648112 -0.00016796642612893894 -1.5565529076684039e-05
leaf_weight=703 730 77 18 21 181 75 14.999999999999998 17 17 86 39 1496 15.999999999999998 14.999999999999998 29 19 19 164 28 23 14.999999999999998 30 169 15.999999999999998 108 38 14.999999999999998 160 34 26
leaf_count=703 730 77 18 21 181 75 15 17 17 86 39 1496 16 15 29 19 19 164 28 23 15 30 169 16 108 38 15 160 34 26
internal_value=3.34019e-07 2.19443e-05 -1.76331e-05 -1.12518e-05 4.511e-05 -7.42593e-05 -1.75071e-05 5.67311e-05 6.66456e-05 6.28169e-05 0.000265894 5.67353e-05 0.000127747 0.000254273 2.7363e-05 0.000383523 0.000293108 6.49896e-05 -0.000170469 -0.000327927 -1.29755e-05 -1.72289e-05 -6.465e-05 -4.9905e-05 -0.000120007 2.39287e-05 -1.05025e-06 2.44844e-05 6.65528e-05 0.000166851
internal_weight=4399 3696 1369 1351 2327 203 1330 2124 1943 1926 56 1870 374 124 45 79 64 250 126 51 1315 1300 570 540 277 263 247 232 194 45
internal_count=4399 3696 1369 1351 2327 203 1330 2124 1943 1926 56 1870 374 124 45 79 64 250 126 51 1315 1300 570 540 277 263 247 232 194 45
cat_boundaries=0 1
cat_threshold=785
is_linear=0
shrinkage=0.03


Tree=152
num_leaves=31
num_cat=1
split_feature=1 19 6 6 9 11 6 8 8 17 2 4 1 2 6 2 20 6 10 11 17 4 6 17 17 6 1 1 13 2
split_gain=0.0112915 0.00355928 0.00455247 0.00349998 0.00332381 0.00325083 0.00343184 0.00321454 0.00307626 0.00613274 0.00355947 0.00285792 0.00387716 0.00380524 0.00263325 0.0042439 0.00356451 0.00337737 0.00304826 0.00268387 0.00257454 0.0029374 0.00250295 0.00247955 0.00237858 0.00236586 0.00229644 0.00273246 0.00219409 0.00215539
threshold=0.0078125000000000017 0 0.58571428571428585 0.51658986175115229 0.17396061269146609 0.6830127018922193 0.38387096774193558 0.12628659435416911 0.075223422284331695 0.32306906777164635 0.065104166666666671 0.044270833333333336 0.065104166666666671 0.049479166666666671 0.29631336405529957 0.075520833333333343 0.47474271117275768 0.41059907834101389 0.68301270189221941 -0.5 0.21947068334609829 0.065104166666666671 0.47695852534562216 0.28756173355752562 0.32256682483368998 0.31105990783410148 0.044270833333333336 0.023437500000000003 0.81174490092936691 0.12760416666666669
decision_type=2 1 2 2 2 2 2 2 2 2 2 2 2 2 2 2 2 2 2 2 2 2 2 2 2 2 2 2 2 2
left_child=-1 2 3 22 7 8 11 23 9 -6 -10 26 25 -14 15 -12 17 -16 24 -18 -9 -22 29 -3 -17 -13 27 -7 -8 -2
right_child=1 4 -4 -5 5 6 28 20 10 -11 14 12 13 -15 16 18 19 -19 -20 -21 21 -23 -24 -25 -26 -27 -28 -29 -30 -31
leaf_value=-0.00010988263788436115 -1.6712063434462539e-05 0.00040049421494606945 -0.00049116781124112856 0.00037335162775257172 0.00056556579612953759 -6.9271783654184856e-06 2.0478744471497571e-05 0.00013786894149995279 -1.4016301958759388e-05 -8.7955895631164428e-05 0.00012714802806800766 0.00032530187239494855 0.00085036881527047223 0.00030855865546756516 0.00041901845506690739 -0.0003088304013204961 -1.1368247271589252e-05 -4.7167156818127024e-05 -0.00058691585706530016 0.00011846439359371919 -9.8995957093195452e-05 -0.00042424425962482945 -0.00040230412846315041 -9.9397059793424441e-06 0.00012835162931753514 -0.00013340681944800387 -3.7360873066985909e-05 0.00054130912687271233 0.00026568337858071231 0.00034496016059058164
leaf_weight=703 1300 17 18 21 28 14.999999999999998 208 21 835 24 58 25 20 28 53 24 220 19 15.999999999999998 411 64 41 14.999999999999998 60 21 17 45 18 39 14.999999999999998
leaf_count=703 1300 17 18 21 28 15 208 21 835 24 58 25 20 28 53 24 220 19 16 411 64 41 15 60 21 17 45 18 39 15
internal_value=3.24006e-07 2.1286e-05 -1.71042e-05 -1.09142e-05 4.37568e-05 5.50292e-05 0.000130345 -7.20316e-05 3.674e-05 0.000263945 2.96097e-05 0.00023495 0.000350141 0.000534326 7.39256e-05 -5.65815e-05 9.60171e-05 0.000295998 -0.000231274 7.31979e-05 -0.000165355 -0.000226001 -1.69819e-05 8.06796e-05 -0.000104814 0.000139635 0.000102036 0.000292118 5.91962e-05 -1.25863e-05
internal_weight=4399 3696 1369 1351 2327 2124 415 203 1709 52 1657 168 90 48 822 119 703 72 61 631 126 105 1330 77 45 42 78 33 247 1315
internal_count=4399 3696 1369 1351 2327 2124 415 203 1709 52 1657 168 90 48 822 119 703 72 61 631 126 105 1330 77 45 42 78 33 247 1315
cat_boundaries=0 1
cat_threshold=785
is_linear=0
shrinkage=0.03


Tree=153
num_leaves=31
num_cat=2
split_feature=20 19 9 11 3 17 16 8 17 7 17 6 11 18 8 8 6 17 13 19 8 8 18 9 16 6 18 6 2 17
split_gain=0.0104947 0.00423975 0.00290944 0.00315101 0.00495721 0.00308024 0.00307403 0.00302457 0.00242239 0.00281428 0.00233302 0.00228968 0.0024309 0.00356945 0.00287156 0.00330058 0.00266329 0.00239337 0.0023763 0.00231969 0.00334721 0.00377177 0.00308673 0.00224609 0.00585994 0.00276066 0.00217334 0.00208055 0.00253505 0.00207855
threshold=0.08076589754599578 0 0.15681983953318746 0.6830127018922193 0.028645833333333336 0.32784443877116848 4.5000000000000009 0.12628659435416911 0.21947068334609829 0.076914195107654987 0.28756173355752562 0.3175115207373273 -0.5 0.44264705882352945 0.20833669660143139 0.27323002848564254 0.7009216589861752 0.21453493319717479 0.81174490092936691 1 0.19010694606400499 0.1795928394607082 0.47794117647058826 0.57330415754923425 9.5000000000000018 0.35898617511520742 0.44264705882352945 0.5055299539170508 0.065104166666666671 0.34457082155884028
decision_type=2 1 2 2 2 2 2 2 2 2 2 2 2 2 2 2 2 2 2 1 2 2 2 2 2 2 2 2 2 2
left_child=-1 -2 7 11 5 -5 -6 10 -9 -10 -3 -4 13 14 -13 -16 18 -14 19 29 21 -21 -22 24 27 -25 -27 28 -19 -15
right_child=1 2 3 4 6 -7 -8 8 9 -11 -12 12 17 16 15 -17 -18 23 -20 20 22 -23 -24 25 -26 26 -28 -29 -30 -31
leaf_value=-0.00011312784777349881 -3.1138583173804548e-05 0.00038848009331239597 -2.6192835495699273e-07 0.00074152669073259759 -0.00013839491904762865 0.00024776968639835092 0.00010984753419920129 0.0001337330678704849 -0.0003590310773926215 -4.6684640988508042e-05 -9.6415174533141718e-06 0.00011275558559297641 0.00038383897090969222 0.00019933480799609957 -0.00066420405359773069 -7.201854725564526e-05 -0.00026500471840604011 -0.00039052600865909561 0.00029237019997318267 -6.9280828190228773e-05 -0.0001469261163908385 -0.00056072554611867316 0.00023871415919754632 0.00048170387581486404 0.00010532935180371532 0.00038939272421164634 9.4809599618193144e-05 -0.00052421935290755282 3.7502804827013927e-05 -4.8096072431134327e-05
leaf_weight=629 1071 17 1009 14.999999999999998 51 47 375 21 58 47 60 14.999999999999998 26 100 18 15.999999999999998 24 20 36 54 31 19 47 21 226 25 229 14.999999999999998 33 44
leaf_count=629 1071 17 1009 15 51 47 375 21 58 47 60 15 26 100 18 16 24 20 36 54 31 19 47 21 226 25 229 15 33 44
internal_value=3.14302e-07 1.92414e-05 3.9203e-05 4.82311e-05 0.000116606 0.000367237 8.01281e-05 -6.98706e-05 -0.000160394 -0.000219221 7.82594e-05 3.16141e-05 6.38091e-05 7.0167e-06 -0.000233001 -0.000385539 4.01464e-05 0.000102371 6.22729e-05 3.41923e-05 -4.80161e-05 -0.000197197 8.5447e-05 8.95085e-05 3.18619e-05 0.000151138 0.000123805 -0.000212307 -0.000124022 0.000115697
internal_weight=4399 3770 2699 2496 488 62 426 203 126 105 77 2008 999 404 49 34 355 595 331 295 151 73 78 569 294 275 254 68 53 144
internal_count=4399 3770 2699 2496 488 62 426 203 126 105 77 2008 999 404 49 34 355 595 331 295 151 73 78 569 294 275 254 68 53 144
cat_boundaries=0 1 2
cat_threshold=273 232
is_linear=0
shrinkage=0.03


Tree=154
num_leaves=31
num_cat=1
split_feature=0 19 13 5 16 3 7 0 8 2 3 17 12 7 17 0 8 7 6 0 18 3 7 17 7 17 6 16 7 7
split_gain=0.00987409 0.00399019 0.00278142 0.00432283 0.00267116 0.00254798 0.00232309 0.00290815 0.00249525 0.00307716 0.00305762 0.00273077 0.00261826 0.00234759 0.00224582 0.00238771 0.00373491 0.00213339 0.00220793 0.00315706 0.00209158 0.00205639 0.00288829 0.00371512 0.00327218 0.00282026 0.00561004 0.00337428 0.00288538 0.00266487
threshold=0.08076589754599578 0 1.0000000180025095e-35 0.45334685598377283 3.5000000000000004 0.044270833333333336 0.13980411543182011 0.57943289321425384 0.14577832249560671 0.013020833333333334 0.13281250000000003 0.27125351033954564 0.6078576107927941 0.037074078764428503 0.2803591183729045 0.38426443164743768 0.096551327259016217 0.059963812581092742 0.24557444779914192 0.43918682946971144 0.47500000000000003 0.013020833333333334 0.081764945460434418 0.24210705471874738 0.10811401452739054 0.36282018551612638 0.24377880184331804 6.5000000000000009 0.11872966494569266 0.15643284819623146
decision_type=2 1 2 2 2 2 2 2 2 2 2 2 2 2 2 2 2 2 2 2 2 2 2 2 2 2 2 2 2 2
left_child=-1 -2 4 6 5 -3 8 -8 9 -4 -10 13 -12 -11 -13 16 -16 -17 -19 -20 -7 -6 -23 24 -24 26 -25 -28 -29 -30
right_child=1 2 3 -5 21 20 7 -9 10 11 12 14 -14 -15 15 17 -18 18 19 -21 -22 22 23 25 -26 -27 27 28 29 -31
leaf_value=-0.0001097340200530095 -3.0213066300982767e-05 -0.00033237346332719346 0.00028187957493324594 0.0004630014596401978 0.00016855893626754873 0.00019850699514982795 -0.00035338018168942954 3.7783673366571629e-05 0.00016347287802343617 1.2005034813850339e-05 0.00010683619658200624 -0.00027947942917227558 -0.00021094961434314779 0.00049726825880341504 1.0153606642059292e-05 0.0001268917575958442 -0.00035033897222921495 0.00016263883276808948 -0.00041410011309816558 -1.8092749404398196e-05 -0.00016304367343322623 -2.2727233660389761e-05 -0.00037708404125781538 -0.00031028807504933711 7.8144250549716786e-05 -1.1054207810925963e-06 -0.00015252768299580977 0.00028357356396745164 -4.2430071291879638e-05 0.00038731339038904338
leaf_weight=629 1071 38 42 25 81 24 26 50 389 17 56 25 40 19 81 172 38 47 21 132 36 810 30 22 27 174 24 181 55 17
leaf_count=629 1071 38 42 25 81 24 26 50 389 17 56 25 40 19 81 172 38 47 21 132 36 810 30 22 27 174 24 181 55 17
internal_value=3.02753e-07 1.86617e-05 3.80269e-05 7.27212e-05 1.13258e-05 -0.000140161 6.42732e-05 -9.60384e-05 7.55649e-05 3.43413e-05 0.000126053 1.55064e-05 -2.55754e-05 0.000268123 -2.11845e-06 1.20043e-05 -0.000104964 4.94217e-05 -1.72029e-05 -7.24491e-05 -1.84225e-05 2.17732e-05 1.29002e-05 6.73497e-05 -0.000161452 9.49222e-05 0.000150804 0.000187426 0.000219675 5.90411e-05
internal_weight=4399 3770 2699 1180 1519 98 1155 76 1079 594 485 552 96 36 516 491 119 372 200 153 60 1421 1340 530 57 473 299 277 253 72
internal_count=4399 3770 2699 1180 1519 98 1155 76 1079 594 485 552 96 36 516 491 119 372 200 153 60 1421 1340 530 57 473 299 277 253 72
cat_boundaries=0 1
cat_threshold=273
is_linear=0
shrinkage=0.03


Tree=155
num_leaves=31
num_cat=2
split_feature=8 13 8 6 6 6 7 17 7 8 1 8 8 19 17 17 12 7 0 6 8 7 19 11 3 7 7 6 11 7
split_gain=0.0100662 0.00333257 0.00308659 0.00423545 0.0081317 0.0030521 0.00268828 0.00318638 0.00257592 0.00249117 0.00443715 0.00420372 0.00325554 0.00318133 0.00489782 0.00504479 0.00323883 0.00308039 0.00288749 0.00245459 0.00232088 0.00230796 0.00228548 0.00261754 0.00235227 0.00221961 0.00366922 0.00212341 0.00223964 0.00350027
threshold=0.061010204590290239 1.0000000180025095e-35 0.1482181984897806 0.26958525345622125 0.307373271889401 0.21214614878209354 0.082700960608481922 0.33208765798362 0.095648249209454236 0.1117864860989408 0.033854166666666671 0.11081914048169972 0.11649458497201322 0 0.32170093543593681 0.31661135222534265 0.87837969732492682 0.030210256171992824 0.35371632274308884 0.1110599078341014 0.16016043406048669 0.034936295407687758 1 0.93301270189221952 0.044270833333333336 0.079791135151608045 0.055089635996602375 0.13122517082472593 -0.68301270189221952 0.049184323483876809
decision_type=2 2 2 2 2 2 2 2 2 2 2 2 2 1 2 2 2 2 2 2 2 2 1 2 2 2 2 2 2 2
left_child=19 8 -3 5 20 -4 -6 -8 9 11 25 13 -12 14 15 -2 -16 -15 -14 21 -5 -1 -20 -24 -25 26 -11 -19 -29 -30
right_child=1 2 3 4 6 -7 7 -9 -10 10 12 -13 18 17 16 -17 -18 27 22 -21 -22 -23 23 24 -26 -27 -28 28 29 -31
leaf_value=-9.5548633336243341e-05 -4.8921234668780584e-05 1.8661077050987674e-05 -2.598574698695492e-05 -0.00011324453522252014 0.00019722359299957626 0.00046814452877247045 -2.6283743522146032e-05 0.00016156068167172893 6.26937535455443e-05 -0.00032778337578713199 -0.00021549414462851752 0.00046747938005414335 0.00039399906595495219 -0.00010507164353539955 -0.0001682586398922135 0.00045065788998812717 -0.00064413869630716952 0.00044106591248186999 -9.5676694090558802e-05 -0.00035842770198729596 -0.00052171195135707949 0.00020341475465374958 4.0951252202990325e-05 -0.00048864846384895539 -6.3122804502860038e-05 -0.00049855506133926941 -1.804733819123472e-05 0.00023517464049375292 -8.0242156567618579e-05 0.00017780004923580699
leaf_weight=733 136 896 14.999999999999998 31 214 45 176 151 422 61 72 19 15.999999999999998 71 53 21 17 17 209 31 21 24 519 14.999999999999998 53 19 79 74 101 89
leaf_count=733 136 896 15 31 214 45 176 151 422 61 72 19 16 71 53 21 17 17 209 31 21 24 519 15 53 19 79 74 101 89
internal_value=3.64022e-07 2.15582e-05 5.48135e-05 0.000104419 8.01158e-05 0.000344614 0.000114558 6.04581e-05 -3.41146e-06 -2.04111e-05 -4.83994e-05 2.84046e-05 -2.21569e-05 1.39955e-05 -7.19742e-05 1.79039e-05 -0.000283837 6.95064e-05 -5.01349e-06 -9.6785e-05 -0.000278209 -8.607e-05 -1.30343e-05 1.77185e-05 -0.000156995 -0.0001943 -0.000153005 0.000116091 9.51625e-05 4.06305e-05
internal_weight=4400 3612 1549 653 593 60 541 327 2063 1641 1043 598 884 579 227 157 70 352 812 788 52 757 796 587 68 159 140 281 264 190
internal_count=4400 3612 1549 653 593 60 541 327 2063 1641 1043 598 884 579 227 157 70 352 812 788 52 757 796 587 68 159 140 281 264 190
cat_boundaries=0 1 2
cat_threshold=533 136
is_linear=0
shrinkage=0.03


Tree=156
num_leaves=31
num_cat=1
split_feature=8 9 13 18 6 0 18 19 0 9 6 10 17 9 9 17 6 16 16 1 17 13 2 8 0 8 11 6 8 8
split_gain=0.00947 0.00328612 0.00314916 0.00286941 0.00230953 0.0022022 0.00206246 0.00191191 0.00189156 0.00178878 0.00159852 0.0020238 0.00193948 0.0028299 0.00219275 0.00463893 0.00182727 0.00153366 0.00311071 0.00305657 0.00192696 0.00180389 0.00153309 0.00141778 0.00139348 0.00191715 0.00213239 0.00210563 0.00174386 0.00218186
threshold=0.061010204590290239 0.1203501094091904 1.0000000180025095e-35 0.49558823529411766 0.1110599078341014 0.26145367489924248 0.40735294117647064 0 0.27532017406411402 0.66411378555798695 0.66635944700460847 0.68301270189221941 0.26176495617394274 0.36725018234865076 0.5977388767323123 0.23500127648710753 0.39861751152073738 27.500000000000004 18.500000000000004 0.023437500000000003 0.32570922397320157 1.0000000180025095e-35 0.070312500000000014 0.048941888537464513 0.61229581972090841 0.20477481889322038 0.6830127018922193 0.34792626728110604 0.16016043406048669 0.1497662635424182
decision_type=2 2 2 2 2 2 2 1 2 2 2 2 2 2 2 2 2 2 2 2 2 2 2 2 2 2 2 2 2 2
left_child=4 17 -3 6 5 -1 -4 -8 -7 -6 12 -12 13 16 22 -16 -9 18 19 21 -21 -2 -15 -10 25 27 -27 28 29 -14
right_child=1 2 3 -5 9 8 7 10 23 -11 11 -13 24 14 15 -17 -18 -19 -20 20 -22 -23 -24 -25 -26 26 -28 -29 -30 -31
leaf_value=-0.00010228365907075512 -4.5358762954078335e-05 2.1380720674718273e-06 0.00034768321821406016 0.00017914063911325564 -0.00011230283996953832 0.00023656034063261012 0.00011246895536512473 -0.00030228824809840944 0.00013307096075071236 -0.00056831602532849388 -0.0003876557345906202 5.6244012198708568e-05 -8.5786894872645335e-07 0.00021146952390455818 -0.00030118434244455266 0.00031609781893207481 0.00011434398470825031 0.00013708309763771446 -0.00040378638967865854 0.00016415318610604098 -0.00019613907089291541 -0.00046817905361061279 0.00054885144850523116 -0.00017189556670568743 0.00029945866406322992 -0.00034635191791491021 6.4595547795665426e-07 0.00013584165850153812 -0.00021985773504650248 0.00027970589891964103
leaf_weight=667 15.999999999999998 1977 20 162 15.000000000000002 33 257 18 23 15.999999999999998 19 18 615 27 18 28 20 19 33 45 19 21 22 34 14.999999999999998 28 37 121 31 26
leaf_count=667 16 1977 20 162 15 33 257 18 23 16 19 18 615 27 18 28 20 19 33 45 19 21 22 34 15 28 37 121 31 26
internal_value=3.46574e-07 2.09035e-05 2.69217e-05 5.99832e-05 -9.38815e-05 -8.34879e-05 4.53592e-05 4.07078e-05 5.58091e-05 -0.000347675 2.17386e-05 -0.000171709 2.90698e-05 0.000135789 0.000223309 7.45513e-05 -8.30109e-05 -0.000115152 -0.000150918 -6.82943e-05 5.719e-05 -0.000285344 0.000362955 -4.88387e-05 1.28111e-05 7.79942e-06 -0.000148833 2.06383e-05 -1.05308e-07 1.05227e-05
internal_weight=4400 3612 3459 1482 788 757 1320 1300 90 31 1043 37 1006 133 95 46 38 153 134 101 64 37 49 57 873 858 65 793 672 641
internal_count=4400 3612 3459 1482 788 757 1320 1300 90 31 1043 37 1006 133 95 46 38 153 134 101 64 37 49 57 873 858 65 793 672 641
cat_boundaries=0 1
cat_threshold=66
is_linear=0
shrinkage=0.03


Tree=157
num_leaves=31
num_cat=0
split_feature=4 13 8 6 6 7 12 7 17 16 13 0 9 11 0 10 4 12 16 7 4 9 11 17 9 16 7 0 17 7
split_gain=0.00905182 0.0034112 0.00274017 0.00479112 0.00759961 0.00249674 0.0024959 0.00249007 0.00300628 0.00230574 0.00222547 0.00216944 0.00195353 0.00233016 0.00356949 0.00283534 0.00335851 0.00265943 0.00208544 0.00265198 0.00187323 0.00308409 0.00183174 0.00242028 0.00245868 0.00303464 0.00239137 0.00252889 0.00232843 0.00363987
threshold=0.0078125000000000017 1.0000000180025095e-35 0.1482181984897806 0.26958525345622125 0.307373271889401 0.092343480677863826 -1.0000000180025095e-35 0.082700960608481922 0.33208765798362 2.5000000000000004 0.81174490092936691 0.40444634706958454 0.18745441283734501 -0.5 0.55485698752022106 0.68301270189221941 0.075520833333333343 -0.60785761079279388 26.500000000000004 0.12338484922465606 0.054687500000000007 0.52552881108679805 -0.24999999999999994 0.27730581990087427 0.10977388767323125 10.500000000000002 0.048395520318080192 0.26844738175175836 0.32049069925083423 0.061233988916926919
decision_type=2 2 2 2 2 2 2 2 2 2 2 2 2 2 2 2 2 2 2 2 2 2 2 2 2 2 2 2 2 2
left_child=-1 5 22 6 10 -2 -4 -6 20 -7 -5 -8 -11 17 15 -15 -17 -14 19 -16 21 -9 28 -24 25 -25 27 -26 29 -3
right_child=1 2 3 4 7 9 11 8 -10 12 -12 -13 13 14 18 16 -18 -19 -20 -21 -22 -23 23 24 26 -27 -28 -29 -30 -31
leaf_value=-9.3974860408832267e-05 -2.2440617425598219e-05 -2.4997456430305502e-05 8.6487635742590814e-05 -0.00013392100356731718 0.00018853456267307661 -0.00025833059624463285 0.00073308711473017729 4.2613644336713596e-05 0.00015550917998194188 -0.00017620774972043558 -0.00055230258427756216 0.00027346598860810767 -0.00028329841531788308 0.0004056924731688036 0.00012456283022310757 -0.00019943560229859395 0.0003095580054733127 5.1529748985110905e-05 0.00015306684123907502 -0.00020943360676886841 2.4082592772103346e-05 -0.00049866058319268159 -0.00013438475663039677 -0.00039465401586679061 -0.0001226971571991819 0.00012168271551453481 5.9688606150791129e-05 0.00028379304613070945 6.9392001381402807e-05 -0.00030739888192765191
leaf_weight=758 1631 254 19 35 214 20 19 20 150 27 17 18 27 61 40 20 28 102 89 46 138 18 49 20 15.999999999999998 21 230 99 165 49
leaf_count=758 1631 254 19 35 214 20 19 20 150 27 17 18 27 61 40 20 28 102 89 46 138 18 49 20 16 21 230 99 165 49
internal_value=3.43843e-07 1.99742e-05 5.36855e-05 0.000100757 7.56678e-05 -5.03124e-06 0.000365983 0.000109023 5.68277e-05 5.66963e-05 -0.000270708 0.000509501 7.10162e-05 8.7179e-05 0.000135205 0.000269967 9.74776e-05 -1.85522e-05 5.12659e-05 -5.40868e-05 -2.72763e-05 -0.000213786 1.99064e-05 6.4225e-05 8.94374e-05 -0.000130192 0.000115539 0.000227237 -2.12873e-05 -7.06672e-05
internal_weight=4400 3642 1551 648 592 2091 56 540 326 460 52 37 440 413 284 109 48 129 175 86 176 38 903 435 386 41 345 115 468 303
internal_count=4400 3642 1551 648 592 2091 56 540 326 460 52 37 440 413 284 109 48 129 175 86 176 38 903 435 386 41 345 115 468 303
is_linear=0
shrinkage=0.03


Tree=158
num_leaves=31
num_cat=0
split_feature=8 9 13 18 6 7 8 8 1 8 0 7 7 0 7 9 17 8 11 16 7 17 7 1 18 13 0 8 18 12
split_gain=0.00847427 0.0029961 0.00277594 0.00264824 0.00221569 0.00219466 0.00252651 0.00381173 0.0031949 0.00279596 0.00249791 0.0022933 0.00371119 0.00225143 0.00213801 0.00205483 0.00277401 0.00199994 0.00199637 0.00386685 0.00476562 0.00384086 0.00408274 0.00327691 0.00318894 0.00235065 0.00212634 0.00197652 0.00193297 0.00188202
threshold=0.061010204590290239 0.1203501094091904 1.0000000180025095e-35 0.49558823529411766 0.1110599078341014 0.095648249209454236 0.1117864860989408 0.11081914048169972 0.033854166666666671 0.11649458497201322 0.35371632274308884 0.079791135151608045 0.055089635996602375 0.45245807143466038 0.034936295407687758 0.39897884755652818 0.30733554591098639 0.1439067609595597 -0.68301270189221952 26.500000000000004 0.16947311116436589 0.36282018551612638 0.1598231199900437 0.091145833333333343 0.5220588235294118 -0.56174490092936669 0.49510993395148484 0.12858095081062174 0.40735294117647064 0.6078576107927941
decision_type=2 2 2 2 2 2 2 2 2 2 2 2 2 2 2 2 2 2 2 2 2 2 2 2 2 2 2 2 2 2
left_child=4 -2 5 28 14 6 7 -3 11 15 -11 12 27 17 -1 -10 -17 -14 25 20 -20 23 -23 -21 -24 26 -7 -8 -4 -5
right_child=1 2 3 29 -6 18 8 -9 9 10 -12 -13 13 -15 -16 16 -18 -19 19 21 -22 22 24 -25 -26 -27 -28 -29 -30 -31
leaf_value=-8.7745876954284968e-05 -0.0001101336312688183 2.1980126752200441e-05 0.00033519737827850723 0.00027584883202463509 -0.00033738714503496871 0.00036269451050371015 -0.00013969882027604466 0.00045417771572448592 -0.00051348966660715468 0.00037832572999352038 -1.2545986882726712e-05 -0.00048327155631171036 0.0002884910530497974 -0.00028853774827159232 0.00019999962160039783 0.000188648695766735 -0.00026344927420483155 -9.3731906270608052e-05 8.2476003764914081e-05 0.0007523478503309903 -0.00033391614961482738 -0.00013698322788246163 0.00060422820860307346 0.00026344815537534486 4.1005126888569528e-06 -0.00017964918474849261 -3.4838078676069641e-05 -0.00050988943475813728 3.801461896499023e-05 7.127983702859637e-05
leaf_weight=733 153 549 20 79 31 18 27 19 14.999999999999998 14.999999999999998 771 19 28 15.999999999999998 24 18 38 22 141 17 30 38 17 45 14.999999999999998 57 37 25 1300 83
leaf_count=733 153 549 20 79 31 18 27 19 15 15 771 19 28 16 24 18 38 22 141 17 30 38 17 45 15 57 37 25 1300 83
internal_value=3.33525e-07 1.97797e-05 2.55262e-05 5.65667e-05 -8.88031e-05 2.2575e-06 -1.40349e-05 3.64382e-05 -4.28767e-05 -2.13722e-05 -5.08613e-06 -0.000177396 -0.000128141 2.11959e-05 -7.86229e-05 -0.000201664 -0.000118131 0.000120314 6.35796e-05 0.000103584 9.42322e-06 0.000225563 7.32632e-05 0.000397511 0.000322927 -4.46457e-05 9.52677e-05 -0.000317681 4.25176e-05 0.00017104
internal_weight=4400 3612 3459 1482 788 1977 1562 568 994 857 786 137 118 66 757 71 56 50 415 303 171 132 70 62 32 112 55 52 1320 162
internal_count=4400 3612 3459 1482 788 1977 1562 568 994 857 786 137 118 66 757 71 56 50 415 303 171 132 70 62 32 112 55 52 1320 162
is_linear=0
shrinkage=0.03


Tree=159
num_leaves=31
num_cat=1
split_feature=8 9 19 6 8 6 7 6 6 3 7 7 20 10 18 9 17 9 16 20 1 2 18 20 17 9 3 6 7 12
split_gain=0.00797344 0.00281903 0.00275885 0.00328116 0.00306368 0.00288316 0.00366138 0.00307243 0.00550886 0.00280088 0.00347845 0.002727 0.00259174 0.00249648 0.00239732 0.00220408 0.00311263 0.0023711 0.00331379 0.00301361 0.00233559 0.00225005 0.00218476 0.00214221 0.00212394 0.00309569 0.00210825 0.00208475 0.00201166 0.00185785
threshold=0.061010204590290239 0.1203501094091904 0 0.66635944700460847 0.075223422284331695 0.32304147465437794 0.077341895504554822 0.25399650405212143 0.27050691244239639 0.075520833333333343 0.067062079439188252 0.028908273699210747 0.39395212316942613 -0.24999999999999994 0.4661764705882353 0.52808169219547796 0.29080723870895808 0.80598103574033564 20.500000000000004 0.41542199475783687 0.044270833333333336 0.033854166666666671 0.50441176470588245 0.42795921805502896 0.40894391966641147 0.5948212983223925 0.059895833333333336 0.1110599078341014 0.034936295407687758 1.0000000180025095e-35
decision_type=2 2 1 2 2 2 2 2 2 2 2 2 2 2 2 2 2 2 2 2 2 2 2 2 2 2 2 2 2 2
left_child=27 -2 4 24 -3 6 7 11 14 10 -10 -6 -8 -13 -9 20 29 18 -18 21 -15 -20 26 -7 -4 -26 -14 28 -1 -17
right_child=1 2 3 -5 5 23 12 8 9 -11 -12 13 22 15 -16 16 17 -19 19 -21 -22 -23 -24 -25 25 -27 -28 -29 -30 -31
leaf_value=-8.5113507686851065e-05 -0.00010682964142585631 0.00033779508708940741 1.4499666219827194e-06 -0.00024868074558721126 -0.00018266424323342564 0.00037393009879722173 0.00050752321642915884 -0.0006056964816887507 1.7543873195398289e-05 0.00025128023650781636 -0.00034418521031481873 0.00021762750156036222 0.00012437336452581586 -0.00030774178713001779 -0.00021911412914456108 0.00057449813531396923 -0.00019285182553485962 -0.0002284683786943625 0.00016495246980526636 -2.4901952020179237e-05 0.00014372737539812807 0.00066906298660290701 0.00043284142017761839 8.0008886084941122e-05 -2.8736856450725414e-05 0.00035933354269787582 -0.00021348152102065309 -0.00032726584991062791 0.00019399988207297736 0.00010976695676815141
leaf_weight=733 153 34 1882 46 47 23 15.999999999999998 22 87 28 33 71 68 33 42 15.000000000000002 28 31 17 28 14.999999999999998 14.999999999999998 14.999999999999998 751 37 37 22 31 24 15.999999999999998
leaf_count=733 153 34 1882 46 47 23 16 22 87 28 33 71 68 33 42 15 28 31 17 28 15 15 15 751 37 37 22 31 24 16
internal_value=3.23524e-07 1.91864e-05 2.47604e-05 1.75034e-06 5.59812e-05 4.9641e-05 3.00714e-06 -3.11041e-05 -0.000119457 -1.88919e-05 -8.19337e-05 2.81707e-05 0.000151855 6.50085e-05 -0.000352009 1.02807e-05 6.69017e-05 -2.84956e-06 7.66315e-05 0.000202391 -0.000166658 0.000401268 9.76539e-05 8.87435e-05 7.6489e-06 0.000165301 4.17852e-05 -8.61391e-05 -7.62642e-05 0.000334648
internal_weight=4400 3612 3459 2002 1457 1423 649 528 212 148 120 316 121 269 64 198 150 119 88 60 48 32 105 774 1956 74 90 788 757 31
internal_count=4400 3612 3459 2002 1457 1423 649 528 212 148 120 316 121 269 64 198 150 119 88 60 48 32 105 774 1956 74 90 788 757 31
cat_boundaries=0 1
cat_threshold=102
is_linear=0
shrinkage=0.03


Tree=160
num_leaves=31
num_cat=1
split_feature=8 7 18 9 8 8 19 17 8 7 7 8 7 17 9 12 5 18 18 4 0 16 18 13 5 9 18 9 0 3
split_gain=0.00923711 0.00271065 0.00253686 0.00245207 0.00262607 0.00276374 0.00189505 0.00242847 0.00298117 0.00252785 0.00224354 0.00651652 0.00338971 0.0032881 0.0028491 0.00273211 0.00272754 0.002236 0.00241816 0.0027389 0.0024589 0.00221236 0.00218525 0.00204329 0.0026006 0.00203966 0.00221962 0.00206023 0.00197821 0.00195751
threshold=0.061010204590290239 0.38780974986680611 0.48676470588235299 0.17396061269146609 0.12535289271839811 0.11570527351525862 0 0.23500127648710753 0.24450792551719841 0.070577206193085482 0.05326294979346325 0.088210155466507345 0.064214130984395643 0.2675707716731372 0.69146608315098479 0.6078576107927941 0.11054766734279921 0.43970588235294122 0.45147058823529412 0.12760416666666669 0.53408883435755816 23.500000000000004 0.45735294117647063 -0.56174490092936669 0.050912778904665321 0.64843180160466829 0.48382352941176471 0.60357403355215189 0.49925761190894619 0.023437500000000003
decision_type=2 2 2 2 2 2 1 2 2 2 2 2 2 2 2 2 2 2 2 2 2 2 2 2 2 2 2 2 2 2
left_child=2 3 -1 4 5 -2 -5 8 9 -8 23 -12 13 -13 15 -15 -17 21 -19 -20 -21 -14 -10 24 -9 27 -27 29 -25 -26
right_child=1 -3 -4 6 -6 -7 7 10 22 -11 11 12 17 14 -16 16 -18 18 19 20 -22 -23 -24 28 25 26 -28 -29 -30 -31
leaf_value=-7.8183296620306544e-05 -7.4659128271074946e-05 0.00037524891118750198 -0.00045979591659961976 5.5332601805319809e-05 -0.00014403273736700059 0.00016859675822595519 -0.00013026307228646217 0.00015740035082214253 0.00025556642493480266 -0.00058923266630760065 0.00049222370933007598 0.00056524485647410172 4.6544935481860169e-05 0.00013608481228039097 0.0003931731969047202 -0.00046215434906476586 1.741528231843772e-05 0.00023501435995877971 -2.1106218177553126e-05 0.00048871474684817836 6.1220616387662848e-05 -0.00041707602098975649 -0.0001163834182187034 -1.7693927831798911e-06 9.2061302022815379e-05 0.00012964088002767301 -0.00030297596904948137 -0.00049841549226270184 0.00030329023369547303 -0.00023711889386755886
leaf_weight=777 101 20 15.999999999999998 1661 153 72 27 29 21 18 29 14.999999999999998 15.999999999999998 131 27 14.999999999999998 37 42 539 18 37 22 44 440 21 37 14.999999999999998 20 20 72
leaf_count=777 101 20 16 1661 153 72 27 29 21 18 29 15 16 131 27 15 37 42 539 18 37 22 44 440 21 37 15 20 20 72
internal_value=7.02915e-06 2.6948e-05 -8.58835e-05 2.50544e-05 -5.34927e-05 2.65807e-05 3.26913e-05 1.00782e-05 -0.000126161 -0.00031386 1.9615e-05 4.96066e-05 3.53281e-05 0.000136151 0.000105499 6.30535e-05 -0.000120928 1.67035e-06 1.50269e-05 -5.28104e-07 0.000201134 -0.000221871 3.78708e-06 -2.29418e-05 -0.000104595 -0.000150643 4.84413e-06 -0.000222195 1.14947e-05 -0.000162788
internal_weight=4492 3699 793 3679 326 173 3353 1692 110 45 1582 928 899 225 210 183 52 674 636 594 55 38 65 654 194 165 52 113 460 93
internal_count=4492 3699 793 3679 326 173 3353 1692 110 45 1582 928 899 225 210 183 52 674 636 594 55 38 65 654 194 165 52 113 460 93
cat_boundaries=0 1
cat_threshold=614
is_linear=0
shrinkage=0.03


Tree=161
num_leaves=31
num_cat=1
split_feature=8 18 19 3 6 8 16 11 11 0 8 5 6 3 8 8 8 4 1 8 10 4 18 18 1 0 8 2 15 0
split_gain=0.00869192 0.00238694 0.00196792 0.00307768 0.00261185 0.00401345 0.00373757 0.0020256 0.00325968 0.00349312 0.00256069 0.00253868 0.002188 0.00235001 0.00242102 0.00254387 0.00280787 0.00480159 0.00223488 0.00246944 0.00304797 0.00217817 0.00214345 0.00201039 0.00216353 0.00200524 0.00199037 0.00194838 0.00192424 0.00187725
threshold=0.061010204590290239 0.48676470588235299 0 0.21614583333333334 0.28801843317972359 0.1117864860989408 7.5000000000000009 0.93301270189221952 0.6830127018922193 0.59743234789882671 0.21375244721673287 0.30933062880324552 0.61244239631336417 0.065104166666666671 0.25928284646248428 0.20833669660143139 0.18264427710219064 0.10156250000000001 0.091145833333333343 0.15376901510591112 -0.5 0.10677083333333334 0.47205882352941181 0.44264705882352945 0.11197916666666667 0.29908500877598854 0.092976158837091025 0.039062500000000007 1.0000000180025095e-35 0.27889977931776339
decision_type=2 2 1 2 2 2 2 2 2 2 2 2 2 2 2 2 2 2 2 2 2 2 2 2 2 2 2 2 2 2
left_child=1 -1 3 4 5 -2 -7 8 12 11 22 21 13 25 15 16 17 18 19 -15 -21 28 -9 -17 -25 26 29 -6 -10 -4
right_child=2 -3 7 -5 27 6 -8 10 9 -11 -12 -13 -14 14 -16 23 -18 -19 -20 20 -22 -23 -24 24 -26 -27 -28 -29 -30 -31
leaf_value=-7.5837798873176554e-05 6.8474169279379138e-05 -0.00044600290205739642 9.4379920839071253e-05 -0.00036758645153545777 0.00027498633319893525 -0.00047513706485280356 -5.8253582026274689e-05 -0.0005898616142207409 0.00010978902698107956 -0.00016626807755984387 -3.1842132121089925e-05 0.00042469767110787238 0.00013787704136356696 -4.042801220902316e-05 0.00021009833018675143 -0.00054077998766269937 0.00011616416487660524 -0.00051964401296249857 0.0001351396736989638 -1.0854467422588926e-05 -0.0004611719634042132 0.00045031176429000867 -0.00010429244094608346 -2.8673441998007003e-05 -0.00039591438725055978 3.1282116326069209e-05 -0.00021722671634081538 8.4538766551456705e-05 -0.00022902050433074741 -0.00014772581969409515
leaf_weight=777 260 15.999999999999998 70 14.999999999999998 52 24 100 14.999999999999998 264 39 143 25 104 225 29 14.999999999999998 81 21 49 24 31 15.999999999999998 18 42 22 1202 60 688 15.999999999999998 49
leaf_count=777 260 16 70 15 52 24 100 15 264 39 143 25 104 225 29 15 81 21 49 24 31 16 18 42 22 1202 60 688 16 49
internal_value=6.82198e-06 -8.3307e-05 2.6144e-05 5.87661e-05 6.4979e-05 1.49523e-06 -0.000138944 1.13558e-05 1.86509e-05 0.000101829 -8.68139e-05 0.000134402 3.85639e-06 -3.40313e-06 -5.65292e-05 -7.16908e-05 -4.30052e-05 -7.98418e-05 -5.17678e-05 -8.4477e-05 -0.000264674 0.000109882 -0.000325017 -0.000228188 -0.000154917 1.73318e-05 -7.63451e-05 9.79219e-05 9.04277e-05 -5.31108e-06
internal_weight=4492 793 3699 1139 1124 384 124 2560 2384 360 176 321 2024 1920 539 510 431 350 329 280 55 296 33 79 64 1381 179 740 280 119
internal_count=4492 793 3699 1139 1124 384 124 2560 2384 360 176 321 2024 1920 539 510 431 350 329 280 55 296 33 79 64 1381 179 740 280 119
cat_boundaries=0 1
cat_threshold=546
is_linear=0
shrinkage=0.03


Tree=162
num_leaves=31
num_cat=0
split_feature=8 7 1 17 2 16 17 11 16 8 7 6 6 17 0 11 6 16 6 7 7 1 7 8 7 3 4 8 17 17
split_gain=0.00817823 0.00254368 0.00177758 0.00196201 0.0030253 0.0030096 0.00206834 0.00194345 0.00390764 0.00361557 0.00319829 0.00371874 0.00400258 0.00367633 0.0037105 0.00290281 0.00234868 0.00318342 0.00335449 0.00367332 0.0032886 0.00307376 0.00360449 0.00327787 0.00249205 0.00243438 0.00230112 0.0030973 0.00292424 0.00259002
threshold=0.061010204590290239 0.38780974986680611 0.013020833333333334 0.2858054633648201 0.044270833333333336 25.500000000000004 0.30200445971664275 -0.5 28.500000000000004 0.074423100784269183 0.10036056523027932 0.51658986175115229 0.64746543778801857 0.34971491787932951 0.48574118920229131 -0.9330127018922193 0.29170506912442401 13.500000000000002 0.24654377880184339 0.047012504767343637 0.077341895504554822 0.023437500000000003 0.048735142171201735 0.11131403688179005 0.16947311116436589 0.065104166666666671 0.12760416666666669 0.19218106975147189 0.27207075553364507 0.2666185416354882
decision_type=2 2 2 2 2 2 2 2 2 2 2 2 2 2 2 2 2 2 2 2 2 2 2 2 2 2 2 2 2 2
left_child=-1 2 3 -2 5 -5 -7 10 9 -9 11 26 -13 15 -15 -12 17 18 19 -11 25 -19 -23 -24 -18 -20 27 28 29 -4
right_child=1 -3 7 4 -6 6 -8 8 -10 16 13 12 -14 14 -16 -17 24 21 20 -21 -22 22 23 -25 -26 -27 -28 -29 -30 -31
leaf_value=-8.0807814265184251e-05 -0.00015378650264588509 0.0003627629715908646 6.0619467241991222e-05 0.0001511335825761875 0.00036220474078417606 3.333647614483759e-06 -0.00040434616124510828 0.00028430284312389991 9.9371485693435714e-05 -5.6095517710722115e-05 5.244423661601497e-05 0.00034182728272280589 -0.00010380211664196969 0.00041521102843603344 -7.6898921408749356e-05 -0.00035106952797152823 5.0320793993089239e-05 0.00018710263687581353 -0.000343194557884612 0.0001609993462431886 0.00018761256977622968 6.5156103989938218e-06 -0.00053189564037682015 -0.0001736777393946245 -0.00017191488113267814 8.8812656740096566e-05 -0.00023085720013320762 0.00024248572649327279 -2.2253582883621132e-05 0.00041634115331328972
leaf_weight=793 104 20 70 37 20 21 24 44 780 131 21 60 26 17 73 68 842 22 54 151 20 54 35 67 48 14.999999999999998 37 49 764 25
leaf_count=793 104 20 70 37 20 21 24 44 780 131 21 60 26 17 73 68 842 22 54 151 20 54 35 67 48 15 37 49 764 25
internal_value=6.6173e-06 2.53597e-05 2.35254e-05 -6.20973e-05 3.13904e-05 -4.92995e-05 -0.0002141 2.86041e-05 4.5014e-05 1.6424e-05 -2.0865e-06 1.82364e-05 0.000207102 -0.000119141 1.60588e-05 -0.000255859 8.23298e-06 -4.05661e-05 9.47265e-06 6.01505e-05 -0.000151101 -0.00014486 -0.000191676 -0.0002966 3.83349e-05 -0.00024928 1.04836e-06 1.04985e-05 -2.73503e-06 0.000154234
internal_weight=4492 3699 3679 206 102 82 45 3473 2263 1483 1210 1031 86 179 90 89 1439 549 371 282 89 178 156 102 890 69 945 908 859 95
internal_count=4492 3699 3679 206 102 82 45 3473 2263 1483 1210 1031 86 179 90 89 1439 549 371 282 89 178 156 102 890 69 945 908 859 95
is_linear=0
shrinkage=0.03


Tree=163
num_leaves=31
num_cat=2
split_feature=8 9 11 8 8 16 5 8 17 0 8 8 8 19 8 18 19 8 16 0 12 4 17 16 6 2 17 2 8 17
split_gain=0.00769489 0.00236245 0.00297549 0.00237693 0.00259005 0.00224808 0.00285924 0.00477152 0.00383825 0.00323101 0.00270897 0.0061583 0.00331757 0.00258103 0.00227269 0.00224588 0.00216648 0.0020615 0.00225575 0.00326007 0.002344 0.00194326 0.00203598 0.00193155 0.0023095 0.00190172 0.00188023 0.00268259 0.00332847 0.00259309
threshold=0.061010204590290239 0.17396061269146609 -0.5 0.12535289271839811 0.11570527351525862 7.5000000000000009 0.15314401622718055 0.088210155466507345 0.32306906777164635 0.45421979383876848 0.090788790738736233 0.092439340042364718 0.10757186459095865 0 0.1160777868849175 0.48676470588235299 1 0.19814297748565238 28.500000000000004 0.43051651313122302 -1.0000000180025095e-35 0.070312500000000014 0.27657807552695451 18.500000000000004 0.15714285714285717 0.059895833333333336 0.42745298272487459 0.10156250000000001 0.25928284646248428 0.20376989192409165
decision_type=2 2 2 2 2 2 2 2 2 2 2 2 2 1 2 2 1 2 2 2 2 2 2 2 2 2 2 2 2 2
left_child=15 3 26 4 -2 13 7 8 -7 -8 -9 -12 23 -4 25 -1 -16 18 21 20 -20 -14 -23 24 -13 -11 27 28 -3 -29
right_child=1 2 5 -5 -6 6 9 10 -10 14 11 12 17 -15 16 -17 -18 -19 19 -21 -22 22 -24 -25 -26 -27 -28 29 -30 -31
leaf_value=-7.1138435800275189e-05 -7.4346052712408178e-05 -4.4107722101323624e-06 7.3018338321061295e-05 -0.00013865792808071735 0.00016114183169573868 0.00035560106632843806 0.0004416604249311516 -0.00028633397958753581 -9.5574084116031547e-06 7.8926265364684229e-05 0.00049339749409964165 -0.00050594981793735999 -6.5723070558388607e-05 -5.8325245044492701e-05 0.00014675528298657451 -0.00043019957057423931 4.5875059145671566e-05 -0.00024763352458953428 0.00045501825993041428 -7.496510867210289e-05 0.00013082585833138518 -3.6044877678041866e-05 0.00042175269707543032 -4.8611239175182121e-05 -0.00012493166685000246 0.00045659069554277381 0.00023900167513989294 -0.00049945626922662516 0.000241570684357815 -8.5257257540097281e-05
leaf_weight=777 101 1033 233 153 72 63 25 31 44 21 22 22 129 292 314 15.999999999999998 551 21 34 37 49 18 17 107 41 28 28 14.999999999999998 52 146
leaf_count=777 101 1033 233 153 72 63 25 31 44 21 22 22 129 292 314 16 551 21 34 37 49 18 17 107 41 28 28 15 52 146
internal_value=6.41878e-06 2.45989e-05 3.20524e-05 -5.25196e-05 2.36608e-05 5.40043e-05 7.1935e-05 2.27661e-05 0.000205444 0.000105186 -1.42542e-05 2.71716e-06 -2.00101e-05 2.46184e-07 9.59817e-05 -7.83836e-05 8.47222e-05 3.91814e-05 6.03904e-05 0.000159231 0.000263631 -1.19327e-05 0.00018632 -0.000126206 -0.000257992 0.000294739 -4.11469e-06 -9.57817e-06 7.37841e-06 -0.00012385
internal_weight=4492 3699 3373 326 173 2099 1574 635 107 939 528 497 475 525 914 793 865 305 284 120 83 164 35 170 63 49 1274 1246 1085 161
internal_count=4492 3699 3373 326 173 2099 1574 635 107 939 528 497 475 525 914 793 865 305 284 120 83 164 35 170 63 49 1274 1246 1085 161
cat_boundaries=0 1 2
cat_threshold=792 70
is_linear=0
shrinkage=0.03


Tree=164
num_leaves=31
num_cat=0
split_feature=8 7 9 8 8 18 17 16 8 13 6 4 6 7 17 16 8 9 4 7 8 7 7 5 9 2 9 18 7 6
split_gain=0.00724257 0.00237275 0.00212088 0.00223646 0.00243698 0.00211316 0.00181906 0.00162074 0.00151585 0.00151733 0.00188549 0.00147553 0.00112279 0.00187998 0.00208789 0.00181241 0.00129859 0.00330487 0.001951 0.00108602 0.00433816 0.00319187 0.00251249 0.00255397 0.0042841 0.00256617 0.00223725 0.00217335 0.00185735 0.00313115
threshold=0.061010204590290239 0.38780974986680611 0.17396061269146609 0.12535289271839811 0.11570527351525862 0.48676470588235299 0.21947068334609829 27.500000000000004 0.074423100784269183 -0.56174490092936669 0.16027331956141747 0.085937500000000014 0.1110599078341014 0.016245047390400568 0.32079294792226054 14.500000000000002 0.053700030463116152 0.62472647702407025 0.018229166666666668 0.05326294979346325 0.088210155466507345 0.057482738463101604 0.054386548930127905 0.11578769438810006 0.6433260393873087 0.065104166666666671 0.83916849015317307 0.436764705882353 0.048735142171201735 0.28433179723502316
decision_type=2 2 2 2 2 2 2 2 2 2 2 2 2 2 2 2 2 2 2 2 2 2 2 2 2 2 2 2 2 2
left_child=5 2 3 4 8 12 -5 -6 -2 -10 -11 -8 13 -1 15 -15 18 -18 -17 27 21 -21 -22 24 25 -24 -26 -4 -29 -30
right_child=1 -3 19 6 7 -7 11 -9 9 10 -12 -13 -14 14 -16 16 17 -19 -20 20 22 -23 23 -25 26 -27 -28 28 29 -31
leaf_value=-8.4424201078733271e-05 0.00015472178752071335 0.00034974787764721149 0.00032444765755050808 0.00012484152967324116 8.3287781468304351e-05 -0.00041729439057947682 -0.00013589914574406998 0.0004337590793177173 -0.00034379367719150286 -0.00023447025280939326 0.00010843736844384314 -0.00042817179018119476 -0.00025215352924635629 -0.00010862231821155485 -0.00020344399891577094 0.00043668015780689163 -0.00027099918899162011 0.00031225679006277119 4.574777494187885e-05 0.00066201039092808828 0.00029568303759917847 0.00012472669173621936 6.1874807797007925e-05 4.3292911803017074e-05 -0.00044376235286785478 -0.00026791027227083527 -5.5502731650249892e-05 1.9348458881285284e-05 -0.00016178826509160408 7.1954098567301466e-05
leaf_weight=611 21 20 19 21 57 15.999999999999998 114 14.999999999999998 22 27 31 18 29 29 26 27 17 18 20 17 33 24 141 1868 34 25 22 947 142 81
leaf_count=611 21 20 19 21 57 16 114 15 22 27 31 18 29 29 26 27 17 18 20 17 33 24 141 1868 34 25 22 947 142 81
internal_value=6.24007e-06 2.38778e-05 2.21062e-05 -5.09441e-05 2.2951e-05 -7.60321e-05 -0.000134498 0.000156308 -7.21157e-05 -0.000131662 -5.11933e-05 -0.000175757 -6.90043e-05 -6.19033e-05 3.85368e-05 9.52183e-05 0.000167309 2.89614e-05 0.00027033 2.92086e-05 4.18643e-05 0.000347514 3.59613e-05 3.18603e-05 -6.4338e-05 1.22071e-05 -0.000291236 6.17501e-06 1.00621e-06 -7.68864e-05
internal_weight=4492 3699 3679 326 173 793 153 72 101 80 58 132 777 748 137 111 82 35 47 3353 2164 41 2123 2090 222 166 56 1189 1170 223
internal_count=4492 3699 3679 326 173 793 153 72 101 80 58 132 777 748 137 111 82 35 47 3353 2164 41 2123 2090 222 166 56 1189 1170 223
is_linear=0
shrinkage=0.03


Tree=165
num_leaves=31
num_cat=1
split_feature=0 19 18 4 4 18 17 17 7 8 3 7 11 7 7 18 4 7 10 18 9 2 8 2 8 18 17 17 7 3
split_gain=0.00767765 0.00230986 0.00206046 0.00221149 0.00285522 0.00210425 0.00204326 0.00267451 0.0021153 0.00382437 0.00295335 0.00198557 0.00198081 0.00393348 0.00371397 0.00244557 0.00223355 0.00192518 0.00217429 0.00215189 0.00207375 0.00191844 0.00357292 0.00246753 0.00322549 0.00591336 0.00239019 0.00289631 0.00214846 0.00210191
threshold=0.30960096628317918 0 0.50147058823529422 0.080729166666666671 0.039062500000000007 0.40441176470588241 0.24210705471874738 0.25151050974385164 0.078330781814401104 0.49432194160291421 0.091145833333333343 0.077483937672895853 0.6830127018922193 0.053878726895501002 0.056078756936442743 0.44264705882352945 0.091145833333333343 0.039235516998999381 1.0000000180025095e-35 0.47794117647058826 0.51531728665207888 0.065104166666666671 0.20622435817705217 0.054687500000000007 0.15639335566612553 0.49264705882352944 0.34907667432558936 0.34515477772984848 0.05468897878109228 0.039062500000000007
decision_type=2 1 2 2 2 2 2 2 2 2 2 2 2 2 2 2 2 2 2 2 2 2 2 2 2 2 2 2 2 2
left_child=17 2 5 4 -4 -2 8 -8 10 -10 -3 -6 21 -14 -15 -16 -17 18 -1 20 -19 23 -23 26 29 -26 27 -9 -29 -25
right_child=1 6 3 -5 11 -7 7 12 9 -11 -12 -13 13 14 15 16 -18 19 -20 -21 -22 22 -24 24 25 -27 -28 28 -30 -31
leaf_value=-8.677005690680068e-05 0.00037908816841029875 -0.00013376465995754172 2.6184021282892565e-05 4.7246966803272837e-05 8.409120740564411e-05 3.3099390309548546e-05 0.00031122671159460762 -2.0764271057491082e-05 -0.00044843258220918577 9.134880897869105e-06 0.00026557947411056797 0.0004743553826074508 -0.00011811753520198667 0.00059456080424584261 -0.0002505888462343236 9.7842037483299955e-05 0.00041975241764521389 -4.9986705689426585e-05 8.4776479534139329e-06 -2.7441940045310613e-05 -0.00046416462426881089 7.0127433420854329e-05 -0.00020953757266006909 0.00014825274143628124 -0.00076178171466605648 8.3816079476653322e-06 0.00012954018391551491 -4.4069494942831329e-05 -0.00053020475216170146 -0.00015612411964688772
leaf_weight=675 15.999999999999998 50 34 109 15.999999999999998 1401 26 616 35 31 25 44 71 14.999999999999998 15.999999999999998 164 22 15.999999999999998 317 36 34 387 46 29 19 17 90 14.999999999999998 18 69
leaf_count=675 16 50 34 109 16 1401 26 616 35 31 25 44 71 15 16 164 22 16 317 36 34 387 46 29 19 17 90 15 18 69
internal_value=1.57807e-06 2.38062e-05 4.95067e-05 0.000139201 0.000245827 3.70064e-05 -1.16912e-07 9.41602e-06 -0.000109652 -0.000233518 -6.48182e-07 0.000370288 4.49294e-06 7.57082e-05 0.000139126 0.000105304 0.00013592 -6.81375e-05 -5.63331e-05 -0.000204298 -0.000331631 -1.12115e-05 4.04166e-05 -3.68187e-05 -0.000155263 -0.000398103 -1.53415e-05 -3.54331e-05 -0.000309242 -6.60528e-05
internal_weight=4459 3381 1620 203 94 1417 1761 1620 141 66 75 60 1594 288 217 202 186 1078 992 86 50 1306 433 873 134 36 739 649 33 98
internal_count=4459 3381 1620 203 94 1417 1761 1620 141 66 75 60 1594 288 217 202 186 1078 992 86 50 1306 433 873 134 36 739 649 33 98
cat_boundaries=0 1
cat_threshold=551
is_linear=0
shrinkage=0.03


Tree=166
num_leaves=31
num_cat=2
split_feature=1 20 19 2 7 13 16 17 17 11 5 20 10 8 17 18 11 17 1 8 7 13 19 20 5 17 8 16 7 16
split_gain=0.0075737 0.00257554 0.00224609 0.0031107 0.00259641 0.00338139 0.00252695 0.00238837 0.00240937 0.00311114 0.00215187 0.00209576 0.00349173 0.00271985 0.00266234 0.00362108 0.00235313 0.00249477 0.00220786 0.00215016 0.00207368 0.00207297 0.00204336 0.00295317 0.00268883 0.00225007 0.00215094 0.00220574 0.00202401 0.00337691
threshold=0.054687500000000007 0.30960096628317918 0 0.039062500000000007 0.048395520318080192 0.81174490092936691 3.5000000000000004 0.24657475959492811 0.27125351033954564 -0.9330127018922193 0.084178498985801223 0.38426443164743768 0.93301270189221952 0.11131403688179005 0.27423198025699952 0.4485294117647059 -0.24999999999999994 0.33831163305250628 0.023437500000000003 0.16640278872593822 0.063091324822079201 1.0000000180025095e-35 1 0.40714532703290862 0.12457741717376607 0.19874904263466944 0.1160777868849175 5.5000000000000009 0.038670947752277481 29.500000000000004
decision_type=2 2 1 2 2 2 2 2 2 2 2 2 2 2 2 2 2 2 2 2 2 2 1 2 2 2 2 2 2 2
left_child=1 28 4 7 5 6 -3 -4 -9 21 -6 12 18 20 15 -15 17 -16 -12 -18 -13 -10 23 -5 -25 -24 -27 -28 29 -1
right_child=-2 2 3 22 10 -7 -8 8 9 -11 11 13 -14 14 16 -17 19 -19 -20 -21 -22 -23 25 24 -26 26 27 -29 -30 -31
leaf_value=-9.4069334797992969e-05 4.856749477177866e-05 -0.00033097125833469364 -0.00018939420095591915 0.00032631039852283952 -0.00039623567241646186 0.00033560072907506863 2.4674428401601175e-05 0.00036575428951212026 4.7005105236780073e-05 0.00012574428590275731 -6.9518158844982043e-05 -3.0528855060826502e-05 -0.00029494649821838558 0.00035599066359854958 -0.00019907043711889807 -0.00014270845694543742 -0.000244261659850992 0.00011008865862736598 0.00030633896849959234 -0.00062266457238038483 0.00037912265708959706 -0.00032287622952976742 -0.0003687318942595313 -0.00037649385307005794 4.7359548510235257e-05 -0.00013388052001906206 -0.00023789406332912005 6.6616461240735832e-05 -0.00019818422308827879 2.3399397948915669e-05
leaf_weight=643 1822 20 26 31 20 29 178 30 30 279 22 43 19 20 76 38 87 34 39 15.999999999999998 14.999999999999998 25 21 14.999999999999998 132 144 25 149 96 335
leaf_count=643 1822 20 26 31 20 29 178 30 30 279 22 43 19 20 76 38 87 34 39 16 15 25 21 15 132 144 25 149 96 335
internal_value=1.53073e-06 -3.09687e-05 -6.39203e-06 2.4149e-05 -4.82513e-05 3.30619e-05 -1.12509e-05 8.83826e-05 0.000108224 8.50918e-05 -9.24018e-05 -7.75435e-05 6.01715e-05 -0.00011103 -0.000150935 2.92599e-05 -0.000200002 -0.000103512 0.000170785 -0.000303048 7.54202e-05 -0.000121126 -2.38388e-05 5.70192e-05 4.10693e-06 -6.60294e-05 -4.81149e-05 2.28638e-05 -6.67353e-05 -5.38321e-05
internal_weight=4459 2637 1563 907 656 227 198 390 364 334 429 409 80 329 271 58 213 110 61 103 58 55 517 178 147 339 318 174 1074 978
internal_count=4459 2637 1563 907 656 227 198 390 364 334 429 409 80 329 271 58 213 110 61 103 58 55 517 178 147 339 318 174 1074 978
cat_boundaries=0 1 2
cat_threshold=116 10
is_linear=0
shrinkage=0.03


Tree=167
num_leaves=31
num_cat=1
split_feature=1 4 0 13 17 4 1 17 2 18 17 11 18 11 10 17 12 19 16 11 0 13 18 2 18 4 17 0 16 1
split_gain=0.0071261 0.00246723 0.00208648 0.00201075 0.00382667 0.00262059 0.00237767 0.00250682 0.00237643 0.0020856 0.00207478 0.00360762 0.00192561 0.00214405 0.00188912 0.00186259 0.00185062 0.00261789 0.00221039 0.0024025 0.00215044 0.00210324 0.00273982 0.00377607 0.00211023 0.00194928 0.00182307 0.00175999 0.00172256 0.00276879
threshold=0.054687500000000007 0.0078125000000000017 0.41342993139342915 -0.22252093395631442 0.24210705471874738 0.059895833333333336 0.018229166666666668 0.31142030465492304 0.018229166666666668 0.4661764705882353 0.2666185416354882 -0.9330127018922193 0.48088235294117648 0.6830127018922193 0.68301270189221941 0.25151050974385164 0.6078576107927941 0 6.5000000000000009 -0.24999999999999994 0.40915544381338381 1.0000000180025095e-35 0.45735294117647063 0.14843750000000003 0.49558823529411766 0.065104166666666671 0.33780103820951418 0.32020333923914573 11.500000000000002 0.023437500000000003
decision_type=2 2 2 2 2 2 2 2 2 2 2 2 2 2 2 2 2 1 2 2 2 2 2 2 2 2 2 2 2 2
left_child=1 2 27 4 -3 6 7 -6 28 -10 11 -5 26 -14 -13 -16 21 20 19 -19 -18 22 23 -2 25 -23 -12 -1 -8 -30
right_child=16 3 -4 10 5 -7 8 -9 9 -11 12 14 13 -15 15 -17 17 18 -20 -21 -22 24 -24 -25 -26 -27 -28 -29 29 -31
leaf_value=-7.9702496789254784e-05 0.00052826534468109203 -0.00025819711319921161 -0.00040414028204505847 0.00055332111076645976 -2.3830070384373142e-05 7.3593638374476814e-05 -2.8154397605668657e-05 0.00028276991337384801 -0.00019353654387749844 -1.3386555726552805e-05 -4.7236578796021561e-05 1.1870700072813205e-05 4.1193152939075694e-05 0.00033429586794388541 0.00047435506608200676 5.3708722614600089e-05 -0.00043436104217447233 0.00014836510308189417 6.3046398702087532e-05 -0.00022561565448723676 -7.1598358295832973e-05 1.7111724879953042e-05 2.6379020096661293e-05 2.7041077823791967e-05 0.00026594662044607075 0.00016757926691287622 8.1739100466023966e-05 0.0001138400517556751 4.424271311912169e-05 -0.00042047438934677726
leaf_weight=701 24 71 17 14.999999999999998 96 175 27 32 76 242 601 127 165 26 18 20 17 22 431 52 109 157 748 31 78 153 118 45 14.999999999999998 50
leaf_count=701 24 71 17 15 96 175 27 32 76 242 601 127 165 26 18 20 17 22 431 52 109 157 748 31 78 153 118 45 15 50
internal_value=1.4848e-06 -3.00397e-05 -7.55168e-05 -1.15236e-05 -4.81648e-05 -2.72496e-05 -6.00519e-05 5.28215e-05 -9.52905e-05 -5.64417e-05 1.48312e-05 0.000107894 -3.57692e-06 8.10935e-05 6.73977e-05 0.000252969 4.71105e-05 5.57232e-06 3.63203e-05 -0.000114432 -0.000111682 6.91176e-05 4.14056e-05 0.000245763 0.00012647 9.1375e-05 -2.60694e-05 -6.80275e-05 -0.00022957 -0.000313233
internal_weight=4459 2637 763 1874 784 713 538 128 410 318 1090 180 910 191 165 38 1822 631 505 74 126 1191 803 55 388 310 719 746 92 65
internal_count=4459 2637 763 1874 784 713 538 128 410 318 1090 180 910 191 165 38 1822 631 505 74 126 1191 803 55 388 310 719 746 92 65
cat_boundaries=0 1
cat_threshold=264
is_linear=0
shrinkage=0.03


Tree=168
num_leaves=31
num_cat=1
split_feature=20 19 16 8 8 8 11 9 8 13 4 11 3 11 16 17 8 6 8 8 6 17 17 6 6 10 5 16 9 5
split_gain=0.00642455 0.00208925 0.00201397 0.00232658 0.00385858 0.00341726 0.00345804 0.00345458 0.00276733 0.00219642 0.00216079 0.00237386 0.00204337 0.00258475 0.00194031 0.00217565 0.00192457 0.00330323 0.00206892 0.00184908 0.00298707 0.00181109 0.00243551 0.00189825 0.00411072 0.00706682 0.00342606 0.00303423 0.0030245 0.00275151
threshold=0.30960096628317918 0 8.5000000000000018 0.1237024423506968 0.13609311647411021 0.17890958504461263 1.0000000180025095e-35 0.29431072210065656 0.12858095081062174 1.0000000180025095e-35 0.059895833333333336 0.6830127018922193 0.16406250000000003 -0.5 29.500000000000004 0.27040251893455886 0.070280936010108666 0.15371047195296364 0.092976158837091025 0.22614163575611029 0.44562211981566829 0.24210705471874738 0.25151050974385164 0.30552995391705079 0.2824884792626729 -0.5 0.16125760649087226 13.500000000000002 0.59992706053975209 0.15720081135902639
decision_type=2 1 2 2 2 2 2 2 2 2 2 2 2 2 2 2 2 2 2 2 2 2 2 2 2 2 2 2 2 2
left_child=14 2 3 -2 8 -6 -7 -8 -5 -9 11 16 -12 -14 -1 -16 -4 -18 -19 20 -20 -3 -23 24 26 -26 29 -27 -29 -24
right_child=1 21 10 4 5 6 7 9 -10 -11 12 -13 13 -15 15 -17 17 18 19 -21 -22 22 23 -25 25 27 -28 28 -30 -31
leaf_value=-9.3988909860986706e-05 8.9942777832956316e-05 -0.00010409763716939357 0.00025332187226361841 -0.00011770214191564882 0.00019887196543760021 0.00012555806129994955 -2.7799144174772523e-05 -0.00063111365248917574 -0.00068488902108205271 -0.00018593801310867527 0.00012019666676767204 0.00013306382258765288 -0.00030454844153334431 8.7448171887005301e-05 0.00027234937234774272 -2.7923773229148916e-05 -0.00019465645814066424 0.00021376283849822115 1.0040450868884765e-06 0.00032114799473769069 -0.00038502171953388081 0.00029601173449554934 -6.6548696267278488e-06 4.5441223310879331e-05 0.00031278609154202153 9.2320168252494643e-05 0.00020776137155933757 -0.00063364462494848754 -0.0002426586625472638 -0.00036303557630538107
leaf_weight=666 105 141 25 16.000000000000004 44 38 41 21 14.999999999999998 19 573 145 24 41 23 389 79 43 357 14.999999999999998 19 26 775 600 22 17 67 24 69 20
leaf_count=666 105 141 25 16 44 38 41 21 15 19 573 145 24 41 23 389 79 43 357 15 19 26 775 600 22 17 67 24 69 20
internal_value=1.44026e-06 2.17737e-05 4.62162e-05 -2.38066e-05 -8.53722e-05 -2.70239e-05 -0.000110549 -0.000221316 -0.000392161 -0.000419665 6.24153e-05 2.53321e-05 0.000102114 -5.72915e-05 -6.23328e-05 -1.11603e-05 -3.70362e-06 -1.62297e-05 1.62493e-05 -5.47265e-06 -1.85035e-05 -9.68678e-07 8.00144e-06 3.30347e-06 -2.21318e-05 -0.000178034 1.74201e-06 -0.0002762 -0.000343564 -1.56209e-05
internal_weight=4459 3381 1620 299 194 163 119 81 31 40 1321 683 638 65 1078 412 538 513 434 391 376 1761 1620 1594 994 132 862 110 93 795
internal_count=4459 3381 1620 299 194 163 119 81 31 40 1321 683 638 65 1078 412 538 513 434 391 376 1761 1620 1594 994 132 862 110 93 795
cat_boundaries=0 1
cat_threshold=551
is_linear=0
shrinkage=0.03


Tree=169
num_leaves=31
num_cat=3
split_feature=1 4 0 19 10 6 6 7 4 7 0 7 7 14 9 16 11 17 7 4 17 6 8 19 8 1 1 19 9 10
split_gain=0.00636386 0.00219106 0.0019903 0.00181249 0.00215939 0.00281918 0.00434083 0.00252696 0.00206888 0.00313888 0.00336866 0.00192988 0.00402825 0.00191624 0.0017151 0.00323427 0.00251938 0.00309484 0.00291565 0.00361527 0.00226991 0.00253953 0.00255498 0.00221799 0.00208856 0.00202665 0.00192953 0.00190012 0.00187203 0.0018098
threshold=0.054687500000000007 0.0078125000000000017 0.41342993139342915 0 0.68301270189221941 0.25259812490068334 0.29170506912442401 0.054386548930127905 0.059895833333333336 0.071197677084720135 0.46896267166687183 0.065904323980221752 0.085704493569116261 1.0000000180025095e-35 0.35922684172137131 25.500000000000004 -0.5 0.42745298272487459 0.10370144050200945 0.10677083333333334 0.30638478309989764 0.66635944700460847 0.19218106975147189 1 0.13241653228399899 0.091145833333333343 0.065104166666666671 2 0.30598103574033558 0.25000000000000011
decision_type=2 2 2 1 2 2 2 2 2 2 2 2 2 2 2 2 2 2 2 2 2 2 2 1 2 2 2 1 2 2
left_child=1 2 -1 4 8 7 -7 13 9 -3 -11 -10 -13 -6 15 -2 17 18 20 25 21 22 24 -22 -16 -20 -26 -18 -17 -29
right_child=14 3 -4 -5 5 6 -8 -9 11 10 -12 12 -14 -15 16 28 27 -19 19 -21 23 -23 -24 -25 26 -27 -28 29 -30 -31
leaf_value=-6.393547918882709e-05 -6.1974845517804127e-05 0.00016786822481511211 -0.00039221024179869927 -2.2881575112746566e-05 0.00013859755931959654 -0.00064557640006881567 -4.7235089441175953e-06 0.00042192710543176895 5.8785392507076693e-05 -0.00052690720233442175 5.6112409209891213e-05 0.00066044384396983491 7.2174868095921512e-05 -0.00030112407654429483 0.000210687054778042 0.00023704084593006151 0.00013814261057129814 0.00030665927827302987 -0.00048149109977258528 0.0001084680911393828 5.5154813065199133e-05 -0.00023271193412644151 0.00030710076586585661 -0.00010829222530074925 0.00018330729202608386 -0.0001344806751604844 -0.00022233672523447773 0.00018129937698496337 -4.2653397196988319e-05 2.1240741823662895e-05
leaf_weight=746 288 63 17 1611 22 14.999999999999998 26 14.999999999999998 28 14.999999999999998 22 22 20 14.999999999999998 40 62 409 30 28 30 144 17 59 137 15.999999999999998 33 31 76 33 389
leaf_count=746 288 63 17 1611 22 15 26 15 28 15 22 22 20 15 40 62 409 30 28 30 144 17 59 137 16 33 31 76 33 389
internal_value=1.39704e-06 -2.83937e-05 -7.12501e-05 -1.09447e-05 6.07348e-05 -5.31785e-05 -0.000239192 9.34876e-05 0.000126625 3.90622e-05 -0.000180255 0.000251711 0.000380324 -3.96713e-05 4.45135e-05 -1.19051e-05 5.95298e-05 1.01591e-05 -6.46765e-06 -0.000161164 2.52384e-05 0.0001143 0.000154707 -2.6424e-05 5.13572e-05 -0.000293769 -8.42442e-05 9.14455e-05 0.000139884 4.64033e-05
internal_weight=4459 2637 763 1874 263 93 41 52 170 100 37 70 42 37 1822 383 1439 565 535 91 444 163 146 281 87 61 47 874 95 465
internal_count=4459 2637 763 1874 263 93 41 52 170 100 37 70 42 37 1822 383 1439 565 535 91 444 163 146 281 87 61 47 874 95 465
cat_boundaries=0 1 2 3
cat_threshold=10 75 583
is_linear=0
shrinkage=0.03


Tree=170
num_leaves=31
num_cat=1
split_feature=4 0 19 16 9 9 18 16 0 3 0 13 1 4 5 18 6 5 10 12 0 3 3 13 6 6 12 9 18 9
split_gain=0.00464377 0.00247369 0.00234057 0.00287444 0.00232118 0.00198393 0.00188199 0.00268593 0.00185297 0.00195207 0.00287658 0.00187817 0.00167134 0.0019984 0.00177535 0.00312328 0.00145915 0.00140217 0.00190091 0.0020747 0.00226558 0.00128561 0.00307609 0.0021423 0.00229339 0.00232268 0.00220164 0.00125964 0.00229799 0.00151356
threshold=0.0078125000000000017 0.41342993139342915 0 7.5000000000000009 0.58825674690007312 0.53610503282275734 0.50147058823529422 27.500000000000004 0.37668253684308667 0.018229166666666668 0.23559660932262541 1.0000000180025095e-35 0.054687500000000007 0.054687500000000007 0.15720081135902639 0.48088235294117648 0.35529953917050699 0.041582150101419885 0.25000000000000011 0.87837969732492682 1.0000000180025095e-35 0.018229166666666668 0.049479166666666671 -0.56174490092936669 0.24322262831717786 0.37004608294930885 1.0000000180025095e-35 0.52224653537563837 0.5102941176470589 0.61852662290299076
decision_type=2 2 1 2 2 2 2 2 2 2 2 2 2 2 2 2 2 2 2 2 2 2 2 2 2 2 2 2 2 2
left_child=1 8 3 12 5 21 -4 -8 9 10 17 -12 13 -2 -14 -16 -15 18 -1 20 -20 -5 23 26 -25 -26 -23 28 -9 -29
right_child=2 -3 6 4 -6 -7 7 27 -10 -11 11 -13 14 16 15 -17 -18 -19 19 -21 -22 22 -24 24 25 -27 -28 29 -30 -31
leaf_value=-7.9955583234661456e-05 -4.2959632758526355e-05 -0.00036455813664687433 -1.5107423755294664e-05 -7.32557268794798e-05 2.3081975580215883e-05 0.00028057855953054106 -4.3721173627829701e-05 0.00024136787744025628 0.00018761414768900906 -0.00022441047183607225 0.00039694579147393034 -9.2635843482420703e-06 0.00032301719861874801 -0.00054397757758625829 0.00010734380273789793 -0.0002402465682448967 -0.00015022837225831811 -0.00033927435757605793 -0.00019368663218967725 0.00039275192675004898 0.00027629319872935843 0.00029097043923199609 5.5167010132212007e-05 0.0005819846217993888 -3.4178199269186686e-05 0.0004413726074374244 -0.00017895943966350866 0.00040137381027151059 -0.00017826083999999799 0.00013889740316119366
leaf_weight=545 55 25 2246 38 506 58 100 24 26 67 20 21 14.999999999999998 15.999999999999998 60 38 18 17 24 15.999999999999998 14.999999999999998 19 253 25 18 19 17 30 23 58
leaf_count=545 55 25 2246 38 506 58 100 24 26 67 20 21 15 16 60 38 18 17 24 16 15 19 253 25 18 19 17 30 23 58
internal_value=-4.37065e-06 -7.09929e-05 9.84798e-06 4.49098e-05 6.70876e-05 0.000116901 -6.62896e-06 7.41211e-05 -6.122e-05 -7.01439e-05 -5.44356e-05 0.000188892 -5.74975e-05 -0.000154732 1.90857e-05 -2.74372e-05 -0.000335533 -7.06052e-05 -6.29923e-05 0.000105097 -1.29227e-05 9.24965e-05 0.000110441 0.000253137 0.000360018 0.000210029 6.90603e-05 0.000161411 3.60182e-05 0.000228382
internal_weight=4412 776 3636 1155 953 447 2481 235 751 725 658 41 202 89 113 98 34 617 600 55 39 389 351 98 62 37 36 135 47 88
internal_count=4412 776 3636 1155 953 447 2481 235 751 725 658 41 202 89 113 98 34 617 600 55 39 389 351 98 62 37 36 135 47 88
cat_boundaries=0 1
cat_threshold=194
is_linear=0
shrinkage=0.03


Tree=171
num_leaves=31
num_cat=1
split_feature=4 0 19 5 16 3 4 1 7 7 11 7 6 0 3 0 11 4 6 7 7 10 12 13 5 7 7 7 3 6
split_gain=0.00436932 0.0023275 0.00222502 0.00217903 0.00190421 0.00226518 0.00200612 0.00181733 0.00174599 0.00197205 0.00391377 0.00211558 0.00180356 0.00174346 0.0018367 0.00270658 0.0037524 0.00158544 0.00168097 0.00150137 0.00142649 0.00180662 0.0019193 0.00134982 0.00231288 0.00261049 0.00188696 0.00168026 0.00468163 0.00352094
threshold=0.0078125000000000017 0.41342993139342915 0 0.37626774847870187 2.5000000000000004 0.044270833333333336 0.075520833333333343 0.0078125000000000017 0.14507291196543173 0.086724821097632201 -0.68301270189221952 0.089808076667447473 0.41336405529953929 0.37668253684308667 0.018229166666666668 0.23559660932262541 1.0000000180025095e-35 0.028645833333333336 0.52764976958525367 0.081225236952003121 0.020441236365108594 0.25000000000000011 0.87837969732492682 1.0000000180025095e-35 0.45334685598377283 0.14507291196543173 0.13162077050603302 0.10298321911602835 0.070312500000000014 0.59032258064516141
decision_type=2 2 1 2 2 2 2 2 2 2 2 2 2 2 2 2 2 2 2 2 2 2 2 2 2 2 2 2 2 2
left_child=1 13 3 8 5 -4 -7 -6 9 -2 12 -12 -11 14 15 20 -17 -13 -19 -8 21 -1 -23 -9 25 26 27 -25 -29 -30
right_child=2 -3 4 -5 7 6 19 23 -10 10 11 17 -14 -15 -16 16 -18 18 -20 -21 -22 22 -24 24 -26 -27 -28 28 29 -31
leaf_value=-7.6595104214814385e-05 -6.4618448507483887e-06 -0.0003536218203217402 -0.00025394622105952286 -0.0003798537706681173 -0.00014993360300805236 0.00021925188592669898 0.0001218553339181775 1.7822899501455511e-05 0.00023731660987126143 -0.00057063066245330166 -0.00035769996685716275 -0.00027224502726884474 -0.00014783939378887028 0.00018198593807395653 -0.00021767825734934904 -0.00014119350053606435 0.00043711409867864214 9.6228446462753243e-05 -0.00019082438498590874 -0.00025778284505666008 -0.00031770214566116353 -1.0706784973881085e-05 0.00038097010493742036 7.9060357015960014e-05 0.00039412570973865782 -0.00016560755928538538 0.00036704672881204348 0.00032050073822928059 -0.00042974456012535086 2.9877346263382793e-05
leaf_weight=543 1174 25 46 14.999999999999998 47 27 14.999999999999998 1190 24 21 17 17 15.999999999999998 26 67 18 23 91 23 25 20 38 15.999999999999998 725 19 44 19 21 30 30
leaf_count=543 1174 25 46 15 47 27 15 1190 24 21 17 17 16 26 67 18 23 91 23 25 20 38 16 725 19 44 19 21 30 30
internal_value=-4.23952e-06 -6.88631e-05 9.55255e-06 -2.00852e-05 2.80307e-05 -9.18455e-05 1.94496e-05 3.45372e-05 -1.63281e-05 -2.08076e-05 -0.000111845 -4.28508e-05 -0.000387811 -5.93833e-05 -6.80396e-05 -5.28025e-05 0.000183226 -1.9901e-06 3.83131e-05 -0.000115419 -6.8487e-05 -6.01376e-05 0.000105351 3.87096e-05 6.66997e-05 5.95403e-05 7.15484e-05 6.45821e-05 -6.50064e-05 -0.000199937
internal_weight=4412 776 3636 1398 2238 113 67 2125 1383 1359 185 148 37 751 725 658 41 131 114 40 617 597 54 2078 888 869 825 806 81 60
internal_count=4412 776 3636 1398 2238 113 67 2125 1383 1359 185 148 37 751 725 658 41 131 114 40 617 597 54 2078 888 869 825 806 81 60
cat_boundaries=0 1
cat_threshold=281
is_linear=0
shrinkage=0.03


Tree=172
num_leaves=31
num_cat=1
split_feature=5 10 18 10 7 7 13 19 6 5 17 6 7 7 10 8 4 5 4 8 8 8 7 20 4 20 6 20 9 16
split_gain=0.00411553 0.00210452 0.00267456 0.00198504 0.00187524 0.00179308 0.00259898 0.0018353 0.00318362 0.00197991 0.00264713 0.00186368 0.00191501 0.00201997 0.00211637 0.00209652 0.00195192 0.00190903 0.00176973 0.00175415 0.00465577 0.0032116 0.00345378 0.00227909 0.00254187 0.00242109 0.00226817 0.0025277 0.00221981 0.00213019
threshold=0.057809330628803259 1.0000000180025095e-35 0.46323529411764708 0.25000000000000011 0.02149017771572934 0.020972266000457252 -0.22252093395631442 0 0.10430107526881723 0.37626774847870187 0.40894391966641147 0.11448094254386963 0.086724821097632201 0.089808076667447473 -0.24999999999999994 0.14331531426208988 0.10677083333333334 0.16125760649087226 0.018229166666666668 0.15839388229963916 0.17005089429037465 0.13241653228399899 0.049184323483876809 0.39901254266984126 0.070312500000000014 0.4652230214593141 0.25852534562211987 0.45871292428797134 0.62472647702407025 13.500000000000002
decision_type=2 2 2 2 2 2 2 1 2 2 2 2 2 2 2 2 2 2 2 2 2 2 2 2 2 2 2 2 2 2
left_child=1 4 -3 -4 -1 6 -2 8 -7 10 11 18 19 -14 15 -15 17 -16 -10 21 -21 26 28 -22 -25 -26 27 29 -23 -13
right_child=5 2 3 -5 -6 7 -8 -9 9 -11 -12 12 13 14 16 -17 -18 -19 -20 20 23 22 -24 24 25 -27 -28 -29 -30 -31
leaf_value=-7.0948453482246748e-05 -6.0353707255192504e-05 -0.00030818747790133582 0.00027980502469835653 8.2621121790876369e-06 -0.0002370110814536023 0.0004000045382576344 0.00047432053548092802 2.5492527319009854e-05 -0.00048661658168143267 -0.00036845889943383346 0.00030437862075926903 7.959609616964648e-05 -0.00038484912676766244 -9.511196019192405e-05 -0.00041515307686361516 0.0004064539182188287 0.0001020510790701446 -0.00011330665201345798 -7.4438844091686881e-05 0.00059236447852939066 0.00025640077071930207 0.00035875922792046245 -0.00027551852664164798 -0.00016997720234825662 0.00034916903372612934 -8.1554220721728532e-05 9.2670860317249182e-05 -0.00038949730418207036 -0.00013537148924183432 -5.8900477006101022e-05
leaf_weight=612 14.999999999999998 22 27 236 68 15.999999999999998 18 2188 14.999999999999998 14.999999999999998 22 143 21 15.000000000000002 24 14.999999999999998 28 88 25 14.999999999999998 32 14.999999999999998 80 56 23 24 187 17 18 332
leaf_count=612 15 22 27 236 68 16 18 2188 15 15 22 143 21 15 24 15 28 88 25 15 32 15 80 56 23 24 187 17 18 332
internal_value=-4.11235e-06 -5.88736e-05 9.55944e-06 3.61401e-05 -8.7555e-05 1.12183e-05 0.000231292 9.09095e-06 -2.02234e-05 -2.59475e-05 -2.16479e-05 -2.77629e-05 -2.06577e-05 -0.000107274 -7.29832e-05 0.000155676 -0.000121982 -0.000177991 -0.000229014 -3.09525e-06 9.09734e-05 -2.09114e-05 -0.000168997 3.52593e-05 -3.34467e-05 0.000129228 3.73343e-06 -3.00701e-05 8.92374e-05 -1.72056e-05
internal_weight=4412 965 285 263 680 3447 33 3414 1226 1210 1195 1173 1133 191 170 30 140 112 40 942 150 792 113 135 103 47 679 492 33 475
internal_count=4412 965 285 263 680 3447 33 3414 1226 1210 1195 1173 1133 191 170 30 140 112 40 942 150 792 113 135 103 47 679 492 33 475
cat_boundaries=0 1
cat_threshold=281
is_linear=0
shrinkage=0.03


Tree=173
num_leaves=31
num_cat=0
split_feature=4 0 13 8 6 6 17 3 5 4 16 5 3 10 13 8 8 0 10 16 6 6 16 16 16 5 5 4 8 3
split_gain=0.00393727 0.00221018 0.0020653 0.00232093 0.00248787 0.00270633 0.00180652 0.00167513 0.00210605 0.00165496 0.00165358 0.00201174 0.00146339 0.00208198 0.00408752 0.00147302 0.00183094 0.00144465 0.00136191 0.00259054 0.00157228 0.0028167 0.00226932 0.00189006 0.00577103 0.0019796 0.0028435 0.00209972 0.00188936 0.00250211
threshold=0.0078125000000000017 0.41342993139342915 1.0000000180025095e-35 0.14721395781728094 0.27419354838709686 0.29631336405529957 0.31966905237705384 0.044270833333333336 0.45334685598377283 0.075520833333333343 29.500000000000004 0.22008113590263692 0.013020833333333334 0.25000000000000011 1.0000000180025095e-35 0.0708910785345329 0.053700030463116152 0.38102995081185809 -0.93301270189221908 27.500000000000004 0.14668679485142225 0.10865814623958596 7.5000000000000009 18.500000000000004 25.500000000000004 0.086206896551724158 0.072008113590263698 0.018229166666666668 0.34438673485346721 0.044270833333333336
decision_type=2 2 2 2 2 2 2 2 2 2 2 2 2 2 2 2 2 2 2 2 2 2 2 2 2 2 2 2 2 2
left_child=1 6 18 9 17 -6 12 10 -9 -4 -7 -12 13 -1 -15 16 -14 -5 19 -2 21 -20 -23 -24 -25 26 27 -26 -22 -30
right_child=2 -3 3 4 5 7 -8 8 -10 -11 11 -13 15 14 -16 -17 -18 -19 20 -21 28 22 23 24 25 -27 -28 -29 29 -31
leaf_value=-7.2845191875028193e-05 -0.00018035723564464436 -0.00034282136194838266 1.2262798288491316e-05 0.00045546247995378154 -0.00021778015885571945 5.0333558861043787e-05 8.057753265074904e-05 4.2897708487107197e-05 0.00033688989428865755 -0.00020413136854025588 0.00062348376428122986 0.00015306499587279543 -0.00011587085355187196 0.00044866183841509033 -9.7042938645868615e-05 -9.0791370913065837e-05 -0.00057722686305352266 0.00015142504871708249 5.4736934550559246e-05 0.00011952083943280955 1.6478958491076731e-05 9.6478889892106002e-05 -0.00043334372009746586 0.00038934459004258518 -0.00047706972394019988 -0.00047501561632446349 0.00014756260036133113 -0.00012531244084940143 -0.00044152242509023376 -5.1600185585107903e-05
leaf_weight=541 100 25 880 22 30 27 78 471 23 33 14.999999999999998 18 15.000000000000002 21 30 50 15.999999999999998 39 104 35 1528 30 24 15.999999999999998 24 22 21 42 17 115
leaf_count=541 100 25 880 22 30 27 78 471 23 33 15 18 15 21 30 50 16 39 104 35 1528 30 24 16 24 22 21 42 17 115
internal_value=-3.98724e-06 -6.53326e-05 9.10518e-06 3.52172e-05 7.87808e-05 5.97384e-05 -5.60948e-05 7.47669e-05 5.65863e-05 4.44111e-06 0.000224451 0.000366904 -7.19351e-05 -5.55715e-05 0.000127663 -0.000191529 -0.000354001 0.000261084 -1.04725e-05 -0.000102611 -4.07072e-06 -6.94304e-05 -0.000141572 -0.000189502 -0.000142682 -0.00022078 -0.000156486 -0.000253229 7.07197e-06 -0.00010182
internal_weight=4412 776 3636 1558 645 584 751 554 494 913 60 33 673 592 51 81 31 61 2078 135 1943 283 179 149 125 109 87 66 1660 132
internal_count=4412 776 3636 1558 645 584 751 554 494 913 60 33 673 592 51 81 31 61 2078 135 1943 283 179 149 125 109 87 66 1660 132
is_linear=0
shrinkage=0.03


Tree=174
num_leaves=31
num_cat=1
split_feature=4 20 19 16 7 8 8 8 6 16 17 8 4 7 7 20 16 11 17 6 17 11 7 4 6 8 10 6 17 7
split_gain=0.00370458 0.00207956 0.00203536 0.00265504 0.00212459 0.00312929 0.00215294 0.00450294 0.00237283 0.00189007 0.00169976 0.00165329 0.00228215 0.00157625 0.00156012 0.00150861 0.00150657 0.00216541 0.00246499 0.00214591 0.00171556 0.0020482 0.00300716 0.00182313 0.0019678 0.00200135 0.00184711 0.00321346 0.00259626 0.00331167
threshold=0.0078125000000000017 0.41342993139342915 0 7.5000000000000009 0.044241043594304037 0.114683379880801 0.13902392545863385 0.15242185369161029 0.57880184331797246 13.500000000000002 0.31966905237705384 0.17403941676705595 0.059895833333333336 0.048735142171201735 0.034460949511347018 0.23559660932262541 19.500000000000004 1.0000000180025095e-35 0.29201770062122379 0.43732718894009226 0.34515477772984848 0.6830127018922193 0.078820572627737201 0.023437500000000003 0.16777371682822187 0.1117864860989408 0.25000000000000011 0.3147465437788019 0.25151050974385164 0.067062079439188252
decision_type=2 2 1 2 2 2 2 2 2 2 2 2 2 2 2 2 2 2 2 2 2 2 2 2 2 2 2 2 2 2
left_child=1 10 3 4 -2 -6 -7 -8 -9 11 14 12 -5 15 -1 -12 17 18 -11 -19 21 23 -23 -18 -25 -26 28 -28 -27 -30
right_child=2 -3 -4 9 5 6 7 8 -10 16 13 -13 -14 -15 -16 -17 20 19 -20 -21 -22 22 -24 24 25 26 27 -29 29 -31
leaf_value=-6.0259999745567588e-05 -0.0002731739305285207 -0.00033253712741577107 -6.5306409481456961e-06 0.00015806307283181714 0.00040036146879172827 -0.00036186131761868715 0.00041551170978861013 -0.00018877479620738361 9.0857543545065403e-05 -1.0005172255840641e-05 -5.929868301438519e-06 4.2912018072865285e-05 0.00052390373811501099 -9.2425301875539753e-05 -0.00028899989085596437 0.00033309734967793117 0.00022024673122748704 -0.00013770600760428016 -0.00045506138283851419 0.00023465685517958844 -6.7635591188081237e-06 6.1580612608258572e-05 0.00055966356656612861 -0.00024131748483975719 0.00029483594294582881 0.00045869136445677206 -0.00040136788708931424 1.7374637742059523e-05 -8.9890671129686948e-05 0.0001808509076187404
leaf_weight=645 34 25 2481 57 14.999999999999998 18 19 72 44 24 21 56 21 30 28 27 65 26 21 30 229 24 20 20 31 17 19 125 69 99
leaf_count=645 34 25 2481 57 15 18 19 72 44 24 21 56 21 30 28 27 65 26 21 30 229 24 20 20 31 17 19 125 69 99
internal_value=-3.86763e-06 -6.33726e-05 8.83202e-06 4.15288e-05 -5.69069e-05 -1.31372e-05 -5.36786e-05 -1.25852e-05 -8.27075e-05 6.28292e-05 -5.4412e-05 0.000167278 0.000256564 7.81602e-05 -6.97771e-05 0.000184776 4.57398e-05 -6.27462e-05 -0.000217704 6.17747e-05 6.10004e-05 9.27345e-05 0.00028799 7.34277e-05 4.83135e-05 6.44047e-05 4.26915e-05 -3.78785e-05 0.000105405 6.96536e-05
internal_weight=4412 776 3636 1155 202 168 153 135 116 953 751 134 78 78 673 48 819 101 45 56 718 489 44 445 380 360 329 144 185 168
internal_count=4412 776 3636 1155 202 168 153 135 116 953 751 134 78 78 673 48 819 101 45 56 718 489 44 445 380 360 329 144 185 168
cat_boundaries=0 1
cat_threshold=194
is_linear=0
shrinkage=0.03


Tree=175
num_leaves=31
num_cat=1
split_feature=1 7 16 9 7 7 7 7 7 17 11 16 18 7 19 3 16 16 6 17 7 7 12 4 0 0 6 16 1 17
split_gain=0.00432051 0.00207616 0.0024325 0.00251443 0.00215005 0.00280152 0.00232548 0.00393002 0.00261184 0.00240815 0.00198567 0.00342413 0.00266182 0.00298223 0.00198413 0.00606613 0.00259943 0.0072157 0.00286475 0.00221044 0.00211285 0.00173583 0.00153306 0.00170915 0.00216808 0.00234521 0.00214265 0.0019108 0.00171331 0.00161459
threshold=0.028645833333333336 0.080306247054540647 29.500000000000004 0.64004376367614901 0.074812514672966332 0.070577206193085482 0.034936295407687758 0.038670947752277481 0.043866641571054833 0.2969153028795789 0.93301270189221952 7.5000000000000009 0.48676470588235299 0.051691424267021037 0 0.023437500000000003 27.500000000000004 14.500000000000002 0.27788018433179729 0.30903752872095996 0.020972266000457252 0.05468897878109228 1.0000000180025095e-35 0.085937500000000014 0.47556016327877837 0.51352851336407135 0.35161290322580652 9.5000000000000018 0.091145833333333343 0.44987660624627707
decision_type=2 2 2 2 2 2 2 2 2 2 2 2 2 2 1 2 2 2 2 2 2 2 2 2 2 2 2 2 2 2
left_child=1 4 -3 -4 5 6 -1 9 -9 -8 14 12 13 -12 15 19 17 -17 21 -2 -16 -18 29 -24 26 28 -25 -27 -26 -22
right_child=10 2 3 -5 -6 -7 7 8 -10 -11 11 -13 -14 -15 20 16 18 -19 -20 -21 22 -23 23 24 25 27 -28 -29 -30 -31
leaf_value=-6.0107255616291533e-05 -6.6673733115456474e-05 -2.9557562478839088e-05 -0.00060781528331677742 -0.00014145029401875525 0.0002637763572709553 -0.00035676421401434035 3.1575896074256606e-05 -0.00017599806102180002 3.2228088821434017e-05 0.00043672399865544786 -9.383979806345589e-05 2.5938223734354592e-05 4.0773868724399217e-05 -0.00051897745433560701 0.00038564926539574743 0.00012149920189794552 0.00013129084867103853 -0.00048710167066724151 -0.0001225609403809765 -0.00050803202676659356 4.3701424386462191e-05 0.00050971880530444969 -2.0243122656635265e-05 8.3985979192312008e-05 -3.689620990906474e-05 -9.1518152248462373e-05 0.00047162235295863443 0.00011629663818713112 -0.0004171003745800703 0.00021579213914236147
leaf_weight=1007 14.999999999999998 42 19 23 21 25 23 69 253 31 27 129 25 33 14.999999999999998 50 24 27 21 32 1294 20 815 33 32 52 21 170 15.999999999999998 51
leaf_count=1007 15 42 19 23 21 25 23 69 253 31 27 129 25 33 15 50 24 27 21 32 1294 20 815 33 32 52 21 170 16 51
internal_value=-4.95126e-06 -4.60523e-05 -0.000190998 -0.000352434 -3.75319e-05 -4.2026e-05 -3.63364e-05 2.73267e-05 -1.23922e-05 0.000264165 1.64774e-05 -7.14721e-05 -0.000219305 -0.00032767 2.34793e-05 -6.81542e-05 2.60206e-05 -9.19099e-05 0.000165722 -0.000367177 3.056e-05 0.000303311 2.85387e-05 2.9278e-06 6.12126e-05 2.65065e-05 0.000234739 6.76191e-05 -0.000163637 5.0227e-05
internal_weight=4415 1513 84 42 1429 1408 1383 376 322 54 2902 214 85 60 2688 189 142 77 65 47 2499 44 2484 1139 324 270 54 222 48 1345
internal_count=4415 1513 84 42 1429 1408 1383 376 322 54 2902 214 85 60 2688 189 142 77 65 47 2499 44 2484 1139 324 270 54 222 48 1345
cat_boundaries=0 1
cat_threshold=16
is_linear=0
shrinkage=0.03


Tree=176
num_leaves=31
num_cat=1
split_feature=0 19 6 0 13 9 8 8 18 17 7 16 4 4 8 6 3 3 5 6 0 17 7 6 5 2 0 8 6 17
split_gain=0.00365024 0.00240242 0.00331703 0.00300624 0.00243332 0.00219714 0.00214829 0.00228897 0.00175599 0.00158668 0.00290812 0.00306058 0.00177894 0.00161577 0.00207166 0.00300145 0.00293243 0.00299683 0.00286546 0.00257138 0.00201444 0.00276775 0.00172431 0.00166685 0.00184591 0.00164617 0.00264167 0.00260699 0.00232117 0.00231897
threshold=0.26145367489924248 0 0.10624049397289508 0.51155345578130385 -0.56174490092936669 0.18745441283734501 0.057563221496375404 0.068397051887474206 0.40441176470588241 0.19874904263466944 0.071197677084720135 8.5000000000000018 0.085937500000000014 0.028645833333333336 0.096551327259016217 0.1762116637533768 0.013020833333333334 0.023437500000000003 0.1288032454361055 0.2824884792626729 0.35719109297700841 0.29995523328739293 0.036626487964880154 0.12660325531769998 0.082995267072346182 0.044270833333333336 0.36122051423350005 0.096551327259016217 0.26384872080088989 0.34907667432558936
decision_type=2 1 2 2 2 2 2 2 2 2 2 2 2 2 2 2 2 2 2 2 2 2 2 2 2 2 2 2 2 2
left_child=-1 2 4 -4 -2 -3 -7 -8 -9 10 11 -10 -12 23 18 -16 -17 19 20 -18 21 -15 -22 24 -11 26 27 -25 -28 -27
right_child=1 5 3 -5 -6 6 7 8 9 13 12 -13 -14 14 15 16 17 -19 -20 -21 22 -23 -24 25 -26 29 28 -29 -30 -31
leaf_value=-6.2744834269123383e-05 0.00043347833089165658 -5.9291678009217474e-05 -3.8143464777713512e-05 -0.00039311812391429844 4.0679092826040469e-05 -0.00027750707346358176 0.00035429418818150408 0.00032714460351823655 -0.00027474783909589221 -3.7294449567282445e-06 3.3013370444855818e-05 0.00021617818764500528 -0.00033071363954989877 5.6433939542182058e-05 -0.00034622919411934412 0.00036568849958576032 -0.00039703742444037687 4.5616664381943793e-05 0.00051566705232693416 3.3580428353485922e-05 -0.00023058240053699239 0.0005086620524871546 0.00010976593182493075 -0.00011495076034912869 0.00039147554612630825 9.2828421485932744e-05 2.2635057030817747e-05 -0.00052152841830816019 -0.00035172201987249612 -0.00014657834843167657
leaf_weight=801 22 263 893 22 40 20 20 18 15.999999999999998 26 17 40 42 29 18 25 26 1554 18 24 21 21 37 40 18 134 121 22 17 50
leaf_count=801 22 263 893 22 40 20 20 18 16 26 17 40 42 29 18 25 26 1554 18 24 21 21 37 40 18 134 121 22 17 50
internal_value=-4.80273e-06 8.03946e-06 -3.19625e-05 -4.66788e-05 0.000180064 2.28944e-05 3.20958e-05 3.47263e-05 3.19878e-05 2.96937e-05 -7.89379e-05 7.59112e-05 -0.000225912 3.53696e-05 4.79986e-05 3.90291e-05 4.32864e-05 3.82612e-05 0.000165241 -0.000190344 0.000106833 0.000246376 -1.34655e-05 -1.69463e-05 0.000157951 -3.69869e-05 -9.65648e-05 -0.000259226 -2.34836e-05 2.77718e-05
internal_weight=4415 3614 977 915 62 2637 2374 2354 2334 2316 115 56 59 2201 1773 1647 1629 1604 126 50 108 50 58 428 44 384 200 62 138 184
internal_count=4415 3614 977 915 62 2637 2374 2354 2334 2316 115 56 59 2201 1773 1647 1629 1604 126 50 108 50 58 428 44 384 200 62 138 184
cat_boundaries=0 1
cat_threshold=273
is_linear=0
shrinkage=0.03


Tree=177
num_leaves=31
num_cat=1
split_feature=1 3 17 8 5 5 8 18 8 11 16 18 17 6 19 3 16 16 11 17 17 8 11 8 17 8 6 0 11 1
split_gain=0.00389214 0.00192673 0.00247493 0.00186484 0.00226794 0.00243503 0.00197237 0.00208505 0.00192678 0.00178952 0.00314273 0.00246909 0.0029826 0.00190214 0.00179088 0.0057344 0.00245626 0.00677148 0.00277264 0.00388513 0.00208639 0.00168351 0.00168258 0.00266742 0.0025964 0.00193679 0.00170174 0.00182264 0.00168132 0.00154588
threshold=0.028645833333333336 0.059895833333333336 0.29995523328739293 0.20048501969437313 0.074442190669371203 0.075388776200135246 0.092976158837091025 0.47500000000000003 0.12421201642130983 0.93301270189221952 7.5000000000000009 0.48676470588235299 0.22878903923070382 0.42534562211981575 0 0.023437500000000003 27.500000000000004 14.500000000000002 -0.24999999999999994 0.31759145956763773 0.30903752872095996 0.45124786281757862 1.0000000180025095e-35 0.12535289271839811 0.30177791742764942 0.10842040085988129 0.22978933508887431 0.39901254266984126 -0.9330127018922193 0.018229166666666668
decision_type=2 2 2 2 2 2 2 2 2 2 2 2 2 2 1 2 2 2 2 2 2 2 2 2 2 2 2 2 2 2
left_child=1 3 -3 4 6 -6 -1 8 -8 14 11 12 13 -11 15 20 17 -17 -18 -20 -2 -16 24 -24 25 -7 -27 -28 -26 -25
right_child=9 2 -4 -5 5 22 7 -9 -10 10 -12 -13 -14 -15 21 16 18 -19 19 -21 -22 -23 23 29 28 26 27 -29 -30 -31
leaf_value=-3.9245886335827521e-05 -6.3431031703844678e-05 -8.9504332363186522e-05 -0.00042390521799402412 -0.0003458702305204626 0.0004013779199152577 -0.00013807837110247449 -0.00045347139786955436 -5.01119326716592e-06 -4.1405071024380341e-05 9.1799071772473157e-05 2.5509191014325372e-05 4.1045536084704742e-05 -0.00065019580799605061 -0.00032684400765554765 2.6903479789481721e-05 0.00011901334039991287 -8.5123878258529776e-05 -0.00047055609467734638 0.00067970450343835952 7.6197010701007926e-05 -0.00049222651922316957 0.00029664135319169035 0.00020919787704334447 -0.00031018852065109437 -0.00041568376323021142 0.00040267208764676075 -0.00011754791912244848 0.00031541927662557558 -8.1660909976500958e-05 8.3586602193318061e-05
leaf_weight=979 14.999999999999998 98 25 17 15.999999999999998 23 32 31 14.999999999999998 14.999999999999998 129 25 17 28 2478 50 25 27 15.999999999999998 24 32 21 79 17 15.999999999999998 21 21 14.999999999999998 89 19
leaf_count=979 15 98 25 17 16 23 32 31 15 15 129 25 17 28 2478 50 25 27 16 24 32 21 79 17 16 21 21 15 89 19
internal_value=-4.65865e-06 -4.3669e-05 -0.000157475 -3.35983e-05 -2.97316e-05 4.07856e-05 -5.08134e-05 -0.000195998 -0.000321965 1.568e-05 -6.78126e-05 -0.000209441 -0.000313809 -0.000180807 2.23271e-05 -6.47303e-05 2.69144e-05 -8.77222e-05 0.000162714 0.000317611 -0.000355381 2.9054e-05 2.15528e-05 0.000111665 -3.44631e-05 9.42933e-05 0.000188058 6.28588e-05 -0.000132563 -0.000102366
internal_weight=4415 1513 123 1390 1373 316 1057 78 47 2902 214 85 60 43 2688 189 142 77 65 40 47 2499 300 115 185 80 57 36 105 36
internal_count=4415 1513 123 1390 1373 316 1057 78 47 2902 214 85 60 43 2688 189 142 77 65 40 47 2499 300 115 185 80 57 36 105 36
cat_boundaries=0 1
cat_threshold=16
is_linear=0
shrinkage=0.03


Tree=178
num_leaves=31
num_cat=1
split_feature=1 10 7 10 7 7 7 7 7 7 16 18 19 8 9 6 16 17 9 0 16 7 5 5 16 17 11 17 17 16
split_gain=0.00366212 0.00226545 0.00235932 0.00323175 0.0041113 0.00225646 0.00230997 0.00219302 0.00339862 0.002563 0.00184289 0.00181977 0.00172647 0.00184398 0.00233249 0.00501991 0.00303919 0.00231268 0.00678942 0.00289892 0.00260512 0.00216956 0.00170101 0.00165859 0.00453734 0.00211816 0.00362089 0.0021138 0.00289185 0.0021742
threshold=0.028645833333333336 0.93301270189221952 0.069517593745565695 0.25000000000000011 0.072270684248026615 0.022453387336832647 0.033308946083840184 0.034936295407687758 0.038670947752277481 0.043866641571054833 18.500000000000004 0.45441176470588235 0 0.20477481889322038 0.5977388767323123 0.48525345622119825 11.500000000000002 0.27207075553364507 0.64697301239970828 0.42230543645064583 29.500000000000004 0.089808076667447473 0.52839756592292109 0.14858012170385398 7.5000000000000009 0.30501495781046467 1.0000000180025095e-35 0.36282018551612638 0.35209769381329253 16.500000000000004
decision_type=2 2 2 2 2 2 2 2 2 2 2 2 1 2 2 2 2 2 2 2 2 2 2 2 2 2 2 2 2 2
left_child=1 2 7 4 -4 -3 -7 -1 10 -10 -9 -5 22 17 16 -16 21 18 20 -20 -14 -15 -2 24 25 -19 -27 28 29 -25
right_child=12 5 3 11 -6 6 -8 8 9 -11 -12 -13 13 14 15 -17 -18 23 19 -21 -22 -23 -24 27 -26 26 -28 -29 -30 -31
leaf_value=-6.2980400249583677e-05 3.3194309096940908e-05 -0.00014817689193598297 -0.00047896041672723471 -0.00060496979349589195 4.5881229313165384e-05 0.00050910682492674904 9.4230285022368484e-05 4.9994312419380399e-06 -0.00018715233516303551 3.4485931961427504e-05 0.00039151543166867747 -0.00021546020061229148 0.00019787531578456641 -0.00038271747293649338 0.00021797024466295529 -0.00042136346308179829 5.2431123701434248e-05 -2.4924512029621807e-05 -0.00037691535592164087 8.3491943936360734e-05 0.00064144675508421743 -1.8407404133187237e-05 0.00032650126522955038 -5.4251297584741177e-05 -8.5726972537176373e-05 0.00049741064252554785 -2.7286812971935996e-05 -0.00010996958169910208 0.00031247873778946107 9.4028376275224712e-05
leaf_weight=960 1557 26 17 19 64 14.999999999999998 62 17 60 216 32 25 26 31 14.999999999999998 42 122 34 20 32 22 28 18 149 420 29 20 79 37 221
leaf_count=960 1557 26 17 19 64 15 62 17 60 216 32 25 26 31 15 42 122 34 20 32 22 28 18 149 420 29 20 79 37 221
internal_value=-4.5189e-06 -4.23589e-05 -5.22807e-05 -0.000176703 -6.42753e-05 9.34625e-05 0.000175056 -4.01772e-05 2.71801e-05 -1.36968e-05 0.000257421 -0.000383667 1.52096e-05 -1.00395e-05 -8.57615e-05 -0.000253117 -3.30573e-05 6.41737e-06 0.000143904 -9.35916e-05 0.000401188 -0.000209828 3.6316e-05 -7.48436e-06 -4.56723e-05 0.000157012 0.000283252 3.20394e-05 5.9604e-05 3.43158e-05
internal_weight=4415 1513 1410 125 81 103 77 1285 325 276 49 44 2902 1327 238 57 181 1089 100 52 48 59 1575 989 503 83 49 486 407 370
internal_count=4415 1513 1410 125 81 103 77 1285 325 276 49 44 2902 1327 238 57 181 1089 100 52 48 59 1575 989 503 83 49 486 407 370
cat_boundaries=0 1
cat_threshold=614
is_linear=0
shrinkage=0.03


Tree=179
num_leaves=31
num_cat=2
split_feature=0 11 16 18 7 11 19 3 0 7 13 9 4 16 7 19 7 3 0 13 5 7 3 2 7 12 7 3 11 2
split_gain=0.00311705 0.00251691 0.00425619 0.0025162 0.00242196 0.00198745 0.00240827 0.00492902 0.00323233 0.0038009 0.00179638 0.00175497 0.00161653 0.00156741 0.00290782 0.00242885 0.003338 0.00340148 0.00267495 0.00208941 0.00188208 0.00245208 0.00267002 0.00181092 0.00215312 0.00196347 0.00187095 0.00221364 0.00171453 0.00161907
threshold=0.26145367489924248 0.93301270189221952 7.5000000000000009 0.48676470588235299 0.05578386221791292 0.6830127018922193 0 0.11197916666666667 0.57229813476139524 0.088419907194990141 1.0000000180025095e-35 0.29431072210065656 0.11197916666666667 12.500000000000002 0.16947311116436589 1 0.089132082478676544 0.059895833333333336 0.27889977931776339 0.81174490092936691 0.13894523326572011 0.042465602066792146 0.059895833333333336 0.0078125000000000017 0.022453387336832647 0.6078576107927941 0.030210256171992824 0.013020833333333334 -0.24999999999999994 0.013020833333333334
decision_type=2 2 2 2 2 2 1 2 2 2 2 2 2 2 2 1 2 2 2 2 2 2 2 2 2 2 2 2 2 2
left_child=-1 5 3 4 -3 13 8 -8 9 -7 -10 12 -6 14 23 16 18 -18 -15 20 21 29 -23 -2 -25 26 -26 -28 -21 -20
right_child=1 2 -4 -5 11 6 7 -9 10 -11 -12 -13 -14 15 -16 -17 17 -19 19 28 -22 22 -24 24 25 -27 27 -29 -30 -31
leaf_value=-5.7926673649618144e-05 -0.00027492187249084153 -0.00012089605827891486 2.7118326344270218e-05 4.2095624015634395e-05 -8.6192940193239659e-05 0.000205752781530217 5.0144919628384592e-05 -0.00047390129916285772 -8.9777776360343395e-05 0.00072803011708975234 0.0002204348852839388 -0.0006980175053852484 -0.0005134794360165749 0.00024835629671387665 -0.00037076528630232343 1.1140689684398738e-05 -5.727395077094491e-05 -0.00063276632403505052 0.00016862809517827096 -3.2036326854242072e-06 5.1950909908608267e-05 -0.00014860949341282442 -0.00050312878646884072 0.00030264207813266922 -0.00014976094934096218 -3.3310785946403768e-05 0.00032765454240797946 7.5870059460902744e-05 0.00032078374802859067 -7.487968403866043e-05
leaf_weight=801 14.999999999999998 38 137 25 14.999999999999998 58 324 17 42 15.999999999999998 28 15.999999999999998 17 27 14.999999999999998 1577 19 18 29 49 77 146 22 31 30 195 34 415 21 161
leaf_count=801 15 38 137 25 15 58 324 17 42 16 28 16 17 27 15 1577 19 18 29 49 77 146 22 31 30 195 34 415 21 161
internal_value=-4.38333e-06 7.48393e-06 -8.47502e-05 -0.000222821 -0.000299831 1.42796e-05 7.04636e-05 2.33339e-05 0.000168731 0.000318686 3.43087e-05 -0.000441483 -0.000313198 4.82128e-06 4.26317e-05 -8.12873e-06 -6.0664e-05 -0.000337253 -4.25673e-05 -5.81221e-05 -8.2601e-05 -0.000111541 -0.000195037 5.12447e-05 5.81848e-05 4.69408e-05 7.9611e-05 9.49368e-05 9.39958e-05 -3.7712e-05
internal_weight=4415 3614 248 111 86 3366 485 341 144 74 70 48 32 2881 735 2146 569 37 532 505 435 358 168 720 705 674 479 449 70 190
internal_count=4415 3614 248 111 86 3366 485 341 144 74 70 48 32 2881 735 2146 569 37 532 505 435 358 168 720 705 674 479 449 70 190
cat_boundaries=0 1 2
cat_threshold=134 273
is_linear=0
shrinkage=0.03


Tree=180
num_leaves=31
num_cat=0
split_feature=4 12 7 1 7 4 7 11 6 6 9 0 0 6 8 1 5 6 17 11 18 9 8 17 18 0 17 0 11 7
split_gain=0.00303339 0.00173364 0.00310338 0.00357738 0.00303539 0.00234994 0.00203777 0.00395462 0.00275658 0.00424249 0.00256019 0.00201383 0.00278158 0.0030807 0.00214047 0.00345971 0.00181434 0.00180395 0.00176545 0.00369537 0.00294555 0.00374991 0.00201862 0.00181439 0.00211546 0.00167673 0.00216504 0.0020553 0.00197692 0.00166189
threshold=0.018229166666666668 1.0000000180025095e-35 0.16947311116436589 0.15364583333333334 0.38780974986680611 0.16927083333333334 0.11742592553505851 -0.68301270189221952 0.29815668202764983 0.24557444779914192 0.80598103574033564 0.37409980390052772 0.42894486456374797 0.2649769585253457 0.10895533537673048 0.049479166666666671 0.21196754563894527 0.54239631336405547 0.24210705471874738 -0.9330127018922193 0.45735294117647063 0.5977388767323123 0.30935014610256384 0.22423623521402439 0.47794117647058826 0.44761952423483969 0.34971491787932951 0.42967650103131855 -0.9330127018922193 0.044241043594304037
decision_type=2 2 2 2 2 2 2 2 2 2 2 2 2 2 2 2 2 2 2 2 2 2 2 2 2 2 2 2 2 2
left_child=25 4 5 -4 18 6 8 -8 9 29 -10 -11 14 -14 -13 -16 -12 -9 19 -2 21 22 -21 24 -22 27 -27 28 -1 -3
right_child=1 2 3 -5 -6 -7 7 17 10 11 16 12 13 -15 15 -17 -18 -19 -20 20 23 -23 -24 -25 -26 26 -28 -29 -30 -31
leaf_value=-0.00029416436656832178 0.00029817443063211277 -4.5681271836088773e-05 -0.00058467659456587604 -3.0018056173801362e-05 0.0004443841471710917 0.00020740919193133352 -0.00045123771370920535 0.00012888875811642878 3.1405627733097621e-05 -0.00042023430221137654 0.00054390543301827382 0.00032692264406579451 -0.00041541783340134095 -0.00010221965057673997 -0.00028201408423809483 0.00019955792159543457 0.00011602414655589112 -0.00017155178917393146 3.9394913506410045e-05 -5.4236205684287799e-05 -0.00029314952978341482 -0.00025530409031277493 0.00037100457816997069 -0.00044626344545113065 2.8120282471522096e-05 0.00027067205851232147 -7.312824732485261e-05 -0.0003206066577801476 -3.8708976696977909e-05 7.268784793911472e-05
leaf_weight=28 23 214 18 25 15.999999999999998 46 27 35 531 22 14.999999999999998 17 41 91 29 25 22 37 1629 15.999999999999998 39 24 27 23 35 34 32 25 1037 213
leaf_count=28 23 214 18 25 16 46 27 35 531 22 15 17 41 91 29 25 22 37 1629 16 39 24 27 23 35 34 32 25 1037 213
internal_value=-1.12601e-06 1.37595e-05 -1.12722e-05 -0.000262209 3.29978e-05 -3.36703e-06 -1.0718e-05 -0.000141617 -9.57409e-08 -4.21855e-05 4.82186e-05 -0.000147607 -0.000118059 -0.000199503 3.33582e-05 -5.90645e-05 0.0002895 -2.55045e-05 2.9373e-05 -5.793e-05 -0.000107873 4.51054e-05 0.000212778 -0.000213538 -0.000141199 -4.28466e-05 0.000103982 -5.17372e-05 -4.54254e-05 1.33647e-05
internal_weight=4396 3240 1408 43 1832 1365 1319 99 1220 652 568 225 203 132 71 54 37 72 1816 187 164 67 43 97 74 1156 66 1090 1065 427
internal_count=4396 3240 1408 43 1832 1365 1319 99 1220 652 568 225 203 132 71 54 37 72 1816 187 164 67 43 97 74 1156 66 1090 1065 427
is_linear=0
shrinkage=0.03


Tree=181
num_leaves=31
num_cat=1
split_feature=8 8 17 6 0 8 13 0 1 7 7 8 12 6 17 7 0 8 19 8 17 9 6 9 10 5 5 0 5 0
split_gain=0.00270375 0.0031597 0.0025034 0.00228994 0.00212869 0.002145 0.00218239 0.00237843 0.00231731 0.00204735 0.00287284 0.00253244 0.00250351 0.00267052 0.00226569 0.00202872 0.0051358 0.00364429 0.0030643 0.00447199 0.00293701 0.00263516 0.00232838 0.00272591 0.00197219 0.00196385 0.00186702 0.00185266 0.00313087 0.00187124
threshold=0.14331531426208988 0.14517803960434378 0.24427708280146376 0.3626728110599079 0.35235007425931514 0.14643828494983713 1.0000000180025095e-35 0.37807704580811868 0.018229166666666668 0.05326294979346325 0.058478410056899105 0.0917847730396293 -0.8783796973249266 0.22588590497378044 0.32622428205782822 0.063178407437470135 0.37510248215901731 0.1117864860989408 0 0.11649458497201322 0.34515477772984848 0.60649161196207169 0.22442396313364057 0.73668854850474119 -0.6830127018922193 0.20791075050709942 0.17748478701825562 0.45545294682155407 0.14638269100743748 0.44358963562553105
decision_type=2 2 2 2 2 2 2 2 2 2 2 2 2 2 2 2 2 2 1 2 2 2 2 2 2 2 2 2 2 2
left_child=2 -2 -1 9 -3 -6 7 -7 -8 -4 11 14 -13 -14 -11 16 -12 20 19 -19 21 -17 -18 -24 -21 -20 -5 28 -9 -30
right_child=1 4 3 26 5 6 8 27 -10 10 15 12 13 -15 -16 17 22 18 25 24 -22 -23 23 -25 -26 -27 -28 -29 29 -31
leaf_value=-0.00039318362235209018 0.00032491350020531236 0.00027411210620363255 -2.9916553840332726e-05 0.00013224255266539075 -0.00023660507188784095 -0.00027472568394609889 -0.0002185724194031847 1.4349038723347565e-05 7.5857098707436812e-05 0.00063838580792199731 -0.00050035312441657073 0.00037187651503566319 -0.00019778821503334344 0.00011009633775871939 0.00015564035045415275 0.00046371479887427457 0.00018252365424914916 -0.00057206604831988421 2.130188163859092e-05 7.5687514695194907e-05 -0.00010458335906532115 0.00011581479312803901 -0.00016719548285201255 0.00026003897772854497 -0.00020075570325483585 0.00037372781617647528 -0.0002370382679413467 -1.9770559219400833e-05 0.00057336377651272285 0.00015788390118449781
leaf_weight=15.999999999999998 32 30 1829 14.999999999999998 29 29 25 114 638 14.999999999999998 24 22 35 92 21 36 36 19 277 45 24 43 84 15.999999999999998 48 14.999999999999998 69 677 15.999999999999998 25
leaf_count=16 32 30 1829 15 29 29 25 114 638 15 24 22 35 92 21 36 36 19 277 45 24 43 84 16 48 15 69 677 16 25
internal_value=-1.09224e-06 2.97815e-05 -1.90215e-05 -1.68562e-05 2.38153e-05 1.89801e-05 2.38437e-05 -7.65917e-06 6.47546e-05 -1.20236e-05 2.63874e-05 0.000130988 7.6428e-05 2.52454e-05 0.000356796 -2.62482e-06 -9.57597e-05 2.6767e-05 -1.38449e-05 -0.000140165 0.000186059 0.000274355 -2.43577e-05 -9.88361e-05 -6.69935e-05 3.81023e-05 -0.000171094 1.64996e-06 9.52088e-05 0.000320032
internal_weight=4396 1615 2781 2765 1583 1553 1524 861 663 2681 852 185 149 127 36 667 160 507 404 112 103 79 136 100 93 292 84 832 155 41
internal_count=4396 1615 2781 2765 1583 1553 1524 861 663 2681 852 185 149 127 36 667 160 507 404 112 103 79 136 100 93 292 84 832 155 41
cat_boundaries=0 1
cat_threshold=152
is_linear=0
shrinkage=0.03


Tree=182
num_leaves=31
num_cat=1
split_feature=4 13 0 0 17 0 11 15 17 17 17 19 18 8 17 6 5 17 10 10 12 8 13 1 17 9 17 17 1 17
split_gain=0.00274533 0.0020122 0.0021434 0.00155334 0.00204729 0.00195328 0.0018593 0.00161735 0.00180808 0.00204969 0.00192521 0.00183385 0.00280129 0.00258547 0.00235478 0.00174324 0.00385824 0.00212767 0.00159762 0.00156044 0.00334153 0.0014663 0.00144674 0.00139033 0.00318549 0.00170843 0.00202443 0.0017816 0.00166606 0.00348317
threshold=0.018229166666666668 1.0000000180025095e-35 0.65204532230327683 0.44761952423483969 0.34971491787932951 0.42967650103131855 -0.9330127018922193 1.0000000180025095e-35 0.36418177176410527 0.34822568292060257 0.3085914918466221 0 0.47500000000000003 0.09742181278566435 0.32204889385789626 0.10865814623958596 0.041582150101419885 0.28267146743197213 1.0000000180025095e-35 0.25000000000000011 0.6078576107927941 0.10270181630322682 -0.22252093395631442 0.023437500000000003 0.25582268860463825 0.73340627279358139 0.3085914918466221 0.31805476456995485 0.033854166666666671 0.26397753382690842
decision_type=2 2 2 2 2 2 2 2 2 2 2 1 2 2 2 2 2 2 2 2 2 2 2 2 2 2 2 2 2 2
left_child=3 23 -3 5 18 6 -1 8 9 10 15 12 14 22 -12 16 19 21 -5 -8 -21 -17 -13 24 -2 26 -26 -28 29 -25
right_child=1 2 -4 4 -6 -7 7 -9 -10 -11 11 13 -14 -15 -16 17 -18 -19 -20 20 -22 -23 -24 28 25 -27 27 -29 -30 -31
leaf_value=-0.00028437941459635082 -0.00029941420568078075 3.5964978147964362e-05 0.00030601263649185291 3.1216575233735733e-05 -7.1653021496720704e-05 -0.0003114185515326056 -5.9192812570306815e-05 -0.00023710023659838852 0.00029724665298082559 -0.00032092421472763947 0.00035936494071430592 0.00039606230692002306 -0.00017256945303340844 -0.00012830586413241365 -9.6558331280615779e-05 -0.00014699407923256038 0.00038032243146627926 -0.00024297586671763487 0.00044538007581496319 -6.0107912866689763e-05 0.00040720906497093842 0.00018881434574522172 0.00013249641447869679 -0.00036732386108174933 7.8750041579856193e-05 -0.00012554474082274809 0.00053886256616221073 0.0001462957862342726 -4.0945180320488413e-06 -3.9945769283564941e-05
leaf_weight=28 19 1302 27 14.999999999999998 32 25 547 35 14.999999999999998 22 22 29 61 24 19 25 20 82 19 40 21 22 53 35 109 24 19 23 1504 178
leaf_count=28 19 1302 27 15 32 25 547 35 15 22 22 29 61 24 19 25 20 82 19 40 21 22 53 35 109 24 19 23 1504 178
internal_value=-1.05947e-06 1.31016e-05 4.14515e-05 -4.07496e-05 0.000100574 -4.93069e-05 -4.31538e-05 -3.66402e-05 -2.96378e-05 -3.4606e-05 -2.80782e-05 5.27591e-05 -3.97784e-05 0.000133009 0.000148086 -5.02898e-05 -2.96564e-05 -0.000150736 0.000262667 -4.31432e-05 0.000100776 1.01935e-05 0.000225712 -6.61429e-06 6.95117e-05 0.000109568 0.000146938 0.000323894 -1.52156e-05 -9.37418e-05
internal_weight=4396 3240 1329 1156 66 1090 1065 1037 1002 987 965 208 102 106 41 757 628 129 34 608 61 47 82 1911 194 175 151 42 1717 213
internal_count=4396 3240 1329 1156 66 1090 1065 1037 1002 987 965 208 102 106 41 757 628 129 34 608 61 47 82 1911 194 175 151 42 1717 213
cat_boundaries=0 1
cat_threshold=85
is_linear=0
shrinkage=0.03


Tree=183
num_leaves=31
num_cat=0
split_feature=8 8 17 6 0 8 13 0 1 0 5 18 5 3 5 18 5 8 10 6 11 8 3 8 16 0 6 8 18 8
split_gain=0.00249373 0.00297334 0.00229438 0.00216984 0.00201217 0.00200456 0.00194734 0.00219161 0.00215928 0.00177138 0.00296036 0.00207914 0.0017566 0.00167626 0.00261431 0.00253095 0.0020515 0.00174537 0.00225404 0.00195099 0.00199454 0.00180585 0.00165246 0.00161083 0.00462106 0.00230641 0.00259462 0.00223048 0.00163499 0.0031396
threshold=0.14331531426208988 0.14517803960434378 0.24427708280146376 0.3626728110599079 0.35235007425931514 0.14643828494983713 1.0000000180025095e-35 0.37807704580811868 0.018229166666666668 0.45545294682155407 0.14638269100743748 0.47500000000000003 0.17748478701825562 0.065104166666666671 0.45334685598377283 0.46029411764705885 0.16937119675456394 0.20622435817705217 0.25000000000000011 0.50276497695852551 -0.68301270189221952 0.17733378743684181 0.023437500000000003 0.30935014610256384 7.5000000000000009 0.55673768899067289 0.50921658986175122 0.43871151078150539 0.46323529411764708 0.20833669660143139
decision_type=2 2 2 2 2 2 2 2 2 2 2 2 2 2 2 2 2 2 2 2 2 2 2 2 2 2 2 2 2 2
left_child=2 -2 -1 -4 -3 -6 7 -7 -8 10 -9 -12 -5 15 17 16 -10 19 -19 -15 -21 -22 -11 28 -25 -26 -27 -28 29 -24
right_child=1 4 3 12 5 6 8 9 13 22 11 -13 -14 14 -16 -17 -18 18 -20 20 21 -23 23 24 25 26 27 -29 -30 -31
leaf_value=-0.00037644809748937604 0.0003149192925598078 0.0002661848255656621 -1.1469415834477344e-05 0.00012791768186321819 -0.00022894228610168788 -0.00026328603937829636 -0.00021201518901341532 1.4870113101764712e-05 0.00060994285741403174 -0.00026885556674991065 4.5064929910583846e-05 0.00048301516348188157 -0.000230276475481894 5.1329564481596484e-07 0.0003780640262687972 8.796911684545761e-05 0.00017919540329218594 7.8321389223099576e-05 -0.00011800257329190525 0.00045519284587370126 0.00032379434741078219 3.1908707005999664e-05 0.00029835711769261538 -0.00058327220540309093 0.00015505668720783853 -0.00048746401440973291 -0.00023941957401076881 0.00013948198929282615 -1.1039227328414563e-05 -5.8567331255555745e-05
leaf_weight=15.999999999999998 32 30 2681 14.999999999999998 29 29 25 114 17 23 15.999999999999998 25 69 119 20 132 24 92 123 19 27 65 47 15.999999999999998 37 14.999999999999998 27 29 441 42
leaf_count=16 32 30 2681 15 29 29 25 114 17 23 16 25 69 119 20 132 24 92 123 19 27 65 47 16 37 15 27 29 441 42
internal_value=-1.02768e-06 2.86228e-05 -1.82465e-05 -1.61736e-05 2.28352e-05 1.81341e-05 2.28358e-05 -6.92223e-06 6.14809e-05 2.01383e-06 9.34972e-05 0.000312113 -0.000166312 7.21981e-05 4.25374e-05 0.000151921 0.000357809 2.74568e-05 -3.39942e-05 8.48999e-05 0.000175368 0.000117573 -1.89315e-05 -1.01417e-05 -0.00010748 -3.69871e-05 -0.000137067 -4.32037e-05 1.26318e-05 0.000129922
internal_weight=4396 1615 2781 2765 1583 1553 1524 861 663 832 155 41 84 638 465 173 41 445 215 230 111 92 677 654 124 108 71 56 530 89
internal_count=4396 1615 2781 2765 1583 1553 1524 861 663 832 155 41 84 638 465 173 41 445 215 230 111 92 677 654 124 108 71 56 530 89
is_linear=0
shrinkage=0.03


Tree=184
num_leaves=31
num_cat=2
split_feature=4 13 7 5 19 6 8 17 16 6 11 6 20 7 19 9 16 20 3 20 5 9 4 10 7 4 4 11 20 20
split_gain=0.00254731 0.00181371 0.0021077 0.00338586 0.00353866 0.00372661 0.00318842 0.00407054 0.00256106 0.00212564 0.00230043 0.00258779 0.00189332 0.00319112 0.00183616 0.00205229 0.00192163 0.00179171 0.0020002 0.00176277 0.00446151 0.00442771 0.00289847 0.00283391 0.0037165 0.00270836 0.00263363 0.00230924 0.00218642 0.00205132
threshold=0.018229166666666668 1.0000000180025095e-35 0.052639969885266709 0.075388776200135246 0 0.30552995391705079 0.0917847730396293 0.32347650530108968 13.500000000000002 0.18229779119656767 -0.5 0.16308596853646914 0.65204532230327683 0.13361070511376938 1 0.5977388767323123 21.500000000000004 0.40828280007853196 0.039062500000000007 0.45545294682155407 0.12677484787018259 0.6433260393873087 0.033854166666666671 -0.6830127018922193 0.08223428479567764 0.059895833333333336 0.065104166666666671 -0.5 0.42894486456374797 0.43842350831776183
decision_type=2 2 2 2 1 2 2 2 2 2 2 2 2 2 1 2 2 2 2 2 2 2 2 2 2 2 2 2 2 2
left_child=-1 2 3 -2 5 8 7 -4 -5 10 -6 -12 13 -3 16 -16 -11 18 -10 20 21 22 -8 -22 26 -24 28 -26 -25 -29
right_child=1 12 6 4 9 -7 19 -9 17 14 11 -13 -14 -15 15 -17 -18 -19 -20 -21 23 -23 25 24 27 -27 -28 29 -30 -31
leaf_value=-3.9228773596417669e-05 5.9575695735423657e-05 4.7124740868156969e-05 0.00067213600257489943 -7.2664426430273045e-05 -0.0005138986130225181 4.1224500330520182e-05 0.00025379362849828487 1.8384288584499378e-05 -3.6447913988397518e-05 -5.5680809432672488e-05 0.00017438586449994455 -0.0003275665992334072 0.00028820783379987307 -0.0001389857079417261 -0.00019488231617370702 3.9106842959462813e-05 0.00016507005704398088 -0.00059172436572527349 -0.0004917007368065862 -1.5437557607201543e-05 -6.2299049965834673e-05 -0.00033886568474198717 -0.00022067243512773369 0.00051228466558920778 -0.00018736147460149651 8.8176321512641452e-05 0.00055068365024269937 0.00044112581496376233 0.00011527641110090906 -1.4602925988268741e-05
leaf_weight=1156 180 1213 14.999999999999998 24 15.999999999999998 31 38 20 15.999999999999998 62 18 19 27 89 74 62 83 33 19 862 41 37 47 17 25 56 33 15.999999999999998 47 20
leaf_count=1156 180 1213 15 24 16 31 38 20 16 62 18 19 27 89 74 62 83 33 19 862 41 37 47 17 25 56 33 16 47 20
internal_value=-9.96841e-07 1.26439e-05 -6.07431e-06 -5.06307e-05 -9.40381e-05 -0.000224957 1.62039e-05 0.000298575 -0.0003391 -3.79533e-05 -0.000213352 -8.33754e-05 3.95593e-05 3.44028e-05 -6.22101e-06 -8.21695e-05 6.61203e-05 -0.000433133 -0.000283592 8.22711e-06 6.23356e-05 -4.67852e-05 2.98618e-05 0.000159941 0.000217611 -5.27554e-05 0.000332992 3.41332e-05 0.000220738 0.00018795
internal_weight=4396 3240 1911 637 457 123 1274 35 92 334 53 37 1329 1302 281 136 145 68 35 1239 377 178 141 199 158 103 97 61 64 36
internal_count=4396 3240 1911 637 457 123 1274 35 92 334 53 37 1329 1302 281 136 145 68 35 1239 377 178 141 199 158 103 97 61 64 36
cat_boundaries=0 1 2
cat_threshold=81 552
is_linear=0
shrinkage=0.03


Tree=185
num_leaves=31
num_cat=0
split_feature=1 6 18 13 18 12 0 10 9 16 8 8 7 18 0 6 3 8 7 4 9 6 3 12 9 3 6 9 18 4
split_gain=0.00255559 0.00192918 0.00225557 0.00172683 0.00167073 0.00306455 0.0018707 0.0018337 0.00183855 0.00154833 0.00159615 0.0021198 0.0014313 0.00134884 0.00145174 0.00132697 0.00135558 0.0013257 0.00243688 0.00169441 0.00127801 0.00120374 0.00191839 0.00165376 0.00256958 0.001584 0.00157887 0.0015566 0.00251252 0.00231244
threshold=0.013020833333333334 0.27235023041474665 0.45441176470588235 0.81174490092936691 0.4485294117647059 1.0000000180025095e-35 0.4201331308126896 0.68301270189221941 0.51239970824215908 2.5000000000000004 0.43871151078150539 0.36060968689366818 0.22769620777782279 0.46323529411764708 0.31796113298444179 0.13122517082472593 0.028645833333333336 0.098555133216983518 0.033308946083840184 0.12239583333333334 0.67177242888402644 0.10624049397289508 0.018229166666666668 1.0000000180025095e-35 0.58825674690007312 0.018229166666666668 0.11254001044244173 0.44128373450036479 0.4661764705882353 0.0078125000000000017
decision_type=2 2 2 2 2 2 2 2 2 2 2 2 2 2 2 2 2 2 2 2 2 2 2 2 2 2 2 2 2 2
left_child=1 2 -1 4 5 -2 -7 8 -8 17 11 12 21 -4 15 16 -15 18 -6 -19 -10 23 27 24 -11 -25 -24 -23 -29 -30
right_child=3 -3 13 -5 9 6 7 -9 20 10 -12 -13 -14 14 -16 -17 -18 19 -20 -21 -22 22 26 25 -26 -27 -28 28 29 -31
leaf_value=0.00024478389319203936 5.1331078231307812e-05 -0.00032699052384560018 -0.00023541771743914217 6.7154752825609117e-05 -0.00015119107091472278 -0.00043369233825826776 1.0286638219261525e-05 0.00010533100276788469 -0.0005280581869589908 -4.1492342435912032e-05 0.00015878409687553331 -0.00015168821332690172 0.00031017473370554996 -4.4541589420050988e-05 0.00019301129182775273 -0.00025458173058817777 0.00017211440102224339 -0.00020566095434680273 0.00032448748524362733 6.1566615845706326e-05 -0.00018172551290285808 6.3885534449641406e-05 -0.00026730000349893985 9.9373809554573184e-05 0.00039644914808961387 -0.00022969937479029514 2.2917269428333232e-05 -0.00048184230773160958 0.00022629395801604304 -0.00011646221957383634
leaf_weight=25 89 21 32 490 21 22 22 23 17 19 70 68 14.999999999999998 695 24 26 27 81 18 29 22 62 17 49 33 18 2207 14.999999999999998 20 155
leaf_count=25 89 21 32 490 21 22 22 23 17 19 70 68 15 695 24 26 27 81 18 29 22 62 17 49 33 18 2207 15 20 155
internal_value=3.7332e-06 -4.30317e-05 -3.58382e-05 1.48304e-05 6.53836e-06 -7.846e-05 -0.000187435 -0.000122935 -0.000209002 1.22597e-05 1.73667e-05 1.36701e-05 1.79784e-05 -4.45643e-05 -3.66529e-05 -4.40221e-05 -3.64393e-05 -8.19277e-05 6.83556e-05 -0.00013521 -0.000332701 1.62893e-05 1.18099e-05 0.00010949 0.000236434 1.0964e-05 2.06988e-05 -6.66378e-05 -0.00010923 -7.7289e-05
internal_weight=4432 850 829 3582 3092 195 106 84 61 2897 2748 2678 2610 804 772 748 722 149 39 110 39 2595 2476 119 52 67 2224 252 190 175
internal_count=4432 850 829 3582 3092 195 106 84 61 2897 2748 2678 2610 804 772 748 722 149 39 110 39 2595 2476 119 52 67 2224 252 190 175
is_linear=0
shrinkage=0.03


Tree=186
num_leaves=31
num_cat=0
split_feature=1 13 17 17 11 18 0 18 12 11 4 0 9 1 17 4 18 10 11 4 8 8 11 7 0 9 18 17 17 18
split_gain=0.00240455 0.00162477 0.00185444 0.00326688 0.00182954 0.00167546 0.00159042 0.001572 0.00291024 0.00214055 0.00248726 0.0019608 0.00146682 0.0033482 0.00246006 0.0018578 0.00194024 0.00143384 0.00319913 0.00206727 0.00137511 0.00203325 0.00187732 0.00361463 0.00244302 0.00370597 0.00209028 0.00177038 0.00179842 0.00172013
threshold=0.013020833333333334 0.81174490092936691 0.29770833883543302 0.31759145956763773 -0.9330127018922193 0.47794117647058826 0.45421979383876848 0.4485294117647059 -0.60785761079279388 -0.24999999999999994 0.049479166666666671 0.47556016327877837 0.69876002917578428 0.080729166666666671 0.34707977897699105 0.039062500000000007 0.47500000000000003 -0.5 0.25000000000000017 0.049479166666666671 0.43871151078150539 0.36060968689366818 0.6830127018922193 0.035560207127244885 0.44170845893109173 0.5948212983223925 0.46029411764705885 0.42745298272487459 0.27207075553364507 0.4661764705882353
decision_type=2 2 2 2 2 2 2 2 2 2 2 2 2 2 2 2 2 2 2 2 2 2 2 2 2 2 2 2 2 2
left_child=-1 7 4 5 -3 6 -4 8 -2 10 -10 -12 14 -14 15 16 -5 18 -6 -19 21 22 27 -24 25 -25 -26 28 -9 -28
right_child=1 2 3 12 17 -7 -8 20 9 -11 11 -13 13 -15 -16 -17 -18 19 -20 -21 -22 -23 23 24 26 -27 29 -29 -30 -31
leaf_value=-4.1740763002455451e-05 0.00010201336683852242 0.00040811786646633862 -0.00034366921681014791 0.00048681939433024884 0.00054047636089387817 6.6830238609192811e-05 -5.5579527288058795e-05 6.567876240717517e-05 -0.00062252338143827706 -4.9906557654169193e-05 -0.00045063824401166667 -2.5589133026664721e-05 -0.00023280622060055234 0.00028542051856306276 1.1472306397420621e-06 4.1137139322614232e-05 0.00015896602227644056 -9.5710654411699855e-05 -2.5998690144707961e-05 0.00016719082581378601 0.00013955106646544113 -0.00014996321554015715 -0.00023941035764005289 0.0001399691577600742 0.00032809721830586439 0.00063837033475247842 -0.00020973921921654167 0.00022313954830997364 -1.2211263196667864e-05 4.3091002794064111e-05
leaf_weight=850 58 21 35 32 19 30 34 309 14.999999999999998 79 14.999999999999998 28 33 17 77 32 33 47 17 63 74 71 32 128 21 14.999999999999998 27 32 1953 235
leaf_count=850 58 21 35 32 19 30 34 309 15 79 15 28 33 17 77 32 33 47 17 63 74 71 32 128 21 15 27 32 1953 235
internal_value=3.62119e-06 1.43855e-05 6.51401e-05 2.3175e-05 0.000146305 -0.000120338 -0.000201715 6.3422e-06 -7.61063e-05 -0.000151515 -0.000289909 -0.000173869 8.66028e-05 -5.66069e-05 0.000127755 0.000228257 0.000320376 0.000108645 0.000272981 5.48603e-05 1.18919e-05 8.54551e-06 1.2635e-05 6.80886e-05 9.11876e-05 0.000192253 4.01187e-05 1.56359e-06 -1.57109e-06 1.70353e-05
internal_weight=4432 3582 490 323 167 99 69 3092 195 137 58 43 224 50 174 97 65 146 36 110 2897 2823 2752 458 426 143 283 2294 2262 262
internal_count=4432 3582 490 323 167 99 69 3092 195 137 58 43 224 50 174 97 65 146 36 110 2897 2823 2752 458 426 143 283 2294 2262 262
is_linear=0
shrinkage=0.03


Tree=187
num_leaves=31
num_cat=1
split_feature=1 6 18 13 18 12 11 0 16 11 9 18 0 18 6 8 18 5 5 16 16 6 18 9 6 19 8 5 6 12
split_gain=0.00226245 0.00181517 0.00212227 0.00152875 0.0014791 0.00275642 0.00184094 0.00192003 0.00145858 0.00164271 0.00258379 0.00236559 0.00244794 0.00336966 0.00230618 0.00153341 0.00373068 0.0017855 0.00167111 0.00161806 0.00233155 0.00275038 0.00172447 0.00162943 0.0019704 0.00168662 0.0015155 0.00274993 0.00149137 0.00357241
threshold=0.013020833333333334 0.27235023041474665 0.45441176470588235 0.81174490092936691 0.4485294117647059 1.0000000180025095e-35 1.0000000180025095e-35 0.4823181611744996 2.5000000000000004 0.6830127018922193 0.29431072210065656 0.45735294117647063 0.55673768899067289 0.50735294117647067 0.59308755760368681 0.26495406874879129 0.47500000000000003 0.27281947261663292 0.23225152129817445 12.500000000000002 15.500000000000002 0.16027331956141747 0.50735294117647067 0.61670313639679086 0.12030373884815329 0 0.42989024801819237 0.17342799188640975 0.10624049397289508 1.0000000180025095e-35
decision_type=2 2 2 2 2 2 2 2 2 2 2 2 2 2 2 2 2 2 2 2 2 2 2 2 2 1 2 2 2 2
left_child=1 2 -1 4 5 -2 7 -7 -6 15 26 -12 13 -13 -14 19 17 -17 -18 23 21 -21 28 24 -10 -26 27 -11 29 -22
right_child=3 -3 -4 -5 8 6 -8 -9 9 10 11 12 14 -15 -16 16 18 -19 -20 20 22 -23 -24 -25 25 -27 -28 -29 -30 -31
leaf_value=0.0002386928436536595 4.9269743849883028e-05 -0.00031592910488254379 -4.1975112018859043e-05 6.3185995575071682e-05 -7.9881690885956182e-05 -0.00051744579821422026 -5.4487215310594686e-05 -0.00014846117386372082 0.00035643481244546343 -1.550066039132691e-05 0.00040141081679474392 9.6017092083824993e-05 -9.4422450545275863e-05 0.00046042196045385195 0.0003061293837662224 -0.00036772182069946281 0.00050819157364795418 5.5474802809230468e-05 0.00015789027396678811 -0.00050819199994446747 0.00034827155691944631 -8.5423698449995416e-05 -0.00012897232193311299 0.0001630037773391237 9.8365751580948747e-05 -4.3292557254971651e-05 0.00011539397884086004 -0.00038220372543525924 -4.254522167169876e-06 -3.4395234159565366e-05
leaf_weight=25 89 21 804 490 149 22 54 30 14.999999999999998 63 22 264 94 25 14.999999999999998 17 14.999999999999998 19 67 15.999999999999998 37 103 94 92 104 215 33 26 1358 54
leaf_count=25 89 21 804 490 149 22 54 30 15 63 22 264 94 25 15 17 15 19 67 16 37 103 94 92 104 215 33 26 1358 54
internal_value=3.51257e-06 -4.04885e-05 -3.35108e-05 1.39539e-05 6.15194e-06 -7.38233e-05 -0.000177174 -0.000304577 1.15352e-05 1.64919e-05 6.32866e-05 9.8589e-05 8.18492e-05 0.000127541 -3.92983e-05 4.99478e-06 0.000110208 -0.000144373 0.000221975 -9.51219e-07 -1.43216e-05 -0.00014227 -4.45376e-06 5.12119e-05 2.04185e-05 4.61731e-06 -5.82464e-05 -0.00012263 3.62413e-06 0.000121197
internal_weight=4432 850 829 3582 3092 195 106 52 2897 2748 542 420 398 289 109 2206 118 36 82 2088 1662 119 1543 426 334 319 122 89 1449 91
internal_count=4432 850 829 3582 3092 195 106 52 2897 2748 542 420 398 289 109 2206 118 36 82 2088 1662 119 1543 426 334 319 122 89 1449 91
cat_boundaries=0 1
cat_threshold=146
is_linear=0
shrinkage=0.03


Tree=188
num_leaves=31
num_cat=0
split_feature=1 6 18 13 17 17 18 0 18 14 0 10 9 17 5 9 1 17 16 17 17 10 3 10 1 2 7 18 0 13
split_gain=0.00212911 0.0017079 0.00199685 0.00143812 0.00174485 0.00307381 0.00157645 0.00149643 0.00139188 0.00262246 0.0018485 0.0016302 0.00153678 0.00158169 0.00151847 0.00138013 0.00315033 0.00231467 0.00137256 0.00209128 0.00273331 0.00137071 0.0017529 0.00135148 0.00225686 0.00181663 0.00196712 0.00126913 0.00136595 0.00126312
threshold=0.013020833333333334 0.27235023041474665 0.45441176470588235 0.81174490092936691 0.29770833883543302 0.31759145956763773 0.47794117647058826 0.45421979383876848 0.4485294117647059 1.0000000180025095e-35 0.4201331308126896 0.68301270189221941 0.52224653537563837 0.31464967031419194 0.18356997971602437 0.69876002917578428 0.080729166666666671 0.34707977897699105 2.5000000000000004 0.33394810126210833 0.31966905237705384 0.25000000000000011 0.080729166666666671 0.68301270189221941 0.028645833333333336 0.12239583333333334 0.05468897878109228 0.46323529411764708 0.31796113298444179 -0.22252093395631442
decision_type=2 2 2 2 2 2 2 2 2 2 2 2 2 2 2 2 2 2 2 2 2 2 2 2 2 2 2 2 2 2
left_child=1 2 -1 8 21 6 7 -6 9 10 29 12 14 -14 -12 17 -17 -7 19 20 -10 22 -5 -23 -25 26 -26 -4 -29 -2
right_child=3 -3 27 4 5 15 -8 -9 18 -11 11 -13 13 -15 -16 16 -18 -19 -20 -21 -22 23 -24 24 25 -27 -28 28 -30 -31
leaf_value=0.00023153234055423507 -0.00014916658028053798 -0.00030645168957406333 -0.00022584400785397352 0.00033841915238093671 -0.00033525495722372953 0.00021951411668397924 6.2929886650875313e-05 -5.5807714526454181e-05 -7.6575229711794133e-05 9.7474952337827964e-05 0.0002213402049741451 0.0001176428811906861 -0.00041378090877749134 -2.956224032902144e-05 -0.00017009075525480099 -0.00022771776604185425 0.00027496293657157747 -7.8274287681029653e-07 1.6003207108315872e-05 0.00015113697065452996 -0.00049775659654837301 -0.0001771328172095823 6.160294655284191e-05 -0.00017910450097099169 0.0001268328955755197 -3.536818716082526e-05 0.00060503783398758277 -4.0189960776987243e-05 0.00018973256776445453 -0.0005323690306966273
leaf_weight=25 15.000000000000002 21 32 50 35 97 30 34 104 58 14.999999999999998 27 27 14.999999999999998 22 33 17 77 2748 29 15.999999999999998 18 35 17 16.000000000000004 15.999999999999998 14.999999999999998 748 24 15.999999999999998
leaf_count=25 15 21 32 50 35 97 30 34 104 58 15 27 27 15 22 33 17 77 2748 29 16 18 35 17 16 16 15 748 24 16
internal_value=3.41092e-06 -3.92739e-05 -3.25055e-05 1.35399e-05 6.12904e-05 2.05842e-05 -0.000118623 -0.000197559 5.97273e-06 -7.16087e-05 -0.000143192 -8.35966e-05 -0.000152375 -0.000276564 -1.14008e-05 8.21092e-05 -5.68042e-05 0.000122027 1.11948e-05 -7.74853e-05 -0.000132736 0.000140021 0.000224438 5.25137e-05 0.000117104 0.000224244 0.000358234 -4.07159e-05 -3.30419e-05 -0.000346959
internal_weight=4432 850 829 3582 490 323 99 69 3092 195 137 106 79 42 37 224 50 174 2897 149 120 167 85 82 64 47 31 804 772 31
internal_count=4432 850 829 3582 490 323 99 69 3092 195 137 106 79 42 37 224 50 174 2897 149 120 167 85 82 64 47 31 804 772 31
is_linear=0
shrinkage=0.03


Tree=189
num_leaves=31
num_cat=1
split_feature=1 19 8 8 18 11 18 0 1 9 3 2 0 16 9 0 8 11 0 18 17 4 8 17 11 3 12 8 4 8
split_gain=0.00200328 0.0014049 0.00187569 0.00255316 0.00186542 0.00182947 0.00370099 0.00192522 0.00300397 0.00312415 0.00344071 0.00187292 0.00176561 0.00167619 0.00325625 0.00214176 0.00167238 0.00308178 0.00201597 0.00207502 0.00198704 0.00244873 0.00164553 0.0015909 0.00184146 0.00219734 0.00166869 0.00171445 0.00170857 0.00172979
threshold=0.013020833333333334 0 0.057563221496375404 0.069568684979274639 0.43970588235294122 -0.68301270189221952 0.42794117647058827 0.57040581497477094 0.044270833333333336 0.48322392414296145 0.12239583333333334 0.044270833333333336 0.60600593573569095 27.500000000000004 0.30598103574033558 0.48652783205086364 0.10842040085988129 -0.9330127018922193 0.37917885433686971 0.47205882352941181 0.29028784050660406 0.033854166666666671 0.29024861203486146 0.26019062207471716 0.93301270189221952 0.080729166666666671 -0.60785761079279388 0.099015322869268382 0.023437500000000003 0.089560300767560053
decision_type=2 1 2 2 2 2 2 2 2 2 2 2 2 2 2 2 2 2 2 2 2 2 2 2 2 2 2 2 2 2
left_child=-1 4 -3 -4 -2 6 -5 8 16 -10 11 -11 -6 23 15 -15 17 -8 -18 20 -20 -22 -16 24 25 -7 27 -25 -28 -30
right_child=1 2 3 5 12 13 7 -9 9 10 -12 -13 -14 14 22 -17 18 -19 19 -21 21 -23 -24 26 -26 -27 28 -29 29 -31
leaf_value=-3.8095677987010582e-05 -0.00023401104033892779 -0.00023068782466778033 0.00032615526920762392 -0.00046752954725357454 -1.7475580031516772e-06 5.9449373901011975e-06 -0.00037443722566836451 0.00011552447191849662 -0.00050830632356560382 7.5366691286253849e-05 -0.0003940399714782223 -9.0657632040838106e-05 -0.00031882836421722675 0.00014014963421745956 4.8183073022131523e-05 0.0005389120972690639 0.00046164652800474482 8.1200855399205931e-05 0.00019237734026512776 0.00028717879917312126 0.0001323214336129956 -0.0003424932188944177 0.0002532939345467716 0.00027215906719507682 8.1367961129397518e-06 0.00029808424502080226 -0.00018978343513177594 3.7009160109463262e-05 0.00020076841752571483 -2.3696823381556504e-05
leaf_weight=850 33 25 26 15.999999999999998 1291 37 19 99 14.999999999999998 94 26 175 15.999999999999998 27 478 22 14.999999999999998 45 27 32 17 23 38 32 104 62 52 218 33 485
leaf_count=850 33 25 26 16 1291 37 19 99 15 94 26 175 16 27 478 22 15 45 27 32 17 23 38 32 104 62 52 218 33 485
internal_value=3.30859e-06 1.31337e-05 2.75867e-05 3.06237e-05 -1.11706e-05 2.71165e-05 -1.73701e-05 -5.0992e-06 -2.95702e-05 -8.59712e-05 -6.44949e-05 -3.26416e-05 -5.62943e-06 4.40091e-05 8.54826e-05 0.000319193 6.86563e-05 -5.40704e-05 0.000137555 8.84466e-05 -6.47318e-06 -0.000140699 6.32886e-05 2.11034e-05 9.62937e-05 0.000188902 2.48907e-06 6.71093e-05 -2.58532e-05 -9.39655e-06
internal_weight=4432 3582 2242 2217 1340 2191 603 587 488 310 295 269 1307 1588 565 49 178 64 114 99 67 40 516 1023 203 99 820 250 570 518
internal_count=4432 3582 2242 2217 1340 2191 603 587 488 310 295 269 1307 1588 565 49 178 64 114 99 67 40 516 1023 203 99 820 250 570 518
cat_boundaries=0 1
cat_threshold=337
is_linear=0
shrinkage=0.03


Tree=190
num_leaves=31
num_cat=2
split_feature=6 11 16 19 18 7 15 10 2 2 8 8 9 7 18 17 19 3 6 8 7 8 18 0 4 9 0 9 18 16
split_gain=0.00448491 0.00264933 0.00455792 0.00329652 0.00330734 0.00292832 0.0028979 0.00426134 0.00531402 0.0042651 0.00258146 0.00217867 0.00235955 0.00333004 0.00269496 0.00192882 0.00256799 0.00254321 0.00253283 0.00438755 0.00241336 0.00306498 0.00225433 0.00225024 0.00334374 0.00212524 0.00192547 0.00198996 0.00174708 0.00167264
threshold=0.16777371682822187 -0.5 26.500000000000004 0 0.46029411764705885 0.18502856309113072 1.0000000180025095e-35 0.25000000000000011 0.10156250000000001 0.018229166666666668 0.090788790738736233 0.096551327259016217 0.58825674690007312 0.056663942421223447 0.47500000000000003 0.43633165971690363 1 0.013020833333333334 0.58571428571428585 0.16531796151224473 0.099590664592236089 0.17145492021784528 0.47794117647058826 0.48493823695648747 0.033854166666666671 0.80598103574033564 0.3696574416718979 0.68891320204230511 0.46029411764705885 16.500000000000004
decision_type=2 2 2 1 2 2 2 2 2 2 2 2 2 2 2 2 1 2 2 2 2 2 2 2 2 2 2 2 2 2
left_child=11 10 3 28 29 -6 7 8 -4 -9 -2 -1 14 -14 -13 16 18 -18 19 26 21 -19 -22 24 -21 -23 -12 -28 -3 -5
right_child=1 2 6 4 5 -7 -8 9 -10 -11 15 12 13 -15 -16 -17 17 20 -20 23 22 25 -24 -25 -26 -27 27 -29 -30 -31
leaf_value=-3.0733615748687111e-05 0.00015867053148745447 -3.3429024940264658e-05 0.0001887018424208264 0.00014262985223577692 -3.7843007025262523e-05 -0.00041491644815326871 -0.00023588365607864775 0.00044114733145894462 0.00073697143450056932 5.4209020918370452e-05 -7.5551656233172765e-05 -0.00027233374281430988 -0.0005754156538128665 -8.9744794146210869e-05 6.7421684151987494e-05 0.00024933775312759 0.00036107391696474508 -3.2934801355434931e-05 -0.00052572781679872808 -5.084564278516472e-05 -0.00025663729934007138 6.9856873135019909e-05 -1.2330136343432455e-05 -0.00014981881101972357 0.00056246963629829553 0.00037080557569562652 -0.00056834776884668876 -0.00017783920627527808 0.00014055418756601134 -2.7629959103008909e-05
leaf_weight=1235 71 68 137 148 757 19 22 27 18 508 32 34 24 27 55 22 15.999999999999998 528 14.999999999999998 15.999999999999998 69 136 67 20 15.999999999999998 25 24 23 220 80
leaf_count=1235 71 68 137 148 757 19 22 27 18 508 32 34 24 27 55 22 16 528 15 16 69 136 67 20 16 25 24 23 220 80
internal_value=1.61128e-06 2.1701e-05 4.21134e-05 8.5269e-06 -1.73886e-05 -4.7076e-05 0.00010306 0.000113867 0.000252376 7.37375e-05 -1.61754e-05 -4.34481e-05 -0.000155607 -0.000318303 -6.23741e-05 -2.84789e-05 -3.46716e-05 -1.3367e-05 -0.000146445 -0.000114191 -2.07913e-05 2.00509e-06 -0.000136281 9.98052e-05 0.00025582 0.00011659 -0.000255049 -0.000377256 9.61368e-05 8.28897e-05
internal_weight=4459 3084 2004 1292 1004 776 712 690 155 535 1080 1375 140 51 89 1009 987 841 146 131 825 689 136 52 32 161 79 47 288 228
internal_count=4459 3084 2004 1292 1004 776 712 690 155 535 1080 1375 140 51 89 1009 987 841 146 131 825 689 136 52 32 161 79 47 288 228
cat_boundaries=0 1 2
cat_threshold=514 784
is_linear=0
shrinkage=0.03


Tree=191
num_leaves=31
num_cat=1
split_feature=6 19 8 8 9 7 18 5 7 3 2 16 18 0 3 7 7 2 18 2 7 18 9 13 2 6 17 6 7 10
split_gain=0.00421986 0.00244783 0.00254082 0.00204991 0.00222011 0.00313324 0.00253569 0.00163203 0.00173545 0.00160065 0.00160448 0.00229157 0.00246352 0.00144127 0.00141285 0.00159358 0.00319241 0.00353515 0.00382788 0.00228326 0.00197852 0.00326162 0.00266802 0.00196879 0.00198158 0.0019523 0.00180877 0.00177714 0.00261152 0.00187132
threshold=0.16777371682822187 0 0.079541139994146345 0.096551327259016217 0.58825674690007312 0.056663942421223447 0.47500000000000003 0.50405679513184587 0.19614921917087011 0.15364583333333334 0.065104166666666671 2.5000000000000004 0.47500000000000003 0.50292584880915914 0.013020833333333334 0.05326294979346325 0.059963812581092742 0.039062500000000007 0.48970588235294121 0.013020833333333334 0.058101126053317166 0.48382352941176471 0.68490153172866541 -0.56174490092936669 0.028645833333333336 0.26197362148418885 0.29848523529912357 0.30368663594470052 0.04793894859859054 -0.6830127018922193
decision_type=2 1 2 2 2 2 2 2 2 2 2 2 2 2 2 2 2 2 2 2 2 2 2 2 2 2 2 2 2 2
left_child=3 7 -3 -1 6 -6 -5 8 -2 10 11 12 -4 -11 -13 19 17 18 -17 -16 21 22 -19 24 -21 -20 -26 28 29 -25
right_child=1 2 9 4 5 -7 -8 -9 -10 13 -12 14 -14 -15 15 16 -18 20 25 23 -22 -23 -24 27 26 -27 -28 -29 -30 -31
leaf_value=-2.9811609032062696e-05 6.116314032661995e-05 0.00028115605404715148 7.7985811816071323e-05 -0.00026416397156619348 -0.00055815390080533596 -8.7052546136816861e-05 6.539906310833128e-05 0.00032808329960049422 -0.00017844574244370363 9.2326435885163179e-05 3.7168981260805338e-05 0.00016409138438542006 -0.00033859441966851761 -0.00020809594187504792 0.00027721169644130878 0.00055427519065963718 -2.3699657666497106e-05 -5.3509868540093435e-05 -0.00010772169203242114 4.8480997693307889e-05 0.00024107135884834211 0.00019197376903215766 -0.00053607511588647414 0.00025032541715185172 -0.00011245167964986613 0.00031692215002203497 -0.00038295915435601928 0.00013185618985263285 -0.00026527183660867359 -5.1914710486860945e-05
leaf_weight=1235 957 29 19 34 24 27 55 20 28 19 778 41 39 59 17 29 530 29 20 26 25 27 15.999999999999998 21 44 19 45 48 48 151
leaf_count=1235 957 29 19 34 24 27 55 20 28 19 778 41 39 59 17 29 530 29 20 26 25 27 16 21 44 19 45 48 48 151
internal_value=1.56294e-06 2.105e-05 2.30712e-06 -4.21447e-05 -0.000150939 -0.000308754 -6.0503e-05 5.92103e-05 5.43517e-05 -1.62645e-06 3.64571e-06 -1.81978e-05 -0.000202129 -0.000134916 -8.80672e-06 -1.52807e-05 1.21754e-05 0.00012741 0.000293258 -6.29855e-05 1.11435e-05 -6.86948e-05 -0.000225097 -7.80864e-05 -0.00018192 9.91589e-05 -0.000249228 -3.35304e-05 -6.96151e-05 -1.50121e-05
internal_weight=4459 3084 2079 1375 140 51 89 1005 985 2050 1972 1194 58 78 1136 1095 695 165 68 400 97 72 45 383 115 39 89 268 220 172
internal_count=4459 3084 2079 1375 140 51 89 1005 985 2050 1972 1194 58 78 1136 1095 695 165 68 400 97 72 45 383 115 39 89 268 220 172
cat_boundaries=0 1
cat_threshold=518
is_linear=0
shrinkage=0.03


Tree=192
num_leaves=31
num_cat=1
split_feature=6 19 8 8 9 18 18 7 3 2 16 18 17 3 9 16 9 9 17 6 4 10 16 7 4 12 17 6 7 17
split_gain=0.00397047 0.00230316 0.00239067 0.00192877 0.0020889 0.00297962 0.00238584 0.00209735 0.00150605 0.00150965 0.00215614 0.00231793 0.00138496 0.0024033 0.00282049 0.00254645 0.0023015 0.00259384 0.0020152 0.0016844 0.0019814 0.00181937 0.00177782 0.00246279 0.00183036 0.00164412 0.00157606 0.00239187 0.00176778 0.00212699
threshold=0.16777371682822187 0 0.079541139994146345 0.096551327259016217 0.58825674690007312 0.48088235294117648 0.47500000000000003 0.056663942421223447 0.15364583333333334 0.065104166666666671 2.5000000000000004 0.47500000000000003 0.28622068848139121 0.049479166666666671 0.23450036469730126 16.500000000000004 0.71298322392414315 0.47191830780452232 0.29028784050660406 0.76728110599078359 0.17447916666666669 0.25000000000000011 9.5000000000000018 0.069319605145613042 0.10156250000000001 -0.8783796973249266 0.3156752616798571 0.67695852534562229 0.077341895504554822 0.34265168921793898
decision_type=2 1 2 2 2 2 2 2 2 2 2 2 2 2 2 2 2 2 2 2 2 2 2 2 2 2 2 2 2 2
left_child=3 12 -3 -1 6 7 -5 -6 9 10 11 -4 13 14 -2 25 17 -17 -14 20 21 22 23 -20 -24 -15 -23 28 29 -28
right_child=1 2 8 4 5 -7 -8 -9 -10 -11 -12 -13 18 15 -16 16 -18 -19 19 -21 -22 26 24 -25 -26 -27 27 -29 -30 -31
leaf_value=-2.8917261601593426e-05 0.00016217553662990769 0.00027272166044497445 7.5646353363332017e-05 -0.0002562392813966175 -0.0003729526320669898 -0.00062376886384519906 6.3437129305693739e-05 9.828175158666037e-05 -0.00013086845561155458 3.6053912666797031e-05 -8.5425023857875141e-06 -0.00032843685074121167 0.00034621714259214004 -0.00015278403744343403 -0.00029427342826289109 -0.00018932729408431892 -0.00029982037207637602 0.0001264042837128626 0.00035571649587445479 0.00029958750156825804 -0.00027885193150837824 -1.2441385827690841e-05 -4.4994696543902096e-05 -1.9468412292960396e-05 0.0001750937451359112 0.00018183901420924651 0.00025166782271569046 -4.7852310911471741e-05 0.0002945291868017952 -3.3805488791150817e-05
leaf_weight=1235 17 29 19 34 17 17 55 17 78 778 1136 39 25 14.999999999999998 43 36 26 67 31 28 14.999999999999998 60 227 32 40 111 48 41 97 46
leaf_count=1235 17 29 19 34 17 17 55 17 78 778 1136 39 25 15 43 36 26 67 31 28 15 60 227 32 40 111 48 41 97 46
internal_value=1.51605e-06 2.04185e-05 2.23792e-06 -4.08803e-05 -0.000146411 -0.000299492 -5.8688e-05 -0.000137339 -1.57765e-06 3.53635e-06 -1.76518e-05 -0.000196066 5.7434e-05 5.88286e-06 -0.000164946 4.60783e-05 -4.7615e-05 1.60507e-05 8.18006e-05 7.18596e-05 6.18491e-05 7.00658e-05 2.18019e-05 0.000165149 -1.20221e-05 0.000142002 0.00012461 0.000160055 0.000204684 0.000111969
internal_weight=4459 3084 2079 1375 140 51 89 34 2050 1972 1194 58 1005 315 60 255 129 103 690 665 637 622 330 63 267 126 292 232 191 94
internal_count=4459 3084 2079 1375 140 51 89 34 2050 1972 1194 58 1005 315 60 255 129 103 690 665 637 622 330 63 267 126 292 232 191 94
cat_boundaries=0 1
cat_threshold=518
is_linear=0
shrinkage=0.03


Tree=193
num_leaves=31
num_cat=2
split_feature=6 11 16 19 18 15 19 2 5 0 5 9 1 6 17 6 1 17 18 3 0 6 17 17 17 18 4 0 9 16
split_gain=0.00373581 0.0024422 0.00424143 0.00301236 0.00296534 0.00273512 0.00263532 0.00333207 0.00242894 0.00240718 0.00363562 0.00219802 0.00207515 0.00186519 0.00175575 0.00189765 0.00360577 0.00222507 0.00173158 0.00203355 0.00171487 0.00185312 0.00169603 0.00171041 0.00159643 0.00223398 0.00360206 0.00227024 0.00183018 0.00155539
threshold=0.16777371682822187 -0.5 27.500000000000004 0 0.46029411764705885 1.0000000180025095e-35 1 0.018229166666666668 0.38640973630831649 0.40444634706958454 0.10040567951318459 0.36725018234865076 0.039062500000000007 0.7009216589861752 0.36418177176410527 0.21787360105332459 0.070312500000000014 0.33660965024253259 0.46029411764705885 0.054687500000000007 0.59294530418543168 0.18822324628776246 0.32049069925083423 0.30313927794846524 0.2969153028795789 0.47205882352941181 0.039062500000000007 0.28385204976237033 0.89824945295404834 16.500000000000004
decision_type=2 2 2 1 2 2 1 2 2 2 2 2 2 2 2 2 2 2 2 2 2 2 2 2 2 2 2 2 2 2
left_child=24 13 3 18 29 6 7 -4 -6 10 -8 -9 -13 20 15 -14 -17 -18 19 -3 21 22 23 -2 25 27 -27 -1 -26 -5
right_child=1 2 5 4 8 -7 9 11 -10 -11 -12 12 14 -15 -16 16 17 -19 -20 -21 -22 -23 -24 -25 28 26 -28 -29 -30 -31
leaf_value=-0.00012558367454003632 0.00017845625276708283 -0.00034645656093336186 0.00058270327007646039 0.0001363589600740154 -3.6439286271917122e-05 -0.00022903729515708703 -7.7280644921907021e-05 0.00038095175092167378 -0.00040982262842901012 3.0845415604377377e-05 0.00048276579086596865 -0.00018368368068863422 -7.8970010237952546e-05 -0.00022886671851821673 4.3741447816609133e-05 0.00059447736488227982 8.6913838703586859e-05 0.00045869721639480853 0.00013433319187406003 4.8380852737053286e-05 0.00013309589036639898 -3.0610591801370075e-05 0.00032928894520503849 -0.00022543856330220816 -2.0369104498602829e-05 -0.00010108724336277862 0.00034506545322657279 -0.00045545882436683554 -0.00029662818131102881 -2.78252203980472e-05
leaf_weight=57 23 14.999999999999998 18 148 782 22 17 35 15.999999999999998 347 27 18 15.999999999999998 36 80 24 61 19 225 54 71 909 25 15.999999999999998 1135 114 19 28 22 80
leaf_count=57 23 15 18 148 782 22 17 35 16 347 27 18 16 36 80 24 61 19 225 54 71 909 25 16 1135 114 19 28 22 80
internal_value=1.47057e-06 1.98059e-05 3.94042e-05 7.98682e-06 -1.65038e-05 0.000100034 0.00011097 0.000181629 -4.39262e-05 5.59218e-05 0.000266387 0.00016027 0.000124838 -1.65598e-05 0.000152606 0.000225181 0.000271974 0.000175217 9.09225e-05 -3.74571e-05 -9.23863e-06 -1.96249e-05 0.000136404 1.27543e-05 -3.9654e-05 -0.000114124 -3.7349e-05 -0.000234253 -2.56223e-05 7.87506e-05
internal_weight=4459 3084 2004 1320 1026 684 662 271 798 391 44 253 218 1080 200 120 104 80 294 69 1044 973 64 39 1375 218 133 85 1157 228
internal_count=4459 3084 2004 1320 1026 684 662 271 798 391 44 253 218 1080 200 120 104 80 294 69 1044 973 64 39 1375 218 133 85 1157 228
cat_boundaries=0 1 2
cat_threshold=514 150
is_linear=0
shrinkage=0.03


Tree=194
num_leaves=31
num_cat=2
split_feature=6 11 16 19 15 18 8 19 2 8 2 6 17 0 0 8 9 18 18 0 9 4 8 6 3 0 6 17 6 8
split_gain=0.00351503 0.00229787 0.00399697 0.00278331 0.00254221 0.002461 0.00227831 0.00211622 0.00327925 0.00223282 0.00674892 0.00641161 0.0027732 0.0022043 0.00240192 0.00177594 0.00197585 0.00282654 0.00219531 0.00173724 0.00202838 0.00217321 0.00238998 0.00233638 0.00212715 0.00209334 0.00197199 0.0019043 0.00201411 0.00314118
threshold=0.16777371682822187 -0.5 26.500000000000004 0 1.0000000180025095e-35 0.46029411764705885 0.090788790738736233 1 0.018229166666666668 0.16120277903739247 0.065104166666666671 0.31290322580645169 0.31759145956763773 0.40444634706958454 0.38426443164743768 0.096551327259016217 0.58825674690007312 0.48088235294117648 0.47500000000000003 0.41625612619461377 0.913931436907367 0.065104166666666671 0.11389472806119225 0.23597761685319293 0.075520833333333343 0.36643735909897551 0.7009216589861752 0.3128317766059529 0.2600985221674878 0.14577832249560671
decision_type=2 2 2 1 2 2 2 1 2 2 2 2 2 2 2 2 2 2 2 2 2 2 2 2 2 2 2 2 2 2
left_child=15 6 3 -3 7 -5 -2 8 -4 10 12 -11 -10 14 -9 -1 18 -18 -17 20 21 22 23 -8 -23 -24 27 -21 29 -29
right_child=1 2 4 5 -6 -7 19 13 9 11 -12 -13 -14 -15 -16 16 17 -19 -20 26 -22 24 25 -25 -26 -27 -28 28 -30 -31
leaf_value=-2.6985011450729742e-05 0.00014819587958526958 6.9913433044353705e-05 0.0005652231445623867 6.6915395355151427e-05 -0.00022216648180305439 -5.1608377108484547e-05 -0.00010891726931955993 4.6594220095643149e-05 0.00040024604916484926 -0.00048428535854652156 0.00071312909646053743 0.000143866448726341 -4.3640804370868024e-05 3.352439178107238e-05 0.00049035618268764936 -0.00024391093456044554 -0.00013067666022119332 -0.00060444586987013741 6.273587850876457e-05 6.7348110700159888e-05 0.0001536315885726313 -0.00045973679371338205 0.00023329125741026015 -0.00051085539728423367 -4.7217730819381396e-05 -6.8588720010790777e-05 -0.00022200091212996127 -9.0821733660617684e-06 -7.2210459785298649e-05 0.00035596308278101728
leaf_weight=1235 71 414 18 206 22 672 47 23 19 15.999999999999998 23 170 38 362 21 34 34 17 55 277 26 30 28 18 18 79 36 99 324 27
leaf_count=1235 71 414 18 206 22 672 47 23 19 16 23 170 38 362 21 34 34 17 55 277 26 30 28 18 18 79 36 99 324 27
internal_value=1.42646e-06 1.92118e-05 3.82221e-05 6.77021e-06 9.52948e-05 -2.35318e-05 -1.6063e-05 0.000105417 0.000167456 0.000146833 0.000279364 8.98296e-05 0.000104326 5.65036e-05 0.000258396 -3.84643e-05 -0.000139728 -0.000288608 -5.44115e-05 -2.76215e-05 -9.69479e-05 -0.000126562 -7.67514e-05 -0.000220229 -0.000305046 1.04094e-05 -5.26973e-06 5.46278e-06 -3.26311e-05 6.9144e-05
internal_weight=4459 3084 2004 1292 712 878 1080 690 284 266 80 186 57 406 44 1375 140 51 89 1009 246 220 172 65 48 107 763 727 450 126
internal_count=4459 3084 2004 1292 712 878 1080 690 284 266 80 186 57 406 44 1375 140 51 89 1009 246 220 172 65 48 107 763 727 450 126
cat_boundaries=0 1 2
cat_threshold=530 150
is_linear=0
shrinkage=0.03


Tree=195
num_leaves=31
num_cat=2
split_feature=7 1 11 10 16 12 4 7 17 16 17 4 7 9 7 19 0 0 8 6 19 8 8 17 7 6 18 6 7 17
split_gain=0.00260185 0.00157666 0.00160403 0.00215422 0.00364506 0.00788954 0.00446576 0.00629055 0.00302649 0.00250918 0.00239195 0.00319276 0.00212025 0.00239084 0.00223514 0.00229083 0.00249382 0.00347175 0.00324437 0.00227738 0.00217462 0.00259966 0.00214563 0.00208414 0.00379184 0.00460059 0.00272711 0.00240056 0.00218513 0.0020573
threshold=0.38780974986680611 0.013020833333333334 0.25000000000000017 -0.24999999999999994 26.500000000000004 1.0000000180025095e-35 0.049479166666666671 0.066733341775971358 0.38128669900434015 5.5000000000000009 0.21453493319717479 0.096354166666666671 0.048735142171201735 0.49051787016776083 0.049960674197568812 0 0.42230543645064583 0.40318475364931794 0.10569381147397909 0.22978933508887431 1 0.075223422284331695 0.088889909737814618 0.36282018551612638 0.099590664592236089 0.47695852534562216 0.46029411764705885 0.088076669873904903 0.083692218058272358 0.40102969960003415
decision_type=2 2 2 2 2 2 2 2 2 2 2 2 2 2 2 1 2 2 2 2 1 2 2 2 2 2 2 2 2 2
left_child=1 -1 12 4 8 -6 -7 -8 -4 10 -5 -12 13 -3 -14 -16 17 22 -18 -19 21 -15 -17 24 27 -26 -27 -11 -29 -20
right_child=-2 2 3 9 5 6 7 -9 -10 23 11 -13 14 20 15 16 18 19 29 -21 -22 -23 -24 -25 25 26 -28 28 -30 -31
leaf_value=-3.9608001857793275e-05 0.00031690175479745752 0.00018215416294337517 6.1368321143463953e-05 -1.4789211107970009e-06 -2.3034391630189619e-05 0.00091510426290221511 -0.00012791742099387324 0.00074089133546911606 -0.00034878751580119107 -0.00032936533378363379 -0.00061800055869145503 -6.726667621420986e-05 -0.00025120758841548087 0.00045310235129849663 8.2979276867580162e-06 0.00012266690542119969 0.00037178705236558159 -0.00016503803877626725 -6.5519196250623141e-05 -0.00062005652239117189 -1.64265069087869e-05 7.0103125061508054e-05 -0.00017523163369309483 -7.5023636902389704e-05 0.0005470449143708798 0.00032943563302762104 -3.2421232424619481e-05 5.4003937306072707e-05 -0.00013033071910112983 0.00021991336668847233
leaf_weight=853 23 84 340 43 47 17 15.000000000000002 14.999999999999998 17 18 18 20 40 18 848 31 17 18 428 22 541 140 73 157 27 29 53 359 69 24
leaf_count=853 23 84 340 43 47 17 15 15 17 18 18 20 40 18 848 31 17 18 428 22 541 140 73 157 27 29 53 359 69 24
internal_value=-1.3362e-06 -3.007e-06 5.8424e-06 3.32519e-05 8.56003e-05 0.000251809 0.000526646 0.000306497 4.18362e-05 3.4799e-06 -0.000154734 -0.00032815 -9.08642e-06 3.09334e-05 -2.99629e-05 -2.39054e-05 -6.74885e-05 -0.00017779 -3.50605e-05 -0.000415307 1.27608e-05 0.000106968 -8.64346e-05 2.14792e-05 4.87782e-05 0.000207396 9.5555e-05 1.00126e-05 2.42862e-05 -5.0363e-05
internal_weight=4404 4381 3528 1244 451 94 47 30 357 793 81 38 2284 783 1501 1461 613 144 469 40 699 158 104 712 555 109 82 446 428 452
internal_count=4404 4381 3528 1244 451 94 47 30 357 793 81 38 2284 783 1501 1461 613 144 469 40 699 158 104 712 555 109 82 446 428 452
cat_boundaries=0 1 2
cat_threshold=242 38
is_linear=0
shrinkage=0.03


Tree=196
num_leaves=31
num_cat=1
split_feature=7 19 4 17 8 17 7 7 8 4 7 0 11 8 17 16 16 8 8 16 1 17 16 7 7 9 4 11 11 2
split_gain=0.0024481 0.00152551 0.00213074 0.00243935 0.00298235 0.00163853 0.00340449 0.00223873 0.0020217 0.00164439 0.00192521 0.00310475 0.00296653 0.0025369 0.00163173 0.00152867 0.00151117 0.0016934 0.00202543 0.0029667 0.0022275 0.00146886 0.00146006 0.00297462 0.00136927 0.00130104 0.00143154 0.00127742 0.00300251 0.00219081
threshold=0.38780974986680611 0 0.059895833333333336 0.22878903923070382 0.18691356651965157 0.25261679857033453 0.070577206193085482 0.12456006935358581 0.32168781531003504 0.19010416666666669 0.093614801865352454 0.48861774361418392 0.25000000000000017 0.15463481449481423 0.26019062207471716 4.5000000000000009 29.500000000000004 0.14721395781728094 0.13052933333219532 6.5000000000000009 0.044270833333333336 0.3161858565228492 12.500000000000002 0.125746181198165 0.047593645554304349 0.27425237053245816 0.091145833333333343 1.0000000180025095e-35 0.93301270189221952 0.033854166666666671
decision_type=2 1 2 2 2 2 2 2 2 2 2 2 2 2 2 2 2 2 2 2 2 2 2 2 2 2 2 2 2 2
left_child=1 2 3 -1 16 6 8 25 27 10 14 12 13 -12 -7 24 17 18 -5 -20 -21 -19 23 -17 -4 -8 -27 29 -29 -3
right_child=-2 5 15 4 -6 9 7 -9 -10 -11 11 -13 -14 -15 -16 22 -18 21 19 20 -22 -23 -24 -25 -26 26 -28 28 -30 -31
leaf_value=0.00027053874743684475 0.00030739511693531264 0.00013303708907265211 -0.0002990368271402695 -2.9563482398790748e-05 -0.00019376887452179646 0.00020408564367574645 -3.8749671020083097e-05 1.7772556810188555e-05 0.00025117690256015892 -0.00030569415503347994 -0.00011893758877166895 9.8549187546483448e-06 0.00049704126973172398 0.00034505947040662841 -2.6944198201428589e-05 0.00021266093141150105 3.0305354834365072e-05 -6.4342983381913743e-05 -0.00050046396601006245 0.00022487734761316314 -0.00027668110551997864 0.00029709541466934795 4.7985067804610453e-05 -0.00020135813093544175 -1.8231302241814886e-06 -0.00019121457002610915 -0.00046687142066134018 0.00039191850727116355 -0.00014817895035697845 -0.00029689564113454984
leaf_weight=28 23 15.999999999999998 18 573 77 28 14.999999999999998 28 26 17 24 264 25 19 1582 118 664 17 21 14.999999999999998 17 25 545 18 62 30 39 15.999999999999998 22 32
leaf_count=28 23 16 18 573 77 28 15 28 26 17 24 264 25 19 1582 118 664 17 21 15 17 25 545 18 62 30 39 16 22 32
internal_value=-1.29666e-06 -2.91734e-06 1.46994e-05 -6.72866e-06 -1.22388e-05 -2.0628e-05 -9.75848e-05 -0.00021454 1.93715e-05 -1.19337e-05 -9.36202e-06 5.64158e-05 0.000237179 8.60876e-05 -2.29262e-05 5.53553e-05 -1.74478e-06 -3.3603e-05 -4.59754e-05 -0.000223405 -4.15759e-05 0.000150801 6.99286e-05 0.000157863 -6.86991e-05 -0.000291977 -0.000347025 -5.07114e-05 7.92348e-05 -0.000153585
internal_weight=4404 4381 2198 1437 1409 2183 224 112 112 1959 1942 332 68 43 1610 761 1332 668 626 53 32 42 681 136 80 84 69 86 38 48
internal_count=4404 4381 2198 1437 1409 2183 224 112 112 1959 1942 332 68 43 1610 761 1332 668 626 53 32 42 681 136 80 84 69 86 38 48
cat_boundaries=0 1
cat_threshold=370
is_linear=0
shrinkage=0.03


Tree=197
num_leaves=31
num_cat=0
split_feature=7 1 11 10 16 12 3 5 13 4 5 16 7 2 6 5 9 7 7 7 9 7 8 5 9 6 3 1 9 3
split_gain=0.00230342 0.00144208 0.00147608 0.00204019 0.00341965 0.00744061 0.00699377 0.00243592 0.00230705 0.00260598 0.00237045 0.00371735 0.00304193 0.00359533 0.00223046 0.00206156 0.00199337 0.00267288 0.00200241 0.00197889 0.00223735 0.00208672 0.0021982 0.00215748 0.00187829 0.00182053 0.0017044 0.00167194 0.00166699 0.00164061
threshold=0.38780974986680611 0.013020833333333334 0.25000000000000017 -0.24999999999999994 26.500000000000004 1.0000000180025095e-35 0.065104166666666671 0.29310344827586216 1.0000000180025095e-35 0.033854166666666671 0.14638269100743748 9.5000000000000018 0.10220618182554275 0.049479166666666671 0.13449864929286512 0.12018255578093308 0.47191830780452232 0.059963812581092742 0.10036056523027932 0.048735142171201735 0.5087527352297595 0.049960674197568812 0.078811545216678311 0.1179851250845166 0.38548504741064926 0.092343140730237527 0.080729166666666671 0.018229166666666668 0.12946754194018967 0.033854166666666671
decision_type=2 2 2 2 2 2 2 2 2 2 2 2 2 2 2 2 2 2 2 2 2 2 2 2 2 2 2 2 2 2
left_child=1 -1 19 4 7 24 -7 28 9 14 11 -11 -12 -14 25 -13 -10 -18 -19 20 -3 -21 -23 27 -6 -5 -20 -24 -4 -16
right_child=-2 2 3 8 5 6 -8 -9 16 10 12 15 13 -15 29 -17 17 18 26 21 -22 22 23 -25 -26 -27 -28 -29 -30 -31
leaf_value=-3.7833970766012405e-05 0.00029817367268743716 0.00016027418457199697 -0.00010469681409471361 -0.00017048336881764461 0.00015485454906966637 0.00020929160180231332 0.00095499993628510966 -0.00029003126162528914 -5.2849248953463909e-06 -7.7801753063246523e-05 -0.00012680381695058448 0.00012558690933573989 0.00049532319860097853 3.7079680659876984e-06 -0.00048080572297695093 0.00049862369451185863 0.00032601211474033126 -5.5129723791767522e-05 0.00044666816103623003 -0.00024262889218498021 1.0238565836540321e-05 0.00032669245387798208 0.00015645969925174813 -1.2311189308454778e-05 -0.00022521349305554449 0.00027700527238157892 6.0366968706847001e-05 -0.00014685441086274826 8.6166966027729992e-05 -0.00016992303416424163
leaf_weight=853 23 103 48 18 25 28 19 19 173 45 166 30 15.999999999999998 82 22 24 49 60 17 40 680 15.999999999999998 18 1248 22 14.999999999999998 26 179 290 50
leaf_count=853 23 103 48 18 25 28 19 19 173 45 166 30 16 82 22 24 49 60 17 40 680 16 18 1248 22 15 26 179 290 50
internal_value=-1.25776e-06 -2.82982e-06 5.63349e-06 3.19271e-05 8.28712e-05 0.000243858 0.000510762 4.04819e-05 2.95378e-06 -3.96876e-05 -1.61375e-06 0.000123575 -4.85598e-05 8.39759e-05 -0.000171313 0.000291387 6.43573e-05 0.000143621 5.68496e-05 -8.68756e-06 2.99752e-05 -2.88561e-05 -2.30032e-05 -2.68754e-05 -2.30506e-05 3.29228e-05 0.000213098 -0.00011914 5.90618e-05 -0.00026492
internal_weight=4404 4381 3528 1244 451 94 47 357 793 468 363 99 264 98 105 54 325 152 103 2284 783 1501 1461 1445 47 33 43 197 338 72
internal_count=4404 4381 3528 1244 451 94 47 357 793 468 363 99 264 98 105 54 325 152 103 2284 783 1501 1461 1445 47 33 43 197 338 72
is_linear=0
shrinkage=0.03


Tree=198
num_leaves=31
num_cat=1
split_feature=7 19 4 17 8 17 7 7 8 6 4 0 11 17 17 7 16 7 5 17 17 17 7 7 0 7 8 12 8 7
split_gain=0.00216729 0.00143949 0.00199087 0.0022991 0.00277653 0.00153289 0.00321343 0.00208847 0.00189809 0.00162364 0.00259313 0.0024368 0.00249285 0.00273652 0.00267464 0.00376473 0.00221273 0.0021602 0.00183806 0.00252506 0.00171923 0.00165215 0.00197424 0.00263664 0.00210792 0.00208698 0.00237906 0.00171321 0.00165222 0.00291504
threshold=0.38780974986680611 0 0.059895833333333336 0.22878903923070382 0.18691356651965157 0.25261679857033453 0.070577206193085482 0.12456006935358581 0.32168781531003504 0.15714285714285717 0.028645833333333336 0.35525449158882932 0.25000000000000017 0.44987660624627707 0.28393328227384912 0.067389213475357965 25.500000000000004 0.059770957393518474 0.065111561866125781 0.32570922397320157 0.29080723870895808 0.40102969960003415 0.059963812581092742 0.05326294979346325 0.4145153769509492 0.050725144218469499 0.087591098708121498 -0.60785761079279388 0.20833669660143139 0.096876202392636931
decision_type=2 1 2 2 2 2 2 2 2 2 2 2 2 2 2 2 2 2 2 2 2 2 2 2 2 2 2 2 2 2
left_child=1 2 3 -1 -5 6 8 -8 -3 10 17 -11 21 14 15 -14 -12 18 -7 -20 -16 22 23 25 -24 26 -13 -26 29 -29
right_child=-2 5 -4 4 -6 9 7 -9 -10 11 16 12 13 -15 20 -17 -18 -19 19 -21 -22 -23 24 -25 27 -27 -28 28 -30 -31
leaf_value=0.00026283387077789957 0.00028922884794941125 -4.8663618654514544e-05 5.3667116452559523e-05 -1.568555741316627e-06 -0.00018684821165457756 -3.562459102297959e-05 -0.00028280347232505936 1.637072009942961e-05 0.00024384986461736919 0.0002422373007098658 -3.9159593189254162e-05 -0.00026951802212592382 -0.00035407292322113781 -0.00018066790457730398 0.00037613272458768293 0.00015795984933708693 -0.00034789495813004461 -0.00027959284868684411 0.00029213775161376497 -4.3089075979010864e-05 9.5982877877594515e-05 0.0002145927308870778 -0.00026180685374432405 0.00019629076010924725 3.880700478369551e-05 -0.00027047278220046093 5.9052840666046056e-05 -0.00011291490994449766 -0.00024122012249842015 0.00012119482313507428
leaf_weight=28 23 86 761 1332 77 505 84 28 26 39 39 23 28 39 21 24 45 29 39 42 322 24 48 64 131 27 144 210 54 62
leaf_count=28 23 86 761 1332 77 505 84 28 26 39 39 23 28 39 21 24 45 29 39 42 322 24 48 64 131 27 144 210 54 62
internal_value=-1.22001e-06 -2.74491e-06 1.43675e-05 -6.34461e-06 -1.1694e-05 -1.99494e-05 -9.43842e-05 -0.00020801 1.92429e-05 -1.154e-05 -4.82087e-05 8.80245e-06 1.34611e-06 5.90697e-05 8.27404e-05 -0.000117752 -0.000204556 -2.68537e-05 -1.43457e-05 0.000118318 0.000113136 -3.04863e-05 -3.81954e-05 2.93187e-05 -7.26878e-05 -2.57656e-05 1.37992e-05 -5.28236e-05 -8.96444e-05 -5.95514e-05
internal_weight=4404 4381 2198 1437 1409 2183 224 112 112 1959 699 1260 1221 434 395 52 84 615 586 81 343 787 763 258 505 194 167 457 326 272
internal_count=4404 4381 2198 1437 1409 2183 224 112 112 1959 699 1260 1221 434 395 52 84 615 586 81 343 787 763 258 505 194 167 457 326 272
cat_boundaries=0 1
cat_threshold=370
is_linear=0
shrinkage=0.03


Tree=199
num_leaves=31
num_cat=1
split_feature=7 19 4 0 5 0 6 7 6 6 3 7 13 8 3 7 3 6 0 16 6 6 4 7 6 3 0 9 3 7
split_gain=0.00203921 0.00135442 0.00187321 0.00168098 0.00345375 0.00284499 0.00181402 0.00165133 0.00165025 0.0030983 0.00185698 0.00169139 0.00261495 0.00149613 0.00148612 0.00147011 0.00146621 0.00143333 0.00229638 0.00141949 0.00170489 0.00130766 0.00186281 0.00128876 0.00128304 0.00288506 0.00211795 0.00240702 0.00147454 0.00183688
threshold=0.38780974986680611 0 0.059895833333333336 0.40318475364931794 0.10598377281947263 0.39395212316942613 0.21787360105332459 0.064385198188347884 0.24322262831717786 0.23572223105037346 0.070312500000000014 0.069319605145613042 1.0000000180025095e-35 0.11570527351525862 0.033854166666666671 0.059318526023085606 0.080729166666666671 0.22442396313364057 0.43337287022347554 4.5000000000000009 0.19549411162314392 0.23103448275862074 0.039062500000000007 0.047593645554304349 0.2600985221674878 0.049479166666666671 0.44927585088026639 0.64697301239970828 0.054687500000000007 0.051797676022028317
decision_type=2 1 2 2 2 2 2 2 2 2 2 2 2 2 2 2 2 2 2 2 2 2 2 2 2 2 2 2 2 2
left_child=1 2 3 4 7 -6 13 15 9 17 24 16 -13 -5 -7 21 -12 -8 -19 23 -21 -1 -23 -4 25 -10 27 -26 29 -28
right_child=-2 -3 19 6 5 14 8 -9 10 -11 11 12 -14 -15 -16 -17 -18 18 -20 20 -22 22 -24 -25 26 -27 28 -29 -30 -31
leaf_value=-8.8197612651165282e-06 0.0002805523564664906 -1.9350898989774403e-05 -0.00029094874826054767 -9.2154760775600217e-05 0.00044165753662682563 -5.7408038444136848e-05 0.00020785628350946438 0.00023254611565661136 -0.00011358763527719568 0.00036325783882240316 0.00042144467338470649 0.00015004074532193361 -0.00020025013800983608 -0.00036771577906566377 0.00030830233810377251 -0.00026677599257442182 7.7992735568848895e-05 -0.0003638242750849797 0.0001025901735877857 0.00036274902426424225 5.8504869899741651e-05 0.00043205255872865063 -1.4990928672292351e-06 -2.6049807749139032e-06 -0.00055261155040767533 0.0003276989252636332 -0.00026012064778856852 -0.00014856959855021531 -0.00018813692236243428 5.8378309221327332e-05
leaf_weight=686 23 2183 18 61 30 30 15.999999999999998 27 40 27 14.999999999999998 34 44 25 14.999999999999998 19 44 19 19 17 664 14.999999999999998 22 62 19 20 20 44 58 88
leaf_count=686 23 2183 18 61 30 30 16 27 40 27 15 34 44 25 15 19 44 19 19 17 664 15 22 62 19 20 20 44 58 88
internal_value=-1.18341e-06 -2.66257e-06 1.39365e-05 -6.15427e-06 2.10433e-05 0.000215367 -4.48637e-05 2.09082e-06 -2.32533e-05 0.000100869 -4.68543e-05 4.41178e-05 -4.75593e-05 -0.000172263 6.44996e-05 -6.29532e-06 0.000165317 -3.03291e-05 -0.00013062 5.20571e-05 6.61003e-05 5.50309e-07 0.000174272 -6.74852e-05 -8.99794e-05 3.35109e-05 -0.000122335 -0.00027043 -6.61288e-05 -6.04841e-07
internal_weight=4404 4381 2198 1437 844 75 593 769 507 81 426 137 78 86 45 742 59 54 38 761 681 723 37 80 289 60 229 63 166 108
internal_count=4404 4381 2198 1437 844 75 593 769 507 81 426 137 78 86 45 742 59 54 38 761 681 723 37 80 289 60 229 63 166 108
cat_boundaries=0 1
cat_threshold=370
is_linear=0
shrinkage=0.03


Tree=200
num_leaves=31
num_cat=1
split_feature=0 2 7 0 16 3 9 2 6 0 17 9 3 6 6 9 16 17 10 7 8 8 7 17 19 6 10 16 8 7
split_gain=0.00146188 0.00149257 0.00304426 0.00321343 0.0029851 0.00201526 0.00186633 0.00206959 0.00244027 0.0019147 0.00176555 0.00282597 0.00175951 0.00167092 0.00139384 0.00131473 0.00225452 0.00136522 0.00210567 0.00132495 0.00255328 0.00147375 0.00294606 0.00145128 0.0012294 0.00169922 0.00166276 0.00298207 0.00315314 0.0029254
threshold=0.25524309366169701 0.013020833333333334 0.024356284575033051 0.30960096628317918 6.5000000000000009 0.013020833333333334 0.68490153172866541 0.018229166666666668 0.14199904655966952 0.29270582121255478 0.29240798288626951 0.64843180160466829 0.054687500000000007 0.11622437629111713 0.10624049397289508 0.15681983953318746 28.500000000000004 0.21947068334609829 -0.24999999999999994 0.040882472730218208 0.10494867527518857 0.12628659435416911 0.065904323980221752 0.31856863245681227 0 0.13122517082472593 -0.24999999999999994 29.500000000000004 0.10962305582349027 0.11992761639997179
decision_type=2 2 2 2 2 2 2 2 2 2 2 2 2 2 2 2 2 2 2 2 2 2 2 2 1 2 2 2 2 2
left_child=-1 4 10 6 -2 -6 7 -4 -9 -10 12 -12 -3 -8 -7 16 17 -5 19 -19 -21 -22 -23 -24 25 -17 27 28 -26 -29
right_child=1 2 3 15 5 14 13 8 9 -11 11 -13 -14 -15 -16 24 -18 18 -20 20 21 22 23 -25 26 -27 -28 29 -30 -31
leaf_value=-3.6295105774889218e-05 -0.00016905089480177027 -6.8651177465233186e-05 -0.00031444092948447293 0.00014731626800122677 0.00037967164543556805 0.00036713958496677228 -0.00046629186117406411 9.8017217857386543e-05 -1.0136461276435816e-05 -0.00046905873712872661 0.00046497888324170612 7.4219578248698953e-05 0.00030869481364685642 -8.3921740605970239e-05 5.780570793159783e-05 0.00030166691125328298 0.00020107711161953913 0.00017970889637461033 -0.00037021253643515733 -0.00046555289060867323 4.0629306379254202e-05 -0.00049001200828869087 0.00012614027820934847 -0.00019447595779716243 0.00020583168395515034 2.952778789685574e-05 -2.4398518415178962e-05 9.7385399583009466e-05 -5.2189090585702443e-05 0.00050969306865678444
leaf_weight=775 32 43 25 19 28 14.999999999999998 24 65 18 14.999999999999998 31 36 14.999999999999998 18 104 21 26 15.999999999999998 26 15.999999999999998 63 18 24 27 50 1234 1215 174 289 17
leaf_count=775 32 43 25 19 28 15 24 65 18 15 31 36 15 18 104 21 26 16 26 16 63 18 24 27 50 1234 1215 174 289 17
internal_value=1.17378e-06 9.01353e-06 4.7221e-06 -6.2354e-07 9.35229e-05 0.000150683 -0.000129763 -7.08038e-05 -8.64888e-06 -0.000218745 0.000150122 0.000255023 2.89419e-05 -0.000302425 9.68001e-05 5.96323e-06 -6.23695e-05 -9.51436e-05 -0.00011939 -7.96237e-05 -0.000107661 -6.42766e-05 -0.000160059 -4.35982e-05 1.1316e-05 3.38123e-05 -5.02831e-06 3.92821e-05 -1.41324e-05 0.000134085
internal_weight=4479 3704 3525 3400 179 147 165 123 98 33 125 67 58 42 119 3235 235 209 190 164 148 132 69 51 3000 1255 1745 530 339 191
internal_count=4479 3704 3525 3400 179 147 165 123 98 33 125 67 58 42 119 3235 235 209 190 164 148 132 69 51 3000 1255 1745 530 339 191
cat_boundaries=0 1
cat_threshold=354
is_linear=0
shrinkage=0.03


Tree=201
num_leaves=31
num_cat=0
split_feature=1 13 11 6 18 1 20 17 17 9 7 17 8 17 9 1 7 9 6 11 17 17 4 2 2 1 8 5 20 9
split_gain=0.00157523 0.00134005 0.00204625 0.00241228 0.00234928 0.00239281 0.00291362 0.00227475 0.00276685 0.00231258 0.00219348 0.00260212 0.00219669 0.00248116 0.00215671 0.00204086 0.00175661 0.00168287 0.00156101 0.00154324 0.00232641 0.00231722 0.00149093 0.00322938 0.00256252 0.00230545 0.00221447 0.00202931 0.00136417 0.00136187
threshold=0.013020833333333334 1.0000000180025095e-35 -0.5 0.11448094254386963 0.43382352941176472 0.10156250000000001 0.39511013716867388 0.32049069925083423 0.27814654071993883 0.57622173595915405 0.089132082478676544 0.35354437920177018 0.129574486851217 0.29582662077181993 0.70240700218818397 0.049479166666666671 0.028717457926122739 0.57622173595915405 0.37741935483870975 0.93301270189221952 0.21947068334609829 0.28539757438105057 0.059895833333333336 0.039062500000000007 0.070312500000000014 0.044270833333333336 0.16120277903739247 0.14858012170385398 0.27141557038743097 0.60357403355215189
decision_type=2 2 2 2 2 2 2 2 2 2 2 2 2 2 2 2 2 2 2 2 2 2 2 2 2 2 2 2 2 2
left_child=-1 19 3 -3 -5 6 7 8 9 -6 12 18 13 -8 -10 -14 28 -15 -12 -2 -21 -22 29 26 27 -26 -24 -25 -4 -18
right_child=1 2 16 4 5 -7 10 -9 14 -11 11 -13 15 17 -16 -17 22 -19 -20 20 21 -23 23 24 25 -27 -28 -29 -30 -31
leaf_value=-3.4968395743131131e-05 1.402541116419964e-06 -0.00026004991618488159 -5.8032640847189401e-06 -0.00028850445250099444 0.00055308617359217487 0.0001945109961676062 -0.00044300719395211509 0.0003875918373403036 -0.00016161933457592314 5.4797282622753722e-05 -0.00058790073107690727 6.3217283638326545e-05 0.00022649893995126913 -0.00031132211898503081 0.00020066002064266688 -3.8474440116040541e-05 4.148589624644361e-05 -1.4885972334056109e-06 -0.00019688438330791656 2.4632024304621328e-05 -0.0003722922874890395 -3.543129760885334e-05 0.00058805875151631503 -0.00027688474487975735 0.00040460813741242306 8.677668850036929e-05 0.00011674719711445837 2.9598399428487718e-05 0.00030525973345571597 -7.2392653989748485e-05
leaf_weight=875 1962 34 18 24 14.999999999999998 59 17 22 50 19 17 18 47 19 21 59 445 93 20 69 40 34 19 29 23 192 17 59 43 120
leaf_count=875 1962 34 18 24 15 59 17 22 50 19 17 18 47 19 21 59 445 93 20 69 40 34 19 29 23 192 17 59 43 120
internal_value=1.13857e-06 9.90484e-06 3.15826e-05 -1.5536e-05 1.09147e-06 1.56935e-05 -9.6072e-06 0.000110223 5.21041e-05 0.00027464 -6.20846e-05 -0.000232629 -2.21692e-05 -0.000105313 -5.4465e-05 7.90148e-05 5.76565e-05 -5.4052e-05 -0.000376552 -5.53223e-06 -0.000100679 -0.000217521 4.71422e-05 9.68803e-05 6.49635e-05 0.000120779 0.000365504 -7.14037e-05 0.000213472 1.72992e-05
internal_weight=4479 3604 1499 534 500 476 417 127 105 34 290 55 235 129 71 106 965 112 37 2105 143 74 904 339 303 215 36 88 61 565
internal_count=4479 3604 1499 534 500 476 417 127 105 34 290 55 235 129 71 106 965 112 37 2105 143 74 904 339 303 215 36 88 61 565
is_linear=0
shrinkage=0.03


Tree=202
num_leaves=31
num_cat=0
split_feature=1 13 11 6 3 0 1 8 1 2 8 8 1 12 0 0 5 3 3 9 2 0 8 5 17 6 8 8 9 18
split_gain=0.00148214 0.00126086 0.00192532 0.00226972 0.00334388 0.00328916 0.00318108 0.00272671 0.00237826 0.00220796 0.00186687 0.00175454 0.00200923 0.00172845 0.00170761 0.00164143 0.00179942 0.00225107 0.00185877 0.00147599 0.00280619 0.00177406 0.00154768 0.00156704 0.0017544 0.00145614 0.00221021 0.00310824 0.00204633 0.00192412
threshold=0.013020833333333334 1.0000000180025095e-35 -0.5 0.11448094254386963 0.044270833333333336 0.36643735909897551 0.10156250000000001 0.10962305582349027 0.049479166666666671 0.10156250000000001 0.072578775498485251 0.19010694606400499 0.028645833333333336 -1.0000000180025095e-35 0.52923474082410504 0.35036909512148623 0.07758620689655174 0.0078125000000000017 0.018229166666666668 0.65134938001458809 0.065104166666666671 0.45166513517880397 0.15376901510591112 0.12018255578093308 0.30297185109541513 0.23432385189893537 0.11870210046869774 0.13131333708142751 0.47191830780452232 0.45735294117647063
decision_type=2 2 2 2 2 2 2 2 2 2 2 2 2 2 2 2 2 2 2 2 2 2 2 2 2 2 2 2 2 2
left_child=-1 -2 3 -3 7 -6 9 10 -9 11 -5 12 -7 -13 -11 16 17 -4 -19 20 21 -14 23 -21 -25 -17 -27 -28 29 -29
right_child=1 2 15 4 5 6 -8 8 -10 14 -12 13 19 -15 -16 25 -18 18 -20 22 -22 -23 -24 24 -26 26 27 28 -30 -31
leaf_value=-3.3919345347682023e-05 -5.3662653956950783e-06 -0.00025224864452283853 -0.00019019210363343636 0.00019412211015034075 0.00037512266163149702 -0.00038332164477781848 0.00011736257346110527 0.00035297625571279091 3.5772208662431608e-05 -0.00052526947151401845 -9.3355778917552653e-05 -0.00016270686684995961 0.00014996192251561031 0.00024462974917355615 -0.00014992853994601749 -3.9395577735969008e-05 0.00042392290988533659 0.00042990278412298916 8.4597266990062034e-05 -0.00015528846940782327 -0.00055829727442414966 -0.00029015231972554347 -0.00024857139838581528 0.0004234484446976719 2.6094660210755299e-05 0.00019149423921642055 -0.00012665033676781124 0.00012861863648981706 0.0001230153370020131 -5.4992498532876457e-05
leaf_weight=875 2105 34 18 29 14.999999999999998 24 59 52 36 20 68 14.999999999999998 17 25 24 160 20 20 47 21 14.999999999999998 15.999999999999998 19 14.999999999999998 30 100 87 75 275 163
leaf_count=875 2105 34 18 29 15 24 59 52 36 20 68 15 17 25 24 160 20 20 47 21 15 16 19 15 30 100 87 75 275 163
internal_value=1.10442e-06 9.60769e-06 3.06352e-05 -1.50699e-05 1.0587e-06 -5.83968e-05 -8.00739e-05 0.000102294 0.000223213 -0.000128409 -7.40767e-06 -8.54941e-05 -0.000130685 9.18783e-05 -0.000320546 5.59269e-05 0.000167902 0.000107657 0.000187678 -8.50937e-05 -0.000218084 -6.34291e-05 -9.99167e-06 5.86931e-05 0.000158552 4.22553e-05 6.09184e-05 3.91555e-05 6.72748e-05 2.86845e-06
internal_weight=4479 3604 1499 534 500 315 300 185 88 241 97 197 157 40 44 965 105 85 67 133 48 33 85 66 45 860 700 600 513 238
internal_count=4479 3604 1499 534 500 315 300 185 88 241 97 197 157 40 44 965 105 85 67 133 48 33 85 66 45 860 700 600 513 238
is_linear=0
shrinkage=0.03


Tree=203
num_leaves=31
num_cat=1
split_feature=1 19 8 8 8 6 11 9 6 4 5 11 9 1 17 0 8 6 8 9 5 8 9 8 8 1 6 18 18 0
split_gain=0.00139454 0.00109015 0.00340116 0.00193572 0.00278414 0.00214202 0.00207232 0.0021418 0.00183103 0.00176955 0.00175392 0.00205868 0.00267357 0.00262538 0.00277039 0.00242114 0.00223985 0.00197317 0.0015074 0.00216317 0.00178419 0.00146876 0.00284037 0.00173388 0.0015059 0.00146575 0.00147108 0.00163217 0.00162853 0.00205811
threshold=0.013020833333333334 0 0.070280936010108666 0.20477481889322038 0.22614163575611029 0.67235023041474673 -0.5 0.51677607585703877 0.43456221198156691 0.059895833333333336 0.28904665314401629 1.0000000180025095e-35 0.35922684172137131 0.10156250000000001 0.30080198603787212 0.52628531952766189 0.11732344689526199 0.38847926267281113 0.29888286581140178 0.72611232676878201 0.52839756592292109 0.12450006889054512 0.24215900802334064 0.12558172954289096 0.12257353191986238 0.018229166666666668 0.14012394724296842 0.48676470588235299 0.47794117647058826 0.40318475364931794
decision_type=2 1 2 2 2 2 2 2 2 2 2 2 2 2 2 2 2 2 2 2 2 2 2 2 2 2 2 2 2 2
left_child=-1 2 -2 8 6 -6 -5 -8 21 25 11 13 -13 14 15 -11 -16 -14 19 -12 -20 24 -23 -24 -3 -4 -27 28 29 -28
right_child=1 3 9 4 5 -7 7 -9 -10 10 18 12 17 -15 16 -17 -18 -19 20 -21 -22 22 23 -25 -26 26 27 -29 -30 -31
leaf_value=-3.2901766165830617e-05 0.00046821570109570625 1.5118654680763109e-05 0.00019940710077255057 -0.00045963277717483639 -9.0100286564458506e-08 -0.00027519779391649307 -0.00041543649267173082 1.6896567492496794e-05 0.00011008975936871448 0.00018348657419796206 1.0029812812923958e-05 9.0474785015099557e-05 0.00064784581716176184 0.00028008279621614859 1.6846604787302837e-05 -0.00019955953764866686 -0.00033268341277353618 0.00024700347187264348 -0.00020179910517872102 0.00029653821203544882 0.00016046497102357242 -0.00019426013472679886 -0.00026074498785775652 -1.1296299825644787e-06 0.00017587976280291113 -0.00020679081660839702 0.00019730680761997224 7.4972066457785889e-05 -0.00017122874071002375 -5.1885036058611489e-05
leaf_weight=875 15.999999999999998 1127 27 24 282 28 14.999999999999998 33 151 68 195 91 14.999999999999998 34 33 19 33 42 52 27 15.999999999999998 85 24 655 55 38 36 133 76 174
leaf_count=875 16 1127 27 24 282 28 15 33 151 68 195 91 15 34 33 19 33 42 52 27 16 85 24 655 55 38 36 133 76 174
internal_value=1.07128e-06 9.31946e-06 3.36555e-05 -1.8528e-06 -6.39716e-05 -2.49393e-05 -0.000232025 -0.000118213 9.45427e-06 2.76889e-05 6.10369e-05 0.000107796 0.000191391 4.1634e-05 -1.13561e-05 9.98315e-05 -0.000157921 0.000352498 7.02238e-06 4.48766e-05 -0.000116559 1.6454e-06 -3.07727e-05 -1.03064e-05 2.25992e-05 -1.53741e-05 -2.8064e-05 -1.18544e-05 -5.22318e-05 -9.1657e-06
internal_weight=4479 3604 1125 2479 382 310 72 48 2097 1109 625 335 148 187 153 87 66 57 290 222 68 1946 764 679 1182 484 457 419 286 210
internal_count=4479 3604 1125 2479 382 310 72 48 2097 1109 625 335 148 187 153 87 66 57 290 222 68 1946 764 679 1182 484 457 419 286 210
cat_boundaries=0 1
cat_threshold=38
is_linear=0
shrinkage=0.03


Tree=204
num_leaves=31
num_cat=0
split_feature=1 13 11 6 2 2 0 7 0 17 17 9 9 7 7 16 12 18 8 8 5 8 18 17 8 8 0 11 17 16
split_gain=0.00131212 0.00119795 0.00180433 0.00214231 0.00219288 0.00263325 0.00240922 0.00271448 0.0018212 0.00210228 0.00264187 0.00204037 0.00203186 0.00161311 0.00159626 0.00158977 0.00146728 0.00211832 0.00192426 0.00370754 0.0021112 0.00196839 0.00155998 0.00203126 0.00149277 0.00168211 0.00144402 0.00140997 0.00215987 0.00243975
threshold=0.013020833333333334 1.0000000180025095e-35 -0.5 0.11448094254386963 0.096354166666666671 0.085937500000000014 0.59537384276397409 0.12201822244818451 0.39511013716867388 0.32049069925083423 0.27814654071993883 0.57622173595915405 0.70240700218818397 0.028717457926122739 0.090933578475972623 22.500000000000004 0.6078576107927941 0.49558823529411766 0.13902392545863385 0.12535289271839811 0.12237998647734956 0.17403941676705595 0.45735294117647063 0.22423623521402439 0.095052845230286204 0.11775028083749341 0.50105252437683734 0.93301270189221952 0.21947068334609829 10.500000000000002
decision_type=2 2 2 2 2 2 2 2 2 2 2 2 2 2 2 2 2 2 2 2 2 2 2 2 2 2 2 2 2 2
left_child=-1 27 3 -3 5 8 14 -8 9 10 11 -5 -12 -4 -6 -10 17 22 19 24 -20 -22 23 -15 -18 -26 -17 -2 -29 -30
right_child=1 2 13 4 6 -7 7 -9 15 -11 12 -13 -14 16 -16 26 18 -19 20 -21 21 -23 -24 -25 25 -27 -28 28 29 -31
leaf_value=-3.1914714226389653e-05 1.0728093337301039e-06 -0.00024513495623510622 0.00020333582243600636 0.00052908700910492582 -0.00010076450829374604 0.00033013728867417158 0.00032869466960764725 -0.000185397361569343 -0.00027809324249517513 0.00037169618575228527 -0.00015818142409416234 5.5340592689129968e-05 0.00019345559340051415 0.00040701413651880096 -0.0004087309633188721 -4.3643827969742113e-05 -0.00018936548600927624 0.00023989373584190632 0.00039803314737741664 -0.0004016720949864523 0.00019798923656041742 -4.5013767990363738e-05 2.0260360486000516e-05 8.9691598062309832e-05 0.000162411089682131 -0.00013248477606956429 0.00016331789188064687 2.4240986704741589e-05 -0.00041769315225981236 -6.6843374012623684e-05
leaf_weight=875 1962 34 61 14.999999999999998 33 25 18 19 22 22 50 18 21 21 28 193 31 60 14.999999999999998 28 42 105 392 134 49 27 36 69 30 44
leaf_count=875 1962 34 61 15 33 25 18 19 22 22 50 18 21 21 28 193 31 60 15 28 42 105 392 134 49 27 36 69 30 44
internal_value=1.03915e-06 9.03988e-06 2.95361e-05 -1.47096e-05 9.59737e-07 3.198e-05 -0.000126286 6.47036e-05 1.22074e-05 0.000105271 4.89087e-05 0.000270689 -5.41748e-05 5.40203e-05 -0.000242131 -3.45099e-05 4.39445e-05 7.06793e-05 -1.06953e-05 -9.43449e-05 5.90129e-05 2.44165e-05 5.21179e-05 0.000132686 -1.39198e-05 5.76451e-05 -1.11078e-05 -5.55576e-06 -9.6501e-05 -0.000209083
internal_weight=4479 3604 1499 534 500 402 98 37 377 126 104 33 71 965 61 251 904 607 297 135 162 147 547 155 107 76 229 2105 143 74
internal_count=4479 3604 1499 534 500 402 98 37 377 126 104 33 71 965 61 251 904 607 297 135 162 147 547 155 107 76 229 2105 143 74
is_linear=0
shrinkage=0.03


Tree=205
num_leaves=31
num_cat=1
split_feature=4 16 3 6 2 2 17 19 7 11 7 13 11 17 8 17 4 0 7 8 4 6 16 2 8 4 10 8 7 10
split_gain=0.0016349 0.00251851 0.00222312 0.00195319 0.00305521 0.00275599 0.00235208 0.00264331 0.00152453 0.00194294 0.00136765 0.00166786 0.00280391 0.00239168 0.00245148 0.0021509 0.00243435 0.00207628 0.00155571 0.00288705 0.00153763 0.00214756 0.00146643 0.001877 0.00177857 0.00144656 0.00139434 0.00132983 0.00154365 0.00155909
threshold=0.023437500000000003 29.500000000000004 0.023437500000000003 0.27419354838709686 0.070312500000000014 0.070312500000000014 0.37915922049187312 0 0.020972266000457252 1.0000000180025095e-35 0.040747545603109198 -0.22252093395631442 0.6830127018922193 0.28622068848139121 0.16531796151224473 0.28912432984426867 0.059895833333333336 0.28737119774593961 0.12338484922465606 0.18579397213266124 0.033854166666666671 0.39493087557603695 25.500000000000004 0.039062500000000007 0.075223422284331695 0.028645833333333336 0.68301270189221941 0.12421201642130983 0.040067457934811222 -0.6830127018922193
decision_type=2 2 2 2 2 2 2 1 2 2 2 2 2 2 2 2 2 2 2 2 2 2 2 2 2 2 2 2 2 2
left_child=1 2 -1 5 -5 6 7 -3 9 -2 11 12 15 14 -13 16 -10 -17 -12 -20 -21 -22 24 -24 -15 -19 -26 28 29 -4
right_child=8 3 27 4 -6 -7 -8 -9 10 -11 18 13 -14 22 -16 17 -18 25 19 20 21 -23 23 -25 26 -27 -28 -29 -30 -31
leaf_value=-3.1021240959171575e-05 0.00031161803607590067 -5.4208490878584329e-05 7.8222893184339733e-05 -0.00045905844454253747 4.561835700318752e-05 0.00037241379744173031 0.00035944485127232639 7.753477390530187e-05 0.00021074482415998151 -4.092780350690436e-05 2.7319279526624165e-05 -0.00018888193927118178 -0.00043855366287008429 0.00045780233824016661 0.00022441907447376484 -0.00047311240013943469 -0.00015436544989969587 0.00012668162137025179 -0.00026454834256625122 -0.00028972620952707486 0.00036144393108376388 -9.9306545540587677e-06 -0.00011613913584712558 0.00017678355182603077 0.00032417738831476439 -0.00015344809720281157 -4.4524554138926561e-05 -2.5431310239865852e-05 -0.00028359766614776229 -0.00020919262099087897
leaf_weight=598 34 270 29 19 25 21 18 259 42 24 2229 67 20 18 15.999999999999998 14.999999999999998 27 21 46 15.999999999999998 14.999999999999998 213 45 35 14.999999999999998 79 24 60 79 41
leaf_count=598 34 270 29 19 25 21 18 259 42 24 2229 67 20 18 16 15 27 21 46 16 15 213 45 35 15 79 24 60 79 41
internal_value=8.80561e-07 -2.56531e-05 -6.0458e-05 2.02416e-05 -0.000172316 3.51583e-05 2.221e-05 1.07344e-05 1.34268e-05 0.000165739 1.0425e-05 -3.94225e-05 -0.000101212 1.78732e-05 -0.000109208 -6.4542e-05 6.78754e-05 -0.000143992 1.88154e-05 -4.65468e-05 -5.44722e-06 1.45034e-05 9.48641e-05 1.20151e-05 0.000211141 -9.46202e-05 9.72886e-05 -0.000144683 -0.000192704 -9.01211e-05
internal_weight=4420 1419 807 612 44 568 547 529 3001 58 2943 424 204 220 83 184 69 115 2519 290 244 228 137 80 57 100 39 209 149 70
internal_count=4420 1419 807 612 44 568 547 529 3001 58 2943 424 204 220 83 184 69 115 2519 290 244 228 137 80 57 100 39 209 149 70
cat_boundaries=0 1
cat_threshold=537
is_linear=0
shrinkage=0.03


Tree=206
num_leaves=31
num_cat=2
split_feature=9 4 16 1 0 7 11 9 14 16 0 6 2 2 17 19 17 10 6 6 7 0 19 16 6 18 13 2 0 7
split_gain=0.00158349 0.00168443 0.00228793 0.00247575 0.0045783 0.00205882 0.00221811 0.00199907 0.00205718 0.00188314 0.00305351 0.00183841 0.00287466 0.00259244 0.00221366 0.00251813 0.00179341 0.00176711 0.00201097 0.00358876 0.00210729 0.00230708 0.00229994 0.00287732 0.00222472 0.00281531 0.00459959 0.00231889 0.00206503 0.00195357
threshold=0.10977388767323125 0.023437500000000003 29.500000000000004 0.018229166666666668 0.30960096628317918 0.020972266000457252 1.0000000180025095e-35 0.42924872355944577 1.0000000180025095e-35 17.500000000000004 0.36643735909897551 0.27419354838709686 0.070312500000000014 0.070312500000000014 0.37915922049187312 0 0.31759145956763773 -0.24999999999999994 0.29815668202764983 0.2824884792626729 0.077341895504554822 0.40173184401392875 1 9.5000000000000018 0.26958525345622125 0.48676470588235299 1.0000000180025095e-35 0.039062500000000007 0.40318475364931794 0.027344489390546126
decision_type=2 2 2 2 2 2 2 2 2 2 2 2 2 2 2 1 2 2 2 2 2 2 1 2 2 2 2 2 2 2
left_child=-1 2 3 4 -2 6 -3 16 9 -9 -11 13 -13 14 15 -4 -5 29 19 20 22 -22 23 -19 25 26 27 -25 -21 -7
right_child=1 5 11 7 -6 17 -8 8 -10 10 -12 12 -14 -15 -16 -17 -18 18 -20 28 21 -23 -24 24 -26 -27 -28 -29 -30 -31
leaf_value=-8.6042174181769459e-05 -4.261704227377142e-05 0.00036650648476063382 -5.3744558160431048e-05 -0.00020490687859135145 0.00039969901867323629 -0.00024283407073360686 -2.2324873644674445e-05 -0.00035159373768287657 8.5447411730052515e-06 0.00020442348268495726 -0.00034242991220934652 -0.00044528741310011655 4.4249864465363966e-05 0.00036124191699040184 0.00034866211650643765 7.5295208361516805e-05 0.00011359507097725046 -0.00043271911866134678 2.2640269585922284e-05 -0.0005432779847383951 -0.00014240003029730781 0.00023385315328478548 -2.6988455769390483e-06 -0.0002312716090241188 0.00025765003677641091 0.0001179735584336261 2.225159151852236e-05 -0.00071283298500143387 -0.00015490643387600507 5.7206917548013569e-05
leaf_weight=181 493 31 266 26 22 20 23 77 31 17 20 19 25 21 18 259 41 26 1217 14.999999999999998 20 55 487 18 14.999999999999998 28 32 18 69 830
leaf_count=181 493 31 266 26 22 20 23 77 31 17 20 19 25 21 18 259 41 26 1217 15 20 55 487 18 15 28 32 18 69 830
internal_value=8.55727e-07 4.56618e-06 -2.33254e-05 -5.92413e-05 -2.37212e-05 1.73882e-05 0.000200896 -0.000145528 -0.000208148 -0.000267073 -9.11742e-05 1.96201e-05 -0.000167147 3.41908e-05 2.15418e-05 1.03256e-05 -1.00039e-05 1.39112e-05 -1.489e-06 -3.89926e-05 -1.67279e-05 0.000133518 -3.47865e-05 -0.00013854 -8.21107e-05 -0.0001352 -0.000239449 -0.000472065 -0.000224264 5.01469e-05
internal_weight=4420 4239 1335 727 515 2904 54 212 145 114 37 608 44 564 543 525 67 2850 2000 783 699 75 624 137 111 96 68 36 84 850
internal_count=4420 4239 1335 727 515 2904 54 212 145 114 37 608 44 564 543 525 67 2850 2000 783 699 75 624 137 111 96 68 36 84 850
cat_boundaries=0 1 2
cat_threshold=537 7
is_linear=0
shrinkage=0.03


Tree=207
num_leaves=31
num_cat=1
split_feature=4 16 1 0 8 6 2 7 5 19 18 4 3 16 0 7 12 2 6 12 8 2 3 7 1 7 2 7 8 7
split_gain=0.00143911 0.00222642 0.00207493 0.00320084 0.00183422 0.00295152 0.00182314 0.00173559 0.00313077 0.00234983 0.00166951 0.00168029 0.00165394 0.00185931 0.00179429 0.00161965 0.00159607 0.00159368 0.00227685 0.00317371 0.00344692 0.00147436 0.00136642 0.00155735 0.00134056 0.00180856 0.00130163 0.00126472 0.00201512 0.00148757
threshold=0.023437500000000003 29.500000000000004 0.018229166666666668 0.30960096628317918 0.074423100784269183 0.12030373884815329 0.013020833333333334 0.11992761639997179 0.17748478701825562 0 0.48676470588235299 0.013020833333333334 0.023437500000000003 13.500000000000002 0.49186532472164229 0.028908273699210747 -1.0000000180025095e-35 0.070312500000000014 0.12660325531769998 0.87837969732492682 0.059038120693449485 0.039062500000000007 0.044270833333333336 0.036173359327714573 0.0078125000000000017 0.020972266000457252 0.033854166666666671 0.040747545603109198 0.076479323991404488 0.12201822244818451
decision_type=2 2 2 2 2 2 2 2 2 1 2 2 2 2 2 2 2 2 2 2 2 2 2 2 2 2 2 2 2 2
left_child=1 2 3 15 5 -4 -6 8 9 10 11 -3 13 -8 22 -1 -13 18 19 20 -11 -18 23 -14 -2 -26 -24 -27 -29 -30
right_child=24 7 4 -5 6 -7 12 -9 -10 17 -12 16 14 -15 -16 -17 21 -19 -20 -21 -22 -23 26 -25 25 27 -28 28 29 -31
leaf_value=-3.1466806993107118e-05 -0.00015569342700444571 -7.1040629392728769e-05 -0.00017185980028407524 0.00030639069661943447 -0.00048540729965739469 0.0003544351134336834 0.00025542677047551559 0.00030929893256785882 -0.00036858400481598011 -3.8226639238708925e-05 -0.00022224369226760834 0.00027078473688965351 -0.00011040187235710686 -0.00015569280137963943 7.554760244114119e-05 -0.00032898635575220772 -8.3070177772719792e-05 0.00031787825683600169 -2.7385962611093357e-05 0.00042054142149745833 0.0003329335477239113 0.00026035742137099833 7.5982906192723052e-05 -0.00043083910640874995 0.00019960193744928176 -3.6621489234074402e-05 -0.0002211330394702562 0.00026866549510844926 2.581914747296416e-05 -4.5248974999389538e-05
leaf_weight=525 42 154 22 25 14.999999999999998 17 18 18 19 76 39 30 20 22 20 17 45 24 130 30 32 14.999999999999998 19 43 47 413 44 29 2168 302
leaf_count=525 42 154 22 25 15 17 18 18 19 76 39 30 20 22 20 17 45 24 130 30 32 15 19 43 47 413 44 29 2168 302
internal_value=8.31325e-07 -2.40629e-05 -5.67874e-05 -2.54905e-05 -0.000130726 5.7554e-05 -0.000167258 1.90885e-05 1.02937e-05 2.28138e-05 -3.8624e-05 -1.08571e-05 -0.000141598 2.93128e-05 -0.000188423 -4.07992e-05 9.21233e-05 8.09097e-05 6.27065e-05 0.000147576 7.17488e-05 2.78963e-06 -0.000230323 -0.000329116 1.26024e-05 1.49912e-05 -0.000131527 1.20115e-05 2.00489e-05 1.71298e-05
internal_weight=4420 1419 807 567 240 39 201 612 594 575 283 244 186 40 146 542 90 292 268 138 108 60 126 63 3001 2959 63 2912 2499 2470
internal_count=4420 1419 807 567 240 39 201 612 594 575 283 244 186 40 146 542 90 292 268 138 108 60 126 63 3001 2959 63 2912 2499 2470
cat_boundaries=0 1
cat_threshold=531
is_linear=0
shrinkage=0.03


Tree=208
num_leaves=31
num_cat=1
split_feature=9 4 16 7 6 6 3 2 17 19 10 3 7 6 6 8 2 8 6 13 9 7 6 3 4 3 4 8 7 5
split_gain=0.0014767 0.00150114 0.00202564 0.00186291 0.00185213 0.00171153 0.00275236 0.00233072 0.00202088 0.00231493 0.00165498 0.00198587 0.00191278 0.00188686 0.00338231 0.00318334 0.00217691 0.00412225 0.00298326 0.0035852 0.0026221 0.00207308 0.00198676 0.00233529 0.0019702 0.00196544 0.00330525 0.00199988 0.00285391 0.00331187
threshold=0.10977388767323125 0.023437500000000003 29.500000000000004 0.020972266000457252 0.11254001044244173 0.27419354838709686 0.096354166666666671 0.070312500000000014 0.37915922049187312 0 -0.24999999999999994 0.12760416666666669 0.027344489390546126 0.29815668202764983 0.2824884792626729 0.15839388229963916 0.049479166666666671 0.12711936694370876 0.26197362148418885 1.0000000180025095e-35 0.48322392414296145 0.068441601191932266 0.23917050691244243 0.033854166666666671 0.039062500000000007 0.054687500000000007 0.059895833333333336 0.22614163575611029 0.07280125748492898 0.2505070993914808
decision_type=2 2 2 2 2 2 2 2 2 1 2 2 2 2 2 2 2 2 2 2 2 2 2 2 2 2 2 2 2 2
left_child=-1 2 -2 4 -3 7 -7 8 9 -4 11 12 -5 14 15 16 18 21 22 -20 -19 -18 -12 -24 -25 26 -15 28 -28 -30
right_child=1 3 5 10 -6 6 -8 -9 -10 -11 13 -13 -14 25 -16 -17 17 20 19 -21 -22 -23 23 24 -26 -27 27 -29 29 -31
leaf_value=-8.3110199196734285e-05 -5.5735336840922804e-05 -2.0844379551830607e-05 8.2393079871566604e-05 -0.0002344508239053982 0.00033672746491666126 -0.00033237939031207568 0.00016816895222058535 0.00034263042221446707 0.0003330853587317522 -4.300287450553049e-05 5.8421784601152727e-07 -0.00024713958620628919 6.2528117619548563e-05 -4.3887829120238668e-05 -0.00021790862143609974 0.00020263899751222518 -7.987870113828908e-05 -2.5842008972782042e-05 4.2088752254954062e-05 0.0005683991226265924 -0.0004854873803486921 0.00027845449563564811 9.3712895107237137e-05 -6.3917671296689426e-06 -0.00040824314848139653 2.2708419568390171e-06 0.00010497799768294099 3.1568582485331737e-05 0.00058077868097168399 4.7978636394654998e-05
leaf_weight=181 727 22 218 20 32 29 14.999999999999998 21 18 307 348 20 810 94 84 55 100 15.999999999999998 37 17 37 17 21 15.999999999999998 35 967 53 53 35 14.999999999999998
leaf_count=181 727 22 218 20 32 29 15 21 18 307 348 20 810 94 84 55 100 16 37 17 37 17 21 16 35 967 53 53 35 15
internal_value=8.06388e-07 4.38954e-06 -2.19409e-05 1.64939e-05 0.000191052 1.8468e-05 -0.000161738 3.25269e-05 2.05333e-05 9.81665e-06 1.31864e-05 4.82535e-05 5.53717e-05 -1.71711e-06 -3.8045e-05 -1.64302e-05 -3.51399e-05 -0.00012724 -2.10789e-06 0.000207787 -0.00034673 -2.78113e-05 -2.90947e-05 -0.000172541 -0.000282175 2.16558e-05 9.66363e-05 0.000181311 0.000258362 0.000420943
internal_weight=4420 4239 1335 2904 54 608 44 564 543 525 2850 850 830 2000 783 699 644 170 474 54 53 117 420 72 51 1217 250 156 103 50
internal_count=4420 4239 1335 2904 54 608 44 564 543 525 2850 850 830 2000 783 699 644 170 474 54 53 117 420 72 51 1217 250 156 103 50
cat_boundaries=0 1
cat_threshold=358
is_linear=0
shrinkage=0.03


Tree=209
num_leaves=31
num_cat=0
split_feature=9 4 16 1 0 9 12 7 11 18 8 6 2 2 7 1 8 15 10 1 9 16 2 6 4 6 2 16 7 0
split_gain=0.00138952 0.00141175 0.00190695 0.00219946 0.00410165 0.00187785 0.00203635 0.00175282 0.00199009 0.0017118 0.00168226 0.00161073 0.00255446 0.00219268 0.00188344 0.00156248 0.00154583 0.00152084 0.00151237 0.00253126 0.00175629 0.00250747 0.00264465 0.0025931 0.00212295 0.00204543 0.00340564 0.00169798 0.00167416 0.00166422
threshold=0.10977388767323125 0.023437500000000003 29.500000000000004 0.018229166666666668 0.30960096628317918 0.42924872355944577 1.0000000180025095e-35 0.020972266000457252 1.0000000180025095e-35 0.48382352941176471 0.074423100784269183 0.27419354838709686 0.070312500000000014 0.070312500000000014 0.090266055694361871 0.0078125000000000017 0.14266440600799832 1.0000000180025095e-35 -0.24999999999999994 0.018229166666666668 0.69401896425966469 27.500000000000004 0.075520833333333343 0.3728110599078342 0.039062500000000007 0.46682027649769592 0.059895833333333336 4.5000000000000009 0.045947932681796547 0.49771850048640126
decision_type=2 2 2 2 2 2 2 2 2 2 2 2 2 2 2 2 2 2 2 2 2 2 2 2 2 2 2 2 2 2
left_child=-1 2 3 4 -2 9 10 8 -3 -5 -7 13 -13 14 16 -9 17 -4 19 28 21 24 -23 -24 -21 26 -22 -20 -17 -28
right_child=1 7 11 5 -6 6 -8 15 -10 -11 -12 12 -14 -15 -16 18 -18 -19 27 20 25 22 23 -25 -26 -27 29 -29 -30 -31
leaf_value=-8.0616908772153032e-05 -3.8469010154906749e-05 0.00034218828721230943 3.3895519480055441e-05 -0.00011006831040732135 0.00038018926572813867 0.00016343171987822269 -0.00031571797627579764 -0.00020256780914795029 -2.6114587076844042e-05 0.00021282503638997476 -0.00016788388065434623 -0.00041907916671062842 4.2389697838892178e-05 0.00033235200452407432 0.00035141622614738555 6.5345782080401869e-05 -0.00021972362637599516 -0.0002061284482076873 -8.711995600634286e-05 0.00014530782727534606 -9.4042094765572226e-05 8.7975401506919086e-05 0.00013212344113666853 0.00056456331773868478 -1.7757568739507675e-05 -0.00025743199438150029 0.0002893999328315869 9.5275887684985382e-06 0.00048931689773547564 -3.7683300424024299e-05
leaf_weight=181 493 31 478 45 22 18 68 30 23 22 59 19 25 21 14.999999999999998 14.999999999999998 25 25 180 94 115 151 26 24 305 32 42 1796 19 21
leaf_count=181 493 31 478 45 22 18 68 30 23 22 59 19 25 21 15 15 25 25 180 94 115 151 26 24 305 32 42 1796 19 21
internal_value=7.84877e-07 4.26065e-06 -2.12738e-05 -5.40633e-05 -2.05839e-05 -0.000135392 -0.000196085 1.59991e-05 0.000185321 -4.04204e-06 -9.04324e-05 1.79334e-05 -0.000156886 3.15721e-05 1.99391e-05 1.27908e-05 1.05215e-05 2.19655e-05 1.5082e-05 4.86981e-05 3.80536e-05 6.41879e-05 0.000150595 0.000339702 2.06591e-05 -3.66156e-05 3.08293e-06 7.23623e-07 0.000302278 0.000180373
internal_weight=4420 4239 1335 727 515 212 145 2904 54 67 77 608 44 564 543 2850 528 503 2820 844 810 600 201 50 399 210 178 1976 34 63
internal_count=4420 4239 1335 727 515 212 145 2904 54 67 77 608 44 564 543 2850 528 503 2820 844 810 600 201 50 399 210 178 1976 34 63
is_linear=0
shrinkage=0.03


Tree=210
num_leaves=31
num_cat=1
split_feature=19 18 16 7 16 9 16 17 10 7 0 17 16 8 6 8 17 11 1 10 17 16 8 2 18 17 12 11 7 0
split_gain=0.00127422 0.00165666 0.0017765 0.00200083 0.00197972 0.00247796 0.00147449 0.00210993 0.00146583 0.00145241 0.00139781 0.00138827 0.00136215 0.00199524 0.00177157 0.00238726 0.00430621 0.00274533 0.00436696 0.00208223 0.00132553 0.00128291 0.00261019 0.00148389 0.00151178 0.001586 0.00135642 0.00127219 0.00128533 0.00269814
threshold=0 0.436764705882353 8.5000000000000018 0.125746181198165 10.500000000000002 0.57330415754923425 22.500000000000004 0.28716704961279899 0.93301270189221952 0.079237953319248058 0.55882118566514938 0.34110156435695865 29.500000000000004 0.14517803960434378 0.7009216589861752 0.19374835634870594 0.35703344396221609 -0.9330127018922193 0.054687500000000007 0.25000000000000011 0.29331619612710885 2.5000000000000004 0.21375244721673287 0.085937500000000014 0.4661764705882353 0.33394810126210833 0.87837969732492682 0.25000000000000017 0.058101126053317166 0.57040581497477094
decision_type=1 2 2 2 2 2 2 2 2 2 2 2 2 2 2 2 2 2 2 2 2 2 2 2 2 2 2 2 2 2
left_child=1 -1 3 9 5 -4 7 10 12 -3 -6 -10 13 -8 15 17 19 18 -14 -17 -19 22 23 24 -2 26 -26 28 -9 -30
right_child=21 2 4 -5 6 -7 8 27 11 -11 -12 -13 14 -15 -16 16 -18 20 -20 -21 -22 -23 -24 -25 25 -27 -28 -29 29 -31
leaf_value=0.00022277721858194504 -0.00032564510206390507 -7.1216591714502622e-05 4.7663669452095397e-05 -0.00035699822501659469 0.00033422998815176355 0.00051329919689045559 -5.6201316821077463e-05 -2.0539465979720783e-05 0.00033151074437915389 0.00013908459818324237 -3.4683725140637213e-05 -1.825947005881082e-05 3.8774377110585447e-05 0.00035581649098506094 -0.00016878020602428473 0.00069186370770139827 -5.1736966143000977e-06 -9.8375834945738856e-05 -0.00057404277228655239 0.00024476056589162111 8.043378939051531e-05 -1.4878909824400953e-06 -0.00044786852524730277 0.00023767211965004188 -3.8180262108104857e-05 0.00020000529878842283 -0.00030815838475031201 6.0298104073563387e-06 -0.00051105994285022716 -4.0729104822044676e-05
leaf_weight=40 19 133 24 18 19 18 17 26 32 38 18 14.999999999999998 25 28 38 14.999999999999998 50 47 18 25 181 3335 15.999999999999998 14.999999999999998 103 21 20 54 23 21
leaf_count=40 19 133 24 18 19 18 17 26 32 38 18 15 25 28 38 15 50 47 18 25 181 3335 16 15 103 21 20 54 23 21
internal_value=2.39944e-06 3.35785e-05 2.53879e-05 -5.61523e-05 4.75941e-05 0.000247229 3.47338e-05 -4.40513e-05 6.05677e-05 -2.44825e-05 0.000154762 0.000219884 4.37027e-05 0.000200168 2.60558e-05 4.65653e-05 0.000180434 2.10659e-06 -0.000217761 0.000412437 4.35736e-05 -5.83399e-06 -8.08469e-05 -4.78538e-05 -7.41305e-05 -4.09426e-05 -8.20813e-05 -0.000103376 -0.000187773 -0.00028659
internal_weight=4452 923 883 189 694 42 652 161 491 171 37 47 444 45 399 361 90 271 43 40 228 3529 194 178 163 144 123 124 70 44
internal_count=4452 923 883 189 694 42 652 161 491 171 37 47 444 45 399 361 90 271 43 40 228 3529 194 178 163 144 123 124 70 44
cat_boundaries=0 1
cat_threshold=34
is_linear=0
shrinkage=0.03


Tree=211
num_leaves=31
num_cat=0
split_feature=17 17 2 8 9 18 12 18 13 18 2 17 17 17 0 8 4 9 3 0 2 6 10 18 18 2 16 4 15 2
split_gain=0.00121358 0.0026217 0.00257038 0.00275749 0.00184936 0.00482638 0.00221954 0.00259953 0.00166663 0.0024916 0.00276444 0.00148101 0.00144928 0.00136531 0.00254256 0.00217235 0.00138525 0.00209137 0.00177704 0.00279699 0.00165001 0.00160261 0.00187712 0.0013428 0.00148227 0.00133075 0.00129641 0.00149447 0.00140223 0.00164383
threshold=0.31099480895242965 0.32306906777164635 0.12760416666666669 0.1795928394607082 0.63493800145878942 0.48088235294117648 1.0000000180025095e-35 0.49558823529411766 1.0000000180025095e-35 0.47205882352941181 0.059895833333333336 0.33907752531699437 0.4564717896349248 0.36060320618347969 0.41876820771680739 0.41775497033152903 0.018229166666666668 0.24507658643326041 0.0078125000000000017 0.32319281828654317 0.028645833333333336 0.12841252184967428 0.68301270189221941 0.50735294117647067 0.45441176470588235 0.16406250000000003 4.5000000000000009 0.21614583333333334 1.0000000180025095e-35 0.11718750000000001
decision_type=2 2 2 2 2 2 2 2 2 2 2 2 2 2 2 2 2 2 2 2 2 2 2 2 2 2 2 2 2 2
left_child=26 23 4 -4 13 8 -7 11 9 -6 -11 -8 -5 16 -15 -16 18 20 -3 -20 -18 -21 -23 24 -2 -14 -1 28 29 -28
right_child=1 2 3 12 5 6 7 -9 -10 10 -12 -13 25 14 15 -17 17 -19 19 21 -22 22 -24 -25 -26 -27 27 -29 -30 -31
leaf_value=-6.3878560350425986e-05 -8.4561790234730644e-05 0.00016334534162920422 0.00047492468187288665 0.0001205358816574848 -0.00043939498111262405 0.00010124591530295813 -0.00041274394716097707 7.8048609081389961e-05 -8.9900458323821728e-05 -0.00030130948413954772 0.0001689524070946622 -0.00010418705735769158 9.2200791705631925e-05 0.00029458788661300715 -0.0001066280994387092 0.00020721254974937557 -0.00028796691869124251 8.8346029777596144e-05 -0.00047450425830507833 0.00023925096215590222 1.5992965421435425e-06 2.8212043530958962e-05 -0.0002871580831720493 -0.00015117770528442887 0.00011156570010213106 -0.0003011072491675766 8.0356247368804854e-06 0.0002958490101647996 -0.00012553545917928067 -9.1222101675896613e-05
leaf_weight=362 38 27 17 114 43 138 21 53 87 30 18 42 15.000000000000002 18 203 22 23 401 15.999999999999998 14.999999999999998 77 41 29 21 397 15.999999999999998 1907 14.999999999999998 83 163
leaf_count=362 38 27 17 114 43 138 21 53 87 30 18 42 15 18 203 22 23 401 16 15 77 41 29 21 397 16 1907 15 83 163
internal_value=2.32746e-06 2.0298e-05 7.56804e-07 0.000113459 -1.32446e-05 -6.40032e-05 1.99397e-05 -7.67868e-05 -0.000183786 -0.000273543 -0.000124961 -0.000207044 7.10774e-05 1.19018e-05 -4.8493e-05 -7.59407e-05 3.52341e-05 5.77373e-05 -5.28449e-05 -0.000110639 -6.50031e-05 -4.21424e-05 -0.000102444 8.31213e-05 9.44326e-05 -0.0001108 -1.13245e-05 -2.5493e-06 -4.62839e-06 2.19638e-07
internal_weight=4452 1922 1466 162 1304 432 254 116 178 91 48 63 145 872 243 225 629 501 128 101 100 85 70 456 435 31 2530 2168 2153 2070
internal_count=4452 1922 1466 162 1304 432 254 116 178 91 48 63 145 872 243 225 629 501 128 101 100 85 70 456 435 31 2530 2168 2153 2070
is_linear=0
shrinkage=0.03


Tree=212
num_leaves=31
num_cat=1
split_feature=19 18 7 7 9 7 7 17 4 8 7 8 8 8 8 0 1 17 7 5 18 5 4 7 0 17 11 17 7 15
split_gain=0.00120289 0.00157519 0.00111581 0.00134079 0.00190328 0.00169894 0.00179005 0.00158277 0.00102782 0.00211735 0.00216056 0.00202309 0.00167211 0.00170498 0.00157984 0.00142482 0.00132387 0.00246112 0.00121928 0.00228442 0.00166355 0.00102219 0.00101484 0.00178989 0.00202516 0.00107653 0.00186453 0.00152428 0.00308502 0.00194455
threshold=0 0.43382352941176472 0.22769620777782279 0.12201822244818451 0.51677607585703877 0.10811401452739054 0.10298321911602835 0.350651008424815 0.059895833333333336 0.1142210635865936 0.06472586299055598 0.13422374372751167 0.34438673485346721 0.27719287970000966 0.12858095081062174 0.4145153769509492 0.054687500000000007 0.32256682483368998 0.076340200555275337 0.1957403651115619 0.50735294117647067 0.35192697768762687 0.0078125000000000017 0.031283141932301375 0.31455013405668064 0.29725129776189269 -0.9330127018922193 0.32306906777164635 0.12201822244818451 1.0000000180025095e-35
decision_type=1 2 2 2 2 2 2 2 2 2 2 2 2 2 2 2 2 2 2 2 2 2 2 2 2 2 2 2 2 2
left_child=1 -1 3 5 -5 6 8 -7 9 10 -3 14 13 15 -11 -10 -13 -18 -17 -20 -21 -6 23 -2 -25 -24 -27 28 29 -28
right_child=22 2 -4 4 21 7 -8 -9 12 11 -12 16 -14 -15 -16 18 17 -19 19 20 -22 -23 25 24 -26 26 27 -29 -30 -31
leaf_value=0.00025447467769913263 -2.0707396062565021e-05 2.5178492103616522e-05 0.0002597791013056374 0.0001489762310967147 -0.00031479491255009774 0.00033733014542615224 -0.00024484524850125158 -4.0089312517298683e-05 0.00034713709830634681 -0.00013880808026918594 0.00039493728968092626 0.00023537440166811923 -0.00017006259794001208 0.00038198233504510278 -0.00048984182277369886 -5.994272803224662e-06 -0.00030987806273241586 0.00012314192428548878 0.00044702273451257082 0.00012092012961432128 -0.0002203164602475934 -5.3027594899424548e-05 -2.2446914163632452e-05 -0.0003838059080314252 -6.6563280814224799e-05 -7.6466167460918934e-05 7.8778221804346086e-05 8.9482135683137487e-07 -0.00029916696802198865 -0.00022145523354427885
leaf_weight=28 546 274 18 20 29 30 22 14.999999999999998 15.999999999999998 50 14.999999999999998 18 24 17 14.999999999999998 137 21 27 17 90 14.999999999999998 25 1055 27 55 179 663 963 21 20
leaf_count=28 546 274 18 20 29 30 22 15 16 50 15 18 24 17 15 137 21 27 17 90 15 25 1055 27 55 179 663 963 21 20
internal_value=2.25763e-06 3.25518e-05 2.59724e-05 2.11733e-05 -0.000101018 3.24339e-05 2.18015e-05 0.000211526 2.97723e-05 -9.78791e-07 4.43714e-05 -0.000101026 7.06439e-05 9.04285e-05 -0.000219822 7.24038e-05 1.59722e-05 -6.63068e-05 5.54306e-05 0.000124407 7.21704e-05 -0.00019361 -5.7417e-06 -4.0335e-05 -0.000171025 1.72719e-06 1.55428e-05 2.54227e-05 5.89742e-05 6.99863e-05
internal_weight=4452 923 895 877 74 803 758 45 736 420 289 131 316 292 65 275 66 48 259 122 105 54 3529 628 82 2901 1846 1667 704 683
internal_count=4452 923 895 877 74 803 758 45 736 420 289 131 316 292 65 275 66 48 259 122 105 54 3529 628 82 2901 1846 1667 704 683
cat_boundaries=0 1
cat_threshold=34
is_linear=0
shrinkage=0.03


Tree=213
num_leaves=31
num_cat=1
split_feature=19 16 16 9 16 17 7 3 8 11 3 8 10 6 8 8 17 8 17 8 8 6 17 16 8 2 6 7 17 10
split_gain=0.00113181 0.00146965 0.00171645 0.00228698 0.00151231 0.00170684 0.00141652 0.00195609 0.0015399 0.0013585 0.00125406 0.0016551 0.00183037 0.00156891 0.00195798 0.00181022 0.00155037 0.0015472 0.00251932 0.00154573 0.00152387 0.00140219 0.00189075 0.00116287 0.00243075 0.00139072 0.00115995 0.00236732 0.00114194 0.00113652
threshold=0 8.5000000000000018 10.500000000000002 0.57330415754923425 21.500000000000004 0.28716704961279899 0.125746181198165 0.049479166666666671 0.10192442018860086 0.25000000000000017 0.10677083333333334 0.14577832249560671 0.25000000000000011 0.15714285714285717 0.095476969969421524 0.084162593940267885 0.36533061016083745 0.19522708183397192 0.30733554591098639 0.10631676495396537 0.075223422284331695 0.7009216589861752 0.36782929699306594 2.5000000000000004 0.21375244721673287 0.085937500000000014 0.54239631336405547 0.058101126053317166 0.30733554591098639 1.0000000180025095e-35
decision_type=1 2 2 2 2 2 2 2 2 2 2 2 2 2 2 2 2 2 2 2 2 2 2 2 2 2 2 2 2 2
left_child=1 6 3 -3 5 -4 7 8 -1 26 11 12 -6 15 -15 20 29 18 -12 -16 -14 22 -19 24 25 -2 27 -7 -11 -13
right_child=23 2 4 -5 10 9 -8 -9 -10 28 17 16 13 14 19 -17 -18 21 -20 -21 -22 -23 -24 -25 -26 -27 -28 -29 -30 -31
leaf_value=-7.6710891779633078e-06 -7.058622533706802e-05 4.5955528548878028e-05 0.00012472767304051773 0.00049328781748392812 -4.6615026772886771e-05 2.6757121924875887e-05 -0.00028730982019968451 9.1207993311562312e-05 -0.00025600348154070101 -9.2624227961265708e-05 3.6114894374461705e-05 0.00042908485892354019 0.00028481178140166868 0.00030432829445704065 -0.00018026102437235667 0.00047710920857501536 5.9632074898874599e-05 0.00033302271764008065 -0.0004501252908902862 0.00013232363949933267 -0.0001151864834878047 -7.4601734149060825e-05 -7.3845869757515069e-05 -1.4317277874568257e-06 -0.00043116858390979237 0.00023126919018712477 1.2710108550405708e-06 -0.00043746642905668082 0.00019774765156483555 0.00018466591413125242
leaf_weight=55 163 24 41 18 115 14.999999999999998 19 83 38 34 22 23 20 18 35 19 71 26 17 24 14.999999999999998 40 17 3335 15.999999999999998 14.999999999999998 19 29 19 67
leaf_count=55 163 24 41 18 115 15 19 83 38 34 22 23 20 18 35 19 71 26 17 24 15 40 17 3335 16 15 19 29 19 67
internal_value=2.1899e-06 3.15753e-05 5.15094e-05 0.000237677 4.01111e-05 -4.16519e-05 -4.12261e-05 -1.46587e-05 -0.000109142 -0.000100459 6.43772e-05 8.96664e-05 4.07242e-05 0.000117396 3.04515e-05 0.000241369 0.000164447 -1.99891e-05 -0.000175842 -5.31079e-05 0.000113386 5.32443e-05 0.00017217 -5.56945e-06 -7.69866e-05 -4.51478e-05 -0.000194623 -0.000279211 1.14731e-05 0.000247133
internal_weight=4452 923 728 42 686 157 195 176 93 116 529 407 246 131 77 54 161 122 39 59 35 83 43 3529 194 178 63 44 53 90
internal_count=4452 923 728 42 686 157 195 176 93 116 529 407 246 131 77 54 161 122 39 59 35 83 43 3529 194 178 63 44 53 90
cat_boundaries=0 1
cat_threshold=34
is_linear=0
shrinkage=0.03


Tree=214
num_leaves=31
num_cat=3
split_feature=17 17 11 1 17 2 8 9 11 17 19 17 4 6 2 19 7 19 0 1 1 7 14 17 17 0 7 7 17 0
split_gain=0.00111413 0.0024019 0.00253973 0.00311577 0.00253276 0.00207517 0.0026076 0.00193879 0.00185007 0.00266194 0.00261817 0.00281814 0.00219469 0.00196598 0.00183624 0.00174922 0.00165292 0.0016476 0.00321248 0.00233432 0.00185189 0.00305731 0.00341429 0.00161694 0.00204709 0.00144587 0.00151999 0.00163802 0.00138961 0.00171233
threshold=0.31099480895242965 0.32306906777164635 -0.9330127018922193 0.059895833333333336 0.32347650530108968 0.12760416666666669 0.1795928394607082 0.89824945295404834 0.6830127018922193 0.42051740277423205 0 0.36673474597906569 0.065104166666666671 0.099850610219273842 0.059895833333333336 1 0.22769620777782279 2 0.39395212316942613 0.033854166666666671 0.075520833333333343 0.11596544270602603 1.0000000180025095e-35 0.3358437579780445 0.34707977897699105 0.29270582121255478 0.089132082478676544 0.10036056523027932 0.36171389668964354 0.452818509754082
decision_type=2 2 2 2 2 2 2 2 2 2 1 2 2 2 2 1 2 1 2 2 2 2 2 2 2 2 2 2 2 2
left_child=-1 2 3 -2 -3 8 -7 15 9 13 -10 12 14 -6 -12 -4 -13 -15 19 -19 21 22 -20 -24 -25 -17 -27 -28 29 -22
right_child=1 4 7 -5 5 6 -8 -9 10 -11 11 16 -14 17 -16 25 -18 18 20 -21 28 -23 23 24 -26 26 27 -29 -30 -31
leaf_value=-1.0956374618750893e-05 3.1325161265990724e-05 -0.00038717672560403989 0.00021839322518545697 -0.00048328883418600154 -0.00035422220404613357 0.00045757750267807459 6.47166555649865e-05 -0.00016926744436191339 -5.4864962137857994e-05 0.00034421046151238415 0.00029192041053409395 -5.822950660498166e-05 0.00056761043061507568 -8.4229501636751665e-05 -1.7331273825823812e-05 -0.00013557511816681984 0.00022541673190433996 3.7169420414406693e-07 -0.00012011029749303403 0.00031587010104354061 -0.00019003259909944188 -0.00039384021348471966 0.00027825417085277493 -0.00014869757755989283 0.00019678175346046265 0.00012555435110394306 -0.00032486081175254306 9.4498189277916558e-05 -5.143331635808691e-05 0.00013012791925407454
leaf_weight=2530 36 14.999999999999998 110 14.999999999999998 17 17 144 22 116 17 48 71 15.999999999999998 310 27 27 25 39 192 46 17 25 31 33 29 212 14.999999999999998 19 101 130
leaf_count=2530 36 15 110 15 17 17 144 22 116 17 48 71 16 310 27 27 25 39 192 46 17 25 31 33 29 212 15 19 101 130
internal_value=2.12421e-06 1.93427e-05 7.94748e-05 -0.000120038 6.3851e-07 4.64789e-06 0.000106201 0.000104599 -8.02669e-06 -2.79326e-05 5.68153e-05 0.000122477 0.000248644 -3.44551e-05 0.000180591 0.000120331 1.56383e-05 -2.87506e-05 -6.827e-07 0.000171114 -2.68649e-05 -7.57476e-05 -4.78435e-05 0.000101352 1.28982e-05 7.02447e-05 9.56906e-05 -9.05172e-05 3.42386e-05 9.31015e-05
internal_weight=4452 1922 456 51 1466 1451 161 405 1290 987 303 187 91 970 75 383 96 953 643 85 558 310 285 93 62 273 246 34 248 147
internal_count=4452 1922 456 51 1466 1451 161 405 1290 987 303 187 91 970 75 383 96 953 643 85 558 310 285 93 62 273 246 34 248 147
cat_boundaries=0 1 2 3
cat_threshold=912 582 149
is_linear=0
shrinkage=0.03


Tree=215
num_leaves=31
num_cat=2
split_feature=17 5 6 9 6 2 16 19 4 4 17 19 7 6 6 7 5 10 17 17 1 3 12 9 7 13 8 3 9 4
split_gain=0.0014565 0.00174334 0.00165462 0.00159454 0.00119262 0.00107852 0.000916698 0.0018323 0.00148099 0.00142192 0.00125268 0.00123144 0.00167329 0.00127288 0.00135238 0.00227365 0.00224777 0.00193126 0.00176071 0.00225963 0.00173176 0.00140565 0.00197456 0.00169249 0.00218844 0.00125222 0.00120583 0.00108921 0.00238741 0.00165456
threshold=0.40894391966641147 0.32150101419878302 0.39493087557603695 0.5948212983223925 0.78755760368663608 0.091145833333333343 2.5000000000000004 0 0.059895833333333336 0.22656250000000003 0.30501495781046467 1 0.11596544270602603 0.45391705069124427 0.26384872080088989 0.079237953319248058 0.13083164300202843 0.93301270189221952 0.35286358607778068 0.30980342098544816 0.070312500000000014 0.054687500000000007 0.87837969732492682 0.30415754923413574 0.028331971210611692 -0.56174490092936669 0.12658369500764458 0.16406250000000003 0.5977388767323123 0.059895833333333336
decision_type=2 2 2 2 2 2 2 1 2 2 2 1 2 2 2 2 2 2 2 2 2 2 2 2 2 2 2 2 2 2
left_child=6 3 -3 -2 5 -4 7 -1 -9 11 -10 12 13 14 15 21 -16 18 19 -18 -21 22 23 26 -25 -26 -8 29 -29 -13
right_child=1 2 4 -5 -6 -7 9 8 10 -11 -12 27 -14 -15 16 -17 17 -19 -20 20 -22 -23 -24 24 25 -27 -28 28 -30 -31
leaf_value=2.7475203375797808e-05 0.00011229433239755386 -0.00024578996810904985 0.00018085826041632286 0.00050070908162540458 0.00032073025334084816 -3.2163537275819765e-05 1.2244397832329175e-05 -6.8490370148599166e-05 -0.00015472252368279088 0.00025710613145215792 -0.00047550428080255896 -2.0013592980217049e-05 -0.00021963522203620876 0.00025289641398721865 -0.00026658917434825151 0.00040732866516709798 -7.4154524166524099e-06 -0.00023271888023033093 -0.00016401451001284967 0.00056133221087674749 0.00014259266002556006 -0.00012909961122820225 0.00035508073238602229 -0.00011992186863093054 5.0766933985080168e-05 0.00033942780541352662 -0.00030210323711665608 3.0617848685592657e-05 -0.00026782370294524334 2.4686667996524652e-05
leaf_weight=117 26 17 31 14.999999999999998 14.999999999999998 69 41 84 28 19 18 2361 20 29 28 19 36 20 19 15.999999999999998 20 29 23 21 21 38 14.999999999999998 52 45 1089
leaf_count=117 26 17 31 15 15 69 41 84 28 19 18 2361 20 29 28 19 36 20 19 16 20 29 23 21 21 38 15 52 45 1089
internal_value=-1.77958e-06 8.35311e-05 3.04548e-05 0.000254406 7.12928e-05 3.38744e-05 -5.28691e-06 -6.13593e-05 -0.000133179 -1.79033e-06 -0.000280253 -3.03824e-06 4.65473e-05 6.19856e-05 4.59837e-05 9.45855e-05 -2.63948e-05 3.41966e-05 9.28613e-05 0.000160649 0.00032871 6.29765e-05 9.80099e-05 5.45324e-05 0.000143077 0.000236687 -7.19598e-05 -8.66699e-06 -0.000107836 -5.90386e-06
internal_weight=4381 173 132 41 115 100 4208 247 130 3961 46 3942 395 375 346 207 139 111 91 72 36 188 159 136 80 59 56 3547 97 3450
internal_count=4381 173 132 41 115 100 4208 247 130 3961 46 3942 395 375 346 207 139 111 91 72 36 188 159 136 80 59 56 3547 97 3450
cat_boundaries=0 1 2
cat_threshold=794 64
is_linear=0
shrinkage=0.03


Tree=216
num_leaves=31
num_cat=1
split_feature=7 19 6 0 6 18 7 10 0 10 12 7 6 9 12 0 18 6 7 7 2 6 1 3 13 4 6 1 0 4
split_gain=0.00100697 0.000848474 0.00131102 0.00195382 0.00157927 0.00121541 0.00180339 0.00192467 0.00216164 0.00192104 0.00191842 0.00142863 0.00337838 0.00218789 0.0012668 0.00142486 0.00124558 0.00152409 0.00105982 0.00105181 0.00105064 0.00223467 0.000989207 0.000928535 0.00092653 0.0011697 0.000788319 0.0014156 0.000993405 0.00091041
threshold=0.38780974986680611 0 0.69631336405529975 0.60785668035134688 0.66175115207373281 0.48676470588235299 0.057339111088546425 0.25000000000000011 0.60600593573569095 0.68301270189221941 -1.0000000180025095e-35 0.10370144050200945 0.37004608294930885 0.61852662290299076 -0.8783796973249266 0.44836881218107716 0.48382352941176471 0.21612903225806454 0.15278835336889349 0.053262949793462168 0.059895833333333336 0.29631336405529957 0.10156250000000001 0.11718750000000001 1.0000000180025095e-35 0.11197916666666667 0.58571428571428585 0.13281250000000003 0.59743234789882671 0.16406250000000003
decision_type=2 1 2 2 2 2 2 2 2 2 2 2 2 2 2 2 2 2 2 2 2 2 2 2 2 2 2 2 2 2
left_child=1 5 3 4 18 16 19 11 9 10 -9 13 -13 14 -8 -16 -1 -18 26 -7 21 -15 -17 -10 25 -11 27 29 -28 -3
right_child=-2 2 -4 -5 -6 6 7 8 23 24 -12 12 -14 20 15 22 17 -19 -20 -21 -22 -23 -24 -25 -26 -27 28 -29 -30 -31
leaf_value=4.803485953354795e-06 0.00019625168167627024 -1.0191268951542697e-05 -0.00023459515419366591 0.00014332764732399449 -0.00025846253762190142 0.00010796377933415637 -0.00011547086124930056 0.00047819704626989756 -0.00018973933022088383 -0.00015129356665070383 0.00013981805447089938 -0.00054460644377300629 1.8163957079119467e-05 -4.0982998381915413e-08 0.00035178526850069604 -7.8744865417190008e-05 -0.00034660572325524421 -3.6742747324061943e-05 -0.00018542263057218046 0.00032458956891978641 9.2657742793716381e-06 -0.00046649624549295924 0.00022593981740815958 4.6817605361255822e-05 0.00021733215910786432 0.00013102465791980982 0.00014641902483065016 -0.00021941553777969286 -0.00011541040528420039 -0.00020862280321177766
leaf_weight=1236 23 2280 24 71 24 90 19 25 28 28 38 15.999999999999998 24 18 23 22 20 50 32 26 26 19 17 32 21 25 56 30 17 21
leaf_count=1236 23 2280 24 71 24 90 19 25 28 28 38 16 24 18 23 22 20 50 32 26 26 19 17 32 21 25 56 30 17 21
internal_value=-1.7243e-06 -2.7692e-06 -1.38611e-05 -1.18227e-05 -1.63007e-05 1.2954e-05 5.29538e-05 2.14215e-05 8.65859e-05 0.000152351 0.000274101 -4.83471e-05 -0.000206952 -4.28903e-06 9.88394e-05 0.000164516 -2.16885e-06 -0.000125279 -1.39147e-05 0.00015652 -0.000136882 -0.000239578 5.40688e-05 -6.3577e-05 4.86962e-05 -1.81246e-05 -1.16317e-05 -1.46718e-05 8.54443e-05 -1.20023e-05
internal_weight=4381 4358 2555 2531 2460 1803 497 381 197 137 63 184 40 144 81 62 1306 70 2436 116 63 37 39 60 74 53 2404 2331 73 2301
internal_count=4381 4358 2555 2531 2460 1803 497 381 197 137 63 184 40 144 81 62 1306 70 2436 116 63 37 39 60 74 53 2404 2331 73 2301
cat_boundaries=0 1
cat_threshold=78
is_linear=0
shrinkage=0.03


Tree=217
num_leaves=31
num_cat=0
split_feature=17 5 6 9 13 6 18 7 4 6 6 12 1 7 12 10 2 5 6 7 11 8 9 17 8 9 6 11 1 4
split_gain=0.00133906 0.00166829 0.00153543 0.00144484 0.00113125 0.00113431 0.00108728 0.000839757 0.00196866 0.00317624 0.00239247 0.00202868 0.00261674 0.00188182 0.00176398 0.00143421 0.00114666 0.00112636 0.00122195 0.000914592 0.0035835 0.0024285 0.00188088 0.0015369 0.00240833 0.00114832 0.00264277 0.000891224 0.000838641 0.00081518
threshold=0.40894391966641147 0.32150101419878302 0.39493087557603695 0.5948212983223925 -0.56174490092936669 0.69262672811059922 0.49558823529411766 0.11992761639997179 0.065104166666666671 0.24377880184331804 0.52396313364055314 0.87837969732492682 0.070312500000000014 0.1418343327749155 -1.0000000180025095e-35 1.0000000180025095e-35 0.11197916666666667 0.30933062880324552 0.65483870967741953 0.10585281245293768 0.6830127018922193 0.20833669660143139 0.42924872355944577 0.34163049953195485 0.16747484369433055 0.92924872355944577 0.20519397970534159 1.0000000180025095e-35 0.10156250000000001 0.12239583333333334
decision_type=2 2 2 2 2 2 2 2 2 2 2 2 2 2 2 2 2 2 2 2 2 2 2 2 2 2 2 2 2 2
left_child=7 3 -3 -2 6 -6 -4 19 9 -9 15 12 13 -10 17 -11 -16 -14 -19 25 21 23 -22 -21 -25 -1 -27 -18 -12 -23
right_child=1 2 4 -5 5 -7 -8 8 11 10 28 -13 14 -15 16 -17 27 18 -20 20 22 29 -24 24 -26 26 -28 -29 -30 -31
leaf_value=-6.8761896970040993e-06 0.00011200559580402243 -0.00023790374564216292 -0.00020304158817340733 0.00048173927376937681 6.568123665466392e-05 0.00032887713545303354 0.00011638980217916305 0.00012065144462610446 5.7421737589664711e-05 -0.0002256132157711449 9.3844057589951367e-05 -0.00026469349951439315 0.00046876500764625229 -0.0003501530201621968 0.00019712579598013622 -0.00058144975329077616 5.0040231813548346e-05 -2.4354675003592508e-05 0.00033030656650273355 0.00017390175501678175 0.00013665305278821925 -0.00039216165597337677 0.00059755539364999047 -0.00029769219576561488 0.00019609956229095697 -0.00021326749975965399 0.00019890358167540313 -0.00023044463801952773 -0.00021838390818820856 -8.4321435601912337e-05
leaf_weight=3701 26 17 22 14.999999999999998 56 20 17 26 19 19 15.000000000000002 22 14.999999999999998 22 20 22 22 17 18 55 17 15.000000000000002 14.999999999999998 20 15.999999999999998 18 63 19 15.999999999999998 15.999999999999998
leaf_count=3701 26 17 22 15 56 20 17 26 19 19 15 22 15 22 20 22 22 17 18 55 17 15 15 20 16 18 63 19 16 16
internal_value=-1.67258e-06 8.01263e-05 2.82052e-05 0.000247282 6.75447e-05 0.000134947 -6.38029e-05 -5.03553e-06 -5.60158e-05 -0.000163559 -0.00026619 4.5548e-06 4.35264e-05 -0.00016128 0.000119176 -0.000416559 1.0901e-05 0.00025127 0.000158047 -1.51249e-06 7.01524e-05 -3.96412e-06 0.000352713 7.41576e-05 -7.82298e-05 -4.43064e-06 0.000107309 -7.9943e-05 -6.73077e-05 -0.000233284
internal_weight=4381 173 132 41 115 76 39 4208 272 98 72 174 152 41 111 41 61 50 35 3936 154 122 32 91 36 3782 81 41 31 31
internal_count=4381 173 132 41 115 76 39 4208 272 98 72 174 152 41 111 41 61 50 35 3936 154 122 32 91 36 3782 81 41 31 31
is_linear=0
shrinkage=0.03


Tree=218
num_leaves=31
num_cat=1
split_feature=17 5 9 13 1 5 16 18 4 4 19 18 7 5 16 7 8 8 13 8 8 13 1 13 9 8 17 4 4 11
split_gain=0.00125992 0.0015697 0.00135946 0.00128616 0.00115035 0.00108056 0.000861118 0.00197381 0.00148942 0.00131971 0.00113573 0.00142153 0.00132265 0.00245619 0.00234865 0.0023041 0.00145829 0.00577979 0.00255561 0.00191752 0.001437 0.00133885 0.00236313 0.00129145 0.00122655 0.00119544 0.00149362 0.00151983 0.00152864 0.00119192
threshold=0.40894391966641147 0.32150101419878302 0.5948212983223925 -0.56174490092936669 0.12239583333333334 0.34381338742393514 2.5000000000000004 0.45735294117647063 0.070312500000000014 0.22656250000000003 0 0.43970588235294122 0.06607095970507626 0.17917511832319136 25.500000000000004 0.090266055694361871 0.072578775498485251 0.063344880755790409 -0.22252093395631442 0.07776067539149624 0.16120277903739247 1.0000000180025095e-35 0.075520833333333343 1.0000000180025095e-35 0.58242159008023353 0.12113624105212735 0.28818823929878318 0.023437500000000003 0.044270833333333336 -0.9330127018922193
decision_type=2 2 2 2 2 2 2 2 2 2 1 2 2 2 2 2 2 2 2 2 2 2 2 2 2 2 2 2 2 2
left_child=6 2 -2 4 -3 -5 7 -1 -9 10 11 -8 16 14 -14 24 17 -13 -19 -18 -17 22 25 -16 -15 26 -21 -28 -29 -12
right_child=1 3 -4 5 -6 -7 9 8 -10 -11 29 12 13 15 23 20 19 18 -20 21 -22 -23 -24 -25 -26 -27 27 28 -30 -31
leaf_value=0.00018801396427149759 0.00010864555223116284 -0.00031834937484385978 0.00046728805985092386 -0.00012942215269266753 5.2500533734260297e-06 0.00014313141443160642 -0.0002266942888650643 -4.1317750225742293e-05 -0.00021736961471724333 0.00024792239420930759 -6.8528146050715608e-05 5.5781060281075548e-06 1.1907833810215927e-05 -7.0374719003788962e-05 0.00039659133518935019 -0.00034743847749574904 -0.00033777853162101024 9.666726043258247e-05 0.00059584202242937635 0.00024703784220832806 1.979341505081229e-05 5.9027884239505417e-05 0.00027115816605913847 0.0001310049369759291 0.00026599570291261293 -0.00017243848825700592 0.00016229991949736161 -0.00036674539826936635 1.43282802718727e-05 -4.8989217584728868e-06
leaf_weight=26 26 14.999999999999998 14.999999999999998 15.999999999999998 29 72 19 162 59 19 292 206 40 15.999999999999998 45 22 17 14.999999999999998 24 15.999999999999998 17 139 17 26 25 91 15.999999999999998 20 18 2861
leaf_count=26 26 15 15 16 29 72 19 162 59 19 292 206 40 16 45 22 17 15 24 16 17 139 17 26 25 91 16 20 18 2861
internal_value=-1.6224e-06 7.77227e-05 0.000239864 2.7359e-05 -0.000105073 9.35753e-05 -4.88446e-06 -5.92305e-05 -8.83188e-05 -1.49554e-06 -2.69777e-06 2.92759e-05 3.59726e-05 0.00010443 0.00019576 -2.22921e-05 1.33898e-05 6.89793e-05 0.000403859 -2.7387e-05 -0.000187367 -1.07404e-05 -6.52224e-05 0.000299338 0.000134731 -0.000100742 -7.53615e-06 -8.29687e-05 -0.000186241 -1.07575e-05
internal_weight=4381 173 41 132 44 88 4208 247 221 3961 3942 789 770 191 111 80 579 245 39 334 39 317 178 71 41 161 70 54 38 3153
internal_count=4381 173 41 132 44 88 4208 247 221 3961 3942 789 770 191 111 80 579 245 39 334 39 317 178 71 41 161 70 54 38 3153
cat_boundaries=0 1
cat_threshold=65
is_linear=0
shrinkage=0.03


Tree=219
num_leaves=31
num_cat=1
split_feature=17 20 13 6 1 7 18 16 18 8 19 3 7 6 8 7 6 3 6 1 8 6 13 5 17 3 8 7 18 16
split_gain=0.00118546 0.00148343 0.0016527 0.00136956 0.00104455 0.000850657 0.000831088 0.000810227 0.00185716 0.00144711 0.000938882 0.00176332 0.00178599 0.00186447 0.0020995 0.00131208 0.00151697 0.00208568 0.00173259 0.00143547 0.00165331 0.00708852 0.00186645 0.00139263 0.00133107 0.00125343 0.00128425 0.00120139 0.00203121 0.00141308
threshold=0.40894391966641147 0.5896914389629998 -0.56174490092936669 0.69262672811059922 0.13281250000000003 0.099590664592236089 0.49558823529411766 2.5000000000000004 0.45735294117647063 0.21375244721673287 0 0.080729166666666671 0.090266055694361871 0.40322580645161299 0.13187153067892349 0.067389213475357965 0.27050691244239639 0.033854166666666671 0.23917050691244243 0.075520833333333343 0.072578775498485251 0.12184967424122044 1.0000000180025095e-35 0.073191345503718738 0.35286358607778068 0.049479166666666671 0.1439067609595597 0.03795342813778662 0.47794117647058826 25.500000000000004
decision_type=2 2 2 2 2 2 2 2 2 2 1 2 2 2 2 2 2 2 2 2 2 2 2 2 2 2 2 2 2 2
left_child=7 6 4 5 -3 -4 -2 8 -1 -10 11 15 13 14 -13 19 17 -17 -19 20 21 -9 27 -24 25 -18 -27 29 -29 -22
right_child=1 2 3 -5 -6 -7 -8 10 9 -11 -12 12 -14 -15 -16 16 24 18 -20 -21 22 -23 23 -25 -26 26 -28 28 -30 -31
leaf_value=0.00018237376684677344 0.00011437942812095848 -0.00031412632966684267 0.00022172531530700594 0.00031471758508431471 -6.7707729346553188e-06 -2.9587308746886235e-05 0.00037336115291610047 2.1468652267766612e-05 -6.0143742947018417e-05 -0.00031654598937843942 -8.7497996152191042e-06 0.0001455273579302712 -0.00037482252800906179 0.00017603352930628351 -0.00028680949541437447 7.3972713815644915e-05 0.00026197816756052118 0.00016767366971001332 0.00061004125352574854 0.00022728531021376532 -9.1214715055533418e-05 0.00063994336471242597 -0.00016866786536588074 0.00010181035274226845 -0.00015917452008596937 -0.00016868079915275069 0.00019190555630356181 -0.00017403864680096926 7.6699952472969397e-05 -0.00044610620672546556
leaf_weight=26 27 17 15.999999999999998 20 24 50 19 227 199 22 3171 14.999999999999998 17 25 31 38 27 14.999999999999998 17 29 23 18 21 93 23 20 15.999999999999998 63 54 18
leaf_count=26 27 17 16 20 24 50 19 227 199 22 3171 15 17 25 31 38 27 15 17 29 23 18 21 93 23 20 16 63 54 18
internal_value=-1.57372e-06 7.5391e-05 2.25205e-05 9.72442e-05 -0.000134215 3.13394e-05 0.000221356 -4.73792e-06 -5.74536e-05 -8.56693e-05 -1.45067e-06 2.76087e-05 -9.86315e-05 -3.24969e-05 -0.00014583 4.38271e-05 0.000120557 0.000224249 0.000402693 2.19041e-05 1.03833e-05 6.691e-05 -4.05324e-05 5.19844e-05 3.61553e-05 0.000107468 -8.41932e-06 -0.000107285 -5.83135e-05 -0.000247028
internal_weight=4381 173 127 86 41 66 46 4208 247 221 3961 790 88 71 46 702 156 70 32 546 517 245 272 114 86 63 36 158 117 41
internal_count=4381 173 127 86 41 66 46 4208 247 221 3961 790 88 71 46 702 156 70 32 546 517 245 272 114 86 63 36 158 117 41
cat_boundaries=0 1
cat_threshold=65
is_linear=0
shrinkage=0.03


Tree=220
num_leaves=31
num_cat=2
split_feature=19 7 9 17 17 7 8 5 9 4 0 10 2 10 8 19 7 18 8 17 0 17 17 4 13 9 17 11 18 8
split_gain=0.00142776 0.00135866 0.00181673 0.00107418 0.00112497 0.00105767 0.00168378 0.00106202 0.00102227 0.000929508 0.00120364 0.00110633 0.00192681 0.00138057 0.00266324 0.00200897 0.00149061 0.00183914 0.00240743 0.00148926 0.00206662 0.00140718 0.00123932 0.00130084 0.0016893 0.00118695 0.00176945 0.00102858 0.0024036 0.00298048
threshold=0 0.12201822244818451 0.76549963530269882 0.30239979576206288 0.32839758318440992 0.10811401452739054 0.20833669660143139 0.23225152129817445 0.21188913202042306 0.21093750000000003 0.64012436066452116 -0.24999999999999994 0.11718750000000001 -0.6830127018922193 0.063344880755790409 1 0.12930297617133865 0.48676470588235299 0.15928412133379541 0.37141519870649314 0.46700898086239068 0.32622428205782822 0.28818823929878318 0.070312500000000014 -0.22252093395631442 0.61852662290299076 0.33260705618597397 -0.5 0.44264705882352945 0.15839388229963916
decision_type=1 2 2 2 2 2 2 2 2 2 2 2 2 2 2 1 2 2 2 2 2 2 2 2 2 2 2 2 2 2
left_child=1 5 3 -3 -5 8 7 -7 -1 10 11 12 13 22 -15 19 17 18 25 20 -16 -19 -2 24 -24 26 -17 28 -13 -30
right_child=9 2 -4 4 -6 6 -8 -9 -10 -11 -12 27 -14 14 15 16 -18 21 -20 -21 -22 -23 23 -25 -26 -27 -28 -29 29 -31
leaf_value=-2.2877732571576363e-05 6.7144596712676727e-05 -0.00023470689758025554 -0.00034995586470346448 0.00023109290029065725 -3.5213203258635661e-05 0.00013466428672417654 -2.0183729045501333e-05 0.00049166223337775963 4.2686957477838122e-05 0.00018542953230510505 -0.00018262515056505124 -0.00031656181858358317 0.00031982216367053718 -4.5122610708629296e-05 -2.0406016791001299e-05 0.00059917000317739725 0.00041643186761936588 0.00020534384527942306 -0.0001327176117367051 -0.00025268417446427124 0.00034462580640077356 -0.00015705010493626977 -9.9882590099757473e-05 -0.00016587258040787518 2.6497268213424422e-05 0.00017864659305291632 0.00017786134957254208 -1.1958218056570619e-05 -8.928413002784672e-05 6.5403852484843036e-05
leaf_weight=281 108 18 18 18 69 15.000000000000002 25 14.999999999999998 898 21 38 31 18 179 78 19 20 14.999999999999998 15.999999999999998 18 17 27 160 69 235 55 17 1382 392 157
leaf_count=281 108 18 18 18 69 15 25 15 898 21 38 31 18 179 78 19 20 15 16 18 17 27 160 69 235 55 17 1382 392 157
internal_value=-2.1191e-06 2.34095e-05 -7.14983e-05 -2.37598e-05 1.98866e-05 3.30593e-05 0.00016165 0.000313174 2.70604e-05 -1.34284e-05 -1.48412e-05 -1.2725e-05 1.21127e-05 6.75052e-06 4.53826e-05 0.000102831 0.000163573 0.000140607 0.000206641 -2.28676e-06 4.49184e-05 -2.76219e-05 -2.43848e-05 -4.56891e-05 -2.46947e-05 0.000266309 0.000400229 -2.60301e-05 -5.95598e-05 -4.50473e-05
internal_weight=4429 1357 123 105 87 1234 55 30 1179 3072 3051 3013 1051 1033 461 282 169 149 107 113 95 42 572 464 395 91 36 1962 580 549
internal_count=4429 1357 123 105 87 1234 55 30 1179 3072 3051 3013 1051 1033 461 282 169 149 107 113 95 42 572 464 395 91 36 1962 580 549
cat_boundaries=0 1 2
cat_threshold=98 776
is_linear=0
shrinkage=0.03


Tree=221
num_leaves=31
num_cat=1
split_feature=19 16 3 6 16 8 9 4 0 13 9 6 7 3 7 9 9 0 13 9 7 0 6 13 16 3 10 18 6 8
split_gain=0.00134338 0.00176349 0.00163846 0.00253848 0.00142956 0.00178879 0.00129675 0.00124158 0.00165921 0.00222564 0.00165842 0.0020867 0.00204604 0.0018671 0.00120599 0.00162341 0.00114239 0.00119632 0.00110778 0.00107218 0.00106041 0.00223649 0.00189561 0.00158757 0.00144545 0.00133279 0.00124082 0.00126889 0.00127105 0.00252085
threshold=0 6.5000000000000009 0.11197916666666667 0.47695852534562216 14.500000000000002 0.17890958504461263 0.1203501094091904 0.059895833333333336 0.48493823695648747 -0.22252093395631442 0.72611232676878201 0.27050691244239639 0.10298321911602835 0.065104166666666671 0.10150446750004584 0.52808169219547796 0.18745441283734501 0.55485698752022106 1.0000000180025095e-35 0.41320204230488705 0.020972266000457252 0.39054903600795815 0.20519397970534159 1.0000000180025095e-35 14.500000000000002 0.049479166666666671 -0.6830127018922193 0.4661764705882353 0.29170506912442401 0.14104009938217046
decision_type=1 2 2 2 2 2 2 2 2 2 2 2 2 2 2 2 2 2 2 2 2 2 2 2 2 2 2 2 2 2
left_child=1 6 7 -4 5 -5 -1 8 20 -10 13 -12 -13 16 18 -16 -9 -18 -15 -11 -3 25 23 -23 -24 -22 -26 -28 29 -29
right_child=-2 2 3 4 -6 -7 -8 10 9 19 11 12 -14 14 15 -17 17 -19 -20 -21 21 22 24 -25 26 -27 27 28 -30 -31
leaf_value=-0.00032298115941980029 -1.3025529299391681e-05 -1.9849684105038638e-05 -0.00032884397023398543 0.00041839759534552796 -4.3725618926614149e-05 -6.4530640247982168e-06 -3.4355097399568444e-05 3.6661808442543108e-05 -0.00029939711549711585 0.00014873686425237182 -0.00024352863822098077 0.00020237870875090526 -0.00019049400266120875 -7.0803705352207475e-05 4.7189955143806432e-05 0.00040646292704281682 0.00035712735732155776 0.00011349195178037351 0.00014559371369611242 -9.6369979997447462e-05 0.00023327913765262671 -0.00028788816867521489 0.00027738918895085617 4.8486959296435958e-05 -0.00010436318977465971 -3.0564823011432612e-05 0.00023760905731715258 -3.5268761958788075e-06 -0.00017967864166834618 0.00043201244398457345
leaf_weight=14.999999999999998 3072 138 24 14.999999999999998 141 22 212 21 30 29 25 40 17 60 28 19 60 26 33 36 96 28 26 23 42 21 35 59 21 14.999999999999998
leaf_count=15 3072 138 24 15 141 22 212 21 30 29 25 40 17 60 28 19 60 26 33 36 96 28 26 23 42 21 35 59 21 15
internal_value=-2.05552e-06 2.27072e-05 3.82028e-05 -3.92252e-05 -1.73862e-07 0.00016579 -5.34286e-05 5.50567e-05 2.93397e-05 -8.56634e-05 0.000101879 -1.50205e-05 8.52049e-05 0.000140687 6.85782e-05 0.000192434 0.000235034 0.000283472 5.98322e-06 1.2986e-05 5.10171e-05 7.77373e-05 2.69026e-05 -0.000136192 6.89122e-05 0.000185923 3.73968e-05 8.31967e-05 2.6306e-05 8.47628e-05
internal_weight=4429 1357 1130 202 178 37 227 928 599 95 329 82 57 247 140 47 107 86 93 65 504 366 249 51 198 117 172 130 95 74
internal_count=4429 1357 1130 202 178 37 227 928 599 95 329 82 57 247 140 47 107 86 93 65 504 366 249 51 198 117 172 130 95 74
cat_boundaries=0 1
cat_threshold=98
is_linear=0
shrinkage=0.03


Tree=222
num_leaves=31
num_cat=0
split_feature=13 7 1 4 7 7 17 5 11 3 6 4 7 7 17 4 9 17 3 6 0 9 7 6 16 2 7 6 6 17
split_gain=0.00103074 0.00219398 0.00238241 0.00147347 0.00198274 0.0019082 0.00198325 0.00189573 0.00186642 0.002671 0.00273458 0.00264687 0.00263656 0.0024637 0.00237739 0.00203606 0.0018171 0.00331869 0.0016902 0.00268632 0.00158202 0.00158159 0.00155444 0.00153597 0.00149467 0.00131392 0.00166759 0.00131975 0.00236037 0.0012915
threshold=-0.22252093395631442 0.14842600721355023 0.054687500000000007 0.023437500000000003 0.10811401452739054 0.040067457934811222 0.3161858565228492 0.06879648411088575 -0.68301270189221952 0.12239583333333334 0.30552995391705079 0.044270833333333336 0.054386548930127905 0.096876202392636931 0.29916602842311302 0.044270833333333336 0.57622173595915405 0.30200445971664275 0.023437500000000003 0.21787360105332459 0.48167596075519353 0.41320204230488705 0.033653789512837727 0.28617511520737338 29.500000000000004 0.039062500000000007 0.028331971210611692 0.12184967424122044 0.13122517082472593 0.22878903923070382
decision_type=2 2 2 2 2 2 2 2 2 2 2 2 2 2 2 2 2 2 2 2 2 2 2 2 2 2 2 2 2 2
left_child=-1 3 -3 4 5 6 -2 -7 9 10 11 12 -5 29 -14 -12 17 -13 -9 -20 -17 -8 -23 24 -21 27 -27 -10 -29 -11
right_child=1 2 -4 8 -6 7 21 18 25 13 15 16 14 -15 -16 20 -18 -19 19 23 -22 22 -24 -25 -26 26 -28 28 -30 -31
leaf_value=-1.8761285024087749e-05 -1.2399447484349838e-05 -0.00047619675147232238 -6.5755458798694453e-05 0.00013596654569040183 0.0003259492918298182 -0.00037302130967930674 -7.5869961499399645e-05 5.9052596864949232e-05 -7.1093836039384212e-05 -0.00025078523904906863 -0.00015226876088023116 -6.1802308549090495e-05 -0.00043526358752753625 -0.0005050347280385869 -2.5846266529002079e-06 0.00033499329378971387 -8.3564226736448954e-05 -0.00067401809597420327 -0.00028139169134305499 -9.6263396175785289e-05 9.3658805048701588e-05 0.00039694633273326858 4.5385148946288381e-05 -0.00017468621770044536 0.00020996032873703093 0.00034792699755905329 2.8752616619228403e-05 0.00046174598969099024 0.00010591786520004683 0.00012473097621530695
leaf_weight=1891 526 14.999999999999998 84 90 14.999999999999998 20 18 66 33 17 22 17 15.999999999999998 18 40 34 85 14.999999999999998 59 26 87 28 19 37 32 14.999999999999998 823 18 247 15.999999999999998
leaf_count=1891 526 15 84 90 15 20 18 66 33 17 22 17 16 18 40 34 85 15 59 26 87 28 19 37 32 15 823 18 247 16
internal_value=-1.99473e-06 1.04976e-05 -0.000127948 1.61172e-05 -1.58797e-05 -2.20503e-05 6.91945e-06 -9.33881e-05 3.31099e-05 -1.80876e-05 7.61783e-06 -4.9793e-05 3.54044e-05 -0.000222719 -0.000126213 0.000113205 -0.000156107 -0.000348791 -6.79653e-05 -0.000122402 0.000161474 0.000163252 0.00025483 -2.36584e-05 7.26883e-05 5.37061e-05 3.44662e-05 0.00010781 0.000130089 -6.87185e-05
internal_weight=4429 2538 99 2439 846 831 591 240 1593 457 406 263 146 51 56 143 117 32 220 154 121 65 47 95 58 1136 838 298 265 33
internal_count=4429 2538 99 2439 846 831 591 240 1593 457 406 263 146 51 56 143 117 32 220 154 121 65 47 95 58 1136 838 298 265 33
is_linear=0
shrinkage=0.03


Tree=223
num_leaves=31
num_cat=1
split_feature=19 7 9 4 6 6 7 17 17 6 6 8 9 11 8 17 11 17 6 6 7 6 6 8 7 11 0 7 6 8
split_gain=0.00125593 0.00123061 0.00167022 0.00265562 0.0010875 0.00119949 0.00104741 0.0011939 0.00183617 0.000944539 0.0025365 0.00212794 0.00412156 0.00253367 0.00215864 0.00246016 0.00205662 0.00379979 0.00212677 0.00388825 0.0019533 0.00190394 0.00264662 0.00270343 0.00345826 0.00294616 0.00258947 0.00186348 0.00175218 0.00183832
threshold=0 0.12201822244818451 0.57148067104303446 0.080729166666666671 0.71013824884792642 0.54239631336405547 0.089132082478676544 0.36060320618347969 0.25453152923155481 0.45576036866359454 0.47695852534562216 0.15839388229963916 0.5977388767323123 -0.5 0.16120277903739247 0.22423623521402439 -0.9330127018922193 0.30772582817603206 0.26197362148418885 0.21214614878209354 0.11025409381555228 0.36820276497695864 0.33041474654377889 0.20622435817705217 0.05578386221791292 1.0000000180025095e-35 0.4724571835247911 0.095129496739318989 0.3801843317972351 0.22119407178140213
decision_type=1 2 2 2 2 2 2 2 2 2 2 2 2 2 2 2 2 2 2 2 2 2 2 2 2 2 2 2 2 2
left_child=1 4 -3 -4 5 -1 -7 8 -8 11 -11 16 14 28 -13 -16 17 18 19 -2 -18 22 23 24 -17 -26 -23 -28 -14 -30
right_child=9 2 3 -5 -6 6 7 -9 -10 10 -12 12 13 -15 15 21 20 -19 -20 -21 -22 26 -24 -25 25 -27 27 -29 29 -31
leaf_value=2.3348988432789923e-05 6.0412435876088204e-05 4.8711421062670436e-05 -0.00045030067431818554 -4.0267514512535935e-05 -0.00013364435413466301 4.1482681668595472e-05 1.8255519565985152e-05 8.5036029345889285e-06 0.00037790729134751168 -0.00033654426287822839 -3.5296173216298105e-05 0.0003279209484873582 0.00023368440438029269 0.00045109545552150614 0.00020275699658492863 0.00010296768471044055 -1.2943535542158101e-05 -0.00028604936136643718 0.00030085918184935789 -0.00033116001152370494 0.00021310770231823317 0.00037618195149555824 -0.00034664831620942265 0.00022049491121147211 -2.9123046306360834e-05 -0.00052471755347464411 -0.00013359813658121887 0.00011718349962127345 -0.00029004628181310505 0.00015962306234374468
leaf_weight=1018 74 58 21 44 35 99 19 24 39 27 368 17 53 29 39 31 2014 71 17 33 35 17 37 25 19 25 60 48 14.999999999999998 18
leaf_count=1018 74 58 21 44 35 99 19 24 39 27 368 17 53 29 39 31 2014 71 17 33 35 17 37 25 19 25 60 48 15 18
internal_value=-1.9349e-06 2.2008e-05 -6.83187e-05 -0.000172745 3.11897e-05 3.60015e-05 0.000107163 0.000186458 0.000260093 -1.2542e-05 -5.58886e-05 -6.19294e-06 5.46967e-05 0.000208608 -9.63481e-07 -1.95394e-05 -1.79422e-05 -0.00011104 -1.08316e-05 -6.03549e-05 -9.08214e-06 -5.26299e-05 -0.000129878 -4.96709e-05 -0.000139728 -0.000310716 3.20347e-05 -2.21396e-05 0.000126835 -4.47747e-05
internal_weight=4429 1357 123 65 1234 1199 181 82 58 3072 395 2677 433 115 318 301 2244 195 124 107 2049 262 137 100 75 44 125 108 86 33
internal_count=4429 1357 123 65 1234 1199 181 82 58 3072 395 2677 433 115 318 301 2244 195 124 107 2049 262 137 100 75 44 125 108 86 33
cat_boundaries=0 1
cat_threshold=98
is_linear=0
shrinkage=0.03


Tree=224
num_leaves=31
num_cat=1
split_feature=19 11 17 4 4 17 4 3 18 18 8 7 3 9 7 3 7 3 13 0 13 3 0 8 0 8 8 2 7 2
split_gain=0.00120385 0.00143204 0.0030161 0.00226287 0.00163282 0.00203253 0.001385 0.000992364 0.000966074 0.00098584 0.00241982 0.000953554 0.00214949 0.00131328 0.00101521 0.0016863 0.00144288 0.00227532 0.0014774 0.00159127 0.0012375 0.00217779 0.00393481 0.00243828 0.00213392 0.00184221 0.00153477 0.00147828 0.00147468 0.00176
threshold=0 -0.9330127018922193 0.31464967031419194 0.039062500000000007 0.10156250000000001 0.27125351033954564 0.14843750000000003 0.070312500000000014 0.48676470588235299 0.46911764705882358 0.0917847730396293 0.016245047390400568 0.0078125000000000017 0.65134938001458809 0.12201822244818451 0.18489583333333334 0.10811401452739054 0.054687500000000007 -0.56174490092936669 0.54973724893015385 -0.56174490092936669 0.044270833333333336 0.45871292428797134 0.096943484910633357 0.42230543645064583 0.1482181984897806 0.14577832249560671 0.044270833333333336 0.077483937672895853 0.065104166666666671
decision_type=1 2 2 2 2 2 2 2 2 2 2 2 2 2 2 2 2 2 2 2 2 2 2 2 2 2 2 2 2 2
left_child=1 2 4 -4 5 -1 -3 -8 9 -7 -11 -2 13 -13 16 -16 20 -18 -19 -20 21 25 23 -23 26 -14 -25 -26 29 -24
right_child=11 6 3 -5 -6 8 7 -9 -10 10 -12 12 14 -15 15 -17 17 18 19 -21 -22 22 28 24 27 -27 -28 -29 -30 -31
leaf_value=0.00029653835012524699 -3.0958132703292668e-05 -1.7349885317973878e-05 -0.00012201708416192861 -0.00061909519698202852 -0.00031833784290030107 3.1126344504253188e-05 0.00032391189324632957 3.6344299506139294e-05 0.00014439709015279836 1.3758510121903785e-05 -0.00047305935898636967 0.00028870228819689842 -6.4761020776577709e-05 2.0528249620125708e-05 -6.8602572494274824e-05 0.00025078327721022648 0.00040486643918328976 0.00025106840056755825 -0.00030341645712404802 9.0462340676994768e-05 3.0797994741854721e-05 0.00048768341125038079 -0.00026283717600857938 -0.00014776024579964185 0.00048752545486954279 -0.00033845388565449891 0.00020310189032630353 0.00013045266862457758 3.5956529696571117e-05 -1.3412387051733128e-05
leaf_weight=18 408 1621 17 15.999999999999998 15.999999999999998 26 18 27 17 20 17 42 193 27 212 15.999999999999998 22 21 14.999999999999998 24 1310 18 49 33 15.999999999999998 25 17 30 85 53
leaf_count=18 408 1621 17 16 16 26 18 27 17 20 17 42 193 27 212 16 22 21 15 24 1310 18 49 33 16 25 17 30 85 53
internal_value=-1.87685e-06 -2.05987e-05 -0.000110471 -0.000363036 -3.73578e-05 8.5193e-06 -1.27924e-05 0.000151376 -5.62879e-05 -0.000110442 -0.000209921 1.11344e-05 1.89628e-05 0.000183766 1.36465e-05 -4.61885e-05 2.07854e-05 0.000143898 4.82046e-05 -6.10334e-05 1.52657e-05 -2.3939e-05 2.83596e-05 0.00016728 0.0001072 -9.61492e-05 -2.84654e-05 0.00025466 -5.63303e-05 -0.000133236
internal_weight=4429 1813 147 33 114 98 1666 45 80 63 37 2616 2208 69 2139 228 1911 82 60 39 1829 519 301 114 96 218 50 46 187 102
internal_count=4429 1813 147 33 114 98 1666 45 80 63 37 2616 2208 69 2139 228 1911 82 60 39 1829 519 301 114 96 218 50 46 187 102
cat_boundaries=0 1
cat_threshold=408
is_linear=0
shrinkage=0.03


Tree=225
num_leaves=31
num_cat=0
split_feature=18 7 18 8 8 17 6 6 8 6 5 6 7 3 13 18 8 9 7 3 13 3 5 16 8 6 10 0 18 18
split_gain=0.00114774 0.000692195 0.00150033 0.00243318 0.00138778 0.00155627 0.00129047 0.00170434 0.00196691 0.00164922 0.00114723 0.00168374 0.00138927 0.0011447 0.000987849 0.000976961 0.000973457 0.00117222 0.000931492 0.00262229 0.00159516 0.0039188 0.00111475 0.0015907 0.00126814 0.00200705 0.00267009 0.00185867 0.00170808 0.0033056
threshold=0.55441176470588249 0.12338484922465606 0.47205882352941181 0.18916446128283268 0.32168781531003504 0.51523274614926406 0.54239631336405547 0.66175115207373281 0.29888286581140178 0.53502304147465451 0.29716024340770797 0.54239631336405547 0.1418343327749155 0.16927083333333334 1.0000000180025095e-35 0.5102941176470589 0.17796410352255287 0.59263311451495271 0.11227999405523552 0.091145833333333343 -0.56174490092936669 0.054687500000000007 0.26673427991886417 21.500000000000004 0.15723101739870424 0.26853646909264267 1.0000000180025095e-35 0.4004848691904041 0.44264705882352945 0.45735294117647063
decision_type=2 2 2 2 2 2 2 2 2 2 2 2 2 2 2 2 2 2 2 2 2 2 2 2 2 2 2 2 2 2
left_child=1 6 3 -3 -4 -6 9 8 14 18 12 -12 -5 -9 15 -8 -16 -18 22 20 -20 -22 24 -24 -1 26 -26 -28 -27 -30
right_child=-2 2 4 10 5 -7 7 13 -10 -11 11 -13 -14 -15 16 -17 17 -19 19 -21 21 -23 23 -25 25 28 27 -29 29 -31
leaf_value=-6.7523322279783153e-06 0.00024037812938390639 -0.00038673459819810586 6.2437567803685185e-05 0.00030036283954088943 -0.00025747148984488476 5.4065353004925819e-05 4.7331750127154942e-05 2.7197076502354711e-05 0.00030219650706718784 -0.00027330394340680441 -0.00039875737318831837 -4.762012390546226e-05 -7.764291324505102e-05 -0.00016347968369643685 0.00033177489511058506 -0.00021503760014567467 -7.3864302029665556e-05 0.00021517819610482477 -1.2298123503124246e-05 -0.0001937908210501927 0.0006233434717339356 1.404380587184592e-05 -0.00037094156105924806 -4.9427408053569944e-05 -8.712606292954087e-05 -0.00016117651272286283 0.00056623109638959351 0.00014660145445956639 0.00024005586120593545 5.5683478955656057e-06
leaf_weight=2992 18 25 138 14.999999999999998 31 27 86 121 40 20 15.999999999999998 53 21 37 20 14.999999999999998 23 28 20 20 19 19 15.999999999999998 103 18 41 19 19 64 350
leaf_count=2992 18 25 138 15 31 27 86 121 40 20 16 53 21 37 20 15 23 28 20 20 19 19 16 103 18 41 19 19 64 350
internal_value=1.31577e-06 3.41273e-07 -4.17288e-05 -0.000120753 1.06856e-05 -0.000112447 3.69454e-06 5.71269e-05 0.000112712 -1.61998e-06 -5.7421e-05 -0.000129048 7.98635e-05 -1.74558e-05 6.86443e-05 8.36426e-06 0.000154393 8.48268e-05 -1.51341e-07 0.000102422 0.000204566 0.000318702 -2.36029e-06 -9.2659e-05 7.07261e-07 4.43845e-05 0.000213856 0.000356426 2.3526e-05 4.18181e-05
internal_weight=4434 4416 326 130 196 58 4090 370 212 3720 105 69 36 158 172 101 71 51 3700 78 58 38 3622 119 3503 511 56 38 455 414
internal_count=4434 4416 326 130 196 58 4090 370 212 3720 105 69 36 158 172 101 71 51 3700 78 58 38 3622 119 3503 511 56 38 455 414
is_linear=0
shrinkage=0.03


Tree=226
num_leaves=31
num_cat=0
split_feature=18 7 18 4 9 9 6 6 6 10 6 3 1 2 0 18 9 3 6 18 9 18 18 7 4 3 0 7 17 1
split_gain=0.00107991 0.000651289 0.00141167 0.00303174 0.00336691 0.00182686 0.00133618 0.00121421 0.00161884 0.00227865 0.00155176 0.00128137 0.00120137 0.00118637 0.00115699 0.000966761 0.000965266 0.00124481 0.00129105 0.00093468 0.00111485 0.000920695 0.000901186 0.000876444 0.00266933 0.00466384 0.00103286 0.0010911 0.00151441 0.000978064
threshold=0.55441176470588249 0.12338484922465606 0.47205882352941181 0.075520833333333343 0.51531728665207888 0.53610503282275734 0.42534562211981575 0.54239631336405547 0.64746543778801857 0.25000000000000011 0.53502304147465451 0.16927083333333334 0.091145833333333343 0.14843750000000003 0.59537384276397409 0.50147058823529422 0.47191830780452232 0.12760416666666669 0.69631336405529975 0.44558823529411767 0.70386579139314387 0.46323529411764708 0.43970588235294122 0.11227999405523552 0.044270833333333336 0.085937500000000014 0.56082586125926026 0.067795911274033463 0.39378208946756316 0.10156250000000001
decision_type=2 2 2 2 2 2 2 2 2 2 2 2 2 2 2 2 2 2 2 2 2 2 2 2 2 2 2 2 2 2
left_child=1 7 3 4 -3 -5 12 10 9 14 23 -10 -4 -7 -9 19 -8 18 -18 -11 21 -21 -6 26 -25 -26 29 -28 -29 -1
right_child=-2 2 6 5 22 13 16 8 11 15 -12 -13 -14 -15 -16 -17 17 -19 -20 20 -22 -23 -24 24 25 -27 27 28 -30 -31
leaf_value=-2.4448433310152712e-06 0.00023316718550067515 -7.2279728129598596e-06 -7.483334000531739e-06 0.00032444361659818196 -0.00024792192910755241 -0.00018460188102786156 -0.00020460346489616045 0.00041832835482863358 3.2804705279317959e-05 -0.00010396067322438228 -0.00026510523450779482 -0.00016262420742620915 0.00026801207116419176 0.00012481414770949519 0.00013115922307126244 -0.00013370766256599493 4.2359333256179572e-06 0.00017582867356442469 -0.00027593222814494694 0.0002444873282930433 0.00030317794279981951 -1.6989322367434933e-07 -0.00054207983394005709 -0.00015617706015132613 0.00042169426289740916 -0.00017253404599666176 0.00010761597552225696 -0.00027493391130173345 -2.7279092351515694e-05 8.4355964501465797e-05
leaf_weight=3391 18 29 28 14.999999999999998 14.999999999999998 27 26 28 147 19 20 38 29 19 23 21 67 27 19 19 24 51 25 25 35 18 20 40 50 121
leaf_count=3391 18 29 28 15 15 27 26 28 147 19 20 38 29 19 23 21 67 27 19 19 24 51 25 25 35 18 20 40 50 121
internal_value=1.2763e-06 3.31036e-07 -4.0477e-05 -0.000117131 -0.000253348 3.69525e-05 1.0365e-05 3.58371e-06 5.54131e-05 0.000118164 -1.57137e-06 -7.33811e-06 0.000132683 -5.67997e-05 0.000288826 5.3209e-05 -3.97948e-05 -1.87278e-06 -5.76642e-05 8.79466e-05 0.000126737 6.62396e-05 -0.00043178 -1.46795e-07 9.93494e-05 0.000219881 -2.28948e-06 -9.28099e-05 -0.00013735 5.45754e-07
internal_weight=4434 4416 326 130 69 61 196 4090 370 185 3720 185 57 46 51 134 139 113 86 113 94 70 40 3700 78 53 3622 110 90 3512
internal_count=4434 4416 326 130 69 61 196 4090 370 185 3720 185 57 46 51 134 139 113 86 113 94 70 40 3700 78 53 3622 110 90 3512
is_linear=0
shrinkage=0.03


Tree=227
num_leaves=31
num_cat=0
split_feature=18 7 18 4 9 9 9 20 7 1 6 6 10 6 2 5 18 12 9 18 5 17 1 7 5 7 4 5 5 9
split_gain=0.00101609 0.000612799 0.00132824 0.00285257 0.00316793 0.0017189 0.00126997 0.00199751 0.00198538 0.00156066 0.00114245 0.00152317 0.00214399 0.00146005 0.00111626 0.00108862 0.000994723 0.00121963 0.000958193 0.00100562 0.000926037 0.00222835 0.00113995 0.000946495 0.000869742 0.000824647 0.00251158 0.00278418 0.000993484 0.00151285
threshold=0.55441176470588249 0.12338484922465606 0.47205882352941181 0.075520833333333343 0.51531728665207888 0.53610503282275734 0.47191830780452232 0.55882118566514938 0.22769620777782279 0.075520833333333343 0.54239631336405547 0.64746543778801857 0.25000000000000011 0.53502304147465451 0.14843750000000003 0.32150101419878302 0.51323529411764712 0.6078576107927941 0.89824945295404834 0.43970588235294122 0.24036511156186616 0.27125351033954564 0.10156250000000001 0.10811401452739054 0.2505070993914808 0.11227999405523552 0.044270833333333336 0.22413793103448279 0.26673427991886417 0.73668854850474119
decision_type=2 2 2 2 2 2 2 2 2 2 2 2 2 2 2 2 2 2 2 2 2 2 2 2 2 2 2 2 2 2
left_child=1 10 3 4 -3 -5 8 9 -4 -8 13 12 15 25 -7 -12 -9 -18 19 -13 -14 -22 -23 -24 -6 28 -27 -28 -1 -30
right_child=-2 2 6 5 24 14 7 16 -10 -11 11 18 20 -15 -16 -17 17 -19 -20 -21 21 22 23 -25 -26 26 27 -29 29 -31
leaf_value=6.7509879095836903e-07 0.00022617255735305389 -7.0111433752081507e-06 -0.00034214604644770125 0.00031471096071129128 -0.00058154360979048689 -0.00017906402837773291 -1.2173494633368946e-06 4.9290779928515248e-05 7.5493720149864699e-05 0.00034858029575817481 0.00040577894735858245 0.00019499087452103572 0.00020505597140381385 -0.00025715247650541506 0.00012106992180122619 0.00012722461883649686 -1.4571947139326031e-05 -0.00035426534963630768 -0.00021507363566932897 -1.4861929957575607e-05 -0.00027414196548312654 0.000252958886838715 7.5674462154001884e-05 -0.00019802225772491951 -0.00029853777322217041 -0.00015149193359166024 0.00045229279617810188 1.5476897826151274e-05 -0.00012808983963336269 0.00019417882257928833
leaf_weight=3503 18 29 21 14.999999999999998 17 27 19 66 20 29 28 24 28 20 19 23 26 14.999999999999998 18 143 20 24 47 14.999999999999998 23 25 24 29 104 14.999999999999998
leaf_count=3503 18 29 21 15 17 27 19 66 20 29 28 24 28 20 19 23 26 15 18 143 20 24 47 15 23 25 24 29 104 15
internal_value=1.23801e-06 3.21104e-07 -3.92627e-05 -0.000113617 -0.000245747 3.5844e-05 1.00541e-05 4.93291e-05 -0.000138422 0.000210122 3.47621e-06 5.37508e-05 0.000114619 -1.52423e-06 -5.50957e-05 0.000280161 -2.28033e-05 -0.000138856 -7.11799e-06 1.52975e-05 5.16128e-05 1.10791e-05 7.7412e-05 9.45539e-06 -0.000418827 -1.42391e-07 9.6369e-05 0.000213285 -2.2208e-06 -8.74664e-05
internal_weight=4434 4416 326 130 69 61 196 155 41 48 4090 370 185 3720 46 51 107 41 185 167 134 106 86 62 40 3700 78 53 3622 119
internal_count=4434 4416 326 130 69 61 196 155 41 48 4090 370 185 3720 46 51 107 41 185 167 134 106 86 62 40 3700 78 53 3622 119
is_linear=0
shrinkage=0.03


Tree=228
num_leaves=31
num_cat=1
split_feature=18 7 18 4 9 9 8 17 2 8 8 17 18 19 17 8 4 1 0 4 9 2 3 1 13 8 7 5 0 7
split_gain=0.000956045 0.000576585 0.00124974 0.002684 0.00298072 0.00161732 0.00121528 0.00140418 0.00105029 0.000909388 0.00213817 0.00191352 0.00134607 0.00265175 0.00171085 0.00201127 0.00185465 0.00138788 0.00281925 0.00150541 0.0012211 0.00281015 0.0026942 0.00197786 0.00187385 0.00186541 0.002091 0.00196014 0.00172264 0.00133549
threshold=0.55441176470588249 0.12338484922465606 0.47205882352941181 0.075520833333333343 0.51531728665207888 0.53610503282275734 0.32168781531003504 0.51523274614926406 0.14843750000000003 0.15839388229963916 0.16016043406048669 0.23500127648710753 0.46323529411764708 0 0.32010041698578856 0.13676480482605258 0.049479166666666671 0.044270833333333336 0.48396969785105232 0.049479166666666671 0.70386579139314387 0.049479166666666671 0.16406250000000003 0.065104166666666671 -0.22252093395631442 0.17005089429037465 0.096876202392636931 0.20098039215686275 0.53408883435755816 0.068441601191932266
decision_type=2 2 2 2 2 2 2 2 2 2 2 2 2 1 2 2 2 2 2 2 2 2 2 2 2 2 2 2 2 2
left_child=1 9 3 4 -3 -5 -4 -8 -7 11 -11 -1 13 14 15 16 -13 -15 19 -19 24 -22 23 -23 25 27 -27 -12 -28 -26
right_child=-2 2 6 5 -6 8 7 -9 -10 10 20 12 -14 17 -16 -17 -18 18 -20 -21 21 22 -24 -25 29 26 28 -29 -30 -31
leaf_value=-0.00032233386237643627 0.00021938775834863834 -6.8008165827823124e-06 5.81814381810664e-05 0.00030527025475538314 -0.00040626263842716791 -0.00017369230646246991 -0.00024322974442509809 5.2692547321806884e-05 0.00011743801410126312 0.00029092642591192736 0.00036562675892257932 1.8207349476313991e-05 4.6229212440856441e-06 -0.00014701505235015222 0.00023202735416879262 0.00022252965032074019 -0.00032994531899563611 -4.8659776488501348e-05 -0.00028995062121614371 0.0002885225213760235 0.0004720139950998097 -0.00015926368290858326 -0.00023782613744956828 0.00015822430858486959 0.00011308062592110642 -0.00012044887363106636 0.00023738022207076416 -5.0341909684032208e-05 -4.7101054943585816e-05 8.8501894700444765e-06
leaf_weight=17 18 29 138 14.999999999999998 40 27 31 27 19 27 19 40 2624 206 38 24 21 22 20 26 15.999999999999998 21 24 111 164 225 30 22 53 340
leaf_count=17 18 29 138 15 40 27 31 27 19 27 19 40 2624 206 38 24 21 22 20 26 16 21 24 111 164 225 30 22 53 340
internal_value=1.20087e-06 3.1147e-07 -3.80849e-05 -0.000110208 -0.000238375 3.47688e-05 9.75241e-06 -0.000105474 -5.34429e-05 3.37193e-06 2.74111e-05 -4.95239e-06 -3.16629e-06 -5.46495e-05 5.98291e-05 -1.01168e-05 -0.000101652 -0.000104412 9.2941e-06 0.000133983 2.04695e-05 9.33889e-05 5.45528e-05 0.000107714 5.7658e-06 -4.7668e-05 -7.29734e-05 0.000142428 5.57251e-05 4.27666e-05
internal_weight=4434 4416 326 130 69 61 196 58 46 4090 1052 3038 3021 397 123 85 61 274 68 48 1025 172 156 132 853 349 308 41 83 504
internal_count=4434 4416 326 130 69 61 196 58 46 4090 1052 3038 3021 397 123 85 61 274 68 48 1025 172 156 132 853 349 308 41 83 504
cat_boundaries=0 1
cat_threshold=704
is_linear=0
shrinkage=0.03


Tree=229
num_leaves=31
num_cat=1
split_feature=6 6 4 20 17 8 1 9 8 13 1 3 8 2 7 7 19 7 7 3 17 8 8 2 2 8 7 17 11 17
split_gain=0.000599837 0.00144858 0.00118566 0.00109678 0.00192857 0.0019452 0.00162955 0.00118387 0.00160029 0.000938983 0.000979324 0.00093507 0.00162367 0.000927579 0.000885421 0.00125639 0.000818812 0.00229565 0.00159702 0.0013202 0.00273834 0.00128051 0.00408328 0.00180392 0.00259909 0.00168783 0.00280821 0.00296845 0.0023433 0.00271602
threshold=0.54239631336405547 0.53502304147465451 0.22656250000000003 0.56082586125926026 0.350651008424815 0.35159761643159942 0.10156250000000001 0.48322392414296145 0.19218106975147189 -0.22252093395631442 0.12239583333333334 0.21093750000000003 0.35159761643159942 0.070312500000000014 0.085254260469666679 0.10585281245293768 0 0.11742592553505851 0.1418343327749155 0.12239583333333334 0.27207075553364507 0.15839388229963916 0.16016043406048669 0.080729166666666671 0.070312500000000014 0.1117864860989408 0.065485879597367638 0.33208765798362 0.25000000000000017 0.29331619612710885
decision_type=2 2 2 2 2 2 2 2 2 2 2 2 2 2 2 2 1 2 2 2 2 2 2 2 2 2 2 2 2 2
left_child=1 3 11 6 -5 9 16 14 -9 10 -6 -2 -13 -11 -8 -16 17 19 21 -1 -21 25 -23 24 -24 26 -18 -28 29 -27
right_child=2 -3 -4 4 5 -7 7 8 -10 13 -12 12 -14 -15 15 -17 18 -19 -20 20 -22 22 23 -25 -26 28 27 -29 -30 -31
leaf_value=1.4860516338847883e-05 3.2167363279712118e-05 -0.0002353396297159577 0.00026329238491987564 -0.00032988449752848728 -0.00019847548276103076 -0.00032150863493262815 -0.00018242482941589955 8.5944100614902602e-05 0.00035347571931387551 0.00027214869260592394 4.514610306091478e-05 -0.00033582163649395762 9.2395306390624784e-05 1.7918064871467122e-05 0.00021699277512779287 -0.00012638211781620842 -6.8888581651849166e-06 0.00030053154711456712 -0.00025738490988179864 0.0001002463294083508 -0.00047297562713346223 0.00045888395326244727 2.908725979195506e-05 -9.2796683258902687e-05 0.0003739028855352318 -1.7613984992386117e-06 0.0005191339915922679 -4.5407427926269378e-05 3.0382482685336435e-05 -0.0001486370974631479
leaf_weight=1336 501 24 19 23 33 19 19 79 27 15.999999999999998 27 17 14.999999999999998 67 22 17 1063 25 24 15.000000000000002 14.999999999999998 20 186 94 22 181 19 14.999999999999998 191 303
leaf_count=1336 501 24 19 23 33 19 19 79 27 16 27 17 15 67 22 17 1063 25 24 15 15 20 186 94 22 181 19 15 191 303
internal_value=1.16485e-06 -2.996e-06 3.04264e-05 -1.55057e-06 -7.28233e-05 -3.63251e-05 2.03928e-06 9.44692e-05 0.000154092 1.56838e-06 -8.88468e-05 2.21249e-05 -0.000135098 6.69291e-05 -1.44966e-05 6.73171e-05 -2.28064e-06 1.55431e-05 -1.39938e-05 1.0441e-05 -0.000186371 -1.12709e-05 4.37628e-05 1.62699e-05 6.55598e-05 -2.12714e-05 1.69557e-06 0.000270078 -5.85968e-05 -9.37106e-05
internal_weight=4434 3882 552 3858 185 162 3673 164 106 143 60 533 32 83 58 39 3509 1391 2118 1366 30 2094 322 302 208 1772 1097 34 675 484
internal_count=4434 3882 552 3858 185 162 3673 164 106 143 60 533 32 83 58 39 3509 1391 2118 1366 30 2094 322 302 208 1772 1097 34 675 484
cat_boundaries=0 1
cat_threshold=834
is_linear=0
shrinkage=0.03


Tree=230
num_leaves=31
num_cat=1
split_feature=15 1 12 1 5 19 4 5 8 3 3 8 4 5 20 5 20 18 2 5 9 20 16 20 8 8 8 9 16 1
split_gain=0.00102321 0.00194758 0.000833705 0.00151652 0.00220063 0.00133947 0.00129991 0.0013029 0.00170917 0.00155525 0.00138539 0.00243153 0.00136247 0.00183413 0.00181976 0.00172563 0.001816 0.00181167 0.00222311 0.00191792 0.00157959 0.00144159 0.00137561 0.00175874 0.0013205 0.00163324 0.00131943 0.00268696 0.00251681 0.00220931
threshold=1.0000000180025095e-35 0.070312500000000014 1.0000000180025095e-35 0.0078125000000000017 0.052400270453008796 0 0.16406250000000003 0.38235294117647062 0.35159761643159942 0.070312500000000014 0.15364583333333334 0.29888286581140178 0.059895833333333336 0.17545638945233269 0.32319281828654317 0.09279918864097364 0.44566508779923081 0.49264705882352944 0.059895833333333336 0.13286004056795134 0.58242159008023353 0.48335966612514275 12.500000000000002 0.5513258104366211 0.11960370671186522 0.13717356468570385 0.1168743981058822 0.88366156090444947 11.500000000000002 0.033854166666666671
decision_type=2 2 2 2 2 1 2 2 2 2 2 2 2 2 2 2 2 2 2 2 2 2 2 2 2 2 2 2 2 2
left_child=2 -2 3 4 -1 -4 7 8 10 -10 11 12 13 26 -14 -16 17 18 19 24 -18 -15 23 -22 -17 -26 27 28 -5 -29
right_child=1 -3 5 6 -6 -7 -8 -9 9 -11 -12 -13 14 21 15 16 20 -19 -20 -21 22 -23 -24 -25 25 -27 -28 29 -30 -31
leaf_value=-2.1798255606906752e-05 -0.00015051190126476243 0.00015846731913647354 2.5957765328165838e-05 0.00013346883511017245 -0.00031322074941941364 -2.885043750248781e-05 -0.0001195152643363089 0.00014694944808119474 -0.00029533160117792398 -2.1861031922335556e-05 -0.00016932326640955019 0.0003798660664103602 0.00039278912270385402 -0.00029631894580372804 -0.00023101516391262043 0.00038470069661819631 -1.6445043740025364e-05 -0.0001240069376655192 -5.51385878308074e-05 0.00057444805956460582 0.00034488916878361536 -4.08394487872551e-05 5.3711398778727373e-05 -1.6656774997712836e-05 -9.2711756876378914e-05 0.0003006339430336816 7.7063329038463811e-05 -6.8483169045482976e-06 -1.4076631740336986e-05 -0.0004980003624186196
leaf_weight=347 91 23 570 133 25 1303 55 80 27 61 31 18 14.999999999999998 22 18 25 224 15.999999999999998 21 17 37 206 168 18 19 19 337 15.999999999999998 478 17
leaf_count=347 91 23 570 133 25 1303 55 80 27 61 31 18 15 22 18 25 224 16 21 17 37 206 168 18 19 19 337 16 478 17
internal_value=5.41885e-07 -8.81731e-05 2.88137e-06 1.44005e-05 -4.13839e-05 -1.21864e-05 2.4387e-05 2.82993e-05 2.3414e-05 -0.000105769 2.95425e-05 3.29224e-05 2.94643e-05 1.11538e-05 6.65453e-05 5.81363e-05 6.73649e-05 0.000172585 0.000219571 0.000291682 3.98238e-05 -6.54922e-05 9.63447e-05 0.000226567 0.000215372 0.000103964 2.89675e-05 3.79931e-06 1.80406e-05 -0.000259873
internal_weight=4437 114 4323 2450 372 1873 2078 2023 1943 88 1855 1824 1806 1209 597 582 564 117 101 80 447 228 223 55 63 38 981 644 611 33
internal_count=4437 114 4323 2450 372 1873 2078 2023 1943 88 1855 1824 1806 1209 597 582 564 117 101 80 447 228 223 55 63 38 981 644 611 33
cat_boundaries=0 1
cat_threshold=322
is_linear=0
shrinkage=0.03


Tree=231
num_leaves=31
num_cat=1
split_feature=15 17 17 8 12 7 1 5 17 19 0 2 5 17 7 5 0 10 8 1 0 5 1 5 0 10 6 6 17 6
split_gain=0.000962734 0.00209528 0.00131797 0.00088803 0.000784461 0.00168586 0.00142689 0.00207057 0.00112187 0.00125016 0.00211657 0.00238528 0.00313341 0.00302401 0.00257225 0.00315202 0.00205089 0.0013342 0.00190279 0.00135414 0.0012822 0.00127399 0.00208239 0.00147709 0.00118897 0.00106414 0.00118577 0.00123619 0.00228969 0.00197861
threshold=1.0000000180025095e-35 0.32570922397320157 0.28393328227384912 0.093489381430176807 1.0000000180025095e-35 0.24899844287090053 0.0078125000000000017 0.052400270453008796 0.18287805293166545 0 0.39901254266984126 0.018229166666666668 0.082995267072346182 0.33490766743255901 0.033308946083840184 0.087390128465179198 0.29573446711830759 0.68301270189221941 0.10494867527518857 0.023437500000000003 0.28737119774593961 0.11578769438810006 0.033854166666666671 0.12457741717376607 0.41876820771680739 0.93301270189221952 0.21787360105332459 0.26384872080088989 0.33116330525061705 0.27603686635944708
decision_type=2 2 2 2 2 2 2 2 2 1 2 2 2 2 2 2 2 2 2 2 2 2 2 2 2 2 2 2 2 2
left_child=4 2 -2 -4 6 -6 7 -1 -8 10 11 13 16 14 20 -16 -13 18 -14 -20 -10 -12 24 -24 -23 26 -25 28 -28 -29
right_child=1 -3 3 -5 5 -7 8 -9 9 -11 21 12 17 -15 15 -17 -18 -19 19 -21 -22 22 23 25 -26 -27 27 29 -30 -31
leaf_value=-2.1144309871725108e-05 1.3739943991931111e-05 0.00020205534464793321 -0.00013131968250065194 -0.00036154304220767337 -8.7182638217650139e-06 -0.00027288406565428137 -9.4403987620975667e-05 -0.00030382450044813428 0.00025495091143904147 4.6994752826030902e-05 -0.00022242483667542302 5.6791842536928543e-05 -0.00014515118760152944 -0.00019818987452188452 0.00064971704417175194 0.0001630799353310011 -0.00027003373666439543 0.00028333651778541028 0.00030826622593522671 3.3963992562887526e-05 -9.9413355253088535e-05 0.00032893291434236749 -0.00025506214119528975 -0.00027907918467774391 4.8556834565939021e-05 -0.00018044889315258798 0.00041178786660900693 -0.00032078360894101794 -2.3056542142552952e-06 -1.0165114278932724e-05
leaf_weight=347 32 19 38 25 1851 22 70 25 17 1200 32 27 33 15.999999999999998 23 25 48 26 25 46 20 19 30 14.999999999999998 48 41 17 20 41 239
leaf_count=347 32 19 38 25 1851 22 70 25 17 1200 32 27 33 16 23 25 48 26 25 46 20 19 30 15 48 41 17 20 41 239
internal_value=5.25436e-07 -8.55279e-05 -0.000143046 -0.000222682 2.79473e-06 -1.18213e-05 1.39685e-05 -4.01424e-05 2.36554e-05 2.7771e-05 -1.34406e-06 6.08296e-05 2.03798e-06 0.000180158 0.000251378 0.000396269 -0.000152377 9.11242e-05 4.30689e-05 0.000130552 6.34051e-05 -3.92695e-05 -2.6799e-05 -5.25467e-05 0.00012807 -3.62579e-05 -1.84507e-05 -6.11731e-06 0.000119072 -3.41522e-05
internal_weight=4437 114 95 63 4323 1873 2450 372 2078 2008 808 306 205 101 85 48 75 130 104 71 37 502 470 403 67 373 332 317 58 259
internal_count=4437 114 95 63 4323 1873 2450 372 2078 2008 808 306 205 101 85 48 75 130 104 71 37 502 470 403 67 373 332 317 58 259
cat_boundaries=0 1
cat_threshold=368
is_linear=0
shrinkage=0.03


Tree=232
num_leaves=31
num_cat=2
split_feature=15 17 17 8 11 19 6 7 3 4 1 7 7 9 0 7 11 7 0 1 19 8 3 2 12 0 6 10 3 0
split_gain=0.000905907 0.00197145 0.00124008 0.000835549 0.000753314 0.00097029 0.00341159 0.00321609 0.00154554 0.00169294 0.00189923 0.00185692 0.00334849 0.00230547 0.00171183 0.00245226 0.00102821 0.00130681 0.00319343 0.00227074 0.00165283 0.00202639 0.0018177 0.0015015 0.00141632 0.00185685 0.00197905 0.00159737 0.00107053 0.00179261
threshold=1.0000000180025095e-35 0.32570922397320157 0.28393328227384912 0.093489381430176807 0.93301270189221952 0 0.2824884792626729 0.098703409235773101 0.065104166666666671 0.018229166666666668 0.0078125000000000017 0.053878726895501002 0.049184323483876809 0.57330415754923425 0.37917885433686971 0.031283141932301375 0.6830127018922193 0.053878726895501002 0.41741515485649366 0.059895833333333336 1 0.13717356468570385 0.085937500000000014 0.028645833333333336 0.87837969732492682 0.47556016327877837 0.23572223105037346 0.25000000000000011 0.023437500000000003 0.08076589754599578
decision_type=2 2 2 2 2 1 2 2 2 2 2 2 2 2 2 2 2 2 2 2 1 2 2 2 2 2 2 2 2 2
left_child=4 2 -2 -4 5 6 8 -8 9 10 -1 12 13 -11 15 -12 -7 24 19 23 22 -22 -20 -19 25 26 28 -26 29 -18
right_child=1 -3 3 -5 -6 16 7 -9 -10 11 14 -13 -14 -15 -16 -17 17 18 20 -21 21 -23 -24 -25 27 -27 -28 -29 -30 -31
leaf_value=4.7934931301337086e-05 1.3327754274405468e-05 0.00019599400101885653 -0.00012738019950669634 -0.00035069718465265923 -3.2514650574934108e-05 4.1059533336194879e-06 -2.5604248011836177e-05 -0.00061819198795579316 -0.00022823752317820974 0.00021678952666000437 -5.3411527142883158e-05 0.00017274712917563653 -0.00041833358994572135 -8.0785208727314451e-05 2.1619131981106163e-05 -0.00053809733329109586 -4.5862880779323264e-05 0.00023155671358092084 9.5762645793773443e-06 1.5709524578492917e-05 0.00042192632784711646 7.5476446101890325e-05 -0.00031157502500704713 0.00061966466111506018 2.1132181357663215e-05 -0.00024335293312107044 0.00022308514144506823 0.00033938568553294545 -0.00025820693325971812 0.00021706545431492524
leaf_weight=51 32 19 38 25 485 2809 15.999999999999998 17 27 42 17 80 15.999999999999998 53 20 21 172 17 96 17 17 143 19 19 40 31 32 22 17 27
leaf_count=51 32 19 38 25 485 2809 16 17 27 42 17 80 16 53 20 21 172 17 96 17 17 143 19 19 40 31 32 22 17 27
internal_value=5.12848e-07 -8.29622e-05 -0.000138755 -0.000216002 2.71415e-06 7.16595e-06 -3.90914e-05 -0.000330886 -1.08387e-05 8.72787e-06 -8.56093e-05 6.25644e-05 -1.68474e-05 5.0775e-05 -0.000203035 -0.000321271 1.20318e-05 4.54904e-05 8.82421e-05 0.000301466 4.7147e-05 0.000105684 -4.00069e-05 0.000436403 4.36844e-06 -2.44533e-05 2.91005e-06 0.000134064 -2.97094e-05 -1.01883e-05
internal_weight=4437 114 95 63 4323 3838 360 33 327 300 109 191 111 95 58 38 3478 669 328 53 275 160 115 36 341 279 248 62 216 199
internal_count=4437 114 95 63 4323 3838 360 33 327 300 109 191 111 95 58 38 3478 669 328 53 275 160 115 36 341 279 248 62 216 199
cat_boundaries=0 1 2
cat_threshold=16 840
is_linear=0
shrinkage=0.03


Tree=233
num_leaves=31
num_cat=2
split_feature=15 17 17 17 12 7 1 5 4 5 17 17 9 17 17 7 7 18 18 19 19 17 17 16 5 20 5 1 2 17
split_gain=0.000852369 0.00185494 0.00116679 0.000779003 0.000745365 0.00156149 0.00131167 0.00196145 0.00120032 0.00122592 0.00157083 0.00152792 0.00129987 0.00123176 0.00123105 0.00120272 0.00217017 0.00120168 0.00120055 0.00105791 0.00103717 0.0016436 0.00210146 0.00176905 0.00175009 0.00171193 0.00234198 0.0027751 0.00137705 0.00129984
threshold=1.0000000180025095e-35 0.32570922397320157 0.28393328227384912 0.30188479923938988 1.0000000180025095e-35 0.24899844287090053 0.0078125000000000017 0.052400270453008796 0.16406250000000003 0.38235294117647062 0.34457082155884028 0.34665134882137699 0.57330415754923425 0.18287805293166545 0.20913113777550851 0.11227999405523552 0.12201822244818451 0.5102941176470589 0.48088235294117648 0 1 0.32079294792226054 0.32622428205782822 27.500000000000004 0.11578769438810006 0.26514453187980547 0.074442190669371203 0.028645833333333336 0.033854166666666671 0.40471732902164365
decision_type=2 2 2 2 2 2 2 2 2 2 2 2 2 2 2 2 2 2 2 1 1 2 2 2 2 2 2 2 2 2
left_child=4 2 -2 -4 6 20 7 -1 9 10 13 12 -12 -8 -15 17 -17 -16 -10 -13 21 23 -23 -6 -24 -25 -27 -28 -26 -22
right_child=1 -3 3 -5 5 -7 8 -9 18 -11 11 19 -14 14 15 16 -18 -19 -20 -21 29 22 24 25 28 26 27 -29 -30 -31
leaf_value=-1.9864889535134271e-05 1.292793514451732e-05 0.00019011449606922976 -0.00038304868532130723 -0.00014538614852355869 8.1014587838991826e-06 -0.00026286293262807388 -0.00010267087762301181 -0.00029499504739343151 -0.00023879096647543057 0.0001416628297510154 -0.00042183064828221057 -9.2349201776570393e-05 -3.3105703956823087e-05 0.00024136900727609071 3.432681092233038e-05 0.000431002262821993 5.9961996205206358e-05 -0.00017980641959301267 4.3827834120852601e-05 1.8014604702239214e-05 -2.9586785546612701e-05 -0.0003008594147735541 0.00018997084052325058 0.00043575707965055909 -0.0002832886022100799 -0.00018348016128191046 0.00054150207459148817 0.00010334448200819089 -1.4731644767896689e-05 0.00012795417969628406
leaf_weight=347 32 19 17 46 214 22 56 25 31 80 16.000000000000004 100 14.999999999999998 27 1366 19 56 24 24 264 1238 25 33 15.999999999999998 20 21 14.999999999999998 98 122 49
leaf_count=347 32 19 17 46 214 22 56 25 31 80 16 100 15 27 1366 19 56 24 24 264 1238 25 33 16 20 21 15 98 122 49
internal_value=4.97459e-07 -8.04734e-05 -0.000134592 -0.000209522 2.63273e-06 -1.16144e-05 1.35245e-05 -3.83556e-05 2.2812e-05 2.65715e-05 2.18327e-05 -3.15665e-05 -0.000233745 3.54585e-05 4.06431e-05 3.69435e-05 0.000153963 3.06294e-05 -0.000115468 -1.43474e-05 -8.62806e-06 2.50662e-05 -4.35792e-05 6.34722e-05 -6.82341e-06 0.000142467 0.000107444 0.000161511 -5.25583e-05 -2.34068e-05
internal_weight=4437 114 95 63 4323 1873 2450 372 2078 2023 1943 395 31 1548 1492 1465 75 1390 55 364 1851 564 200 364 175 150 134 113 142 1287
internal_count=4437 114 95 63 4323 1873 2450 372 2078 2023 1943 395 31 1548 1492 1465 75 1390 55 364 1851 564 200 364 175 150 134 113 142 1287
cat_boundaries=0 1 2
cat_threshold=176 322
is_linear=0
shrinkage=0.03


Tree=234
num_leaves=31
num_cat=1
split_feature=15 1 11 7 17 17 4 17 0 4 19 6 7 3 4 1 7 7 0 7 18 11 8 3 1 16 7 1 8 16
split_gain=0.000801893 0.001775 0.000690084 0.00091985 0.00124629 0.00256024 0.00148143 0.00133502 0.00103169 0.00104097 0.000894686 0.00318124 0.00300626 0.00144827 0.00158432 0.00180487 0.0017475 0.00315173 0.00160652 0.00230345 0.00112486 0.00112504 0.00103585 0.00109703 0.00195495 0.000998429 0.00164068 0.00099151 0.00100233 0.00206983
threshold=1.0000000180025095e-35 0.070312500000000014 0.93301270189221952 0.11470218836877218 0.22423623521402439 0.301102033869458 0.065104166666666671 0.17279380478257175 0.39594411674465352 0.065104166666666671 0 0.2824884792626729 0.10036056523027932 0.065104166666666671 0.018229166666666668 0.0078125000000000017 0.053878726895501002 0.049184323483876809 0.37917885433686971 0.031283141932301375 0.48382352941176471 1.0000000180025095e-35 0.45124786281757862 0.16927083333333334 0.10156250000000001 22.500000000000004 0.03766259298495573 0.23697916666666669 0.23702998767234346 26.500000000000004
decision_type=2 2 2 2 2 2 2 2 2 2 1 2 2 2 2 2 2 2 2 2 2 2 2 2 2 2 2 2 2 2
left_child=2 -2 10 4 7 6 -6 -4 -9 -10 11 13 -13 14 15 -1 17 25 19 -17 21 -18 23 27 -25 -16 -27 28 -12 -30
right_child=1 -3 3 -5 5 -7 -8 8 9 -11 22 12 -14 -15 16 18 20 -19 -20 -21 -22 -23 -24 24 -26 26 -28 -29 29 -31
leaf_value=4.7542330689073211e-05 -0.00013757201340894236 0.00015739993503465673 -2.7558338468266367e-05 -0.00016897059093367981 -0.00039573452075175451 -6.01725826122861e-06 -0.00010273126726681487 -1.092070167951654e-05 0.00046046739276945552 0.00011259346478232208 8.9392934081640406e-06 -4.1581505468469856e-05 -0.00061451179691254581 -0.00022076900278229366 -5.5438131894527696e-05 -5.2049543063687284e-05 0.00047126769132851157 -0.00040584886326403881 2.0521029048265857e-05 -0.00052179967227827069 4.631325695239573e-05 0.00015379870849020698 0.00020016029438462088 -0.00031367673067322503 1.584747101272454e-05 0.00030002329545210246 -4.0874840380248858e-05 -0.00023084797967034345 -0.00014293882476080957 0.00010567222217202804
leaf_weight=51 91 23 53 40 25 280 41 14.999999999999998 16.000000000000004 14.999999999999998 3116 17 15.999999999999998 27 44 17 15.999999999999998 15.999999999999998 20 21 37 27 26 26 43 27 24 14.999999999999998 35 217
leaf_count=51 91 23 53 40 25 280 41 15 16 15 3116 17 16 27 44 17 16 16 20 21 37 27 26 26 43 27 24 15 35 217
internal_value=4.77507e-07 -7.80593e-05 2.54858e-06 -3.11693e-05 -1.87824e-05 -4.56377e-05 -0.000213722 7.50751e-05 0.000193325 0.00029215 6.80945e-06 -3.76083e-05 -0.000319376 -1.03222e-05 8.6187e-06 -8.2642e-05 6.06996e-05 -1.63371e-05 -0.000197113 -0.000311655 0.000167587 0.000271935 1.14822e-05 1.00943e-05 -0.000108324 4.92685e-05 0.000139603 1.25096e-05 1.35935e-05 7.11425e-05
internal_weight=4437 114 4323 485 445 346 66 99 46 31 3838 360 33 327 300 109 191 111 58 38 80 43 3478 3452 69 95 51 3383 3368 252
internal_count=4437 114 4323 485 445 346 66 99 46 31 3838 360 33 327 300 109 191 111 58 38 80 43 3478 3452 69 95 51 3383 3368 252
cat_boundaries=0 1
cat_threshold=16
is_linear=0
shrinkage=0.03


Tree=235
num_leaves=31
num_cat=1
split_feature=8 0 8 8 17 3 18 16 8 8 6 16 4 18 7 6 4 8 0 17 6 19 4 6 3 4 3 8 18 3
split_gain=0.00112861 0.0021803 0.00222326 0.00192541 0.00365343 0.00202017 0.00175475 0.00163547 0.0013076 0.00277604 0.00233136 0.00221904 0.00230642 0.00333439 0.0033464 0.00220541 0.00176614 0.00172779 0.00164755 0.00244431 0.00161658 0.00157426 0.00176207 0.00179191 0.00149021 0.00173545 0.0017433 0.00172098 0.00164546 0.00148857
threshold=0.14331531426208988 0.37258187964270556 0.14517803960434378 0.13293229993885244 0.26308399285167228 0.023437500000000003 0.49264705882352944 27.500000000000004 0.20477481889322038 0.22614163575611029 0.307373271889401 10.500000000000002 0.065104166666666671 0.49264705882352944 0.050941457115441471 0.34147465437788027 0.22656250000000003 0.18579397213266124 0.47151883933976957 0.29150710577823175 0.27050691244239639 0 0.12760416666666669 0.67235023041474673 0.044270833333333336 0.049479166666666671 0.14322916666666669 0.39289398748602838 0.45735294117647063 0.091145833333333343
decision_type=2 2 2 2 2 2 2 2 2 2 2 2 2 2 2 2 2 2 2 2 2 1 2 2 2 2 2 2 2 2
left_child=3 7 -3 -1 -5 -6 -7 -2 10 -10 11 -4 13 14 -13 17 21 -12 19 -16 -15 -11 23 24 -23 27 28 -26 -27 -17
right_child=1 2 8 4 5 6 -8 -9 9 16 15 12 -14 20 18 29 -18 -19 -20 -21 -22 22 -24 -25 25 26 -28 -29 -30 -31
leaf_value=-6.9832066551838769e-06 0.00046003744773267228 0.0002748597126963264 0.0001664329149883069 -0.00047597431273834964 0.00017628461050470936 -4.5003225617226259e-05 -0.0002724314533163421 0.00010521880262499513 -0.00015369508127701599 3.6397156020653832e-05 9.187311502283546e-05 0.00014020849635121521 -0.00033188069870426079 0.00037666450540964997 5.4977759289273449e-05 9.8057963449022087e-05 0.00027963424933892962 0.00054004099789037622 3.5604415511865551e-06 -0.00037705523266227123 -1.6860403019447785e-05 -0.00021835577515034782 -0.00028508680468374866 -0.00025993286161650405 -0.00024911746307147584 0.00037746882982870206 -0.00017166092111545157 0.00010038876865593246 8.0032417374845171e-05 2.3235636752138883e-07
leaf_weight=2581 14.999999999999998 28 36 21 28 129 40 53 124 319 16.000000000000004 33 30 21 14.999999999999998 278 20 14.999999999999998 24 55 17 25 29 28 32 22 18 21 70 282
leaf_count=2581 15 28 36 21 28 129 40 53 124 319 16 33 30 21 15 278 20 15 24 55 17 25 29 28 32 22 18 21 70 282
internal_value=-2.66682e-06 1.72114e-05 9.9538e-06 -1.42145e-05 -9.98288e-05 -5.97299e-05 -9.88337e-05 0.000183493 5.10567e-06 -2.47779e-05 3.08448e-05 -4.99675e-05 -8.99189e-05 -4.59242e-05 -0.000119694 6.24313e-05 2.5952e-06 0.000308739 -0.000210936 -0.000284477 0.000200618 -7.22936e-06 -6.2949e-05 -3.60381e-05 -2.69085e-06 3.03877e-05 9.83352e-05 -0.000110635 0.000151162 4.87959e-05
internal_weight=4425 1626 1558 2799 218 197 169 68 1530 708 822 231 195 165 127 591 584 31 94 70 38 564 245 216 188 163 110 53 92 560
internal_count=4425 1626 1558 2799 218 197 169 68 1530 708 822 231 195 165 127 591 584 31 94 70 38 564 245 216 188 163 110 53 92 560
cat_boundaries=0 1
cat_threshold=103
is_linear=0
shrinkage=0.03


Tree=236
num_leaves=31
num_cat=1
split_feature=8 20 8 8 17 16 6 1 8 8 8 19 20 17 9 6 9 6 4 11 18 7 6 2 20 8 9 6 4 17
split_gain=0.00106238 0.00205128 0.00209176 0.00181162 0.00343752 0.00153882 0.00142585 0.00142436 0.00138716 0.00278951 0.00194631 0.00175655 0.00180595 0.00170751 0.00178524 0.00170389 0.00163159 0.00260551 0.00461209 0.00254976 0.00135795 0.00213654 0.0013093 0.0012929 0.00152649 0.00196164 0.00122847 0.00119202 0.00116342 0.00286112
threshold=0.14331531426208988 0.37258187964270556 0.14517803960434378 0.13293229993885244 0.26308399285167228 27.500000000000004 0.3728110599078342 0.013020833333333334 0.20477481889322038 0.22614163575611029 0.19010694606400499 0 0.49630345877563281 0.25582268860463825 0.41320204230488705 0.52764976958525367 0.64004376367614901 0.4806451612903227 0.10156250000000001 1.0000000180025095e-35 0.49264705882352944 0.073925378384792365 0.67235023041474673 0.054687500000000007 0.452818509754082 0.15723101739870424 0.52954048140043775 0.38387096774193558 0.12760416666666669 0.28818823929878318
decision_type=2 2 2 2 2 2 2 2 2 2 2 1 2 2 2 2 2 2 2 2 2 2 2 2 2 2 2 2 2 2
left_child=3 5 -3 -1 -5 -2 20 -4 10 28 16 12 -11 -12 -15 -16 19 18 -18 -9 -6 -22 -13 27 -25 -26 -7 -21 29 -10
right_child=1 2 7 4 6 26 -8 8 9 11 13 22 -14 14 15 -17 17 -19 -20 23 21 -23 -24 24 25 -27 -28 -29 -30 -31
leaf_value=-6.7737112171958725e-06 0.00044623723308986706 0.00026661421813147667 -0.00027660233795547511 -0.00046169576270371055 1.3761884407266144e-05 0.00026082410577990875 -0.00030496584278088819 0.00014473350598359652 -0.0004824476969700258 0.00019940114732829169 0.00034374944950647682 -3.0926670604018518e-05 1.7564994879581773e-05 -0.00020895252530856635 0.00021151840070573916 9.7516044570196888e-06 -6.4349542906696314e-05 0.00010561743362658371 -0.00059869069990634276 0.00016122997021280968 -0.00040493724643915903 2.8311463463057232e-05 -0.00023947310935005205 -0.00030690247759217952 0.00023334644406909923 -7.520940139366965e-05 -2.9331249299262526e-05 -0.0001416867558536637 -6.4175890528457165e-06 -0.0001031439257414707
leaf_weight=2581 14.999999999999998 28 15.999999999999998 21 137 24 19 148 25 60 26 215 272 17 79 72 159 68 15.999999999999998 53 20 21 31 20 22 118 29 14.999999999999998 35 63
leaf_count=2581 15 28 16 21 137 24 19 148 25 60 26 215 272 17 79 72 159 68 16 53 20 21 31 20 22 118 29 15 35 63
internal_value=-2.58435e-06 1.67018e-05 9.6622e-06 -1.37881e-05 -9.6834e-05 0.000177989 -5.7938e-05 4.95964e-06 7.93538e-06 -2.29895e-05 3.46e-05 4.61728e-06 4.8953e-05 0.000117513 8.24988e-05 0.000115312 8.61408e-06 -5.19718e-05 -0.000113207 4.77694e-05 -3.15683e-05 -0.000183034 -5.49731e-05 -1.51726e-05 -6.17452e-05 -2.67207e-05 0.000102062 9.4409e-05 -0.000152718 -0.000210905
internal_weight=4425 1626 1558 2799 218 68 197 1530 1514 701 813 578 332 194 168 151 619 243 175 376 178 41 246 228 160 140 53 68 123 88
internal_count=4425 1626 1558 2799 218 68 197 1530 1514 701 813 578 332 194 168 151 619 243 175 376 178 41 246 228 160 140 53 68 123 88
cat_boundaries=0 1
cat_threshold=103
is_linear=0
shrinkage=0.03


Tree=237
num_leaves=31
num_cat=2
split_feature=8 20 8 8 17 3 18 9 3 1 8 8 19 4 20 9 17 20 1 19 20 7 3 5 18 7 4 6 7 5
split_gain=0.000999592 0.00193005 0.00196814 0.00170456 0.00323438 0.00187133 0.0015632 0.00140672 0.00143486 0.00134018 0.00130518 0.00262465 0.00190361 0.00340426 0.00248207 0.00238501 0.00238296 0.0019865 0.00194649 0.00165274 0.00169922 0.00164449 0.00217567 0.00336013 0.00151028 0.00173919 0.00167584 0.00193528 0.00135934 0.00127444
threshold=0.14331531426208988 0.37258187964270556 0.14517803960434378 0.13293229993885244 0.26308399285167228 0.023437500000000003 0.49264705882352944 0.6433260393873087 0.049479166666666671 0.013020833333333334 0.20477481889322038 0.22614163575611029 0 0.096354166666666671 0.39054903600795815 0.6433260393873087 0.27311395361803403 0.43144704750910573 0.065104166666666671 1 0.49630345877563281 0.10698939372466877 0.065104166666666671 0.23225152129817445 0.50735294117647067 0.10370144050200945 0.028645833333333336 0.26682027649769591 0.12201822244818451 0.12237998647734956
decision_type=2 2 2 2 2 2 2 2 2 2 2 2 1 2 2 2 2 2 2 1 2 2 2 2 2 2 2 2 2 2
left_child=3 7 -3 -1 -5 -6 -7 8 -2 -4 12 -12 13 15 -14 -11 17 -16 -17 20 -13 24 -23 -24 25 26 -18 -28 -25 -21
right_child=1 2 9 4 5 6 -8 -9 -10 10 11 19 14 -15 16 18 21 -19 -20 29 -22 22 23 28 -26 -27 27 -29 -30 -31
leaf_value=-6.570500036312416e-06 7.7764092296518379e-05 0.00025861607133728008 -0.00026830478812858385 -0.00044784555591935189 0.00017095407619975575 -4.3028282289602184e-05 -0.00025768463798395348 -4.647438753255895e-05 0.00040415164740248909 0.00010557102852054481 -0.00014813660832013723 0.00019341921492323547 -0.00032471357958538947 -0.00047608896934902667 0.00046532108994010564 -0.00026167949521782368 -0.0001981175157780602 0.00013302015842128894 6.1887291924968843e-05 0.00015712251946367969 1.7038046339387082e-05 0.00030601528925642809 -0.00036318499520922667 0.00025315328454850715 -0.00016854708308813892 -0.00025918101375796009 0.00032085205516502619 4.05004921286965e-05 7.1907156763722237e-06 -7.7420995223412647e-05
leaf_weight=2581 22 28 15.999999999999998 21 28 129 40 19 27 73 123 60 14.999999999999998 15.999999999999998 20 44 24 85 27 23 272 43 14.999999999999998 39 39 18 24 289 42 223
leaf_count=2581 22 28 16 21 28 129 40 19 27 73 123 60 15 16 20 44 24 85 27 23 272 43 15 39 39 18 24 289 42 223
internal_value=-2.50683e-06 1.62007e-05 9.37232e-06 -1.33745e-05 -9.39292e-05 -5.62e-05 -9.38357e-05 0.000172649 0.000257615 4.81083e-06 7.6973e-06 -2.22999e-05 3.3562e-05 -5.73776e-05 5.58675e-05 -1.48357e-05 6.56915e-05 0.000196319 -0.000138634 4.47876e-06 4.74844e-05 3.99577e-05 0.000128676 4.92402e-05 8.65838e-06 2.81264e-05 4.3473e-05 6.19981e-05 0.000125619 -5.33239e-05
internal_weight=4425 1626 1558 2799 218 197 169 68 49 1530 1514 701 813 160 653 144 638 105 71 578 332 533 139 96 394 355 337 313 81 246
internal_count=4425 1626 1558 2799 218 197 169 68 49 1530 1514 701 813 160 653 144 638 105 71 578 332 533 139 96 394 355 337 313 81 246
cat_boundaries=0 1 2
cat_threshold=68 103
is_linear=0
shrinkage=0.03


Tree=238
num_leaves=31
num_cat=1
split_feature=19 3 6 17 2 6 7 16 6 0 10 17 0 1 0 2 6 17 15 18 12 17 16 16 5 7 10 6 17 2
split_gain=0.000733836 0.00144971 0.0017649 0.00139726 0.00134155 0.00127918 0.00120635 0.00418718 0.00226093 0.0030949 0.00222856 0.00207167 0.00166844 0.002292 0.00190464 0.00262052 0.002191 0.00182615 0.00106279 0.00105382 0.000982054 0.000918624 0.000892465 0.00445435 0.0021577 0.00211224 0.00149012 0.00190783 0.00146999 0.00298511
threshold=0 0.12760416666666669 0.49631336405529963 0.54246447110884188 0.11718750000000001 0.62811059907834121 0.085254260469666679 2.5000000000000004 0.28064516129032263 0.452818509754082 -0.5 0.36782929699306594 0.48998056559818987 0.049479166666666671 0.52464050029776299 0.096354166666666671 0.37741935483870975 0.22878903923070382 1.0000000180025095e-35 0.48088235294117648 1.0000000180025095e-35 0.30903752872095996 25.500000000000004 29.500000000000004 0.03914807302231238 0.08223428479567764 1.0000000180025095e-35 0.14668679485142225 0.32306906777164635 0.054687500000000007
decision_type=1 2 2 2 2 2 2 2 2 2 2 2 2 2 2 2 2 2 2 2 2 2 2 2 2 2 2 2 2 2
left_child=1 18 -3 6 20 -6 11 -8 10 -10 19 22 13 -11 15 16 -14 -16 -1 -9 -4 -7 25 24 -24 -2 27 -25 -28 -30
right_child=3 2 4 -5 5 21 7 8 9 12 -12 -13 14 -15 17 -17 -18 -19 -20 -21 -22 -23 23 26 -26 -27 28 -29 29 -31
leaf_value=2.4999161325428401e-05 1.0388236970065079e-05 -0.00029755785016920467 -3.9524247958974232e-05 -0.00028377555958888548 -0.00031901515471363174 -0.00014587869817445789 -0.00037852110284915475 0.00022911516566536839 -0.00031924095068885992 -5.5029558683808537e-05 0.00040762648962405573 -0.0002287519829244588 -0.00019890649960436027 0.00036093530319468708 -0.0002427485866466188 -0.00044057395806383566 0.00019084175402212666 9.103427649040728e-05 -0.00012282523217414242 -9.6003939749556434e-05 0.00019041447327119106 8.0998240688713005e-05 -1.2657584218487864e-06 -2.2394743848409764e-05 -0.00034382255642692431 -0.00026871993487391553 -1.3235695410258925e-05 0.00014626840566220691 -0.00018861103004517331 6.147829235607122e-05
leaf_weight=1603 1020 26 35 17 20 36 21 17 22 19 30 42 27 32 15.999999999999998 17 25 189 45 19 32 29 23 150 59 25 530 101 135 63
leaf_count=1603 1020 26 35 17 20 36 21 17 22 19 30 42 27 32 16 17 25 189 45 19 32 29 23 150 59 25 530 101 135 63
internal_value=-2.43162e-06 1.21113e-05 -6.91575e-05 -1.26471e-05 -3.00873e-05 -0.000109215 -1.09108e-05 3.47088e-05 5.57214e-05 2.51088e-05 0.000216667 -2.01282e-05 4.84195e-05 0.00020597 1.90938e-05 -0.000117239 -1.15275e-05 6.49819e-05 2.09626e-05 5.75266e-05 7.02984e-05 -4.4657e-05 -1.59675e-05 -3.53491e-05 -0.000247741 3.71076e-06 -1.75591e-05 4.5474e-05 -3.92917e-05 -0.000109037
internal_weight=4425 1826 178 2599 152 85 2582 434 413 347 66 2148 325 51 274 69 52 205 1648 36 67 65 2106 1061 82 1045 979 251 728 198
internal_count=4425 1826 178 2599 152 85 2582 434 413 347 66 2148 325 51 274 69 52 205 1648 36 67 65 2106 1061 82 1045 979 251 728 198
cat_boundaries=0 1
cat_threshold=106
is_linear=0
shrinkage=0.03


Tree=239
num_leaves=31
num_cat=2
split_feature=8 0 8 8 17 3 18 4 8 19 4 8 16 18 10 3 9 5 3 5 12 19 7 0 7 3 3 3 16 7
split_gain=0.000936459 0.00181101 0.00206025 0.00161791 0.00305182 0.00176353 0.00144564 0.00105283 0.00138674 0.00219249 0.00337558 0.00199976 0.00197189 0.00223012 0.00397135 0.00165233 0.00205792 0.00157991 0.00278435 0.00151097 0.00221751 0.00194721 0.00238791 0.00148032 0.00129831 0.00197749 0.00128838 0.00128376 0.00124318 0.00122213
threshold=0.14331531426208988 0.35235007425931514 0.14517803960434378 0.13293229993885244 0.26308399285167228 0.023437500000000003 0.49264705882352944 0.22656250000000003 0.20477481889322038 0 0.10156250000000001 0.22614163575611029 24.500000000000004 0.4661764705882353 0.25000000000000011 0.091145833333333343 0.47191830780452232 0.24036511156186616 0.033854166666666671 0.12237998647734956 1.0000000180025095e-35 1 0.061859297509648241 0.43051651313122302 0.075870623877683993 0.059895833333333336 0.11718750000000001 0.044270833333333336 23.500000000000004 0.10811401452739054
decision_type=2 2 2 2 2 2 2 2 2 1 2 2 2 2 2 2 2 2 2 2 2 1 2 2 2 2 2 2 2 2
left_child=3 -2 -3 -1 -5 -6 -7 8 9 10 12 -10 -4 14 -14 17 -17 18 -11 20 -13 22 -21 -20 -15 -26 27 -24 -28 -19
right_child=1 2 7 4 5 6 -8 -9 11 15 -12 19 13 24 -16 16 -18 29 23 21 -22 -23 26 -25 25 -27 28 -29 -30 -31
leaf_value=-6.2487698309003022e-06 0.00023571982073025374 0.00026173578517738272 0.00010563991364903277 -0.00043514109841074678 0.00016580508592142269 -4.2385125013771729e-05 -0.00024881200638232832 0.00019966334544551653 -0.00013783341450061598 -4.805595694221417e-05 -0.00042775969641201491 -1.7113496941962129e-05 0.00010984343827095453 -7.855572631273654e-05 -0.00043459904339183378 -0.00016937158230226798 4.7085382114033253e-05 -2.7692156318470766e-05 0.00047958687131724589 -0.00042957598052728097 0.00044704471111015195 2.3138114076778478e-05 -0.00022332599109704479 0.00019409289040020334 0.00028923002090235414 -0.00011670627657581312 1.2500197201211595e-05 4.3218953654072315e-05 -0.00030672733259731082 0.0001784821144499552
leaf_weight=2581 33 29 84 21 28 129 40 25 123 41 19 22 19 72 33 48 224 92 19 18 15.999999999999998 356 20 117 27 18 17 87 31 36
leaf_count=2581 33 29 84 21 28 129 40 25 123 41 19 22 19 72 33 48 224 92 19 18 16 356 20 117 27 18 17 87 31 36
internal_value=-2.35869e-06 1.57485e-05 1.11915e-05 -1.28775e-05 -9.1358e-05 -5.47091e-05 -9.12447e-05 6.54566e-06 3.40847e-06 2.90811e-05 -4.06257e-05 -2.818e-05 -1.31566e-05 -7.22036e-05 -0.00023567 6.1578e-05 8.88661e-06 0.000110587 0.000168651 -4.39252e-06 0.000178328 -1.75183e-05 -9.69163e-05 0.000233981 4.49392e-07 0.000126857 -6.4535e-05 -6.60415e-06 -0.00019367 3.02953e-05
internal_weight=4425 1626 1593 2799 218 197 169 1564 1539 849 272 690 253 169 52 577 272 305 177 567 38 529 173 136 117 45 155 107 48 128
internal_count=4425 1626 1593 2799 218 197 169 1564 1539 849 272 690 253 169 52 577 272 305 177 567 38 529 173 136 117 45 155 107 48 128
cat_boundaries=0 1 2
cat_threshold=85 792
is_linear=0
shrinkage=0.03


Tree=240
num_leaves=31
num_cat=1
split_feature=9 5 0 7 9 18 19 17 17 11 1 12 7 7 0 9 7 1 16 7 17 17 5 0 9 18 0 17 7 0
split_gain=0.000725297 0.00160573 0.00135517 0.000902983 0.00184467 0.000777607 0.000655079 0.00165413 0.00148098 0.00286102 0.00381309 0.00224263 0.00287601 0.00220963 0.00268622 0.00217199 0.00200019 0.00185845 0.00357851 0.00153544 0.00148253 0.00174712 0.001378 0.0013774 0.00137048 0.00136789 0.00286309 0.00174076 0.00253893 0.00224886
threshold=0.10977388767323125 0.12237998647734956 0.39901254266984126 0.052430665001144454 0.089715536105032842 0.40735294117647064 0 0.17279380478257175 0.3128317766059529 0.6830127018922193 0.039062500000000007 -0.60785761079279388 0.083098882524043419 0.052639969885266709 0.57229813476139524 0.61159737417943127 0.12456006935358581 0.028645833333333336 29.500000000000004 0.020441236365108594 0.3161858565228492 0.31966905237705384 0.14638269100743748 0.40714532703290862 0.13785557986870897 0.49264705882352944 0.4724571835247911 0.21453493319717479 0.02611026060480048 0.43144704750910573
decision_type=2 2 2 2 2 2 1 2 2 2 2 2 2 2 2 2 2 2 2 2 2 2 2 2 2 2 2 2 2 2
left_child=1 2 3 -1 -5 -2 7 23 15 11 -11 12 17 -12 -15 25 19 18 -10 -17 -13 22 -22 -7 -23 27 -27 29 -29 -8
right_child=5 -3 -4 4 -6 6 8 -9 9 10 13 20 -14 14 -16 16 -18 -19 -20 -21 21 24 -24 -25 -26 26 -28 28 -30 -31
leaf_value=-1.8833034826190559e-06 0.00014928192106913139 -0.00023825433322170728 0.00024556447691578918 1.0784395477083963e-05 -0.00042930994466611205 -1.6224093448278005e-05 0.00036657522585468164 -1.1219271171008127e-05 0.00032519094843172242 0.00036346697831196958 -0.00015225509452266602 0.00013204096995402589 -5.6532688264698727e-05 0.00021319449116633486 -2.4255201962270102e-06 -0.0001405082806115302 -0.00024719396151535214 0.00019900430734964004 -0.00024502432241165894 6.5208171719697289e-05 -0.00043552004698830263 0.00020934114588916361 -4.1018893363179127e-05 -0.00038351326343342626 -3.2073152345625335e-05 0.00024195573697908222 -9.0970448426563709e-05 -3.5331471936939873e-06 -0.00010072528077770459 7.3578949587021001e-07
leaf_weight=105 32 36 15.999999999999998 20 14.999999999999998 17 20 1245 15.999999999999998 47 35 52 93 104 104 35 21 144 26 487 17 22 14.999999999999998 20 556 47 46 466 503 62
leaf_count=105 32 36 16 20 15 17 20 1245 16 47 35 52 93 104 104 35 21 144 26 487 17 22 15 20 556 47 46 466 503 62
internal_value=-6.28615e-07 -5.76572e-05 -1.59797e-05 -4.5872e-05 -0.000177834 1.95871e-06 8.3621e-07 -1.69617e-05 8.68393e-06 3.37334e-05 0.000116118 8.34367e-06 7.96833e-05 6.82759e-05 0.000105385 -9.54312e-06 3.98658e-05 0.000147791 -2.77969e-05 5.14147e-05 -2.17225e-05 -3.48304e-05 -0.000250605 -0.000214764 -2.2884e-05 -3.29951e-05 7.72834e-05 -4.27534e-05 -5.39848e-05 8.99683e-05
internal_weight=4424 192 156 140 35 4232 4200 1282 2918 1231 290 941 279 243 208 1687 543 186 42 522 662 610 32 37 578 1144 93 1051 969 82
internal_count=4424 192 156 140 35 4232 4200 1282 2918 1231 290 941 279 243 208 1687 543 186 42 522 662 610 32 37 578 1144 93 1051 969 82
cat_boundaries=0 1
cat_threshold=656
is_linear=0
shrinkage=0.03


Tree=241
num_leaves=31
num_cat=1
split_feature=9 5 0 4 2 15 17 19 7 16 18 17 7 3 3 3 3 18 5 7 5 7 7 4 13 17 7 10 17 17
split_gain=0.000682434 0.00151083 0.00127508 0.00113181 0.00125364 0.000799459 0.0012804 0.000768418 0.00297459 0.00126067 0.00163746 0.00215963 0.0021306 0.00211967 0.00178306 0.00215141 0.00229588 0.00151536 0.00244506 0.00169904 0.00167835 0.0013418 0.00345089 0.00233159 0.00278144 0.00197252 0.00181109 0.00167905 0.00136954 0.00157241
threshold=0.10977388767323125 0.12237998647734956 0.39901254266984126 0.028645833333333336 0.028645833333333336 1.0000000180025095e-35 0.32570922397320157 0 0.15278835336889349 9.5000000000000018 0.48676470588235299 0.29028784050660406 0.071197677084720135 0.039062500000000007 0.11718750000000001 0.049479166666666671 0.054687500000000007 0.47794117647058826 0.14097363083164302 0.047593645554304349 0.087390128465179198 0.03766259298495573 0.034936295407687758 0.028645833333333336 -0.22252093395631442 0.32386532033957499 0.052430665001144454 0.25000000000000011 0.29240798288626951 0.29995523328739293
decision_type=2 2 2 2 2 2 2 1 2 2 2 2 2 2 2 2 2 2 2 2 2 2 2 2 2 2 2 2 2 2
left_child=1 2 3 -1 -5 7 -7 8 9 17 14 -12 13 -13 15 21 -17 18 20 -19 -2 22 28 25 27 26 -23 -25 -11 -30
right_child=5 -3 -4 4 -6 6 -8 -9 -10 10 11 12 -14 -15 -16 16 -18 19 -20 -21 -22 23 -24 24 -26 -27 -28 -29 29 -31
leaf_value=1.809654145122896e-05 -2.3257205611419832e-05 -0.00023110689788352924 0.00023819800098682446 -0.00032883666892050486 -2.3760055936327984e-05 -0.00011765088855136145 0.00015099578199202917 1.0461473297264963e-05 -0.00035138910539568704 -0.00024195682864185271 9.8681478432182244e-05 -0.00017710738937636855 -2.924021402588018e-05 -0.00055267013860067294 -0.00029997638958631956 0.00037196057663753569 4.4473652952736048e-05 4.3330996218320729e-06 -0.00027186587058846735 0.00028519438038881263 0.00024704700674015029 -0.00056039638237695779 0.00042770517230242912 -0.00038029407095166998 0.00017348815867323792 1.6199857463937553e-05 -0.00017384807519267947 1.3516575642275419e-05 0.00030285672382103615 -2.4211240860910676e-05
leaf_weight=91 72 36 15.999999999999998 22 27 100 19 3318 24 22 29 38 41 21 18 25 84 36 26 42 29 20 17 19 42 19 24 20 14.999999999999998 112
leaf_count=91 72 36 16 22 27 100 19 3318 24 22 29 38 41 21 18 25 84 36 26 42 29 20 17 19 42 19 24 20 15 112
internal_value=-6.09757e-07 -5.59276e-05 -1.55004e-05 -4.44959e-05 -0.000160737 1.89995e-06 -7.47568e-05 4.11785e-06 -2.221e-05 -1.22508e-05 -3.53376e-05 -0.000129254 -0.000195356 -0.000310789 -7.61374e-06 4.94668e-06 0.000119588 5.14911e-05 -1.24307e-05 0.000155568 5.43566e-05 -3.5363e-05 2.27685e-05 -0.000102375 4.08703e-06 -0.000239253 -0.000349561 -0.000178345 -2.34349e-05 1.44209e-05
internal_weight=4424 192 156 140 49 4232 119 4113 795 771 566 129 100 59 437 419 109 205 127 78 101 310 166 144 81 63 44 39 149 127
internal_count=4424 192 156 140 49 4232 119 4113 795 771 566 129 100 59 437 419 109 205 127 78 101 310 166 144 81 63 44 39 149 127
cat_boundaries=0 1
cat_threshold=528
is_linear=0
shrinkage=0.03


end of trees

feature_importances:
units_sold=914
rolling_std_7=680
rolling_mean_30=605
rolling_mean_7=589
rolling_std_30=508
trend_strength=449
lag_1=427
days_to_holiday=412
seasonality_index=390
acceleration=365
month_cos=330
lag_30=268
anchor=256
lag_14=223
category=215
month_sin=195
lag_7=169
dow_cos=139
dow_sin=102
is_holiday=16
is_weekend=8

parameters:
[boosting: gbdt]
[objective: regression]
[metric: l1]
[tree_learner: serial]
[device_type: cpu]
[data_sample_strategy: bagging]
[data: ]
[valid: ]
[num_iterations: 1000]
[learning_rate: 0.03]
[num_leaves: 31]
[num_threads: 0]
[seed: 42]
[deterministic: 0]
[force_col_wise: 0]
[force_row_wise: 0]
[histogram_pool_size: -1]
[max_depth: -1]
[min_data_in_leaf: 15]
[min_sum_hessian_in_leaf: 0.001]
[bagging_fraction: 0.8]
[pos_bagging_fraction: 1]
[neg_bagging_fraction: 1]
[bagging_freq: 5]
[bagging_seed: 400]
[bagging_by_query: 0]
[feature_fraction: 0.8]
[feature_fraction_bynode: 1]
[feature_fraction_seed: 30056]
[extra_trees: 0]
[extra_seed: 12879]
[early_stopping_round: 0]
[early_stopping_min_delta: 0]
[first_metric_only: 0]
[max_delta_step: 0]
[lambda_l1: 0]
[lambda_l2: 0.001]
[linear_lambda: 0]
[min_gain_to_split: 0]
[drop_rate: 0.1]
[max_drop: 50]
[skip_drop: 0.5]
[xgboost_dart_mode: 0]
[uniform_drop: 0]
[drop_seed: 17869]
[top_rate: 0.2]
[other_rate: 0.1]
[min_data_per_group: 100]
[max_cat_threshold: 32]
[cat_l2: 10]
[cat_smooth: 10]
[max_cat_to_onehot: 4]
[top_k: 20]
[monotone_constraints: ]
[monotone_constraints_method: basic]
[monotone_penalty: 0]
[feature_contri: ]
[forcedsplits_filename: ]
[refit_decay_rate: 0.9]
[cegb_tradeoff: 1]
[cegb_penalty_split: 0]
[cegb_penalty_feature_lazy: ]
[cegb_penalty_feature_coupled: ]
[path_smooth: 0]
[interaction_constraints: ]
[verbosity: -1]
[saved_feature_importance_type: 0]
[use_quantized_grad: 0]
[num_grad_quant_bins: 4]
[quant_train_renew_leaf: 0]
[stochastic_rounding: 1]
[linear_tree: 0]
[max_bin: 255]
[max_bin_by_feature: ]
[min_data_in_bin: 3]
[bin_construct_sample_cnt: 200000]
[data_random_seed: 175]
[is_enable_sparse: 1]
[enable_bundle: 1]
[use_missing: 1]
[zero_as_missing: 0]
[feature_pre_filter: 1]
[pre_partition: 0]
[two_round: 0]
[header: 0]
[label_column: ]
[weight_column: ]
[group_column: ]
[ignore_column: ]
[categorical_feature: 19]
[forcedbins_filename: ]
[precise_float_parser: 0]
[parser_config_file: ]
[objective_seed: 16083]
[num_class: 1]
[is_unbalance: 0]
[scale_pos_weight: 1]
[sigmoid: 1]
[boost_from_average: 1]
[reg_sqrt: 0]
[alpha: 0.9]
[fair_c: 1]
[poisson_max_delta_step: 0.7]
[tweedie_variance_power: 1.5]
[lambdarank_truncation_level: 30]
[lambdarank_norm: 1]
[label_gain: ]
[lambdarank_position_bias_regularization: 0]
[eval_at: ]
[multi_error_top_k: 1]
[auc_mu_weights: ]
[num_machines: 1]
[local_listen_port: 12400]
[time_out: 120]
[machine_list_filename: ]
[machines: ]
[gpu_platform_id: -1]
[gpu_device_id: -1]
[gpu_use_dp: 0]
[num_gpu: 1]

end of parameters

pandas_categorical:[["auto", "bed_bath_table", "computers_accessories", "furniture_decor", "garden_tools", "health_beauty", "housewares", "sports_leisure", "telephony", "watches_gifts"]]
